/home/bk489/federated_clean/.venv/lib/python3.9/site-packages/matplotlib/_fontconfig_pattern.py:64: PyparsingDeprecationWarning: 'oneOf' deprecated - use 'one_of'
  prop = Group((name + Suppress("=") + comma_separated(value)) | oneOf(_CONSTANTS))
/home/bk489/federated_clean/.venv/lib/python3.9/site-packages/matplotlib/_fontconfig_pattern.py:85: PyparsingDeprecationWarning: 'parseString' deprecated - use 'parse_string'
  parse = parser.parseString(pattern)
/home/bk489/federated_clean/.venv/lib/python3.9/site-packages/matplotlib/_fontconfig_pattern.py:89: PyparsingDeprecationWarning: 'resetCache' deprecated - use 'reset_cache'
  parser.resetCache()
/home/bk489/federated_clean/.venv/lib/python3.9/site-packages/matplotlib/_mathtext.py:45: PyparsingDeprecationWarning: 'enablePackrat' deprecated - use 'enable_packrat'
  ParserElement.enablePackrat()
In /home/bk489/federated_clean/.venv/lib/python3.9/site-packages/matplotlib/mpl-data/stylelib/classic.mplstyle: 'parseString' deprecated - use 'parse_string'
In /home/bk489/federated_clean/.venv/lib/python3.9/site-packages/matplotlib/mpl-data/stylelib/classic.mplstyle: 'resetCache' deprecated - use 'reset_cache'
/home/bk489/federated_clean/cleanest_federated/fl-dermamnist-starter/data/visualise.py:71: UserWarning: Tight layout not applied. The bottom and top margins cannot be made large enough to accommodate all Axes decorations.
  fig.tight_layout()
[93mWARNING [0m:   DEPRECATED FEATURE: flwr.simulation.start_simulation() is deprecated.
	Instead, use the `flwr run` CLI command to start a local simulation in your Flower app, as shown for example below:

		$ flwr new  # Create a new Flower app from a template

		$ flwr run  # Run the Flower app in Simulation Mode

	Using `start_simulation()` is deprecated.

            This is a deprecated feature. It will be removed
            entirely in future versions of Flower.
        
[92mINFO [0m:      Starting Flower simulation, config: num_rounds=100, no round_timeout
2026-05-12 23:31:04,931	INFO worker.py:1771 -- Started a local Ray instance.
[92mINFO [0m:      Flower VCE: Ray initialized with resources: {'accelerator_type:A100': 1.0, 'node:__internal_head__': 1.0, 'CPU': 128.0, 'object_store_memory': 200000000000.0, 'memory': 852828793856.0, 'GPU': 1.0, 'node:10.43.74.23': 1.0}
[92mINFO [0m:      Optimize your simulation with Flower VCE: https://flower.ai/docs/framework/how-to-run-simulations.html
[92mINFO [0m:      Flower VCE: Resources for each Virtual Client: {'num_cpus': 1, 'num_gpus': 0.1}
[92mINFO [0m:      Flower VCE: Creating VirtualClientEngineActorPool with 10 actors
[92mINFO [0m:      [INIT]
[92mINFO [0m:      Requesting initial parameters from one random client
[36m(ClientAppActor pid=302840)[0m /home/bk489/federated_clean/.venv/lib/python3.9/site-packages/matplotlib/_fontconfig_pattern.py:64: PyparsingDeprecationWarning: 'oneOf' deprecated - use 'one_of'
[36m(ClientAppActor pid=302840)[0m   prop = Group((name + Suppress("=") + comma_separated(value)) | oneOf(_CONSTANTS))
[36m(ClientAppActor pid=302840)[0m /home/bk489/federated_clean/.venv/lib/python3.9/site-packages/matplotlib/_fontconfig_pattern.py:85: PyparsingDeprecationWarning: 'parseString' deprecated - use 'parse_string'
[36m(ClientAppActor pid=302840)[0m   parse = parser.parseString(pattern)
[36m(ClientAppActor pid=302840)[0m /home/bk489/federated_clean/.venv/lib/python3.9/site-packages/matplotlib/_fontconfig_pattern.py:89: PyparsingDeprecationWarning: 'resetCache' deprecated - use 'reset_cache'
[36m(ClientAppActor pid=302840)[0m   parser.resetCache()
[36m(ClientAppActor pid=302840)[0m /home/bk489/federated_clean/.venv/lib/python3.9/site-packages/matplotlib/_mathtext.py:45: PyparsingDeprecationWarning: 'enablePackrat' deprecated - use 'enable_packrat'
[36m(ClientAppActor pid=302840)[0m   ParserElement.enablePackrat()
[36m(ClientAppActor pid=302840)[0m In /home/bk489/federated_clean/.venv/lib/python3.9/site-packages/matplotlib/mpl-data/stylelib/classic.mplstyle: 'parseString' deprecated - use 'parse_string'
[36m(ClientAppActor pid=302840)[0m In /home/bk489/federated_clean/.venv/lib/python3.9/site-packages/matplotlib/mpl-data/stylelib/classic.mplstyle: 'resetCache' deprecated - use 'reset_cache'
[36m(ClientAppActor pid=302840)[0m [93mWARNING [0m:   DEPRECATED FEATURE: `client_fn` now expects a signature `def client_fn(context: Context)`.The provided `client_fn` has signature: {'cid': <Parameter "cid: 'str'">}. You can import the `Context` like this: `from flwr.common import Context`
[36m(ClientAppActor pid=302840)[0m 
[36m(ClientAppActor pid=302840)[0m             This is a deprecated feature. It will be removed
[36m(ClientAppActor pid=302840)[0m             entirely in future versions of Flower.
[36m(ClientAppActor pid=302840)[0m         
[92mINFO [0m:      Received initial parameters from one random client
[92mINFO [0m:      Starting evaluation of initial global parameters
[92mINFO [0m:      initial parameters (loss, other metrics): 1.93695684432508, {'accuracy': 0.011964107676969093, 'balanced_accuracy': 0.14285714285714285, 'macro_f1': 0.003377902885292048, 'worst_class_f1': 0.0, 'worst_class_recall': 0.0, 'f1_actinic_keratoses_an': 0.0, 'recall_actinic_keratoses_an': 0.0, 'f1_basal_cell_carcinoma': 0.0, 'recall_basal_cell_carcinoma': 0.0, 'f1_benign_keratosis-lik': 0.0, 'recall_benign_keratosis-lik': 0.0, 'f1_dermatofibroma': 0.023645320197044337, 'recall_dermatofibroma': 1.0, 'f1_melanoma': 0.0, 'recall_melanoma': 0.0, 'f1_melanocytic_nevi': 0.0, 'recall_melanocytic_nevi': 0.0, 'f1_vascular_lesions': 0.0, 'recall_vascular_lesions': 0.0}
[92mINFO [0m:      
[92mINFO [0m:      [ROUND 1]
[92mINFO [0m:      configure_fit: strategy sampled 5 clients (out of 10)
[36m(ClientAppActor pid=302840)[0m [93mWARNING [0m:   DEPRECATED FEATURE: `client_fn` now expects a signature `def client_fn(context: Context)`.The provided `client_fn` has signature: {'cid': <Parameter "cid: 'str'">}. You can import the `Context` like this: `from flwr.common import Context`
[36m(ClientAppActor pid=302840)[0m 
[36m(ClientAppActor pid=302840)[0m             This is a deprecated feature. It will be removed
[36m(ClientAppActor pid=302840)[0m             entirely in future versions of Flower.
[36m(ClientAppActor pid=302840)[0m         
[36m(ClientAppActor pid=302840)[0m /home/bk489/federated_clean/cleanest_federated/fl-dermamnist-starter/data/download.py:27: UserWarning: The given NumPy array is not writable, and PyTorch does not support non-writable tensors. This means writing to this tensor will result in undefined behavior. You may want to copy the array to protect its data or make it writable before converting it to a tensor. This type of warning will be suppressed for the rest of this program. (Triggered internally at /pytorch/torch/csrc/utils/tensor_numpy.cpp:203.)
[36m(ClientAppActor pid=302840)[0m   tensor = torch.as_tensor(image)
[36m(ClientAppActor pid=302840)[0m /home/bk489/federated_clean/cleanest_federated/fl-dermamnist-starter/data/download.py:27: UserWarning: The given NumPy array is not writable, and PyTorch does not support non-writable tensors. This means writing to this tensor will result in undefined behavior. You may want to copy the array to protect its data or make it writable before converting it to a tensor. This type of warning will be suppressed for the rest of this program. (Triggered internally at /pytorch/torch/csrc/utils/tensor_numpy.cpp:203.)
[36m(ClientAppActor pid=302840)[0m   tensor = torch.as_tensor(image)
[36m(ClientAppActor pid=302840)[0m /home/bk489/federated_clean/cleanest_federated/fl-dermamnist-starter/data/download.py:27: UserWarning: The given NumPy array is not writable, and PyTorch does not support non-writable tensors. This means writing to this tensor will result in undefined behavior. You may want to copy the array to protect its data or make it writable before converting it to a tensor. This type of warning will be suppressed for the rest of this program. (Triggered internally at /pytorch/torch/csrc/utils/tensor_numpy.cpp:203.)
[36m(ClientAppActor pid=302840)[0m   tensor = torch.as_tensor(image)
[36m(ClientAppActor pid=302840)[0m /home/bk489/federated_clean/cleanest_federated/fl-dermamnist-starter/data/download.py:27: UserWarning: The given NumPy array is not writable, and PyTorch does not support non-writable tensors. This means writing to this tensor will result in undefined behavior. You may want to copy the array to protect its data or make it writable before converting it to a tensor. This type of warning will be suppressed for the rest of this program. (Triggered internally at /pytorch/torch/csrc/utils/tensor_numpy.cpp:203.)
[36m(ClientAppActor pid=302840)[0m   tensor = torch.as_tensor(image)
[36m(ClientAppActor pid=302840)[0m /home/bk489/federated_clean/cleanest_federated/fl-dermamnist-starter/data/download.py:27: UserWarning: The given NumPy array is not writable, and PyTorch does not support non-writable tensors. This means writing to this tensor will result in undefined behavior. You may want to copy the array to protect its data or make it writable before converting it to a tensor. This type of warning will be suppressed for the rest of this program. (Triggered internally at /pytorch/torch/csrc/utils/tensor_numpy.cpp:203.)
[36m(ClientAppActor pid=302840)[0m   tensor = torch.as_tensor(image)
[36m(ClientAppActor pid=302840)[0m /home/bk489/federated_clean/cleanest_federated/fl-dermamnist-starter/data/download.py:27: UserWarning: The given NumPy array is not writable, and PyTorch does not support non-writable tensors. This means writing to this tensor will result in undefined behavior. You may want to copy the array to protect its data or make it writable before converting it to a tensor. This type of warning will be suppressed for the rest of this program. (Triggered internally at /pytorch/torch/csrc/utils/tensor_numpy.cpp:203.)
[36m(ClientAppActor pid=302840)[0m   tensor = torch.as_tensor(image)
[36m(ClientAppActor pid=302840)[0m /home/bk489/federated_clean/cleanest_federated/fl-dermamnist-starter/data/download.py:27: UserWarning: The given NumPy array is not writable, and PyTorch does not support non-writable tensors. This means writing to this tensor will result in undefined behavior. You may want to copy the array to protect its data or make it writable before converting it to a tensor. This type of warning will be suppressed for the rest of this program. (Triggered internally at /pytorch/torch/csrc/utils/tensor_numpy.cpp:203.)
[36m(ClientAppActor pid=302840)[0m   tensor = torch.as_tensor(image)
[36m(ClientAppActor pid=302840)[0m /home/bk489/federated_clean/cleanest_federated/fl-dermamnist-starter/data/download.py:27: UserWarning: The given NumPy array is not writable, and PyTorch does not support non-writable tensors. This means writing to this tensor will result in undefined behavior. You may want to copy the array to protect its data or make it writable before converting it to a tensor. This type of warning will be suppressed for the rest of this program. (Triggered internally at /pytorch/torch/csrc/utils/tensor_numpy.cpp:203.)
[36m(ClientAppActor pid=302840)[0m   tensor = torch.as_tensor(image)
[36m(ClientAppActor pid=302840)[0m /home/bk489/federated_clean/cleanest_federated/fl-dermamnist-starter/data/download.py:27: UserWarning: The given NumPy array is not writable, and PyTorch does not support non-writable tensors. This means writing to this tensor will result in undefined behavior. You may want to copy the array to protect its data or make it writable before converting it to a tensor. This type of warning will be suppressed for the rest of this program. (Triggered internally at /pytorch/torch/csrc/utils/tensor_numpy.cpp:203.)
[36m(ClientAppActor pid=302840)[0m   tensor = torch.as_tensor(image)
[36m(ClientAppActor pid=302840)[0m /home/bk489/federated_clean/cleanest_federated/fl-dermamnist-starter/data/download.py:27: UserWarning: The given NumPy array is not writable, and PyTorch does not support non-writable tensors. This means writing to this tensor will result in undefined behavior. You may want to copy the array to protect its data or make it writable before converting it to a tensor. This type of warning will be suppressed for the rest of this program. (Triggered internally at /pytorch/torch/csrc/utils/tensor_numpy.cpp:203.)
[36m(ClientAppActor pid=302840)[0m   tensor = torch.as_tensor(image)
[36m(ClientAppActor pid=302840)[0m /home/bk489/federated_clean/cleanest_federated/fl-dermamnist-starter/data/download.py:27: UserWarning: The given NumPy array is not writable, and PyTorch does not support non-writable tensors. This means writing to this tensor will result in undefined behavior. You may want to copy the array to protect its data or make it writable before converting it to a tensor. This type of warning will be suppressed for the rest of this program. (Triggered internally at /pytorch/torch/csrc/utils/tensor_numpy.cpp:203.)
[36m(ClientAppActor pid=302840)[0m   tensor = torch.as_tensor(image)
[36m(ClientAppActor pid=302840)[0m /home/bk489/federated_clean/cleanest_federated/fl-dermamnist-starter/data/download.py:27: UserWarning: The given NumPy array is not writable, and PyTorch does not support non-writable tensors. This means writing to this tensor will result in undefined behavior. You may want to copy the array to protect its data or make it writable before converting it to a tensor. This type of warning will be suppressed for the rest of this program. (Triggered internally at /pytorch/torch/csrc/utils/tensor_numpy.cpp:203.)
[36m(ClientAppActor pid=302840)[0m   tensor = torch.as_tensor(image)
[36m(ClientAppActor pid=302840)[0m /home/bk489/federated_clean/cleanest_federated/fl-dermamnist-starter/data/download.py:27: UserWarning: The given NumPy array is not writable, and PyTorch does not support non-writable tensors. This means writing to this tensor will result in undefined behavior. You may want to copy the array to protect its data or make it writable before converting it to a tensor. This type of warning will be suppressed for the rest of this program. (Triggered internally at /pytorch/torch/csrc/utils/tensor_numpy.cpp:203.)
[36m(ClientAppActor pid=302840)[0m   tensor = torch.as_tensor(image)
[36m(ClientAppActor pid=302840)[0m /home/bk489/federated_clean/cleanest_federated/fl-dermamnist-starter/data/download.py:27: UserWarning: The given NumPy array is not writable, and PyTorch does not support non-writable tensors. This means writing to this tensor will result in undefined behavior. You may want to copy the array to protect its data or make it writable before converting it to a tensor. This type of warning will be suppressed for the rest of this program. (Triggered internally at /pytorch/torch/csrc/utils/tensor_numpy.cpp:203.)
[36m(ClientAppActor pid=302840)[0m   tensor = torch.as_tensor(image)
[36m(ClientAppActor pid=302840)[0m /home/bk489/federated_clean/cleanest_federated/fl-dermamnist-starter/data/download.py:27: UserWarning: The given NumPy array is not writable, and PyTorch does not support non-writable tensors. This means writing to this tensor will result in undefined behavior. You may want to copy the array to protect its data or make it writable before converting it to a tensor. This type of warning will be suppressed for the rest of this program. (Triggered internally at /pytorch/torch/csrc/utils/tensor_numpy.cpp:203.)
[36m(ClientAppActor pid=302840)[0m   tensor = torch.as_tensor(image)
[36m(ClientAppActor pid=302840)[0m /home/bk489/federated_clean/cleanest_federated/fl-dermamnist-starter/data/download.py:27: UserWarning: The given NumPy array is not writable, and PyTorch does not support non-writable tensors. This means writing to this tensor will result in undefined behavior. You may want to copy the array to protect its data or make it writable before converting it to a tensor. This type of warning will be suppressed for the rest of this program. (Triggered internally at /pytorch/torch/csrc/utils/tensor_numpy.cpp:203.)
[36m(ClientAppActor pid=302840)[0m   tensor = torch.as_tensor(image)
[36m(ClientAppActor pid=302840)[0m /home/bk489/federated_clean/cleanest_federated/fl-dermamnist-starter/data/download.py:27: UserWarning: The given NumPy array is not writable, and PyTorch does not support non-writable tensors. This means writing to this tensor will result in undefined behavior. You may want to copy the array to protect its data or make it writable before converting it to a tensor. This type of warning will be suppressed for the rest of this program. (Triggered internally at /pytorch/torch/csrc/utils/tensor_numpy.cpp:203.)
[36m(ClientAppActor pid=302840)[0m   tensor = torch.as_tensor(image)
[36m(ClientAppActor pid=302840)[0m /home/bk489/federated_clean/cleanest_federated/fl-dermamnist-starter/data/download.py:27: UserWarning: The given NumPy array is not writable, and PyTorch does not support non-writable tensors. This means writing to this tensor will result in undefined behavior. You may want to copy the array to protect its data or make it writable before converting it to a tensor. This type of warning will be suppressed for the rest of this program. (Triggered internally at /pytorch/torch/csrc/utils/tensor_numpy.cpp:203.)
[36m(ClientAppActor pid=302840)[0m   tensor = torch.as_tensor(image)
[36m(ClientAppActor pid=302840)[0m /home/bk489/federated_clean/cleanest_federated/fl-dermamnist-starter/data/download.py:27: UserWarning: The given NumPy array is not writable, and PyTorch does not support non-writable tensors. This means writing to this tensor will result in undefined behavior. You may want to copy the array to protect its data or make it writable before converting it to a tensor. This type of warning will be suppressed for the rest of this program. (Triggered internally at /pytorch/torch/csrc/utils/tensor_numpy.cpp:203.)
[36m(ClientAppActor pid=302840)[0m   tensor = torch.as_tensor(image)
[36m(ClientAppActor pid=302840)[0m /home/bk489/federated_clean/cleanest_federated/fl-dermamnist-starter/data/download.py:27: UserWarning: The given NumPy array is not writable, and PyTorch does not support non-writable tensors. This means writing to this tensor will result in undefined behavior. You may want to copy the array to protect its data or make it writable before converting it to a tensor. This type of warning will be suppressed for the rest of this program. (Triggered internally at /pytorch/torch/csrc/utils/tensor_numpy.cpp:203.)
[36m(ClientAppActor pid=302840)[0m   tensor = torch.as_tensor(image)
[36m(ClientAppActor pid=302840)[0m /home/bk489/federated_clean/cleanest_federated/fl-dermamnist-starter/data/download.py:27: UserWarning: The given NumPy array is not writable, and PyTorch does not support non-writable tensors. This means writing to this tensor will result in undefined behavior. You may want to copy the array to protect its data or make it writable before converting it to a tensor. This type of warning will be suppressed for the rest of this program. (Triggered internally at /pytorch/torch/csrc/utils/tensor_numpy.cpp:203.)
[36m(ClientAppActor pid=302840)[0m   tensor = torch.as_tensor(image)
[36m(ClientAppActor pid=302840)[0m /home/bk489/federated_clean/cleanest_federated/fl-dermamnist-starter/data/download.py:27: UserWarning: The given NumPy array is not writable, and PyTorch does not support non-writable tensors. This means writing to this tensor will result in undefined behavior. You may want to copy the array to protect its data or make it writable before converting it to a tensor. This type of warning will be suppressed for the rest of this program. (Triggered internally at /pytorch/torch/csrc/utils/tensor_numpy.cpp:203.)
[36m(ClientAppActor pid=302840)[0m   tensor = torch.as_tensor(image)
[36m(ClientAppActor pid=302840)[0m /home/bk489/federated_clean/cleanest_federated/fl-dermamnist-starter/data/download.py:27: UserWarning: The given NumPy array is not writable, and PyTorch does not support non-writable tensors. This means writing to this tensor will result in undefined behavior. You may want to copy the array to protect its data or make it writable before converting it to a tensor. This type of warning will be suppressed for the rest of this program. (Triggered internally at /pytorch/torch/csrc/utils/tensor_numpy.cpp:203.)
[36m(ClientAppActor pid=302840)[0m   tensor = torch.as_tensor(image)
[36m(ClientAppActor pid=302840)[0m /home/bk489/federated_clean/cleanest_federated/fl-dermamnist-starter/data/download.py:27: UserWarning: The given NumPy array is not writable, and PyTorch does not support non-writable tensors. This means writing to this tensor will result in undefined behavior. You may want to copy the array to protect its data or make it writable before converting it to a tensor. This type of warning will be suppressed for the rest of this program. (Triggered internally at /pytorch/torch/csrc/utils/tensor_numpy.cpp:203.)
[36m(ClientAppActor pid=302840)[0m   tensor = torch.as_tensor(image)
[36m(ClientAppActor pid=302840)[0m /home/bk489/federated_clean/cleanest_federated/fl-dermamnist-starter/data/download.py:27: UserWarning: The given NumPy array is not writable, and PyTorch does not support non-writable tensors. This means writing to this tensor will result in undefined behavior. You may want to copy the array to protect its data or make it writable before converting it to a tensor. This type of warning will be suppressed for the rest of this program. (Triggered internally at /pytorch/torch/csrc/utils/tensor_numpy.cpp:203.)
[36m(ClientAppActor pid=302840)[0m   tensor = torch.as_tensor(image)
[36m(ClientAppActor pid=302840)[0m /home/bk489/federated_clean/cleanest_federated/fl-dermamnist-starter/data/download.py:27: UserWarning: The given NumPy array is not writable, and PyTorch does not support non-writable tensors. This means writing to this tensor will result in undefined behavior. You may want to copy the array to protect its data or make it writable before converting it to a tensor. This type of warning will be suppressed for the rest of this program. (Triggered internally at /pytorch/torch/csrc/utils/tensor_numpy.cpp:203.)
[36m(ClientAppActor pid=302840)[0m   tensor = torch.as_tensor(image)
[36m(ClientAppActor pid=302840)[0m /home/bk489/federated_clean/cleanest_federated/fl-dermamnist-starter/data/download.py:27: UserWarning: The given NumPy array is not writable, and PyTorch does not support non-writable tensors. This means writing to this tensor will result in undefined behavior. You may want to copy the array to protect its data or make it writable before converting it to a tensor. This type of warning will be suppressed for the rest of this program. (Triggered internally at /pytorch/torch/csrc/utils/tensor_numpy.cpp:203.)
[36m(ClientAppActor pid=302840)[0m   tensor = torch.as_tensor(image)
[36m(ClientAppActor pid=302840)[0m /home/bk489/federated_clean/cleanest_federated/fl-dermamnist-starter/data/download.py:27: UserWarning: The given NumPy array is not writable, and PyTorch does not support non-writable tensors. This means writing to this tensor will result in undefined behavior. You may want to copy the array to protect its data or make it writable before converting it to a tensor. This type of warning will be suppressed for the rest of this program. (Triggered internally at /pytorch/torch/csrc/utils/tensor_numpy.cpp:203.)
[36m(ClientAppActor pid=302840)[0m   tensor = torch.as_tensor(image)
[36m(ClientAppActor pid=302840)[0m /home/bk489/federated_clean/cleanest_federated/fl-dermamnist-starter/data/download.py:27: UserWarning: The given NumPy array is not writable, and PyTorch does not support non-writable tensors. This means writing to this tensor will result in undefined behavior. You may want to copy the array to protect its data or make it writable before converting it to a tensor. This type of warning will be suppressed for the rest of this program. (Triggered internally at /pytorch/torch/csrc/utils/tensor_numpy.cpp:203.)
[36m(ClientAppActor pid=302840)[0m   tensor = torch.as_tensor(image)
[36m(ClientAppActor pid=302840)[0m /home/bk489/federated_clean/cleanest_federated/fl-dermamnist-starter/data/download.py:27: UserWarning: The given NumPy array is not writable, and PyTorch does not support non-writable tensors. This means writing to this tensor will result in undefined behavior. You may want to copy the array to protect its data or make it writable before converting it to a tensor. This type of warning will be suppressed for the rest of this program. (Triggered internally at /pytorch/torch/csrc/utils/tensor_numpy.cpp:203.)
[36m(ClientAppActor pid=302840)[0m   tensor = torch.as_tensor(image)
[36m(ClientAppActor pid=302840)[0m /home/bk489/federated_clean/cleanest_federated/fl-dermamnist-starter/data/download.py:27: UserWarning: The given NumPy array is not writable, and PyTorch does not support non-writable tensors. This means writing to this tensor will result in undefined behavior. You may want to copy the array to protect its data or make it writable before converting it to a tensor. This type of warning will be suppressed for the rest of this program. (Triggered internally at /pytorch/torch/csrc/utils/tensor_numpy.cpp:203.)
[36m(ClientAppActor pid=302840)[0m   tensor = torch.as_tensor(image)
[36m(ClientAppActor pid=302840)[0m /home/bk489/federated_clean/cleanest_federated/fl-dermamnist-starter/data/download.py:27: UserWarning: The given NumPy array is not writable, and PyTorch does not support non-writable tensors. This means writing to this tensor will result in undefined behavior. You may want to copy the array to protect its data or make it writable before converting it to a tensor. This type of warning will be suppressed for the rest of this program. (Triggered internally at /pytorch/torch/csrc/utils/tensor_numpy.cpp:203.)
[36m(ClientAppActor pid=302840)[0m   tensor = torch.as_tensor(image)
[36m(ClientAppActor pid=302840)[0m /home/bk489/federated_clean/cleanest_federated/fl-dermamnist-starter/data/download.py:27: UserWarning: The given NumPy array is not writable, and PyTorch does not support non-writable tensors. This means writing to this tensor will result in undefined behavior. You may want to copy the array to protect its data or make it writable before converting it to a tensor. This type of warning will be suppressed for the rest of this program. (Triggered internally at /pytorch/torch/csrc/utils/tensor_numpy.cpp:203.)
[36m(ClientAppActor pid=302840)[0m   tensor = torch.as_tensor(image)
[36m(ClientAppActor pid=302840)[0m /home/bk489/federated_clean/cleanest_federated/fl-dermamnist-starter/data/download.py:27: UserWarning: The given NumPy array is not writable, and PyTorch does not support non-writable tensors. This means writing to this tensor will result in undefined behavior. You may want to copy the array to protect its data or make it writable before converting it to a tensor. This type of warning will be suppressed for the rest of this program. (Triggered internally at /pytorch/torch/csrc/utils/tensor_numpy.cpp:203.)
[36m(ClientAppActor pid=302840)[0m   tensor = torch.as_tensor(image)
[36m(ClientAppActor pid=302840)[0m /home/bk489/federated_clean/cleanest_federated/fl-dermamnist-starter/data/download.py:27: UserWarning: The given NumPy array is not writable, and PyTorch does not support non-writable tensors. This means writing to this tensor will result in undefined behavior. You may want to copy the array to protect its data or make it writable before converting it to a tensor. This type of warning will be suppressed for the rest of this program. (Triggered internally at /pytorch/torch/csrc/utils/tensor_numpy.cpp:203.)
[36m(ClientAppActor pid=302840)[0m   tensor = torch.as_tensor(image)
[36m(ClientAppActor pid=302840)[0m /home/bk489/federated_clean/cleanest_federated/fl-dermamnist-starter/data/download.py:27: UserWarning: The given NumPy array is not writable, and PyTorch does not support non-writable tensors. This means writing to this tensor will result in undefined behavior. You may want to copy the array to protect its data or make it writable before converting it to a tensor. This type of warning will be suppressed for the rest of this program. (Triggered internally at /pytorch/torch/csrc/utils/tensor_numpy.cpp:203.)
[36m(ClientAppActor pid=302840)[0m   tensor = torch.as_tensor(image)
[36m(ClientAppActor pid=302840)[0m /home/bk489/federated_clean/cleanest_federated/fl-dermamnist-starter/data/download.py:27: UserWarning: The given NumPy array is not writable, and PyTorch does not support non-writable tensors. This means writing to this tensor will result in undefined behavior. You may want to copy the array to protect its data or make it writable before converting it to a tensor. This type of warning will be suppressed for the rest of this program. (Triggered internally at /pytorch/torch/csrc/utils/tensor_numpy.cpp:203.)
[36m(ClientAppActor pid=302840)[0m   tensor = torch.as_tensor(image)
[36m(ClientAppActor pid=302840)[0m /home/bk489/federated_clean/cleanest_federated/fl-dermamnist-starter/data/download.py:27: UserWarning: The given NumPy array is not writable, and PyTorch does not support non-writable tensors. This means writing to this tensor will result in undefined behavior. You may want to copy the array to protect its data or make it writable before converting it to a tensor. This type of warning will be suppressed for the rest of this program. (Triggered internally at /pytorch/torch/csrc/utils/tensor_numpy.cpp:203.)
[36m(ClientAppActor pid=302840)[0m   tensor = torch.as_tensor(image)
[36m(ClientAppActor pid=302840)[0m /home/bk489/federated_clean/cleanest_federated/fl-dermamnist-starter/data/download.py:27: UserWarning: The given NumPy array is not writable, and PyTorch does not support non-writable tensors. This means writing to this tensor will result in undefined behavior. You may want to copy the array to protect its data or make it writable before converting it to a tensor. This type of warning will be suppressed for the rest of this program. (Triggered internally at /pytorch/torch/csrc/utils/tensor_numpy.cpp:203.)
[36m(ClientAppActor pid=302840)[0m   tensor = torch.as_tensor(image)
[36m(ClientAppActor pid=302840)[0m /home/bk489/federated_clean/cleanest_federated/fl-dermamnist-starter/data/download.py:27: UserWarning: The given NumPy array is not writable, and PyTorch does not support non-writable tensors. This means writing to this tensor will result in undefined behavior. You may want to copy the array to protect its data or make it writable before converting it to a tensor. This type of warning will be suppressed for the rest of this program. (Triggered internally at /pytorch/torch/csrc/utils/tensor_numpy.cpp:203.)
[36m(ClientAppActor pid=302840)[0m   tensor = torch.as_tensor(image)
[36m(ClientAppActor pid=302455)[0m 
[36m(ClientAppActor pid=302455)[0m         
[36m(ClientAppActor pid=302539)[0m 
[36m(ClientAppActor pid=302539)[0m         
[36m(ClientAppActor pid=302735)[0m 
[36m(ClientAppActor pid=302735)[0m         
[36m(ClientAppActor pid=302605)[0m 
[36m(ClientAppActor pid=302605)[0m         
[36m(ClientAppActor pid=302605)[0m /home/bk489/federated_clean/.venv/lib/python3.9/site-packages/matplotlib/_fontconfig_pattern.py:64: PyparsingDeprecationWarning: 'oneOf' deprecated - use 'one_of'[32m [repeated 4x across cluster] (Ray deduplicates logs by default. Set RAY_DEDUP_LOGS=0 to disable log deduplication, or see https://docs.ray.io/en/master/ray-observability/user-guides/configure-logging.html#log-deduplication for more options.)[0m
[36m(ClientAppActor pid=302605)[0m   prop = Group((name + Suppress("=") + comma_separated(value)) | oneOf(_CONSTANTS))[32m [repeated 4x across cluster][0m
[36m(ClientAppActor pid=302605)[0m /home/bk489/federated_clean/.venv/lib/python3.9/site-packages/matplotlib/_fontconfig_pattern.py:85: PyparsingDeprecationWarning: 'parseString' deprecated - use 'parse_string'[32m [repeated 4x across cluster][0m
[36m(ClientAppActor pid=302605)[0m   parse = parser.parseString(pattern)[32m [repeated 4x across cluster][0m
[36m(ClientAppActor pid=302605)[0m /home/bk489/federated_clean/.venv/lib/python3.9/site-packages/matplotlib/_fontconfig_pattern.py:89: PyparsingDeprecationWarning: 'resetCache' deprecated - use 'reset_cache'[32m [repeated 4x across cluster][0m
[36m(ClientAppActor pid=302605)[0m   parser.resetCache()[32m [repeated 4x across cluster][0m
[36m(ClientAppActor pid=302605)[0m /home/bk489/federated_clean/.venv/lib/python3.9/site-packages/matplotlib/_mathtext.py:45: PyparsingDeprecationWarning: 'enablePackrat' deprecated - use 'enable_packrat'[32m [repeated 4x across cluster][0m
[36m(ClientAppActor pid=302605)[0m   ParserElement.enablePackrat()[32m [repeated 4x across cluster][0m
[36m(ClientAppActor pid=302605)[0m In /home/bk489/federated_clean/.venv/lib/python3.9/site-packages/matplotlib/mpl-data/stylelib/classic.mplstyle: 'parseString' deprecated - use 'parse_string'[32m [repeated 4x across cluster][0m
[36m(ClientAppActor pid=302605)[0m In /home/bk489/federated_clean/.venv/lib/python3.9/site-packages/matplotlib/mpl-data/stylelib/classic.mplstyle: 'resetCache' deprecated - use 'reset_cache'[32m [repeated 4x across cluster][0m
[36m(ClientAppActor pid=302605)[0m [93mWARNING [0m:   DEPRECATED FEATURE: `client_fn` now expects a signature `def client_fn(context: Context)`.The provided `client_fn` has signature: {'cid': <Parameter "cid: 'str'">}. You can import the `Context` like this: `from flwr.common import Context`[32m [repeated 4x across cluster][0m
[36m(ClientAppActor pid=302605)[0m             This is a deprecated feature. It will be removed[32m [repeated 4x across cluster][0m
[36m(ClientAppActor pid=302605)[0m             entirely in future versions of Flower.[32m [repeated 4x across cluster][0m
[36m(ClientAppActor pid=302455)[0m /home/bk489/federated_clean/cleanest_federated/fl-dermamnist-starter/data/download.py:27: UserWarning: The given NumPy array is not writable, and PyTorch does not support non-writable tensors. This means writing to this tensor will result in undefined behavior. You may want to copy the array to protect its data or make it writable before converting it to a tensor. This type of warning will be suppressed for the rest of this program. (Triggered internally at /pytorch/torch/csrc/utils/tensor_numpy.cpp:203.)[32m [repeated 2x across cluster][0m
[36m(ClientAppActor pid=302455)[0m   tensor = torch.as_tensor(image)[32m [repeated 2x across cluster][0m
[92mINFO [0m:      aggregate_fit: received 5 results and 0 failures
[93mWARNING [0m:   No fit_metrics_aggregation_fn provided
[92mINFO [0m:      fit progress: (1, 1.2127319785913941, {'accuracy': 0.6689930209371885, 'balanced_accuracy': 0.14285714285714285, 'macro_f1': 0.11452466291175968, 'worst_class_f1': 0.0, 'worst_class_recall': 0.0, 'f1_actinic_keratoses_an': 0.0, 'recall_actinic_keratoses_an': 0.0, 'f1_basal_cell_carcinoma': 0.0, 'recall_basal_cell_carcinoma': 0.0, 'f1_benign_keratosis-lik': 0.0, 'recall_benign_keratosis-lik': 0.0, 'f1_dermatofibroma': 0.0, 'recall_dermatofibroma': 0.0, 'f1_melanoma': 0.0, 'recall_melanoma': 0.0, 'f1_melanocytic_nevi': 0.8016726403823178, 'recall_melanocytic_nevi': 1.0, 'f1_vascular_lesions': 0.0, 'recall_vascular_lesions': 0.0}, 10.535584580036812)
[92mINFO [0m:      configure_evaluate: strategy sampled 10 clients (out of 10)
[36m(ClientAppActor pid=302455)[0m 
[36m(ClientAppActor pid=302455)[0m         
[36m(ClientAppActor pid=302455)[0m [93mWARNING [0m:   DEPRECATED FEATURE: `client_fn` now expects a signature `def client_fn(context: Context)`.The provided `client_fn` has signature: {'cid': <Parameter "cid: 'str'">}. You can import the `Context` like this: `from flwr.common import Context`
[36m(ClientAppActor pid=302455)[0m             This is a deprecated feature. It will be removed
[36m(ClientAppActor pid=302455)[0m             entirely in future versions of Flower.
[36m(ClientAppActor pid=302455)[0m /home/bk489/federated_clean/cleanest_federated/fl-dermamnist-starter/data/download.py:27: UserWarning: The given NumPy array is not writable, and PyTorch does not support non-writable tensors. This means writing to this tensor will result in undefined behavior. You may want to copy the array to protect its data or make it writable before converting it to a tensor. This type of warning will be suppressed for the rest of this program. (Triggered internally at /pytorch/torch/csrc/utils/tensor_numpy.cpp:203.)[32m [repeated 160x across cluster][0m
[36m(ClientAppActor pid=302455)[0m   tensor = torch.as_tensor(image)[32m [repeated 160x across cluster][0m
[36m(ClientAppActor pid=302539)[0m [93mWARNING [0m:   DEPRECATED FEATURE: `client_fn` now expects a signature `def client_fn(context: Context)`.The provided `client_fn` has signature: {'cid': <Parameter "cid: 'str'">}. You can import the `Context` like this: `from flwr.common import Context`
[36m(ClientAppActor pid=302539)[0m 
[36m(ClientAppActor pid=302539)[0m             This is a deprecated feature. It will be removed
[36m(ClientAppActor pid=302539)[0m             entirely in future versions of Flower.
[36m(ClientAppActor pid=302539)[0m         
[36m(ClientAppActor pid=302735)[0m 
[36m(ClientAppActor pid=302735)[0m         
[36m(ClientAppActor pid=302605)[0m 
[36m(ClientAppActor pid=302605)[0m         
[36m(ClientAppActor pid=302840)[0m 
[36m(ClientAppActor pid=302840)[0m         
[36m(ClientAppActor pid=302455)[0m /home/bk489/federated_clean/cleanest_federated/fl-dermamnist-starter/metrics/evaluation.py:68: UserWarning: AUROC set to NaN because present classes are [4, 5, 6], expected [0, 1, 2, 3, 4, 5, 6]
[36m(ClientAppActor pid=302455)[0m   warnings.warn(f'AUROC set to NaN because present classes are {present_classes}, expected {labels}')
[36m(ClientAppActor pid=302455)[0m 
[36m(ClientAppActor pid=302455)[0m         
[36m(ClientAppActor pid=302735)[0m /home/bk489/federated_clean/.venv/lib/python3.9/site-packages/sklearn/metrics/_classification.py:407: UserWarning: A single label was found in 'y_true' and 'y_pred'. For the confusion matrix to have the correct shape, use the 'labels' parameter to pass all known labels.
[36m(ClientAppActor pid=302735)[0m   warnings.warn(
[36m(ClientAppActor pid=302455)[0m /home/bk489/federated_clean/.venv/lib/python3.9/site-packages/sklearn/metrics/_classification.py:2524: UserWarning: y_pred contains classes not in y_true
[36m(ClientAppActor pid=302455)[0m   warnings.warn("y_pred contains classes not in y_true")
[36m(ClientAppActor pid=302403)[0m /home/bk489/federated_clean/.venv/lib/python3.9/site-packages/matplotlib/_fontconfig_pattern.py:64: PyparsingDeprecationWarning: 'oneOf' deprecated - use 'one_of'
[36m(ClientAppActor pid=302403)[0m   prop = Group((name + Suppress("=") + comma_separated(value)) | oneOf(_CONSTANTS))
[36m(ClientAppActor pid=302403)[0m /home/bk489/federated_clean/.venv/lib/python3.9/site-packages/matplotlib/_fontconfig_pattern.py:85: PyparsingDeprecationWarning: 'parseString' deprecated - use 'parse_string'
[36m(ClientAppActor pid=302403)[0m   parse = parser.parseString(pattern)
[36m(ClientAppActor pid=302403)[0m /home/bk489/federated_clean/.venv/lib/python3.9/site-packages/matplotlib/_fontconfig_pattern.py:89: PyparsingDeprecationWarning: 'resetCache' deprecated - use 'reset_cache'
[36m(ClientAppActor pid=302403)[0m   parser.resetCache()
[36m(ClientAppActor pid=302363)[0m /home/bk489/federated_clean/.venv/lib/python3.9/site-packages/matplotlib/_mathtext.py:45: PyparsingDeprecationWarning: 'enablePackrat' deprecated - use 'enable_packrat'
[36m(ClientAppActor pid=302363)[0m   ParserElement.enablePackrat()
[36m(ClientAppActor pid=302403)[0m In /home/bk489/federated_clean/.venv/lib/python3.9/site-packages/matplotlib/mpl-data/stylelib/classic.mplstyle: 'parseString' deprecated - use 'parse_string'
[36m(ClientAppActor pid=302403)[0m In /home/bk489/federated_clean/.venv/lib/python3.9/site-packages/matplotlib/mpl-data/stylelib/classic.mplstyle: 'resetCache' deprecated - use 'reset_cache'
[36m(ClientAppActor pid=302403)[0m 
[36m(ClientAppActor pid=302403)[0m         
[36m(ClientAppActor pid=302355)[0m 
[36m(ClientAppActor pid=302355)[0m         
[36m(ClientAppActor pid=302363)[0m 
[36m(ClientAppActor pid=302363)[0m         
[36m(ClientAppActor pid=302362)[0m 
[36m(ClientAppActor pid=302362)[0m         
[36m(ClientAppActor pid=302363)[0m /home/bk489/federated_clean/cleanest_federated/fl-dermamnist-starter/data/download.py:27: UserWarning: The given NumPy array is not writable, and PyTorch does not support non-writable tensors. This means writing to this tensor will result in undefined behavior. You may want to copy the array to protect its data or make it writable before converting it to a tensor. This type of warning will be suppressed for the rest of this program. (Triggered internally at /pytorch/torch/csrc/utils/tensor_numpy.cpp:203.)[32m [repeated 8x across cluster][0m
[36m(ClientAppActor pid=302363)[0m   tensor = torch.as_tensor(image)[32m [repeated 8x across cluster][0m
[36m(ClientAppActor pid=302362)[0m [93mWARNING [0m:   DEPRECATED FEATURE: `client_fn` now expects a signature `def client_fn(context: Context)`.The provided `client_fn` has signature: {'cid': <Parameter "cid: 'str'">}. You can import the `Context` like this: `from flwr.common import Context`[32m [repeated 8x across cluster][0m
[36m(ClientAppActor pid=302362)[0m             This is a deprecated feature. It will be removed[32m [repeated 8x across cluster][0m
[36m(ClientAppActor pid=302362)[0m             entirely in future versions of Flower.[32m [repeated 8x across cluster][0m
[36m(ClientAppActor pid=302455)[0m /home/bk489/federated_clean/cleanest_federated/fl-dermamnist-starter/metrics/evaluation.py:68: UserWarning: AUROC set to NaN because present classes are [4], expected [0, 1, 2, 3, 4, 5, 6][32m [repeated 5x across cluster][0m
[36m(ClientAppActor pid=302455)[0m   warnings.warn(f'AUROC set to NaN because present classes are {present_classes}, expected {labels}')[32m [repeated 5x across cluster][0m
[36m(ClientAppActor pid=302363)[0m /home/bk489/federated_clean/.venv/lib/python3.9/site-packages/sklearn/metrics/_classification.py:2524: UserWarning: y_pred contains classes not in y_true
[36m(ClientAppActor pid=302363)[0m   warnings.warn("y_pred contains classes not in y_true")
[36m(ClientAppActor pid=302355)[0m /home/bk489/federated_clean/.venv/lib/python3.9/site-packages/sklearn/metrics/_classification.py:2524: UserWarning: y_pred contains classes not in y_true
[36m(ClientAppActor pid=302355)[0m   warnings.warn("y_pred contains classes not in y_true")
[36m(ClientAppActor pid=302362)[0m /home/bk489/federated_clean/.venv/lib/python3.9/site-packages/sklearn/metrics/_classification.py:407: UserWarning: A single label was found in 'y_true' and 'y_pred'. For the confusion matrix to have the correct shape, use the 'labels' parameter to pass all known labels.
[36m(ClientAppActor pid=302362)[0m   warnings.warn(
[92mINFO [0m:      aggregate_evaluate: received 10 results and 0 failures
[93mWARNING [0m:   No evaluate_metrics_aggregation_fn provided
[92mINFO [0m:      
[92mINFO [0m:      [ROUND 2]
[92mINFO [0m:      configure_fit: strategy sampled 5 clients (out of 10)
[36m(ClientAppActor pid=302455)[0m 
[36m(ClientAppActor pid=302455)[0m         
[36m(ClientAppActor pid=302363)[0m 
[36m(ClientAppActor pid=302363)[0m         
[36m(ClientAppActor pid=302403)[0m 
[36m(ClientAppActor pid=302403)[0m         
[36m(ClientAppActor pid=302355)[0m 
[36m(ClientAppActor pid=302355)[0m         
[36m(ClientAppActor pid=302362)[0m 
[36m(ClientAppActor pid=302362)[0m         
[36m(ClientAppActor pid=302362)[0m /home/bk489/federated_clean/.venv/lib/python3.9/site-packages/matplotlib/_fontconfig_pattern.py:64: PyparsingDeprecationWarning: 'oneOf' deprecated - use 'one_of'[32m [repeated 3x across cluster][0m
[36m(ClientAppActor pid=302362)[0m   prop = Group((name + Suppress("=") + comma_separated(value)) | oneOf(_CONSTANTS))[32m [repeated 3x across cluster][0m
[36m(ClientAppActor pid=302362)[0m /home/bk489/federated_clean/.venv/lib/python3.9/site-packages/matplotlib/_fontconfig_pattern.py:85: PyparsingDeprecationWarning: 'parseString' deprecated - use 'parse_string'[32m [repeated 3x across cluster][0m
[36m(ClientAppActor pid=302362)[0m   parse = parser.parseString(pattern)[32m [repeated 3x across cluster][0m
[36m(ClientAppActor pid=302362)[0m /home/bk489/federated_clean/.venv/lib/python3.9/site-packages/matplotlib/_fontconfig_pattern.py:89: PyparsingDeprecationWarning: 'resetCache' deprecated - use 'reset_cache'[32m [repeated 3x across cluster][0m
[36m(ClientAppActor pid=302362)[0m   parser.resetCache()[32m [repeated 3x across cluster][0m
[36m(ClientAppActor pid=302362)[0m /home/bk489/federated_clean/.venv/lib/python3.9/site-packages/matplotlib/_mathtext.py:45: PyparsingDeprecationWarning: 'enablePackrat' deprecated - use 'enable_packrat'[32m [repeated 3x across cluster][0m
[36m(ClientAppActor pid=302362)[0m   ParserElement.enablePackrat()[32m [repeated 3x across cluster][0m
[36m(ClientAppActor pid=302362)[0m In /home/bk489/federated_clean/.venv/lib/python3.9/site-packages/matplotlib/mpl-data/stylelib/classic.mplstyle: 'parseString' deprecated - use 'parse_string'[32m [repeated 3x across cluster][0m
[36m(ClientAppActor pid=302362)[0m In /home/bk489/federated_clean/.venv/lib/python3.9/site-packages/matplotlib/mpl-data/stylelib/classic.mplstyle: 'resetCache' deprecated - use 'reset_cache'[32m [repeated 3x across cluster][0m
[92mINFO [0m:      aggregate_fit: received 5 results and 0 failures
[92mINFO [0m:      fit progress: (2, 1.47388084329375, {'accuracy': 0.6689930209371885, 'balanced_accuracy': 0.14285714285714285, 'macro_f1': 0.11452466291175968, 'worst_class_f1': 0.0, 'worst_class_recall': 0.0, 'f1_actinic_keratoses_an': 0.0, 'recall_actinic_keratoses_an': 0.0, 'f1_basal_cell_carcinoma': 0.0, 'recall_basal_cell_carcinoma': 0.0, 'f1_benign_keratosis-lik': 0.0, 'recall_benign_keratosis-lik': 0.0, 'f1_dermatofibroma': 0.0, 'recall_dermatofibroma': 0.0, 'f1_melanoma': 0.0, 'recall_melanoma': 0.0, 'f1_melanocytic_nevi': 0.8016726403823178, 'recall_melanocytic_nevi': 1.0, 'f1_vascular_lesions': 0.0, 'recall_vascular_lesions': 0.0}, 20.621500467008445)
[92mINFO [0m:      configure_evaluate: strategy sampled 10 clients (out of 10)
[36m(ClientAppActor pid=302455)[0m 
[36m(ClientAppActor pid=302455)[0m         
[36m(ClientAppActor pid=302539)[0m 
[36m(ClientAppActor pid=302539)[0m         
[36m(ClientAppActor pid=302363)[0m 
[36m(ClientAppActor pid=302363)[0m         
[36m(ClientAppActor pid=302403)[0m 
[36m(ClientAppActor pid=302403)[0m         
[36m(ClientAppActor pid=302355)[0m 
[36m(ClientAppActor pid=302355)[0m         
[36m(ClientAppActor pid=302362)[0m 
[36m(ClientAppActor pid=302362)[0m         
[36m(ClientAppActor pid=302735)[0m 
[36m(ClientAppActor pid=302735)[0m         
[36m(ClientAppActor pid=302605)[0m 
[36m(ClientAppActor pid=302605)[0m         
[36m(ClientAppActor pid=302840)[0m 
[36m(ClientAppActor pid=302840)[0m         
[36m(ClientAppActor pid=302840)[0m /home/bk489/federated_clean/cleanest_federated/fl-dermamnist-starter/data/download.py:27: UserWarning: The given NumPy array is not writable, and PyTorch does not support non-writable tensors. This means writing to this tensor will result in undefined behavior. You may want to copy the array to protect its data or make it writable before converting it to a tensor. This type of warning will be suppressed for the rest of this program. (Triggered internally at /pytorch/torch/csrc/utils/tensor_numpy.cpp:203.)[32m [repeated 199x across cluster][0m
[36m(ClientAppActor pid=302840)[0m   tensor = torch.as_tensor(image)[32m [repeated 199x across cluster][0m
[36m(ClientAppActor pid=302840)[0m [93mWARNING [0m:   DEPRECATED FEATURE: `client_fn` now expects a signature `def client_fn(context: Context)`.The provided `client_fn` has signature: {'cid': <Parameter "cid: 'str'">}. You can import the `Context` like this: `from flwr.common import Context`[32m [repeated 14x across cluster][0m
[36m(ClientAppActor pid=302840)[0m             This is a deprecated feature. It will be removed[32m [repeated 14x across cluster][0m
[36m(ClientAppActor pid=302840)[0m             entirely in future versions of Flower.[32m [repeated 14x across cluster][0m
[36m(ClientAppActor pid=302539)[0m /home/bk489/federated_clean/cleanest_federated/fl-dermamnist-starter/metrics/evaluation.py:68: UserWarning: AUROC set to NaN because present classes are [2, 3, 5], expected [0, 1, 2, 3, 4, 5, 6][32m [repeated 9x across cluster][0m
[36m(ClientAppActor pid=302539)[0m   warnings.warn(f'AUROC set to NaN because present classes are {present_classes}, expected {labels}')[32m [repeated 9x across cluster][0m
[36m(ClientAppActor pid=302605)[0m /home/bk489/federated_clean/.venv/lib/python3.9/site-packages/sklearn/metrics/_classification.py:2524: UserWarning: y_pred contains classes not in y_true[32m [repeated 3x across cluster][0m
[36m(ClientAppActor pid=302605)[0m   warnings.warn("y_pred contains classes not in y_true")[32m [repeated 3x across cluster][0m
[36m(ClientAppActor pid=302362)[0m /home/bk489/federated_clean/.venv/lib/python3.9/site-packages/sklearn/metrics/_classification.py:407: UserWarning: A single label was found in 'y_true' and 'y_pred'. For the confusion matrix to have the correct shape, use the 'labels' parameter to pass all known labels.[32m [repeated 2x across cluster][0m
[36m(ClientAppActor pid=302362)[0m   warnings.warn([32m [repeated 2x across cluster][0m
[36m(ClientAppActor pid=302354)[0m /home/bk489/federated_clean/.venv/lib/python3.9/site-packages/matplotlib/_fontconfig_pattern.py:64: PyparsingDeprecationWarning: 'oneOf' deprecated - use 'one_of'
[36m(ClientAppActor pid=302354)[0m   prop = Group((name + Suppress("=") + comma_separated(value)) | oneOf(_CONSTANTS))
[36m(ClientAppActor pid=302354)[0m /home/bk489/federated_clean/.venv/lib/python3.9/site-packages/matplotlib/_fontconfig_pattern.py:85: PyparsingDeprecationWarning: 'parseString' deprecated - use 'parse_string'
[36m(ClientAppActor pid=302354)[0m   parse = parser.parseString(pattern)
[36m(ClientAppActor pid=302354)[0m /home/bk489/federated_clean/.venv/lib/python3.9/site-packages/matplotlib/_fontconfig_pattern.py:89: PyparsingDeprecationWarning: 'resetCache' deprecated - use 'reset_cache'
[36m(ClientAppActor pid=302354)[0m   parser.resetCache()
[36m(ClientAppActor pid=302354)[0m /home/bk489/federated_clean/.venv/lib/python3.9/site-packages/matplotlib/_mathtext.py:45: PyparsingDeprecationWarning: 'enablePackrat' deprecated - use 'enable_packrat'
[36m(ClientAppActor pid=302354)[0m   ParserElement.enablePackrat()
[36m(ClientAppActor pid=302354)[0m In /home/bk489/federated_clean/.venv/lib/python3.9/site-packages/matplotlib/mpl-data/stylelib/classic.mplstyle: 'parseString' deprecated - use 'parse_string'
[36m(ClientAppActor pid=302354)[0m In /home/bk489/federated_clean/.venv/lib/python3.9/site-packages/matplotlib/mpl-data/stylelib/classic.mplstyle: 'resetCache' deprecated - use 'reset_cache'
[36m(ClientAppActor pid=302354)[0m 
[36m(ClientAppActor pid=302354)[0m         
[92mINFO [0m:      aggregate_evaluate: received 10 results and 0 failures
[92mINFO [0m:      
[92mINFO [0m:      [ROUND 3]
[92mINFO [0m:      configure_fit: strategy sampled 5 clients (out of 10)
[36m(ClientAppActor pid=302539)[0m 
[36m(ClientAppActor pid=302539)[0m         
[36m(ClientAppActor pid=302735)[0m 
[36m(ClientAppActor pid=302735)[0m         
[36m(ClientAppActor pid=302354)[0m 
[36m(ClientAppActor pid=302354)[0m         
[36m(ClientAppActor pid=302605)[0m 
[36m(ClientAppActor pid=302605)[0m         
[36m(ClientAppActor pid=302840)[0m 
[36m(ClientAppActor pid=302840)[0m         
[36m(ClientAppActor pid=302539)[0m /home/bk489/federated_clean/cleanest_federated/fl-dermamnist-starter/data/download.py:27: UserWarning: The given NumPy array is not writable, and PyTorch does not support non-writable tensors. This means writing to this tensor will result in undefined behavior. You may want to copy the array to protect its data or make it writable before converting it to a tensor. This type of warning will be suppressed for the rest of this program. (Triggered internally at /pytorch/torch/csrc/utils/tensor_numpy.cpp:203.)[32m [repeated 76x across cluster][0m
[36m(ClientAppActor pid=302539)[0m   tensor = torch.as_tensor(image)[32m [repeated 76x across cluster][0m
[36m(ClientAppActor pid=302840)[0m [93mWARNING [0m:   DEPRECATED FEATURE: `client_fn` now expects a signature `def client_fn(context: Context)`.The provided `client_fn` has signature: {'cid': <Parameter "cid: 'str'">}. You can import the `Context` like this: `from flwr.common import Context`[32m [repeated 6x across cluster][0m
[36m(ClientAppActor pid=302840)[0m             This is a deprecated feature. It will be removed[32m [repeated 6x across cluster][0m
[36m(ClientAppActor pid=302840)[0m             entirely in future versions of Flower.[32m [repeated 6x across cluster][0m
[36m(ClientAppActor pid=302354)[0m /home/bk489/federated_clean/cleanest_federated/fl-dermamnist-starter/metrics/evaluation.py:68: UserWarning: AUROC set to NaN because present classes are [2, 3, 5], expected [0, 1, 2, 3, 4, 5, 6][32m [repeated 5x across cluster][0m
[36m(ClientAppActor pid=302354)[0m   warnings.warn(f'AUROC set to NaN because present classes are {present_classes}, expected {labels}')[32m [repeated 5x across cluster][0m
[92mINFO [0m:      aggregate_fit: received 5 results and 0 failures
[92mINFO [0m:      fit progress: (3, 0.9105420280786478, {'accuracy': 0.674975074775673, 'balanced_accuracy': 0.1662065080097867, 'macro_f1': 0.15104776141511295, 'worst_class_f1': 0.0, 'worst_class_recall': 0.0, 'f1_actinic_keratoses_an': 0.0, 'recall_actinic_keratoses_an': 0.0, 'f1_basal_cell_carcinoma': 0.1728395061728395, 'recall_basal_cell_carcinoma': 0.1346153846153846, 'f1_benign_keratosis-lik': 0.05172413793103448, 'recall_benign_keratosis-lik': 0.02727272727272727, 'f1_dermatofibroma': 0.0, 'recall_dermatofibroma': 0.0, 'f1_melanoma': 0.017094017094017096, 'recall_melanoma': 0.009009009009009009, 'f1_melanocytic_nevi': 0.8156766687078996, 'recall_melanocytic_nevi': 0.992548435171386, 'f1_vascular_lesions': 0.0, 'recall_vascular_lesions': 0.0}, 28.627706160012167)
[92mINFO [0m:      configure_evaluate: strategy sampled 10 clients (out of 10)
[36m(ClientAppActor pid=302455)[0m 
[36m(ClientAppActor pid=302455)[0m         
[36m(ClientAppActor pid=302539)[0m 
[36m(ClientAppActor pid=302539)[0m         
[36m(ClientAppActor pid=302363)[0m 
[36m(ClientAppActor pid=302363)[0m         
[36m(ClientAppActor pid=302403)[0m 
[36m(ClientAppActor pid=302403)[0m         
[36m(ClientAppActor pid=302355)[0m 
[36m(ClientAppActor pid=302355)[0m         
[36m(ClientAppActor pid=302362)[0m 
[36m(ClientAppActor pid=302362)[0m         
[36m(ClientAppActor pid=302735)[0m 
[36m(ClientAppActor pid=302735)[0m         
[36m(ClientAppActor pid=302354)[0m 
[36m(ClientAppActor pid=302354)[0m         
[36m(ClientAppActor pid=302605)[0m 
[36m(ClientAppActor pid=302605)[0m         
[36m(ClientAppActor pid=302840)[0m 
[36m(ClientAppActor pid=302840)[0m         
[92mINFO [0m:      aggregate_evaluate: received 10 results and 0 failures
[92mINFO [0m:      
[92mINFO [0m:      [ROUND 4]
[92mINFO [0m:      configure_fit: strategy sampled 5 clients (out of 10)
[36m(ClientAppActor pid=302455)[0m 
[36m(ClientAppActor pid=302455)[0m         
[36m(ClientAppActor pid=302363)[0m 
[36m(ClientAppActor pid=302363)[0m         
[36m(ClientAppActor pid=302403)[0m 
[36m(ClientAppActor pid=302403)[0m         
[36m(ClientAppActor pid=302355)[0m 
[36m(ClientAppActor pid=302355)[0m         
[36m(ClientAppActor pid=302362)[0m 
[36m(ClientAppActor pid=302362)[0m         
[36m(ClientAppActor pid=302362)[0m /home/bk489/federated_clean/.venv/lib/python3.9/site-packages/sklearn/metrics/_classification.py:2524: UserWarning: y_pred contains classes not in y_true[32m [repeated 7x across cluster][0m
[36m(ClientAppActor pid=302362)[0m   warnings.warn("y_pred contains classes not in y_true")[32m [repeated 7x across cluster][0m
[36m(ClientAppActor pid=302735)[0m /home/bk489/federated_clean/.venv/lib/python3.9/site-packages/sklearn/metrics/_classification.py:407: UserWarning: A single label was found in 'y_true' and 'y_pred'. For the confusion matrix to have the correct shape, use the 'labels' parameter to pass all known labels.
[36m(ClientAppActor pid=302735)[0m   warnings.warn(
[36m(ClientAppActor pid=302455)[0m /home/bk489/federated_clean/cleanest_federated/fl-dermamnist-starter/data/download.py:27: UserWarning: The given NumPy array is not writable, and PyTorch does not support non-writable tensors. This means writing to this tensor will result in undefined behavior. You may want to copy the array to protect its data or make it writable before converting it to a tensor. This type of warning will be suppressed for the rest of this program. (Triggered internally at /pytorch/torch/csrc/utils/tensor_numpy.cpp:203.)[32m [repeated 254x across cluster][0m
[36m(ClientAppActor pid=302455)[0m   tensor = torch.as_tensor(image)[32m [repeated 254x across cluster][0m
[36m(ClientAppActor pid=302362)[0m [93mWARNING [0m:   DEPRECATED FEATURE: `client_fn` now expects a signature `def client_fn(context: Context)`.The provided `client_fn` has signature: {'cid': <Parameter "cid: 'str'">}. You can import the `Context` like this: `from flwr.common import Context`[32m [repeated 15x across cluster][0m
[36m(ClientAppActor pid=302362)[0m             This is a deprecated feature. It will be removed[32m [repeated 15x across cluster][0m
[36m(ClientAppActor pid=302362)[0m             entirely in future versions of Flower.[32m [repeated 15x across cluster][0m
[36m(ClientAppActor pid=302362)[0m /home/bk489/federated_clean/cleanest_federated/fl-dermamnist-starter/metrics/evaluation.py:68: UserWarning: AUROC set to NaN because present classes are [5], expected [0, 1, 2, 3, 4, 5, 6][32m [repeated 10x across cluster][0m
[36m(ClientAppActor pid=302362)[0m   warnings.warn(f'AUROC set to NaN because present classes are {present_classes}, expected {labels}')[32m [repeated 10x across cluster][0m
[92mINFO [0m:      aggregate_fit: received 5 results and 0 failures
[92mINFO [0m:      fit progress: (4, 0.9667609785632384, {'accuracy': 0.6839481555333998, 'balanced_accuracy': 0.16559506067702787, 'macro_f1': 0.15116087831335842, 'worst_class_f1': 0.0, 'worst_class_recall': 0.0, 'f1_actinic_keratoses_an': 0.0, 'recall_actinic_keratoses_an': 0.0, 'f1_basal_cell_carcinoma': 0.0, 'recall_basal_cell_carcinoma': 0.0, 'f1_benign_keratosis-lik': 0.24, 'recall_benign_keratosis-lik': 0.16363636363636364, 'f1_dermatofibroma': 0.0, 'recall_dermatofibroma': 0.0, 'f1_melanoma': 0.0, 'recall_melanoma': 0.0, 'f1_melanocytic_nevi': 0.8181261481935089, 'recall_melanocytic_nevi': 0.9955290611028316, 'f1_vascular_lesions': 0.0, 'recall_vascular_lesions': 0.0}, 32.89203426102176)
[92mINFO [0m:      configure_evaluate: strategy sampled 10 clients (out of 10)
[36m(ClientAppActor pid=302455)[0m 
[36m(ClientAppActor pid=302455)[0m         
[36m(ClientAppActor pid=302539)[0m 
[36m(ClientAppActor pid=302539)[0m         
[36m(ClientAppActor pid=302363)[0m 
[36m(ClientAppActor pid=302363)[0m         
[36m(ClientAppActor pid=302403)[0m 
[36m(ClientAppActor pid=302403)[0m         
[36m(ClientAppActor pid=302355)[0m 
[36m(ClientAppActor pid=302355)[0m         
[36m(ClientAppActor pid=302362)[0m 
[36m(ClientAppActor pid=302362)[0m         
[36m(ClientAppActor pid=302354)[0m 
[36m(ClientAppActor pid=302354)[0m         
[36m(ClientAppActor pid=302605)[0m 
[36m(ClientAppActor pid=302605)[0m         
[36m(ClientAppActor pid=302735)[0m 
[36m(ClientAppActor pid=302735)[0m         
[36m(ClientAppActor pid=302840)[0m 
[36m(ClientAppActor pid=302840)[0m         
[92mINFO [0m:      aggregate_evaluate: received 10 results and 0 failures
[92mINFO [0m:      
[92mINFO [0m:      [ROUND 5]
[92mINFO [0m:      configure_fit: strategy sampled 5 clients (out of 10)
[36m(ClientAppActor pid=302539)[0m 
[36m(ClientAppActor pid=302539)[0m         
[36m(ClientAppActor pid=302735)[0m 
[36m(ClientAppActor pid=302735)[0m         
[36m(ClientAppActor pid=302354)[0m 
[36m(ClientAppActor pid=302354)[0m         
[36m(ClientAppActor pid=302605)[0m 
[36m(ClientAppActor pid=302605)[0m         
[36m(ClientAppActor pid=302840)[0m /home/bk489/federated_clean/.venv/lib/python3.9/site-packages/sklearn/metrics/_classification.py:407: UserWarning: A single label was found in 'y_true' and 'y_pred'. For the confusion matrix to have the correct shape, use the 'labels' parameter to pass all known labels.
[36m(ClientAppActor pid=302840)[0m   warnings.warn(
[36m(ClientAppActor pid=302840)[0m 
[36m(ClientAppActor pid=302840)[0m         
[36m(ClientAppActor pid=302354)[0m /home/bk489/federated_clean/.venv/lib/python3.9/site-packages/sklearn/metrics/_classification.py:2524: UserWarning: y_pred contains classes not in y_true[32m [repeated 7x across cluster][0m
[36m(ClientAppActor pid=302354)[0m   warnings.warn("y_pred contains classes not in y_true")[32m [repeated 7x across cluster][0m
[36m(ClientAppActor pid=302539)[0m /home/bk489/federated_clean/cleanest_federated/fl-dermamnist-starter/data/download.py:27: UserWarning: The given NumPy array is not writable, and PyTorch does not support non-writable tensors. This means writing to this tensor will result in undefined behavior. You may want to copy the array to protect its data or make it writable before converting it to a tensor. This type of warning will be suppressed for the rest of this program. (Triggered internally at /pytorch/torch/csrc/utils/tensor_numpy.cpp:203.)[32m [repeated 201x across cluster][0m
[36m(ClientAppActor pid=302539)[0m   tensor = torch.as_tensor(image)[32m [repeated 201x across cluster][0m
[36m(ClientAppActor pid=302840)[0m [93mWARNING [0m:   DEPRECATED FEATURE: `client_fn` now expects a signature `def client_fn(context: Context)`.The provided `client_fn` has signature: {'cid': <Parameter "cid: 'str'">}. You can import the `Context` like this: `from flwr.common import Context`[32m [repeated 15x across cluster][0m
[36m(ClientAppActor pid=302840)[0m             This is a deprecated feature. It will be removed[32m [repeated 15x across cluster][0m
[36m(ClientAppActor pid=302840)[0m             entirely in future versions of Flower.[32m [repeated 15x across cluster][0m
[36m(ClientAppActor pid=302840)[0m /home/bk489/federated_clean/cleanest_federated/fl-dermamnist-starter/metrics/evaluation.py:68: UserWarning: AUROC set to NaN because present classes are [5], expected [0, 1, 2, 3, 4, 5, 6][32m [repeated 10x across cluster][0m
[36m(ClientAppActor pid=302840)[0m   warnings.warn(f'AUROC set to NaN because present classes are {present_classes}, expected {labels}')[32m [repeated 10x across cluster][0m
[92mINFO [0m:      aggregate_fit: received 5 results and 0 failures
[92mINFO [0m:      fit progress: (5, 1.2077663775574294, {'accuracy': 0.6689930209371885, 'balanced_accuracy': 0.14285714285714285, 'macro_f1': 0.11452466291175968, 'worst_class_f1': 0.0, 'worst_class_recall': 0.0, 'f1_actinic_keratoses_an': 0.0, 'recall_actinic_keratoses_an': 0.0, 'f1_basal_cell_carcinoma': 0.0, 'recall_basal_cell_carcinoma': 0.0, 'f1_benign_keratosis-lik': 0.0, 'recall_benign_keratosis-lik': 0.0, 'f1_dermatofibroma': 0.0, 'recall_dermatofibroma': 0.0, 'f1_melanoma': 0.0, 'recall_melanoma': 0.0, 'f1_melanocytic_nevi': 0.8016726403823178, 'recall_melanocytic_nevi': 1.0, 'f1_vascular_lesions': 0.0, 'recall_vascular_lesions': 0.0}, 37.24818304099608)
[92mINFO [0m:      configure_evaluate: strategy sampled 10 clients (out of 10)
[36m(ClientAppActor pid=302455)[0m 
[36m(ClientAppActor pid=302455)[0m         
[36m(ClientAppActor pid=302539)[0m 
[36m(ClientAppActor pid=302539)[0m         
[36m(ClientAppActor pid=302363)[0m 
[36m(ClientAppActor pid=302363)[0m         
[36m(ClientAppActor pid=302403)[0m 
[36m(ClientAppActor pid=302403)[0m         
[36m(ClientAppActor pid=302362)[0m 
[36m(ClientAppActor pid=302362)[0m         
[36m(ClientAppActor pid=302735)[0m 
[36m(ClientAppActor pid=302735)[0m         
[36m(ClientAppActor pid=302354)[0m 
[36m(ClientAppActor pid=302354)[0m         
[36m(ClientAppActor pid=302605)[0m 
[36m(ClientAppActor pid=302605)[0m         
[36m(ClientAppActor pid=302840)[0m 
[36m(ClientAppActor pid=302840)[0m         
[36m(ClientAppActor pid=302355)[0m 
[36m(ClientAppActor pid=302355)[0m         
[92mINFO [0m:      aggregate_evaluate: received 10 results and 0 failures
[92mINFO [0m:      
[92mINFO [0m:      [ROUND 6]
[92mINFO [0m:      configure_fit: strategy sampled 5 clients (out of 10)
[36m(ClientAppActor pid=302455)[0m 
[36m(ClientAppActor pid=302455)[0m         
[36m(ClientAppActor pid=302403)[0m 
[36m(ClientAppActor pid=302403)[0m         
[36m(ClientAppActor pid=302355)[0m 
[36m(ClientAppActor pid=302355)[0m         
[36m(ClientAppActor pid=302363)[0m 
[36m(ClientAppActor pid=302363)[0m         
[36m(ClientAppActor pid=302840)[0m 
[36m(ClientAppActor pid=302840)[0m         
[36m(ClientAppActor pid=302362)[0m /home/bk489/federated_clean/.venv/lib/python3.9/site-packages/sklearn/metrics/_classification.py:407: UserWarning: A single label was found in 'y_true' and 'y_pred'. For the confusion matrix to have the correct shape, use the 'labels' parameter to pass all known labels.[32m [repeated 2x across cluster][0m
[36m(ClientAppActor pid=302362)[0m   warnings.warn([32m [repeated 2x across cluster][0m
[36m(ClientAppActor pid=302354)[0m /home/bk489/federated_clean/.venv/lib/python3.9/site-packages/sklearn/metrics/_classification.py:2524: UserWarning: y_pred contains classes not in y_true[32m [repeated 3x across cluster][0m
[36m(ClientAppActor pid=302354)[0m   warnings.warn("y_pred contains classes not in y_true")[32m [repeated 3x across cluster][0m
[36m(ClientAppActor pid=302455)[0m /home/bk489/federated_clean/cleanest_federated/fl-dermamnist-starter/data/download.py:27: UserWarning: The given NumPy array is not writable, and PyTorch does not support non-writable tensors. This means writing to this tensor will result in undefined behavior. You may want to copy the array to protect its data or make it writable before converting it to a tensor. This type of warning will be suppressed for the rest of this program. (Triggered internally at /pytorch/torch/csrc/utils/tensor_numpy.cpp:203.)[32m [repeated 211x across cluster][0m
[36m(ClientAppActor pid=302455)[0m   tensor = torch.as_tensor(image)[32m [repeated 211x across cluster][0m
[36m(ClientAppActor pid=302840)[0m [93mWARNING [0m:   DEPRECATED FEATURE: `client_fn` now expects a signature `def client_fn(context: Context)`.The provided `client_fn` has signature: {'cid': <Parameter "cid: 'str'">}. You can import the `Context` like this: `from flwr.common import Context`[32m [repeated 15x across cluster][0m
[36m(ClientAppActor pid=302840)[0m             This is a deprecated feature. It will be removed[32m [repeated 15x across cluster][0m
[36m(ClientAppActor pid=302840)[0m             entirely in future versions of Flower.[32m [repeated 15x across cluster][0m
[36m(ClientAppActor pid=302840)[0m /home/bk489/federated_clean/cleanest_federated/fl-dermamnist-starter/metrics/evaluation.py:68: UserWarning: AUROC set to NaN because present classes are [0, 1, 2, 3, 5, 6], expected [0, 1, 2, 3, 4, 5, 6][32m [repeated 10x across cluster][0m
[36m(ClientAppActor pid=302840)[0m   warnings.warn(f'AUROC set to NaN because present classes are {present_classes}, expected {labels}')[32m [repeated 10x across cluster][0m
[92mINFO [0m:      aggregate_fit: received 5 results and 0 failures
[92mINFO [0m:      fit progress: (6, 1.0253882185887482, {'accuracy': 0.6699900299102692, 'balanced_accuracy': 0.14629234301365449, 'macro_f1': 0.12203435366719087, 'worst_class_f1': 0.0, 'worst_class_recall': 0.0, 'f1_actinic_keratoses_an': 0.0, 'recall_actinic_keratoses_an': 0.0, 'f1_basal_cell_carcinoma': 0.0, 'recall_basal_cell_carcinoma': 0.0, 'f1_benign_keratosis-lik': 0.0, 'recall_benign_keratosis-lik': 0.0, 'f1_dermatofibroma': 0.0, 'recall_dermatofibroma': 0.0, 'f1_melanoma': 0.047244094488188976, 'recall_melanoma': 0.02702702702702703, 'f1_melanocytic_nevi': 0.8069963811821471, 'recall_melanocytic_nevi': 0.9970193740685543, 'f1_vascular_lesions': 0.0, 'recall_vascular_lesions': 0.0}, 42.46800911001628)
[92mINFO [0m:      configure_evaluate: strategy sampled 10 clients (out of 10)
[36m(ClientAppActor pid=302455)[0m 
[36m(ClientAppActor pid=302455)[0m         
[36m(ClientAppActor pid=302363)[0m 
[36m(ClientAppActor pid=302363)[0m         
[36m(ClientAppActor pid=302403)[0m 
[36m(ClientAppActor pid=302403)[0m         
[36m(ClientAppActor pid=302355)[0m 
[36m(ClientAppActor pid=302355)[0m         
[36m(ClientAppActor pid=302840)[0m 
[36m(ClientAppActor pid=302840)[0m         
[36m(ClientAppActor pid=302362)[0m 
[36m(ClientAppActor pid=302362)[0m         
[36m(ClientAppActor pid=302735)[0m 
[36m(ClientAppActor pid=302735)[0m         
[36m(ClientAppActor pid=302354)[0m 
[36m(ClientAppActor pid=302354)[0m         
[36m(ClientAppActor pid=302539)[0m 
[36m(ClientAppActor pid=302539)[0m         
[36m(ClientAppActor pid=302605)[0m 
[36m(ClientAppActor pid=302605)[0m         
[92mINFO [0m:      aggregate_evaluate: received 10 results and 0 failures
[92mINFO [0m:      
[92mINFO [0m:      [ROUND 7]
[92mINFO [0m:      configure_fit: strategy sampled 5 clients (out of 10)
[36m(ClientAppActor pid=302539)[0m 
[36m(ClientAppActor pid=302539)[0m         
[36m(ClientAppActor pid=302355)[0m 
[36m(ClientAppActor pid=302355)[0m         
[36m(ClientAppActor pid=302735)[0m 
[36m(ClientAppActor pid=302735)[0m         
[36m(ClientAppActor pid=302354)[0m 
[36m(ClientAppActor pid=302354)[0m         
[36m(ClientAppActor pid=302605)[0m 
[36m(ClientAppActor pid=302605)[0m         
[36m(ClientAppActor pid=302840)[0m /home/bk489/federated_clean/.venv/lib/python3.9/site-packages/sklearn/metrics/_classification.py:407: UserWarning: A single label was found in 'y_true' and 'y_pred'. For the confusion matrix to have the correct shape, use the 'labels' parameter to pass all known labels.[32m [repeated 2x across cluster][0m
[36m(ClientAppActor pid=302840)[0m   warnings.warn([32m [repeated 2x across cluster][0m
[36m(ClientAppActor pid=302539)[0m /home/bk489/federated_clean/.venv/lib/python3.9/site-packages/sklearn/metrics/_classification.py:2524: UserWarning: y_pred contains classes not in y_true[32m [repeated 6x across cluster][0m
[36m(ClientAppActor pid=302539)[0m   warnings.warn("y_pred contains classes not in y_true")[32m [repeated 6x across cluster][0m
[36m(ClientAppActor pid=302539)[0m /home/bk489/federated_clean/cleanest_federated/fl-dermamnist-starter/data/download.py:27: UserWarning: The given NumPy array is not writable, and PyTorch does not support non-writable tensors. This means writing to this tensor will result in undefined behavior. You may want to copy the array to protect its data or make it writable before converting it to a tensor. This type of warning will be suppressed for the rest of this program. (Triggered internally at /pytorch/torch/csrc/utils/tensor_numpy.cpp:203.)[32m [repeated 193x across cluster][0m
[36m(ClientAppActor pid=302539)[0m   tensor = torch.as_tensor(image)[32m [repeated 193x across cluster][0m
[36m(ClientAppActor pid=302605)[0m [93mWARNING [0m:   DEPRECATED FEATURE: `client_fn` now expects a signature `def client_fn(context: Context)`.The provided `client_fn` has signature: {'cid': <Parameter "cid: 'str'">}. You can import the `Context` like this: `from flwr.common import Context`[32m [repeated 15x across cluster][0m
[36m(ClientAppActor pid=302605)[0m             This is a deprecated feature. It will be removed[32m [repeated 15x across cluster][0m
[36m(ClientAppActor pid=302605)[0m             entirely in future versions of Flower.[32m [repeated 15x across cluster][0m
[36m(ClientAppActor pid=302539)[0m /home/bk489/federated_clean/cleanest_federated/fl-dermamnist-starter/metrics/evaluation.py:68: UserWarning: AUROC set to NaN because present classes are [2, 3, 5], expected [0, 1, 2, 3, 4, 5, 6][32m [repeated 10x across cluster][0m
[36m(ClientAppActor pid=302539)[0m   warnings.warn(f'AUROC set to NaN because present classes are {present_classes}, expected {labels}')[32m [repeated 10x across cluster][0m
[92mINFO [0m:      aggregate_fit: received 5 results and 0 failures
[92mINFO [0m:      fit progress: (7, 1.1930318653048688, {'accuracy': 0.7018943170488534, 'balanced_accuracy': 0.2791053209085996, 'macro_f1': 0.2432146682090642, 'worst_class_f1': 0.0, 'worst_class_recall': 0.0, 'f1_actinic_keratoses_an': 0.0, 'recall_actinic_keratoses_an': 0.0, 'f1_basal_cell_carcinoma': 0.35714285714285715, 'recall_basal_cell_carcinoma': 0.28846153846153844, 'f1_benign_keratosis-lik': 0.484149855907781, 'recall_benign_keratosis-lik': 0.7636363636363637, 'f1_dermatofibroma': 0.0, 'recall_dermatofibroma': 0.0, 'f1_melanoma': 0.0, 'recall_melanoma': 0.0, 'f1_melanocytic_nevi': 0.8612099644128114, 'recall_melanocytic_nevi': 0.9016393442622951, 'f1_vascular_lesions': 0.0, 'recall_vascular_lesions': 0.0}, 46.788560373010114)
[92mINFO [0m:      configure_evaluate: strategy sampled 10 clients (out of 10)
[36m(ClientAppActor pid=302539)[0m 
[36m(ClientAppActor pid=302539)[0m         
[36m(ClientAppActor pid=302355)[0m 
[36m(ClientAppActor pid=302355)[0m         
[36m(ClientAppActor pid=302735)[0m 
[36m(ClientAppActor pid=302735)[0m         
[36m(ClientAppActor pid=302605)[0m 
[36m(ClientAppActor pid=302605)[0m         
[36m(ClientAppActor pid=302354)[0m 
[36m(ClientAppActor pid=302354)[0m         
[36m(ClientAppActor pid=302363)[0m 
[36m(ClientAppActor pid=302363)[0m         
[36m(ClientAppActor pid=302362)[0m 
[36m(ClientAppActor pid=302362)[0m         
[36m(ClientAppActor pid=302403)[0m 
[36m(ClientAppActor pid=302403)[0m         
[36m(ClientAppActor pid=302455)[0m 
[36m(ClientAppActor pid=302455)[0m         
[36m(ClientAppActor pid=302840)[0m 
[36m(ClientAppActor pid=302840)[0m         
[92mINFO [0m:      aggregate_evaluate: received 10 results and 0 failures
[92mINFO [0m:      
[92mINFO [0m:      [ROUND 8]
[92mINFO [0m:      configure_fit: strategy sampled 5 clients (out of 10)
[36m(ClientAppActor pid=302455)[0m 
[36m(ClientAppActor pid=302455)[0m         
[36m(ClientAppActor pid=302403)[0m 
[36m(ClientAppActor pid=302403)[0m         
[36m(ClientAppActor pid=302362)[0m 
[36m(ClientAppActor pid=302362)[0m         
[36m(ClientAppActor pid=302354)[0m 
[36m(ClientAppActor pid=302354)[0m         
[36m(ClientAppActor pid=302840)[0m 
[36m(ClientAppActor pid=302840)[0m         
[36m(ClientAppActor pid=302840)[0m /home/bk489/federated_clean/.venv/lib/python3.9/site-packages/sklearn/metrics/_classification.py:2524: UserWarning: y_pred contains classes not in y_true[32m [repeated 9x across cluster][0m
[36m(ClientAppActor pid=302840)[0m   warnings.warn("y_pred contains classes not in y_true")[32m [repeated 9x across cluster][0m
[92mINFO [0m:      aggregate_fit: received 5 results and 0 failures
[92mINFO [0m:      fit progress: (8, 1.2012302856502362, {'accuracy': 0.674975074775673, 'balanced_accuracy': 0.15064935064935064, 'macro_f1': 0.12923528880792365, 'worst_class_f1': 0.0, 'worst_class_recall': 0.0, 'f1_actinic_keratoses_an': 0.0, 'recall_actinic_keratoses_an': 0.0, 'f1_basal_cell_carcinoma': 0.0, 'recall_basal_cell_carcinoma': 0.0, 'f1_benign_keratosis-lik': 0.09523809523809523, 'recall_benign_keratosis-lik': 0.05454545454545454, 'f1_dermatofibroma': 0.0, 'recall_dermatofibroma': 0.0, 'f1_melanoma': 0.0, 'recall_melanoma': 0.0, 'f1_melanocytic_nevi': 0.8094089264173703, 'recall_melanocytic_nevi': 1.0, 'f1_vascular_lesions': 0.0, 'recall_vascular_lesions': 0.0}, 51.3018487910158)
[92mINFO [0m:      configure_evaluate: strategy sampled 10 clients (out of 10)
[36m(ClientAppActor pid=302455)[0m 
[36m(ClientAppActor pid=302455)[0m         
[36m(ClientAppActor pid=302455)[0m /home/bk489/federated_clean/cleanest_federated/fl-dermamnist-starter/data/download.py:27: UserWarning: The given NumPy array is not writable, and PyTorch does not support non-writable tensors. This means writing to this tensor will result in undefined behavior. You may want to copy the array to protect its data or make it writable before converting it to a tensor. This type of warning will be suppressed for the rest of this program. (Triggered internally at /pytorch/torch/csrc/utils/tensor_numpy.cpp:203.)[32m [repeated 182x across cluster][0m
[36m(ClientAppActor pid=302455)[0m   tensor = torch.as_tensor(image)[32m [repeated 182x across cluster][0m
[36m(ClientAppActor pid=302455)[0m [93mWARNING [0m:   DEPRECATED FEATURE: `client_fn` now expects a signature `def client_fn(context: Context)`.The provided `client_fn` has signature: {'cid': <Parameter "cid: 'str'">}. You can import the `Context` like this: `from flwr.common import Context`[32m [repeated 16x across cluster][0m
[36m(ClientAppActor pid=302455)[0m             This is a deprecated feature. It will be removed[32m [repeated 16x across cluster][0m
[36m(ClientAppActor pid=302455)[0m             entirely in future versions of Flower.[32m [repeated 16x across cluster][0m
[36m(ClientAppActor pid=302455)[0m /home/bk489/federated_clean/cleanest_federated/fl-dermamnist-starter/metrics/evaluation.py:68: UserWarning: AUROC set to NaN because present classes are [0, 4], expected [0, 1, 2, 3, 4, 5, 6][32m [repeated 11x across cluster][0m
[36m(ClientAppActor pid=302455)[0m   warnings.warn(f'AUROC set to NaN because present classes are {present_classes}, expected {labels}')[32m [repeated 11x across cluster][0m
[36m(ClientAppActor pid=302539)[0m 
[36m(ClientAppActor pid=302539)[0m         
[36m(ClientAppActor pid=302363)[0m 
[36m(ClientAppActor pid=302363)[0m         
[36m(ClientAppActor pid=302403)[0m 
[36m(ClientAppActor pid=302403)[0m         
[36m(ClientAppActor pid=302355)[0m 
[36m(ClientAppActor pid=302355)[0m         
[36m(ClientAppActor pid=302362)[0m 
[36m(ClientAppActor pid=302362)[0m         
[36m(ClientAppActor pid=302735)[0m 
[36m(ClientAppActor pid=302735)[0m         
[36m(ClientAppActor pid=302354)[0m 
[36m(ClientAppActor pid=302354)[0m         
[36m(ClientAppActor pid=302354)[0m /home/bk489/federated_clean/.venv/lib/python3.9/site-packages/sklearn/metrics/_classification.py:407: UserWarning: A single label was found in 'y_true' and 'y_pred'. For the confusion matrix to have the correct shape, use the 'labels' parameter to pass all known labels.
[36m(ClientAppActor pid=302354)[0m   warnings.warn(
[36m(ClientAppActor pid=302605)[0m 
[36m(ClientAppActor pid=302605)[0m         
[36m(ClientAppActor pid=302840)[0m 
[36m(ClientAppActor pid=302840)[0m         
[92mINFO [0m:      aggregate_evaluate: received 10 results and 0 failures
[92mINFO [0m:      
[92mINFO [0m:      [ROUND 9]
[92mINFO [0m:      configure_fit: strategy sampled 5 clients (out of 10)
[36m(ClientAppActor pid=302539)[0m 
[36m(ClientAppActor pid=302539)[0m         
[36m(ClientAppActor pid=302363)[0m 
[36m(ClientAppActor pid=302363)[0m         
[36m(ClientAppActor pid=302355)[0m 
[36m(ClientAppActor pid=302355)[0m         
[36m(ClientAppActor pid=302735)[0m 
[36m(ClientAppActor pid=302735)[0m         
[36m(ClientAppActor pid=302605)[0m 
[36m(ClientAppActor pid=302605)[0m         
[36m(ClientAppActor pid=302735)[0m /home/bk489/federated_clean/.venv/lib/python3.9/site-packages/sklearn/metrics/_classification.py:2524: UserWarning: y_pred contains classes not in y_true[32m [repeated 4x across cluster][0m
[36m(ClientAppActor pid=302735)[0m   warnings.warn("y_pred contains classes not in y_true")[32m [repeated 4x across cluster][0m
[92mINFO [0m:      aggregate_fit: received 5 results and 0 failures
[92mINFO [0m:      fit progress: (9, 1.3625531075364452, {'accuracy': 0.6739780658025922, 'balanced_accuracy': 0.15238095238095237, 'macro_f1': 0.13294175640057607, 'worst_class_f1': 0.0, 'worst_class_recall': 0.0, 'f1_actinic_keratoses_an': 0.05555555555555555, 'recall_actinic_keratoses_an': 0.030303030303030304, 'f1_basal_cell_carcinoma': 0.0, 'recall_basal_cell_carcinoma': 0.0, 'f1_benign_keratosis-lik': 0.06611570247933884, 'recall_benign_keratosis-lik': 0.03636363636363636, 'f1_dermatofibroma': 0.0, 'recall_dermatofibroma': 0.0, 'f1_melanoma': 0.0, 'recall_melanoma': 0.0, 'f1_melanocytic_nevi': 0.8089210367691381, 'recall_melanocytic_nevi': 1.0, 'f1_vascular_lesions': 0.0, 'recall_vascular_lesions': 0.0}, 55.807097821030766)
[92mINFO [0m:      configure_evaluate: strategy sampled 10 clients (out of 10)
[36m(ClientAppActor pid=302455)[0m 
[36m(ClientAppActor pid=302455)[0m         
[36m(ClientAppActor pid=302539)[0m 
[36m(ClientAppActor pid=302539)[0m         
[36m(ClientAppActor pid=302363)[0m 
[36m(ClientAppActor pid=302363)[0m         
[36m(ClientAppActor pid=302403)[0m 
[36m(ClientAppActor pid=302403)[0m         
[36m(ClientAppActor pid=302355)[0m 
[36m(ClientAppActor pid=302355)[0m         
[36m(ClientAppActor pid=302362)[0m 
[36m(ClientAppActor pid=302362)[0m         
[36m(ClientAppActor pid=302735)[0m 
[36m(ClientAppActor pid=302735)[0m         
[36m(ClientAppActor pid=302354)[0m 
[36m(ClientAppActor pid=302354)[0m         
[36m(ClientAppActor pid=302605)[0m 
[36m(ClientAppActor pid=302605)[0m         
[36m(ClientAppActor pid=302840)[0m 
[36m(ClientAppActor pid=302840)[0m         
[92mINFO [0m:      aggregate_evaluate: received 10 results and 0 failures
[92mINFO [0m:      
[92mINFO [0m:      [ROUND 10]
[92mINFO [0m:      configure_fit: strategy sampled 5 clients (out of 10)
[36m(ClientAppActor pid=302455)[0m 
[36m(ClientAppActor pid=302455)[0m         
[36m(ClientAppActor pid=302403)[0m 
[36m(ClientAppActor pid=302403)[0m         
[36m(ClientAppActor pid=302354)[0m 
[36m(ClientAppActor pid=302354)[0m         
[36m(ClientAppActor pid=302605)[0m 
[36m(ClientAppActor pid=302605)[0m         
[36m(ClientAppActor pid=302840)[0m 
[36m(ClientAppActor pid=302840)[0m         
[36m(ClientAppActor pid=302403)[0m /home/bk489/federated_clean/cleanest_federated/fl-dermamnist-starter/data/download.py:27: UserWarning: The given NumPy array is not writable, and PyTorch does not support non-writable tensors. This means writing to this tensor will result in undefined behavior. You may want to copy the array to protect its data or make it writable before converting it to a tensor. This type of warning will be suppressed for the rest of this program. (Triggered internally at /pytorch/torch/csrc/utils/tensor_numpy.cpp:203.)[32m [repeated 215x across cluster][0m
[36m(ClientAppActor pid=302403)[0m   tensor = torch.as_tensor(image)[32m [repeated 215x across cluster][0m
[36m(ClientAppActor pid=302840)[0m [93mWARNING [0m:   DEPRECATED FEATURE: `client_fn` now expects a signature `def client_fn(context: Context)`.The provided `client_fn` has signature: {'cid': <Parameter "cid: 'str'">}. You can import the `Context` like this: `from flwr.common import Context`[32m [repeated 29x across cluster][0m
[36m(ClientAppActor pid=302840)[0m             This is a deprecated feature. It will be removed[32m [repeated 29x across cluster][0m
[36m(ClientAppActor pid=302840)[0m             entirely in future versions of Flower.[32m [repeated 29x across cluster][0m
[36m(ClientAppActor pid=302840)[0m /home/bk489/federated_clean/cleanest_federated/fl-dermamnist-starter/metrics/evaluation.py:68: UserWarning: AUROC set to NaN because present classes are [5], expected [0, 1, 2, 3, 4, 5, 6][32m [repeated 19x across cluster][0m
[36m(ClientAppActor pid=302840)[0m   warnings.warn(f'AUROC set to NaN because present classes are {present_classes}, expected {labels}')[32m [repeated 19x across cluster][0m
[36m(ClientAppActor pid=302403)[0m /home/bk489/federated_clean/.venv/lib/python3.9/site-packages/sklearn/metrics/_classification.py:407: UserWarning: A single label was found in 'y_true' and 'y_pred'. For the confusion matrix to have the correct shape, use the 'labels' parameter to pass all known labels.[32m [repeated 2x across cluster][0m
[36m(ClientAppActor pid=302403)[0m   warnings.warn([32m [repeated 2x across cluster][0m
[36m(ClientAppActor pid=302840)[0m /home/bk489/federated_clean/.venv/lib/python3.9/site-packages/sklearn/metrics/_classification.py:2524: UserWarning: y_pred contains classes not in y_true[32m [repeated 5x across cluster][0m
[36m(ClientAppActor pid=302840)[0m   warnings.warn("y_pred contains classes not in y_true")[32m [repeated 5x across cluster][0m
[92mINFO [0m:      aggregate_fit: received 5 results and 0 failures
[92mINFO [0m:      fit progress: (10, 1.0860964203641517, {'accuracy': 0.7108673978065803, 'balanced_accuracy': 0.2775799532239813, 'macro_f1': 0.2751361585342468, 'worst_class_f1': 0.0, 'worst_class_recall': 0.0, 'f1_actinic_keratoses_an': 0.0, 'recall_actinic_keratoses_an': 0.0, 'f1_basal_cell_carcinoma': 0.16393442622950818, 'recall_basal_cell_carcinoma': 0.09615384615384616, 'f1_benign_keratosis-lik': 0.5033557046979866, 'recall_benign_keratosis-lik': 0.6818181818181818, 'f1_dermatofibroma': 0.15384615384615385, 'recall_dermatofibroma': 0.08333333333333333, 'f1_melanoma': 0.0, 'recall_melanoma': 0.0, 'f1_melanocytic_nevi': 0.8548168249660787, 'recall_melanocytic_nevi': 0.9388971684053651, 'f1_vascular_lesions': 0.25, 'recall_vascular_lesions': 0.14285714285714285}, 61.02508490800392)
[92mINFO [0m:      configure_evaluate: strategy sampled 10 clients (out of 10)
[36m(ClientAppActor pid=302455)[0m 
[36m(ClientAppActor pid=302455)[0m         
[36m(ClientAppActor pid=302539)[0m 
[36m(ClientAppActor pid=302539)[0m         
[36m(ClientAppActor pid=302363)[0m 
[36m(ClientAppActor pid=302363)[0m         
[36m(ClientAppActor pid=302403)[0m 
[36m(ClientAppActor pid=302403)[0m         
[36m(ClientAppActor pid=302355)[0m 
[36m(ClientAppActor pid=302355)[0m         
[36m(ClientAppActor pid=302362)[0m 
[36m(ClientAppActor pid=302362)[0m         
[36m(ClientAppActor pid=302735)[0m 
[36m(ClientAppActor pid=302735)[0m         
[36m(ClientAppActor pid=302354)[0m 
[36m(ClientAppActor pid=302354)[0m         
[36m(ClientAppActor pid=302605)[0m 
[36m(ClientAppActor pid=302605)[0m         
[36m(ClientAppActor pid=302840)[0m 
[36m(ClientAppActor pid=302840)[0m         
[92mINFO [0m:      aggregate_evaluate: received 10 results and 0 failures
[92mINFO [0m:      
[92mINFO [0m:      [ROUND 11]
[92mINFO [0m:      configure_fit: strategy sampled 5 clients (out of 10)
[36m(ClientAppActor pid=302539)[0m 
[36m(ClientAppActor pid=302539)[0m         
[36m(ClientAppActor pid=302363)[0m 
[36m(ClientAppActor pid=302363)[0m         
[36m(ClientAppActor pid=302403)[0m 
[36m(ClientAppActor pid=302403)[0m         
[36m(ClientAppActor pid=302355)[0m 
[36m(ClientAppActor pid=302355)[0m         
[36m(ClientAppActor pid=302735)[0m 
[36m(ClientAppActor pid=302735)[0m         
[36m(ClientAppActor pid=302539)[0m /home/bk489/federated_clean/cleanest_federated/fl-dermamnist-starter/data/download.py:27: UserWarning: The given NumPy array is not writable, and PyTorch does not support non-writable tensors. This means writing to this tensor will result in undefined behavior. You may want to copy the array to protect its data or make it writable before converting it to a tensor. This type of warning will be suppressed for the rest of this program. (Triggered internally at /pytorch/torch/csrc/utils/tensor_numpy.cpp:203.)[32m [repeated 185x across cluster][0m
[36m(ClientAppActor pid=302539)[0m   tensor = torch.as_tensor(image)[32m [repeated 185x across cluster][0m
[36m(ClientAppActor pid=302735)[0m [93mWARNING [0m:   DEPRECATED FEATURE: `client_fn` now expects a signature `def client_fn(context: Context)`.The provided `client_fn` has signature: {'cid': <Parameter "cid: 'str'">}. You can import the `Context` like this: `from flwr.common import Context`[32m [repeated 15x across cluster][0m
[36m(ClientAppActor pid=302735)[0m             This is a deprecated feature. It will be removed[32m [repeated 15x across cluster][0m
[36m(ClientAppActor pid=302735)[0m             entirely in future versions of Flower.[32m [repeated 15x across cluster][0m
[36m(ClientAppActor pid=302735)[0m /home/bk489/federated_clean/cleanest_federated/fl-dermamnist-starter/metrics/evaluation.py:68: UserWarning: AUROC set to NaN because present classes are [4, 5, 6], expected [0, 1, 2, 3, 4, 5, 6][32m [repeated 10x across cluster][0m
[36m(ClientAppActor pid=302735)[0m   warnings.warn(f'AUROC set to NaN because present classes are {present_classes}, expected {labels}')[32m [repeated 10x across cluster][0m
[36m(ClientAppActor pid=302735)[0m /home/bk489/federated_clean/.venv/lib/python3.9/site-packages/sklearn/metrics/_classification.py:2524: UserWarning: y_pred contains classes not in y_true[32m [repeated 8x across cluster][0m
[36m(ClientAppActor pid=302735)[0m   warnings.warn("y_pred contains classes not in y_true")[32m [repeated 8x across cluster][0m
[92mINFO [0m:      aggregate_fit: received 5 results and 0 failures
[92mINFO [0m:      fit progress: (11, 1.2670090275771122, {'accuracy': 0.7208374875373879, 'balanced_accuracy': 0.2729409934327967, 'macro_f1': 0.2899800567831976, 'worst_class_f1': 0.0, 'worst_class_recall': 0.0, 'f1_actinic_keratoses_an': 0.19047619047619047, 'recall_actinic_keratoses_an': 0.12121212121212122, 'f1_basal_cell_carcinoma': 0.3783783783783784, 'recall_basal_cell_carcinoma': 0.2692307692307692, 'f1_benign_keratosis-lik': 0.45132743362831856, 'recall_benign_keratosis-lik': 0.4636363636363636, 'f1_dermatofibroma': 0.15384615384615385, 'recall_dermatofibroma': 0.08333333333333333, 'f1_melanoma': 0.0, 'recall_melanoma': 0.0, 'f1_melanocytic_nevi': 0.8558322411533421, 'recall_melanocytic_nevi': 0.9731743666169895, 'f1_vascular_lesions': 0.0, 'recall_vascular_lesions': 0.0}, 66.61244734103093)
[92mINFO [0m:      configure_evaluate: strategy sampled 10 clients (out of 10)
[36m(ClientAppActor pid=302735)[0m 
[36m(ClientAppActor pid=302735)[0m         
[36m(ClientAppActor pid=302455)[0m 
[36m(ClientAppActor pid=302455)[0m         
[36m(ClientAppActor pid=302455)[0m /home/bk489/federated_clean/cleanest_federated/fl-dermamnist-starter/data/download.py:27: UserWarning: The given NumPy array is not writable, and PyTorch does not support non-writable tensors. This means writing to this tensor will result in undefined behavior. You may want to copy the array to protect its data or make it writable before converting it to a tensor. This type of warning will be suppressed for the rest of this program. (Triggered internally at /pytorch/torch/csrc/utils/tensor_numpy.cpp:203.)[32m [repeated 165x across cluster][0m
[36m(ClientAppActor pid=302455)[0m   tensor = torch.as_tensor(image)[32m [repeated 165x across cluster][0m
[36m(ClientAppActor pid=302455)[0m [93mWARNING [0m:   DEPRECATED FEATURE: `client_fn` now expects a signature `def client_fn(context: Context)`.The provided `client_fn` has signature: {'cid': <Parameter "cid: 'str'">}. You can import the `Context` like this: `from flwr.common import Context`[32m [repeated 2x across cluster][0m
[36m(ClientAppActor pid=302455)[0m             This is a deprecated feature. It will be removed[32m [repeated 2x across cluster][0m
[36m(ClientAppActor pid=302455)[0m             entirely in future versions of Flower.[32m [repeated 2x across cluster][0m
[36m(ClientAppActor pid=302539)[0m 
[36m(ClientAppActor pid=302539)[0m         
[36m(ClientAppActor pid=302539)[0m /home/bk489/federated_clean/cleanest_federated/fl-dermamnist-starter/metrics/evaluation.py:68: UserWarning: AUROC set to NaN because present classes are [1, 3, 4, 5], expected [0, 1, 2, 3, 4, 5, 6]
[36m(ClientAppActor pid=302539)[0m   warnings.warn(f'AUROC set to NaN because present classes are {present_classes}, expected {labels}')
[36m(ClientAppActor pid=302363)[0m 
[36m(ClientAppActor pid=302363)[0m         
[36m(ClientAppActor pid=302403)[0m 
[36m(ClientAppActor pid=302403)[0m         
[36m(ClientAppActor pid=302403)[0m /home/bk489/federated_clean/.venv/lib/python3.9/site-packages/sklearn/metrics/_classification.py:407: UserWarning: A single label was found in 'y_true' and 'y_pred'. For the confusion matrix to have the correct shape, use the 'labels' parameter to pass all known labels.
[36m(ClientAppActor pid=302403)[0m   warnings.warn(
[36m(ClientAppActor pid=302355)[0m 
[36m(ClientAppActor pid=302355)[0m         
[36m(ClientAppActor pid=302362)[0m 
[36m(ClientAppActor pid=302362)[0m         
[36m(ClientAppActor pid=302354)[0m 
[36m(ClientAppActor pid=302354)[0m         
[36m(ClientAppActor pid=302605)[0m 
[36m(ClientAppActor pid=302605)[0m         
[36m(ClientAppActor pid=302840)[0m 
[36m(ClientAppActor pid=302840)[0m         
[92mINFO [0m:      aggregate_evaluate: received 10 results and 0 failures
[92mINFO [0m:      
[92mINFO [0m:      [ROUND 12]
[92mINFO [0m:      configure_fit: strategy sampled 5 clients (out of 10)
[36m(ClientAppActor pid=302455)[0m 
[36m(ClientAppActor pid=302455)[0m         
[36m(ClientAppActor pid=302355)[0m 
[36m(ClientAppActor pid=302355)[0m         
[36m(ClientAppActor pid=302354)[0m 
[36m(ClientAppActor pid=302354)[0m         
[36m(ClientAppActor pid=302605)[0m 
[36m(ClientAppActor pid=302605)[0m         
[36m(ClientAppActor pid=302840)[0m 
[36m(ClientAppActor pid=302840)[0m         
[36m(ClientAppActor pid=302840)[0m /home/bk489/federated_clean/.venv/lib/python3.9/site-packages/sklearn/metrics/_classification.py:2524: UserWarning: y_pred contains classes not in y_true[32m [repeated 7x across cluster][0m
[36m(ClientAppActor pid=302840)[0m   warnings.warn("y_pred contains classes not in y_true")[32m [repeated 7x across cluster][0m
[92mINFO [0m:      aggregate_fit: received 5 results and 0 failures
[92mINFO [0m:      fit progress: (12, 0.8130508031944929, {'accuracy': 0.7318045862412762, 'balanced_accuracy': 0.2993471747570108, 'macro_f1': 0.28639997213181134, 'worst_class_f1': 0.0, 'worst_class_recall': 0.0, 'f1_actinic_keratoses_an': 0.0, 'recall_actinic_keratoses_an': 0.0, 'f1_basal_cell_carcinoma': 0.528, 'recall_basal_cell_carcinoma': 0.6346153846153846, 'f1_benign_keratosis-lik': 0.4421052631578947, 'recall_benign_keratosis-lik': 0.38181818181818183, 'f1_dermatofibroma': 0.13333333333333333, 'recall_dermatofibroma': 0.08333333333333333, 'f1_melanoma': 0.034782608695652174, 'recall_melanoma': 0.018018018018018018, 'f1_melanocytic_nevi': 0.8665785997357992, 'recall_melanocytic_nevi': 0.977645305514158, 'f1_vascular_lesions': 0.0, 'recall_vascular_lesions': 0.0}, 71.5808056560345)
[92mINFO [0m:      configure_evaluate: strategy sampled 10 clients (out of 10)
[36m(ClientAppActor pid=302455)[0m 
[36m(ClientAppActor pid=302455)[0m         
[36m(ClientAppActor pid=302539)[0m 
[36m(ClientAppActor pid=302539)[0m         
[36m(ClientAppActor pid=302363)[0m 
[36m(ClientAppActor pid=302363)[0m         
[36m(ClientAppActor pid=302403)[0m 
[36m(ClientAppActor pid=302403)[0m         
[36m(ClientAppActor pid=302355)[0m 
[36m(ClientAppActor pid=302355)[0m         
[36m(ClientAppActor pid=302362)[0m 
[36m(ClientAppActor pid=302362)[0m         
[36m(ClientAppActor pid=302735)[0m 
[36m(ClientAppActor pid=302735)[0m         
[36m(ClientAppActor pid=302354)[0m 
[36m(ClientAppActor pid=302354)[0m         
[36m(ClientAppActor pid=302605)[0m 
[36m(ClientAppActor pid=302605)[0m         
[36m(ClientAppActor pid=302840)[0m 
[36m(ClientAppActor pid=302840)[0m         
[92mINFO [0m:      aggregate_evaluate: received 10 results and 0 failures
[92mINFO [0m:      
[92mINFO [0m:      [ROUND 13]
[92mINFO [0m:      configure_fit: strategy sampled 5 clients (out of 10)
[36m(ClientAppActor pid=302539)[0m 
[36m(ClientAppActor pid=302539)[0m         
[36m(ClientAppActor pid=302539)[0m /home/bk489/federated_clean/cleanest_federated/fl-dermamnist-starter/data/download.py:27: UserWarning: The given NumPy array is not writable, and PyTorch does not support non-writable tensors. This means writing to this tensor will result in undefined behavior. You may want to copy the array to protect its data or make it writable before converting it to a tensor. This type of warning will be suppressed for the rest of this program. (Triggered internally at /pytorch/torch/csrc/utils/tensor_numpy.cpp:203.)[32m [repeated 211x across cluster][0m
[36m(ClientAppActor pid=302539)[0m   tensor = torch.as_tensor(image)[32m [repeated 211x across cluster][0m
[36m(ClientAppActor pid=302539)[0m [93mWARNING [0m:   DEPRECATED FEATURE: `client_fn` now expects a signature `def client_fn(context: Context)`.The provided `client_fn` has signature: {'cid': <Parameter "cid: 'str'">}. You can import the `Context` like this: `from flwr.common import Context`[32m [repeated 24x across cluster][0m
[36m(ClientAppActor pid=302539)[0m             This is a deprecated feature. It will be removed[32m [repeated 24x across cluster][0m
[36m(ClientAppActor pid=302539)[0m             entirely in future versions of Flower.[32m [repeated 24x across cluster][0m
[36m(ClientAppActor pid=302355)[0m /home/bk489/federated_clean/cleanest_federated/fl-dermamnist-starter/metrics/evaluation.py:68: UserWarning: AUROC set to NaN because present classes are [2, 3, 5], expected [0, 1, 2, 3, 4, 5, 6][32m [repeated 17x across cluster][0m
[36m(ClientAppActor pid=302355)[0m   warnings.warn(f'AUROC set to NaN because present classes are {present_classes}, expected {labels}')[32m [repeated 17x across cluster][0m
[36m(ClientAppActor pid=302354)[0m /home/bk489/federated_clean/.venv/lib/python3.9/site-packages/sklearn/metrics/_classification.py:407: UserWarning: A single label was found in 'y_true' and 'y_pred'. For the confusion matrix to have the correct shape, use the 'labels' parameter to pass all known labels.
[36m(ClientAppActor pid=302354)[0m   warnings.warn(
[36m(ClientAppActor pid=302363)[0m 
[36m(ClientAppActor pid=302363)[0m         
[36m(ClientAppActor pid=302355)[0m 
[36m(ClientAppActor pid=302355)[0m         
[36m(ClientAppActor pid=302362)[0m 
[36m(ClientAppActor pid=302362)[0m         
[36m(ClientAppActor pid=302735)[0m 
[36m(ClientAppActor pid=302735)[0m         
[36m(ClientAppActor pid=302735)[0m /home/bk489/federated_clean/.venv/lib/python3.9/site-packages/sklearn/metrics/_classification.py:2524: UserWarning: y_pred contains classes not in y_true[32m [repeated 8x across cluster][0m
[36m(ClientAppActor pid=302735)[0m   warnings.warn("y_pred contains classes not in y_true")[32m [repeated 8x across cluster][0m
[36m(ClientAppActor pid=302539)[0m /home/bk489/federated_clean/cleanest_federated/fl-dermamnist-starter/data/download.py:27: UserWarning: The given NumPy array is not writable, and PyTorch does not support non-writable tensors. This means writing to this tensor will result in undefined behavior. You may want to copy the array to protect its data or make it writable before converting it to a tensor. This type of warning will be suppressed for the rest of this program. (Triggered internally at /pytorch/torch/csrc/utils/tensor_numpy.cpp:203.)[32m [repeated 192x across cluster][0m
[36m(ClientAppActor pid=302539)[0m   tensor = torch.as_tensor(image)[32m [repeated 192x across cluster][0m
[36m(ClientAppActor pid=302735)[0m [93mWARNING [0m:   DEPRECATED FEATURE: `client_fn` now expects a signature `def client_fn(context: Context)`.The provided `client_fn` has signature: {'cid': <Parameter "cid: 'str'">}. You can import the `Context` like this: `from flwr.common import Context`[32m [repeated 4x across cluster][0m
[36m(ClientAppActor pid=302735)[0m             This is a deprecated feature. It will be removed[32m [repeated 4x across cluster][0m
[36m(ClientAppActor pid=302735)[0m             entirely in future versions of Flower.[32m [repeated 4x across cluster][0m
[36m(ClientAppActor pid=302735)[0m /home/bk489/federated_clean/cleanest_federated/fl-dermamnist-starter/metrics/evaluation.py:68: UserWarning: AUROC set to NaN because present classes are [5], expected [0, 1, 2, 3, 4, 5, 6][32m [repeated 2x across cluster][0m
[36m(ClientAppActor pid=302735)[0m   warnings.warn(f'AUROC set to NaN because present classes are {present_classes}, expected {labels}')[32m [repeated 2x across cluster][0m
[92mINFO [0m:      aggregate_fit: received 5 results and 0 failures
[92mINFO [0m:      fit progress: (13, 1.1056811716834665, {'accuracy': 0.6849451645064806, 'balanced_accuracy': 0.20910034540011121, 'macro_f1': 0.215391893140376, 'worst_class_f1': 0.0, 'worst_class_recall': 0.0, 'f1_actinic_keratoses_an': 0.05714285714285714, 'recall_actinic_keratoses_an': 0.030303030303030304, 'f1_basal_cell_carcinoma': 0.345679012345679, 'recall_basal_cell_carcinoma': 0.2692307692307692, 'f1_benign_keratosis-lik': 0.05172413793103448, 'recall_benign_keratosis-lik': 0.02727272727272727, 'f1_dermatofibroma': 0.0, 'recall_dermatofibroma': 0.0, 'f1_melanoma': 0.0, 'recall_melanoma': 0.0, 'f1_melanocytic_nevi': 0.8179031269160024, 'recall_melanocytic_nevi': 0.9940387481371088, 'f1_vascular_lesions': 0.23529411764705882, 'recall_vascular_lesions': 0.14285714285714285}, 77.52208643301856)
[92mINFO [0m:      configure_evaluate: strategy sampled 10 clients (out of 10)
[36m(ClientAppActor pid=302455)[0m 
[36m(ClientAppActor pid=302455)[0m         
[36m(ClientAppActor pid=302539)[0m 
[36m(ClientAppActor pid=302539)[0m         
[36m(ClientAppActor pid=302363)[0m 
[36m(ClientAppActor pid=302363)[0m         
[36m(ClientAppActor pid=302403)[0m 
[36m(ClientAppActor pid=302403)[0m         
[36m(ClientAppActor pid=302355)[0m 
[36m(ClientAppActor pid=302355)[0m         
[36m(ClientAppActor pid=302362)[0m 
[36m(ClientAppActor pid=302362)[0m         
[36m(ClientAppActor pid=302735)[0m 
[36m(ClientAppActor pid=302735)[0m         
[36m(ClientAppActor pid=302354)[0m 
[36m(ClientAppActor pid=302354)[0m         
[36m(ClientAppActor pid=302605)[0m 
[36m(ClientAppActor pid=302605)[0m         
[36m(ClientAppActor pid=302840)[0m 
[36m(ClientAppActor pid=302840)[0m         
[36m(ClientAppActor pid=302735)[0m /home/bk489/federated_clean/.venv/lib/python3.9/site-packages/sklearn/metrics/_classification.py:407: UserWarning: A single label was found in 'y_true' and 'y_pred'. For the confusion matrix to have the correct shape, use the 'labels' parameter to pass all known labels.
[36m(ClientAppActor pid=302735)[0m   warnings.warn(
[92mINFO [0m:      aggregate_evaluate: received 10 results and 0 failures
[92mINFO [0m:      
[92mINFO [0m:      [ROUND 14]
[92mINFO [0m:      configure_fit: strategy sampled 5 clients (out of 10)
[36m(ClientAppActor pid=302455)[0m 
[36m(ClientAppActor pid=302455)[0m         
[36m(ClientAppActor pid=302403)[0m 
[36m(ClientAppActor pid=302403)[0m         
[36m(ClientAppActor pid=302354)[0m 
[36m(ClientAppActor pid=302354)[0m         
[36m(ClientAppActor pid=302605)[0m 
[36m(ClientAppActor pid=302605)[0m         
[36m(ClientAppActor pid=302840)[0m 
[36m(ClientAppActor pid=302840)[0m         
[36m(ClientAppActor pid=302605)[0m /home/bk489/federated_clean/.venv/lib/python3.9/site-packages/sklearn/metrics/_classification.py:2524: UserWarning: y_pred contains classes not in y_true[32m [repeated 5x across cluster][0m
[36m(ClientAppActor pid=302605)[0m   warnings.warn("y_pred contains classes not in y_true")[32m [repeated 5x across cluster][0m
[36m(ClientAppActor pid=302354)[0m /home/bk489/federated_clean/cleanest_federated/fl-dermamnist-starter/data/download.py:27: UserWarning: The given NumPy array is not writable, and PyTorch does not support non-writable tensors. This means writing to this tensor will result in undefined behavior. You may want to copy the array to protect its data or make it writable before converting it to a tensor. This type of warning will be suppressed for the rest of this program. (Triggered internally at /pytorch/torch/csrc/utils/tensor_numpy.cpp:203.)[32m [repeated 169x across cluster][0m
[36m(ClientAppActor pid=302354)[0m   tensor = torch.as_tensor(image)[32m [repeated 169x across cluster][0m
[36m(ClientAppActor pid=302840)[0m [93mWARNING [0m:   DEPRECATED FEATURE: `client_fn` now expects a signature `def client_fn(context: Context)`.The provided `client_fn` has signature: {'cid': <Parameter "cid: 'str'">}. You can import the `Context` like this: `from flwr.common import Context`[32m [repeated 15x across cluster][0m
[36m(ClientAppActor pid=302840)[0m             This is a deprecated feature. It will be removed[32m [repeated 15x across cluster][0m
[36m(ClientAppActor pid=302840)[0m             entirely in future versions of Flower.[32m [repeated 15x across cluster][0m
[36m(ClientAppActor pid=302840)[0m /home/bk489/federated_clean/cleanest_federated/fl-dermamnist-starter/metrics/evaluation.py:68: UserWarning: AUROC set to NaN because present classes are [4, 5, 6], expected [0, 1, 2, 3, 4, 5, 6][32m [repeated 10x across cluster][0m
[36m(ClientAppActor pid=302840)[0m   warnings.warn(f'AUROC set to NaN because present classes are {present_classes}, expected {labels}')[32m [repeated 10x across cluster][0m
[92mINFO [0m:      aggregate_fit: received 5 results and 0 failures
[92mINFO [0m:      fit progress: (14, 1.525263861549697, {'accuracy': 0.674975074775673, 'balanced_accuracy': 0.16403358546215688, 'macro_f1': 0.15526165622129873, 'worst_class_f1': 0.0, 'worst_class_recall': 0.0, 'f1_actinic_keratoses_an': 0.05714285714285714, 'recall_actinic_keratoses_an': 0.030303030303030304, 'f1_basal_cell_carcinoma': 0.03773584905660377, 'recall_basal_cell_carcinoma': 0.019230769230769232, 'f1_benign_keratosis-lik': 0.05309734513274336, 'recall_benign_keratosis-lik': 0.02727272727272727, 'f1_dermatofibroma': 0.0, 'recall_dermatofibroma': 0.0, 'f1_melanoma': 0.0, 'recall_melanoma': 0.0, 'f1_melanocytic_nevi': 0.8055222088835534, 'recall_melanocytic_nevi': 1.0, 'f1_vascular_lesions': 0.13333333333333333, 'recall_vascular_lesions': 0.07142857142857142}, 82.79799934499897)
[92mINFO [0m:      configure_evaluate: strategy sampled 10 clients (out of 10)
[36m(ClientAppActor pid=302455)[0m 
[36m(ClientAppActor pid=302455)[0m         
[36m(ClientAppActor pid=302355)[0m /home/bk489/federated_clean/.venv/lib/python3.9/site-packages/sklearn/metrics/_classification.py:407: UserWarning: A single label was found in 'y_true' and 'y_pred'. For the confusion matrix to have the correct shape, use the 'labels' parameter to pass all known labels.
[36m(ClientAppActor pid=302355)[0m   warnings.warn(
[36m(ClientAppActor pid=302354)[0m 
[36m(ClientAppActor pid=302354)[0m         
[36m(ClientAppActor pid=302605)[0m 
[36m(ClientAppActor pid=302605)[0m         
[36m(ClientAppActor pid=302840)[0m 
[36m(ClientAppActor pid=302840)[0m         
[36m(ClientAppActor pid=302403)[0m 
[36m(ClientAppActor pid=302403)[0m         
[36m(ClientAppActor pid=302362)[0m 
[36m(ClientAppActor pid=302362)[0m         
[36m(ClientAppActor pid=302363)[0m 
[36m(ClientAppActor pid=302363)[0m         
[36m(ClientAppActor pid=302355)[0m 
[36m(ClientAppActor pid=302355)[0m         
[36m(ClientAppActor pid=302735)[0m 
[36m(ClientAppActor pid=302735)[0m         
[36m(ClientAppActor pid=302539)[0m 
[36m(ClientAppActor pid=302539)[0m         
[92mINFO [0m:      aggregate_evaluate: received 10 results and 0 failures
[92mINFO [0m:      
[92mINFO [0m:      [ROUND 15]
[92mINFO [0m:      configure_fit: strategy sampled 5 clients (out of 10)
[36m(ClientAppActor pid=302539)[0m 
[36m(ClientAppActor pid=302539)[0m         
[36m(ClientAppActor pid=302362)[0m /home/bk489/federated_clean/.venv/lib/python3.9/site-packages/sklearn/metrics/_classification.py:407: UserWarning: A single label was found in 'y_true' and 'y_pred'. For the confusion matrix to have the correct shape, use the 'labels' parameter to pass all known labels.
[36m(ClientAppActor pid=302362)[0m   warnings.warn(
[36m(ClientAppActor pid=302735)[0m 
[36m(ClientAppActor pid=302735)[0m         
[36m(ClientAppActor pid=302355)[0m 
[36m(ClientAppActor pid=302355)[0m         
[36m(ClientAppActor pid=302362)[0m 
[36m(ClientAppActor pid=302362)[0m         
[36m(ClientAppActor pid=302363)[0m 
[36m(ClientAppActor pid=302363)[0m         
[36m(ClientAppActor pid=302735)[0m /home/bk489/federated_clean/.venv/lib/python3.9/site-packages/sklearn/metrics/_classification.py:2524: UserWarning: y_pred contains classes not in y_true[32m [repeated 3x across cluster][0m
[36m(ClientAppActor pid=302735)[0m   warnings.warn("y_pred contains classes not in y_true")[32m [repeated 3x across cluster][0m
[36m(ClientAppActor pid=302355)[0m /home/bk489/federated_clean/cleanest_federated/fl-dermamnist-starter/data/download.py:27: UserWarning: The given NumPy array is not writable, and PyTorch does not support non-writable tensors. This means writing to this tensor will result in undefined behavior. You may want to copy the array to protect its data or make it writable before converting it to a tensor. This type of warning will be suppressed for the rest of this program. (Triggered internally at /pytorch/torch/csrc/utils/tensor_numpy.cpp:203.)[32m [repeated 207x across cluster][0m
[36m(ClientAppActor pid=302355)[0m   tensor = torch.as_tensor(image)[32m [repeated 207x across cluster][0m
[36m(ClientAppActor pid=302363)[0m [93mWARNING [0m:   DEPRECATED FEATURE: `client_fn` now expects a signature `def client_fn(context: Context)`.The provided `client_fn` has signature: {'cid': <Parameter "cid: 'str'">}. You can import the `Context` like this: `from flwr.common import Context`[32m [repeated 15x across cluster][0m
[36m(ClientAppActor pid=302363)[0m             This is a deprecated feature. It will be removed[32m [repeated 15x across cluster][0m
[36m(ClientAppActor pid=302363)[0m             entirely in future versions of Flower.[32m [repeated 15x across cluster][0m
[36m(ClientAppActor pid=302840)[0m /home/bk489/federated_clean/cleanest_federated/fl-dermamnist-starter/metrics/evaluation.py:68: UserWarning: AUROC set to NaN because present classes are [5], expected [0, 1, 2, 3, 4, 5, 6][32m [repeated 10x across cluster][0m
[36m(ClientAppActor pid=302840)[0m   warnings.warn(f'AUROC set to NaN because present classes are {present_classes}, expected {labels}')[32m [repeated 10x across cluster][0m
[92mINFO [0m:      aggregate_fit: received 5 results and 0 failures
[92mINFO [0m:      fit progress: (15, 0.9122945085123315, {'accuracy': 0.6939182452642074, 'balanced_accuracy': 0.25447470014214746, 'macro_f1': 0.2672307260485439, 'worst_class_f1': 0.0, 'worst_class_recall': 0.0, 'f1_actinic_keratoses_an': 0.2711864406779661, 'recall_actinic_keratoses_an': 0.24242424242424243, 'f1_basal_cell_carcinoma': 0.07272727272727272, 'recall_basal_cell_carcinoma': 0.038461538461538464, 'f1_benign_keratosis-lik': 0.11382113821138211, 'recall_benign_keratosis-lik': 0.06363636363636363, 'f1_dermatofibroma': 0.0, 'recall_dermatofibroma': 0.0, 'f1_melanoma': 0.14705882352941177, 'recall_melanoma': 0.09009009009009009, 'f1_melanocytic_nevi': 0.8310387984981227, 'recall_melanocytic_nevi': 0.9895678092399404, 'f1_vascular_lesions': 0.43478260869565216, 'recall_vascular_lesions': 0.35714285714285715}, 87.3686917910236)
[92mINFO [0m:      configure_evaluate: strategy sampled 10 clients (out of 10)
[36m(ClientAppActor pid=302455)[0m 
[36m(ClientAppActor pid=302455)[0m         
[36m(ClientAppActor pid=302539)[0m 
[36m(ClientAppActor pid=302539)[0m         
[36m(ClientAppActor pid=302363)[0m 
[36m(ClientAppActor pid=302363)[0m         
[36m(ClientAppActor pid=302403)[0m 
[36m(ClientAppActor pid=302403)[0m         
[36m(ClientAppActor pid=302355)[0m 
[36m(ClientAppActor pid=302355)[0m         
[36m(ClientAppActor pid=302362)[0m 
[36m(ClientAppActor pid=302362)[0m         
[36m(ClientAppActor pid=302735)[0m 
[36m(ClientAppActor pid=302735)[0m         
[36m(ClientAppActor pid=302354)[0m 
[36m(ClientAppActor pid=302354)[0m         
[36m(ClientAppActor pid=302605)[0m 
[36m(ClientAppActor pid=302605)[0m         
[36m(ClientAppActor pid=302840)[0m 
[36m(ClientAppActor pid=302840)[0m         
[92mINFO [0m:      aggregate_evaluate: received 10 results and 0 failures
[92mINFO [0m:      
[92mINFO [0m:      [ROUND 16]
[92mINFO [0m:      configure_fit: strategy sampled 5 clients (out of 10)
[36m(ClientAppActor pid=302539)[0m 
[36m(ClientAppActor pid=302539)[0m         
[36m(ClientAppActor pid=302403)[0m 
[36m(ClientAppActor pid=302403)[0m         
[36m(ClientAppActor pid=302735)[0m 
[36m(ClientAppActor pid=302735)[0m         
[36m(ClientAppActor pid=302605)[0m 
[36m(ClientAppActor pid=302605)[0m         
[36m(ClientAppActor pid=302840)[0m 
[36m(ClientAppActor pid=302840)[0m         
[36m(ClientAppActor pid=302455)[0m /home/bk489/federated_clean/.venv/lib/python3.9/site-packages/sklearn/metrics/_classification.py:407: UserWarning: A single label was found in 'y_true' and 'y_pred'. For the confusion matrix to have the correct shape, use the 'labels' parameter to pass all known labels.[32m [repeated 2x across cluster][0m
[36m(ClientAppActor pid=302455)[0m   warnings.warn([32m [repeated 2x across cluster][0m
[36m(ClientAppActor pid=302840)[0m /home/bk489/federated_clean/.venv/lib/python3.9/site-packages/sklearn/metrics/_classification.py:2524: UserWarning: y_pred contains classes not in y_true[32m [repeated 8x across cluster][0m
[36m(ClientAppActor pid=302840)[0m   warnings.warn("y_pred contains classes not in y_true")[32m [repeated 8x across cluster][0m
[92mINFO [0m:      aggregate_fit: received 5 results and 0 failures
[92mINFO [0m:      fit progress: (16, 0.9857901456586623, {'accuracy': 0.711864406779661, 'balanced_accuracy': 0.23036525682895706, 'macro_f1': 0.23542773555792845, 'worst_class_f1': 0.0, 'worst_class_recall': 0.0, 'f1_actinic_keratoses_an': 0.058823529411764705, 'recall_actinic_keratoses_an': 0.030303030303030304, 'f1_basal_cell_carcinoma': 0.0, 'recall_basal_cell_carcinoma': 0.0, 'f1_benign_keratosis-lik': 0.4413145539906103, 'recall_benign_keratosis-lik': 0.42727272727272725, 'f1_dermatofibroma': 0.0, 'recall_dermatofibroma': 0.0, 'f1_melanoma': 0.05042016806722689, 'recall_melanoma': 0.02702702702702703, 'f1_melanocytic_nevi': 0.8474358974358974, 'recall_melanocytic_nevi': 0.9850968703427719, 'f1_vascular_lesions': 0.25, 'recall_vascular_lesions': 0.14285714285714285}, 92.04834712500451)
[92mINFO [0m:      configure_evaluate: strategy sampled 10 clients (out of 10)
[36m(ClientAppActor pid=302455)[0m 
[36m(ClientAppActor pid=302455)[0m         
[36m(ClientAppActor pid=302539)[0m 
[36m(ClientAppActor pid=302539)[0m         
[36m(ClientAppActor pid=302403)[0m 
[36m(ClientAppActor pid=302403)[0m         
[36m(ClientAppActor pid=302735)[0m 
[36m(ClientAppActor pid=302735)[0m         
[36m(ClientAppActor pid=302605)[0m 
[36m(ClientAppActor pid=302605)[0m         
[36m(ClientAppActor pid=302840)[0m 
[36m(ClientAppActor pid=302840)[0m         
[36m(ClientAppActor pid=302354)[0m 
[36m(ClientAppActor pid=302354)[0m         
[36m(ClientAppActor pid=302363)[0m 
[36m(ClientAppActor pid=302363)[0m         
[36m(ClientAppActor pid=302605)[0m /home/bk489/federated_clean/cleanest_federated/fl-dermamnist-starter/data/download.py:27: UserWarning: The given NumPy array is not writable, and PyTorch does not support non-writable tensors. This means writing to this tensor will result in undefined behavior. You may want to copy the array to protect its data or make it writable before converting it to a tensor. This type of warning will be suppressed for the rest of this program. (Triggered internally at /pytorch/torch/csrc/utils/tensor_numpy.cpp:203.)[32m [repeated 216x across cluster][0m
[36m(ClientAppActor pid=302605)[0m   tensor = torch.as_tensor(image)[32m [repeated 216x across cluster][0m
[36m(ClientAppActor pid=302363)[0m [93mWARNING [0m:   DEPRECATED FEATURE: `client_fn` now expects a signature `def client_fn(context: Context)`.The provided `client_fn` has signature: {'cid': <Parameter "cid: 'str'">}. You can import the `Context` like this: `from flwr.common import Context`[32m [repeated 23x across cluster][0m
[36m(ClientAppActor pid=302363)[0m             This is a deprecated feature. It will be removed[32m [repeated 23x across cluster][0m
[36m(ClientAppActor pid=302363)[0m             entirely in future versions of Flower.[32m [repeated 23x across cluster][0m
[36m(ClientAppActor pid=302840)[0m /home/bk489/federated_clean/cleanest_federated/fl-dermamnist-starter/metrics/evaluation.py:68: UserWarning: AUROC set to NaN because present classes are [0, 4], expected [0, 1, 2, 3, 4, 5, 6][32m [repeated 10x across cluster][0m
[36m(ClientAppActor pid=302840)[0m   warnings.warn(f'AUROC set to NaN because present classes are {present_classes}, expected {labels}')[32m [repeated 10x across cluster][0m
[36m(ClientAppActor pid=302362)[0m 
[36m(ClientAppActor pid=302362)[0m         
[36m(ClientAppActor pid=302355)[0m 
[36m(ClientAppActor pid=302355)[0m         
[92mINFO [0m:      aggregate_evaluate: received 10 results and 0 failures
[92mINFO [0m:      
[92mINFO [0m:      [ROUND 17]
[92mINFO [0m:      configure_fit: strategy sampled 5 clients (out of 10)
[36m(ClientAppActor pid=302363)[0m 
[36m(ClientAppActor pid=302363)[0m         
[36m(ClientAppActor pid=302355)[0m 
[36m(ClientAppActor pid=302355)[0m         
[36m(ClientAppActor pid=302362)[0m 
[36m(ClientAppActor pid=302362)[0m         
[36m(ClientAppActor pid=302735)[0m 
[36m(ClientAppActor pid=302735)[0m         
[36m(ClientAppActor pid=302354)[0m 
[36m(ClientAppActor pid=302354)[0m         
[36m(ClientAppActor pid=302455)[0m /home/bk489/federated_clean/.venv/lib/python3.9/site-packages/sklearn/metrics/_classification.py:407: UserWarning: A single label was found in 'y_true' and 'y_pred'. For the confusion matrix to have the correct shape, use the 'labels' parameter to pass all known labels.
[36m(ClientAppActor pid=302455)[0m   warnings.warn(
[36m(ClientAppActor pid=302354)[0m /home/bk489/federated_clean/.venv/lib/python3.9/site-packages/sklearn/metrics/_classification.py:2524: UserWarning: y_pred contains classes not in y_true[32m [repeated 7x across cluster][0m
[36m(ClientAppActor pid=302354)[0m   warnings.warn("y_pred contains classes not in y_true")[32m [repeated 7x across cluster][0m
[92mINFO [0m:      aggregate_fit: received 5 results and 0 failures
[92mINFO [0m:      fit progress: (17, 1.0771437476900734, {'accuracy': 0.6939182452642074, 'balanced_accuracy': 0.24871659766273352, 'macro_f1': 0.26191147944059556, 'worst_class_f1': 0.0, 'worst_class_recall': 0.0, 'f1_actinic_keratoses_an': 0.15384615384615385, 'recall_actinic_keratoses_an': 0.09090909090909091, 'f1_basal_cell_carcinoma': 0.2777777777777778, 'recall_basal_cell_carcinoma': 0.19230769230769232, 'f1_benign_keratosis-lik': 0.0, 'recall_benign_keratosis-lik': 0.0, 'f1_dermatofibroma': 0.0, 'recall_dermatofibroma': 0.0, 'f1_melanoma': 0.17391304347826086, 'recall_melanoma': 0.10810810810810811, 'f1_melanocytic_nevi': 0.8278433809819764, 'recall_melanocytic_nevi': 0.992548435171386, 'f1_vascular_lesions': 0.4, 'recall_vascular_lesions': 0.35714285714285715}, 97.19726998201804)
[92mINFO [0m:      configure_evaluate: strategy sampled 10 clients (out of 10)
[36m(ClientAppActor pid=302355)[0m 
[36m(ClientAppActor pid=302355)[0m         
[36m(ClientAppActor pid=302735)[0m /home/bk489/federated_clean/cleanest_federated/fl-dermamnist-starter/data/download.py:27: UserWarning: The given NumPy array is not writable, and PyTorch does not support non-writable tensors. This means writing to this tensor will result in undefined behavior. You may want to copy the array to protect its data or make it writable before converting it to a tensor. This type of warning will be suppressed for the rest of this program. (Triggered internally at /pytorch/torch/csrc/utils/tensor_numpy.cpp:203.)[32m [repeated 194x across cluster][0m
[36m(ClientAppActor pid=302735)[0m   tensor = torch.as_tensor(image)[32m [repeated 194x across cluster][0m
[36m(ClientAppActor pid=302355)[0m [93mWARNING [0m:   DEPRECATED FEATURE: `client_fn` now expects a signature `def client_fn(context: Context)`.The provided `client_fn` has signature: {'cid': <Parameter "cid: 'str'">}. You can import the `Context` like this: `from flwr.common import Context`[32m [repeated 8x across cluster][0m
[36m(ClientAppActor pid=302355)[0m             This is a deprecated feature. It will be removed[32m [repeated 8x across cluster][0m
[36m(ClientAppActor pid=302355)[0m             entirely in future versions of Flower.[32m [repeated 8x across cluster][0m
[36m(ClientAppActor pid=302354)[0m /home/bk489/federated_clean/cleanest_federated/fl-dermamnist-starter/metrics/evaluation.py:68: UserWarning: AUROC set to NaN because present classes are [4, 5, 6], expected [0, 1, 2, 3, 4, 5, 6][32m [repeated 10x across cluster][0m
[36m(ClientAppActor pid=302354)[0m   warnings.warn(f'AUROC set to NaN because present classes are {present_classes}, expected {labels}')[32m [repeated 10x across cluster][0m
[36m(ClientAppActor pid=302735)[0m 
[36m(ClientAppActor pid=302735)[0m         
[36m(ClientAppActor pid=302354)[0m 
[36m(ClientAppActor pid=302354)[0m         
[36m(ClientAppActor pid=302363)[0m 
[36m(ClientAppActor pid=302363)[0m         
[36m(ClientAppActor pid=302362)[0m 
[36m(ClientAppActor pid=302362)[0m         
[36m(ClientAppActor pid=302455)[0m 
[36m(ClientAppActor pid=302455)[0m         
[36m(ClientAppActor pid=302539)[0m 
[36m(ClientAppActor pid=302539)[0m         
[36m(ClientAppActor pid=302403)[0m 
[36m(ClientAppActor pid=302403)[0m         
[36m(ClientAppActor pid=302362)[0m /home/bk489/federated_clean/.venv/lib/python3.9/site-packages/sklearn/metrics/_classification.py:407: UserWarning: A single label was found in 'y_true' and 'y_pred'. For the confusion matrix to have the correct shape, use the 'labels' parameter to pass all known labels.
[36m(ClientAppActor pid=302362)[0m   warnings.warn(
[36m(ClientAppActor pid=302605)[0m 
[36m(ClientAppActor pid=302605)[0m         
[36m(ClientAppActor pid=302840)[0m 
[36m(ClientAppActor pid=302840)[0m         
[92mINFO [0m:      aggregate_evaluate: received 10 results and 0 failures
[92mINFO [0m:      
[92mINFO [0m:      [ROUND 18]
[92mINFO [0m:      configure_fit: strategy sampled 5 clients (out of 10)
[36m(ClientAppActor pid=302539)[0m 
[36m(ClientAppActor pid=302539)[0m         
[36m(ClientAppActor pid=302363)[0m 
[36m(ClientAppActor pid=302363)[0m         
[36m(ClientAppActor pid=302403)[0m 
[36m(ClientAppActor pid=302403)[0m         
[36m(ClientAppActor pid=302605)[0m 
[36m(ClientAppActor pid=302605)[0m         
[36m(ClientAppActor pid=302840)[0m 
[36m(ClientAppActor pid=302840)[0m         
[36m(ClientAppActor pid=302354)[0m /home/bk489/federated_clean/.venv/lib/python3.9/site-packages/sklearn/metrics/_classification.py:2524: UserWarning: y_pred contains classes not in y_true[32m [repeated 6x across cluster][0m
[36m(ClientAppActor pid=302354)[0m   warnings.warn("y_pred contains classes not in y_true")[32m [repeated 6x across cluster][0m
[36m(ClientAppActor pid=302539)[0m /home/bk489/federated_clean/cleanest_federated/fl-dermamnist-starter/data/download.py:27: UserWarning: The given NumPy array is not writable, and PyTorch does not support non-writable tensors. This means writing to this tensor will result in undefined behavior. You may want to copy the array to protect its data or make it writable before converting it to a tensor. This type of warning will be suppressed for the rest of this program. (Triggered internally at /pytorch/torch/csrc/utils/tensor_numpy.cpp:203.)[32m [repeated 179x across cluster][0m
[36m(ClientAppActor pid=302539)[0m   tensor = torch.as_tensor(image)[32m [repeated 179x across cluster][0m
[36m(ClientAppActor pid=302840)[0m [93mWARNING [0m:   DEPRECATED FEATURE: `client_fn` now expects a signature `def client_fn(context: Context)`.The provided `client_fn` has signature: {'cid': <Parameter "cid: 'str'">}. You can import the `Context` like this: `from flwr.common import Context`[32m [repeated 14x across cluster][0m
[36m(ClientAppActor pid=302840)[0m             This is a deprecated feature. It will be removed[32m [repeated 14x across cluster][0m
[36m(ClientAppActor pid=302840)[0m             entirely in future versions of Flower.[32m [repeated 14x across cluster][0m
[36m(ClientAppActor pid=302605)[0m /home/bk489/federated_clean/cleanest_federated/fl-dermamnist-starter/metrics/evaluation.py:68: UserWarning: AUROC set to NaN because present classes are [5], expected [0, 1, 2, 3, 4, 5, 6][32m [repeated 10x across cluster][0m
[36m(ClientAppActor pid=302605)[0m   warnings.warn(f'AUROC set to NaN because present classes are {present_classes}, expected {labels}')[32m [repeated 10x across cluster][0m
[36m(ClientAppActor pid=302605)[0m /home/bk489/federated_clean/.venv/lib/python3.9/site-packages/sklearn/metrics/_classification.py:407: UserWarning: A single label was found in 'y_true' and 'y_pred'. For the confusion matrix to have the correct shape, use the 'labels' parameter to pass all known labels.
[36m(ClientAppActor pid=302605)[0m   warnings.warn(
[92mINFO [0m:      aggregate_fit: received 5 results and 0 failures
[92mINFO [0m:      fit progress: (18, 1.0787333662464753, {'accuracy': 0.7168494516450648, 'balanced_accuracy': 0.2928176819277522, 'macro_f1': 0.3293698788251139, 'worst_class_f1': 0.0, 'worst_class_recall': 0.0, 'f1_actinic_keratoses_an': 0.10526315789473684, 'recall_actinic_keratoses_an': 0.06060606060606061, 'f1_basal_cell_carcinoma': 0.3076923076923077, 'recall_basal_cell_carcinoma': 0.19230769230769232, 'f1_benign_keratosis-lik': 0.4120603015075377, 'recall_benign_keratosis-lik': 0.37272727272727274, 'f1_dermatofibroma': 0.13333333333333333, 'recall_dermatofibroma': 0.08333333333333333, 'f1_melanoma': 0.0, 'recall_melanoma': 0.0, 'f1_melanocytic_nevi': 0.8472400513478819, 'recall_melanocytic_nevi': 0.9836065573770492, 'f1_vascular_lesions': 0.5, 'recall_vascular_lesions': 0.35714285714285715}, 103.3162784120068)
[92mINFO [0m:      configure_evaluate: strategy sampled 10 clients (out of 10)
[36m(ClientAppActor pid=302455)[0m 
[36m(ClientAppActor pid=302455)[0m         
[36m(ClientAppActor pid=302539)[0m 
[36m(ClientAppActor pid=302539)[0m         
[36m(ClientAppActor pid=302363)[0m 
[36m(ClientAppActor pid=302363)[0m         
[36m(ClientAppActor pid=302403)[0m 
[36m(ClientAppActor pid=302403)[0m         
[36m(ClientAppActor pid=302355)[0m 
[36m(ClientAppActor pid=302355)[0m         
[36m(ClientAppActor pid=302362)[0m 
[36m(ClientAppActor pid=302362)[0m         
[36m(ClientAppActor pid=302735)[0m 
[36m(ClientAppActor pid=302735)[0m         
[36m(ClientAppActor pid=302354)[0m 
[36m(ClientAppActor pid=302354)[0m         
[36m(ClientAppActor pid=302605)[0m 
[36m(ClientAppActor pid=302605)[0m         
[36m(ClientAppActor pid=302840)[0m 
[36m(ClientAppActor pid=302840)[0m         
[92mINFO [0m:      aggregate_evaluate: received 10 results and 0 failures
[92mINFO [0m:      
[92mINFO [0m:      [ROUND 19]
[92mINFO [0m:      configure_fit: strategy sampled 5 clients (out of 10)
[36m(ClientAppActor pid=302455)[0m 
[36m(ClientAppActor pid=302455)[0m         
[36m(ClientAppActor pid=302403)[0m /home/bk489/federated_clean/.venv/lib/python3.9/site-packages/sklearn/metrics/_classification.py:407: UserWarning: A single label was found in 'y_true' and 'y_pred'. For the confusion matrix to have the correct shape, use the 'labels' parameter to pass all known labels.
[36m(ClientAppActor pid=302403)[0m   warnings.warn(
[36m(ClientAppActor pid=302355)[0m 
[36m(ClientAppActor pid=302355)[0m         
[36m(ClientAppActor pid=302362)[0m 
[36m(ClientAppActor pid=302362)[0m         
[36m(ClientAppActor pid=302735)[0m 
[36m(ClientAppActor pid=302735)[0m         
[36m(ClientAppActor pid=302354)[0m 
[36m(ClientAppActor pid=302354)[0m         
[36m(ClientAppActor pid=302840)[0m /home/bk489/federated_clean/.venv/lib/python3.9/site-packages/sklearn/metrics/_classification.py:2524: UserWarning: y_pred contains classes not in y_true[32m [repeated 6x across cluster][0m
[36m(ClientAppActor pid=302840)[0m   warnings.warn("y_pred contains classes not in y_true")[32m [repeated 6x across cluster][0m
[36m(ClientAppActor pid=302355)[0m /home/bk489/federated_clean/cleanest_federated/fl-dermamnist-starter/data/download.py:27: UserWarning: The given NumPy array is not writable, and PyTorch does not support non-writable tensors. This means writing to this tensor will result in undefined behavior. You may want to copy the array to protect its data or make it writable before converting it to a tensor. This type of warning will be suppressed for the rest of this program. (Triggered internally at /pytorch/torch/csrc/utils/tensor_numpy.cpp:203.)[32m [repeated 207x across cluster][0m
[36m(ClientAppActor pid=302355)[0m   tensor = torch.as_tensor(image)[32m [repeated 207x across cluster][0m
[36m(ClientAppActor pid=302354)[0m [93mWARNING [0m:   DEPRECATED FEATURE: `client_fn` now expects a signature `def client_fn(context: Context)`.The provided `client_fn` has signature: {'cid': <Parameter "cid: 'str'">}. You can import the `Context` like this: `from flwr.common import Context`[32m [repeated 15x across cluster][0m
[36m(ClientAppActor pid=302354)[0m             This is a deprecated feature. It will be removed[32m [repeated 15x across cluster][0m
[36m(ClientAppActor pid=302354)[0m             entirely in future versions of Flower.[32m [repeated 15x across cluster][0m
[36m(ClientAppActor pid=302840)[0m /home/bk489/federated_clean/cleanest_federated/fl-dermamnist-starter/metrics/evaluation.py:68: UserWarning: AUROC set to NaN because present classes are [0, 4], expected [0, 1, 2, 3, 4, 5, 6][32m [repeated 10x across cluster][0m
[36m(ClientAppActor pid=302840)[0m   warnings.warn(f'AUROC set to NaN because present classes are {present_classes}, expected {labels}')[32m [repeated 10x across cluster][0m
[92mINFO [0m:      aggregate_fit: received 5 results and 0 failures
[92mINFO [0m:      fit progress: (19, 1.009996331581922, {'accuracy': 0.7248255234297108, 'balanced_accuracy': 0.31146924893997496, 'macro_f1': 0.3474305937399972, 'worst_class_f1': 0.0, 'worst_class_recall': 0.0, 'f1_actinic_keratoses_an': 0.21739130434782608, 'recall_actinic_keratoses_an': 0.15151515151515152, 'f1_basal_cell_carcinoma': 0.43243243243243246, 'recall_basal_cell_carcinoma': 0.3076923076923077, 'f1_benign_keratosis-lik': 0.4307692307692308, 'recall_benign_keratosis-lik': 0.38181818181818183, 'f1_dermatofibroma': 0.0, 'recall_dermatofibroma': 0.0, 'f1_melanoma': 0.0, 'recall_melanoma': 0.0, 'f1_melanocytic_nevi': 0.851421188630491, 'recall_melanocytic_nevi': 0.9821162444113264, 'f1_vascular_lesions': 0.5, 'recall_vascular_lesions': 0.35714285714285715}, 108.70107693702448)
[92mINFO [0m:      configure_evaluate: strategy sampled 10 clients (out of 10)
[36m(ClientAppActor pid=302455)[0m 
[36m(ClientAppActor pid=302455)[0m         
[36m(ClientAppActor pid=302355)[0m 
[36m(ClientAppActor pid=302355)[0m         
[36m(ClientAppActor pid=302362)[0m 
[36m(ClientAppActor pid=302362)[0m         
[36m(ClientAppActor pid=302735)[0m 
[36m(ClientAppActor pid=302735)[0m         
[36m(ClientAppActor pid=302354)[0m 
[36m(ClientAppActor pid=302354)[0m         
[36m(ClientAppActor pid=302363)[0m 
[36m(ClientAppActor pid=302363)[0m         
[36m(ClientAppActor pid=302605)[0m 
[36m(ClientAppActor pid=302605)[0m         
[36m(ClientAppActor pid=302840)[0m 
[36m(ClientAppActor pid=302840)[0m         
[36m(ClientAppActor pid=302539)[0m 
[36m(ClientAppActor pid=302539)[0m         
[36m(ClientAppActor pid=302403)[0m 
[36m(ClientAppActor pid=302403)[0m         
[92mINFO [0m:      aggregate_evaluate: received 10 results and 0 failures
[92mINFO [0m:      
[92mINFO [0m:      [ROUND 20]
[92mINFO [0m:      configure_fit: strategy sampled 5 clients (out of 10)
[36m(ClientAppActor pid=302539)[0m 
[36m(ClientAppActor pid=302539)[0m         
[36m(ClientAppActor pid=302363)[0m 
[36m(ClientAppActor pid=302363)[0m         
[36m(ClientAppActor pid=302403)[0m /home/bk489/federated_clean/.venv/lib/python3.9/site-packages/sklearn/metrics/_classification.py:407: UserWarning: A single label was found in 'y_true' and 'y_pred'. For the confusion matrix to have the correct shape, use the 'labels' parameter to pass all known labels.
[36m(ClientAppActor pid=302403)[0m   warnings.warn(
[36m(ClientAppActor pid=302403)[0m 
[36m(ClientAppActor pid=302403)[0m         
[36m(ClientAppActor pid=302354)[0m 
[36m(ClientAppActor pid=302354)[0m         
[36m(ClientAppActor pid=302605)[0m 
[36m(ClientAppActor pid=302605)[0m         
[36m(ClientAppActor pid=302840)[0m /home/bk489/federated_clean/.venv/lib/python3.9/site-packages/sklearn/metrics/_classification.py:2524: UserWarning: y_pred contains classes not in y_true[32m [repeated 7x across cluster][0m
[36m(ClientAppActor pid=302840)[0m   warnings.warn("y_pred contains classes not in y_true")[32m [repeated 7x across cluster][0m
[36m(ClientAppActor pid=302403)[0m /home/bk489/federated_clean/cleanest_federated/fl-dermamnist-starter/data/download.py:27: UserWarning: The given NumPy array is not writable, and PyTorch does not support non-writable tensors. This means writing to this tensor will result in undefined behavior. You may want to copy the array to protect its data or make it writable before converting it to a tensor. This type of warning will be suppressed for the rest of this program. (Triggered internally at /pytorch/torch/csrc/utils/tensor_numpy.cpp:203.)[32m [repeated 195x across cluster][0m
[36m(ClientAppActor pid=302403)[0m   tensor = torch.as_tensor(image)[32m [repeated 195x across cluster][0m
[36m(ClientAppActor pid=302605)[0m [93mWARNING [0m:   DEPRECATED FEATURE: `client_fn` now expects a signature `def client_fn(context: Context)`.The provided `client_fn` has signature: {'cid': <Parameter "cid: 'str'">}. You can import the `Context` like this: `from flwr.common import Context`[32m [repeated 15x across cluster][0m
[36m(ClientAppActor pid=302605)[0m             This is a deprecated feature. It will be removed[32m [repeated 15x across cluster][0m
[36m(ClientAppActor pid=302605)[0m             entirely in future versions of Flower.[32m [repeated 15x across cluster][0m
[36m(ClientAppActor pid=302840)[0m /home/bk489/federated_clean/cleanest_federated/fl-dermamnist-starter/metrics/evaluation.py:68: UserWarning: AUROC set to NaN because present classes are [0, 1, 2], expected [0, 1, 2, 3, 4, 5, 6][32m [repeated 10x across cluster][0m
[36m(ClientAppActor pid=302840)[0m   warnings.warn(f'AUROC set to NaN because present classes are {present_classes}, expected {labels}')[32m [repeated 10x across cluster][0m
[92mINFO [0m:      aggregate_fit: received 5 results and 0 failures
[92mINFO [0m:      fit progress: (20, 0.853651244583301, {'accuracy': 0.7387836490528414, 'balanced_accuracy': 0.3463424817054794, 'macro_f1': 0.33443203252137, 'worst_class_f1': 0.0, 'worst_class_recall': 0.0, 'f1_actinic_keratoses_an': 0.058823529411764705, 'recall_actinic_keratoses_an': 0.030303030303030304, 'f1_basal_cell_carcinoma': 0.29411764705882354, 'recall_basal_cell_carcinoma': 0.19230769230769232, 'f1_benign_keratosis-lik': 0.5095057034220533, 'recall_benign_keratosis-lik': 0.6090909090909091, 'f1_dermatofibroma': 0.0, 'recall_dermatofibroma': 0.0, 'f1_melanoma': 0.09917355371900827, 'recall_melanoma': 0.05405405405405406, 'f1_melanocytic_nevi': 0.8794037940379403, 'recall_melanocytic_nevi': 0.9672131147540983, 'f1_vascular_lesions': 0.5, 'recall_vascular_lesions': 0.5714285714285714}, 112.81907210702775)
[92mINFO [0m:      configure_evaluate: strategy sampled 10 clients (out of 10)
[36m(ClientAppActor pid=302455)[0m 
[36m(ClientAppActor pid=302455)[0m         
[36m(ClientAppActor pid=302539)[0m 
[36m(ClientAppActor pid=302539)[0m         
[36m(ClientAppActor pid=302363)[0m 
[36m(ClientAppActor pid=302363)[0m         
[36m(ClientAppActor pid=302403)[0m 
[36m(ClientAppActor pid=302403)[0m         
[36m(ClientAppActor pid=302735)[0m 
[36m(ClientAppActor pid=302735)[0m         
[36m(ClientAppActor pid=302354)[0m 
[36m(ClientAppActor pid=302354)[0m         
[36m(ClientAppActor pid=302605)[0m 
[36m(ClientAppActor pid=302605)[0m         
[36m(ClientAppActor pid=302840)[0m 
[36m(ClientAppActor pid=302840)[0m         
[36m(ClientAppActor pid=302355)[0m 
[36m(ClientAppActor pid=302355)[0m         
[36m(ClientAppActor pid=302362)[0m 
[36m(ClientAppActor pid=302362)[0m         
[92mINFO [0m:      aggregate_evaluate: received 10 results and 0 failures
[92mINFO [0m:      
[92mINFO [0m:      [ROUND 21]
[92mINFO [0m:      configure_fit: strategy sampled 5 clients (out of 10)
[36m(ClientAppActor pid=302455)[0m 
[36m(ClientAppActor pid=302455)[0m         
[36m(ClientAppActor pid=302355)[0m 
[36m(ClientAppActor pid=302355)[0m         
[36m(ClientAppActor pid=302362)[0m 
[36m(ClientAppActor pid=302362)[0m         
[36m(ClientAppActor pid=302735)[0m 
[36m(ClientAppActor pid=302735)[0m         
[36m(ClientAppActor pid=302840)[0m 
[36m(ClientAppActor pid=302840)[0m         
[36m(ClientAppActor pid=302363)[0m /home/bk489/federated_clean/.venv/lib/python3.9/site-packages/sklearn/metrics/_classification.py:407: UserWarning: A single label was found in 'y_true' and 'y_pred'. For the confusion matrix to have the correct shape, use the 'labels' parameter to pass all known labels.
[36m(ClientAppActor pid=302363)[0m   warnings.warn(
[36m(ClientAppActor pid=302735)[0m /home/bk489/federated_clean/.venv/lib/python3.9/site-packages/sklearn/metrics/_classification.py:2524: UserWarning: y_pred contains classes not in y_true[32m [repeated 8x across cluster][0m
[36m(ClientAppActor pid=302735)[0m   warnings.warn("y_pred contains classes not in y_true")[32m [repeated 8x across cluster][0m
[36m(ClientAppActor pid=302355)[0m /home/bk489/federated_clean/cleanest_federated/fl-dermamnist-starter/data/download.py:27: UserWarning: The given NumPy array is not writable, and PyTorch does not support non-writable tensors. This means writing to this tensor will result in undefined behavior. You may want to copy the array to protect its data or make it writable before converting it to a tensor. This type of warning will be suppressed for the rest of this program. (Triggered internally at /pytorch/torch/csrc/utils/tensor_numpy.cpp:203.)[32m [repeated 197x across cluster][0m
[36m(ClientAppActor pid=302355)[0m   tensor = torch.as_tensor(image)[32m [repeated 197x across cluster][0m
[36m(ClientAppActor pid=302840)[0m [93mWARNING [0m:   DEPRECATED FEATURE: `client_fn` now expects a signature `def client_fn(context: Context)`.The provided `client_fn` has signature: {'cid': <Parameter "cid: 'str'">}. You can import the `Context` like this: `from flwr.common import Context`[32m [repeated 15x across cluster][0m
[36m(ClientAppActor pid=302840)[0m             This is a deprecated feature. It will be removed[32m [repeated 15x across cluster][0m
[36m(ClientAppActor pid=302840)[0m             entirely in future versions of Flower.[32m [repeated 15x across cluster][0m
[36m(ClientAppActor pid=302840)[0m /home/bk489/federated_clean/cleanest_federated/fl-dermamnist-starter/metrics/evaluation.py:68: UserWarning: AUROC set to NaN because present classes are [0, 1, 2, 3, 5, 6], expected [0, 1, 2, 3, 4, 5, 6][32m [repeated 10x across cluster][0m
[36m(ClientAppActor pid=302840)[0m   warnings.warn(f'AUROC set to NaN because present classes are {present_classes}, expected {labels}')[32m [repeated 10x across cluster][0m
[92mINFO [0m:      aggregate_fit: received 5 results and 0 failures
[92mINFO [0m:      fit progress: (21, 1.02961689150583, {'accuracy': 0.7018943170488534, 'balanced_accuracy': 0.2516297846508619, 'macro_f1': 0.27917078449511934, 'worst_class_f1': 0.0, 'worst_class_recall': 0.0, 'f1_actinic_keratoses_an': 0.2857142857142857, 'recall_actinic_keratoses_an': 0.24242424242424243, 'f1_basal_cell_carcinoma': 0.3380281690140845, 'recall_basal_cell_carcinoma': 0.23076923076923078, 'f1_benign_keratosis-lik': 0.21374045801526717, 'recall_benign_keratosis-lik': 0.12727272727272726, 'f1_dermatofibroma': 0.0, 'recall_dermatofibroma': 0.0, 'f1_melanoma': 0.05172413793103448, 'recall_melanoma': 0.02702702702702703, 'f1_melanocytic_nevi': 0.8296943231441049, 'recall_melanocytic_nevi': 0.9910581222056631, 'f1_vascular_lesions': 0.23529411764705882, 'recall_vascular_lesions': 0.14285714285714285}, 117.9042910610442)
[92mINFO [0m:      configure_evaluate: strategy sampled 10 clients (out of 10)
[36m(ClientAppActor pid=302455)[0m 
[36m(ClientAppActor pid=302455)[0m         
[36m(ClientAppActor pid=302539)[0m 
[36m(ClientAppActor pid=302539)[0m         
[36m(ClientAppActor pid=302363)[0m 
[36m(ClientAppActor pid=302363)[0m         
[36m(ClientAppActor pid=302403)[0m 
[36m(ClientAppActor pid=302403)[0m         
[36m(ClientAppActor pid=302355)[0m 
[36m(ClientAppActor pid=302355)[0m         
[36m(ClientAppActor pid=302362)[0m 
[36m(ClientAppActor pid=302362)[0m         
[36m(ClientAppActor pid=302735)[0m 
[36m(ClientAppActor pid=302735)[0m         
[36m(ClientAppActor pid=302354)[0m 
[36m(ClientAppActor pid=302354)[0m         
[36m(ClientAppActor pid=302605)[0m 
[36m(ClientAppActor pid=302605)[0m         
[36m(ClientAppActor pid=302840)[0m 
[36m(ClientAppActor pid=302840)[0m         
[36m(ClientAppActor pid=302362)[0m /home/bk489/federated_clean/.venv/lib/python3.9/site-packages/sklearn/metrics/_classification.py:407: UserWarning: A single label was found in 'y_true' and 'y_pred'. For the confusion matrix to have the correct shape, use the 'labels' parameter to pass all known labels.
[36m(ClientAppActor pid=302362)[0m   warnings.warn(
[92mINFO [0m:      aggregate_evaluate: received 10 results and 0 failures
[92mINFO [0m:      
[92mINFO [0m:      [ROUND 22]
[92mINFO [0m:      configure_fit: strategy sampled 5 clients (out of 10)
[36m(ClientAppActor pid=302539)[0m 
[36m(ClientAppActor pid=302539)[0m         
[36m(ClientAppActor pid=302363)[0m 
[36m(ClientAppActor pid=302363)[0m         
[36m(ClientAppActor pid=302403)[0m 
[36m(ClientAppActor pid=302403)[0m         
[36m(ClientAppActor pid=302354)[0m 
[36m(ClientAppActor pid=302354)[0m         
[36m(ClientAppActor pid=302605)[0m 
[36m(ClientAppActor pid=302605)[0m         
[36m(ClientAppActor pid=302354)[0m /home/bk489/federated_clean/.venv/lib/python3.9/site-packages/sklearn/metrics/_classification.py:2524: UserWarning: y_pred contains classes not in y_true[32m [repeated 7x across cluster][0m
[36m(ClientAppActor pid=302354)[0m   warnings.warn("y_pred contains classes not in y_true")[32m [repeated 7x across cluster][0m
[92mINFO [0m:      aggregate_fit: received 5 results and 0 failures
[92mINFO [0m:      fit progress: (22, 1.4653429405045058, {'accuracy': 0.6719840478564307, 'balanced_accuracy': 0.352567533949267, 'macro_f1': 0.30937392077898856, 'worst_class_f1': 0.0, 'worst_class_recall': 0.0, 'f1_actinic_keratoses_an': 0.058823529411764705, 'recall_actinic_keratoses_an': 0.030303030303030304, 'f1_basal_cell_carcinoma': 0.5688073394495413, 'recall_basal_cell_carcinoma': 0.5961538461538461, 'f1_benign_keratosis-lik': 0.4404494382022472, 'recall_benign_keratosis-lik': 0.8909090909090909, 'f1_dermatofibroma': 0.0, 'recall_dermatofibroma': 0.0, 'f1_melanoma': 0.0, 'recall_melanoma': 0.0, 'f1_melanocytic_nevi': 0.8475371383893667, 'recall_melanocytic_nevi': 0.8077496274217586, 'f1_vascular_lesions': 0.25, 'recall_vascular_lesions': 0.14285714285714285}, 122.29884831904201)
[92mINFO [0m:      configure_evaluate: strategy sampled 10 clients (out of 10)
[36m(ClientAppActor pid=302363)[0m 
[36m(ClientAppActor pid=302363)[0m         
[36m(ClientAppActor pid=302403)[0m 
[36m(ClientAppActor pid=302403)[0m         
[36m(ClientAppActor pid=302539)[0m 
[36m(ClientAppActor pid=302539)[0m         
[36m(ClientAppActor pid=302455)[0m 
[36m(ClientAppActor pid=302455)[0m         
[36m(ClientAppActor pid=302355)[0m 
[36m(ClientAppActor pid=302355)[0m         
[36m(ClientAppActor pid=302362)[0m 
[36m(ClientAppActor pid=302362)[0m         
[36m(ClientAppActor pid=302735)[0m 
[36m(ClientAppActor pid=302735)[0m         
[36m(ClientAppActor pid=302354)[0m 
[36m(ClientAppActor pid=302354)[0m         
[36m(ClientAppActor pid=302605)[0m 
[36m(ClientAppActor pid=302605)[0m         
[36m(ClientAppActor pid=302840)[0m 
[36m(ClientAppActor pid=302840)[0m         
[36m(ClientAppActor pid=302840)[0m /home/bk489/federated_clean/cleanest_federated/fl-dermamnist-starter/data/download.py:27: UserWarning: The given NumPy array is not writable, and PyTorch does not support non-writable tensors. This means writing to this tensor will result in undefined behavior. You may want to copy the array to protect its data or make it writable before converting it to a tensor. This type of warning will be suppressed for the rest of this program. (Triggered internally at /pytorch/torch/csrc/utils/tensor_numpy.cpp:203.)[32m [repeated 192x across cluster][0m
[36m(ClientAppActor pid=302840)[0m   tensor = torch.as_tensor(image)[32m [repeated 192x across cluster][0m
[36m(ClientAppActor pid=302840)[0m [93mWARNING [0m:   DEPRECATED FEATURE: `client_fn` now expects a signature `def client_fn(context: Context)`.The provided `client_fn` has signature: {'cid': <Parameter "cid: 'str'">}. You can import the `Context` like this: `from flwr.common import Context`[32m [repeated 25x across cluster][0m
[36m(ClientAppActor pid=302840)[0m             This is a deprecated feature. It will be removed[32m [repeated 25x across cluster][0m
[36m(ClientAppActor pid=302840)[0m             entirely in future versions of Flower.[32m [repeated 25x across cluster][0m
[36m(ClientAppActor pid=302362)[0m /home/bk489/federated_clean/cleanest_federated/fl-dermamnist-starter/metrics/evaluation.py:68: UserWarning: AUROC set to NaN because present classes are [5], expected [0, 1, 2, 3, 4, 5, 6][32m [repeated 19x across cluster][0m
[36m(ClientAppActor pid=302362)[0m   warnings.warn(f'AUROC set to NaN because present classes are {present_classes}, expected {labels}')[32m [repeated 19x across cluster][0m
[92mINFO [0m:      aggregate_evaluate: received 10 results and 0 failures
[92mINFO [0m:      
[92mINFO [0m:      [ROUND 23]
[92mINFO [0m:      configure_fit: strategy sampled 5 clients (out of 10)
[36m(ClientAppActor pid=302455)[0m 
[36m(ClientAppActor pid=302455)[0m         
[36m(ClientAppActor pid=302355)[0m 
[36m(ClientAppActor pid=302355)[0m         
[36m(ClientAppActor pid=302362)[0m 
[36m(ClientAppActor pid=302362)[0m         
[36m(ClientAppActor pid=302354)[0m 
[36m(ClientAppActor pid=302354)[0m         
[36m(ClientAppActor pid=302840)[0m 
[36m(ClientAppActor pid=302840)[0m         
[36m(ClientAppActor pid=302605)[0m /home/bk489/federated_clean/.venv/lib/python3.9/site-packages/sklearn/metrics/_classification.py:407: UserWarning: A single label was found in 'y_true' and 'y_pred'. For the confusion matrix to have the correct shape, use the 'labels' parameter to pass all known labels.
[36m(ClientAppActor pid=302605)[0m   warnings.warn(
[36m(ClientAppActor pid=302362)[0m /home/bk489/federated_clean/.venv/lib/python3.9/site-packages/sklearn/metrics/_classification.py:2524: UserWarning: y_pred contains classes not in y_true[32m [repeated 9x across cluster][0m
[36m(ClientAppActor pid=302362)[0m   warnings.warn("y_pred contains classes not in y_true")[32m [repeated 9x across cluster][0m
[36m(ClientAppActor pid=302355)[0m /home/bk489/federated_clean/cleanest_federated/fl-dermamnist-starter/data/download.py:27: UserWarning: The given NumPy array is not writable, and PyTorch does not support non-writable tensors. This means writing to this tensor will result in undefined behavior. You may want to copy the array to protect its data or make it writable before converting it to a tensor. This type of warning will be suppressed for the rest of this program. (Triggered internally at /pytorch/torch/csrc/utils/tensor_numpy.cpp:203.)[32m [repeated 164x across cluster][0m
[36m(ClientAppActor pid=302355)[0m   tensor = torch.as_tensor(image)[32m [repeated 164x across cluster][0m
[36m(ClientAppActor pid=302840)[0m [93mWARNING [0m:   DEPRECATED FEATURE: `client_fn` now expects a signature `def client_fn(context: Context)`.The provided `client_fn` has signature: {'cid': <Parameter "cid: 'str'">}. You can import the `Context` like this: `from flwr.common import Context`[32m [repeated 5x across cluster][0m
[36m(ClientAppActor pid=302840)[0m             This is a deprecated feature. It will be removed[32m [repeated 5x across cluster][0m
[36m(ClientAppActor pid=302840)[0m             entirely in future versions of Flower.[32m [repeated 5x across cluster][0m
[36m(ClientAppActor pid=302455)[0m /home/bk489/federated_clean/cleanest_federated/fl-dermamnist-starter/metrics/evaluation.py:68: UserWarning: AUROC set to NaN because present classes are [0, 1, 2, 3, 5, 6], expected [0, 1, 2, 3, 4, 5, 6]
[36m(ClientAppActor pid=302455)[0m   warnings.warn(f'AUROC set to NaN because present classes are {present_classes}, expected {labels}')
[92mINFO [0m:      aggregate_fit: received 5 results and 0 failures
[92mINFO [0m:      fit progress: (23, 1.492541136080817, {'accuracy': 0.6899302093718843, 'balanced_accuracy': 0.2130297493295151, 'macro_f1': 0.23436716871414648, 'worst_class_f1': 0.0, 'worst_class_recall': 0.0, 'f1_actinic_keratoses_an': 0.0, 'recall_actinic_keratoses_an': 0.0, 'f1_basal_cell_carcinoma': 0.21875, 'recall_basal_cell_carcinoma': 0.1346153846153846, 'f1_benign_keratosis-lik': 0.2127659574468085, 'recall_benign_keratosis-lik': 0.13636363636363635, 'f1_dermatofibroma': 0.15384615384615385, 'recall_dermatofibroma': 0.08333333333333333, 'f1_melanoma': 0.0, 'recall_melanoma': 0.0, 'f1_melanocytic_nevi': 0.8199139520590043, 'recall_melanocytic_nevi': 0.9940387481371088, 'f1_vascular_lesions': 0.23529411764705882, 'recall_vascular_lesions': 0.14285714285714285}, 128.62944029999198)
[92mINFO [0m:      configure_evaluate: strategy sampled 10 clients (out of 10)
[36m(ClientAppActor pid=302455)[0m 
[36m(ClientAppActor pid=302455)[0m         
[36m(ClientAppActor pid=302355)[0m 
[36m(ClientAppActor pid=302355)[0m         
[36m(ClientAppActor pid=302362)[0m 
[36m(ClientAppActor pid=302362)[0m         
[36m(ClientAppActor pid=302354)[0m 
[36m(ClientAppActor pid=302354)[0m         
[36m(ClientAppActor pid=302840)[0m 
[36m(ClientAppActor pid=302840)[0m         
[36m(ClientAppActor pid=302605)[0m 
[36m(ClientAppActor pid=302605)[0m         
[36m(ClientAppActor pid=302455)[0m /home/bk489/federated_clean/cleanest_federated/fl-dermamnist-starter/metrics/evaluation.py:68: UserWarning: AUROC set to NaN because present classes are [0, 4], expected [0, 1, 2, 3, 4, 5, 6]
[36m(ClientAppActor pid=302455)[0m   warnings.warn(f'AUROC set to NaN because present classes are {present_classes}, expected {labels}')
[36m(ClientAppActor pid=302539)[0m 
[36m(ClientAppActor pid=302539)[0m         
[36m(ClientAppActor pid=302363)[0m 
[36m(ClientAppActor pid=302363)[0m         
[36m(ClientAppActor pid=302403)[0m 
[36m(ClientAppActor pid=302403)[0m         
[36m(ClientAppActor pid=302362)[0m /home/bk489/federated_clean/.venv/lib/python3.9/site-packages/sklearn/metrics/_classification.py:407: UserWarning: A single label was found in 'y_true' and 'y_pred'. For the confusion matrix to have the correct shape, use the 'labels' parameter to pass all known labels.
[36m(ClientAppActor pid=302362)[0m   warnings.warn(
[36m(ClientAppActor pid=302735)[0m 
[36m(ClientAppActor pid=302735)[0m         
[92mINFO [0m:      aggregate_evaluate: received 10 results and 0 failures
[92mINFO [0m:      
[92mINFO [0m:      [ROUND 24]
[92mINFO [0m:      configure_fit: strategy sampled 5 clients (out of 10)
[36m(ClientAppActor pid=302539)[0m 
[36m(ClientAppActor pid=302539)[0m         
[36m(ClientAppActor pid=302363)[0m 
[36m(ClientAppActor pid=302363)[0m         
[36m(ClientAppActor pid=302403)[0m 
[36m(ClientAppActor pid=302403)[0m         
[36m(ClientAppActor pid=302735)[0m 
[36m(ClientAppActor pid=302735)[0m         
[36m(ClientAppActor pid=302605)[0m 
[36m(ClientAppActor pid=302605)[0m         
[36m(ClientAppActor pid=302403)[0m /home/bk489/federated_clean/.venv/lib/python3.9/site-packages/sklearn/metrics/_classification.py:2524: UserWarning: y_pred contains classes not in y_true[32m [repeated 5x across cluster][0m
[36m(ClientAppActor pid=302403)[0m   warnings.warn("y_pred contains classes not in y_true")[32m [repeated 5x across cluster][0m
[36m(ClientAppActor pid=302735)[0m /home/bk489/federated_clean/cleanest_federated/fl-dermamnist-starter/data/download.py:27: UserWarning: The given NumPy array is not writable, and PyTorch does not support non-writable tensors. This means writing to this tensor will result in undefined behavior. You may want to copy the array to protect its data or make it writable before converting it to a tensor. This type of warning will be suppressed for the rest of this program. (Triggered internally at /pytorch/torch/csrc/utils/tensor_numpy.cpp:203.)[32m [repeated 191x across cluster][0m
[36m(ClientAppActor pid=302735)[0m   tensor = torch.as_tensor(image)[32m [repeated 191x across cluster][0m
[36m(ClientAppActor pid=302605)[0m [93mWARNING [0m:   DEPRECATED FEATURE: `client_fn` now expects a signature `def client_fn(context: Context)`.The provided `client_fn` has signature: {'cid': <Parameter "cid: 'str'">}. You can import the `Context` like this: `from flwr.common import Context`[32m [repeated 15x across cluster][0m
[36m(ClientAppActor pid=302605)[0m             This is a deprecated feature. It will be removed[32m [repeated 15x across cluster][0m
[36m(ClientAppActor pid=302605)[0m             entirely in future versions of Flower.[32m [repeated 15x across cluster][0m
[92mINFO [0m:      aggregate_fit: received 5 results and 0 failures
[92mINFO [0m:      fit progress: (24, 0.8148084553859288, {'accuracy': 0.7298105682951147, 'balanced_accuracy': 0.2815412618691307, 'macro_f1': 0.2876953976663256, 'worst_class_f1': 0.0, 'worst_class_recall': 0.0, 'f1_actinic_keratoses_an': 0.0, 'recall_actinic_keratoses_an': 0.0, 'f1_basal_cell_carcinoma': 0.49504950495049505, 'recall_basal_cell_carcinoma': 0.4807692307692308, 'f1_benign_keratosis-lik': 0.21052631578947367, 'recall_benign_keratosis-lik': 0.12727272727272726, 'f1_dermatofibroma': 0.09523809523809523, 'recall_dermatofibroma': 0.08333333333333333, 'f1_melanoma': 0.3402061855670103, 'recall_melanoma': 0.2972972972972973, 'f1_melanocytic_nevi': 0.8728476821192053, 'recall_melanocytic_nevi': 0.9821162444113264, 'f1_vascular_lesions': 0.0, 'recall_vascular_lesions': 0.0}, 133.02390505804215)
[92mINFO [0m:      configure_evaluate: strategy sampled 10 clients (out of 10)
[36m(ClientAppActor pid=302539)[0m 
[36m(ClientAppActor pid=302539)[0m         
[36m(ClientAppActor pid=302403)[0m 
[36m(ClientAppActor pid=302403)[0m         
[36m(ClientAppActor pid=302735)[0m 
[36m(ClientAppActor pid=302735)[0m         
[36m(ClientAppActor pid=302605)[0m 
[36m(ClientAppActor pid=302605)[0m         
[36m(ClientAppActor pid=302363)[0m 
[36m(ClientAppActor pid=302363)[0m         
[36m(ClientAppActor pid=302455)[0m 
[36m(ClientAppActor pid=302455)[0m         
[36m(ClientAppActor pid=302355)[0m 
[36m(ClientAppActor pid=302355)[0m         
[36m(ClientAppActor pid=302362)[0m 
[36m(ClientAppActor pid=302362)[0m         
[36m(ClientAppActor pid=302354)[0m 
[36m(ClientAppActor pid=302354)[0m         
[36m(ClientAppActor pid=302840)[0m 
[36m(ClientAppActor pid=302840)[0m         
[92mINFO [0m:      aggregate_evaluate: received 10 results and 0 failures
[92mINFO [0m:      
[92mINFO [0m:      [ROUND 25]
[92mINFO [0m:      configure_fit: strategy sampled 5 clients (out of 10)
[36m(ClientAppActor pid=302455)[0m 
[36m(ClientAppActor pid=302455)[0m         
[36m(ClientAppActor pid=302355)[0m 
[36m(ClientAppActor pid=302355)[0m         
[36m(ClientAppActor pid=302362)[0m 
[36m(ClientAppActor pid=302362)[0m         
[36m(ClientAppActor pid=302354)[0m 
[36m(ClientAppActor pid=302354)[0m         
[36m(ClientAppActor pid=302840)[0m 
[36m(ClientAppActor pid=302840)[0m         
[36m(ClientAppActor pid=302840)[0m /home/bk489/federated_clean/cleanest_federated/fl-dermamnist-starter/metrics/evaluation.py:68: UserWarning: AUROC set to NaN because present classes are [2, 3, 5], expected [0, 1, 2, 3, 4, 5, 6][32m [repeated 19x across cluster][0m
[36m(ClientAppActor pid=302840)[0m   warnings.warn(f'AUROC set to NaN because present classes are {present_classes}, expected {labels}')[32m [repeated 19x across cluster][0m
[36m(ClientAppActor pid=302363)[0m /home/bk489/federated_clean/.venv/lib/python3.9/site-packages/sklearn/metrics/_classification.py:407: UserWarning: A single label was found in 'y_true' and 'y_pred'. For the confusion matrix to have the correct shape, use the 'labels' parameter to pass all known labels.[32m [repeated 2x across cluster][0m
[36m(ClientAppActor pid=302363)[0m   warnings.warn([32m [repeated 2x across cluster][0m
[36m(ClientAppActor pid=302840)[0m /home/bk489/federated_clean/.venv/lib/python3.9/site-packages/sklearn/metrics/_classification.py:2524: UserWarning: y_pred contains classes not in y_true[32m [repeated 9x across cluster][0m
[36m(ClientAppActor pid=302840)[0m   warnings.warn("y_pred contains classes not in y_true")[32m [repeated 9x across cluster][0m
[36m(ClientAppActor pid=302840)[0m /home/bk489/federated_clean/cleanest_federated/fl-dermamnist-starter/data/download.py:27: UserWarning: The given NumPy array is not writable, and PyTorch does not support non-writable tensors. This means writing to this tensor will result in undefined behavior. You may want to copy the array to protect its data or make it writable before converting it to a tensor. This type of warning will be suppressed for the rest of this program. (Triggered internally at /pytorch/torch/csrc/utils/tensor_numpy.cpp:203.)[32m [repeated 175x across cluster][0m
[36m(ClientAppActor pid=302840)[0m   tensor = torch.as_tensor(image)[32m [repeated 175x across cluster][0m
[36m(ClientAppActor pid=302840)[0m [93mWARNING [0m:   DEPRECATED FEATURE: `client_fn` now expects a signature `def client_fn(context: Context)`.The provided `client_fn` has signature: {'cid': <Parameter "cid: 'str'">}. You can import the `Context` like this: `from flwr.common import Context`[32m [repeated 15x across cluster][0m
[36m(ClientAppActor pid=302840)[0m             This is a deprecated feature. It will be removed[32m [repeated 15x across cluster][0m
[36m(ClientAppActor pid=302840)[0m             entirely in future versions of Flower.[32m [repeated 15x across cluster][0m
[92mINFO [0m:      aggregate_fit: received 5 results and 0 failures
[92mINFO [0m:      fit progress: (25, 1.3896443509865377, {'accuracy': 0.6859421734795613, 'balanced_accuracy': 0.21078231851065574, 'macro_f1': 0.2183866867349573, 'worst_class_f1': 0.0, 'worst_class_recall': 0.0, 'f1_actinic_keratoses_an': 0.0, 'recall_actinic_keratoses_an': 0.0, 'f1_basal_cell_carcinoma': 0.09523809523809523, 'recall_basal_cell_carcinoma': 0.057692307692307696, 'f1_benign_keratosis-lik': 0.0, 'recall_benign_keratosis-lik': 0.0, 'f1_dermatofibroma': 0.15384615384615385, 'recall_dermatofibroma': 0.08333333333333333, 'f1_melanoma': 0.1958041958041958, 'recall_melanoma': 0.12612612612612611, 'f1_melanocytic_nevi': 0.8229487970388649, 'recall_melanocytic_nevi': 0.9940387481371088, 'f1_vascular_lesions': 0.2608695652173913, 'recall_vascular_lesions': 0.21428571428571427}, 138.10211506101768)
[92mINFO [0m:      configure_evaluate: strategy sampled 10 clients (out of 10)
[36m(ClientAppActor pid=302362)[0m 
[36m(ClientAppActor pid=302362)[0m         
[36m(ClientAppActor pid=302354)[0m 
[36m(ClientAppActor pid=302354)[0m         
[36m(ClientAppActor pid=302840)[0m 
[36m(ClientAppActor pid=302840)[0m         
[36m(ClientAppActor pid=302455)[0m 
[36m(ClientAppActor pid=302455)[0m         
[36m(ClientAppActor pid=302539)[0m 
[36m(ClientAppActor pid=302539)[0m         
[36m(ClientAppActor pid=302363)[0m 
[36m(ClientAppActor pid=302363)[0m         
[36m(ClientAppActor pid=302403)[0m 
[36m(ClientAppActor pid=302403)[0m         
[36m(ClientAppActor pid=302355)[0m 
[36m(ClientAppActor pid=302355)[0m         
[36m(ClientAppActor pid=302735)[0m 
[36m(ClientAppActor pid=302735)[0m         
[36m(ClientAppActor pid=302605)[0m 
[36m(ClientAppActor pid=302605)[0m         
[92mINFO [0m:      aggregate_evaluate: received 10 results and 0 failures
[92mINFO [0m:      
[92mINFO [0m:      [ROUND 26]
[92mINFO [0m:      configure_fit: strategy sampled 5 clients (out of 10)
[36m(ClientAppActor pid=302539)[0m 
[36m(ClientAppActor pid=302539)[0m         
[36m(ClientAppActor pid=302363)[0m 
[36m(ClientAppActor pid=302363)[0m         
[36m(ClientAppActor pid=302403)[0m 
[36m(ClientAppActor pid=302403)[0m         
[36m(ClientAppActor pid=302735)[0m 
[36m(ClientAppActor pid=302735)[0m         
[36m(ClientAppActor pid=302605)[0m 
[36m(ClientAppActor pid=302605)[0m         
[36m(ClientAppActor pid=302735)[0m /home/bk489/federated_clean/cleanest_federated/fl-dermamnist-starter/metrics/evaluation.py:68: UserWarning: AUROC set to NaN because present classes are [2, 3, 5], expected [0, 1, 2, 3, 4, 5, 6][32m [repeated 10x across cluster][0m
[36m(ClientAppActor pid=302735)[0m   warnings.warn(f'AUROC set to NaN because present classes are {present_classes}, expected {labels}')[32m [repeated 10x across cluster][0m
[36m(ClientAppActor pid=302362)[0m /home/bk489/federated_clean/.venv/lib/python3.9/site-packages/sklearn/metrics/_classification.py:407: UserWarning: A single label was found in 'y_true' and 'y_pred'. For the confusion matrix to have the correct shape, use the 'labels' parameter to pass all known labels.
[36m(ClientAppActor pid=302362)[0m   warnings.warn(
[36m(ClientAppActor pid=302735)[0m /home/bk489/federated_clean/.venv/lib/python3.9/site-packages/sklearn/metrics/_classification.py:2524: UserWarning: y_pred contains classes not in y_true[32m [repeated 7x across cluster][0m
[36m(ClientAppActor pid=302735)[0m   warnings.warn("y_pred contains classes not in y_true")[32m [repeated 7x across cluster][0m
[92mINFO [0m:      aggregate_fit: received 5 results and 0 failures
[92mINFO [0m:      fit progress: (26, 1.2809805854605296, {'accuracy': 0.5972083748753739, 'balanced_accuracy': 0.30083127624111233, 'macro_f1': 0.23205365409716006, 'worst_class_f1': 0.0, 'worst_class_recall': 0.0, 'f1_actinic_keratoses_an': 0.0, 'recall_actinic_keratoses_an': 0.0, 'f1_basal_cell_carcinoma': 0.45217391304347826, 'recall_basal_cell_carcinoma': 0.5, 'f1_benign_keratosis-lik': 0.0, 'recall_benign_keratosis-lik': 0.0, 'f1_dermatofibroma': 0.0, 'recall_dermatofibroma': 0.0, 'f1_melanoma': 0.37523452157598497, 'recall_melanoma': 0.9009009009009009, 'f1_melanocytic_nevi': 0.7969671440606572, 'recall_melanocytic_nevi': 0.7049180327868853, 'f1_vascular_lesions': 0.0, 'recall_vascular_lesions': 0.0}, 141.7041816470446)
[92mINFO [0m:      configure_evaluate: strategy sampled 10 clients (out of 10)
[36m(ClientAppActor pid=302539)[0m 
[36m(ClientAppActor pid=302539)[0m         
[36m(ClientAppActor pid=302363)[0m 
[36m(ClientAppActor pid=302363)[0m         
[36m(ClientAppActor pid=302403)[0m 
[36m(ClientAppActor pid=302403)[0m         
[36m(ClientAppActor pid=302735)[0m 
[36m(ClientAppActor pid=302735)[0m         
[36m(ClientAppActor pid=302605)[0m 
[36m(ClientAppActor pid=302605)[0m         
[36m(ClientAppActor pid=302455)[0m 
[36m(ClientAppActor pid=302455)[0m         
[36m(ClientAppActor pid=302355)[0m 
[36m(ClientAppActor pid=302355)[0m         
[36m(ClientAppActor pid=302354)[0m 
[36m(ClientAppActor pid=302354)[0m         
[36m(ClientAppActor pid=302840)[0m 
[36m(ClientAppActor pid=302840)[0m         
[36m(ClientAppActor pid=302362)[0m 
[36m(ClientAppActor pid=302362)[0m         
[92mINFO [0m:      aggregate_evaluate: received 10 results and 0 failures
[92mINFO [0m:      
[92mINFO [0m:      [ROUND 27]
[92mINFO [0m:      configure_fit: strategy sampled 5 clients (out of 10)
[36m(ClientAppActor pid=302355)[0m 
[36m(ClientAppActor pid=302355)[0m         
[36m(ClientAppActor pid=302362)[0m /home/bk489/federated_clean/.venv/lib/python3.9/site-packages/sklearn/metrics/_classification.py:407: UserWarning: A single label was found in 'y_true' and 'y_pred'. For the confusion matrix to have the correct shape, use the 'labels' parameter to pass all known labels.
[36m(ClientAppActor pid=302362)[0m   warnings.warn(
[36m(ClientAppActor pid=302362)[0m 
[36m(ClientAppActor pid=302362)[0m         
[36m(ClientAppActor pid=302354)[0m 
[36m(ClientAppActor pid=302354)[0m         
[36m(ClientAppActor pid=302840)[0m 
[36m(ClientAppActor pid=302840)[0m         
[36m(ClientAppActor pid=302363)[0m 
[36m(ClientAppActor pid=302363)[0m         
[36m(ClientAppActor pid=302363)[0m /home/bk489/federated_clean/cleanest_federated/fl-dermamnist-starter/data/download.py:27: UserWarning: The given NumPy array is not writable, and PyTorch does not support non-writable tensors. This means writing to this tensor will result in undefined behavior. You may want to copy the array to protect its data or make it writable before converting it to a tensor. This type of warning will be suppressed for the rest of this program. (Triggered internally at /pytorch/torch/csrc/utils/tensor_numpy.cpp:203.)[32m [repeated 256x across cluster][0m
[36m(ClientAppActor pid=302363)[0m   tensor = torch.as_tensor(image)[32m [repeated 256x across cluster][0m
[36m(ClientAppActor pid=302363)[0m [93mWARNING [0m:   DEPRECATED FEATURE: `client_fn` now expects a signature `def client_fn(context: Context)`.The provided `client_fn` has signature: {'cid': <Parameter "cid: 'str'">}. You can import the `Context` like this: `from flwr.common import Context`[32m [repeated 30x across cluster][0m
[36m(ClientAppActor pid=302363)[0m             This is a deprecated feature. It will be removed[32m [repeated 30x across cluster][0m
[36m(ClientAppActor pid=302363)[0m             entirely in future versions of Flower.[32m [repeated 30x across cluster][0m
[36m(ClientAppActor pid=302840)[0m /home/bk489/federated_clean/cleanest_federated/fl-dermamnist-starter/metrics/evaluation.py:68: UserWarning: AUROC set to NaN because present classes are [0, 1, 2], expected [0, 1, 2, 3, 4, 5, 6][32m [repeated 10x across cluster][0m
[36m(ClientAppActor pid=302840)[0m   warnings.warn(f'AUROC set to NaN because present classes are {present_classes}, expected {labels}')[32m [repeated 10x across cluster][0m
[36m(ClientAppActor pid=302840)[0m /home/bk489/federated_clean/.venv/lib/python3.9/site-packages/sklearn/metrics/_classification.py:2524: UserWarning: y_pred contains classes not in y_true[32m [repeated 8x across cluster][0m
[36m(ClientAppActor pid=302840)[0m   warnings.warn("y_pred contains classes not in y_true")[32m [repeated 8x across cluster][0m
[92mINFO [0m:      aggregate_fit: received 5 results and 0 failures
[92mINFO [0m:      fit progress: (27, 0.864532976421497, {'accuracy': 0.7168494516450648, 'balanced_accuracy': 0.40504113372965833, 'macro_f1': 0.37916859916029705, 'worst_class_f1': 0.0, 'worst_class_recall': 0.0, 'f1_actinic_keratoses_an': 0.20833333333333334, 'recall_actinic_keratoses_an': 0.15151515151515152, 'f1_basal_cell_carcinoma': 0.5576923076923077, 'recall_basal_cell_carcinoma': 0.5576923076923077, 'f1_benign_keratosis-lik': 0.47368421052631576, 'recall_benign_keratosis-lik': 0.7363636363636363, 'f1_dermatofibroma': 0.0, 'recall_dermatofibroma': 0.0, 'f1_melanoma': 0.0, 'recall_melanoma': 0.0, 'f1_melanocytic_nevi': 0.8760088041085841, 'recall_melanocytic_nevi': 0.8897168405365127, 'f1_vascular_lesions': 0.5384615384615384, 'recall_vascular_lesions': 0.5}, 145.99634549103212)
[92mINFO [0m:      configure_evaluate: strategy sampled 10 clients (out of 10)
[36m(ClientAppActor pid=302363)[0m 
[36m(ClientAppActor pid=302363)[0m         
[36m(ClientAppActor pid=302355)[0m 
[36m(ClientAppActor pid=302355)[0m         
[36m(ClientAppActor pid=302354)[0m 
[36m(ClientAppActor pid=302354)[0m         
[36m(ClientAppActor pid=302840)[0m 
[36m(ClientAppActor pid=302840)[0m         
[36m(ClientAppActor pid=302362)[0m 
[36m(ClientAppActor pid=302362)[0m         
[36m(ClientAppActor pid=302455)[0m 
[36m(ClientAppActor pid=302455)[0m         
[36m(ClientAppActor pid=302539)[0m 
[36m(ClientAppActor pid=302539)[0m         
[36m(ClientAppActor pid=302403)[0m 
[36m(ClientAppActor pid=302403)[0m         
[36m(ClientAppActor pid=302735)[0m 
[36m(ClientAppActor pid=302735)[0m         
[36m(ClientAppActor pid=302605)[0m 
[36m(ClientAppActor pid=302605)[0m         
[92mINFO [0m:      aggregate_evaluate: received 10 results and 0 failures
[92mINFO [0m:      
[92mINFO [0m:      [ROUND 28]
[92mINFO [0m:      configure_fit: strategy sampled 5 clients (out of 10)
[36m(ClientAppActor pid=302455)[0m 
[36m(ClientAppActor pid=302455)[0m         
[36m(ClientAppActor pid=302539)[0m 
[36m(ClientAppActor pid=302539)[0m         
[36m(ClientAppActor pid=302403)[0m 
[36m(ClientAppActor pid=302403)[0m         
[36m(ClientAppActor pid=302735)[0m 
[36m(ClientAppActor pid=302735)[0m         
[36m(ClientAppActor pid=302605)[0m 
[36m(ClientAppActor pid=302605)[0m         
[36m(ClientAppActor pid=302539)[0m /home/bk489/federated_clean/cleanest_federated/fl-dermamnist-starter/data/download.py:27: UserWarning: The given NumPy array is not writable, and PyTorch does not support non-writable tensors. This means writing to this tensor will result in undefined behavior. You may want to copy the array to protect its data or make it writable before converting it to a tensor. This type of warning will be suppressed for the rest of this program. (Triggered internally at /pytorch/torch/csrc/utils/tensor_numpy.cpp:203.)[32m [repeated 217x across cluster][0m
[36m(ClientAppActor pid=302539)[0m   tensor = torch.as_tensor(image)[32m [repeated 217x across cluster][0m
[36m(ClientAppActor pid=302605)[0m [93mWARNING [0m:   DEPRECATED FEATURE: `client_fn` now expects a signature `def client_fn(context: Context)`.The provided `client_fn` has signature: {'cid': <Parameter "cid: 'str'">}. You can import the `Context` like this: `from flwr.common import Context`[32m [repeated 15x across cluster][0m
[36m(ClientAppActor pid=302605)[0m             This is a deprecated feature. It will be removed[32m [repeated 15x across cluster][0m
[36m(ClientAppActor pid=302605)[0m             entirely in future versions of Flower.[32m [repeated 15x across cluster][0m
[36m(ClientAppActor pid=302605)[0m /home/bk489/federated_clean/cleanest_federated/fl-dermamnist-starter/metrics/evaluation.py:68: UserWarning: AUROC set to NaN because present classes are [2, 3, 5], expected [0, 1, 2, 3, 4, 5, 6][32m [repeated 10x across cluster][0m
[36m(ClientAppActor pid=302605)[0m   warnings.warn(f'AUROC set to NaN because present classes are {present_classes}, expected {labels}')[32m [repeated 10x across cluster][0m
[36m(ClientAppActor pid=302605)[0m /home/bk489/federated_clean/.venv/lib/python3.9/site-packages/sklearn/metrics/_classification.py:2524: UserWarning: y_pred contains classes not in y_true[32m [repeated 9x across cluster][0m
[36m(ClientAppActor pid=302605)[0m   warnings.warn("y_pred contains classes not in y_true")[32m [repeated 9x across cluster][0m
[92mINFO [0m:      aggregate_fit: received 5 results and 0 failures
[92mINFO [0m:      fit progress: (28, 1.375220689792576, {'accuracy': 0.6889332003988036, 'balanced_accuracy': 0.21332879412504704, 'macro_f1': 0.2176540636036824, 'worst_class_f1': 0.0, 'worst_class_recall': 0.0, 'f1_actinic_keratoses_an': 0.0, 'recall_actinic_keratoses_an': 0.0, 'f1_basal_cell_carcinoma': 0.125, 'recall_basal_cell_carcinoma': 0.07692307692307693, 'f1_benign_keratosis-lik': 0.0, 'recall_benign_keratosis-lik': 0.0, 'f1_dermatofibroma': 0.0, 'recall_dermatofibroma': 0.0, 'f1_melanoma': 0.2112676056338028, 'recall_melanoma': 0.13513513513513514, 'f1_melanocytic_nevi': 0.8236744759556104, 'recall_melanocytic_nevi': 0.9955290611028316, 'f1_vascular_lesions': 0.36363636363636365, 'recall_vascular_lesions': 0.2857142857142857}, 150.9740072870045)
[92mINFO [0m:      configure_evaluate: strategy sampled 10 clients (out of 10)
[36m(ClientAppActor pid=302539)[0m 
[36m(ClientAppActor pid=302539)[0m         
[36m(ClientAppActor pid=302403)[0m 
[36m(ClientAppActor pid=302403)[0m         
[36m(ClientAppActor pid=302735)[0m 
[36m(ClientAppActor pid=302735)[0m         
[36m(ClientAppActor pid=302455)[0m 
[36m(ClientAppActor pid=302455)[0m         
[36m(ClientAppActor pid=302363)[0m 
[36m(ClientAppActor pid=302363)[0m         
[36m(ClientAppActor pid=302355)[0m 
[36m(ClientAppActor pid=302355)[0m         
[36m(ClientAppActor pid=302362)[0m 
[36m(ClientAppActor pid=302362)[0m         
[36m(ClientAppActor pid=302354)[0m 
[36m(ClientAppActor pid=302354)[0m         
[36m(ClientAppActor pid=302605)[0m 
[36m(ClientAppActor pid=302605)[0m         
[36m(ClientAppActor pid=302840)[0m 
[36m(ClientAppActor pid=302840)[0m         
[36m(ClientAppActor pid=302363)[0m /home/bk489/federated_clean/.venv/lib/python3.9/site-packages/sklearn/metrics/_classification.py:407: UserWarning: A single label was found in 'y_true' and 'y_pred'. For the confusion matrix to have the correct shape, use the 'labels' parameter to pass all known labels.
[36m(ClientAppActor pid=302363)[0m   warnings.warn(
[92mINFO [0m:      aggregate_evaluate: received 10 results and 0 failures
[92mINFO [0m:      
[92mINFO [0m:      [ROUND 29]
[92mINFO [0m:      configure_fit: strategy sampled 5 clients (out of 10)
[36m(ClientAppActor pid=302363)[0m 
[36m(ClientAppActor pid=302363)[0m         
[36m(ClientAppActor pid=302355)[0m 
[36m(ClientAppActor pid=302355)[0m         
[36m(ClientAppActor pid=302362)[0m 
[36m(ClientAppActor pid=302362)[0m         
[36m(ClientAppActor pid=302354)[0m 
[36m(ClientAppActor pid=302354)[0m         
[36m(ClientAppActor pid=302840)[0m 
[36m(ClientAppActor pid=302840)[0m         
[36m(ClientAppActor pid=302363)[0m /home/bk489/federated_clean/cleanest_federated/fl-dermamnist-starter/data/download.py:27: UserWarning: The given NumPy array is not writable, and PyTorch does not support non-writable tensors. This means writing to this tensor will result in undefined behavior. You may want to copy the array to protect its data or make it writable before converting it to a tensor. This type of warning will be suppressed for the rest of this program. (Triggered internally at /pytorch/torch/csrc/utils/tensor_numpy.cpp:203.)[32m [repeated 201x across cluster][0m
[36m(ClientAppActor pid=302363)[0m   tensor = torch.as_tensor(image)[32m [repeated 201x across cluster][0m
[36m(ClientAppActor pid=302840)[0m [93mWARNING [0m:   DEPRECATED FEATURE: `client_fn` now expects a signature `def client_fn(context: Context)`.The provided `client_fn` has signature: {'cid': <Parameter "cid: 'str'">}. You can import the `Context` like this: `from flwr.common import Context`[32m [repeated 15x across cluster][0m
[36m(ClientAppActor pid=302840)[0m             This is a deprecated feature. It will be removed[32m [repeated 15x across cluster][0m
[36m(ClientAppActor pid=302840)[0m             entirely in future versions of Flower.[32m [repeated 15x across cluster][0m
[36m(ClientAppActor pid=302840)[0m /home/bk489/federated_clean/cleanest_federated/fl-dermamnist-starter/metrics/evaluation.py:68: UserWarning: AUROC set to NaN because present classes are [0, 1, 2, 3, 5, 6], expected [0, 1, 2, 3, 4, 5, 6][32m [repeated 10x across cluster][0m
[36m(ClientAppActor pid=302840)[0m   warnings.warn(f'AUROC set to NaN because present classes are {present_classes}, expected {labels}')[32m [repeated 10x across cluster][0m
[36m(ClientAppActor pid=302840)[0m /home/bk489/federated_clean/.venv/lib/python3.9/site-packages/sklearn/metrics/_classification.py:2524: UserWarning: y_pred contains classes not in y_true[32m [repeated 7x across cluster][0m
[36m(ClientAppActor pid=302840)[0m   warnings.warn("y_pred contains classes not in y_true")[32m [repeated 7x across cluster][0m
[92mINFO [0m:      aggregate_fit: received 5 results and 0 failures
[92mINFO [0m:      fit progress: (29, 0.9187747149738452, {'accuracy': 0.711864406779661, 'balanced_accuracy': 0.3363230614987055, 'macro_f1': 0.345354198607862, 'worst_class_f1': 0.0, 'worst_class_recall': 0.0, 'f1_actinic_keratoses_an': 0.0, 'recall_actinic_keratoses_an': 0.0, 'f1_basal_cell_carcinoma': 0.43010752688172044, 'recall_basal_cell_carcinoma': 0.38461538461538464, 'f1_benign_keratosis-lik': 0.017857142857142856, 'recall_benign_keratosis-lik': 0.00909090909090909, 'f1_dermatofibroma': 0.15384615384615385, 'recall_dermatofibroma': 0.08333333333333333, 'f1_melanoma': 0.45674740484429066, 'recall_melanoma': 0.5945945945945946, 'f1_melanocytic_nevi': 0.8589211618257261, 'recall_melanocytic_nevi': 0.9254843517138599, 'f1_vascular_lesions': 0.5, 'recall_vascular_lesions': 0.35714285714285715}, 156.24555923399748)
[92mINFO [0m:      configure_evaluate: strategy sampled 10 clients (out of 10)
[36m(ClientAppActor pid=302363)[0m 
[36m(ClientAppActor pid=302363)[0m         
[36m(ClientAppActor pid=302354)[0m 
[36m(ClientAppActor pid=302354)[0m         
[36m(ClientAppActor pid=302840)[0m 
[36m(ClientAppActor pid=302840)[0m         
[36m(ClientAppActor pid=302455)[0m 
[36m(ClientAppActor pid=302455)[0m         
[36m(ClientAppActor pid=302539)[0m 
[36m(ClientAppActor pid=302539)[0m         
[36m(ClientAppActor pid=302363)[0m /home/bk489/federated_clean/.venv/lib/python3.9/site-packages/sklearn/metrics/_classification.py:407: UserWarning: A single label was found in 'y_true' and 'y_pred'. For the confusion matrix to have the correct shape, use the 'labels' parameter to pass all known labels.
[36m(ClientAppActor pid=302363)[0m   warnings.warn(
[36m(ClientAppActor pid=302403)[0m 
[36m(ClientAppActor pid=302403)[0m         
[36m(ClientAppActor pid=302355)[0m 
[36m(ClientAppActor pid=302355)[0m         
[36m(ClientAppActor pid=302362)[0m 
[36m(ClientAppActor pid=302362)[0m         
[36m(ClientAppActor pid=302735)[0m 
[36m(ClientAppActor pid=302735)[0m         
[36m(ClientAppActor pid=302605)[0m 
[36m(ClientAppActor pid=302605)[0m         
[92mINFO [0m:      aggregate_evaluate: received 10 results and 0 failures
[92mINFO [0m:      
[92mINFO [0m:      [ROUND 30]
[92mINFO [0m:      configure_fit: strategy sampled 5 clients (out of 10)
[36m(ClientAppActor pid=302455)[0m 
[36m(ClientAppActor pid=302455)[0m         
[36m(ClientAppActor pid=302539)[0m 
[36m(ClientAppActor pid=302539)[0m         
[36m(ClientAppActor pid=302403)[0m 
[36m(ClientAppActor pid=302403)[0m         
[36m(ClientAppActor pid=302735)[0m 
[36m(ClientAppActor pid=302735)[0m         
[36m(ClientAppActor pid=302840)[0m 
[36m(ClientAppActor pid=302840)[0m         
[36m(ClientAppActor pid=302455)[0m /home/bk489/federated_clean/cleanest_federated/fl-dermamnist-starter/data/download.py:27: UserWarning: The given NumPy array is not writable, and PyTorch does not support non-writable tensors. This means writing to this tensor will result in undefined behavior. You may want to copy the array to protect its data or make it writable before converting it to a tensor. This type of warning will be suppressed for the rest of this program. (Triggered internally at /pytorch/torch/csrc/utils/tensor_numpy.cpp:203.)[32m [repeated 145x across cluster][0m
[36m(ClientAppActor pid=302455)[0m   tensor = torch.as_tensor(image)[32m [repeated 145x across cluster][0m
[36m(ClientAppActor pid=302840)[0m [93mWARNING [0m:   DEPRECATED FEATURE: `client_fn` now expects a signature `def client_fn(context: Context)`.The provided `client_fn` has signature: {'cid': <Parameter "cid: 'str'">}. You can import the `Context` like this: `from flwr.common import Context`[32m [repeated 15x across cluster][0m
[36m(ClientAppActor pid=302840)[0m             This is a deprecated feature. It will be removed[32m [repeated 15x across cluster][0m
[36m(ClientAppActor pid=302840)[0m             entirely in future versions of Flower.[32m [repeated 15x across cluster][0m
[36m(ClientAppActor pid=302840)[0m /home/bk489/federated_clean/cleanest_federated/fl-dermamnist-starter/metrics/evaluation.py:68: UserWarning: AUROC set to NaN because present classes are [0, 1, 2], expected [0, 1, 2, 3, 4, 5, 6][32m [repeated 10x across cluster][0m
[36m(ClientAppActor pid=302840)[0m   warnings.warn(f'AUROC set to NaN because present classes are {present_classes}, expected {labels}')[32m [repeated 10x across cluster][0m
[36m(ClientAppActor pid=302840)[0m /home/bk489/federated_clean/.venv/lib/python3.9/site-packages/sklearn/metrics/_classification.py:2524: UserWarning: y_pred contains classes not in y_true[32m [repeated 6x across cluster][0m
[36m(ClientAppActor pid=302840)[0m   warnings.warn("y_pred contains classes not in y_true")[32m [repeated 6x across cluster][0m
[36m(ClientAppActor pid=302539)[0m /home/bk489/federated_clean/.venv/lib/python3.9/site-packages/sklearn/metrics/_classification.py:407: UserWarning: A single label was found in 'y_true' and 'y_pred'. For the confusion matrix to have the correct shape, use the 'labels' parameter to pass all known labels.
[36m(ClientAppActor pid=302539)[0m   warnings.warn(
[92mINFO [0m:      aggregate_fit: received 5 results and 0 failures
[92mINFO [0m:      fit progress: (30, 1.1576843910654664, {'accuracy': 0.715852442671984, 'balanced_accuracy': 0.2868037873892675, 'macro_f1': 0.3312606625368687, 'worst_class_f1': 0.017857142857142856, 'worst_class_recall': 0.009009009009009009, 'f1_actinic_keratoses_an': 0.11428571428571428, 'recall_actinic_keratoses_an': 0.06060606060606061, 'f1_basal_cell_carcinoma': 0.34285714285714286, 'recall_basal_cell_carcinoma': 0.23076923076923078, 'f1_benign_keratosis-lik': 0.3614457831325301, 'recall_benign_keratosis-lik': 0.2727272727272727, 'f1_dermatofibroma': 0.14285714285714285, 'recall_dermatofibroma': 0.08333333333333333, 'f1_melanoma': 0.017857142857142856, 'recall_melanoma': 0.009009009009009009, 'f1_melanocytic_nevi': 0.8395217117684078, 'recall_melanocytic_nevi': 0.9940387481371088, 'f1_vascular_lesions': 0.5, 'recall_vascular_lesions': 0.35714285714285715}, 162.50913734803908)
[92mINFO [0m:      configure_evaluate: strategy sampled 10 clients (out of 10)
[36m(ClientAppActor pid=302455)[0m 
[36m(ClientAppActor pid=302455)[0m         
[36m(ClientAppActor pid=302539)[0m 
[36m(ClientAppActor pid=302539)[0m         
[36m(ClientAppActor pid=302403)[0m 
[36m(ClientAppActor pid=302403)[0m         
[36m(ClientAppActor pid=302735)[0m 
[36m(ClientAppActor pid=302735)[0m         
[36m(ClientAppActor pid=302605)[0m 
[36m(ClientAppActor pid=302605)[0m         
[36m(ClientAppActor pid=302840)[0m 
[36m(ClientAppActor pid=302840)[0m         
[36m(ClientAppActor pid=302355)[0m 
[36m(ClientAppActor pid=302355)[0m         
[36m(ClientAppActor pid=302362)[0m 
[36m(ClientAppActor pid=302362)[0m         
[36m(ClientAppActor pid=302363)[0m 
[36m(ClientAppActor pid=302363)[0m         
[36m(ClientAppActor pid=302354)[0m 
[36m(ClientAppActor pid=302354)[0m         
[36m(ClientAppActor pid=302735)[0m /home/bk489/federated_clean/.venv/lib/python3.9/site-packages/sklearn/metrics/_classification.py:407: UserWarning: A single label was found in 'y_true' and 'y_pred'. For the confusion matrix to have the correct shape, use the 'labels' parameter to pass all known labels.
[36m(ClientAppActor pid=302735)[0m   warnings.warn(
[92mINFO [0m:      aggregate_evaluate: received 10 results and 0 failures
[92mINFO [0m:      
[92mINFO [0m:      [ROUND 31]
[92mINFO [0m:      configure_fit: strategy sampled 5 clients (out of 10)
[36m(ClientAppActor pid=302363)[0m 
[36m(ClientAppActor pid=302363)[0m         
[36m(ClientAppActor pid=302355)[0m 
[36m(ClientAppActor pid=302355)[0m         
[36m(ClientAppActor pid=302362)[0m 
[36m(ClientAppActor pid=302362)[0m         
[36m(ClientAppActor pid=302354)[0m 
[36m(ClientAppActor pid=302354)[0m         
[36m(ClientAppActor pid=302605)[0m 
[36m(ClientAppActor pid=302605)[0m         
[36m(ClientAppActor pid=302363)[0m /home/bk489/federated_clean/cleanest_federated/fl-dermamnist-starter/data/download.py:27: UserWarning: The given NumPy array is not writable, and PyTorch does not support non-writable tensors. This means writing to this tensor will result in undefined behavior. You may want to copy the array to protect its data or make it writable before converting it to a tensor. This type of warning will be suppressed for the rest of this program. (Triggered internally at /pytorch/torch/csrc/utils/tensor_numpy.cpp:203.)[32m [repeated 163x across cluster][0m
[36m(ClientAppActor pid=302363)[0m   tensor = torch.as_tensor(image)[32m [repeated 163x across cluster][0m
[36m(ClientAppActor pid=302605)[0m [93mWARNING [0m:   DEPRECATED FEATURE: `client_fn` now expects a signature `def client_fn(context: Context)`.The provided `client_fn` has signature: {'cid': <Parameter "cid: 'str'">}. You can import the `Context` like this: `from flwr.common import Context`[32m [repeated 15x across cluster][0m
[36m(ClientAppActor pid=302605)[0m             This is a deprecated feature. It will be removed[32m [repeated 15x across cluster][0m
[36m(ClientAppActor pid=302605)[0m             entirely in future versions of Flower.[32m [repeated 15x across cluster][0m
[36m(ClientAppActor pid=302354)[0m /home/bk489/federated_clean/cleanest_federated/fl-dermamnist-starter/metrics/evaluation.py:68: UserWarning: AUROC set to NaN because present classes are [4, 5, 6], expected [0, 1, 2, 3, 4, 5, 6][32m [repeated 10x across cluster][0m
[36m(ClientAppActor pid=302354)[0m   warnings.warn(f'AUROC set to NaN because present classes are {present_classes}, expected {labels}')[32m [repeated 10x across cluster][0m
[36m(ClientAppActor pid=302355)[0m /home/bk489/federated_clean/.venv/lib/python3.9/site-packages/sklearn/metrics/_classification.py:2524: UserWarning: y_pred contains classes not in y_true[32m [repeated 5x across cluster][0m
[36m(ClientAppActor pid=302355)[0m   warnings.warn("y_pred contains classes not in y_true")[32m [repeated 5x across cluster][0m
[92mINFO [0m:      aggregate_fit: received 5 results and 0 failures
[92mINFO [0m:      fit progress: (31, 0.8815504966205281, {'accuracy': 0.7248255234297108, 'balanced_accuracy': 0.33283082088702703, 'macro_f1': 0.35017234455397145, 'worst_class_f1': 0.09836065573770492, 'worst_class_recall': 0.05454545454545454, 'f1_actinic_keratoses_an': 0.18181818181818182, 'recall_actinic_keratoses_an': 0.12121212121212122, 'f1_basal_cell_carcinoma': 0.5645161290322581, 'recall_basal_cell_carcinoma': 0.6730769230769231, 'f1_benign_keratosis-lik': 0.09836065573770492, 'recall_benign_keratosis-lik': 0.05454545454545454, 'f1_dermatofibroma': 0.15384615384615385, 'recall_dermatofibroma': 0.08333333333333333, 'f1_melanoma': 0.27218934911242604, 'recall_melanoma': 0.2072072072072072, 'f1_melanocytic_nevi': 0.8646864686468647, 'recall_melanocytic_nevi': 0.9761549925484352, 'f1_vascular_lesions': 0.3157894736842105, 'recall_vascular_lesions': 0.21428571428571427}, 167.7334066700423)
[92mINFO [0m:      configure_evaluate: strategy sampled 10 clients (out of 10)
[36m(ClientAppActor pid=302455)[0m 
[36m(ClientAppActor pid=302455)[0m         
[36m(ClientAppActor pid=302363)[0m /home/bk489/federated_clean/.venv/lib/python3.9/site-packages/sklearn/metrics/_classification.py:407: UserWarning: A single label was found in 'y_true' and 'y_pred'. For the confusion matrix to have the correct shape, use the 'labels' parameter to pass all known labels.
[36m(ClientAppActor pid=302363)[0m   warnings.warn(
[36m(ClientAppActor pid=302539)[0m 
[36m(ClientAppActor pid=302539)[0m         
[36m(ClientAppActor pid=302363)[0m 
[36m(ClientAppActor pid=302363)[0m         
[36m(ClientAppActor pid=302355)[0m 
[36m(ClientAppActor pid=302355)[0m         
[36m(ClientAppActor pid=302362)[0m 
[36m(ClientAppActor pid=302362)[0m         
[36m(ClientAppActor pid=302735)[0m 
[36m(ClientAppActor pid=302735)[0m         
[36m(ClientAppActor pid=302354)[0m 
[36m(ClientAppActor pid=302354)[0m         
[36m(ClientAppActor pid=302605)[0m 
[36m(ClientAppActor pid=302605)[0m         
[36m(ClientAppActor pid=302840)[0m 
[36m(ClientAppActor pid=302840)[0m         
[36m(ClientAppActor pid=302403)[0m 
[36m(ClientAppActor pid=302403)[0m         
[92mINFO [0m:      aggregate_evaluate: received 10 results and 0 failures
[92mINFO [0m:      
[92mINFO [0m:      [ROUND 32]
[92mINFO [0m:      configure_fit: strategy sampled 5 clients (out of 10)
[36m(ClientAppActor pid=302539)[0m 
[36m(ClientAppActor pid=302539)[0m         
[36m(ClientAppActor pid=302403)[0m 
[36m(ClientAppActor pid=302403)[0m         
[36m(ClientAppActor pid=302362)[0m 
[36m(ClientAppActor pid=302362)[0m         
[36m(ClientAppActor pid=302735)[0m 
[36m(ClientAppActor pid=302735)[0m         
[36m(ClientAppActor pid=302840)[0m /home/bk489/federated_clean/.venv/lib/python3.9/site-packages/sklearn/metrics/_classification.py:407: UserWarning: A single label was found in 'y_true' and 'y_pred'. For the confusion matrix to have the correct shape, use the 'labels' parameter to pass all known labels.
[36m(ClientAppActor pid=302840)[0m   warnings.warn(
[36m(ClientAppActor pid=302840)[0m 
[36m(ClientAppActor pid=302840)[0m         
[36m(ClientAppActor pid=302539)[0m /home/bk489/federated_clean/cleanest_federated/fl-dermamnist-starter/data/download.py:27: UserWarning: The given NumPy array is not writable, and PyTorch does not support non-writable tensors. This means writing to this tensor will result in undefined behavior. You may want to copy the array to protect its data or make it writable before converting it to a tensor. This type of warning will be suppressed for the rest of this program. (Triggered internally at /pytorch/torch/csrc/utils/tensor_numpy.cpp:203.)[32m [repeated 194x across cluster][0m
[36m(ClientAppActor pid=302539)[0m   tensor = torch.as_tensor(image)[32m [repeated 194x across cluster][0m
[36m(ClientAppActor pid=302840)[0m [93mWARNING [0m:   DEPRECATED FEATURE: `client_fn` now expects a signature `def client_fn(context: Context)`.The provided `client_fn` has signature: {'cid': <Parameter "cid: 'str'">}. You can import the `Context` like this: `from flwr.common import Context`[32m [repeated 15x across cluster][0m
[36m(ClientAppActor pid=302840)[0m             This is a deprecated feature. It will be removed[32m [repeated 15x across cluster][0m
[36m(ClientAppActor pid=302840)[0m             entirely in future versions of Flower.[32m [repeated 15x across cluster][0m
[36m(ClientAppActor pid=302840)[0m /home/bk489/federated_clean/cleanest_federated/fl-dermamnist-starter/metrics/evaluation.py:68: UserWarning: AUROC set to NaN because present classes are [5], expected [0, 1, 2, 3, 4, 5, 6][32m [repeated 10x across cluster][0m
[36m(ClientAppActor pid=302840)[0m   warnings.warn(f'AUROC set to NaN because present classes are {present_classes}, expected {labels}')[32m [repeated 10x across cluster][0m
[36m(ClientAppActor pid=302605)[0m /home/bk489/federated_clean/.venv/lib/python3.9/site-packages/sklearn/metrics/_classification.py:2524: UserWarning: y_pred contains classes not in y_true[32m [repeated 8x across cluster][0m
[36m(ClientAppActor pid=302605)[0m   warnings.warn("y_pred contains classes not in y_true")[32m [repeated 8x across cluster][0m
[92mINFO [0m:      aggregate_fit: received 5 results and 0 failures
[92mINFO [0m:      fit progress: (32, 0.9592557776485341, {'accuracy': 0.7218344965104686, 'balanced_accuracy': 0.3049516985114175, 'macro_f1': 0.3108130332553127, 'worst_class_f1': 0.0, 'worst_class_recall': 0.0, 'f1_actinic_keratoses_an': 0.2962962962962963, 'recall_actinic_keratoses_an': 0.24242424242424243, 'f1_basal_cell_carcinoma': 0.5225225225225225, 'recall_basal_cell_carcinoma': 0.5576923076923077, 'f1_benign_keratosis-lik': 0.035398230088495575, 'recall_benign_keratosis-lik': 0.01818181818181818, 'f1_dermatofibroma': 0.0, 'recall_dermatofibroma': 0.0, 'f1_melanoma': 0.33707865168539325, 'recall_melanoma': 0.2702702702702703, 'f1_melanocytic_nevi': 0.859395532194481, 'recall_melanocytic_nevi': 0.9746646795827124, 'f1_vascular_lesions': 0.125, 'recall_vascular_lesions': 0.07142857142857142}, 172.27139177103527)
[92mINFO [0m:      configure_evaluate: strategy sampled 10 clients (out of 10)
[36m(ClientAppActor pid=302362)[0m 
[36m(ClientAppActor pid=302362)[0m         
[36m(ClientAppActor pid=302455)[0m 
[36m(ClientAppActor pid=302455)[0m         
[36m(ClientAppActor pid=302539)[0m 
[36m(ClientAppActor pid=302539)[0m         
[36m(ClientAppActor pid=302363)[0m 
[36m(ClientAppActor pid=302363)[0m         
[36m(ClientAppActor pid=302403)[0m 
[36m(ClientAppActor pid=302403)[0m         
[36m(ClientAppActor pid=302355)[0m 
[36m(ClientAppActor pid=302355)[0m         
[36m(ClientAppActor pid=302735)[0m 
[36m(ClientAppActor pid=302735)[0m         
[36m(ClientAppActor pid=302354)[0m 
[36m(ClientAppActor pid=302354)[0m         
[36m(ClientAppActor pid=302605)[0m 
[36m(ClientAppActor pid=302605)[0m         
[36m(ClientAppActor pid=302840)[0m 
[36m(ClientAppActor pid=302840)[0m         
[92mINFO [0m:      aggregate_evaluate: received 10 results and 0 failures
[92mINFO [0m:      
[92mINFO [0m:      [ROUND 33]
[92mINFO [0m:      configure_fit: strategy sampled 5 clients (out of 10)
[36m(ClientAppActor pid=302539)[0m 
[36m(ClientAppActor pid=302539)[0m         
[36m(ClientAppActor pid=302363)[0m 
[36m(ClientAppActor pid=302363)[0m         
[36m(ClientAppActor pid=302355)[0m 
[36m(ClientAppActor pid=302355)[0m         
[36m(ClientAppActor pid=302354)[0m 
[36m(ClientAppActor pid=302354)[0m         
[36m(ClientAppActor pid=302605)[0m 
[36m(ClientAppActor pid=302605)[0m         
[36m(ClientAppActor pid=302539)[0m /home/bk489/federated_clean/.venv/lib/python3.9/site-packages/sklearn/metrics/_classification.py:407: UserWarning: A single label was found in 'y_true' and 'y_pred'. For the confusion matrix to have the correct shape, use the 'labels' parameter to pass all known labels.
[36m(ClientAppActor pid=302539)[0m   warnings.warn(
[36m(ClientAppActor pid=302539)[0m /home/bk489/federated_clean/cleanest_federated/fl-dermamnist-starter/data/download.py:27: UserWarning: The given NumPy array is not writable, and PyTorch does not support non-writable tensors. This means writing to this tensor will result in undefined behavior. You may want to copy the array to protect its data or make it writable before converting it to a tensor. This type of warning will be suppressed for the rest of this program. (Triggered internally at /pytorch/torch/csrc/utils/tensor_numpy.cpp:203.)[32m [repeated 223x across cluster][0m
[36m(ClientAppActor pid=302539)[0m   tensor = torch.as_tensor(image)[32m [repeated 223x across cluster][0m
[36m(ClientAppActor pid=302605)[0m [93mWARNING [0m:   DEPRECATED FEATURE: `client_fn` now expects a signature `def client_fn(context: Context)`.The provided `client_fn` has signature: {'cid': <Parameter "cid: 'str'">}. You can import the `Context` like this: `from flwr.common import Context`[32m [repeated 15x across cluster][0m
[36m(ClientAppActor pid=302605)[0m             This is a deprecated feature. It will be removed[32m [repeated 15x across cluster][0m
[36m(ClientAppActor pid=302605)[0m             entirely in future versions of Flower.[32m [repeated 15x across cluster][0m
[36m(ClientAppActor pid=302605)[0m /home/bk489/federated_clean/cleanest_federated/fl-dermamnist-starter/metrics/evaluation.py:68: UserWarning: AUROC set to NaN because present classes are [1, 3, 4, 5], expected [0, 1, 2, 3, 4, 5, 6][32m [repeated 10x across cluster][0m
[36m(ClientAppActor pid=302605)[0m   warnings.warn(f'AUROC set to NaN because present classes are {present_classes}, expected {labels}')[32m [repeated 10x across cluster][0m
[36m(ClientAppActor pid=302605)[0m /home/bk489/federated_clean/.venv/lib/python3.9/site-packages/sklearn/metrics/_classification.py:2524: UserWarning: y_pred contains classes not in y_true[32m [repeated 8x across cluster][0m
[36m(ClientAppActor pid=302605)[0m   warnings.warn("y_pred contains classes not in y_true")[32m [repeated 8x across cluster][0m
[92mINFO [0m:      aggregate_fit: received 5 results and 0 failures
[92mINFO [0m:      fit progress: (33, 1.2477657989870872, {'accuracy': 0.7337986041874377, 'balanced_accuracy': 0.3084770420835995, 'macro_f1': 0.3165847521309234, 'worst_class_f1': 0.0, 'worst_class_recall': 0.0, 'f1_actinic_keratoses_an': 0.15384615384615385, 'recall_actinic_keratoses_an': 0.09090909090909091, 'f1_basal_cell_carcinoma': 0.37142857142857144, 'recall_basal_cell_carcinoma': 0.25, 'f1_benign_keratosis-lik': 0.5213270142180095, 'recall_benign_keratosis-lik': 0.5, 'f1_dermatofibroma': 0.3076923076923077, 'recall_dermatofibroma': 0.3333333333333333, 'f1_melanoma': 0.0, 'recall_melanoma': 0.0, 'f1_melanocytic_nevi': 0.8617992177314211, 'recall_melanocytic_nevi': 0.9850968703427719, 'f1_vascular_lesions': 0.0, 'recall_vascular_lesions': 0.0}, 176.99200610100525)
[92mINFO [0m:      configure_evaluate: strategy sampled 10 clients (out of 10)
[36m(ClientAppActor pid=302539)[0m 
[36m(ClientAppActor pid=302539)[0m         
[36m(ClientAppActor pid=302363)[0m 
[36m(ClientAppActor pid=302363)[0m         
[36m(ClientAppActor pid=302355)[0m 
[36m(ClientAppActor pid=302355)[0m         
[36m(ClientAppActor pid=302354)[0m 
[36m(ClientAppActor pid=302354)[0m         
[36m(ClientAppActor pid=302605)[0m 
[36m(ClientAppActor pid=302605)[0m         
[36m(ClientAppActor pid=302455)[0m 
[36m(ClientAppActor pid=302455)[0m         
[36m(ClientAppActor pid=302403)[0m 
[36m(ClientAppActor pid=302403)[0m         
[36m(ClientAppActor pid=302362)[0m 
[36m(ClientAppActor pid=302362)[0m         
[36m(ClientAppActor pid=302735)[0m 
[36m(ClientAppActor pid=302735)[0m         
[36m(ClientAppActor pid=302840)[0m 
[36m(ClientAppActor pid=302840)[0m         
[92mINFO [0m:      aggregate_evaluate: received 10 results and 0 failures
[92mINFO [0m:      
[92mINFO [0m:      [ROUND 34]
[92mINFO [0m:      configure_fit: strategy sampled 5 clients (out of 10)
[36m(ClientAppActor pid=302403)[0m /home/bk489/federated_clean/.venv/lib/python3.9/site-packages/sklearn/metrics/_classification.py:407: UserWarning: A single label was found in 'y_true' and 'y_pred'. For the confusion matrix to have the correct shape, use the 'labels' parameter to pass all known labels.
[36m(ClientAppActor pid=302403)[0m   warnings.warn(
[36m(ClientAppActor pid=302403)[0m 
[36m(ClientAppActor pid=302403)[0m         
[36m(ClientAppActor pid=302362)[0m 
[36m(ClientAppActor pid=302362)[0m         
[36m(ClientAppActor pid=302735)[0m 
[36m(ClientAppActor pid=302735)[0m         
[36m(ClientAppActor pid=302605)[0m 
[36m(ClientAppActor pid=302605)[0m         
[36m(ClientAppActor pid=302840)[0m 
[36m(ClientAppActor pid=302840)[0m         
[36m(ClientAppActor pid=302403)[0m /home/bk489/federated_clean/cleanest_federated/fl-dermamnist-starter/data/download.py:27: UserWarning: The given NumPy array is not writable, and PyTorch does not support non-writable tensors. This means writing to this tensor will result in undefined behavior. You may want to copy the array to protect its data or make it writable before converting it to a tensor. This type of warning will be suppressed for the rest of this program. (Triggered internally at /pytorch/torch/csrc/utils/tensor_numpy.cpp:203.)[32m [repeated 200x across cluster][0m
[36m(ClientAppActor pid=302403)[0m   tensor = torch.as_tensor(image)[32m [repeated 200x across cluster][0m
[36m(ClientAppActor pid=302840)[0m [93mWARNING [0m:   DEPRECATED FEATURE: `client_fn` now expects a signature `def client_fn(context: Context)`.The provided `client_fn` has signature: {'cid': <Parameter "cid: 'str'">}. You can import the `Context` like this: `from flwr.common import Context`[32m [repeated 15x across cluster][0m
[36m(ClientAppActor pid=302840)[0m             This is a deprecated feature. It will be removed[32m [repeated 15x across cluster][0m
[36m(ClientAppActor pid=302840)[0m             entirely in future versions of Flower.[32m [repeated 15x across cluster][0m
[36m(ClientAppActor pid=302840)[0m /home/bk489/federated_clean/cleanest_federated/fl-dermamnist-starter/metrics/evaluation.py:68: UserWarning: AUROC set to NaN because present classes are [0, 1, 2, 3, 5, 6], expected [0, 1, 2, 3, 4, 5, 6][32m [repeated 10x across cluster][0m
[36m(ClientAppActor pid=302840)[0m   warnings.warn(f'AUROC set to NaN because present classes are {present_classes}, expected {labels}')[32m [repeated 10x across cluster][0m
[92mINFO [0m:      aggregate_fit: received 5 results and 0 failures
[92mINFO [0m:      fit progress: (34, 0.711153466763311, {'accuracy': 0.7627118644067796, 'balanced_accuracy': 0.4165786657589936, 'macro_f1': 0.4675594510671302, 'worst_class_f1': 0.15384615384615385, 'worst_class_recall': 0.08333333333333333, 'f1_actinic_keratoses_an': 0.2, 'recall_actinic_keratoses_an': 0.12121212121212122, 'f1_basal_cell_carcinoma': 0.5287356321839081, 'recall_basal_cell_carcinoma': 0.4423076923076923, 'f1_benign_keratosis-lik': 0.5, 'recall_benign_keratosis-lik': 0.509090909090909, 'f1_dermatofibroma': 0.15384615384615385, 'recall_dermatofibroma': 0.08333333333333333, 'f1_melanoma': 0.39766081871345027, 'recall_melanoma': 0.3063063063063063, 'f1_melanocytic_nevi': 0.8839779005524862, 'recall_melanocytic_nevi': 0.9538002980625931, 'f1_vascular_lesions': 0.6086956521739131, 'recall_vascular_lesions': 0.5}, 180.97559627098963)
[92mINFO [0m:      configure_evaluate: strategy sampled 10 clients (out of 10)
[36m(ClientAppActor pid=302735)[0m 
[36m(ClientAppActor pid=302735)[0m         
[36m(ClientAppActor pid=302840)[0m 
[36m(ClientAppActor pid=302840)[0m         
[36m(ClientAppActor pid=302403)[0m 
[36m(ClientAppActor pid=302403)[0m         
[36m(ClientAppActor pid=302605)[0m 
[36m(ClientAppActor pid=302605)[0m         
[36m(ClientAppActor pid=302455)[0m 
[36m(ClientAppActor pid=302455)[0m         
[36m(ClientAppActor pid=302539)[0m 
[36m(ClientAppActor pid=302539)[0m         
[36m(ClientAppActor pid=302363)[0m 
[36m(ClientAppActor pid=302363)[0m         
[36m(ClientAppActor pid=302355)[0m 
[36m(ClientAppActor pid=302355)[0m         
[36m(ClientAppActor pid=302362)[0m 
[36m(ClientAppActor pid=302362)[0m         
[36m(ClientAppActor pid=302354)[0m 
[36m(ClientAppActor pid=302354)[0m         
[92mINFO [0m:      aggregate_evaluate: received 10 results and 0 failures
[92mINFO [0m:      
[92mINFO [0m:      [ROUND 35]
[92mINFO [0m:      configure_fit: strategy sampled 5 clients (out of 10)
[36m(ClientAppActor pid=302455)[0m 
[36m(ClientAppActor pid=302455)[0m         
[36m(ClientAppActor pid=302363)[0m /home/bk489/federated_clean/.venv/lib/python3.9/site-packages/sklearn/metrics/_classification.py:2524: UserWarning: y_pred contains classes not in y_true[32m [repeated 14x across cluster][0m
[36m(ClientAppActor pid=302363)[0m   warnings.warn("y_pred contains classes not in y_true")[32m [repeated 14x across cluster][0m
[36m(ClientAppActor pid=302539)[0m 
[36m(ClientAppActor pid=302539)[0m         
[36m(ClientAppActor pid=302363)[0m 
[36m(ClientAppActor pid=302363)[0m         
[36m(ClientAppActor pid=302355)[0m 
[36m(ClientAppActor pid=302355)[0m         
[36m(ClientAppActor pid=302362)[0m 
[36m(ClientAppActor pid=302362)[0m         
[36m(ClientAppActor pid=302605)[0m /home/bk489/federated_clean/.venv/lib/python3.9/site-packages/sklearn/metrics/_classification.py:407: UserWarning: A single label was found in 'y_true' and 'y_pred'. For the confusion matrix to have the correct shape, use the 'labels' parameter to pass all known labels.
[36m(ClientAppActor pid=302605)[0m   warnings.warn(
[36m(ClientAppActor pid=302363)[0m /home/bk489/federated_clean/cleanest_federated/fl-dermamnist-starter/data/download.py:27: UserWarning: The given NumPy array is not writable, and PyTorch does not support non-writable tensors. This means writing to this tensor will result in undefined behavior. You may want to copy the array to protect its data or make it writable before converting it to a tensor. This type of warning will be suppressed for the rest of this program. (Triggered internally at /pytorch/torch/csrc/utils/tensor_numpy.cpp:203.)[32m [repeated 241x across cluster][0m
[36m(ClientAppActor pid=302363)[0m   tensor = torch.as_tensor(image)[32m [repeated 241x across cluster][0m
[36m(ClientAppActor pid=302362)[0m [93mWARNING [0m:   DEPRECATED FEATURE: `client_fn` now expects a signature `def client_fn(context: Context)`.The provided `client_fn` has signature: {'cid': <Parameter "cid: 'str'">}. You can import the `Context` like this: `from flwr.common import Context`[32m [repeated 15x across cluster][0m
[36m(ClientAppActor pid=302362)[0m             This is a deprecated feature. It will be removed[32m [repeated 15x across cluster][0m
[36m(ClientAppActor pid=302362)[0m             entirely in future versions of Flower.[32m [repeated 15x across cluster][0m
[36m(ClientAppActor pid=302355)[0m /home/bk489/federated_clean/cleanest_federated/fl-dermamnist-starter/metrics/evaluation.py:68: UserWarning: AUROC set to NaN because present classes are [1, 3, 4, 5], expected [0, 1, 2, 3, 4, 5, 6][32m [repeated 10x across cluster][0m
[36m(ClientAppActor pid=302355)[0m   warnings.warn(f'AUROC set to NaN because present classes are {present_classes}, expected {labels}')[32m [repeated 10x across cluster][0m
[92mINFO [0m:      aggregate_fit: received 5 results and 0 failures
[92mINFO [0m:      fit progress: (35, 1.0863590869803728, {'accuracy': 0.7218344965104686, 'balanced_accuracy': 0.31345582176963915, 'macro_f1': 0.3434456392053931, 'worst_class_f1': 0.0, 'worst_class_recall': 0.0, 'f1_actinic_keratoses_an': 0.058823529411764705, 'recall_actinic_keratoses_an': 0.030303030303030304, 'f1_basal_cell_carcinoma': 0.35135135135135137, 'recall_basal_cell_carcinoma': 0.25, 'f1_benign_keratosis-lik': 0.42045454545454547, 'recall_benign_keratosis-lik': 0.33636363636363636, 'f1_dermatofibroma': 0.0, 'recall_dermatofibroma': 0.0, 'f1_melanoma': 0.035398230088495575, 'recall_melanoma': 0.018018018018018018, 'f1_melanocytic_nevi': 0.8424396442185514, 'recall_melanocytic_nevi': 0.9880774962742176, 'f1_vascular_lesions': 0.6956521739130435, 'recall_vascular_lesions': 0.5714285714285714}, 185.27353942400077)
[92mINFO [0m:      configure_evaluate: strategy sampled 10 clients (out of 10)
[36m(ClientAppActor pid=302455)[0m 
[36m(ClientAppActor pid=302455)[0m         
[36m(ClientAppActor pid=302355)[0m 
[36m(ClientAppActor pid=302355)[0m         
[36m(ClientAppActor pid=302362)[0m 
[36m(ClientAppActor pid=302362)[0m         
[36m(ClientAppActor pid=302363)[0m 
[36m(ClientAppActor pid=302363)[0m         
[36m(ClientAppActor pid=302539)[0m 
[36m(ClientAppActor pid=302539)[0m         
[36m(ClientAppActor pid=302354)[0m 
[36m(ClientAppActor pid=302354)[0m         
[36m(ClientAppActor pid=302403)[0m 
[36m(ClientAppActor pid=302403)[0m         
[36m(ClientAppActor pid=302403)[0m /home/bk489/federated_clean/.venv/lib/python3.9/site-packages/sklearn/metrics/_classification.py:407: UserWarning: A single label was found in 'y_true' and 'y_pred'. For the confusion matrix to have the correct shape, use the 'labels' parameter to pass all known labels.
[36m(ClientAppActor pid=302403)[0m   warnings.warn(
[36m(ClientAppActor pid=302735)[0m 
[36m(ClientAppActor pid=302735)[0m         
[36m(ClientAppActor pid=302605)[0m 
[36m(ClientAppActor pid=302605)[0m         
[36m(ClientAppActor pid=302840)[0m 
[36m(ClientAppActor pid=302840)[0m         
[92mINFO [0m:      aggregate_evaluate: received 10 results and 0 failures
[92mINFO [0m:      
[92mINFO [0m:      [ROUND 36]
[92mINFO [0m:      configure_fit: strategy sampled 5 clients (out of 10)
[36m(ClientAppActor pid=302403)[0m 
[36m(ClientAppActor pid=302403)[0m         
[36m(ClientAppActor pid=302735)[0m 
[36m(ClientAppActor pid=302735)[0m         
[36m(ClientAppActor pid=302354)[0m 
[36m(ClientAppActor pid=302354)[0m         
[36m(ClientAppActor pid=302605)[0m 
[36m(ClientAppActor pid=302605)[0m         
[36m(ClientAppActor pid=302840)[0m 
[36m(ClientAppActor pid=302840)[0m         
[36m(ClientAppActor pid=302605)[0m /home/bk489/federated_clean/.venv/lib/python3.9/site-packages/sklearn/metrics/_classification.py:2524: UserWarning: y_pred contains classes not in y_true[32m [repeated 8x across cluster][0m
[36m(ClientAppActor pid=302605)[0m   warnings.warn("y_pred contains classes not in y_true")[32m [repeated 8x across cluster][0m
[36m(ClientAppActor pid=302354)[0m /home/bk489/federated_clean/cleanest_federated/fl-dermamnist-starter/data/download.py:27: UserWarning: The given NumPy array is not writable, and PyTorch does not support non-writable tensors. This means writing to this tensor will result in undefined behavior. You may want to copy the array to protect its data or make it writable before converting it to a tensor. This type of warning will be suppressed for the rest of this program. (Triggered internally at /pytorch/torch/csrc/utils/tensor_numpy.cpp:203.)[32m [repeated 215x across cluster][0m
[36m(ClientAppActor pid=302354)[0m   tensor = torch.as_tensor(image)[32m [repeated 215x across cluster][0m
[36m(ClientAppActor pid=302840)[0m [93mWARNING [0m:   DEPRECATED FEATURE: `client_fn` now expects a signature `def client_fn(context: Context)`.The provided `client_fn` has signature: {'cid': <Parameter "cid: 'str'">}. You can import the `Context` like this: `from flwr.common import Context`[32m [repeated 15x across cluster][0m
[36m(ClientAppActor pid=302840)[0m             This is a deprecated feature. It will be removed[32m [repeated 15x across cluster][0m
[36m(ClientAppActor pid=302840)[0m             entirely in future versions of Flower.[32m [repeated 15x across cluster][0m
[92mINFO [0m:      aggregate_fit: received 5 results and 0 failures
[92mINFO [0m:      fit progress: (36, 1.1294985822404726, {'accuracy': 0.6839481555333998, 'balanced_accuracy': 0.2840653881637488, 'macro_f1': 0.24378643288116614, 'worst_class_f1': 0.0, 'worst_class_recall': 0.0, 'f1_actinic_keratoses_an': 0.0, 'recall_actinic_keratoses_an': 0.0, 'f1_basal_cell_carcinoma': 0.29850746268656714, 'recall_basal_cell_carcinoma': 0.19230769230769232, 'f1_benign_keratosis-lik': 0.4460431654676259, 'recall_benign_keratosis-lik': 0.8454545454545455, 'f1_dermatofibroma': 0.09523809523809523, 'recall_dermatofibroma': 0.08333333333333333, 'f1_melanoma': 0.0, 'recall_melanoma': 0.0, 'f1_melanocytic_nevi': 0.8667163067758749, 'recall_melanocytic_nevi': 0.8673621460506706, 'f1_vascular_lesions': 0.0, 'recall_vascular_lesions': 0.0}, 189.4333155270433)
[92mINFO [0m:      configure_evaluate: strategy sampled 10 clients (out of 10)
[36m(ClientAppActor pid=302455)[0m 
[36m(ClientAppActor pid=302455)[0m         
[36m(ClientAppActor pid=302539)[0m 
[36m(ClientAppActor pid=302539)[0m         
[36m(ClientAppActor pid=302363)[0m 
[36m(ClientAppActor pid=302363)[0m         
[36m(ClientAppActor pid=302403)[0m 
[36m(ClientAppActor pid=302403)[0m         
[36m(ClientAppActor pid=302355)[0m 
[36m(ClientAppActor pid=302355)[0m         
[36m(ClientAppActor pid=302362)[0m 
[36m(ClientAppActor pid=302362)[0m         
[36m(ClientAppActor pid=302735)[0m 
[36m(ClientAppActor pid=302735)[0m         
[36m(ClientAppActor pid=302354)[0m 
[36m(ClientAppActor pid=302354)[0m         
[36m(ClientAppActor pid=302605)[0m 
[36m(ClientAppActor pid=302605)[0m         
[36m(ClientAppActor pid=302840)[0m 
[36m(ClientAppActor pid=302840)[0m         
[92mINFO [0m:      aggregate_evaluate: received 10 results and 0 failures
[92mINFO [0m:      
[92mINFO [0m:      [ROUND 37]
[92mINFO [0m:      configure_fit: strategy sampled 5 clients (out of 10)
[36m(ClientAppActor pid=302455)[0m 
[36m(ClientAppActor pid=302455)[0m         
[36m(ClientAppActor pid=302539)[0m 
[36m(ClientAppActor pid=302539)[0m         
[36m(ClientAppActor pid=302363)[0m 
[36m(ClientAppActor pid=302363)[0m         
[36m(ClientAppActor pid=302355)[0m 
[36m(ClientAppActor pid=302355)[0m         
[36m(ClientAppActor pid=302362)[0m 
[36m(ClientAppActor pid=302362)[0m         
[36m(ClientAppActor pid=302362)[0m /home/bk489/federated_clean/cleanest_federated/fl-dermamnist-starter/metrics/evaluation.py:68: UserWarning: AUROC set to NaN because present classes are [5], expected [0, 1, 2, 3, 4, 5, 6][32m [repeated 20x across cluster][0m
[36m(ClientAppActor pid=302362)[0m   warnings.warn(f'AUROC set to NaN because present classes are {present_classes}, expected {labels}')[32m [repeated 20x across cluster][0m
[36m(ClientAppActor pid=302362)[0m /home/bk489/federated_clean/.venv/lib/python3.9/site-packages/sklearn/metrics/_classification.py:407: UserWarning: A single label was found in 'y_true' and 'y_pred'. For the confusion matrix to have the correct shape, use the 'labels' parameter to pass all known labels.
[36m(ClientAppActor pid=302362)[0m   warnings.warn(
[36m(ClientAppActor pid=302362)[0m /home/bk489/federated_clean/.venv/lib/python3.9/site-packages/sklearn/metrics/_classification.py:2524: UserWarning: y_pred contains classes not in y_true[32m [repeated 9x across cluster][0m
[36m(ClientAppActor pid=302362)[0m   warnings.warn("y_pred contains classes not in y_true")[32m [repeated 9x across cluster][0m
[36m(ClientAppActor pid=302539)[0m /home/bk489/federated_clean/cleanest_federated/fl-dermamnist-starter/data/download.py:27: UserWarning: The given NumPy array is not writable, and PyTorch does not support non-writable tensors. This means writing to this tensor will result in undefined behavior. You may want to copy the array to protect its data or make it writable before converting it to a tensor. This type of warning will be suppressed for the rest of this program. (Triggered internally at /pytorch/torch/csrc/utils/tensor_numpy.cpp:203.)[32m [repeated 169x across cluster][0m
[36m(ClientAppActor pid=302539)[0m   tensor = torch.as_tensor(image)[32m [repeated 169x across cluster][0m
[36m(ClientAppActor pid=302362)[0m [93mWARNING [0m:   DEPRECATED FEATURE: `client_fn` now expects a signature `def client_fn(context: Context)`.The provided `client_fn` has signature: {'cid': <Parameter "cid: 'str'">}. You can import the `Context` like this: `from flwr.common import Context`[32m [repeated 15x across cluster][0m
[36m(ClientAppActor pid=302362)[0m             This is a deprecated feature. It will be removed[32m [repeated 15x across cluster][0m
[36m(ClientAppActor pid=302362)[0m             entirely in future versions of Flower.[32m [repeated 15x across cluster][0m
[92mINFO [0m:      aggregate_fit: received 5 results and 0 failures
[92mINFO [0m:      fit progress: (37, 1.3735277606387912, {'accuracy': 0.7238285144566301, 'balanced_accuracy': 0.2945481138689569, 'macro_f1': 0.3201715146028446, 'worst_class_f1': 0.0, 'worst_class_recall': 0.0, 'f1_actinic_keratoses_an': 0.0, 'recall_actinic_keratoses_an': 0.0, 'f1_basal_cell_carcinoma': 0.3902439024390244, 'recall_basal_cell_carcinoma': 0.3076923076923077, 'f1_benign_keratosis-lik': 0.46808510638297873, 'recall_benign_keratosis-lik': 0.4, 'f1_dermatofibroma': 0.1111111111111111, 'recall_dermatofibroma': 0.08333333333333333, 'f1_melanoma': 0.0, 'recall_melanoma': 0.0, 'f1_melanocytic_nevi': 0.8507078507078507, 'recall_melanocytic_nevi': 0.9850968703427719, 'f1_vascular_lesions': 0.42105263157894735, 'recall_vascular_lesions': 0.2857142857142857}, 194.30446512100752)
[92mINFO [0m:      configure_evaluate: strategy sampled 10 clients (out of 10)
[36m(ClientAppActor pid=302539)[0m 
[36m(ClientAppActor pid=302539)[0m         
[36m(ClientAppActor pid=302363)[0m 
[36m(ClientAppActor pid=302363)[0m         
[36m(ClientAppActor pid=302355)[0m 
[36m(ClientAppActor pid=302355)[0m         
[36m(ClientAppActor pid=302362)[0m 
[36m(ClientAppActor pid=302362)[0m         
[36m(ClientAppActor pid=302455)[0m 
[36m(ClientAppActor pid=302455)[0m         
[36m(ClientAppActor pid=302539)[0m /home/bk489/federated_clean/.venv/lib/python3.9/site-packages/sklearn/metrics/_classification.py:407: UserWarning: A single label was found in 'y_true' and 'y_pred'. For the confusion matrix to have the correct shape, use the 'labels' parameter to pass all known labels.
[36m(ClientAppActor pid=302539)[0m   warnings.warn(
[36m(ClientAppActor pid=302403)[0m 
[36m(ClientAppActor pid=302403)[0m         
[36m(ClientAppActor pid=302735)[0m 
[36m(ClientAppActor pid=302735)[0m         
[36m(ClientAppActor pid=302354)[0m 
[36m(ClientAppActor pid=302354)[0m         
[36m(ClientAppActor pid=302605)[0m 
[36m(ClientAppActor pid=302605)[0m         
[36m(ClientAppActor pid=302840)[0m 
[36m(ClientAppActor pid=302840)[0m         
[92mINFO [0m:      aggregate_evaluate: received 10 results and 0 failures
[92mINFO [0m:      
[92mINFO [0m:      [ROUND 38]
[92mINFO [0m:      configure_fit: strategy sampled 5 clients (out of 10)
[36m(ClientAppActor pid=302403)[0m 
[36m(ClientAppActor pid=302403)[0m         
[36m(ClientAppActor pid=302735)[0m 
[36m(ClientAppActor pid=302735)[0m         
[36m(ClientAppActor pid=302354)[0m 
[36m(ClientAppActor pid=302354)[0m         
[36m(ClientAppActor pid=302605)[0m 
[36m(ClientAppActor pid=302605)[0m         
[36m(ClientAppActor pid=302840)[0m 
[36m(ClientAppActor pid=302840)[0m         
[36m(ClientAppActor pid=302605)[0m /home/bk489/federated_clean/cleanest_federated/fl-dermamnist-starter/metrics/evaluation.py:68: UserWarning: AUROC set to NaN because present classes are [1, 3, 4, 5], expected [0, 1, 2, 3, 4, 5, 6][32m [repeated 10x across cluster][0m
[36m(ClientAppActor pid=302605)[0m   warnings.warn(f'AUROC set to NaN because present classes are {present_classes}, expected {labels}')[32m [repeated 10x across cluster][0m
[36m(ClientAppActor pid=302605)[0m /home/bk489/federated_clean/.venv/lib/python3.9/site-packages/sklearn/metrics/_classification.py:2524: UserWarning: y_pred contains classes not in y_true[32m [repeated 7x across cluster][0m
[36m(ClientAppActor pid=302605)[0m   warnings.warn("y_pred contains classes not in y_true")[32m [repeated 7x across cluster][0m
[36m(ClientAppActor pid=302735)[0m /home/bk489/federated_clean/cleanest_federated/fl-dermamnist-starter/data/download.py:27: UserWarning: The given NumPy array is not writable, and PyTorch does not support non-writable tensors. This means writing to this tensor will result in undefined behavior. You may want to copy the array to protect its data or make it writable before converting it to a tensor. This type of warning will be suppressed for the rest of this program. (Triggered internally at /pytorch/torch/csrc/utils/tensor_numpy.cpp:203.)[32m [repeated 191x across cluster][0m
[36m(ClientAppActor pid=302735)[0m   tensor = torch.as_tensor(image)[32m [repeated 191x across cluster][0m
[36m(ClientAppActor pid=302840)[0m [93mWARNING [0m:   DEPRECATED FEATURE: `client_fn` now expects a signature `def client_fn(context: Context)`.The provided `client_fn` has signature: {'cid': <Parameter "cid: 'str'">}. You can import the `Context` like this: `from flwr.common import Context`[32m [repeated 15x across cluster][0m
[36m(ClientAppActor pid=302840)[0m             This is a deprecated feature. It will be removed[32m [repeated 15x across cluster][0m
[36m(ClientAppActor pid=302840)[0m             entirely in future versions of Flower.[32m [repeated 15x across cluster][0m
[92mINFO [0m:      aggregate_fit: received 5 results and 0 failures
[92mINFO [0m:      fit progress: (38, 0.7866523693114192, {'accuracy': 0.765702891326022, 'balanced_accuracy': 0.3728539494347457, 'macro_f1': 0.39602531565165905, 'worst_class_f1': 0.0, 'worst_class_recall': 0.0, 'f1_actinic_keratoses_an': 0.0, 'recall_actinic_keratoses_an': 0.0, 'f1_basal_cell_carcinoma': 0.5576923076923077, 'recall_basal_cell_carcinoma': 0.5576923076923077, 'f1_benign_keratosis-lik': 0.5431034482758621, 'recall_benign_keratosis-lik': 0.5727272727272728, 'f1_dermatofibroma': 0.10526315789473684, 'recall_dermatofibroma': 0.08333333333333333, 'f1_melanoma': 0.32, 'recall_melanoma': 0.21621621621621623, 'f1_melanocytic_nevi': 0.8931771192281185, 'recall_melanocytic_nevi': 0.9657228017883756, 'f1_vascular_lesions': 0.35294117647058826, 'recall_vascular_lesions': 0.21428571428571427}, 199.55148316401755)
[92mINFO [0m:      configure_evaluate: strategy sampled 10 clients (out of 10)
[36m(ClientAppActor pid=302455)[0m 
[36m(ClientAppActor pid=302455)[0m         
[36m(ClientAppActor pid=302539)[0m 
[36m(ClientAppActor pid=302539)[0m         
[36m(ClientAppActor pid=302363)[0m 
[36m(ClientAppActor pid=302363)[0m         
[36m(ClientAppActor pid=302403)[0m 
[36m(ClientAppActor pid=302403)[0m         
[36m(ClientAppActor pid=302403)[0m /home/bk489/federated_clean/.venv/lib/python3.9/site-packages/sklearn/metrics/_classification.py:407: UserWarning: A single label was found in 'y_true' and 'y_pred'. For the confusion matrix to have the correct shape, use the 'labels' parameter to pass all known labels.
[36m(ClientAppActor pid=302403)[0m   warnings.warn(
[36m(ClientAppActor pid=302355)[0m 
[36m(ClientAppActor pid=302355)[0m         
[36m(ClientAppActor pid=302362)[0m 
[36m(ClientAppActor pid=302362)[0m         
[36m(ClientAppActor pid=302735)[0m 
[36m(ClientAppActor pid=302735)[0m         
[36m(ClientAppActor pid=302354)[0m 
[36m(ClientAppActor pid=302354)[0m         
[36m(ClientAppActor pid=302605)[0m 
[36m(ClientAppActor pid=302605)[0m         
[36m(ClientAppActor pid=302840)[0m 
[36m(ClientAppActor pid=302840)[0m         
[92mINFO [0m:      aggregate_evaluate: received 10 results and 0 failures
[92mINFO [0m:      
[92mINFO [0m:      [ROUND 39]
[92mINFO [0m:      configure_fit: strategy sampled 5 clients (out of 10)
[36m(ClientAppActor pid=302455)[0m 
[36m(ClientAppActor pid=302455)[0m         
[36m(ClientAppActor pid=302539)[0m 
[36m(ClientAppActor pid=302539)[0m         
[36m(ClientAppActor pid=302355)[0m 
[36m(ClientAppActor pid=302355)[0m         
[36m(ClientAppActor pid=302362)[0m 
[36m(ClientAppActor pid=302362)[0m         
[36m(ClientAppActor pid=302354)[0m 
[36m(ClientAppActor pid=302354)[0m         
[36m(ClientAppActor pid=302354)[0m /home/bk489/federated_clean/cleanest_federated/fl-dermamnist-starter/metrics/evaluation.py:68: UserWarning: AUROC set to NaN because present classes are [4, 5, 6], expected [0, 1, 2, 3, 4, 5, 6][32m [repeated 10x across cluster][0m
[36m(ClientAppActor pid=302354)[0m   warnings.warn(f'AUROC set to NaN because present classes are {present_classes}, expected {labels}')[32m [repeated 10x across cluster][0m
[36m(ClientAppActor pid=302354)[0m /home/bk489/federated_clean/.venv/lib/python3.9/site-packages/sklearn/metrics/_classification.py:2524: UserWarning: y_pred contains classes not in y_true[32m [repeated 9x across cluster][0m
[36m(ClientAppActor pid=302354)[0m   warnings.warn("y_pred contains classes not in y_true")[32m [repeated 9x across cluster][0m
[36m(ClientAppActor pid=302455)[0m /home/bk489/federated_clean/cleanest_federated/fl-dermamnist-starter/data/download.py:27: UserWarning: The given NumPy array is not writable, and PyTorch does not support non-writable tensors. This means writing to this tensor will result in undefined behavior. You may want to copy the array to protect its data or make it writable before converting it to a tensor. This type of warning will be suppressed for the rest of this program. (Triggered internally at /pytorch/torch/csrc/utils/tensor_numpy.cpp:203.)[32m [repeated 209x across cluster][0m
[36m(ClientAppActor pid=302455)[0m   tensor = torch.as_tensor(image)[32m [repeated 209x across cluster][0m
[36m(ClientAppActor pid=302354)[0m [93mWARNING [0m:   DEPRECATED FEATURE: `client_fn` now expects a signature `def client_fn(context: Context)`.The provided `client_fn` has signature: {'cid': <Parameter "cid: 'str'">}. You can import the `Context` like this: `from flwr.common import Context`[32m [repeated 15x across cluster][0m
[36m(ClientAppActor pid=302354)[0m             This is a deprecated feature. It will be removed[32m [repeated 15x across cluster][0m
[36m(ClientAppActor pid=302354)[0m             entirely in future versions of Flower.[32m [repeated 15x across cluster][0m
[92mINFO [0m:      aggregate_fit: received 5 results and 0 failures
[92mINFO [0m:      fit progress: (39, 0.8081847337164646, {'accuracy': 0.7168494516450648, 'balanced_accuracy': 0.4184195375061886, 'macro_f1': 0.40695404634856597, 'worst_class_f1': 0.0, 'worst_class_recall': 0.0, 'f1_actinic_keratoses_an': 0.3050847457627119, 'recall_actinic_keratoses_an': 0.2727272727272727, 'f1_basal_cell_carcinoma': 0.5401459854014599, 'recall_basal_cell_carcinoma': 0.7115384615384616, 'f1_benign_keratosis-lik': 0.4609375, 'recall_benign_keratosis-lik': 0.5363636363636364, 'f1_dermatofibroma': 0.0, 'recall_dermatofibroma': 0.0, 'f1_melanoma': 0.42727272727272725, 'recall_melanoma': 0.42342342342342343, 'f1_melanocytic_nevi': 0.8652373660030628, 'recall_melanocytic_nevi': 0.842026825633383, 'f1_vascular_lesions': 0.25, 'recall_vascular_lesions': 0.14285714285714285}, 203.95432910701493)
[92mINFO [0m:      configure_evaluate: strategy sampled 10 clients (out of 10)
[36m(ClientAppActor pid=302455)[0m 
[36m(ClientAppActor pid=302455)[0m         
[36m(ClientAppActor pid=302539)[0m 
[36m(ClientAppActor pid=302539)[0m         
[36m(ClientAppActor pid=302355)[0m 
[36m(ClientAppActor pid=302355)[0m         
[36m(ClientAppActor pid=302362)[0m 
[36m(ClientAppActor pid=302362)[0m         
[36m(ClientAppActor pid=302354)[0m 
[36m(ClientAppActor pid=302354)[0m         
[36m(ClientAppActor pid=302363)[0m 
[36m(ClientAppActor pid=302363)[0m         
[36m(ClientAppActor pid=302403)[0m 
[36m(ClientAppActor pid=302403)[0m         
[36m(ClientAppActor pid=302735)[0m 
[36m(ClientAppActor pid=302735)[0m         
[36m(ClientAppActor pid=302605)[0m 
[36m(ClientAppActor pid=302605)[0m         
[36m(ClientAppActor pid=302840)[0m 
[36m(ClientAppActor pid=302840)[0m         
[92mINFO [0m:      aggregate_evaluate: received 10 results and 0 failures
[92mINFO [0m:      
[92mINFO [0m:      [ROUND 40]
[92mINFO [0m:      configure_fit: strategy sampled 5 clients (out of 10)
[36m(ClientAppActor pid=302539)[0m 
[36m(ClientAppActor pid=302539)[0m         
[36m(ClientAppActor pid=302403)[0m 
[36m(ClientAppActor pid=302403)[0m         
[36m(ClientAppActor pid=302735)[0m 
[36m(ClientAppActor pid=302735)[0m         
[36m(ClientAppActor pid=302605)[0m 
[36m(ClientAppActor pid=302605)[0m         
[36m(ClientAppActor pid=302840)[0m 
[36m(ClientAppActor pid=302840)[0m         
[36m(ClientAppActor pid=302362)[0m /home/bk489/federated_clean/.venv/lib/python3.9/site-packages/sklearn/metrics/_classification.py:407: UserWarning: A single label was found in 'y_true' and 'y_pred'. For the confusion matrix to have the correct shape, use the 'labels' parameter to pass all known labels.[32m [repeated 2x across cluster][0m
[36m(ClientAppActor pid=302362)[0m   warnings.warn([32m [repeated 2x across cluster][0m
[36m(ClientAppActor pid=302539)[0m /home/bk489/federated_clean/cleanest_federated/fl-dermamnist-starter/metrics/evaluation.py:68: UserWarning: AUROC set to NaN because present classes are [0, 1, 2, 3, 5, 6], expected [0, 1, 2, 3, 4, 5, 6][32m [repeated 10x across cluster][0m
[36m(ClientAppActor pid=302539)[0m   warnings.warn(f'AUROC set to NaN because present classes are {present_classes}, expected {labels}')[32m [repeated 10x across cluster][0m
[36m(ClientAppActor pid=302539)[0m /home/bk489/federated_clean/.venv/lib/python3.9/site-packages/sklearn/metrics/_classification.py:2524: UserWarning: y_pred contains classes not in y_true[32m [repeated 8x across cluster][0m
[36m(ClientAppActor pid=302539)[0m   warnings.warn("y_pred contains classes not in y_true")[32m [repeated 8x across cluster][0m
[92mINFO [0m:      aggregate_fit: received 5 results and 0 failures
[92mINFO [0m:      fit progress: (40, 1.5640793064180185, {'accuracy': 0.6999002991026919, 'balanced_accuracy': 0.24346277601546923, 'macro_f1': 0.24930322299780427, 'worst_class_f1': 0.0, 'worst_class_recall': 0.0, 'f1_actinic_keratoses_an': 0.0, 'recall_actinic_keratoses_an': 0.0, 'f1_basal_cell_carcinoma': 0.0, 'recall_basal_cell_carcinoma': 0.0, 'f1_benign_keratosis-lik': 0.018018018018018018, 'recall_benign_keratosis-lik': 0.00909090909090909, 'f1_dermatofibroma': 0.0, 'recall_dermatofibroma': 0.0, 'f1_melanoma': 0.39408866995073893, 'recall_melanoma': 0.36036036036036034, 'f1_melanocytic_nevi': 0.833015873015873, 'recall_melanocytic_nevi': 0.977645305514158, 'f1_vascular_lesions': 0.5, 'recall_vascular_lesions': 0.35714285714285715}, 207.77580831001978)
[92mINFO [0m:      configure_evaluate: strategy sampled 10 clients (out of 10)
[36m(ClientAppActor pid=302455)[0m 
[36m(ClientAppActor pid=302455)[0m         
[36m(ClientAppActor pid=302539)[0m 
[36m(ClientAppActor pid=302539)[0m         
[36m(ClientAppActor pid=302363)[0m 
[36m(ClientAppActor pid=302363)[0m         
[36m(ClientAppActor pid=302403)[0m 
[36m(ClientAppActor pid=302403)[0m         
[36m(ClientAppActor pid=302355)[0m 
[36m(ClientAppActor pid=302355)[0m         
[36m(ClientAppActor pid=302362)[0m 
[36m(ClientAppActor pid=302362)[0m         
[36m(ClientAppActor pid=302735)[0m 
[36m(ClientAppActor pid=302735)[0m         
[36m(ClientAppActor pid=302354)[0m 
[36m(ClientAppActor pid=302354)[0m         
[36m(ClientAppActor pid=302605)[0m 
[36m(ClientAppActor pid=302605)[0m         
[36m(ClientAppActor pid=302840)[0m 
[36m(ClientAppActor pid=302840)[0m         
[92mINFO [0m:      aggregate_evaluate: received 10 results and 0 failures
[92mINFO [0m:      
[92mINFO [0m:      [ROUND 41]
[92mINFO [0m:      configure_fit: strategy sampled 5 clients (out of 10)
[36m(ClientAppActor pid=302455)[0m 
[36m(ClientAppActor pid=302455)[0m         
[36m(ClientAppActor pid=302363)[0m 
[36m(ClientAppActor pid=302363)[0m         
[36m(ClientAppActor pid=302355)[0m 
[36m(ClientAppActor pid=302355)[0m         
[36m(ClientAppActor pid=302362)[0m 
[36m(ClientAppActor pid=302362)[0m         
[36m(ClientAppActor pid=302354)[0m 
[36m(ClientAppActor pid=302354)[0m         
[36m(ClientAppActor pid=302455)[0m /home/bk489/federated_clean/cleanest_federated/fl-dermamnist-starter/data/download.py:27: UserWarning: The given NumPy array is not writable, and PyTorch does not support non-writable tensors. This means writing to this tensor will result in undefined behavior. You may want to copy the array to protect its data or make it writable before converting it to a tensor. This type of warning will be suppressed for the rest of this program. (Triggered internally at /pytorch/torch/csrc/utils/tensor_numpy.cpp:203.)[32m [repeated 222x across cluster][0m
[36m(ClientAppActor pid=302455)[0m   tensor = torch.as_tensor(image)[32m [repeated 222x across cluster][0m
[36m(ClientAppActor pid=302354)[0m [93mWARNING [0m:   DEPRECATED FEATURE: `client_fn` now expects a signature `def client_fn(context: Context)`.The provided `client_fn` has signature: {'cid': <Parameter "cid: 'str'">}. You can import the `Context` like this: `from flwr.common import Context`[32m [repeated 30x across cluster][0m
[36m(ClientAppActor pid=302354)[0m             This is a deprecated feature. It will be removed[32m [repeated 30x across cluster][0m
[36m(ClientAppActor pid=302354)[0m             entirely in future versions of Flower.[32m [repeated 30x across cluster][0m
[36m(ClientAppActor pid=302362)[0m /home/bk489/federated_clean/.venv/lib/python3.9/site-packages/sklearn/metrics/_classification.py:407: UserWarning: A single label was found in 'y_true' and 'y_pred'. For the confusion matrix to have the correct shape, use the 'labels' parameter to pass all known labels.[32m [repeated 2x across cluster][0m
[36m(ClientAppActor pid=302362)[0m   warnings.warn([32m [repeated 2x across cluster][0m
[36m(ClientAppActor pid=302362)[0m /home/bk489/federated_clean/cleanest_federated/fl-dermamnist-starter/metrics/evaluation.py:68: UserWarning: AUROC set to NaN because present classes are [4], expected [0, 1, 2, 3, 4, 5, 6][32m [repeated 10x across cluster][0m
[36m(ClientAppActor pid=302362)[0m   warnings.warn(f'AUROC set to NaN because present classes are {present_classes}, expected {labels}')[32m [repeated 10x across cluster][0m
[36m(ClientAppActor pid=302363)[0m /home/bk489/federated_clean/.venv/lib/python3.9/site-packages/sklearn/metrics/_classification.py:2524: UserWarning: y_pred contains classes not in y_true[32m [repeated 6x across cluster][0m
[36m(ClientAppActor pid=302363)[0m   warnings.warn("y_pred contains classes not in y_true")[32m [repeated 6x across cluster][0m
[92mINFO [0m:      aggregate_fit: received 5 results and 0 failures
[92mINFO [0m:      fit progress: (41, 1.748648990068217, {'accuracy': 0.6839481555333998, 'balanced_accuracy': 0.21194946581363444, 'macro_f1': 0.21990956373104772, 'worst_class_f1': 0.0, 'worst_class_recall': 0.0, 'f1_actinic_keratoses_an': 0.05, 'recall_actinic_keratoses_an': 0.030303030303030304, 'f1_basal_cell_carcinoma': 0.0, 'recall_basal_cell_carcinoma': 0.0, 'f1_benign_keratosis-lik': 0.018018018018018018, 'recall_benign_keratosis-lik': 0.00909090909090909, 'f1_dermatofibroma': 0.0, 'recall_dermatofibroma': 0.0, 'f1_melanoma': 0.15748031496062992, 'recall_melanoma': 0.09009009009009009, 'f1_melanocytic_nevi': 0.8138686131386861, 'recall_melanocytic_nevi': 0.9970193740685543, 'f1_vascular_lesions': 0.5, 'recall_vascular_lesions': 0.35714285714285715}, 212.30068018299062)
[92mINFO [0m:      configure_evaluate: strategy sampled 10 clients (out of 10)
[36m(ClientAppActor pid=302455)[0m 
[36m(ClientAppActor pid=302455)[0m         
[36m(ClientAppActor pid=302539)[0m 
[36m(ClientAppActor pid=302539)[0m         
[36m(ClientAppActor pid=302363)[0m 
[36m(ClientAppActor pid=302363)[0m         
[36m(ClientAppActor pid=302355)[0m 
[36m(ClientAppActor pid=302355)[0m         
[36m(ClientAppActor pid=302362)[0m 
[36m(ClientAppActor pid=302362)[0m         
[36m(ClientAppActor pid=302354)[0m 
[36m(ClientAppActor pid=302354)[0m         
[36m(ClientAppActor pid=302840)[0m 
[36m(ClientAppActor pid=302840)[0m         
[36m(ClientAppActor pid=302403)[0m 
[36m(ClientAppActor pid=302403)[0m         
[36m(ClientAppActor pid=302605)[0m 
[36m(ClientAppActor pid=302605)[0m         
[36m(ClientAppActor pid=302735)[0m 
[36m(ClientAppActor pid=302735)[0m         
[92mINFO [0m:      aggregate_evaluate: received 10 results and 0 failures
[92mINFO [0m:      
[92mINFO [0m:      [ROUND 42]
[92mINFO [0m:      configure_fit: strategy sampled 5 clients (out of 10)
[36m(ClientAppActor pid=302455)[0m 
[36m(ClientAppActor pid=302455)[0m         
[36m(ClientAppActor pid=302403)[0m 
[36m(ClientAppActor pid=302403)[0m         
[36m(ClientAppActor pid=302735)[0m 
[36m(ClientAppActor pid=302735)[0m         
[36m(ClientAppActor pid=302354)[0m 
[36m(ClientAppActor pid=302354)[0m         
[36m(ClientAppActor pid=302605)[0m 
[36m(ClientAppActor pid=302605)[0m         
[36m(ClientAppActor pid=302455)[0m /home/bk489/federated_clean/cleanest_federated/fl-dermamnist-starter/data/download.py:27: UserWarning: The given NumPy array is not writable, and PyTorch does not support non-writable tensors. This means writing to this tensor will result in undefined behavior. You may want to copy the array to protect its data or make it writable before converting it to a tensor. This type of warning will be suppressed for the rest of this program. (Triggered internally at /pytorch/torch/csrc/utils/tensor_numpy.cpp:203.)[32m [repeated 211x across cluster][0m
[36m(ClientAppActor pid=302455)[0m   tensor = torch.as_tensor(image)[32m [repeated 211x across cluster][0m
[36m(ClientAppActor pid=302605)[0m [93mWARNING [0m:   DEPRECATED FEATURE: `client_fn` now expects a signature `def client_fn(context: Context)`.The provided `client_fn` has signature: {'cid': <Parameter "cid: 'str'">}. You can import the `Context` like this: `from flwr.common import Context`[32m [repeated 15x across cluster][0m
[36m(ClientAppActor pid=302605)[0m             This is a deprecated feature. It will be removed[32m [repeated 15x across cluster][0m
[36m(ClientAppActor pid=302605)[0m             entirely in future versions of Flower.[32m [repeated 15x across cluster][0m
[36m(ClientAppActor pid=302840)[0m /home/bk489/federated_clean/.venv/lib/python3.9/site-packages/sklearn/metrics/_classification.py:407: UserWarning: A single label was found in 'y_true' and 'y_pred'. For the confusion matrix to have the correct shape, use the 'labels' parameter to pass all known labels.[32m [repeated 3x across cluster][0m
[36m(ClientAppActor pid=302840)[0m   warnings.warn([32m [repeated 3x across cluster][0m
[36m(ClientAppActor pid=302605)[0m /home/bk489/federated_clean/cleanest_federated/fl-dermamnist-starter/metrics/evaluation.py:68: UserWarning: AUROC set to NaN because present classes are [2, 3, 5], expected [0, 1, 2, 3, 4, 5, 6][32m [repeated 10x across cluster][0m
[36m(ClientAppActor pid=302605)[0m   warnings.warn(f'AUROC set to NaN because present classes are {present_classes}, expected {labels}')[32m [repeated 10x across cluster][0m
[36m(ClientAppActor pid=302605)[0m /home/bk489/federated_clean/.venv/lib/python3.9/site-packages/sklearn/metrics/_classification.py:2524: UserWarning: y_pred contains classes not in y_true[32m [repeated 5x across cluster][0m
[36m(ClientAppActor pid=302605)[0m   warnings.warn("y_pred contains classes not in y_true")[32m [repeated 5x across cluster][0m
[92mINFO [0m:      aggregate_fit: received 5 results and 0 failures
[92mINFO [0m:      fit progress: (42, 1.145683052651547, {'accuracy': 0.7208374875373879, 'balanced_accuracy': 0.288492368234757, 'macro_f1': 0.3280033394735908, 'worst_class_f1': 0.10810810810810811, 'worst_class_recall': 0.06060606060606061, 'f1_actinic_keratoses_an': 0.10810810810810811, 'recall_actinic_keratoses_an': 0.06060606060606061, 'f1_basal_cell_carcinoma': 0.4473684210526316, 'recall_basal_cell_carcinoma': 0.3269230769230769, 'f1_benign_keratosis-lik': 0.1791044776119403, 'recall_benign_keratosis-lik': 0.10909090909090909, 'f1_dermatofibroma': 0.16666666666666666, 'recall_dermatofibroma': 0.16666666666666666, 'f1_melanoma': 0.3067484662576687, 'recall_melanoma': 0.22522522522522523, 'f1_melanocytic_nevi': 0.8527331189710611, 'recall_melanocytic_nevi': 0.9880774962742176, 'f1_vascular_lesions': 0.23529411764705882, 'recall_vascular_lesions': 0.14285714285714285}, 217.53033883700846)
[92mINFO [0m:      configure_evaluate: strategy sampled 10 clients (out of 10)
[36m(ClientAppActor pid=302455)[0m 
[36m(ClientAppActor pid=302455)[0m         
[36m(ClientAppActor pid=302539)[0m 
[36m(ClientAppActor pid=302539)[0m         
[36m(ClientAppActor pid=302363)[0m 
[36m(ClientAppActor pid=302363)[0m         
[36m(ClientAppActor pid=302403)[0m 
[36m(ClientAppActor pid=302403)[0m         
[36m(ClientAppActor pid=302355)[0m 
[36m(ClientAppActor pid=302355)[0m         
[36m(ClientAppActor pid=302362)[0m 
[36m(ClientAppActor pid=302362)[0m         
[36m(ClientAppActor pid=302735)[0m 
[36m(ClientAppActor pid=302735)[0m         
[36m(ClientAppActor pid=302354)[0m 
[36m(ClientAppActor pid=302354)[0m         
[36m(ClientAppActor pid=302605)[0m 
[36m(ClientAppActor pid=302605)[0m         
[36m(ClientAppActor pid=302840)[0m 
[36m(ClientAppActor pid=302840)[0m         
[92mINFO [0m:      aggregate_evaluate: received 10 results and 0 failures
[92mINFO [0m:      
[92mINFO [0m:      [ROUND 43]
[92mINFO [0m:      configure_fit: strategy sampled 5 clients (out of 10)
[36m(ClientAppActor pid=302539)[0m 
[36m(ClientAppActor pid=302539)[0m         
[36m(ClientAppActor pid=302363)[0m 
[36m(ClientAppActor pid=302363)[0m         
[36m(ClientAppActor pid=302355)[0m 
[36m(ClientAppActor pid=302355)[0m         
[36m(ClientAppActor pid=302362)[0m 
[36m(ClientAppActor pid=302362)[0m         
[36m(ClientAppActor pid=302840)[0m 
[36m(ClientAppActor pid=302840)[0m         
[36m(ClientAppActor pid=302539)[0m /home/bk489/federated_clean/cleanest_federated/fl-dermamnist-starter/data/download.py:27: UserWarning: The given NumPy array is not writable, and PyTorch does not support non-writable tensors. This means writing to this tensor will result in undefined behavior. You may want to copy the array to protect its data or make it writable before converting it to a tensor. This type of warning will be suppressed for the rest of this program. (Triggered internally at /pytorch/torch/csrc/utils/tensor_numpy.cpp:203.)[32m [repeated 199x across cluster][0m
[36m(ClientAppActor pid=302539)[0m   tensor = torch.as_tensor(image)[32m [repeated 199x across cluster][0m
[36m(ClientAppActor pid=302840)[0m [93mWARNING [0m:   DEPRECATED FEATURE: `client_fn` now expects a signature `def client_fn(context: Context)`.The provided `client_fn` has signature: {'cid': <Parameter "cid: 'str'">}. You can import the `Context` like this: `from flwr.common import Context`[32m [repeated 15x across cluster][0m
[36m(ClientAppActor pid=302840)[0m             This is a deprecated feature. It will be removed[32m [repeated 15x across cluster][0m
[36m(ClientAppActor pid=302840)[0m             entirely in future versions of Flower.[32m [repeated 15x across cluster][0m
[36m(ClientAppActor pid=302362)[0m /home/bk489/federated_clean/.venv/lib/python3.9/site-packages/sklearn/metrics/_classification.py:407: UserWarning: A single label was found in 'y_true' and 'y_pred'. For the confusion matrix to have the correct shape, use the 'labels' parameter to pass all known labels.[32m [repeated 2x across cluster][0m
[36m(ClientAppActor pid=302362)[0m   warnings.warn([32m [repeated 2x across cluster][0m
[36m(ClientAppActor pid=302362)[0m /home/bk489/federated_clean/cleanest_federated/fl-dermamnist-starter/metrics/evaluation.py:68: UserWarning: AUROC set to NaN because present classes are [5], expected [0, 1, 2, 3, 4, 5, 6][32m [repeated 10x across cluster][0m
[36m(ClientAppActor pid=302362)[0m   warnings.warn(f'AUROC set to NaN because present classes are {present_classes}, expected {labels}')[32m [repeated 10x across cluster][0m
[36m(ClientAppActor pid=302355)[0m /home/bk489/federated_clean/.venv/lib/python3.9/site-packages/sklearn/metrics/_classification.py:2524: UserWarning: y_pred contains classes not in y_true[32m [repeated 7x across cluster][0m
[36m(ClientAppActor pid=302355)[0m   warnings.warn("y_pred contains classes not in y_true")[32m [repeated 7x across cluster][0m
[92mINFO [0m:      aggregate_fit: received 5 results and 0 failures
[92mINFO [0m:      fit progress: (43, 0.8851496896976726, {'accuracy': 0.7098703888334995, 'balanced_accuracy': 0.3524827410073312, 'macro_f1': 0.34232433761010633, 'worst_class_f1': 0.0, 'worst_class_recall': 0.0, 'f1_actinic_keratoses_an': 0.3333333333333333, 'recall_actinic_keratoses_an': 0.3939393939393939, 'f1_basal_cell_carcinoma': 0.5, 'recall_basal_cell_carcinoma': 0.4423076923076923, 'f1_benign_keratosis-lik': 0.10084033613445378, 'recall_benign_keratosis-lik': 0.05454545454545454, 'f1_dermatofibroma': 0.15384615384615385, 'recall_dermatofibroma': 0.08333333333333333, 'f1_melanoma': 0.44, 'recall_melanoma': 0.5945945945945946, 'f1_melanocytic_nevi': 0.8682505399568035, 'recall_melanocytic_nevi': 0.8986587183308494, 'f1_vascular_lesions': 0.0, 'recall_vascular_lesions': 0.0}, 222.10382364602992)
[92mINFO [0m:      configure_evaluate: strategy sampled 10 clients (out of 10)
[36m(ClientAppActor pid=302455)[0m 
[36m(ClientAppActor pid=302455)[0m         
[36m(ClientAppActor pid=302539)[0m 
[36m(ClientAppActor pid=302539)[0m         
[36m(ClientAppActor pid=302363)[0m 
[36m(ClientAppActor pid=302363)[0m         
[36m(ClientAppActor pid=302403)[0m 
[36m(ClientAppActor pid=302403)[0m         
[36m(ClientAppActor pid=302355)[0m 
[36m(ClientAppActor pid=302355)[0m         
[36m(ClientAppActor pid=302362)[0m 
[36m(ClientAppActor pid=302362)[0m         
[36m(ClientAppActor pid=302735)[0m 
[36m(ClientAppActor pid=302735)[0m         
[36m(ClientAppActor pid=302354)[0m 
[36m(ClientAppActor pid=302354)[0m         
[36m(ClientAppActor pid=302605)[0m 
[36m(ClientAppActor pid=302605)[0m         
[36m(ClientAppActor pid=302840)[0m 
[36m(ClientAppActor pid=302840)[0m         
[92mINFO [0m:      aggregate_evaluate: received 10 results and 0 failures
[92mINFO [0m:      
[92mINFO [0m:      [ROUND 44]
[92mINFO [0m:      configure_fit: strategy sampled 5 clients (out of 10)
[36m(ClientAppActor pid=302455)[0m 
[36m(ClientAppActor pid=302455)[0m         
[36m(ClientAppActor pid=302539)[0m 
[36m(ClientAppActor pid=302539)[0m         
[36m(ClientAppActor pid=302403)[0m 
[36m(ClientAppActor pid=302403)[0m         
[36m(ClientAppActor pid=302735)[0m 
[36m(ClientAppActor pid=302735)[0m         
[36m(ClientAppActor pid=302605)[0m 
[36m(ClientAppActor pid=302605)[0m         
[36m(ClientAppActor pid=302605)[0m /home/bk489/federated_clean/cleanest_federated/fl-dermamnist-starter/data/download.py:27: UserWarning: The given NumPy array is not writable, and PyTorch does not support non-writable tensors. This means writing to this tensor will result in undefined behavior. You may want to copy the array to protect its data or make it writable before converting it to a tensor. This type of warning will be suppressed for the rest of this program. (Triggered internally at /pytorch/torch/csrc/utils/tensor_numpy.cpp:203.)[32m [repeated 211x across cluster][0m
[36m(ClientAppActor pid=302605)[0m   tensor = torch.as_tensor(image)[32m [repeated 211x across cluster][0m
[36m(ClientAppActor pid=302605)[0m [93mWARNING [0m:   DEPRECATED FEATURE: `client_fn` now expects a signature `def client_fn(context: Context)`.The provided `client_fn` has signature: {'cid': <Parameter "cid: 'str'">}. You can import the `Context` like this: `from flwr.common import Context`[32m [repeated 15x across cluster][0m
[36m(ClientAppActor pid=302605)[0m             This is a deprecated feature. It will be removed[32m [repeated 15x across cluster][0m
[36m(ClientAppActor pid=302605)[0m             entirely in future versions of Flower.[32m [repeated 15x across cluster][0m
[36m(ClientAppActor pid=302362)[0m /home/bk489/federated_clean/.venv/lib/python3.9/site-packages/sklearn/metrics/_classification.py:407: UserWarning: A single label was found in 'y_true' and 'y_pred'. For the confusion matrix to have the correct shape, use the 'labels' parameter to pass all known labels.
[36m(ClientAppActor pid=302362)[0m   warnings.warn(
[36m(ClientAppActor pid=302840)[0m /home/bk489/federated_clean/cleanest_federated/fl-dermamnist-starter/metrics/evaluation.py:68: UserWarning: AUROC set to NaN because present classes are [5], expected [0, 1, 2, 3, 4, 5, 6][32m [repeated 10x across cluster][0m
[36m(ClientAppActor pid=302840)[0m   warnings.warn(f'AUROC set to NaN because present classes are {present_classes}, expected {labels}')[32m [repeated 10x across cluster][0m
[36m(ClientAppActor pid=302840)[0m /home/bk489/federated_clean/.venv/lib/python3.9/site-packages/sklearn/metrics/_classification.py:2524: UserWarning: y_pred contains classes not in y_true[32m [repeated 9x across cluster][0m
[36m(ClientAppActor pid=302840)[0m   warnings.warn("y_pred contains classes not in y_true")[32m [repeated 9x across cluster][0m
[92mINFO [0m:      aggregate_fit: received 5 results and 0 failures
[92mINFO [0m:      fit progress: (44, 1.783684347942843, {'accuracy': 0.6889332003988036, 'balanced_accuracy': 0.23963251656460088, 'macro_f1': 0.2561762303675225, 'worst_class_f1': 0.0, 'worst_class_recall': 0.0, 'f1_actinic_keratoses_an': 0.0, 'recall_actinic_keratoses_an': 0.0, 'f1_basal_cell_carcinoma': 0.13333333333333333, 'recall_basal_cell_carcinoma': 0.07692307692307693, 'f1_benign_keratosis-lik': 0.0, 'recall_benign_keratosis-lik': 0.0, 'f1_dermatofibroma': 0.14285714285714285, 'recall_dermatofibroma': 0.08333333333333333, 'f1_melanoma': 0.15151515151515152, 'recall_melanoma': 0.09009009009009009, 'f1_melanocytic_nevi': 0.8200734394124847, 'recall_melanocytic_nevi': 0.9985096870342772, 'f1_vascular_lesions': 0.5454545454545454, 'recall_vascular_lesions': 0.42857142857142855}, 227.15443077503005)
[92mINFO [0m:      configure_evaluate: strategy sampled 10 clients (out of 10)
[36m(ClientAppActor pid=302455)[0m 
[36m(ClientAppActor pid=302455)[0m         
[36m(ClientAppActor pid=302539)[0m 
[36m(ClientAppActor pid=302539)[0m         
[36m(ClientAppActor pid=302363)[0m 
[36m(ClientAppActor pid=302363)[0m         
[36m(ClientAppActor pid=302403)[0m 
[36m(ClientAppActor pid=302403)[0m         
[36m(ClientAppActor pid=302355)[0m 
[36m(ClientAppActor pid=302355)[0m         
[36m(ClientAppActor pid=302735)[0m 
[36m(ClientAppActor pid=302735)[0m         
[36m(ClientAppActor pid=302354)[0m 
[36m(ClientAppActor pid=302354)[0m         
[36m(ClientAppActor pid=302605)[0m 
[36m(ClientAppActor pid=302605)[0m         
[36m(ClientAppActor pid=302362)[0m 
[36m(ClientAppActor pid=302362)[0m         
[36m(ClientAppActor pid=302840)[0m 
[36m(ClientAppActor pid=302840)[0m         
[36m(ClientAppActor pid=302455)[0m /home/bk489/federated_clean/.venv/lib/python3.9/site-packages/sklearn/metrics/_classification.py:407: UserWarning: A single label was found in 'y_true' and 'y_pred'. For the confusion matrix to have the correct shape, use the 'labels' parameter to pass all known labels.
[36m(ClientAppActor pid=302455)[0m   warnings.warn(
[92mINFO [0m:      aggregate_evaluate: received 10 results and 0 failures
[92mINFO [0m:      
[92mINFO [0m:      [ROUND 45]
[92mINFO [0m:      configure_fit: strategy sampled 5 clients (out of 10)
[36m(ClientAppActor pid=302363)[0m 
[36m(ClientAppActor pid=302363)[0m         
[36m(ClientAppActor pid=302355)[0m 
[36m(ClientAppActor pid=302355)[0m         
[36m(ClientAppActor pid=302362)[0m 
[36m(ClientAppActor pid=302362)[0m         
[36m(ClientAppActor pid=302354)[0m 
[36m(ClientAppActor pid=302354)[0m         
[36m(ClientAppActor pid=302840)[0m 
[36m(ClientAppActor pid=302840)[0m         
[36m(ClientAppActor pid=302363)[0m /home/bk489/federated_clean/cleanest_federated/fl-dermamnist-starter/data/download.py:27: UserWarning: The given NumPy array is not writable, and PyTorch does not support non-writable tensors. This means writing to this tensor will result in undefined behavior. You may want to copy the array to protect its data or make it writable before converting it to a tensor. This type of warning will be suppressed for the rest of this program. (Triggered internally at /pytorch/torch/csrc/utils/tensor_numpy.cpp:203.)[32m [repeated 203x across cluster][0m
[36m(ClientAppActor pid=302363)[0m   tensor = torch.as_tensor(image)[32m [repeated 203x across cluster][0m
[36m(ClientAppActor pid=302840)[0m [93mWARNING [0m:   DEPRECATED FEATURE: `client_fn` now expects a signature `def client_fn(context: Context)`.The provided `client_fn` has signature: {'cid': <Parameter "cid: 'str'">}. You can import the `Context` like this: `from flwr.common import Context`[32m [repeated 15x across cluster][0m
[36m(ClientAppActor pid=302840)[0m             This is a deprecated feature. It will be removed[32m [repeated 15x across cluster][0m
[36m(ClientAppActor pid=302840)[0m             entirely in future versions of Flower.[32m [repeated 15x across cluster][0m
[36m(ClientAppActor pid=302840)[0m /home/bk489/federated_clean/cleanest_federated/fl-dermamnist-starter/metrics/evaluation.py:68: UserWarning: AUROC set to NaN because present classes are [0, 1, 2, 3, 5, 6], expected [0, 1, 2, 3, 4, 5, 6][32m [repeated 10x across cluster][0m
[36m(ClientAppActor pid=302840)[0m   warnings.warn(f'AUROC set to NaN because present classes are {present_classes}, expected {labels}')[32m [repeated 10x across cluster][0m
[36m(ClientAppActor pid=302840)[0m /home/bk489/federated_clean/.venv/lib/python3.9/site-packages/sklearn/metrics/_classification.py:2524: UserWarning: y_pred contains classes not in y_true[32m [repeated 6x across cluster][0m
[36m(ClientAppActor pid=302840)[0m   warnings.warn("y_pred contains classes not in y_true")[32m [repeated 6x across cluster][0m
[36m(ClientAppActor pid=302355)[0m /home/bk489/federated_clean/.venv/lib/python3.9/site-packages/sklearn/metrics/_classification.py:407: UserWarning: A single label was found in 'y_true' and 'y_pred'. For the confusion matrix to have the correct shape, use the 'labels' parameter to pass all known labels.
[36m(ClientAppActor pid=302355)[0m   warnings.warn(
[92mINFO [0m:      aggregate_fit: received 5 results and 0 failures
[92mINFO [0m:      fit progress: (45, 1.0485954555652197, {'accuracy': 0.6570289132602194, 'balanced_accuracy': 0.3351776406811536, 'macro_f1': 0.325634902508987, 'worst_class_f1': 0.0, 'worst_class_recall': 0.0, 'f1_actinic_keratoses_an': 0.14634146341463414, 'recall_actinic_keratoses_an': 0.09090909090909091, 'f1_basal_cell_carcinoma': 0.37037037037037035, 'recall_basal_cell_carcinoma': 0.28846153846153844, 'f1_benign_keratosis-lik': 0.05263157894736842, 'recall_benign_keratosis-lik': 0.02727272727272727, 'f1_dermatofibroma': 0.0, 'recall_dermatofibroma': 0.0, 'f1_melanoma': 0.3953488372093023, 'recall_melanoma': 0.7657657657657657, 'f1_melanocytic_nevi': 0.8385615914307575, 'recall_melanocytic_nevi': 0.8166915052160953, 'f1_vascular_lesions': 0.47619047619047616, 'recall_vascular_lesions': 0.35714285714285715}, 232.90857174200937)
[92mINFO [0m:      configure_evaluate: strategy sampled 10 clients (out of 10)
[36m(ClientAppActor pid=302455)[0m 
[36m(ClientAppActor pid=302455)[0m         
[36m(ClientAppActor pid=302539)[0m 
[36m(ClientAppActor pid=302539)[0m         
[36m(ClientAppActor pid=302363)[0m 
[36m(ClientAppActor pid=302363)[0m         
[36m(ClientAppActor pid=302403)[0m 
[36m(ClientAppActor pid=302403)[0m         
[36m(ClientAppActor pid=302355)[0m 
[36m(ClientAppActor pid=302355)[0m         
[36m(ClientAppActor pid=302362)[0m 
[36m(ClientAppActor pid=302362)[0m         
[36m(ClientAppActor pid=302735)[0m 
[36m(ClientAppActor pid=302735)[0m         
[36m(ClientAppActor pid=302354)[0m 
[36m(ClientAppActor pid=302354)[0m         
[36m(ClientAppActor pid=302840)[0m 
[36m(ClientAppActor pid=302840)[0m         
[36m(ClientAppActor pid=302605)[0m 
[36m(ClientAppActor pid=302605)[0m         
[92mINFO [0m:      aggregate_evaluate: received 10 results and 0 failures
[92mINFO [0m:      
[92mINFO [0m:      [ROUND 46]
[92mINFO [0m:      configure_fit: strategy sampled 5 clients (out of 10)
[36m(ClientAppActor pid=302455)[0m 
[36m(ClientAppActor pid=302455)[0m         
[36m(ClientAppActor pid=302539)[0m /home/bk489/federated_clean/.venv/lib/python3.9/site-packages/sklearn/metrics/_classification.py:407: UserWarning: A single label was found in 'y_true' and 'y_pred'. For the confusion matrix to have the correct shape, use the 'labels' parameter to pass all known labels.
[36m(ClientAppActor pid=302539)[0m   warnings.warn(
[36m(ClientAppActor pid=302403)[0m 
[36m(ClientAppActor pid=302403)[0m         
[36m(ClientAppActor pid=302735)[0m 
[36m(ClientAppActor pid=302735)[0m         
[36m(ClientAppActor pid=302605)[0m 
[36m(ClientAppActor pid=302605)[0m         
[36m(ClientAppActor pid=302840)[0m 
[36m(ClientAppActor pid=302840)[0m         
[36m(ClientAppActor pid=302455)[0m /home/bk489/federated_clean/cleanest_federated/fl-dermamnist-starter/data/download.py:27: UserWarning: The given NumPy array is not writable, and PyTorch does not support non-writable tensors. This means writing to this tensor will result in undefined behavior. You may want to copy the array to protect its data or make it writable before converting it to a tensor. This type of warning will be suppressed for the rest of this program. (Triggered internally at /pytorch/torch/csrc/utils/tensor_numpy.cpp:203.)[32m [repeated 143x across cluster][0m
[36m(ClientAppActor pid=302455)[0m   tensor = torch.as_tensor(image)[32m [repeated 143x across cluster][0m
[36m(ClientAppActor pid=302840)[0m [93mWARNING [0m:   DEPRECATED FEATURE: `client_fn` now expects a signature `def client_fn(context: Context)`.The provided `client_fn` has signature: {'cid': <Parameter "cid: 'str'">}. You can import the `Context` like this: `from flwr.common import Context`[32m [repeated 15x across cluster][0m
[36m(ClientAppActor pid=302840)[0m             This is a deprecated feature. It will be removed[32m [repeated 15x across cluster][0m
[36m(ClientAppActor pid=302840)[0m             entirely in future versions of Flower.[32m [repeated 15x across cluster][0m
[36m(ClientAppActor pid=302840)[0m /home/bk489/federated_clean/cleanest_federated/fl-dermamnist-starter/metrics/evaluation.py:68: UserWarning: AUROC set to NaN because present classes are [5], expected [0, 1, 2, 3, 4, 5, 6][32m [repeated 10x across cluster][0m
[36m(ClientAppActor pid=302840)[0m   warnings.warn(f'AUROC set to NaN because present classes are {present_classes}, expected {labels}')[32m [repeated 10x across cluster][0m
[36m(ClientAppActor pid=302840)[0m /home/bk489/federated_clean/.venv/lib/python3.9/site-packages/sklearn/metrics/_classification.py:2524: UserWarning: y_pred contains classes not in y_true[32m [repeated 8x across cluster][0m
[36m(ClientAppActor pid=302840)[0m   warnings.warn("y_pred contains classes not in y_true")[32m [repeated 8x across cluster][0m
[92mINFO [0m:      aggregate_fit: received 5 results and 0 failures
[92mINFO [0m:      fit progress: (46, 0.9862077861935168, {'accuracy': 0.7337986041874377, 'balanced_accuracy': 0.3281862007857324, 'macro_f1': 0.37572601888130874, 'worst_class_f1': 0.0, 'worst_class_recall': 0.0, 'f1_actinic_keratoses_an': 0.0, 'recall_actinic_keratoses_an': 0.0, 'f1_basal_cell_carcinoma': 0.29411764705882354, 'recall_basal_cell_carcinoma': 0.19230769230769232, 'f1_benign_keratosis-lik': 0.3670886075949367, 'recall_benign_keratosis-lik': 0.2636363636363636, 'f1_dermatofibroma': 0.36363636363636365, 'recall_dermatofibroma': 0.3333333333333333, 'f1_melanoma': 0.3270440251572327, 'recall_melanoma': 0.23423423423423423, 'f1_melanocytic_nevi': 0.8571428571428571, 'recall_melanocytic_nevi': 0.9880774962742176, 'f1_vascular_lesions': 0.42105263157894735, 'recall_vascular_lesions': 0.2857142857142857}, 238.2767374420073)
[92mINFO [0m:      configure_evaluate: strategy sampled 10 clients (out of 10)
[36m(ClientAppActor pid=302455)[0m 
[36m(ClientAppActor pid=302455)[0m         
[36m(ClientAppActor pid=302363)[0m 
[36m(ClientAppActor pid=302363)[0m         
[36m(ClientAppActor pid=302403)[0m 
[36m(ClientAppActor pid=302403)[0m         
[36m(ClientAppActor pid=302735)[0m 
[36m(ClientAppActor pid=302735)[0m         
[36m(ClientAppActor pid=302605)[0m 
[36m(ClientAppActor pid=302605)[0m         
[36m(ClientAppActor pid=302840)[0m 
[36m(ClientAppActor pid=302840)[0m         
[36m(ClientAppActor pid=302539)[0m 
[36m(ClientAppActor pid=302539)[0m         
[36m(ClientAppActor pid=302362)[0m 
[36m(ClientAppActor pid=302362)[0m         
[36m(ClientAppActor pid=302354)[0m 
[36m(ClientAppActor pid=302354)[0m         
[36m(ClientAppActor pid=302355)[0m 
[36m(ClientAppActor pid=302355)[0m         
[36m(ClientAppActor pid=302735)[0m /home/bk489/federated_clean/.venv/lib/python3.9/site-packages/sklearn/metrics/_classification.py:407: UserWarning: A single label was found in 'y_true' and 'y_pred'. For the confusion matrix to have the correct shape, use the 'labels' parameter to pass all known labels.
[36m(ClientAppActor pid=302735)[0m   warnings.warn(
[92mINFO [0m:      aggregate_evaluate: received 10 results and 0 failures
[92mINFO [0m:      
[92mINFO [0m:      [ROUND 47]
[92mINFO [0m:      configure_fit: strategy sampled 5 clients (out of 10)
[36m(ClientAppActor pid=302539)[0m 
[36m(ClientAppActor pid=302539)[0m         
[36m(ClientAppActor pid=302363)[0m 
[36m(ClientAppActor pid=302363)[0m         
[36m(ClientAppActor pid=302355)[0m 
[36m(ClientAppActor pid=302355)[0m         
[36m(ClientAppActor pid=302362)[0m 
[36m(ClientAppActor pid=302362)[0m         
[36m(ClientAppActor pid=302354)[0m 
[36m(ClientAppActor pid=302354)[0m         
[36m(ClientAppActor pid=302363)[0m /home/bk489/federated_clean/cleanest_federated/fl-dermamnist-starter/data/download.py:27: UserWarning: The given NumPy array is not writable, and PyTorch does not support non-writable tensors. This means writing to this tensor will result in undefined behavior. You may want to copy the array to protect its data or make it writable before converting it to a tensor. This type of warning will be suppressed for the rest of this program. (Triggered internally at /pytorch/torch/csrc/utils/tensor_numpy.cpp:203.)[32m [repeated 196x across cluster][0m
[36m(ClientAppActor pid=302363)[0m   tensor = torch.as_tensor(image)[32m [repeated 196x across cluster][0m
[36m(ClientAppActor pid=302354)[0m [93mWARNING [0m:   DEPRECATED FEATURE: `client_fn` now expects a signature `def client_fn(context: Context)`.The provided `client_fn` has signature: {'cid': <Parameter "cid: 'str'">}. You can import the `Context` like this: `from flwr.common import Context`[32m [repeated 15x across cluster][0m
[36m(ClientAppActor pid=302354)[0m             This is a deprecated feature. It will be removed[32m [repeated 15x across cluster][0m
[36m(ClientAppActor pid=302354)[0m             entirely in future versions of Flower.[32m [repeated 15x across cluster][0m
[36m(ClientAppActor pid=302354)[0m /home/bk489/federated_clean/cleanest_federated/fl-dermamnist-starter/metrics/evaluation.py:68: UserWarning: AUROC set to NaN because present classes are [0, 4], expected [0, 1, 2, 3, 4, 5, 6][32m [repeated 10x across cluster][0m
[36m(ClientAppActor pid=302354)[0m   warnings.warn(f'AUROC set to NaN because present classes are {present_classes}, expected {labels}')[32m [repeated 10x across cluster][0m
[36m(ClientAppActor pid=302354)[0m /home/bk489/federated_clean/.venv/lib/python3.9/site-packages/sklearn/metrics/_classification.py:2524: UserWarning: y_pred contains classes not in y_true[32m [repeated 8x across cluster][0m
[36m(ClientAppActor pid=302354)[0m   warnings.warn("y_pred contains classes not in y_true")[32m [repeated 8x across cluster][0m
[92mINFO [0m:      aggregate_fit: received 5 results and 0 failures
[92mINFO [0m:      fit progress: (47, 1.0270290851355313, {'accuracy': 0.744765702891326, 'balanced_accuracy': 0.3846061506483052, 'macro_f1': 0.4209046221838322, 'worst_class_f1': 0.22058823529411764, 'worst_class_recall': 0.13513513513513514, 'f1_actinic_keratoses_an': 0.2641509433962264, 'recall_actinic_keratoses_an': 0.21212121212121213, 'f1_basal_cell_carcinoma': 0.5714285714285714, 'recall_basal_cell_carcinoma': 0.6923076923076923, 'f1_benign_keratosis-lik': 0.3333333333333333, 'recall_benign_keratosis-lik': 0.21818181818181817, 'f1_dermatofibroma': 0.2857142857142857, 'recall_dermatofibroma': 0.16666666666666666, 'f1_melanoma': 0.22058823529411764, 'recall_melanoma': 0.13513513513513514, 'f1_melanocytic_nevi': 0.8711169861202908, 'recall_melanocytic_nevi': 0.9821162444113264, 'f1_vascular_lesions': 0.4, 'recall_vascular_lesions': 0.2857142857142857}, 243.210270999989)
[92mINFO [0m:      configure_evaluate: strategy sampled 10 clients (out of 10)
[36m(ClientAppActor pid=302363)[0m 
[36m(ClientAppActor pid=302363)[0m         
[36m(ClientAppActor pid=302354)[0m 
[36m(ClientAppActor pid=302354)[0m         
[36m(ClientAppActor pid=302539)[0m 
[36m(ClientAppActor pid=302539)[0m         
[36m(ClientAppActor pid=302355)[0m 
[36m(ClientAppActor pid=302355)[0m         
[36m(ClientAppActor pid=302362)[0m 
[36m(ClientAppActor pid=302362)[0m         
[36m(ClientAppActor pid=302455)[0m 
[36m(ClientAppActor pid=302455)[0m         
[36m(ClientAppActor pid=302605)[0m 
[36m(ClientAppActor pid=302605)[0m         
[36m(ClientAppActor pid=302735)[0m 
[36m(ClientAppActor pid=302735)[0m         
[36m(ClientAppActor pid=302840)[0m 
[36m(ClientAppActor pid=302840)[0m         
[36m(ClientAppActor pid=302403)[0m 
[36m(ClientAppActor pid=302403)[0m         
[92mINFO [0m:      aggregate_evaluate: received 10 results and 0 failures
[92mINFO [0m:      
[92mINFO [0m:      [ROUND 48]
[92mINFO [0m:      configure_fit: strategy sampled 5 clients (out of 10)
[36m(ClientAppActor pid=302455)[0m /home/bk489/federated_clean/.venv/lib/python3.9/site-packages/sklearn/metrics/_classification.py:407: UserWarning: A single label was found in 'y_true' and 'y_pred'. For the confusion matrix to have the correct shape, use the 'labels' parameter to pass all known labels.[32m [repeated 2x across cluster][0m
[36m(ClientAppActor pid=302455)[0m   warnings.warn([32m [repeated 2x across cluster][0m
[36m(ClientAppActor pid=302403)[0m 
[36m(ClientAppActor pid=302403)[0m         
[36m(ClientAppActor pid=302355)[0m 
[36m(ClientAppActor pid=302355)[0m         
[36m(ClientAppActor pid=302735)[0m 
[36m(ClientAppActor pid=302735)[0m         
[36m(ClientAppActor pid=302605)[0m 
[36m(ClientAppActor pid=302605)[0m         
[36m(ClientAppActor pid=302840)[0m 
[36m(ClientAppActor pid=302840)[0m         
[36m(ClientAppActor pid=302403)[0m /home/bk489/federated_clean/cleanest_federated/fl-dermamnist-starter/data/download.py:27: UserWarning: The given NumPy array is not writable, and PyTorch does not support non-writable tensors. This means writing to this tensor will result in undefined behavior. You may want to copy the array to protect its data or make it writable before converting it to a tensor. This type of warning will be suppressed for the rest of this program. (Triggered internally at /pytorch/torch/csrc/utils/tensor_numpy.cpp:203.)[32m [repeated 188x across cluster][0m
[36m(ClientAppActor pid=302403)[0m   tensor = torch.as_tensor(image)[32m [repeated 188x across cluster][0m
[36m(ClientAppActor pid=302840)[0m [93mWARNING [0m:   DEPRECATED FEATURE: `client_fn` now expects a signature `def client_fn(context: Context)`.The provided `client_fn` has signature: {'cid': <Parameter "cid: 'str'">}. You can import the `Context` like this: `from flwr.common import Context`[32m [repeated 15x across cluster][0m
[36m(ClientAppActor pid=302840)[0m             This is a deprecated feature. It will be removed[32m [repeated 15x across cluster][0m
[36m(ClientAppActor pid=302840)[0m             entirely in future versions of Flower.[32m [repeated 15x across cluster][0m
[36m(ClientAppActor pid=302840)[0m /home/bk489/federated_clean/cleanest_federated/fl-dermamnist-starter/metrics/evaluation.py:68: UserWarning: AUROC set to NaN because present classes are [2, 3, 5], expected [0, 1, 2, 3, 4, 5, 6][32m [repeated 10x across cluster][0m
[36m(ClientAppActor pid=302840)[0m   warnings.warn(f'AUROC set to NaN because present classes are {present_classes}, expected {labels}')[32m [repeated 10x across cluster][0m
[36m(ClientAppActor pid=302840)[0m /home/bk489/federated_clean/.venv/lib/python3.9/site-packages/sklearn/metrics/_classification.py:2524: UserWarning: y_pred contains classes not in y_true[32m [repeated 9x across cluster][0m
[36m(ClientAppActor pid=302840)[0m   warnings.warn("y_pred contains classes not in y_true")[32m [repeated 9x across cluster][0m
[92mINFO [0m:      aggregate_fit: received 5 results and 0 failures
[92mINFO [0m:      fit progress: (48, 0.8130477825523255, {'accuracy': 0.7038883349950149, 'balanced_accuracy': 0.42489386681424157, 'macro_f1': 0.3986765975864226, 'worst_class_f1': 0.0, 'worst_class_recall': 0.0, 'f1_actinic_keratoses_an': 0.3076923076923077, 'recall_actinic_keratoses_an': 0.24242424242424243, 'f1_basal_cell_carcinoma': 0.5581395348837209, 'recall_basal_cell_carcinoma': 0.6923076923076923, 'f1_benign_keratosis-lik': 0.44884488448844884, 'recall_benign_keratosis-lik': 0.6181818181818182, 'f1_dermatofibroma': 0.0, 'recall_dermatofibroma': 0.0, 'f1_melanoma': 0.48627450980392156, 'recall_melanoma': 0.5585585585585585, 'f1_melanocytic_nevi': 0.8564516129032258, 'recall_melanocytic_nevi': 0.7913561847988078, 'f1_vascular_lesions': 0.13333333333333333, 'recall_vascular_lesions': 0.07142857142857142}, 247.34908101399196)
[92mINFO [0m:      configure_evaluate: strategy sampled 10 clients (out of 10)
[36m(ClientAppActor pid=302539)[0m 
[36m(ClientAppActor pid=302539)[0m         
[36m(ClientAppActor pid=302403)[0m 
[36m(ClientAppActor pid=302403)[0m         
[36m(ClientAppActor pid=302355)[0m 
[36m(ClientAppActor pid=302355)[0m         
[36m(ClientAppActor pid=302735)[0m 
[36m(ClientAppActor pid=302735)[0m         
[36m(ClientAppActor pid=302605)[0m 
[36m(ClientAppActor pid=302605)[0m         
[36m(ClientAppActor pid=302840)[0m 
[36m(ClientAppActor pid=302840)[0m         
[36m(ClientAppActor pid=302362)[0m 
[36m(ClientAppActor pid=302362)[0m         
[36m(ClientAppActor pid=302455)[0m 
[36m(ClientAppActor pid=302455)[0m         
[36m(ClientAppActor pid=302354)[0m 
[36m(ClientAppActor pid=302354)[0m         
[36m(ClientAppActor pid=302363)[0m 
[36m(ClientAppActor pid=302363)[0m         
[92mINFO [0m:      aggregate_evaluate: received 10 results and 0 failures
[92mINFO [0m:      
[92mINFO [0m:      [ROUND 49]
[92mINFO [0m:      configure_fit: strategy sampled 5 clients (out of 10)
[36m(ClientAppActor pid=302455)[0m 
[36m(ClientAppActor pid=302455)[0m         
[36m(ClientAppActor pid=302363)[0m 
[36m(ClientAppActor pid=302363)[0m         
[36m(ClientAppActor pid=302362)[0m 
[36m(ClientAppActor pid=302362)[0m         
[36m(ClientAppActor pid=302354)[0m 
[36m(ClientAppActor pid=302354)[0m         
[36m(ClientAppActor pid=302605)[0m 
[36m(ClientAppActor pid=302605)[0m         
[36m(ClientAppActor pid=302363)[0m /home/bk489/federated_clean/.venv/lib/python3.9/site-packages/sklearn/metrics/_classification.py:407: UserWarning: A single label was found in 'y_true' and 'y_pred'. For the confusion matrix to have the correct shape, use the 'labels' parameter to pass all known labels.
[36m(ClientAppActor pid=302363)[0m   warnings.warn(
[36m(ClientAppActor pid=302455)[0m /home/bk489/federated_clean/cleanest_federated/fl-dermamnist-starter/data/download.py:27: UserWarning: The given NumPy array is not writable, and PyTorch does not support non-writable tensors. This means writing to this tensor will result in undefined behavior. You may want to copy the array to protect its data or make it writable before converting it to a tensor. This type of warning will be suppressed for the rest of this program. (Triggered internally at /pytorch/torch/csrc/utils/tensor_numpy.cpp:203.)[32m [repeated 225x across cluster][0m
[36m(ClientAppActor pid=302455)[0m   tensor = torch.as_tensor(image)[32m [repeated 225x across cluster][0m
[36m(ClientAppActor pid=302605)[0m [93mWARNING [0m:   DEPRECATED FEATURE: `client_fn` now expects a signature `def client_fn(context: Context)`.The provided `client_fn` has signature: {'cid': <Parameter "cid: 'str'">}. You can import the `Context` like this: `from flwr.common import Context`[32m [repeated 15x across cluster][0m
[36m(ClientAppActor pid=302605)[0m             This is a deprecated feature. It will be removed[32m [repeated 15x across cluster][0m
[36m(ClientAppActor pid=302605)[0m             entirely in future versions of Flower.[32m [repeated 15x across cluster][0m
[36m(ClientAppActor pid=302840)[0m /home/bk489/federated_clean/cleanest_federated/fl-dermamnist-starter/metrics/evaluation.py:68: UserWarning: AUROC set to NaN because present classes are [1, 3, 4, 5], expected [0, 1, 2, 3, 4, 5, 6][32m [repeated 10x across cluster][0m
[36m(ClientAppActor pid=302840)[0m   warnings.warn(f'AUROC set to NaN because present classes are {present_classes}, expected {labels}')[32m [repeated 10x across cluster][0m
[36m(ClientAppActor pid=302840)[0m /home/bk489/federated_clean/.venv/lib/python3.9/site-packages/sklearn/metrics/_classification.py:2524: UserWarning: y_pred contains classes not in y_true[32m [repeated 9x across cluster][0m
[36m(ClientAppActor pid=302840)[0m   warnings.warn("y_pred contains classes not in y_true")[32m [repeated 9x across cluster][0m
[92mINFO [0m:      aggregate_fit: received 5 results and 0 failures
[92mINFO [0m:      fit progress: (49, 1.6424087731693227, {'accuracy': 0.674975074775673, 'balanced_accuracy': 0.16679748822605966, 'macro_f1': 0.15767973488260373, 'worst_class_f1': 0.0, 'worst_class_recall': 0.0, 'f1_actinic_keratoses_an': 0.0, 'recall_actinic_keratoses_an': 0.0, 'f1_basal_cell_carcinoma': 0.16393442622950818, 'recall_basal_cell_carcinoma': 0.09615384615384616, 'f1_benign_keratosis-lik': 0.0, 'recall_benign_keratosis-lik': 0.0, 'f1_dermatofibroma': 0.0, 'recall_dermatofibroma': 0.0, 'f1_melanoma': 0.0, 'recall_melanoma': 0.0, 'f1_melanocytic_nevi': 0.8064903846153846, 'recall_melanocytic_nevi': 1.0, 'f1_vascular_lesions': 0.13333333333333333, 'recall_vascular_lesions': 0.07142857142857142}, 253.40449864102993)
[92mINFO [0m:      configure_evaluate: strategy sampled 10 clients (out of 10)
[36m(ClientAppActor pid=302455)[0m 
[36m(ClientAppActor pid=302455)[0m         
[36m(ClientAppActor pid=302363)[0m 
[36m(ClientAppActor pid=302363)[0m         
[36m(ClientAppActor pid=302362)[0m 
[36m(ClientAppActor pid=302362)[0m         
[36m(ClientAppActor pid=302735)[0m 
[36m(ClientAppActor pid=302735)[0m         
[36m(ClientAppActor pid=302354)[0m 
[36m(ClientAppActor pid=302354)[0m         
[36m(ClientAppActor pid=302605)[0m 
[36m(ClientAppActor pid=302605)[0m         
[36m(ClientAppActor pid=302840)[0m 
[36m(ClientAppActor pid=302840)[0m         
[36m(ClientAppActor pid=302539)[0m 
[36m(ClientAppActor pid=302539)[0m         
[36m(ClientAppActor pid=302403)[0m 
[36m(ClientAppActor pid=302403)[0m         
[36m(ClientAppActor pid=302355)[0m 
[36m(ClientAppActor pid=302355)[0m         
[92mINFO [0m:      aggregate_evaluate: received 10 results and 0 failures
[92mINFO [0m:      
[92mINFO [0m:      [ROUND 50]
[92mINFO [0m:      configure_fit: strategy sampled 5 clients (out of 10)
[36m(ClientAppActor pid=302403)[0m /home/bk489/federated_clean/.venv/lib/python3.9/site-packages/sklearn/metrics/_classification.py:407: UserWarning: A single label was found in 'y_true' and 'y_pred'. For the confusion matrix to have the correct shape, use the 'labels' parameter to pass all known labels.
[36m(ClientAppActor pid=302403)[0m   warnings.warn(
[36m(ClientAppActor pid=302403)[0m 
[36m(ClientAppActor pid=302403)[0m         
[36m(ClientAppActor pid=302355)[0m 
[36m(ClientAppActor pid=302355)[0m         
[36m(ClientAppActor pid=302539)[0m 
[36m(ClientAppActor pid=302539)[0m         
[36m(ClientAppActor pid=302605)[0m 
[36m(ClientAppActor pid=302605)[0m         
[36m(ClientAppActor pid=302735)[0m 
[36m(ClientAppActor pid=302735)[0m         
[36m(ClientAppActor pid=302539)[0m /home/bk489/federated_clean/cleanest_federated/fl-dermamnist-starter/data/download.py:27: UserWarning: The given NumPy array is not writable, and PyTorch does not support non-writable tensors. This means writing to this tensor will result in undefined behavior. You may want to copy the array to protect its data or make it writable before converting it to a tensor. This type of warning will be suppressed for the rest of this program. (Triggered internally at /pytorch/torch/csrc/utils/tensor_numpy.cpp:203.)[32m [repeated 172x across cluster][0m
[36m(ClientAppActor pid=302539)[0m   tensor = torch.as_tensor(image)[32m [repeated 172x across cluster][0m
[36m(ClientAppActor pid=302735)[0m [93mWARNING [0m:   DEPRECATED FEATURE: `client_fn` now expects a signature `def client_fn(context: Context)`.The provided `client_fn` has signature: {'cid': <Parameter "cid: 'str'">}. You can import the `Context` like this: `from flwr.common import Context`[32m [repeated 15x across cluster][0m
[36m(ClientAppActor pid=302735)[0m             This is a deprecated feature. It will be removed[32m [repeated 15x across cluster][0m
[36m(ClientAppActor pid=302735)[0m             entirely in future versions of Flower.[32m [repeated 15x across cluster][0m
[36m(ClientAppActor pid=302840)[0m /home/bk489/federated_clean/cleanest_federated/fl-dermamnist-starter/metrics/evaluation.py:68: UserWarning: AUROC set to NaN because present classes are [4], expected [0, 1, 2, 3, 4, 5, 6][32m [repeated 10x across cluster][0m
[36m(ClientAppActor pid=302840)[0m   warnings.warn(f'AUROC set to NaN because present classes are {present_classes}, expected {labels}')[32m [repeated 10x across cluster][0m
[36m(ClientAppActor pid=302840)[0m /home/bk489/federated_clean/.venv/lib/python3.9/site-packages/sklearn/metrics/_classification.py:2524: UserWarning: y_pred contains classes not in y_true[32m [repeated 5x across cluster][0m
[36m(ClientAppActor pid=302840)[0m   warnings.warn("y_pred contains classes not in y_true")[32m [repeated 5x across cluster][0m
[92mINFO [0m:      aggregate_fit: received 5 results and 0 failures
[92mINFO [0m:      fit progress: (50, 2.304931778731874, {'accuracy': 0.674975074775673, 'balanced_accuracy': 0.19941128348622492, 'macro_f1': 0.2050768515522458, 'worst_class_f1': 0.0, 'worst_class_recall': 0.0, 'f1_actinic_keratoses_an': 0.0, 'recall_actinic_keratoses_an': 0.0, 'f1_basal_cell_carcinoma': 0.03636363636363636, 'recall_basal_cell_carcinoma': 0.019230769230769232, 'f1_benign_keratosis-lik': 0.018018018018018018, 'recall_benign_keratosis-lik': 0.00909090909090909, 'f1_dermatofibroma': 0.15384615384615385, 'recall_dermatofibroma': 0.08333333333333333, 'f1_melanoma': 0.0, 'recall_melanoma': 0.0, 'f1_melanocytic_nevi': 0.8062575210589651, 'recall_melanocytic_nevi': 0.9985096870342772, 'f1_vascular_lesions': 0.42105263157894735, 'recall_vascular_lesions': 0.2857142857142857}, 257.8440992090036)
[92mINFO [0m:      configure_evaluate: strategy sampled 10 clients (out of 10)
[36m(ClientAppActor pid=302455)[0m 
[36m(ClientAppActor pid=302455)[0m         
[36m(ClientAppActor pid=302539)[0m 
[36m(ClientAppActor pid=302539)[0m         
[36m(ClientAppActor pid=302403)[0m 
[36m(ClientAppActor pid=302403)[0m         
[36m(ClientAppActor pid=302355)[0m 
[36m(ClientAppActor pid=302355)[0m         
[36m(ClientAppActor pid=302362)[0m 
[36m(ClientAppActor pid=302362)[0m         
[36m(ClientAppActor pid=302735)[0m 
[36m(ClientAppActor pid=302735)[0m         
[36m(ClientAppActor pid=302354)[0m 
[36m(ClientAppActor pid=302354)[0m         
[36m(ClientAppActor pid=302605)[0m 
[36m(ClientAppActor pid=302605)[0m         
[36m(ClientAppActor pid=302840)[0m 
[36m(ClientAppActor pid=302840)[0m         
[36m(ClientAppActor pid=302363)[0m 
[36m(ClientAppActor pid=302363)[0m         
[92mINFO [0m:      aggregate_evaluate: received 10 results and 0 failures
[92mINFO [0m:      
[92mINFO [0m:      [ROUND 51]
[92mINFO [0m:      configure_fit: strategy sampled 5 clients (out of 10)
[36m(ClientAppActor pid=302455)[0m 
[36m(ClientAppActor pid=302455)[0m         
[36m(ClientAppActor pid=302363)[0m 
[36m(ClientAppActor pid=302363)[0m         
[36m(ClientAppActor pid=302355)[0m 
[36m(ClientAppActor pid=302355)[0m         
[36m(ClientAppActor pid=302362)[0m 
[36m(ClientAppActor pid=302362)[0m         
[36m(ClientAppActor pid=302354)[0m 
[36m(ClientAppActor pid=302354)[0m         
[36m(ClientAppActor pid=302355)[0m /home/bk489/federated_clean/.venv/lib/python3.9/site-packages/sklearn/metrics/_classification.py:407: UserWarning: A single label was found in 'y_true' and 'y_pred'. For the confusion matrix to have the correct shape, use the 'labels' parameter to pass all known labels.[32m [repeated 3x across cluster][0m
[36m(ClientAppActor pid=302355)[0m   warnings.warn([32m [repeated 3x across cluster][0m
[36m(ClientAppActor pid=302455)[0m /home/bk489/federated_clean/cleanest_federated/fl-dermamnist-starter/data/download.py:27: UserWarning: The given NumPy array is not writable, and PyTorch does not support non-writable tensors. This means writing to this tensor will result in undefined behavior. You may want to copy the array to protect its data or make it writable before converting it to a tensor. This type of warning will be suppressed for the rest of this program. (Triggered internally at /pytorch/torch/csrc/utils/tensor_numpy.cpp:203.)[32m [repeated 219x across cluster][0m
[36m(ClientAppActor pid=302455)[0m   tensor = torch.as_tensor(image)[32m [repeated 219x across cluster][0m
[36m(ClientAppActor pid=302354)[0m [93mWARNING [0m:   DEPRECATED FEATURE: `client_fn` now expects a signature `def client_fn(context: Context)`.The provided `client_fn` has signature: {'cid': <Parameter "cid: 'str'">}. You can import the `Context` like this: `from flwr.common import Context`[32m [repeated 15x across cluster][0m
[36m(ClientAppActor pid=302354)[0m             This is a deprecated feature. It will be removed[32m [repeated 15x across cluster][0m
[36m(ClientAppActor pid=302354)[0m             entirely in future versions of Flower.[32m [repeated 15x across cluster][0m
[92mINFO [0m:      aggregate_fit: received 5 results and 0 failures
[92mINFO [0m:      fit progress: (51, 1.4215850934668528, {'accuracy': 0.6400797607178464, 'balanced_accuracy': 0.32718565482031525, 'macro_f1': 0.31110068321298795, 'worst_class_f1': 0.0, 'worst_class_recall': 0.0, 'f1_actinic_keratoses_an': 0.0, 'recall_actinic_keratoses_an': 0.0, 'f1_basal_cell_carcinoma': 0.3283582089552239, 'recall_basal_cell_carcinoma': 0.21153846153846154, 'f1_benign_keratosis-lik': 0.018018018018018018, 'recall_benign_keratosis-lik': 0.00909090909090909, 'f1_dermatofibroma': 0.15384615384615385, 'recall_dermatofibroma': 0.08333333333333333, 'f1_melanoma': 0.40789473684210525, 'recall_melanoma': 0.8378378378378378, 'f1_melanocytic_nevi': 0.8150422102839601, 'recall_melanocytic_nevi': 0.7913561847988078, 'f1_vascular_lesions': 0.45454545454545453, 'recall_vascular_lesions': 0.35714285714285715}, 261.9812876940123)
[92mINFO [0m:      configure_evaluate: strategy sampled 10 clients (out of 10)
[36m(ClientAppActor pid=302455)[0m 
[36m(ClientAppActor pid=302455)[0m         
[36m(ClientAppActor pid=302840)[0m /home/bk489/federated_clean/cleanest_federated/fl-dermamnist-starter/metrics/evaluation.py:68: UserWarning: AUROC set to NaN because present classes are [2, 3, 5], expected [0, 1, 2, 3, 4, 5, 6][32m [repeated 10x across cluster][0m
[36m(ClientAppActor pid=302840)[0m   warnings.warn(f'AUROC set to NaN because present classes are {present_classes}, expected {labels}')[32m [repeated 10x across cluster][0m
[36m(ClientAppActor pid=302840)[0m /home/bk489/federated_clean/.venv/lib/python3.9/site-packages/sklearn/metrics/_classification.py:2524: UserWarning: y_pred contains classes not in y_true[32m [repeated 5x across cluster][0m
[36m(ClientAppActor pid=302840)[0m   warnings.warn("y_pred contains classes not in y_true")[32m [repeated 5x across cluster][0m
[36m(ClientAppActor pid=302539)[0m 
[36m(ClientAppActor pid=302539)[0m         
[36m(ClientAppActor pid=302363)[0m 
[36m(ClientAppActor pid=302363)[0m         
[36m(ClientAppActor pid=302355)[0m 
[36m(ClientAppActor pid=302355)[0m         
[36m(ClientAppActor pid=302362)[0m 
[36m(ClientAppActor pid=302362)[0m         
[36m(ClientAppActor pid=302354)[0m 
[36m(ClientAppActor pid=302354)[0m         
[36m(ClientAppActor pid=302840)[0m 
[36m(ClientAppActor pid=302840)[0m         
[36m(ClientAppActor pid=302403)[0m 
[36m(ClientAppActor pid=302403)[0m         
[36m(ClientAppActor pid=302735)[0m 
[36m(ClientAppActor pid=302735)[0m         
[36m(ClientAppActor pid=302605)[0m 
[36m(ClientAppActor pid=302605)[0m         
[92mINFO [0m:      aggregate_evaluate: received 10 results and 0 failures
[92mINFO [0m:      
[92mINFO [0m:      [ROUND 52]
[92mINFO [0m:      configure_fit: strategy sampled 5 clients (out of 10)
[36m(ClientAppActor pid=302735)[0m 
[36m(ClientAppActor pid=302735)[0m         
[36m(ClientAppActor pid=302605)[0m 
[36m(ClientAppActor pid=302605)[0m         
[36m(ClientAppActor pid=302539)[0m 
[36m(ClientAppActor pid=302539)[0m         
[36m(ClientAppActor pid=302403)[0m 
[36m(ClientAppActor pid=302403)[0m         
[36m(ClientAppActor pid=302840)[0m 
[36m(ClientAppActor pid=302840)[0m         
[36m(ClientAppActor pid=302363)[0m /home/bk489/federated_clean/.venv/lib/python3.9/site-packages/sklearn/metrics/_classification.py:407: UserWarning: A single label was found in 'y_true' and 'y_pred'. For the confusion matrix to have the correct shape, use the 'labels' parameter to pass all known labels.
[36m(ClientAppActor pid=302363)[0m   warnings.warn(
[36m(ClientAppActor pid=302539)[0m /home/bk489/federated_clean/cleanest_federated/fl-dermamnist-starter/data/download.py:27: UserWarning: The given NumPy array is not writable, and PyTorch does not support non-writable tensors. This means writing to this tensor will result in undefined behavior. You may want to copy the array to protect its data or make it writable before converting it to a tensor. This type of warning will be suppressed for the rest of this program. (Triggered internally at /pytorch/torch/csrc/utils/tensor_numpy.cpp:203.)[32m [repeated 236x across cluster][0m
[36m(ClientAppActor pid=302539)[0m   tensor = torch.as_tensor(image)[32m [repeated 236x across cluster][0m
[36m(ClientAppActor pid=302840)[0m [93mWARNING [0m:   DEPRECATED FEATURE: `client_fn` now expects a signature `def client_fn(context: Context)`.The provided `client_fn` has signature: {'cid': <Parameter "cid: 'str'">}. You can import the `Context` like this: `from flwr.common import Context`[32m [repeated 15x across cluster][0m
[36m(ClientAppActor pid=302840)[0m             This is a deprecated feature. It will be removed[32m [repeated 15x across cluster][0m
[36m(ClientAppActor pid=302840)[0m             entirely in future versions of Flower.[32m [repeated 15x across cluster][0m
[92mINFO [0m:      aggregate_fit: received 5 results and 0 failures
[92mINFO [0m:      fit progress: (52, 1.0300968928803, {'accuracy': 0.7507477567298105, 'balanced_accuracy': 0.40990203542896747, 'macro_f1': 0.43480737393094027, 'worst_class_f1': 0.05217391304347826, 'worst_class_recall': 0.02702702702702703, 'f1_actinic_keratoses_an': 0.18181818181818182, 'recall_actinic_keratoses_an': 0.12121212121212122, 'f1_basal_cell_carcinoma': 0.5813953488372093, 'recall_basal_cell_carcinoma': 0.4807692307692308, 'f1_benign_keratosis-lik': 0.5287356321839081, 'recall_benign_keratosis-lik': 0.6272727272727273, 'f1_dermatofibroma': 0.15384615384615385, 'recall_dermatofibroma': 0.08333333333333333, 'f1_melanoma': 0.05217391304347826, 'recall_melanoma': 0.02702702702702703, 'f1_melanocytic_nevi': 0.8790157211209843, 'recall_melanocytic_nevi': 0.9582712369597616, 'f1_vascular_lesions': 0.6666666666666666, 'recall_vascular_lesions': 0.5714285714285714}, 266.31359609699575)
[92mINFO [0m:      configure_evaluate: strategy sampled 10 clients (out of 10)
[36m(ClientAppActor pid=302455)[0m 
[36m(ClientAppActor pid=302455)[0m         
[36m(ClientAppActor pid=302539)[0m 
[36m(ClientAppActor pid=302539)[0m         
[36m(ClientAppActor pid=302363)[0m 
[36m(ClientAppActor pid=302363)[0m         
[36m(ClientAppActor pid=302403)[0m 
[36m(ClientAppActor pid=302403)[0m         
[36m(ClientAppActor pid=302355)[0m 
[36m(ClientAppActor pid=302355)[0m         
[36m(ClientAppActor pid=302362)[0m 
[36m(ClientAppActor pid=302362)[0m         
[36m(ClientAppActor pid=302735)[0m 
[36m(ClientAppActor pid=302735)[0m         
[36m(ClientAppActor pid=302354)[0m 
[36m(ClientAppActor pid=302354)[0m         
[36m(ClientAppActor pid=302605)[0m 
[36m(ClientAppActor pid=302605)[0m         
[36m(ClientAppActor pid=302840)[0m 
[36m(ClientAppActor pid=302840)[0m         
[92mINFO [0m:      aggregate_evaluate: received 10 results and 0 failures
[92mINFO [0m:      
[92mINFO [0m:      [ROUND 53]
[92mINFO [0m:      configure_fit: strategy sampled 5 clients (out of 10)
[36m(ClientAppActor pid=302455)[0m 
[36m(ClientAppActor pid=302455)[0m         
[36m(ClientAppActor pid=302363)[0m 
[36m(ClientAppActor pid=302363)[0m         
[36m(ClientAppActor pid=302362)[0m 
[36m(ClientAppActor pid=302362)[0m         
[36m(ClientAppActor pid=302735)[0m 
[36m(ClientAppActor pid=302735)[0m         
[36m(ClientAppActor pid=302354)[0m 
[36m(ClientAppActor pid=302354)[0m         
[36m(ClientAppActor pid=302605)[0m /home/bk489/federated_clean/.venv/lib/python3.9/site-packages/sklearn/metrics/_classification.py:407: UserWarning: A single label was found in 'y_true' and 'y_pred'. For the confusion matrix to have the correct shape, use the 'labels' parameter to pass all known labels.
[36m(ClientAppActor pid=302605)[0m   warnings.warn(
[36m(ClientAppActor pid=302840)[0m /home/bk489/federated_clean/cleanest_federated/fl-dermamnist-starter/metrics/evaluation.py:68: UserWarning: AUROC set to NaN because present classes are [4], expected [0, 1, 2, 3, 4, 5, 6][32m [repeated 20x across cluster][0m
[36m(ClientAppActor pid=302840)[0m   warnings.warn(f'AUROC set to NaN because present classes are {present_classes}, expected {labels}')[32m [repeated 20x across cluster][0m
[36m(ClientAppActor pid=302840)[0m /home/bk489/federated_clean/.venv/lib/python3.9/site-packages/sklearn/metrics/_classification.py:2524: UserWarning: y_pred contains classes not in y_true[32m [repeated 15x across cluster][0m
[36m(ClientAppActor pid=302840)[0m   warnings.warn("y_pred contains classes not in y_true")[32m [repeated 15x across cluster][0m
[36m(ClientAppActor pid=302735)[0m /home/bk489/federated_clean/cleanest_federated/fl-dermamnist-starter/data/download.py:27: UserWarning: The given NumPy array is not writable, and PyTorch does not support non-writable tensors. This means writing to this tensor will result in undefined behavior. You may want to copy the array to protect its data or make it writable before converting it to a tensor. This type of warning will be suppressed for the rest of this program. (Triggered internally at /pytorch/torch/csrc/utils/tensor_numpy.cpp:203.)[32m [repeated 223x across cluster][0m
[36m(ClientAppActor pid=302735)[0m   tensor = torch.as_tensor(image)[32m [repeated 223x across cluster][0m
[36m(ClientAppActor pid=302354)[0m [93mWARNING [0m:   DEPRECATED FEATURE: `client_fn` now expects a signature `def client_fn(context: Context)`.The provided `client_fn` has signature: {'cid': <Parameter "cid: 'str'">}. You can import the `Context` like this: `from flwr.common import Context`[32m [repeated 15x across cluster][0m
[36m(ClientAppActor pid=302354)[0m             This is a deprecated feature. It will be removed[32m [repeated 15x across cluster][0m
[36m(ClientAppActor pid=302354)[0m             entirely in future versions of Flower.[32m [repeated 15x across cluster][0m
[92mINFO [0m:      aggregate_fit: received 5 results and 0 failures
[92mINFO [0m:      fit progress: (53, 1.2787094516744641, {'accuracy': 0.6929212362911267, 'balanced_accuracy': 0.3138088687269015, 'macro_f1': 0.25686648678501045, 'worst_class_f1': 0.0, 'worst_class_recall': 0.0, 'f1_actinic_keratoses_an': 0.2802547770700637, 'recall_actinic_keratoses_an': 0.6666666666666666, 'f1_basal_cell_carcinoma': 0.20588235294117646, 'recall_basal_cell_carcinoma': 0.1346153846153846, 'f1_benign_keratosis-lik': 0.43621399176954734, 'recall_benign_keratosis-lik': 0.4818181818181818, 'f1_dermatofibroma': 0.0, 'recall_dermatofibroma': 0.0, 'f1_melanoma': 0.0, 'recall_melanoma': 0.0, 'f1_melanocytic_nevi': 0.8757142857142857, 'recall_melanocytic_nevi': 0.9135618479880775, 'f1_vascular_lesions': 0.0, 'recall_vascular_lesions': 0.0}, 270.8053260809975)
[92mINFO [0m:      configure_evaluate: strategy sampled 10 clients (out of 10)
[36m(ClientAppActor pid=302363)[0m 
[36m(ClientAppActor pid=302363)[0m         
[36m(ClientAppActor pid=302735)[0m 
[36m(ClientAppActor pid=302735)[0m         
[36m(ClientAppActor pid=302455)[0m 
[36m(ClientAppActor pid=302455)[0m         
[36m(ClientAppActor pid=302354)[0m 
[36m(ClientAppActor pid=302354)[0m         
[36m(ClientAppActor pid=302539)[0m 
[36m(ClientAppActor pid=302539)[0m         
[36m(ClientAppActor pid=302403)[0m 
[36m(ClientAppActor pid=302403)[0m         
[36m(ClientAppActor pid=302355)[0m 
[36m(ClientAppActor pid=302355)[0m         
[36m(ClientAppActor pid=302362)[0m 
[36m(ClientAppActor pid=302362)[0m         
[36m(ClientAppActor pid=302605)[0m 
[36m(ClientAppActor pid=302605)[0m         
[36m(ClientAppActor pid=302840)[0m 
[36m(ClientAppActor pid=302840)[0m         
[92mINFO [0m:      aggregate_evaluate: received 10 results and 0 failures
[92mINFO [0m:      
[92mINFO [0m:      [ROUND 54]
[92mINFO [0m:      configure_fit: strategy sampled 5 clients (out of 10)
[36m(ClientAppActor pid=302539)[0m 
[36m(ClientAppActor pid=302539)[0m         
[36m(ClientAppActor pid=302403)[0m 
[36m(ClientAppActor pid=302403)[0m         
[36m(ClientAppActor pid=302355)[0m 
[36m(ClientAppActor pid=302355)[0m         
[36m(ClientAppActor pid=302605)[0m 
[36m(ClientAppActor pid=302605)[0m         
[36m(ClientAppActor pid=302840)[0m 
[36m(ClientAppActor pid=302840)[0m         
[36m(ClientAppActor pid=302363)[0m /home/bk489/federated_clean/.venv/lib/python3.9/site-packages/sklearn/metrics/_classification.py:407: UserWarning: A single label was found in 'y_true' and 'y_pred'. For the confusion matrix to have the correct shape, use the 'labels' parameter to pass all known labels.
[36m(ClientAppActor pid=302363)[0m   warnings.warn(
[36m(ClientAppActor pid=302840)[0m /home/bk489/federated_clean/cleanest_federated/fl-dermamnist-starter/metrics/evaluation.py:68: UserWarning: AUROC set to NaN because present classes are [5], expected [0, 1, 2, 3, 4, 5, 6][32m [repeated 10x across cluster][0m
[36m(ClientAppActor pid=302840)[0m   warnings.warn(f'AUROC set to NaN because present classes are {present_classes}, expected {labels}')[32m [repeated 10x across cluster][0m
[36m(ClientAppActor pid=302840)[0m /home/bk489/federated_clean/.venv/lib/python3.9/site-packages/sklearn/metrics/_classification.py:2524: UserWarning: y_pred contains classes not in y_true[32m [repeated 8x across cluster][0m
[36m(ClientAppActor pid=302840)[0m   warnings.warn("y_pred contains classes not in y_true")[32m [repeated 8x across cluster][0m
[36m(ClientAppActor pid=302403)[0m /home/bk489/federated_clean/cleanest_federated/fl-dermamnist-starter/data/download.py:27: UserWarning: The given NumPy array is not writable, and PyTorch does not support non-writable tensors. This means writing to this tensor will result in undefined behavior. You may want to copy the array to protect its data or make it writable before converting it to a tensor. This type of warning will be suppressed for the rest of this program. (Triggered internally at /pytorch/torch/csrc/utils/tensor_numpy.cpp:203.)[32m [repeated 183x across cluster][0m
[36m(ClientAppActor pid=302403)[0m   tensor = torch.as_tensor(image)[32m [repeated 183x across cluster][0m
[36m(ClientAppActor pid=302840)[0m [93mWARNING [0m:   DEPRECATED FEATURE: `client_fn` now expects a signature `def client_fn(context: Context)`.The provided `client_fn` has signature: {'cid': <Parameter "cid: 'str'">}. You can import the `Context` like this: `from flwr.common import Context`[32m [repeated 15x across cluster][0m
[36m(ClientAppActor pid=302840)[0m             This is a deprecated feature. It will be removed[32m [repeated 15x across cluster][0m
[36m(ClientAppActor pid=302840)[0m             entirely in future versions of Flower.[32m [repeated 15x across cluster][0m
[92mINFO [0m:      aggregate_fit: received 5 results and 0 failures
[92mINFO [0m:      fit progress: (54, 1.5859888832447893, {'accuracy': 0.7008973080757727, 'balanced_accuracy': 0.22208777044842617, 'macro_f1': 0.22864599550575002, 'worst_class_f1': 0.0, 'worst_class_recall': 0.0, 'f1_actinic_keratoses_an': 0.0, 'recall_actinic_keratoses_an': 0.0, 'f1_basal_cell_carcinoma': 0.43902439024390244, 'recall_basal_cell_carcinoma': 0.34615384615384615, 'f1_benign_keratosis-lik': 0.1016949152542373, 'recall_benign_keratosis-lik': 0.05454545454545454, 'f1_dermatofibroma': 0.1, 'recall_dermatofibroma': 0.08333333333333333, 'f1_melanoma': 0.13008130081300814, 'recall_melanoma': 0.07207207207207207, 'f1_melanocytic_nevi': 0.8297213622291022, 'recall_melanocytic_nevi': 0.9985096870342772, 'f1_vascular_lesions': 0.0, 'recall_vascular_lesions': 0.0}, 276.23466204100987)
[92mINFO [0m:      configure_evaluate: strategy sampled 10 clients (out of 10)
[36m(ClientAppActor pid=302455)[0m 
[36m(ClientAppActor pid=302455)[0m         
[36m(ClientAppActor pid=302539)[0m 
[36m(ClientAppActor pid=302539)[0m         
[36m(ClientAppActor pid=302403)[0m 
[36m(ClientAppActor pid=302403)[0m         
[36m(ClientAppActor pid=302355)[0m 
[36m(ClientAppActor pid=302355)[0m         
[36m(ClientAppActor pid=302362)[0m 
[36m(ClientAppActor pid=302362)[0m         
[36m(ClientAppActor pid=302354)[0m 
[36m(ClientAppActor pid=302354)[0m         
[36m(ClientAppActor pid=302605)[0m 
[36m(ClientAppActor pid=302605)[0m         
[36m(ClientAppActor pid=302840)[0m 
[36m(ClientAppActor pid=302840)[0m         
[36m(ClientAppActor pid=302363)[0m 
[36m(ClientAppActor pid=302363)[0m         
[36m(ClientAppActor pid=302735)[0m 
[36m(ClientAppActor pid=302735)[0m         
[36m(ClientAppActor pid=302455)[0m /home/bk489/federated_clean/.venv/lib/python3.9/site-packages/sklearn/metrics/_classification.py:407: UserWarning: A single label was found in 'y_true' and 'y_pred'. For the confusion matrix to have the correct shape, use the 'labels' parameter to pass all known labels.
[36m(ClientAppActor pid=302455)[0m   warnings.warn(
[92mINFO [0m:      aggregate_evaluate: received 10 results and 0 failures
[92mINFO [0m:      
[92mINFO [0m:      [ROUND 55]
[92mINFO [0m:      configure_fit: strategy sampled 5 clients (out of 10)
[36m(ClientAppActor pid=302363)[0m 
[36m(ClientAppActor pid=302363)[0m         
[36m(ClientAppActor pid=302362)[0m 
[36m(ClientAppActor pid=302362)[0m         
[36m(ClientAppActor pid=302735)[0m 
[36m(ClientAppActor pid=302735)[0m         
[36m(ClientAppActor pid=302354)[0m 
[36m(ClientAppActor pid=302354)[0m         
[36m(ClientAppActor pid=302605)[0m 
[36m(ClientAppActor pid=302605)[0m         
[36m(ClientAppActor pid=302354)[0m /home/bk489/federated_clean/cleanest_federated/fl-dermamnist-starter/metrics/evaluation.py:68: UserWarning: AUROC set to NaN because present classes are [0, 1, 2, 3, 5, 6], expected [0, 1, 2, 3, 4, 5, 6][32m [repeated 10x across cluster][0m
[36m(ClientAppActor pid=302354)[0m   warnings.warn(f'AUROC set to NaN because present classes are {present_classes}, expected {labels}')[32m [repeated 10x across cluster][0m
[36m(ClientAppActor pid=302354)[0m /home/bk489/federated_clean/.venv/lib/python3.9/site-packages/sklearn/metrics/_classification.py:2524: UserWarning: y_pred contains classes not in y_true[32m [repeated 6x across cluster][0m
[36m(ClientAppActor pid=302354)[0m   warnings.warn("y_pred contains classes not in y_true")[32m [repeated 6x across cluster][0m
[36m(ClientAppActor pid=302735)[0m /home/bk489/federated_clean/cleanest_federated/fl-dermamnist-starter/data/download.py:27: UserWarning: The given NumPy array is not writable, and PyTorch does not support non-writable tensors. This means writing to this tensor will result in undefined behavior. You may want to copy the array to protect its data or make it writable before converting it to a tensor. This type of warning will be suppressed for the rest of this program. (Triggered internally at /pytorch/torch/csrc/utils/tensor_numpy.cpp:203.)[32m [repeated 205x across cluster][0m
[36m(ClientAppActor pid=302735)[0m   tensor = torch.as_tensor(image)[32m [repeated 205x across cluster][0m
[36m(ClientAppActor pid=302605)[0m [93mWARNING [0m:   DEPRECATED FEATURE: `client_fn` now expects a signature `def client_fn(context: Context)`.The provided `client_fn` has signature: {'cid': <Parameter "cid: 'str'">}. You can import the `Context` like this: `from flwr.common import Context`[32m [repeated 15x across cluster][0m
[36m(ClientAppActor pid=302605)[0m             This is a deprecated feature. It will be removed[32m [repeated 15x across cluster][0m
[36m(ClientAppActor pid=302605)[0m             entirely in future versions of Flower.[32m [repeated 15x across cluster][0m
[36m(ClientAppActor pid=302735)[0m /home/bk489/federated_clean/.venv/lib/python3.9/site-packages/sklearn/metrics/_classification.py:407: UserWarning: A single label was found in 'y_true' and 'y_pred'. For the confusion matrix to have the correct shape, use the 'labels' parameter to pass all known labels.
[36m(ClientAppActor pid=302735)[0m   warnings.warn(
[92mINFO [0m:      aggregate_fit: received 5 results and 0 failures
[92mINFO [0m:      fit progress: (55, 1.0776158798846267, {'accuracy': 0.7497507477567298, 'balanced_accuracy': 0.39212227631431373, 'macro_f1': 0.4152713448949453, 'worst_class_f1': 0.035398230088495575, 'worst_class_recall': 0.018018018018018018, 'f1_actinic_keratoses_an': 0.31746031746031744, 'recall_actinic_keratoses_an': 0.30303030303030304, 'f1_basal_cell_carcinoma': 0.5825242718446602, 'recall_basal_cell_carcinoma': 0.5769230769230769, 'f1_benign_keratosis-lik': 0.4723618090452261, 'recall_benign_keratosis-lik': 0.42727272727272725, 'f1_dermatofibroma': 0.14285714285714285, 'recall_dermatofibroma': 0.08333333333333333, 'f1_melanoma': 0.035398230088495575, 'recall_melanoma': 0.018018018018018018, 'f1_melanocytic_nevi': 0.8801071667782987, 'recall_melanocytic_nevi': 0.9791356184798807, 'f1_vascular_lesions': 0.47619047619047616, 'recall_vascular_lesions': 0.35714285714285715}, 281.65940279199276)
[92mINFO [0m:      configure_evaluate: strategy sampled 10 clients (out of 10)
[36m(ClientAppActor pid=302362)[0m 
[36m(ClientAppActor pid=302362)[0m         
[36m(ClientAppActor pid=302735)[0m 
[36m(ClientAppActor pid=302735)[0m         
[36m(ClientAppActor pid=302605)[0m 
[36m(ClientAppActor pid=302605)[0m         
[36m(ClientAppActor pid=302363)[0m 
[36m(ClientAppActor pid=302363)[0m         
[36m(ClientAppActor pid=302354)[0m 
[36m(ClientAppActor pid=302354)[0m         
[36m(ClientAppActor pid=302455)[0m 
[36m(ClientAppActor pid=302455)[0m         
[36m(ClientAppActor pid=302539)[0m 
[36m(ClientAppActor pid=302539)[0m         
[36m(ClientAppActor pid=302363)[0m /home/bk489/federated_clean/.venv/lib/python3.9/site-packages/sklearn/metrics/_classification.py:407: UserWarning: A single label was found in 'y_true' and 'y_pred'. For the confusion matrix to have the correct shape, use the 'labels' parameter to pass all known labels.
[36m(ClientAppActor pid=302363)[0m   warnings.warn(
[36m(ClientAppActor pid=302403)[0m 
[36m(ClientAppActor pid=302403)[0m         
[36m(ClientAppActor pid=302355)[0m 
[36m(ClientAppActor pid=302355)[0m         
[36m(ClientAppActor pid=302840)[0m 
[36m(ClientAppActor pid=302840)[0m         
[92mINFO [0m:      aggregate_evaluate: received 10 results and 0 failures
[92mINFO [0m:      
[92mINFO [0m:      [ROUND 56]
[92mINFO [0m:      configure_fit: strategy sampled 5 clients (out of 10)
[36m(ClientAppActor pid=302455)[0m 
[36m(ClientAppActor pid=302455)[0m         
[36m(ClientAppActor pid=302539)[0m 
[36m(ClientAppActor pid=302539)[0m         
[36m(ClientAppActor pid=302403)[0m 
[36m(ClientAppActor pid=302403)[0m         
[36m(ClientAppActor pid=302355)[0m 
[36m(ClientAppActor pid=302355)[0m         
[36m(ClientAppActor pid=302840)[0m 
[36m(ClientAppActor pid=302840)[0m         
[36m(ClientAppActor pid=302403)[0m /home/bk489/federated_clean/cleanest_federated/fl-dermamnist-starter/metrics/evaluation.py:68: UserWarning: AUROC set to NaN because present classes are [2, 3, 5], expected [0, 1, 2, 3, 4, 5, 6][32m [repeated 10x across cluster][0m
[36m(ClientAppActor pid=302403)[0m   warnings.warn(f'AUROC set to NaN because present classes are {present_classes}, expected {labels}')[32m [repeated 10x across cluster][0m
[36m(ClientAppActor pid=302403)[0m /home/bk489/federated_clean/.venv/lib/python3.9/site-packages/sklearn/metrics/_classification.py:2524: UserWarning: y_pred contains classes not in y_true[32m [repeated 8x across cluster][0m
[36m(ClientAppActor pid=302403)[0m   warnings.warn("y_pred contains classes not in y_true")[32m [repeated 8x across cluster][0m
[36m(ClientAppActor pid=302539)[0m /home/bk489/federated_clean/cleanest_federated/fl-dermamnist-starter/data/download.py:27: UserWarning: The given NumPy array is not writable, and PyTorch does not support non-writable tensors. This means writing to this tensor will result in undefined behavior. You may want to copy the array to protect its data or make it writable before converting it to a tensor. This type of warning will be suppressed for the rest of this program. (Triggered internally at /pytorch/torch/csrc/utils/tensor_numpy.cpp:203.)[32m [repeated 199x across cluster][0m
[36m(ClientAppActor pid=302539)[0m   tensor = torch.as_tensor(image)[32m [repeated 199x across cluster][0m
[36m(ClientAppActor pid=302840)[0m [93mWARNING [0m:   DEPRECATED FEATURE: `client_fn` now expects a signature `def client_fn(context: Context)`.The provided `client_fn` has signature: {'cid': <Parameter "cid: 'str'">}. You can import the `Context` like this: `from flwr.common import Context`[32m [repeated 15x across cluster][0m
[36m(ClientAppActor pid=302840)[0m             This is a deprecated feature. It will be removed[32m [repeated 15x across cluster][0m
[36m(ClientAppActor pid=302840)[0m             entirely in future versions of Flower.[32m [repeated 15x across cluster][0m
[92mINFO [0m:      aggregate_fit: received 5 results and 0 failures
[92mINFO [0m:      fit progress: (56, 1.2238470928024794, {'accuracy': 0.7188434695912264, 'balanced_accuracy': 0.2866481894584939, 'macro_f1': 0.3221721683778562, 'worst_class_f1': 0.0, 'worst_class_recall': 0.0, 'f1_actinic_keratoses_an': 0.0, 'recall_actinic_keratoses_an': 0.0, 'f1_basal_cell_carcinoma': 0.2727272727272727, 'recall_basal_cell_carcinoma': 0.17307692307692307, 'f1_benign_keratosis-lik': 0.23255813953488372, 'recall_benign_keratosis-lik': 0.13636363636363635, 'f1_dermatofibroma': 0.23076923076923078, 'recall_dermatofibroma': 0.25, 'f1_melanoma': 0.3176470588235294, 'recall_melanoma': 0.24324324324324326, 'f1_melanocytic_nevi': 0.8485623003194889, 'recall_melanocytic_nevi': 0.9895678092399404, 'f1_vascular_lesions': 0.35294117647058826, 'recall_vascular_lesions': 0.21428571428571427}, 286.06436109304195)
[92mINFO [0m:      configure_evaluate: strategy sampled 10 clients (out of 10)
[36m(ClientAppActor pid=302455)[0m 
[36m(ClientAppActor pid=302455)[0m         
[36m(ClientAppActor pid=302539)[0m 
[36m(ClientAppActor pid=302539)[0m         
[36m(ClientAppActor pid=302363)[0m 
[36m(ClientAppActor pid=302363)[0m         
[36m(ClientAppActor pid=302403)[0m 
[36m(ClientAppActor pid=302403)[0m         
[36m(ClientAppActor pid=302355)[0m 
[36m(ClientAppActor pid=302355)[0m         
[36m(ClientAppActor pid=302362)[0m 
[36m(ClientAppActor pid=302362)[0m         
[36m(ClientAppActor pid=302735)[0m 
[36m(ClientAppActor pid=302735)[0m         
[36m(ClientAppActor pid=302354)[0m 
[36m(ClientAppActor pid=302354)[0m         
[36m(ClientAppActor pid=302605)[0m 
[36m(ClientAppActor pid=302605)[0m         
[36m(ClientAppActor pid=302840)[0m 
[36m(ClientAppActor pid=302840)[0m         
[92mINFO [0m:      aggregate_evaluate: received 10 results and 0 failures
[92mINFO [0m:      
[92mINFO [0m:      [ROUND 57]
[92mINFO [0m:      configure_fit: strategy sampled 5 clients (out of 10)
[36m(ClientAppActor pid=302363)[0m 
[36m(ClientAppActor pid=302363)[0m         
[36m(ClientAppActor pid=302362)[0m 
[36m(ClientAppActor pid=302362)[0m         
[36m(ClientAppActor pid=302735)[0m 
[36m(ClientAppActor pid=302735)[0m         
[36m(ClientAppActor pid=302354)[0m 
[36m(ClientAppActor pid=302354)[0m         
[36m(ClientAppActor pid=302605)[0m 
[36m(ClientAppActor pid=302605)[0m         
[36m(ClientAppActor pid=302362)[0m /home/bk489/federated_clean/.venv/lib/python3.9/site-packages/sklearn/metrics/_classification.py:407: UserWarning: A single label was found in 'y_true' and 'y_pred'. For the confusion matrix to have the correct shape, use the 'labels' parameter to pass all known labels.[32m [repeated 2x across cluster][0m
[36m(ClientAppActor pid=302362)[0m   warnings.warn([32m [repeated 2x across cluster][0m
[36m(ClientAppActor pid=302605)[0m /home/bk489/federated_clean/cleanest_federated/fl-dermamnist-starter/metrics/evaluation.py:68: UserWarning: AUROC set to NaN because present classes are [1, 3, 4, 5], expected [0, 1, 2, 3, 4, 5, 6][32m [repeated 10x across cluster][0m
[36m(ClientAppActor pid=302605)[0m   warnings.warn(f'AUROC set to NaN because present classes are {present_classes}, expected {labels}')[32m [repeated 10x across cluster][0m
[36m(ClientAppActor pid=302605)[0m /home/bk489/federated_clean/.venv/lib/python3.9/site-packages/sklearn/metrics/_classification.py:2524: UserWarning: y_pred contains classes not in y_true[32m [repeated 7x across cluster][0m
[36m(ClientAppActor pid=302605)[0m   warnings.warn("y_pred contains classes not in y_true")[32m [repeated 7x across cluster][0m
[36m(ClientAppActor pid=302363)[0m /home/bk489/federated_clean/cleanest_federated/fl-dermamnist-starter/data/download.py:27: UserWarning: The given NumPy array is not writable, and PyTorch does not support non-writable tensors. This means writing to this tensor will result in undefined behavior. You may want to copy the array to protect its data or make it writable before converting it to a tensor. This type of warning will be suppressed for the rest of this program. (Triggered internally at /pytorch/torch/csrc/utils/tensor_numpy.cpp:203.)[32m [repeated 181x across cluster][0m
[36m(ClientAppActor pid=302363)[0m   tensor = torch.as_tensor(image)[32m [repeated 181x across cluster][0m
[36m(ClientAppActor pid=302605)[0m [93mWARNING [0m:   DEPRECATED FEATURE: `client_fn` now expects a signature `def client_fn(context: Context)`.The provided `client_fn` has signature: {'cid': <Parameter "cid: 'str'">}. You can import the `Context` like this: `from flwr.common import Context`[32m [repeated 15x across cluster][0m
[36m(ClientAppActor pid=302605)[0m             This is a deprecated feature. It will be removed[32m [repeated 15x across cluster][0m
[36m(ClientAppActor pid=302605)[0m             entirely in future versions of Flower.[32m [repeated 15x across cluster][0m
[92mINFO [0m:      aggregate_fit: received 5 results and 0 failures
[92mINFO [0m:      fit progress: (57, 1.4963018491284796, {'accuracy': 0.7337986041874377, 'balanced_accuracy': 0.3036281439091743, 'macro_f1': 0.30483927042855274, 'worst_class_f1': 0.0, 'worst_class_recall': 0.0, 'f1_actinic_keratoses_an': 0.0, 'recall_actinic_keratoses_an': 0.0, 'f1_basal_cell_carcinoma': 0.5434782608695652, 'recall_basal_cell_carcinoma': 0.4807692307692308, 'f1_benign_keratosis-lik': 0.49137931034482757, 'recall_benign_keratosis-lik': 0.5181818181818182, 'f1_dermatofibroma': 0.10526315789473684, 'recall_dermatofibroma': 0.08333333333333333, 'f1_melanoma': 0.0, 'recall_melanoma': 0.0, 'f1_melanocytic_nevi': 0.8687541638907396, 'recall_melanocytic_nevi': 0.9716840536512668, 'f1_vascular_lesions': 0.125, 'recall_vascular_lesions': 0.07142857142857142}, 291.654810987995)
[92mINFO [0m:      configure_evaluate: strategy sampled 10 clients (out of 10)
[36m(ClientAppActor pid=302363)[0m 
[36m(ClientAppActor pid=302363)[0m         
[36m(ClientAppActor pid=302362)[0m 
[36m(ClientAppActor pid=302362)[0m         
[36m(ClientAppActor pid=302354)[0m 
[36m(ClientAppActor pid=302354)[0m         
[36m(ClientAppActor pid=302605)[0m 
[36m(ClientAppActor pid=302605)[0m         
[36m(ClientAppActor pid=302735)[0m 
[36m(ClientAppActor pid=302735)[0m         
[36m(ClientAppActor pid=302403)[0m 
[36m(ClientAppActor pid=302403)[0m         
[36m(ClientAppActor pid=302455)[0m 
[36m(ClientAppActor pid=302455)[0m         
[36m(ClientAppActor pid=302539)[0m 
[36m(ClientAppActor pid=302539)[0m         
[36m(ClientAppActor pid=302355)[0m 
[36m(ClientAppActor pid=302355)[0m         
[36m(ClientAppActor pid=302840)[0m 
[36m(ClientAppActor pid=302840)[0m         
[92mINFO [0m:      aggregate_evaluate: received 10 results and 0 failures
[92mINFO [0m:      
[92mINFO [0m:      [ROUND 58]
[92mINFO [0m:      configure_fit: strategy sampled 5 clients (out of 10)
[36m(ClientAppActor pid=302455)[0m 
[36m(ClientAppActor pid=302455)[0m         
[36m(ClientAppActor pid=302605)[0m /home/bk489/federated_clean/.venv/lib/python3.9/site-packages/sklearn/metrics/_classification.py:407: UserWarning: A single label was found in 'y_true' and 'y_pred'. For the confusion matrix to have the correct shape, use the 'labels' parameter to pass all known labels.
[36m(ClientAppActor pid=302605)[0m   warnings.warn(
[36m(ClientAppActor pid=302403)[0m 
[36m(ClientAppActor pid=302403)[0m         
[36m(ClientAppActor pid=302355)[0m 
[36m(ClientAppActor pid=302355)[0m         
[36m(ClientAppActor pid=302735)[0m 
[36m(ClientAppActor pid=302735)[0m         
[36m(ClientAppActor pid=302840)[0m 
[36m(ClientAppActor pid=302840)[0m         
[36m(ClientAppActor pid=302455)[0m /home/bk489/federated_clean/cleanest_federated/fl-dermamnist-starter/metrics/evaluation.py:68: UserWarning: AUROC set to NaN because present classes are [1, 3, 4, 5], expected [0, 1, 2, 3, 4, 5, 6][32m [repeated 10x across cluster][0m
[36m(ClientAppActor pid=302455)[0m   warnings.warn(f'AUROC set to NaN because present classes are {present_classes}, expected {labels}')[32m [repeated 10x across cluster][0m
[36m(ClientAppActor pid=302455)[0m /home/bk489/federated_clean/.venv/lib/python3.9/site-packages/sklearn/metrics/_classification.py:2524: UserWarning: y_pred contains classes not in y_true[32m [repeated 6x across cluster][0m
[36m(ClientAppActor pid=302455)[0m   warnings.warn("y_pred contains classes not in y_true")[32m [repeated 6x across cluster][0m
[36m(ClientAppActor pid=302403)[0m /home/bk489/federated_clean/cleanest_federated/fl-dermamnist-starter/data/download.py:27: UserWarning: The given NumPy array is not writable, and PyTorch does not support non-writable tensors. This means writing to this tensor will result in undefined behavior. You may want to copy the array to protect its data or make it writable before converting it to a tensor. This type of warning will be suppressed for the rest of this program. (Triggered internally at /pytorch/torch/csrc/utils/tensor_numpy.cpp:203.)[32m [repeated 212x across cluster][0m
[36m(ClientAppActor pid=302403)[0m   tensor = torch.as_tensor(image)[32m [repeated 212x across cluster][0m
[36m(ClientAppActor pid=302840)[0m [93mWARNING [0m:   DEPRECATED FEATURE: `client_fn` now expects a signature `def client_fn(context: Context)`.The provided `client_fn` has signature: {'cid': <Parameter "cid: 'str'">}. You can import the `Context` like this: `from flwr.common import Context`[32m [repeated 15x across cluster][0m
[36m(ClientAppActor pid=302840)[0m             This is a deprecated feature. It will be removed[32m [repeated 15x across cluster][0m
[36m(ClientAppActor pid=302840)[0m             entirely in future versions of Flower.[32m [repeated 15x across cluster][0m
[92mINFO [0m:      aggregate_fit: received 5 results and 0 failures
[92mINFO [0m:      fit progress: (58, 0.9173553966334905, {'accuracy': 0.7308075772681955, 'balanced_accuracy': 0.35620992190078843, 'macro_f1': 0.37474053728703355, 'worst_class_f1': 0.11764705882352941, 'worst_class_recall': 0.06363636363636363, 'f1_actinic_keratoses_an': 0.3157894736842105, 'recall_actinic_keratoses_an': 0.2727272727272727, 'f1_basal_cell_carcinoma': 0.54, 'recall_basal_cell_carcinoma': 0.5192307692307693, 'f1_benign_keratosis-lik': 0.11764705882352941, 'recall_benign_keratosis-lik': 0.06363636363636363, 'f1_dermatofibroma': 0.2222222222222222, 'recall_dermatofibroma': 0.16666666666666666, 'f1_melanoma': 0.4329004329004329, 'recall_melanoma': 0.45045045045045046, 'f1_melanocytic_nevi': 0.8696245733788396, 'recall_melanocytic_nevi': 0.9493293591654247, 'f1_vascular_lesions': 0.125, 'recall_vascular_lesions': 0.07142857142857142}, 296.19916047604056)
[92mINFO [0m:      configure_evaluate: strategy sampled 10 clients (out of 10)
[36m(ClientAppActor pid=302455)[0m 
[36m(ClientAppActor pid=302455)[0m         
[36m(ClientAppActor pid=302403)[0m 
[36m(ClientAppActor pid=302403)[0m         
[36m(ClientAppActor pid=302840)[0m 
[36m(ClientAppActor pid=302840)[0m         
[36m(ClientAppActor pid=302355)[0m 
[36m(ClientAppActor pid=302355)[0m         
[36m(ClientAppActor pid=302735)[0m 
[36m(ClientAppActor pid=302735)[0m         
[36m(ClientAppActor pid=302362)[0m 
[36m(ClientAppActor pid=302362)[0m         
[36m(ClientAppActor pid=302539)[0m 
[36m(ClientAppActor pid=302539)[0m         
[36m(ClientAppActor pid=302354)[0m 
[36m(ClientAppActor pid=302354)[0m         
[36m(ClientAppActor pid=302363)[0m 
[36m(ClientAppActor pid=302363)[0m         
[36m(ClientAppActor pid=302403)[0m /home/bk489/federated_clean/.venv/lib/python3.9/site-packages/sklearn/metrics/_classification.py:407: UserWarning: A single label was found in 'y_true' and 'y_pred'. For the confusion matrix to have the correct shape, use the 'labels' parameter to pass all known labels.
[36m(ClientAppActor pid=302403)[0m   warnings.warn(
[36m(ClientAppActor pid=302605)[0m 
[36m(ClientAppActor pid=302605)[0m         
[92mINFO [0m:      aggregate_evaluate: received 10 results and 0 failures
[92mINFO [0m:      
[92mINFO [0m:      [ROUND 59]
[92mINFO [0m:      configure_fit: strategy sampled 5 clients (out of 10)
[36m(ClientAppActor pid=302539)[0m 
[36m(ClientAppActor pid=302539)[0m         
[36m(ClientAppActor pid=302363)[0m 
[36m(ClientAppActor pid=302363)[0m         
[36m(ClientAppActor pid=302362)[0m 
[36m(ClientAppActor pid=302362)[0m         
[36m(ClientAppActor pid=302354)[0m 
[36m(ClientAppActor pid=302354)[0m         
[36m(ClientAppActor pid=302605)[0m 
[36m(ClientAppActor pid=302605)[0m         
[36m(ClientAppActor pid=302605)[0m /home/bk489/federated_clean/cleanest_federated/fl-dermamnist-starter/metrics/evaluation.py:68: UserWarning: AUROC set to NaN because present classes are [5], expected [0, 1, 2, 3, 4, 5, 6][32m [repeated 10x across cluster][0m
[36m(ClientAppActor pid=302605)[0m   warnings.warn(f'AUROC set to NaN because present classes are {present_classes}, expected {labels}')[32m [repeated 10x across cluster][0m
[36m(ClientAppActor pid=302605)[0m /home/bk489/federated_clean/.venv/lib/python3.9/site-packages/sklearn/metrics/_classification.py:2524: UserWarning: y_pred contains classes not in y_true[32m [repeated 7x across cluster][0m
[36m(ClientAppActor pid=302605)[0m   warnings.warn("y_pred contains classes not in y_true")[32m [repeated 7x across cluster][0m
[36m(ClientAppActor pid=302363)[0m /home/bk489/federated_clean/cleanest_federated/fl-dermamnist-starter/data/download.py:27: UserWarning: The given NumPy array is not writable, and PyTorch does not support non-writable tensors. This means writing to this tensor will result in undefined behavior. You may want to copy the array to protect its data or make it writable before converting it to a tensor. This type of warning will be suppressed for the rest of this program. (Triggered internally at /pytorch/torch/csrc/utils/tensor_numpy.cpp:203.)[32m [repeated 190x across cluster][0m
[36m(ClientAppActor pid=302363)[0m   tensor = torch.as_tensor(image)[32m [repeated 190x across cluster][0m
[36m(ClientAppActor pid=302605)[0m [93mWARNING [0m:   DEPRECATED FEATURE: `client_fn` now expects a signature `def client_fn(context: Context)`.The provided `client_fn` has signature: {'cid': <Parameter "cid: 'str'">}. You can import the `Context` like this: `from flwr.common import Context`[32m [repeated 15x across cluster][0m
[36m(ClientAppActor pid=302605)[0m             This is a deprecated feature. It will be removed[32m [repeated 15x across cluster][0m
[36m(ClientAppActor pid=302605)[0m             entirely in future versions of Flower.[32m [repeated 15x across cluster][0m
[92mINFO [0m:      aggregate_fit: received 5 results and 0 failures
[92mINFO [0m:      fit progress: (59, 1.349057973916842, {'accuracy': 0.6759720837487537, 'balanced_accuracy': 0.3576531587070229, 'macro_f1': 0.33745011166834255, 'worst_class_f1': 0.0, 'worst_class_recall': 0.0, 'f1_actinic_keratoses_an': 0.18181818181818182, 'recall_actinic_keratoses_an': 0.12121212121212122, 'f1_basal_cell_carcinoma': 0.4810126582278481, 'recall_basal_cell_carcinoma': 0.36538461538461536, 'f1_benign_keratosis-lik': 0.4429223744292237, 'recall_benign_keratosis-lik': 0.8818181818181818, 'f1_dermatofibroma': 0.14814814814814814, 'recall_dermatofibroma': 0.16666666666666666, 'f1_melanoma': 0.0, 'recall_melanoma': 0.0, 'f1_melanocytic_nevi': 0.8582494190549961, 'recall_melanocytic_nevi': 0.8256333830104322, 'f1_vascular_lesions': 0.25, 'recall_vascular_lesions': 0.14285714285714285}, 300.56496114999754)
[92mINFO [0m:      configure_evaluate: strategy sampled 10 clients (out of 10)
[36m(ClientAppActor pid=302539)[0m 
[36m(ClientAppActor pid=302539)[0m         
[36m(ClientAppActor pid=302363)[0m 
[36m(ClientAppActor pid=302363)[0m         
[36m(ClientAppActor pid=302355)[0m 
[36m(ClientAppActor pid=302355)[0m         
[36m(ClientAppActor pid=302362)[0m 
[36m(ClientAppActor pid=302362)[0m         
[36m(ClientAppActor pid=302354)[0m 
[36m(ClientAppActor pid=302354)[0m         
[36m(ClientAppActor pid=302605)[0m 
[36m(ClientAppActor pid=302605)[0m         
[36m(ClientAppActor pid=302455)[0m 
[36m(ClientAppActor pid=302455)[0m         
[36m(ClientAppActor pid=302735)[0m 
[36m(ClientAppActor pid=302735)[0m         
[36m(ClientAppActor pid=302840)[0m 
[36m(ClientAppActor pid=302840)[0m         
[36m(ClientAppActor pid=302403)[0m 
[36m(ClientAppActor pid=302403)[0m         
[92mINFO [0m:      aggregate_evaluate: received 10 results and 0 failures
[92mINFO [0m:      
[92mINFO [0m:      [ROUND 60]
[92mINFO [0m:      configure_fit: strategy sampled 5 clients (out of 10)
[36m(ClientAppActor pid=302455)[0m 
[36m(ClientAppActor pid=302455)[0m         
[36m(ClientAppActor pid=302403)[0m 
[36m(ClientAppActor pid=302403)[0m         
[36m(ClientAppActor pid=302355)[0m 
[36m(ClientAppActor pid=302355)[0m         
[36m(ClientAppActor pid=302735)[0m 
[36m(ClientAppActor pid=302735)[0m         
[36m(ClientAppActor pid=302840)[0m 
[36m(ClientAppActor pid=302840)[0m         
[36m(ClientAppActor pid=302539)[0m /home/bk489/federated_clean/.venv/lib/python3.9/site-packages/sklearn/metrics/_classification.py:407: UserWarning: A single label was found in 'y_true' and 'y_pred'. For the confusion matrix to have the correct shape, use the 'labels' parameter to pass all known labels.
[36m(ClientAppActor pid=302539)[0m   warnings.warn(
[36m(ClientAppActor pid=302840)[0m /home/bk489/federated_clean/cleanest_federated/fl-dermamnist-starter/metrics/evaluation.py:68: UserWarning: AUROC set to NaN because present classes are [4, 5, 6], expected [0, 1, 2, 3, 4, 5, 6][32m [repeated 10x across cluster][0m
[36m(ClientAppActor pid=302840)[0m   warnings.warn(f'AUROC set to NaN because present classes are {present_classes}, expected {labels}')[32m [repeated 10x across cluster][0m
[36m(ClientAppActor pid=302840)[0m /home/bk489/federated_clean/.venv/lib/python3.9/site-packages/sklearn/metrics/_classification.py:2524: UserWarning: y_pred contains classes not in y_true[32m [repeated 7x across cluster][0m
[36m(ClientAppActor pid=302840)[0m   warnings.warn("y_pred contains classes not in y_true")[32m [repeated 7x across cluster][0m
[36m(ClientAppActor pid=302355)[0m /home/bk489/federated_clean/cleanest_federated/fl-dermamnist-starter/data/download.py:27: UserWarning: The given NumPy array is not writable, and PyTorch does not support non-writable tensors. This means writing to this tensor will result in undefined behavior. You may want to copy the array to protect its data or make it writable before converting it to a tensor. This type of warning will be suppressed for the rest of this program. (Triggered internally at /pytorch/torch/csrc/utils/tensor_numpy.cpp:203.)[32m [repeated 203x across cluster][0m
[36m(ClientAppActor pid=302355)[0m   tensor = torch.as_tensor(image)[32m [repeated 203x across cluster][0m
[36m(ClientAppActor pid=302840)[0m [93mWARNING [0m:   DEPRECATED FEATURE: `client_fn` now expects a signature `def client_fn(context: Context)`.The provided `client_fn` has signature: {'cid': <Parameter "cid: 'str'">}. You can import the `Context` like this: `from flwr.common import Context`[32m [repeated 15x across cluster][0m
[36m(ClientAppActor pid=302840)[0m             This is a deprecated feature. It will be removed[32m [repeated 15x across cluster][0m
[36m(ClientAppActor pid=302840)[0m             entirely in future versions of Flower.[32m [repeated 15x across cluster][0m
[92mINFO [0m:      aggregate_fit: received 5 results and 0 failures
[92mINFO [0m:      fit progress: (60, 0.9851243608256993, {'accuracy': 0.711864406779661, 'balanced_accuracy': 0.30815264972173634, 'macro_f1': 0.330000557830353, 'worst_class_f1': 0.0, 'worst_class_recall': 0.0, 'f1_actinic_keratoses_an': 0.0, 'recall_actinic_keratoses_an': 0.0, 'f1_basal_cell_carcinoma': 0.26666666666666666, 'recall_basal_cell_carcinoma': 0.15384615384615385, 'f1_benign_keratosis-lik': 0.14285714285714285, 'recall_benign_keratosis-lik': 0.08181818181818182, 'f1_dermatofibroma': 0.13333333333333333, 'recall_dermatofibroma': 0.08333333333333333, 'f1_melanoma': 0.43478260869565216, 'recall_melanoma': 0.5405405405405406, 'f1_melanocytic_nevi': 0.8561736770691994, 'recall_melanocytic_nevi': 0.940387481371088, 'f1_vascular_lesions': 0.47619047619047616, 'recall_vascular_lesions': 0.35714285714285715}, 305.2375681659905)
[92mINFO [0m:      configure_evaluate: strategy sampled 10 clients (out of 10)
[36m(ClientAppActor pid=302455)[0m 
[36m(ClientAppActor pid=302455)[0m         
[36m(ClientAppActor pid=302539)[0m 
[36m(ClientAppActor pid=302539)[0m         
[36m(ClientAppActor pid=302363)[0m 
[36m(ClientAppActor pid=302363)[0m         
[36m(ClientAppActor pid=302403)[0m 
[36m(ClientAppActor pid=302403)[0m         
[36m(ClientAppActor pid=302355)[0m 
[36m(ClientAppActor pid=302355)[0m         
[36m(ClientAppActor pid=302362)[0m 
[36m(ClientAppActor pid=302362)[0m         
[36m(ClientAppActor pid=302735)[0m 
[36m(ClientAppActor pid=302735)[0m         
[36m(ClientAppActor pid=302354)[0m 
[36m(ClientAppActor pid=302354)[0m         
[36m(ClientAppActor pid=302605)[0m 
[36m(ClientAppActor pid=302605)[0m         
[36m(ClientAppActor pid=302840)[0m 
[36m(ClientAppActor pid=302840)[0m         
[36m(ClientAppActor pid=302735)[0m /home/bk489/federated_clean/.venv/lib/python3.9/site-packages/sklearn/metrics/_classification.py:407: UserWarning: A single label was found in 'y_true' and 'y_pred'. For the confusion matrix to have the correct shape, use the 'labels' parameter to pass all known labels.
[36m(ClientAppActor pid=302735)[0m   warnings.warn(
[92mINFO [0m:      aggregate_evaluate: received 10 results and 0 failures
[92mINFO [0m:      
[92mINFO [0m:      [ROUND 61]
[92mINFO [0m:      configure_fit: strategy sampled 5 clients (out of 10)
[36m(ClientAppActor pid=302539)[0m 
[36m(ClientAppActor pid=302539)[0m         
[36m(ClientAppActor pid=302363)[0m 
[36m(ClientAppActor pid=302363)[0m         
[36m(ClientAppActor pid=302362)[0m 
[36m(ClientAppActor pid=302362)[0m         
[36m(ClientAppActor pid=302354)[0m 
[36m(ClientAppActor pid=302354)[0m         
[36m(ClientAppActor pid=302605)[0m 
[36m(ClientAppActor pid=302605)[0m         
[36m(ClientAppActor pid=302605)[0m /home/bk489/federated_clean/cleanest_federated/fl-dermamnist-starter/metrics/evaluation.py:68: UserWarning: AUROC set to NaN because present classes are [4, 5, 6], expected [0, 1, 2, 3, 4, 5, 6][32m [repeated 10x across cluster][0m
[36m(ClientAppActor pid=302605)[0m   warnings.warn(f'AUROC set to NaN because present classes are {present_classes}, expected {labels}')[32m [repeated 10x across cluster][0m
[36m(ClientAppActor pid=302605)[0m /home/bk489/federated_clean/.venv/lib/python3.9/site-packages/sklearn/metrics/_classification.py:2524: UserWarning: y_pred contains classes not in y_true[32m [repeated 8x across cluster][0m
[36m(ClientAppActor pid=302605)[0m   warnings.warn("y_pred contains classes not in y_true")[32m [repeated 8x across cluster][0m
[92mINFO [0m:      aggregate_fit: received 5 results and 0 failures
[92mINFO [0m:      fit progress: (61, 0.7598775107625236, {'accuracy': 0.7567298105682951, 'balanced_accuracy': 0.44895412518363337, 'macro_f1': 0.4739226054850802, 'worst_class_f1': 0.14285714285714285, 'worst_class_recall': 0.08333333333333333, 'f1_actinic_keratoses_an': 0.27450980392156865, 'recall_actinic_keratoses_an': 0.21212121212121213, 'f1_basal_cell_carcinoma': 0.6017699115044248, 'recall_basal_cell_carcinoma': 0.6538461538461539, 'f1_benign_keratosis-lik': 0.45454545454545453, 'recall_benign_keratosis-lik': 0.4090909090909091, 'f1_dermatofibroma': 0.14285714285714285, 'recall_dermatofibroma': 0.08333333333333333, 'f1_melanoma': 0.3939393939393939, 'recall_melanoma': 0.35135135135135137, 'f1_melanocytic_nevi': 0.8898365316275764, 'recall_melanocytic_nevi': 0.9329359165424739, 'f1_vascular_lesions': 0.56, 'recall_vascular_lesions': 0.5}, 309.9544996310142)
[92mINFO [0m:      configure_evaluate: strategy sampled 10 clients (out of 10)
[36m(ClientAppActor pid=302455)[0m 
[36m(ClientAppActor pid=302455)[0m         
[36m(ClientAppActor pid=302539)[0m /home/bk489/federated_clean/cleanest_federated/fl-dermamnist-starter/data/download.py:27: UserWarning: The given NumPy array is not writable, and PyTorch does not support non-writable tensors. This means writing to this tensor will result in undefined behavior. You may want to copy the array to protect its data or make it writable before converting it to a tensor. This type of warning will be suppressed for the rest of this program. (Triggered internally at /pytorch/torch/csrc/utils/tensor_numpy.cpp:203.)[32m [repeated 195x across cluster][0m
[36m(ClientAppActor pid=302539)[0m   tensor = torch.as_tensor(image)[32m [repeated 195x across cluster][0m
[36m(ClientAppActor pid=302455)[0m [93mWARNING [0m:   DEPRECATED FEATURE: `client_fn` now expects a signature `def client_fn(context: Context)`.The provided `client_fn` has signature: {'cid': <Parameter "cid: 'str'">}. You can import the `Context` like this: `from flwr.common import Context`[32m [repeated 16x across cluster][0m
[36m(ClientAppActor pid=302455)[0m             This is a deprecated feature. It will be removed[32m [repeated 16x across cluster][0m
[36m(ClientAppActor pid=302455)[0m             entirely in future versions of Flower.[32m [repeated 16x across cluster][0m
[36m(ClientAppActor pid=302539)[0m 
[36m(ClientAppActor pid=302539)[0m         
[36m(ClientAppActor pid=302363)[0m 
[36m(ClientAppActor pid=302363)[0m         
[36m(ClientAppActor pid=302403)[0m 
[36m(ClientAppActor pid=302403)[0m         
[36m(ClientAppActor pid=302362)[0m 
[36m(ClientAppActor pid=302362)[0m         
[36m(ClientAppActor pid=302735)[0m 
[36m(ClientAppActor pid=302735)[0m         
[36m(ClientAppActor pid=302354)[0m 
[36m(ClientAppActor pid=302354)[0m         
[36m(ClientAppActor pid=302605)[0m 
[36m(ClientAppActor pid=302605)[0m         
[36m(ClientAppActor pid=302840)[0m 
[36m(ClientAppActor pid=302840)[0m         
[36m(ClientAppActor pid=302355)[0m 
[36m(ClientAppActor pid=302355)[0m         
[92mINFO [0m:      aggregate_evaluate: received 10 results and 0 failures
[92mINFO [0m:      
[92mINFO [0m:      [ROUND 62]
[92mINFO [0m:      configure_fit: strategy sampled 5 clients (out of 10)
[36m(ClientAppActor pid=302455)[0m 
[36m(ClientAppActor pid=302455)[0m         
[36m(ClientAppActor pid=302403)[0m 
[36m(ClientAppActor pid=302403)[0m         
[36m(ClientAppActor pid=302355)[0m 
[36m(ClientAppActor pid=302355)[0m         
[36m(ClientAppActor pid=302735)[0m 
[36m(ClientAppActor pid=302735)[0m         
[36m(ClientAppActor pid=302840)[0m 
[36m(ClientAppActor pid=302840)[0m         
[36m(ClientAppActor pid=302403)[0m /home/bk489/federated_clean/.venv/lib/python3.9/site-packages/sklearn/metrics/_classification.py:407: UserWarning: A single label was found in 'y_true' and 'y_pred'. For the confusion matrix to have the correct shape, use the 'labels' parameter to pass all known labels.[32m [repeated 2x across cluster][0m
[36m(ClientAppActor pid=302403)[0m   warnings.warn([32m [repeated 2x across cluster][0m
[36m(ClientAppActor pid=302840)[0m /home/bk489/federated_clean/cleanest_federated/fl-dermamnist-starter/metrics/evaluation.py:68: UserWarning: AUROC set to NaN because present classes are [0, 4], expected [0, 1, 2, 3, 4, 5, 6][32m [repeated 10x across cluster][0m
[36m(ClientAppActor pid=302840)[0m   warnings.warn(f'AUROC set to NaN because present classes are {present_classes}, expected {labels}')[32m [repeated 10x across cluster][0m
[36m(ClientAppActor pid=302840)[0m /home/bk489/federated_clean/.venv/lib/python3.9/site-packages/sklearn/metrics/_classification.py:2524: UserWarning: y_pred contains classes not in y_true[32m [repeated 9x across cluster][0m
[36m(ClientAppActor pid=302840)[0m   warnings.warn("y_pred contains classes not in y_true")[32m [repeated 9x across cluster][0m
[92mINFO [0m:      aggregate_fit: received 5 results and 0 failures
[92mINFO [0m:      fit progress: (62, 1.757137273981469, {'accuracy': 0.7058823529411765, 'balanced_accuracy': 0.2420126321765666, 'macro_f1': 0.26951143757477763, 'worst_class_f1': 0.0, 'worst_class_recall': 0.0, 'f1_actinic_keratoses_an': 0.21739130434782608, 'recall_actinic_keratoses_an': 0.15151515151515152, 'f1_basal_cell_carcinoma': 0.38235294117647056, 'recall_basal_cell_carcinoma': 0.25, 'f1_benign_keratosis-lik': 0.3116883116883117, 'recall_benign_keratosis-lik': 0.21818181818181817, 'f1_dermatofibroma': 0.14285714285714285, 'recall_dermatofibroma': 0.08333333333333333, 'f1_melanoma': 0.0, 'recall_melanoma': 0.0, 'f1_melanocytic_nevi': 0.8322903629536921, 'recall_melanocytic_nevi': 0.9910581222056631, 'f1_vascular_lesions': 0.0, 'recall_vascular_lesions': 0.0}, 314.719658334041)
[92mINFO [0m:      configure_evaluate: strategy sampled 10 clients (out of 10)
[36m(ClientAppActor pid=302455)[0m 
[36m(ClientAppActor pid=302455)[0m         
[36m(ClientAppActor pid=302539)[0m 
[36m(ClientAppActor pid=302539)[0m         
[36m(ClientAppActor pid=302363)[0m 
[36m(ClientAppActor pid=302363)[0m         
[36m(ClientAppActor pid=302403)[0m 
[36m(ClientAppActor pid=302403)[0m         
[36m(ClientAppActor pid=302355)[0m 
[36m(ClientAppActor pid=302355)[0m         
[36m(ClientAppActor pid=302362)[0m 
[36m(ClientAppActor pid=302362)[0m         
[36m(ClientAppActor pid=302735)[0m 
[36m(ClientAppActor pid=302735)[0m         
[36m(ClientAppActor pid=302354)[0m 
[36m(ClientAppActor pid=302354)[0m         
[36m(ClientAppActor pid=302605)[0m 
[36m(ClientAppActor pid=302605)[0m         
[36m(ClientAppActor pid=302840)[0m 
[36m(ClientAppActor pid=302840)[0m         
[92mINFO [0m:      aggregate_evaluate: received 10 results and 0 failures
[92mINFO [0m:      
[92mINFO [0m:      [ROUND 63]
[92mINFO [0m:      configure_fit: strategy sampled 5 clients (out of 10)
[36m(ClientAppActor pid=302539)[0m 
[36m(ClientAppActor pid=302539)[0m         
[36m(ClientAppActor pid=302363)[0m 
[36m(ClientAppActor pid=302363)[0m         
[36m(ClientAppActor pid=302362)[0m 
[36m(ClientAppActor pid=302362)[0m         
[36m(ClientAppActor pid=302354)[0m 
[36m(ClientAppActor pid=302354)[0m         
[36m(ClientAppActor pid=302605)[0m 
[36m(ClientAppActor pid=302605)[0m         
[36m(ClientAppActor pid=302539)[0m /home/bk489/federated_clean/cleanest_federated/fl-dermamnist-starter/data/download.py:27: UserWarning: The given NumPy array is not writable, and PyTorch does not support non-writable tensors. This means writing to this tensor will result in undefined behavior. You may want to copy the array to protect its data or make it writable before converting it to a tensor. This type of warning will be suppressed for the rest of this program. (Triggered internally at /pytorch/torch/csrc/utils/tensor_numpy.cpp:203.)[32m [repeated 201x across cluster][0m
[36m(ClientAppActor pid=302539)[0m   tensor = torch.as_tensor(image)[32m [repeated 201x across cluster][0m
[36m(ClientAppActor pid=302605)[0m [93mWARNING [0m:   DEPRECATED FEATURE: `client_fn` now expects a signature `def client_fn(context: Context)`.The provided `client_fn` has signature: {'cid': <Parameter "cid: 'str'">}. You can import the `Context` like this: `from flwr.common import Context`[32m [repeated 29x across cluster][0m
[36m(ClientAppActor pid=302605)[0m             This is a deprecated feature. It will be removed[32m [repeated 29x across cluster][0m
[36m(ClientAppActor pid=302605)[0m             entirely in future versions of Flower.[32m [repeated 29x across cluster][0m
[36m(ClientAppActor pid=302840)[0m /home/bk489/federated_clean/.venv/lib/python3.9/site-packages/sklearn/metrics/_classification.py:407: UserWarning: A single label was found in 'y_true' and 'y_pred'. For the confusion matrix to have the correct shape, use the 'labels' parameter to pass all known labels.[32m [repeated 2x across cluster][0m
[36m(ClientAppActor pid=302840)[0m   warnings.warn([32m [repeated 2x across cluster][0m
[36m(ClientAppActor pid=302840)[0m /home/bk489/federated_clean/cleanest_federated/fl-dermamnist-starter/metrics/evaluation.py:68: UserWarning: AUROC set to NaN because present classes are [5], expected [0, 1, 2, 3, 4, 5, 6][32m [repeated 10x across cluster][0m
[36m(ClientAppActor pid=302840)[0m   warnings.warn(f'AUROC set to NaN because present classes are {present_classes}, expected {labels}')[32m [repeated 10x across cluster][0m
[36m(ClientAppActor pid=302354)[0m /home/bk489/federated_clean/.venv/lib/python3.9/site-packages/sklearn/metrics/_classification.py:2524: UserWarning: y_pred contains classes not in y_true[32m [repeated 4x across cluster][0m
[36m(ClientAppActor pid=302354)[0m   warnings.warn("y_pred contains classes not in y_true")[32m [repeated 4x across cluster][0m
[92mINFO [0m:      aggregate_fit: received 5 results and 0 failures
[92mINFO [0m:      fit progress: (63, 0.9915098221090475, {'accuracy': 0.6779661016949152, 'balanced_accuracy': 0.401079313959876, 'macro_f1': 0.40687864148056774, 'worst_class_f1': 0.05714285714285714, 'worst_class_recall': 0.030303030303030304, 'f1_actinic_keratoses_an': 0.05714285714285714, 'recall_actinic_keratoses_an': 0.030303030303030304, 'f1_basal_cell_carcinoma': 0.4634146341463415, 'recall_basal_cell_carcinoma': 0.36538461538461536, 'f1_benign_keratosis-lik': 0.4262295081967213, 'recall_benign_keratosis-lik': 0.4727272727272727, 'f1_dermatofibroma': 0.15384615384615385, 'recall_dermatofibroma': 0.08333333333333333, 'f1_melanoma': 0.4266666666666667, 'recall_melanoma': 0.7207207207207207, 'f1_melanocytic_nevi': 0.8446601941747572, 'recall_melanocytic_nevi': 0.7779433681073026, 'f1_vascular_lesions': 0.47619047619047616, 'recall_vascular_lesions': 0.35714285714285715}, 320.0655967000057)
[92mINFO [0m:      configure_evaluate: strategy sampled 10 clients (out of 10)
[36m(ClientAppActor pid=302455)[0m 
[36m(ClientAppActor pid=302455)[0m         
[36m(ClientAppActor pid=302354)[0m /home/bk489/federated_clean/cleanest_federated/fl-dermamnist-starter/data/download.py:27: UserWarning: The given NumPy array is not writable, and PyTorch does not support non-writable tensors. This means writing to this tensor will result in undefined behavior. You may want to copy the array to protect its data or make it writable before converting it to a tensor. This type of warning will be suppressed for the rest of this program. (Triggered internally at /pytorch/torch/csrc/utils/tensor_numpy.cpp:203.)[32m [repeated 189x across cluster][0m
[36m(ClientAppActor pid=302354)[0m   tensor = torch.as_tensor(image)[32m [repeated 189x across cluster][0m
[36m(ClientAppActor pid=302455)[0m [93mWARNING [0m:   DEPRECATED FEATURE: `client_fn` now expects a signature `def client_fn(context: Context)`.The provided `client_fn` has signature: {'cid': <Parameter "cid: 'str'">}. You can import the `Context` like this: `from flwr.common import Context`
[36m(ClientAppActor pid=302455)[0m             This is a deprecated feature. It will be removed
[36m(ClientAppActor pid=302455)[0m             entirely in future versions of Flower.
[36m(ClientAppActor pid=302539)[0m [93mWARNING [0m:   DEPRECATED FEATURE: `client_fn` now expects a signature `def client_fn(context: Context)`.The provided `client_fn` has signature: {'cid': <Parameter "cid: 'str'">}. You can import the `Context` like this: `from flwr.common import Context`
[36m(ClientAppActor pid=302539)[0m 
[36m(ClientAppActor pid=302539)[0m             This is a deprecated feature. It will be removed
[36m(ClientAppActor pid=302539)[0m             entirely in future versions of Flower.
[36m(ClientAppActor pid=302539)[0m         
[36m(ClientAppActor pid=302363)[0m 
[36m(ClientAppActor pid=302363)[0m         
[36m(ClientAppActor pid=302403)[0m 
[36m(ClientAppActor pid=302403)[0m         
[36m(ClientAppActor pid=302355)[0m 
[36m(ClientAppActor pid=302355)[0m         
[36m(ClientAppActor pid=302362)[0m 
[36m(ClientAppActor pid=302362)[0m         
[36m(ClientAppActor pid=302735)[0m 
[36m(ClientAppActor pid=302735)[0m         
[36m(ClientAppActor pid=302354)[0m 
[36m(ClientAppActor pid=302354)[0m         
[36m(ClientAppActor pid=302605)[0m 
[36m(ClientAppActor pid=302605)[0m         
[36m(ClientAppActor pid=302840)[0m 
[36m(ClientAppActor pid=302840)[0m         
[92mINFO [0m:      aggregate_evaluate: received 10 results and 0 failures
[92mINFO [0m:      
[92mINFO [0m:      [ROUND 64]
[92mINFO [0m:      configure_fit: strategy sampled 5 clients (out of 10)
[36m(ClientAppActor pid=302455)[0m 
[36m(ClientAppActor pid=302455)[0m         
[36m(ClientAppActor pid=302403)[0m 
[36m(ClientAppActor pid=302403)[0m         
[36m(ClientAppActor pid=302735)[0m 
[36m(ClientAppActor pid=302735)[0m         
[36m(ClientAppActor pid=302605)[0m 
[36m(ClientAppActor pid=302605)[0m         
[36m(ClientAppActor pid=302840)[0m 
[36m(ClientAppActor pid=302840)[0m         
[36m(ClientAppActor pid=302363)[0m /home/bk489/federated_clean/.venv/lib/python3.9/site-packages/sklearn/metrics/_classification.py:407: UserWarning: A single label was found in 'y_true' and 'y_pred'. For the confusion matrix to have the correct shape, use the 'labels' parameter to pass all known labels.
[36m(ClientAppActor pid=302363)[0m   warnings.warn(
[36m(ClientAppActor pid=302840)[0m /home/bk489/federated_clean/cleanest_federated/fl-dermamnist-starter/metrics/evaluation.py:68: UserWarning: AUROC set to NaN because present classes are [0, 1, 2], expected [0, 1, 2, 3, 4, 5, 6][32m [repeated 10x across cluster][0m
[36m(ClientAppActor pid=302840)[0m   warnings.warn(f'AUROC set to NaN because present classes are {present_classes}, expected {labels}')[32m [repeated 10x across cluster][0m
[36m(ClientAppActor pid=302840)[0m /home/bk489/federated_clean/.venv/lib/python3.9/site-packages/sklearn/metrics/_classification.py:2524: UserWarning: y_pred contains classes not in y_true[32m [repeated 9x across cluster][0m
[36m(ClientAppActor pid=302840)[0m   warnings.warn("y_pred contains classes not in y_true")[32m [repeated 9x across cluster][0m
[92mINFO [0m:      aggregate_fit: received 5 results and 0 failures
[92mINFO [0m:      fit progress: (64, 0.9218160274734764, {'accuracy': 0.7357926221335992, 'balanced_accuracy': 0.37977589640353104, 'macro_f1': 0.40185650156175073, 'worst_class_f1': 0.05714285714285714, 'worst_class_recall': 0.030303030303030304, 'f1_actinic_keratoses_an': 0.05714285714285714, 'recall_actinic_keratoses_an': 0.030303030303030304, 'f1_basal_cell_carcinoma': 0.5346534653465347, 'recall_basal_cell_carcinoma': 0.5192307692307693, 'f1_benign_keratosis-lik': 0.2153846153846154, 'recall_benign_keratosis-lik': 0.12727272727272726, 'f1_dermatofibroma': 0.15384615384615385, 'recall_dermatofibroma': 0.08333333333333333, 'f1_melanoma': 0.31313131313131315, 'recall_melanoma': 0.27927927927927926, 'f1_melanocytic_nevi': 0.8721704394141145, 'recall_melanocytic_nevi': 0.9761549925484352, 'f1_vascular_lesions': 0.6666666666666666, 'recall_vascular_lesions': 0.6428571428571429}, 325.02057413599687)
[92mINFO [0m:      configure_evaluate: strategy sampled 10 clients (out of 10)
[36m(ClientAppActor pid=302455)[0m 
[36m(ClientAppActor pid=302455)[0m         
[36m(ClientAppActor pid=302539)[0m 
[36m(ClientAppActor pid=302539)[0m         
[36m(ClientAppActor pid=302363)[0m 
[36m(ClientAppActor pid=302363)[0m         
[36m(ClientAppActor pid=302403)[0m 
[36m(ClientAppActor pid=302403)[0m         
[36m(ClientAppActor pid=302355)[0m 
[36m(ClientAppActor pid=302355)[0m         
[36m(ClientAppActor pid=302362)[0m 
[36m(ClientAppActor pid=302362)[0m         
[36m(ClientAppActor pid=302735)[0m 
[36m(ClientAppActor pid=302735)[0m         
[36m(ClientAppActor pid=302354)[0m 
[36m(ClientAppActor pid=302354)[0m         
[36m(ClientAppActor pid=302605)[0m 
[36m(ClientAppActor pid=302605)[0m         
[36m(ClientAppActor pid=302840)[0m 
[36m(ClientAppActor pid=302840)[0m         
[92mINFO [0m:      aggregate_evaluate: received 10 results and 0 failures
[92mINFO [0m:      
[92mINFO [0m:      [ROUND 65]
[92mINFO [0m:      configure_fit: strategy sampled 5 clients (out of 10)
[36m(ClientAppActor pid=302840)[0m /home/bk489/federated_clean/cleanest_federated/fl-dermamnist-starter/data/download.py:27: UserWarning: The given NumPy array is not writable, and PyTorch does not support non-writable tensors. This means writing to this tensor will result in undefined behavior. You may want to copy the array to protect its data or make it writable before converting it to a tensor. This type of warning will be suppressed for the rest of this program. (Triggered internally at /pytorch/torch/csrc/utils/tensor_numpy.cpp:203.)[32m [repeated 207x across cluster][0m
[36m(ClientAppActor pid=302840)[0m   tensor = torch.as_tensor(image)[32m [repeated 207x across cluster][0m
[36m(ClientAppActor pid=302840)[0m [93mWARNING [0m:   DEPRECATED FEATURE: `client_fn` now expects a signature `def client_fn(context: Context)`.The provided `client_fn` has signature: {'cid': <Parameter "cid: 'str'">}. You can import the `Context` like this: `from flwr.common import Context`[32m [repeated 23x across cluster][0m
[36m(ClientAppActor pid=302840)[0m             This is a deprecated feature. It will be removed[32m [repeated 23x across cluster][0m
[36m(ClientAppActor pid=302840)[0m             entirely in future versions of Flower.[32m [repeated 23x across cluster][0m
[36m(ClientAppActor pid=302363)[0m 
[36m(ClientAppActor pid=302363)[0m         
[36m(ClientAppActor pid=302355)[0m 
[36m(ClientAppActor pid=302355)[0m         
[36m(ClientAppActor pid=302362)[0m 
[36m(ClientAppActor pid=302362)[0m         
[36m(ClientAppActor pid=302354)[0m /home/bk489/federated_clean/.venv/lib/python3.9/site-packages/sklearn/metrics/_classification.py:407: UserWarning: A single label was found in 'y_true' and 'y_pred'. For the confusion matrix to have the correct shape, use the 'labels' parameter to pass all known labels.
[36m(ClientAppActor pid=302354)[0m   warnings.warn(
[36m(ClientAppActor pid=302354)[0m 
[36m(ClientAppActor pid=302354)[0m         
[36m(ClientAppActor pid=302539)[0m 
[36m(ClientAppActor pid=302539)[0m         
[36m(ClientAppActor pid=302840)[0m /home/bk489/federated_clean/cleanest_federated/fl-dermamnist-starter/metrics/evaluation.py:68: UserWarning: AUROC set to NaN because present classes are [4], expected [0, 1, 2, 3, 4, 5, 6][32m [repeated 10x across cluster][0m
[36m(ClientAppActor pid=302840)[0m   warnings.warn(f'AUROC set to NaN because present classes are {present_classes}, expected {labels}')[32m [repeated 10x across cluster][0m
[36m(ClientAppActor pid=302605)[0m /home/bk489/federated_clean/.venv/lib/python3.9/site-packages/sklearn/metrics/_classification.py:2524: UserWarning: y_pred contains classes not in y_true[32m [repeated 8x across cluster][0m
[36m(ClientAppActor pid=302605)[0m   warnings.warn("y_pred contains classes not in y_true")[32m [repeated 8x across cluster][0m
[92mINFO [0m:      aggregate_fit: received 5 results and 0 failures
[92mINFO [0m:      fit progress: (65, 1.3921185755658363, {'accuracy': 0.7258225324027916, 'balanced_accuracy': 0.31064540034095073, 'macro_f1': 0.33893099795359605, 'worst_class_f1': 0.035398230088495575, 'worst_class_recall': 0.018018018018018018, 'f1_actinic_keratoses_an': 0.05405405405405406, 'recall_actinic_keratoses_an': 0.030303030303030304, 'f1_basal_cell_carcinoma': 0.3013698630136986, 'recall_basal_cell_carcinoma': 0.21153846153846154, 'f1_benign_keratosis-lik': 0.5024154589371981, 'recall_benign_keratosis-lik': 0.4727272727272727, 'f1_dermatofibroma': 0.2727272727272727, 'recall_dermatofibroma': 0.25, 'f1_melanoma': 0.035398230088495575, 'recall_melanoma': 0.018018018018018018, 'f1_melanocytic_nevi': 0.8536109303838647, 'recall_melanocytic_nevi': 0.977645305514158, 'f1_vascular_lesions': 0.35294117647058826, 'recall_vascular_lesions': 0.21428571428571427}, 330.089414540038)
[92mINFO [0m:      configure_evaluate: strategy sampled 10 clients (out of 10)
[36m(ClientAppActor pid=302455)[0m 
[36m(ClientAppActor pid=302455)[0m         
[36m(ClientAppActor pid=302539)[0m 
[36m(ClientAppActor pid=302539)[0m         
[36m(ClientAppActor pid=302363)[0m 
[36m(ClientAppActor pid=302363)[0m         
[36m(ClientAppActor pid=302403)[0m 
[36m(ClientAppActor pid=302403)[0m         
[36m(ClientAppActor pid=302355)[0m 
[36m(ClientAppActor pid=302355)[0m         
[36m(ClientAppActor pid=302362)[0m 
[36m(ClientAppActor pid=302362)[0m         
[36m(ClientAppActor pid=302354)[0m 
[36m(ClientAppActor pid=302354)[0m         
[36m(ClientAppActor pid=302840)[0m 
[36m(ClientAppActor pid=302840)[0m         
[36m(ClientAppActor pid=302605)[0m 
[36m(ClientAppActor pid=302605)[0m         
[36m(ClientAppActor pid=302735)[0m 
[36m(ClientAppActor pid=302735)[0m         
[92mINFO [0m:      aggregate_evaluate: received 10 results and 0 failures
[92mINFO [0m:      
[92mINFO [0m:      [ROUND 66]
[92mINFO [0m:      configure_fit: strategy sampled 5 clients (out of 10)
[36m(ClientAppActor pid=302455)[0m 
[36m(ClientAppActor pid=302455)[0m         
[36m(ClientAppActor pid=302840)[0m /home/bk489/federated_clean/cleanest_federated/fl-dermamnist-starter/data/download.py:27: UserWarning: The given NumPy array is not writable, and PyTorch does not support non-writable tensors. This means writing to this tensor will result in undefined behavior. You may want to copy the array to protect its data or make it writable before converting it to a tensor. This type of warning will be suppressed for the rest of this program. (Triggered internally at /pytorch/torch/csrc/utils/tensor_numpy.cpp:203.)[32m [repeated 196x across cluster][0m
[36m(ClientAppActor pid=302840)[0m   tensor = torch.as_tensor(image)[32m [repeated 196x across cluster][0m
[36m(ClientAppActor pid=302455)[0m [93mWARNING [0m:   DEPRECATED FEATURE: `client_fn` now expects a signature `def client_fn(context: Context)`.The provided `client_fn` has signature: {'cid': <Parameter "cid: 'str'">}. You can import the `Context` like this: `from flwr.common import Context`[32m [repeated 16x across cluster][0m
[36m(ClientAppActor pid=302455)[0m             This is a deprecated feature. It will be removed[32m [repeated 16x across cluster][0m
[36m(ClientAppActor pid=302455)[0m             entirely in future versions of Flower.[32m [repeated 16x across cluster][0m
[36m(ClientAppActor pid=302840)[0m /home/bk489/federated_clean/.venv/lib/python3.9/site-packages/sklearn/metrics/_classification.py:407: UserWarning: A single label was found in 'y_true' and 'y_pred'. For the confusion matrix to have the correct shape, use the 'labels' parameter to pass all known labels.
[36m(ClientAppActor pid=302840)[0m   warnings.warn(
[36m(ClientAppActor pid=302403)[0m 
[36m(ClientAppActor pid=302403)[0m         
[36m(ClientAppActor pid=302735)[0m /home/bk489/federated_clean/.venv/lib/python3.9/site-packages/sklearn/metrics/_classification.py:407: UserWarning: A single label was found in 'y_true' and 'y_pred'. For the confusion matrix to have the correct shape, use the 'labels' parameter to pass all known labels.
[36m(ClientAppActor pid=302735)[0m   warnings.warn(
[36m(ClientAppActor pid=302735)[0m 
[36m(ClientAppActor pid=302735)[0m         
[36m(ClientAppActor pid=302605)[0m 
[36m(ClientAppActor pid=302605)[0m         
[36m(ClientAppActor pid=302840)[0m 
[36m(ClientAppActor pid=302840)[0m         
[36m(ClientAppActor pid=302840)[0m /home/bk489/federated_clean/cleanest_federated/fl-dermamnist-starter/metrics/evaluation.py:68: UserWarning: AUROC set to NaN because present classes are [4, 5, 6], expected [0, 1, 2, 3, 4, 5, 6][32m [repeated 10x across cluster][0m
[36m(ClientAppActor pid=302840)[0m   warnings.warn(f'AUROC set to NaN because present classes are {present_classes}, expected {labels}')[32m [repeated 10x across cluster][0m
[36m(ClientAppActor pid=302840)[0m /home/bk489/federated_clean/.venv/lib/python3.9/site-packages/sklearn/metrics/_classification.py:2524: UserWarning: y_pred contains classes not in y_true[32m [repeated 6x across cluster][0m
[36m(ClientAppActor pid=302840)[0m   warnings.warn("y_pred contains classes not in y_true")[32m [repeated 6x across cluster][0m
[92mINFO [0m:      aggregate_fit: received 5 results and 0 failures
[92mINFO [0m:      fit progress: (66, 0.9575545600618227, {'accuracy': 0.7198404785643071, 'balanced_accuracy': 0.4354205956079493, 'macro_f1': 0.4314711106210837, 'worst_class_f1': 0.11428571428571428, 'worst_class_recall': 0.06060606060606061, 'f1_actinic_keratoses_an': 0.11428571428571428, 'recall_actinic_keratoses_an': 0.06060606060606061, 'f1_basal_cell_carcinoma': 0.5862068965517241, 'recall_basal_cell_carcinoma': 0.6538461538461539, 'f1_benign_keratosis-lik': 0.48044692737430167, 'recall_benign_keratosis-lik': 0.7818181818181819, 'f1_dermatofibroma': 0.38095238095238093, 'recall_dermatofibroma': 0.3333333333333333, 'f1_melanoma': 0.2318840579710145, 'recall_melanoma': 0.14414414414414414, 'f1_melanocytic_nevi': 0.8735806207418623, 'recall_melanocytic_nevi': 0.8599105812220567, 'f1_vascular_lesions': 0.35294117647058826, 'recall_vascular_lesions': 0.21428571428571427}, 335.0861430609948)
[92mINFO [0m:      configure_evaluate: strategy sampled 10 clients (out of 10)
[36m(ClientAppActor pid=302840)[0m 
[36m(ClientAppActor pid=302840)[0m         
[36m(ClientAppActor pid=302403)[0m 
[36m(ClientAppActor pid=302403)[0m         
[36m(ClientAppActor pid=302455)[0m 
[36m(ClientAppActor pid=302455)[0m         
[36m(ClientAppActor pid=302735)[0m 
[36m(ClientAppActor pid=302735)[0m         
[36m(ClientAppActor pid=302605)[0m 
[36m(ClientAppActor pid=302605)[0m         
[36m(ClientAppActor pid=302539)[0m 
[36m(ClientAppActor pid=302539)[0m         
[36m(ClientAppActor pid=302363)[0m 
[36m(ClientAppActor pid=302363)[0m         
[36m(ClientAppActor pid=302355)[0m 
[36m(ClientAppActor pid=302355)[0m         
[36m(ClientAppActor pid=302362)[0m 
[36m(ClientAppActor pid=302362)[0m         
[36m(ClientAppActor pid=302354)[0m 
[36m(ClientAppActor pid=302354)[0m         
[92mINFO [0m:      aggregate_evaluate: received 10 results and 0 failures
[92mINFO [0m:      
[92mINFO [0m:      [ROUND 67]
[92mINFO [0m:      configure_fit: strategy sampled 5 clients (out of 10)
[36m(ClientAppActor pid=302363)[0m 
[36m(ClientAppActor pid=302363)[0m         
[36m(ClientAppActor pid=302363)[0m /home/bk489/federated_clean/cleanest_federated/fl-dermamnist-starter/data/download.py:27: UserWarning: The given NumPy array is not writable, and PyTorch does not support non-writable tensors. This means writing to this tensor will result in undefined behavior. You may want to copy the array to protect its data or make it writable before converting it to a tensor. This type of warning will be suppressed for the rest of this program. (Triggered internally at /pytorch/torch/csrc/utils/tensor_numpy.cpp:203.)[32m [repeated 199x across cluster][0m
[36m(ClientAppActor pid=302363)[0m   tensor = torch.as_tensor(image)[32m [repeated 199x across cluster][0m
[36m(ClientAppActor pid=302363)[0m [93mWARNING [0m:   DEPRECATED FEATURE: `client_fn` now expects a signature `def client_fn(context: Context)`.The provided `client_fn` has signature: {'cid': <Parameter "cid: 'str'">}. You can import the `Context` like this: `from flwr.common import Context`[32m [repeated 15x across cluster][0m
[36m(ClientAppActor pid=302363)[0m             This is a deprecated feature. It will be removed[32m [repeated 15x across cluster][0m
[36m(ClientAppActor pid=302363)[0m             entirely in future versions of Flower.[32m [repeated 15x across cluster][0m
[36m(ClientAppActor pid=302455)[0m /home/bk489/federated_clean/.venv/lib/python3.9/site-packages/sklearn/metrics/_classification.py:407: UserWarning: A single label was found in 'y_true' and 'y_pred'. For the confusion matrix to have the correct shape, use the 'labels' parameter to pass all known labels.[32m [repeated 2x across cluster][0m
[36m(ClientAppActor pid=302455)[0m   warnings.warn([32m [repeated 2x across cluster][0m
[36m(ClientAppActor pid=302355)[0m 
[36m(ClientAppActor pid=302355)[0m         
[36m(ClientAppActor pid=302362)[0m 
[36m(ClientAppActor pid=302362)[0m         
[36m(ClientAppActor pid=302354)[0m 
[36m(ClientAppActor pid=302354)[0m         
[36m(ClientAppActor pid=302605)[0m 
[36m(ClientAppActor pid=302605)[0m         
[36m(ClientAppActor pid=302355)[0m /home/bk489/federated_clean/cleanest_federated/fl-dermamnist-starter/metrics/evaluation.py:68: UserWarning: AUROC set to NaN because present classes are [4, 5, 6], expected [0, 1, 2, 3, 4, 5, 6][32m [repeated 10x across cluster][0m
[36m(ClientAppActor pid=302355)[0m   warnings.warn(f'AUROC set to NaN because present classes are {present_classes}, expected {labels}')[32m [repeated 10x across cluster][0m
[36m(ClientAppActor pid=302355)[0m /home/bk489/federated_clean/.venv/lib/python3.9/site-packages/sklearn/metrics/_classification.py:2524: UserWarning: y_pred contains classes not in y_true[32m [repeated 9x across cluster][0m
[36m(ClientAppActor pid=302355)[0m   warnings.warn("y_pred contains classes not in y_true")[32m [repeated 9x across cluster][0m
[92mINFO [0m:      aggregate_fit: received 5 results and 0 failures
[92mINFO [0m:      fit progress: (67, 1.2789775432641817, {'accuracy': 0.7148554336989033, 'balanced_accuracy': 0.2989055799360249, 'macro_f1': 0.31255433956378564, 'worst_class_f1': 0.0, 'worst_class_recall': 0.0, 'f1_actinic_keratoses_an': 0.0, 'recall_actinic_keratoses_an': 0.0, 'f1_basal_cell_carcinoma': 0.03773584905660377, 'recall_basal_cell_carcinoma': 0.019230769230769232, 'f1_benign_keratosis-lik': 0.15625, 'recall_benign_keratosis-lik': 0.09090909090909091, 'f1_dermatofibroma': 0.11764705882352941, 'recall_dermatofibroma': 0.08333333333333333, 'f1_melanoma': 0.44881889763779526, 'recall_melanoma': 0.5135135135135135, 'f1_melanocytic_nevi': 0.856, 'recall_melanocytic_nevi': 0.9567809239940388, 'f1_vascular_lesions': 0.5714285714285714, 'recall_vascular_lesions': 0.42857142857142855}, 340.09295060200384)
[92mINFO [0m:      configure_evaluate: strategy sampled 10 clients (out of 10)
[36m(ClientAppActor pid=302455)[0m 
[36m(ClientAppActor pid=302455)[0m         
[36m(ClientAppActor pid=302539)[0m 
[36m(ClientAppActor pid=302539)[0m         
[36m(ClientAppActor pid=302363)[0m 
[36m(ClientAppActor pid=302363)[0m         
[36m(ClientAppActor pid=302403)[0m 
[36m(ClientAppActor pid=302403)[0m         
[36m(ClientAppActor pid=302355)[0m 
[36m(ClientAppActor pid=302355)[0m         
[36m(ClientAppActor pid=302362)[0m 
[36m(ClientAppActor pid=302362)[0m         
[36m(ClientAppActor pid=302735)[0m 
[36m(ClientAppActor pid=302735)[0m         
[36m(ClientAppActor pid=302354)[0m 
[36m(ClientAppActor pid=302354)[0m         
[36m(ClientAppActor pid=302605)[0m 
[36m(ClientAppActor pid=302605)[0m         
[36m(ClientAppActor pid=302840)[0m 
[36m(ClientAppActor pid=302840)[0m         
[92mINFO [0m:      aggregate_evaluate: received 10 results and 0 failures
[92mINFO [0m:      
[92mINFO [0m:      [ROUND 68]
[92mINFO [0m:      configure_fit: strategy sampled 5 clients (out of 10)
[36m(ClientAppActor pid=302455)[0m 
[36m(ClientAppActor pid=302455)[0m         
[36m(ClientAppActor pid=302539)[0m 
[36m(ClientAppActor pid=302539)[0m         
[36m(ClientAppActor pid=302403)[0m 
[36m(ClientAppActor pid=302403)[0m         
[36m(ClientAppActor pid=302354)[0m 
[36m(ClientAppActor pid=302354)[0m         
[36m(ClientAppActor pid=302840)[0m 
[36m(ClientAppActor pid=302840)[0m         
[36m(ClientAppActor pid=302403)[0m /home/bk489/federated_clean/cleanest_federated/fl-dermamnist-starter/data/download.py:27: UserWarning: The given NumPy array is not writable, and PyTorch does not support non-writable tensors. This means writing to this tensor will result in undefined behavior. You may want to copy the array to protect its data or make it writable before converting it to a tensor. This type of warning will be suppressed for the rest of this program. (Triggered internally at /pytorch/torch/csrc/utils/tensor_numpy.cpp:203.)[32m [repeated 204x across cluster][0m
[36m(ClientAppActor pid=302403)[0m   tensor = torch.as_tensor(image)[32m [repeated 204x across cluster][0m
[36m(ClientAppActor pid=302840)[0m [93mWARNING [0m:   DEPRECATED FEATURE: `client_fn` now expects a signature `def client_fn(context: Context)`.The provided `client_fn` has signature: {'cid': <Parameter "cid: 'str'">}. You can import the `Context` like this: `from flwr.common import Context`[32m [repeated 19x across cluster][0m
[36m(ClientAppActor pid=302840)[0m             This is a deprecated feature. It will be removed[32m [repeated 19x across cluster][0m
[36m(ClientAppActor pid=302840)[0m             entirely in future versions of Flower.[32m [repeated 19x across cluster][0m
[36m(ClientAppActor pid=302605)[0m /home/bk489/federated_clean/.venv/lib/python3.9/site-packages/sklearn/metrics/_classification.py:407: UserWarning: A single label was found in 'y_true' and 'y_pred'. For the confusion matrix to have the correct shape, use the 'labels' parameter to pass all known labels.[32m [repeated 2x across cluster][0m
[36m(ClientAppActor pid=302605)[0m   warnings.warn([32m [repeated 2x across cluster][0m
[36m(ClientAppActor pid=302840)[0m /home/bk489/federated_clean/cleanest_federated/fl-dermamnist-starter/metrics/evaluation.py:68: UserWarning: AUROC set to NaN because present classes are [2, 3, 5], expected [0, 1, 2, 3, 4, 5, 6][32m [repeated 10x across cluster][0m
[36m(ClientAppActor pid=302840)[0m   warnings.warn(f'AUROC set to NaN because present classes are {present_classes}, expected {labels}')[32m [repeated 10x across cluster][0m
[36m(ClientAppActor pid=302840)[0m /home/bk489/federated_clean/.venv/lib/python3.9/site-packages/sklearn/metrics/_classification.py:2524: UserWarning: y_pred contains classes not in y_true[32m [repeated 7x across cluster][0m
[36m(ClientAppActor pid=302840)[0m   warnings.warn("y_pred contains classes not in y_true")[32m [repeated 7x across cluster][0m
[92mINFO [0m:      aggregate_fit: received 5 results and 0 failures
[92mINFO [0m:      fit progress: (68, 0.8805438170166814, {'accuracy': 0.7288135593220338, 'balanced_accuracy': 0.4812838858506306, 'macro_f1': 0.46428120570076653, 'worst_class_f1': 0.25, 'worst_class_recall': 0.16666666666666666, 'f1_actinic_keratoses_an': 0.3418803418803419, 'recall_actinic_keratoses_an': 0.6060606060606061, 'f1_basal_cell_carcinoma': 0.6141732283464567, 'recall_basal_cell_carcinoma': 0.75, 'f1_benign_keratosis-lik': 0.45454545454545453, 'recall_benign_keratosis-lik': 0.45454545454545453, 'f1_dermatofibroma': 0.25, 'recall_dermatofibroma': 0.16666666666666666, 'f1_melanoma': 0.3105590062111801, 'recall_melanoma': 0.22522522522522523, 'f1_melanocytic_nevi': 0.8788104089219331, 'recall_melanocytic_nevi': 0.8807749627421758, 'f1_vascular_lesions': 0.4, 'recall_vascular_lesions': 0.2857142857142857}, 345.06939716404304)
[92mINFO [0m:      configure_evaluate: strategy sampled 10 clients (out of 10)
[36m(ClientAppActor pid=302455)[0m 
[36m(ClientAppActor pid=302455)[0m         
[36m(ClientAppActor pid=302539)[0m 
[36m(ClientAppActor pid=302539)[0m         
[36m(ClientAppActor pid=302354)[0m 
[36m(ClientAppActor pid=302354)[0m         
[36m(ClientAppActor pid=302840)[0m 
[36m(ClientAppActor pid=302840)[0m         
[36m(ClientAppActor pid=302403)[0m 
[36m(ClientAppActor pid=302403)[0m         
[36m(ClientAppActor pid=302363)[0m 
[36m(ClientAppActor pid=302363)[0m         
[36m(ClientAppActor pid=302355)[0m 
[36m(ClientAppActor pid=302355)[0m         
[36m(ClientAppActor pid=302362)[0m 
[36m(ClientAppActor pid=302362)[0m         
[36m(ClientAppActor pid=302735)[0m 
[36m(ClientAppActor pid=302735)[0m         
[36m(ClientAppActor pid=302605)[0m 
[36m(ClientAppActor pid=302605)[0m         
[92mINFO [0m:      aggregate_evaluate: received 10 results and 0 failures
[92mINFO [0m:      
[92mINFO [0m:      [ROUND 69]
[92mINFO [0m:      configure_fit: strategy sampled 5 clients (out of 10)
[36m(ClientAppActor pid=302363)[0m 
[36m(ClientAppActor pid=302363)[0m         
[36m(ClientAppActor pid=302355)[0m 
[36m(ClientAppActor pid=302355)[0m         
[36m(ClientAppActor pid=302362)[0m 
[36m(ClientAppActor pid=302362)[0m         
[36m(ClientAppActor pid=302735)[0m 
[36m(ClientAppActor pid=302735)[0m         
[36m(ClientAppActor pid=302605)[0m 
[36m(ClientAppActor pid=302605)[0m         
[36m(ClientAppActor pid=302363)[0m /home/bk489/federated_clean/cleanest_federated/fl-dermamnist-starter/data/download.py:27: UserWarning: The given NumPy array is not writable, and PyTorch does not support non-writable tensors. This means writing to this tensor will result in undefined behavior. You may want to copy the array to protect its data or make it writable before converting it to a tensor. This type of warning will be suppressed for the rest of this program. (Triggered internally at /pytorch/torch/csrc/utils/tensor_numpy.cpp:203.)[32m [repeated 200x across cluster][0m
[36m(ClientAppActor pid=302363)[0m   tensor = torch.as_tensor(image)[32m [repeated 200x across cluster][0m
[36m(ClientAppActor pid=302605)[0m [93mWARNING [0m:   DEPRECATED FEATURE: `client_fn` now expects a signature `def client_fn(context: Context)`.The provided `client_fn` has signature: {'cid': <Parameter "cid: 'str'">}. You can import the `Context` like this: `from flwr.common import Context`[32m [repeated 15x across cluster][0m
[36m(ClientAppActor pid=302605)[0m             This is a deprecated feature. It will be removed[32m [repeated 15x across cluster][0m
[36m(ClientAppActor pid=302605)[0m             entirely in future versions of Flower.[32m [repeated 15x across cluster][0m
[36m(ClientAppActor pid=302840)[0m /home/bk489/federated_clean/.venv/lib/python3.9/site-packages/sklearn/metrics/_classification.py:407: UserWarning: A single label was found in 'y_true' and 'y_pred'. For the confusion matrix to have the correct shape, use the 'labels' parameter to pass all known labels.
[36m(ClientAppActor pid=302840)[0m   warnings.warn(
[36m(ClientAppActor pid=302355)[0m /home/bk489/federated_clean/cleanest_federated/fl-dermamnist-starter/metrics/evaluation.py:68: UserWarning: AUROC set to NaN because present classes are [4, 5, 6], expected [0, 1, 2, 3, 4, 5, 6][32m [repeated 10x across cluster][0m
[36m(ClientAppActor pid=302355)[0m   warnings.warn(f'AUROC set to NaN because present classes are {present_classes}, expected {labels}')[32m [repeated 10x across cluster][0m
[36m(ClientAppActor pid=302355)[0m /home/bk489/federated_clean/.venv/lib/python3.9/site-packages/sklearn/metrics/_classification.py:2524: UserWarning: y_pred contains classes not in y_true[32m [repeated 9x across cluster][0m
[36m(ClientAppActor pid=302355)[0m   warnings.warn("y_pred contains classes not in y_true")[32m [repeated 9x across cluster][0m
[92mINFO [0m:      aggregate_fit: received 5 results and 0 failures
[92mINFO [0m:      fit progress: (69, 1.8341151505619555, {'accuracy': 0.6999002991026919, 'balanced_accuracy': 0.24928002457276463, 'macro_f1': 0.27202034974849537, 'worst_class_f1': 0.0, 'worst_class_recall': 0.0, 'f1_actinic_keratoses_an': 0.0, 'recall_actinic_keratoses_an': 0.0, 'f1_basal_cell_carcinoma': 0.0, 'recall_basal_cell_carcinoma': 0.0, 'f1_benign_keratosis-lik': 0.3076923076923077, 'recall_benign_keratosis-lik': 0.2, 'f1_dermatofibroma': 0.13333333333333333, 'recall_dermatofibroma': 0.08333333333333333, 'f1_melanoma': 0.06779661016949153, 'recall_melanoma': 0.036036036036036036, 'f1_melanocytic_nevi': 0.8238916256157636, 'recall_melanocytic_nevi': 0.9970193740685543, 'f1_vascular_lesions': 0.5714285714285714, 'recall_vascular_lesions': 0.42857142857142855}, 349.6928512339946)
[92mINFO [0m:      configure_evaluate: strategy sampled 10 clients (out of 10)
[36m(ClientAppActor pid=302362)[0m 
[36m(ClientAppActor pid=302362)[0m         
[36m(ClientAppActor pid=302605)[0m 
[36m(ClientAppActor pid=302605)[0m         
[36m(ClientAppActor pid=302455)[0m 
[36m(ClientAppActor pid=302455)[0m         
[36m(ClientAppActor pid=302539)[0m 
[36m(ClientAppActor pid=302539)[0m         
[36m(ClientAppActor pid=302363)[0m 
[36m(ClientAppActor pid=302363)[0m         
[36m(ClientAppActor pid=302403)[0m 
[36m(ClientAppActor pid=302403)[0m         
[36m(ClientAppActor pid=302355)[0m 
[36m(ClientAppActor pid=302355)[0m         
[36m(ClientAppActor pid=302362)[0m /home/bk489/federated_clean/.venv/lib/python3.9/site-packages/sklearn/metrics/_classification.py:407: UserWarning: A single label was found in 'y_true' and 'y_pred'. For the confusion matrix to have the correct shape, use the 'labels' parameter to pass all known labels.
[36m(ClientAppActor pid=302362)[0m   warnings.warn(
[36m(ClientAppActor pid=302735)[0m 
[36m(ClientAppActor pid=302735)[0m         
[36m(ClientAppActor pid=302354)[0m 
[36m(ClientAppActor pid=302354)[0m         
[36m(ClientAppActor pid=302840)[0m 
[36m(ClientAppActor pid=302840)[0m         
[92mINFO [0m:      aggregate_evaluate: received 10 results and 0 failures
[92mINFO [0m:      
[92mINFO [0m:      [ROUND 70]
[92mINFO [0m:      configure_fit: strategy sampled 5 clients (out of 10)
[36m(ClientAppActor pid=302455)[0m 
[36m(ClientAppActor pid=302455)[0m         
[36m(ClientAppActor pid=302539)[0m 
[36m(ClientAppActor pid=302539)[0m         
[36m(ClientAppActor pid=302363)[0m 
[36m(ClientAppActor pid=302363)[0m         
[36m(ClientAppActor pid=302354)[0m 
[36m(ClientAppActor pid=302354)[0m         
[36m(ClientAppActor pid=302840)[0m 
[36m(ClientAppActor pid=302840)[0m         
[36m(ClientAppActor pid=302455)[0m /home/bk489/federated_clean/cleanest_federated/fl-dermamnist-starter/data/download.py:27: UserWarning: The given NumPy array is not writable, and PyTorch does not support non-writable tensors. This means writing to this tensor will result in undefined behavior. You may want to copy the array to protect its data or make it writable before converting it to a tensor. This type of warning will be suppressed for the rest of this program. (Triggered internally at /pytorch/torch/csrc/utils/tensor_numpy.cpp:203.)[32m [repeated 226x across cluster][0m
[36m(ClientAppActor pid=302455)[0m   tensor = torch.as_tensor(image)[32m [repeated 226x across cluster][0m
[36m(ClientAppActor pid=302840)[0m [93mWARNING [0m:   DEPRECATED FEATURE: `client_fn` now expects a signature `def client_fn(context: Context)`.The provided `client_fn` has signature: {'cid': <Parameter "cid: 'str'">}. You can import the `Context` like this: `from flwr.common import Context`[32m [repeated 15x across cluster][0m
[36m(ClientAppActor pid=302840)[0m             This is a deprecated feature. It will be removed[32m [repeated 15x across cluster][0m
[36m(ClientAppActor pid=302840)[0m             entirely in future versions of Flower.[32m [repeated 15x across cluster][0m
[36m(ClientAppActor pid=302455)[0m /home/bk489/federated_clean/cleanest_federated/fl-dermamnist-starter/metrics/evaluation.py:68: UserWarning: AUROC set to NaN because present classes are [2, 3, 5], expected [0, 1, 2, 3, 4, 5, 6][32m [repeated 10x across cluster][0m
[36m(ClientAppActor pid=302455)[0m   warnings.warn(f'AUROC set to NaN because present classes are {present_classes}, expected {labels}')[32m [repeated 10x across cluster][0m
[36m(ClientAppActor pid=302539)[0m /home/bk489/federated_clean/.venv/lib/python3.9/site-packages/sklearn/metrics/_classification.py:2524: UserWarning: y_pred contains classes not in y_true[32m [repeated 6x across cluster][0m
[36m(ClientAppActor pid=302539)[0m   warnings.warn("y_pred contains classes not in y_true")[32m [repeated 6x across cluster][0m
[92mINFO [0m:      aggregate_fit: received 5 results and 0 failures
[92mINFO [0m:      fit progress: (70, 1.200761938974603, {'accuracy': 0.6669990029910269, 'balanced_accuracy': 0.4004934702826975, 'macro_f1': 0.39798420885704855, 'worst_class_f1': 0.0, 'worst_class_recall': 0.0, 'f1_actinic_keratoses_an': 0.0, 'recall_actinic_keratoses_an': 0.0, 'f1_basal_cell_carcinoma': 0.4358974358974359, 'recall_basal_cell_carcinoma': 0.3269230769230769, 'f1_benign_keratosis-lik': 0.11666666666666667, 'recall_benign_keratosis-lik': 0.06363636363636363, 'f1_dermatofibroma': 0.375, 'recall_dermatofibroma': 0.25, 'f1_melanoma': 0.4056603773584906, 'recall_melanoma': 0.7747747747747747, 'f1_melanocytic_nevi': 0.8372803666921314, 'recall_melanocytic_nevi': 0.8166915052160953, 'f1_vascular_lesions': 0.6153846153846154, 'recall_vascular_lesions': 0.5714285714285714}, 355.9051596200443)
[92mINFO [0m:      configure_evaluate: strategy sampled 10 clients (out of 10)
[36m(ClientAppActor pid=302455)[0m 
[36m(ClientAppActor pid=302455)[0m         
[36m(ClientAppActor pid=302455)[0m /home/bk489/federated_clean/cleanest_federated/fl-dermamnist-starter/data/download.py:27: UserWarning: The given NumPy array is not writable, and PyTorch does not support non-writable tensors. This means writing to this tensor will result in undefined behavior. You may want to copy the array to protect its data or make it writable before converting it to a tensor. This type of warning will be suppressed for the rest of this program. (Triggered internally at /pytorch/torch/csrc/utils/tensor_numpy.cpp:203.)[32m [repeated 134x across cluster][0m
[36m(ClientAppActor pid=302455)[0m   tensor = torch.as_tensor(image)[32m [repeated 134x across cluster][0m
[36m(ClientAppActor pid=302455)[0m [93mWARNING [0m:   DEPRECATED FEATURE: `client_fn` now expects a signature `def client_fn(context: Context)`.The provided `client_fn` has signature: {'cid': <Parameter "cid: 'str'">}. You can import the `Context` like this: `from flwr.common import Context`
[36m(ClientAppActor pid=302455)[0m             This is a deprecated feature. It will be removed
[36m(ClientAppActor pid=302455)[0m             entirely in future versions of Flower.
[36m(ClientAppActor pid=302539)[0m [93mWARNING [0m:   DEPRECATED FEATURE: `client_fn` now expects a signature `def client_fn(context: Context)`.The provided `client_fn` has signature: {'cid': <Parameter "cid: 'str'">}. You can import the `Context` like this: `from flwr.common import Context`
[36m(ClientAppActor pid=302539)[0m 
[36m(ClientAppActor pid=302539)[0m             This is a deprecated feature. It will be removed
[36m(ClientAppActor pid=302539)[0m             entirely in future versions of Flower.
[36m(ClientAppActor pid=302539)[0m         
[36m(ClientAppActor pid=302363)[0m 
[36m(ClientAppActor pid=302363)[0m         
[36m(ClientAppActor pid=302403)[0m 
[36m(ClientAppActor pid=302403)[0m         
[36m(ClientAppActor pid=302355)[0m 
[36m(ClientAppActor pid=302355)[0m         
[36m(ClientAppActor pid=302735)[0m 
[36m(ClientAppActor pid=302735)[0m         
[36m(ClientAppActor pid=302354)[0m 
[36m(ClientAppActor pid=302354)[0m         
[36m(ClientAppActor pid=302605)[0m 
[36m(ClientAppActor pid=302605)[0m         
[36m(ClientAppActor pid=302840)[0m 
[36m(ClientAppActor pid=302840)[0m         
[36m(ClientAppActor pid=302362)[0m 
[36m(ClientAppActor pid=302362)[0m         
[92mINFO [0m:      aggregate_evaluate: received 10 results and 0 failures
[92mINFO [0m:      
[92mINFO [0m:      [ROUND 71]
[92mINFO [0m:      configure_fit: strategy sampled 5 clients (out of 10)
[36m(ClientAppActor pid=302355)[0m 
[36m(ClientAppActor pid=302355)[0m         
[36m(ClientAppActor pid=302362)[0m /home/bk489/federated_clean/.venv/lib/python3.9/site-packages/sklearn/metrics/_classification.py:407: UserWarning: A single label was found in 'y_true' and 'y_pred'. For the confusion matrix to have the correct shape, use the 'labels' parameter to pass all known labels.
[36m(ClientAppActor pid=302362)[0m   warnings.warn(
[36m(ClientAppActor pid=302362)[0m 
[36m(ClientAppActor pid=302362)[0m         
[36m(ClientAppActor pid=302735)[0m 
[36m(ClientAppActor pid=302735)[0m         
[36m(ClientAppActor pid=302354)[0m 
[36m(ClientAppActor pid=302354)[0m         
[36m(ClientAppActor pid=302605)[0m 
[36m(ClientAppActor pid=302605)[0m         
[36m(ClientAppActor pid=302605)[0m /home/bk489/federated_clean/cleanest_federated/fl-dermamnist-starter/metrics/evaluation.py:68: UserWarning: AUROC set to NaN because present classes are [2, 3, 5], expected [0, 1, 2, 3, 4, 5, 6][32m [repeated 10x across cluster][0m
[36m(ClientAppActor pid=302605)[0m   warnings.warn(f'AUROC set to NaN because present classes are {present_classes}, expected {labels}')[32m [repeated 10x across cluster][0m
[36m(ClientAppActor pid=302605)[0m /home/bk489/federated_clean/.venv/lib/python3.9/site-packages/sklearn/metrics/_classification.py:2524: UserWarning: y_pred contains classes not in y_true[32m [repeated 9x across cluster][0m
[36m(ClientAppActor pid=302605)[0m   warnings.warn("y_pred contains classes not in y_true")[32m [repeated 9x across cluster][0m
[92mINFO [0m:      aggregate_fit: received 5 results and 0 failures
[92mINFO [0m:      fit progress: (71, 1.3637383838712516, {'accuracy': 0.6410767696909272, 'balanced_accuracy': 0.3230208100231519, 'macro_f1': 0.2834833419549076, 'worst_class_f1': 0.017857142857142856, 'worst_class_recall': 0.009009009009009009, 'f1_actinic_keratoses_an': 0.11428571428571428, 'recall_actinic_keratoses_an': 0.06060606060606061, 'f1_basal_cell_carcinoma': 0.29850746268656714, 'recall_basal_cell_carcinoma': 0.19230769230769232, 'f1_benign_keratosis-lik': 0.42332613390928725, 'recall_benign_keratosis-lik': 0.8909090909090909, 'f1_dermatofibroma': 0.17142857142857143, 'recall_dermatofibroma': 0.25, 'f1_melanoma': 0.017857142857142856, 'recall_melanoma': 0.009009009009009009, 'f1_melanocytic_nevi': 0.8256450351837373, 'recall_melanocytic_nevi': 0.7868852459016393, 'f1_vascular_lesions': 0.13333333333333333, 'recall_vascular_lesions': 0.07142857142857142}, 360.1993866020348)
[92mINFO [0m:      configure_evaluate: strategy sampled 10 clients (out of 10)
[36m(ClientAppActor pid=302455)[0m 
[36m(ClientAppActor pid=302455)[0m         
[36m(ClientAppActor pid=302539)[0m 
[36m(ClientAppActor pid=302539)[0m         
[36m(ClientAppActor pid=302363)[0m 
[36m(ClientAppActor pid=302363)[0m         
[36m(ClientAppActor pid=302403)[0m 
[36m(ClientAppActor pid=302403)[0m         
[36m(ClientAppActor pid=302355)[0m 
[36m(ClientAppActor pid=302355)[0m         
[36m(ClientAppActor pid=302362)[0m 
[36m(ClientAppActor pid=302362)[0m         
[36m(ClientAppActor pid=302735)[0m 
[36m(ClientAppActor pid=302735)[0m         
[36m(ClientAppActor pid=302354)[0m 
[36m(ClientAppActor pid=302354)[0m         
[36m(ClientAppActor pid=302605)[0m 
[36m(ClientAppActor pid=302605)[0m         
[36m(ClientAppActor pid=302840)[0m 
[36m(ClientAppActor pid=302840)[0m         
[92mINFO [0m:      aggregate_evaluate: received 10 results and 0 failures
[92mINFO [0m:      
[92mINFO [0m:      [ROUND 72]
[92mINFO [0m:      configure_fit: strategy sampled 5 clients (out of 10)
[36m(ClientAppActor pid=302455)[0m 
[36m(ClientAppActor pid=302455)[0m         
[36m(ClientAppActor pid=302539)[0m 
[36m(ClientAppActor pid=302539)[0m         
[36m(ClientAppActor pid=302363)[0m 
[36m(ClientAppActor pid=302363)[0m         
[36m(ClientAppActor pid=302362)[0m 
[36m(ClientAppActor pid=302362)[0m         
[36m(ClientAppActor pid=302840)[0m 
[36m(ClientAppActor pid=302840)[0m         
[36m(ClientAppActor pid=302455)[0m /home/bk489/federated_clean/cleanest_federated/fl-dermamnist-starter/data/download.py:27: UserWarning: The given NumPy array is not writable, and PyTorch does not support non-writable tensors. This means writing to this tensor will result in undefined behavior. You may want to copy the array to protect its data or make it writable before converting it to a tensor. This type of warning will be suppressed for the rest of this program. (Triggered internally at /pytorch/torch/csrc/utils/tensor_numpy.cpp:203.)[32m [repeated 249x across cluster][0m
[36m(ClientAppActor pid=302455)[0m   tensor = torch.as_tensor(image)[32m [repeated 249x across cluster][0m
[36m(ClientAppActor pid=302840)[0m [93mWARNING [0m:   DEPRECATED FEATURE: `client_fn` now expects a signature `def client_fn(context: Context)`.The provided `client_fn` has signature: {'cid': <Parameter "cid: 'str'">}. You can import the `Context` like this: `from flwr.common import Context`[32m [repeated 28x across cluster][0m
[36m(ClientAppActor pid=302840)[0m             This is a deprecated feature. It will be removed[32m [repeated 28x across cluster][0m
[36m(ClientAppActor pid=302840)[0m             entirely in future versions of Flower.[32m [repeated 28x across cluster][0m
[36m(ClientAppActor pid=302840)[0m /home/bk489/federated_clean/cleanest_federated/fl-dermamnist-starter/metrics/evaluation.py:68: UserWarning: AUROC set to NaN because present classes are [2, 3, 5], expected [0, 1, 2, 3, 4, 5, 6][32m [repeated 10x across cluster][0m
[36m(ClientAppActor pid=302840)[0m   warnings.warn(f'AUROC set to NaN because present classes are {present_classes}, expected {labels}')[32m [repeated 10x across cluster][0m
[36m(ClientAppActor pid=302363)[0m /home/bk489/federated_clean/.venv/lib/python3.9/site-packages/sklearn/metrics/_classification.py:2524: UserWarning: y_pred contains classes not in y_true[32m [repeated 7x across cluster][0m
[36m(ClientAppActor pid=302363)[0m   warnings.warn("y_pred contains classes not in y_true")[32m [repeated 7x across cluster][0m
[92mINFO [0m:      aggregate_fit: received 5 results and 0 failures
[92mINFO [0m:      fit progress: (72, 1.310381313917763, {'accuracy': 0.7318045862412762, 'balanced_accuracy': 0.34841041082258883, 'macro_f1': 0.32617356934207764, 'worst_class_f1': 0.0, 'worst_class_recall': 0.0, 'f1_actinic_keratoses_an': 0.0, 'recall_actinic_keratoses_an': 0.0, 'f1_basal_cell_carcinoma': 0.5054945054945055, 'recall_basal_cell_carcinoma': 0.4423076923076923, 'f1_benign_keratosis-lik': 0.5338345864661654, 'recall_benign_keratosis-lik': 0.6454545454545455, 'f1_dermatofibroma': 0.23529411764705882, 'recall_dermatofibroma': 0.3333333333333333, 'f1_melanoma': 0.0, 'recall_melanoma': 0.0, 'f1_melanocytic_nevi': 0.8752584424534804, 'recall_melanocytic_nevi': 0.9463487332339792, 'f1_vascular_lesions': 0.13333333333333333, 'recall_vascular_lesions': 0.07142857142857142}, 364.72282677399926)
[92mINFO [0m:      configure_evaluate: strategy sampled 10 clients (out of 10)
[36m(ClientAppActor pid=302455)[0m 
[36m(ClientAppActor pid=302455)[0m         
[36m(ClientAppActor pid=302362)[0m 
[36m(ClientAppActor pid=302362)[0m         
[36m(ClientAppActor pid=302539)[0m 
[36m(ClientAppActor pid=302539)[0m         
[36m(ClientAppActor pid=302363)[0m 
[36m(ClientAppActor pid=302363)[0m         
[36m(ClientAppActor pid=302403)[0m 
[36m(ClientAppActor pid=302403)[0m         
[36m(ClientAppActor pid=302355)[0m 
[36m(ClientAppActor pid=302355)[0m         
[36m(ClientAppActor pid=302362)[0m /home/bk489/federated_clean/.venv/lib/python3.9/site-packages/sklearn/metrics/_classification.py:407: UserWarning: A single label was found in 'y_true' and 'y_pred'. For the confusion matrix to have the correct shape, use the 'labels' parameter to pass all known labels.
[36m(ClientAppActor pid=302362)[0m   warnings.warn(
[36m(ClientAppActor pid=302735)[0m 
[36m(ClientAppActor pid=302735)[0m         
[36m(ClientAppActor pid=302354)[0m 
[36m(ClientAppActor pid=302354)[0m         
[36m(ClientAppActor pid=302605)[0m 
[36m(ClientAppActor pid=302605)[0m         
[36m(ClientAppActor pid=302840)[0m 
[36m(ClientAppActor pid=302840)[0m         
[92mINFO [0m:      aggregate_evaluate: received 10 results and 0 failures
[92mINFO [0m:      
[92mINFO [0m:      [ROUND 73]
[92mINFO [0m:      configure_fit: strategy sampled 5 clients (out of 10)
[36m(ClientAppActor pid=302403)[0m 
[36m(ClientAppActor pid=302403)[0m         
[36m(ClientAppActor pid=302355)[0m 
[36m(ClientAppActor pid=302355)[0m         
[36m(ClientAppActor pid=302735)[0m 
[36m(ClientAppActor pid=302735)[0m         
[36m(ClientAppActor pid=302354)[0m 
[36m(ClientAppActor pid=302354)[0m         
[36m(ClientAppActor pid=302605)[0m 
[36m(ClientAppActor pid=302605)[0m         
[36m(ClientAppActor pid=302355)[0m /home/bk489/federated_clean/cleanest_federated/fl-dermamnist-starter/data/download.py:27: UserWarning: The given NumPy array is not writable, and PyTorch does not support non-writable tensors. This means writing to this tensor will result in undefined behavior. You may want to copy the array to protect its data or make it writable before converting it to a tensor. This type of warning will be suppressed for the rest of this program. (Triggered internally at /pytorch/torch/csrc/utils/tensor_numpy.cpp:203.)[32m [repeated 205x across cluster][0m
[36m(ClientAppActor pid=302355)[0m   tensor = torch.as_tensor(image)[32m [repeated 205x across cluster][0m
[36m(ClientAppActor pid=302605)[0m [93mWARNING [0m:   DEPRECATED FEATURE: `client_fn` now expects a signature `def client_fn(context: Context)`.The provided `client_fn` has signature: {'cid': <Parameter "cid: 'str'">}. You can import the `Context` like this: `from flwr.common import Context`[32m [repeated 15x across cluster][0m
[36m(ClientAppActor pid=302605)[0m             This is a deprecated feature. It will be removed[32m [repeated 15x across cluster][0m
[36m(ClientAppActor pid=302605)[0m             entirely in future versions of Flower.[32m [repeated 15x across cluster][0m
[36m(ClientAppActor pid=302605)[0m /home/bk489/federated_clean/cleanest_federated/fl-dermamnist-starter/metrics/evaluation.py:68: UserWarning: AUROC set to NaN because present classes are [0, 1, 2, 3, 5, 6], expected [0, 1, 2, 3, 4, 5, 6][32m [repeated 10x across cluster][0m
[36m(ClientAppActor pid=302605)[0m   warnings.warn(f'AUROC set to NaN because present classes are {present_classes}, expected {labels}')[32m [repeated 10x across cluster][0m
[36m(ClientAppActor pid=302354)[0m /home/bk489/federated_clean/.venv/lib/python3.9/site-packages/sklearn/metrics/_classification.py:2524: UserWarning: y_pred contains classes not in y_true[32m [repeated 6x across cluster][0m
[36m(ClientAppActor pid=302354)[0m   warnings.warn("y_pred contains classes not in y_true")[32m [repeated 6x across cluster][0m
[92mINFO [0m:      aggregate_fit: received 5 results and 0 failures
[92mINFO [0m:      fit progress: (73, 1.1347274503346574, {'accuracy': 0.7248255234297108, 'balanced_accuracy': 0.32004518784378266, 'macro_f1': 0.36992764152781443, 'worst_class_f1': 0.0, 'worst_class_recall': 0.0, 'f1_actinic_keratoses_an': 0.0, 'recall_actinic_keratoses_an': 0.0, 'f1_basal_cell_carcinoma': 0.2727272727272727, 'recall_basal_cell_carcinoma': 0.17307692307692307, 'f1_benign_keratosis-lik': 0.38323353293413176, 'recall_benign_keratosis-lik': 0.2909090909090909, 'f1_dermatofibroma': 0.25, 'recall_dermatofibroma': 0.16666666666666666, 'f1_melanoma': 0.3248730964467005, 'recall_melanoma': 0.2882882882882883, 'f1_melanocytic_nevi': 0.8586595885865959, 'recall_melanocytic_nevi': 0.9642324888226528, 'f1_vascular_lesions': 0.5, 'recall_vascular_lesions': 0.35714285714285715}, 370.55812028900255)
[92mINFO [0m:      configure_evaluate: strategy sampled 10 clients (out of 10)
[36m(ClientAppActor pid=302363)[0m 
[36m(ClientAppActor pid=302363)[0m         
[36m(ClientAppActor pid=302403)[0m 
[36m(ClientAppActor pid=302403)[0m         
[36m(ClientAppActor pid=302355)[0m 
[36m(ClientAppActor pid=302355)[0m         
[36m(ClientAppActor pid=302735)[0m 
[36m(ClientAppActor pid=302735)[0m         
[36m(ClientAppActor pid=302354)[0m 
[36m(ClientAppActor pid=302354)[0m         
[36m(ClientAppActor pid=302605)[0m 
[36m(ClientAppActor pid=302605)[0m         
[36m(ClientAppActor pid=302840)[0m 
[36m(ClientAppActor pid=302840)[0m         
[36m(ClientAppActor pid=302539)[0m 
[36m(ClientAppActor pid=302539)[0m         
[36m(ClientAppActor pid=302455)[0m 
[36m(ClientAppActor pid=302455)[0m         
[36m(ClientAppActor pid=302362)[0m 
[36m(ClientAppActor pid=302362)[0m         
[36m(ClientAppActor pid=302840)[0m /home/bk489/federated_clean/.venv/lib/python3.9/site-packages/sklearn/metrics/_classification.py:407: UserWarning: A single label was found in 'y_true' and 'y_pred'. For the confusion matrix to have the correct shape, use the 'labels' parameter to pass all known labels.
[36m(ClientAppActor pid=302840)[0m   warnings.warn(
[92mINFO [0m:      aggregate_evaluate: received 10 results and 0 failures
[92mINFO [0m:      
[92mINFO [0m:      [ROUND 74]
[92mINFO [0m:      configure_fit: strategy sampled 5 clients (out of 10)
[36m(ClientAppActor pid=302455)[0m 
[36m(ClientAppActor pid=302455)[0m         
[36m(ClientAppActor pid=302539)[0m 
[36m(ClientAppActor pid=302539)[0m         
[36m(ClientAppActor pid=302363)[0m 
[36m(ClientAppActor pid=302363)[0m         
[36m(ClientAppActor pid=302362)[0m 
[36m(ClientAppActor pid=302362)[0m         
[36m(ClientAppActor pid=302735)[0m 
[36m(ClientAppActor pid=302735)[0m         
[36m(ClientAppActor pid=302539)[0m /home/bk489/federated_clean/cleanest_federated/fl-dermamnist-starter/data/download.py:27: UserWarning: The given NumPy array is not writable, and PyTorch does not support non-writable tensors. This means writing to this tensor will result in undefined behavior. You may want to copy the array to protect its data or make it writable before converting it to a tensor. This type of warning will be suppressed for the rest of this program. (Triggered internally at /pytorch/torch/csrc/utils/tensor_numpy.cpp:203.)[32m [repeated 171x across cluster][0m
[36m(ClientAppActor pid=302539)[0m   tensor = torch.as_tensor(image)[32m [repeated 171x across cluster][0m
[36m(ClientAppActor pid=302735)[0m [93mWARNING [0m:   DEPRECATED FEATURE: `client_fn` now expects a signature `def client_fn(context: Context)`.The provided `client_fn` has signature: {'cid': <Parameter "cid: 'str'">}. You can import the `Context` like this: `from flwr.common import Context`[32m [repeated 15x across cluster][0m
[36m(ClientAppActor pid=302735)[0m             This is a deprecated feature. It will be removed[32m [repeated 15x across cluster][0m
[36m(ClientAppActor pid=302735)[0m             entirely in future versions of Flower.[32m [repeated 15x across cluster][0m
[36m(ClientAppActor pid=302362)[0m /home/bk489/federated_clean/cleanest_federated/fl-dermamnist-starter/metrics/evaluation.py:68: UserWarning: AUROC set to NaN because present classes are [0, 1, 2], expected [0, 1, 2, 3, 4, 5, 6][32m [repeated 10x across cluster][0m
[36m(ClientAppActor pid=302362)[0m   warnings.warn(f'AUROC set to NaN because present classes are {present_classes}, expected {labels}')[32m [repeated 10x across cluster][0m
[36m(ClientAppActor pid=302362)[0m /home/bk489/federated_clean/.venv/lib/python3.9/site-packages/sklearn/metrics/_classification.py:2524: UserWarning: y_pred contains classes not in y_true[32m [repeated 7x across cluster][0m
[36m(ClientAppActor pid=302362)[0m   warnings.warn("y_pred contains classes not in y_true")[32m [repeated 7x across cluster][0m
[92mINFO [0m:      aggregate_fit: received 5 results and 0 failures
[92mINFO [0m:      fit progress: (74, 1.1802805623528014, {'accuracy': 0.7188434695912264, 'balanced_accuracy': 0.41184665809958554, 'macro_f1': 0.37743835012678234, 'worst_class_f1': 0.035398230088495575, 'worst_class_recall': 0.018018018018018018, 'f1_actinic_keratoses_an': 0.09523809523809523, 'recall_actinic_keratoses_an': 0.06060606060606061, 'f1_basal_cell_carcinoma': 0.5785123966942148, 'recall_basal_cell_carcinoma': 0.6730769230769231, 'f1_benign_keratosis-lik': 0.5152542372881356, 'recall_benign_keratosis-lik': 0.6909090909090909, 'f1_dermatofibroma': 0.21621621621621623, 'recall_dermatofibroma': 0.3333333333333333, 'f1_melanoma': 0.035398230088495575, 'recall_melanoma': 0.018018018018018018, 'f1_melanocytic_nevi': 0.8681159420289855, 'recall_melanocytic_nevi': 0.8926974664679582, 'f1_vascular_lesions': 0.3333333333333333, 'recall_vascular_lesions': 0.21428571428571427}, 374.9695475270273)
[92mINFO [0m:      configure_evaluate: strategy sampled 10 clients (out of 10)
[36m(ClientAppActor pid=302455)[0m 
[36m(ClientAppActor pid=302455)[0m         
[36m(ClientAppActor pid=302539)[0m 
[36m(ClientAppActor pid=302539)[0m         
[36m(ClientAppActor pid=302363)[0m 
[36m(ClientAppActor pid=302363)[0m         
[36m(ClientAppActor pid=302735)[0m 
[36m(ClientAppActor pid=302735)[0m         
[36m(ClientAppActor pid=302362)[0m 
[36m(ClientAppActor pid=302362)[0m         
[36m(ClientAppActor pid=302840)[0m 
[36m(ClientAppActor pid=302840)[0m         
[36m(ClientAppActor pid=302355)[0m 
[36m(ClientAppActor pid=302355)[0m         
[36m(ClientAppActor pid=302354)[0m 
[36m(ClientAppActor pid=302354)[0m         
[36m(ClientAppActor pid=302605)[0m 
[36m(ClientAppActor pid=302605)[0m         
[36m(ClientAppActor pid=302403)[0m 
[36m(ClientAppActor pid=302403)[0m         
[92mINFO [0m:      aggregate_evaluate: received 10 results and 0 failures
[92mINFO [0m:      
[92mINFO [0m:      [ROUND 75]
[92mINFO [0m:      configure_fit: strategy sampled 5 clients (out of 10)
[36m(ClientAppActor pid=302403)[0m 
[36m(ClientAppActor pid=302403)[0m         
[36m(ClientAppActor pid=302605)[0m 
[36m(ClientAppActor pid=302605)[0m         
[36m(ClientAppActor pid=302354)[0m 
[36m(ClientAppActor pid=302354)[0m         
[36m(ClientAppActor pid=302355)[0m 
[36m(ClientAppActor pid=302355)[0m         
[36m(ClientAppActor pid=302840)[0m 
[36m(ClientAppActor pid=302840)[0m         
[36m(ClientAppActor pid=302539)[0m /home/bk489/federated_clean/.venv/lib/python3.9/site-packages/sklearn/metrics/_classification.py:407: UserWarning: A single label was found in 'y_true' and 'y_pred'. For the confusion matrix to have the correct shape, use the 'labels' parameter to pass all known labels.[32m [repeated 2x across cluster][0m
[36m(ClientAppActor pid=302539)[0m   warnings.warn([32m [repeated 2x across cluster][0m
[36m(ClientAppActor pid=302355)[0m /home/bk489/federated_clean/cleanest_federated/fl-dermamnist-starter/data/download.py:27: UserWarning: The given NumPy array is not writable, and PyTorch does not support non-writable tensors. This means writing to this tensor will result in undefined behavior. You may want to copy the array to protect its data or make it writable before converting it to a tensor. This type of warning will be suppressed for the rest of this program. (Triggered internally at /pytorch/torch/csrc/utils/tensor_numpy.cpp:203.)[32m [repeated 213x across cluster][0m
[36m(ClientAppActor pid=302355)[0m   tensor = torch.as_tensor(image)[32m [repeated 213x across cluster][0m
[36m(ClientAppActor pid=302840)[0m [93mWARNING [0m:   DEPRECATED FEATURE: `client_fn` now expects a signature `def client_fn(context: Context)`.The provided `client_fn` has signature: {'cid': <Parameter "cid: 'str'">}. You can import the `Context` like this: `from flwr.common import Context`[32m [repeated 15x across cluster][0m
[36m(ClientAppActor pid=302840)[0m             This is a deprecated feature. It will be removed[32m [repeated 15x across cluster][0m
[36m(ClientAppActor pid=302840)[0m             entirely in future versions of Flower.[32m [repeated 15x across cluster][0m
[36m(ClientAppActor pid=302840)[0m /home/bk489/federated_clean/cleanest_federated/fl-dermamnist-starter/metrics/evaluation.py:68: UserWarning: AUROC set to NaN because present classes are [0, 4], expected [0, 1, 2, 3, 4, 5, 6][32m [repeated 10x across cluster][0m
[36m(ClientAppActor pid=302840)[0m   warnings.warn(f'AUROC set to NaN because present classes are {present_classes}, expected {labels}')[32m [repeated 10x across cluster][0m
[36m(ClientAppActor pid=302840)[0m /home/bk489/federated_clean/.venv/lib/python3.9/site-packages/sklearn/metrics/_classification.py:2524: UserWarning: y_pred contains classes not in y_true[32m [repeated 8x across cluster][0m
[36m(ClientAppActor pid=302840)[0m   warnings.warn("y_pred contains classes not in y_true")[32m [repeated 8x across cluster][0m
[92mINFO [0m:      aggregate_fit: received 5 results and 0 failures
[92mINFO [0m:      fit progress: (75, 1.0877545054032582, {'accuracy': 0.7367896311066799, 'balanced_accuracy': 0.3543746820093424, 'macro_f1': 0.4103062391164798, 'worst_class_f1': 0.058823529411764705, 'worst_class_recall': 0.030303030303030304, 'f1_actinic_keratoses_an': 0.058823529411764705, 'recall_actinic_keratoses_an': 0.030303030303030304, 'f1_basal_cell_carcinoma': 0.4358974358974359, 'recall_basal_cell_carcinoma': 0.3269230769230769, 'f1_benign_keratosis-lik': 0.3803680981595092, 'recall_benign_keratosis-lik': 0.2818181818181818, 'f1_dermatofibroma': 0.3157894736842105, 'recall_dermatofibroma': 0.25, 'f1_melanoma': 0.31521739130434784, 'recall_melanoma': 0.26126126126126126, 'f1_melanocytic_nevi': 0.8660477453580901, 'recall_melanocytic_nevi': 0.9731743666169895, 'f1_vascular_lesions': 0.5, 'recall_vascular_lesions': 0.35714285714285715}, 380.75873568700626)
[92mINFO [0m:      configure_evaluate: strategy sampled 10 clients (out of 10)
[36m(ClientAppActor pid=302455)[0m 
[36m(ClientAppActor pid=302455)[0m         
[36m(ClientAppActor pid=302539)[0m 
[36m(ClientAppActor pid=302539)[0m         
[36m(ClientAppActor pid=302363)[0m 
[36m(ClientAppActor pid=302363)[0m         
[36m(ClientAppActor pid=302403)[0m 
[36m(ClientAppActor pid=302403)[0m         
[36m(ClientAppActor pid=302355)[0m 
[36m(ClientAppActor pid=302355)[0m         
[36m(ClientAppActor pid=302362)[0m 
[36m(ClientAppActor pid=302362)[0m         
[36m(ClientAppActor pid=302735)[0m 
[36m(ClientAppActor pid=302735)[0m         
[36m(ClientAppActor pid=302354)[0m 
[36m(ClientAppActor pid=302354)[0m         
[36m(ClientAppActor pid=302605)[0m 
[36m(ClientAppActor pid=302605)[0m         
[36m(ClientAppActor pid=302840)[0m 
[36m(ClientAppActor pid=302840)[0m         
[92mINFO [0m:      aggregate_evaluate: received 10 results and 0 failures
[92mINFO [0m:      
[92mINFO [0m:      [ROUND 76]
[92mINFO [0m:      configure_fit: strategy sampled 5 clients (out of 10)
[36m(ClientAppActor pid=302539)[0m 
[36m(ClientAppActor pid=302539)[0m         
[36m(ClientAppActor pid=302363)[0m 
[36m(ClientAppActor pid=302363)[0m         
[36m(ClientAppActor pid=302403)[0m /home/bk489/federated_clean/.venv/lib/python3.9/site-packages/sklearn/metrics/_classification.py:407: UserWarning: A single label was found in 'y_true' and 'y_pred'. For the confusion matrix to have the correct shape, use the 'labels' parameter to pass all known labels.
[36m(ClientAppActor pid=302403)[0m   warnings.warn(
[36m(ClientAppActor pid=302362)[0m 
[36m(ClientAppActor pid=302362)[0m         
[36m(ClientAppActor pid=302735)[0m 
[36m(ClientAppActor pid=302735)[0m         
[36m(ClientAppActor pid=302354)[0m 
[36m(ClientAppActor pid=302354)[0m         
[36m(ClientAppActor pid=302363)[0m /home/bk489/federated_clean/cleanest_federated/fl-dermamnist-starter/data/download.py:27: UserWarning: The given NumPy array is not writable, and PyTorch does not support non-writable tensors. This means writing to this tensor will result in undefined behavior. You may want to copy the array to protect its data or make it writable before converting it to a tensor. This type of warning will be suppressed for the rest of this program. (Triggered internally at /pytorch/torch/csrc/utils/tensor_numpy.cpp:203.)[32m [repeated 164x across cluster][0m
[36m(ClientAppActor pid=302363)[0m   tensor = torch.as_tensor(image)[32m [repeated 164x across cluster][0m
[36m(ClientAppActor pid=302354)[0m [93mWARNING [0m:   DEPRECATED FEATURE: `client_fn` now expects a signature `def client_fn(context: Context)`.The provided `client_fn` has signature: {'cid': <Parameter "cid: 'str'">}. You can import the `Context` like this: `from flwr.common import Context`[32m [repeated 15x across cluster][0m
[36m(ClientAppActor pid=302354)[0m             This is a deprecated feature. It will be removed[32m [repeated 15x across cluster][0m
[36m(ClientAppActor pid=302354)[0m             entirely in future versions of Flower.[32m [repeated 15x across cluster][0m
[36m(ClientAppActor pid=302840)[0m /home/bk489/federated_clean/cleanest_federated/fl-dermamnist-starter/metrics/evaluation.py:68: UserWarning: AUROC set to NaN because present classes are [4, 5, 6], expected [0, 1, 2, 3, 4, 5, 6][32m [repeated 10x across cluster][0m
[36m(ClientAppActor pid=302840)[0m   warnings.warn(f'AUROC set to NaN because present classes are {present_classes}, expected {labels}')[32m [repeated 10x across cluster][0m
[36m(ClientAppActor pid=302840)[0m /home/bk489/federated_clean/.venv/lib/python3.9/site-packages/sklearn/metrics/_classification.py:2524: UserWarning: y_pred contains classes not in y_true[32m [repeated 8x across cluster][0m
[36m(ClientAppActor pid=302840)[0m   warnings.warn("y_pred contains classes not in y_true")[32m [repeated 8x across cluster][0m
[92mINFO [0m:      aggregate_fit: received 5 results and 0 failures
[92mINFO [0m:      fit progress: (76, 1.619569097891643, {'accuracy': 0.7347956131605184, 'balanced_accuracy': 0.35506039206273393, 'macro_f1': 0.387190103279901, 'worst_class_f1': 0.035398230088495575, 'worst_class_recall': 0.018018018018018018, 'f1_actinic_keratoses_an': 0.05714285714285714, 'recall_actinic_keratoses_an': 0.030303030303030304, 'f1_basal_cell_carcinoma': 0.3880597014925373, 'recall_basal_cell_carcinoma': 0.25, 'f1_benign_keratosis-lik': 0.5081967213114754, 'recall_benign_keratosis-lik': 0.5636363636363636, 'f1_dermatofibroma': 0.13333333333333333, 'recall_dermatofibroma': 0.08333333333333333, 'f1_melanoma': 0.035398230088495575, 'recall_melanoma': 0.018018018018018018, 'f1_melanocytic_nevi': 0.8609271523178808, 'recall_melanocytic_nevi': 0.9687034277198212, 'f1_vascular_lesions': 0.7272727272727273, 'recall_vascular_lesions': 0.5714285714285714}, 386.0993200649973)
[92mINFO [0m:      configure_evaluate: strategy sampled 10 clients (out of 10)
[36m(ClientAppActor pid=302539)[0m 
[36m(ClientAppActor pid=302539)[0m         
[36m(ClientAppActor pid=302355)[0m /home/bk489/federated_clean/.venv/lib/python3.9/site-packages/sklearn/metrics/_classification.py:407: UserWarning: A single label was found in 'y_true' and 'y_pred'. For the confusion matrix to have the correct shape, use the 'labels' parameter to pass all known labels.
[36m(ClientAppActor pid=302355)[0m   warnings.warn(
[36m(ClientAppActor pid=302735)[0m 
[36m(ClientAppActor pid=302735)[0m         
[36m(ClientAppActor pid=302354)[0m 
[36m(ClientAppActor pid=302354)[0m         
[36m(ClientAppActor pid=302362)[0m 
[36m(ClientAppActor pid=302362)[0m         
[36m(ClientAppActor pid=302455)[0m 
[36m(ClientAppActor pid=302455)[0m         
[36m(ClientAppActor pid=302455)[0m /home/bk489/federated_clean/cleanest_federated/fl-dermamnist-starter/data/download.py:27: UserWarning: The given NumPy array is not writable, and PyTorch does not support non-writable tensors. This means writing to this tensor will result in undefined behavior. You may want to copy the array to protect its data or make it writable before converting it to a tensor. This type of warning will be suppressed for the rest of this program. (Triggered internally at /pytorch/torch/csrc/utils/tensor_numpy.cpp:203.)[32m [repeated 189x across cluster][0m
[36m(ClientAppActor pid=302455)[0m   tensor = torch.as_tensor(image)[32m [repeated 189x across cluster][0m
[36m(ClientAppActor pid=302455)[0m [93mWARNING [0m:   DEPRECATED FEATURE: `client_fn` now expects a signature `def client_fn(context: Context)`.The provided `client_fn` has signature: {'cid': <Parameter "cid: 'str'">}. You can import the `Context` like this: `from flwr.common import Context`[32m [repeated 5x across cluster][0m
[36m(ClientAppActor pid=302455)[0m             This is a deprecated feature. It will be removed[32m [repeated 5x across cluster][0m
[36m(ClientAppActor pid=302455)[0m             entirely in future versions of Flower.[32m [repeated 5x across cluster][0m
[36m(ClientAppActor pid=302363)[0m 
[36m(ClientAppActor pid=302363)[0m         
[36m(ClientAppActor pid=302403)[0m 
[36m(ClientAppActor pid=302403)[0m         
[36m(ClientAppActor pid=302355)[0m 
[36m(ClientAppActor pid=302355)[0m         
[36m(ClientAppActor pid=302355)[0m /home/bk489/federated_clean/.venv/lib/python3.9/site-packages/sklearn/metrics/_classification.py:407: UserWarning: A single label was found in 'y_true' and 'y_pred'. For the confusion matrix to have the correct shape, use the 'labels' parameter to pass all known labels.
[36m(ClientAppActor pid=302355)[0m   warnings.warn(
[36m(ClientAppActor pid=302605)[0m 
[36m(ClientAppActor pid=302605)[0m         
[36m(ClientAppActor pid=302840)[0m 
[36m(ClientAppActor pid=302840)[0m         
[92mINFO [0m:      aggregate_evaluate: received 10 results and 0 failures
[92mINFO [0m:      
[92mINFO [0m:      [ROUND 77]
[92mINFO [0m:      configure_fit: strategy sampled 5 clients (out of 10)
[36m(ClientAppActor pid=302455)[0m 
[36m(ClientAppActor pid=302455)[0m         
[36m(ClientAppActor pid=302403)[0m 
[36m(ClientAppActor pid=302403)[0m         
[36m(ClientAppActor pid=302355)[0m 
[36m(ClientAppActor pid=302355)[0m         
[36m(ClientAppActor pid=302605)[0m 
[36m(ClientAppActor pid=302605)[0m         
[36m(ClientAppActor pid=302840)[0m 
[36m(ClientAppActor pid=302840)[0m         
[36m(ClientAppActor pid=302605)[0m /home/bk489/federated_clean/cleanest_federated/fl-dermamnist-starter/metrics/evaluation.py:68: UserWarning: AUROC set to NaN because present classes are [2, 3, 5], expected [0, 1, 2, 3, 4, 5, 6][32m [repeated 10x across cluster][0m
[36m(ClientAppActor pid=302605)[0m   warnings.warn(f'AUROC set to NaN because present classes are {present_classes}, expected {labels}')[32m [repeated 10x across cluster][0m
[36m(ClientAppActor pid=302403)[0m /home/bk489/federated_clean/.venv/lib/python3.9/site-packages/sklearn/metrics/_classification.py:2524: UserWarning: y_pred contains classes not in y_true[32m [repeated 6x across cluster][0m
[36m(ClientAppActor pid=302403)[0m   warnings.warn("y_pred contains classes not in y_true")[32m [repeated 6x across cluster][0m
[92mINFO [0m:      aggregate_fit: received 5 results and 0 failures
[92mINFO [0m:      fit progress: (77, 1.1429458124449816, {'accuracy': 0.7198404785643071, 'balanced_accuracy': 0.3098955836660755, 'macro_f1': 0.3332750750352131, 'worst_class_f1': 0.0, 'worst_class_recall': 0.0, 'f1_actinic_keratoses_an': 0.3611111111111111, 'recall_actinic_keratoses_an': 0.3939393939393939, 'f1_basal_cell_carcinoma': 0.4444444444444444, 'recall_basal_cell_carcinoma': 0.3076923076923077, 'f1_benign_keratosis-lik': 0.10256410256410256, 'recall_benign_keratosis-lik': 0.05454545454545454, 'f1_dermatofibroma': 0.25, 'recall_dermatofibroma': 0.16666666666666666, 'f1_melanoma': 0.3157894736842105, 'recall_melanoma': 0.2702702702702703, 'f1_melanocytic_nevi': 0.8590163934426229, 'recall_melanocytic_nevi': 0.9761549925484352, 'f1_vascular_lesions': 0.0, 'recall_vascular_lesions': 0.0}, 391.5366640040302)
[92mINFO [0m:      configure_evaluate: strategy sampled 10 clients (out of 10)
[36m(ClientAppActor pid=302455)[0m 
[36m(ClientAppActor pid=302455)[0m         
[36m(ClientAppActor pid=302840)[0m /home/bk489/federated_clean/cleanest_federated/fl-dermamnist-starter/data/download.py:27: UserWarning: The given NumPy array is not writable, and PyTorch does not support non-writable tensors. This means writing to this tensor will result in undefined behavior. You may want to copy the array to protect its data or make it writable before converting it to a tensor. This type of warning will be suppressed for the rest of this program. (Triggered internally at /pytorch/torch/csrc/utils/tensor_numpy.cpp:203.)[32m [repeated 193x across cluster][0m
[36m(ClientAppActor pid=302840)[0m   tensor = torch.as_tensor(image)[32m [repeated 193x across cluster][0m
[36m(ClientAppActor pid=302455)[0m [93mWARNING [0m:   DEPRECATED FEATURE: `client_fn` now expects a signature `def client_fn(context: Context)`.The provided `client_fn` has signature: {'cid': <Parameter "cid: 'str'">}. You can import the `Context` like this: `from flwr.common import Context`[32m [repeated 11x across cluster][0m
[36m(ClientAppActor pid=302455)[0m             This is a deprecated feature. It will be removed[32m [repeated 11x across cluster][0m
[36m(ClientAppActor pid=302455)[0m             entirely in future versions of Flower.[32m [repeated 11x across cluster][0m
[36m(ClientAppActor pid=302403)[0m 
[36m(ClientAppActor pid=302403)[0m         
[36m(ClientAppActor pid=302840)[0m 
[36m(ClientAppActor pid=302840)[0m         
[36m(ClientAppActor pid=302605)[0m 
[36m(ClientAppActor pid=302605)[0m         
[36m(ClientAppActor pid=302539)[0m 
[36m(ClientAppActor pid=302539)[0m         
[36m(ClientAppActor pid=302363)[0m 
[36m(ClientAppActor pid=302363)[0m         
[36m(ClientAppActor pid=302403)[0m /home/bk489/federated_clean/.venv/lib/python3.9/site-packages/sklearn/metrics/_classification.py:407: UserWarning: A single label was found in 'y_true' and 'y_pred'. For the confusion matrix to have the correct shape, use the 'labels' parameter to pass all known labels.
[36m(ClientAppActor pid=302403)[0m   warnings.warn(
[36m(ClientAppActor pid=302355)[0m 
[36m(ClientAppActor pid=302355)[0m         
[36m(ClientAppActor pid=302362)[0m 
[36m(ClientAppActor pid=302362)[0m         
[36m(ClientAppActor pid=302735)[0m 
[36m(ClientAppActor pid=302735)[0m         
[36m(ClientAppActor pid=302354)[0m 
[36m(ClientAppActor pid=302354)[0m         
[92mINFO [0m:      aggregate_evaluate: received 10 results and 0 failures
[92mINFO [0m:      
[92mINFO [0m:      [ROUND 78]
[92mINFO [0m:      configure_fit: strategy sampled 5 clients (out of 10)
[36m(ClientAppActor pid=302539)[0m 
[36m(ClientAppActor pid=302539)[0m         
[36m(ClientAppActor pid=302363)[0m 
[36m(ClientAppActor pid=302363)[0m         
[36m(ClientAppActor pid=302355)[0m 
[36m(ClientAppActor pid=302355)[0m         
[36m(ClientAppActor pid=302362)[0m 
[36m(ClientAppActor pid=302362)[0m         
[36m(ClientAppActor pid=302735)[0m 
[36m(ClientAppActor pid=302735)[0m         
[36m(ClientAppActor pid=302735)[0m /home/bk489/federated_clean/cleanest_federated/fl-dermamnist-starter/metrics/evaluation.py:68: UserWarning: AUROC set to NaN because present classes are [4, 5, 6], expected [0, 1, 2, 3, 4, 5, 6][32m [repeated 10x across cluster][0m
[36m(ClientAppActor pid=302735)[0m   warnings.warn(f'AUROC set to NaN because present classes are {present_classes}, expected {labels}')[32m [repeated 10x across cluster][0m
[36m(ClientAppActor pid=302362)[0m /home/bk489/federated_clean/.venv/lib/python3.9/site-packages/sklearn/metrics/_classification.py:2524: UserWarning: y_pred contains classes not in y_true[32m [repeated 7x across cluster][0m
[36m(ClientAppActor pid=302362)[0m   warnings.warn("y_pred contains classes not in y_true")[32m [repeated 7x across cluster][0m
[36m(ClientAppActor pid=302362)[0m /home/bk489/federated_clean/cleanest_federated/fl-dermamnist-starter/data/download.py:27: UserWarning: The given NumPy array is not writable, and PyTorch does not support non-writable tensors. This means writing to this tensor will result in undefined behavior. You may want to copy the array to protect its data or make it writable before converting it to a tensor. This type of warning will be suppressed for the rest of this program. (Triggered internally at /pytorch/torch/csrc/utils/tensor_numpy.cpp:203.)[32m [repeated 215x across cluster][0m
[36m(ClientAppActor pid=302362)[0m   tensor = torch.as_tensor(image)[32m [repeated 215x across cluster][0m
[36m(ClientAppActor pid=302735)[0m [93mWARNING [0m:   DEPRECATED FEATURE: `client_fn` now expects a signature `def client_fn(context: Context)`.The provided `client_fn` has signature: {'cid': <Parameter "cid: 'str'">}. You can import the `Context` like this: `from flwr.common import Context`[32m [repeated 14x across cluster][0m
[36m(ClientAppActor pid=302735)[0m             This is a deprecated feature. It will be removed[32m [repeated 14x across cluster][0m
[36m(ClientAppActor pid=302735)[0m             entirely in future versions of Flower.[32m [repeated 14x across cluster][0m
[92mINFO [0m:      aggregate_fit: received 5 results and 0 failures
[92mINFO [0m:      fit progress: (78, 1.2989370628582277, {'accuracy': 0.6919242273180458, 'balanced_accuracy': 0.38721738206515727, 'macro_f1': 0.386037080669502, 'worst_class_f1': 0.05217391304347826, 'worst_class_recall': 0.02702702702702703, 'f1_actinic_keratoses_an': 0.10256410256410256, 'recall_actinic_keratoses_an': 0.06060606060606061, 'f1_basal_cell_carcinoma': 0.4473684210526316, 'recall_basal_cell_carcinoma': 0.3269230769230769, 'f1_benign_keratosis-lik': 0.44019138755980863, 'recall_benign_keratosis-lik': 0.8363636363636363, 'f1_dermatofibroma': 0.3157894736842105, 'recall_dermatofibroma': 0.25, 'f1_melanoma': 0.05217391304347826, 'recall_melanoma': 0.02702702702702703, 'f1_melanocytic_nevi': 0.8679817905918058, 'recall_melanocytic_nevi': 0.8524590163934426, 'f1_vascular_lesions': 0.47619047619047616, 'recall_vascular_lesions': 0.35714285714285715}, 396.8754911060096)
[92mINFO [0m:      configure_evaluate: strategy sampled 10 clients (out of 10)
[36m(ClientAppActor pid=302362)[0m 
[36m(ClientAppActor pid=302362)[0m         
[36m(ClientAppActor pid=302354)[0m /home/bk489/federated_clean/.venv/lib/python3.9/site-packages/sklearn/metrics/_classification.py:407: UserWarning: A single label was found in 'y_true' and 'y_pred'. For the confusion matrix to have the correct shape, use the 'labels' parameter to pass all known labels.
[36m(ClientAppActor pid=302354)[0m   warnings.warn(
[36m(ClientAppActor pid=302363)[0m 
[36m(ClientAppActor pid=302363)[0m         
[36m(ClientAppActor pid=302539)[0m 
[36m(ClientAppActor pid=302539)[0m         
[36m(ClientAppActor pid=302355)[0m 
[36m(ClientAppActor pid=302355)[0m         
[36m(ClientAppActor pid=302735)[0m 
[36m(ClientAppActor pid=302735)[0m         
[36m(ClientAppActor pid=302354)[0m 
[36m(ClientAppActor pid=302354)[0m         
[36m(ClientAppActor pid=302455)[0m 
[36m(ClientAppActor pid=302455)[0m         
[92mINFO [0m:      aggregate_evaluate: received 10 results and 0 failures
[36m(ClientAppActor pid=302403)[0m 
[92mINFO [0m:      
[36m(ClientAppActor pid=302403)[0m         
[92mINFO [0m:      [ROUND 79]
[92mINFO [0m:      configure_fit: strategy sampled 5 clients (out of 10)
[36m(ClientAppActor pid=302605)[0m 
[36m(ClientAppActor pid=302605)[0m         
[36m(ClientAppActor pid=302840)[0m 
[36m(ClientAppActor pid=302840)[0m         
[36m(ClientAppActor pid=302455)[0m 
[36m(ClientAppActor pid=302455)[0m         
[36m(ClientAppActor pid=302403)[0m 
[36m(ClientAppActor pid=302403)[0m         
[36m(ClientAppActor pid=302735)[0m 
[36m(ClientAppActor pid=302735)[0m         
[36m(ClientAppActor pid=302605)[0m 
[36m(ClientAppActor pid=302605)[0m         
[36m(ClientAppActor pid=302840)[0m 
[36m(ClientAppActor pid=302840)[0m         
[36m(ClientAppActor pid=302840)[0m /home/bk489/federated_clean/cleanest_federated/fl-dermamnist-starter/metrics/evaluation.py:68: UserWarning: AUROC set to NaN because present classes are [5], expected [0, 1, 2, 3, 4, 5, 6][32m [repeated 10x across cluster][0m
[36m(ClientAppActor pid=302840)[0m   warnings.warn(f'AUROC set to NaN because present classes are {present_classes}, expected {labels}')[32m [repeated 10x across cluster][0m
[36m(ClientAppActor pid=302840)[0m /home/bk489/federated_clean/.venv/lib/python3.9/site-packages/sklearn/metrics/_classification.py:2524: UserWarning: y_pred contains classes not in y_true[32m [repeated 8x across cluster][0m
[36m(ClientAppActor pid=302840)[0m   warnings.warn("y_pred contains classes not in y_true")[32m [repeated 8x across cluster][0m
[36m(ClientAppActor pid=302605)[0m /home/bk489/federated_clean/cleanest_federated/fl-dermamnist-starter/data/download.py:27: UserWarning: The given NumPy array is not writable, and PyTorch does not support non-writable tensors. This means writing to this tensor will result in undefined behavior. You may want to copy the array to protect its data or make it writable before converting it to a tensor. This type of warning will be suppressed for the rest of this program. (Triggered internally at /pytorch/torch/csrc/utils/tensor_numpy.cpp:203.)[32m [repeated 193x across cluster][0m
[36m(ClientAppActor pid=302605)[0m   tensor = torch.as_tensor(image)[32m [repeated 193x across cluster][0m
[36m(ClientAppActor pid=302840)[0m [93mWARNING [0m:   DEPRECATED FEATURE: `client_fn` now expects a signature `def client_fn(context: Context)`.The provided `client_fn` has signature: {'cid': <Parameter "cid: 'str'">}. You can import the `Context` like this: `from flwr.common import Context`[32m [repeated 15x across cluster][0m
[36m(ClientAppActor pid=302840)[0m             This is a deprecated feature. It will be removed[32m [repeated 15x across cluster][0m
[36m(ClientAppActor pid=302840)[0m             entirely in future versions of Flower.[32m [repeated 15x across cluster][0m
[92mINFO [0m:      aggregate_fit: received 5 results and 0 failures
[92mINFO [0m:      fit progress: (79, 1.511886078362926, {'accuracy': 0.7108673978065803, 'balanced_accuracy': 0.3126247995100454, 'macro_f1': 0.35825265584014254, 'worst_class_f1': 0.018018018018018018, 'worst_class_recall': 0.00909090909090909, 'f1_actinic_keratoses_an': 0.20512820512820512, 'recall_actinic_keratoses_an': 0.12121212121212122, 'f1_basal_cell_carcinoma': 0.4166666666666667, 'recall_basal_cell_carcinoma': 0.28846153846153844, 'f1_benign_keratosis-lik': 0.018018018018018018, 'recall_benign_keratosis-lik': 0.00909090909090909, 'f1_dermatofibroma': 0.15384615384615385, 'recall_dermatofibroma': 0.08333333333333333, 'f1_melanoma': 0.2682926829268293, 'recall_melanoma': 0.1981981981981982, 'f1_melanocytic_nevi': 0.8371212121212122, 'recall_melanocytic_nevi': 0.9880774962742176, 'f1_vascular_lesions': 0.6086956521739131, 'recall_vascular_lesions': 0.5}, 402.0808552420349)
[92mINFO [0m:      configure_evaluate: strategy sampled 10 clients (out of 10)
[36m(ClientAppActor pid=302455)[0m 
[36m(ClientAppActor pid=302455)[0m         
[36m(ClientAppActor pid=302735)[0m 
[36m(ClientAppActor pid=302735)[0m         
[36m(ClientAppActor pid=302605)[0m 
[36m(ClientAppActor pid=302605)[0m         
[36m(ClientAppActor pid=302840)[0m 
[36m(ClientAppActor pid=302840)[0m         
[36m(ClientAppActor pid=302403)[0m 
[36m(ClientAppActor pid=302403)[0m         
[36m(ClientAppActor pid=302355)[0m 
[36m(ClientAppActor pid=302355)[0m         
[36m(ClientAppActor pid=302354)[0m 
[36m(ClientAppActor pid=302354)[0m         
[36m(ClientAppActor pid=302539)[0m 
[36m(ClientAppActor pid=302539)[0m         
[36m(ClientAppActor pid=302363)[0m 
[36m(ClientAppActor pid=302363)[0m         
[36m(ClientAppActor pid=302362)[0m 
[36m(ClientAppActor pid=302362)[0m         
[36m(ClientAppActor pid=302354)[0m /home/bk489/federated_clean/.venv/lib/python3.9/site-packages/sklearn/metrics/_classification.py:407: UserWarning: A single label was found in 'y_true' and 'y_pred'. For the confusion matrix to have the correct shape, use the 'labels' parameter to pass all known labels.
[36m(ClientAppActor pid=302354)[0m   warnings.warn(
[92mINFO [0m:      aggregate_evaluate: received 10 results and 0 failures
[92mINFO [0m:      
[92mINFO [0m:      [ROUND 80]
[92mINFO [0m:      configure_fit: strategy sampled 5 clients (out of 10)
[36m(ClientAppActor pid=302539)[0m 
[36m(ClientAppActor pid=302539)[0m         
[36m(ClientAppActor pid=302363)[0m 
[36m(ClientAppActor pid=302363)[0m         
[36m(ClientAppActor pid=302355)[0m 
[36m(ClientAppActor pid=302355)[0m         
[36m(ClientAppActor pid=302362)[0m 
[36m(ClientAppActor pid=302362)[0m         
[36m(ClientAppActor pid=302354)[0m 
[36m(ClientAppActor pid=302354)[0m         
[36m(ClientAppActor pid=302840)[0m /home/bk489/federated_clean/cleanest_federated/fl-dermamnist-starter/metrics/evaluation.py:68: UserWarning: AUROC set to NaN because present classes are [0, 4], expected [0, 1, 2, 3, 4, 5, 6][32m [repeated 10x across cluster][0m
[36m(ClientAppActor pid=302840)[0m   warnings.warn(f'AUROC set to NaN because present classes are {present_classes}, expected {labels}')[32m [repeated 10x across cluster][0m
[36m(ClientAppActor pid=302840)[0m /home/bk489/federated_clean/.venv/lib/python3.9/site-packages/sklearn/metrics/_classification.py:2524: UserWarning: y_pred contains classes not in y_true[32m [repeated 7x across cluster][0m
[36m(ClientAppActor pid=302840)[0m   warnings.warn("y_pred contains classes not in y_true")[32m [repeated 7x across cluster][0m
[36m(ClientAppActor pid=302363)[0m /home/bk489/federated_clean/cleanest_federated/fl-dermamnist-starter/data/download.py:27: UserWarning: The given NumPy array is not writable, and PyTorch does not support non-writable tensors. This means writing to this tensor will result in undefined behavior. You may want to copy the array to protect its data or make it writable before converting it to a tensor. This type of warning will be suppressed for the rest of this program. (Triggered internally at /pytorch/torch/csrc/utils/tensor_numpy.cpp:203.)[32m [repeated 181x across cluster][0m
[36m(ClientAppActor pid=302363)[0m   tensor = torch.as_tensor(image)[32m [repeated 181x across cluster][0m
[36m(ClientAppActor pid=302354)[0m [93mWARNING [0m:   DEPRECATED FEATURE: `client_fn` now expects a signature `def client_fn(context: Context)`.The provided `client_fn` has signature: {'cid': <Parameter "cid: 'str'">}. You can import the `Context` like this: `from flwr.common import Context`[32m [repeated 15x across cluster][0m
[36m(ClientAppActor pid=302354)[0m             This is a deprecated feature. It will be removed[32m [repeated 15x across cluster][0m
[36m(ClientAppActor pid=302354)[0m             entirely in future versions of Flower.[32m [repeated 15x across cluster][0m
[36m(ClientAppActor pid=302605)[0m /home/bk489/federated_clean/.venv/lib/python3.9/site-packages/sklearn/metrics/_classification.py:407: UserWarning: A single label was found in 'y_true' and 'y_pred'. For the confusion matrix to have the correct shape, use the 'labels' parameter to pass all known labels.
[36m(ClientAppActor pid=302605)[0m   warnings.warn(
[92mINFO [0m:      aggregate_fit: received 5 results and 0 failures
[92mINFO [0m:      fit progress: (80, 1.3339301184310037, {'accuracy': 0.7477567298105683, 'balanced_accuracy': 0.4406502942802709, 'macro_f1': 0.445192606639044, 'worst_class_f1': 0.0, 'worst_class_recall': 0.0, 'f1_actinic_keratoses_an': 0.3783783783783784, 'recall_actinic_keratoses_an': 0.42424242424242425, 'f1_basal_cell_carcinoma': 0.6185567010309279, 'recall_basal_cell_carcinoma': 0.5769230769230769, 'f1_benign_keratosis-lik': 0.52, 'recall_benign_keratosis-lik': 0.5909090909090909, 'f1_dermatofibroma': 0.4, 'recall_dermatofibroma': 0.3333333333333333, 'f1_melanoma': 0.0, 'recall_melanoma': 0.0, 'f1_melanocytic_nevi': 0.883623693379791, 'recall_melanocytic_nevi': 0.9448584202682563, 'f1_vascular_lesions': 0.3157894736842105, 'recall_vascular_lesions': 0.21428571428571427}, 407.6381130760419)
[92mINFO [0m:      configure_evaluate: strategy sampled 10 clients (out of 10)
[36m(ClientAppActor pid=302539)[0m 
[36m(ClientAppActor pid=302539)[0m         
[36m(ClientAppActor pid=302363)[0m 
[36m(ClientAppActor pid=302363)[0m         
[36m(ClientAppActor pid=302362)[0m 
[36m(ClientAppActor pid=302362)[0m         
[36m(ClientAppActor pid=302354)[0m 
[36m(ClientAppActor pid=302354)[0m         
[36m(ClientAppActor pid=302355)[0m 
[36m(ClientAppActor pid=302355)[0m         
[36m(ClientAppActor pid=302455)[0m 
[36m(ClientAppActor pid=302455)[0m         
[36m(ClientAppActor pid=302403)[0m 
[36m(ClientAppActor pid=302403)[0m         
[36m(ClientAppActor pid=302403)[0m /home/bk489/federated_clean/.venv/lib/python3.9/site-packages/sklearn/metrics/_classification.py:407: UserWarning: A single label was found in 'y_true' and 'y_pred'. For the confusion matrix to have the correct shape, use the 'labels' parameter to pass all known labels.
[36m(ClientAppActor pid=302403)[0m   warnings.warn(
[36m(ClientAppActor pid=302735)[0m 
[36m(ClientAppActor pid=302735)[0m         
[36m(ClientAppActor pid=302605)[0m 
[36m(ClientAppActor pid=302605)[0m         
[36m(ClientAppActor pid=302840)[0m 
[36m(ClientAppActor pid=302840)[0m         
[92mINFO [0m:      aggregate_evaluate: received 10 results and 0 failures
[92mINFO [0m:      
[92mINFO [0m:      [ROUND 81]
[92mINFO [0m:      configure_fit: strategy sampled 5 clients (out of 10)
[36m(ClientAppActor pid=302455)[0m 
[36m(ClientAppActor pid=302455)[0m         
[36m(ClientAppActor pid=302403)[0m 
[36m(ClientAppActor pid=302403)[0m         
[36m(ClientAppActor pid=302735)[0m 
[36m(ClientAppActor pid=302735)[0m         
[36m(ClientAppActor pid=302605)[0m 
[36m(ClientAppActor pid=302605)[0m         
[36m(ClientAppActor pid=302840)[0m 
[36m(ClientAppActor pid=302840)[0m         
[36m(ClientAppActor pid=302840)[0m /home/bk489/federated_clean/cleanest_federated/fl-dermamnist-starter/metrics/evaluation.py:68: UserWarning: AUROC set to NaN because present classes are [0, 4], expected [0, 1, 2, 3, 4, 5, 6][32m [repeated 10x across cluster][0m
[36m(ClientAppActor pid=302840)[0m   warnings.warn(f'AUROC set to NaN because present classes are {present_classes}, expected {labels}')[32m [repeated 10x across cluster][0m
[36m(ClientAppActor pid=302840)[0m /home/bk489/federated_clean/.venv/lib/python3.9/site-packages/sklearn/metrics/_classification.py:2524: UserWarning: y_pred contains classes not in y_true[32m [repeated 7x across cluster][0m
[36m(ClientAppActor pid=302840)[0m   warnings.warn("y_pred contains classes not in y_true")[32m [repeated 7x across cluster][0m
[36m(ClientAppActor pid=302455)[0m /home/bk489/federated_clean/cleanest_federated/fl-dermamnist-starter/data/download.py:27: UserWarning: The given NumPy array is not writable, and PyTorch does not support non-writable tensors. This means writing to this tensor will result in undefined behavior. You may want to copy the array to protect its data or make it writable before converting it to a tensor. This type of warning will be suppressed for the rest of this program. (Triggered internally at /pytorch/torch/csrc/utils/tensor_numpy.cpp:203.)[32m [repeated 209x across cluster][0m
[36m(ClientAppActor pid=302455)[0m   tensor = torch.as_tensor(image)[32m [repeated 209x across cluster][0m
[36m(ClientAppActor pid=302840)[0m [93mWARNING [0m:   DEPRECATED FEATURE: `client_fn` now expects a signature `def client_fn(context: Context)`.The provided `client_fn` has signature: {'cid': <Parameter "cid: 'str'">}. You can import the `Context` like this: `from flwr.common import Context`[32m [repeated 15x across cluster][0m
[36m(ClientAppActor pid=302840)[0m             This is a deprecated feature. It will be removed[32m [repeated 15x across cluster][0m
[36m(ClientAppActor pid=302840)[0m             entirely in future versions of Flower.[32m [repeated 15x across cluster][0m
[92mINFO [0m:      aggregate_fit: received 5 results and 0 failures
[92mINFO [0m:      fit progress: (81, 1.1246147353057252, {'accuracy': 0.6959122632103689, 'balanced_accuracy': 0.39938308310673654, 'macro_f1': 0.3515906224834245, 'worst_class_f1': 0.06896551724137931, 'worst_class_recall': 0.036036036036036036, 'f1_actinic_keratoses_an': 0.36486486486486486, 'recall_actinic_keratoses_an': 0.8181818181818182, 'f1_basal_cell_carcinoma': 0.4878048780487805, 'recall_basal_cell_carcinoma': 0.38461538461538464, 'f1_benign_keratosis-lik': 0.40418118466898956, 'recall_benign_keratosis-lik': 0.5272727272727272, 'f1_dermatofibroma': 0.14285714285714285, 'recall_dermatofibroma': 0.08333333333333333, 'f1_melanoma': 0.06896551724137931, 'recall_melanoma': 0.036036036036036036, 'f1_melanocytic_nevi': 0.8748137108792846, 'recall_melanocytic_nevi': 0.8748137108792846, 'f1_vascular_lesions': 0.11764705882352941, 'recall_vascular_lesions': 0.07142857142857142}, 412.13178080203943)
[92mINFO [0m:      configure_evaluate: strategy sampled 10 clients (out of 10)
[36m(ClientAppActor pid=302455)[0m 
[36m(ClientAppActor pid=302455)[0m         
[36m(ClientAppActor pid=302363)[0m 
[36m(ClientAppActor pid=302363)[0m         
[36m(ClientAppActor pid=302403)[0m 
[36m(ClientAppActor pid=302403)[0m         
[36m(ClientAppActor pid=302355)[0m 
[36m(ClientAppActor pid=302355)[0m         
[36m(ClientAppActor pid=302362)[0m 
[36m(ClientAppActor pid=302362)[0m         
[36m(ClientAppActor pid=302735)[0m 
[36m(ClientAppActor pid=302735)[0m         
[36m(ClientAppActor pid=302605)[0m 
[36m(ClientAppActor pid=302605)[0m         
[36m(ClientAppActor pid=302840)[0m 
[36m(ClientAppActor pid=302840)[0m         
[36m(ClientAppActor pid=302539)[0m 
[36m(ClientAppActor pid=302539)[0m         
[36m(ClientAppActor pid=302354)[0m 
[36m(ClientAppActor pid=302354)[0m         
[92mINFO [0m:      aggregate_evaluate: received 10 results and 0 failures
[92mINFO [0m:      
[92mINFO [0m:      [ROUND 82]
[92mINFO [0m:      configure_fit: strategy sampled 5 clients (out of 10)
[36m(ClientAppActor pid=302539)[0m 
[36m(ClientAppActor pid=302539)[0m         
[36m(ClientAppActor pid=302363)[0m 
[36m(ClientAppActor pid=302363)[0m         
[36m(ClientAppActor pid=302355)[0m 
[36m(ClientAppActor pid=302355)[0m         
[36m(ClientAppActor pid=302362)[0m 
[36m(ClientAppActor pid=302362)[0m         
[36m(ClientAppActor pid=302354)[0m 
[36m(ClientAppActor pid=302354)[0m         
[36m(ClientAppActor pid=302840)[0m /home/bk489/federated_clean/cleanest_federated/fl-dermamnist-starter/metrics/evaluation.py:68: UserWarning: AUROC set to NaN because present classes are [1, 3, 4, 5], expected [0, 1, 2, 3, 4, 5, 6][32m [repeated 10x across cluster][0m
[36m(ClientAppActor pid=302840)[0m   warnings.warn(f'AUROC set to NaN because present classes are {present_classes}, expected {labels}')[32m [repeated 10x across cluster][0m
[36m(ClientAppActor pid=302840)[0m /home/bk489/federated_clean/.venv/lib/python3.9/site-packages/sklearn/metrics/_classification.py:2524: UserWarning: y_pred contains classes not in y_true[32m [repeated 9x across cluster][0m
[36m(ClientAppActor pid=302840)[0m   warnings.warn("y_pred contains classes not in y_true")[32m [repeated 9x across cluster][0m
[92mINFO [0m:      aggregate_fit: received 5 results and 0 failures
[92mINFO [0m:      fit progress: (82, 2.143814317963772, {'accuracy': 0.6799601196410767, 'balanced_accuracy': 0.19671218078712224, 'macro_f1': 0.20125184812958188, 'worst_class_f1': 0.0, 'worst_class_recall': 0.0, 'f1_actinic_keratoses_an': 0.0, 'recall_actinic_keratoses_an': 0.0, 'f1_basal_cell_carcinoma': 0.07407407407407407, 'recall_basal_cell_carcinoma': 0.038461538461538464, 'f1_benign_keratosis-lik': 0.05263157894736842, 'recall_benign_keratosis-lik': 0.02727272727272727, 'f1_dermatofibroma': 0.0, 'recall_dermatofibroma': 0.0, 'f1_melanoma': 0.05084745762711865, 'recall_melanoma': 0.02702702702702703, 'f1_melanocytic_nevi': 0.8101571946795647, 'recall_melanocytic_nevi': 0.9985096870342772, 'f1_vascular_lesions': 0.42105263157894735, 'recall_vascular_lesions': 0.2857142857142857}, 416.60683655401226)
[92mINFO [0m:      configure_evaluate: strategy sampled 10 clients (out of 10)
[36m(ClientAppActor pid=302539)[0m 
[36m(ClientAppActor pid=302539)[0m         
[36m(ClientAppActor pid=302363)[0m 
[36m(ClientAppActor pid=302363)[0m         
[36m(ClientAppActor pid=302355)[0m 
[36m(ClientAppActor pid=302355)[0m         
[36m(ClientAppActor pid=302362)[0m 
[36m(ClientAppActor pid=302362)[0m         
[36m(ClientAppActor pid=302354)[0m 
[36m(ClientAppActor pid=302354)[0m         
[36m(ClientAppActor pid=302605)[0m 
[36m(ClientAppActor pid=302605)[0m         
[36m(ClientAppActor pid=302735)[0m 
[36m(ClientAppActor pid=302735)[0m         
[36m(ClientAppActor pid=302840)[0m 
[36m(ClientAppActor pid=302840)[0m         
[36m(ClientAppActor pid=302403)[0m 
[36m(ClientAppActor pid=302403)[0m         
[92mINFO [0m:      aggregate_evaluate: received 10 results and 0 failures
[92mINFO [0m:      
[92mINFO [0m:      [ROUND 83]
[92mINFO [0m:      configure_fit: strategy sampled 5 clients (out of 10)
[36m(ClientAppActor pid=302455)[0m 
[36m(ClientAppActor pid=302455)[0m         
[36m(ClientAppActor pid=302455)[0m /home/bk489/federated_clean/.venv/lib/python3.9/site-packages/sklearn/metrics/_classification.py:407: UserWarning: A single label was found in 'y_true' and 'y_pred'. For the confusion matrix to have the correct shape, use the 'labels' parameter to pass all known labels.
[36m(ClientAppActor pid=302455)[0m   warnings.warn(
[36m(ClientAppActor pid=302455)[0m /home/bk489/federated_clean/cleanest_federated/fl-dermamnist-starter/data/download.py:27: UserWarning: The given NumPy array is not writable, and PyTorch does not support non-writable tensors. This means writing to this tensor will result in undefined behavior. You may want to copy the array to protect its data or make it writable before converting it to a tensor. This type of warning will be suppressed for the rest of this program. (Triggered internally at /pytorch/torch/csrc/utils/tensor_numpy.cpp:203.)[32m [repeated 184x across cluster][0m
[36m(ClientAppActor pid=302455)[0m   tensor = torch.as_tensor(image)[32m [repeated 184x across cluster][0m
[36m(ClientAppActor pid=302455)[0m [93mWARNING [0m:   DEPRECATED FEATURE: `client_fn` now expects a signature `def client_fn(context: Context)`.The provided `client_fn` has signature: {'cid': <Parameter "cid: 'str'">}. You can import the `Context` like this: `from flwr.common import Context`[32m [repeated 25x across cluster][0m
[36m(ClientAppActor pid=302455)[0m             This is a deprecated feature. It will be removed[32m [repeated 25x across cluster][0m
[36m(ClientAppActor pid=302455)[0m             entirely in future versions of Flower.[32m [repeated 25x across cluster][0m
[36m(ClientAppActor pid=302403)[0m 
[36m(ClientAppActor pid=302403)[0m         
[36m(ClientAppActor pid=302840)[0m 
[36m(ClientAppActor pid=302840)[0m         
[36m(ClientAppActor pid=302455)[0m 
[36m(ClientAppActor pid=302455)[0m         
[36m(ClientAppActor pid=302735)[0m 
[36m(ClientAppActor pid=302735)[0m         
[36m(ClientAppActor pid=302355)[0m 
[36m(ClientAppActor pid=302355)[0m         
[36m(ClientAppActor pid=302840)[0m /home/bk489/federated_clean/cleanest_federated/fl-dermamnist-starter/metrics/evaluation.py:68: UserWarning: AUROC set to NaN because present classes are [2, 3, 5], expected [0, 1, 2, 3, 4, 5, 6][32m [repeated 10x across cluster][0m
[36m(ClientAppActor pid=302840)[0m   warnings.warn(f'AUROC set to NaN because present classes are {present_classes}, expected {labels}')[32m [repeated 10x across cluster][0m
[36m(ClientAppActor pid=302840)[0m /home/bk489/federated_clean/.venv/lib/python3.9/site-packages/sklearn/metrics/_classification.py:2524: UserWarning: y_pred contains classes not in y_true[32m [repeated 5x across cluster][0m
[36m(ClientAppActor pid=302840)[0m   warnings.warn("y_pred contains classes not in y_true")[32m [repeated 5x across cluster][0m
[92mINFO [0m:      aggregate_fit: received 5 results and 0 failures
[92mINFO [0m:      fit progress: (83, 1.0033779540066705, {'accuracy': 0.7377866400797607, 'balanced_accuracy': 0.405897417138635, 'macro_f1': 0.42872889438748346, 'worst_class_f1': 0.15384615384615385, 'worst_class_recall': 0.08333333333333333, 'f1_actinic_keratoses_an': 0.38461538461538464, 'recall_actinic_keratoses_an': 0.6060606060606061, 'f1_basal_cell_carcinoma': 0.475, 'recall_basal_cell_carcinoma': 0.36538461538461536, 'f1_benign_keratosis-lik': 0.37209302325581395, 'recall_benign_keratosis-lik': 0.2909090909090909, 'f1_dermatofibroma': 0.15384615384615385, 'recall_dermatofibroma': 0.08333333333333333, 'f1_melanoma': 0.2597402597402597, 'recall_melanoma': 0.18018018018018017, 'f1_melanocytic_nevi': 0.8796169630642955, 'recall_melanocytic_nevi': 0.9582712369597616, 'f1_vascular_lesions': 0.47619047619047616, 'recall_vascular_lesions': 0.35714285714285715}, 421.8635780350305)
[92mINFO [0m:      configure_evaluate: strategy sampled 10 clients (out of 10)
[36m(ClientAppActor pid=302455)[0m 
[36m(ClientAppActor pid=302455)[0m         
[36m(ClientAppActor pid=302355)[0m /home/bk489/federated_clean/.venv/lib/python3.9/site-packages/sklearn/metrics/_classification.py:407: UserWarning: A single label was found in 'y_true' and 'y_pred'. For the confusion matrix to have the correct shape, use the 'labels' parameter to pass all known labels.
[36m(ClientAppActor pid=302355)[0m   warnings.warn(
[36m(ClientAppActor pid=302355)[0m /home/bk489/federated_clean/cleanest_federated/fl-dermamnist-starter/data/download.py:27: UserWarning: The given NumPy array is not writable, and PyTorch does not support non-writable tensors. This means writing to this tensor will result in undefined behavior. You may want to copy the array to protect its data or make it writable before converting it to a tensor. This type of warning will be suppressed for the rest of this program. (Triggered internally at /pytorch/torch/csrc/utils/tensor_numpy.cpp:203.)[32m [repeated 208x across cluster][0m
[36m(ClientAppActor pid=302355)[0m   tensor = torch.as_tensor(image)[32m [repeated 208x across cluster][0m
[36m(ClientAppActor pid=302455)[0m [93mWARNING [0m:   DEPRECATED FEATURE: `client_fn` now expects a signature `def client_fn(context: Context)`.The provided `client_fn` has signature: {'cid': <Parameter "cid: 'str'">}. You can import the `Context` like this: `from flwr.common import Context`[32m [repeated 6x across cluster][0m
[36m(ClientAppActor pid=302455)[0m             This is a deprecated feature. It will be removed[32m [repeated 6x across cluster][0m
[36m(ClientAppActor pid=302455)[0m             entirely in future versions of Flower.[32m [repeated 6x across cluster][0m
[36m(ClientAppActor pid=302355)[0m 
[36m(ClientAppActor pid=302355)[0m         
[36m(ClientAppActor pid=302735)[0m 
[36m(ClientAppActor pid=302735)[0m         
[36m(ClientAppActor pid=302840)[0m 
[36m(ClientAppActor pid=302840)[0m         
[36m(ClientAppActor pid=302403)[0m 
[36m(ClientAppActor pid=302403)[0m         
[36m(ClientAppActor pid=302455)[0m /home/bk489/federated_clean/.venv/lib/python3.9/site-packages/sklearn/metrics/_classification.py:407: UserWarning: A single label was found in 'y_true' and 'y_pred'. For the confusion matrix to have the correct shape, use the 'labels' parameter to pass all known labels.
[36m(ClientAppActor pid=302455)[0m   warnings.warn(
[36m(ClientAppActor pid=302539)[0m 
[36m(ClientAppActor pid=302539)[0m         
[36m(ClientAppActor pid=302363)[0m 
[36m(ClientAppActor pid=302363)[0m         
[36m(ClientAppActor pid=302362)[0m 
[36m(ClientAppActor pid=302362)[0m         
[36m(ClientAppActor pid=302354)[0m 
[36m(ClientAppActor pid=302354)[0m         
[36m(ClientAppActor pid=302605)[0m 
[36m(ClientAppActor pid=302605)[0m         
[92mINFO [0m:      aggregate_evaluate: received 10 results and 0 failures
[92mINFO [0m:      
[92mINFO [0m:      [ROUND 84]
[92mINFO [0m:      configure_fit: strategy sampled 5 clients (out of 10)
[36m(ClientAppActor pid=302539)[0m 
[36m(ClientAppActor pid=302539)[0m         
[36m(ClientAppActor pid=302363)[0m 
[36m(ClientAppActor pid=302363)[0m         
[36m(ClientAppActor pid=302362)[0m 
[36m(ClientAppActor pid=302362)[0m         
[36m(ClientAppActor pid=302354)[0m 
[36m(ClientAppActor pid=302354)[0m         
[36m(ClientAppActor pid=302605)[0m 
[36m(ClientAppActor pid=302605)[0m         
[36m(ClientAppActor pid=302362)[0m /home/bk489/federated_clean/cleanest_federated/fl-dermamnist-starter/metrics/evaluation.py:68: UserWarning: AUROC set to NaN because present classes are [2, 3, 5], expected [0, 1, 2, 3, 4, 5, 6][32m [repeated 10x across cluster][0m
[36m(ClientAppActor pid=302362)[0m   warnings.warn(f'AUROC set to NaN because present classes are {present_classes}, expected {labels}')[32m [repeated 10x across cluster][0m
[36m(ClientAppActor pid=302362)[0m /home/bk489/federated_clean/.venv/lib/python3.9/site-packages/sklearn/metrics/_classification.py:2524: UserWarning: y_pred contains classes not in y_true[32m [repeated 8x across cluster][0m
[36m(ClientAppActor pid=302362)[0m   warnings.warn("y_pred contains classes not in y_true")[32m [repeated 8x across cluster][0m
[36m(ClientAppActor pid=302539)[0m /home/bk489/federated_clean/cleanest_federated/fl-dermamnist-starter/data/download.py:27: UserWarning: The given NumPy array is not writable, and PyTorch does not support non-writable tensors. This means writing to this tensor will result in undefined behavior. You may want to copy the array to protect its data or make it writable before converting it to a tensor. This type of warning will be suppressed for the rest of this program. (Triggered internally at /pytorch/torch/csrc/utils/tensor_numpy.cpp:203.)[32m [repeated 209x across cluster][0m
[36m(ClientAppActor pid=302539)[0m   tensor = torch.as_tensor(image)[32m [repeated 209x across cluster][0m
[36m(ClientAppActor pid=302605)[0m [93mWARNING [0m:   DEPRECATED FEATURE: `client_fn` now expects a signature `def client_fn(context: Context)`.The provided `client_fn` has signature: {'cid': <Parameter "cid: 'str'">}. You can import the `Context` like this: `from flwr.common import Context`[32m [repeated 14x across cluster][0m
[36m(ClientAppActor pid=302605)[0m             This is a deprecated feature. It will be removed[32m [repeated 14x across cluster][0m
[36m(ClientAppActor pid=302605)[0m             entirely in future versions of Flower.[32m [repeated 14x across cluster][0m
[36m(ClientAppActor pid=302539)[0m /home/bk489/federated_clean/.venv/lib/python3.9/site-packages/sklearn/metrics/_classification.py:407: UserWarning: A single label was found in 'y_true' and 'y_pred'. For the confusion matrix to have the correct shape, use the 'labels' parameter to pass all known labels.
[36m(ClientAppActor pid=302539)[0m   warnings.warn(
[92mINFO [0m:      aggregate_fit: received 5 results and 0 failures
[92mINFO [0m:      fit progress: (84, 1.808655119607836, {'accuracy': 0.6979062811565304, 'balanced_accuracy': 0.21222242322944898, 'macro_f1': 0.23035442437104156, 'worst_class_f1': 0.0, 'worst_class_recall': 0.0, 'f1_actinic_keratoses_an': 0.0, 'recall_actinic_keratoses_an': 0.0, 'f1_basal_cell_carcinoma': 0.07407407407407407, 'recall_basal_cell_carcinoma': 0.038461538461538464, 'f1_benign_keratosis-lik': 0.26573426573426573, 'recall_benign_keratosis-lik': 0.17272727272727273, 'f1_dermatofibroma': 0.0, 'recall_dermatofibroma': 0.0, 'f1_melanoma': 0.11290322580645161, 'recall_melanoma': 0.06306306306306306, 'f1_melanocytic_nevi': 0.8264360716491661, 'recall_melanocytic_nevi': 0.9970193740685543, 'f1_vascular_lesions': 0.3333333333333333, 'recall_vascular_lesions': 0.21428571428571427}, 427.5811118960264)
[92mINFO [0m:      configure_evaluate: strategy sampled 10 clients (out of 10)
[36m(ClientAppActor pid=302539)[0m 
[36m(ClientAppActor pid=302539)[0m         
[36m(ClientAppActor pid=302605)[0m 
[36m(ClientAppActor pid=302605)[0m         
[36m(ClientAppActor pid=302363)[0m 
[36m(ClientAppActor pid=302363)[0m         
[36m(ClientAppActor pid=302455)[0m 
[36m(ClientAppActor pid=302455)[0m         
[36m(ClientAppActor pid=302403)[0m 
[36m(ClientAppActor pid=302403)[0m         
[36m(ClientAppActor pid=302355)[0m 
[36m(ClientAppActor pid=302355)[0m         
[36m(ClientAppActor pid=302362)[0m 
[36m(ClientAppActor pid=302362)[0m         
[36m(ClientAppActor pid=302735)[0m 
[36m(ClientAppActor pid=302735)[0m         
[36m(ClientAppActor pid=302354)[0m 
[36m(ClientAppActor pid=302354)[0m         
[36m(ClientAppActor pid=302354)[0m /home/bk489/federated_clean/.venv/lib/python3.9/site-packages/sklearn/metrics/_classification.py:407: UserWarning: A single label was found in 'y_true' and 'y_pred'. For the confusion matrix to have the correct shape, use the 'labels' parameter to pass all known labels.
[36m(ClientAppActor pid=302354)[0m   warnings.warn(
[36m(ClientAppActor pid=302840)[0m 
[36m(ClientAppActor pid=302840)[0m         
[92mINFO [0m:      aggregate_evaluate: received 10 results and 0 failures
[92mINFO [0m:      
[92mINFO [0m:      [ROUND 85]
[92mINFO [0m:      configure_fit: strategy sampled 5 clients (out of 10)
[36m(ClientAppActor pid=302455)[0m 
[36m(ClientAppActor pid=302455)[0m         
[36m(ClientAppActor pid=302403)[0m 
[36m(ClientAppActor pid=302403)[0m         
[36m(ClientAppActor pid=302355)[0m 
[36m(ClientAppActor pid=302355)[0m         
[36m(ClientAppActor pid=302735)[0m 
[36m(ClientAppActor pid=302735)[0m         
[36m(ClientAppActor pid=302840)[0m 
[36m(ClientAppActor pid=302840)[0m         
[36m(ClientAppActor pid=302355)[0m /home/bk489/federated_clean/cleanest_federated/fl-dermamnist-starter/metrics/evaluation.py:68: UserWarning: AUROC set to NaN because present classes are [0, 4], expected [0, 1, 2, 3, 4, 5, 6][32m [repeated 10x across cluster][0m
[36m(ClientAppActor pid=302355)[0m   warnings.warn(f'AUROC set to NaN because present classes are {present_classes}, expected {labels}')[32m [repeated 10x across cluster][0m
[36m(ClientAppActor pid=302355)[0m /home/bk489/federated_clean/.venv/lib/python3.9/site-packages/sklearn/metrics/_classification.py:2524: UserWarning: y_pred contains classes not in y_true[32m [repeated 6x across cluster][0m
[36m(ClientAppActor pid=302355)[0m   warnings.warn("y_pred contains classes not in y_true")[32m [repeated 6x across cluster][0m
[92mINFO [0m:      aggregate_fit: received 5 results and 0 failures
[92mINFO [0m:      fit progress: (85, 1.2050157030700805, {'accuracy': 0.6779661016949152, 'balanced_accuracy': 0.4013363474721788, 'macro_f1': 0.35069050111393335, 'worst_class_f1': 0.0, 'worst_class_recall': 0.0, 'f1_actinic_keratoses_an': 0.3404255319148936, 'recall_actinic_keratoses_an': 0.7272727272727273, 'f1_basal_cell_carcinoma': 0.43902439024390244, 'recall_basal_cell_carcinoma': 0.34615384615384615, 'f1_benign_keratosis-lik': 0.4322766570605187, 'recall_benign_keratosis-lik': 0.6818181818181818, 'f1_dermatofibroma': 0.0, 'recall_dermatofibroma': 0.0, 'f1_melanoma': 0.16129032258064516, 'recall_melanoma': 0.09009009009009009, 'f1_melanocytic_nevi': 0.859594383775351, 'recall_melanocytic_nevi': 0.8211624441132638, 'f1_vascular_lesions': 0.2222222222222222, 'recall_vascular_lesions': 0.14285714285714285}, 431.96219079499133)
[92mINFO [0m:      configure_evaluate: strategy sampled 10 clients (out of 10)
[36m(ClientAppActor pid=302455)[0m 
[36m(ClientAppActor pid=302455)[0m         
[36m(ClientAppActor pid=302539)[0m 
[36m(ClientAppActor pid=302539)[0m         
[36m(ClientAppActor pid=302363)[0m 
[36m(ClientAppActor pid=302363)[0m         
[36m(ClientAppActor pid=302403)[0m 
[36m(ClientAppActor pid=302403)[0m         
[36m(ClientAppActor pid=302355)[0m 
[36m(ClientAppActor pid=302355)[0m         
[36m(ClientAppActor pid=302362)[0m 
[36m(ClientAppActor pid=302362)[0m         
[36m(ClientAppActor pid=302735)[0m 
[36m(ClientAppActor pid=302735)[0m         
[36m(ClientAppActor pid=302354)[0m 
[36m(ClientAppActor pid=302354)[0m         
[36m(ClientAppActor pid=302605)[0m 
[36m(ClientAppActor pid=302605)[0m         
[36m(ClientAppActor pid=302840)[0m 
[36m(ClientAppActor pid=302840)[0m         
[36m(ClientAppActor pid=302362)[0m /home/bk489/federated_clean/cleanest_federated/fl-dermamnist-starter/data/download.py:27: UserWarning: The given NumPy array is not writable, and PyTorch does not support non-writable tensors. This means writing to this tensor will result in undefined behavior. You may want to copy the array to protect its data or make it writable before converting it to a tensor. This type of warning will be suppressed for the rest of this program. (Triggered internally at /pytorch/torch/csrc/utils/tensor_numpy.cpp:203.)[32m [repeated 192x across cluster][0m
[36m(ClientAppActor pid=302362)[0m   tensor = torch.as_tensor(image)[32m [repeated 192x across cluster][0m
[36m(ClientAppActor pid=302840)[0m [93mWARNING [0m:   DEPRECATED FEATURE: `client_fn` now expects a signature `def client_fn(context: Context)`.The provided `client_fn` has signature: {'cid': <Parameter "cid: 'str'">}. You can import the `Context` like this: `from flwr.common import Context`[32m [repeated 25x across cluster][0m
[36m(ClientAppActor pid=302840)[0m             This is a deprecated feature. It will be removed[32m [repeated 25x across cluster][0m
[36m(ClientAppActor pid=302840)[0m             entirely in future versions of Flower.[32m [repeated 25x across cluster][0m
[92mINFO [0m:      aggregate_evaluate: received 10 results and 0 failures
[92mINFO [0m:      
[92mINFO [0m:      [ROUND 86]
[92mINFO [0m:      configure_fit: strategy sampled 5 clients (out of 10)
[36m(ClientAppActor pid=302539)[0m 
[36m(ClientAppActor pid=302539)[0m         
[36m(ClientAppActor pid=302363)[0m 
[36m(ClientAppActor pid=302363)[0m         
[36m(ClientAppActor pid=302362)[0m 
[36m(ClientAppActor pid=302362)[0m         
[36m(ClientAppActor pid=302354)[0m 
[36m(ClientAppActor pid=302354)[0m         
[36m(ClientAppActor pid=302605)[0m 
[36m(ClientAppActor pid=302605)[0m         
[36m(ClientAppActor pid=302455)[0m /home/bk489/federated_clean/.venv/lib/python3.9/site-packages/sklearn/metrics/_classification.py:407: UserWarning: A single label was found in 'y_true' and 'y_pred'. For the confusion matrix to have the correct shape, use the 'labels' parameter to pass all known labels.
[36m(ClientAppActor pid=302455)[0m   warnings.warn(
[36m(ClientAppActor pid=302605)[0m /home/bk489/federated_clean/cleanest_federated/fl-dermamnist-starter/metrics/evaluation.py:68: UserWarning: AUROC set to NaN because present classes are [2, 3, 5], expected [0, 1, 2, 3, 4, 5, 6][32m [repeated 10x across cluster][0m
[36m(ClientAppActor pid=302605)[0m   warnings.warn(f'AUROC set to NaN because present classes are {present_classes}, expected {labels}')[32m [repeated 10x across cluster][0m
[36m(ClientAppActor pid=302605)[0m /home/bk489/federated_clean/.venv/lib/python3.9/site-packages/sklearn/metrics/_classification.py:2524: UserWarning: y_pred contains classes not in y_true[32m [repeated 9x across cluster][0m
[36m(ClientAppActor pid=302605)[0m   warnings.warn("y_pred contains classes not in y_true")[32m [repeated 9x across cluster][0m
[92mINFO [0m:      aggregate_fit: received 5 results and 0 failures
[92mINFO [0m:      fit progress: (86, 1.3998712374942965, {'accuracy': 0.7258225324027916, 'balanced_accuracy': 0.3609194864464186, 'macro_f1': 0.3317964557870158, 'worst_class_f1': 0.0, 'worst_class_recall': 0.0, 'f1_actinic_keratoses_an': 0.37037037037037035, 'recall_actinic_keratoses_an': 0.7575757575757576, 'f1_basal_cell_carcinoma': 0.5063291139240507, 'recall_basal_cell_carcinoma': 0.38461538461538464, 'f1_benign_keratosis-lik': 0.4406779661016949, 'recall_benign_keratosis-lik': 0.35454545454545455, 'f1_dermatofibroma': 0.0, 'recall_dermatofibroma': 0.0, 'f1_melanoma': 0.0, 'recall_melanoma': 0.0, 'f1_melanocytic_nevi': 0.871864406779661, 'recall_melanocytic_nevi': 0.9582712369597616, 'f1_vascular_lesions': 0.13333333333333333, 'recall_vascular_lesions': 0.07142857142857142}, 436.7082742730272)
[92mINFO [0m:      configure_evaluate: strategy sampled 10 clients (out of 10)
[36m(ClientAppActor pid=302539)[0m 
[36m(ClientAppActor pid=302539)[0m         
[36m(ClientAppActor pid=302363)[0m 
[36m(ClientAppActor pid=302363)[0m         
[36m(ClientAppActor pid=302354)[0m 
[36m(ClientAppActor pid=302354)[0m         
[36m(ClientAppActor pid=302605)[0m 
[36m(ClientAppActor pid=302605)[0m         
[36m(ClientAppActor pid=302362)[0m 
[36m(ClientAppActor pid=302362)[0m         
[36m(ClientAppActor pid=302455)[0m 
[36m(ClientAppActor pid=302455)[0m         
[36m(ClientAppActor pid=302403)[0m 
[36m(ClientAppActor pid=302403)[0m         
[36m(ClientAppActor pid=302355)[0m 
[36m(ClientAppActor pid=302355)[0m         
[36m(ClientAppActor pid=302362)[0m /home/bk489/federated_clean/.venv/lib/python3.9/site-packages/sklearn/metrics/_classification.py:407: UserWarning: A single label was found in 'y_true' and 'y_pred'. For the confusion matrix to have the correct shape, use the 'labels' parameter to pass all known labels.
[36m(ClientAppActor pid=302362)[0m   warnings.warn(
[36m(ClientAppActor pid=302735)[0m 
[36m(ClientAppActor pid=302735)[0m         
[36m(ClientAppActor pid=302840)[0m 
[36m(ClientAppActor pid=302840)[0m         
[92mINFO [0m:      aggregate_evaluate: received 10 results and 0 failures
[92mINFO [0m:      
[92mINFO [0m:      [ROUND 87]
[92mINFO [0m:      configure_fit: strategy sampled 5 clients (out of 10)
[36m(ClientAppActor pid=302455)[0m 
[36m(ClientAppActor pid=302455)[0m         
[36m(ClientAppActor pid=302403)[0m 
[36m(ClientAppActor pid=302403)[0m         
[36m(ClientAppActor pid=302355)[0m 
[36m(ClientAppActor pid=302355)[0m         
[36m(ClientAppActor pid=302735)[0m 
[36m(ClientAppActor pid=302735)[0m         
[36m(ClientAppActor pid=302840)[0m 
[36m(ClientAppActor pid=302840)[0m         
[36m(ClientAppActor pid=302455)[0m /home/bk489/federated_clean/cleanest_federated/fl-dermamnist-starter/data/download.py:27: UserWarning: The given NumPy array is not writable, and PyTorch does not support non-writable tensors. This means writing to this tensor will result in undefined behavior. You may want to copy the array to protect its data or make it writable before converting it to a tensor. This type of warning will be suppressed for the rest of this program. (Triggered internally at /pytorch/torch/csrc/utils/tensor_numpy.cpp:203.)[32m [repeated 230x across cluster][0m
[36m(ClientAppActor pid=302455)[0m   tensor = torch.as_tensor(image)[32m [repeated 230x across cluster][0m
[36m(ClientAppActor pid=302840)[0m [93mWARNING [0m:   DEPRECATED FEATURE: `client_fn` now expects a signature `def client_fn(context: Context)`.The provided `client_fn` has signature: {'cid': <Parameter "cid: 'str'">}. You can import the `Context` like this: `from flwr.common import Context`[32m [repeated 20x across cluster][0m
[36m(ClientAppActor pid=302840)[0m             This is a deprecated feature. It will be removed[32m [repeated 20x across cluster][0m
[36m(ClientAppActor pid=302840)[0m             entirely in future versions of Flower.[32m [repeated 20x across cluster][0m
[36m(ClientAppActor pid=302735)[0m /home/bk489/federated_clean/cleanest_federated/fl-dermamnist-starter/metrics/evaluation.py:68: UserWarning: AUROC set to NaN because present classes are [4, 5, 6], expected [0, 1, 2, 3, 4, 5, 6][32m [repeated 10x across cluster][0m
[36m(ClientAppActor pid=302735)[0m   warnings.warn(f'AUROC set to NaN because present classes are {present_classes}, expected {labels}')[32m [repeated 10x across cluster][0m
[36m(ClientAppActor pid=302735)[0m /home/bk489/federated_clean/.venv/lib/python3.9/site-packages/sklearn/metrics/_classification.py:2524: UserWarning: y_pred contains classes not in y_true[32m [repeated 8x across cluster][0m
[36m(ClientAppActor pid=302735)[0m   warnings.warn("y_pred contains classes not in y_true")[32m [repeated 8x across cluster][0m
[92mINFO [0m:      aggregate_fit: received 5 results and 0 failures
[92mINFO [0m:      fit progress: (87, 1.2427797437546142, {'accuracy': 0.732801595214357, 'balanced_accuracy': 0.3580622154392646, 'macro_f1': 0.39163204998570106, 'worst_class_f1': 0.05405405405405406, 'worst_class_recall': 0.030303030303030304, 'f1_actinic_keratoses_an': 0.05405405405405406, 'recall_actinic_keratoses_an': 0.030303030303030304, 'f1_basal_cell_carcinoma': 0.3582089552238806, 'recall_basal_cell_carcinoma': 0.23076923076923078, 'f1_benign_keratosis-lik': 0.48360655737704916, 'recall_benign_keratosis-lik': 0.5363636363636364, 'f1_dermatofibroma': 0.2, 'recall_dermatofibroma': 0.16666666666666666, 'f1_melanoma': 0.144, 'recall_melanoma': 0.08108108108108109, 'f1_melanocytic_nevi': 0.8651911468812877, 'recall_melanocytic_nevi': 0.9612518628912071, 'f1_vascular_lesions': 0.6363636363636364, 'recall_vascular_lesions': 0.5}, 441.75867174199084)
[92mINFO [0m:      configure_evaluate: strategy sampled 10 clients (out of 10)
[36m(ClientAppActor pid=302455)[0m 
[36m(ClientAppActor pid=302455)[0m         
[36m(ClientAppActor pid=302539)[0m 
[36m(ClientAppActor pid=302539)[0m         
[36m(ClientAppActor pid=302363)[0m 
[36m(ClientAppActor pid=302363)[0m         
[36m(ClientAppActor pid=302403)[0m 
[36m(ClientAppActor pid=302403)[0m         
[36m(ClientAppActor pid=302355)[0m 
[36m(ClientAppActor pid=302355)[0m         
[36m(ClientAppActor pid=302362)[0m 
[36m(ClientAppActor pid=302362)[0m         
[36m(ClientAppActor pid=302735)[0m 
[36m(ClientAppActor pid=302735)[0m         
[36m(ClientAppActor pid=302354)[0m 
[36m(ClientAppActor pid=302354)[0m         
[36m(ClientAppActor pid=302605)[0m 
[36m(ClientAppActor pid=302605)[0m         
[36m(ClientAppActor pid=302840)[0m 
[36m(ClientAppActor pid=302840)[0m         
[36m(ClientAppActor pid=302735)[0m /home/bk489/federated_clean/.venv/lib/python3.9/site-packages/sklearn/metrics/_classification.py:407: UserWarning: A single label was found in 'y_true' and 'y_pred'. For the confusion matrix to have the correct shape, use the 'labels' parameter to pass all known labels.
[36m(ClientAppActor pid=302735)[0m   warnings.warn(
[92mINFO [0m:      aggregate_evaluate: received 10 results and 0 failures
[92mINFO [0m:      
[92mINFO [0m:      [ROUND 88]
[92mINFO [0m:      configure_fit: strategy sampled 5 clients (out of 10)
[36m(ClientAppActor pid=302539)[0m 
[36m(ClientAppActor pid=302539)[0m         
[36m(ClientAppActor pid=302363)[0m 
[36m(ClientAppActor pid=302363)[0m         
[36m(ClientAppActor pid=302362)[0m 
[36m(ClientAppActor pid=302362)[0m         
[36m(ClientAppActor pid=302354)[0m 
[36m(ClientAppActor pid=302354)[0m         
[36m(ClientAppActor pid=302605)[0m 
[36m(ClientAppActor pid=302605)[0m         
[36m(ClientAppActor pid=302539)[0m /home/bk489/federated_clean/cleanest_federated/fl-dermamnist-starter/data/download.py:27: UserWarning: The given NumPy array is not writable, and PyTorch does not support non-writable tensors. This means writing to this tensor will result in undefined behavior. You may want to copy the array to protect its data or make it writable before converting it to a tensor. This type of warning will be suppressed for the rest of this program. (Triggered internally at /pytorch/torch/csrc/utils/tensor_numpy.cpp:203.)[32m [repeated 194x across cluster][0m
[36m(ClientAppActor pid=302539)[0m   tensor = torch.as_tensor(image)[32m [repeated 194x across cluster][0m
[36m(ClientAppActor pid=302605)[0m [93mWARNING [0m:   DEPRECATED FEATURE: `client_fn` now expects a signature `def client_fn(context: Context)`.The provided `client_fn` has signature: {'cid': <Parameter "cid: 'str'">}. You can import the `Context` like this: `from flwr.common import Context`[32m [repeated 15x across cluster][0m
[36m(ClientAppActor pid=302605)[0m             This is a deprecated feature. It will be removed[32m [repeated 15x across cluster][0m
[36m(ClientAppActor pid=302605)[0m             entirely in future versions of Flower.[32m [repeated 15x across cluster][0m
[36m(ClientAppActor pid=302840)[0m /home/bk489/federated_clean/cleanest_federated/fl-dermamnist-starter/metrics/evaluation.py:68: UserWarning: AUROC set to NaN because present classes are [2, 3, 5], expected [0, 1, 2, 3, 4, 5, 6][32m [repeated 10x across cluster][0m
[36m(ClientAppActor pid=302840)[0m   warnings.warn(f'AUROC set to NaN because present classes are {present_classes}, expected {labels}')[32m [repeated 10x across cluster][0m
[36m(ClientAppActor pid=302840)[0m /home/bk489/federated_clean/.venv/lib/python3.9/site-packages/sklearn/metrics/_classification.py:2524: UserWarning: y_pred contains classes not in y_true[32m [repeated 8x across cluster][0m
[36m(ClientAppActor pid=302840)[0m   warnings.warn("y_pred contains classes not in y_true")[32m [repeated 8x across cluster][0m
[92mINFO [0m:      aggregate_fit: received 5 results and 0 failures
[92mINFO [0m:      fit progress: (88, 1.5043688034369487, {'accuracy': 0.67098703888335, 'balanced_accuracy': 0.29136467895250096, 'macro_f1': 0.27274195978637555, 'worst_class_f1': 0.0, 'worst_class_recall': 0.0, 'f1_actinic_keratoses_an': 0.0, 'recall_actinic_keratoses_an': 0.0, 'f1_basal_cell_carcinoma': 0.0, 'recall_basal_cell_carcinoma': 0.0, 'f1_benign_keratosis-lik': 0.08695652173913043, 'recall_benign_keratosis-lik': 0.045454545454545456, 'f1_dermatofibroma': 0.0, 'recall_dermatofibroma': 0.0, 'f1_melanoma': 0.41509433962264153, 'recall_melanoma': 0.6936936936936937, 'f1_melanocytic_nevi': 0.8357142857142857, 'recall_melanocytic_nevi': 0.8718330849478391, 'f1_vascular_lesions': 0.5714285714285714, 'recall_vascular_lesions': 0.42857142857142855}, 445.52008950704476)
[92mINFO [0m:      configure_evaluate: strategy sampled 10 clients (out of 10)
[36m(ClientAppActor pid=302455)[0m 
[36m(ClientAppActor pid=302455)[0m         
[36m(ClientAppActor pid=302539)[0m 
[36m(ClientAppActor pid=302539)[0m         
[36m(ClientAppActor pid=302363)[0m 
[36m(ClientAppActor pid=302363)[0m         
[36m(ClientAppActor pid=302403)[0m 
[36m(ClientAppActor pid=302403)[0m         
[36m(ClientAppActor pid=302355)[0m 
[36m(ClientAppActor pid=302355)[0m         
[36m(ClientAppActor pid=302362)[0m 
[36m(ClientAppActor pid=302362)[0m         
[36m(ClientAppActor pid=302735)[0m 
[36m(ClientAppActor pid=302735)[0m         
[36m(ClientAppActor pid=302354)[0m 
[36m(ClientAppActor pid=302354)[0m         
[36m(ClientAppActor pid=302605)[0m 
[36m(ClientAppActor pid=302605)[0m         
[36m(ClientAppActor pid=302840)[0m 
[36m(ClientAppActor pid=302840)[0m         
[92mINFO [0m:      aggregate_evaluate: received 10 results and 0 failures
[92mINFO [0m:      
[92mINFO [0m:      [ROUND 89]
[92mINFO [0m:      configure_fit: strategy sampled 5 clients (out of 10)
[36m(ClientAppActor pid=302455)[0m 
[36m(ClientAppActor pid=302455)[0m         
[36m(ClientAppActor pid=302403)[0m 
[36m(ClientAppActor pid=302403)[0m         
[36m(ClientAppActor pid=302355)[0m 
[36m(ClientAppActor pid=302355)[0m         
[36m(ClientAppActor pid=302735)[0m 
[36m(ClientAppActor pid=302735)[0m         
[36m(ClientAppActor pid=302840)[0m 
[36m(ClientAppActor pid=302840)[0m         
[36m(ClientAppActor pid=302363)[0m /home/bk489/federated_clean/.venv/lib/python3.9/site-packages/sklearn/metrics/_classification.py:407: UserWarning: A single label was found in 'y_true' and 'y_pred'. For the confusion matrix to have the correct shape, use the 'labels' parameter to pass all known labels.
[36m(ClientAppActor pid=302363)[0m   warnings.warn(
[36m(ClientAppActor pid=302403)[0m /home/bk489/federated_clean/cleanest_federated/fl-dermamnist-starter/data/download.py:27: UserWarning: The given NumPy array is not writable, and PyTorch does not support non-writable tensors. This means writing to this tensor will result in undefined behavior. You may want to copy the array to protect its data or make it writable before converting it to a tensor. This type of warning will be suppressed for the rest of this program. (Triggered internally at /pytorch/torch/csrc/utils/tensor_numpy.cpp:203.)[32m [repeated 242x across cluster][0m
[36m(ClientAppActor pid=302403)[0m   tensor = torch.as_tensor(image)[32m [repeated 242x across cluster][0m
[36m(ClientAppActor pid=302840)[0m [93mWARNING [0m:   DEPRECATED FEATURE: `client_fn` now expects a signature `def client_fn(context: Context)`.The provided `client_fn` has signature: {'cid': <Parameter "cid: 'str'">}. You can import the `Context` like this: `from flwr.common import Context`[32m [repeated 15x across cluster][0m
[36m(ClientAppActor pid=302840)[0m             This is a deprecated feature. It will be removed[32m [repeated 15x across cluster][0m
[36m(ClientAppActor pid=302840)[0m             entirely in future versions of Flower.[32m [repeated 15x across cluster][0m
[36m(ClientAppActor pid=302840)[0m /home/bk489/federated_clean/cleanest_federated/fl-dermamnist-starter/metrics/evaluation.py:68: UserWarning: AUROC set to NaN because present classes are [0, 4], expected [0, 1, 2, 3, 4, 5, 6][32m [repeated 10x across cluster][0m
[36m(ClientAppActor pid=302840)[0m   warnings.warn(f'AUROC set to NaN because present classes are {present_classes}, expected {labels}')[32m [repeated 10x across cluster][0m
[36m(ClientAppActor pid=302840)[0m /home/bk489/federated_clean/.venv/lib/python3.9/site-packages/sklearn/metrics/_classification.py:2524: UserWarning: y_pred contains classes not in y_true[32m [repeated 7x across cluster][0m
[36m(ClientAppActor pid=302840)[0m   warnings.warn("y_pred contains classes not in y_true")[32m [repeated 7x across cluster][0m
[92mINFO [0m:      aggregate_fit: received 5 results and 0 failures
[92mINFO [0m:      fit progress: (89, 1.8062377891179215, {'accuracy': 0.7198404785643071, 'balanced_accuracy': 0.30583034599428044, 'macro_f1': 0.3466388018112156, 'worst_class_f1': 0.0, 'worst_class_recall': 0.0, 'f1_actinic_keratoses_an': 0.13953488372093023, 'recall_actinic_keratoses_an': 0.09090909090909091, 'f1_basal_cell_carcinoma': 0.3939393939393939, 'recall_basal_cell_carcinoma': 0.25, 'f1_benign_keratosis-lik': 0.36046511627906974, 'recall_benign_keratosis-lik': 0.2818181818181818, 'f1_dermatofibroma': 0.0, 'recall_dermatofibroma': 0.0, 'f1_melanoma': 0.05172413793103448, 'recall_melanoma': 0.02702702702702703, 'f1_melanocytic_nevi': 0.8444444444444444, 'recall_melanocytic_nevi': 0.9910581222056631, 'f1_vascular_lesions': 0.6363636363636364, 'recall_vascular_lesions': 0.5}, 451.10019283299334)
[92mINFO [0m:      configure_evaluate: strategy sampled 10 clients (out of 10)
[36m(ClientAppActor pid=302455)[0m 
[36m(ClientAppActor pid=302455)[0m         
[36m(ClientAppActor pid=302539)[0m 
[36m(ClientAppActor pid=302539)[0m         
[36m(ClientAppActor pid=302363)[0m 
[36m(ClientAppActor pid=302363)[0m         
[36m(ClientAppActor pid=302403)[0m 
[36m(ClientAppActor pid=302403)[0m         
[36m(ClientAppActor pid=302355)[0m 
[36m(ClientAppActor pid=302355)[0m         
[36m(ClientAppActor pid=302362)[0m 
[36m(ClientAppActor pid=302362)[0m         
[36m(ClientAppActor pid=302735)[0m 
[36m(ClientAppActor pid=302735)[0m         
[36m(ClientAppActor pid=302354)[0m 
[36m(ClientAppActor pid=302354)[0m         
[36m(ClientAppActor pid=302605)[0m 
[36m(ClientAppActor pid=302605)[0m         
[36m(ClientAppActor pid=302840)[0m 
[36m(ClientAppActor pid=302840)[0m         
[36m(ClientAppActor pid=302403)[0m /home/bk489/federated_clean/.venv/lib/python3.9/site-packages/sklearn/metrics/_classification.py:407: UserWarning: A single label was found in 'y_true' and 'y_pred'. For the confusion matrix to have the correct shape, use the 'labels' parameter to pass all known labels.
[36m(ClientAppActor pid=302403)[0m   warnings.warn(
[92mINFO [0m:      aggregate_evaluate: received 10 results and 0 failures
[92mINFO [0m:      
[92mINFO [0m:      [ROUND 90]
[92mINFO [0m:      configure_fit: strategy sampled 5 clients (out of 10)
[36m(ClientAppActor pid=302363)[0m 
[36m(ClientAppActor pid=302363)[0m         
[36m(ClientAppActor pid=302362)[0m 
[36m(ClientAppActor pid=302362)[0m         
[36m(ClientAppActor pid=302354)[0m 
[36m(ClientAppActor pid=302354)[0m         
[36m(ClientAppActor pid=302605)[0m 
[36m(ClientAppActor pid=302605)[0m         
[36m(ClientAppActor pid=302840)[0m 
[36m(ClientAppActor pid=302840)[0m         
[36m(ClientAppActor pid=302363)[0m /home/bk489/federated_clean/cleanest_federated/fl-dermamnist-starter/data/download.py:27: UserWarning: The given NumPy array is not writable, and PyTorch does not support non-writable tensors. This means writing to this tensor will result in undefined behavior. You may want to copy the array to protect its data or make it writable before converting it to a tensor. This type of warning will be suppressed for the rest of this program. (Triggered internally at /pytorch/torch/csrc/utils/tensor_numpy.cpp:203.)[32m [repeated 191x across cluster][0m
[36m(ClientAppActor pid=302363)[0m   tensor = torch.as_tensor(image)[32m [repeated 191x across cluster][0m
[36m(ClientAppActor pid=302840)[0m [93mWARNING [0m:   DEPRECATED FEATURE: `client_fn` now expects a signature `def client_fn(context: Context)`.The provided `client_fn` has signature: {'cid': <Parameter "cid: 'str'">}. You can import the `Context` like this: `from flwr.common import Context`[32m [repeated 15x across cluster][0m
[36m(ClientAppActor pid=302840)[0m             This is a deprecated feature. It will be removed[32m [repeated 15x across cluster][0m
[36m(ClientAppActor pid=302840)[0m             entirely in future versions of Flower.[32m [repeated 15x across cluster][0m
[92mINFO [0m:      aggregate_fit: received 5 results and 0 failures
[92mINFO [0m:      fit progress: (90, 1.9340717818658588, {'accuracy': 0.5264207377866401, 'balanced_accuracy': 0.33873211098035455, 'macro_f1': 0.2845398633854725, 'worst_class_f1': 0.0, 'worst_class_recall': 0.0, 'f1_actinic_keratoses_an': 0.1111111111111111, 'recall_actinic_keratoses_an': 0.06060606060606061, 'f1_basal_cell_carcinoma': 0.3333333333333333, 'recall_basal_cell_carcinoma': 0.23076923076923078, 'f1_benign_keratosis-lik': 0.0, 'recall_benign_keratosis-lik': 0.0, 'f1_dermatofibroma': 0.3448275862068966, 'recall_dermatofibroma': 0.4166666666666667, 'f1_melanoma': 0.33534743202416917, 'recall_melanoma': 1.0, 'f1_melanocytic_nevi': 0.7338262476894639, 'recall_melanocytic_nevi': 0.5916542473919523, 'f1_vascular_lesions': 0.13333333333333333, 'recall_vascular_lesions': 0.07142857142857142}, 454.71765307401074)
[92mINFO [0m:      configure_evaluate: strategy sampled 10 clients (out of 10)
[36m(ClientAppActor pid=302539)[0m 
[36m(ClientAppActor pid=302539)[0m         
[36m(ClientAppActor pid=302363)[0m 
[36m(ClientAppActor pid=302363)[0m         
[36m(ClientAppActor pid=302362)[0m 
[36m(ClientAppActor pid=302362)[0m         
[36m(ClientAppActor pid=302735)[0m 
[36m(ClientAppActor pid=302735)[0m         
[36m(ClientAppActor pid=302354)[0m 
[36m(ClientAppActor pid=302354)[0m         
[36m(ClientAppActor pid=302605)[0m 
[36m(ClientAppActor pid=302605)[0m         
[36m(ClientAppActor pid=302840)[0m 
[36m(ClientAppActor pid=302840)[0m         
[36m(ClientAppActor pid=302355)[0m 
[36m(ClientAppActor pid=302355)[0m         
[36m(ClientAppActor pid=302403)[0m 
[36m(ClientAppActor pid=302403)[0m         
[36m(ClientAppActor pid=302455)[0m 
[36m(ClientAppActor pid=302455)[0m         
[92mINFO [0m:      aggregate_evaluate: received 10 results and 0 failures
[92mINFO [0m:      
[92mINFO [0m:      [ROUND 91]
[92mINFO [0m:      configure_fit: strategy sampled 5 clients (out of 10)
[36m(ClientAppActor pid=302455)[0m 
[36m(ClientAppActor pid=302455)[0m         
[36m(ClientAppActor pid=302539)[0m 
[36m(ClientAppActor pid=302539)[0m         
[36m(ClientAppActor pid=302403)[0m 
[36m(ClientAppActor pid=302403)[0m         
[36m(ClientAppActor pid=302355)[0m 
[36m(ClientAppActor pid=302355)[0m         
[36m(ClientAppActor pid=302840)[0m 
[36m(ClientAppActor pid=302840)[0m         
[36m(ClientAppActor pid=302355)[0m /home/bk489/federated_clean/cleanest_federated/fl-dermamnist-starter/metrics/evaluation.py:68: UserWarning: AUROC set to NaN because present classes are [4], expected [0, 1, 2, 3, 4, 5, 6][32m [repeated 20x across cluster][0m
[36m(ClientAppActor pid=302355)[0m   warnings.warn(f'AUROC set to NaN because present classes are {present_classes}, expected {labels}')[32m [repeated 20x across cluster][0m
[36m(ClientAppActor pid=302403)[0m /home/bk489/federated_clean/.venv/lib/python3.9/site-packages/sklearn/metrics/_classification.py:2524: UserWarning: y_pred contains classes not in y_true[32m [repeated 15x across cluster][0m
[36m(ClientAppActor pid=302403)[0m   warnings.warn("y_pred contains classes not in y_true")[32m [repeated 15x across cluster][0m
[36m(ClientAppActor pid=302355)[0m /home/bk489/federated_clean/.venv/lib/python3.9/site-packages/sklearn/metrics/_classification.py:407: UserWarning: A single label was found in 'y_true' and 'y_pred'. For the confusion matrix to have the correct shape, use the 'labels' parameter to pass all known labels.
[36m(ClientAppActor pid=302355)[0m   warnings.warn(
[36m(ClientAppActor pid=302455)[0m /home/bk489/federated_clean/cleanest_federated/fl-dermamnist-starter/data/download.py:27: UserWarning: The given NumPy array is not writable, and PyTorch does not support non-writable tensors. This means writing to this tensor will result in undefined behavior. You may want to copy the array to protect its data or make it writable before converting it to a tensor. This type of warning will be suppressed for the rest of this program. (Triggered internally at /pytorch/torch/csrc/utils/tensor_numpy.cpp:203.)[32m [repeated 262x across cluster][0m
[36m(ClientAppActor pid=302455)[0m   tensor = torch.as_tensor(image)[32m [repeated 262x across cluster][0m
[36m(ClientAppActor pid=302840)[0m [93mWARNING [0m:   DEPRECATED FEATURE: `client_fn` now expects a signature `def client_fn(context: Context)`.The provided `client_fn` has signature: {'cid': <Parameter "cid: 'str'">}. You can import the `Context` like this: `from flwr.common import Context`[32m [repeated 15x across cluster][0m
[36m(ClientAppActor pid=302840)[0m             This is a deprecated feature. It will be removed[32m [repeated 15x across cluster][0m
[36m(ClientAppActor pid=302840)[0m             entirely in future versions of Flower.[32m [repeated 15x across cluster][0m
[92mINFO [0m:      aggregate_fit: received 5 results and 0 failures
[92mINFO [0m:      fit progress: (91, 1.0627283235846583, {'accuracy': 0.7168494516450648, 'balanced_accuracy': 0.3519179103488237, 'macro_f1': 0.3492845757274404, 'worst_class_f1': 0.0, 'worst_class_recall': 0.0, 'f1_actinic_keratoses_an': 0.3684210526315789, 'recall_actinic_keratoses_an': 0.6363636363636364, 'f1_basal_cell_carcinoma': 0.5238095238095238, 'recall_basal_cell_carcinoma': 0.4230769230769231, 'f1_benign_keratosis-lik': 0.30666666666666664, 'recall_benign_keratosis-lik': 0.20909090909090908, 'f1_dermatofibroma': 0.15384615384615385, 'recall_dermatofibroma': 0.08333333333333333, 'f1_melanoma': 0.0, 'recall_melanoma': 0.0, 'f1_melanocytic_nevi': 0.8569545154911009, 'recall_melanocytic_nevi': 0.9687034277198212, 'f1_vascular_lesions': 0.23529411764705882, 'recall_vascular_lesions': 0.14285714285714285}, 459.4055061110412)
[92mINFO [0m:      configure_evaluate: strategy sampled 10 clients (out of 10)
[36m(ClientAppActor pid=302455)[0m 
[36m(ClientAppActor pid=302455)[0m         
[36m(ClientAppActor pid=302403)[0m 
[36m(ClientAppActor pid=302403)[0m         
[36m(ClientAppActor pid=302355)[0m 
[36m(ClientAppActor pid=302355)[0m         
[36m(ClientAppActor pid=302539)[0m 
[36m(ClientAppActor pid=302539)[0m         
[36m(ClientAppActor pid=302840)[0m 
[36m(ClientAppActor pid=302840)[0m         
[36m(ClientAppActor pid=302363)[0m 
[36m(ClientAppActor pid=302363)[0m         
[36m(ClientAppActor pid=302362)[0m 
[36m(ClientAppActor pid=302362)[0m         
[36m(ClientAppActor pid=302735)[0m 
[36m(ClientAppActor pid=302735)[0m         
[36m(ClientAppActor pid=302354)[0m 
[36m(ClientAppActor pid=302354)[0m         
[36m(ClientAppActor pid=302605)[0m 
[36m(ClientAppActor pid=302605)[0m         
[36m(ClientAppActor pid=302840)[0m /home/bk489/federated_clean/.venv/lib/python3.9/site-packages/sklearn/metrics/_classification.py:407: UserWarning: A single label was found in 'y_true' and 'y_pred'. For the confusion matrix to have the correct shape, use the 'labels' parameter to pass all known labels.
[36m(ClientAppActor pid=302840)[0m   warnings.warn(
[92mINFO [0m:      aggregate_evaluate: received 10 results and 0 failures
[92mINFO [0m:      
[92mINFO [0m:      [ROUND 92]
[92mINFO [0m:      configure_fit: strategy sampled 5 clients (out of 10)
[36m(ClientAppActor pid=302363)[0m 
[36m(ClientAppActor pid=302363)[0m         
[36m(ClientAppActor pid=302362)[0m 
[36m(ClientAppActor pid=302362)[0m         
[36m(ClientAppActor pid=302735)[0m 
[36m(ClientAppActor pid=302735)[0m         
[36m(ClientAppActor pid=302354)[0m 
[36m(ClientAppActor pid=302354)[0m         
[36m(ClientAppActor pid=302605)[0m 
[36m(ClientAppActor pid=302605)[0m         
[36m(ClientAppActor pid=302605)[0m /home/bk489/federated_clean/cleanest_federated/fl-dermamnist-starter/metrics/evaluation.py:68: UserWarning: AUROC set to NaN because present classes are [2, 3, 5], expected [0, 1, 2, 3, 4, 5, 6][32m [repeated 10x across cluster][0m
[36m(ClientAppActor pid=302605)[0m   warnings.warn(f'AUROC set to NaN because present classes are {present_classes}, expected {labels}')[32m [repeated 10x across cluster][0m
[36m(ClientAppActor pid=302605)[0m /home/bk489/federated_clean/.venv/lib/python3.9/site-packages/sklearn/metrics/_classification.py:2524: UserWarning: y_pred contains classes not in y_true[32m [repeated 8x across cluster][0m
[36m(ClientAppActor pid=302605)[0m   warnings.warn("y_pred contains classes not in y_true")[32m [repeated 8x across cluster][0m
[36m(ClientAppActor pid=302363)[0m /home/bk489/federated_clean/cleanest_federated/fl-dermamnist-starter/data/download.py:27: UserWarning: The given NumPy array is not writable, and PyTorch does not support non-writable tensors. This means writing to this tensor will result in undefined behavior. You may want to copy the array to protect its data or make it writable before converting it to a tensor. This type of warning will be suppressed for the rest of this program. (Triggered internally at /pytorch/torch/csrc/utils/tensor_numpy.cpp:203.)[32m [repeated 173x across cluster][0m
[36m(ClientAppActor pid=302363)[0m   tensor = torch.as_tensor(image)[32m [repeated 173x across cluster][0m
[36m(ClientAppActor pid=302605)[0m [93mWARNING [0m:   DEPRECATED FEATURE: `client_fn` now expects a signature `def client_fn(context: Context)`.The provided `client_fn` has signature: {'cid': <Parameter "cid: 'str'">}. You can import the `Context` like this: `from flwr.common import Context`[32m [repeated 15x across cluster][0m
[36m(ClientAppActor pid=302605)[0m             This is a deprecated feature. It will be removed[32m [repeated 15x across cluster][0m
[36m(ClientAppActor pid=302605)[0m             entirely in future versions of Flower.[32m [repeated 15x across cluster][0m
[92mINFO [0m:      aggregate_fit: received 5 results and 0 failures
[92mINFO [0m:      fit progress: (92, 1.2922527265929036, {'accuracy': 0.7108673978065803, 'balanced_accuracy': 0.2789032580601667, 'macro_f1': 0.328068698146526, 'worst_class_f1': 0.10256410256410256, 'worst_class_recall': 0.06060606060606061, 'f1_actinic_keratoses_an': 0.10256410256410256, 'recall_actinic_keratoses_an': 0.06060606060606061, 'f1_basal_cell_carcinoma': 0.3125, 'recall_basal_cell_carcinoma': 0.19230769230769232, 'f1_benign_keratosis-lik': 0.14634146341463414, 'recall_benign_keratosis-lik': 0.08181818181818182, 'f1_dermatofibroma': 0.23529411764705882, 'recall_dermatofibroma': 0.16666666666666666, 'f1_melanoma': 0.2360248447204969, 'recall_melanoma': 0.17117117117117117, 'f1_melanocytic_nevi': 0.8427037271004422, 'recall_melanocytic_nevi': 0.9940387481371088, 'f1_vascular_lesions': 0.42105263157894735, 'recall_vascular_lesions': 0.2857142857142857}, 465.69609397201566)
[92mINFO [0m:      configure_evaluate: strategy sampled 10 clients (out of 10)
[36m(ClientAppActor pid=302539)[0m 
[36m(ClientAppActor pid=302539)[0m         
[36m(ClientAppActor pid=302363)[0m 
[36m(ClientAppActor pid=302363)[0m         
[36m(ClientAppActor pid=302362)[0m 
[36m(ClientAppActor pid=302362)[0m         
[36m(ClientAppActor pid=302735)[0m 
[36m(ClientAppActor pid=302735)[0m         
[36m(ClientAppActor pid=302354)[0m 
[36m(ClientAppActor pid=302354)[0m         
[36m(ClientAppActor pid=302605)[0m 
[36m(ClientAppActor pid=302605)[0m         
[36m(ClientAppActor pid=302840)[0m 
[36m(ClientAppActor pid=302840)[0m         
[36m(ClientAppActor pid=302355)[0m 
[36m(ClientAppActor pid=302355)[0m         
[36m(ClientAppActor pid=302455)[0m 
[36m(ClientAppActor pid=302455)[0m         
[36m(ClientAppActor pid=302403)[0m 
[36m(ClientAppActor pid=302403)[0m         
[36m(ClientAppActor pid=302605)[0m /home/bk489/federated_clean/cleanest_federated/fl-dermamnist-starter/metrics/evaluation.py:68: UserWarning: AUROC set to NaN because present classes are [4], expected [0, 1, 2, 3, 4, 5, 6]
[36m(ClientAppActor pid=302605)[0m   warnings.warn(f'AUROC set to NaN because present classes are {present_classes}, expected {labels}')
[36m(ClientAppActor pid=302605)[0m /home/bk489/federated_clean/.venv/lib/python3.9/site-packages/sklearn/metrics/_classification.py:2524: UserWarning: y_pred contains classes not in y_true
[36m(ClientAppActor pid=302605)[0m   warnings.warn("y_pred contains classes not in y_true")
[92mINFO [0m:      aggregate_evaluate: received 10 results and 0 failures
[92mINFO [0m:      
[92mINFO [0m:      [ROUND 93]
[92mINFO [0m:      configure_fit: strategy sampled 5 clients (out of 10)
[36m(ClientAppActor pid=302455)[0m 
[36m(ClientAppActor pid=302455)[0m         
[36m(ClientAppActor pid=302539)[0m 
[36m(ClientAppActor pid=302539)[0m         
[36m(ClientAppActor pid=302363)[0m 
[36m(ClientAppActor pid=302363)[0m         
[36m(ClientAppActor pid=302403)[0m 
[36m(ClientAppActor pid=302403)[0m         
[36m(ClientAppActor pid=302355)[0m 
[36m(ClientAppActor pid=302355)[0m         
[36m(ClientAppActor pid=302840)[0m /home/bk489/federated_clean/.venv/lib/python3.9/site-packages/sklearn/metrics/_classification.py:407: UserWarning: A single label was found in 'y_true' and 'y_pred'. For the confusion matrix to have the correct shape, use the 'labels' parameter to pass all known labels.
[36m(ClientAppActor pid=302840)[0m   warnings.warn(
[36m(ClientAppActor pid=302455)[0m /home/bk489/federated_clean/cleanest_federated/fl-dermamnist-starter/data/download.py:27: UserWarning: The given NumPy array is not writable, and PyTorch does not support non-writable tensors. This means writing to this tensor will result in undefined behavior. You may want to copy the array to protect its data or make it writable before converting it to a tensor. This type of warning will be suppressed for the rest of this program. (Triggered internally at /pytorch/torch/csrc/utils/tensor_numpy.cpp:203.)[32m [repeated 200x across cluster][0m
[36m(ClientAppActor pid=302455)[0m   tensor = torch.as_tensor(image)[32m [repeated 200x across cluster][0m
[36m(ClientAppActor pid=302355)[0m [93mWARNING [0m:   DEPRECATED FEATURE: `client_fn` now expects a signature `def client_fn(context: Context)`.The provided `client_fn` has signature: {'cid': <Parameter "cid: 'str'">}. You can import the `Context` like this: `from flwr.common import Context`[32m [repeated 15x across cluster][0m
[36m(ClientAppActor pid=302355)[0m             This is a deprecated feature. It will be removed[32m [repeated 15x across cluster][0m
[36m(ClientAppActor pid=302355)[0m             entirely in future versions of Flower.[32m [repeated 15x across cluster][0m
[92mINFO [0m:      aggregate_fit: received 5 results and 0 failures
[92mINFO [0m:      fit progress: (93, 2.7551698782151623, {'accuracy': 0.4426719840478564, 'balanced_accuracy': 0.3038510279728079, 'macro_f1': 0.27135221211178884, 'worst_class_f1': 0.0, 'worst_class_recall': 0.0, 'f1_actinic_keratoses_an': 0.18604651162790697, 'recall_actinic_keratoses_an': 0.12121212121212122, 'f1_basal_cell_carcinoma': 0.4444444444444444, 'recall_basal_cell_carcinoma': 0.34615384615384615, 'f1_benign_keratosis-lik': 0.2883845126835781, 'recall_benign_keratosis-lik': 0.9818181818181818, 'f1_dermatofibroma': 0.0, 'recall_dermatofibroma': 0.0, 'f1_melanoma': 0.0, 'recall_melanoma': 0.0, 'f1_melanocytic_nevi': 0.627648839556004, 'recall_melanocytic_nevi': 0.46348733233979134, 'f1_vascular_lesions': 0.35294117647058826, 'recall_vascular_lesions': 0.21428571428571427}, 470.20616714900825)
[92mINFO [0m:      configure_evaluate: strategy sampled 10 clients (out of 10)
[36m(ClientAppActor pid=302455)[0m 
[36m(ClientAppActor pid=302455)[0m         
[36m(ClientAppActor pid=302539)[0m 
[36m(ClientAppActor pid=302539)[0m         
[36m(ClientAppActor pid=302363)[0m 
[36m(ClientAppActor pid=302363)[0m         
[36m(ClientAppActor pid=302403)[0m 
[36m(ClientAppActor pid=302403)[0m         
[36m(ClientAppActor pid=302355)[0m 
[36m(ClientAppActor pid=302355)[0m         
[36m(ClientAppActor pid=302354)[0m 
[36m(ClientAppActor pid=302354)[0m         
[36m(ClientAppActor pid=302840)[0m 
[36m(ClientAppActor pid=302840)[0m         
[36m(ClientAppActor pid=302362)[0m 
[36m(ClientAppActor pid=302362)[0m         
[36m(ClientAppActor pid=302735)[0m 
[36m(ClientAppActor pid=302735)[0m         
[36m(ClientAppActor pid=302605)[0m 
[36m(ClientAppActor pid=302605)[0m         
[92mINFO [0m:      aggregate_evaluate: received 10 results and 0 failures
[92mINFO [0m:      
[92mINFO [0m:      [ROUND 94]
[92mINFO [0m:      configure_fit: strategy sampled 5 clients (out of 10)
[36m(ClientAppActor pid=302362)[0m 
[36m(ClientAppActor pid=302362)[0m         
[36m(ClientAppActor pid=302735)[0m 
[36m(ClientAppActor pid=302735)[0m         
[36m(ClientAppActor pid=302354)[0m 
[36m(ClientAppActor pid=302354)[0m         
[36m(ClientAppActor pid=302605)[0m 
[36m(ClientAppActor pid=302605)[0m         
[36m(ClientAppActor pid=302840)[0m 
[36m(ClientAppActor pid=302840)[0m         
[36m(ClientAppActor pid=302840)[0m /home/bk489/federated_clean/cleanest_federated/fl-dermamnist-starter/metrics/evaluation.py:68: UserWarning: AUROC set to NaN because present classes are [2, 3, 5], expected [0, 1, 2, 3, 4, 5, 6][32m [repeated 19x across cluster][0m
[36m(ClientAppActor pid=302840)[0m   warnings.warn(f'AUROC set to NaN because present classes are {present_classes}, expected {labels}')[32m [repeated 19x across cluster][0m
[36m(ClientAppActor pid=302840)[0m /home/bk489/federated_clean/.venv/lib/python3.9/site-packages/sklearn/metrics/_classification.py:2524: UserWarning: y_pred contains classes not in y_true[32m [repeated 14x across cluster][0m
[36m(ClientAppActor pid=302840)[0m   warnings.warn("y_pred contains classes not in y_true")[32m [repeated 14x across cluster][0m
[36m(ClientAppActor pid=302354)[0m /home/bk489/federated_clean/cleanest_federated/fl-dermamnist-starter/data/download.py:27: UserWarning: The given NumPy array is not writable, and PyTorch does not support non-writable tensors. This means writing to this tensor will result in undefined behavior. You may want to copy the array to protect its data or make it writable before converting it to a tensor. This type of warning will be suppressed for the rest of this program. (Triggered internally at /pytorch/torch/csrc/utils/tensor_numpy.cpp:203.)[32m [repeated 199x across cluster][0m
[36m(ClientAppActor pid=302354)[0m   tensor = torch.as_tensor(image)[32m [repeated 199x across cluster][0m
[36m(ClientAppActor pid=302840)[0m [93mWARNING [0m:   DEPRECATED FEATURE: `client_fn` now expects a signature `def client_fn(context: Context)`.The provided `client_fn` has signature: {'cid': <Parameter "cid: 'str'">}. You can import the `Context` like this: `from flwr.common import Context`[32m [repeated 15x across cluster][0m
[36m(ClientAppActor pid=302840)[0m             This is a deprecated feature. It will be removed[32m [repeated 15x across cluster][0m
[36m(ClientAppActor pid=302840)[0m             entirely in future versions of Flower.[32m [repeated 15x across cluster][0m
[92mINFO [0m:      aggregate_fit: received 5 results and 0 failures
[92mINFO [0m:      fit progress: (94, 1.2080384181479988, {'accuracy': 0.7048853439680958, 'balanced_accuracy': 0.28807082109189835, 'macro_f1': 0.30845245178200537, 'worst_class_f1': 0.0, 'worst_class_recall': 0.0, 'f1_actinic_keratoses_an': 0.0, 'recall_actinic_keratoses_an': 0.0, 'f1_basal_cell_carcinoma': 0.03773584905660377, 'recall_basal_cell_carcinoma': 0.019230769230769232, 'f1_benign_keratosis-lik': 0.15126050420168066, 'recall_benign_keratosis-lik': 0.08181818181818182, 'f1_dermatofibroma': 0.13333333333333333, 'recall_dermatofibroma': 0.08333333333333333, 'f1_melanoma': 0.24719101123595505, 'recall_melanoma': 0.1981981981981982, 'f1_melanocytic_nevi': 0.8396464646464646, 'recall_melanocytic_nevi': 0.9910581222056631, 'f1_vascular_lesions': 0.75, 'recall_vascular_lesions': 0.6428571428571429}, 475.0814605540363)
[92mINFO [0m:      configure_evaluate: strategy sampled 10 clients (out of 10)
[36m(ClientAppActor pid=302455)[0m 
[36m(ClientAppActor pid=302455)[0m         
[36m(ClientAppActor pid=302539)[0m 
[36m(ClientAppActor pid=302539)[0m         
[36m(ClientAppActor pid=302363)[0m 
[36m(ClientAppActor pid=302363)[0m         
[36m(ClientAppActor pid=302403)[0m 
[36m(ClientAppActor pid=302403)[0m         
[36m(ClientAppActor pid=302355)[0m 
[36m(ClientAppActor pid=302355)[0m         
[36m(ClientAppActor pid=302362)[0m 
[36m(ClientAppActor pid=302362)[0m         
[36m(ClientAppActor pid=302735)[0m 
[36m(ClientAppActor pid=302735)[0m         
[36m(ClientAppActor pid=302354)[0m 
[36m(ClientAppActor pid=302354)[0m         
[36m(ClientAppActor pid=302605)[0m 
[36m(ClientAppActor pid=302605)[0m         
[36m(ClientAppActor pid=302840)[0m 
[36m(ClientAppActor pid=302840)[0m         
[92mINFO [0m:      aggregate_evaluate: received 10 results and 0 failures
[92mINFO [0m:      
[92mINFO [0m:      [ROUND 95]
[92mINFO [0m:      configure_fit: strategy sampled 5 clients (out of 10)
[36m(ClientAppActor pid=302455)[0m 
[36m(ClientAppActor pid=302455)[0m         
[36m(ClientAppActor pid=302539)[0m /home/bk489/federated_clean/.venv/lib/python3.9/site-packages/sklearn/metrics/_classification.py:407: UserWarning: A single label was found in 'y_true' and 'y_pred'. For the confusion matrix to have the correct shape, use the 'labels' parameter to pass all known labels.
[36m(ClientAppActor pid=302539)[0m   warnings.warn(
[36m(ClientAppActor pid=302539)[0m 
[36m(ClientAppActor pid=302539)[0m         
[36m(ClientAppActor pid=302363)[0m 
[36m(ClientAppActor pid=302363)[0m         
[36m(ClientAppActor pid=302403)[0m 
[36m(ClientAppActor pid=302403)[0m         
[36m(ClientAppActor pid=302355)[0m 
[36m(ClientAppActor pid=302355)[0m         
[36m(ClientAppActor pid=302403)[0m /home/bk489/federated_clean/cleanest_federated/fl-dermamnist-starter/metrics/evaluation.py:68: UserWarning: AUROC set to NaN because present classes are [5], expected [0, 1, 2, 3, 4, 5, 6][32m [repeated 10x across cluster][0m
[36m(ClientAppActor pid=302403)[0m   warnings.warn(f'AUROC set to NaN because present classes are {present_classes}, expected {labels}')[32m [repeated 10x across cluster][0m
[36m(ClientAppActor pid=302403)[0m /home/bk489/federated_clean/.venv/lib/python3.9/site-packages/sklearn/metrics/_classification.py:2524: UserWarning: y_pred contains classes not in y_true[32m [repeated 8x across cluster][0m
[36m(ClientAppActor pid=302403)[0m   warnings.warn("y_pred contains classes not in y_true")[32m [repeated 8x across cluster][0m
[36m(ClientAppActor pid=302539)[0m /home/bk489/federated_clean/cleanest_federated/fl-dermamnist-starter/data/download.py:27: UserWarning: The given NumPy array is not writable, and PyTorch does not support non-writable tensors. This means writing to this tensor will result in undefined behavior. You may want to copy the array to protect its data or make it writable before converting it to a tensor. This type of warning will be suppressed for the rest of this program. (Triggered internally at /pytorch/torch/csrc/utils/tensor_numpy.cpp:203.)[32m [repeated 206x across cluster][0m
[36m(ClientAppActor pid=302539)[0m   tensor = torch.as_tensor(image)[32m [repeated 206x across cluster][0m
[36m(ClientAppActor pid=302355)[0m [93mWARNING [0m:   DEPRECATED FEATURE: `client_fn` now expects a signature `def client_fn(context: Context)`.The provided `client_fn` has signature: {'cid': <Parameter "cid: 'str'">}. You can import the `Context` like this: `from flwr.common import Context`[32m [repeated 15x across cluster][0m
[36m(ClientAppActor pid=302355)[0m             This is a deprecated feature. It will be removed[32m [repeated 15x across cluster][0m
[36m(ClientAppActor pid=302355)[0m             entirely in future versions of Flower.[32m [repeated 15x across cluster][0m
[92mINFO [0m:      aggregate_fit: received 5 results and 0 failures
[92mINFO [0m:      fit progress: (95, 1.2541582463151317, {'accuracy': 0.7238285144566301, 'balanced_accuracy': 0.4126225389691432, 'macro_f1': 0.4080502125647843, 'worst_class_f1': 0.0, 'worst_class_recall': 0.0, 'f1_actinic_keratoses_an': 0.0, 'recall_actinic_keratoses_an': 0.0, 'f1_basal_cell_carcinoma': 0.410958904109589, 'recall_basal_cell_carcinoma': 0.28846153846153844, 'f1_benign_keratosis-lik': 0.4853801169590643, 'recall_benign_keratosis-lik': 0.7545454545454545, 'f1_dermatofibroma': 0.3333333333333333, 'recall_dermatofibroma': 0.3333333333333333, 'f1_melanoma': 0.05217391304347826, 'recall_melanoma': 0.02702702702702703, 'f1_melanocytic_nevi': 0.8788530465949821, 'recall_melanocytic_nevi': 0.9135618479880775, 'f1_vascular_lesions': 0.6956521739130435, 'recall_vascular_lesions': 0.5714285714285714}, 480.1765348330373)
[92mINFO [0m:      configure_evaluate: strategy sampled 10 clients (out of 10)
[36m(ClientAppActor pid=302455)[0m 
[36m(ClientAppActor pid=302455)[0m         
[36m(ClientAppActor pid=302539)[0m 
[36m(ClientAppActor pid=302539)[0m         
[36m(ClientAppActor pid=302363)[0m 
[36m(ClientAppActor pid=302363)[0m         
[36m(ClientAppActor pid=302403)[0m 
[36m(ClientAppActor pid=302403)[0m         
[36m(ClientAppActor pid=302355)[0m 
[36m(ClientAppActor pid=302355)[0m         
[36m(ClientAppActor pid=302362)[0m 
[36m(ClientAppActor pid=302362)[0m         
[36m(ClientAppActor pid=302735)[0m 
[36m(ClientAppActor pid=302735)[0m         
[36m(ClientAppActor pid=302354)[0m 
[36m(ClientAppActor pid=302354)[0m         
[36m(ClientAppActor pid=302605)[0m 
[36m(ClientAppActor pid=302605)[0m         
[36m(ClientAppActor pid=302840)[0m 
[36m(ClientAppActor pid=302840)[0m         
[92mINFO [0m:      aggregate_evaluate: received 10 results and 0 failures
[92mINFO [0m:      
[92mINFO [0m:      [ROUND 96]
[92mINFO [0m:      configure_fit: strategy sampled 5 clients (out of 10)
[36m(ClientAppActor pid=302355)[0m 
[36m(ClientAppActor pid=302355)[0m         
[36m(ClientAppActor pid=302735)[0m 
[36m(ClientAppActor pid=302735)[0m         
[36m(ClientAppActor pid=302354)[0m 
[36m(ClientAppActor pid=302354)[0m         
[36m(ClientAppActor pid=302605)[0m 
[36m(ClientAppActor pid=302605)[0m         
[36m(ClientAppActor pid=302840)[0m 
[36m(ClientAppActor pid=302840)[0m         
[36m(ClientAppActor pid=302840)[0m /home/bk489/federated_clean/cleanest_federated/fl-dermamnist-starter/metrics/evaluation.py:68: UserWarning: AUROC set to NaN because present classes are [4, 5, 6], expected [0, 1, 2, 3, 4, 5, 6][32m [repeated 10x across cluster][0m
[36m(ClientAppActor pid=302840)[0m   warnings.warn(f'AUROC set to NaN because present classes are {present_classes}, expected {labels}')[32m [repeated 10x across cluster][0m
[36m(ClientAppActor pid=302840)[0m /home/bk489/federated_clean/.venv/lib/python3.9/site-packages/sklearn/metrics/_classification.py:2524: UserWarning: y_pred contains classes not in y_true[32m [repeated 9x across cluster][0m
[36m(ClientAppActor pid=302840)[0m   warnings.warn("y_pred contains classes not in y_true")[32m [repeated 9x across cluster][0m
[36m(ClientAppActor pid=302735)[0m /home/bk489/federated_clean/cleanest_federated/fl-dermamnist-starter/data/download.py:27: UserWarning: The given NumPy array is not writable, and PyTorch does not support non-writable tensors. This means writing to this tensor will result in undefined behavior. You may want to copy the array to protect its data or make it writable before converting it to a tensor. This type of warning will be suppressed for the rest of this program. (Triggered internally at /pytorch/torch/csrc/utils/tensor_numpy.cpp:203.)[32m [repeated 191x across cluster][0m
[36m(ClientAppActor pid=302735)[0m   tensor = torch.as_tensor(image)[32m [repeated 191x across cluster][0m
[36m(ClientAppActor pid=302840)[0m [93mWARNING [0m:   DEPRECATED FEATURE: `client_fn` now expects a signature `def client_fn(context: Context)`.The provided `client_fn` has signature: {'cid': <Parameter "cid: 'str'">}. You can import the `Context` like this: `from flwr.common import Context`[32m [repeated 15x across cluster][0m
[36m(ClientAppActor pid=302840)[0m             This is a deprecated feature. It will be removed[32m [repeated 15x across cluster][0m
[36m(ClientAppActor pid=302840)[0m             entirely in future versions of Flower.[32m [repeated 15x across cluster][0m
[92mINFO [0m:      aggregate_fit: received 5 results and 0 failures
[92mINFO [0m:      fit progress: (96, 1.2805014221166684, {'accuracy': 0.7208374875373879, 'balanced_accuracy': 0.31648834845556156, 'macro_f1': 0.3480142305617063, 'worst_class_f1': 0.0, 'worst_class_recall': 0.0, 'f1_actinic_keratoses_an': 0.4482758620689655, 'recall_actinic_keratoses_an': 0.3939393939393939, 'f1_basal_cell_carcinoma': 0.43243243243243246, 'recall_basal_cell_carcinoma': 0.3076923076923077, 'f1_benign_keratosis-lik': 0.176, 'recall_benign_keratosis-lik': 0.1, 'f1_dermatofibroma': 0.2857142857142857, 'recall_dermatofibroma': 0.25, 'f1_melanoma': 0.24096385542168675, 'recall_melanoma': 0.18018018018018017, 'f1_melanocytic_nevi': 0.8527131782945736, 'recall_melanocytic_nevi': 0.9836065573770492, 'f1_vascular_lesions': 0.0, 'recall_vascular_lesions': 0.0}, 485.6742271910189)
[92mINFO [0m:      configure_evaluate: strategy sampled 10 clients (out of 10)
[36m(ClientAppActor pid=302735)[0m 
[36m(ClientAppActor pid=302735)[0m         
[36m(ClientAppActor pid=302455)[0m 
[36m(ClientAppActor pid=302455)[0m         
[36m(ClientAppActor pid=302539)[0m 
[36m(ClientAppActor pid=302539)[0m         
[36m(ClientAppActor pid=302363)[0m 
[36m(ClientAppActor pid=302363)[0m         
[36m(ClientAppActor pid=302403)[0m 
[36m(ClientAppActor pid=302403)[0m         
[36m(ClientAppActor pid=302355)[0m 
[36m(ClientAppActor pid=302355)[0m         
[36m(ClientAppActor pid=302362)[0m 
[36m(ClientAppActor pid=302362)[0m         
[36m(ClientAppActor pid=302354)[0m 
[36m(ClientAppActor pid=302354)[0m         
[36m(ClientAppActor pid=302354)[0m /home/bk489/federated_clean/.venv/lib/python3.9/site-packages/sklearn/metrics/_classification.py:407: UserWarning: A single label was found in 'y_true' and 'y_pred'. For the confusion matrix to have the correct shape, use the 'labels' parameter to pass all known labels.
[36m(ClientAppActor pid=302354)[0m   warnings.warn(
[36m(ClientAppActor pid=302605)[0m 
[36m(ClientAppActor pid=302605)[0m         
[36m(ClientAppActor pid=302840)[0m 
[36m(ClientAppActor pid=302840)[0m         
[92mINFO [0m:      aggregate_evaluate: received 10 results and 0 failures
[92mINFO [0m:      
[92mINFO [0m:      [ROUND 97]
[92mINFO [0m:      configure_fit: strategy sampled 5 clients (out of 10)
[36m(ClientAppActor pid=302455)[0m 
[36m(ClientAppActor pid=302455)[0m         
[36m(ClientAppActor pid=302539)[0m 
[36m(ClientAppActor pid=302539)[0m         
[36m(ClientAppActor pid=302363)[0m 
[36m(ClientAppActor pid=302363)[0m         
[36m(ClientAppActor pid=302403)[0m 
[36m(ClientAppActor pid=302403)[0m         
[36m(ClientAppActor pid=302362)[0m 
[36m(ClientAppActor pid=302362)[0m         
[36m(ClientAppActor pid=302362)[0m /home/bk489/federated_clean/cleanest_federated/fl-dermamnist-starter/metrics/evaluation.py:68: UserWarning: AUROC set to NaN because present classes are [2, 3, 5], expected [0, 1, 2, 3, 4, 5, 6][32m [repeated 10x across cluster][0m
[36m(ClientAppActor pid=302362)[0m   warnings.warn(f'AUROC set to NaN because present classes are {present_classes}, expected {labels}')[32m [repeated 10x across cluster][0m
[36m(ClientAppActor pid=302362)[0m /home/bk489/federated_clean/.venv/lib/python3.9/site-packages/sklearn/metrics/_classification.py:2524: UserWarning: y_pred contains classes not in y_true[32m [repeated 8x across cluster][0m
[36m(ClientAppActor pid=302362)[0m   warnings.warn("y_pred contains classes not in y_true")[32m [repeated 8x across cluster][0m
[36m(ClientAppActor pid=302539)[0m /home/bk489/federated_clean/cleanest_federated/fl-dermamnist-starter/data/download.py:27: UserWarning: The given NumPy array is not writable, and PyTorch does not support non-writable tensors. This means writing to this tensor will result in undefined behavior. You may want to copy the array to protect its data or make it writable before converting it to a tensor. This type of warning will be suppressed for the rest of this program. (Triggered internally at /pytorch/torch/csrc/utils/tensor_numpy.cpp:203.)[32m [repeated 211x across cluster][0m
[36m(ClientAppActor pid=302539)[0m   tensor = torch.as_tensor(image)[32m [repeated 211x across cluster][0m
[36m(ClientAppActor pid=302362)[0m [93mWARNING [0m:   DEPRECATED FEATURE: `client_fn` now expects a signature `def client_fn(context: Context)`.The provided `client_fn` has signature: {'cid': <Parameter "cid: 'str'">}. You can import the `Context` like this: `from flwr.common import Context`[32m [repeated 15x across cluster][0m
[36m(ClientAppActor pid=302362)[0m             This is a deprecated feature. It will be removed[32m [repeated 15x across cluster][0m
[36m(ClientAppActor pid=302362)[0m             entirely in future versions of Flower.[32m [repeated 15x across cluster][0m
[92mINFO [0m:      aggregate_fit: received 5 results and 0 failures
[92mINFO [0m:      fit progress: (97, 1.3084979661083886, {'accuracy': 0.6141575274177468, 'balanced_accuracy': 0.4247533117556536, 'macro_f1': 0.42144468613165564, 'worst_class_f1': 0.14285714285714285, 'worst_class_recall': 0.08333333333333333, 'f1_actinic_keratoses_an': 0.24561403508771928, 'recall_actinic_keratoses_an': 0.21212121212121213, 'f1_basal_cell_carcinoma': 0.4819277108433735, 'recall_basal_cell_carcinoma': 0.38461538461538464, 'f1_benign_keratosis-lik': 0.37109375, 'recall_benign_keratosis-lik': 0.8636363636363636, 'f1_dermatofibroma': 0.14285714285714285, 'recall_dermatofibroma': 0.08333333333333333, 'f1_melanoma': 0.24161073825503357, 'recall_melanoma': 0.16216216216216217, 'f1_melanocytic_nevi': 0.8003427592116538, 'recall_melanocytic_nevi': 0.6959761549925484, 'f1_vascular_lesions': 0.6666666666666666, 'recall_vascular_lesions': 0.5714285714285714}, 489.95627827203134)
[92mINFO [0m:      configure_evaluate: strategy sampled 10 clients (out of 10)
[36m(ClientAppActor pid=302455)[0m 
[36m(ClientAppActor pid=302455)[0m         
[36m(ClientAppActor pid=302539)[0m 
[36m(ClientAppActor pid=302539)[0m         
[36m(ClientAppActor pid=302362)[0m 
[36m(ClientAppActor pid=302362)[0m         
[36m(ClientAppActor pid=302403)[0m 
[36m(ClientAppActor pid=302403)[0m         
[36m(ClientAppActor pid=302363)[0m 
[36m(ClientAppActor pid=302363)[0m         
[36m(ClientAppActor pid=302355)[0m 
[36m(ClientAppActor pid=302355)[0m         
[36m(ClientAppActor pid=302735)[0m 
[36m(ClientAppActor pid=302735)[0m         
[36m(ClientAppActor pid=302354)[0m 
[36m(ClientAppActor pid=302354)[0m         
[36m(ClientAppActor pid=302605)[0m 
[36m(ClientAppActor pid=302605)[0m         
[36m(ClientAppActor pid=302840)[0m 
[36m(ClientAppActor pid=302840)[0m         
[92mINFO [0m:      aggregate_evaluate: received 10 results and 0 failures
[92mINFO [0m:      
[92mINFO [0m:      [ROUND 98]
[92mINFO [0m:      configure_fit: strategy sampled 5 clients (out of 10)
[36m(ClientAppActor pid=302355)[0m 
[36m(ClientAppActor pid=302355)[0m         
[36m(ClientAppActor pid=302735)[0m 
[36m(ClientAppActor pid=302735)[0m         
[36m(ClientAppActor pid=302354)[0m 
[36m(ClientAppActor pid=302354)[0m         
[36m(ClientAppActor pid=302605)[0m 
[36m(ClientAppActor pid=302605)[0m         
[36m(ClientAppActor pid=302840)[0m 
[36m(ClientAppActor pid=302840)[0m         
[36m(ClientAppActor pid=302605)[0m /home/bk489/federated_clean/cleanest_federated/fl-dermamnist-starter/metrics/evaluation.py:68: UserWarning: AUROC set to NaN because present classes are [2, 3, 5], expected [0, 1, 2, 3, 4, 5, 6][32m [repeated 10x across cluster][0m
[36m(ClientAppActor pid=302605)[0m   warnings.warn(f'AUROC set to NaN because present classes are {present_classes}, expected {labels}')[32m [repeated 10x across cluster][0m
[36m(ClientAppActor pid=302605)[0m /home/bk489/federated_clean/.venv/lib/python3.9/site-packages/sklearn/metrics/_classification.py:2524: UserWarning: y_pred contains classes not in y_true[32m [repeated 10x across cluster][0m
[36m(ClientAppActor pid=302605)[0m   warnings.warn("y_pred contains classes not in y_true")[32m [repeated 10x across cluster][0m
[36m(ClientAppActor pid=302354)[0m /home/bk489/federated_clean/cleanest_federated/fl-dermamnist-starter/data/download.py:27: UserWarning: The given NumPy array is not writable, and PyTorch does not support non-writable tensors. This means writing to this tensor will result in undefined behavior. You may want to copy the array to protect its data or make it writable before converting it to a tensor. This type of warning will be suppressed for the rest of this program. (Triggered internally at /pytorch/torch/csrc/utils/tensor_numpy.cpp:203.)[32m [repeated 233x across cluster][0m
[36m(ClientAppActor pid=302354)[0m   tensor = torch.as_tensor(image)[32m [repeated 233x across cluster][0m
[36m(ClientAppActor pid=302840)[0m [93mWARNING [0m:   DEPRECATED FEATURE: `client_fn` now expects a signature `def client_fn(context: Context)`.The provided `client_fn` has signature: {'cid': <Parameter "cid: 'str'">}. You can import the `Context` like this: `from flwr.common import Context`[32m [repeated 15x across cluster][0m
[36m(ClientAppActor pid=302840)[0m             This is a deprecated feature. It will be removed[32m [repeated 15x across cluster][0m
[36m(ClientAppActor pid=302840)[0m             entirely in future versions of Flower.[32m [repeated 15x across cluster][0m
[92mINFO [0m:      aggregate_fit: received 5 results and 0 failures
[92mINFO [0m:      fit progress: (98, 1.8480105786356826, {'accuracy': 0.6859421734795613, 'balanced_accuracy': 0.24963588324244063, 'macro_f1': 0.22061270314743214, 'worst_class_f1': 0.0, 'worst_class_recall': 0.0, 'f1_actinic_keratoses_an': 0.32432432432432434, 'recall_actinic_keratoses_an': 0.5454545454545454, 'f1_basal_cell_carcinoma': 0.20689655172413793, 'recall_basal_cell_carcinoma': 0.11538461538461539, 'f1_benign_keratosis-lik': 0.03508771929824561, 'recall_benign_keratosis-lik': 0.01818181818181818, 'f1_dermatofibroma': 0.14285714285714285, 'recall_dermatofibroma': 0.08333333333333333, 'f1_melanoma': 0.0, 'recall_melanoma': 0.0, 'f1_melanocytic_nevi': 0.8351231838281743, 'recall_melanocytic_nevi': 0.9850968703427719, 'f1_vascular_lesions': 0.0, 'recall_vascular_lesions': 0.0}, 494.30093876400497)
[92mINFO [0m:      configure_evaluate: strategy sampled 10 clients (out of 10)
[36m(ClientAppActor pid=302455)[0m 
[36m(ClientAppActor pid=302455)[0m         
[36m(ClientAppActor pid=302539)[0m 
[36m(ClientAppActor pid=302539)[0m         
[36m(ClientAppActor pid=302363)[0m 
[36m(ClientAppActor pid=302363)[0m         
[36m(ClientAppActor pid=302403)[0m 
[36m(ClientAppActor pid=302403)[0m         
[36m(ClientAppActor pid=302355)[0m 
[36m(ClientAppActor pid=302355)[0m         
[36m(ClientAppActor pid=302362)[0m 
[36m(ClientAppActor pid=302362)[0m         
[36m(ClientAppActor pid=302735)[0m 
[36m(ClientAppActor pid=302735)[0m         
[36m(ClientAppActor pid=302354)[0m 
[36m(ClientAppActor pid=302354)[0m         
[36m(ClientAppActor pid=302605)[0m 
[36m(ClientAppActor pid=302605)[0m         
[36m(ClientAppActor pid=302840)[0m 
[36m(ClientAppActor pid=302840)[0m         
[92mINFO [0m:      aggregate_evaluate: received 10 results and 0 failures
[92mINFO [0m:      
[92mINFO [0m:      [ROUND 99]
[92mINFO [0m:      configure_fit: strategy sampled 5 clients (out of 10)
[36m(ClientAppActor pid=302455)[0m 
[36m(ClientAppActor pid=302455)[0m         
[36m(ClientAppActor pid=302539)[0m 
[36m(ClientAppActor pid=302539)[0m         
[36m(ClientAppActor pid=302363)[0m /home/bk489/federated_clean/.venv/lib/python3.9/site-packages/sklearn/metrics/_classification.py:407: UserWarning: A single label was found in 'y_true' and 'y_pred'. For the confusion matrix to have the correct shape, use the 'labels' parameter to pass all known labels.
[36m(ClientAppActor pid=302363)[0m   warnings.warn(
[36m(ClientAppActor pid=302403)[0m 
[36m(ClientAppActor pid=302403)[0m         
[36m(ClientAppActor pid=302355)[0m 
[36m(ClientAppActor pid=302355)[0m         
[36m(ClientAppActor pid=302362)[0m 
[36m(ClientAppActor pid=302362)[0m         
[36m(ClientAppActor pid=302840)[0m /home/bk489/federated_clean/cleanest_federated/fl-dermamnist-starter/metrics/evaluation.py:68: UserWarning: AUROC set to NaN because present classes are [4, 5, 6], expected [0, 1, 2, 3, 4, 5, 6][32m [repeated 10x across cluster][0m
[36m(ClientAppActor pid=302840)[0m   warnings.warn(f'AUROC set to NaN because present classes are {present_classes}, expected {labels}')[32m [repeated 10x across cluster][0m
[36m(ClientAppActor pid=302735)[0m /home/bk489/federated_clean/.venv/lib/python3.9/site-packages/sklearn/metrics/_classification.py:2524: UserWarning: y_pred contains classes not in y_true[32m [repeated 7x across cluster][0m
[36m(ClientAppActor pid=302735)[0m   warnings.warn("y_pred contains classes not in y_true")[32m [repeated 7x across cluster][0m
[36m(ClientAppActor pid=302539)[0m /home/bk489/federated_clean/cleanest_federated/fl-dermamnist-starter/data/download.py:27: UserWarning: The given NumPy array is not writable, and PyTorch does not support non-writable tensors. This means writing to this tensor will result in undefined behavior. You may want to copy the array to protect its data or make it writable before converting it to a tensor. This type of warning will be suppressed for the rest of this program. (Triggered internally at /pytorch/torch/csrc/utils/tensor_numpy.cpp:203.)[32m [repeated 173x across cluster][0m
[36m(ClientAppActor pid=302539)[0m   tensor = torch.as_tensor(image)[32m [repeated 173x across cluster][0m
[36m(ClientAppActor pid=302362)[0m [93mWARNING [0m:   DEPRECATED FEATURE: `client_fn` now expects a signature `def client_fn(context: Context)`.The provided `client_fn` has signature: {'cid': <Parameter "cid: 'str'">}. You can import the `Context` like this: `from flwr.common import Context`[32m [repeated 15x across cluster][0m
[36m(ClientAppActor pid=302362)[0m             This is a deprecated feature. It will be removed[32m [repeated 15x across cluster][0m
[36m(ClientAppActor pid=302362)[0m             entirely in future versions of Flower.[32m [repeated 15x across cluster][0m
[92mINFO [0m:      aggregate_fit: received 5 results and 0 failures
[92mINFO [0m:      fit progress: (99, 1.1891735354781983, {'accuracy': 0.7048853439680958, 'balanced_accuracy': 0.28259778704743577, 'macro_f1': 0.3313824230697588, 'worst_class_f1': 0.1388888888888889, 'worst_class_recall': 0.09009009009009009, 'f1_actinic_keratoses_an': 0.17777777777777778, 'recall_actinic_keratoses_an': 0.12121212121212122, 'f1_basal_cell_carcinoma': 0.3384615384615385, 'recall_basal_cell_carcinoma': 0.21153846153846154, 'f1_benign_keratosis-lik': 0.1746031746031746, 'recall_benign_keratosis-lik': 0.1, 'f1_dermatofibroma': 0.3, 'recall_dermatofibroma': 0.25, 'f1_melanoma': 0.1388888888888889, 'recall_melanoma': 0.09009009009009009, 'f1_melanocytic_nevi': 0.8370044052863436, 'recall_melanocytic_nevi': 0.9910581222056631, 'f1_vascular_lesions': 0.35294117647058826, 'recall_vascular_lesions': 0.21428571428571427}, 499.71791036298964)
[92mINFO [0m:      configure_evaluate: strategy sampled 10 clients (out of 10)
[36m(ClientAppActor pid=302455)[0m 
[36m(ClientAppActor pid=302455)[0m         
[36m(ClientAppActor pid=302539)[0m 
[36m(ClientAppActor pid=302539)[0m         
[36m(ClientAppActor pid=302539)[0m /home/bk489/federated_clean/.venv/lib/python3.9/site-packages/sklearn/metrics/_classification.py:407: UserWarning: A single label was found in 'y_true' and 'y_pred'. For the confusion matrix to have the correct shape, use the 'labels' parameter to pass all known labels.
[36m(ClientAppActor pid=302539)[0m   warnings.warn(
[36m(ClientAppActor pid=302363)[0m 
[36m(ClientAppActor pid=302363)[0m         
[36m(ClientAppActor pid=302403)[0m 
[36m(ClientAppActor pid=302403)[0m         
[36m(ClientAppActor pid=302355)[0m 
[36m(ClientAppActor pid=302355)[0m         
[36m(ClientAppActor pid=302362)[0m 
[36m(ClientAppActor pid=302362)[0m         
[36m(ClientAppActor pid=302735)[0m 
[36m(ClientAppActor pid=302735)[0m         
[36m(ClientAppActor pid=302354)[0m 
[36m(ClientAppActor pid=302354)[0m         
[36m(ClientAppActor pid=302605)[0m 
[36m(ClientAppActor pid=302605)[0m         
[36m(ClientAppActor pid=302840)[0m 
[36m(ClientAppActor pid=302840)[0m         
[92mINFO [0m:      aggregate_evaluate: received 10 results and 0 failures
[92mINFO [0m:      
[92mINFO [0m:      [ROUND 100]
[92mINFO [0m:      configure_fit: strategy sampled 5 clients (out of 10)
[36m(ClientAppActor pid=302363)[0m 
[36m(ClientAppActor pid=302363)[0m         
[36m(ClientAppActor pid=302735)[0m 
[36m(ClientAppActor pid=302735)[0m         
[36m(ClientAppActor pid=302354)[0m 
[36m(ClientAppActor pid=302354)[0m         
[36m(ClientAppActor pid=302605)[0m 
[36m(ClientAppActor pid=302605)[0m         
[36m(ClientAppActor pid=302840)[0m 
[36m(ClientAppActor pid=302840)[0m         
[36m(ClientAppActor pid=302840)[0m /home/bk489/federated_clean/cleanest_federated/fl-dermamnist-starter/metrics/evaluation.py:68: UserWarning: AUROC set to NaN because present classes are [5], expected [0, 1, 2, 3, 4, 5, 6][32m [repeated 10x across cluster][0m
[36m(ClientAppActor pid=302840)[0m   warnings.warn(f'AUROC set to NaN because present classes are {present_classes}, expected {labels}')[32m [repeated 10x across cluster][0m
[36m(ClientAppActor pid=302840)[0m /home/bk489/federated_clean/.venv/lib/python3.9/site-packages/sklearn/metrics/_classification.py:2524: UserWarning: y_pred contains classes not in y_true[32m [repeated 8x across cluster][0m
[36m(ClientAppActor pid=302840)[0m   warnings.warn("y_pred contains classes not in y_true")[32m [repeated 8x across cluster][0m
[36m(ClientAppActor pid=302735)[0m /home/bk489/federated_clean/cleanest_federated/fl-dermamnist-starter/data/download.py:27: UserWarning: The given NumPy array is not writable, and PyTorch does not support non-writable tensors. This means writing to this tensor will result in undefined behavior. You may want to copy the array to protect its data or make it writable before converting it to a tensor. This type of warning will be suppressed for the rest of this program. (Triggered internally at /pytorch/torch/csrc/utils/tensor_numpy.cpp:203.)[32m [repeated 223x across cluster][0m
[36m(ClientAppActor pid=302735)[0m   tensor = torch.as_tensor(image)[32m [repeated 223x across cluster][0m
[36m(ClientAppActor pid=302840)[0m [93mWARNING [0m:   DEPRECATED FEATURE: `client_fn` now expects a signature `def client_fn(context: Context)`.The provided `client_fn` has signature: {'cid': <Parameter "cid: 'str'">}. You can import the `Context` like this: `from flwr.common import Context`[32m [repeated 15x across cluster][0m
[36m(ClientAppActor pid=302840)[0m             This is a deprecated feature. It will be removed[32m [repeated 15x across cluster][0m
[36m(ClientAppActor pid=302840)[0m             entirely in future versions of Flower.[32m [repeated 15x across cluster][0m
[92mINFO [0m:      aggregate_fit: received 5 results and 0 failures
[92mINFO [0m:      fit progress: (100, 1.3482837823190812, {'accuracy': 0.6699900299102692, 'balanced_accuracy': 0.33079394390869804, 'macro_f1': 0.30516585728572415, 'worst_class_f1': 0.0, 'worst_class_recall': 0.0, 'f1_actinic_keratoses_an': 0.18867924528301888, 'recall_actinic_keratoses_an': 0.15151515151515152, 'f1_basal_cell_carcinoma': 0.3235294117647059, 'recall_basal_cell_carcinoma': 0.21153846153846154, 'f1_benign_keratosis-lik': 0.42592592592592593, 'recall_benign_keratosis-lik': 0.8363636363636363, 'f1_dermatofibroma': 0.2727272727272727, 'recall_dermatofibroma': 0.25, 'f1_melanoma': 0.06837606837606838, 'recall_melanoma': 0.036036036036036036, 'f1_melanocytic_nevi': 0.8569230769230769, 'recall_melanocytic_nevi': 0.8301043219076006, 'f1_vascular_lesions': 0.0, 'recall_vascular_lesions': 0.0}, 503.90047137101647)
[92mINFO [0m:      configure_evaluate: strategy sampled 10 clients (out of 10)
[36m(ClientAppActor pid=302455)[0m 
[36m(ClientAppActor pid=302455)[0m         
[36m(ClientAppActor pid=302539)[0m 
[36m(ClientAppActor pid=302539)[0m         
[36m(ClientAppActor pid=302363)[0m 
[36m(ClientAppActor pid=302363)[0m         
[36m(ClientAppActor pid=302403)[0m 
[36m(ClientAppActor pid=302403)[0m         
[36m(ClientAppActor pid=302355)[0m 
[36m(ClientAppActor pid=302355)[0m         
[36m(ClientAppActor pid=302362)[0m 
[36m(ClientAppActor pid=302362)[0m         
[36m(ClientAppActor pid=302735)[0m 
[36m(ClientAppActor pid=302735)[0m         
[36m(ClientAppActor pid=302354)[0m 
[36m(ClientAppActor pid=302354)[0m         
[36m(ClientAppActor pid=302605)[0m 
[36m(ClientAppActor pid=302605)[0m         
[36m(ClientAppActor pid=302840)[0m 
[36m(ClientAppActor pid=302840)[0m         
[92mINFO [0m:      aggregate_evaluate: received 10 results and 0 failures
[92mINFO [0m:      
[92mINFO [0m:      [SUMMARY]
[92mINFO [0m:      Run finished 100 round(s) in 504.07s
[92mINFO [0m:      	History (loss, distributed):
[92mINFO [0m:      		round 1: 1.1381639915931345
[92mINFO [0m:      		round 2: 1.3419215205196329
[92mINFO [0m:      		round 3: 0.9023655278439844
[92mINFO [0m:      		round 4: 0.9263725001872698
[92mINFO [0m:      		round 5: 1.1594285917076865
[92mINFO [0m:      		round 6: 1.0122430598900427
[92mINFO [0m:      		round 7: 1.10847404295608
[92mINFO [0m:      		round 8: 1.1640131428070806
[92mINFO [0m:      		round 9: 1.2993704871270522
[92mINFO [0m:      		round 10: 1.041388642497179
[92mINFO [0m:      		round 11: 1.181882476987293
[92mINFO [0m:      		round 12: 0.8274305248833456
[92mINFO [0m:      		round 13: 1.0943655190392099
[92mINFO [0m:      		round 14: 1.4816441901597373
[92mINFO [0m:      		round 15: 0.9210128830304875
[92mINFO [0m:      		round 16: 0.959606603140725
[92mINFO [0m:      		round 17: 1.0876068659367273
[92mINFO [0m:      		round 18: 1.0636504469853605
[92mINFO [0m:      		round 19: 0.994992295365615
[92mINFO [0m:      		round 20: 0.8782549642315041
[92mINFO [0m:      		round 21: 1.0288327286137506
[92mINFO [0m:      		round 22: 1.388106033783219
[92mINFO [0m:      		round 23: 1.4162811799912876
[92mINFO [0m:      		round 24: 0.8547783566684257
[92mINFO [0m:      		round 25: 1.4149724107363943
[92mINFO [0m:      		round 26: 1.339799546694097
[92mINFO [0m:      		round 27: 0.8786658256006036
[92mINFO [0m:      		round 28: 1.387468169256911
[92mINFO [0m:      		round 29: 0.9461258458804708
[92mINFO [0m:      		round 30: 1.1457134078976992
[92mINFO [0m:      		round 31: 0.8973359777892764
[92mINFO [0m:      		round 32: 0.9838044537135121
[92mINFO [0m:      		round 33: 1.2346206567994449
[92mINFO [0m:      		round 34: 0.7685373249427659
[92mINFO [0m:      		round 35: 1.0398850438627314
[92mINFO [0m:      		round 36: 1.1184794264852231
[92mINFO [0m:      		round 37: 1.271481557479302
[92mINFO [0m:      		round 38: 0.8333207821337189
[92mINFO [0m:      		round 39: 0.8329026996234226
[92mINFO [0m:      		round 40: 1.573347514391031
[92mINFO [0m:      		round 41: 1.699156652664341
[92mINFO [0m:      		round 42: 1.1950385759957403
[92mINFO [0m:      		round 43: 0.9594530855416397
[92mINFO [0m:      		round 44: 1.781569554551987
[92mINFO [0m:      		round 45: 1.1004837143009092
[92mINFO [0m:      		round 46: 0.9970500424873068
[92mINFO [0m:      		round 47: 1.0063727373495122
[92mINFO [0m:      		round 48: 0.8650563562361034
[92mINFO [0m:      		round 49: 1.6328787900653763
[92mINFO [0m:      		round 50: 2.238560346099334
[92mINFO [0m:      		round 51: 1.4783135117833346
[92mINFO [0m:      		round 52: 1.0180191620168846
[92mINFO [0m:      		round 53: 1.238535559470291
[92mINFO [0m:      		round 54: 1.5328767449168121
[92mINFO [0m:      		round 55: 1.048768900826552
[92mINFO [0m:      		round 56: 1.2137464110190357
[92mINFO [0m:      		round 57: 1.412854481592689
[92mINFO [0m:      		round 58: 0.9981392127444361
[92mINFO [0m:      		round 59: 1.3680071079919123
[92mINFO [0m:      		round 60: 1.0817236546587354
[92mINFO [0m:      		round 61: 0.8590791405016928
[92mINFO [0m:      		round 62: 1.652290826465619
[92mINFO [0m:      		round 63: 1.163126825516672
[92mINFO [0m:      		round 64: 0.9593426290942273
[92mINFO [0m:      		round 65: 1.2984616367141029
[92mINFO [0m:      		round 66: 1.040649916340665
[92mINFO [0m:      		round 67: 1.4018736121544035
[92mINFO [0m:      		round 68: 0.8981888083850637
[92mINFO [0m:      		round 69: 1.7370884555029193
[92mINFO [0m:      		round 70: 1.3678890603228366
[92mINFO [0m:      		round 71: 1.3434043636109942
[92mINFO [0m:      		round 72: 1.2236733950482124
[92mINFO [0m:      		round 73: 1.1693970543924328
[92mINFO [0m:      		round 74: 1.0949695384079108
[92mINFO [0m:      		round 75: 1.1493767288431975
[92mINFO [0m:      		round 76: 1.5356020546268399
[92mINFO [0m:      		round 77: 1.1955302503244574
[92mINFO [0m:      		round 78: 1.3768631992073277
[92mINFO [0m:      		round 79: 1.493382272046658
[92mINFO [0m:      		round 80: 1.2469759206561482
[92mINFO [0m:      		round 81: 1.1540994042987631
[92mINFO [0m:      		round 82: 2.102145305851747
[92mINFO [0m:      		round 83: 1.018219932363271
[92mINFO [0m:      		round 84: 1.7756701017699206
[92mINFO [0m:      		round 85: 1.2787086595507229
[92mINFO [0m:      		round 86: 1.2074981066351556
[92mINFO [0m:      		round 87: 1.2860241964796137
[92mINFO [0m:      		round 88: 1.606373902853215
[92mINFO [0m:      		round 89: 1.6925832792051627
[92mINFO [0m:      		round 90: 2.1933124584602317
[92mINFO [0m:      		round 91: 0.952122744033848
[92mINFO [0m:      		round 92: 1.3004459827875123
[92mINFO [0m:      		round 93: 2.9319390159426324
[92mINFO [0m:      		round 94: 1.263390330581724
[92mINFO [0m:      		round 95: 1.32330871799926
[92mINFO [0m:      		round 96: 1.2471434965694972
[92mINFO [0m:      		round 97: 1.462709738671181
[92mINFO [0m:      		round 98: 1.638246023950636
[92mINFO [0m:      		round 99: 1.2506393634432251
[92mINFO [0m:      		round 100: 1.3898713971826233
[92mINFO [0m:      	History (loss, centralized):
[92mINFO [0m:      		round 0: 1.93695684432508
[92mINFO [0m:      		round 1: 1.2127319785913941
[92mINFO [0m:      		round 2: 1.47388084329375
[92mINFO [0m:      		round 3: 0.9105420280786478
[92mINFO [0m:      		round 4: 0.9667609785632384
[92mINFO [0m:      		round 5: 1.2077663775574294
[92mINFO [0m:      		round 6: 1.0253882185887482
[92mINFO [0m:      		round 7: 1.1930318653048688
[92mINFO [0m:      		round 8: 1.2012302856502362
[92mINFO [0m:      		round 9: 1.3625531075364452
[92mINFO [0m:      		round 10: 1.0860964203641517
[92mINFO [0m:      		round 11: 1.2670090275771122
[92mINFO [0m:      		round 12: 0.8130508031944929
[92mINFO [0m:      		round 13: 1.1056811716834665
[92mINFO [0m:      		round 14: 1.525263861549697
[92mINFO [0m:      		round 15: 0.9122945085123315
[92mINFO [0m:      		round 16: 0.9857901456586623
[92mINFO [0m:      		round 17: 1.0771437476900734
[92mINFO [0m:      		round 18: 1.0787333662464753
[92mINFO [0m:      		round 19: 1.009996331581922
[92mINFO [0m:      		round 20: 0.853651244583301
[92mINFO [0m:      		round 21: 1.02961689150583
[92mINFO [0m:      		round 22: 1.4653429405045058
[92mINFO [0m:      		round 23: 1.492541136080817
[92mINFO [0m:      		round 24: 0.8148084553859288
[92mINFO [0m:      		round 25: 1.3896443509865377
[92mINFO [0m:      		round 26: 1.2809805854605296
[92mINFO [0m:      		round 27: 0.864532976421497
[92mINFO [0m:      		round 28: 1.375220689792576
[92mINFO [0m:      		round 29: 0.9187747149738452
[92mINFO [0m:      		round 30: 1.1576843910654664
[92mINFO [0m:      		round 31: 0.8815504966205281
[92mINFO [0m:      		round 32: 0.9592557776485341
[92mINFO [0m:      		round 33: 1.2477657989870872
[92mINFO [0m:      		round 34: 0.711153466763311
[92mINFO [0m:      		round 35: 1.0863590869803728
[92mINFO [0m:      		round 36: 1.1294985822404726
[92mINFO [0m:      		round 37: 1.3735277606387912
[92mINFO [0m:      		round 38: 0.7866523693114192
[92mINFO [0m:      		round 39: 0.8081847337164646
[92mINFO [0m:      		round 40: 1.5640793064180185
[92mINFO [0m:      		round 41: 1.748648990068217
[92mINFO [0m:      		round 42: 1.145683052651547
[92mINFO [0m:      		round 43: 0.8851496896976726
[92mINFO [0m:      		round 44: 1.783684347942843
[92mINFO [0m:      		round 45: 1.0485954555652197
[92mINFO [0m:      		round 46: 0.9862077861935168
[92mINFO [0m:      		round 47: 1.0270290851355313
[92mINFO [0m:      		round 48: 0.8130477825523255
[92mINFO [0m:      		round 49: 1.6424087731693227
[92mINFO [0m:      		round 50: 2.304931778731874
[92mINFO [0m:      		round 51: 1.4215850934668528
[92mINFO [0m:      		round 52: 1.0300968928803
[92mINFO [0m:      		round 53: 1.2787094516744641
[92mINFO [0m:      		round 54: 1.5859888832447893
[92mINFO [0m:      		round 55: 1.0776158798846267
[92mINFO [0m:      		round 56: 1.2238470928024794
[92mINFO [0m:      		round 57: 1.4963018491284796
[92mINFO [0m:      		round 58: 0.9173553966334905
[92mINFO [0m:      		round 59: 1.349057973916842
[92mINFO [0m:      		round 60: 0.9851243608256993
[92mINFO [0m:      		round 61: 0.7598775107625236
[92mINFO [0m:      		round 62: 1.757137273981469
[92mINFO [0m:      		round 63: 0.9915098221090475
[92mINFO [0m:      		round 64: 0.9218160274734764
[92mINFO [0m:      		round 65: 1.3921185755658363
[92mINFO [0m:      		round 66: 0.9575545600618227
[92mINFO [0m:      		round 67: 1.2789775432641817
[92mINFO [0m:      		round 68: 0.8805438170166814
[92mINFO [0m:      		round 69: 1.8341151505619555
[92mINFO [0m:      		round 70: 1.200761938974603
[92mINFO [0m:      		round 71: 1.3637383838712516
[92mINFO [0m:      		round 72: 1.310381313917763
[92mINFO [0m:      		round 73: 1.1347274503346574
[92mINFO [0m:      		round 74: 1.1802805623528014
[92mINFO [0m:      		round 75: 1.0877545054032582
[92mINFO [0m:      		round 76: 1.619569097891643
[92mINFO [0m:      		round 77: 1.1429458124449816
[92mINFO [0m:      		round 78: 1.2989370628582277
[92mINFO [0m:      		round 79: 1.511886078362926
[92mINFO [0m:      		round 80: 1.3339301184310037
[92mINFO [0m:      		round 81: 1.1246147353057252
[92mINFO [0m:      		round 82: 2.143814317963772
[92mINFO [0m:      		round 83: 1.0033779540066705
[92mINFO [0m:      		round 84: 1.808655119607836
[92mINFO [0m:      		round 85: 1.2050157030700805
[92mINFO [0m:      		round 86: 1.3998712374942965
[92mINFO [0m:      		round 87: 1.2427797437546142
[92mINFO [0m:      		round 88: 1.5043688034369487
[92mINFO [0m:      		round 89: 1.8062377891179215
[92mINFO [0m:      		round 90: 1.9340717818658588
[92mINFO [0m:      		round 91: 1.0627283235846583
[92mINFO [0m:      		round 92: 1.2922527265929036
[92mINFO [0m:      		round 93: 2.7551698782151623
[92mINFO [0m:      		round 94: 1.2080384181479988
[92mINFO [0m:      		round 95: 1.2541582463151317
[92mINFO [0m:      		round 96: 1.2805014221166684
[92mINFO [0m:      		round 97: 1.3084979661083886
[92mINFO [0m:      		round 98: 1.8480105786356826
[92mINFO [0m:      		round 99: 1.1891735354781983
[92mINFO [0m:      		round 100: 1.3482837823190812
[92mINFO [0m:      	History (metrics, centralized):
[92mINFO [0m:      	{'accuracy': [(0, 0.011964107676969093),
[92mINFO [0m:      	              (1, 0.6689930209371885),
[92mINFO [0m:      	              (2, 0.6689930209371885),
[92mINFO [0m:      	              (3, 0.674975074775673),
[92mINFO [0m:      	              (4, 0.6839481555333998),
[92mINFO [0m:      	              (5, 0.6689930209371885),
[92mINFO [0m:      	              (6, 0.6699900299102692),
[92mINFO [0m:      	              (7, 0.7018943170488534),
[92mINFO [0m:      	              (8, 0.674975074775673),
[92mINFO [0m:      	              (9, 0.6739780658025922),
[92mINFO [0m:      	              (10, 0.7108673978065803),
[92mINFO [0m:      	              (11, 0.7208374875373879),
[92mINFO [0m:      	              (12, 0.7318045862412762),
[92mINFO [0m:      	              (13, 0.6849451645064806),
[92mINFO [0m:      	              (14, 0.674975074775673),
[92mINFO [0m:      	              (15, 0.6939182452642074),
[92mINFO [0m:      	              (16, 0.711864406779661),
[92mINFO [0m:      	              (17, 0.6939182452642074),
[92mINFO [0m:      	              (18, 0.7168494516450648),
[92mINFO [0m:      	              (19, 0.7248255234297108),
[92mINFO [0m:      	              (20, 0.7387836490528414),
[92mINFO [0m:      	              (21, 0.7018943170488534),
[92mINFO [0m:      	              (22, 0.6719840478564307),
[92mINFO [0m:      	              (23, 0.6899302093718843),
[92mINFO [0m:      	              (24, 0.7298105682951147),
[92mINFO [0m:      	              (25, 0.6859421734795613),
[92mINFO [0m:      	              (26, 0.5972083748753739),
[92mINFO [0m:      	              (27, 0.7168494516450648),
[92mINFO [0m:      	              (28, 0.6889332003988036),
[92mINFO [0m:      	              (29, 0.711864406779661),
[92mINFO [0m:      	              (30, 0.715852442671984),
[92mINFO [0m:      	              (31, 0.7248255234297108),
[92mINFO [0m:      	              (32, 0.7218344965104686),
[92mINFO [0m:      	              (33, 0.7337986041874377),
[92mINFO [0m:      	              (34, 0.7627118644067796),
[92mINFO [0m:      	              (35, 0.7218344965104686),
[92mINFO [0m:      	              (36, 0.6839481555333998),
[92mINFO [0m:      	              (37, 0.7238285144566301),
[92mINFO [0m:      	              (38, 0.765702891326022),
[92mINFO [0m:      	              (39, 0.7168494516450648),
[92mINFO [0m:      	              (40, 0.6999002991026919),
[92mINFO [0m:      	              (41, 0.6839481555333998),
[92mINFO [0m:      	              (42, 0.7208374875373879),
[92mINFO [0m:      	              (43, 0.7098703888334995),
[92mINFO [0m:      	              (44, 0.6889332003988036),
[92mINFO [0m:      	              (45, 0.6570289132602194),
[92mINFO [0m:      	              (46, 0.7337986041874377),
[92mINFO [0m:      	              (47, 0.744765702891326),
[92mINFO [0m:      	              (48, 0.7038883349950149),
[92mINFO [0m:      	              (49, 0.674975074775673),
[92mINFO [0m:      	              (50, 0.674975074775673),
[92mINFO [0m:      	              (51, 0.6400797607178464),
[92mINFO [0m:      	              (52, 0.7507477567298105),
[92mINFO [0m:      	              (53, 0.6929212362911267),
[92mINFO [0m:      	              (54, 0.7008973080757727),
[92mINFO [0m:      	              (55, 0.7497507477567298),
[92mINFO [0m:      	              (56, 0.7188434695912264),
[92mINFO [0m:      	              (57, 0.7337986041874377),
[92mINFO [0m:      	              (58, 0.7308075772681955),
[92mINFO [0m:      	              (59, 0.6759720837487537),
[92mINFO [0m:      	              (60, 0.711864406779661),
[92mINFO [0m:      	              (61, 0.7567298105682951),
[92mINFO [0m:      	              (62, 0.7058823529411765),
[92mINFO [0m:      	              (63, 0.6779661016949152),
[92mINFO [0m:      	              (64, 0.7357926221335992),
[92mINFO [0m:      	              (65, 0.7258225324027916),
[92mINFO [0m:      	              (66, 0.7198404785643071),
[92mINFO [0m:      	              (67, 0.7148554336989033),
[92mINFO [0m:      	              (68, 0.7288135593220338),
[92mINFO [0m:      	              (69, 0.6999002991026919),
[92mINFO [0m:      	              (70, 0.6669990029910269),
[92mINFO [0m:      	              (71, 0.6410767696909272),
[92mINFO [0m:      	              (72, 0.7318045862412762),
[92mINFO [0m:      	              (73, 0.7248255234297108),
[92mINFO [0m:      	              (74, 0.7188434695912264),
[92mINFO [0m:      	              (75, 0.7367896311066799),
[92mINFO [0m:      	              (76, 0.7347956131605184),
[92mINFO [0m:      	              (77, 0.7198404785643071),
[92mINFO [0m:      	              (78, 0.6919242273180458),
[92mINFO [0m:      	              (79, 0.7108673978065803),
[92mINFO [0m:      	              (80, 0.7477567298105683),
[92mINFO [0m:      	              (81, 0.6959122632103689),
[92mINFO [0m:      	              (82, 0.6799601196410767),
[92mINFO [0m:      	              (83, 0.7377866400797607),
[92mINFO [0m:      	              (84, 0.6979062811565304),
[92mINFO [0m:      	              (85, 0.6779661016949152),
[92mINFO [0m:      	              (86, 0.7258225324027916),
[92mINFO [0m:      	              (87, 0.732801595214357),
[92mINFO [0m:      	              (88, 0.67098703888335),
[92mINFO [0m:      	              (89, 0.7198404785643071),
[92mINFO [0m:      	              (90, 0.5264207377866401),
[92mINFO [0m:      	              (91, 0.7168494516450648),
[92mINFO [0m:      	              (92, 0.7108673978065803),
[92mINFO [0m:      	              (93, 0.4426719840478564),
[92mINFO [0m:      	              (94, 0.7048853439680958),
[92mINFO [0m:      	              (95, 0.7238285144566301),
[92mINFO [0m:      	              (96, 0.7208374875373879),
[92mINFO [0m:      	              (97, 0.6141575274177468),
[92mINFO [0m:      	              (98, 0.6859421734795613),
[92mINFO [0m:      	              (99, 0.7048853439680958),
[92mINFO [0m:      	              (100, 0.6699900299102692)],
[92mINFO [0m:      	 'balanced_accuracy': [(0, 0.14285714285714285),
[92mINFO [0m:      	                       (1, 0.14285714285714285),
[92mINFO [0m:      	                       (2, 0.14285714285714285),
[92mINFO [0m:      	                       (3, 0.1662065080097867),
[92mINFO [0m:      	                       (4, 0.16559506067702787),
[92mINFO [0m:      	                       (5, 0.14285714285714285),
[92mINFO [0m:      	                       (6, 0.14629234301365449),
[92mINFO [0m:      	                       (7, 0.2791053209085996),
[92mINFO [0m:      	                       (8, 0.15064935064935064),
[92mINFO [0m:      	                       (9, 0.15238095238095237),
[92mINFO [0m:      	                       (10, 0.2775799532239813),
[92mINFO [0m:      	                       (11, 0.2729409934327967),
[92mINFO [0m:      	                       (12, 0.2993471747570108),
[92mINFO [0m:      	                       (13, 0.20910034540011121),
[92mINFO [0m:      	                       (14, 0.16403358546215688),
[92mINFO [0m:      	                       (15, 0.25447470014214746),
[92mINFO [0m:      	                       (16, 0.23036525682895706),
[92mINFO [0m:      	                       (17, 0.24871659766273352),
[92mINFO [0m:      	                       (18, 0.2928176819277522),
[92mINFO [0m:      	                       (19, 0.31146924893997496),
[92mINFO [0m:      	                       (20, 0.3463424817054794),
[92mINFO [0m:      	                       (21, 0.2516297846508619),
[92mINFO [0m:      	                       (22, 0.352567533949267),
[92mINFO [0m:      	                       (23, 0.2130297493295151),
[92mINFO [0m:      	                       (24, 0.2815412618691307),
[92mINFO [0m:      	                       (25, 0.21078231851065574),
[92mINFO [0m:      	                       (26, 0.30083127624111233),
[92mINFO [0m:      	                       (27, 0.40504113372965833),
[92mINFO [0m:      	                       (28, 0.21332879412504704),
[92mINFO [0m:      	                       (29, 0.3363230614987055),
[92mINFO [0m:      	                       (30, 0.2868037873892675),
[92mINFO [0m:      	                       (31, 0.33283082088702703),
[92mINFO [0m:      	                       (32, 0.3049516985114175),
[92mINFO [0m:      	                       (33, 0.3084770420835995),
[92mINFO [0m:      	                       (34, 0.4165786657589936),
[92mINFO [0m:      	                       (35, 0.31345582176963915),
[92mINFO [0m:      	                       (36, 0.2840653881637488),
[92mINFO [0m:      	                       (37, 0.2945481138689569),
[92mINFO [0m:      	                       (38, 0.3728539494347457),
[92mINFO [0m:      	                       (39, 0.4184195375061886),
[92mINFO [0m:      	                       (40, 0.24346277601546923),
[92mINFO [0m:      	                       (41, 0.21194946581363444),
[92mINFO [0m:      	                       (42, 0.288492368234757),
[92mINFO [0m:      	                       (43, 0.3524827410073312),
[92mINFO [0m:      	                       (44, 0.23963251656460088),
[92mINFO [0m:      	                       (45, 0.3351776406811536),
[92mINFO [0m:      	                       (46, 0.3281862007857324),
[92mINFO [0m:      	                       (47, 0.3846061506483052),
[92mINFO [0m:      	                       (48, 0.42489386681424157),
[92mINFO [0m:      	                       (49, 0.16679748822605966),
[92mINFO [0m:      	                       (50, 0.19941128348622492),
[92mINFO [0m:      	                       (51, 0.32718565482031525),
[92mINFO [0m:      	                       (52, 0.40990203542896747),
[92mINFO [0m:      	                       (53, 0.3138088687269015),
[92mINFO [0m:      	                       (54, 0.22208777044842617),
[92mINFO [0m:      	                       (55, 0.39212227631431373),
[92mINFO [0m:      	                       (56, 0.2866481894584939),
[92mINFO [0m:      	                       (57, 0.3036281439091743),
[92mINFO [0m:      	                       (58, 0.35620992190078843),
[92mINFO [0m:      	                       (59, 0.3576531587070229),
[92mINFO [0m:      	                       (60, 0.30815264972173634),
[92mINFO [0m:      	                       (61, 0.44895412518363337),
[92mINFO [0m:      	                       (62, 0.2420126321765666),
[92mINFO [0m:      	                       (63, 0.401079313959876),
[92mINFO [0m:      	                       (64, 0.37977589640353104),
[92mINFO [0m:      	                       (65, 0.31064540034095073),
[92mINFO [0m:      	                       (66, 0.4354205956079493),
[92mINFO [0m:      	                       (67, 0.2989055799360249),
[92mINFO [0m:      	                       (68, 0.4812838858506306),
[92mINFO [0m:      	                       (69, 0.24928002457276463),
[92mINFO [0m:      	                       (70, 0.4004934702826975),
[92mINFO [0m:      	                       (71, 0.3230208100231519),
[92mINFO [0m:      	                       (72, 0.34841041082258883),
[92mINFO [0m:      	                       (73, 0.32004518784378266),
[92mINFO [0m:      	                       (74, 0.41184665809958554),
[92mINFO [0m:      	                       (75, 0.3543746820093424),
[92mINFO [0m:      	                       (76, 0.35506039206273393),
[92mINFO [0m:      	                       (77, 0.3098955836660755),
[92mINFO [0m:      	                       (78, 0.38721738206515727),
[92mINFO [0m:      	                       (79, 0.3126247995100454),
[92mINFO [0m:      	                       (80, 0.4406502942802709),
[92mINFO [0m:      	                       (81, 0.39938308310673654),
[92mINFO [0m:      	                       (82, 0.19671218078712224),
[92mINFO [0m:      	                       (83, 0.405897417138635),
[92mINFO [0m:      	                       (84, 0.21222242322944898),
[92mINFO [0m:      	                       (85, 0.4013363474721788),
[92mINFO [0m:      	                       (86, 0.3609194864464186),
[92mINFO [0m:      	                       (87, 0.3580622154392646),
[92mINFO [0m:      	                       (88, 0.29136467895250096),
[92mINFO [0m:      	                       (89, 0.30583034599428044),
[92mINFO [0m:      	                       (90, 0.33873211098035455),
[92mINFO [0m:      	                       (91, 0.3519179103488237),
[92mINFO [0m:      	                       (92, 0.2789032580601667),
[92mINFO [0m:      	                       (93, 0.3038510279728079),
[92mINFO [0m:      	                       (94, 0.28807082109189835),
[92mINFO [0m:      	                       (95, 0.4126225389691432),
[92mINFO [0m:      	                       (96, 0.31648834845556156),
[92mINFO [0m:      	                       (97, 0.4247533117556536),
[92mINFO [0m:      	                       (98, 0.24963588324244063),
[92mINFO [0m:      	                       (99, 0.28259778704743577),
[92mINFO [0m:      	                       (100, 0.33079394390869804)],
[92mINFO [0m:      	 'f1_actinic_keratoses_an': [(0, 0.0),
[92mINFO [0m:      	                             (1, 0.0),
[92mINFO [0m:      	                             (2, 0.0),
[92mINFO [0m:      	                             (3, 0.0),
[92mINFO [0m:      	                             (4, 0.0),
[92mINFO [0m:      	                             (5, 0.0),
[92mINFO [0m:      	                             (6, 0.0),
[92mINFO [0m:      	                             (7, 0.0),
[92mINFO [0m:      	                             (8, 0.0),
[92mINFO [0m:      	                             (9, 0.05555555555555555),
[92mINFO [0m:      	                             (10, 0.0),
[92mINFO [0m:      	                             (11, 0.19047619047619047),
[92mINFO [0m:      	                             (12, 0.0),
[92mINFO [0m:      	                             (13, 0.05714285714285714),
[92mINFO [0m:      	                             (14, 0.05714285714285714),
[92mINFO [0m:      	                             (15, 0.2711864406779661),
[92mINFO [0m:      	                             (16, 0.058823529411764705),
[92mINFO [0m:      	                             (17, 0.15384615384615385),
[92mINFO [0m:      	                             (18, 0.10526315789473684),
[92mINFO [0m:      	                             (19, 0.21739130434782608),
[92mINFO [0m:      	                             (20, 0.058823529411764705),
[92mINFO [0m:      	                             (21, 0.2857142857142857),
[92mINFO [0m:      	                             (22, 0.058823529411764705),
[92mINFO [0m:      	                             (23, 0.0),
[92mINFO [0m:      	                             (24, 0.0),
[92mINFO [0m:      	                             (25, 0.0),
[92mINFO [0m:      	                             (26, 0.0),
[92mINFO [0m:      	                             (27, 0.20833333333333334),
[92mINFO [0m:      	                             (28, 0.0),
[92mINFO [0m:      	                             (29, 0.0),
[92mINFO [0m:      	                             (30, 0.11428571428571428),
[92mINFO [0m:      	                             (31, 0.18181818181818182),
[92mINFO [0m:      	                             (32, 0.2962962962962963),
[92mINFO [0m:      	                             (33, 0.15384615384615385),
[92mINFO [0m:      	                             (34, 0.2),
[92mINFO [0m:      	                             (35, 0.058823529411764705),
[92mINFO [0m:      	                             (36, 0.0),
[92mINFO [0m:      	                             (37, 0.0),
[92mINFO [0m:      	                             (38, 0.0),
[92mINFO [0m:      	                             (39, 0.3050847457627119),
[92mINFO [0m:      	                             (40, 0.0),
[92mINFO [0m:      	                             (41, 0.05),
[92mINFO [0m:      	                             (42, 0.10810810810810811),
[92mINFO [0m:      	                             (43, 0.3333333333333333),
[92mINFO [0m:      	                             (44, 0.0),
[92mINFO [0m:      	                             (45, 0.14634146341463414),
[92mINFO [0m:      	                             (46, 0.0),
[92mINFO [0m:      	                             (47, 0.2641509433962264),
[92mINFO [0m:      	                             (48, 0.3076923076923077),
[92mINFO [0m:      	                             (49, 0.0),
[92mINFO [0m:      	                             (50, 0.0),
[92mINFO [0m:      	                             (51, 0.0),
[92mINFO [0m:      	                             (52, 0.18181818181818182),
[92mINFO [0m:      	                             (53, 0.2802547770700637),
[92mINFO [0m:      	                             (54, 0.0),
[92mINFO [0m:      	                             (55, 0.31746031746031744),
[92mINFO [0m:      	                             (56, 0.0),
[92mINFO [0m:      	                             (57, 0.0),
[92mINFO [0m:      	                             (58, 0.3157894736842105),
[92mINFO [0m:      	                             (59, 0.18181818181818182),
[92mINFO [0m:      	                             (60, 0.0),
[92mINFO [0m:      	                             (61, 0.27450980392156865),
[92mINFO [0m:      	                             (62, 0.21739130434782608),
[92mINFO [0m:      	                             (63, 0.05714285714285714),
[92mINFO [0m:      	                             (64, 0.05714285714285714),
[92mINFO [0m:      	                             (65, 0.05405405405405406),
[92mINFO [0m:      	                             (66, 0.11428571428571428),
[92mINFO [0m:      	                             (67, 0.0),
[92mINFO [0m:      	                             (68, 0.3418803418803419),
[92mINFO [0m:      	                             (69, 0.0),
[92mINFO [0m:      	                             (70, 0.0),
[92mINFO [0m:      	                             (71, 0.11428571428571428),
[92mINFO [0m:      	                             (72, 0.0),
[92mINFO [0m:      	                             (73, 0.0),
[92mINFO [0m:      	                             (74, 0.09523809523809523),
[92mINFO [0m:      	                             (75, 0.058823529411764705),
[92mINFO [0m:      	                             (76, 0.05714285714285714),
[92mINFO [0m:      	                             (77, 0.3611111111111111),
[92mINFO [0m:      	                             (78, 0.10256410256410256),
[92mINFO [0m:      	                             (79, 0.20512820512820512),
[92mINFO [0m:      	                             (80, 0.3783783783783784),
[92mINFO [0m:      	                             (81, 0.36486486486486486),
[92mINFO [0m:      	                             (82, 0.0),
[92mINFO [0m:      	                             (83, 0.38461538461538464),
[92mINFO [0m:      	                             (84, 0.0),
[92mINFO [0m:      	                             (85, 0.3404255319148936),
[92mINFO [0m:      	                             (86, 0.37037037037037035),
[92mINFO [0m:      	                             (87, 0.05405405405405406),
[92mINFO [0m:      	                             (88, 0.0),
[92mINFO [0m:      	                             (89, 0.13953488372093023),
[92mINFO [0m:      	                             (90, 0.1111111111111111),
[92mINFO [0m:      	                             (91, 0.3684210526315789),
[92mINFO [0m:      	                             (92, 0.10256410256410256),
[92mINFO [0m:      	                             (93, 0.18604651162790697),
[92mINFO [0m:      	                             (94, 0.0),
[92mINFO [0m:      	                             (95, 0.0),
[92mINFO [0m:      	                             (96, 0.4482758620689655),
[92mINFO [0m:      	                             (97, 0.24561403508771928),
[92mINFO [0m:      	                             (98, 0.32432432432432434),
[92mINFO [0m:      	                             (99, 0.17777777777777778),
[92mINFO [0m:      	                             (100, 0.18867924528301888)],
[92mINFO [0m:      	 'f1_basal_cell_carcinoma': [(0, 0.0),
[92mINFO [0m:      	                             (1, 0.0),
[92mINFO [0m:      	                             (2, 0.0),
[92mINFO [0m:      	                             (3, 0.1728395061728395),
[92mINFO [0m:      	                             (4, 0.0),
[92mINFO [0m:      	                             (5, 0.0),
[92mINFO [0m:      	                             (6, 0.0),
[92mINFO [0m:      	                             (7, 0.35714285714285715),
[92mINFO [0m:      	                             (8, 0.0),
[92mINFO [0m:      	                             (9, 0.0),
[92mINFO [0m:      	                             (10, 0.16393442622950818),
[92mINFO [0m:      	                             (11, 0.3783783783783784),
[92mINFO [0m:      	                             (12, 0.528),
[92mINFO [0m:      	                             (13, 0.345679012345679),
[92mINFO [0m:      	                             (14, 0.03773584905660377),
[92mINFO [0m:      	                             (15, 0.07272727272727272),
[92mINFO [0m:      	                             (16, 0.0),
[92mINFO [0m:      	                             (17, 0.2777777777777778),
[92mINFO [0m:      	                             (18, 0.3076923076923077),
[92mINFO [0m:      	                             (19, 0.43243243243243246),
[92mINFO [0m:      	                             (20, 0.29411764705882354),
[92mINFO [0m:      	                             (21, 0.3380281690140845),
[92mINFO [0m:      	                             (22, 0.5688073394495413),
[92mINFO [0m:      	                             (23, 0.21875),
[92mINFO [0m:      	                             (24, 0.49504950495049505),
[92mINFO [0m:      	                             (25, 0.09523809523809523),
[92mINFO [0m:      	                             (26, 0.45217391304347826),
[92mINFO [0m:      	                             (27, 0.5576923076923077),
[92mINFO [0m:      	                             (28, 0.125),
[92mINFO [0m:      	                             (29, 0.43010752688172044),
[92mINFO [0m:      	                             (30, 0.34285714285714286),
[92mINFO [0m:      	                             (31, 0.5645161290322581),
[92mINFO [0m:      	                             (32, 0.5225225225225225),
[92mINFO [0m:      	                             (33, 0.37142857142857144),
[92mINFO [0m:      	                             (34, 0.5287356321839081),
[92mINFO [0m:      	                             (35, 0.35135135135135137),
[92mINFO [0m:      	                             (36, 0.29850746268656714),
[92mINFO [0m:      	                             (37, 0.3902439024390244),
[92mINFO [0m:      	                             (38, 0.5576923076923077),
[92mINFO [0m:      	                             (39, 0.5401459854014599),
[92mINFO [0m:      	                             (40, 0.0),
[92mINFO [0m:      	                             (41, 0.0),
[92mINFO [0m:      	                             (42, 0.4473684210526316),
[92mINFO [0m:      	                             (43, 0.5),
[92mINFO [0m:      	                             (44, 0.13333333333333333),
[92mINFO [0m:      	                             (45, 0.37037037037037035),
[92mINFO [0m:      	                             (46, 0.29411764705882354),
[92mINFO [0m:      	                             (47, 0.5714285714285714),
[92mINFO [0m:      	                             (48, 0.5581395348837209),
[92mINFO [0m:      	                             (49, 0.16393442622950818),
[92mINFO [0m:      	                             (50, 0.03636363636363636),
[92mINFO [0m:      	                             (51, 0.3283582089552239),
[92mINFO [0m:      	                             (52, 0.5813953488372093),
[92mINFO [0m:      	                             (53, 0.20588235294117646),
[92mINFO [0m:      	                             (54, 0.43902439024390244),
[92mINFO [0m:      	                             (55, 0.5825242718446602),
[92mINFO [0m:      	                             (56, 0.2727272727272727),
[92mINFO [0m:      	                             (57, 0.5434782608695652),
[92mINFO [0m:      	                             (58, 0.54),
[92mINFO [0m:      	                             (59, 0.4810126582278481),
[92mINFO [0m:      	                             (60, 0.26666666666666666),
[92mINFO [0m:      	                             (61, 0.6017699115044248),
[92mINFO [0m:      	                             (62, 0.38235294117647056),
[92mINFO [0m:      	                             (63, 0.4634146341463415),
[92mINFO [0m:      	                             (64, 0.5346534653465347),
[92mINFO [0m:      	                             (65, 0.3013698630136986),
[92mINFO [0m:      	                             (66, 0.5862068965517241),
[92mINFO [0m:      	                             (67, 0.03773584905660377),
[92mINFO [0m:      	                             (68, 0.6141732283464567),
[92mINFO [0m:      	                             (69, 0.0),
[92mINFO [0m:      	                             (70, 0.4358974358974359),
[92mINFO [0m:      	                             (71, 0.29850746268656714),
[92mINFO [0m:      	                             (72, 0.5054945054945055),
[92mINFO [0m:      	                             (73, 0.2727272727272727),
[92mINFO [0m:      	                             (74, 0.5785123966942148),
[92mINFO [0m:      	                             (75, 0.4358974358974359),
[92mINFO [0m:      	                             (76, 0.3880597014925373),
[92mINFO [0m:      	                             (77, 0.4444444444444444),
[92mINFO [0m:      	                             (78, 0.4473684210526316),
[92mINFO [0m:      	                             (79, 0.4166666666666667),
[92mINFO [0m:      	                             (80, 0.6185567010309279),
[92mINFO [0m:      	                             (81, 0.4878048780487805),
[92mINFO [0m:      	                             (82, 0.07407407407407407),
[92mINFO [0m:      	                             (83, 0.475),
[92mINFO [0m:      	                             (84, 0.07407407407407407),
[92mINFO [0m:      	                             (85, 0.43902439024390244),
[92mINFO [0m:      	                             (86, 0.5063291139240507),
[92mINFO [0m:      	                             (87, 0.3582089552238806),
[92mINFO [0m:      	                             (88, 0.0),
[92mINFO [0m:      	                             (89, 0.3939393939393939),
[92mINFO [0m:      	                             (90, 0.3333333333333333),
[92mINFO [0m:      	                             (91, 0.5238095238095238),
[92mINFO [0m:      	                             (92, 0.3125),
[92mINFO [0m:      	                             (93, 0.4444444444444444),
[92mINFO [0m:      	                             (94, 0.03773584905660377),
[92mINFO [0m:      	                             (95, 0.410958904109589),
[92mINFO [0m:      	                             (96, 0.43243243243243246),
[92mINFO [0m:      	                             (97, 0.4819277108433735),
[92mINFO [0m:      	                             (98, 0.20689655172413793),
[92mINFO [0m:      	                             (99, 0.3384615384615385),
[92mINFO [0m:      	                             (100, 0.3235294117647059)],
[92mINFO [0m:      	 'f1_benign_keratosis-lik': [(0, 0.0),
[92mINFO [0m:      	                             (1, 0.0),
[92mINFO [0m:      	                             (2, 0.0),
[92mINFO [0m:      	                             (3, 0.05172413793103448),
[92mINFO [0m:      	                             (4, 0.24),
[92mINFO [0m:      	                             (5, 0.0),
[92mINFO [0m:      	                             (6, 0.0),
[92mINFO [0m:      	                             (7, 0.484149855907781),
[92mINFO [0m:      	                             (8, 0.09523809523809523),
[92mINFO [0m:      	                             (9, 0.06611570247933884),
[92mINFO [0m:      	                             (10, 0.5033557046979866),
[92mINFO [0m:      	                             (11, 0.45132743362831856),
[92mINFO [0m:      	                             (12, 0.4421052631578947),
[92mINFO [0m:      	                             (13, 0.05172413793103448),
[92mINFO [0m:      	                             (14, 0.05309734513274336),
[92mINFO [0m:      	                             (15, 0.11382113821138211),
[92mINFO [0m:      	                             (16, 0.4413145539906103),
[92mINFO [0m:      	                             (17, 0.0),
[92mINFO [0m:      	                             (18, 0.4120603015075377),
[92mINFO [0m:      	                             (19, 0.4307692307692308),
[92mINFO [0m:      	                             (20, 0.5095057034220533),
[92mINFO [0m:      	                             (21, 0.21374045801526717),
[92mINFO [0m:      	                             (22, 0.4404494382022472),
[92mINFO [0m:      	                             (23, 0.2127659574468085),
[92mINFO [0m:      	                             (24, 0.21052631578947367),
[92mINFO [0m:      	                             (25, 0.0),
[92mINFO [0m:      	                             (26, 0.0),
[92mINFO [0m:      	                             (27, 0.47368421052631576),
[92mINFO [0m:      	                             (28, 0.0),
[92mINFO [0m:      	                             (29, 0.017857142857142856),
[92mINFO [0m:      	                             (30, 0.3614457831325301),
[92mINFO [0m:      	                             (31, 0.09836065573770492),
[92mINFO [0m:      	                             (32, 0.035398230088495575),
[92mINFO [0m:      	                             (33, 0.5213270142180095),
[92mINFO [0m:      	                             (34, 0.5),
[92mINFO [0m:      	                             (35, 0.42045454545454547),
[92mINFO [0m:      	                             (36, 0.4460431654676259),
[92mINFO [0m:      	                             (37, 0.46808510638297873),
[92mINFO [0m:      	                             (38, 0.5431034482758621),
[92mINFO [0m:      	                             (39, 0.4609375),
[92mINFO [0m:      	                             (40, 0.018018018018018018),
[92mINFO [0m:      	                             (41, 0.018018018018018018),
[92mINFO [0m:      	                             (42, 0.1791044776119403),
[92mINFO [0m:      	                             (43, 0.10084033613445378),
[92mINFO [0m:      	                             (44, 0.0),
[92mINFO [0m:      	                             (45, 0.05263157894736842),
[92mINFO [0m:      	                             (46, 0.3670886075949367),
[92mINFO [0m:      	                             (47, 0.3333333333333333),
[92mINFO [0m:      	                             (48, 0.44884488448844884),
[92mINFO [0m:      	                             (49, 0.0),
[92mINFO [0m:      	                             (50, 0.018018018018018018),
[92mINFO [0m:      	                             (51, 0.018018018018018018),
[92mINFO [0m:      	                             (52, 0.5287356321839081),
[92mINFO [0m:      	                             (53, 0.43621399176954734),
[92mINFO [0m:      	                             (54, 0.1016949152542373),
[92mINFO [0m:      	                             (55, 0.4723618090452261),
[92mINFO [0m:      	                             (56, 0.23255813953488372),
[92mINFO [0m:      	                             (57, 0.49137931034482757),
[92mINFO [0m:      	                             (58, 0.11764705882352941),
[92mINFO [0m:      	                             (59, 0.4429223744292237),
[92mINFO [0m:      	                             (60, 0.14285714285714285),
[92mINFO [0m:      	                             (61, 0.45454545454545453),
[92mINFO [0m:      	                             (62, 0.3116883116883117),
[92mINFO [0m:      	                             (63, 0.4262295081967213),
[92mINFO [0m:      	                             (64, 0.2153846153846154),
[92mINFO [0m:      	                             (65, 0.5024154589371981),
[92mINFO [0m:      	                             (66, 0.48044692737430167),
[92mINFO [0m:      	                             (67, 0.15625),
[92mINFO [0m:      	                             (68, 0.45454545454545453),
[92mINFO [0m:      	                             (69, 0.3076923076923077),
[92mINFO [0m:      	                             (70, 0.11666666666666667),
[92mINFO [0m:      	                             (71, 0.42332613390928725),
[92mINFO [0m:      	                             (72, 0.5338345864661654),
[92mINFO [0m:      	                             (73, 0.38323353293413176),
[92mINFO [0m:      	                             (74, 0.5152542372881356),
[92mINFO [0m:      	                             (75, 0.3803680981595092),
[92mINFO [0m:      	                             (76, 0.5081967213114754),
[92mINFO [0m:      	                             (77, 0.10256410256410256),
[92mINFO [0m:      	                             (78, 0.44019138755980863),
[92mINFO [0m:      	                             (79, 0.018018018018018018),
[92mINFO [0m:      	                             (80, 0.52),
[92mINFO [0m:      	                             (81, 0.40418118466898956),
[92mINFO [0m:      	                             (82, 0.05263157894736842),
[92mINFO [0m:      	                             (83, 0.37209302325581395),
[92mINFO [0m:      	                             (84, 0.26573426573426573),
[92mINFO [0m:      	                             (85, 0.4322766570605187),
[92mINFO [0m:      	                             (86, 0.4406779661016949),
[92mINFO [0m:      	                             (87, 0.48360655737704916),
[92mINFO [0m:      	                             (88, 0.08695652173913043),
[92mINFO [0m:      	                             (89, 0.36046511627906974),
[92mINFO [0m:      	                             (90, 0.0),
[92mINFO [0m:      	                             (91, 0.30666666666666664),
[92mINFO [0m:      	                             (92, 0.14634146341463414),
[92mINFO [0m:      	                             (93, 0.2883845126835781),
[92mINFO [0m:      	                             (94, 0.15126050420168066),
[92mINFO [0m:      	                             (95, 0.4853801169590643),
[92mINFO [0m:      	                             (96, 0.176),
[92mINFO [0m:      	                             (97, 0.37109375),
[92mINFO [0m:      	                             (98, 0.03508771929824561),
[92mINFO [0m:      	                             (99, 0.1746031746031746),
[92mINFO [0m:      	                             (100, 0.42592592592592593)],
[92mINFO [0m:      	 'f1_dermatofibroma': [(0, 0.023645320197044337),
[92mINFO [0m:      	                       (1, 0.0),
[92mINFO [0m:      	                       (2, 0.0),
[92mINFO [0m:      	                       (3, 0.0),
[92mINFO [0m:      	                       (4, 0.0),
[92mINFO [0m:      	                       (5, 0.0),
[92mINFO [0m:      	                       (6, 0.0),
[92mINFO [0m:      	                       (7, 0.0),
[92mINFO [0m:      	                       (8, 0.0),
[92mINFO [0m:      	                       (9, 0.0),
[92mINFO [0m:      	                       (10, 0.15384615384615385),
[92mINFO [0m:      	                       (11, 0.15384615384615385),
[92mINFO [0m:      	                       (12, 0.13333333333333333),
[92mINFO [0m:      	                       (13, 0.0),
[92mINFO [0m:      	                       (14, 0.0),
[92mINFO [0m:      	                       (15, 0.0),
[92mINFO [0m:      	                       (16, 0.0),
[92mINFO [0m:      	                       (17, 0.0),
[92mINFO [0m:      	                       (18, 0.13333333333333333),
[92mINFO [0m:      	                       (19, 0.0),
[92mINFO [0m:      	                       (20, 0.0),
[92mINFO [0m:      	                       (21, 0.0),
[92mINFO [0m:      	                       (22, 0.0),
[92mINFO [0m:      	                       (23, 0.15384615384615385),
[92mINFO [0m:      	                       (24, 0.09523809523809523),
[92mINFO [0m:      	                       (25, 0.15384615384615385),
[92mINFO [0m:      	                       (26, 0.0),
[92mINFO [0m:      	                       (27, 0.0),
[92mINFO [0m:      	                       (28, 0.0),
[92mINFO [0m:      	                       (29, 0.15384615384615385),
[92mINFO [0m:      	                       (30, 0.14285714285714285),
[92mINFO [0m:      	                       (31, 0.15384615384615385),
[92mINFO [0m:      	                       (32, 0.0),
[92mINFO [0m:      	                       (33, 0.3076923076923077),
[92mINFO [0m:      	                       (34, 0.15384615384615385),
[92mINFO [0m:      	                       (35, 0.0),
[92mINFO [0m:      	                       (36, 0.09523809523809523),
[92mINFO [0m:      	                       (37, 0.1111111111111111),
[92mINFO [0m:      	                       (38, 0.10526315789473684),
[92mINFO [0m:      	                       (39, 0.0),
[92mINFO [0m:      	                       (40, 0.0),
[92mINFO [0m:      	                       (41, 0.0),
[92mINFO [0m:      	                       (42, 0.16666666666666666),
[92mINFO [0m:      	                       (43, 0.15384615384615385),
[92mINFO [0m:      	                       (44, 0.14285714285714285),
[92mINFO [0m:      	                       (45, 0.0),
[92mINFO [0m:      	                       (46, 0.36363636363636365),
[92mINFO [0m:      	                       (47, 0.2857142857142857),
[92mINFO [0m:      	                       (48, 0.0),
[92mINFO [0m:      	                       (49, 0.0),
[92mINFO [0m:      	                       (50, 0.15384615384615385),
[92mINFO [0m:      	                       (51, 0.15384615384615385),
[92mINFO [0m:      	                       (52, 0.15384615384615385),
[92mINFO [0m:      	                       (53, 0.0),
[92mINFO [0m:      	                       (54, 0.1),
[92mINFO [0m:      	                       (55, 0.14285714285714285),
[92mINFO [0m:      	                       (56, 0.23076923076923078),
[92mINFO [0m:      	                       (57, 0.10526315789473684),
[92mINFO [0m:      	                       (58, 0.2222222222222222),
[92mINFO [0m:      	                       (59, 0.14814814814814814),
[92mINFO [0m:      	                       (60, 0.13333333333333333),
[92mINFO [0m:      	                       (61, 0.14285714285714285),
[92mINFO [0m:      	                       (62, 0.14285714285714285),
[92mINFO [0m:      	                       (63, 0.15384615384615385),
[92mINFO [0m:      	                       (64, 0.15384615384615385),
[92mINFO [0m:      	                       (65, 0.2727272727272727),
[92mINFO [0m:      	                       (66, 0.38095238095238093),
[92mINFO [0m:      	                       (67, 0.11764705882352941),
[92mINFO [0m:      	                       (68, 0.25),
[92mINFO [0m:      	                       (69, 0.13333333333333333),
[92mINFO [0m:      	                       (70, 0.375),
[92mINFO [0m:      	                       (71, 0.17142857142857143),
[92mINFO [0m:      	                       (72, 0.23529411764705882),
[92mINFO [0m:      	                       (73, 0.25),
[92mINFO [0m:      	                       (74, 0.21621621621621623),
[92mINFO [0m:      	                       (75, 0.3157894736842105),
[92mINFO [0m:      	                       (76, 0.13333333333333333),
[92mINFO [0m:      	                       (77, 0.25),
[92mINFO [0m:      	                       (78, 0.3157894736842105),
[92mINFO [0m:      	                       (79, 0.15384615384615385),
[92mINFO [0m:      	                       (80, 0.4),
[92mINFO [0m:      	                       (81, 0.14285714285714285),
[92mINFO [0m:      	                       (82, 0.0),
[92mINFO [0m:      	                       (83, 0.15384615384615385),
[92mINFO [0m:      	                       (84, 0.0),
[92mINFO [0m:      	                       (85, 0.0),
[92mINFO [0m:      	                       (86, 0.0),
[92mINFO [0m:      	                       (87, 0.2),
[92mINFO [0m:      	                       (88, 0.0),
[92mINFO [0m:      	                       (89, 0.0),
[92mINFO [0m:      	                       (90, 0.3448275862068966),
[92mINFO [0m:      	                       (91, 0.15384615384615385),
[92mINFO [0m:      	                       (92, 0.23529411764705882),
[92mINFO [0m:      	                       (93, 0.0),
[92mINFO [0m:      	                       (94, 0.13333333333333333),
[92mINFO [0m:      	                       (95, 0.3333333333333333),
[92mINFO [0m:      	                       (96, 0.2857142857142857),
[92mINFO [0m:      	                       (97, 0.14285714285714285),
[92mINFO [0m:      	                       (98, 0.14285714285714285),
[92mINFO [0m:      	                       (99, 0.3),
[92mINFO [0m:      	                       (100, 0.2727272727272727)],
[92mINFO [0m:      	 'f1_melanocytic_nevi': [(0, 0.0),
[92mINFO [0m:      	                         (1, 0.8016726403823178),
[92mINFO [0m:      	                         (2, 0.8016726403823178),
[92mINFO [0m:      	                         (3, 0.8156766687078996),
[92mINFO [0m:      	                         (4, 0.8181261481935089),
[92mINFO [0m:      	                         (5, 0.8016726403823178),
[92mINFO [0m:      	                         (6, 0.8069963811821471),
[92mINFO [0m:      	                         (7, 0.8612099644128114),
[92mINFO [0m:      	                         (8, 0.8094089264173703),
[92mINFO [0m:      	                         (9, 0.8089210367691381),
[92mINFO [0m:      	                         (10, 0.8548168249660787),
[92mINFO [0m:      	                         (11, 0.8558322411533421),
[92mINFO [0m:      	                         (12, 0.8665785997357992),
[92mINFO [0m:      	                         (13, 0.8179031269160024),
[92mINFO [0m:      	                         (14, 0.8055222088835534),
[92mINFO [0m:      	                         (15, 0.8310387984981227),
[92mINFO [0m:      	                         (16, 0.8474358974358974),
[92mINFO [0m:      	                         (17, 0.8278433809819764),
[92mINFO [0m:      	                         (18, 0.8472400513478819),
[92mINFO [0m:      	                         (19, 0.851421188630491),
[92mINFO [0m:      	                         (20, 0.8794037940379403),
[92mINFO [0m:      	                         (21, 0.8296943231441049),
[92mINFO [0m:      	                         (22, 0.8475371383893667),
[92mINFO [0m:      	                         (23, 0.8199139520590043),
[92mINFO [0m:      	                         (24, 0.8728476821192053),
[92mINFO [0m:      	                         (25, 0.8229487970388649),
[92mINFO [0m:      	                         (26, 0.7969671440606572),
[92mINFO [0m:      	                         (27, 0.8760088041085841),
[92mINFO [0m:      	                         (28, 0.8236744759556104),
[92mINFO [0m:      	                         (29, 0.8589211618257261),
[92mINFO [0m:      	                         (30, 0.8395217117684078),
[92mINFO [0m:      	                         (31, 0.8646864686468647),
[92mINFO [0m:      	                         (32, 0.859395532194481),
[92mINFO [0m:      	                         (33, 0.8617992177314211),
[92mINFO [0m:      	                         (34, 0.8839779005524862),
[92mINFO [0m:      	                         (35, 0.8424396442185514),
[92mINFO [0m:      	                         (36, 0.8667163067758749),
[92mINFO [0m:      	                         (37, 0.8507078507078507),
[92mINFO [0m:      	                         (38, 0.8931771192281185),
[92mINFO [0m:      	                         (39, 0.8652373660030628),
[92mINFO [0m:      	                         (40, 0.833015873015873),
[92mINFO [0m:      	                         (41, 0.8138686131386861),
[92mINFO [0m:      	                         (42, 0.8527331189710611),
[92mINFO [0m:      	                         (43, 0.8682505399568035),
[92mINFO [0m:      	                         (44, 0.8200734394124847),
[92mINFO [0m:      	                         (45, 0.8385615914307575),
[92mINFO [0m:      	                         (46, 0.8571428571428571),
[92mINFO [0m:      	                         (47, 0.8711169861202908),
[92mINFO [0m:      	                         (48, 0.8564516129032258),
[92mINFO [0m:      	                         (49, 0.8064903846153846),
[92mINFO [0m:      	                         (50, 0.8062575210589651),
[92mINFO [0m:      	                         (51, 0.8150422102839601),
[92mINFO [0m:      	                         (52, 0.8790157211209843),
[92mINFO [0m:      	                         (53, 0.8757142857142857),
[92mINFO [0m:      	                         (54, 0.8297213622291022),
[92mINFO [0m:      	                         (55, 0.8801071667782987),
[92mINFO [0m:      	                         (56, 0.8485623003194889),
[92mINFO [0m:      	                         (57, 0.8687541638907396),
[92mINFO [0m:      	                         (58, 0.8696245733788396),
[92mINFO [0m:      	                         (59, 0.8582494190549961),
[92mINFO [0m:      	                         (60, 0.8561736770691994),
[92mINFO [0m:      	                         (61, 0.8898365316275764),
[92mINFO [0m:      	                         (62, 0.8322903629536921),
[92mINFO [0m:      	                         (63, 0.8446601941747572),
[92mINFO [0m:      	                         (64, 0.8721704394141145),
[92mINFO [0m:      	                         (65, 0.8536109303838647),
[92mINFO [0m:      	                         (66, 0.8735806207418623),
[92mINFO [0m:      	                         (67, 0.856),
[92mINFO [0m:      	                         (68, 0.8788104089219331),
[92mINFO [0m:      	                         (69, 0.8238916256157636),
[92mINFO [0m:      	                         (70, 0.8372803666921314),
[92mINFO [0m:      	                         (71, 0.8256450351837373),
[92mINFO [0m:      	                         (72, 0.8752584424534804),
[92mINFO [0m:      	                         (73, 0.8586595885865959),
[92mINFO [0m:      	                         (74, 0.8681159420289855),
[92mINFO [0m:      	                         (75, 0.8660477453580901),
[92mINFO [0m:      	                         (76, 0.8609271523178808),
[92mINFO [0m:      	                         (77, 0.8590163934426229),
[92mINFO [0m:      	                         (78, 0.8679817905918058),
[92mINFO [0m:      	                         (79, 0.8371212121212122),
[92mINFO [0m:      	                         (80, 0.883623693379791),
[92mINFO [0m:      	                         (81, 0.8748137108792846),
[92mINFO [0m:      	                         (82, 0.8101571946795647),
[92mINFO [0m:      	                         (83, 0.8796169630642955),
[92mINFO [0m:      	                         (84, 0.8264360716491661),
[92mINFO [0m:      	                         (85, 0.859594383775351),
[92mINFO [0m:      	                         (86, 0.871864406779661),
[92mINFO [0m:      	                         (87, 0.8651911468812877),
[92mINFO [0m:      	                         (88, 0.8357142857142857),
[92mINFO [0m:      	                         (89, 0.8444444444444444),
[92mINFO [0m:      	                         (90, 0.7338262476894639),
[92mINFO [0m:      	                         (91, 0.8569545154911009),
[92mINFO [0m:      	                         (92, 0.8427037271004422),
[92mINFO [0m:      	                         (93, 0.627648839556004),
[92mINFO [0m:      	                         (94, 0.8396464646464646),
[92mINFO [0m:      	                         (95, 0.8788530465949821),
[92mINFO [0m:      	                         (96, 0.8527131782945736),
[92mINFO [0m:      	                         (97, 0.8003427592116538),
[92mINFO [0m:      	                         (98, 0.8351231838281743),
[92mINFO [0m:      	                         (99, 0.8370044052863436),
[92mINFO [0m:      	                         (100, 0.8569230769230769)],
[92mINFO [0m:      	 'f1_melanoma': [(0, 0.0),
[92mINFO [0m:      	                 (1, 0.0),
[92mINFO [0m:      	                 (2, 0.0),
[92mINFO [0m:      	                 (3, 0.017094017094017096),
[92mINFO [0m:      	                 (4, 0.0),
[92mINFO [0m:      	                 (5, 0.0),
[92mINFO [0m:      	                 (6, 0.047244094488188976),
[92mINFO [0m:      	                 (7, 0.0),
[92mINFO [0m:      	                 (8, 0.0),
[92mINFO [0m:      	                 (9, 0.0),
[92mINFO [0m:      	                 (10, 0.0),
[92mINFO [0m:      	                 (11, 0.0),
[92mINFO [0m:      	                 (12, 0.034782608695652174),
[92mINFO [0m:      	                 (13, 0.0),
[92mINFO [0m:      	                 (14, 0.0),
[92mINFO [0m:      	                 (15, 0.14705882352941177),
[92mINFO [0m:      	                 (16, 0.05042016806722689),
[92mINFO [0m:      	                 (17, 0.17391304347826086),
[92mINFO [0m:      	                 (18, 0.0),
[92mINFO [0m:      	                 (19, 0.0),
[92mINFO [0m:      	                 (20, 0.09917355371900827),
[92mINFO [0m:      	                 (21, 0.05172413793103448),
[92mINFO [0m:      	                 (22, 0.0),
[92mINFO [0m:      	                 (23, 0.0),
[92mINFO [0m:      	                 (24, 0.3402061855670103),
[92mINFO [0m:      	                 (25, 0.1958041958041958),
[92mINFO [0m:      	                 (26, 0.37523452157598497),
[92mINFO [0m:      	                 (27, 0.0),
[92mINFO [0m:      	                 (28, 0.2112676056338028),
[92mINFO [0m:      	                 (29, 0.45674740484429066),
[92mINFO [0m:      	                 (30, 0.017857142857142856),
[92mINFO [0m:      	                 (31, 0.27218934911242604),
[92mINFO [0m:      	                 (32, 0.33707865168539325),
[92mINFO [0m:      	                 (33, 0.0),
[92mINFO [0m:      	                 (34, 0.39766081871345027),
[92mINFO [0m:      	                 (35, 0.035398230088495575),
[92mINFO [0m:      	                 (36, 0.0),
[92mINFO [0m:      	                 (37, 0.0),
[92mINFO [0m:      	                 (38, 0.32),
[92mINFO [0m:      	                 (39, 0.42727272727272725),
[92mINFO [0m:      	                 (40, 0.39408866995073893),
[92mINFO [0m:      	                 (41, 0.15748031496062992),
[92mINFO [0m:      	                 (42, 0.3067484662576687),
[92mINFO [0m:      	                 (43, 0.44),
[92mINFO [0m:      	                 (44, 0.15151515151515152),
[92mINFO [0m:      	                 (45, 0.3953488372093023),
[92mINFO [0m:      	                 (46, 0.3270440251572327),
[92mINFO [0m:      	                 (47, 0.22058823529411764),
[92mINFO [0m:      	                 (48, 0.48627450980392156),
[92mINFO [0m:      	                 (49, 0.0),
[92mINFO [0m:      	                 (50, 0.0),
[92mINFO [0m:      	                 (51, 0.40789473684210525),
[92mINFO [0m:      	                 (52, 0.05217391304347826),
[92mINFO [0m:      	                 (53, 0.0),
[92mINFO [0m:      	                 (54, 0.13008130081300814),
[92mINFO [0m:      	                 (55, 0.035398230088495575),
[92mINFO [0m:      	                 (56, 0.3176470588235294),
[92mINFO [0m:      	                 (57, 0.0),
[92mINFO [0m:      	                 (58, 0.4329004329004329),
[92mINFO [0m:      	                 (59, 0.0),
[92mINFO [0m:      	                 (60, 0.43478260869565216),
[92mINFO [0m:      	                 (61, 0.3939393939393939),
[92mINFO [0m:      	                 (62, 0.0),
[92mINFO [0m:      	                 (63, 0.4266666666666667),
[92mINFO [0m:      	                 (64, 0.31313131313131315),
[92mINFO [0m:      	                 (65, 0.035398230088495575),
[92mINFO [0m:      	                 (66, 0.2318840579710145),
[92mINFO [0m:      	                 (67, 0.44881889763779526),
[92mINFO [0m:      	                 (68, 0.3105590062111801),
[92mINFO [0m:      	                 (69, 0.06779661016949153),
[92mINFO [0m:      	                 (70, 0.4056603773584906),
[92mINFO [0m:      	                 (71, 0.017857142857142856),
[92mINFO [0m:      	                 (72, 0.0),
[92mINFO [0m:      	                 (73, 0.3248730964467005),
[92mINFO [0m:      	                 (74, 0.035398230088495575),
[92mINFO [0m:      	                 (75, 0.31521739130434784),
[92mINFO [0m:      	                 (76, 0.035398230088495575),
[92mINFO [0m:      	                 (77, 0.3157894736842105),
[92mINFO [0m:      	                 (78, 0.05217391304347826),
[92mINFO [0m:      	                 (79, 0.2682926829268293),
[92mINFO [0m:      	                 (80, 0.0),
[92mINFO [0m:      	                 (81, 0.06896551724137931),
[92mINFO [0m:      	                 (82, 0.05084745762711865),
[92mINFO [0m:      	                 (83, 0.2597402597402597),
[92mINFO [0m:      	                 (84, 0.11290322580645161),
[92mINFO [0m:      	                 (85, 0.16129032258064516),
[92mINFO [0m:      	                 (86, 0.0),
[92mINFO [0m:      	                 (87, 0.144),
[92mINFO [0m:      	                 (88, 0.41509433962264153),
[92mINFO [0m:      	                 (89, 0.05172413793103448),
[92mINFO [0m:      	                 (90, 0.33534743202416917),
[92mINFO [0m:      	                 (91, 0.0),
[92mINFO [0m:      	                 (92, 0.2360248447204969),
[92mINFO [0m:      	                 (93, 0.0),
[92mINFO [0m:      	                 (94, 0.24719101123595505),
[92mINFO [0m:      	                 (95, 0.05217391304347826),
[92mINFO [0m:      	                 (96, 0.24096385542168675),
[92mINFO [0m:      	                 (97, 0.24161073825503357),
[92mINFO [0m:      	                 (98, 0.0),
[92mINFO [0m:      	                 (99, 0.1388888888888889),
[92mINFO [0m:      	                 (100, 0.06837606837606838)],
[92mINFO [0m:      	 'f1_vascular_lesions': [(0, 0.0),
[92mINFO [0m:      	                         (1, 0.0),
[92mINFO [0m:      	                         (2, 0.0),
[92mINFO [0m:      	                         (3, 0.0),
[92mINFO [0m:      	                         (4, 0.0),
[92mINFO [0m:      	                         (5, 0.0),
[92mINFO [0m:      	                         (6, 0.0),
[92mINFO [0m:      	                         (7, 0.0),
[92mINFO [0m:      	                         (8, 0.0),
[92mINFO [0m:      	                         (9, 0.0),
[92mINFO [0m:      	                         (10, 0.25),
[92mINFO [0m:      	                         (11, 0.0),
[92mINFO [0m:      	                         (12, 0.0),
[92mINFO [0m:      	                         (13, 0.23529411764705882),
[92mINFO [0m:      	                         (14, 0.13333333333333333),
[92mINFO [0m:      	                         (15, 0.43478260869565216),
[92mINFO [0m:      	                         (16, 0.25),
[92mINFO [0m:      	                         (17, 0.4),
[92mINFO [0m:      	                         (18, 0.5),
[92mINFO [0m:      	                         (19, 0.5),
[92mINFO [0m:      	                         (20, 0.5),
[92mINFO [0m:      	                         (21, 0.23529411764705882),
[92mINFO [0m:      	                         (22, 0.25),
[92mINFO [0m:      	                         (23, 0.23529411764705882),
[92mINFO [0m:      	                         (24, 0.0),
[92mINFO [0m:      	                         (25, 0.2608695652173913),
[92mINFO [0m:      	                         (26, 0.0),
[92mINFO [0m:      	                         (27, 0.5384615384615384),
[92mINFO [0m:      	                         (28, 0.36363636363636365),
[92mINFO [0m:      	                         (29, 0.5),
[92mINFO [0m:      	                         (30, 0.5),
[92mINFO [0m:      	                         (31, 0.3157894736842105),
[92mINFO [0m:      	                         (32, 0.125),
[92mINFO [0m:      	                         (33, 0.0),
[92mINFO [0m:      	                         (34, 0.6086956521739131),
[92mINFO [0m:      	                         (35, 0.6956521739130435),
[92mINFO [0m:      	                         (36, 0.0),
[92mINFO [0m:      	                         (37, 0.42105263157894735),
[92mINFO [0m:      	                         (38, 0.35294117647058826),
[92mINFO [0m:      	                         (39, 0.25),
[92mINFO [0m:      	                         (40, 0.5),
[92mINFO [0m:      	                         (41, 0.5),
[92mINFO [0m:      	                         (42, 0.23529411764705882),
[92mINFO [0m:      	                         (43, 0.0),
[92mINFO [0m:      	                         (44, 0.5454545454545454),
[92mINFO [0m:      	                         (45, 0.47619047619047616),
[92mINFO [0m:      	                         (46, 0.42105263157894735),
[92mINFO [0m:      	                         (47, 0.4),
[92mINFO [0m:      	                         (48, 0.13333333333333333),
[92mINFO [0m:      	                         (49, 0.13333333333333333),
[92mINFO [0m:      	                         (50, 0.42105263157894735),
[92mINFO [0m:      	                         (51, 0.45454545454545453),
[92mINFO [0m:      	                         (52, 0.6666666666666666),
[92mINFO [0m:      	                         (53, 0.0),
[92mINFO [0m:      	                         (54, 0.0),
[92mINFO [0m:      	                         (55, 0.47619047619047616),
[92mINFO [0m:      	                         (56, 0.35294117647058826),
[92mINFO [0m:      	                         (57, 0.125),
[92mINFO [0m:      	                         (58, 0.125),
[92mINFO [0m:      	                         (59, 0.25),
[92mINFO [0m:      	                         (60, 0.47619047619047616),
[92mINFO [0m:      	                         (61, 0.56),
[92mINFO [0m:      	                         (62, 0.0),
[92mINFO [0m:      	                         (63, 0.47619047619047616),
[92mINFO [0m:      	                         (64, 0.6666666666666666),
[92mINFO [0m:      	                         (65, 0.35294117647058826),
[92mINFO [0m:      	                         (66, 0.35294117647058826),
[92mINFO [0m:      	                         (67, 0.5714285714285714),
[92mINFO [0m:      	                         (68, 0.4),
[92mINFO [0m:      	                         (69, 0.5714285714285714),
[92mINFO [0m:      	                         (70, 0.6153846153846154),
[92mINFO [0m:      	                         (71, 0.13333333333333333),
[92mINFO [0m:      	                         (72, 0.13333333333333333),
[92mINFO [0m:      	                         (73, 0.5),
[92mINFO [0m:      	                         (74, 0.3333333333333333),
[92mINFO [0m:      	                         (75, 0.5),
[92mINFO [0m:      	                         (76, 0.7272727272727273),
[92mINFO [0m:      	                         (77, 0.0),
[92mINFO [0m:      	                         (78, 0.47619047619047616),
[92mINFO [0m:      	                         (79, 0.6086956521739131),
[92mINFO [0m:      	                         (80, 0.3157894736842105),
[92mINFO [0m:      	                         (81, 0.11764705882352941),
[92mINFO [0m:      	                         (82, 0.42105263157894735),
[92mINFO [0m:      	                         (83, 0.47619047619047616),
[92mINFO [0m:      	                         (84, 0.3333333333333333),
[92mINFO [0m:      	                         (85, 0.2222222222222222),
[92mINFO [0m:      	                         (86, 0.13333333333333333),
[92mINFO [0m:      	                         (87, 0.6363636363636364),
[92mINFO [0m:      	                         (88, 0.5714285714285714),
[92mINFO [0m:      	                         (89, 0.6363636363636364),
[92mINFO [0m:      	                         (90, 0.13333333333333333),
[92mINFO [0m:      	                         (91, 0.23529411764705882),
[92mINFO [0m:      	                         (92, 0.42105263157894735),
[92mINFO [0m:      	                         (93, 0.35294117647058826),
[92mINFO [0m:      	                         (94, 0.75),
[92mINFO [0m:      	                         (95, 0.6956521739130435),
[92mINFO [0m:      	                         (96, 0.0),
[92mINFO [0m:      	                         (97, 0.6666666666666666),
[92mINFO [0m:      	                         (98, 0.0),
[92mINFO [0m:      	                         (99, 0.35294117647058826),
[92mINFO [0m:      	                         (100, 0.0)],
[92mINFO [0m:      	 'macro_f1': [(0, 0.003377902885292048),
[92mINFO [0m:      	              (1, 0.11452466291175968),
[92mINFO [0m:      	              (2, 0.11452466291175968),
[92mINFO [0m:      	              (3, 0.15104776141511295),
[92mINFO [0m:      	              (4, 0.15116087831335842),
[92mINFO [0m:      	              (5, 0.11452466291175968),
[92mINFO [0m:      	              (6, 0.12203435366719087),
[92mINFO [0m:      	              (7, 0.2432146682090642),
[92mINFO [0m:      	              (8, 0.12923528880792365),
[92mINFO [0m:      	              (9, 0.13294175640057607),
[92mINFO [0m:      	              (10, 0.2751361585342468),
[92mINFO [0m:      	              (11, 0.2899800567831976),
[92mINFO [0m:      	              (12, 0.28639997213181134),
[92mINFO [0m:      	              (13, 0.215391893140376),
[92mINFO [0m:      	              (14, 0.15526165622129873),
[92mINFO [0m:      	              (15, 0.2672307260485439),
[92mINFO [0m:      	              (16, 0.23542773555792845),
[92mINFO [0m:      	              (17, 0.26191147944059556),
[92mINFO [0m:      	              (18, 0.3293698788251139),
[92mINFO [0m:      	              (19, 0.3474305937399972),
[92mINFO [0m:      	              (20, 0.33443203252137),
[92mINFO [0m:      	              (21, 0.27917078449511934),
[92mINFO [0m:      	              (22, 0.30937392077898856),
[92mINFO [0m:      	              (23, 0.23436716871414648),
[92mINFO [0m:      	              (24, 0.2876953976663256),
[92mINFO [0m:      	              (25, 0.2183866867349573),
[92mINFO [0m:      	              (26, 0.23205365409716006),
[92mINFO [0m:      	              (27, 0.37916859916029705),
[92mINFO [0m:      	              (28, 0.2176540636036824),
[92mINFO [0m:      	              (29, 0.345354198607862),
[92mINFO [0m:      	              (30, 0.3312606625368687),
[92mINFO [0m:      	              (31, 0.35017234455397145),
[92mINFO [0m:      	              (32, 0.3108130332553127),
[92mINFO [0m:      	              (33, 0.3165847521309234),
[92mINFO [0m:      	              (34, 0.4675594510671302),
[92mINFO [0m:      	              (35, 0.3434456392053931),
[92mINFO [0m:      	              (36, 0.24378643288116614),
[92mINFO [0m:      	              (37, 0.3201715146028446),
[92mINFO [0m:      	              (38, 0.39602531565165905),
[92mINFO [0m:      	              (39, 0.40695404634856597),
[92mINFO [0m:      	              (40, 0.24930322299780427),
[92mINFO [0m:      	              (41, 0.21990956373104772),
[92mINFO [0m:      	              (42, 0.3280033394735908),
[92mINFO [0m:      	              (43, 0.34232433761010633),
[92mINFO [0m:      	              (44, 0.2561762303675225),
[92mINFO [0m:      	              (45, 0.325634902508987),
[92mINFO [0m:      	              (46, 0.37572601888130874),
[92mINFO [0m:      	              (47, 0.4209046221838322),
[92mINFO [0m:      	              (48, 0.3986765975864226),
[92mINFO [0m:      	              (49, 0.15767973488260373),
[92mINFO [0m:      	              (50, 0.2050768515522458),
[92mINFO [0m:      	              (51, 0.31110068321298795),
[92mINFO [0m:      	              (52, 0.43480737393094027),
[92mINFO [0m:      	              (53, 0.25686648678501045),
[92mINFO [0m:      	              (54, 0.22864599550575002),
[92mINFO [0m:      	              (55, 0.4152713448949453),
[92mINFO [0m:      	              (56, 0.3221721683778562),
[92mINFO [0m:      	              (57, 0.30483927042855274),
[92mINFO [0m:      	              (58, 0.37474053728703355),
[92mINFO [0m:      	              (59, 0.33745011166834255),
[92mINFO [0m:      	              (60, 0.330000557830353),
[92mINFO [0m:      	              (61, 0.4739226054850802),
[92mINFO [0m:      	              (62, 0.26951143757477763),
[92mINFO [0m:      	              (63, 0.40687864148056774),
[92mINFO [0m:      	              (64, 0.40185650156175073),
[92mINFO [0m:      	              (65, 0.33893099795359605),
[92mINFO [0m:      	              (66, 0.4314711106210837),
[92mINFO [0m:      	              (67, 0.31255433956378564),
[92mINFO [0m:      	              (68, 0.46428120570076653),
[92mINFO [0m:      	              (69, 0.27202034974849537),
[92mINFO [0m:      	              (70, 0.39798420885704855),
[92mINFO [0m:      	              (71, 0.2834833419549076),
[92mINFO [0m:      	              (72, 0.32617356934207764),
[92mINFO [0m:      	              (73, 0.36992764152781443),
[92mINFO [0m:      	              (74, 0.37743835012678234),
[92mINFO [0m:      	              (75, 0.4103062391164798),
[92mINFO [0m:      	              (76, 0.387190103279901),
[92mINFO [0m:      	              (77, 0.3332750750352131),
[92mINFO [0m:      	              (78, 0.386037080669502),
[92mINFO [0m:      	              (79, 0.35825265584014254),
[92mINFO [0m:      	              (80, 0.445192606639044),
[92mINFO [0m:      	              (81, 0.3515906224834245),
[92mINFO [0m:      	              (82, 0.20125184812958188),
[92mINFO [0m:      	              (83, 0.42872889438748346),
[92mINFO [0m:      	              (84, 0.23035442437104156),
[92mINFO [0m:      	              (85, 0.35069050111393335),
[92mINFO [0m:      	              (86, 0.3317964557870158),
[92mINFO [0m:      	              (87, 0.39163204998570106),
[92mINFO [0m:      	              (88, 0.27274195978637555),
[92mINFO [0m:      	              (89, 0.3466388018112156),
[92mINFO [0m:      	              (90, 0.2845398633854725),
[92mINFO [0m:      	              (91, 0.3492845757274404),
[92mINFO [0m:      	              (92, 0.328068698146526),
[92mINFO [0m:      	              (93, 0.27135221211178884),
[92mINFO [0m:      	              (94, 0.30845245178200537),
[92mINFO [0m:      	              (95, 0.4080502125647843),
[92mINFO [0m:      	              (96, 0.3480142305617063),
[92mINFO [0m:      	              (97, 0.42144468613165564),
[92mINFO [0m:      	              (98, 0.22061270314743214),
[92mINFO [0m:      	              (99, 0.3313824230697588),
[92mINFO [0m:      	              (100, 0.30516585728572415)],
[92mINFO [0m:      	 'recall_actinic_keratoses_an': [(0, 0.0),
[92mINFO [0m:      	                                 (1, 0.0),
[92mINFO [0m:      	                                 (2, 0.0),
[92mINFO [0m:      	                                 (3, 0.0),
[92mINFO [0m:      	                                 (4, 0.0),
[92mINFO [0m:      	                                 (5, 0.0),
[92mINFO [0m:      	                                 (6, 0.0),
[92mINFO [0m:      	                                 (7, 0.0),
[92mINFO [0m:      	                                 (8, 0.0),
[92mINFO [0m:      	                                 (9, 0.030303030303030304),
[92mINFO [0m:      	                                 (10, 0.0),
[92mINFO [0m:      	                                 (11, 0.12121212121212122),
[92mINFO [0m:      	                                 (12, 0.0),
[92mINFO [0m:      	                                 (13, 0.030303030303030304),
[92mINFO [0m:      	                                 (14, 0.030303030303030304),
[92mINFO [0m:      	                                 (15, 0.24242424242424243),
[92mINFO [0m:      	                                 (16, 0.030303030303030304),
[92mINFO [0m:      	                                 (17, 0.09090909090909091),
[92mINFO [0m:      	                                 (18, 0.06060606060606061),
[92mINFO [0m:      	                                 (19, 0.15151515151515152),
[92mINFO [0m:      	                                 (20, 0.030303030303030304),
[92mINFO [0m:      	                                 (21, 0.24242424242424243),
[92mINFO [0m:      	                                 (22, 0.030303030303030304),
[92mINFO [0m:      	                                 (23, 0.0),
[92mINFO [0m:      	                                 (24, 0.0),
[92mINFO [0m:      	                                 (25, 0.0),
[92mINFO [0m:      	                                 (26, 0.0),
[92mINFO [0m:      	                                 (27, 0.15151515151515152),
[92mINFO [0m:      	                                 (28, 0.0),
[92mINFO [0m:      	                                 (29, 0.0),
[92mINFO [0m:      	                                 (30, 0.06060606060606061),
[92mINFO [0m:      	                                 (31, 0.12121212121212122),
[92mINFO [0m:      	                                 (32, 0.24242424242424243),
[92mINFO [0m:      	                                 (33, 0.09090909090909091),
[92mINFO [0m:      	                                 (34, 0.12121212121212122),
[92mINFO [0m:      	                                 (35, 0.030303030303030304),
[92mINFO [0m:      	                                 (36, 0.0),
[92mINFO [0m:      	                                 (37, 0.0),
[92mINFO [0m:      	                                 (38, 0.0),
[92mINFO [0m:      	                                 (39, 0.2727272727272727),
[92mINFO [0m:      	                                 (40, 0.0),
[92mINFO [0m:      	                                 (41, 0.030303030303030304),
[92mINFO [0m:      	                                 (42, 0.06060606060606061),
[92mINFO [0m:      	                                 (43, 0.3939393939393939),
[92mINFO [0m:      	                                 (44, 0.0),
[92mINFO [0m:      	                                 (45, 0.09090909090909091),
[92mINFO [0m:      	                                 (46, 0.0),
[92mINFO [0m:      	                                 (47, 0.21212121212121213),
[92mINFO [0m:      	                                 (48, 0.24242424242424243),
[92mINFO [0m:      	                                 (49, 0.0),
[92mINFO [0m:      	                                 (50, 0.0),
[92mINFO [0m:      	                                 (51, 0.0),
[92mINFO [0m:      	                                 (52, 0.12121212121212122),
[92mINFO [0m:      	                                 (53, 0.6666666666666666),
[92mINFO [0m:      	                                 (54, 0.0),
[92mINFO [0m:      	                                 (55, 0.30303030303030304),
[92mINFO [0m:      	                                 (56, 0.0),
[92mINFO [0m:      	                                 (57, 0.0),
[92mINFO [0m:      	                                 (58, 0.2727272727272727),
[92mINFO [0m:      	                                 (59, 0.12121212121212122),
[92mINFO [0m:      	                                 (60, 0.0),
[92mINFO [0m:      	                                 (61, 0.21212121212121213),
[92mINFO [0m:      	                                 (62, 0.15151515151515152),
[92mINFO [0m:      	                                 (63, 0.030303030303030304),
[92mINFO [0m:      	                                 (64, 0.030303030303030304),
[92mINFO [0m:      	                                 (65, 0.030303030303030304),
[92mINFO [0m:      	                                 (66, 0.06060606060606061),
[92mINFO [0m:      	                                 (67, 0.0),
[92mINFO [0m:      	                                 (68, 0.6060606060606061),
[92mINFO [0m:      	                                 (69, 0.0),
[92mINFO [0m:      	                                 (70, 0.0),
[92mINFO [0m:      	                                 (71, 0.06060606060606061),
[92mINFO [0m:      	                                 (72, 0.0),
[92mINFO [0m:      	                                 (73, 0.0),
[92mINFO [0m:      	                                 (74, 0.06060606060606061),
[92mINFO [0m:      	                                 (75, 0.030303030303030304),
[92mINFO [0m:      	                                 (76, 0.030303030303030304),
[92mINFO [0m:      	                                 (77, 0.3939393939393939),
[92mINFO [0m:      	                                 (78, 0.06060606060606061),
[92mINFO [0m:      	                                 (79, 0.12121212121212122),
[92mINFO [0m:      	                                 (80, 0.42424242424242425),
[92mINFO [0m:      	                                 (81, 0.8181818181818182),
[92mINFO [0m:      	                                 (82, 0.0),
[92mINFO [0m:      	                                 (83, 0.6060606060606061),
[92mINFO [0m:      	                                 (84, 0.0),
[92mINFO [0m:      	                                 (85, 0.7272727272727273),
[92mINFO [0m:      	                                 (86, 0.7575757575757576),
[92mINFO [0m:      	                                 (87, 0.030303030303030304),
[92mINFO [0m:      	                                 (88, 0.0),
[92mINFO [0m:      	                                 (89, 0.09090909090909091),
[92mINFO [0m:      	                                 (90, 0.06060606060606061),
[92mINFO [0m:      	                                 (91, 0.6363636363636364),
[92mINFO [0m:      	                                 (92, 0.06060606060606061),
[92mINFO [0m:      	                                 (93, 0.12121212121212122),
[92mINFO [0m:      	                                 (94, 0.0),
[92mINFO [0m:      	                                 (95, 0.0),
[92mINFO [0m:      	                                 (96, 0.3939393939393939),
[92mINFO [0m:      	                                 (97, 0.21212121212121213),
[92mINFO [0m:      	                                 (98, 0.5454545454545454),
[92mINFO [0m:      	                                 (99, 0.12121212121212122),
[92mINFO [0m:      	                                 (100, 0.15151515151515152)],
[92mINFO [0m:      	 'recall_basal_cell_carcinoma': [(0, 0.0),
[92mINFO [0m:      	                                 (1, 0.0),
[92mINFO [0m:      	                                 (2, 0.0),
[92mINFO [0m:      	                                 (3, 0.1346153846153846),
[92mINFO [0m:      	                                 (4, 0.0),
[92mINFO [0m:      	                                 (5, 0.0),
[92mINFO [0m:      	                                 (6, 0.0),
[92mINFO [0m:      	                                 (7, 0.28846153846153844),
[92mINFO [0m:      	                                 (8, 0.0),
[92mINFO [0m:      	                                 (9, 0.0),
[92mINFO [0m:      	                                 (10, 0.09615384615384616),
[92mINFO [0m:      	                                 (11, 0.2692307692307692),
[92mINFO [0m:      	                                 (12, 0.6346153846153846),
[92mINFO [0m:      	                                 (13, 0.2692307692307692),
[92mINFO [0m:      	                                 (14, 0.019230769230769232),
[92mINFO [0m:      	                                 (15, 0.038461538461538464),
[92mINFO [0m:      	                                 (16, 0.0),
[92mINFO [0m:      	                                 (17, 0.19230769230769232),
[92mINFO [0m:      	                                 (18, 0.19230769230769232),
[92mINFO [0m:      	                                 (19, 0.3076923076923077),
[92mINFO [0m:      	                                 (20, 0.19230769230769232),
[92mINFO [0m:      	                                 (21, 0.23076923076923078),
[92mINFO [0m:      	                                 (22, 0.5961538461538461),
[92mINFO [0m:      	                                 (23, 0.1346153846153846),
[92mINFO [0m:      	                                 (24, 0.4807692307692308),
[92mINFO [0m:      	                                 (25, 0.057692307692307696),
[92mINFO [0m:      	                                 (26, 0.5),
[92mINFO [0m:      	                                 (27, 0.5576923076923077),
[92mINFO [0m:      	                                 (28, 0.07692307692307693),
[92mINFO [0m:      	                                 (29, 0.38461538461538464),
[92mINFO [0m:      	                                 (30, 0.23076923076923078),
[92mINFO [0m:      	                                 (31, 0.6730769230769231),
[92mINFO [0m:      	                                 (32, 0.5576923076923077),
[92mINFO [0m:      	                                 (33, 0.25),
[92mINFO [0m:      	                                 (34, 0.4423076923076923),
[92mINFO [0m:      	                                 (35, 0.25),
[92mINFO [0m:      	                                 (36, 0.19230769230769232),
[92mINFO [0m:      	                                 (37, 0.3076923076923077),
[92mINFO [0m:      	                                 (38, 0.5576923076923077),
[92mINFO [0m:      	                                 (39, 0.7115384615384616),
[92mINFO [0m:      	                                 (40, 0.0),
[92mINFO [0m:      	                                 (41, 0.0),
[92mINFO [0m:      	                                 (42, 0.3269230769230769),
[92mINFO [0m:      	                                 (43, 0.4423076923076923),
[92mINFO [0m:      	                                 (44, 0.07692307692307693),
[92mINFO [0m:      	                                 (45, 0.28846153846153844),
[92mINFO [0m:      	                                 (46, 0.19230769230769232),
[92mINFO [0m:      	                                 (47, 0.6923076923076923),
[92mINFO [0m:      	                                 (48, 0.6923076923076923),
[92mINFO [0m:      	                                 (49, 0.09615384615384616),
[92mINFO [0m:      	                                 (50, 0.019230769230769232),
[92mINFO [0m:      	                                 (51, 0.21153846153846154),
[92mINFO [0m:      	                                 (52, 0.4807692307692308),
[92mINFO [0m:      	                                 (53, 0.1346153846153846),
[92mINFO [0m:      	                                 (54, 0.34615384615384615),
[92mINFO [0m:      	                                 (55, 0.5769230769230769),
[92mINFO [0m:      	                                 (56, 0.17307692307692307),
[92mINFO [0m:      	                                 (57, 0.4807692307692308),
[92mINFO [0m:      	                                 (58, 0.5192307692307693),
[92mINFO [0m:      	                                 (59, 0.36538461538461536),
[92mINFO [0m:      	                                 (60, 0.15384615384615385),
[92mINFO [0m:      	                                 (61, 0.6538461538461539),
[92mINFO [0m:      	                                 (62, 0.25),
[92mINFO [0m:      	                                 (63, 0.36538461538461536),
[92mINFO [0m:      	                                 (64, 0.5192307692307693),
[92mINFO [0m:      	                                 (65, 0.21153846153846154),
[92mINFO [0m:      	                                 (66, 0.6538461538461539),
[92mINFO [0m:      	                                 (67, 0.019230769230769232),
[92mINFO [0m:      	                                 (68, 0.75),
[92mINFO [0m:      	                                 (69, 0.0),
[92mINFO [0m:      	                                 (70, 0.3269230769230769),
[92mINFO [0m:      	                                 (71, 0.19230769230769232),
[92mINFO [0m:      	                                 (72, 0.4423076923076923),
[92mINFO [0m:      	                                 (73, 0.17307692307692307),
[92mINFO [0m:      	                                 (74, 0.6730769230769231),
[92mINFO [0m:      	                                 (75, 0.3269230769230769),
[92mINFO [0m:      	                                 (76, 0.25),
[92mINFO [0m:      	                                 (77, 0.3076923076923077),
[92mINFO [0m:      	                                 (78, 0.3269230769230769),
[92mINFO [0m:      	                                 (79, 0.28846153846153844),
[92mINFO [0m:      	                                 (80, 0.5769230769230769),
[92mINFO [0m:      	                                 (81, 0.38461538461538464),
[92mINFO [0m:      	                                 (82, 0.038461538461538464),
[92mINFO [0m:      	                                 (83, 0.36538461538461536),
[92mINFO [0m:      	                                 (84, 0.038461538461538464),
[92mINFO [0m:      	                                 (85, 0.34615384615384615),
[92mINFO [0m:      	                                 (86, 0.38461538461538464),
[92mINFO [0m:      	                                 (87, 0.23076923076923078),
[92mINFO [0m:      	                                 (88, 0.0),
[92mINFO [0m:      	                                 (89, 0.25),
[92mINFO [0m:      	                                 (90, 0.23076923076923078),
[92mINFO [0m:      	                                 (91, 0.4230769230769231),
[92mINFO [0m:      	                                 (92, 0.19230769230769232),
[92mINFO [0m:      	                                 (93, 0.34615384615384615),
[92mINFO [0m:      	                                 (94, 0.019230769230769232),
[92mINFO [0m:      	                                 (95, 0.28846153846153844),
[92mINFO [0m:      	                                 (96, 0.3076923076923077),
[92mINFO [0m:      	                                 (97, 0.38461538461538464),
[92mINFO [0m:      	                                 (98, 0.11538461538461539),
[92mINFO [0m:      	                                 (99, 0.21153846153846154),
[92mINFO [0m:      	                                 (100, 0.21153846153846154)],
[92mINFO [0m:      	 'recall_benign_keratosis-lik': [(0, 0.0),
[92mINFO [0m:      	                                 (1, 0.0),
[92mINFO [0m:      	                                 (2, 0.0),
[92mINFO [0m:      	                                 (3, 0.02727272727272727),
[92mINFO [0m:      	                                 (4, 0.16363636363636364),
[92mINFO [0m:      	                                 (5, 0.0),
[92mINFO [0m:      	                                 (6, 0.0),
[92mINFO [0m:      	                                 (7, 0.7636363636363637),
[92mINFO [0m:      	                                 (8, 0.05454545454545454),
[92mINFO [0m:      	                                 (9, 0.03636363636363636),
[92mINFO [0m:      	                                 (10, 0.6818181818181818),
[92mINFO [0m:      	                                 (11, 0.4636363636363636),
[92mINFO [0m:      	                                 (12, 0.38181818181818183),
[92mINFO [0m:      	                                 (13, 0.02727272727272727),
[92mINFO [0m:      	                                 (14, 0.02727272727272727),
[92mINFO [0m:      	                                 (15, 0.06363636363636363),
[92mINFO [0m:      	                                 (16, 0.42727272727272725),
[92mINFO [0m:      	                                 (17, 0.0),
[92mINFO [0m:      	                                 (18, 0.37272727272727274),
[92mINFO [0m:      	                                 (19, 0.38181818181818183),
[92mINFO [0m:      	                                 (20, 0.6090909090909091),
[92mINFO [0m:      	                                 (21, 0.12727272727272726),
[92mINFO [0m:      	                                 (22, 0.8909090909090909),
[92mINFO [0m:      	                                 (23, 0.13636363636363635),
[92mINFO [0m:      	                                 (24, 0.12727272727272726),
[92mINFO [0m:      	                                 (25, 0.0),
[92mINFO [0m:      	                                 (26, 0.0),
[92mINFO [0m:      	                                 (27, 0.7363636363636363),
[92mINFO [0m:      	                                 (28, 0.0),
[92mINFO [0m:      	                                 (29, 0.00909090909090909),
[92mINFO [0m:      	                                 (30, 0.2727272727272727),
[92mINFO [0m:      	                                 (31, 0.05454545454545454),
[92mINFO [0m:      	                                 (32, 0.01818181818181818),
[92mINFO [0m:      	                                 (33, 0.5),
[92mINFO [0m:      	                                 (34, 0.509090909090909),
[92mINFO [0m:      	                                 (35, 0.33636363636363636),
[92mINFO [0m:      	                                 (36, 0.8454545454545455),
[92mINFO [0m:      	                                 (37, 0.4),
[92mINFO [0m:      	                                 (38, 0.5727272727272728),
[92mINFO [0m:      	                                 (39, 0.5363636363636364),
[92mINFO [0m:      	                                 (40, 0.00909090909090909),
[92mINFO [0m:      	                                 (41, 0.00909090909090909),
[92mINFO [0m:      	                                 (42, 0.10909090909090909),
[92mINFO [0m:      	                                 (43, 0.05454545454545454),
[92mINFO [0m:      	                                 (44, 0.0),
[92mINFO [0m:      	                                 (45, 0.02727272727272727),
[92mINFO [0m:      	                                 (46, 0.2636363636363636),
[92mINFO [0m:      	                                 (47, 0.21818181818181817),
[92mINFO [0m:      	                                 (48, 0.6181818181818182),
[92mINFO [0m:      	                                 (49, 0.0),
[92mINFO [0m:      	                                 (50, 0.00909090909090909),
[92mINFO [0m:      	                                 (51, 0.00909090909090909),
[92mINFO [0m:      	                                 (52, 0.6272727272727273),
[92mINFO [0m:      	                                 (53, 0.4818181818181818),
[92mINFO [0m:      	                                 (54, 0.05454545454545454),
[92mINFO [0m:      	                                 (55, 0.42727272727272725),
[92mINFO [0m:      	                                 (56, 0.13636363636363635),
[92mINFO [0m:      	                                 (57, 0.5181818181818182),
[92mINFO [0m:      	                                 (58, 0.06363636363636363),
[92mINFO [0m:      	                                 (59, 0.8818181818181818),
[92mINFO [0m:      	                                 (60, 0.08181818181818182),
[92mINFO [0m:      	                                 (61, 0.4090909090909091),
[92mINFO [0m:      	                                 (62, 0.21818181818181817),
[92mINFO [0m:      	                                 (63, 0.4727272727272727),
[92mINFO [0m:      	                                 (64, 0.12727272727272726),
[92mINFO [0m:      	                                 (65, 0.4727272727272727),
[92mINFO [0m:      	                                 (66, 0.7818181818181819),
[92mINFO [0m:      	                                 (67, 0.09090909090909091),
[92mINFO [0m:      	                                 (68, 0.45454545454545453),
[92mINFO [0m:      	                                 (69, 0.2),
[92mINFO [0m:      	                                 (70, 0.06363636363636363),
[92mINFO [0m:      	                                 (71, 0.8909090909090909),
[92mINFO [0m:      	                                 (72, 0.6454545454545455),
[92mINFO [0m:      	                                 (73, 0.2909090909090909),
[92mINFO [0m:      	                                 (74, 0.6909090909090909),
[92mINFO [0m:      	                                 (75, 0.2818181818181818),
[92mINFO [0m:      	                                 (76, 0.5636363636363636),
[92mINFO [0m:      	                                 (77, 0.05454545454545454),
[92mINFO [0m:      	                                 (78, 0.8363636363636363),
[92mINFO [0m:      	                                 (79, 0.00909090909090909),
[92mINFO [0m:      	                                 (80, 0.5909090909090909),
[92mINFO [0m:      	                                 (81, 0.5272727272727272),
[92mINFO [0m:      	                                 (82, 0.02727272727272727),
[92mINFO [0m:      	                                 (83, 0.2909090909090909),
[92mINFO [0m:      	                                 (84, 0.17272727272727273),
[92mINFO [0m:      	                                 (85, 0.6818181818181818),
[92mINFO [0m:      	                                 (86, 0.35454545454545455),
[92mINFO [0m:      	                                 (87, 0.5363636363636364),
[92mINFO [0m:      	                                 (88, 0.045454545454545456),
[92mINFO [0m:      	                                 (89, 0.2818181818181818),
[92mINFO [0m:      	                                 (90, 0.0),
[92mINFO [0m:      	                                 (91, 0.20909090909090908),
[92mINFO [0m:      	                                 (92, 0.08181818181818182),
[92mINFO [0m:      	                                 (93, 0.9818181818181818),
[92mINFO [0m:      	                                 (94, 0.08181818181818182),
[92mINFO [0m:      	                                 (95, 0.7545454545454545),
[92mINFO [0m:      	                                 (96, 0.1),
[92mINFO [0m:      	                                 (97, 0.8636363636363636),
[92mINFO [0m:      	                                 (98, 0.01818181818181818),
[92mINFO [0m:      	                                 (99, 0.1),
[92mINFO [0m:      	                                 (100, 0.8363636363636363)],
[92mINFO [0m:      	 'recall_dermatofibroma': [(0, 1.0),
[92mINFO [0m:      	                           (1, 0.0),
[92mINFO [0m:      	                           (2, 0.0),
[92mINFO [0m:      	                           (3, 0.0),
[92mINFO [0m:      	                           (4, 0.0),
[92mINFO [0m:      	                           (5, 0.0),
[92mINFO [0m:      	                           (6, 0.0),
[92mINFO [0m:      	                           (7, 0.0),
[92mINFO [0m:      	                           (8, 0.0),
[92mINFO [0m:      	                           (9, 0.0),
[92mINFO [0m:      	                           (10, 0.08333333333333333),
[92mINFO [0m:      	                           (11, 0.08333333333333333),
[92mINFO [0m:      	                           (12, 0.08333333333333333),
[92mINFO [0m:      	                           (13, 0.0),
[92mINFO [0m:      	                           (14, 0.0),
[92mINFO [0m:      	                           (15, 0.0),
[92mINFO [0m:      	                           (16, 0.0),
[92mINFO [0m:      	                           (17, 0.0),
[92mINFO [0m:      	                           (18, 0.08333333333333333),
[92mINFO [0m:      	                           (19, 0.0),
[92mINFO [0m:      	                           (20, 0.0),
[92mINFO [0m:      	                           (21, 0.0),
[92mINFO [0m:      	                           (22, 0.0),
[92mINFO [0m:      	                           (23, 0.08333333333333333),
[92mINFO [0m:      	                           (24, 0.08333333333333333),
[92mINFO [0m:      	                           (25, 0.08333333333333333),
[92mINFO [0m:      	                           (26, 0.0),
[92mINFO [0m:      	                           (27, 0.0),
[92mINFO [0m:      	                           (28, 0.0),
[92mINFO [0m:      	                           (29, 0.08333333333333333),
[92mINFO [0m:      	                           (30, 0.08333333333333333),
[92mINFO [0m:      	                           (31, 0.08333333333333333),
[92mINFO [0m:      	                           (32, 0.0),
[92mINFO [0m:      	                           (33, 0.3333333333333333),
[92mINFO [0m:      	                           (34, 0.08333333333333333),
[92mINFO [0m:      	                           (35, 0.0),
[92mINFO [0m:      	                           (36, 0.08333333333333333),
[92mINFO [0m:      	                           (37, 0.08333333333333333),
[92mINFO [0m:      	                           (38, 0.08333333333333333),
[92mINFO [0m:      	                           (39, 0.0),
[92mINFO [0m:      	                           (40, 0.0),
[92mINFO [0m:      	                           (41, 0.0),
[92mINFO [0m:      	                           (42, 0.16666666666666666),
[92mINFO [0m:      	                           (43, 0.08333333333333333),
[92mINFO [0m:      	                           (44, 0.08333333333333333),
[92mINFO [0m:      	                           (45, 0.0),
[92mINFO [0m:      	                           (46, 0.3333333333333333),
[92mINFO [0m:      	                           (47, 0.16666666666666666),
[92mINFO [0m:      	                           (48, 0.0),
[92mINFO [0m:      	                           (49, 0.0),
[92mINFO [0m:      	                           (50, 0.08333333333333333),
[92mINFO [0m:      	                           (51, 0.08333333333333333),
[92mINFO [0m:      	                           (52, 0.08333333333333333),
[92mINFO [0m:      	                           (53, 0.0),
[92mINFO [0m:      	                           (54, 0.08333333333333333),
[92mINFO [0m:      	                           (55, 0.08333333333333333),
[92mINFO [0m:      	                           (56, 0.25),
[92mINFO [0m:      	                           (57, 0.08333333333333333),
[92mINFO [0m:      	                           (58, 0.16666666666666666),
[92mINFO [0m:      	                           (59, 0.16666666666666666),
[92mINFO [0m:      	                           (60, 0.08333333333333333),
[92mINFO [0m:      	                           (61, 0.08333333333333333),
[92mINFO [0m:      	                           (62, 0.08333333333333333),
[92mINFO [0m:      	                           (63, 0.08333333333333333),
[92mINFO [0m:      	                           (64, 0.08333333333333333),
[92mINFO [0m:      	                           (65, 0.25),
[92mINFO [0m:      	                           (66, 0.3333333333333333),
[92mINFO [0m:      	                           (67, 0.08333333333333333),
[92mINFO [0m:      	                           (68, 0.16666666666666666),
[92mINFO [0m:      	                           (69, 0.08333333333333333),
[92mINFO [0m:      	                           (70, 0.25),
[92mINFO [0m:      	                           (71, 0.25),
[92mINFO [0m:      	                           (72, 0.3333333333333333),
[92mINFO [0m:      	                           (73, 0.16666666666666666),
[92mINFO [0m:      	                           (74, 0.3333333333333333),
[92mINFO [0m:      	                           (75, 0.25),
[92mINFO [0m:      	                           (76, 0.08333333333333333),
[92mINFO [0m:      	                           (77, 0.16666666666666666),
[92mINFO [0m:      	                           (78, 0.25),
[92mINFO [0m:      	                           (79, 0.08333333333333333),
[92mINFO [0m:      	                           (80, 0.3333333333333333),
[92mINFO [0m:      	                           (81, 0.08333333333333333),
[92mINFO [0m:      	                           (82, 0.0),
[92mINFO [0m:      	                           (83, 0.08333333333333333),
[92mINFO [0m:      	                           (84, 0.0),
[92mINFO [0m:      	                           (85, 0.0),
[92mINFO [0m:      	                           (86, 0.0),
[92mINFO [0m:      	                           (87, 0.16666666666666666),
[92mINFO [0m:      	                           (88, 0.0),
[92mINFO [0m:      	                           (89, 0.0),
[92mINFO [0m:      	                           (90, 0.4166666666666667),
[92mINFO [0m:      	                           (91, 0.08333333333333333),
[92mINFO [0m:      	                           (92, 0.16666666666666666),
[92mINFO [0m:      	                           (93, 0.0),
[92mINFO [0m:      	                           (94, 0.08333333333333333),
[92mINFO [0m:      	                           (95, 0.3333333333333333),
[92mINFO [0m:      	                           (96, 0.25),
[92mINFO [0m:      	                           (97, 0.08333333333333333),
[92mINFO [0m:      	                           (98, 0.08333333333333333),
[92mINFO [0m:      	                           (99, 0.25),
[92mINFO [0m:      	                           (100, 0.25)],
[92mINFO [0m:      	 'recall_melanocytic_nevi': [(0, 0.0),
[92mINFO [0m:      	                             (1, 1.0),
[92mINFO [0m:      	                             (2, 1.0),
[92mINFO [0m:      	                             (3, 0.992548435171386),
[92mINFO [0m:      	                             (4, 0.9955290611028316),
[92mINFO [0m:      	                             (5, 1.0),
[92mINFO [0m:      	                             (6, 0.9970193740685543),
[92mINFO [0m:      	                             (7, 0.9016393442622951),
[92mINFO [0m:      	                             (8, 1.0),
[92mINFO [0m:      	                             (9, 1.0),
[92mINFO [0m:      	                             (10, 0.9388971684053651),
[92mINFO [0m:      	                             (11, 0.9731743666169895),
[92mINFO [0m:      	                             (12, 0.977645305514158),
[92mINFO [0m:      	                             (13, 0.9940387481371088),
[92mINFO [0m:      	                             (14, 1.0),
[92mINFO [0m:      	                             (15, 0.9895678092399404),
[92mINFO [0m:      	                             (16, 0.9850968703427719),
[92mINFO [0m:      	                             (17, 0.992548435171386),
[92mINFO [0m:      	                             (18, 0.9836065573770492),
[92mINFO [0m:      	                             (19, 0.9821162444113264),
[92mINFO [0m:      	                             (20, 0.9672131147540983),
[92mINFO [0m:      	                             (21, 0.9910581222056631),
[92mINFO [0m:      	                             (22, 0.8077496274217586),
[92mINFO [0m:      	                             (23, 0.9940387481371088),
[92mINFO [0m:      	                             (24, 0.9821162444113264),
[92mINFO [0m:      	                             (25, 0.9940387481371088),
[92mINFO [0m:      	                             (26, 0.7049180327868853),
[92mINFO [0m:      	                             (27, 0.8897168405365127),
[92mINFO [0m:      	                             (28, 0.9955290611028316),
[92mINFO [0m:      	                             (29, 0.9254843517138599),
[92mINFO [0m:      	                             (30, 0.9940387481371088),
[92mINFO [0m:      	                             (31, 0.9761549925484352),
[92mINFO [0m:      	                             (32, 0.9746646795827124),
[92mINFO [0m:      	                             (33, 0.9850968703427719),
[92mINFO [0m:      	                             (34, 0.9538002980625931),
[92mINFO [0m:      	                             (35, 0.9880774962742176),
[92mINFO [0m:      	                             (36, 0.8673621460506706),
[92mINFO [0m:      	                             (37, 0.9850968703427719),
[92mINFO [0m:      	                             (38, 0.9657228017883756),
[92mINFO [0m:      	                             (39, 0.842026825633383),
[92mINFO [0m:      	                             (40, 0.977645305514158),
[92mINFO [0m:      	                             (41, 0.9970193740685543),
[92mINFO [0m:      	                             (42, 0.9880774962742176),
[92mINFO [0m:      	                             (43, 0.8986587183308494),
[92mINFO [0m:      	                             (44, 0.9985096870342772),
[92mINFO [0m:      	                             (45, 0.8166915052160953),
[92mINFO [0m:      	                             (46, 0.9880774962742176),
[92mINFO [0m:      	                             (47, 0.9821162444113264),
[92mINFO [0m:      	                             (48, 0.7913561847988078),
[92mINFO [0m:      	                             (49, 1.0),
[92mINFO [0m:      	                             (50, 0.9985096870342772),
[92mINFO [0m:      	                             (51, 0.7913561847988078),
[92mINFO [0m:      	                             (52, 0.9582712369597616),
[92mINFO [0m:      	                             (53, 0.9135618479880775),
[92mINFO [0m:      	                             (54, 0.9985096870342772),
[92mINFO [0m:      	                             (55, 0.9791356184798807),
[92mINFO [0m:      	                             (56, 0.9895678092399404),
[92mINFO [0m:      	                             (57, 0.9716840536512668),
[92mINFO [0m:      	                             (58, 0.9493293591654247),
[92mINFO [0m:      	                             (59, 0.8256333830104322),
[92mINFO [0m:      	                             (60, 0.940387481371088),
[92mINFO [0m:      	                             (61, 0.9329359165424739),
[92mINFO [0m:      	                             (62, 0.9910581222056631),
[92mINFO [0m:      	                             (63, 0.7779433681073026),
[92mINFO [0m:      	                             (64, 0.9761549925484352),
[92mINFO [0m:      	                             (65, 0.977645305514158),
[92mINFO [0m:      	                             (66, 0.8599105812220567),
[92mINFO [0m:      	                             (67, 0.9567809239940388),
[92mINFO [0m:      	                             (68, 0.8807749627421758),
[92mINFO [0m:      	                             (69, 0.9970193740685543),
[92mINFO [0m:      	                             (70, 0.8166915052160953),
[92mINFO [0m:      	                             (71, 0.7868852459016393),
[92mINFO [0m:      	                             (72, 0.9463487332339792),
[92mINFO [0m:      	                             (73, 0.9642324888226528),
[92mINFO [0m:      	                             (74, 0.8926974664679582),
[92mINFO [0m:      	                             (75, 0.9731743666169895),
[92mINFO [0m:      	                             (76, 0.9687034277198212),
[92mINFO [0m:      	                             (77, 0.9761549925484352),
[92mINFO [0m:      	                             (78, 0.8524590163934426),
[92mINFO [0m:      	                             (79, 0.9880774962742176),
[92mINFO [0m:      	                             (80, 0.9448584202682563),
[92mINFO [0m:      	                             (81, 0.8748137108792846),
[92mINFO [0m:      	                             (82, 0.9985096870342772),
[92mINFO [0m:      	                             (83, 0.9582712369597616),
[92mINFO [0m:      	                             (84, 0.9970193740685543),
[92mINFO [0m:      	                             (85, 0.8211624441132638),
[92mINFO [0m:      	                             (86, 0.9582712369597616),
[92mINFO [0m:      	                             (87, 0.9612518628912071),
[92mINFO [0m:      	                             (88, 0.8718330849478391),
[92mINFO [0m:      	                             (89, 0.9910581222056631),
[92mINFO [0m:      	                             (90, 0.5916542473919523),
[92mINFO [0m:      	                             (91, 0.9687034277198212),
[92mINFO [0m:      	                             (92, 0.9940387481371088),
[92mINFO [0m:      	                             (93, 0.46348733233979134),
[92mINFO [0m:      	                             (94, 0.9910581222056631),
[92mINFO [0m:      	                             (95, 0.9135618479880775),
[92mINFO [0m:      	                             (96, 0.9836065573770492),
[92mINFO [0m:      	                             (97, 0.6959761549925484),
[92mINFO [0m:      	                             (98, 0.9850968703427719),
[92mINFO [0m:      	                             (99, 0.9910581222056631),
[92mINFO [0m:      	                             (100, 0.8301043219076006)],
[92mINFO [0m:      	 'recall_melanoma': [(0, 0.0),
[92mINFO [0m:      	                     (1, 0.0),
[92mINFO [0m:      	                     (2, 0.0),
[92mINFO [0m:      	                     (3, 0.009009009009009009),
[92mINFO [0m:      	                     (4, 0.0),
[92mINFO [0m:      	                     (5, 0.0),
[92mINFO [0m:      	                     (6, 0.02702702702702703),
[92mINFO [0m:      	                     (7, 0.0),
[92mINFO [0m:      	                     (8, 0.0),
[92mINFO [0m:      	                     (9, 0.0),
[92mINFO [0m:      	                     (10, 0.0),
[92mINFO [0m:      	                     (11, 0.0),
[92mINFO [0m:      	                     (12, 0.018018018018018018),
[92mINFO [0m:      	                     (13, 0.0),
[92mINFO [0m:      	                     (14, 0.0),
[92mINFO [0m:      	                     (15, 0.09009009009009009),
[92mINFO [0m:      	                     (16, 0.02702702702702703),
[92mINFO [0m:      	                     (17, 0.10810810810810811),
[92mINFO [0m:      	                     (18, 0.0),
[92mINFO [0m:      	                     (19, 0.0),
[92mINFO [0m:      	                     (20, 0.05405405405405406),
[92mINFO [0m:      	                     (21, 0.02702702702702703),
[92mINFO [0m:      	                     (22, 0.0),
[92mINFO [0m:      	                     (23, 0.0),
[92mINFO [0m:      	                     (24, 0.2972972972972973),
[92mINFO [0m:      	                     (25, 0.12612612612612611),
[92mINFO [0m:      	                     (26, 0.9009009009009009),
[92mINFO [0m:      	                     (27, 0.0),
[92mINFO [0m:      	                     (28, 0.13513513513513514),
[92mINFO [0m:      	                     (29, 0.5945945945945946),
[92mINFO [0m:      	                     (30, 0.009009009009009009),
[92mINFO [0m:      	                     (31, 0.2072072072072072),
[92mINFO [0m:      	                     (32, 0.2702702702702703),
[92mINFO [0m:      	                     (33, 0.0),
[92mINFO [0m:      	                     (34, 0.3063063063063063),
[92mINFO [0m:      	                     (35, 0.018018018018018018),
[92mINFO [0m:      	                     (36, 0.0),
[92mINFO [0m:      	                     (37, 0.0),
[92mINFO [0m:      	                     (38, 0.21621621621621623),
[92mINFO [0m:      	                     (39, 0.42342342342342343),
[92mINFO [0m:      	                     (40, 0.36036036036036034),
[92mINFO [0m:      	                     (41, 0.09009009009009009),
[92mINFO [0m:      	                     (42, 0.22522522522522523),
[92mINFO [0m:      	                     (43, 0.5945945945945946),
[92mINFO [0m:      	                     (44, 0.09009009009009009),
[92mINFO [0m:      	                     (45, 0.7657657657657657),
[92mINFO [0m:      	                     (46, 0.23423423423423423),
[92mINFO [0m:      	                     (47, 0.13513513513513514),
[92mINFO [0m:      	                     (48, 0.5585585585585585),
[92mINFO [0m:      	                     (49, 0.0),
[92mINFO [0m:      	                     (50, 0.0),
[92mINFO [0m:      	                     (51, 0.8378378378378378),
[92mINFO [0m:      	                     (52, 0.02702702702702703),
[92mINFO [0m:      	                     (53, 0.0),
[92mINFO [0m:      	                     (54, 0.07207207207207207),
[92mINFO [0m:      	                     (55, 0.018018018018018018),
[92mINFO [0m:      	                     (56, 0.24324324324324326),
[92mINFO [0m:      	                     (57, 0.0),
[92mINFO [0m:      	                     (58, 0.45045045045045046),
[92mINFO [0m:      	                     (59, 0.0),
[92mINFO [0m:      	                     (60, 0.5405405405405406),
[92mINFO [0m:      	                     (61, 0.35135135135135137),
[92mINFO [0m:      	                     (62, 0.0),
[92mINFO [0m:      	                     (63, 0.7207207207207207),
[92mINFO [0m:      	                     (64, 0.27927927927927926),
[92mINFO [0m:      	                     (65, 0.018018018018018018),
[92mINFO [0m:      	                     (66, 0.14414414414414414),
[92mINFO [0m:      	                     (67, 0.5135135135135135),
[92mINFO [0m:      	                     (68, 0.22522522522522523),
[92mINFO [0m:      	                     (69, 0.036036036036036036),
[92mINFO [0m:      	                     (70, 0.7747747747747747),
[92mINFO [0m:      	                     (71, 0.009009009009009009),
[92mINFO [0m:      	                     (72, 0.0),
[92mINFO [0m:      	                     (73, 0.2882882882882883),
[92mINFO [0m:      	                     (74, 0.018018018018018018),
[92mINFO [0m:      	                     (75, 0.26126126126126126),
[92mINFO [0m:      	                     (76, 0.018018018018018018),
[92mINFO [0m:      	                     (77, 0.2702702702702703),
[92mINFO [0m:      	                     (78, 0.02702702702702703),
[92mINFO [0m:      	                     (79, 0.1981981981981982),
[92mINFO [0m:      	                     (80, 0.0),
[92mINFO [0m:      	                     (81, 0.036036036036036036),
[92mINFO [0m:      	                     (82, 0.02702702702702703),
[92mINFO [0m:      	                     (83, 0.18018018018018017),
[92mINFO [0m:      	                     (84, 0.06306306306306306),
[92mINFO [0m:      	                     (85, 0.09009009009009009),
[92mINFO [0m:      	                     (86, 0.0),
[92mINFO [0m:      	                     (87, 0.08108108108108109),
[92mINFO [0m:      	                     (88, 0.6936936936936937),
[92mINFO [0m:      	                     (89, 0.02702702702702703),
[92mINFO [0m:      	                     (90, 1.0),
[92mINFO [0m:      	                     (91, 0.0),
[92mINFO [0m:      	                     (92, 0.17117117117117117),
[92mINFO [0m:      	                     (93, 0.0),
[92mINFO [0m:      	                     (94, 0.1981981981981982),
[92mINFO [0m:      	                     (95, 0.02702702702702703),
[92mINFO [0m:      	                     (96, 0.18018018018018017),
[92mINFO [0m:      	                     (97, 0.16216216216216217),
[92mINFO [0m:      	                     (98, 0.0),
[92mINFO [0m:      	                     (99, 0.09009009009009009),
[92mINFO [0m:      	                     (100, 0.036036036036036036)],
[92mINFO [0m:      	 'recall_vascular_lesions': [(0, 0.0),
[92mINFO [0m:      	                             (1, 0.0),
[92mINFO [0m:      	                             (2, 0.0),
[92mINFO [0m:      	                             (3, 0.0),
[92mINFO [0m:      	                             (4, 0.0),
[92mINFO [0m:      	                             (5, 0.0),
[92mINFO [0m:      	                             (6, 0.0),
[92mINFO [0m:      	                             (7, 0.0),
[92mINFO [0m:      	                             (8, 0.0),
[92mINFO [0m:      	                             (9, 0.0),
[92mINFO [0m:      	                             (10, 0.14285714285714285),
[92mINFO [0m:      	                             (11, 0.0),
[92mINFO [0m:      	                             (12, 0.0),
[92mINFO [0m:      	                             (13, 0.14285714285714285),
[92mINFO [0m:      	                             (14, 0.07142857142857142),
[92mINFO [0m:      	                             (15, 0.35714285714285715),
[92mINFO [0m:      	                             (16, 0.14285714285714285),
[92mINFO [0m:      	                             (17, 0.35714285714285715),
[92mINFO [0m:      	                             (18, 0.35714285714285715),
[92mINFO [0m:      	                             (19, 0.35714285714285715),
[92mINFO [0m:      	                             (20, 0.5714285714285714),
[92mINFO [0m:      	                             (21, 0.14285714285714285),
[92mINFO [0m:      	                             (22, 0.14285714285714285),
[92mINFO [0m:      	                             (23, 0.14285714285714285),
[92mINFO [0m:      	                             (24, 0.0),
[92mINFO [0m:      	                             (25, 0.21428571428571427),
[92mINFO [0m:      	                             (26, 0.0),
[92mINFO [0m:      	                             (27, 0.5),
[92mINFO [0m:      	                             (28, 0.2857142857142857),
[92mINFO [0m:      	                             (29, 0.35714285714285715),
[92mINFO [0m:      	                             (30, 0.35714285714285715),
[92mINFO [0m:      	                             (31, 0.21428571428571427),
[92mINFO [0m:      	                             (32, 0.07142857142857142),
[92mINFO [0m:      	                             (33, 0.0),
[92mINFO [0m:      	                             (34, 0.5),
[92mINFO [0m:      	                             (35, 0.5714285714285714),
[92mINFO [0m:      	                             (36, 0.0),
[92mINFO [0m:      	                             (37, 0.2857142857142857),
[92mINFO [0m:      	                             (38, 0.21428571428571427),
[92mINFO [0m:      	                             (39, 0.14285714285714285),
[92mINFO [0m:      	                             (40, 0.35714285714285715),
[92mINFO [0m:      	                             (41, 0.35714285714285715),
[92mINFO [0m:      	                             (42, 0.14285714285714285),
[92mINFO [0m:      	                             (43, 0.0),
[92mINFO [0m:      	                             (44, 0.42857142857142855),
[92mINFO [0m:      	                             (45, 0.35714285714285715),
[92mINFO [0m:      	                             (46, 0.2857142857142857),
[92mINFO [0m:      	                             (47, 0.2857142857142857),
[92mINFO [0m:      	                             (48, 0.07142857142857142),
[92mINFO [0m:      	                             (49, 0.07142857142857142),
[92mINFO [0m:      	                             (50, 0.2857142857142857),
[92mINFO [0m:      	                             (51, 0.35714285714285715),
[92mINFO [0m:      	                             (52, 0.5714285714285714),
[92mINFO [0m:      	                             (53, 0.0),
[92mINFO [0m:      	                             (54, 0.0),
[92mINFO [0m:      	                             (55, 0.35714285714285715),
[92mINFO [0m:      	                             (56, 0.21428571428571427),
[92mINFO [0m:      	                             (57, 0.07142857142857142),
[92mINFO [0m:      	                             (58, 0.07142857142857142),
[92mINFO [0m:      	                             (59, 0.14285714285714285),
[92mINFO [0m:      	                             (60, 0.35714285714285715),
[92mINFO [0m:      	                             (61, 0.5),
[92mINFO [0m:      	                             (62, 0.0),
[92mINFO [0m:      	                             (63, 0.35714285714285715),
[92mINFO [0m:      	                             (64, 0.6428571428571429),
[92mINFO [0m:      	                             (65, 0.21428571428571427),
[92mINFO [0m:      	                             (66, 0.21428571428571427),
[92mINFO [0m:      	                             (67, 0.42857142857142855),
[92mINFO [0m:      	                             (68, 0.2857142857142857),
[92mINFO [0m:      	                             (69, 0.42857142857142855),
[92mINFO [0m:      	                             (70, 0.5714285714285714),
[92mINFO [0m:      	                             (71, 0.07142857142857142),
[92mINFO [0m:      	                             (72, 0.07142857142857142),
[92mINFO [0m:      	                             (73, 0.35714285714285715),
[92mINFO [0m:      	                             (74, 0.21428571428571427),
[92mINFO [0m:      	                             (75, 0.35714285714285715),
[92mINFO [0m:      	                             (76, 0.5714285714285714),
[92mINFO [0m:      	                             (77, 0.0),
[92mINFO [0m:      	                             (78, 0.35714285714285715),
[92mINFO [0m:      	                             (79, 0.5),
[92mINFO [0m:      	                             (80, 0.21428571428571427),
[92mINFO [0m:      	                             (81, 0.07142857142857142),
[92mINFO [0m:      	                             (82, 0.2857142857142857),
[92mINFO [0m:      	                             (83, 0.35714285714285715),
[92mINFO [0m:      	                             (84, 0.21428571428571427),
[92mINFO [0m:      	                             (85, 0.14285714285714285),
[92mINFO [0m:      	                             (86, 0.07142857142857142),
[92mINFO [0m:      	                             (87, 0.5),
[92mINFO [0m:      	                             (88, 0.42857142857142855),
[92mINFO [0m:      	                             (89, 0.5),
[92mINFO [0m:      	                             (90, 0.07142857142857142),
[92mINFO [0m:      	                             (91, 0.14285714285714285),
[92mINFO [0m:      	                             (92, 0.2857142857142857),
[92mINFO [0m:      	                             (93, 0.21428571428571427),
[92mINFO [0m:      	                             (94, 0.6428571428571429),
[92mINFO [0m:      	                             (95, 0.5714285714285714),
[92mINFO [0m:      	                             (96, 0.0),
[92mINFO [0m:      	                             (97, 0.5714285714285714),
[92mINFO [0m:      	                             (98, 0.0),
[92mINFO [0m:      	                             (99, 0.21428571428571427),
[92mINFO [0m:      	                             (100, 0.0)],
[92mINFO [0m:      	 'worst_class_f1': [(0, 0.0),
[92mINFO [0m:      	                    (1, 0.0),
[92mINFO [0m:      	                    (2, 0.0),
[92mINFO [0m:      	                    (3, 0.0),
[92mINFO [0m:      	                    (4, 0.0),
[92mINFO [0m:      	                    (5, 0.0),
[92mINFO [0m:      	                    (6, 0.0),
[92mINFO [0m:      	                    (7, 0.0),
[92mINFO [0m:      	                    (8, 0.0),
[92mINFO [0m:      	                    (9, 0.0),
[92mINFO [0m:      	                    (10, 0.0),
[92mINFO [0m:      	                    (11, 0.0),
[92mINFO [0m:      	                    (12, 0.0),
[92mINFO [0m:      	                    (13, 0.0),
[92mINFO [0m:      	                    (14, 0.0),
[92mINFO [0m:      	                    (15, 0.0),
[92mINFO [0m:      	                    (16, 0.0),
[92mINFO [0m:      	                    (17, 0.0),
[92mINFO [0m:      	                    (18, 0.0),
[92mINFO [0m:      	                    (19, 0.0),
[92mINFO [0m:      	                    (20, 0.0),
[92mINFO [0m:      	                    (21, 0.0),
[92mINFO [0m:      	                    (22, 0.0),
[92mINFO [0m:      	                    (23, 0.0),
[92mINFO [0m:      	                    (24, 0.0),
[92mINFO [0m:      	                    (25, 0.0),
[92mINFO [0m:      	                    (26, 0.0),
[92mINFO [0m:      	                    (27, 0.0),
[92mINFO [0m:      	                    (28, 0.0),
[92mINFO [0m:      	                    (29, 0.0),
[92mINFO [0m:      	                    (30, 0.017857142857142856),
[92mINFO [0m:      	                    (31, 0.09836065573770492),
[92mINFO [0m:      	                    (32, 0.0),
[92mINFO [0m:      	                    (33, 0.0),
[92mINFO [0m:      	                    (34, 0.15384615384615385),
[92mINFO [0m:      	                    (35, 0.0),
[92mINFO [0m:      	                    (36, 0.0),
[92mINFO [0m:      	                    (37, 0.0),
[92mINFO [0m:      	                    (38, 0.0),
[92mINFO [0m:      	                    (39, 0.0),
[92mINFO [0m:      	                    (40, 0.0),
[92mINFO [0m:      	                    (41, 0.0),
[92mINFO [0m:      	                    (42, 0.10810810810810811),
[92mINFO [0m:      	                    (43, 0.0),
[92mINFO [0m:      	                    (44, 0.0),
[92mINFO [0m:      	                    (45, 0.0),
[92mINFO [0m:      	                    (46, 0.0),
[92mINFO [0m:      	                    (47, 0.22058823529411764),
[92mINFO [0m:      	                    (48, 0.0),
[92mINFO [0m:      	                    (49, 0.0),
[92mINFO [0m:      	                    (50, 0.0),
[92mINFO [0m:      	                    (51, 0.0),
[92mINFO [0m:      	                    (52, 0.05217391304347826),
[92mINFO [0m:      	                    (53, 0.0),
[92mINFO [0m:      	                    (54, 0.0),
[92mINFO [0m:      	                    (55, 0.035398230088495575),
[92mINFO [0m:      	                    (56, 0.0),
[92mINFO [0m:      	                    (57, 0.0),
[92mINFO [0m:      	                    (58, 0.11764705882352941),
[92mINFO [0m:      	                    (59, 0.0),
[92mINFO [0m:      	                    (60, 0.0),
[92mINFO [0m:      	                    (61, 0.14285714285714285),
[92mINFO [0m:      	                    (62, 0.0),
[92mINFO [0m:      	                    (63, 0.05714285714285714),
[92mINFO [0m:      	                    (64, 0.05714285714285714),
[92mINFO [0m:      	                    (65, 0.035398230088495575),
[92mINFO [0m:      	                    (66, 0.11428571428571428),
[92mINFO [0m:      	                    (67, 0.0),
[92mINFO [0m:      	                    (68, 0.25),
[92mINFO [0m:      	                    (69, 0.0),
[92mINFO [0m:      	                    (70, 0.0),
[92mINFO [0m:      	                    (71, 0.017857142857142856),
[92mINFO [0m:      	                    (72, 0.0),
[92mINFO [0m:      	                    (73, 0.0),
[92mINFO [0m:      	                    (74, 0.035398230088495575),
[92mINFO [0m:      	                    (75, 0.058823529411764705),
[92mINFO [0m:      	                    (76, 0.035398230088495575),
[92mINFO [0m:      	                    (77, 0.0),
[92mINFO [0m:      	                    (78, 0.05217391304347826),
[92mINFO [0m:      	                    (79, 0.018018018018018018),
[92mINFO [0m:      	                    (80, 0.0),
[92mINFO [0m:      	                    (81, 0.06896551724137931),
[92mINFO [0m:      	                    (82, 0.0),
[92mINFO [0m:      	                    (83, 0.15384615384615385),
[92mINFO [0m:      	                    (84, 0.0),
[92mINFO [0m:      	                    (85, 0.0),
[92mINFO [0m:      	                    (86, 0.0),
[92mINFO [0m:      	                    (87, 0.05405405405405406),
[92mINFO [0m:      	                    (88, 0.0),
[92mINFO [0m:      	                    (89, 0.0),
[92mINFO [0m:      	                    (90, 0.0),
[92mINFO [0m:      	                    (91, 0.0),
[92mINFO [0m:      	                    (92, 0.10256410256410256),
[92mINFO [0m:      	                    (93, 0.0),
[92mINFO [0m:      	                    (94, 0.0),
[92mINFO [0m:      	                    (95, 0.0),
[92mINFO [0m:      	                    (96, 0.0),
[92mINFO [0m:      	                    (97, 0.14285714285714285),
[92mINFO [0m:      	                    (98, 0.0),
[92mINFO [0m:      	                    (99, 0.1388888888888889),
[92mINFO [0m:      	                    (100, 0.0)],
[92mINFO [0m:      	 'worst_class_recall': [(0, 0.0),
[92mINFO [0m:      	                        (1, 0.0),
[92mINFO [0m:      	                        (2, 0.0),
[92mINFO [0m:      	                        (3, 0.0),
[92mINFO [0m:      	                        (4, 0.0),
[92mINFO [0m:      	                        (5, 0.0),
[92mINFO [0m:      	                        (6, 0.0),
[92mINFO [0m:      	                        (7, 0.0),
[92mINFO [0m:      	                        (8, 0.0),
[92mINFO [0m:      	                        (9, 0.0),
[92mINFO [0m:      	                        (10, 0.0),
[92mINFO [0m:      	                        (11, 0.0),
[92mINFO [0m:      	                        (12, 0.0),
[92mINFO [0m:      	                        (13, 0.0),
[92mINFO [0m:      	                        (14, 0.0),
[92mINFO [0m:      	                        (15, 0.0),
[92mINFO [0m:      	                        (16, 0.0),
[92mINFO [0m:      	                        (17, 0.0),
[92mINFO [0m:      	                        (18, 0.0),
[92mINFO [0m:      	                        (19, 0.0),
[92mINFO [0m:      	                        (20, 0.0),
[92mINFO [0m:      	                        (21, 0.0),
[92mINFO [0m:      	                        (22, 0.0),
[92mINFO [0m:      	                        (23, 0.0),
[92mINFO [0m:      	                        (24, 0.0),
[92mINFO [0m:      	                        (25, 0.0),
[92mINFO [0m:      	                        (26, 0.0),
[92mINFO [0m:      	                        (27, 0.0),
[92mINFO [0m:      	                        (28, 0.0),
[92mINFO [0m:      	                        (29, 0.0),
[92mINFO [0m:      	                        (30, 0.009009009009009009),
[92mINFO [0m:      	                        (31, 0.05454545454545454),
[92mINFO [0m:      	                        (32, 0.0),
[92mINFO [0m:      	                        (33, 0.0),
[92mINFO [0m:      	                        (34, 0.08333333333333333),
[92mINFO [0m:      	                        (35, 0.0),
[92mINFO [0m:      	                        (36, 0.0),
[92mINFO [0m:      	                        (37, 0.0),
[92mINFO [0m:      	                        (38, 0.0),
[92mINFO [0m:      	                        (39, 0.0),
[92mINFO [0m:      	                        (40, 0.0),
[92mINFO [0m:      	                        (41, 0.0),
[92mINFO [0m:      	                        (42, 0.06060606060606061),
[92mINFO [0m:      	                        (43, 0.0),
[92mINFO [0m:      	                        (44, 0.0),
[92mINFO [0m:      	                        (45, 0.0),
[92mINFO [0m:      	                        (46, 0.0),
[92mINFO [0m:      	                        (47, 0.13513513513513514),
[92mINFO [0m:      	                        (48, 0.0),
[92mINFO [0m:      	                        (49, 0.0),
[92mINFO [0m:      	                        (50, 0.0),
[92mINFO [0m:      	                        (51, 0.0),
[92mINFO [0m:      	                        (52, 0.02702702702702703),
[92mINFO [0m:      	                        (53, 0.0),
[92mINFO [0m:      	                        (54, 0.0),
[92mINFO [0m:      	                        (55, 0.018018018018018018),
[92mINFO [0m:      	                        (56, 0.0),
[92mINFO [0m:      	                        (57, 0.0),
[92mINFO [0m:      	                        (58, 0.06363636363636363),
[92mINFO [0m:      	                        (59, 0.0),
[92mINFO [0m:      	                        (60, 0.0),
[92mINFO [0m:      	                        (61, 0.08333333333333333),
[92mINFO [0m:      	                        (62, 0.0),
[92mINFO [0m:      	                        (63, 0.030303030303030304),
[92mINFO [0m:      	                        (64, 0.030303030303030304),
[92mINFO [0m:      	                        (65, 0.018018018018018018),
[92mINFO [0m:      	                        (66, 0.06060606060606061),
[92mINFO [0m:      	                        (67, 0.0),
[92mINFO [0m:      	                        (68, 0.16666666666666666),
[92mINFO [0m:      	                        (69, 0.0),
[92mINFO [0m:      	                        (70, 0.0),
[92mINFO [0m:      	                        (71, 0.009009009009009009),
[92mINFO [0m:      	                        (72, 0.0),
[92mINFO [0m:      	                        (73, 0.0),
[92mINFO [0m:      	                        (74, 0.018018018018018018),
[92mINFO [0m:      	                        (75, 0.030303030303030304),
[92mINFO [0m:      	                        (76, 0.018018018018018018),
[92mINFO [0m:      	                        (77, 0.0),
[92mINFO [0m:      	                        (78, 0.02702702702702703),
[92mINFO [0m:      	                        (79, 0.00909090909090909),
[92mINFO [0m:      	                        (80, 0.0),
[92mINFO [0m:      	                        (81, 0.036036036036036036),
[92mINFO [0m:      	                        (82, 0.0),
[92mINFO [0m:      	                        (83, 0.08333333333333333),
[92mINFO [0m:      	                        (84, 0.0),
[92mINFO [0m:      	                        (85, 0.0),
[92mINFO [0m:      	                        (86, 0.0),
[92mINFO [0m:      	                        (87, 0.030303030303030304),
[92mINFO [0m:      	                        (88, 0.0),
[92mINFO [0m:      	                        (89, 0.0),
[92mINFO [0m:      	                        (90, 0.0),
[92mINFO [0m:      	                        (91, 0.0),
[92mINFO [0m:      	                        (92, 0.06060606060606061),
[92mINFO [0m:      	                        (93, 0.0),
[92mINFO [0m:      	                        (94, 0.0),
[92mINFO [0m:      	                        (95, 0.0),
[92mINFO [0m:      	                        (96, 0.0),
[92mINFO [0m:      	                        (97, 0.08333333333333333),
[92mINFO [0m:      	                        (98, 0.0),
[92mINFO [0m:      	                        (99, 0.09009009009009009),
[92mINFO [0m:      	                        (100, 0.0)]}
[92mINFO [0m:      
/home/bk489/federated_clean/cleanest_federated/fl-dermamnist-starter/metrics/evaluation.py:68: UserWarning: AUROC set to NaN because present classes are [0, 1, 3, 4, 6], expected [0, 1, 2, 3, 4, 5, 6]
  warnings.warn(f'AUROC set to NaN because present classes are {present_classes}, expected {labels}')
/home/bk489/federated_clean/.venv/lib/python3.9/site-packages/sklearn/metrics/_classification.py:2524: UserWarning: y_pred contains classes not in y_true
  warnings.warn("y_pred contains classes not in y_true")
/home/bk489/federated_clean/cleanest_federated/fl-dermamnist-starter/metrics/evaluation.py:68: UserWarning: AUROC set to NaN because present classes are [0, 4, 5], expected [0, 1, 2, 3, 4, 5, 6]
  warnings.warn(f'AUROC set to NaN because present classes are {present_classes}, expected {labels}')
/home/bk489/federated_clean/.venv/lib/python3.9/site-packages/sklearn/metrics/_classification.py:2524: UserWarning: y_pred contains classes not in y_true
  warnings.warn("y_pred contains classes not in y_true")
/home/bk489/federated_clean/cleanest_federated/fl-dermamnist-starter/metrics/evaluation.py:68: UserWarning: AUROC set to NaN because present classes are [4, 5], expected [0, 1, 2, 3, 4, 5, 6]
  warnings.warn(f'AUROC set to NaN because present classes are {present_classes}, expected {labels}')
/home/bk489/federated_clean/.venv/lib/python3.9/site-packages/sklearn/metrics/_classification.py:2524: UserWarning: y_pred contains classes not in y_true
  warnings.warn("y_pred contains classes not in y_true")
/home/bk489/federated_clean/cleanest_federated/fl-dermamnist-starter/metrics/evaluation.py:68: UserWarning: AUROC set to NaN because present classes are [1, 4, 5], expected [0, 1, 2, 3, 4, 5, 6]
  warnings.warn(f'AUROC set to NaN because present classes are {present_classes}, expected {labels}')
/home/bk489/federated_clean/.venv/lib/python3.9/site-packages/sklearn/metrics/_classification.py:2524: UserWarning: y_pred contains classes not in y_true
  warnings.warn("y_pred contains classes not in y_true")
/home/bk489/federated_clean/cleanest_federated/fl-dermamnist-starter/metrics/evaluation.py:68: UserWarning: AUROC set to NaN because present classes are [4, 5], expected [0, 1, 2, 3, 4, 5, 6]
  warnings.warn(f'AUROC set to NaN because present classes are {present_classes}, expected {labels}')
/home/bk489/federated_clean/.venv/lib/python3.9/site-packages/sklearn/metrics/_classification.py:2524: UserWarning: y_pred contains classes not in y_true
  warnings.warn("y_pred contains classes not in y_true")
/home/bk489/federated_clean/cleanest_federated/fl-dermamnist-starter/metrics/evaluation.py:68: UserWarning: AUROC set to NaN because present classes are [0, 2, 4, 5], expected [0, 1, 2, 3, 4, 5, 6]
  warnings.warn(f'AUROC set to NaN because present classes are {present_classes}, expected {labels}')
/home/bk489/federated_clean/.venv/lib/python3.9/site-packages/sklearn/metrics/_classification.py:2524: UserWarning: y_pred contains classes not in y_true
  warnings.warn("y_pred contains classes not in y_true")
/home/bk489/federated_clean/cleanest_federated/fl-dermamnist-starter/metrics/evaluation.py:68: UserWarning: AUROC set to NaN because present classes are [1, 5, 6], expected [0, 1, 2, 3, 4, 5, 6]
  warnings.warn(f'AUROC set to NaN because present classes are {present_classes}, expected {labels}')
/home/bk489/federated_clean/.venv/lib/python3.9/site-packages/sklearn/metrics/_classification.py:2524: UserWarning: y_pred contains classes not in y_true
  warnings.warn("y_pred contains classes not in y_true")
/home/bk489/federated_clean/cleanest_federated/fl-dermamnist-starter/metrics/evaluation.py:68: UserWarning: AUROC set to NaN because present classes are [0, 3, 4, 5, 6], expected [0, 1, 2, 3, 4, 5, 6]
  warnings.warn(f'AUROC set to NaN because present classes are {present_classes}, expected {labels}')
/home/bk489/federated_clean/.venv/lib/python3.9/site-packages/sklearn/metrics/_classification.py:2524: UserWarning: y_pred contains classes not in y_true
  warnings.warn("y_pred contains classes not in y_true")
/home/bk489/federated_clean/cleanest_federated/fl-dermamnist-starter/metrics/evaluation.py:68: UserWarning: AUROC set to NaN because present classes are [1, 3, 4, 5], expected [0, 1, 2, 3, 4, 5, 6]
  warnings.warn(f'AUROC set to NaN because present classes are {present_classes}, expected {labels}')
/home/bk489/federated_clean/.venv/lib/python3.9/site-packages/sklearn/metrics/_classification.py:2524: UserWarning: y_pred contains classes not in y_true
  warnings.warn("y_pred contains classes not in y_true")
[36m(ClientAppActor pid=302362)[0m /home/bk489/federated_clean/cleanest_federated/fl-dermamnist-starter/metrics/evaluation.py:68: UserWarning: AUROC set to NaN because present classes are [2, 3, 5], expected [0, 1, 2, 3, 4, 5, 6][32m [repeated 10x across cluster][0m
[36m(ClientAppActor pid=302362)[0m   warnings.warn(f'AUROC set to NaN because present classes are {present_classes}, expected {labels}')[32m [repeated 10x across cluster][0m
[36m(ClientAppActor pid=302362)[0m /home/bk489/federated_clean/.venv/lib/python3.9/site-packages/sklearn/metrics/_classification.py:2524: UserWarning: y_pred contains classes not in y_true[32m [repeated 8x across cluster][0m
[36m(ClientAppActor pid=302362)[0m   warnings.warn("y_pred contains classes not in y_true")[32m [repeated 8x across cluster][0m
[36m(ClientAppActor pid=302362)[0m /home/bk489/federated_clean/cleanest_federated/fl-dermamnist-starter/data/download.py:27: UserWarning: The given NumPy array is not writable, and PyTorch does not support non-writable tensors. This means writing to this tensor will result in undefined behavior. You may want to copy the array to protect its data or make it writable before converting it to a tensor. This type of warning will be suppressed for the rest of this program. (Triggered internally at /pytorch/torch/csrc/utils/tensor_numpy.cpp:203.)[32m [repeated 21x across cluster][0m
[36m(ClientAppActor pid=302362)[0m   tensor = torch.as_tensor(image)[32m [repeated 21x across cluster][0m
[36m(ClientAppActor pid=302840)[0m [93mWARNING [0m:   DEPRECATED FEATURE: `client_fn` now expects a signature `def client_fn(context: Context)`.The provided `client_fn` has signature: {'cid': <Parameter "cid: 'str'">}. You can import the `Context` like this: `from flwr.common import Context`[32m [repeated 10x across cluster][0m
[36m(ClientAppActor pid=302840)[0m             This is a deprecated feature. It will be removed[32m [repeated 10x across cluster][0m
[36m(ClientAppActor pid=302840)[0m             entirely in future versions of Flower.[32m [repeated 10x across cluster][0m
