/home/bk489/federated_clean/.venv/lib/python3.9/site-packages/matplotlib/_fontconfig_pattern.py:64: PyparsingDeprecationWarning: 'oneOf' deprecated - use 'one_of'
  prop = Group((name + Suppress("=") + comma_separated(value)) | oneOf(_CONSTANTS))
/home/bk489/federated_clean/.venv/lib/python3.9/site-packages/matplotlib/_fontconfig_pattern.py:85: PyparsingDeprecationWarning: 'parseString' deprecated - use 'parse_string'
  parse = parser.parseString(pattern)
/home/bk489/federated_clean/.venv/lib/python3.9/site-packages/matplotlib/_fontconfig_pattern.py:89: PyparsingDeprecationWarning: 'resetCache' deprecated - use 'reset_cache'
  parser.resetCache()
/home/bk489/federated_clean/.venv/lib/python3.9/site-packages/matplotlib/_mathtext.py:45: PyparsingDeprecationWarning: 'enablePackrat' deprecated - use 'enable_packrat'
  ParserElement.enablePackrat()
In /home/bk489/federated_clean/.venv/lib/python3.9/site-packages/matplotlib/mpl-data/stylelib/classic.mplstyle: 'parseString' deprecated - use 'parse_string'
In /home/bk489/federated_clean/.venv/lib/python3.9/site-packages/matplotlib/mpl-data/stylelib/classic.mplstyle: 'resetCache' deprecated - use 'reset_cache'
/home/bk489/federated_clean/cleanest_federated/fl-dermamnist-starter/data/visualise.py:71: UserWarning: Tight layout not applied. The bottom and top margins cannot be made large enough to accommodate all Axes decorations.
  fig.tight_layout()
[93mWARNING [0m:   DEPRECATED FEATURE: flwr.simulation.start_simulation() is deprecated.
	Instead, use the `flwr run` CLI command to start a local simulation in your Flower app, as shown for example below:

		$ flwr new  # Create a new Flower app from a template

		$ flwr run  # Run the Flower app in Simulation Mode

	Using `start_simulation()` is deprecated.

            This is a deprecated feature. It will be removed
            entirely in future versions of Flower.
        
[92mINFO [0m:      Starting Flower simulation, config: num_rounds=100, no round_timeout
2026-05-12 23:22:37,385	INFO worker.py:1771 -- Started a local Ray instance.
[92mINFO [0m:      Flower VCE: Ray initialized with resources: {'accelerator_type:A100': 1.0, 'node:__internal_head__': 1.0, 'CPU': 128.0, 'object_store_memory': 200000000000.0, 'memory': 852630674432.0, 'node:10.43.74.102': 1.0, 'GPU': 1.0}
[92mINFO [0m:      Optimize your simulation with Flower VCE: https://flower.ai/docs/framework/how-to-run-simulations.html
[92mINFO [0m:      Flower VCE: Resources for each Virtual Client: {'num_cpus': 1, 'num_gpus': 0.1}
[92mINFO [0m:      Flower VCE: Creating VirtualClientEngineActorPool with 10 actors
[92mINFO [0m:      [INIT]
[92mINFO [0m:      Requesting initial parameters from one random client
[36m(ClientAppActor pid=450349)[0m /home/bk489/federated_clean/.venv/lib/python3.9/site-packages/matplotlib/_fontconfig_pattern.py:64: PyparsingDeprecationWarning: 'oneOf' deprecated - use 'one_of'
[36m(ClientAppActor pid=450349)[0m   prop = Group((name + Suppress("=") + comma_separated(value)) | oneOf(_CONSTANTS))
[36m(ClientAppActor pid=450349)[0m /home/bk489/federated_clean/.venv/lib/python3.9/site-packages/matplotlib/_fontconfig_pattern.py:85: PyparsingDeprecationWarning: 'parseString' deprecated - use 'parse_string'
[36m(ClientAppActor pid=450349)[0m   parse = parser.parseString(pattern)
[36m(ClientAppActor pid=450349)[0m /home/bk489/federated_clean/.venv/lib/python3.9/site-packages/matplotlib/_fontconfig_pattern.py:89: PyparsingDeprecationWarning: 'resetCache' deprecated - use 'reset_cache'
[36m(ClientAppActor pid=450349)[0m   parser.resetCache()
[36m(ClientAppActor pid=450349)[0m /home/bk489/federated_clean/.venv/lib/python3.9/site-packages/matplotlib/_mathtext.py:45: PyparsingDeprecationWarning: 'enablePackrat' deprecated - use 'enable_packrat'
[36m(ClientAppActor pid=450349)[0m   ParserElement.enablePackrat()
[36m(ClientAppActor pid=450349)[0m In /home/bk489/federated_clean/.venv/lib/python3.9/site-packages/matplotlib/mpl-data/stylelib/classic.mplstyle: 'parseString' deprecated - use 'parse_string'
[36m(ClientAppActor pid=450349)[0m In /home/bk489/federated_clean/.venv/lib/python3.9/site-packages/matplotlib/mpl-data/stylelib/classic.mplstyle: 'resetCache' deprecated - use 'reset_cache'
[36m(ClientAppActor pid=450349)[0m [93mWARNING [0m:   DEPRECATED FEATURE: `client_fn` now expects a signature `def client_fn(context: Context)`.The provided `client_fn` has signature: {'cid': <Parameter "cid: 'str'">}. You can import the `Context` like this: `from flwr.common import Context`
[36m(ClientAppActor pid=450349)[0m 
[36m(ClientAppActor pid=450349)[0m             This is a deprecated feature. It will be removed
[36m(ClientAppActor pid=450349)[0m             entirely in future versions of Flower.
[36m(ClientAppActor pid=450349)[0m         
[92mINFO [0m:      Received initial parameters from one random client
[92mINFO [0m:      Starting evaluation of initial global parameters
[92mINFO [0m:      initial parameters (loss, other metrics): 2.003153203848233, {'accuracy': 0.013958125623130608, 'balanced_accuracy': 0.14285714285714285, 'macro_f1': 0.003933136676499509, 'worst_class_f1': 0.0, 'worst_class_recall': 0.0, 'f1_actinic_keratoses_an': 0.0, 'recall_actinic_keratoses_an': 0.0, 'f1_basal_cell_carcinoma': 0.0, 'recall_basal_cell_carcinoma': 0.0, 'f1_benign_keratosis-lik': 0.0, 'recall_benign_keratosis-lik': 0.0, 'f1_dermatofibroma': 0.0, 'recall_dermatofibroma': 0.0, 'f1_melanoma': 0.0, 'recall_melanoma': 0.0, 'f1_melanocytic_nevi': 0.0, 'recall_melanocytic_nevi': 0.0, 'f1_vascular_lesions': 0.02753195673549656, 'recall_vascular_lesions': 1.0}
[92mINFO [0m:      
[92mINFO [0m:      [ROUND 1]
[92mINFO [0m:      configure_fit: strategy sampled 10 clients (out of 10)
[36m(ClientAppActor pid=450349)[0m [93mWARNING [0m:   DEPRECATED FEATURE: `client_fn` now expects a signature `def client_fn(context: Context)`.The provided `client_fn` has signature: {'cid': <Parameter "cid: 'str'">}. You can import the `Context` like this: `from flwr.common import Context`
[36m(ClientAppActor pid=450349)[0m 
[36m(ClientAppActor pid=450349)[0m             This is a deprecated feature. It will be removed
[36m(ClientAppActor pid=450349)[0m             entirely in future versions of Flower.
[36m(ClientAppActor pid=450349)[0m         
[36m(ClientAppActor pid=450349)[0m /home/bk489/federated_clean/cleanest_federated/fl-dermamnist-starter/data/download.py:27: UserWarning: The given NumPy array is not writable, and PyTorch does not support non-writable tensors. This means writing to this tensor will result in undefined behavior. You may want to copy the array to protect its data or make it writable before converting it to a tensor. This type of warning will be suppressed for the rest of this program. (Triggered internally at /pytorch/torch/csrc/utils/tensor_numpy.cpp:203.)
[36m(ClientAppActor pid=450349)[0m   tensor = torch.as_tensor(image)
[36m(ClientAppActor pid=450349)[0m /home/bk489/federated_clean/cleanest_federated/fl-dermamnist-starter/data/download.py:27: UserWarning: The given NumPy array is not writable, and PyTorch does not support non-writable tensors. This means writing to this tensor will result in undefined behavior. You may want to copy the array to protect its data or make it writable before converting it to a tensor. This type of warning will be suppressed for the rest of this program. (Triggered internally at /pytorch/torch/csrc/utils/tensor_numpy.cpp:203.)
[36m(ClientAppActor pid=450349)[0m   tensor = torch.as_tensor(image)
[36m(ClientAppActor pid=450349)[0m /home/bk489/federated_clean/cleanest_federated/fl-dermamnist-starter/data/download.py:27: UserWarning: The given NumPy array is not writable, and PyTorch does not support non-writable tensors. This means writing to this tensor will result in undefined behavior. You may want to copy the array to protect its data or make it writable before converting it to a tensor. This type of warning will be suppressed for the rest of this program. (Triggered internally at /pytorch/torch/csrc/utils/tensor_numpy.cpp:203.)
[36m(ClientAppActor pid=450349)[0m   tensor = torch.as_tensor(image)
[36m(ClientAppActor pid=450349)[0m /home/bk489/federated_clean/cleanest_federated/fl-dermamnist-starter/data/download.py:27: UserWarning: The given NumPy array is not writable, and PyTorch does not support non-writable tensors. This means writing to this tensor will result in undefined behavior. You may want to copy the array to protect its data or make it writable before converting it to a tensor. This type of warning will be suppressed for the rest of this program. (Triggered internally at /pytorch/torch/csrc/utils/tensor_numpy.cpp:203.)
[36m(ClientAppActor pid=450349)[0m   tensor = torch.as_tensor(image)
[36m(ClientAppActor pid=450349)[0m /home/bk489/federated_clean/cleanest_federated/fl-dermamnist-starter/data/download.py:27: UserWarning: The given NumPy array is not writable, and PyTorch does not support non-writable tensors. This means writing to this tensor will result in undefined behavior. You may want to copy the array to protect its data or make it writable before converting it to a tensor. This type of warning will be suppressed for the rest of this program. (Triggered internally at /pytorch/torch/csrc/utils/tensor_numpy.cpp:203.)
[36m(ClientAppActor pid=450349)[0m   tensor = torch.as_tensor(image)
[36m(ClientAppActor pid=450349)[0m /home/bk489/federated_clean/cleanest_federated/fl-dermamnist-starter/data/download.py:27: UserWarning: The given NumPy array is not writable, and PyTorch does not support non-writable tensors. This means writing to this tensor will result in undefined behavior. You may want to copy the array to protect its data or make it writable before converting it to a tensor. This type of warning will be suppressed for the rest of this program. (Triggered internally at /pytorch/torch/csrc/utils/tensor_numpy.cpp:203.)
[36m(ClientAppActor pid=450349)[0m   tensor = torch.as_tensor(image)
[36m(ClientAppActor pid=450349)[0m /home/bk489/federated_clean/cleanest_federated/fl-dermamnist-starter/data/download.py:27: UserWarning: The given NumPy array is not writable, and PyTorch does not support non-writable tensors. This means writing to this tensor will result in undefined behavior. You may want to copy the array to protect its data or make it writable before converting it to a tensor. This type of warning will be suppressed for the rest of this program. (Triggered internally at /pytorch/torch/csrc/utils/tensor_numpy.cpp:203.)
[36m(ClientAppActor pid=450349)[0m   tensor = torch.as_tensor(image)
[36m(ClientAppActor pid=450349)[0m /home/bk489/federated_clean/cleanest_federated/fl-dermamnist-starter/data/download.py:27: UserWarning: The given NumPy array is not writable, and PyTorch does not support non-writable tensors. This means writing to this tensor will result in undefined behavior. You may want to copy the array to protect its data or make it writable before converting it to a tensor. This type of warning will be suppressed for the rest of this program. (Triggered internally at /pytorch/torch/csrc/utils/tensor_numpy.cpp:203.)
[36m(ClientAppActor pid=450349)[0m   tensor = torch.as_tensor(image)
[36m(ClientAppActor pid=450349)[0m /home/bk489/federated_clean/cleanest_federated/fl-dermamnist-starter/data/download.py:27: UserWarning: The given NumPy array is not writable, and PyTorch does not support non-writable tensors. This means writing to this tensor will result in undefined behavior. You may want to copy the array to protect its data or make it writable before converting it to a tensor. This type of warning will be suppressed for the rest of this program. (Triggered internally at /pytorch/torch/csrc/utils/tensor_numpy.cpp:203.)
[36m(ClientAppActor pid=450349)[0m   tensor = torch.as_tensor(image)
[36m(ClientAppActor pid=450349)[0m /home/bk489/federated_clean/cleanest_federated/fl-dermamnist-starter/data/download.py:27: UserWarning: The given NumPy array is not writable, and PyTorch does not support non-writable tensors. This means writing to this tensor will result in undefined behavior. You may want to copy the array to protect its data or make it writable before converting it to a tensor. This type of warning will be suppressed for the rest of this program. (Triggered internally at /pytorch/torch/csrc/utils/tensor_numpy.cpp:203.)
[36m(ClientAppActor pid=450349)[0m   tensor = torch.as_tensor(image)
[36m(ClientAppActor pid=450346)[0m /home/bk489/federated_clean/.venv/lib/python3.9/site-packages/matplotlib/_fontconfig_pattern.py:64: PyparsingDeprecationWarning: 'oneOf' deprecated - use 'one_of'
[36m(ClientAppActor pid=450346)[0m   prop = Group((name + Suppress("=") + comma_separated(value)) | oneOf(_CONSTANTS))
[36m(ClientAppActor pid=450346)[0m /home/bk489/federated_clean/.venv/lib/python3.9/site-packages/matplotlib/_fontconfig_pattern.py:85: PyparsingDeprecationWarning: 'parseString' deprecated - use 'parse_string'
[36m(ClientAppActor pid=450346)[0m   parse = parser.parseString(pattern)
[36m(ClientAppActor pid=450346)[0m /home/bk489/federated_clean/.venv/lib/python3.9/site-packages/matplotlib/_fontconfig_pattern.py:89: PyparsingDeprecationWarning: 'resetCache' deprecated - use 'reset_cache'
[36m(ClientAppActor pid=450346)[0m   parser.resetCache()
[36m(ClientAppActor pid=450346)[0m /home/bk489/federated_clean/.venv/lib/python3.9/site-packages/matplotlib/_mathtext.py:45: PyparsingDeprecationWarning: 'enablePackrat' deprecated - use 'enable_packrat'
[36m(ClientAppActor pid=450346)[0m   ParserElement.enablePackrat()
[36m(ClientAppActor pid=450346)[0m In /home/bk489/federated_clean/.venv/lib/python3.9/site-packages/matplotlib/mpl-data/stylelib/classic.mplstyle: 'parseString' deprecated - use 'parse_string'
[36m(ClientAppActor pid=450346)[0m In /home/bk489/federated_clean/.venv/lib/python3.9/site-packages/matplotlib/mpl-data/stylelib/classic.mplstyle: 'resetCache' deprecated - use 'reset_cache'
[36m(ClientAppActor pid=450346)[0m [93mWARNING [0m:   DEPRECATED FEATURE: `client_fn` now expects a signature `def client_fn(context: Context)`.The provided `client_fn` has signature: {'cid': <Parameter "cid: 'str'">}. You can import the `Context` like this: `from flwr.common import Context`
[36m(ClientAppActor pid=450346)[0m 
[36m(ClientAppActor pid=450346)[0m             This is a deprecated feature. It will be removed
[36m(ClientAppActor pid=450346)[0m             entirely in future versions of Flower.
[36m(ClientAppActor pid=450346)[0m         
[36m(ClientAppActor pid=450351)[0m 
[36m(ClientAppActor pid=450351)[0m         
[36m(ClientAppActor pid=450350)[0m 
[36m(ClientAppActor pid=450350)[0m         
[36m(ClientAppActor pid=450348)[0m 
[36m(ClientAppActor pid=450348)[0m         
[36m(ClientAppActor pid=450347)[0m 
[36m(ClientAppActor pid=450347)[0m         
[36m(ClientAppActor pid=450337)[0m 
[36m(ClientAppActor pid=450337)[0m         
[36m(ClientAppActor pid=450345)[0m 
[36m(ClientAppActor pid=450345)[0m         
[36m(ClientAppActor pid=450336)[0m 
[36m(ClientAppActor pid=450336)[0m         
[36m(ClientAppActor pid=450344)[0m 
[36m(ClientAppActor pid=450344)[0m         
[36m(ClientAppActor pid=450344)[0m /home/bk489/federated_clean/cleanest_federated/fl-dermamnist-starter/data/download.py:27: UserWarning: The given NumPy array is not writable, and PyTorch does not support non-writable tensors. This means writing to this tensor will result in undefined behavior. You may want to copy the array to protect its data or make it writable before converting it to a tensor. This type of warning will be suppressed for the rest of this program. (Triggered internally at /pytorch/torch/csrc/utils/tensor_numpy.cpp:203.)[32m [repeated 2x across cluster] (Ray deduplicates logs by default. Set RAY_DEDUP_LOGS=0 to disable log deduplication, or see https://docs.ray.io/en/master/ray-observability/user-guides/configure-logging.html#log-deduplication for more options.)[0m
[36m(ClientAppActor pid=450344)[0m   tensor = torch.as_tensor(image)[32m [repeated 2x across cluster][0m
[36m(ClientAppActor pid=450344)[0m /home/bk489/federated_clean/.venv/lib/python3.9/site-packages/matplotlib/_fontconfig_pattern.py:64: PyparsingDeprecationWarning: 'oneOf' deprecated - use 'one_of'[32m [repeated 8x across cluster][0m
[36m(ClientAppActor pid=450344)[0m   prop = Group((name + Suppress("=") + comma_separated(value)) | oneOf(_CONSTANTS))[32m [repeated 8x across cluster][0m
[36m(ClientAppActor pid=450344)[0m /home/bk489/federated_clean/.venv/lib/python3.9/site-packages/matplotlib/_fontconfig_pattern.py:85: PyparsingDeprecationWarning: 'parseString' deprecated - use 'parse_string'[32m [repeated 8x across cluster][0m
[36m(ClientAppActor pid=450344)[0m   parse = parser.parseString(pattern)[32m [repeated 8x across cluster][0m
[36m(ClientAppActor pid=450344)[0m /home/bk489/federated_clean/.venv/lib/python3.9/site-packages/matplotlib/_fontconfig_pattern.py:89: PyparsingDeprecationWarning: 'resetCache' deprecated - use 'reset_cache'[32m [repeated 8x across cluster][0m
[36m(ClientAppActor pid=450344)[0m   parser.resetCache()[32m [repeated 8x across cluster][0m
[36m(ClientAppActor pid=450344)[0m /home/bk489/federated_clean/.venv/lib/python3.9/site-packages/matplotlib/_mathtext.py:45: PyparsingDeprecationWarning: 'enablePackrat' deprecated - use 'enable_packrat'[32m [repeated 8x across cluster][0m
[36m(ClientAppActor pid=450344)[0m   ParserElement.enablePackrat()[32m [repeated 8x across cluster][0m
[36m(ClientAppActor pid=450344)[0m In /home/bk489/federated_clean/.venv/lib/python3.9/site-packages/matplotlib/mpl-data/stylelib/classic.mplstyle: 'parseString' deprecated - use 'parse_string'[32m [repeated 8x across cluster][0m
[36m(ClientAppActor pid=450344)[0m In /home/bk489/federated_clean/.venv/lib/python3.9/site-packages/matplotlib/mpl-data/stylelib/classic.mplstyle: 'resetCache' deprecated - use 'reset_cache'[32m [repeated 8x across cluster][0m
[92mINFO [0m:      aggregate_fit: received 10 results and 0 failures
[93mWARNING [0m:   No fit_metrics_aggregation_fn provided
[92mINFO [0m:      fit progress: (1, 1.0151750254607272, {'accuracy': 0.6689930209371885, 'balanced_accuracy': 0.14285714285714285, 'macro_f1': 0.11452466291175968, 'worst_class_f1': 0.0, 'worst_class_recall': 0.0, 'f1_actinic_keratoses_an': 0.0, 'recall_actinic_keratoses_an': 0.0, 'f1_basal_cell_carcinoma': 0.0, 'recall_basal_cell_carcinoma': 0.0, 'f1_benign_keratosis-lik': 0.0, 'recall_benign_keratosis-lik': 0.0, 'f1_dermatofibroma': 0.0, 'recall_dermatofibroma': 0.0, 'f1_melanoma': 0.0, 'recall_melanoma': 0.0, 'f1_melanocytic_nevi': 0.8016726403823178, 'recall_melanocytic_nevi': 1.0, 'f1_vascular_lesions': 0.0, 'recall_vascular_lesions': 0.0}, 9.430434948008042)
[92mINFO [0m:      configure_evaluate: strategy sampled 10 clients (out of 10)
[36m(ClientAppActor pid=450346)[0m 
[36m(ClientAppActor pid=450346)[0m         
[36m(ClientAppActor pid=450346)[0m [93mWARNING [0m:   DEPRECATED FEATURE: `client_fn` now expects a signature `def client_fn(context: Context)`.The provided `client_fn` has signature: {'cid': <Parameter "cid: 'str'">}. You can import the `Context` like this: `from flwr.common import Context`[32m [repeated 9x across cluster][0m
[36m(ClientAppActor pid=450346)[0m             This is a deprecated feature. It will be removed[32m [repeated 9x across cluster][0m
[36m(ClientAppActor pid=450346)[0m             entirely in future versions of Flower.[32m [repeated 9x across cluster][0m
[36m(ClientAppActor pid=450348)[0m 
[36m(ClientAppActor pid=450348)[0m         
[36m(ClientAppActor pid=450347)[0m 
[36m(ClientAppActor pid=450347)[0m         
[36m(ClientAppActor pid=450336)[0m 
[36m(ClientAppActor pid=450336)[0m         
[36m(ClientAppActor pid=450344)[0m 
[36m(ClientAppActor pid=450344)[0m         
[36m(ClientAppActor pid=450337)[0m 
[36m(ClientAppActor pid=450337)[0m         
[36m(ClientAppActor pid=450351)[0m 
[36m(ClientAppActor pid=450351)[0m         
[36m(ClientAppActor pid=450350)[0m 
[36m(ClientAppActor pid=450350)[0m         
[36m(ClientAppActor pid=450345)[0m 
[36m(ClientAppActor pid=450345)[0m         
[36m(ClientAppActor pid=450349)[0m 
[36m(ClientAppActor pid=450349)[0m         
[92mINFO [0m:      aggregate_evaluate: received 10 results and 0 failures
[93mWARNING [0m:   No evaluate_metrics_aggregation_fn provided
[92mINFO [0m:      
[92mINFO [0m:      [ROUND 2]
[92mINFO [0m:      configure_fit: strategy sampled 10 clients (out of 10)
[36m(ClientAppActor pid=450346)[0m /home/bk489/federated_clean/cleanest_federated/fl-dermamnist-starter/metrics/evaluation.py:68: UserWarning: AUROC set to NaN because present classes are [1, 4, 5], expected [0, 1, 2, 3, 4, 5, 6]
[36m(ClientAppActor pid=450346)[0m   warnings.warn(f'AUROC set to NaN because present classes are {present_classes}, expected {labels}')
[36m(ClientAppActor pid=450351)[0m /home/bk489/federated_clean/.venv/lib/python3.9/site-packages/sklearn/metrics/_classification.py:2524: UserWarning: y_pred contains classes not in y_true
[36m(ClientAppActor pid=450351)[0m   warnings.warn("y_pred contains classes not in y_true")
[36m(ClientAppActor pid=450349)[0m 
[36m(ClientAppActor pid=450349)[0m         
[36m(ClientAppActor pid=450351)[0m 
[36m(ClientAppActor pid=450351)[0m         
[36m(ClientAppActor pid=450350)[0m 
[36m(ClientAppActor pid=450350)[0m         
[36m(ClientAppActor pid=450348)[0m 
[36m(ClientAppActor pid=450348)[0m         
[36m(ClientAppActor pid=450337)[0m 
[36m(ClientAppActor pid=450337)[0m         
[36m(ClientAppActor pid=450345)[0m 
[36m(ClientAppActor pid=450345)[0m         
[36m(ClientAppActor pid=450336)[0m 
[36m(ClientAppActor pid=450336)[0m         
[36m(ClientAppActor pid=450344)[0m 
[36m(ClientAppActor pid=450344)[0m         
[36m(ClientAppActor pid=450346)[0m 
[36m(ClientAppActor pid=450346)[0m         
[36m(ClientAppActor pid=450347)[0m 
[36m(ClientAppActor pid=450347)[0m         
[36m(ClientAppActor pid=450336)[0m /home/bk489/federated_clean/cleanest_federated/fl-dermamnist-starter/data/download.py:27: UserWarning: The given NumPy array is not writable, and PyTorch does not support non-writable tensors. This means writing to this tensor will result in undefined behavior. You may want to copy the array to protect its data or make it writable before converting it to a tensor. This type of warning will be suppressed for the rest of this program. (Triggered internally at /pytorch/torch/csrc/utils/tensor_numpy.cpp:203.)[32m [repeated 188x across cluster][0m
[36m(ClientAppActor pid=450336)[0m   tensor = torch.as_tensor(image)[32m [repeated 188x across cluster][0m
[92mINFO [0m:      aggregate_fit: received 10 results and 0 failures
[92mINFO [0m:      fit progress: (2, 0.9267747587007159, {'accuracy': 0.6729810568295115, 'balanced_accuracy': 0.14913774749840325, 'macro_f1': 0.12694597069597072, 'worst_class_f1': 0.0, 'worst_class_recall': 0.0, 'f1_actinic_keratoses_an': 0.0, 'recall_actinic_keratoses_an': 0.0, 'f1_basal_cell_carcinoma': 0.0, 'recall_basal_cell_carcinoma': 0.0, 'f1_benign_keratosis-lik': 0.08333333333333333, 'recall_benign_keratosis-lik': 0.045454545454545456, 'f1_dermatofibroma': 0.0, 'recall_dermatofibroma': 0.0, 'f1_melanoma': 0.0, 'recall_melanoma': 0.0, 'f1_melanocytic_nevi': 0.8052884615384616, 'recall_melanocytic_nevi': 0.9985096870342772, 'f1_vascular_lesions': 0.0, 'recall_vascular_lesions': 0.0}, 12.463870695006335)
[92mINFO [0m:      configure_evaluate: strategy sampled 10 clients (out of 10)
[36m(ClientAppActor pid=450344)[0m 
[36m(ClientAppActor pid=450344)[0m         
[36m(ClientAppActor pid=450336)[0m 
[36m(ClientAppActor pid=450336)[0m         
[36m(ClientAppActor pid=450346)[0m 
[36m(ClientAppActor pid=450346)[0m         
[36m(ClientAppActor pid=450351)[0m 
[36m(ClientAppActor pid=450351)[0m         
[36m(ClientAppActor pid=450350)[0m 
[36m(ClientAppActor pid=450350)[0m         
[36m(ClientAppActor pid=450348)[0m 
[36m(ClientAppActor pid=450348)[0m         
[36m(ClientAppActor pid=450347)[0m 
[36m(ClientAppActor pid=450347)[0m         
[36m(ClientAppActor pid=450337)[0m 
[36m(ClientAppActor pid=450337)[0m         
[36m(ClientAppActor pid=450345)[0m 
[36m(ClientAppActor pid=450345)[0m         
[36m(ClientAppActor pid=450349)[0m 
[36m(ClientAppActor pid=450349)[0m         
[92mINFO [0m:      aggregate_evaluate: received 10 results and 0 failures
[92mINFO [0m:      
[92mINFO [0m:      [ROUND 3]
[92mINFO [0m:      configure_fit: strategy sampled 10 clients (out of 10)
[36m(ClientAppActor pid=450346)[0m 
[36m(ClientAppActor pid=450346)[0m         
[36m(ClientAppActor pid=450351)[0m 
[36m(ClientAppActor pid=450351)[0m         
[36m(ClientAppActor pid=450350)[0m 
[36m(ClientAppActor pid=450350)[0m         
[36m(ClientAppActor pid=450348)[0m 
[36m(ClientAppActor pid=450348)[0m         
[36m(ClientAppActor pid=450347)[0m 
[36m(ClientAppActor pid=450347)[0m         
[36m(ClientAppActor pid=450337)[0m 
[36m(ClientAppActor pid=450337)[0m         
[36m(ClientAppActor pid=450345)[0m 
[36m(ClientAppActor pid=450345)[0m         
[36m(ClientAppActor pid=450336)[0m 
[36m(ClientAppActor pid=450336)[0m         
[36m(ClientAppActor pid=450349)[0m 
[36m(ClientAppActor pid=450349)[0m         
[36m(ClientAppActor pid=450344)[0m 
[36m(ClientAppActor pid=450344)[0m         
[36m(ClientAppActor pid=450344)[0m [93mWARNING [0m:   DEPRECATED FEATURE: `client_fn` now expects a signature `def client_fn(context: Context)`.The provided `client_fn` has signature: {'cid': <Parameter "cid: 'str'">}. You can import the `Context` like this: `from flwr.common import Context`[32m [repeated 39x across cluster][0m
[36m(ClientAppActor pid=450344)[0m             This is a deprecated feature. It will be removed[32m [repeated 39x across cluster][0m
[36m(ClientAppActor pid=450344)[0m             entirely in future versions of Flower.[32m [repeated 39x across cluster][0m
[36m(ClientAppActor pid=450345)[0m /home/bk489/federated_clean/cleanest_federated/fl-dermamnist-starter/metrics/evaluation.py:68: UserWarning: AUROC set to NaN because present classes are [0, 3, 4, 5, 6], expected [0, 1, 2, 3, 4, 5, 6][32m [repeated 19x across cluster][0m
[36m(ClientAppActor pid=450345)[0m   warnings.warn(f'AUROC set to NaN because present classes are {present_classes}, expected {labels}')[32m [repeated 19x across cluster][0m
[36m(ClientAppActor pid=450351)[0m /home/bk489/federated_clean/.venv/lib/python3.9/site-packages/sklearn/metrics/_classification.py:2524: UserWarning: y_pred contains classes not in y_true[32m [repeated 5x across cluster][0m
[36m(ClientAppActor pid=450351)[0m   warnings.warn("y_pred contains classes not in y_true")[32m [repeated 5x across cluster][0m
[92mINFO [0m:      aggregate_fit: received 10 results and 0 failures
[92mINFO [0m:      fit progress: (3, 0.8971285488408204, {'accuracy': 0.674975074775673, 'balanced_accuracy': 0.15888155560286707, 'macro_f1': 0.14285437752336708, 'worst_class_f1': 0.0, 'worst_class_recall': 0.0, 'f1_actinic_keratoses_an': 0.09523809523809523, 'recall_actinic_keratoses_an': 0.06060606060606061, 'f1_basal_cell_carcinoma': 0.0, 'recall_basal_cell_carcinoma': 0.0, 'f1_benign_keratosis-lik': 0.08888888888888889, 'recall_benign_keratosis-lik': 0.05454545454545454, 'f1_dermatofibroma': 0.0, 'recall_dermatofibroma': 0.0, 'f1_melanoma': 0.0, 'recall_melanoma': 0.0, 'f1_melanocytic_nevi': 0.8158536585365853, 'recall_melanocytic_nevi': 0.9970193740685543, 'f1_vascular_lesions': 0.0, 'recall_vascular_lesions': 0.0}, 15.439737567998236)
[92mINFO [0m:      configure_evaluate: strategy sampled 10 clients (out of 10)
[36m(ClientAppActor pid=450346)[0m 
[36m(ClientAppActor pid=450346)[0m         
[36m(ClientAppActor pid=450350)[0m 
[36m(ClientAppActor pid=450350)[0m         
[36m(ClientAppActor pid=450348)[0m 
[36m(ClientAppActor pid=450348)[0m         
[36m(ClientAppActor pid=450337)[0m 
[36m(ClientAppActor pid=450337)[0m         
[36m(ClientAppActor pid=450351)[0m 
[36m(ClientAppActor pid=450351)[0m         
[36m(ClientAppActor pid=450344)[0m 
[36m(ClientAppActor pid=450344)[0m         
[36m(ClientAppActor pid=450345)[0m 
[36m(ClientAppActor pid=450345)[0m         
[36m(ClientAppActor pid=450349)[0m 
[36m(ClientAppActor pid=450349)[0m         
[36m(ClientAppActor pid=450336)[0m 
[36m(ClientAppActor pid=450336)[0m         
[36m(ClientAppActor pid=450347)[0m 
[36m(ClientAppActor pid=450347)[0m         
[92mINFO [0m:      aggregate_evaluate: received 10 results and 0 failures
[92mINFO [0m:      
[92mINFO [0m:      [ROUND 4]
[92mINFO [0m:      configure_fit: strategy sampled 10 clients (out of 10)
[36m(ClientAppActor pid=450346)[0m 
[36m(ClientAppActor pid=450346)[0m         
[36m(ClientAppActor pid=450351)[0m 
[36m(ClientAppActor pid=450351)[0m         
[36m(ClientAppActor pid=450350)[0m 
[36m(ClientAppActor pid=450350)[0m         
[36m(ClientAppActor pid=450347)[0m 
[36m(ClientAppActor pid=450347)[0m         
[36m(ClientAppActor pid=450337)[0m 
[36m(ClientAppActor pid=450337)[0m         
[36m(ClientAppActor pid=450345)[0m 
[36m(ClientAppActor pid=450345)[0m         
[36m(ClientAppActor pid=450336)[0m 
[36m(ClientAppActor pid=450336)[0m         
[36m(ClientAppActor pid=450349)[0m 
[36m(ClientAppActor pid=450349)[0m         
[36m(ClientAppActor pid=450344)[0m 
[36m(ClientAppActor pid=450344)[0m         
[36m(ClientAppActor pid=450348)[0m 
[36m(ClientAppActor pid=450348)[0m         
[36m(ClientAppActor pid=450350)[0m /home/bk489/federated_clean/cleanest_federated/fl-dermamnist-starter/data/download.py:27: UserWarning: The given NumPy array is not writable, and PyTorch does not support non-writable tensors. This means writing to this tensor will result in undefined behavior. You may want to copy the array to protect its data or make it writable before converting it to a tensor. This type of warning will be suppressed for the rest of this program. (Triggered internally at /pytorch/torch/csrc/utils/tensor_numpy.cpp:203.)[32m [repeated 190x across cluster][0m
[36m(ClientAppActor pid=450350)[0m   tensor = torch.as_tensor(image)[32m [repeated 190x across cluster][0m
[92mINFO [0m:      aggregate_fit: received 10 results and 0 failures
[92mINFO [0m:      fit progress: (4, 0.8568722192097756, {'accuracy': 0.6839481555333998, 'balanced_accuracy': 0.18594847775175644, 'macro_f1': 0.1798098613867407, 'worst_class_f1': 0.0, 'worst_class_recall': 0.0, 'f1_actinic_keratoses_an': 0.25, 'recall_actinic_keratoses_an': 0.18181818181818182, 'f1_basal_cell_carcinoma': 0.0, 'recall_basal_cell_carcinoma': 0.0, 'f1_benign_keratosis-lik': 0.18543046357615894, 'recall_benign_keratosis-lik': 0.12727272727272726, 'f1_dermatofibroma': 0.0, 'recall_dermatofibroma': 0.0, 'f1_melanoma': 0.0, 'recall_melanoma': 0.0, 'f1_melanocytic_nevi': 0.823238566131026, 'recall_melanocytic_nevi': 0.992548435171386, 'f1_vascular_lesions': 0.0, 'recall_vascular_lesions': 0.0}, 18.399245985987363)
[92mINFO [0m:      configure_evaluate: strategy sampled 10 clients (out of 10)
[36m(ClientAppActor pid=450351)[0m 
[36m(ClientAppActor pid=450351)[0m         
[36m(ClientAppActor pid=450350)[0m 
[36m(ClientAppActor pid=450350)[0m         
[36m(ClientAppActor pid=450348)[0m 
[36m(ClientAppActor pid=450348)[0m         
[36m(ClientAppActor pid=450347)[0m 
[36m(ClientAppActor pid=450347)[0m         
[36m(ClientAppActor pid=450337)[0m 
[36m(ClientAppActor pid=450337)[0m         
[36m(ClientAppActor pid=450345)[0m 
[36m(ClientAppActor pid=450345)[0m         
[36m(ClientAppActor pid=450336)[0m 
[36m(ClientAppActor pid=450336)[0m         
[36m(ClientAppActor pid=450349)[0m 
[36m(ClientAppActor pid=450349)[0m         
[36m(ClientAppActor pid=450344)[0m 
[36m(ClientAppActor pid=450344)[0m         
[36m(ClientAppActor pid=450346)[0m 
[36m(ClientAppActor pid=450346)[0m         
[92mINFO [0m:      aggregate_evaluate: received 10 results and 0 failures
[92mINFO [0m:      
[92mINFO [0m:      [ROUND 5]
[92mINFO [0m:      configure_fit: strategy sampled 10 clients (out of 10)
[36m(ClientAppActor pid=450346)[0m 
[36m(ClientAppActor pid=450346)[0m         
[36m(ClientAppActor pid=450347)[0m 
[36m(ClientAppActor pid=450347)[0m         
[36m(ClientAppActor pid=450345)[0m 
[36m(ClientAppActor pid=450345)[0m         
[36m(ClientAppActor pid=450336)[0m 
[36m(ClientAppActor pid=450336)[0m         
[36m(ClientAppActor pid=450344)[0m 
[36m(ClientAppActor pid=450344)[0m         
[36m(ClientAppActor pid=450349)[0m 
[36m(ClientAppActor pid=450349)[0m         
[36m(ClientAppActor pid=450337)[0m 
[36m(ClientAppActor pid=450337)[0m         
[36m(ClientAppActor pid=450350)[0m 
[36m(ClientAppActor pid=450350)[0m         
[36m(ClientAppActor pid=450351)[0m 
[36m(ClientAppActor pid=450351)[0m         
[36m(ClientAppActor pid=450348)[0m 
[36m(ClientAppActor pid=450348)[0m         
[36m(ClientAppActor pid=450348)[0m [93mWARNING [0m:   DEPRECATED FEATURE: `client_fn` now expects a signature `def client_fn(context: Context)`.The provided `client_fn` has signature: {'cid': <Parameter "cid: 'str'">}. You can import the `Context` like this: `from flwr.common import Context`[32m [repeated 40x across cluster][0m
[36m(ClientAppActor pid=450348)[0m             This is a deprecated feature. It will be removed[32m [repeated 40x across cluster][0m
[36m(ClientAppActor pid=450348)[0m             entirely in future versions of Flower.[32m [repeated 40x across cluster][0m
[36m(ClientAppActor pid=450344)[0m /home/bk489/federated_clean/cleanest_federated/fl-dermamnist-starter/metrics/evaluation.py:68: UserWarning: AUROC set to NaN because present classes are [0, 2, 3, 4, 5, 6], expected [0, 1, 2, 3, 4, 5, 6][32m [repeated 20x across cluster][0m
[36m(ClientAppActor pid=450344)[0m   warnings.warn(f'AUROC set to NaN because present classes are {present_classes}, expected {labels}')[32m [repeated 20x across cluster][0m
[36m(ClientAppActor pid=450349)[0m /home/bk489/federated_clean/.venv/lib/python3.9/site-packages/sklearn/metrics/_classification.py:2524: UserWarning: y_pred contains classes not in y_true[32m [repeated 9x across cluster][0m
[36m(ClientAppActor pid=450349)[0m   warnings.warn("y_pred contains classes not in y_true")[32m [repeated 9x across cluster][0m
[92mINFO [0m:      aggregate_fit: received 10 results and 0 failures
[92mINFO [0m:      fit progress: (5, 0.8433551568452525, {'accuracy': 0.6859421734795613, 'balanced_accuracy': 0.17945497125824997, 'macro_f1': 0.17061507838159112, 'worst_class_f1': 0.0, 'worst_class_recall': 0.0, 'f1_actinic_keratoses_an': 0.13333333333333333, 'recall_actinic_keratoses_an': 0.09090909090909091, 'f1_basal_cell_carcinoma': 0.0, 'recall_basal_cell_carcinoma': 0.0, 'f1_benign_keratosis-lik': 0.2331288343558282, 'recall_benign_keratosis-lik': 0.17272727272727273, 'f1_dermatofibroma': 0.0, 'recall_dermatofibroma': 0.0, 'f1_melanoma': 0.0, 'recall_melanoma': 0.0, 'f1_melanocytic_nevi': 0.8278433809819764, 'recall_melanocytic_nevi': 0.992548435171386, 'f1_vascular_lesions': 0.0, 'recall_vascular_lesions': 0.0}, 21.364058176986873)
[92mINFO [0m:      configure_evaluate: strategy sampled 10 clients (out of 10)
[36m(ClientAppActor pid=450346)[0m 
[36m(ClientAppActor pid=450346)[0m         
[36m(ClientAppActor pid=450351)[0m /home/bk489/federated_clean/cleanest_federated/fl-dermamnist-starter/data/download.py:27: UserWarning: The given NumPy array is not writable, and PyTorch does not support non-writable tensors. This means writing to this tensor will result in undefined behavior. You may want to copy the array to protect its data or make it writable before converting it to a tensor. This type of warning will be suppressed for the rest of this program. (Triggered internally at /pytorch/torch/csrc/utils/tensor_numpy.cpp:203.)[32m [repeated 141x across cluster][0m
[36m(ClientAppActor pid=450351)[0m   tensor = torch.as_tensor(image)[32m [repeated 141x across cluster][0m
[36m(ClientAppActor pid=450351)[0m 
[36m(ClientAppActor pid=450351)[0m         
[36m(ClientAppActor pid=450350)[0m 
[36m(ClientAppActor pid=450350)[0m         
[36m(ClientAppActor pid=450348)[0m 
[36m(ClientAppActor pid=450348)[0m         
[36m(ClientAppActor pid=450347)[0m 
[36m(ClientAppActor pid=450347)[0m         
[36m(ClientAppActor pid=450337)[0m 
[36m(ClientAppActor pid=450337)[0m         
[36m(ClientAppActor pid=450345)[0m 
[36m(ClientAppActor pid=450345)[0m         
[36m(ClientAppActor pid=450336)[0m 
[36m(ClientAppActor pid=450336)[0m         
[36m(ClientAppActor pid=450349)[0m 
[36m(ClientAppActor pid=450349)[0m         
[36m(ClientAppActor pid=450344)[0m 
[36m(ClientAppActor pid=450344)[0m         
[92mINFO [0m:      aggregate_evaluate: received 10 results and 0 failures
[92mINFO [0m:      
[92mINFO [0m:      [ROUND 6]
[92mINFO [0m:      configure_fit: strategy sampled 10 clients (out of 10)
[36m(ClientAppActor pid=450346)[0m 
[36m(ClientAppActor pid=450346)[0m         
[36m(ClientAppActor pid=450347)[0m 
[36m(ClientAppActor pid=450347)[0m         
[36m(ClientAppActor pid=450337)[0m 
[36m(ClientAppActor pid=450337)[0m         
[36m(ClientAppActor pid=450345)[0m 
[36m(ClientAppActor pid=450345)[0m         
[36m(ClientAppActor pid=450336)[0m 
[36m(ClientAppActor pid=450336)[0m         
[36m(ClientAppActor pid=450349)[0m 
[36m(ClientAppActor pid=450349)[0m         
[36m(ClientAppActor pid=450351)[0m 
[36m(ClientAppActor pid=450351)[0m         
[36m(ClientAppActor pid=450348)[0m 
[36m(ClientAppActor pid=450348)[0m         
[36m(ClientAppActor pid=450344)[0m 
[36m(ClientAppActor pid=450344)[0m         
[36m(ClientAppActor pid=450350)[0m 
[36m(ClientAppActor pid=450350)[0m         
[92mINFO [0m:      aggregate_fit: received 10 results and 0 failures
[92mINFO [0m:      fit progress: (6, 0.8584969452585085, {'accuracy': 0.6859421734795613, 'balanced_accuracy': 0.1946064864097651, 'macro_f1': 0.18157983725493523, 'worst_class_f1': 0.0, 'worst_class_recall': 0.0, 'f1_actinic_keratoses_an': 0.25396825396825395, 'recall_actinic_keratoses_an': 0.24242424242424243, 'f1_basal_cell_carcinoma': 0.0, 'recall_basal_cell_carcinoma': 0.0, 'f1_benign_keratosis-lik': 0.18666666666666668, 'recall_benign_keratosis-lik': 0.12727272727272726, 'f1_dermatofibroma': 0.0, 'recall_dermatofibroma': 0.0, 'f1_melanoma': 0.0, 'recall_melanoma': 0.0, 'f1_melanocytic_nevi': 0.830423940149626, 'recall_melanocytic_nevi': 0.992548435171386, 'f1_vascular_lesions': 0.0, 'recall_vascular_lesions': 0.0}, 24.32604627800174)
[92mINFO [0m:      configure_evaluate: strategy sampled 10 clients (out of 10)
[36m(ClientAppActor pid=450346)[0m 
[36m(ClientAppActor pid=450346)[0m         
[36m(ClientAppActor pid=450351)[0m 
[36m(ClientAppActor pid=450351)[0m         
[36m(ClientAppActor pid=450350)[0m 
[36m(ClientAppActor pid=450350)[0m         
[36m(ClientAppActor pid=450348)[0m 
[36m(ClientAppActor pid=450348)[0m         
[36m(ClientAppActor pid=450347)[0m 
[36m(ClientAppActor pid=450347)[0m         
[36m(ClientAppActor pid=450337)[0m 
[36m(ClientAppActor pid=450337)[0m         
[36m(ClientAppActor pid=450345)[0m 
[36m(ClientAppActor pid=450345)[0m         
[36m(ClientAppActor pid=450336)[0m 
[36m(ClientAppActor pid=450336)[0m         
[36m(ClientAppActor pid=450349)[0m 
[36m(ClientAppActor pid=450349)[0m         
[36m(ClientAppActor pid=450344)[0m 
[36m(ClientAppActor pid=450344)[0m         
[92mINFO [0m:      aggregate_evaluate: received 10 results and 0 failures
[92mINFO [0m:      
[92mINFO [0m:      [ROUND 7]
[92mINFO [0m:      configure_fit: strategy sampled 10 clients (out of 10)
[36m(ClientAppActor pid=450346)[0m 
[36m(ClientAppActor pid=450346)[0m         
[36m(ClientAppActor pid=450351)[0m 
[36m(ClientAppActor pid=450351)[0m         
[36m(ClientAppActor pid=450350)[0m 
[36m(ClientAppActor pid=450350)[0m         
[36m(ClientAppActor pid=450348)[0m 
[36m(ClientAppActor pid=450348)[0m         
[36m(ClientAppActor pid=450347)[0m 
[36m(ClientAppActor pid=450347)[0m         
[36m(ClientAppActor pid=450337)[0m 
[36m(ClientAppActor pid=450337)[0m         
[36m(ClientAppActor pid=450345)[0m 
[36m(ClientAppActor pid=450345)[0m         
[36m(ClientAppActor pid=450336)[0m 
[36m(ClientAppActor pid=450336)[0m         
[36m(ClientAppActor pid=450349)[0m 
[36m(ClientAppActor pid=450349)[0m         
[36m(ClientAppActor pid=450344)[0m 
[36m(ClientAppActor pid=450344)[0m         
[36m(ClientAppActor pid=450344)[0m [93mWARNING [0m:   DEPRECATED FEATURE: `client_fn` now expects a signature `def client_fn(context: Context)`.The provided `client_fn` has signature: {'cid': <Parameter "cid: 'str'">}. You can import the `Context` like this: `from flwr.common import Context`[32m [repeated 40x across cluster][0m
[36m(ClientAppActor pid=450344)[0m             This is a deprecated feature. It will be removed[32m [repeated 40x across cluster][0m
[36m(ClientAppActor pid=450344)[0m             entirely in future versions of Flower.[32m [repeated 40x across cluster][0m
[36m(ClientAppActor pid=450347)[0m /home/bk489/federated_clean/cleanest_federated/fl-dermamnist-starter/metrics/evaluation.py:68: UserWarning: AUROC set to NaN because present classes are [0, 1, 2, 5], expected [0, 1, 2, 3, 4, 5, 6][32m [repeated 20x across cluster][0m
[36m(ClientAppActor pid=450347)[0m   warnings.warn(f'AUROC set to NaN because present classes are {present_classes}, expected {labels}')[32m [repeated 20x across cluster][0m
[36m(ClientAppActor pid=450346)[0m /home/bk489/federated_clean/.venv/lib/python3.9/site-packages/sklearn/metrics/_classification.py:2524: UserWarning: y_pred contains classes not in y_true[32m [repeated 11x across cluster][0m
[36m(ClientAppActor pid=450346)[0m   warnings.warn("y_pred contains classes not in y_true")[32m [repeated 11x across cluster][0m
[36m(ClientAppActor pid=450347)[0m /home/bk489/federated_clean/cleanest_federated/fl-dermamnist-starter/data/download.py:27: UserWarning: The given NumPy array is not writable, and PyTorch does not support non-writable tensors. This means writing to this tensor will result in undefined behavior. You may want to copy the array to protect its data or make it writable before converting it to a tensor. This type of warning will be suppressed for the rest of this program. (Triggered internally at /pytorch/torch/csrc/utils/tensor_numpy.cpp:203.)[32m [repeated 216x across cluster][0m
[36m(ClientAppActor pid=450347)[0m   tensor = torch.as_tensor(image)[32m [repeated 216x across cluster][0m
[92mINFO [0m:      aggregate_fit: received 10 results and 0 failures
[92mINFO [0m:      fit progress: (7, 0.8313630274975169, {'accuracy': 0.6929212362911267, 'balanced_accuracy': 0.23661451530303992, 'macro_f1': 0.21041066056644087, 'worst_class_f1': 0.0, 'worst_class_recall': 0.0, 'f1_actinic_keratoses_an': 0.36363636363636365, 'recall_actinic_keratoses_an': 0.48484848484848486, 'f1_basal_cell_carcinoma': 0.0, 'recall_basal_cell_carcinoma': 0.0, 'f1_benign_keratosis-lik': 0.25316455696202533, 'recall_benign_keratosis-lik': 0.18181818181818182, 'f1_dermatofibroma': 0.0, 'recall_dermatofibroma': 0.0, 'f1_melanoma': 0.017857142857142856, 'recall_melanoma': 0.009009009009009009, 'f1_melanocytic_nevi': 0.8382165605095542, 'recall_melanocytic_nevi': 0.9806259314456036, 'f1_vascular_lesions': 0.0, 'recall_vascular_lesions': 0.0}, 27.272480026993435)
[92mINFO [0m:      configure_evaluate: strategy sampled 10 clients (out of 10)
[36m(ClientAppActor pid=450346)[0m 
[36m(ClientAppActor pid=450346)[0m         
[36m(ClientAppActor pid=450351)[0m 
[36m(ClientAppActor pid=450351)[0m         
[36m(ClientAppActor pid=450350)[0m 
[36m(ClientAppActor pid=450350)[0m         
[36m(ClientAppActor pid=450348)[0m 
[36m(ClientAppActor pid=450348)[0m         
[36m(ClientAppActor pid=450347)[0m 
[36m(ClientAppActor pid=450347)[0m         
[36m(ClientAppActor pid=450337)[0m 
[36m(ClientAppActor pid=450337)[0m         
[36m(ClientAppActor pid=450345)[0m 
[36m(ClientAppActor pid=450345)[0m         
[36m(ClientAppActor pid=450336)[0m 
[36m(ClientAppActor pid=450336)[0m         
[36m(ClientAppActor pid=450349)[0m 
[36m(ClientAppActor pid=450349)[0m         
[36m(ClientAppActor pid=450344)[0m 
[36m(ClientAppActor pid=450344)[0m         
[92mINFO [0m:      aggregate_evaluate: received 10 results and 0 failures
[92mINFO [0m:      
[92mINFO [0m:      [ROUND 8]
[92mINFO [0m:      configure_fit: strategy sampled 10 clients (out of 10)
[36m(ClientAppActor pid=450346)[0m 
[36m(ClientAppActor pid=450346)[0m         
[36m(ClientAppActor pid=450351)[0m 
[36m(ClientAppActor pid=450351)[0m         
[36m(ClientAppActor pid=450350)[0m 
[36m(ClientAppActor pid=450350)[0m         
[36m(ClientAppActor pid=450348)[0m 
[36m(ClientAppActor pid=450348)[0m         
[36m(ClientAppActor pid=450337)[0m 
[36m(ClientAppActor pid=450337)[0m         
[36m(ClientAppActor pid=450345)[0m 
[36m(ClientAppActor pid=450345)[0m         
[36m(ClientAppActor pid=450336)[0m 
[36m(ClientAppActor pid=450336)[0m         
[36m(ClientAppActor pid=450349)[0m 
[36m(ClientAppActor pid=450349)[0m         
[36m(ClientAppActor pid=450344)[0m 
[36m(ClientAppActor pid=450344)[0m         
[36m(ClientAppActor pid=450347)[0m 
[36m(ClientAppActor pid=450347)[0m         
[36m(ClientAppActor pid=450347)[0m [93mWARNING [0m:   DEPRECATED FEATURE: `client_fn` now expects a signature `def client_fn(context: Context)`.The provided `client_fn` has signature: {'cid': <Parameter "cid: 'str'">}. You can import the `Context` like this: `from flwr.common import Context`[32m [repeated 20x across cluster][0m
[36m(ClientAppActor pid=450347)[0m             This is a deprecated feature. It will be removed[32m [repeated 20x across cluster][0m
[36m(ClientAppActor pid=450347)[0m             entirely in future versions of Flower.[32m [repeated 20x across cluster][0m
[36m(ClientAppActor pid=450349)[0m /home/bk489/federated_clean/cleanest_federated/fl-dermamnist-starter/metrics/evaluation.py:68: UserWarning: AUROC set to NaN because present classes are [1, 4, 5], expected [0, 1, 2, 3, 4, 5, 6][32m [repeated 10x across cluster][0m
[36m(ClientAppActor pid=450349)[0m   warnings.warn(f'AUROC set to NaN because present classes are {present_classes}, expected {labels}')[32m [repeated 10x across cluster][0m
[36m(ClientAppActor pid=450349)[0m /home/bk489/federated_clean/.venv/lib/python3.9/site-packages/sklearn/metrics/_classification.py:2524: UserWarning: y_pred contains classes not in y_true[32m [repeated 5x across cluster][0m
[36m(ClientAppActor pid=450349)[0m   warnings.warn("y_pred contains classes not in y_true")[32m [repeated 5x across cluster][0m
[92mINFO [0m:      aggregate_fit: received 10 results and 0 failures
[92mINFO [0m:      fit progress: (8, 0.8181784946920865, {'accuracy': 0.6959122632103689, 'balanced_accuracy': 0.22816231176886914, 'macro_f1': 0.21293981906718434, 'worst_class_f1': 0.0, 'worst_class_recall': 0.0, 'f1_actinic_keratoses_an': 0.3561643835616438, 'recall_actinic_keratoses_an': 0.3939393939393939, 'f1_basal_cell_carcinoma': 0.0, 'recall_basal_cell_carcinoma': 0.0, 'f1_benign_keratosis-lik': 0.2787878787878788, 'recall_benign_keratosis-lik': 0.20909090909090908, 'f1_dermatofibroma': 0.0, 'recall_dermatofibroma': 0.0, 'f1_melanoma': 0.017857142857142856, 'recall_melanoma': 0.009009009009009009, 'f1_melanocytic_nevi': 0.8377693282636248, 'recall_melanocytic_nevi': 0.9850968703427719, 'f1_vascular_lesions': 0.0, 'recall_vascular_lesions': 0.0}, 30.20937930000946)
[92mINFO [0m:      configure_evaluate: strategy sampled 10 clients (out of 10)
[36m(ClientAppActor pid=450346)[0m 
[36m(ClientAppActor pid=450346)[0m         
[36m(ClientAppActor pid=450351)[0m 
[36m(ClientAppActor pid=450351)[0m         
[36m(ClientAppActor pid=450350)[0m 
[36m(ClientAppActor pid=450350)[0m         
[36m(ClientAppActor pid=450348)[0m 
[36m(ClientAppActor pid=450348)[0m         
[36m(ClientAppActor pid=450347)[0m 
[36m(ClientAppActor pid=450347)[0m         
[36m(ClientAppActor pid=450337)[0m 
[36m(ClientAppActor pid=450337)[0m         
[36m(ClientAppActor pid=450345)[0m 
[36m(ClientAppActor pid=450345)[0m         
[36m(ClientAppActor pid=450336)[0m 
[36m(ClientAppActor pid=450336)[0m         
[36m(ClientAppActor pid=450349)[0m 
[36m(ClientAppActor pid=450349)[0m         
[36m(ClientAppActor pid=450344)[0m 
[36m(ClientAppActor pid=450344)[0m         
[92mINFO [0m:      aggregate_evaluate: received 10 results and 0 failures
[92mINFO [0m:      
[92mINFO [0m:      [ROUND 9]
[92mINFO [0m:      configure_fit: strategy sampled 10 clients (out of 10)
[36m(ClientAppActor pid=450346)[0m 
[36m(ClientAppActor pid=450346)[0m         
[36m(ClientAppActor pid=450351)[0m 
[36m(ClientAppActor pid=450351)[0m         
[36m(ClientAppActor pid=450350)[0m 
[36m(ClientAppActor pid=450350)[0m         
[36m(ClientAppActor pid=450348)[0m 
[36m(ClientAppActor pid=450348)[0m         
[36m(ClientAppActor pid=450347)[0m 
[36m(ClientAppActor pid=450347)[0m         
[36m(ClientAppActor pid=450337)[0m 
[36m(ClientAppActor pid=450337)[0m         
[36m(ClientAppActor pid=450336)[0m 
[36m(ClientAppActor pid=450336)[0m         
[36m(ClientAppActor pid=450349)[0m 
[36m(ClientAppActor pid=450349)[0m         
[36m(ClientAppActor pid=450344)[0m 
[36m(ClientAppActor pid=450344)[0m         
[36m(ClientAppActor pid=450345)[0m 
[36m(ClientAppActor pid=450345)[0m         
[36m(ClientAppActor pid=450348)[0m /home/bk489/federated_clean/cleanest_federated/fl-dermamnist-starter/data/download.py:27: UserWarning: The given NumPy array is not writable, and PyTorch does not support non-writable tensors. This means writing to this tensor will result in undefined behavior. You may want to copy the array to protect its data or make it writable before converting it to a tensor. This type of warning will be suppressed for the rest of this program. (Triggered internally at /pytorch/torch/csrc/utils/tensor_numpy.cpp:203.)[32m [repeated 204x across cluster][0m
[36m(ClientAppActor pid=450348)[0m   tensor = torch.as_tensor(image)[32m [repeated 204x across cluster][0m
[92mINFO [0m:      aggregate_fit: received 10 results and 0 failures
[92mINFO [0m:      fit progress: (9, 0.8030767552517466, {'accuracy': 0.6999002991026919, 'balanced_accuracy': 0.21494820347279364, 'macro_f1': 0.20751067191576653, 'worst_class_f1': 0.0, 'worst_class_recall': 0.0, 'f1_actinic_keratoses_an': 0.25806451612903225, 'recall_actinic_keratoses_an': 0.24242424242424243, 'f1_basal_cell_carcinoma': 0.0, 'recall_basal_cell_carcinoma': 0.0, 'f1_benign_keratosis-lik': 0.3372093023255814, 'recall_benign_keratosis-lik': 0.2636363636363636, 'f1_dermatofibroma': 0.0, 'recall_dermatofibroma': 0.0, 'f1_melanoma': 0.017857142857142856, 'recall_melanoma': 0.009009009009009009, 'f1_melanocytic_nevi': 0.8394437420986094, 'recall_melanocytic_nevi': 0.9895678092399404, 'f1_vascular_lesions': 0.0, 'recall_vascular_lesions': 0.0}, 33.096358632988995)
[92mINFO [0m:      configure_evaluate: strategy sampled 10 clients (out of 10)
[36m(ClientAppActor pid=450346)[0m 
[36m(ClientAppActor pid=450346)[0m         
[36m(ClientAppActor pid=450351)[0m 
[36m(ClientAppActor pid=450351)[0m         
[36m(ClientAppActor pid=450350)[0m 
[36m(ClientAppActor pid=450350)[0m         
[36m(ClientAppActor pid=450348)[0m 
[36m(ClientAppActor pid=450348)[0m         
[36m(ClientAppActor pid=450347)[0m 
[36m(ClientAppActor pid=450347)[0m         
[36m(ClientAppActor pid=450337)[0m 
[36m(ClientAppActor pid=450337)[0m         
[36m(ClientAppActor pid=450345)[0m 
[36m(ClientAppActor pid=450345)[0m         
[36m(ClientAppActor pid=450336)[0m 
[36m(ClientAppActor pid=450336)[0m         
[36m(ClientAppActor pid=450349)[0m 
[36m(ClientAppActor pid=450349)[0m         
[36m(ClientAppActor pid=450344)[0m 
[36m(ClientAppActor pid=450344)[0m         
[92mINFO [0m:      aggregate_evaluate: received 10 results and 0 failures
[92mINFO [0m:      
[92mINFO [0m:      [ROUND 10]
[92mINFO [0m:      configure_fit: strategy sampled 10 clients (out of 10)
[36m(ClientAppActor pid=450346)[0m 
[36m(ClientAppActor pid=450346)[0m         
[36m(ClientAppActor pid=450351)[0m 
[36m(ClientAppActor pid=450351)[0m         
[36m(ClientAppActor pid=450350)[0m 
[36m(ClientAppActor pid=450350)[0m         
[36m(ClientAppActor pid=450348)[0m 
[36m(ClientAppActor pid=450348)[0m         
[36m(ClientAppActor pid=450347)[0m 
[36m(ClientAppActor pid=450347)[0m         
[36m(ClientAppActor pid=450337)[0m 
[36m(ClientAppActor pid=450337)[0m         
[36m(ClientAppActor pid=450345)[0m 
[36m(ClientAppActor pid=450345)[0m         
[36m(ClientAppActor pid=450336)[0m 
[36m(ClientAppActor pid=450336)[0m         
[36m(ClientAppActor pid=450349)[0m 
[36m(ClientAppActor pid=450349)[0m         
[36m(ClientAppActor pid=450344)[0m 
[36m(ClientAppActor pid=450344)[0m         
[36m(ClientAppActor pid=450344)[0m [93mWARNING [0m:   DEPRECATED FEATURE: `client_fn` now expects a signature `def client_fn(context: Context)`.The provided `client_fn` has signature: {'cid': <Parameter "cid: 'str'">}. You can import the `Context` like this: `from flwr.common import Context`[32m [repeated 40x across cluster][0m
[36m(ClientAppActor pid=450344)[0m             This is a deprecated feature. It will be removed[32m [repeated 40x across cluster][0m
[36m(ClientAppActor pid=450344)[0m             entirely in future versions of Flower.[32m [repeated 40x across cluster][0m
[36m(ClientAppActor pid=450337)[0m /home/bk489/federated_clean/cleanest_federated/fl-dermamnist-starter/metrics/evaluation.py:68: UserWarning: AUROC set to NaN because present classes are [2, 4, 5], expected [0, 1, 2, 3, 4, 5, 6][32m [repeated 20x across cluster][0m
[36m(ClientAppActor pid=450337)[0m   warnings.warn(f'AUROC set to NaN because present classes are {present_classes}, expected {labels}')[32m [repeated 20x across cluster][0m
[36m(ClientAppActor pid=450351)[0m /home/bk489/federated_clean/.venv/lib/python3.9/site-packages/sklearn/metrics/_classification.py:2524: UserWarning: y_pred contains classes not in y_true[32m [repeated 10x across cluster][0m
[36m(ClientAppActor pid=450351)[0m   warnings.warn("y_pred contains classes not in y_true")[32m [repeated 10x across cluster][0m
[92mINFO [0m:      aggregate_fit: received 10 results and 0 failures
[92mINFO [0m:      fit progress: (10, 0.8086742278585881, {'accuracy': 0.6959122632103689, 'balanced_accuracy': 0.20257189273582715, 'macro_f1': 0.2010470517005593, 'worst_class_f1': 0.0, 'worst_class_recall': 0.0, 'f1_actinic_keratoses_an': 0.2222222222222222, 'recall_actinic_keratoses_an': 0.18181818181818182, 'f1_basal_cell_carcinoma': 0.0, 'recall_basal_cell_carcinoma': 0.0, 'f1_benign_keratosis-lik': 0.2822085889570552, 'recall_benign_keratosis-lik': 0.20909090909090908, 'f1_dermatofibroma': 0.0, 'recall_dermatofibroma': 0.0, 'f1_melanoma': 0.06956521739130435, 'recall_melanoma': 0.036036036036036036, 'f1_melanocytic_nevi': 0.8333333333333334, 'recall_melanocytic_nevi': 0.9910581222056631, 'f1_vascular_lesions': 0.0, 'recall_vascular_lesions': 0.0}, 36.06718614100828)
[92mINFO [0m:      configure_evaluate: strategy sampled 10 clients (out of 10)
[36m(ClientAppActor pid=450347)[0m 
[36m(ClientAppActor pid=450347)[0m         
[36m(ClientAppActor pid=450345)[0m 
[36m(ClientAppActor pid=450345)[0m         
[36m(ClientAppActor pid=450351)[0m 
[36m(ClientAppActor pid=450351)[0m         
[36m(ClientAppActor pid=450346)[0m 
[36m(ClientAppActor pid=450346)[0m         
[36m(ClientAppActor pid=450350)[0m 
[36m(ClientAppActor pid=450350)[0m         
[36m(ClientAppActor pid=450348)[0m 
[36m(ClientAppActor pid=450348)[0m         
[36m(ClientAppActor pid=450337)[0m 
[36m(ClientAppActor pid=450337)[0m         
[36m(ClientAppActor pid=450336)[0m 
[36m(ClientAppActor pid=450336)[0m         
[36m(ClientAppActor pid=450349)[0m 
[36m(ClientAppActor pid=450349)[0m         
[36m(ClientAppActor pid=450344)[0m 
[36m(ClientAppActor pid=450344)[0m         
[92mINFO [0m:      aggregate_evaluate: received 10 results and 0 failures
[92mINFO [0m:      
[92mINFO [0m:      [ROUND 11]
[92mINFO [0m:      configure_fit: strategy sampled 10 clients (out of 10)
[36m(ClientAppActor pid=450346)[0m 
[36m(ClientAppActor pid=450346)[0m         
[36m(ClientAppActor pid=450351)[0m 
[36m(ClientAppActor pid=450351)[0m         
[36m(ClientAppActor pid=450350)[0m 
[36m(ClientAppActor pid=450350)[0m         
[36m(ClientAppActor pid=450348)[0m 
[36m(ClientAppActor pid=450348)[0m         
[36m(ClientAppActor pid=450347)[0m 
[36m(ClientAppActor pid=450347)[0m         
[36m(ClientAppActor pid=450337)[0m 
[36m(ClientAppActor pid=450337)[0m         
[36m(ClientAppActor pid=450345)[0m 
[36m(ClientAppActor pid=450345)[0m         
[36m(ClientAppActor pid=450336)[0m 
[36m(ClientAppActor pid=450336)[0m         
[36m(ClientAppActor pid=450349)[0m 
[36m(ClientAppActor pid=450349)[0m         
[36m(ClientAppActor pid=450344)[0m 
[36m(ClientAppActor pid=450344)[0m         
[36m(ClientAppActor pid=450346)[0m /home/bk489/federated_clean/cleanest_federated/fl-dermamnist-starter/data/download.py:27: UserWarning: The given NumPy array is not writable, and PyTorch does not support non-writable tensors. This means writing to this tensor will result in undefined behavior. You may want to copy the array to protect its data or make it writable before converting it to a tensor. This type of warning will be suppressed for the rest of this program. (Triggered internally at /pytorch/torch/csrc/utils/tensor_numpy.cpp:203.)[32m [repeated 176x across cluster][0m
[36m(ClientAppActor pid=450346)[0m   tensor = torch.as_tensor(image)[32m [repeated 176x across cluster][0m
[92mINFO [0m:      aggregate_fit: received 10 results and 0 failures
[92mINFO [0m:      fit progress: (11, 0.7946979265032357, {'accuracy': 0.7068793619142573, 'balanced_accuracy': 0.2151284987350561, 'macro_f1': 0.21344413525832368, 'worst_class_f1': 0.0, 'worst_class_recall': 0.0, 'f1_actinic_keratoses_an': 0.16326530612244897, 'recall_actinic_keratoses_an': 0.12121212121212122, 'f1_basal_cell_carcinoma': 0.0, 'recall_basal_cell_carcinoma': 0.0, 'f1_benign_keratosis-lik': 0.4020618556701031, 'recall_benign_keratosis-lik': 0.35454545454545455, 'f1_dermatofibroma': 0.0, 'recall_dermatofibroma': 0.0, 'f1_melanoma': 0.08620689655172414, 'recall_melanoma': 0.04504504504504504, 'f1_melanocytic_nevi': 0.8425748884639898, 'recall_melanocytic_nevi': 0.9850968703427719, 'f1_vascular_lesions': 0.0, 'recall_vascular_lesions': 0.0}, 38.97497280300013)
[92mINFO [0m:      configure_evaluate: strategy sampled 10 clients (out of 10)
[36m(ClientAppActor pid=450346)[0m 
[36m(ClientAppActor pid=450346)[0m         
[36m(ClientAppActor pid=450351)[0m 
[36m(ClientAppActor pid=450351)[0m         
[36m(ClientAppActor pid=450350)[0m 
[36m(ClientAppActor pid=450350)[0m         
[36m(ClientAppActor pid=450348)[0m 
[36m(ClientAppActor pid=450348)[0m         
[36m(ClientAppActor pid=450347)[0m 
[36m(ClientAppActor pid=450347)[0m         
[36m(ClientAppActor pid=450337)[0m 
[36m(ClientAppActor pid=450337)[0m         
[36m(ClientAppActor pid=450345)[0m 
[36m(ClientAppActor pid=450345)[0m         
[36m(ClientAppActor pid=450336)[0m 
[36m(ClientAppActor pid=450336)[0m         
[36m(ClientAppActor pid=450349)[0m 
[36m(ClientAppActor pid=450349)[0m         
[36m(ClientAppActor pid=450344)[0m 
[36m(ClientAppActor pid=450344)[0m         
[92mINFO [0m:      aggregate_evaluate: received 10 results and 0 failures
[92mINFO [0m:      
[92mINFO [0m:      [ROUND 12]
[92mINFO [0m:      configure_fit: strategy sampled 10 clients (out of 10)
[36m(ClientAppActor pid=450346)[0m 
[36m(ClientAppActor pid=450346)[0m         
[36m(ClientAppActor pid=450351)[0m 
[36m(ClientAppActor pid=450351)[0m         
[36m(ClientAppActor pid=450347)[0m 
[36m(ClientAppActor pid=450347)[0m         
[36m(ClientAppActor pid=450345)[0m 
[36m(ClientAppActor pid=450345)[0m         
[36m(ClientAppActor pid=450336)[0m 
[36m(ClientAppActor pid=450336)[0m         
[36m(ClientAppActor pid=450349)[0m 
[36m(ClientAppActor pid=450349)[0m         
[36m(ClientAppActor pid=450348)[0m 
[36m(ClientAppActor pid=450348)[0m         
[36m(ClientAppActor pid=450337)[0m 
[36m(ClientAppActor pid=450337)[0m         
[36m(ClientAppActor pid=450350)[0m 
[36m(ClientAppActor pid=450350)[0m         
[36m(ClientAppActor pid=450344)[0m 
[36m(ClientAppActor pid=450344)[0m         
[36m(ClientAppActor pid=450344)[0m [93mWARNING [0m:   DEPRECATED FEATURE: `client_fn` now expects a signature `def client_fn(context: Context)`.The provided `client_fn` has signature: {'cid': <Parameter "cid: 'str'">}. You can import the `Context` like this: `from flwr.common import Context`[32m [repeated 40x across cluster][0m
[36m(ClientAppActor pid=450344)[0m             This is a deprecated feature. It will be removed[32m [repeated 40x across cluster][0m
[36m(ClientAppActor pid=450344)[0m             entirely in future versions of Flower.[32m [repeated 40x across cluster][0m
[36m(ClientAppActor pid=450349)[0m /home/bk489/federated_clean/cleanest_federated/fl-dermamnist-starter/metrics/evaluation.py:68: UserWarning: AUROC set to NaN because present classes are [0, 3, 4, 5, 6], expected [0, 1, 2, 3, 4, 5, 6][32m [repeated 20x across cluster][0m
[36m(ClientAppActor pid=450349)[0m   warnings.warn(f'AUROC set to NaN because present classes are {present_classes}, expected {labels}')[32m [repeated 20x across cluster][0m
[36m(ClientAppActor pid=450349)[0m /home/bk489/federated_clean/.venv/lib/python3.9/site-packages/sklearn/metrics/_classification.py:2524: UserWarning: y_pred contains classes not in y_true[32m [repeated 11x across cluster][0m
[36m(ClientAppActor pid=450349)[0m   warnings.warn("y_pred contains classes not in y_true")[32m [repeated 11x across cluster][0m
[92mINFO [0m:      aggregate_fit: received 10 results and 0 failures
[92mINFO [0m:      fit progress: (12, 0.792868233868037, {'accuracy': 0.7048853439680958, 'balanced_accuracy': 0.22966221490811659, 'macro_f1': 0.22059313996066324, 'worst_class_f1': 0.0, 'worst_class_recall': 0.0, 'f1_actinic_keratoses_an': 0.29411764705882354, 'recall_actinic_keratoses_an': 0.30303030303030304, 'f1_basal_cell_carcinoma': 0.0, 'recall_basal_cell_carcinoma': 0.0, 'f1_benign_keratosis-lik': 0.3707865168539326, 'recall_benign_keratosis-lik': 0.3, 'f1_dermatofibroma': 0.0, 'recall_dermatofibroma': 0.0, 'f1_melanoma': 0.035398230088495575, 'recall_melanoma': 0.018018018018018018, 'f1_melanocytic_nevi': 0.8438495857233907, 'recall_melanocytic_nevi': 0.9865871833084948, 'f1_vascular_lesions': 0.0, 'recall_vascular_lesions': 0.0}, 41.91166862301179)
[92mINFO [0m:      configure_evaluate: strategy sampled 10 clients (out of 10)
[36m(ClientAppActor pid=450345)[0m 
[36m(ClientAppActor pid=450345)[0m         
[36m(ClientAppActor pid=450349)[0m /home/bk489/federated_clean/cleanest_federated/fl-dermamnist-starter/data/download.py:27: UserWarning: The given NumPy array is not writable, and PyTorch does not support non-writable tensors. This means writing to this tensor will result in undefined behavior. You may want to copy the array to protect its data or make it writable before converting it to a tensor. This type of warning will be suppressed for the rest of this program. (Triggered internally at /pytorch/torch/csrc/utils/tensor_numpy.cpp:203.)[32m [repeated 167x across cluster][0m
[36m(ClientAppActor pid=450349)[0m   tensor = torch.as_tensor(image)[32m [repeated 167x across cluster][0m
[36m(ClientAppActor pid=450349)[0m 
[36m(ClientAppActor pid=450349)[0m         
[36m(ClientAppActor pid=450344)[0m 
[36m(ClientAppActor pid=450344)[0m         
[36m(ClientAppActor pid=450346)[0m 
[36m(ClientAppActor pid=450346)[0m         
[36m(ClientAppActor pid=450336)[0m 
[36m(ClientAppActor pid=450336)[0m         
[36m(ClientAppActor pid=450351)[0m 
[36m(ClientAppActor pid=450351)[0m         
[36m(ClientAppActor pid=450350)[0m 
[36m(ClientAppActor pid=450350)[0m         
[36m(ClientAppActor pid=450348)[0m 
[36m(ClientAppActor pid=450348)[0m         
[36m(ClientAppActor pid=450347)[0m 
[36m(ClientAppActor pid=450347)[0m         
[36m(ClientAppActor pid=450337)[0m 
[36m(ClientAppActor pid=450337)[0m         
[92mINFO [0m:      aggregate_evaluate: received 10 results and 0 failures
[92mINFO [0m:      
[92mINFO [0m:      [ROUND 13]
[92mINFO [0m:      configure_fit: strategy sampled 10 clients (out of 10)
[36m(ClientAppActor pid=450346)[0m 
[36m(ClientAppActor pid=450346)[0m         
[36m(ClientAppActor pid=450351)[0m 
[36m(ClientAppActor pid=450351)[0m         
[36m(ClientAppActor pid=450350)[0m 
[36m(ClientAppActor pid=450350)[0m         
[36m(ClientAppActor pid=450348)[0m 
[36m(ClientAppActor pid=450348)[0m         
[36m(ClientAppActor pid=450347)[0m 
[36m(ClientAppActor pid=450347)[0m         
[36m(ClientAppActor pid=450337)[0m 
[36m(ClientAppActor pid=450337)[0m         
[36m(ClientAppActor pid=450345)[0m 
[36m(ClientAppActor pid=450345)[0m         
[36m(ClientAppActor pid=450336)[0m 
[36m(ClientAppActor pid=450336)[0m         
[36m(ClientAppActor pid=450349)[0m 
[36m(ClientAppActor pid=450349)[0m         
[36m(ClientAppActor pid=450344)[0m 
[36m(ClientAppActor pid=450344)[0m         
[92mINFO [0m:      aggregate_fit: received 10 results and 0 failures
[92mINFO [0m:      fit progress: (13, 0.7782611840386928, {'accuracy': 0.7058823529411765, 'balanced_accuracy': 0.23011391208112522, 'macro_f1': 0.22005600101372044, 'worst_class_f1': 0.0, 'worst_class_recall': 0.0, 'f1_actinic_keratoses_an': 0.27692307692307694, 'recall_actinic_keratoses_an': 0.2727272727272727, 'f1_basal_cell_carcinoma': 0.0, 'recall_basal_cell_carcinoma': 0.0, 'f1_benign_keratosis-lik': 0.4, 'recall_benign_keratosis-lik': 0.34545454545454546, 'f1_dermatofibroma': 0.0, 'recall_dermatofibroma': 0.0, 'f1_melanoma': 0.017857142857142856, 'recall_melanoma': 0.009009009009009009, 'f1_melanocytic_nevi': 0.8456117873158232, 'recall_melanocytic_nevi': 0.9836065573770492, 'f1_vascular_lesions': 0.0, 'recall_vascular_lesions': 0.0}, 44.90537612600019)
[92mINFO [0m:      configure_evaluate: strategy sampled 10 clients (out of 10)
[36m(ClientAppActor pid=450350)[0m 
[36m(ClientAppActor pid=450350)[0m         
[36m(ClientAppActor pid=450337)[0m 
[36m(ClientAppActor pid=450337)[0m         
[36m(ClientAppActor pid=450345)[0m 
[36m(ClientAppActor pid=450345)[0m         
[36m(ClientAppActor pid=450336)[0m 
[36m(ClientAppActor pid=450336)[0m         
[36m(ClientAppActor pid=450349)[0m 
[36m(ClientAppActor pid=450349)[0m         
[36m(ClientAppActor pid=450344)[0m 
[36m(ClientAppActor pid=450344)[0m         
[36m(ClientAppActor pid=450348)[0m 
[36m(ClientAppActor pid=450348)[0m         
[36m(ClientAppActor pid=450348)[0m [93mWARNING [0m:   DEPRECATED FEATURE: `client_fn` now expects a signature `def client_fn(context: Context)`.The provided `client_fn` has signature: {'cid': <Parameter "cid: 'str'">}. You can import the `Context` like this: `from flwr.common import Context`[32m [repeated 27x across cluster][0m
[36m(ClientAppActor pid=450348)[0m             This is a deprecated feature. It will be removed[32m [repeated 27x across cluster][0m
[36m(ClientAppActor pid=450348)[0m             entirely in future versions of Flower.[32m [repeated 27x across cluster][0m
[36m(ClientAppActor pid=450337)[0m /home/bk489/federated_clean/cleanest_federated/fl-dermamnist-starter/metrics/evaluation.py:68: UserWarning: AUROC set to NaN because present classes are [0], expected [0, 1, 2, 3, 4, 5, 6][32m [repeated 10x across cluster][0m
[36m(ClientAppActor pid=450337)[0m   warnings.warn(f'AUROC set to NaN because present classes are {present_classes}, expected {labels}')[32m [repeated 10x across cluster][0m
[36m(ClientAppActor pid=450337)[0m /home/bk489/federated_clean/.venv/lib/python3.9/site-packages/sklearn/metrics/_classification.py:2524: UserWarning: y_pred contains classes not in y_true[32m [repeated 5x across cluster][0m
[36m(ClientAppActor pid=450337)[0m   warnings.warn("y_pred contains classes not in y_true")[32m [repeated 5x across cluster][0m
[36m(ClientAppActor pid=450346)[0m 
[36m(ClientAppActor pid=450346)[0m         
[36m(ClientAppActor pid=450347)[0m 
[36m(ClientAppActor pid=450347)[0m         
[36m(ClientAppActor pid=450351)[0m 
[36m(ClientAppActor pid=450351)[0m         
[92mINFO [0m:      aggregate_evaluate: received 10 results and 0 failures
[92mINFO [0m:      
[92mINFO [0m:      [ROUND 14]
[92mINFO [0m:      configure_fit: strategy sampled 10 clients (out of 10)
[36m(ClientAppActor pid=450351)[0m 
[36m(ClientAppActor pid=450351)[0m         
[36m(ClientAppActor pid=450347)[0m 
[36m(ClientAppActor pid=450347)[0m         
[36m(ClientAppActor pid=450336)[0m 
[36m(ClientAppActor pid=450336)[0m         
[36m(ClientAppActor pid=450349)[0m 
[36m(ClientAppActor pid=450349)[0m         
[36m(ClientAppActor pid=450348)[0m 
[36m(ClientAppActor pid=450348)[0m         
[36m(ClientAppActor pid=450346)[0m 
[36m(ClientAppActor pid=450346)[0m         
[36m(ClientAppActor pid=450350)[0m 
[36m(ClientAppActor pid=450350)[0m         
[36m(ClientAppActor pid=450344)[0m 
[36m(ClientAppActor pid=450344)[0m         
[36m(ClientAppActor pid=450337)[0m 
[36m(ClientAppActor pid=450337)[0m         
[36m(ClientAppActor pid=450345)[0m 
[36m(ClientAppActor pid=450345)[0m         
[36m(ClientAppActor pid=450344)[0m /home/bk489/federated_clean/cleanest_federated/fl-dermamnist-starter/data/download.py:27: UserWarning: The given NumPy array is not writable, and PyTorch does not support non-writable tensors. This means writing to this tensor will result in undefined behavior. You may want to copy the array to protect its data or make it writable before converting it to a tensor. This type of warning will be suppressed for the rest of this program. (Triggered internally at /pytorch/torch/csrc/utils/tensor_numpy.cpp:203.)[32m [repeated 216x across cluster][0m
[36m(ClientAppActor pid=450344)[0m   tensor = torch.as_tensor(image)[32m [repeated 216x across cluster][0m
[92mINFO [0m:      aggregate_fit: received 10 results and 0 failures
[92mINFO [0m:      fit progress: (14, 0.7894110565527843, {'accuracy': 0.7038883349950149, 'balanced_accuracy': 0.21928430453020617, 'macro_f1': 0.21385933196261736, 'worst_class_f1': 0.0, 'worst_class_recall': 0.0, 'f1_actinic_keratoses_an': 0.24561403508771928, 'recall_actinic_keratoses_an': 0.21212121212121213, 'f1_basal_cell_carcinoma': 0.0, 'recall_basal_cell_carcinoma': 0.0, 'f1_benign_keratosis-lik': 0.39344262295081966, 'recall_benign_keratosis-lik': 0.32727272727272727, 'f1_dermatofibroma': 0.0, 'recall_dermatofibroma': 0.0, 'f1_melanoma': 0.017857142857142856, 'recall_melanoma': 0.009009009009009009, 'f1_melanocytic_nevi': 0.8401015228426396, 'recall_melanocytic_nevi': 0.9865871833084948, 'f1_vascular_lesions': 0.0, 'recall_vascular_lesions': 0.0}, 47.84811761698802)
[92mINFO [0m:      configure_evaluate: strategy sampled 10 clients (out of 10)
[36m(ClientAppActor pid=450346)[0m 
[36m(ClientAppActor pid=450346)[0m         
[36m(ClientAppActor pid=450351)[0m 
[36m(ClientAppActor pid=450351)[0m         
[36m(ClientAppActor pid=450350)[0m 
[36m(ClientAppActor pid=450350)[0m         
[36m(ClientAppActor pid=450348)[0m 
[36m(ClientAppActor pid=450348)[0m         
[36m(ClientAppActor pid=450347)[0m 
[36m(ClientAppActor pid=450347)[0m         
[36m(ClientAppActor pid=450337)[0m 
[36m(ClientAppActor pid=450337)[0m         
[36m(ClientAppActor pid=450345)[0m 
[36m(ClientAppActor pid=450345)[0m         
[36m(ClientAppActor pid=450336)[0m 
[36m(ClientAppActor pid=450336)[0m         
[36m(ClientAppActor pid=450349)[0m 
[36m(ClientAppActor pid=450349)[0m         
[36m(ClientAppActor pid=450344)[0m 
[36m(ClientAppActor pid=450344)[0m         
[92mINFO [0m:      aggregate_evaluate: received 10 results and 0 failures
[92mINFO [0m:      
[92mINFO [0m:      [ROUND 15]
[92mINFO [0m:      configure_fit: strategy sampled 10 clients (out of 10)
[36m(ClientAppActor pid=450346)[0m 
[36m(ClientAppActor pid=450346)[0m         
[36m(ClientAppActor pid=450351)[0m 
[36m(ClientAppActor pid=450351)[0m         
[36m(ClientAppActor pid=450350)[0m 
[36m(ClientAppActor pid=450350)[0m         
[36m(ClientAppActor pid=450347)[0m 
[36m(ClientAppActor pid=450347)[0m         
[36m(ClientAppActor pid=450337)[0m 
[36m(ClientAppActor pid=450337)[0m         
[36m(ClientAppActor pid=450345)[0m 
[36m(ClientAppActor pid=450345)[0m         
[36m(ClientAppActor pid=450336)[0m 
[36m(ClientAppActor pid=450336)[0m         
[36m(ClientAppActor pid=450349)[0m 
[36m(ClientAppActor pid=450349)[0m         
[36m(ClientAppActor pid=450348)[0m 
[36m(ClientAppActor pid=450348)[0m         
[36m(ClientAppActor pid=450344)[0m 
[36m(ClientAppActor pid=450344)[0m         
[36m(ClientAppActor pid=450344)[0m [93mWARNING [0m:   DEPRECATED FEATURE: `client_fn` now expects a signature `def client_fn(context: Context)`.The provided `client_fn` has signature: {'cid': <Parameter "cid: 'str'">}. You can import the `Context` like this: `from flwr.common import Context`[32m [repeated 33x across cluster][0m
[36m(ClientAppActor pid=450344)[0m             This is a deprecated feature. It will be removed[32m [repeated 33x across cluster][0m
[36m(ClientAppActor pid=450344)[0m             entirely in future versions of Flower.[32m [repeated 33x across cluster][0m
[36m(ClientAppActor pid=450349)[0m /home/bk489/federated_clean/cleanest_federated/fl-dermamnist-starter/metrics/evaluation.py:68: UserWarning: AUROC set to NaN because present classes are [0, 1, 2, 4, 6], expected [0, 1, 2, 3, 4, 5, 6][32m [repeated 20x across cluster][0m
[36m(ClientAppActor pid=450349)[0m   warnings.warn(f'AUROC set to NaN because present classes are {present_classes}, expected {labels}')[32m [repeated 20x across cluster][0m
[36m(ClientAppActor pid=450349)[0m /home/bk489/federated_clean/.venv/lib/python3.9/site-packages/sklearn/metrics/_classification.py:2524: UserWarning: y_pred contains classes not in y_true[32m [repeated 11x across cluster][0m
[36m(ClientAppActor pid=450349)[0m   warnings.warn("y_pred contains classes not in y_true")[32m [repeated 11x across cluster][0m
[92mINFO [0m:      aggregate_fit: received 10 results and 0 failures
[92mINFO [0m:      fit progress: (15, 0.7743432795181351, {'accuracy': 0.7228315054835494, 'balanced_accuracy': 0.26856264397248003, 'macro_f1': 0.2567218314535581, 'worst_class_f1': 0.0, 'worst_class_recall': 0.0, 'f1_actinic_keratoses_an': 0.325, 'recall_actinic_keratoses_an': 0.3939393939393939, 'f1_basal_cell_carcinoma': 0.0, 'recall_basal_cell_carcinoma': 0.0, 'f1_benign_keratosis-lik': 0.4630541871921182, 'recall_benign_keratosis-lik': 0.42727272727272725, 'f1_dermatofibroma': 0.0, 'recall_dermatofibroma': 0.0, 'f1_melanoma': 0.14754098360655737, 'recall_melanoma': 0.08108108108108109, 'f1_melanocytic_nevi': 0.8614576493762311, 'recall_melanocytic_nevi': 0.977645305514158, 'f1_vascular_lesions': 0.0, 'recall_vascular_lesions': 0.0}, 50.814041915000416)
[92mINFO [0m:      configure_evaluate: strategy sampled 10 clients (out of 10)
[36m(ClientAppActor pid=450346)[0m 
[36m(ClientAppActor pid=450346)[0m         
[36m(ClientAppActor pid=450351)[0m 
[36m(ClientAppActor pid=450351)[0m         
[36m(ClientAppActor pid=450350)[0m 
[36m(ClientAppActor pid=450350)[0m         
[36m(ClientAppActor pid=450348)[0m 
[36m(ClientAppActor pid=450348)[0m         
[36m(ClientAppActor pid=450347)[0m 
[36m(ClientAppActor pid=450347)[0m         
[36m(ClientAppActor pid=450337)[0m 
[36m(ClientAppActor pid=450337)[0m         
[36m(ClientAppActor pid=450345)[0m 
[36m(ClientAppActor pid=450345)[0m         
[36m(ClientAppActor pid=450336)[0m 
[36m(ClientAppActor pid=450336)[0m         
[36m(ClientAppActor pid=450349)[0m 
[36m(ClientAppActor pid=450349)[0m         
[36m(ClientAppActor pid=450344)[0m 
[36m(ClientAppActor pid=450344)[0m         
[92mINFO [0m:      aggregate_evaluate: received 10 results and 0 failures
[92mINFO [0m:      
[92mINFO [0m:      [ROUND 16]
[92mINFO [0m:      configure_fit: strategy sampled 10 clients (out of 10)
[36m(ClientAppActor pid=450346)[0m 
[36m(ClientAppActor pid=450346)[0m         
[36m(ClientAppActor pid=450351)[0m 
[36m(ClientAppActor pid=450351)[0m         
[36m(ClientAppActor pid=450350)[0m 
[36m(ClientAppActor pid=450350)[0m         
[36m(ClientAppActor pid=450348)[0m 
[36m(ClientAppActor pid=450348)[0m         
[36m(ClientAppActor pid=450347)[0m 
[36m(ClientAppActor pid=450347)[0m         
[36m(ClientAppActor pid=450337)[0m 
[36m(ClientAppActor pid=450337)[0m         
[36m(ClientAppActor pid=450345)[0m 
[36m(ClientAppActor pid=450345)[0m         
[36m(ClientAppActor pid=450336)[0m 
[36m(ClientAppActor pid=450336)[0m         
[36m(ClientAppActor pid=450349)[0m 
[36m(ClientAppActor pid=450349)[0m         
[36m(ClientAppActor pid=450344)[0m 
[36m(ClientAppActor pid=450344)[0m         
[36m(ClientAppActor pid=450347)[0m /home/bk489/federated_clean/cleanest_federated/fl-dermamnist-starter/data/download.py:27: UserWarning: The given NumPy array is not writable, and PyTorch does not support non-writable tensors. This means writing to this tensor will result in undefined behavior. You may want to copy the array to protect its data or make it writable before converting it to a tensor. This type of warning will be suppressed for the rest of this program. (Triggered internally at /pytorch/torch/csrc/utils/tensor_numpy.cpp:203.)[32m [repeated 204x across cluster][0m
[36m(ClientAppActor pid=450347)[0m   tensor = torch.as_tensor(image)[32m [repeated 204x across cluster][0m
[92mINFO [0m:      aggregate_fit: received 10 results and 0 failures
[92mINFO [0m:      fit progress: (16, 0.7725872185270665, {'accuracy': 0.6989032901296112, 'balanced_accuracy': 0.21147790328118196, 'macro_f1': 0.20500874536231398, 'worst_class_f1': 0.0, 'worst_class_recall': 0.0, 'f1_actinic_keratoses_an': 0.25806451612903225, 'recall_actinic_keratoses_an': 0.24242424242424243, 'f1_basal_cell_carcinoma': 0.0, 'recall_basal_cell_carcinoma': 0.0, 'f1_benign_keratosis-lik': 0.32298136645962733, 'recall_benign_keratosis-lik': 0.23636363636363636, 'f1_dermatofibroma': 0.0, 'recall_dermatofibroma': 0.0, 'f1_melanoma': 0.017857142857142856, 'recall_melanoma': 0.009009009009009009, 'f1_melanocytic_nevi': 0.8361581920903954, 'recall_melanocytic_nevi': 0.992548435171386, 'f1_vascular_lesions': 0.0, 'recall_vascular_lesions': 0.0}, 53.85226114600664)
[92mINFO [0m:      configure_evaluate: strategy sampled 10 clients (out of 10)
[36m(ClientAppActor pid=450351)[0m 
[36m(ClientAppActor pid=450351)[0m         
[36m(ClientAppActor pid=450350)[0m 
[36m(ClientAppActor pid=450350)[0m         
[36m(ClientAppActor pid=450347)[0m 
[36m(ClientAppActor pid=450347)[0m         
[36m(ClientAppActor pid=450349)[0m 
[36m(ClientAppActor pid=450349)[0m         
[36m(ClientAppActor pid=450344)[0m 
[36m(ClientAppActor pid=450344)[0m         
[36m(ClientAppActor pid=450346)[0m 
[36m(ClientAppActor pid=450346)[0m         
[36m(ClientAppActor pid=450348)[0m 
[36m(ClientAppActor pid=450348)[0m         
[36m(ClientAppActor pid=450337)[0m 
[36m(ClientAppActor pid=450337)[0m         
[36m(ClientAppActor pid=450345)[0m 
[36m(ClientAppActor pid=450345)[0m         
[36m(ClientAppActor pid=450336)[0m 
[36m(ClientAppActor pid=450336)[0m         
[92mINFO [0m:      aggregate_evaluate: received 10 results and 0 failures
[92mINFO [0m:      
[92mINFO [0m:      [ROUND 17]
[92mINFO [0m:      configure_fit: strategy sampled 10 clients (out of 10)
[36m(ClientAppActor pid=450346)[0m 
[36m(ClientAppActor pid=450346)[0m         
[36m(ClientAppActor pid=450351)[0m 
[36m(ClientAppActor pid=450351)[0m         
[36m(ClientAppActor pid=450350)[0m 
[36m(ClientAppActor pid=450350)[0m         
[36m(ClientAppActor pid=450348)[0m 
[36m(ClientAppActor pid=450348)[0m         
[36m(ClientAppActor pid=450347)[0m 
[36m(ClientAppActor pid=450347)[0m         
[36m(ClientAppActor pid=450337)[0m 
[36m(ClientAppActor pid=450337)[0m         
[36m(ClientAppActor pid=450345)[0m 
[36m(ClientAppActor pid=450345)[0m         
[36m(ClientAppActor pid=450336)[0m 
[36m(ClientAppActor pid=450336)[0m         
[36m(ClientAppActor pid=450349)[0m 
[36m(ClientAppActor pid=450349)[0m         
[36m(ClientAppActor pid=450344)[0m 
[36m(ClientAppActor pid=450344)[0m         
[36m(ClientAppActor pid=450344)[0m [93mWARNING [0m:   DEPRECATED FEATURE: `client_fn` now expects a signature `def client_fn(context: Context)`.The provided `client_fn` has signature: {'cid': <Parameter "cid: 'str'">}. You can import the `Context` like this: `from flwr.common import Context`[32m [repeated 40x across cluster][0m
[36m(ClientAppActor pid=450344)[0m             This is a deprecated feature. It will be removed[32m [repeated 40x across cluster][0m
[36m(ClientAppActor pid=450344)[0m             entirely in future versions of Flower.[32m [repeated 40x across cluster][0m
[36m(ClientAppActor pid=450345)[0m /home/bk489/federated_clean/cleanest_federated/fl-dermamnist-starter/metrics/evaluation.py:68: UserWarning: AUROC set to NaN because present classes are [0, 2, 3, 4, 5, 6], expected [0, 1, 2, 3, 4, 5, 6][32m [repeated 20x across cluster][0m
[36m(ClientAppActor pid=450345)[0m   warnings.warn(f'AUROC set to NaN because present classes are {present_classes}, expected {labels}')[32m [repeated 20x across cluster][0m
[36m(ClientAppActor pid=450344)[0m /home/bk489/federated_clean/.venv/lib/python3.9/site-packages/sklearn/metrics/_classification.py:2524: UserWarning: y_pred contains classes not in y_true[32m [repeated 10x across cluster][0m
[36m(ClientAppActor pid=450344)[0m   warnings.warn("y_pred contains classes not in y_true")[32m [repeated 10x across cluster][0m
[92mINFO [0m:      aggregate_fit: received 10 results and 0 failures
[92mINFO [0m:      fit progress: (17, 0.7907635732994954, {'accuracy': 0.7028913260219342, 'balanced_accuracy': 0.22163581507843805, 'macro_f1': 0.21750871471415406, 'worst_class_f1': 0.0, 'worst_class_recall': 0.0, 'f1_actinic_keratoses_an': 0.3125, 'recall_actinic_keratoses_an': 0.30303030303030304, 'f1_basal_cell_carcinoma': 0.0, 'recall_basal_cell_carcinoma': 0.0, 'f1_benign_keratosis-lik': 0.33986928104575165, 'recall_benign_keratosis-lik': 0.23636363636363636, 'f1_dermatofibroma': 0.0, 'recall_dermatofibroma': 0.0, 'f1_melanoma': 0.035398230088495575, 'recall_melanoma': 0.018018018018018018, 'f1_melanocytic_nevi': 0.8347934918648311, 'recall_melanocytic_nevi': 0.9940387481371088, 'f1_vascular_lesions': 0.0, 'recall_vascular_lesions': 0.0}, 56.77324228300131)
[92mINFO [0m:      configure_evaluate: strategy sampled 10 clients (out of 10)
[36m(ClientAppActor pid=450346)[0m 
[36m(ClientAppActor pid=450346)[0m         
[36m(ClientAppActor pid=450347)[0m 
[36m(ClientAppActor pid=450347)[0m         
[36m(ClientAppActor pid=450337)[0m 
[36m(ClientAppActor pid=450337)[0m         
[36m(ClientAppActor pid=450336)[0m 
[36m(ClientAppActor pid=450336)[0m         
[36m(ClientAppActor pid=450349)[0m 
[36m(ClientAppActor pid=450349)[0m         
[36m(ClientAppActor pid=450345)[0m 
[36m(ClientAppActor pid=450345)[0m         
[36m(ClientAppActor pid=450344)[0m 
[36m(ClientAppActor pid=450344)[0m         
[36m(ClientAppActor pid=450350)[0m 
[36m(ClientAppActor pid=450350)[0m         
[36m(ClientAppActor pid=450348)[0m 
[36m(ClientAppActor pid=450348)[0m         
[36m(ClientAppActor pid=450351)[0m 
[36m(ClientAppActor pid=450351)[0m         
[92mINFO [0m:      aggregate_evaluate: received 10 results and 0 failures
[92mINFO [0m:      
[92mINFO [0m:      [ROUND 18]
[92mINFO [0m:      configure_fit: strategy sampled 10 clients (out of 10)
[36m(ClientAppActor pid=450351)[0m 
[36m(ClientAppActor pid=450351)[0m         
[36m(ClientAppActor pid=450350)[0m 
[36m(ClientAppActor pid=450350)[0m         
[36m(ClientAppActor pid=450348)[0m 
[36m(ClientAppActor pid=450348)[0m         
[36m(ClientAppActor pid=450345)[0m 
[36m(ClientAppActor pid=450345)[0m         
[36m(ClientAppActor pid=450346)[0m 
[36m(ClientAppActor pid=450346)[0m         
[36m(ClientAppActor pid=450347)[0m 
[36m(ClientAppActor pid=450347)[0m         
[36m(ClientAppActor pid=450337)[0m 
[36m(ClientAppActor pid=450337)[0m         
[36m(ClientAppActor pid=450336)[0m 
[36m(ClientAppActor pid=450336)[0m         
[36m(ClientAppActor pid=450349)[0m 
[36m(ClientAppActor pid=450349)[0m         
[36m(ClientAppActor pid=450344)[0m 
[36m(ClientAppActor pid=450344)[0m         
[36m(ClientAppActor pid=450351)[0m /home/bk489/federated_clean/cleanest_federated/fl-dermamnist-starter/data/download.py:27: UserWarning: The given NumPy array is not writable, and PyTorch does not support non-writable tensors. This means writing to this tensor will result in undefined behavior. You may want to copy the array to protect its data or make it writable before converting it to a tensor. This type of warning will be suppressed for the rest of this program. (Triggered internally at /pytorch/torch/csrc/utils/tensor_numpy.cpp:203.)[32m [repeated 157x across cluster][0m
[36m(ClientAppActor pid=450351)[0m   tensor = torch.as_tensor(image)[32m [repeated 157x across cluster][0m
[92mINFO [0m:      aggregate_fit: received 10 results and 0 failures
[92mINFO [0m:      fit progress: (18, 0.7781271255860182, {'accuracy': 0.715852442671984, 'balanced_accuracy': 0.25432833301685764, 'macro_f1': 0.24171568432187449, 'worst_class_f1': 0.0, 'worst_class_recall': 0.0, 'f1_actinic_keratoses_an': 0.3333333333333333, 'recall_actinic_keratoses_an': 0.36363636363636365, 'f1_basal_cell_carcinoma': 0.0, 'recall_basal_cell_carcinoma': 0.0, 'f1_benign_keratosis-lik': 0.43349753694581283, 'recall_benign_keratosis-lik': 0.4, 'f1_dermatofibroma': 0.0, 'recall_dermatofibroma': 0.0, 'f1_melanoma': 0.06896551724137931, 'recall_melanoma': 0.036036036036036036, 'f1_melanocytic_nevi': 0.8562134027325959, 'recall_melanocytic_nevi': 0.9806259314456036, 'f1_vascular_lesions': 0.0, 'recall_vascular_lesions': 0.0}, 59.72216420099721)
[92mINFO [0m:      configure_evaluate: strategy sampled 10 clients (out of 10)
[36m(ClientAppActor pid=450346)[0m 
[36m(ClientAppActor pid=450346)[0m         
[36m(ClientAppActor pid=450351)[0m 
[36m(ClientAppActor pid=450351)[0m         
[36m(ClientAppActor pid=450350)[0m 
[36m(ClientAppActor pid=450350)[0m         
[36m(ClientAppActor pid=450348)[0m 
[36m(ClientAppActor pid=450348)[0m         
[36m(ClientAppActor pid=450347)[0m 
[36m(ClientAppActor pid=450347)[0m         
[36m(ClientAppActor pid=450337)[0m 
[36m(ClientAppActor pid=450337)[0m         
[36m(ClientAppActor pid=450345)[0m 
[36m(ClientAppActor pid=450345)[0m         
[36m(ClientAppActor pid=450336)[0m 
[36m(ClientAppActor pid=450336)[0m         
[36m(ClientAppActor pid=450349)[0m 
[36m(ClientAppActor pid=450349)[0m         
[36m(ClientAppActor pid=450344)[0m 
[36m(ClientAppActor pid=450344)[0m         
[92mINFO [0m:      aggregate_evaluate: received 10 results and 0 failures
[92mINFO [0m:      
[92mINFO [0m:      [ROUND 19]
[92mINFO [0m:      configure_fit: strategy sampled 10 clients (out of 10)
[36m(ClientAppActor pid=450346)[0m 
[36m(ClientAppActor pid=450346)[0m         
[36m(ClientAppActor pid=450351)[0m 
[36m(ClientAppActor pid=450351)[0m         
[36m(ClientAppActor pid=450350)[0m 
[36m(ClientAppActor pid=450350)[0m         
[36m(ClientAppActor pid=450348)[0m 
[36m(ClientAppActor pid=450348)[0m         
[36m(ClientAppActor pid=450347)[0m 
[36m(ClientAppActor pid=450347)[0m         
[36m(ClientAppActor pid=450337)[0m 
[36m(ClientAppActor pid=450337)[0m         
[36m(ClientAppActor pid=450345)[0m 
[36m(ClientAppActor pid=450345)[0m         
[36m(ClientAppActor pid=450336)[0m 
[36m(ClientAppActor pid=450336)[0m         
[36m(ClientAppActor pid=450349)[0m 
[36m(ClientAppActor pid=450349)[0m         
[36m(ClientAppActor pid=450344)[0m 
[36m(ClientAppActor pid=450344)[0m         
[36m(ClientAppActor pid=450344)[0m [93mWARNING [0m:   DEPRECATED FEATURE: `client_fn` now expects a signature `def client_fn(context: Context)`.The provided `client_fn` has signature: {'cid': <Parameter "cid: 'str'">}. You can import the `Context` like this: `from flwr.common import Context`[32m [repeated 40x across cluster][0m
[36m(ClientAppActor pid=450344)[0m             This is a deprecated feature. It will be removed[32m [repeated 40x across cluster][0m
[36m(ClientAppActor pid=450344)[0m             entirely in future versions of Flower.[32m [repeated 40x across cluster][0m
[36m(ClientAppActor pid=450344)[0m /home/bk489/federated_clean/cleanest_federated/fl-dermamnist-starter/metrics/evaluation.py:68: UserWarning: AUROC set to NaN because present classes are [0, 1, 4, 5], expected [0, 1, 2, 3, 4, 5, 6][32m [repeated 20x across cluster][0m
[36m(ClientAppActor pid=450344)[0m   warnings.warn(f'AUROC set to NaN because present classes are {present_classes}, expected {labels}')[32m [repeated 20x across cluster][0m
[36m(ClientAppActor pid=450344)[0m /home/bk489/federated_clean/.venv/lib/python3.9/site-packages/sklearn/metrics/_classification.py:2524: UserWarning: y_pred contains classes not in y_true[32m [repeated 10x across cluster][0m
[36m(ClientAppActor pid=450344)[0m   warnings.warn("y_pred contains classes not in y_true")[32m [repeated 10x across cluster][0m
[36m(ClientAppActor pid=450349)[0m /home/bk489/federated_clean/cleanest_federated/fl-dermamnist-starter/data/download.py:27: UserWarning: The given NumPy array is not writable, and PyTorch does not support non-writable tensors. This means writing to this tensor will result in undefined behavior. You may want to copy the array to protect its data or make it writable before converting it to a tensor. This type of warning will be suppressed for the rest of this program. (Triggered internally at /pytorch/torch/csrc/utils/tensor_numpy.cpp:203.)[32m [repeated 186x across cluster][0m
[36m(ClientAppActor pid=450349)[0m   tensor = torch.as_tensor(image)[32m [repeated 186x across cluster][0m
[92mINFO [0m:      aggregate_fit: received 10 results and 0 failures
[92mINFO [0m:      fit progress: (19, 0.7756171750047747, {'accuracy': 0.707876370887338, 'balanced_accuracy': 0.2480899251391055, 'macro_f1': 0.22809751616015697, 'worst_class_f1': 0.0, 'worst_class_recall': 0.0, 'f1_actinic_keratoses_an': 0.32098765432098764, 'recall_actinic_keratoses_an': 0.3939393939393939, 'f1_basal_cell_carcinoma': 0.0, 'recall_basal_cell_carcinoma': 0.0, 'f1_benign_keratosis-lik': 0.40625, 'recall_benign_keratosis-lik': 0.35454545454545455, 'f1_dermatofibroma': 0.0, 'recall_dermatofibroma': 0.0, 'f1_melanoma': 0.017857142857142856, 'recall_melanoma': 0.009009009009009009, 'f1_melanocytic_nevi': 0.8515878159429683, 'recall_melanocytic_nevi': 0.9791356184798807, 'f1_vascular_lesions': 0.0, 'recall_vascular_lesions': 0.0}, 62.639496952993795)
[92mINFO [0m:      configure_evaluate: strategy sampled 10 clients (out of 10)
[36m(ClientAppActor pid=450351)[0m 
[36m(ClientAppActor pid=450351)[0m         
[36m(ClientAppActor pid=450350)[0m 
[36m(ClientAppActor pid=450350)[0m         
[36m(ClientAppActor pid=450347)[0m 
[36m(ClientAppActor pid=450347)[0m         
[36m(ClientAppActor pid=450345)[0m 
[36m(ClientAppActor pid=450345)[0m         
[36m(ClientAppActor pid=450336)[0m 
[36m(ClientAppActor pid=450336)[0m         
[36m(ClientAppActor pid=450349)[0m 
[36m(ClientAppActor pid=450349)[0m         
[36m(ClientAppActor pid=450344)[0m 
[36m(ClientAppActor pid=450344)[0m         
[36m(ClientAppActor pid=450348)[0m 
[36m(ClientAppActor pid=450348)[0m         
[36m(ClientAppActor pid=450346)[0m 
[36m(ClientAppActor pid=450346)[0m         
[36m(ClientAppActor pid=450337)[0m 
[36m(ClientAppActor pid=450337)[0m         
[92mINFO [0m:      aggregate_evaluate: received 10 results and 0 failures
[92mINFO [0m:      
[92mINFO [0m:      [ROUND 20]
[92mINFO [0m:      configure_fit: strategy sampled 10 clients (out of 10)
[36m(ClientAppActor pid=450346)[0m 
[36m(ClientAppActor pid=450346)[0m         
[36m(ClientAppActor pid=450348)[0m 
[36m(ClientAppActor pid=450348)[0m         
[36m(ClientAppActor pid=450337)[0m 
[36m(ClientAppActor pid=450337)[0m         
[36m(ClientAppActor pid=450345)[0m 
[36m(ClientAppActor pid=450345)[0m         
[36m(ClientAppActor pid=450336)[0m 
[36m(ClientAppActor pid=450336)[0m         
[36m(ClientAppActor pid=450349)[0m 
[36m(ClientAppActor pid=450349)[0m         
[36m(ClientAppActor pid=450344)[0m 
[36m(ClientAppActor pid=450344)[0m         
[36m(ClientAppActor pid=450347)[0m 
[36m(ClientAppActor pid=450347)[0m         
[36m(ClientAppActor pid=450350)[0m 
[36m(ClientAppActor pid=450350)[0m         
[36m(ClientAppActor pid=450351)[0m 
[36m(ClientAppActor pid=450351)[0m         
[36m(ClientAppActor pid=450351)[0m [93mWARNING [0m:   DEPRECATED FEATURE: `client_fn` now expects a signature `def client_fn(context: Context)`.The provided `client_fn` has signature: {'cid': <Parameter "cid: 'str'">}. You can import the `Context` like this: `from flwr.common import Context`[32m [repeated 20x across cluster][0m
[36m(ClientAppActor pid=450351)[0m             This is a deprecated feature. It will be removed[32m [repeated 20x across cluster][0m
[36m(ClientAppActor pid=450351)[0m             entirely in future versions of Flower.[32m [repeated 20x across cluster][0m
[36m(ClientAppActor pid=450344)[0m /home/bk489/federated_clean/cleanest_federated/fl-dermamnist-starter/metrics/evaluation.py:68: UserWarning: AUROC set to NaN because present classes are [2, 4, 5, 6], expected [0, 1, 2, 3, 4, 5, 6][32m [repeated 10x across cluster][0m
[36m(ClientAppActor pid=450344)[0m   warnings.warn(f'AUROC set to NaN because present classes are {present_classes}, expected {labels}')[32m [repeated 10x across cluster][0m
[36m(ClientAppActor pid=450337)[0m /home/bk489/federated_clean/.venv/lib/python3.9/site-packages/sklearn/metrics/_classification.py:2524: UserWarning: y_pred contains classes not in y_true[32m [repeated 5x across cluster][0m
[36m(ClientAppActor pid=450337)[0m   warnings.warn("y_pred contains classes not in y_true")[32m [repeated 5x across cluster][0m
[92mINFO [0m:      aggregate_fit: received 10 results and 0 failures
[92mINFO [0m:      fit progress: (20, 0.7797588421958512, {'accuracy': 0.7028913260219342, 'balanced_accuracy': 0.24046381915234374, 'macro_f1': 0.23001015551057824, 'worst_class_f1': 0.0, 'worst_class_recall': 0.0, 'f1_actinic_keratoses_an': 0.33766233766233766, 'recall_actinic_keratoses_an': 0.3939393939393939, 'f1_basal_cell_carcinoma': 0.0, 'recall_basal_cell_carcinoma': 0.0, 'f1_benign_keratosis-lik': 0.3473053892215569, 'recall_benign_keratosis-lik': 0.2636363636363636, 'f1_dermatofibroma': 0.0, 'recall_dermatofibroma': 0.0, 'f1_melanoma': 0.0847457627118644, 'recall_melanoma': 0.04504504504504504, 'f1_melanocytic_nevi': 0.8403575989782887, 'recall_melanocytic_nevi': 0.9806259314456036, 'f1_vascular_lesions': 0.0, 'recall_vascular_lesions': 0.0}, 65.57717393100029)
[92mINFO [0m:      configure_evaluate: strategy sampled 10 clients (out of 10)
[36m(ClientAppActor pid=450351)[0m 
[36m(ClientAppActor pid=450351)[0m         
[36m(ClientAppActor pid=450350)[0m 
[36m(ClientAppActor pid=450350)[0m         
[36m(ClientAppActor pid=450348)[0m 
[36m(ClientAppActor pid=450348)[0m         
[36m(ClientAppActor pid=450337)[0m 
[36m(ClientAppActor pid=450337)[0m         
[36m(ClientAppActor pid=450349)[0m 
[36m(ClientAppActor pid=450349)[0m         
[36m(ClientAppActor pid=450344)[0m 
[36m(ClientAppActor pid=450344)[0m         
[36m(ClientAppActor pid=450345)[0m 
[36m(ClientAppActor pid=450345)[0m         
[36m(ClientAppActor pid=450347)[0m 
[36m(ClientAppActor pid=450347)[0m         
[36m(ClientAppActor pid=450336)[0m 
[36m(ClientAppActor pid=450336)[0m         
[36m(ClientAppActor pid=450346)[0m 
[36m(ClientAppActor pid=450346)[0m         
[92mINFO [0m:      aggregate_evaluate: received 10 results and 0 failures
[92mINFO [0m:      
[92mINFO [0m:      [ROUND 21]
[92mINFO [0m:      configure_fit: strategy sampled 10 clients (out of 10)
[36m(ClientAppActor pid=450346)[0m 
[36m(ClientAppActor pid=450346)[0m         
[36m(ClientAppActor pid=450350)[0m 
[36m(ClientAppActor pid=450350)[0m         
[36m(ClientAppActor pid=450348)[0m 
[36m(ClientAppActor pid=450348)[0m         
[36m(ClientAppActor pid=450347)[0m 
[36m(ClientAppActor pid=450347)[0m         
[36m(ClientAppActor pid=450337)[0m 
[36m(ClientAppActor pid=450337)[0m         
[36m(ClientAppActor pid=450345)[0m 
[36m(ClientAppActor pid=450345)[0m         
[36m(ClientAppActor pid=450336)[0m 
[36m(ClientAppActor pid=450336)[0m         
[36m(ClientAppActor pid=450344)[0m 
[36m(ClientAppActor pid=450344)[0m         
[36m(ClientAppActor pid=450349)[0m 
[36m(ClientAppActor pid=450349)[0m         
[36m(ClientAppActor pid=450351)[0m 
[36m(ClientAppActor pid=450351)[0m         
[36m(ClientAppActor pid=450347)[0m /home/bk489/federated_clean/cleanest_federated/fl-dermamnist-starter/data/download.py:27: UserWarning: The given NumPy array is not writable, and PyTorch does not support non-writable tensors. This means writing to this tensor will result in undefined behavior. You may want to copy the array to protect its data or make it writable before converting it to a tensor. This type of warning will be suppressed for the rest of this program. (Triggered internally at /pytorch/torch/csrc/utils/tensor_numpy.cpp:203.)[32m [repeated 210x across cluster][0m
[36m(ClientAppActor pid=450347)[0m   tensor = torch.as_tensor(image)[32m [repeated 210x across cluster][0m
[92mINFO [0m:      aggregate_fit: received 10 results and 0 failures
[92mINFO [0m:      fit progress: (21, 0.7654544382485173, {'accuracy': 0.715852442671984, 'balanced_accuracy': 0.2551168370840502, 'macro_f1': 0.25188117077733857, 'worst_class_f1': 0.0, 'worst_class_recall': 0.0, 'f1_actinic_keratoses_an': 0.34210526315789475, 'recall_actinic_keratoses_an': 0.3939393939393939, 'f1_basal_cell_carcinoma': 0.0, 'recall_basal_cell_carcinoma': 0.0, 'f1_benign_keratosis-lik': 0.4117647058823529, 'recall_benign_keratosis-lik': 0.3181818181818182, 'f1_dermatofibroma': 0.0, 'recall_dermatofibroma': 0.0, 'f1_melanoma': 0.16260162601626016, 'recall_melanoma': 0.09009009009009009, 'f1_melanocytic_nevi': 0.846696600384862, 'recall_melanocytic_nevi': 0.9836065573770492, 'f1_vascular_lesions': 0.0, 'recall_vascular_lesions': 0.0}, 68.53440925601171)
[92mINFO [0m:      configure_evaluate: strategy sampled 10 clients (out of 10)
[36m(ClientAppActor pid=450347)[0m 
[36m(ClientAppActor pid=450347)[0m         
[36m(ClientAppActor pid=450337)[0m 
[36m(ClientAppActor pid=450337)[0m         
[36m(ClientAppActor pid=450349)[0m 
[36m(ClientAppActor pid=450349)[0m         
[36m(ClientAppActor pid=450346)[0m 
[36m(ClientAppActor pid=450346)[0m         
[36m(ClientAppActor pid=450348)[0m 
[36m(ClientAppActor pid=450348)[0m         
[36m(ClientAppActor pid=450351)[0m 
[36m(ClientAppActor pid=450351)[0m         
[36m(ClientAppActor pid=450350)[0m 
[36m(ClientAppActor pid=450350)[0m         
[36m(ClientAppActor pid=450345)[0m 
[36m(ClientAppActor pid=450345)[0m         
[36m(ClientAppActor pid=450336)[0m 
[36m(ClientAppActor pid=450336)[0m         
[36m(ClientAppActor pid=450344)[0m 
[36m(ClientAppActor pid=450344)[0m         
[92mINFO [0m:      aggregate_evaluate: received 10 results and 0 failures
[92mINFO [0m:      
[92mINFO [0m:      [ROUND 22]
[92mINFO [0m:      configure_fit: strategy sampled 10 clients (out of 10)
[36m(ClientAppActor pid=450346)[0m 
[36m(ClientAppActor pid=450346)[0m         
[36m(ClientAppActor pid=450351)[0m 
[36m(ClientAppActor pid=450351)[0m         
[36m(ClientAppActor pid=450350)[0m 
[36m(ClientAppActor pid=450350)[0m         
[36m(ClientAppActor pid=450348)[0m 
[36m(ClientAppActor pid=450348)[0m         
[36m(ClientAppActor pid=450347)[0m 
[36m(ClientAppActor pid=450347)[0m         
[36m(ClientAppActor pid=450337)[0m 
[36m(ClientAppActor pid=450337)[0m         
[36m(ClientAppActor pid=450345)[0m 
[36m(ClientAppActor pid=450345)[0m         
[36m(ClientAppActor pid=450336)[0m 
[36m(ClientAppActor pid=450336)[0m         
[36m(ClientAppActor pid=450349)[0m 
[36m(ClientAppActor pid=450349)[0m         
[36m(ClientAppActor pid=450344)[0m 
[36m(ClientAppActor pid=450344)[0m         
[36m(ClientAppActor pid=450344)[0m [93mWARNING [0m:   DEPRECATED FEATURE: `client_fn` now expects a signature `def client_fn(context: Context)`.The provided `client_fn` has signature: {'cid': <Parameter "cid: 'str'">}. You can import the `Context` like this: `from flwr.common import Context`[32m [repeated 40x across cluster][0m
[36m(ClientAppActor pid=450344)[0m             This is a deprecated feature. It will be removed[32m [repeated 40x across cluster][0m
[36m(ClientAppActor pid=450344)[0m             entirely in future versions of Flower.[32m [repeated 40x across cluster][0m
[36m(ClientAppActor pid=450336)[0m /home/bk489/federated_clean/cleanest_federated/fl-dermamnist-starter/metrics/evaluation.py:68: UserWarning: AUROC set to NaN because present classes are [0, 1, 2, 4, 6], expected [0, 1, 2, 3, 4, 5, 6][32m [repeated 20x across cluster][0m
[36m(ClientAppActor pid=450336)[0m   warnings.warn(f'AUROC set to NaN because present classes are {present_classes}, expected {labels}')[32m [repeated 20x across cluster][0m
[36m(ClientAppActor pid=450336)[0m /home/bk489/federated_clean/.venv/lib/python3.9/site-packages/sklearn/metrics/_classification.py:2524: UserWarning: y_pred contains classes not in y_true[32m [repeated 10x across cluster][0m
[36m(ClientAppActor pid=450336)[0m   warnings.warn("y_pred contains classes not in y_true")[32m [repeated 10x across cluster][0m
[92mINFO [0m:      aggregate_fit: received 10 results and 0 failures
[92mINFO [0m:      fit progress: (22, 0.7629011989471801, {'accuracy': 0.7168494516450648, 'balanced_accuracy': 0.25337353534074847, 'macro_f1': 0.2556297812879022, 'worst_class_f1': 0.0, 'worst_class_recall': 0.0, 'f1_actinic_keratoses_an': 0.34782608695652173, 'recall_actinic_keratoses_an': 0.36363636363636365, 'f1_basal_cell_carcinoma': 0.0, 'recall_basal_cell_carcinoma': 0.0, 'f1_benign_keratosis-lik': 0.42105263157894735, 'recall_benign_keratosis-lik': 0.32727272727272727, 'f1_dermatofibroma': 0.0, 'recall_dermatofibroma': 0.0, 'f1_melanoma': 0.176, 'recall_melanoma': 0.0990990990990991, 'f1_melanocytic_nevi': 0.8445297504798465, 'recall_melanocytic_nevi': 0.9836065573770492, 'f1_vascular_lesions': 0.0, 'recall_vascular_lesions': 0.0}, 71.47864959199796)
[92mINFO [0m:      configure_evaluate: strategy sampled 10 clients (out of 10)
[36m(ClientAppActor pid=450348)[0m 
[36m(ClientAppActor pid=450348)[0m         
[36m(ClientAppActor pid=450337)[0m 
[36m(ClientAppActor pid=450337)[0m         
[36m(ClientAppActor pid=450336)[0m 
[36m(ClientAppActor pid=450336)[0m         
[36m(ClientAppActor pid=450349)[0m 
[36m(ClientAppActor pid=450349)[0m         
[36m(ClientAppActor pid=450344)[0m 
[36m(ClientAppActor pid=450344)[0m         
[36m(ClientAppActor pid=450350)[0m 
[36m(ClientAppActor pid=450350)[0m         
[36m(ClientAppActor pid=450351)[0m 
[36m(ClientAppActor pid=450351)[0m         
[36m(ClientAppActor pid=450347)[0m 
[36m(ClientAppActor pid=450347)[0m         
[36m(ClientAppActor pid=450346)[0m 
[36m(ClientAppActor pid=450346)[0m         
[36m(ClientAppActor pid=450345)[0m 
[36m(ClientAppActor pid=450345)[0m         
[92mINFO [0m:      aggregate_evaluate: received 10 results and 0 failures
[92mINFO [0m:      
[92mINFO [0m:      [ROUND 23]
[92mINFO [0m:      configure_fit: strategy sampled 10 clients (out of 10)
[36m(ClientAppActor pid=450346)[0m 
[36m(ClientAppActor pid=450346)[0m         
[36m(ClientAppActor pid=450345)[0m 
[36m(ClientAppActor pid=450345)[0m         
[36m(ClientAppActor pid=450347)[0m 
[36m(ClientAppActor pid=450347)[0m         
[36m(ClientAppActor pid=450351)[0m 
[36m(ClientAppActor pid=450351)[0m         
[36m(ClientAppActor pid=450350)[0m 
[36m(ClientAppActor pid=450350)[0m         
[36m(ClientAppActor pid=450348)[0m 
[36m(ClientAppActor pid=450348)[0m         
[36m(ClientAppActor pid=450337)[0m 
[36m(ClientAppActor pid=450337)[0m         
[36m(ClientAppActor pid=450336)[0m 
[36m(ClientAppActor pid=450336)[0m         
[36m(ClientAppActor pid=450349)[0m 
[36m(ClientAppActor pid=450349)[0m         
[36m(ClientAppActor pid=450344)[0m 
[36m(ClientAppActor pid=450344)[0m         
[36m(ClientAppActor pid=450348)[0m /home/bk489/federated_clean/cleanest_federated/fl-dermamnist-starter/data/download.py:27: UserWarning: The given NumPy array is not writable, and PyTorch does not support non-writable tensors. This means writing to this tensor will result in undefined behavior. You may want to copy the array to protect its data or make it writable before converting it to a tensor. This type of warning will be suppressed for the rest of this program. (Triggered internally at /pytorch/torch/csrc/utils/tensor_numpy.cpp:203.)[32m [repeated 178x across cluster][0m
[36m(ClientAppActor pid=450348)[0m   tensor = torch.as_tensor(image)[32m [repeated 178x across cluster][0m
[92mINFO [0m:      aggregate_fit: received 10 results and 0 failures
[92mINFO [0m:      fit progress: (23, 0.7572180930662488, {'accuracy': 0.7288135593220338, 'balanced_accuracy': 0.27218024922942957, 'macro_f1': 0.26998240393831946, 'worst_class_f1': 0.0, 'worst_class_recall': 0.0, 'f1_actinic_keratoses_an': 0.3287671232876712, 'recall_actinic_keratoses_an': 0.36363636363636365, 'f1_basal_cell_carcinoma': 0.0, 'recall_basal_cell_carcinoma': 0.0, 'f1_benign_keratosis-lik': 0.4824120603015075, 'recall_benign_keratosis-lik': 0.43636363636363634, 'f1_dermatofibroma': 0.0, 'recall_dermatofibroma': 0.0, 'f1_melanoma': 0.21875, 'recall_melanoma': 0.12612612612612611, 'f1_melanocytic_nevi': 0.8599476439790575, 'recall_melanocytic_nevi': 0.9791356184798807, 'f1_vascular_lesions': 0.0, 'recall_vascular_lesions': 0.0}, 74.40979153598892)
[92mINFO [0m:      configure_evaluate: strategy sampled 10 clients (out of 10)
[36m(ClientAppActor pid=450346)[0m 
[36m(ClientAppActor pid=450346)[0m         
[36m(ClientAppActor pid=450351)[0m 
[36m(ClientAppActor pid=450351)[0m         
[36m(ClientAppActor pid=450350)[0m 
[36m(ClientAppActor pid=450350)[0m         
[36m(ClientAppActor pid=450348)[0m 
[36m(ClientAppActor pid=450348)[0m         
[36m(ClientAppActor pid=450347)[0m 
[36m(ClientAppActor pid=450347)[0m         
[36m(ClientAppActor pid=450337)[0m 
[36m(ClientAppActor pid=450337)[0m         
[36m(ClientAppActor pid=450345)[0m 
[36m(ClientAppActor pid=450345)[0m         
[36m(ClientAppActor pid=450336)[0m 
[36m(ClientAppActor pid=450336)[0m         
[36m(ClientAppActor pid=450349)[0m 
[36m(ClientAppActor pid=450349)[0m         
[36m(ClientAppActor pid=450344)[0m 
[36m(ClientAppActor pid=450344)[0m         
[92mINFO [0m:      aggregate_evaluate: received 10 results and 0 failures
[92mINFO [0m:      
[92mINFO [0m:      [ROUND 24]
[92mINFO [0m:      configure_fit: strategy sampled 10 clients (out of 10)
[36m(ClientAppActor pid=450346)[0m 
[36m(ClientAppActor pid=450346)[0m         
[36m(ClientAppActor pid=450351)[0m 
[36m(ClientAppActor pid=450351)[0m         
[36m(ClientAppActor pid=450348)[0m 
[36m(ClientAppActor pid=450348)[0m         
[36m(ClientAppActor pid=450347)[0m 
[36m(ClientAppActor pid=450347)[0m         
[36m(ClientAppActor pid=450337)[0m 
[36m(ClientAppActor pid=450337)[0m         
[36m(ClientAppActor pid=450345)[0m 
[36m(ClientAppActor pid=450345)[0m         
[36m(ClientAppActor pid=450336)[0m 
[36m(ClientAppActor pid=450336)[0m         
[36m(ClientAppActor pid=450349)[0m 
[36m(ClientAppActor pid=450349)[0m         
[36m(ClientAppActor pid=450344)[0m 
[36m(ClientAppActor pid=450344)[0m         
[36m(ClientAppActor pid=450350)[0m 
[36m(ClientAppActor pid=450350)[0m         
[36m(ClientAppActor pid=450350)[0m [93mWARNING [0m:   DEPRECATED FEATURE: `client_fn` now expects a signature `def client_fn(context: Context)`.The provided `client_fn` has signature: {'cid': <Parameter "cid: 'str'">}. You can import the `Context` like this: `from flwr.common import Context`[32m [repeated 40x across cluster][0m
[36m(ClientAppActor pid=450350)[0m             This is a deprecated feature. It will be removed[32m [repeated 40x across cluster][0m
[36m(ClientAppActor pid=450350)[0m             entirely in future versions of Flower.[32m [repeated 40x across cluster][0m
[36m(ClientAppActor pid=450336)[0m /home/bk489/federated_clean/cleanest_federated/fl-dermamnist-starter/metrics/evaluation.py:68: UserWarning: AUROC set to NaN because present classes are [0, 3, 4, 5, 6], expected [0, 1, 2, 3, 4, 5, 6][32m [repeated 20x across cluster][0m
[36m(ClientAppActor pid=450336)[0m   warnings.warn(f'AUROC set to NaN because present classes are {present_classes}, expected {labels}')[32m [repeated 20x across cluster][0m
[36m(ClientAppActor pid=450347)[0m /home/bk489/federated_clean/.venv/lib/python3.9/site-packages/sklearn/metrics/_classification.py:2524: UserWarning: y_pred contains classes not in y_true[32m [repeated 10x across cluster][0m
[36m(ClientAppActor pid=450347)[0m   warnings.warn("y_pred contains classes not in y_true")[32m [repeated 10x across cluster][0m
[92mINFO [0m:      aggregate_fit: received 10 results and 0 failures
[92mINFO [0m:      fit progress: (24, 0.7730005792344912, {'accuracy': 0.7258225324027916, 'balanced_accuracy': 0.2662178465457154, 'macro_f1': 0.25343136911978853, 'worst_class_f1': 0.0, 'worst_class_recall': 0.0, 'f1_actinic_keratoses_an': 0.3287671232876712, 'recall_actinic_keratoses_an': 0.36363636363636365, 'f1_basal_cell_carcinoma': 0.0, 'recall_basal_cell_carcinoma': 0.0, 'f1_benign_keratosis-lik': 0.49760765550239233, 'recall_benign_keratosis-lik': 0.4727272727272727, 'f1_dermatofibroma': 0.0, 'recall_dermatofibroma': 0.0, 'f1_melanoma': 0.08620689655172414, 'recall_melanoma': 0.04504504504504504, 'f1_melanocytic_nevi': 0.8614379084967321, 'recall_melanocytic_nevi': 0.9821162444113264, 'f1_vascular_lesions': 0.0, 'recall_vascular_lesions': 0.0}, 77.3217834130046)
[92mINFO [0m:      configure_evaluate: strategy sampled 10 clients (out of 10)
[36m(ClientAppActor pid=450346)[0m 
[36m(ClientAppActor pid=450346)[0m         
[36m(ClientAppActor pid=450336)[0m /home/bk489/federated_clean/cleanest_federated/fl-dermamnist-starter/data/download.py:27: UserWarning: The given NumPy array is not writable, and PyTorch does not support non-writable tensors. This means writing to this tensor will result in undefined behavior. You may want to copy the array to protect its data or make it writable before converting it to a tensor. This type of warning will be suppressed for the rest of this program. (Triggered internally at /pytorch/torch/csrc/utils/tensor_numpy.cpp:203.)[32m [repeated 157x across cluster][0m
[36m(ClientAppActor pid=450336)[0m   tensor = torch.as_tensor(image)[32m [repeated 157x across cluster][0m
[36m(ClientAppActor pid=450351)[0m 
[36m(ClientAppActor pid=450351)[0m         
[36m(ClientAppActor pid=450348)[0m 
[36m(ClientAppActor pid=450348)[0m         
[36m(ClientAppActor pid=450347)[0m 
[36m(ClientAppActor pid=450347)[0m         
[36m(ClientAppActor pid=450345)[0m 
[36m(ClientAppActor pid=450345)[0m         
[36m(ClientAppActor pid=450336)[0m 
[36m(ClientAppActor pid=450336)[0m         
[36m(ClientAppActor pid=450349)[0m 
[36m(ClientAppActor pid=450349)[0m         
[36m(ClientAppActor pid=450350)[0m 
[36m(ClientAppActor pid=450350)[0m         
[36m(ClientAppActor pid=450337)[0m 
[36m(ClientAppActor pid=450337)[0m         
[36m(ClientAppActor pid=450344)[0m 
[36m(ClientAppActor pid=450344)[0m         
[92mINFO [0m:      aggregate_evaluate: received 10 results and 0 failures
[92mINFO [0m:      
[92mINFO [0m:      [ROUND 25]
[92mINFO [0m:      configure_fit: strategy sampled 10 clients (out of 10)
[36m(ClientAppActor pid=450337)[0m 
[36m(ClientAppActor pid=450337)[0m         
[36m(ClientAppActor pid=450344)[0m 
[36m(ClientAppActor pid=450344)[0m         
[36m(ClientAppActor pid=450350)[0m 
[36m(ClientAppActor pid=450350)[0m         
[36m(ClientAppActor pid=450347)[0m 
[36m(ClientAppActor pid=450347)[0m         
[36m(ClientAppActor pid=450346)[0m 
[36m(ClientAppActor pid=450346)[0m         
[36m(ClientAppActor pid=450351)[0m 
[36m(ClientAppActor pid=450351)[0m         
[36m(ClientAppActor pid=450348)[0m 
[36m(ClientAppActor pid=450348)[0m         
[36m(ClientAppActor pid=450345)[0m 
[36m(ClientAppActor pid=450345)[0m         
[36m(ClientAppActor pid=450336)[0m 
[36m(ClientAppActor pid=450336)[0m         
[36m(ClientAppActor pid=450349)[0m 
[36m(ClientAppActor pid=450349)[0m         
[92mINFO [0m:      aggregate_fit: received 10 results and 0 failures
[92mINFO [0m:      fit progress: (25, 0.7601417276937726, {'accuracy': 0.7148554336989033, 'balanced_accuracy': 0.24470382667103976, 'macro_f1': 0.2495134842289806, 'worst_class_f1': 0.0, 'worst_class_recall': 0.0, 'f1_actinic_keratoses_an': 0.31746031746031744, 'recall_actinic_keratoses_an': 0.30303030303030304, 'f1_basal_cell_carcinoma': 0.0, 'recall_basal_cell_carcinoma': 0.0, 'f1_benign_keratosis-lik': 0.3954802259887006, 'recall_benign_keratosis-lik': 0.3181818181818182, 'f1_dermatofibroma': 0.0, 'recall_dermatofibroma': 0.0, 'f1_melanoma': 0.1875, 'recall_melanoma': 0.10810810810810811, 'f1_melanocytic_nevi': 0.8461538461538461, 'recall_melanocytic_nevi': 0.9836065573770492, 'f1_vascular_lesions': 0.0, 'recall_vascular_lesions': 0.0}, 80.2847155519994)
[92mINFO [0m:      configure_evaluate: strategy sampled 10 clients (out of 10)
[36m(ClientAppActor pid=450348)[0m 
[36m(ClientAppActor pid=450348)[0m         
[36m(ClientAppActor pid=450348)[0m [93mWARNING [0m:   DEPRECATED FEATURE: `client_fn` now expects a signature `def client_fn(context: Context)`.The provided `client_fn` has signature: {'cid': <Parameter "cid: 'str'">}. You can import the `Context` like this: `from flwr.common import Context`[32m [repeated 21x across cluster][0m
[36m(ClientAppActor pid=450348)[0m             This is a deprecated feature. It will be removed[32m [repeated 21x across cluster][0m
[36m(ClientAppActor pid=450348)[0m             entirely in future versions of Flower.[32m [repeated 21x across cluster][0m
[36m(ClientAppActor pid=450344)[0m /home/bk489/federated_clean/cleanest_federated/fl-dermamnist-starter/metrics/evaluation.py:68: UserWarning: AUROC set to NaN because present classes are [0, 3, 4, 5, 6], expected [0, 1, 2, 3, 4, 5, 6][32m [repeated 10x across cluster][0m
[36m(ClientAppActor pid=450344)[0m   warnings.warn(f'AUROC set to NaN because present classes are {present_classes}, expected {labels}')[32m [repeated 10x across cluster][0m
[36m(ClientAppActor pid=450345)[0m /home/bk489/federated_clean/.venv/lib/python3.9/site-packages/sklearn/metrics/_classification.py:2524: UserWarning: y_pred contains classes not in y_true[32m [repeated 5x across cluster][0m
[36m(ClientAppActor pid=450345)[0m   warnings.warn("y_pred contains classes not in y_true")[32m [repeated 5x across cluster][0m
[36m(ClientAppActor pid=450337)[0m 
[36m(ClientAppActor pid=450337)[0m         
[36m(ClientAppActor pid=450345)[0m 
[36m(ClientAppActor pid=450345)[0m         
[36m(ClientAppActor pid=450336)[0m 
[36m(ClientAppActor pid=450336)[0m         
[36m(ClientAppActor pid=450344)[0m 
[36m(ClientAppActor pid=450344)[0m         
[36m(ClientAppActor pid=450346)[0m 
[36m(ClientAppActor pid=450346)[0m         
[36m(ClientAppActor pid=450349)[0m 
[36m(ClientAppActor pid=450349)[0m         
[36m(ClientAppActor pid=450350)[0m 
[36m(ClientAppActor pid=450350)[0m         
[36m(ClientAppActor pid=450347)[0m 
[36m(ClientAppActor pid=450347)[0m         
[92mINFO [0m:      aggregate_evaluate: received 10 results and 0 failures
[92mINFO [0m:      
[92mINFO [0m:      [ROUND 26]
[92mINFO [0m:      configure_fit: strategy sampled 10 clients (out of 10)
[36m(ClientAppActor pid=450351)[0m 
[36m(ClientAppActor pid=450351)[0m         
[36m(ClientAppActor pid=450351)[0m 
[36m(ClientAppActor pid=450351)[0m         
[36m(ClientAppActor pid=450347)[0m 
[36m(ClientAppActor pid=450347)[0m         
[36m(ClientAppActor pid=450346)[0m 
[36m(ClientAppActor pid=450346)[0m         
[36m(ClientAppActor pid=450350)[0m 
[36m(ClientAppActor pid=450350)[0m         
[36m(ClientAppActor pid=450348)[0m 
[36m(ClientAppActor pid=450348)[0m         
[36m(ClientAppActor pid=450337)[0m 
[36m(ClientAppActor pid=450337)[0m         
[36m(ClientAppActor pid=450345)[0m 
[36m(ClientAppActor pid=450345)[0m         
[36m(ClientAppActor pid=450336)[0m 
[36m(ClientAppActor pid=450336)[0m         
[36m(ClientAppActor pid=450349)[0m 
[36m(ClientAppActor pid=450349)[0m         
[36m(ClientAppActor pid=450344)[0m 
[36m(ClientAppActor pid=450344)[0m         
[36m(ClientAppActor pid=450348)[0m /home/bk489/federated_clean/cleanest_federated/fl-dermamnist-starter/data/download.py:27: UserWarning: The given NumPy array is not writable, and PyTorch does not support non-writable tensors. This means writing to this tensor will result in undefined behavior. You may want to copy the array to protect its data or make it writable before converting it to a tensor. This type of warning will be suppressed for the rest of this program. (Triggered internally at /pytorch/torch/csrc/utils/tensor_numpy.cpp:203.)[32m [repeated 216x across cluster][0m
[36m(ClientAppActor pid=450348)[0m   tensor = torch.as_tensor(image)[32m [repeated 216x across cluster][0m
[92mINFO [0m:      aggregate_fit: received 10 results and 0 failures
[92mINFO [0m:      fit progress: (26, 0.7468614700665384, {'accuracy': 0.715852442671984, 'balanced_accuracy': 0.25924463957250843, 'macro_f1': 0.25101425245786063, 'worst_class_f1': 0.0, 'worst_class_recall': 0.0, 'f1_actinic_keratoses_an': 0.3373493975903614, 'recall_actinic_keratoses_an': 0.42424242424242425, 'f1_basal_cell_carcinoma': 0.0, 'recall_basal_cell_carcinoma': 0.0, 'f1_benign_keratosis-lik': 0.4235294117647059, 'recall_benign_keratosis-lik': 0.32727272727272727, 'f1_dermatofibroma': 0.0, 'recall_dermatofibroma': 0.0, 'f1_melanoma': 0.14754098360655737, 'recall_melanoma': 0.08108108108108109, 'f1_melanocytic_nevi': 0.8486799742433999, 'recall_melanocytic_nevi': 0.9821162444113264, 'f1_vascular_lesions': 0.0, 'recall_vascular_lesions': 0.0}, 83.26171238499228)
[92mINFO [0m:      configure_evaluate: strategy sampled 10 clients (out of 10)
[36m(ClientAppActor pid=450348)[0m 
[36m(ClientAppActor pid=450348)[0m         
[36m(ClientAppActor pid=450349)[0m 
[36m(ClientAppActor pid=450349)[0m         
[36m(ClientAppActor pid=450346)[0m 
[36m(ClientAppActor pid=450346)[0m         
[36m(ClientAppActor pid=450351)[0m 
[36m(ClientAppActor pid=450351)[0m         
[36m(ClientAppActor pid=450350)[0m 
[36m(ClientAppActor pid=450350)[0m         
[36m(ClientAppActor pid=450347)[0m 
[36m(ClientAppActor pid=450347)[0m         
[36m(ClientAppActor pid=450337)[0m 
[36m(ClientAppActor pid=450337)[0m         
[36m(ClientAppActor pid=450345)[0m 
[36m(ClientAppActor pid=450345)[0m         
[36m(ClientAppActor pid=450336)[0m 
[36m(ClientAppActor pid=450336)[0m         
[36m(ClientAppActor pid=450344)[0m 
[36m(ClientAppActor pid=450344)[0m         
[92mINFO [0m:      aggregate_evaluate: received 10 results and 0 failures
[92mINFO [0m:      
[92mINFO [0m:      [ROUND 27]
[92mINFO [0m:      configure_fit: strategy sampled 10 clients (out of 10)
[36m(ClientAppActor pid=450346)[0m 
[36m(ClientAppActor pid=450346)[0m         
[36m(ClientAppActor pid=450351)[0m 
[36m(ClientAppActor pid=450351)[0m         
[36m(ClientAppActor pid=450350)[0m 
[36m(ClientAppActor pid=450350)[0m         
[36m(ClientAppActor pid=450348)[0m 
[36m(ClientAppActor pid=450348)[0m         
[36m(ClientAppActor pid=450347)[0m 
[36m(ClientAppActor pid=450347)[0m         
[36m(ClientAppActor pid=450337)[0m 
[36m(ClientAppActor pid=450337)[0m         
[36m(ClientAppActor pid=450345)[0m 
[36m(ClientAppActor pid=450345)[0m         
[36m(ClientAppActor pid=450336)[0m 
[36m(ClientAppActor pid=450336)[0m         
[36m(ClientAppActor pid=450344)[0m 
[36m(ClientAppActor pid=450344)[0m         
[36m(ClientAppActor pid=450349)[0m 
[36m(ClientAppActor pid=450349)[0m         
[36m(ClientAppActor pid=450349)[0m [93mWARNING [0m:   DEPRECATED FEATURE: `client_fn` now expects a signature `def client_fn(context: Context)`.The provided `client_fn` has signature: {'cid': <Parameter "cid: 'str'">}. You can import the `Context` like this: `from flwr.common import Context`[32m [repeated 39x across cluster][0m
[36m(ClientAppActor pid=450349)[0m             This is a deprecated feature. It will be removed[32m [repeated 39x across cluster][0m
[36m(ClientAppActor pid=450349)[0m             entirely in future versions of Flower.[32m [repeated 39x across cluster][0m
[36m(ClientAppActor pid=450344)[0m /home/bk489/federated_clean/cleanest_federated/fl-dermamnist-starter/metrics/evaluation.py:68: UserWarning: AUROC set to NaN because present classes are [2, 4, 5], expected [0, 1, 2, 3, 4, 5, 6][32m [repeated 20x across cluster][0m
[36m(ClientAppActor pid=450344)[0m   warnings.warn(f'AUROC set to NaN because present classes are {present_classes}, expected {labels}')[32m [repeated 20x across cluster][0m
[36m(ClientAppActor pid=450346)[0m /home/bk489/federated_clean/.venv/lib/python3.9/site-packages/sklearn/metrics/_classification.py:2524: UserWarning: y_pred contains classes not in y_true[32m [repeated 10x across cluster][0m
[36m(ClientAppActor pid=450346)[0m   warnings.warn("y_pred contains classes not in y_true")[32m [repeated 10x across cluster][0m
[92mINFO [0m:      aggregate_fit: received 10 results and 0 failures
[92mINFO [0m:      fit progress: (27, 0.7574098347904438, {'accuracy': 0.7168494516450648, 'balanced_accuracy': 0.24214612739202904, 'macro_f1': 0.24535455304681802, 'worst_class_f1': 0.0, 'worst_class_recall': 0.0, 'f1_actinic_keratoses_an': 0.2903225806451613, 'recall_actinic_keratoses_an': 0.2727272727272727, 'f1_basal_cell_carcinoma': 0.0, 'recall_basal_cell_carcinoma': 0.0, 'f1_benign_keratosis-lik': 0.449438202247191, 'recall_benign_keratosis-lik': 0.36363636363636365, 'f1_dermatofibroma': 0.0, 'recall_dermatofibroma': 0.0, 'f1_melanoma': 0.13333333333333333, 'recall_melanoma': 0.07207207207207207, 'f1_melanocytic_nevi': 0.8443877551020408, 'recall_melanocytic_nevi': 0.9865871833084948, 'f1_vascular_lesions': 0.0, 'recall_vascular_lesions': 0.0}, 86.19866637999075)
[92mINFO [0m:      configure_evaluate: strategy sampled 10 clients (out of 10)
[36m(ClientAppActor pid=450346)[0m 
[36m(ClientAppActor pid=450346)[0m         
[36m(ClientAppActor pid=450350)[0m 
[36m(ClientAppActor pid=450350)[0m         
[36m(ClientAppActor pid=450348)[0m 
[36m(ClientAppActor pid=450348)[0m         
[36m(ClientAppActor pid=450347)[0m 
[36m(ClientAppActor pid=450347)[0m         
[36m(ClientAppActor pid=450337)[0m 
[36m(ClientAppActor pid=450337)[0m         
[36m(ClientAppActor pid=450345)[0m 
[36m(ClientAppActor pid=450345)[0m         
[36m(ClientAppActor pid=450336)[0m 
[36m(ClientAppActor pid=450336)[0m         
[36m(ClientAppActor pid=450349)[0m 
[36m(ClientAppActor pid=450349)[0m         
[36m(ClientAppActor pid=450344)[0m 
[36m(ClientAppActor pid=450344)[0m         
[36m(ClientAppActor pid=450351)[0m 
[36m(ClientAppActor pid=450351)[0m         
[92mINFO [0m:      aggregate_evaluate: received 10 results and 0 failures
[92mINFO [0m:      
[92mINFO [0m:      [ROUND 28]
[92mINFO [0m:      configure_fit: strategy sampled 10 clients (out of 10)
[36m(ClientAppActor pid=450351)[0m 
[36m(ClientAppActor pid=450351)[0m         
[36m(ClientAppActor pid=450348)[0m 
[36m(ClientAppActor pid=450348)[0m         
[36m(ClientAppActor pid=450345)[0m 
[36m(ClientAppActor pid=450345)[0m         
[36m(ClientAppActor pid=450344)[0m 
[36m(ClientAppActor pid=450344)[0m         
[36m(ClientAppActor pid=450349)[0m 
[36m(ClientAppActor pid=450349)[0m         
[36m(ClientAppActor pid=450347)[0m 
[36m(ClientAppActor pid=450347)[0m         
[36m(ClientAppActor pid=450346)[0m 
[36m(ClientAppActor pid=450346)[0m         
[36m(ClientAppActor pid=450350)[0m 
[36m(ClientAppActor pid=450350)[0m         
[36m(ClientAppActor pid=450337)[0m 
[36m(ClientAppActor pid=450337)[0m         
[36m(ClientAppActor pid=450336)[0m 
[36m(ClientAppActor pid=450336)[0m         
[36m(ClientAppActor pid=450347)[0m /home/bk489/federated_clean/cleanest_federated/fl-dermamnist-starter/data/download.py:27: UserWarning: The given NumPy array is not writable, and PyTorch does not support non-writable tensors. This means writing to this tensor will result in undefined behavior. You may want to copy the array to protect its data or make it writable before converting it to a tensor. This type of warning will be suppressed for the rest of this program. (Triggered internally at /pytorch/torch/csrc/utils/tensor_numpy.cpp:203.)[32m [repeated 198x across cluster][0m
[36m(ClientAppActor pid=450347)[0m   tensor = torch.as_tensor(image)[32m [repeated 198x across cluster][0m
[92mINFO [0m:      aggregate_fit: received 10 results and 0 failures
[92mINFO [0m:      fit progress: (28, 0.7629294616512857, {'accuracy': 0.7108673978065803, 'balanced_accuracy': 0.23214722067181084, 'macro_f1': 0.24381550689125356, 'worst_class_f1': 0.0, 'worst_class_recall': 0.0, 'f1_actinic_keratoses_an': 0.3333333333333333, 'recall_actinic_keratoses_an': 0.2727272727272727, 'f1_basal_cell_carcinoma': 0.0, 'recall_basal_cell_carcinoma': 0.0, 'f1_benign_keratosis-lik': 0.3625, 'recall_benign_keratosis-lik': 0.2636363636363636, 'f1_dermatofibroma': 0.0, 'recall_dermatofibroma': 0.0, 'f1_melanoma': 0.1746031746031746, 'recall_melanoma': 0.0990990990990991, 'f1_melanocytic_nevi': 0.836272040302267, 'recall_melanocytic_nevi': 0.9895678092399404, 'f1_vascular_lesions': 0.0, 'recall_vascular_lesions': 0.0}, 89.23054077499546)
[92mINFO [0m:      configure_evaluate: strategy sampled 10 clients (out of 10)
[36m(ClientAppActor pid=450346)[0m 
[36m(ClientAppActor pid=450346)[0m         
[36m(ClientAppActor pid=450351)[0m 
[36m(ClientAppActor pid=450351)[0m         
[36m(ClientAppActor pid=450350)[0m 
[36m(ClientAppActor pid=450350)[0m         
[36m(ClientAppActor pid=450348)[0m 
[36m(ClientAppActor pid=450348)[0m         
[36m(ClientAppActor pid=450347)[0m 
[36m(ClientAppActor pid=450347)[0m         
[36m(ClientAppActor pid=450337)[0m 
[36m(ClientAppActor pid=450337)[0m         
[36m(ClientAppActor pid=450345)[0m 
[36m(ClientAppActor pid=450345)[0m         
[36m(ClientAppActor pid=450336)[0m 
[36m(ClientAppActor pid=450336)[0m         
[36m(ClientAppActor pid=450349)[0m 
[36m(ClientAppActor pid=450349)[0m         
[36m(ClientAppActor pid=450344)[0m 
[36m(ClientAppActor pid=450344)[0m         
[92mINFO [0m:      aggregate_evaluate: received 10 results and 0 failures
[92mINFO [0m:      
[92mINFO [0m:      [ROUND 29]
[92mINFO [0m:      configure_fit: strategy sampled 10 clients (out of 10)
[36m(ClientAppActor pid=450346)[0m 
[36m(ClientAppActor pid=450346)[0m         
[36m(ClientAppActor pid=450351)[0m 
[36m(ClientAppActor pid=450351)[0m         
[36m(ClientAppActor pid=450350)[0m 
[36m(ClientAppActor pid=450350)[0m         
[36m(ClientAppActor pid=450348)[0m 
[36m(ClientAppActor pid=450348)[0m         
[36m(ClientAppActor pid=450347)[0m 
[36m(ClientAppActor pid=450347)[0m         
[36m(ClientAppActor pid=450337)[0m 
[36m(ClientAppActor pid=450337)[0m         
[36m(ClientAppActor pid=450345)[0m 
[36m(ClientAppActor pid=450345)[0m         
[36m(ClientAppActor pid=450336)[0m 
[36m(ClientAppActor pid=450336)[0m         
[36m(ClientAppActor pid=450349)[0m 
[36m(ClientAppActor pid=450349)[0m         
[36m(ClientAppActor pid=450344)[0m 
[36m(ClientAppActor pid=450344)[0m         
[36m(ClientAppActor pid=450344)[0m [93mWARNING [0m:   DEPRECATED FEATURE: `client_fn` now expects a signature `def client_fn(context: Context)`.The provided `client_fn` has signature: {'cid': <Parameter "cid: 'str'">}. You can import the `Context` like this: `from flwr.common import Context`[32m [repeated 40x across cluster][0m
[36m(ClientAppActor pid=450344)[0m             This is a deprecated feature. It will be removed[32m [repeated 40x across cluster][0m
[36m(ClientAppActor pid=450344)[0m             entirely in future versions of Flower.[32m [repeated 40x across cluster][0m
[36m(ClientAppActor pid=450345)[0m /home/bk489/federated_clean/cleanest_federated/fl-dermamnist-starter/metrics/evaluation.py:68: UserWarning: AUROC set to NaN because present classes are [0, 1, 4, 5], expected [0, 1, 2, 3, 4, 5, 6][32m [repeated 20x across cluster][0m
[36m(ClientAppActor pid=450345)[0m   warnings.warn(f'AUROC set to NaN because present classes are {present_classes}, expected {labels}')[32m [repeated 20x across cluster][0m
[36m(ClientAppActor pid=450345)[0m /home/bk489/federated_clean/.venv/lib/python3.9/site-packages/sklearn/metrics/_classification.py:2524: UserWarning: y_pred contains classes not in y_true[32m [repeated 10x across cluster][0m
[36m(ClientAppActor pid=450345)[0m   warnings.warn("y_pred contains classes not in y_true")[32m [repeated 10x across cluster][0m
[92mINFO [0m:      aggregate_fit: received 10 results and 0 failures
[92mINFO [0m:      fit progress: (29, 0.7590126338176214, {'accuracy': 0.7218344965104686, 'balanced_accuracy': 0.26945894159008915, 'macro_f1': 0.2589973263999183, 'worst_class_f1': 0.0, 'worst_class_recall': 0.0, 'f1_actinic_keratoses_an': 0.34210526315789475, 'recall_actinic_keratoses_an': 0.3939393939393939, 'f1_basal_cell_carcinoma': 0.0, 'recall_basal_cell_carcinoma': 0.0, 'f1_benign_keratosis-lik': 0.5, 'recall_benign_keratosis-lik': 0.45454545454545453, 'f1_dermatofibroma': 0.0, 'recall_dermatofibroma': 0.0, 'f1_melanoma': 0.11764705882352941, 'recall_melanoma': 0.06306306306306306, 'f1_melanocytic_nevi': 0.8532289628180039, 'recall_melanocytic_nevi': 0.9746646795827124, 'f1_vascular_lesions': 0.0, 'recall_vascular_lesions': 0.0}, 92.12643418301013)
[92mINFO [0m:      configure_evaluate: strategy sampled 10 clients (out of 10)
[36m(ClientAppActor pid=450346)[0m 
[36m(ClientAppActor pid=450346)[0m         
[36m(ClientAppActor pid=450350)[0m 
[36m(ClientAppActor pid=450350)[0m         
[36m(ClientAppActor pid=450347)[0m 
[36m(ClientAppActor pid=450347)[0m         
[36m(ClientAppActor pid=450345)[0m 
[36m(ClientAppActor pid=450345)[0m         
[36m(ClientAppActor pid=450349)[0m 
[36m(ClientAppActor pid=450349)[0m         
[36m(ClientAppActor pid=450344)[0m 
[36m(ClientAppActor pid=450344)[0m         
[36m(ClientAppActor pid=450337)[0m 
[36m(ClientAppActor pid=450337)[0m         
[36m(ClientAppActor pid=450351)[0m 
[36m(ClientAppActor pid=450351)[0m         
[36m(ClientAppActor pid=450348)[0m 
[36m(ClientAppActor pid=450348)[0m         
[36m(ClientAppActor pid=450336)[0m 
[36m(ClientAppActor pid=450336)[0m         
[92mINFO [0m:      aggregate_evaluate: received 10 results and 0 failures
[92mINFO [0m:      
[92mINFO [0m:      [ROUND 30]
[92mINFO [0m:      configure_fit: strategy sampled 10 clients (out of 10)
[36m(ClientAppActor pid=450351)[0m 
[36m(ClientAppActor pid=450351)[0m         
[36m(ClientAppActor pid=450348)[0m 
[36m(ClientAppActor pid=450348)[0m         
[36m(ClientAppActor pid=450347)[0m 
[36m(ClientAppActor pid=450347)[0m         
[36m(ClientAppActor pid=450337)[0m 
[36m(ClientAppActor pid=450337)[0m         
[36m(ClientAppActor pid=450336)[0m 
[36m(ClientAppActor pid=450336)[0m         
[36m(ClientAppActor pid=450349)[0m 
[36m(ClientAppActor pid=450349)[0m         
[36m(ClientAppActor pid=450346)[0m 
[36m(ClientAppActor pid=450346)[0m         
[36m(ClientAppActor pid=450344)[0m 
[36m(ClientAppActor pid=450344)[0m         
[36m(ClientAppActor pid=450345)[0m 
[36m(ClientAppActor pid=450345)[0m         
[36m(ClientAppActor pid=450350)[0m 
[36m(ClientAppActor pid=450350)[0m         
[36m(ClientAppActor pid=450346)[0m /home/bk489/federated_clean/cleanest_federated/fl-dermamnist-starter/data/download.py:27: UserWarning: The given NumPy array is not writable, and PyTorch does not support non-writable tensors. This means writing to this tensor will result in undefined behavior. You may want to copy the array to protect its data or make it writable before converting it to a tensor. This type of warning will be suppressed for the rest of this program. (Triggered internally at /pytorch/torch/csrc/utils/tensor_numpy.cpp:203.)[32m [repeated 160x across cluster][0m
[36m(ClientAppActor pid=450346)[0m   tensor = torch.as_tensor(image)[32m [repeated 160x across cluster][0m
[92mINFO [0m:      aggregate_fit: received 10 results and 0 failures
[92mINFO [0m:      fit progress: (30, 0.742624561843701, {'accuracy': 0.7208374875373879, 'balanced_accuracy': 0.26371174240026696, 'macro_f1': 0.2645572111156014, 'worst_class_f1': 0.0, 'worst_class_recall': 0.0, 'f1_actinic_keratoses_an': 0.35135135135135137, 'recall_actinic_keratoses_an': 0.3939393939393939, 'f1_basal_cell_carcinoma': 0.0, 'recall_basal_cell_carcinoma': 0.0, 'f1_benign_keratosis-lik': 0.4044943820224719, 'recall_benign_keratosis-lik': 0.32727272727272727, 'f1_dermatofibroma': 0.0, 'recall_dermatofibroma': 0.0, 'f1_melanoma': 0.24427480916030533, 'recall_melanoma': 0.14414414414414414, 'f1_melanocytic_nevi': 0.8517799352750809, 'recall_melanocytic_nevi': 0.9806259314456036, 'f1_vascular_lesions': 0.0, 'recall_vascular_lesions': 0.0}, 95.15206687600585)
[92mINFO [0m:      configure_evaluate: strategy sampled 10 clients (out of 10)
[36m(ClientAppActor pid=450351)[0m 
[36m(ClientAppActor pid=450351)[0m         
[36m(ClientAppActor pid=450349)[0m 
[36m(ClientAppActor pid=450349)[0m         
[36m(ClientAppActor pid=450345)[0m 
[36m(ClientAppActor pid=450345)[0m         
[36m(ClientAppActor pid=450346)[0m 
[36m(ClientAppActor pid=450346)[0m         
[36m(ClientAppActor pid=450350)[0m 
[36m(ClientAppActor pid=450350)[0m         
[36m(ClientAppActor pid=450348)[0m 
[36m(ClientAppActor pid=450348)[0m         
[36m(ClientAppActor pid=450347)[0m 
[36m(ClientAppActor pid=450347)[0m         
[36m(ClientAppActor pid=450337)[0m 
[36m(ClientAppActor pid=450337)[0m         
[36m(ClientAppActor pid=450336)[0m 
[36m(ClientAppActor pid=450336)[0m         
[36m(ClientAppActor pid=450344)[0m 
[36m(ClientAppActor pid=450344)[0m         
[92mINFO [0m:      aggregate_evaluate: received 10 results and 0 failures
[92mINFO [0m:      
[92mINFO [0m:      [ROUND 31]
[92mINFO [0m:      configure_fit: strategy sampled 10 clients (out of 10)
[36m(ClientAppActor pid=450346)[0m 
[36m(ClientAppActor pid=450346)[0m         
[36m(ClientAppActor pid=450350)[0m 
[36m(ClientAppActor pid=450350)[0m         
[36m(ClientAppActor pid=450348)[0m 
[36m(ClientAppActor pid=450348)[0m         
[36m(ClientAppActor pid=450347)[0m 
[36m(ClientAppActor pid=450347)[0m         
[36m(ClientAppActor pid=450337)[0m 
[36m(ClientAppActor pid=450337)[0m         
[36m(ClientAppActor pid=450345)[0m 
[36m(ClientAppActor pid=450345)[0m         
[36m(ClientAppActor pid=450336)[0m 
[36m(ClientAppActor pid=450336)[0m         
[36m(ClientAppActor pid=450344)[0m 
[36m(ClientAppActor pid=450344)[0m         
[36m(ClientAppActor pid=450351)[0m 
[36m(ClientAppActor pid=450351)[0m         
[36m(ClientAppActor pid=450349)[0m 
[36m(ClientAppActor pid=450349)[0m         
[36m(ClientAppActor pid=450349)[0m [93mWARNING [0m:   DEPRECATED FEATURE: `client_fn` now expects a signature `def client_fn(context: Context)`.The provided `client_fn` has signature: {'cid': <Parameter "cid: 'str'">}. You can import the `Context` like this: `from flwr.common import Context`[32m [repeated 40x across cluster][0m
[36m(ClientAppActor pid=450349)[0m             This is a deprecated feature. It will be removed[32m [repeated 40x across cluster][0m
[36m(ClientAppActor pid=450349)[0m             entirely in future versions of Flower.[32m [repeated 40x across cluster][0m
[36m(ClientAppActor pid=450344)[0m /home/bk489/federated_clean/cleanest_federated/fl-dermamnist-starter/metrics/evaluation.py:68: UserWarning: AUROC set to NaN because present classes are [1, 4, 5], expected [0, 1, 2, 3, 4, 5, 6][32m [repeated 20x across cluster][0m
[36m(ClientAppActor pid=450344)[0m   warnings.warn(f'AUROC set to NaN because present classes are {present_classes}, expected {labels}')[32m [repeated 20x across cluster][0m
[36m(ClientAppActor pid=450344)[0m /home/bk489/federated_clean/.venv/lib/python3.9/site-packages/sklearn/metrics/_classification.py:2524: UserWarning: y_pred contains classes not in y_true[32m [repeated 10x across cluster][0m
[36m(ClientAppActor pid=450344)[0m   warnings.warn("y_pred contains classes not in y_true")[32m [repeated 10x across cluster][0m
[36m(ClientAppActor pid=450346)[0m /home/bk489/federated_clean/cleanest_federated/fl-dermamnist-starter/data/download.py:27: UserWarning: The given NumPy array is not writable, and PyTorch does not support non-writable tensors. This means writing to this tensor will result in undefined behavior. You may want to copy the array to protect its data or make it writable before converting it to a tensor. This type of warning will be suppressed for the rest of this program. (Triggered internally at /pytorch/torch/csrc/utils/tensor_numpy.cpp:203.)[32m [repeated 189x across cluster][0m
[36m(ClientAppActor pid=450346)[0m   tensor = torch.as_tensor(image)[32m [repeated 189x across cluster][0m
[92mINFO [0m:      aggregate_fit: received 10 results and 0 failures
[92mINFO [0m:      fit progress: (31, 0.7600986674680548, {'accuracy': 0.7198404785643071, 'balanced_accuracy': 0.262678825910676, 'macro_f1': 0.27266118765355407, 'worst_class_f1': 0.0, 'worst_class_recall': 0.0, 'f1_actinic_keratoses_an': 0.35135135135135137, 'recall_actinic_keratoses_an': 0.3939393939393939, 'f1_basal_cell_carcinoma': 0.0, 'recall_basal_cell_carcinoma': 0.0, 'f1_benign_keratosis-lik': 0.38461538461538464, 'recall_benign_keratosis-lik': 0.2727272727272727, 'f1_dermatofibroma': 0.0, 'recall_dermatofibroma': 0.0, 'f1_melanoma': 0.192, 'recall_melanoma': 0.10810810810810811, 'f1_melanocytic_nevi': 0.8473282442748091, 'recall_melanocytic_nevi': 0.992548435171386, 'f1_vascular_lesions': 0.13333333333333333, 'recall_vascular_lesions': 0.07142857142857142}, 98.09031097000116)
[92mINFO [0m:      configure_evaluate: strategy sampled 10 clients (out of 10)
[36m(ClientAppActor pid=450346)[0m 
[36m(ClientAppActor pid=450346)[0m         
[36m(ClientAppActor pid=450350)[0m 
[36m(ClientAppActor pid=450350)[0m         
[36m(ClientAppActor pid=450337)[0m 
[36m(ClientAppActor pid=450337)[0m         
[36m(ClientAppActor pid=450344)[0m 
[36m(ClientAppActor pid=450344)[0m         
[36m(ClientAppActor pid=450351)[0m 
[36m(ClientAppActor pid=450351)[0m         
[36m(ClientAppActor pid=450349)[0m 
[36m(ClientAppActor pid=450349)[0m         
[36m(ClientAppActor pid=450347)[0m 
[36m(ClientAppActor pid=450347)[0m         
[36m(ClientAppActor pid=450345)[0m 
[36m(ClientAppActor pid=450345)[0m         
[36m(ClientAppActor pid=450348)[0m 
[36m(ClientAppActor pid=450348)[0m         
[36m(ClientAppActor pid=450336)[0m 
[36m(ClientAppActor pid=450336)[0m         
[92mINFO [0m:      aggregate_evaluate: received 10 results and 0 failures
[92mINFO [0m:      
[92mINFO [0m:      [ROUND 32]
[92mINFO [0m:      configure_fit: strategy sampled 10 clients (out of 10)
[36m(ClientAppActor pid=450348)[0m 
[36m(ClientAppActor pid=450348)[0m         
[36m(ClientAppActor pid=450336)[0m 
[36m(ClientAppActor pid=450336)[0m         
[36m(ClientAppActor pid=450345)[0m 
[36m(ClientAppActor pid=450345)[0m         
[36m(ClientAppActor pid=450347)[0m 
[36m(ClientAppActor pid=450347)[0m         
[36m(ClientAppActor pid=450351)[0m 
[36m(ClientAppActor pid=450351)[0m         
[36m(ClientAppActor pid=450346)[0m 
[36m(ClientAppActor pid=450346)[0m         
[36m(ClientAppActor pid=450350)[0m 
[36m(ClientAppActor pid=450350)[0m         
[36m(ClientAppActor pid=450337)[0m 
[36m(ClientAppActor pid=450337)[0m         
[36m(ClientAppActor pid=450349)[0m 
[36m(ClientAppActor pid=450349)[0m         
[36m(ClientAppActor pid=450344)[0m 
[36m(ClientAppActor pid=450344)[0m         
[36m(ClientAppActor pid=450344)[0m [93mWARNING [0m:   DEPRECATED FEATURE: `client_fn` now expects a signature `def client_fn(context: Context)`.The provided `client_fn` has signature: {'cid': <Parameter "cid: 'str'">}. You can import the `Context` like this: `from flwr.common import Context`[32m [repeated 20x across cluster][0m
[36m(ClientAppActor pid=450344)[0m             This is a deprecated feature. It will be removed[32m [repeated 20x across cluster][0m
[36m(ClientAppActor pid=450344)[0m             entirely in future versions of Flower.[32m [repeated 20x across cluster][0m
[36m(ClientAppActor pid=450349)[0m /home/bk489/federated_clean/cleanest_federated/fl-dermamnist-starter/metrics/evaluation.py:68: UserWarning: AUROC set to NaN because present classes are [0, 1, 4], expected [0, 1, 2, 3, 4, 5, 6][32m [repeated 10x across cluster][0m
[36m(ClientAppActor pid=450349)[0m   warnings.warn(f'AUROC set to NaN because present classes are {present_classes}, expected {labels}')[32m [repeated 10x across cluster][0m
[36m(ClientAppActor pid=450349)[0m /home/bk489/federated_clean/.venv/lib/python3.9/site-packages/sklearn/metrics/_classification.py:2524: UserWarning: y_pred contains classes not in y_true[32m [repeated 5x across cluster][0m
[36m(ClientAppActor pid=450349)[0m   warnings.warn("y_pred contains classes not in y_true")[32m [repeated 5x across cluster][0m
[92mINFO [0m:      aggregate_fit: received 10 results and 0 failures
[92mINFO [0m:      fit progress: (32, 0.7667001441849074, {'accuracy': 0.7188434695912264, 'balanced_accuracy': 0.2607719158070446, 'macro_f1': 0.27043316276225904, 'worst_class_f1': 0.0, 'worst_class_recall': 0.0, 'f1_actinic_keratoses_an': 0.3283582089552239, 'recall_actinic_keratoses_an': 0.3333333333333333, 'f1_basal_cell_carcinoma': 0.0, 'recall_basal_cell_carcinoma': 0.0, 'f1_benign_keratosis-lik': 0.4198895027624309, 'recall_benign_keratosis-lik': 0.34545454545454546, 'f1_dermatofibroma': 0.0, 'recall_dermatofibroma': 0.0, 'f1_melanoma': 0.16129032258064516, 'recall_melanoma': 0.09009009009009009, 'f1_melanocytic_nevi': 0.85016077170418, 'recall_melanocytic_nevi': 0.9850968703427719, 'f1_vascular_lesions': 0.13333333333333333, 'recall_vascular_lesions': 0.07142857142857142}, 101.04502646499895)
[92mINFO [0m:      configure_evaluate: strategy sampled 10 clients (out of 10)
[36m(ClientAppActor pid=450346)[0m 
[36m(ClientAppActor pid=450346)[0m         
[36m(ClientAppActor pid=450351)[0m 
[36m(ClientAppActor pid=450351)[0m         
[36m(ClientAppActor pid=450350)[0m 
[36m(ClientAppActor pid=450350)[0m         
[36m(ClientAppActor pid=450348)[0m 
[36m(ClientAppActor pid=450348)[0m         
[36m(ClientAppActor pid=450347)[0m 
[36m(ClientAppActor pid=450347)[0m         
[36m(ClientAppActor pid=450337)[0m 
[36m(ClientAppActor pid=450337)[0m         
[36m(ClientAppActor pid=450345)[0m 
[36m(ClientAppActor pid=450345)[0m         
[36m(ClientAppActor pid=450336)[0m 
[36m(ClientAppActor pid=450336)[0m         
[36m(ClientAppActor pid=450349)[0m 
[36m(ClientAppActor pid=450349)[0m         
[36m(ClientAppActor pid=450344)[0m 
[36m(ClientAppActor pid=450344)[0m         
[92mINFO [0m:      aggregate_evaluate: received 10 results and 0 failures
[92mINFO [0m:      
[92mINFO [0m:      [ROUND 33]
[92mINFO [0m:      configure_fit: strategy sampled 10 clients (out of 10)
[36m(ClientAppActor pid=450351)[0m 
[36m(ClientAppActor pid=450351)[0m         
[36m(ClientAppActor pid=450348)[0m 
[36m(ClientAppActor pid=450348)[0m         
[36m(ClientAppActor pid=450345)[0m 
[36m(ClientAppActor pid=450345)[0m         
[36m(ClientAppActor pid=450336)[0m 
[36m(ClientAppActor pid=450336)[0m         
[36m(ClientAppActor pid=450349)[0m 
[36m(ClientAppActor pid=450349)[0m         
[36m(ClientAppActor pid=450344)[0m 
[36m(ClientAppActor pid=450344)[0m         
[36m(ClientAppActor pid=450337)[0m 
[36m(ClientAppActor pid=450337)[0m         
[36m(ClientAppActor pid=450346)[0m 
[36m(ClientAppActor pid=450346)[0m         
[36m(ClientAppActor pid=450347)[0m 
[36m(ClientAppActor pid=450347)[0m         
[36m(ClientAppActor pid=450350)[0m 
[36m(ClientAppActor pid=450350)[0m         
[36m(ClientAppActor pid=450346)[0m /home/bk489/federated_clean/cleanest_federated/fl-dermamnist-starter/data/download.py:27: UserWarning: The given NumPy array is not writable, and PyTorch does not support non-writable tensors. This means writing to this tensor will result in undefined behavior. You may want to copy the array to protect its data or make it writable before converting it to a tensor. This type of warning will be suppressed for the rest of this program. (Triggered internally at /pytorch/torch/csrc/utils/tensor_numpy.cpp:203.)[32m [repeated 208x across cluster][0m
[36m(ClientAppActor pid=450346)[0m   tensor = torch.as_tensor(image)[32m [repeated 208x across cluster][0m
[92mINFO [0m:      aggregate_fit: received 10 results and 0 failures
[92mINFO [0m:      fit progress: (33, 0.7505202517433395, {'accuracy': 0.7288135593220338, 'balanced_accuracy': 0.26052684577274743, 'macro_f1': 0.2808151704309509, 'worst_class_f1': 0.0, 'worst_class_recall': 0.0, 'f1_actinic_keratoses_an': 0.35714285714285715, 'recall_actinic_keratoses_an': 0.30303030303030304, 'f1_basal_cell_carcinoma': 0.0, 'recall_basal_cell_carcinoma': 0.0, 'f1_benign_keratosis-lik': 0.38509316770186336, 'recall_benign_keratosis-lik': 0.2818181818181818, 'f1_dermatofibroma': 0.0, 'recall_dermatofibroma': 0.0, 'f1_melanoma': 0.37583892617449666, 'recall_melanoma': 0.25225225225225223, 'f1_melanocytic_nevi': 0.8476312419974392, 'recall_melanocytic_nevi': 0.9865871833084948, 'f1_vascular_lesions': 0.0, 'recall_vascular_lesions': 0.0}, 103.94534330800525)
[92mINFO [0m:      configure_evaluate: strategy sampled 10 clients (out of 10)
[36m(ClientAppActor pid=450346)[0m 
[36m(ClientAppActor pid=450346)[0m         
[36m(ClientAppActor pid=450348)[0m 
[36m(ClientAppActor pid=450348)[0m         
[36m(ClientAppActor pid=450347)[0m 
[36m(ClientAppActor pid=450347)[0m         
[36m(ClientAppActor pid=450344)[0m 
[36m(ClientAppActor pid=450344)[0m         
[36m(ClientAppActor pid=450350)[0m 
[36m(ClientAppActor pid=450350)[0m         
[36m(ClientAppActor pid=450351)[0m 
[36m(ClientAppActor pid=450351)[0m         
[36m(ClientAppActor pid=450337)[0m 
[36m(ClientAppActor pid=450337)[0m         
[36m(ClientAppActor pid=450345)[0m 
[36m(ClientAppActor pid=450345)[0m         
[36m(ClientAppActor pid=450336)[0m 
[36m(ClientAppActor pid=450336)[0m         
[36m(ClientAppActor pid=450349)[0m 
[36m(ClientAppActor pid=450349)[0m         
[92mINFO [0m:      aggregate_evaluate: received 10 results and 0 failures
[92mINFO [0m:      
[92mINFO [0m:      [ROUND 34]
[92mINFO [0m:      configure_fit: strategy sampled 10 clients (out of 10)
[36m(ClientAppActor pid=450346)[0m 
[36m(ClientAppActor pid=450346)[0m         
[36m(ClientAppActor pid=450351)[0m 
[36m(ClientAppActor pid=450351)[0m         
[36m(ClientAppActor pid=450350)[0m 
[36m(ClientAppActor pid=450350)[0m         
[36m(ClientAppActor pid=450348)[0m 
[36m(ClientAppActor pid=450348)[0m         
[36m(ClientAppActor pid=450337)[0m 
[36m(ClientAppActor pid=450337)[0m         
[36m(ClientAppActor pid=450345)[0m 
[36m(ClientAppActor pid=450345)[0m         
[36m(ClientAppActor pid=450336)[0m 
[36m(ClientAppActor pid=450336)[0m         
[36m(ClientAppActor pid=450349)[0m 
[36m(ClientAppActor pid=450349)[0m         
[36m(ClientAppActor pid=450344)[0m 
[36m(ClientAppActor pid=450344)[0m         
[36m(ClientAppActor pid=450347)[0m 
[36m(ClientAppActor pid=450347)[0m         
[36m(ClientAppActor pid=450347)[0m [93mWARNING [0m:   DEPRECATED FEATURE: `client_fn` now expects a signature `def client_fn(context: Context)`.The provided `client_fn` has signature: {'cid': <Parameter "cid: 'str'">}. You can import the `Context` like this: `from flwr.common import Context`[32m [repeated 40x across cluster][0m
[36m(ClientAppActor pid=450347)[0m             This is a deprecated feature. It will be removed[32m [repeated 40x across cluster][0m
[36m(ClientAppActor pid=450347)[0m             entirely in future versions of Flower.[32m [repeated 40x across cluster][0m
[36m(ClientAppActor pid=450336)[0m /home/bk489/federated_clean/cleanest_federated/fl-dermamnist-starter/metrics/evaluation.py:68: UserWarning: AUROC set to NaN because present classes are [0, 1, 2, 4, 6], expected [0, 1, 2, 3, 4, 5, 6][32m [repeated 20x across cluster][0m
[36m(ClientAppActor pid=450336)[0m   warnings.warn(f'AUROC set to NaN because present classes are {present_classes}, expected {labels}')[32m [repeated 20x across cluster][0m
[36m(ClientAppActor pid=450336)[0m /home/bk489/federated_clean/.venv/lib/python3.9/site-packages/sklearn/metrics/_classification.py:2524: UserWarning: y_pred contains classes not in y_true[32m [repeated 10x across cluster][0m
[36m(ClientAppActor pid=450336)[0m   warnings.warn("y_pred contains classes not in y_true")[32m [repeated 10x across cluster][0m
[92mINFO [0m:      aggregate_fit: received 10 results and 0 failures
[92mINFO [0m:      fit progress: (34, 0.7278141586754401, {'accuracy': 0.7238285144566301, 'balanced_accuracy': 0.2723854241418644, 'macro_f1': 0.28484671272310746, 'worst_class_f1': 0.0, 'worst_class_recall': 0.0, 'f1_actinic_keratoses_an': 0.3333333333333333, 'recall_actinic_keratoses_an': 0.36363636363636365, 'f1_basal_cell_carcinoma': 0.0, 'recall_basal_cell_carcinoma': 0.0, 'f1_benign_keratosis-lik': 0.42045454545454547, 'recall_benign_keratosis-lik': 0.33636363636363636, 'f1_dermatofibroma': 0.0, 'recall_dermatofibroma': 0.0, 'f1_melanoma': 0.2537313432835821, 'recall_melanoma': 0.15315315315315314, 'f1_melanocytic_nevi': 0.8530744336569579, 'recall_melanocytic_nevi': 0.9821162444113264, 'f1_vascular_lesions': 0.13333333333333333, 'recall_vascular_lesions': 0.07142857142857142}, 106.8923539929965)
[92mINFO [0m:      configure_evaluate: strategy sampled 10 clients (out of 10)
[36m(ClientAppActor pid=450348)[0m 
[36m(ClientAppActor pid=450348)[0m         
[36m(ClientAppActor pid=450337)[0m 
[36m(ClientAppActor pid=450337)[0m         
[36m(ClientAppActor pid=450346)[0m 
[36m(ClientAppActor pid=450346)[0m         
[36m(ClientAppActor pid=450349)[0m 
[36m(ClientAppActor pid=450349)[0m         
[36m(ClientAppActor pid=450347)[0m 
[36m(ClientAppActor pid=450347)[0m         
[36m(ClientAppActor pid=450351)[0m 
[36m(ClientAppActor pid=450351)[0m         
[36m(ClientAppActor pid=450350)[0m 
[36m(ClientAppActor pid=450350)[0m         
[36m(ClientAppActor pid=450345)[0m 
[36m(ClientAppActor pid=450345)[0m         
[36m(ClientAppActor pid=450336)[0m 
[36m(ClientAppActor pid=450336)[0m         
[36m(ClientAppActor pid=450344)[0m 
[36m(ClientAppActor pid=450344)[0m         
[92mINFO [0m:      aggregate_evaluate: received 10 results and 0 failures
[92mINFO [0m:      
[92mINFO [0m:      [ROUND 35]
[92mINFO [0m:      configure_fit: strategy sampled 10 clients (out of 10)
[36m(ClientAppActor pid=450346)[0m 
[36m(ClientAppActor pid=450346)[0m         
[36m(ClientAppActor pid=450351)[0m 
[36m(ClientAppActor pid=450351)[0m         
[36m(ClientAppActor pid=450350)[0m 
[36m(ClientAppActor pid=450350)[0m         
[36m(ClientAppActor pid=450348)[0m 
[36m(ClientAppActor pid=450348)[0m         
[36m(ClientAppActor pid=450347)[0m 
[36m(ClientAppActor pid=450347)[0m         
[36m(ClientAppActor pid=450337)[0m 
[36m(ClientAppActor pid=450337)[0m         
[36m(ClientAppActor pid=450345)[0m 
[36m(ClientAppActor pid=450345)[0m         
[36m(ClientAppActor pid=450336)[0m 
[36m(ClientAppActor pid=450336)[0m         
[36m(ClientAppActor pid=450349)[0m 
[36m(ClientAppActor pid=450349)[0m         
[36m(ClientAppActor pid=450344)[0m 
[36m(ClientAppActor pid=450344)[0m         
[36m(ClientAppActor pid=450351)[0m /home/bk489/federated_clean/cleanest_federated/fl-dermamnist-starter/data/download.py:27: UserWarning: The given NumPy array is not writable, and PyTorch does not support non-writable tensors. This means writing to this tensor will result in undefined behavior. You may want to copy the array to protect its data or make it writable before converting it to a tensor. This type of warning will be suppressed for the rest of this program. (Triggered internally at /pytorch/torch/csrc/utils/tensor_numpy.cpp:203.)[32m [repeated 192x across cluster][0m
[36m(ClientAppActor pid=450351)[0m   tensor = torch.as_tensor(image)[32m [repeated 192x across cluster][0m
[92mINFO [0m:      aggregate_fit: received 10 results and 0 failures
[92mINFO [0m:      fit progress: (35, 0.748042420280776, {'accuracy': 0.7148554336989033, 'balanced_accuracy': 0.2537245356917488, 'macro_f1': 0.25455077135749404, 'worst_class_f1': 0.0, 'worst_class_recall': 0.0, 'f1_actinic_keratoses_an': 0.3333333333333333, 'recall_actinic_keratoses_an': 0.3939393939393939, 'f1_basal_cell_carcinoma': 0.0, 'recall_basal_cell_carcinoma': 0.0, 'f1_benign_keratosis-lik': 0.33766233766233766, 'recall_benign_keratosis-lik': 0.23636363636363636, 'f1_dermatofibroma': 0.0, 'recall_dermatofibroma': 0.0, 'f1_melanoma': 0.2647058823529412, 'recall_melanoma': 0.16216216216216217, 'f1_melanocytic_nevi': 0.8461538461538461, 'recall_melanocytic_nevi': 0.9836065573770492, 'f1_vascular_lesions': 0.0, 'recall_vascular_lesions': 0.0}, 109.84742898499826)
[92mINFO [0m:      configure_evaluate: strategy sampled 10 clients (out of 10)
[36m(ClientAppActor pid=450346)[0m 
[36m(ClientAppActor pid=450346)[0m         
[36m(ClientAppActor pid=450351)[0m 
[36m(ClientAppActor pid=450351)[0m         
[36m(ClientAppActor pid=450350)[0m 
[36m(ClientAppActor pid=450350)[0m         
[36m(ClientAppActor pid=450348)[0m 
[36m(ClientAppActor pid=450348)[0m         
[36m(ClientAppActor pid=450347)[0m 
[36m(ClientAppActor pid=450347)[0m         
[36m(ClientAppActor pid=450337)[0m 
[36m(ClientAppActor pid=450337)[0m         
[36m(ClientAppActor pid=450345)[0m 
[36m(ClientAppActor pid=450345)[0m         
[36m(ClientAppActor pid=450336)[0m 
[36m(ClientAppActor pid=450336)[0m         
[36m(ClientAppActor pid=450349)[0m 
[36m(ClientAppActor pid=450349)[0m         
[36m(ClientAppActor pid=450344)[0m 
[36m(ClientAppActor pid=450344)[0m         
[92mINFO [0m:      aggregate_evaluate: received 10 results and 0 failures
[92mINFO [0m:      
[92mINFO [0m:      [ROUND 36]
[92mINFO [0m:      configure_fit: strategy sampled 10 clients (out of 10)
[36m(ClientAppActor pid=450346)[0m 
[36m(ClientAppActor pid=450346)[0m         
[36m(ClientAppActor pid=450351)[0m 
[36m(ClientAppActor pid=450351)[0m         
[36m(ClientAppActor pid=450350)[0m 
[36m(ClientAppActor pid=450350)[0m         
[36m(ClientAppActor pid=450348)[0m 
[36m(ClientAppActor pid=450348)[0m         
[36m(ClientAppActor pid=450337)[0m 
[36m(ClientAppActor pid=450337)[0m         
[36m(ClientAppActor pid=450345)[0m 
[36m(ClientAppActor pid=450345)[0m         
[36m(ClientAppActor pid=450336)[0m 
[36m(ClientAppActor pid=450336)[0m         
[36m(ClientAppActor pid=450349)[0m 
[36m(ClientAppActor pid=450349)[0m         
[36m(ClientAppActor pid=450344)[0m 
[36m(ClientAppActor pid=450344)[0m         
[36m(ClientAppActor pid=450347)[0m 
[36m(ClientAppActor pid=450347)[0m         
[36m(ClientAppActor pid=450347)[0m [93mWARNING [0m:   DEPRECATED FEATURE: `client_fn` now expects a signature `def client_fn(context: Context)`.The provided `client_fn` has signature: {'cid': <Parameter "cid: 'str'">}. You can import the `Context` like this: `from flwr.common import Context`[32m [repeated 40x across cluster][0m
[36m(ClientAppActor pid=450347)[0m             This is a deprecated feature. It will be removed[32m [repeated 40x across cluster][0m
[36m(ClientAppActor pid=450347)[0m             entirely in future versions of Flower.[32m [repeated 40x across cluster][0m
[36m(ClientAppActor pid=450344)[0m /home/bk489/federated_clean/cleanest_federated/fl-dermamnist-starter/metrics/evaluation.py:68: UserWarning: AUROC set to NaN because present classes are [0, 2, 3, 4, 5, 6], expected [0, 1, 2, 3, 4, 5, 6][32m [repeated 20x across cluster][0m
[36m(ClientAppActor pid=450344)[0m   warnings.warn(f'AUROC set to NaN because present classes are {present_classes}, expected {labels}')[32m [repeated 20x across cluster][0m
[36m(ClientAppActor pid=450337)[0m /home/bk489/federated_clean/.venv/lib/python3.9/site-packages/sklearn/metrics/_classification.py:2524: UserWarning: y_pred contains classes not in y_true[32m [repeated 10x across cluster][0m
[36m(ClientAppActor pid=450337)[0m   warnings.warn("y_pred contains classes not in y_true")[32m [repeated 10x across cluster][0m
[92mINFO [0m:      aggregate_fit: received 10 results and 0 failures
[92mINFO [0m:      fit progress: (36, 0.7194005611054562, {'accuracy': 0.732801595214357, 'balanced_accuracy': 0.2893909664401467, 'macro_f1': 0.284444684733025, 'worst_class_f1': 0.0, 'worst_class_recall': 0.0, 'f1_actinic_keratoses_an': 0.35555555555555557, 'recall_actinic_keratoses_an': 0.48484848484848486, 'f1_basal_cell_carcinoma': 0.0, 'recall_basal_cell_carcinoma': 0.0, 'f1_benign_keratosis-lik': 0.4482758620689655, 'recall_benign_keratosis-lik': 0.35454545454545455, 'f1_dermatofibroma': 0.0, 'recall_dermatofibroma': 0.0, 'f1_melanoma': 0.323943661971831, 'recall_melanoma': 0.2072072072072072, 'f1_melanocytic_nevi': 0.8633377135348226, 'recall_melanocytic_nevi': 0.9791356184798807, 'f1_vascular_lesions': 0.0, 'recall_vascular_lesions': 0.0}, 112.783194499003)
[92mINFO [0m:      configure_evaluate: strategy sampled 10 clients (out of 10)
[36m(ClientAppActor pid=450350)[0m 
[36m(ClientAppActor pid=450350)[0m         
[36m(ClientAppActor pid=450345)[0m 
[36m(ClientAppActor pid=450345)[0m         
[36m(ClientAppActor pid=450349)[0m 
[36m(ClientAppActor pid=450349)[0m         
[36m(ClientAppActor pid=450344)[0m 
[36m(ClientAppActor pid=450344)[0m         
[36m(ClientAppActor pid=450346)[0m 
[36m(ClientAppActor pid=450346)[0m         
[36m(ClientAppActor pid=450346)[0m /home/bk489/federated_clean/cleanest_federated/fl-dermamnist-starter/data/download.py:27: UserWarning: The given NumPy array is not writable, and PyTorch does not support non-writable tensors. This means writing to this tensor will result in undefined behavior. You may want to copy the array to protect its data or make it writable before converting it to a tensor. This type of warning will be suppressed for the rest of this program. (Triggered internally at /pytorch/torch/csrc/utils/tensor_numpy.cpp:203.)[32m [repeated 147x across cluster][0m
[36m(ClientAppActor pid=450346)[0m   tensor = torch.as_tensor(image)[32m [repeated 147x across cluster][0m
[36m(ClientAppActor pid=450351)[0m 
[36m(ClientAppActor pid=450351)[0m         
[36m(ClientAppActor pid=450348)[0m 
[36m(ClientAppActor pid=450348)[0m         
[36m(ClientAppActor pid=450347)[0m 
[36m(ClientAppActor pid=450347)[0m         
[36m(ClientAppActor pid=450337)[0m 
[36m(ClientAppActor pid=450337)[0m         
[36m(ClientAppActor pid=450336)[0m 
[36m(ClientAppActor pid=450336)[0m         
[92mINFO [0m:      aggregate_evaluate: received 10 results and 0 failures
[92mINFO [0m:      
[92mINFO [0m:      [ROUND 37]
[92mINFO [0m:      configure_fit: strategy sampled 10 clients (out of 10)
[36m(ClientAppActor pid=450346)[0m 
[36m(ClientAppActor pid=450346)[0m         
[36m(ClientAppActor pid=450351)[0m 
[36m(ClientAppActor pid=450351)[0m         
[36m(ClientAppActor pid=450348)[0m 
[36m(ClientAppActor pid=450348)[0m         
[36m(ClientAppActor pid=450347)[0m 
[36m(ClientAppActor pid=450347)[0m         
[36m(ClientAppActor pid=450337)[0m 
[36m(ClientAppActor pid=450337)[0m         
[36m(ClientAppActor pid=450345)[0m 
[36m(ClientAppActor pid=450345)[0m         
[36m(ClientAppActor pid=450336)[0m 
[36m(ClientAppActor pid=450336)[0m         
[36m(ClientAppActor pid=450349)[0m 
[36m(ClientAppActor pid=450349)[0m         
[36m(ClientAppActor pid=450344)[0m 
[36m(ClientAppActor pid=450344)[0m         
[36m(ClientAppActor pid=450350)[0m 
[36m(ClientAppActor pid=450350)[0m         
[92mINFO [0m:      aggregate_fit: received 10 results and 0 failures
[92mINFO [0m:      fit progress: (37, 0.7480502938582438, {'accuracy': 0.7188434695912264, 'balanced_accuracy': 0.25281360620939075, 'macro_f1': 0.2610012312607536, 'worst_class_f1': 0.0, 'worst_class_recall': 0.0, 'f1_actinic_keratoses_an': 0.27586206896551724, 'recall_actinic_keratoses_an': 0.24242424242424243, 'f1_basal_cell_carcinoma': 0.0, 'recall_basal_cell_carcinoma': 0.0, 'f1_benign_keratosis-lik': 0.467005076142132, 'recall_benign_keratosis-lik': 0.41818181818181815, 'f1_dermatofibroma': 0.0, 'recall_dermatofibroma': 0.0, 'f1_melanoma': 0.10084033613445378, 'recall_melanoma': 0.05405405405405406, 'f1_melanocytic_nevi': 0.849967804249839, 'recall_melanocytic_nevi': 0.9836065573770492, 'f1_vascular_lesions': 0.13333333333333333, 'recall_vascular_lesions': 0.07142857142857142}, 115.73049247500603)
[92mINFO [0m:      configure_evaluate: strategy sampled 10 clients (out of 10)
[36m(ClientAppActor pid=450337)[0m 
[36m(ClientAppActor pid=450337)[0m         
[36m(ClientAppActor pid=450337)[0m [93mWARNING [0m:   DEPRECATED FEATURE: `client_fn` now expects a signature `def client_fn(context: Context)`.The provided `client_fn` has signature: {'cid': <Parameter "cid: 'str'">}. You can import the `Context` like this: `from flwr.common import Context`[32m [repeated 21x across cluster][0m
[36m(ClientAppActor pid=450337)[0m             This is a deprecated feature. It will be removed[32m [repeated 21x across cluster][0m
[36m(ClientAppActor pid=450337)[0m             entirely in future versions of Flower.[32m [repeated 21x across cluster][0m
[36m(ClientAppActor pid=450336)[0m /home/bk489/federated_clean/cleanest_federated/fl-dermamnist-starter/metrics/evaluation.py:68: UserWarning: AUROC set to NaN because present classes are [0, 1, 2, 4, 6], expected [0, 1, 2, 3, 4, 5, 6][32m [repeated 10x across cluster][0m
[36m(ClientAppActor pid=450336)[0m   warnings.warn(f'AUROC set to NaN because present classes are {present_classes}, expected {labels}')[32m [repeated 10x across cluster][0m
[36m(ClientAppActor pid=450336)[0m /home/bk489/federated_clean/.venv/lib/python3.9/site-packages/sklearn/metrics/_classification.py:2524: UserWarning: y_pred contains classes not in y_true[32m [repeated 5x across cluster][0m
[36m(ClientAppActor pid=450336)[0m   warnings.warn("y_pred contains classes not in y_true")[32m [repeated 5x across cluster][0m
[36m(ClientAppActor pid=450336)[0m 
[36m(ClientAppActor pid=450336)[0m         
[36m(ClientAppActor pid=450347)[0m 
[36m(ClientAppActor pid=450347)[0m         
[36m(ClientAppActor pid=450344)[0m 
[36m(ClientAppActor pid=450344)[0m         
[36m(ClientAppActor pid=450349)[0m 
[36m(ClientAppActor pid=450349)[0m         
[36m(ClientAppActor pid=450346)[0m 
[36m(ClientAppActor pid=450346)[0m         
[36m(ClientAppActor pid=450351)[0m 
[36m(ClientAppActor pid=450351)[0m         
[36m(ClientAppActor pid=450350)[0m 
[36m(ClientAppActor pid=450350)[0m         
[36m(ClientAppActor pid=450348)[0m 
[36m(ClientAppActor pid=450348)[0m         
[36m(ClientAppActor pid=450345)[0m 
[36m(ClientAppActor pid=450345)[0m         
[92mINFO [0m:      aggregate_evaluate: received 10 results and 0 failures
[92mINFO [0m:      
[92mINFO [0m:      [ROUND 38]
[92mINFO [0m:      configure_fit: strategy sampled 10 clients (out of 10)
[36m(ClientAppActor pid=450346)[0m 
[36m(ClientAppActor pid=450346)[0m         
[36m(ClientAppActor pid=450351)[0m 
[36m(ClientAppActor pid=450351)[0m         
[36m(ClientAppActor pid=450350)[0m 
[36m(ClientAppActor pid=450350)[0m         
[36m(ClientAppActor pid=450348)[0m 
[36m(ClientAppActor pid=450348)[0m         
[36m(ClientAppActor pid=450347)[0m 
[36m(ClientAppActor pid=450347)[0m         
[36m(ClientAppActor pid=450337)[0m 
[36m(ClientAppActor pid=450337)[0m         
[36m(ClientAppActor pid=450345)[0m 
[36m(ClientAppActor pid=450345)[0m         
[36m(ClientAppActor pid=450336)[0m 
[36m(ClientAppActor pid=450336)[0m         
[36m(ClientAppActor pid=450349)[0m 
[36m(ClientAppActor pid=450349)[0m         
[36m(ClientAppActor pid=450344)[0m 
[36m(ClientAppActor pid=450344)[0m         
[36m(ClientAppActor pid=450348)[0m /home/bk489/federated_clean/cleanest_federated/fl-dermamnist-starter/data/download.py:27: UserWarning: The given NumPy array is not writable, and PyTorch does not support non-writable tensors. This means writing to this tensor will result in undefined behavior. You may want to copy the array to protect its data or make it writable before converting it to a tensor. This type of warning will be suppressed for the rest of this program. (Triggered internally at /pytorch/torch/csrc/utils/tensor_numpy.cpp:203.)[32m [repeated 214x across cluster][0m
[36m(ClientAppActor pid=450348)[0m   tensor = torch.as_tensor(image)[32m [repeated 214x across cluster][0m
[92mINFO [0m:      aggregate_fit: received 10 results and 0 failures
[92mINFO [0m:      fit progress: (38, 0.7395623981180125, {'accuracy': 0.7218344965104686, 'balanced_accuracy': 0.26989332164976193, 'macro_f1': 0.27238161695002516, 'worst_class_f1': 0.0, 'worst_class_recall': 0.0, 'f1_actinic_keratoses_an': 0.3157894736842105, 'recall_actinic_keratoses_an': 0.36363636363636365, 'f1_basal_cell_carcinoma': 0.0, 'recall_basal_cell_carcinoma': 0.0, 'f1_benign_keratosis-lik': 0.47058823529411764, 'recall_benign_keratosis-lik': 0.4, 'f1_dermatofibroma': 0.0, 'recall_dermatofibroma': 0.0, 'f1_melanoma': 0.13333333333333333, 'recall_melanoma': 0.07207207207207207, 'f1_melanocytic_nevi': 0.8536269430051814, 'recall_melanocytic_nevi': 0.9821162444113264, 'f1_vascular_lesions': 0.13333333333333333, 'recall_vascular_lesions': 0.07142857142857142}, 118.68393483001273)
[92mINFO [0m:      configure_evaluate: strategy sampled 10 clients (out of 10)
[36m(ClientAppActor pid=450346)[0m 
[36m(ClientAppActor pid=450346)[0m         
[36m(ClientAppActor pid=450351)[0m 
[36m(ClientAppActor pid=450351)[0m         
[36m(ClientAppActor pid=450350)[0m 
[36m(ClientAppActor pid=450350)[0m         
[36m(ClientAppActor pid=450348)[0m 
[36m(ClientAppActor pid=450348)[0m         
[36m(ClientAppActor pid=450347)[0m 
[36m(ClientAppActor pid=450347)[0m         
[36m(ClientAppActor pid=450337)[0m 
[36m(ClientAppActor pid=450337)[0m         
[36m(ClientAppActor pid=450345)[0m 
[36m(ClientAppActor pid=450345)[0m         
[36m(ClientAppActor pid=450336)[0m 
[36m(ClientAppActor pid=450336)[0m         
[36m(ClientAppActor pid=450349)[0m 
[36m(ClientAppActor pid=450349)[0m         
[36m(ClientAppActor pid=450344)[0m 
[36m(ClientAppActor pid=450344)[0m         
[92mINFO [0m:      aggregate_evaluate: received 10 results and 0 failures
[92mINFO [0m:      
[92mINFO [0m:      [ROUND 39]
[92mINFO [0m:      configure_fit: strategy sampled 10 clients (out of 10)
[36m(ClientAppActor pid=450346)[0m 
[36m(ClientAppActor pid=450346)[0m         
[36m(ClientAppActor pid=450351)[0m 
[36m(ClientAppActor pid=450351)[0m         
[36m(ClientAppActor pid=450350)[0m 
[36m(ClientAppActor pid=450350)[0m         
[36m(ClientAppActor pid=450347)[0m 
[36m(ClientAppActor pid=450347)[0m         
[36m(ClientAppActor pid=450337)[0m 
[36m(ClientAppActor pid=450337)[0m         
[36m(ClientAppActor pid=450345)[0m 
[36m(ClientAppActor pid=450345)[0m         
[36m(ClientAppActor pid=450336)[0m 
[36m(ClientAppActor pid=450336)[0m         
[36m(ClientAppActor pid=450349)[0m 
[36m(ClientAppActor pid=450349)[0m         
[36m(ClientAppActor pid=450344)[0m 
[36m(ClientAppActor pid=450344)[0m         
[36m(ClientAppActor pid=450348)[0m 
[36m(ClientAppActor pid=450348)[0m         
[36m(ClientAppActor pid=450348)[0m [93mWARNING [0m:   DEPRECATED FEATURE: `client_fn` now expects a signature `def client_fn(context: Context)`.The provided `client_fn` has signature: {'cid': <Parameter "cid: 'str'">}. You can import the `Context` like this: `from flwr.common import Context`[32m [repeated 39x across cluster][0m
[36m(ClientAppActor pid=450348)[0m             This is a deprecated feature. It will be removed[32m [repeated 39x across cluster][0m
[36m(ClientAppActor pid=450348)[0m             entirely in future versions of Flower.[32m [repeated 39x across cluster][0m
[36m(ClientAppActor pid=450344)[0m /home/bk489/federated_clean/cleanest_federated/fl-dermamnist-starter/metrics/evaluation.py:68: UserWarning: AUROC set to NaN because present classes are [0, 2, 3, 4, 5, 6], expected [0, 1, 2, 3, 4, 5, 6][32m [repeated 20x across cluster][0m
[36m(ClientAppActor pid=450344)[0m   warnings.warn(f'AUROC set to NaN because present classes are {present_classes}, expected {labels}')[32m [repeated 20x across cluster][0m
[36m(ClientAppActor pid=450336)[0m /home/bk489/federated_clean/.venv/lib/python3.9/site-packages/sklearn/metrics/_classification.py:2524: UserWarning: y_pred contains classes not in y_true[32m [repeated 10x across cluster][0m
[36m(ClientAppActor pid=450336)[0m   warnings.warn("y_pred contains classes not in y_true")[32m [repeated 10x across cluster][0m
[92mINFO [0m:      aggregate_fit: received 10 results and 0 failures
[92mINFO [0m:      fit progress: (39, 0.726842288481274, {'accuracy': 0.7288135593220338, 'balanced_accuracy': 0.3061347244017033, 'macro_f1': 0.31274814354685354, 'worst_class_f1': 0.0, 'worst_class_recall': 0.0, 'f1_actinic_keratoses_an': 0.3541666666666667, 'recall_actinic_keratoses_an': 0.5151515151515151, 'f1_basal_cell_carcinoma': 0.0, 'recall_basal_cell_carcinoma': 0.0, 'f1_benign_keratosis-lik': 0.4121212121212121, 'recall_benign_keratosis-lik': 0.3090909090909091, 'f1_dermatofibroma': 0.0, 'recall_dermatofibroma': 0.0, 'f1_melanoma': 0.3120567375886525, 'recall_melanoma': 0.1981981981981982, 'f1_melanocytic_nevi': 0.8608923884514436, 'recall_melanocytic_nevi': 0.977645305514158, 'f1_vascular_lesions': 0.25, 'recall_vascular_lesions': 0.14285714285714285}, 121.60186515501118)
[92mINFO [0m:      configure_evaluate: strategy sampled 10 clients (out of 10)
[36m(ClientAppActor pid=450351)[0m 
[36m(ClientAppActor pid=450351)[0m         
[36m(ClientAppActor pid=450348)[0m 
[36m(ClientAppActor pid=450348)[0m         
[36m(ClientAppActor pid=450347)[0m 
[36m(ClientAppActor pid=450347)[0m         
[36m(ClientAppActor pid=450336)[0m 
[36m(ClientAppActor pid=450336)[0m         
[36m(ClientAppActor pid=450349)[0m 
[36m(ClientAppActor pid=450349)[0m         
[36m(ClientAppActor pid=450344)[0m 
[36m(ClientAppActor pid=450344)[0m         
[36m(ClientAppActor pid=450346)[0m 
[36m(ClientAppActor pid=450346)[0m         
[36m(ClientAppActor pid=450350)[0m 
[36m(ClientAppActor pid=450350)[0m         
[92mINFO [0m:      aggregate_evaluate: received 10 results and 0 failures
[36m(ClientAppActor pid=450337)[0m 
[92mINFO [0m:      
[36m(ClientAppActor pid=450337)[0m         
[92mINFO [0m:      [ROUND 40]
[36m(ClientAppActor pid=450345)[0m 
[92mINFO [0m:      configure_fit: strategy sampled 10 clients (out of 10)
[36m(ClientAppActor pid=450345)[0m         
[36m(ClientAppActor pid=450346)[0m 
[36m(ClientAppActor pid=450346)[0m         
[36m(ClientAppActor pid=450351)[0m 
[36m(ClientAppActor pid=450351)[0m         
[36m(ClientAppActor pid=450350)[0m 
[36m(ClientAppActor pid=450350)[0m         
[36m(ClientAppActor pid=450348)[0m 
[36m(ClientAppActor pid=450348)[0m         
[36m(ClientAppActor pid=450347)[0m 
[36m(ClientAppActor pid=450347)[0m         
[36m(ClientAppActor pid=450337)[0m 
[36m(ClientAppActor pid=450337)[0m         
[36m(ClientAppActor pid=450345)[0m 
[36m(ClientAppActor pid=450345)[0m         
[36m(ClientAppActor pid=450336)[0m 
[36m(ClientAppActor pid=450336)[0m         
[36m(ClientAppActor pid=450349)[0m 
[36m(ClientAppActor pid=450349)[0m         
[36m(ClientAppActor pid=450344)[0m 
[36m(ClientAppActor pid=450344)[0m         
[36m(ClientAppActor pid=450337)[0m /home/bk489/federated_clean/cleanest_federated/fl-dermamnist-starter/data/download.py:27: UserWarning: The given NumPy array is not writable, and PyTorch does not support non-writable tensors. This means writing to this tensor will result in undefined behavior. You may want to copy the array to protect its data or make it writable before converting it to a tensor. This type of warning will be suppressed for the rest of this program. (Triggered internally at /pytorch/torch/csrc/utils/tensor_numpy.cpp:203.)[32m [repeated 207x across cluster][0m
[36m(ClientAppActor pid=450337)[0m   tensor = torch.as_tensor(image)[32m [repeated 207x across cluster][0m
[92mINFO [0m:      aggregate_fit: received 10 results and 0 failures
[92mINFO [0m:      fit progress: (40, 0.7410447939205265, {'accuracy': 0.7228315054835494, 'balanced_accuracy': 0.27330512178287353, 'macro_f1': 0.28447907282622004, 'worst_class_f1': 0.0, 'worst_class_recall': 0.0, 'f1_actinic_keratoses_an': 0.3582089552238806, 'recall_actinic_keratoses_an': 0.36363636363636365, 'f1_basal_cell_carcinoma': 0.0, 'recall_basal_cell_carcinoma': 0.0, 'f1_benign_keratosis-lik': 0.44919786096256686, 'recall_benign_keratosis-lik': 0.38181818181818183, 'f1_dermatofibroma': 0.0, 'recall_dermatofibroma': 0.0, 'f1_melanoma': 0.1984732824427481, 'recall_melanoma': 0.11711711711711711, 'f1_melanocytic_nevi': 0.8521400778210116, 'recall_melanocytic_nevi': 0.9791356184798807, 'f1_vascular_lesions': 0.13333333333333333, 'recall_vascular_lesions': 0.07142857142857142}, 124.54597676699632)
[92mINFO [0m:      configure_evaluate: strategy sampled 10 clients (out of 10)
[36m(ClientAppActor pid=450346)[0m 
[36m(ClientAppActor pid=450346)[0m         
[36m(ClientAppActor pid=450351)[0m 
[36m(ClientAppActor pid=450351)[0m         
[36m(ClientAppActor pid=450337)[0m 
[36m(ClientAppActor pid=450337)[0m         
[36m(ClientAppActor pid=450350)[0m 
[36m(ClientAppActor pid=450350)[0m         
[36m(ClientAppActor pid=450348)[0m 
[36m(ClientAppActor pid=450348)[0m         
[36m(ClientAppActor pid=450347)[0m 
[36m(ClientAppActor pid=450347)[0m         
[36m(ClientAppActor pid=450345)[0m 
[36m(ClientAppActor pid=450345)[0m         
[36m(ClientAppActor pid=450336)[0m 
[36m(ClientAppActor pid=450336)[0m         
[36m(ClientAppActor pid=450349)[0m 
[36m(ClientAppActor pid=450349)[0m         
[36m(ClientAppActor pid=450344)[0m 
[36m(ClientAppActor pid=450344)[0m         
[92mINFO [0m:      aggregate_evaluate: received 10 results and 0 failures
[92mINFO [0m:      
[92mINFO [0m:      [ROUND 41]
[92mINFO [0m:      configure_fit: strategy sampled 10 clients (out of 10)
[36m(ClientAppActor pid=450346)[0m 
[36m(ClientAppActor pid=450346)[0m         
[36m(ClientAppActor pid=450351)[0m 
[36m(ClientAppActor pid=450351)[0m         
[36m(ClientAppActor pid=450350)[0m 
[36m(ClientAppActor pid=450350)[0m         
[36m(ClientAppActor pid=450348)[0m 
[36m(ClientAppActor pid=450348)[0m         
[36m(ClientAppActor pid=450347)[0m 
[36m(ClientAppActor pid=450347)[0m         
[36m(ClientAppActor pid=450337)[0m 
[36m(ClientAppActor pid=450337)[0m         
[36m(ClientAppActor pid=450345)[0m 
[36m(ClientAppActor pid=450345)[0m         
[36m(ClientAppActor pid=450336)[0m 
[36m(ClientAppActor pid=450336)[0m         
[36m(ClientAppActor pid=450349)[0m 
[36m(ClientAppActor pid=450349)[0m         
[36m(ClientAppActor pid=450344)[0m 
[36m(ClientAppActor pid=450344)[0m         
[36m(ClientAppActor pid=450344)[0m [93mWARNING [0m:   DEPRECATED FEATURE: `client_fn` now expects a signature `def client_fn(context: Context)`.The provided `client_fn` has signature: {'cid': <Parameter "cid: 'str'">}. You can import the `Context` like this: `from flwr.common import Context`[32m [repeated 40x across cluster][0m
[36m(ClientAppActor pid=450344)[0m             This is a deprecated feature. It will be removed[32m [repeated 40x across cluster][0m
[36m(ClientAppActor pid=450344)[0m             entirely in future versions of Flower.[32m [repeated 40x across cluster][0m
[36m(ClientAppActor pid=450344)[0m /home/bk489/federated_clean/cleanest_federated/fl-dermamnist-starter/metrics/evaluation.py:68: UserWarning: AUROC set to NaN because present classes are [1, 4, 5], expected [0, 1, 2, 3, 4, 5, 6][32m [repeated 20x across cluster][0m
[36m(ClientAppActor pid=450344)[0m   warnings.warn(f'AUROC set to NaN because present classes are {present_classes}, expected {labels}')[32m [repeated 20x across cluster][0m
[36m(ClientAppActor pid=450344)[0m /home/bk489/federated_clean/.venv/lib/python3.9/site-packages/sklearn/metrics/_classification.py:2524: UserWarning: y_pred contains classes not in y_true[32m [repeated 12x across cluster][0m
[36m(ClientAppActor pid=450344)[0m   warnings.warn("y_pred contains classes not in y_true")[32m [repeated 12x across cluster][0m
[92mINFO [0m:      aggregate_fit: received 10 results and 0 failures
[92mINFO [0m:      fit progress: (41, 0.7630525820276673, {'accuracy': 0.7138584247258225, 'balanced_accuracy': 0.2581674164812338, 'macro_f1': 0.2652762539110504, 'worst_class_f1': 0.0, 'worst_class_recall': 0.0, 'f1_actinic_keratoses_an': 0.3561643835616438, 'recall_actinic_keratoses_an': 0.3939393939393939, 'f1_basal_cell_carcinoma': 0.0, 'recall_basal_cell_carcinoma': 0.0, 'f1_benign_keratosis-lik': 0.36024844720496896, 'recall_benign_keratosis-lik': 0.2636363636363636, 'f1_dermatofibroma': 0.0, 'recall_dermatofibroma': 0.0, 'f1_melanoma': 0.16260162601626016, 'recall_melanoma': 0.09009009009009009, 'f1_melanocytic_nevi': 0.8445859872611465, 'recall_melanocytic_nevi': 0.9880774962742176, 'f1_vascular_lesions': 0.13333333333333333, 'recall_vascular_lesions': 0.07142857142857142}, 127.44790443600505)
[92mINFO [0m:      configure_evaluate: strategy sampled 10 clients (out of 10)
[36m(ClientAppActor pid=450350)[0m 
[36m(ClientAppActor pid=450350)[0m         
[36m(ClientAppActor pid=450344)[0m 
[36m(ClientAppActor pid=450344)[0m         
[36m(ClientAppActor pid=450349)[0m 
[36m(ClientAppActor pid=450349)[0m         
[36m(ClientAppActor pid=450346)[0m 
[36m(ClientAppActor pid=450346)[0m         
[36m(ClientAppActor pid=450351)[0m 
[36m(ClientAppActor pid=450351)[0m         
[36m(ClientAppActor pid=450348)[0m 
[36m(ClientAppActor pid=450348)[0m         
[36m(ClientAppActor pid=450347)[0m 
[36m(ClientAppActor pid=450347)[0m         
[36m(ClientAppActor pid=450337)[0m 
[36m(ClientAppActor pid=450337)[0m         
[36m(ClientAppActor pid=450345)[0m 
[36m(ClientAppActor pid=450345)[0m         
[36m(ClientAppActor pid=450336)[0m 
[36m(ClientAppActor pid=450336)[0m         
[92mINFO [0m:      aggregate_evaluate: received 10 results and 0 failures
[92mINFO [0m:      
[92mINFO [0m:      [ROUND 42]
[92mINFO [0m:      configure_fit: strategy sampled 10 clients (out of 10)
[36m(ClientAppActor pid=450346)[0m 
[36m(ClientAppActor pid=450346)[0m         
[36m(ClientAppActor pid=450351)[0m 
[36m(ClientAppActor pid=450351)[0m         
[36m(ClientAppActor pid=450350)[0m 
[36m(ClientAppActor pid=450350)[0m         
[36m(ClientAppActor pid=450348)[0m 
[36m(ClientAppActor pid=450348)[0m         
[36m(ClientAppActor pid=450347)[0m 
[36m(ClientAppActor pid=450347)[0m         
[36m(ClientAppActor pid=450337)[0m 
[36m(ClientAppActor pid=450337)[0m         
[36m(ClientAppActor pid=450345)[0m 
[36m(ClientAppActor pid=450345)[0m         
[36m(ClientAppActor pid=450336)[0m 
[36m(ClientAppActor pid=450336)[0m         
[36m(ClientAppActor pid=450349)[0m 
[36m(ClientAppActor pid=450349)[0m         
[36m(ClientAppActor pid=450344)[0m 
[36m(ClientAppActor pid=450344)[0m         
[36m(ClientAppActor pid=450346)[0m /home/bk489/federated_clean/cleanest_federated/fl-dermamnist-starter/data/download.py:27: UserWarning: The given NumPy array is not writable, and PyTorch does not support non-writable tensors. This means writing to this tensor will result in undefined behavior. You may want to copy the array to protect its data or make it writable before converting it to a tensor. This type of warning will be suppressed for the rest of this program. (Triggered internally at /pytorch/torch/csrc/utils/tensor_numpy.cpp:203.)[32m [repeated 183x across cluster][0m
[36m(ClientAppActor pid=450346)[0m   tensor = torch.as_tensor(image)[32m [repeated 183x across cluster][0m
[92mINFO [0m:      aggregate_fit: received 10 results and 0 failures
[92mINFO [0m:      fit progress: (42, 0.7333849275100267, {'accuracy': 0.7188434695912264, 'balanced_accuracy': 0.2811535279919355, 'macro_f1': 0.28846384707729245, 'worst_class_f1': 0.0, 'worst_class_recall': 0.0, 'f1_actinic_keratoses_an': 0.4, 'recall_actinic_keratoses_an': 0.48484848484848486, 'f1_basal_cell_carcinoma': 0.0, 'recall_basal_cell_carcinoma': 0.0, 'f1_benign_keratosis-lik': 0.2916666666666667, 'recall_benign_keratosis-lik': 0.19090909090909092, 'f1_dermatofibroma': 0.0, 'recall_dermatofibroma': 0.0, 'f1_melanoma': 0.34615384615384615, 'recall_melanoma': 0.24324324324324326, 'f1_melanocytic_nevi': 0.848093083387201, 'recall_melanocytic_nevi': 0.977645305514158, 'f1_vascular_lesions': 0.13333333333333333, 'recall_vascular_lesions': 0.07142857142857142}, 130.39244691000204)
[92mINFO [0m:      configure_evaluate: strategy sampled 10 clients (out of 10)
[36m(ClientAppActor pid=450346)[0m 
[36m(ClientAppActor pid=450346)[0m         
[36m(ClientAppActor pid=450351)[0m 
[36m(ClientAppActor pid=450351)[0m         
[36m(ClientAppActor pid=450350)[0m 
[36m(ClientAppActor pid=450350)[0m         
[36m(ClientAppActor pid=450348)[0m 
[36m(ClientAppActor pid=450348)[0m         
[36m(ClientAppActor pid=450347)[0m 
[36m(ClientAppActor pid=450347)[0m         
[36m(ClientAppActor pid=450337)[0m 
[36m(ClientAppActor pid=450337)[0m         
[36m(ClientAppActor pid=450345)[0m 
[36m(ClientAppActor pid=450345)[0m         
[36m(ClientAppActor pid=450336)[0m 
[36m(ClientAppActor pid=450336)[0m         
[36m(ClientAppActor pid=450349)[0m 
[36m(ClientAppActor pid=450349)[0m         
[36m(ClientAppActor pid=450344)[0m 
[36m(ClientAppActor pid=450344)[0m         
[92mINFO [0m:      aggregate_evaluate: received 10 results and 0 failures
[92mINFO [0m:      
[92mINFO [0m:      [ROUND 43]
[92mINFO [0m:      configure_fit: strategy sampled 10 clients (out of 10)
[36m(ClientAppActor pid=450346)[0m 
[36m(ClientAppActor pid=450346)[0m         
[36m(ClientAppActor pid=450351)[0m 
[36m(ClientAppActor pid=450351)[0m         
[36m(ClientAppActor pid=450348)[0m 
[36m(ClientAppActor pid=450348)[0m         
[36m(ClientAppActor pid=450347)[0m 
[36m(ClientAppActor pid=450347)[0m         
[36m(ClientAppActor pid=450337)[0m 
[36m(ClientAppActor pid=450337)[0m         
[36m(ClientAppActor pid=450345)[0m 
[36m(ClientAppActor pid=450345)[0m         
[36m(ClientAppActor pid=450336)[0m 
[36m(ClientAppActor pid=450336)[0m         
[36m(ClientAppActor pid=450349)[0m 
[36m(ClientAppActor pid=450349)[0m         
[36m(ClientAppActor pid=450344)[0m 
[36m(ClientAppActor pid=450344)[0m         
[36m(ClientAppActor pid=450350)[0m 
[36m(ClientAppActor pid=450350)[0m         
[36m(ClientAppActor pid=450350)[0m [93mWARNING [0m:   DEPRECATED FEATURE: `client_fn` now expects a signature `def client_fn(context: Context)`.The provided `client_fn` has signature: {'cid': <Parameter "cid: 'str'">}. You can import the `Context` like this: `from flwr.common import Context`[32m [repeated 40x across cluster][0m
[36m(ClientAppActor pid=450350)[0m             This is a deprecated feature. It will be removed[32m [repeated 40x across cluster][0m
[36m(ClientAppActor pid=450350)[0m             entirely in future versions of Flower.[32m [repeated 40x across cluster][0m
[36m(ClientAppActor pid=450349)[0m /home/bk489/federated_clean/cleanest_federated/fl-dermamnist-starter/metrics/evaluation.py:68: UserWarning: AUROC set to NaN because present classes are [2, 4, 5], expected [0, 1, 2, 3, 4, 5, 6][32m [repeated 20x across cluster][0m
[36m(ClientAppActor pid=450349)[0m   warnings.warn(f'AUROC set to NaN because present classes are {present_classes}, expected {labels}')[32m [repeated 20x across cluster][0m
[36m(ClientAppActor pid=450347)[0m /home/bk489/federated_clean/.venv/lib/python3.9/site-packages/sklearn/metrics/_classification.py:2524: UserWarning: y_pred contains classes not in y_true[32m [repeated 11x across cluster][0m
[36m(ClientAppActor pid=450347)[0m   warnings.warn("y_pred contains classes not in y_true")[32m [repeated 11x across cluster][0m
[92mINFO [0m:      aggregate_fit: received 10 results and 0 failures
[92mINFO [0m:      fit progress: (43, 0.729187299520639, {'accuracy': 0.7457627118644068, 'balanced_accuracy': 0.3186873573290435, 'macro_f1': 0.31864100289441505, 'worst_class_f1': 0.0, 'worst_class_recall': 0.0, 'f1_actinic_keratoses_an': 0.379746835443038, 'recall_actinic_keratoses_an': 0.45454545454545453, 'f1_basal_cell_carcinoma': 0.0, 'recall_basal_cell_carcinoma': 0.0, 'f1_benign_keratosis-lik': 0.5454545454545454, 'recall_benign_keratosis-lik': 0.5454545454545454, 'f1_dermatofibroma': 0.0, 'recall_dermatofibroma': 0.0, 'f1_melanoma': 0.29577464788732394, 'recall_melanoma': 0.1891891891891892, 'f1_melanocytic_nevi': 0.8761776581426649, 'recall_melanocytic_nevi': 0.970193740685544, 'f1_vascular_lesions': 0.13333333333333333, 'recall_vascular_lesions': 0.07142857142857142}, 133.39450013800524)
[92mINFO [0m:      configure_evaluate: strategy sampled 10 clients (out of 10)
[36m(ClientAppActor pid=450346)[0m 
[36m(ClientAppActor pid=450346)[0m         
[36m(ClientAppActor pid=450346)[0m /home/bk489/federated_clean/cleanest_federated/fl-dermamnist-starter/data/download.py:27: UserWarning: The given NumPy array is not writable, and PyTorch does not support non-writable tensors. This means writing to this tensor will result in undefined behavior. You may want to copy the array to protect its data or make it writable before converting it to a tensor. This type of warning will be suppressed for the rest of this program. (Triggered internally at /pytorch/torch/csrc/utils/tensor_numpy.cpp:203.)[32m [repeated 158x across cluster][0m
[36m(ClientAppActor pid=450346)[0m   tensor = torch.as_tensor(image)[32m [repeated 158x across cluster][0m
[36m(ClientAppActor pid=450351)[0m 
[36m(ClientAppActor pid=450351)[0m         
[36m(ClientAppActor pid=450350)[0m 
[36m(ClientAppActor pid=450350)[0m         
[36m(ClientAppActor pid=450347)[0m 
[36m(ClientAppActor pid=450347)[0m         
[36m(ClientAppActor pid=450337)[0m 
[36m(ClientAppActor pid=450337)[0m         
[36m(ClientAppActor pid=450345)[0m 
[36m(ClientAppActor pid=450345)[0m         
[36m(ClientAppActor pid=450336)[0m 
[36m(ClientAppActor pid=450336)[0m         
[36m(ClientAppActor pid=450349)[0m 
[36m(ClientAppActor pid=450349)[0m         
[36m(ClientAppActor pid=450344)[0m 
[36m(ClientAppActor pid=450344)[0m         
[36m(ClientAppActor pid=450348)[0m 
[36m(ClientAppActor pid=450348)[0m         
[92mINFO [0m:      aggregate_evaluate: received 10 results and 0 failures
[92mINFO [0m:      
[92mINFO [0m:      [ROUND 44]
[92mINFO [0m:      configure_fit: strategy sampled 10 clients (out of 10)
[36m(ClientAppActor pid=450348)[0m 
[36m(ClientAppActor pid=450348)[0m         
[36m(ClientAppActor pid=450345)[0m 
[36m(ClientAppActor pid=450345)[0m         
[36m(ClientAppActor pid=450349)[0m 
[36m(ClientAppActor pid=450349)[0m         
[36m(ClientAppActor pid=450344)[0m 
[36m(ClientAppActor pid=450344)[0m         
[36m(ClientAppActor pid=450351)[0m 
[36m(ClientAppActor pid=450351)[0m         
[36m(ClientAppActor pid=450337)[0m 
[36m(ClientAppActor pid=450337)[0m         
[36m(ClientAppActor pid=450346)[0m 
[36m(ClientAppActor pid=450346)[0m         
[36m(ClientAppActor pid=450350)[0m 
[36m(ClientAppActor pid=450350)[0m         
[36m(ClientAppActor pid=450347)[0m 
[36m(ClientAppActor pid=450347)[0m         
[36m(ClientAppActor pid=450336)[0m 
[36m(ClientAppActor pid=450336)[0m         
[92mINFO [0m:      aggregate_fit: received 10 results and 0 failures
[92mINFO [0m:      fit progress: (44, 0.7278720311605087, {'accuracy': 0.7238285144566301, 'balanced_accuracy': 0.2806926242523432, 'macro_f1': 0.2912505654062654, 'worst_class_f1': 0.0, 'worst_class_recall': 0.0, 'f1_actinic_keratoses_an': 0.30952380952380953, 'recall_actinic_keratoses_an': 0.3939393939393939, 'f1_basal_cell_carcinoma': 0.0, 'recall_basal_cell_carcinoma': 0.0, 'f1_benign_keratosis-lik': 0.36363636363636365, 'recall_benign_keratosis-lik': 0.2545454545454545, 'f1_dermatofibroma': 0.0, 'recall_dermatofibroma': 0.0, 'f1_melanoma': 0.37735849056603776, 'recall_melanoma': 0.2702702702702703, 'f1_melanocytic_nevi': 0.8549019607843137, 'recall_melanocytic_nevi': 0.9746646795827124, 'f1_vascular_lesions': 0.13333333333333333, 'recall_vascular_lesions': 0.07142857142857142}, 136.24216423201142)
[92mINFO [0m:      configure_evaluate: strategy sampled 10 clients (out of 10)
[36m(ClientAppActor pid=450346)[0m 
[36m(ClientAppActor pid=450346)[0m         
[36m(ClientAppActor pid=450346)[0m [93mWARNING [0m:   DEPRECATED FEATURE: `client_fn` now expects a signature `def client_fn(context: Context)`.The provided `client_fn` has signature: {'cid': <Parameter "cid: 'str'">}. You can import the `Context` like this: `from flwr.common import Context`[32m [repeated 21x across cluster][0m
[36m(ClientAppActor pid=450346)[0m             This is a deprecated feature. It will be removed[32m [repeated 21x across cluster][0m
[36m(ClientAppActor pid=450346)[0m             entirely in future versions of Flower.[32m [repeated 21x across cluster][0m
[36m(ClientAppActor pid=450344)[0m /home/bk489/federated_clean/cleanest_federated/fl-dermamnist-starter/metrics/evaluation.py:68: UserWarning: AUROC set to NaN because present classes are [0, 1, 2, 5], expected [0, 1, 2, 3, 4, 5, 6][32m [repeated 10x across cluster][0m
[36m(ClientAppActor pid=450344)[0m   warnings.warn(f'AUROC set to NaN because present classes are {present_classes}, expected {labels}')[32m [repeated 10x across cluster][0m
[36m(ClientAppActor pid=450345)[0m /home/bk489/federated_clean/.venv/lib/python3.9/site-packages/sklearn/metrics/_classification.py:2524: UserWarning: y_pred contains classes not in y_true[32m [repeated 6x across cluster][0m
[36m(ClientAppActor pid=450345)[0m   warnings.warn("y_pred contains classes not in y_true")[32m [repeated 6x across cluster][0m
[36m(ClientAppActor pid=450350)[0m 
[36m(ClientAppActor pid=450350)[0m         
[36m(ClientAppActor pid=450348)[0m 
[36m(ClientAppActor pid=450348)[0m         
[36m(ClientAppActor pid=450347)[0m 
[36m(ClientAppActor pid=450347)[0m         
[36m(ClientAppActor pid=450345)[0m 
[36m(ClientAppActor pid=450345)[0m         
[36m(ClientAppActor pid=450336)[0m 
[36m(ClientAppActor pid=450336)[0m         
[36m(ClientAppActor pid=450349)[0m 
[36m(ClientAppActor pid=450349)[0m         
[36m(ClientAppActor pid=450344)[0m 
[36m(ClientAppActor pid=450344)[0m         
[36m(ClientAppActor pid=450351)[0m 
[36m(ClientAppActor pid=450351)[0m         
[36m(ClientAppActor pid=450337)[0m 
[36m(ClientAppActor pid=450337)[0m         
[92mINFO [0m:      aggregate_evaluate: received 10 results and 0 failures
[92mINFO [0m:      
[92mINFO [0m:      [ROUND 45]
[92mINFO [0m:      configure_fit: strategy sampled 10 clients (out of 10)
[36m(ClientAppActor pid=450351)[0m 
[36m(ClientAppActor pid=450351)[0m         
[36m(ClientAppActor pid=450337)[0m 
[36m(ClientAppActor pid=450337)[0m         
[36m(ClientAppActor pid=450344)[0m 
[36m(ClientAppActor pid=450344)[0m         
[36m(ClientAppActor pid=450336)[0m 
[36m(ClientAppActor pid=450336)[0m         
[36m(ClientAppActor pid=450349)[0m 
[36m(ClientAppActor pid=450349)[0m         
[36m(ClientAppActor pid=450346)[0m 
[36m(ClientAppActor pid=450346)[0m         
[36m(ClientAppActor pid=450350)[0m 
[36m(ClientAppActor pid=450350)[0m         
[36m(ClientAppActor pid=450348)[0m 
[36m(ClientAppActor pid=450348)[0m         
[36m(ClientAppActor pid=450347)[0m 
[36m(ClientAppActor pid=450347)[0m         
[36m(ClientAppActor pid=450345)[0m 
[36m(ClientAppActor pid=450345)[0m         
[36m(ClientAppActor pid=450348)[0m /home/bk489/federated_clean/cleanest_federated/fl-dermamnist-starter/data/download.py:27: UserWarning: The given NumPy array is not writable, and PyTorch does not support non-writable tensors. This means writing to this tensor will result in undefined behavior. You may want to copy the array to protect its data or make it writable before converting it to a tensor. This type of warning will be suppressed for the rest of this program. (Triggered internally at /pytorch/torch/csrc/utils/tensor_numpy.cpp:203.)[32m [repeated 217x across cluster][0m
[36m(ClientAppActor pid=450348)[0m   tensor = torch.as_tensor(image)[32m [repeated 217x across cluster][0m
[92mINFO [0m:      aggregate_fit: received 10 results and 0 failures
[92mINFO [0m:      fit progress: (45, 0.7179238528221221, {'accuracy': 0.7298105682951147, 'balanced_accuracy': 0.29755924603699785, 'macro_f1': 0.29188715540992166, 'worst_class_f1': 0.0, 'worst_class_recall': 0.0, 'f1_actinic_keratoses_an': 0.3695652173913043, 'recall_actinic_keratoses_an': 0.5151515151515151, 'f1_basal_cell_carcinoma': 0.0, 'recall_basal_cell_carcinoma': 0.0, 'f1_benign_keratosis-lik': 0.4891304347826087, 'recall_benign_keratosis-lik': 0.4090909090909091, 'f1_dermatofibroma': 0.0, 'recall_dermatofibroma': 0.0, 'f1_melanoma': 0.1889763779527559, 'recall_melanoma': 0.10810810810810811, 'f1_melanocytic_nevi': 0.8622047244094488, 'recall_melanocytic_nevi': 0.9791356184798807, 'f1_vascular_lesions': 0.13333333333333333, 'recall_vascular_lesions': 0.07142857142857142}, 140.0103532669891)
[92mINFO [0m:      configure_evaluate: strategy sampled 10 clients (out of 10)
[36m(ClientAppActor pid=450346)[0m 
[36m(ClientAppActor pid=450346)[0m         
[36m(ClientAppActor pid=450351)[0m 
[36m(ClientAppActor pid=450351)[0m         
[36m(ClientAppActor pid=450348)[0m 
[36m(ClientAppActor pid=450348)[0m         
[36m(ClientAppActor pid=450347)[0m 
[36m(ClientAppActor pid=450347)[0m         
[36m(ClientAppActor pid=450337)[0m 
[36m(ClientAppActor pid=450337)[0m         
[36m(ClientAppActor pid=450345)[0m 
[36m(ClientAppActor pid=450345)[0m         
[36m(ClientAppActor pid=450336)[0m 
[36m(ClientAppActor pid=450336)[0m         
[36m(ClientAppActor pid=450349)[0m 
[36m(ClientAppActor pid=450349)[0m         
[36m(ClientAppActor pid=450344)[0m 
[36m(ClientAppActor pid=450344)[0m         
[36m(ClientAppActor pid=450350)[0m 
[36m(ClientAppActor pid=450350)[0m         
[92mINFO [0m:      aggregate_evaluate: received 10 results and 0 failures
[92mINFO [0m:      
[92mINFO [0m:      [ROUND 46]
[92mINFO [0m:      configure_fit: strategy sampled 10 clients (out of 10)
[36m(ClientAppActor pid=450346)[0m 
[36m(ClientAppActor pid=450346)[0m         
[36m(ClientAppActor pid=450350)[0m 
[36m(ClientAppActor pid=450350)[0m         
[36m(ClientAppActor pid=450347)[0m 
[36m(ClientAppActor pid=450347)[0m         
[36m(ClientAppActor pid=450345)[0m 
[36m(ClientAppActor pid=450345)[0m         
[36m(ClientAppActor pid=450349)[0m 
[36m(ClientAppActor pid=450349)[0m         
[36m(ClientAppActor pid=450344)[0m 
[36m(ClientAppActor pid=450344)[0m         
[36m(ClientAppActor pid=450337)[0m 
[36m(ClientAppActor pid=450337)[0m         
[36m(ClientAppActor pid=450351)[0m 
[36m(ClientAppActor pid=450351)[0m         
[36m(ClientAppActor pid=450348)[0m 
[36m(ClientAppActor pid=450348)[0m         
[36m(ClientAppActor pid=450336)[0m 
[36m(ClientAppActor pid=450336)[0m         
[36m(ClientAppActor pid=450336)[0m [93mWARNING [0m:   DEPRECATED FEATURE: `client_fn` now expects a signature `def client_fn(context: Context)`.The provided `client_fn` has signature: {'cid': <Parameter "cid: 'str'">}. You can import the `Context` like this: `from flwr.common import Context`[32m [repeated 39x across cluster][0m
[36m(ClientAppActor pid=450336)[0m             This is a deprecated feature. It will be removed[32m [repeated 39x across cluster][0m
[36m(ClientAppActor pid=450336)[0m             entirely in future versions of Flower.[32m [repeated 39x across cluster][0m
[36m(ClientAppActor pid=450344)[0m /home/bk489/federated_clean/cleanest_federated/fl-dermamnist-starter/metrics/evaluation.py:68: UserWarning: AUROC set to NaN because present classes are [0, 1, 4], expected [0, 1, 2, 3, 4, 5, 6][32m [repeated 20x across cluster][0m
[36m(ClientAppActor pid=450344)[0m   warnings.warn(f'AUROC set to NaN because present classes are {present_classes}, expected {labels}')[32m [repeated 20x across cluster][0m
[36m(ClientAppActor pid=450344)[0m /home/bk489/federated_clean/.venv/lib/python3.9/site-packages/sklearn/metrics/_classification.py:2524: UserWarning: y_pred contains classes not in y_true[32m [repeated 12x across cluster][0m
[36m(ClientAppActor pid=450344)[0m   warnings.warn("y_pred contains classes not in y_true")[32m [repeated 12x across cluster][0m
[92mINFO [0m:      aggregate_fit: received 10 results and 0 failures
[92mINFO [0m:      fit progress: (46, 0.7589571794507987, {'accuracy': 0.7258225324027916, 'balanced_accuracy': 0.2662594130978206, 'macro_f1': 0.26720382895731193, 'worst_class_f1': 0.0, 'worst_class_recall': 0.0, 'f1_actinic_keratoses_an': 0.2711864406779661, 'recall_actinic_keratoses_an': 0.24242424242424243, 'f1_basal_cell_carcinoma': 0.0, 'recall_basal_cell_carcinoma': 0.0, 'f1_benign_keratosis-lik': 0.5225225225225225, 'recall_benign_keratosis-lik': 0.5272727272727272, 'f1_dermatofibroma': 0.0, 'recall_dermatofibroma': 0.0, 'f1_melanoma': 0.0847457627118644, 'recall_melanoma': 0.04504504504504504, 'f1_melanocytic_nevi': 0.8586387434554974, 'recall_melanocytic_nevi': 0.977645305514158, 'f1_vascular_lesions': 0.13333333333333333, 'recall_vascular_lesions': 0.07142857142857142}, 142.94990618899465)
[92mINFO [0m:      configure_evaluate: strategy sampled 10 clients (out of 10)
[36m(ClientAppActor pid=450346)[0m 
[36m(ClientAppActor pid=450346)[0m         
[36m(ClientAppActor pid=450351)[0m 
[36m(ClientAppActor pid=450351)[0m         
[36m(ClientAppActor pid=450350)[0m 
[36m(ClientAppActor pid=450350)[0m         
[36m(ClientAppActor pid=450348)[0m 
[36m(ClientAppActor pid=450348)[0m         
[36m(ClientAppActor pid=450347)[0m 
[36m(ClientAppActor pid=450347)[0m         
[36m(ClientAppActor pid=450337)[0m 
[36m(ClientAppActor pid=450337)[0m         
[36m(ClientAppActor pid=450345)[0m 
[36m(ClientAppActor pid=450345)[0m         
[36m(ClientAppActor pid=450336)[0m 
[36m(ClientAppActor pid=450336)[0m         
[36m(ClientAppActor pid=450349)[0m 
[36m(ClientAppActor pid=450349)[0m         
[36m(ClientAppActor pid=450344)[0m 
[36m(ClientAppActor pid=450344)[0m         
[92mINFO [0m:      aggregate_evaluate: received 10 results and 0 failures
[92mINFO [0m:      
[92mINFO [0m:      [ROUND 47]
[92mINFO [0m:      configure_fit: strategy sampled 10 clients (out of 10)
[36m(ClientAppActor pid=450351)[0m 
[36m(ClientAppActor pid=450351)[0m         
[36m(ClientAppActor pid=450350)[0m 
[36m(ClientAppActor pid=450350)[0m         
[36m(ClientAppActor pid=450348)[0m 
[36m(ClientAppActor pid=450348)[0m         
[36m(ClientAppActor pid=450347)[0m 
[36m(ClientAppActor pid=450347)[0m         
[36m(ClientAppActor pid=450337)[0m 
[36m(ClientAppActor pid=450337)[0m         
[36m(ClientAppActor pid=450345)[0m 
[36m(ClientAppActor pid=450345)[0m         
[36m(ClientAppActor pid=450336)[0m 
[36m(ClientAppActor pid=450336)[0m         
[36m(ClientAppActor pid=450349)[0m 
[36m(ClientAppActor pid=450349)[0m         
[36m(ClientAppActor pid=450344)[0m 
[36m(ClientAppActor pid=450344)[0m         
[36m(ClientAppActor pid=450346)[0m 
[36m(ClientAppActor pid=450346)[0m         
[36m(ClientAppActor pid=450351)[0m /home/bk489/federated_clean/cleanest_federated/fl-dermamnist-starter/data/download.py:27: UserWarning: The given NumPy array is not writable, and PyTorch does not support non-writable tensors. This means writing to this tensor will result in undefined behavior. You may want to copy the array to protect its data or make it writable before converting it to a tensor. This type of warning will be suppressed for the rest of this program. (Triggered internally at /pytorch/torch/csrc/utils/tensor_numpy.cpp:203.)[32m [repeated 216x across cluster][0m
[36m(ClientAppActor pid=450351)[0m   tensor = torch.as_tensor(image)[32m [repeated 216x across cluster][0m
[92mINFO [0m:      aggregate_fit: received 10 results and 0 failures
[92mINFO [0m:      fit progress: (47, 0.7356039172155432, {'accuracy': 0.7367896311066799, 'balanced_accuracy': 0.3075088592652996, 'macro_f1': 0.2975782590623899, 'worst_class_f1': 0.0, 'worst_class_recall': 0.0, 'f1_actinic_keratoses_an': 0.3870967741935484, 'recall_actinic_keratoses_an': 0.5454545454545454, 'f1_basal_cell_carcinoma': 0.0, 'recall_basal_cell_carcinoma': 0.0, 'f1_benign_keratosis-lik': 0.5051546391752577, 'recall_benign_keratosis-lik': 0.44545454545454544, 'f1_dermatofibroma': 0.0, 'recall_dermatofibroma': 0.0, 'f1_melanoma': 0.18461538461538463, 'recall_melanoma': 0.10810810810810811, 'f1_melanocytic_nevi': 0.8728476821192053, 'recall_melanocytic_nevi': 0.9821162444113264, 'f1_vascular_lesions': 0.13333333333333333, 'recall_vascular_lesions': 0.07142857142857142}, 145.8943698540097)
[92mINFO [0m:      configure_evaluate: strategy sampled 10 clients (out of 10)
[36m(ClientAppActor pid=450346)[0m 
[36m(ClientAppActor pid=450346)[0m         
[36m(ClientAppActor pid=450351)[0m 
[36m(ClientAppActor pid=450351)[0m         
[36m(ClientAppActor pid=450350)[0m 
[36m(ClientAppActor pid=450350)[0m         
[36m(ClientAppActor pid=450348)[0m 
[36m(ClientAppActor pid=450348)[0m         
[36m(ClientAppActor pid=450347)[0m 
[36m(ClientAppActor pid=450347)[0m         
[36m(ClientAppActor pid=450337)[0m 
[36m(ClientAppActor pid=450337)[0m         
[36m(ClientAppActor pid=450336)[0m 
[36m(ClientAppActor pid=450336)[0m         
[36m(ClientAppActor pid=450349)[0m 
[36m(ClientAppActor pid=450349)[0m         
[36m(ClientAppActor pid=450345)[0m 
[36m(ClientAppActor pid=450345)[0m         
[36m(ClientAppActor pid=450344)[0m 
[36m(ClientAppActor pid=450344)[0m         
[92mINFO [0m:      aggregate_evaluate: received 10 results and 0 failures
[92mINFO [0m:      
[92mINFO [0m:      [ROUND 48]
[92mINFO [0m:      configure_fit: strategy sampled 10 clients (out of 10)
[36m(ClientAppActor pid=450346)[0m 
[36m(ClientAppActor pid=450346)[0m         
[36m(ClientAppActor pid=450351)[0m 
[36m(ClientAppActor pid=450351)[0m         
[36m(ClientAppActor pid=450350)[0m 
[36m(ClientAppActor pid=450350)[0m         
[36m(ClientAppActor pid=450348)[0m 
[36m(ClientAppActor pid=450348)[0m         
[36m(ClientAppActor pid=450347)[0m 
[36m(ClientAppActor pid=450347)[0m         
[36m(ClientAppActor pid=450337)[0m 
[36m(ClientAppActor pid=450337)[0m         
[36m(ClientAppActor pid=450345)[0m 
[36m(ClientAppActor pid=450345)[0m         
[36m(ClientAppActor pid=450336)[0m 
[36m(ClientAppActor pid=450336)[0m         
[36m(ClientAppActor pid=450349)[0m 
[36m(ClientAppActor pid=450349)[0m         
[36m(ClientAppActor pid=450344)[0m 
[36m(ClientAppActor pid=450344)[0m         
[36m(ClientAppActor pid=450344)[0m [93mWARNING [0m:   DEPRECATED FEATURE: `client_fn` now expects a signature `def client_fn(context: Context)`.The provided `client_fn` has signature: {'cid': <Parameter "cid: 'str'">}. You can import the `Context` like this: `from flwr.common import Context`[32m [repeated 40x across cluster][0m
[36m(ClientAppActor pid=450344)[0m             This is a deprecated feature. It will be removed[32m [repeated 40x across cluster][0m
[36m(ClientAppActor pid=450344)[0m             entirely in future versions of Flower.[32m [repeated 40x across cluster][0m
[36m(ClientAppActor pid=450344)[0m /home/bk489/federated_clean/cleanest_federated/fl-dermamnist-starter/metrics/evaluation.py:68: UserWarning: AUROC set to NaN because present classes are [0, 1, 2, 5], expected [0, 1, 2, 3, 4, 5, 6][32m [repeated 20x across cluster][0m
[36m(ClientAppActor pid=450344)[0m   warnings.warn(f'AUROC set to NaN because present classes are {present_classes}, expected {labels}')[32m [repeated 20x across cluster][0m
[36m(ClientAppActor pid=450345)[0m /home/bk489/federated_clean/.venv/lib/python3.9/site-packages/sklearn/metrics/_classification.py:2524: UserWarning: y_pred contains classes not in y_true[32m [repeated 12x across cluster][0m
[36m(ClientAppActor pid=450345)[0m   warnings.warn("y_pred contains classes not in y_true")[32m [repeated 12x across cluster][0m
[92mINFO [0m:      aggregate_fit: received 10 results and 0 failures
[92mINFO [0m:      fit progress: (48, 0.7210412821170696, {'accuracy': 0.7437686939182453, 'balanced_accuracy': 0.3178190630181263, 'macro_f1': 0.3169248598639907, 'worst_class_f1': 0.0, 'worst_class_recall': 0.0, 'f1_actinic_keratoses_an': 0.40963855421686746, 'recall_actinic_keratoses_an': 0.5151515151515151, 'f1_basal_cell_carcinoma': 0.0, 'recall_basal_cell_carcinoma': 0.0, 'f1_benign_keratosis-lik': 0.5096153846153846, 'recall_benign_keratosis-lik': 0.4818181818181818, 'f1_dermatofibroma': 0.0, 'recall_dermatofibroma': 0.0, 'f1_melanoma': 0.291970802919708, 'recall_melanoma': 0.18018018018018017, 'f1_melanocytic_nevi': 0.8739159439626417, 'recall_melanocytic_nevi': 0.9761549925484352, 'f1_vascular_lesions': 0.13333333333333333, 'recall_vascular_lesions': 0.07142857142857142}, 148.8445217880071)
[92mINFO [0m:      configure_evaluate: strategy sampled 10 clients (out of 10)
[36m(ClientAppActor pid=450351)[0m 
[36m(ClientAppActor pid=450351)[0m         
[36m(ClientAppActor pid=450349)[0m 
[36m(ClientAppActor pid=450349)[0m         
[36m(ClientAppActor pid=450336)[0m 
[36m(ClientAppActor pid=450336)[0m         
[36m(ClientAppActor pid=450348)[0m 
[36m(ClientAppActor pid=450348)[0m         
[36m(ClientAppActor pid=450345)[0m 
[36m(ClientAppActor pid=450345)[0m         
[36m(ClientAppActor pid=450344)[0m 
[36m(ClientAppActor pid=450344)[0m         
[36m(ClientAppActor pid=450346)[0m 
[36m(ClientAppActor pid=450346)[0m         
[36m(ClientAppActor pid=450350)[0m 
[36m(ClientAppActor pid=450350)[0m         
[36m(ClientAppActor pid=450347)[0m 
[36m(ClientAppActor pid=450347)[0m         
[36m(ClientAppActor pid=450337)[0m 
[36m(ClientAppActor pid=450337)[0m         
[92mINFO [0m:      aggregate_evaluate: received 10 results and 0 failures
[92mINFO [0m:      
[92mINFO [0m:      [ROUND 49]
[92mINFO [0m:      configure_fit: strategy sampled 10 clients (out of 10)
[36m(ClientAppActor pid=450346)[0m 
[36m(ClientAppActor pid=450346)[0m         
[36m(ClientAppActor pid=450351)[0m 
[36m(ClientAppActor pid=450351)[0m         
[36m(ClientAppActor pid=450350)[0m 
[36m(ClientAppActor pid=450350)[0m         
[36m(ClientAppActor pid=450348)[0m 
[36m(ClientAppActor pid=450348)[0m         
[36m(ClientAppActor pid=450347)[0m 
[36m(ClientAppActor pid=450347)[0m         
[36m(ClientAppActor pid=450337)[0m 
[36m(ClientAppActor pid=450337)[0m         
[36m(ClientAppActor pid=450345)[0m 
[36m(ClientAppActor pid=450345)[0m         
[36m(ClientAppActor pid=450336)[0m 
[36m(ClientAppActor pid=450336)[0m         
[36m(ClientAppActor pid=450349)[0m 
[36m(ClientAppActor pid=450349)[0m         
[36m(ClientAppActor pid=450344)[0m 
[36m(ClientAppActor pid=450344)[0m         
[36m(ClientAppActor pid=450348)[0m /home/bk489/federated_clean/cleanest_federated/fl-dermamnist-starter/data/download.py:27: UserWarning: The given NumPy array is not writable, and PyTorch does not support non-writable tensors. This means writing to this tensor will result in undefined behavior. You may want to copy the array to protect its data or make it writable before converting it to a tensor. This type of warning will be suppressed for the rest of this program. (Triggered internally at /pytorch/torch/csrc/utils/tensor_numpy.cpp:203.)[32m [repeated 204x across cluster][0m
[36m(ClientAppActor pid=450348)[0m   tensor = torch.as_tensor(image)[32m [repeated 204x across cluster][0m
[92mINFO [0m:      aggregate_fit: received 10 results and 0 failures
[92mINFO [0m:      fit progress: (49, 0.7382860161728065, {'accuracy': 0.7208374875373879, 'balanced_accuracy': 0.27543203046715925, 'macro_f1': 0.28158899235217094, 'worst_class_f1': 0.0, 'worst_class_recall': 0.0, 'f1_actinic_keratoses_an': 0.38461538461538464, 'recall_actinic_keratoses_an': 0.45454545454545453, 'f1_basal_cell_carcinoma': 0.0, 'recall_basal_cell_carcinoma': 0.0, 'f1_benign_keratosis-lik': 0.3780487804878049, 'recall_benign_keratosis-lik': 0.2818181818181818, 'f1_dermatofibroma': 0.0, 'recall_dermatofibroma': 0.0, 'f1_melanoma': 0.2222222222222222, 'recall_melanoma': 0.13513513513513514, 'f1_melanocytic_nevi': 0.8529032258064516, 'recall_melanocytic_nevi': 0.9850968703427719, 'f1_vascular_lesions': 0.13333333333333333, 'recall_vascular_lesions': 0.07142857142857142}, 151.77960851299576)
[92mINFO [0m:      configure_evaluate: strategy sampled 10 clients (out of 10)
[36m(ClientAppActor pid=450350)[0m 
[36m(ClientAppActor pid=450350)[0m         
[36m(ClientAppActor pid=450350)[0m [93mWARNING [0m:   DEPRECATED FEATURE: `client_fn` now expects a signature `def client_fn(context: Context)`.The provided `client_fn` has signature: {'cid': <Parameter "cid: 'str'">}. You can import the `Context` like this: `from flwr.common import Context`[32m [repeated 21x across cluster][0m
[36m(ClientAppActor pid=450350)[0m             This is a deprecated feature. It will be removed[32m [repeated 21x across cluster][0m
[36m(ClientAppActor pid=450350)[0m             entirely in future versions of Flower.[32m [repeated 21x across cluster][0m
[36m(ClientAppActor pid=450337)[0m /home/bk489/federated_clean/cleanest_federated/fl-dermamnist-starter/metrics/evaluation.py:68: UserWarning: AUROC set to NaN because present classes are [0, 2, 3, 4, 5, 6], expected [0, 1, 2, 3, 4, 5, 6][32m [repeated 10x across cluster][0m
[36m(ClientAppActor pid=450337)[0m   warnings.warn(f'AUROC set to NaN because present classes are {present_classes}, expected {labels}')[32m [repeated 10x across cluster][0m
[36m(ClientAppActor pid=450344)[0m /home/bk489/federated_clean/.venv/lib/python3.9/site-packages/sklearn/metrics/_classification.py:2524: UserWarning: y_pred contains classes not in y_true[32m [repeated 6x across cluster][0m
[36m(ClientAppActor pid=450344)[0m   warnings.warn("y_pred contains classes not in y_true")[32m [repeated 6x across cluster][0m
[36m(ClientAppActor pid=450348)[0m 
[36m(ClientAppActor pid=450348)[0m         
[36m(ClientAppActor pid=450347)[0m 
[36m(ClientAppActor pid=450347)[0m         
[36m(ClientAppActor pid=450345)[0m 
[36m(ClientAppActor pid=450345)[0m         
[36m(ClientAppActor pid=450336)[0m 
[36m(ClientAppActor pid=450336)[0m         
[36m(ClientAppActor pid=450344)[0m 
[36m(ClientAppActor pid=450344)[0m         
[36m(ClientAppActor pid=450351)[0m 
[36m(ClientAppActor pid=450351)[0m         
[36m(ClientAppActor pid=450349)[0m 
[36m(ClientAppActor pid=450349)[0m         
[36m(ClientAppActor pid=450337)[0m 
[36m(ClientAppActor pid=450337)[0m         
[36m(ClientAppActor pid=450346)[0m 
[36m(ClientAppActor pid=450346)[0m         
[92mINFO [0m:      aggregate_evaluate: received 10 results and 0 failures
[92mINFO [0m:      
[92mINFO [0m:      [ROUND 50]
[92mINFO [0m:      configure_fit: strategy sampled 10 clients (out of 10)
[36m(ClientAppActor pid=450346)[0m 
[36m(ClientAppActor pid=450346)[0m         
[36m(ClientAppActor pid=450337)[0m 
[36m(ClientAppActor pid=450337)[0m         
[36m(ClientAppActor pid=450345)[0m 
[36m(ClientAppActor pid=450345)[0m         
[36m(ClientAppActor pid=450349)[0m 
[36m(ClientAppActor pid=450349)[0m         
[36m(ClientAppActor pid=450344)[0m 
[36m(ClientAppActor pid=450344)[0m         
[36m(ClientAppActor pid=450351)[0m 
[36m(ClientAppActor pid=450351)[0m         
[36m(ClientAppActor pid=450336)[0m 
[36m(ClientAppActor pid=450336)[0m         
[36m(ClientAppActor pid=450348)[0m 
[36m(ClientAppActor pid=450348)[0m         
[36m(ClientAppActor pid=450350)[0m 
[36m(ClientAppActor pid=450350)[0m         
[36m(ClientAppActor pid=450347)[0m 
[36m(ClientAppActor pid=450347)[0m         
[92mINFO [0m:      aggregate_fit: received 10 results and 0 failures
[92mINFO [0m:      fit progress: (50, 0.7383997495010391, {'accuracy': 0.7278165503489531, 'balanced_accuracy': 0.2776504294068697, 'macro_f1': 0.2850135573168661, 'worst_class_f1': 0.0, 'worst_class_recall': 0.0, 'f1_actinic_keratoses_an': 0.35294117647058826, 'recall_actinic_keratoses_an': 0.36363636363636365, 'f1_basal_cell_carcinoma': 0.0, 'recall_basal_cell_carcinoma': 0.0, 'f1_benign_keratosis-lik': 0.47474747474747475, 'recall_benign_keratosis-lik': 0.42727272727272725, 'f1_dermatofibroma': 0.0, 'recall_dermatofibroma': 0.0, 'f1_melanoma': 0.176, 'recall_melanoma': 0.0990990990990991, 'f1_melanocytic_nevi': 0.8580729166666666, 'recall_melanocytic_nevi': 0.9821162444113264, 'f1_vascular_lesions': 0.13333333333333333, 'recall_vascular_lesions': 0.07142857142857142}, 154.70989213100984)
[92mINFO [0m:      configure_evaluate: strategy sampled 10 clients (out of 10)
[36m(ClientAppActor pid=450346)[0m 
[36m(ClientAppActor pid=450346)[0m         
[36m(ClientAppActor pid=450349)[0m 
[36m(ClientAppActor pid=450349)[0m         
[36m(ClientAppActor pid=450344)[0m 
[36m(ClientAppActor pid=450344)[0m         
[36m(ClientAppActor pid=450351)[0m 
[36m(ClientAppActor pid=450351)[0m         
[36m(ClientAppActor pid=450350)[0m 
[36m(ClientAppActor pid=450350)[0m         
[36m(ClientAppActor pid=450348)[0m 
[36m(ClientAppActor pid=450348)[0m         
[36m(ClientAppActor pid=450347)[0m 
[36m(ClientAppActor pid=450347)[0m         
[36m(ClientAppActor pid=450337)[0m 
[36m(ClientAppActor pid=450337)[0m         
[36m(ClientAppActor pid=450345)[0m 
[36m(ClientAppActor pid=450345)[0m         
[36m(ClientAppActor pid=450336)[0m 
[36m(ClientAppActor pid=450336)[0m         
[92mINFO [0m:      aggregate_evaluate: received 10 results and 0 failures
[92mINFO [0m:      
[92mINFO [0m:      [ROUND 51]
[92mINFO [0m:      configure_fit: strategy sampled 10 clients (out of 10)
[36m(ClientAppActor pid=450346)[0m 
[36m(ClientAppActor pid=450346)[0m         
[36m(ClientAppActor pid=450351)[0m 
[36m(ClientAppActor pid=450351)[0m         
[36m(ClientAppActor pid=450350)[0m 
[36m(ClientAppActor pid=450350)[0m         
[36m(ClientAppActor pid=450348)[0m 
[36m(ClientAppActor pid=450348)[0m         
[36m(ClientAppActor pid=450347)[0m 
[36m(ClientAppActor pid=450347)[0m         
[36m(ClientAppActor pid=450337)[0m 
[36m(ClientAppActor pid=450337)[0m         
[36m(ClientAppActor pid=450345)[0m 
[36m(ClientAppActor pid=450345)[0m         
[36m(ClientAppActor pid=450336)[0m 
[36m(ClientAppActor pid=450336)[0m         
[36m(ClientAppActor pid=450349)[0m 
[36m(ClientAppActor pid=450349)[0m         
[36m(ClientAppActor pid=450344)[0m 
[36m(ClientAppActor pid=450344)[0m         
[36m(ClientAppActor pid=450348)[0m /home/bk489/federated_clean/cleanest_federated/fl-dermamnist-starter/data/download.py:27: UserWarning: The given NumPy array is not writable, and PyTorch does not support non-writable tensors. This means writing to this tensor will result in undefined behavior. You may want to copy the array to protect its data or make it writable before converting it to a tensor. This type of warning will be suppressed for the rest of this program. (Triggered internally at /pytorch/torch/csrc/utils/tensor_numpy.cpp:203.)[32m [repeated 165x across cluster][0m
[36m(ClientAppActor pid=450348)[0m   tensor = torch.as_tensor(image)[32m [repeated 165x across cluster][0m
[36m(ClientAppActor pid=450344)[0m [93mWARNING [0m:   DEPRECATED FEATURE: `client_fn` now expects a signature `def client_fn(context: Context)`.The provided `client_fn` has signature: {'cid': <Parameter "cid: 'str'">}. You can import the `Context` like this: `from flwr.common import Context`[32m [repeated 39x across cluster][0m
[36m(ClientAppActor pid=450344)[0m             This is a deprecated feature. It will be removed[32m [repeated 39x across cluster][0m
[36m(ClientAppActor pid=450344)[0m             entirely in future versions of Flower.[32m [repeated 39x across cluster][0m
[36m(ClientAppActor pid=450337)[0m /home/bk489/federated_clean/cleanest_federated/fl-dermamnist-starter/metrics/evaluation.py:68: UserWarning: AUROC set to NaN because present classes are [2, 4, 5], expected [0, 1, 2, 3, 4, 5, 6][32m [repeated 20x across cluster][0m
[36m(ClientAppActor pid=450337)[0m   warnings.warn(f'AUROC set to NaN because present classes are {present_classes}, expected {labels}')[32m [repeated 20x across cluster][0m
[36m(ClientAppActor pid=450345)[0m /home/bk489/federated_clean/.venv/lib/python3.9/site-packages/sklearn/metrics/_classification.py:2524: UserWarning: y_pred contains classes not in y_true[32m [repeated 12x across cluster][0m
[36m(ClientAppActor pid=450345)[0m   warnings.warn("y_pred contains classes not in y_true")[32m [repeated 12x across cluster][0m
[92mINFO [0m:      aggregate_fit: received 10 results and 0 failures
[92mINFO [0m:      fit progress: (51, 0.7393333942797462, {'accuracy': 0.7367896311066799, 'balanced_accuracy': 0.3033693567651413, 'macro_f1': 0.3020609706644068, 'worst_class_f1': 0.0, 'worst_class_recall': 0.0, 'f1_actinic_keratoses_an': 0.39080459770114945, 'recall_actinic_keratoses_an': 0.5151515151515151, 'f1_basal_cell_carcinoma': 0.0, 'recall_basal_cell_carcinoma': 0.0, 'f1_benign_keratosis-lik': 0.5053763440860215, 'recall_benign_keratosis-lik': 0.42727272727272725, 'f1_dermatofibroma': 0.0, 'recall_dermatofibroma': 0.0, 'f1_melanoma': 0.2204724409448819, 'recall_melanoma': 0.12612612612612611, 'f1_melanocytic_nevi': 0.8644400785854617, 'recall_melanocytic_nevi': 0.9836065573770492, 'f1_vascular_lesions': 0.13333333333333333, 'recall_vascular_lesions': 0.07142857142857142}, 157.65415734800627)
[92mINFO [0m:      configure_evaluate: strategy sampled 10 clients (out of 10)
[36m(ClientAppActor pid=450347)[0m 
[36m(ClientAppActor pid=450347)[0m         
[36m(ClientAppActor pid=450350)[0m 
[36m(ClientAppActor pid=450350)[0m         
[36m(ClientAppActor pid=450346)[0m 
[36m(ClientAppActor pid=450346)[0m         
[36m(ClientAppActor pid=450351)[0m 
[36m(ClientAppActor pid=450351)[0m         
[36m(ClientAppActor pid=450351)[0m /home/bk489/federated_clean/.venv/lib/python3.9/site-packages/sklearn/metrics/_classification.py:407: UserWarning: A single label was found in 'y_true' and 'y_pred'. For the confusion matrix to have the correct shape, use the 'labels' parameter to pass all known labels.
[36m(ClientAppActor pid=450351)[0m   warnings.warn(
[36m(ClientAppActor pid=450348)[0m 
[36m(ClientAppActor pid=450348)[0m         
[36m(ClientAppActor pid=450337)[0m 
[36m(ClientAppActor pid=450337)[0m         
[36m(ClientAppActor pid=450345)[0m 
[36m(ClientAppActor pid=450345)[0m         
[36m(ClientAppActor pid=450336)[0m 
[36m(ClientAppActor pid=450336)[0m         
[36m(ClientAppActor pid=450349)[0m 
[36m(ClientAppActor pid=450349)[0m         
[36m(ClientAppActor pid=450344)[0m 
[36m(ClientAppActor pid=450344)[0m         
[92mINFO [0m:      aggregate_evaluate: received 10 results and 0 failures
[92mINFO [0m:      
[92mINFO [0m:      [ROUND 52]
[92mINFO [0m:      configure_fit: strategy sampled 10 clients (out of 10)
[36m(ClientAppActor pid=450346)[0m 
[36m(ClientAppActor pid=450346)[0m         
[36m(ClientAppActor pid=450351)[0m 
[36m(ClientAppActor pid=450351)[0m         
[36m(ClientAppActor pid=450350)[0m 
[36m(ClientAppActor pid=450350)[0m         
[36m(ClientAppActor pid=450348)[0m 
[36m(ClientAppActor pid=450348)[0m         
[36m(ClientAppActor pid=450337)[0m 
[36m(ClientAppActor pid=450337)[0m         
[36m(ClientAppActor pid=450345)[0m 
[36m(ClientAppActor pid=450345)[0m         
[36m(ClientAppActor pid=450336)[0m 
[36m(ClientAppActor pid=450336)[0m         
[36m(ClientAppActor pid=450349)[0m 
[36m(ClientAppActor pid=450349)[0m         
[36m(ClientAppActor pid=450344)[0m 
[36m(ClientAppActor pid=450344)[0m         
[36m(ClientAppActor pid=450347)[0m 
[36m(ClientAppActor pid=450347)[0m         
[92mINFO [0m:      aggregate_fit: received 10 results and 0 failures
[92mINFO [0m:      fit progress: (52, 0.7171096489769393, {'accuracy': 0.7417746759720838, 'balanced_accuracy': 0.32304124130822026, 'macro_f1': 0.32662412012141345, 'worst_class_f1': 0.0, 'worst_class_recall': 0.0, 'f1_actinic_keratoses_an': 0.37362637362637363, 'recall_actinic_keratoses_an': 0.5151515151515151, 'f1_basal_cell_carcinoma': 0.0, 'recall_basal_cell_carcinoma': 0.0, 'f1_benign_keratosis-lik': 0.5077720207253886, 'recall_benign_keratosis-lik': 0.44545454545454544, 'f1_dermatofibroma': 0.0, 'recall_dermatofibroma': 0.0, 'f1_melanoma': 0.27972027972027974, 'recall_melanoma': 0.18018018018018017, 'f1_melanocytic_nevi': 0.875250166777852, 'recall_melanocytic_nevi': 0.977645305514158, 'f1_vascular_lesions': 0.25, 'recall_vascular_lesions': 0.14285714285714285}, 160.61796839701128)
[92mINFO [0m:      configure_evaluate: strategy sampled 10 clients (out of 10)
[36m(ClientAppActor pid=450350)[0m 
[36m(ClientAppActor pid=450350)[0m         
[36m(ClientAppActor pid=450347)[0m /home/bk489/federated_clean/cleanest_federated/fl-dermamnist-starter/data/download.py:27: UserWarning: The given NumPy array is not writable, and PyTorch does not support non-writable tensors. This means writing to this tensor will result in undefined behavior. You may want to copy the array to protect its data or make it writable before converting it to a tensor. This type of warning will be suppressed for the rest of this program. (Triggered internally at /pytorch/torch/csrc/utils/tensor_numpy.cpp:203.)[32m [repeated 178x across cluster][0m
[36m(ClientAppActor pid=450347)[0m   tensor = torch.as_tensor(image)[32m [repeated 178x across cluster][0m
[36m(ClientAppActor pid=450347)[0m 
[36m(ClientAppActor pid=450347)[0m         
[36m(ClientAppActor pid=450348)[0m 
[36m(ClientAppActor pid=450348)[0m         
[36m(ClientAppActor pid=450349)[0m 
[36m(ClientAppActor pid=450349)[0m         
[36m(ClientAppActor pid=450346)[0m 
[36m(ClientAppActor pid=450346)[0m         
[36m(ClientAppActor pid=450351)[0m 
[36m(ClientAppActor pid=450351)[0m         
[36m(ClientAppActor pid=450337)[0m 
[36m(ClientAppActor pid=450337)[0m         
[36m(ClientAppActor pid=450345)[0m 
[36m(ClientAppActor pid=450345)[0m         
[36m(ClientAppActor pid=450336)[0m 
[36m(ClientAppActor pid=450336)[0m         
[36m(ClientAppActor pid=450344)[0m 
[36m(ClientAppActor pid=450344)[0m         
[92mINFO [0m:      aggregate_evaluate: received 10 results and 0 failures
[92mINFO [0m:      
[92mINFO [0m:      [ROUND 53]
[92mINFO [0m:      configure_fit: strategy sampled 10 clients (out of 10)
[36m(ClientAppActor pid=450346)[0m 
[36m(ClientAppActor pid=450346)[0m         
[36m(ClientAppActor pid=450351)[0m 
[36m(ClientAppActor pid=450351)[0m         
[36m(ClientAppActor pid=450350)[0m 
[36m(ClientAppActor pid=450350)[0m         
[36m(ClientAppActor pid=450337)[0m 
[36m(ClientAppActor pid=450337)[0m         
[36m(ClientAppActor pid=450345)[0m 
[36m(ClientAppActor pid=450345)[0m         
[36m(ClientAppActor pid=450336)[0m 
[36m(ClientAppActor pid=450336)[0m         
[36m(ClientAppActor pid=450349)[0m 
[36m(ClientAppActor pid=450349)[0m         
[36m(ClientAppActor pid=450344)[0m 
[36m(ClientAppActor pid=450344)[0m         
[36m(ClientAppActor pid=450348)[0m 
[36m(ClientAppActor pid=450348)[0m         
[36m(ClientAppActor pid=450347)[0m 
[36m(ClientAppActor pid=450347)[0m         
[36m(ClientAppActor pid=450347)[0m [93mWARNING [0m:   DEPRECATED FEATURE: `client_fn` now expects a signature `def client_fn(context: Context)`.The provided `client_fn` has signature: {'cid': <Parameter "cid: 'str'">}. You can import the `Context` like this: `from flwr.common import Context`[32m [repeated 40x across cluster][0m
[36m(ClientAppActor pid=450347)[0m             This is a deprecated feature. It will be removed[32m [repeated 40x across cluster][0m
[36m(ClientAppActor pid=450347)[0m             entirely in future versions of Flower.[32m [repeated 40x across cluster][0m
[36m(ClientAppActor pid=450344)[0m /home/bk489/federated_clean/cleanest_federated/fl-dermamnist-starter/metrics/evaluation.py:68: UserWarning: AUROC set to NaN because present classes are [0, 1, 2, 4, 6], expected [0, 1, 2, 3, 4, 5, 6][32m [repeated 20x across cluster][0m
[36m(ClientAppActor pid=450344)[0m   warnings.warn(f'AUROC set to NaN because present classes are {present_classes}, expected {labels}')[32m [repeated 20x across cluster][0m
[36m(ClientAppActor pid=450344)[0m /home/bk489/federated_clean/.venv/lib/python3.9/site-packages/sklearn/metrics/_classification.py:2524: UserWarning: y_pred contains classes not in y_true[32m [repeated 11x across cluster][0m
[36m(ClientAppActor pid=450344)[0m   warnings.warn("y_pred contains classes not in y_true")[32m [repeated 11x across cluster][0m
[92mINFO [0m:      aggregate_fit: received 10 results and 0 failures
[92mINFO [0m:      fit progress: (53, 0.7420786609678183, {'accuracy': 0.7278165503489531, 'balanced_accuracy': 0.2873572194415286, 'macro_f1': 0.3053967742679235, 'worst_class_f1': 0.0, 'worst_class_recall': 0.0, 'f1_actinic_keratoses_an': 0.3283582089552239, 'recall_actinic_keratoses_an': 0.3333333333333333, 'f1_basal_cell_carcinoma': 0.0, 'recall_basal_cell_carcinoma': 0.0, 'f1_benign_keratosis-lik': 0.41916167664670656, 'recall_benign_keratosis-lik': 0.3181818181818182, 'f1_dermatofibroma': 0.0, 'recall_dermatofibroma': 0.0, 'f1_melanoma': 0.4022346368715084, 'recall_melanoma': 0.32432432432432434, 'f1_melanocytic_nevi': 0.8546895640686922, 'recall_melanocytic_nevi': 0.9642324888226528, 'f1_vascular_lesions': 0.13333333333333333, 'recall_vascular_lesions': 0.07142857142857142}, 163.54717177001294)
[92mINFO [0m:      configure_evaluate: strategy sampled 10 clients (out of 10)
[36m(ClientAppActor pid=450346)[0m 
[36m(ClientAppActor pid=450346)[0m         
[36m(ClientAppActor pid=450350)[0m 
[36m(ClientAppActor pid=450350)[0m         
[36m(ClientAppActor pid=450348)[0m 
[36m(ClientAppActor pid=450348)[0m         
[36m(ClientAppActor pid=450347)[0m 
[36m(ClientAppActor pid=450347)[0m         
[36m(ClientAppActor pid=450345)[0m 
[36m(ClientAppActor pid=450345)[0m         
[36m(ClientAppActor pid=450336)[0m 
[36m(ClientAppActor pid=450336)[0m         
[36m(ClientAppActor pid=450349)[0m 
[36m(ClientAppActor pid=450349)[0m         
[36m(ClientAppActor pid=450337)[0m 
[36m(ClientAppActor pid=450337)[0m         
[36m(ClientAppActor pid=450344)[0m 
[36m(ClientAppActor pid=450344)[0m         
[36m(ClientAppActor pid=450351)[0m 
[36m(ClientAppActor pid=450351)[0m         
[92mINFO [0m:      aggregate_evaluate: received 10 results and 0 failures
[92mINFO [0m:      
[92mINFO [0m:      [ROUND 54]
[92mINFO [0m:      configure_fit: strategy sampled 10 clients (out of 10)
[36m(ClientAppActor pid=450351)[0m 
[36m(ClientAppActor pid=450351)[0m         
[36m(ClientAppActor pid=450344)[0m 
[36m(ClientAppActor pid=450344)[0m         
[36m(ClientAppActor pid=450337)[0m 
[36m(ClientAppActor pid=450337)[0m         
[36m(ClientAppActor pid=450349)[0m 
[36m(ClientAppActor pid=450349)[0m         
[36m(ClientAppActor pid=450347)[0m 
[36m(ClientAppActor pid=450347)[0m         
[36m(ClientAppActor pid=450346)[0m 
[36m(ClientAppActor pid=450346)[0m         
[36m(ClientAppActor pid=450350)[0m 
[36m(ClientAppActor pid=450350)[0m         
[36m(ClientAppActor pid=450348)[0m 
[36m(ClientAppActor pid=450348)[0m         
[36m(ClientAppActor pid=450345)[0m 
[36m(ClientAppActor pid=450345)[0m         
[36m(ClientAppActor pid=450336)[0m 
[36m(ClientAppActor pid=450336)[0m         
[36m(ClientAppActor pid=450349)[0m /home/bk489/federated_clean/cleanest_federated/fl-dermamnist-starter/data/download.py:27: UserWarning: The given NumPy array is not writable, and PyTorch does not support non-writable tensors. This means writing to this tensor will result in undefined behavior. You may want to copy the array to protect its data or make it writable before converting it to a tensor. This type of warning will be suppressed for the rest of this program. (Triggered internally at /pytorch/torch/csrc/utils/tensor_numpy.cpp:203.)[32m [repeated 216x across cluster][0m
[36m(ClientAppActor pid=450349)[0m   tensor = torch.as_tensor(image)[32m [repeated 216x across cluster][0m
[92mINFO [0m:      aggregate_fit: received 10 results and 0 failures
[92mINFO [0m:      fit progress: (54, 0.7125219819790582, {'accuracy': 0.7308075772681955, 'balanced_accuracy': 0.32392161923777846, 'macro_f1': 0.3235182110916711, 'worst_class_f1': 0.0, 'worst_class_recall': 0.0, 'f1_actinic_keratoses_an': 0.34, 'recall_actinic_keratoses_an': 0.5151515151515151, 'f1_basal_cell_carcinoma': 0.0, 'recall_basal_cell_carcinoma': 0.0, 'f1_benign_keratosis-lik': 0.5077720207253886, 'recall_benign_keratosis-lik': 0.44545454545454544, 'f1_dermatofibroma': 0.0, 'recall_dermatofibroma': 0.0, 'f1_melanoma': 0.2987012987012987, 'recall_melanoma': 0.2072072072072072, 'f1_melanocytic_nevi': 0.8681541582150102, 'recall_melanocytic_nevi': 0.9567809239940388, 'f1_vascular_lesions': 0.25, 'recall_vascular_lesions': 0.14285714285714285}, 166.49364349499228)
[92mINFO [0m:      configure_evaluate: strategy sampled 10 clients (out of 10)
[36m(ClientAppActor pid=450346)[0m 
[36m(ClientAppActor pid=450346)[0m         
[36m(ClientAppActor pid=450351)[0m 
[36m(ClientAppActor pid=450351)[0m         
[36m(ClientAppActor pid=450350)[0m 
[36m(ClientAppActor pid=450350)[0m         
[36m(ClientAppActor pid=450348)[0m 
[36m(ClientAppActor pid=450348)[0m         
[36m(ClientAppActor pid=450347)[0m 
[36m(ClientAppActor pid=450347)[0m         
[36m(ClientAppActor pid=450337)[0m 
[36m(ClientAppActor pid=450337)[0m         
[36m(ClientAppActor pid=450345)[0m 
[36m(ClientAppActor pid=450345)[0m         
[36m(ClientAppActor pid=450336)[0m 
[36m(ClientAppActor pid=450336)[0m         
[36m(ClientAppActor pid=450349)[0m 
[36m(ClientAppActor pid=450349)[0m         
[36m(ClientAppActor pid=450344)[0m 
[36m(ClientAppActor pid=450344)[0m         
[36m(ClientAppActor pid=450336)[0m /home/bk489/federated_clean/.venv/lib/python3.9/site-packages/sklearn/metrics/_classification.py:407: UserWarning: A single label was found in 'y_true' and 'y_pred'. For the confusion matrix to have the correct shape, use the 'labels' parameter to pass all known labels.
[36m(ClientAppActor pid=450336)[0m   warnings.warn(
[92mINFO [0m:      aggregate_evaluate: received 10 results and 0 failures
[92mINFO [0m:      
[92mINFO [0m:      [ROUND 55]
[92mINFO [0m:      configure_fit: strategy sampled 10 clients (out of 10)
[36m(ClientAppActor pid=450351)[0m 
[36m(ClientAppActor pid=450351)[0m         
[36m(ClientAppActor pid=450350)[0m 
[36m(ClientAppActor pid=450350)[0m         
[36m(ClientAppActor pid=450348)[0m 
[36m(ClientAppActor pid=450348)[0m         
[36m(ClientAppActor pid=450347)[0m 
[36m(ClientAppActor pid=450347)[0m         
[36m(ClientAppActor pid=450349)[0m 
[36m(ClientAppActor pid=450349)[0m         
[36m(ClientAppActor pid=450337)[0m 
[36m(ClientAppActor pid=450337)[0m         
[36m(ClientAppActor pid=450344)[0m 
[36m(ClientAppActor pid=450344)[0m         
[36m(ClientAppActor pid=450336)[0m 
[36m(ClientAppActor pid=450336)[0m         
[36m(ClientAppActor pid=450346)[0m 
[36m(ClientAppActor pid=450346)[0m         
[36m(ClientAppActor pid=450345)[0m 
[36m(ClientAppActor pid=450345)[0m         
[36m(ClientAppActor pid=450345)[0m [93mWARNING [0m:   DEPRECATED FEATURE: `client_fn` now expects a signature `def client_fn(context: Context)`.The provided `client_fn` has signature: {'cid': <Parameter "cid: 'str'">}. You can import the `Context` like this: `from flwr.common import Context`[32m [repeated 40x across cluster][0m
[36m(ClientAppActor pid=450345)[0m             This is a deprecated feature. It will be removed[32m [repeated 40x across cluster][0m
[36m(ClientAppActor pid=450345)[0m             entirely in future versions of Flower.[32m [repeated 40x across cluster][0m
[36m(ClientAppActor pid=450349)[0m /home/bk489/federated_clean/cleanest_federated/fl-dermamnist-starter/metrics/evaluation.py:68: UserWarning: AUROC set to NaN because present classes are [0, 2, 3, 4, 5, 6], expected [0, 1, 2, 3, 4, 5, 6][32m [repeated 20x across cluster][0m
[36m(ClientAppActor pid=450349)[0m   warnings.warn(f'AUROC set to NaN because present classes are {present_classes}, expected {labels}')[32m [repeated 20x across cluster][0m
[36m(ClientAppActor pid=450337)[0m /home/bk489/federated_clean/.venv/lib/python3.9/site-packages/sklearn/metrics/_classification.py:2524: UserWarning: y_pred contains classes not in y_true[32m [repeated 11x across cluster][0m
[36m(ClientAppActor pid=450337)[0m   warnings.warn("y_pred contains classes not in y_true")[32m [repeated 11x across cluster][0m
[92mINFO [0m:      aggregate_fit: received 10 results and 0 failures
[92mINFO [0m:      fit progress: (55, 0.7234949217598555, {'accuracy': 0.744765702891326, 'balanced_accuracy': 0.33445604124761025, 'macro_f1': 0.3334558600708006, 'worst_class_f1': 0.0, 'worst_class_recall': 0.0, 'f1_actinic_keratoses_an': 0.3434343434343434, 'recall_actinic_keratoses_an': 0.5151515151515151, 'f1_basal_cell_carcinoma': 0.0, 'recall_basal_cell_carcinoma': 0.0, 'f1_benign_keratosis-lik': 0.5098039215686274, 'recall_benign_keratosis-lik': 0.4727272727272727, 'f1_dermatofibroma': 0.0, 'recall_dermatofibroma': 0.0, 'f1_melanoma': 0.34615384615384615, 'recall_melanoma': 0.24324324324324326, 'f1_melanocytic_nevi': 0.8847989093387867, 'recall_melanocytic_nevi': 0.9672131147540983, 'f1_vascular_lesions': 0.25, 'recall_vascular_lesions': 0.14285714285714285}, 169.4139075030107)
[92mINFO [0m:      configure_evaluate: strategy sampled 10 clients (out of 10)
[36m(ClientAppActor pid=450347)[0m 
[36m(ClientAppActor pid=450347)[0m         
[36m(ClientAppActor pid=450345)[0m 
[36m(ClientAppActor pid=450345)[0m         
[36m(ClientAppActor pid=450349)[0m 
[36m(ClientAppActor pid=450349)[0m         
[36m(ClientAppActor pid=450344)[0m 
[36m(ClientAppActor pid=450344)[0m         
[36m(ClientAppActor pid=450346)[0m 
[36m(ClientAppActor pid=450346)[0m         
[36m(ClientAppActor pid=450351)[0m 
[36m(ClientAppActor pid=450351)[0m         
[36m(ClientAppActor pid=450350)[0m 
[36m(ClientAppActor pid=450350)[0m         
[36m(ClientAppActor pid=450348)[0m 
[36m(ClientAppActor pid=450348)[0m         
[36m(ClientAppActor pid=450337)[0m 
[36m(ClientAppActor pid=450337)[0m         
[36m(ClientAppActor pid=450336)[0m 
[36m(ClientAppActor pid=450336)[0m         
[92mINFO [0m:      aggregate_evaluate: received 10 results and 0 failures
[92mINFO [0m:      
[92mINFO [0m:      [ROUND 56]
[92mINFO [0m:      configure_fit: strategy sampled 10 clients (out of 10)
[36m(ClientAppActor pid=450346)[0m 
[36m(ClientAppActor pid=450346)[0m         
[36m(ClientAppActor pid=450351)[0m 
[36m(ClientAppActor pid=450351)[0m         
[36m(ClientAppActor pid=450350)[0m 
[36m(ClientAppActor pid=450350)[0m         
[36m(ClientAppActor pid=450348)[0m 
[36m(ClientAppActor pid=450348)[0m         
[36m(ClientAppActor pid=450347)[0m 
[36m(ClientAppActor pid=450347)[0m         
[36m(ClientAppActor pid=450337)[0m 
[36m(ClientAppActor pid=450337)[0m         
[36m(ClientAppActor pid=450345)[0m 
[36m(ClientAppActor pid=450345)[0m         
[36m(ClientAppActor pid=450336)[0m 
[36m(ClientAppActor pid=450336)[0m         
[36m(ClientAppActor pid=450349)[0m 
[36m(ClientAppActor pid=450349)[0m         
[36m(ClientAppActor pid=450344)[0m 
[36m(ClientAppActor pid=450344)[0m         
[36m(ClientAppActor pid=450351)[0m /home/bk489/federated_clean/cleanest_federated/fl-dermamnist-starter/data/download.py:27: UserWarning: The given NumPy array is not writable, and PyTorch does not support non-writable tensors. This means writing to this tensor will result in undefined behavior. You may want to copy the array to protect its data or make it writable before converting it to a tensor. This type of warning will be suppressed for the rest of this program. (Triggered internally at /pytorch/torch/csrc/utils/tensor_numpy.cpp:203.)[32m [repeated 204x across cluster][0m
[36m(ClientAppActor pid=450351)[0m   tensor = torch.as_tensor(image)[32m [repeated 204x across cluster][0m
[92mINFO [0m:      aggregate_fit: received 10 results and 0 failures
[92mINFO [0m:      fit progress: (56, 0.7295218483876373, {'accuracy': 0.7308075772681955, 'balanced_accuracy': 0.3086451989262294, 'macro_f1': 0.3303821514030491, 'worst_class_f1': 0.0, 'worst_class_recall': 0.0, 'f1_actinic_keratoses_an': 0.379746835443038, 'recall_actinic_keratoses_an': 0.45454545454545453, 'f1_basal_cell_carcinoma': 0.0, 'recall_basal_cell_carcinoma': 0.0, 'f1_benign_keratosis-lik': 0.44171779141104295, 'recall_benign_keratosis-lik': 0.32727272727272727, 'f1_dermatofibroma': 0.15384615384615385, 'recall_dermatofibroma': 0.08333333333333333, 'f1_melanoma': 0.34782608695652173, 'recall_melanoma': 0.25225225225225223, 'f1_melanocytic_nevi': 0.8562048588312541, 'recall_melanocytic_nevi': 0.9716840536512668, 'f1_vascular_lesions': 0.13333333333333333, 'recall_vascular_lesions': 0.07142857142857142}, 172.3438292699866)
[92mINFO [0m:      configure_evaluate: strategy sampled 10 clients (out of 10)
[36m(ClientAppActor pid=450351)[0m 
[36m(ClientAppActor pid=450351)[0m         
[36m(ClientAppActor pid=450351)[0m [93mWARNING [0m:   DEPRECATED FEATURE: `client_fn` now expects a signature `def client_fn(context: Context)`.The provided `client_fn` has signature: {'cid': <Parameter "cid: 'str'">}. You can import the `Context` like this: `from flwr.common import Context`[32m [repeated 21x across cluster][0m
[36m(ClientAppActor pid=450351)[0m             This is a deprecated feature. It will be removed[32m [repeated 21x across cluster][0m
[36m(ClientAppActor pid=450351)[0m             entirely in future versions of Flower.[32m [repeated 21x across cluster][0m
[36m(ClientAppActor pid=450348)[0m /home/bk489/federated_clean/cleanest_federated/fl-dermamnist-starter/metrics/evaluation.py:68: UserWarning: AUROC set to NaN because present classes are [0, 3, 4, 5, 6], expected [0, 1, 2, 3, 4, 5, 6][32m [repeated 10x across cluster][0m
[36m(ClientAppActor pid=450348)[0m   warnings.warn(f'AUROC set to NaN because present classes are {present_classes}, expected {labels}')[32m [repeated 10x across cluster][0m
[36m(ClientAppActor pid=450348)[0m /home/bk489/federated_clean/.venv/lib/python3.9/site-packages/sklearn/metrics/_classification.py:2524: UserWarning: y_pred contains classes not in y_true[32m [repeated 7x across cluster][0m
[36m(ClientAppActor pid=450348)[0m   warnings.warn("y_pred contains classes not in y_true")[32m [repeated 7x across cluster][0m
[36m(ClientAppActor pid=450348)[0m 
[36m(ClientAppActor pid=450348)[0m         
[36m(ClientAppActor pid=450345)[0m 
[36m(ClientAppActor pid=450345)[0m         
[36m(ClientAppActor pid=450344)[0m 
[36m(ClientAppActor pid=450344)[0m         
[36m(ClientAppActor pid=450337)[0m 
[36m(ClientAppActor pid=450337)[0m         
[36m(ClientAppActor pid=450346)[0m 
[36m(ClientAppActor pid=450346)[0m         
[36m(ClientAppActor pid=450350)[0m 
[36m(ClientAppActor pid=450350)[0m         
[36m(ClientAppActor pid=450347)[0m 
[36m(ClientAppActor pid=450347)[0m         
[36m(ClientAppActor pid=450336)[0m 
[36m(ClientAppActor pid=450336)[0m         
[36m(ClientAppActor pid=450349)[0m 
[36m(ClientAppActor pid=450349)[0m         
[92mINFO [0m:      aggregate_evaluate: received 10 results and 0 failures
[92mINFO [0m:      
[92mINFO [0m:      [ROUND 57]
[92mINFO [0m:      configure_fit: strategy sampled 10 clients (out of 10)
[36m(ClientAppActor pid=450346)[0m 
[36m(ClientAppActor pid=450346)[0m         
[36m(ClientAppActor pid=450351)[0m 
[36m(ClientAppActor pid=450351)[0m         
[36m(ClientAppActor pid=450350)[0m 
[36m(ClientAppActor pid=450350)[0m         
[36m(ClientAppActor pid=450348)[0m 
[36m(ClientAppActor pid=450348)[0m         
[36m(ClientAppActor pid=450347)[0m 
[36m(ClientAppActor pid=450347)[0m         
[36m(ClientAppActor pid=450337)[0m 
[36m(ClientAppActor pid=450337)[0m         
[36m(ClientAppActor pid=450345)[0m 
[36m(ClientAppActor pid=450345)[0m         
[36m(ClientAppActor pid=450336)[0m 
[36m(ClientAppActor pid=450336)[0m         
[36m(ClientAppActor pid=450349)[0m 
[36m(ClientAppActor pid=450349)[0m         
[36m(ClientAppActor pid=450344)[0m 
[36m(ClientAppActor pid=450344)[0m         
[92mINFO [0m:      aggregate_fit: received 10 results and 0 failures
[92mINFO [0m:      fit progress: (57, 0.7346831198822584, {'accuracy': 0.7367896311066799, 'balanced_accuracy': 0.2835100254304001, 'macro_f1': 0.3053680676654668, 'worst_class_f1': 0.0, 'worst_class_recall': 0.0, 'f1_actinic_keratoses_an': 0.2857142857142857, 'recall_actinic_keratoses_an': 0.24242424242424243, 'f1_basal_cell_carcinoma': 0.0, 'recall_basal_cell_carcinoma': 0.0, 'f1_benign_keratosis-lik': 0.48205128205128206, 'recall_benign_keratosis-lik': 0.42727272727272725, 'f1_dermatofibroma': 0.0, 'recall_dermatofibroma': 0.0, 'f1_melanoma': 0.375, 'recall_melanoma': 0.2702702702702703, 'f1_melanocytic_nevi': 0.8614775725593667, 'recall_melanocytic_nevi': 0.9731743666169895, 'f1_vascular_lesions': 0.13333333333333333, 'recall_vascular_lesions': 0.07142857142857142}, 175.21618806399056)
[92mINFO [0m:      configure_evaluate: strategy sampled 10 clients (out of 10)
[36m(ClientAppActor pid=450350)[0m 
[36m(ClientAppActor pid=450350)[0m         
[36m(ClientAppActor pid=450351)[0m 
[36m(ClientAppActor pid=450351)[0m         
[36m(ClientAppActor pid=450345)[0m 
[36m(ClientAppActor pid=450345)[0m         
[36m(ClientAppActor pid=450347)[0m 
[36m(ClientAppActor pid=450347)[0m         
[36m(ClientAppActor pid=450346)[0m 
[36m(ClientAppActor pid=450346)[0m         
[36m(ClientAppActor pid=450348)[0m 
[36m(ClientAppActor pid=450348)[0m         
[36m(ClientAppActor pid=450337)[0m 
[36m(ClientAppActor pid=450337)[0m         
[36m(ClientAppActor pid=450336)[0m 
[36m(ClientAppActor pid=450336)[0m         
[36m(ClientAppActor pid=450349)[0m 
[36m(ClientAppActor pid=450349)[0m         
[36m(ClientAppActor pid=450344)[0m 
[36m(ClientAppActor pid=450344)[0m         
[92mINFO [0m:      aggregate_evaluate: received 10 results and 0 failures
[92mINFO [0m:      
[92mINFO [0m:      [ROUND 58]
[92mINFO [0m:      configure_fit: strategy sampled 10 clients (out of 10)
[36m(ClientAppActor pid=450346)[0m 
[36m(ClientAppActor pid=450346)[0m         
[36m(ClientAppActor pid=450351)[0m 
[36m(ClientAppActor pid=450351)[0m         
[36m(ClientAppActor pid=450350)[0m 
[36m(ClientAppActor pid=450350)[0m         
[36m(ClientAppActor pid=450348)[0m 
[36m(ClientAppActor pid=450348)[0m         
[36m(ClientAppActor pid=450347)[0m 
[36m(ClientAppActor pid=450347)[0m         
[36m(ClientAppActor pid=450337)[0m 
[36m(ClientAppActor pid=450337)[0m         
[36m(ClientAppActor pid=450345)[0m 
[36m(ClientAppActor pid=450345)[0m         
[36m(ClientAppActor pid=450336)[0m 
[36m(ClientAppActor pid=450336)[0m         
[36m(ClientAppActor pid=450349)[0m 
[36m(ClientAppActor pid=450349)[0m         
[36m(ClientAppActor pid=450344)[0m 
[36m(ClientAppActor pid=450344)[0m         
[36m(ClientAppActor pid=450350)[0m /home/bk489/federated_clean/cleanest_federated/fl-dermamnist-starter/data/download.py:27: UserWarning: The given NumPy array is not writable, and PyTorch does not support non-writable tensors. This means writing to this tensor will result in undefined behavior. You may want to copy the array to protect its data or make it writable before converting it to a tensor. This type of warning will be suppressed for the rest of this program. (Triggered internally at /pytorch/torch/csrc/utils/tensor_numpy.cpp:203.)[32m [repeated 172x across cluster][0m
[36m(ClientAppActor pid=450350)[0m   tensor = torch.as_tensor(image)[32m [repeated 172x across cluster][0m
[36m(ClientAppActor pid=450344)[0m [93mWARNING [0m:   DEPRECATED FEATURE: `client_fn` now expects a signature `def client_fn(context: Context)`.The provided `client_fn` has signature: {'cid': <Parameter "cid: 'str'">}. You can import the `Context` like this: `from flwr.common import Context`[32m [repeated 39x across cluster][0m
[36m(ClientAppActor pid=450344)[0m             This is a deprecated feature. It will be removed[32m [repeated 39x across cluster][0m
[36m(ClientAppActor pid=450344)[0m             entirely in future versions of Flower.[32m [repeated 39x across cluster][0m
[36m(ClientAppActor pid=450346)[0m /home/bk489/federated_clean/cleanest_federated/fl-dermamnist-starter/metrics/evaluation.py:68: UserWarning: AUROC set to NaN because present classes are [0, 1, 4, 5], expected [0, 1, 2, 3, 4, 5, 6][32m [repeated 20x across cluster][0m
[36m(ClientAppActor pid=450346)[0m   warnings.warn(f'AUROC set to NaN because present classes are {present_classes}, expected {labels}')[32m [repeated 20x across cluster][0m
[36m(ClientAppActor pid=450346)[0m /home/bk489/federated_clean/.venv/lib/python3.9/site-packages/sklearn/metrics/_classification.py:2524: UserWarning: y_pred contains classes not in y_true[32m [repeated 11x across cluster][0m
[36m(ClientAppActor pid=450346)[0m   warnings.warn("y_pred contains classes not in y_true")[32m [repeated 11x across cluster][0m
[92mINFO [0m:      aggregate_fit: received 10 results and 0 failures
[92mINFO [0m:      fit progress: (58, 0.7116895950327842, {'accuracy': 0.7337986041874377, 'balanced_accuracy': 0.32620609447307336, 'macro_f1': 0.34345641281125155, 'worst_class_f1': 0.0, 'worst_class_recall': 0.0, 'f1_actinic_keratoses_an': 0.3870967741935484, 'recall_actinic_keratoses_an': 0.5454545454545454, 'f1_basal_cell_carcinoma': 0.0, 'recall_basal_cell_carcinoma': 0.0, 'f1_benign_keratosis-lik': 0.4, 'recall_benign_keratosis-lik': 0.2909090909090909, 'f1_dermatofibroma': 0.15384615384615385, 'recall_dermatofibroma': 0.08333333333333333, 'f1_melanoma': 0.34838709677419355, 'recall_melanoma': 0.24324324324324326, 'f1_melanocytic_nevi': 0.8648648648648649, 'recall_melanocytic_nevi': 0.977645305514158, 'f1_vascular_lesions': 0.25, 'recall_vascular_lesions': 0.14285714285714285}, 178.15390895900782)
[92mINFO [0m:      configure_evaluate: strategy sampled 10 clients (out of 10)
[36m(ClientAppActor pid=450351)[0m 
[36m(ClientAppActor pid=450351)[0m         
[36m(ClientAppActor pid=450350)[0m 
[36m(ClientAppActor pid=450350)[0m         
[36m(ClientAppActor pid=450347)[0m 
[36m(ClientAppActor pid=450347)[0m         
[36m(ClientAppActor pid=450345)[0m 
[36m(ClientAppActor pid=450345)[0m         
[36m(ClientAppActor pid=450336)[0m 
[36m(ClientAppActor pid=450336)[0m         
[36m(ClientAppActor pid=450349)[0m 
[36m(ClientAppActor pid=450349)[0m         
[36m(ClientAppActor pid=450348)[0m 
[36m(ClientAppActor pid=450348)[0m         
[36m(ClientAppActor pid=450344)[0m 
[36m(ClientAppActor pid=450344)[0m         
[36m(ClientAppActor pid=450337)[0m 
[36m(ClientAppActor pid=450337)[0m         
[36m(ClientAppActor pid=450346)[0m 
[36m(ClientAppActor pid=450346)[0m         
[92mINFO [0m:      aggregate_evaluate: received 10 results and 0 failures
[92mINFO [0m:      
[92mINFO [0m:      [ROUND 59]
[92mINFO [0m:      configure_fit: strategy sampled 10 clients (out of 10)
[36m(ClientAppActor pid=450346)[0m 
[36m(ClientAppActor pid=450346)[0m         
[36m(ClientAppActor pid=450348)[0m 
[36m(ClientAppActor pid=450348)[0m         
[36m(ClientAppActor pid=450337)[0m 
[36m(ClientAppActor pid=450337)[0m         
[36m(ClientAppActor pid=450345)[0m 
[36m(ClientAppActor pid=450345)[0m         
[36m(ClientAppActor pid=450344)[0m 
[36m(ClientAppActor pid=450344)[0m         
[36m(ClientAppActor pid=450350)[0m 
[36m(ClientAppActor pid=450350)[0m         
[36m(ClientAppActor pid=450351)[0m 
[36m(ClientAppActor pid=450351)[0m         
[36m(ClientAppActor pid=450349)[0m 
[36m(ClientAppActor pid=450349)[0m         
[36m(ClientAppActor pid=450336)[0m 
[36m(ClientAppActor pid=450336)[0m         
[36m(ClientAppActor pid=450347)[0m 
[36m(ClientAppActor pid=450347)[0m         
[36m(ClientAppActor pid=450347)[0m /home/bk489/federated_clean/cleanest_federated/fl-dermamnist-starter/data/download.py:27: UserWarning: The given NumPy array is not writable, and PyTorch does not support non-writable tensors. This means writing to this tensor will result in undefined behavior. You may want to copy the array to protect its data or make it writable before converting it to a tensor. This type of warning will be suppressed for the rest of this program. (Triggered internally at /pytorch/torch/csrc/utils/tensor_numpy.cpp:203.)[32m [repeated 171x across cluster][0m
[36m(ClientAppActor pid=450347)[0m   tensor = torch.as_tensor(image)[32m [repeated 171x across cluster][0m
[92mINFO [0m:      aggregate_fit: received 10 results and 0 failures
[92mINFO [0m:      fit progress: (59, 0.7233879807463671, {'accuracy': 0.7457627118644068, 'balanced_accuracy': 0.3337517389039637, 'macro_f1': 0.347629981300425, 'worst_class_f1': 0.0, 'worst_class_recall': 0.0, 'f1_actinic_keratoses_an': 0.4, 'recall_actinic_keratoses_an': 0.48484848484848486, 'f1_basal_cell_carcinoma': 0.0, 'recall_basal_cell_carcinoma': 0.0, 'f1_benign_keratosis-lik': 0.5263157894736842, 'recall_benign_keratosis-lik': 0.45454545454545453, 'f1_dermatofibroma': 0.0, 'recall_dermatofibroma': 0.0, 'f1_melanoma': 0.3878787878787879, 'recall_melanoma': 0.2882882882882883, 'f1_melanocytic_nevi': 0.869215291750503, 'recall_melanocytic_nevi': 0.9657228017883756, 'f1_vascular_lesions': 0.25, 'recall_vascular_lesions': 0.14285714285714285}, 181.1730716630118)
[92mINFO [0m:      configure_evaluate: strategy sampled 10 clients (out of 10)
[36m(ClientAppActor pid=450346)[0m 
[36m(ClientAppActor pid=450346)[0m         
[36m(ClientAppActor pid=450351)[0m 
[36m(ClientAppActor pid=450351)[0m         
[36m(ClientAppActor pid=450350)[0m 
[36m(ClientAppActor pid=450350)[0m         
[36m(ClientAppActor pid=450347)[0m 
[36m(ClientAppActor pid=450347)[0m         
[36m(ClientAppActor pid=450337)[0m 
[36m(ClientAppActor pid=450337)[0m         
[36m(ClientAppActor pid=450345)[0m 
[36m(ClientAppActor pid=450345)[0m         
[36m(ClientAppActor pid=450336)[0m 
[36m(ClientAppActor pid=450336)[0m         
[36m(ClientAppActor pid=450349)[0m 
[36m(ClientAppActor pid=450349)[0m         
[36m(ClientAppActor pid=450344)[0m 
[36m(ClientAppActor pid=450344)[0m         
[36m(ClientAppActor pid=450348)[0m 
[36m(ClientAppActor pid=450348)[0m         
[92mINFO [0m:      aggregate_evaluate: received 10 results and 0 failures
[92mINFO [0m:      
[92mINFO [0m:      [ROUND 60]
[92mINFO [0m:      configure_fit: strategy sampled 10 clients (out of 10)
[36m(ClientAppActor pid=450350)[0m 
[36m(ClientAppActor pid=450350)[0m         
[36m(ClientAppActor pid=450348)[0m 
[36m(ClientAppActor pid=450348)[0m         
[36m(ClientAppActor pid=450344)[0m 
[36m(ClientAppActor pid=450344)[0m         
[36m(ClientAppActor pid=450337)[0m 
[36m(ClientAppActor pid=450337)[0m         
[36m(ClientAppActor pid=450346)[0m 
[36m(ClientAppActor pid=450346)[0m         
[36m(ClientAppActor pid=450347)[0m 
[36m(ClientAppActor pid=450347)[0m         
[36m(ClientAppActor pid=450336)[0m 
[36m(ClientAppActor pid=450336)[0m         
[36m(ClientAppActor pid=450345)[0m 
[36m(ClientAppActor pid=450345)[0m         
[36m(ClientAppActor pid=450351)[0m 
[36m(ClientAppActor pid=450351)[0m         
[36m(ClientAppActor pid=450349)[0m 
[36m(ClientAppActor pid=450349)[0m         
[36m(ClientAppActor pid=450349)[0m [93mWARNING [0m:   DEPRECATED FEATURE: `client_fn` now expects a signature `def client_fn(context: Context)`.The provided `client_fn` has signature: {'cid': <Parameter "cid: 'str'">}. You can import the `Context` like this: `from flwr.common import Context`[32m [repeated 40x across cluster][0m
[36m(ClientAppActor pid=450349)[0m             This is a deprecated feature. It will be removed[32m [repeated 40x across cluster][0m
[36m(ClientAppActor pid=450349)[0m             entirely in future versions of Flower.[32m [repeated 40x across cluster][0m
[36m(ClientAppActor pid=450344)[0m /home/bk489/federated_clean/cleanest_federated/fl-dermamnist-starter/metrics/evaluation.py:68: UserWarning: AUROC set to NaN because present classes are [2, 4, 5, 6], expected [0, 1, 2, 3, 4, 5, 6][32m [repeated 20x across cluster][0m
[36m(ClientAppActor pid=450344)[0m   warnings.warn(f'AUROC set to NaN because present classes are {present_classes}, expected {labels}')[32m [repeated 20x across cluster][0m
[36m(ClientAppActor pid=450336)[0m /home/bk489/federated_clean/.venv/lib/python3.9/site-packages/sklearn/metrics/_classification.py:2524: UserWarning: y_pred contains classes not in y_true[32m [repeated 11x across cluster][0m
[36m(ClientAppActor pid=450336)[0m   warnings.warn("y_pred contains classes not in y_true")[32m [repeated 11x across cluster][0m
[92mINFO [0m:      aggregate_fit: received 10 results and 0 failures
[92mINFO [0m:      fit progress: (60, 0.7456156804578254, {'accuracy': 0.7357926221335992, 'balanced_accuracy': 0.3115154830611505, 'macro_f1': 0.3449274330155654, 'worst_class_f1': 0.0, 'worst_class_recall': 0.0, 'f1_actinic_keratoses_an': 0.3611111111111111, 'recall_actinic_keratoses_an': 0.3939393939393939, 'f1_basal_cell_carcinoma': 0.0, 'recall_basal_cell_carcinoma': 0.0, 'f1_benign_keratosis-lik': 0.46511627906976744, 'recall_benign_keratosis-lik': 0.36363636363636365, 'f1_dermatofibroma': 0.15384615384615385, 'recall_dermatofibroma': 0.08333333333333333, 'f1_melanoma': 0.32653061224489793, 'recall_melanoma': 0.21621621621621623, 'f1_melanocytic_nevi': 0.8578878748370273, 'recall_melanocytic_nevi': 0.9806259314456036, 'f1_vascular_lesions': 0.25, 'recall_vascular_lesions': 0.14285714285714285}, 184.09535356398555)
[92mINFO [0m:      configure_evaluate: strategy sampled 10 clients (out of 10)
[36m(ClientAppActor pid=450347)[0m 
[36m(ClientAppActor pid=450347)[0m         
[36m(ClientAppActor pid=450337)[0m 
[36m(ClientAppActor pid=450337)[0m         
[36m(ClientAppActor pid=450345)[0m 
[36m(ClientAppActor pid=450345)[0m         
[36m(ClientAppActor pid=450336)[0m 
[36m(ClientAppActor pid=450336)[0m         
[36m(ClientAppActor pid=450349)[0m 
[36m(ClientAppActor pid=450349)[0m         
[36m(ClientAppActor pid=450344)[0m 
[36m(ClientAppActor pid=450344)[0m         
[36m(ClientAppActor pid=450351)[0m 
[36m(ClientAppActor pid=450351)[0m         
[36m(ClientAppActor pid=450350)[0m 
[36m(ClientAppActor pid=450350)[0m         
[36m(ClientAppActor pid=450348)[0m 
[36m(ClientAppActor pid=450348)[0m         
[36m(ClientAppActor pid=450346)[0m 
[36m(ClientAppActor pid=450346)[0m         
[92mINFO [0m:      aggregate_evaluate: received 10 results and 0 failures
[92mINFO [0m:      
[92mINFO [0m:      [ROUND 61]
[92mINFO [0m:      configure_fit: strategy sampled 10 clients (out of 10)
[36m(ClientAppActor pid=450346)[0m 
[36m(ClientAppActor pid=450346)[0m         
[36m(ClientAppActor pid=450351)[0m 
[36m(ClientAppActor pid=450351)[0m         
[36m(ClientAppActor pid=450350)[0m 
[36m(ClientAppActor pid=450350)[0m         
[36m(ClientAppActor pid=450348)[0m 
[36m(ClientAppActor pid=450348)[0m         
[36m(ClientAppActor pid=450347)[0m 
[36m(ClientAppActor pid=450347)[0m         
[36m(ClientAppActor pid=450337)[0m 
[36m(ClientAppActor pid=450337)[0m         
[36m(ClientAppActor pid=450336)[0m 
[36m(ClientAppActor pid=450336)[0m         
[36m(ClientAppActor pid=450349)[0m 
[36m(ClientAppActor pid=450349)[0m         
[36m(ClientAppActor pid=450344)[0m 
[36m(ClientAppActor pid=450344)[0m         
[36m(ClientAppActor pid=450345)[0m 
[36m(ClientAppActor pid=450345)[0m         
[36m(ClientAppActor pid=450337)[0m /home/bk489/federated_clean/cleanest_federated/fl-dermamnist-starter/data/download.py:27: UserWarning: The given NumPy array is not writable, and PyTorch does not support non-writable tensors. This means writing to this tensor will result in undefined behavior. You may want to copy the array to protect its data or make it writable before converting it to a tensor. This type of warning will be suppressed for the rest of this program. (Triggered internally at /pytorch/torch/csrc/utils/tensor_numpy.cpp:203.)[32m [repeated 212x across cluster][0m
[36m(ClientAppActor pid=450337)[0m   tensor = torch.as_tensor(image)[32m [repeated 212x across cluster][0m
[92mINFO [0m:      aggregate_fit: received 10 results and 0 failures
[92mINFO [0m:      fit progress: (61, 0.7215404766625683, {'accuracy': 0.7457627118644068, 'balanced_accuracy': 0.3308486974763321, 'macro_f1': 0.35493356661361425, 'worst_class_f1': 0.0, 'worst_class_recall': 0.0, 'f1_actinic_keratoses_an': 0.3783783783783784, 'recall_actinic_keratoses_an': 0.42424242424242425, 'f1_basal_cell_carcinoma': 0.0, 'recall_basal_cell_carcinoma': 0.0, 'f1_benign_keratosis-lik': 0.5588235294117647, 'recall_benign_keratosis-lik': 0.5181818181818182, 'f1_dermatofibroma': 0.15384615384615385, 'recall_dermatofibroma': 0.08333333333333333, 'f1_melanoma': 0.2753623188405797, 'recall_melanoma': 0.17117117117117117, 'f1_melanocytic_nevi': 0.8681245858184228, 'recall_melanocytic_nevi': 0.9761549925484352, 'f1_vascular_lesions': 0.25, 'recall_vascular_lesions': 0.14285714285714285}, 187.0577656860114)
[92mINFO [0m:      configure_evaluate: strategy sampled 10 clients (out of 10)
[36m(ClientAppActor pid=450346)[0m 
[36m(ClientAppActor pid=450346)[0m         
[36m(ClientAppActor pid=450351)[0m 
[36m(ClientAppActor pid=450351)[0m         
[36m(ClientAppActor pid=450350)[0m 
[36m(ClientAppActor pid=450350)[0m         
[36m(ClientAppActor pid=450348)[0m 
[36m(ClientAppActor pid=450348)[0m         
[36m(ClientAppActor pid=450347)[0m 
[36m(ClientAppActor pid=450347)[0m         
[36m(ClientAppActor pid=450337)[0m 
[36m(ClientAppActor pid=450337)[0m         
[36m(ClientAppActor pid=450345)[0m 
[36m(ClientAppActor pid=450345)[0m         
[36m(ClientAppActor pid=450336)[0m 
[36m(ClientAppActor pid=450336)[0m         
[36m(ClientAppActor pid=450349)[0m 
[36m(ClientAppActor pid=450349)[0m         
[36m(ClientAppActor pid=450344)[0m 
[36m(ClientAppActor pid=450344)[0m         
[92mINFO [0m:      aggregate_evaluate: received 10 results and 0 failures
[92mINFO [0m:      
[92mINFO [0m:      [ROUND 62]
[92mINFO [0m:      configure_fit: strategy sampled 10 clients (out of 10)
[36m(ClientAppActor pid=450346)[0m 
[36m(ClientAppActor pid=450346)[0m         
[36m(ClientAppActor pid=450351)[0m 
[36m(ClientAppActor pid=450351)[0m         
[36m(ClientAppActor pid=450350)[0m 
[36m(ClientAppActor pid=450350)[0m         
[36m(ClientAppActor pid=450348)[0m 
[36m(ClientAppActor pid=450348)[0m         
[36m(ClientAppActor pid=450347)[0m 
[36m(ClientAppActor pid=450347)[0m         
[36m(ClientAppActor pid=450337)[0m 
[36m(ClientAppActor pid=450337)[0m         
[36m(ClientAppActor pid=450345)[0m 
[36m(ClientAppActor pid=450345)[0m         
[36m(ClientAppActor pid=450336)[0m 
[36m(ClientAppActor pid=450336)[0m         
[36m(ClientAppActor pid=450349)[0m 
[36m(ClientAppActor pid=450349)[0m         
[36m(ClientAppActor pid=450344)[0m 
[36m(ClientAppActor pid=450344)[0m         
[36m(ClientAppActor pid=450344)[0m [93mWARNING [0m:   DEPRECATED FEATURE: `client_fn` now expects a signature `def client_fn(context: Context)`.The provided `client_fn` has signature: {'cid': <Parameter "cid: 'str'">}. You can import the `Context` like this: `from flwr.common import Context`[32m [repeated 40x across cluster][0m
[36m(ClientAppActor pid=450344)[0m             This is a deprecated feature. It will be removed[32m [repeated 40x across cluster][0m
[36m(ClientAppActor pid=450344)[0m             entirely in future versions of Flower.[32m [repeated 40x across cluster][0m
[36m(ClientAppActor pid=450349)[0m /home/bk489/federated_clean/cleanest_federated/fl-dermamnist-starter/metrics/evaluation.py:68: UserWarning: AUROC set to NaN because present classes are [0, 3, 4, 5, 6], expected [0, 1, 2, 3, 4, 5, 6][32m [repeated 20x across cluster][0m
[36m(ClientAppActor pid=450349)[0m   warnings.warn(f'AUROC set to NaN because present classes are {present_classes}, expected {labels}')[32m [repeated 20x across cluster][0m
[36m(ClientAppActor pid=450349)[0m /home/bk489/federated_clean/.venv/lib/python3.9/site-packages/sklearn/metrics/_classification.py:2524: UserWarning: y_pred contains classes not in y_true[32m [repeated 12x across cluster][0m
[36m(ClientAppActor pid=450349)[0m   warnings.warn("y_pred contains classes not in y_true")[32m [repeated 12x across cluster][0m
[92mINFO [0m:      aggregate_fit: received 10 results and 0 failures
[92mINFO [0m:      fit progress: (62, 0.7610537441872647, {'accuracy': 0.7258225324027916, 'balanced_accuracy': 0.29656200499291835, 'macro_f1': 0.3137232220118595, 'worst_class_f1': 0.0, 'worst_class_recall': 0.0, 'f1_actinic_keratoses_an': 0.3466666666666667, 'recall_actinic_keratoses_an': 0.3939393939393939, 'f1_basal_cell_carcinoma': 0.0, 'recall_basal_cell_carcinoma': 0.0, 'f1_benign_keratosis-lik': 0.3954802259887006, 'recall_benign_keratosis-lik': 0.3181818181818182, 'f1_dermatofibroma': 0.0, 'recall_dermatofibroma': 0.0, 'f1_melanoma': 0.34355828220858897, 'recall_melanoma': 0.25225225225225223, 'f1_melanocytic_nevi': 0.8603573792190602, 'recall_melanocytic_nevi': 0.9687034277198212, 'f1_vascular_lesions': 0.25, 'recall_vascular_lesions': 0.14285714285714285}, 189.97091792299761)
[92mINFO [0m:      configure_evaluate: strategy sampled 10 clients (out of 10)
[36m(ClientAppActor pid=450351)[0m 
[36m(ClientAppActor pid=450351)[0m         
[36m(ClientAppActor pid=450345)[0m 
[36m(ClientAppActor pid=450345)[0m         
[36m(ClientAppActor pid=450336)[0m 
[36m(ClientAppActor pid=450336)[0m         
[36m(ClientAppActor pid=450349)[0m 
[36m(ClientAppActor pid=450349)[0m         
[36m(ClientAppActor pid=450346)[0m 
[36m(ClientAppActor pid=450346)[0m         
[36m(ClientAppActor pid=450337)[0m 
[36m(ClientAppActor pid=450337)[0m         
[36m(ClientAppActor pid=450348)[0m 
[36m(ClientAppActor pid=450348)[0m         
[36m(ClientAppActor pid=450350)[0m 
[36m(ClientAppActor pid=450350)[0m         
[36m(ClientAppActor pid=450347)[0m 
[36m(ClientAppActor pid=450347)[0m         
[36m(ClientAppActor pid=450344)[0m 
[36m(ClientAppActor pid=450344)[0m         
[92mINFO [0m:      aggregate_evaluate: received 10 results and 0 failures
[92mINFO [0m:      
[92mINFO [0m:      [ROUND 63]
[92mINFO [0m:      configure_fit: strategy sampled 10 clients (out of 10)
[36m(ClientAppActor pid=450346)[0m 
[36m(ClientAppActor pid=450346)[0m         
[36m(ClientAppActor pid=450351)[0m 
[36m(ClientAppActor pid=450351)[0m         
[36m(ClientAppActor pid=450350)[0m 
[36m(ClientAppActor pid=450350)[0m         
[36m(ClientAppActor pid=450348)[0m 
[36m(ClientAppActor pid=450348)[0m         
[36m(ClientAppActor pid=450347)[0m 
[36m(ClientAppActor pid=450347)[0m         
[36m(ClientAppActor pid=450337)[0m 
[36m(ClientAppActor pid=450337)[0m         
[36m(ClientAppActor pid=450345)[0m 
[36m(ClientAppActor pid=450345)[0m         
[36m(ClientAppActor pid=450336)[0m 
[36m(ClientAppActor pid=450336)[0m         
[36m(ClientAppActor pid=450349)[0m 
[36m(ClientAppActor pid=450349)[0m         
[36m(ClientAppActor pid=450344)[0m 
[36m(ClientAppActor pid=450344)[0m         
[36m(ClientAppActor pid=450351)[0m /home/bk489/federated_clean/cleanest_federated/fl-dermamnist-starter/data/download.py:27: UserWarning: The given NumPy array is not writable, and PyTorch does not support non-writable tensors. This means writing to this tensor will result in undefined behavior. You may want to copy the array to protect its data or make it writable before converting it to a tensor. This type of warning will be suppressed for the rest of this program. (Triggered internally at /pytorch/torch/csrc/utils/tensor_numpy.cpp:203.)[32m [repeated 186x across cluster][0m
[36m(ClientAppActor pid=450351)[0m   tensor = torch.as_tensor(image)[32m [repeated 186x across cluster][0m
[92mINFO [0m:      aggregate_fit: received 10 results and 0 failures
[92mINFO [0m:      fit progress: (63, 0.7044722367141206, {'accuracy': 0.7537387836490529, 'balanced_accuracy': 0.3685655073242895, 'macro_f1': 0.37981141048976175, 'worst_class_f1': 0.0, 'worst_class_recall': 0.0, 'f1_actinic_keratoses_an': 0.38636363636363635, 'recall_actinic_keratoses_an': 0.5151515151515151, 'f1_basal_cell_carcinoma': 0.0, 'recall_basal_cell_carcinoma': 0.0, 'f1_benign_keratosis-lik': 0.5529953917050692, 'recall_benign_keratosis-lik': 0.5454545454545454, 'f1_dermatofibroma': 0.15384615384615385, 'recall_dermatofibroma': 0.08333333333333333, 'f1_melanoma': 0.4318181818181818, 'recall_melanoma': 0.34234234234234234, 'f1_melanocytic_nevi': 0.8836565096952909, 'recall_melanocytic_nevi': 0.9508196721311475, 'f1_vascular_lesions': 0.25, 'recall_vascular_lesions': 0.14285714285714285}, 192.88155273499433)
[92mINFO [0m:      configure_evaluate: strategy sampled 10 clients (out of 10)
[36m(ClientAppActor pid=450346)[0m 
[36m(ClientAppActor pid=450346)[0m         
[36m(ClientAppActor pid=450346)[0m [93mWARNING [0m:   DEPRECATED FEATURE: `client_fn` now expects a signature `def client_fn(context: Context)`.The provided `client_fn` has signature: {'cid': <Parameter "cid: 'str'">}. You can import the `Context` like this: `from flwr.common import Context`[32m [repeated 21x across cluster][0m
[36m(ClientAppActor pid=450346)[0m             This is a deprecated feature. It will be removed[32m [repeated 21x across cluster][0m
[36m(ClientAppActor pid=450346)[0m             entirely in future versions of Flower.[32m [repeated 21x across cluster][0m
[36m(ClientAppActor pid=450347)[0m /home/bk489/federated_clean/cleanest_federated/fl-dermamnist-starter/metrics/evaluation.py:68: UserWarning: AUROC set to NaN because present classes are [0, 2, 3, 4, 5, 6], expected [0, 1, 2, 3, 4, 5, 6][32m [repeated 10x across cluster][0m
[36m(ClientAppActor pid=450347)[0m   warnings.warn(f'AUROC set to NaN because present classes are {present_classes}, expected {labels}')[32m [repeated 10x across cluster][0m
[36m(ClientAppActor pid=450349)[0m /home/bk489/federated_clean/.venv/lib/python3.9/site-packages/sklearn/metrics/_classification.py:2524: UserWarning: y_pred contains classes not in y_true[32m [repeated 6x across cluster][0m
[36m(ClientAppActor pid=450349)[0m   warnings.warn("y_pred contains classes not in y_true")[32m [repeated 6x across cluster][0m
[36m(ClientAppActor pid=450351)[0m 
[36m(ClientAppActor pid=450351)[0m         
[36m(ClientAppActor pid=450350)[0m 
[36m(ClientAppActor pid=450350)[0m         
[36m(ClientAppActor pid=450347)[0m 
[36m(ClientAppActor pid=450347)[0m         
[36m(ClientAppActor pid=450337)[0m 
[36m(ClientAppActor pid=450337)[0m         
[36m(ClientAppActor pid=450345)[0m 
[36m(ClientAppActor pid=450345)[0m         
[36m(ClientAppActor pid=450336)[0m 
[36m(ClientAppActor pid=450336)[0m         
[36m(ClientAppActor pid=450349)[0m 
[36m(ClientAppActor pid=450349)[0m         
[36m(ClientAppActor pid=450344)[0m 
[36m(ClientAppActor pid=450344)[0m         
[36m(ClientAppActor pid=450348)[0m 
[36m(ClientAppActor pid=450348)[0m         
[92mINFO [0m:      aggregate_evaluate: received 10 results and 0 failures
[92mINFO [0m:      
[92mINFO [0m:      [ROUND 64]
[92mINFO [0m:      configure_fit: strategy sampled 10 clients (out of 10)
[36m(ClientAppActor pid=450346)[0m /home/bk489/federated_clean/.venv/lib/python3.9/site-packages/sklearn/metrics/_classification.py:407: UserWarning: A single label was found in 'y_true' and 'y_pred'. For the confusion matrix to have the correct shape, use the 'labels' parameter to pass all known labels.
[36m(ClientAppActor pid=450346)[0m   warnings.warn(
[36m(ClientAppActor pid=450348)[0m 
[36m(ClientAppActor pid=450348)[0m         
[36m(ClientAppActor pid=450336)[0m 
[36m(ClientAppActor pid=450336)[0m         
[36m(ClientAppActor pid=450349)[0m 
[36m(ClientAppActor pid=450349)[0m         
[36m(ClientAppActor pid=450345)[0m 
[36m(ClientAppActor pid=450345)[0m         
[36m(ClientAppActor pid=450351)[0m 
[36m(ClientAppActor pid=450351)[0m         
[36m(ClientAppActor pid=450350)[0m 
[36m(ClientAppActor pid=450350)[0m         
[36m(ClientAppActor pid=450347)[0m 
[36m(ClientAppActor pid=450347)[0m         
[36m(ClientAppActor pid=450337)[0m 
[36m(ClientAppActor pid=450337)[0m         
[36m(ClientAppActor pid=450346)[0m 
[36m(ClientAppActor pid=450346)[0m         
[36m(ClientAppActor pid=450344)[0m 
[36m(ClientAppActor pid=450344)[0m         
[92mINFO [0m:      aggregate_fit: received 10 results and 0 failures
[92mINFO [0m:      fit progress: (64, 0.7281982986663179, {'accuracy': 0.7407776669990029, 'balanced_accuracy': 0.3281973981037213, 'macro_f1': 0.35113321001065206, 'worst_class_f1': 0.0, 'worst_class_recall': 0.0, 'f1_actinic_keratoses_an': 0.3902439024390244, 'recall_actinic_keratoses_an': 0.48484848484848486, 'f1_basal_cell_carcinoma': 0.0, 'recall_basal_cell_carcinoma': 0.0, 'f1_benign_keratosis-lik': 0.4808743169398907, 'recall_benign_keratosis-lik': 0.4, 'f1_dermatofibroma': 0.15384615384615385, 'recall_dermatofibroma': 0.08333333333333333, 'f1_melanoma': 0.3150684931506849, 'recall_melanoma': 0.2072072072072072, 'f1_melanocytic_nevi': 0.8678996036988111, 'recall_melanocytic_nevi': 0.9791356184798807, 'f1_vascular_lesions': 0.25, 'recall_vascular_lesions': 0.14285714285714285}, 195.89064686599886)
[92mINFO [0m:      configure_evaluate: strategy sampled 10 clients (out of 10)
[36m(ClientAppActor pid=450346)[0m 
[36m(ClientAppActor pid=450346)[0m         
[36m(ClientAppActor pid=450346)[0m /home/bk489/federated_clean/cleanest_federated/fl-dermamnist-starter/data/download.py:27: UserWarning: The given NumPy array is not writable, and PyTorch does not support non-writable tensors. This means writing to this tensor will result in undefined behavior. You may want to copy the array to protect its data or make it writable before converting it to a tensor. This type of warning will be suppressed for the rest of this program. (Triggered internally at /pytorch/torch/csrc/utils/tensor_numpy.cpp:203.)[32m [repeated 149x across cluster][0m
[36m(ClientAppActor pid=450346)[0m   tensor = torch.as_tensor(image)[32m [repeated 149x across cluster][0m
[36m(ClientAppActor pid=450351)[0m 
[36m(ClientAppActor pid=450351)[0m         
[36m(ClientAppActor pid=450350)[0m 
[36m(ClientAppActor pid=450350)[0m         
[36m(ClientAppActor pid=450348)[0m 
[36m(ClientAppActor pid=450348)[0m         
[36m(ClientAppActor pid=450347)[0m 
[36m(ClientAppActor pid=450347)[0m         
[36m(ClientAppActor pid=450337)[0m 
[36m(ClientAppActor pid=450337)[0m         
[36m(ClientAppActor pid=450345)[0m 
[36m(ClientAppActor pid=450345)[0m         
[36m(ClientAppActor pid=450336)[0m 
[36m(ClientAppActor pid=450336)[0m         
[36m(ClientAppActor pid=450349)[0m 
[36m(ClientAppActor pid=450349)[0m         
[36m(ClientAppActor pid=450344)[0m 
[36m(ClientAppActor pid=450344)[0m         
[92mINFO [0m:      aggregate_evaluate: received 10 results and 0 failures
[92mINFO [0m:      
[92mINFO [0m:      [ROUND 65]
[92mINFO [0m:      configure_fit: strategy sampled 10 clients (out of 10)
[36m(ClientAppActor pid=450346)[0m 
[36m(ClientAppActor pid=450346)[0m         
[36m(ClientAppActor pid=450351)[0m 
[36m(ClientAppActor pid=450351)[0m         
[36m(ClientAppActor pid=450350)[0m 
[36m(ClientAppActor pid=450350)[0m         
[36m(ClientAppActor pid=450348)[0m 
[36m(ClientAppActor pid=450348)[0m         
[36m(ClientAppActor pid=450347)[0m 
[36m(ClientAppActor pid=450347)[0m         
[36m(ClientAppActor pid=450337)[0m 
[36m(ClientAppActor pid=450337)[0m         
[36m(ClientAppActor pid=450345)[0m 
[36m(ClientAppActor pid=450345)[0m         
[36m(ClientAppActor pid=450336)[0m 
[36m(ClientAppActor pid=450336)[0m         
[36m(ClientAppActor pid=450349)[0m 
[36m(ClientAppActor pid=450349)[0m         
[36m(ClientAppActor pid=450344)[0m 
[36m(ClientAppActor pid=450344)[0m         
[36m(ClientAppActor pid=450344)[0m [93mWARNING [0m:   DEPRECATED FEATURE: `client_fn` now expects a signature `def client_fn(context: Context)`.The provided `client_fn` has signature: {'cid': <Parameter "cid: 'str'">}. You can import the `Context` like this: `from flwr.common import Context`[32m [repeated 39x across cluster][0m
[36m(ClientAppActor pid=450344)[0m             This is a deprecated feature. It will be removed[32m [repeated 39x across cluster][0m
[36m(ClientAppActor pid=450344)[0m             entirely in future versions of Flower.[32m [repeated 39x across cluster][0m
[36m(ClientAppActor pid=450349)[0m /home/bk489/federated_clean/cleanest_federated/fl-dermamnist-starter/metrics/evaluation.py:68: UserWarning: AUROC set to NaN because present classes are [0, 2, 3, 4, 5, 6], expected [0, 1, 2, 3, 4, 5, 6][32m [repeated 20x across cluster][0m
[36m(ClientAppActor pid=450349)[0m   warnings.warn(f'AUROC set to NaN because present classes are {present_classes}, expected {labels}')[32m [repeated 20x across cluster][0m
[36m(ClientAppActor pid=450345)[0m /home/bk489/federated_clean/.venv/lib/python3.9/site-packages/sklearn/metrics/_classification.py:2524: UserWarning: y_pred contains classes not in y_true[32m [repeated 12x across cluster][0m
[36m(ClientAppActor pid=450345)[0m   warnings.warn("y_pred contains classes not in y_true")[32m [repeated 12x across cluster][0m
[92mINFO [0m:      aggregate_fit: received 10 results and 0 failures
[92mINFO [0m:      fit progress: (65, 0.6933421369564022, {'accuracy': 0.748753738783649, 'balanced_accuracy': 0.3661296032490412, 'macro_f1': 0.38076632528826765, 'worst_class_f1': 0.0, 'worst_class_recall': 0.0, 'f1_actinic_keratoses_an': 0.4090909090909091, 'recall_actinic_keratoses_an': 0.5454545454545454, 'f1_basal_cell_carcinoma': 0.0, 'recall_basal_cell_carcinoma': 0.0, 'f1_benign_keratosis-lik': 0.5181347150259067, 'recall_benign_keratosis-lik': 0.45454545454545453, 'f1_dermatofibroma': 0.15384615384615385, 'recall_dermatofibroma': 0.08333333333333333, 'f1_melanoma': 0.45989304812834225, 'recall_melanoma': 0.38738738738738737, 'f1_melanocytic_nevi': 0.8743994509265615, 'recall_melanocytic_nevi': 0.9493293591654247, 'f1_vascular_lesions': 0.25, 'recall_vascular_lesions': 0.14285714285714285}, 198.8044913269987)
[92mINFO [0m:      configure_evaluate: strategy sampled 10 clients (out of 10)
[36m(ClientAppActor pid=450351)[0m 
[36m(ClientAppActor pid=450351)[0m         
[36m(ClientAppActor pid=450350)[0m 
[36m(ClientAppActor pid=450350)[0m         
[36m(ClientAppActor pid=450348)[0m 
[36m(ClientAppActor pid=450348)[0m         
[36m(ClientAppActor pid=450337)[0m 
[36m(ClientAppActor pid=450337)[0m         
[36m(ClientAppActor pid=450336)[0m 
[36m(ClientAppActor pid=450336)[0m         
[36m(ClientAppActor pid=450349)[0m 
[36m(ClientAppActor pid=450349)[0m         
[36m(ClientAppActor pid=450344)[0m 
[36m(ClientAppActor pid=450344)[0m         
[36m(ClientAppActor pid=450345)[0m 
[36m(ClientAppActor pid=450345)[0m         
[36m(ClientAppActor pid=450346)[0m 
[36m(ClientAppActor pid=450346)[0m         
[92mINFO [0m:      aggregate_evaluate: received 10 results and 0 failures
[92mINFO [0m:      
[92mINFO [0m:      [ROUND 66]
[92mINFO [0m:      configure_fit: strategy sampled 10 clients (out of 10)
[36m(ClientAppActor pid=450347)[0m 
[36m(ClientAppActor pid=450347)[0m         
[36m(ClientAppActor pid=450349)[0m /home/bk489/federated_clean/.venv/lib/python3.9/site-packages/sklearn/metrics/_classification.py:407: UserWarning: A single label was found in 'y_true' and 'y_pred'. For the confusion matrix to have the correct shape, use the 'labels' parameter to pass all known labels.
[36m(ClientAppActor pid=450349)[0m   warnings.warn(
[36m(ClientAppActor pid=450346)[0m 
[36m(ClientAppActor pid=450346)[0m         
[36m(ClientAppActor pid=450347)[0m 
[36m(ClientAppActor pid=450347)[0m         
[36m(ClientAppActor pid=450345)[0m 
[36m(ClientAppActor pid=450345)[0m         
[36m(ClientAppActor pid=450351)[0m 
[36m(ClientAppActor pid=450351)[0m         
[36m(ClientAppActor pid=450350)[0m 
[36m(ClientAppActor pid=450350)[0m         
[36m(ClientAppActor pid=450348)[0m 
[36m(ClientAppActor pid=450348)[0m         
[36m(ClientAppActor pid=450337)[0m 
[36m(ClientAppActor pid=450337)[0m         
[36m(ClientAppActor pid=450336)[0m 
[36m(ClientAppActor pid=450336)[0m         
[36m(ClientAppActor pid=450349)[0m 
[36m(ClientAppActor pid=450349)[0m         
[36m(ClientAppActor pid=450344)[0m 
[36m(ClientAppActor pid=450344)[0m         
[36m(ClientAppActor pid=450337)[0m /home/bk489/federated_clean/cleanest_federated/fl-dermamnist-starter/data/download.py:27: UserWarning: The given NumPy array is not writable, and PyTorch does not support non-writable tensors. This means writing to this tensor will result in undefined behavior. You may want to copy the array to protect its data or make it writable before converting it to a tensor. This type of warning will be suppressed for the rest of this program. (Triggered internally at /pytorch/torch/csrc/utils/tensor_numpy.cpp:203.)[32m [repeated 214x across cluster][0m
[36m(ClientAppActor pid=450337)[0m   tensor = torch.as_tensor(image)[32m [repeated 214x across cluster][0m
[92mINFO [0m:      aggregate_fit: received 10 results and 0 failures
[92mINFO [0m:      fit progress: (66, 0.7232706372069932, {'accuracy': 0.7347956131605184, 'balanced_accuracy': 0.31112228594664193, 'macro_f1': 0.3383341009552198, 'worst_class_f1': 0.0, 'worst_class_recall': 0.0, 'f1_actinic_keratoses_an': 0.358974358974359, 'recall_actinic_keratoses_an': 0.42424242424242425, 'f1_basal_cell_carcinoma': 0.0, 'recall_basal_cell_carcinoma': 0.0, 'f1_benign_keratosis-lik': 0.4678362573099415, 'recall_benign_keratosis-lik': 0.36363636363636365, 'f1_dermatofibroma': 0.14285714285714285, 'recall_dermatofibroma': 0.08333333333333333, 'f1_melanoma': 0.2898550724637681, 'recall_melanoma': 0.18018018018018017, 'f1_melanocytic_nevi': 0.8588158750813273, 'recall_melanocytic_nevi': 0.9836065573770492, 'f1_vascular_lesions': 0.25, 'recall_vascular_lesions': 0.14285714285714285}, 201.7835723409953)
[92mINFO [0m:      configure_evaluate: strategy sampled 10 clients (out of 10)
[36m(ClientAppActor pid=450348)[0m 
[36m(ClientAppActor pid=450348)[0m         
[36m(ClientAppActor pid=450347)[0m 
[36m(ClientAppActor pid=450347)[0m         
[36m(ClientAppActor pid=450337)[0m 
[36m(ClientAppActor pid=450337)[0m         
[36m(ClientAppActor pid=450336)[0m 
[36m(ClientAppActor pid=450336)[0m         
[36m(ClientAppActor pid=450344)[0m 
[36m(ClientAppActor pid=450344)[0m         
[36m(ClientAppActor pid=450345)[0m 
[36m(ClientAppActor pid=450345)[0m         
[36m(ClientAppActor pid=450349)[0m 
[36m(ClientAppActor pid=450349)[0m         
[36m(ClientAppActor pid=450351)[0m 
[36m(ClientAppActor pid=450351)[0m         
[36m(ClientAppActor pid=450350)[0m 
[36m(ClientAppActor pid=450350)[0m         
[92mINFO [0m:      aggregate_evaluate: received 10 results and 0 failures
[92mINFO [0m:      
[92mINFO [0m:      [ROUND 67]
[92mINFO [0m:      configure_fit: strategy sampled 10 clients (out of 10)
[36m(ClientAppActor pid=450346)[0m 
[36m(ClientAppActor pid=450346)[0m         
[36m(ClientAppActor pid=450346)[0m 
[36m(ClientAppActor pid=450346)[0m         
[36m(ClientAppActor pid=450351)[0m 
[36m(ClientAppActor pid=450351)[0m         
[36m(ClientAppActor pid=450350)[0m 
[36m(ClientAppActor pid=450350)[0m         
[36m(ClientAppActor pid=450349)[0m 
[36m(ClientAppActor pid=450349)[0m         
[36m(ClientAppActor pid=450348)[0m 
[36m(ClientAppActor pid=450348)[0m         
[36m(ClientAppActor pid=450347)[0m 
[36m(ClientAppActor pid=450347)[0m         
[36m(ClientAppActor pid=450337)[0m 
[36m(ClientAppActor pid=450337)[0m         
[36m(ClientAppActor pid=450345)[0m 
[36m(ClientAppActor pid=450345)[0m         
[36m(ClientAppActor pid=450336)[0m 
[36m(ClientAppActor pid=450336)[0m         
[36m(ClientAppActor pid=450344)[0m 
[36m(ClientAppActor pid=450344)[0m         
[36m(ClientAppActor pid=450344)[0m [93mWARNING [0m:   DEPRECATED FEATURE: `client_fn` now expects a signature `def client_fn(context: Context)`.The provided `client_fn` has signature: {'cid': <Parameter "cid: 'str'">}. You can import the `Context` like this: `from flwr.common import Context`[32m [repeated 40x across cluster][0m
[36m(ClientAppActor pid=450344)[0m             This is a deprecated feature. It will be removed[32m [repeated 40x across cluster][0m
[36m(ClientAppActor pid=450344)[0m             entirely in future versions of Flower.[32m [repeated 40x across cluster][0m
[36m(ClientAppActor pid=450344)[0m /home/bk489/federated_clean/cleanest_federated/fl-dermamnist-starter/metrics/evaluation.py:68: UserWarning: AUROC set to NaN because present classes are [1, 4, 5], expected [0, 1, 2, 3, 4, 5, 6][32m [repeated 20x across cluster][0m
[36m(ClientAppActor pid=450344)[0m   warnings.warn(f'AUROC set to NaN because present classes are {present_classes}, expected {labels}')[32m [repeated 20x across cluster][0m
[36m(ClientAppActor pid=450344)[0m /home/bk489/federated_clean/.venv/lib/python3.9/site-packages/sklearn/metrics/_classification.py:2524: UserWarning: y_pred contains classes not in y_true[32m [repeated 11x across cluster][0m
[36m(ClientAppActor pid=450344)[0m   warnings.warn("y_pred contains classes not in y_true")[32m [repeated 11x across cluster][0m
[36m(ClientAppActor pid=450347)[0m /home/bk489/federated_clean/.venv/lib/python3.9/site-packages/sklearn/metrics/_classification.py:407: UserWarning: A single label was found in 'y_true' and 'y_pred'. For the confusion matrix to have the correct shape, use the 'labels' parameter to pass all known labels.
[36m(ClientAppActor pid=450347)[0m   warnings.warn(
[92mINFO [0m:      aggregate_fit: received 10 results and 0 failures
[92mINFO [0m:      fit progress: (67, 0.741545758658606, {'accuracy': 0.7268195413758723, 'balanced_accuracy': 0.310341070411328, 'macro_f1': 0.34036219426421305, 'worst_class_f1': 0.0, 'worst_class_recall': 0.0, 'f1_actinic_keratoses_an': 0.3684210526315789, 'recall_actinic_keratoses_an': 0.42424242424242425, 'f1_basal_cell_carcinoma': 0.0, 'recall_basal_cell_carcinoma': 0.0, 'f1_benign_keratosis-lik': 0.3576158940397351, 'recall_benign_keratosis-lik': 0.24545454545454545, 'f1_dermatofibroma': 0.15384615384615385, 'recall_dermatofibroma': 0.08333333333333333, 'f1_melanoma': 0.4, 'recall_melanoma': 0.3063063063063063, 'f1_melanocytic_nevi': 0.8526522593320236, 'recall_melanocytic_nevi': 0.970193740685544, 'f1_vascular_lesions': 0.25, 'recall_vascular_lesions': 0.14285714285714285}, 204.71594883399666)
[92mINFO [0m:      configure_evaluate: strategy sampled 10 clients (out of 10)
[36m(ClientAppActor pid=450346)[0m 
[36m(ClientAppActor pid=450346)[0m         
[36m(ClientAppActor pid=450351)[0m 
[36m(ClientAppActor pid=450351)[0m         
[36m(ClientAppActor pid=450350)[0m 
[36m(ClientAppActor pid=450350)[0m         
[36m(ClientAppActor pid=450348)[0m 
[36m(ClientAppActor pid=450348)[0m         
[36m(ClientAppActor pid=450347)[0m 
[36m(ClientAppActor pid=450347)[0m         
[36m(ClientAppActor pid=450337)[0m 
[36m(ClientAppActor pid=450337)[0m         
[36m(ClientAppActor pid=450345)[0m 
[36m(ClientAppActor pid=450345)[0m         
[36m(ClientAppActor pid=450336)[0m 
[36m(ClientAppActor pid=450336)[0m         
[36m(ClientAppActor pid=450349)[0m 
[36m(ClientAppActor pid=450349)[0m         
[36m(ClientAppActor pid=450344)[0m 
[36m(ClientAppActor pid=450344)[0m         
[92mINFO [0m:      aggregate_evaluate: received 10 results and 0 failures
[92mINFO [0m:      
[92mINFO [0m:      [ROUND 68]
[92mINFO [0m:      configure_fit: strategy sampled 10 clients (out of 10)
[36m(ClientAppActor pid=450345)[0m 
[36m(ClientAppActor pid=450345)[0m         
[36m(ClientAppActor pid=450336)[0m 
[36m(ClientAppActor pid=450336)[0m         
[36m(ClientAppActor pid=450349)[0m 
[36m(ClientAppActor pid=450349)[0m         
[36m(ClientAppActor pid=450350)[0m 
[36m(ClientAppActor pid=450350)[0m         
[36m(ClientAppActor pid=450351)[0m 
[36m(ClientAppActor pid=450351)[0m         
[36m(ClientAppActor pid=450344)[0m 
[36m(ClientAppActor pid=450344)[0m         
[36m(ClientAppActor pid=450346)[0m 
[36m(ClientAppActor pid=450346)[0m         
[36m(ClientAppActor pid=450348)[0m 
[36m(ClientAppActor pid=450348)[0m         
[36m(ClientAppActor pid=450347)[0m 
[36m(ClientAppActor pid=450347)[0m         
[36m(ClientAppActor pid=450337)[0m 
[36m(ClientAppActor pid=450337)[0m         
[36m(ClientAppActor pid=450350)[0m /home/bk489/federated_clean/cleanest_federated/fl-dermamnist-starter/data/download.py:27: UserWarning: The given NumPy array is not writable, and PyTorch does not support non-writable tensors. This means writing to this tensor will result in undefined behavior. You may want to copy the array to protect its data or make it writable before converting it to a tensor. This type of warning will be suppressed for the rest of this program. (Triggered internally at /pytorch/torch/csrc/utils/tensor_numpy.cpp:203.)[32m [repeated 206x across cluster][0m
[36m(ClientAppActor pid=450350)[0m   tensor = torch.as_tensor(image)[32m [repeated 206x across cluster][0m
[92mINFO [0m:      aggregate_fit: received 10 results and 0 failures
[92mINFO [0m:      fit progress: (68, 0.7196588099062264, {'accuracy': 0.7507477567298105, 'balanced_accuracy': 0.35414380437799636, 'macro_f1': 0.3658662099064845, 'worst_class_f1': 0.0, 'worst_class_recall': 0.0, 'f1_actinic_keratoses_an': 0.34408602150537637, 'recall_actinic_keratoses_an': 0.48484848484848486, 'f1_basal_cell_carcinoma': 0.0, 'recall_basal_cell_carcinoma': 0.0, 'f1_benign_keratosis-lik': 0.5607476635514018, 'recall_benign_keratosis-lik': 0.5454545454545454, 'f1_dermatofibroma': 0.15384615384615385, 'recall_dermatofibroma': 0.08333333333333333, 'f1_melanoma': 0.36942675159235666, 'recall_melanoma': 0.26126126126126126, 'f1_melanocytic_nevi': 0.8829568788501027, 'recall_melanocytic_nevi': 0.9612518628912071, 'f1_vascular_lesions': 0.25, 'recall_vascular_lesions': 0.14285714285714285}, 207.60666717600543)
[92mINFO [0m:      configure_evaluate: strategy sampled 10 clients (out of 10)
[36m(ClientAppActor pid=450346)[0m 
[36m(ClientAppActor pid=450346)[0m         
[36m(ClientAppActor pid=450351)[0m 
[36m(ClientAppActor pid=450351)[0m         
[36m(ClientAppActor pid=450350)[0m 
[36m(ClientAppActor pid=450350)[0m         
[36m(ClientAppActor pid=450348)[0m 
[36m(ClientAppActor pid=450348)[0m         
[36m(ClientAppActor pid=450347)[0m 
[36m(ClientAppActor pid=450347)[0m         
[36m(ClientAppActor pid=450337)[0m 
[36m(ClientAppActor pid=450337)[0m         
[36m(ClientAppActor pid=450349)[0m 
[36m(ClientAppActor pid=450349)[0m         
[36m(ClientAppActor pid=450344)[0m 
[36m(ClientAppActor pid=450344)[0m         
[36m(ClientAppActor pid=450336)[0m 
[36m(ClientAppActor pid=450336)[0m         
[36m(ClientAppActor pid=450345)[0m 
[36m(ClientAppActor pid=450345)[0m         
[36m(ClientAppActor pid=450349)[0m /home/bk489/federated_clean/.venv/lib/python3.9/site-packages/sklearn/metrics/_classification.py:407: UserWarning: A single label was found in 'y_true' and 'y_pred'. For the confusion matrix to have the correct shape, use the 'labels' parameter to pass all known labels.
[36m(ClientAppActor pid=450349)[0m   warnings.warn(
[92mINFO [0m:      aggregate_evaluate: received 10 results and 0 failures
[92mINFO [0m:      
[92mINFO [0m:      [ROUND 69]
[92mINFO [0m:      configure_fit: strategy sampled 10 clients (out of 10)
[36m(ClientAppActor pid=450345)[0m 
[36m(ClientAppActor pid=450345)[0m         
[36m(ClientAppActor pid=450336)[0m 
[36m(ClientAppActor pid=450336)[0m         
[36m(ClientAppActor pid=450344)[0m 
[36m(ClientAppActor pid=450344)[0m         
[36m(ClientAppActor pid=450348)[0m 
[36m(ClientAppActor pid=450348)[0m         
[36m(ClientAppActor pid=450337)[0m 
[36m(ClientAppActor pid=450337)[0m         
[36m(ClientAppActor pid=450350)[0m 
[36m(ClientAppActor pid=450350)[0m         
[36m(ClientAppActor pid=450346)[0m 
[36m(ClientAppActor pid=450346)[0m         
[36m(ClientAppActor pid=450347)[0m 
[36m(ClientAppActor pid=450347)[0m         
[36m(ClientAppActor pid=450351)[0m 
[36m(ClientAppActor pid=450351)[0m         
[36m(ClientAppActor pid=450349)[0m 
[36m(ClientAppActor pid=450349)[0m         
[36m(ClientAppActor pid=450349)[0m [93mWARNING [0m:   DEPRECATED FEATURE: `client_fn` now expects a signature `def client_fn(context: Context)`.The provided `client_fn` has signature: {'cid': <Parameter "cid: 'str'">}. You can import the `Context` like this: `from flwr.common import Context`[32m [repeated 40x across cluster][0m
[36m(ClientAppActor pid=450349)[0m             This is a deprecated feature. It will be removed[32m [repeated 40x across cluster][0m
[36m(ClientAppActor pid=450349)[0m             entirely in future versions of Flower.[32m [repeated 40x across cluster][0m
[36m(ClientAppActor pid=450344)[0m /home/bk489/federated_clean/cleanest_federated/fl-dermamnist-starter/metrics/evaluation.py:68: UserWarning: AUROC set to NaN because present classes are [0, 2, 3, 4, 5, 6], expected [0, 1, 2, 3, 4, 5, 6][32m [repeated 20x across cluster][0m
[36m(ClientAppActor pid=450344)[0m   warnings.warn(f'AUROC set to NaN because present classes are {present_classes}, expected {labels}')[32m [repeated 20x across cluster][0m
[36m(ClientAppActor pid=450345)[0m /home/bk489/federated_clean/.venv/lib/python3.9/site-packages/sklearn/metrics/_classification.py:2524: UserWarning: y_pred contains classes not in y_true[32m [repeated 14x across cluster][0m
[36m(ClientAppActor pid=450345)[0m   warnings.warn("y_pred contains classes not in y_true")[32m [repeated 14x across cluster][0m
[92mINFO [0m:      aggregate_fit: received 10 results and 0 failures
[92mINFO [0m:      fit progress: (69, 0.7423918498596427, {'accuracy': 0.7318045862412762, 'balanced_accuracy': 0.3159524727440418, 'macro_f1': 0.34739709672639546, 'worst_class_f1': 0.0, 'worst_class_recall': 0.0, 'f1_actinic_keratoses_an': 0.3466666666666667, 'recall_actinic_keratoses_an': 0.3939393939393939, 'f1_basal_cell_carcinoma': 0.0, 'recall_basal_cell_carcinoma': 0.0, 'f1_benign_keratosis-lik': 0.4177215189873418, 'recall_benign_keratosis-lik': 0.3, 'f1_dermatofibroma': 0.15384615384615385, 'recall_dermatofibroma': 0.08333333333333333, 'f1_melanoma': 0.4067796610169492, 'recall_melanoma': 0.32432432432432434, 'f1_melanocytic_nevi': 0.8567656765676568, 'recall_melanocytic_nevi': 0.9672131147540983, 'f1_vascular_lesions': 0.25, 'recall_vascular_lesions': 0.14285714285714285}, 210.5509827269998)
[92mINFO [0m:      configure_evaluate: strategy sampled 10 clients (out of 10)
[36m(ClientAppActor pid=450346)[0m 
[36m(ClientAppActor pid=450346)[0m         
[36m(ClientAppActor pid=450350)[0m 
[36m(ClientAppActor pid=450350)[0m         
[36m(ClientAppActor pid=450348)[0m 
[36m(ClientAppActor pid=450348)[0m         
[36m(ClientAppActor pid=450337)[0m 
[36m(ClientAppActor pid=450337)[0m         
[36m(ClientAppActor pid=450345)[0m 
[36m(ClientAppActor pid=450345)[0m         
[36m(ClientAppActor pid=450349)[0m 
[36m(ClientAppActor pid=450349)[0m         
[36m(ClientAppActor pid=450344)[0m 
[36m(ClientAppActor pid=450344)[0m         
[36m(ClientAppActor pid=450351)[0m 
[36m(ClientAppActor pid=450351)[0m         
[36m(ClientAppActor pid=450347)[0m 
[36m(ClientAppActor pid=450347)[0m         
[36m(ClientAppActor pid=450336)[0m 
[36m(ClientAppActor pid=450336)[0m         
[92mINFO [0m:      aggregate_evaluate: received 10 results and 0 failures
[92mINFO [0m:      
[92mINFO [0m:      [ROUND 70]
[92mINFO [0m:      configure_fit: strategy sampled 10 clients (out of 10)
[36m(ClientAppActor pid=450346)[0m 
[36m(ClientAppActor pid=450346)[0m         
[36m(ClientAppActor pid=450351)[0m 
[36m(ClientAppActor pid=450351)[0m         
[36m(ClientAppActor pid=450350)[0m 
[36m(ClientAppActor pid=450350)[0m         
[36m(ClientAppActor pid=450348)[0m 
[36m(ClientAppActor pid=450348)[0m         
[36m(ClientAppActor pid=450347)[0m 
[36m(ClientAppActor pid=450347)[0m         
[36m(ClientAppActor pid=450337)[0m 
[36m(ClientAppActor pid=450337)[0m         
[36m(ClientAppActor pid=450345)[0m 
[36m(ClientAppActor pid=450345)[0m         
[36m(ClientAppActor pid=450336)[0m 
[36m(ClientAppActor pid=450336)[0m         
[36m(ClientAppActor pid=450349)[0m 
[36m(ClientAppActor pid=450349)[0m         
[36m(ClientAppActor pid=450344)[0m 
[36m(ClientAppActor pid=450344)[0m         
[36m(ClientAppActor pid=450346)[0m /home/bk489/federated_clean/cleanest_federated/fl-dermamnist-starter/data/download.py:27: UserWarning: The given NumPy array is not writable, and PyTorch does not support non-writable tensors. This means writing to this tensor will result in undefined behavior. You may want to copy the array to protect its data or make it writable before converting it to a tensor. This type of warning will be suppressed for the rest of this program. (Triggered internally at /pytorch/torch/csrc/utils/tensor_numpy.cpp:203.)[32m [repeated 174x across cluster][0m
[36m(ClientAppActor pid=450346)[0m   tensor = torch.as_tensor(image)[32m [repeated 174x across cluster][0m
[92mINFO [0m:      aggregate_fit: received 10 results and 0 failures
[92mINFO [0m:      fit progress: (70, 0.6992472332947751, {'accuracy': 0.7497507477567298, 'balanced_accuracy': 0.3340053989936894, 'macro_f1': 0.36598990455549846, 'worst_class_f1': 0.0, 'worst_class_recall': 0.0, 'f1_actinic_keratoses_an': 0.4, 'recall_actinic_keratoses_an': 0.3939393939393939, 'f1_basal_cell_carcinoma': 0.0, 'recall_basal_cell_carcinoma': 0.0, 'f1_benign_keratosis-lik': 0.5314009661835749, 'recall_benign_keratosis-lik': 0.5, 'f1_dermatofibroma': 0.15384615384615385, 'recall_dermatofibroma': 0.08333333333333333, 'f1_melanoma': 0.35526315789473684, 'recall_melanoma': 0.24324324324324326, 'f1_melanocytic_nevi': 0.871419053964024, 'recall_melanocytic_nevi': 0.9746646795827124, 'f1_vascular_lesions': 0.25, 'recall_vascular_lesions': 0.14285714285714285}, 213.4588119330001)
[92mINFO [0m:      configure_evaluate: strategy sampled 10 clients (out of 10)
[36m(ClientAppActor pid=450346)[0m 
[36m(ClientAppActor pid=450346)[0m         
[36m(ClientAppActor pid=450346)[0m [93mWARNING [0m:   DEPRECATED FEATURE: `client_fn` now expects a signature `def client_fn(context: Context)`.The provided `client_fn` has signature: {'cid': <Parameter "cid: 'str'">}. You can import the `Context` like this: `from flwr.common import Context`[32m [repeated 21x across cluster][0m
[36m(ClientAppActor pid=450346)[0m             This is a deprecated feature. It will be removed[32m [repeated 21x across cluster][0m
[36m(ClientAppActor pid=450346)[0m             entirely in future versions of Flower.[32m [repeated 21x across cluster][0m
[36m(ClientAppActor pid=450336)[0m /home/bk489/federated_clean/cleanest_federated/fl-dermamnist-starter/metrics/evaluation.py:68: UserWarning: AUROC set to NaN because present classes are [0, 1, 2, 5], expected [0, 1, 2, 3, 4, 5, 6][32m [repeated 10x across cluster][0m
[36m(ClientAppActor pid=450336)[0m   warnings.warn(f'AUROC set to NaN because present classes are {present_classes}, expected {labels}')[32m [repeated 10x across cluster][0m
[36m(ClientAppActor pid=450347)[0m /home/bk489/federated_clean/.venv/lib/python3.9/site-packages/sklearn/metrics/_classification.py:2524: UserWarning: y_pred contains classes not in y_true[32m [repeated 6x across cluster][0m
[36m(ClientAppActor pid=450347)[0m   warnings.warn("y_pred contains classes not in y_true")[32m [repeated 6x across cluster][0m
[36m(ClientAppActor pid=450351)[0m 
[36m(ClientAppActor pid=450351)[0m         
[36m(ClientAppActor pid=450350)[0m 
[36m(ClientAppActor pid=450350)[0m         
[36m(ClientAppActor pid=450348)[0m 
[36m(ClientAppActor pid=450348)[0m         
[36m(ClientAppActor pid=450347)[0m 
[36m(ClientAppActor pid=450347)[0m         
[36m(ClientAppActor pid=450337)[0m 
[36m(ClientAppActor pid=450337)[0m         
[36m(ClientAppActor pid=450345)[0m 
[36m(ClientAppActor pid=450345)[0m         
[36m(ClientAppActor pid=450336)[0m 
[36m(ClientAppActor pid=450336)[0m         
[36m(ClientAppActor pid=450349)[0m 
[36m(ClientAppActor pid=450349)[0m         
[36m(ClientAppActor pid=450344)[0m 
[36m(ClientAppActor pid=450344)[0m         
[92mINFO [0m:      aggregate_evaluate: received 10 results and 0 failures
[92mINFO [0m:      
[92mINFO [0m:      [ROUND 71]
[92mINFO [0m:      configure_fit: strategy sampled 10 clients (out of 10)
[36m(ClientAppActor pid=450346)[0m 
[36m(ClientAppActor pid=450346)[0m         
[36m(ClientAppActor pid=450348)[0m 
[36m(ClientAppActor pid=450348)[0m         
[36m(ClientAppActor pid=450349)[0m 
[36m(ClientAppActor pid=450349)[0m         
[36m(ClientAppActor pid=450344)[0m 
[36m(ClientAppActor pid=450344)[0m         
[36m(ClientAppActor pid=450351)[0m 
[36m(ClientAppActor pid=450351)[0m         
[36m(ClientAppActor pid=450347)[0m 
[36m(ClientAppActor pid=450347)[0m         
[36m(ClientAppActor pid=450337)[0m 
[36m(ClientAppActor pid=450337)[0m         
[36m(ClientAppActor pid=450336)[0m 
[36m(ClientAppActor pid=450336)[0m         
[36m(ClientAppActor pid=450345)[0m 
[36m(ClientAppActor pid=450345)[0m         
[36m(ClientAppActor pid=450350)[0m 
[36m(ClientAppActor pid=450350)[0m         
[92mINFO [0m:      aggregate_fit: received 10 results and 0 failures
[92mINFO [0m:      fit progress: (71, 0.7027844575680384, {'accuracy': 0.7497507477567298, 'balanced_accuracy': 0.34716561051455663, 'macro_f1': 0.3682302518635945, 'worst_class_f1': 0.0, 'worst_class_recall': 0.0, 'f1_actinic_keratoses_an': 0.38636363636363635, 'recall_actinic_keratoses_an': 0.5151515151515151, 'f1_basal_cell_carcinoma': 0.0, 'recall_basal_cell_carcinoma': 0.0, 'f1_benign_keratosis-lik': 0.518918918918919, 'recall_benign_keratosis-lik': 0.43636363636363634, 'f1_dermatofibroma': 0.15384615384615385, 'recall_dermatofibroma': 0.08333333333333333, 'f1_melanoma': 0.39490445859872614, 'recall_melanoma': 0.27927927927927926, 'f1_melanocytic_nevi': 0.8735785953177257, 'recall_melanocytic_nevi': 0.9731743666169895, 'f1_vascular_lesions': 0.25, 'recall_vascular_lesions': 0.14285714285714285}, 216.44393450199277)
[92mINFO [0m:      configure_evaluate: strategy sampled 10 clients (out of 10)
[36m(ClientAppActor pid=450346)[0m 
[36m(ClientAppActor pid=450346)[0m         
[36m(ClientAppActor pid=450346)[0m /home/bk489/federated_clean/cleanest_federated/fl-dermamnist-starter/data/download.py:27: UserWarning: The given NumPy array is not writable, and PyTorch does not support non-writable tensors. This means writing to this tensor will result in undefined behavior. You may want to copy the array to protect its data or make it writable before converting it to a tensor. This type of warning will be suppressed for the rest of this program. (Triggered internally at /pytorch/torch/csrc/utils/tensor_numpy.cpp:203.)[32m [repeated 168x across cluster][0m
[36m(ClientAppActor pid=450346)[0m   tensor = torch.as_tensor(image)[32m [repeated 168x across cluster][0m
[36m(ClientAppActor pid=450351)[0m 
[36m(ClientAppActor pid=450351)[0m         
[36m(ClientAppActor pid=450350)[0m 
[36m(ClientAppActor pid=450350)[0m         
[36m(ClientAppActor pid=450348)[0m 
[36m(ClientAppActor pid=450348)[0m         
[36m(ClientAppActor pid=450347)[0m 
[36m(ClientAppActor pid=450347)[0m         
[36m(ClientAppActor pid=450337)[0m 
[36m(ClientAppActor pid=450337)[0m         
[36m(ClientAppActor pid=450345)[0m 
[36m(ClientAppActor pid=450345)[0m         
[36m(ClientAppActor pid=450336)[0m 
[36m(ClientAppActor pid=450336)[0m         
[36m(ClientAppActor pid=450349)[0m 
[36m(ClientAppActor pid=450349)[0m         
[36m(ClientAppActor pid=450344)[0m 
[36m(ClientAppActor pid=450344)[0m         
[92mINFO [0m:      aggregate_evaluate: received 10 results and 0 failures
[92mINFO [0m:      
[92mINFO [0m:      [ROUND 72]
[92mINFO [0m:      configure_fit: strategy sampled 10 clients (out of 10)
[36m(ClientAppActor pid=450346)[0m 
[36m(ClientAppActor pid=450346)[0m         
[36m(ClientAppActor pid=450351)[0m 
[36m(ClientAppActor pid=450351)[0m         
[36m(ClientAppActor pid=450350)[0m 
[36m(ClientAppActor pid=450350)[0m         
[36m(ClientAppActor pid=450348)[0m 
[36m(ClientAppActor pid=450348)[0m         
[36m(ClientAppActor pid=450347)[0m 
[36m(ClientAppActor pid=450347)[0m         
[36m(ClientAppActor pid=450337)[0m 
[36m(ClientAppActor pid=450337)[0m         
[36m(ClientAppActor pid=450336)[0m 
[36m(ClientAppActor pid=450336)[0m         
[36m(ClientAppActor pid=450349)[0m 
[36m(ClientAppActor pid=450349)[0m         
[36m(ClientAppActor pid=450344)[0m 
[36m(ClientAppActor pid=450344)[0m         
[36m(ClientAppActor pid=450345)[0m 
[36m(ClientAppActor pid=450345)[0m         
[36m(ClientAppActor pid=450345)[0m [93mWARNING [0m:   DEPRECATED FEATURE: `client_fn` now expects a signature `def client_fn(context: Context)`.The provided `client_fn` has signature: {'cid': <Parameter "cid: 'str'">}. You can import the `Context` like this: `from flwr.common import Context`[32m [repeated 39x across cluster][0m
[36m(ClientAppActor pid=450345)[0m             This is a deprecated feature. It will be removed[32m [repeated 39x across cluster][0m
[36m(ClientAppActor pid=450345)[0m             entirely in future versions of Flower.[32m [repeated 39x across cluster][0m
[36m(ClientAppActor pid=450348)[0m /home/bk489/federated_clean/cleanest_federated/fl-dermamnist-starter/metrics/evaluation.py:68: UserWarning: AUROC set to NaN because present classes are [2, 4, 5, 6], expected [0, 1, 2, 3, 4, 5, 6][32m [repeated 20x across cluster][0m
[36m(ClientAppActor pid=450348)[0m   warnings.warn(f'AUROC set to NaN because present classes are {present_classes}, expected {labels}')[32m [repeated 20x across cluster][0m
[36m(ClientAppActor pid=450347)[0m /home/bk489/federated_clean/.venv/lib/python3.9/site-packages/sklearn/metrics/_classification.py:2524: UserWarning: y_pred contains classes not in y_true[32m [repeated 12x across cluster][0m
[36m(ClientAppActor pid=450347)[0m   warnings.warn("y_pred contains classes not in y_true")[32m [repeated 12x across cluster][0m
[92mINFO [0m:      aggregate_fit: received 10 results and 0 failures
[92mINFO [0m:      fit progress: (72, 0.7254810935835301, {'accuracy': 0.7397806580259222, 'balanced_accuracy': 0.336315096385354, 'macro_f1': 0.3587038639942461, 'worst_class_f1': 0.0, 'worst_class_recall': 0.0, 'f1_actinic_keratoses_an': 0.4, 'recall_actinic_keratoses_an': 0.5151515151515151, 'f1_basal_cell_carcinoma': 0.0, 'recall_basal_cell_carcinoma': 0.0, 'f1_benign_keratosis-lik': 0.4378698224852071, 'recall_benign_keratosis-lik': 0.33636363636363636, 'f1_dermatofibroma': 0.15384615384615385, 'recall_dermatofibroma': 0.08333333333333333, 'f1_melanoma': 0.40236686390532544, 'recall_melanoma': 0.3063063063063063, 'f1_melanocytic_nevi': 0.8668442077230359, 'recall_melanocytic_nevi': 0.970193740685544, 'f1_vascular_lesions': 0.25, 'recall_vascular_lesions': 0.14285714285714285}, 219.35404783001286)
[92mINFO [0m:      configure_evaluate: strategy sampled 10 clients (out of 10)
[36m(ClientAppActor pid=450350)[0m 
[36m(ClientAppActor pid=450350)[0m         
[36m(ClientAppActor pid=450348)[0m 
[36m(ClientAppActor pid=450348)[0m         
[36m(ClientAppActor pid=450337)[0m 
[36m(ClientAppActor pid=450337)[0m         
[36m(ClientAppActor pid=450345)[0m 
[36m(ClientAppActor pid=450345)[0m         
[36m(ClientAppActor pid=450336)[0m 
[36m(ClientAppActor pid=450336)[0m         
[36m(ClientAppActor pid=450349)[0m 
[36m(ClientAppActor pid=450349)[0m         
[36m(ClientAppActor pid=450344)[0m 
[36m(ClientAppActor pid=450344)[0m         
[36m(ClientAppActor pid=450346)[0m 
[36m(ClientAppActor pid=450346)[0m         
[36m(ClientAppActor pid=450351)[0m 
[36m(ClientAppActor pid=450351)[0m         
[36m(ClientAppActor pid=450347)[0m 
[36m(ClientAppActor pid=450347)[0m         
[92mINFO [0m:      aggregate_evaluate: received 10 results and 0 failures
[92mINFO [0m:      
[92mINFO [0m:      [ROUND 73]
[92mINFO [0m:      configure_fit: strategy sampled 10 clients (out of 10)
[36m(ClientAppActor pid=450346)[0m 
[36m(ClientAppActor pid=450346)[0m         
[36m(ClientAppActor pid=450351)[0m 
[36m(ClientAppActor pid=450351)[0m         
[36m(ClientAppActor pid=450348)[0m 
[36m(ClientAppActor pid=450348)[0m         
[36m(ClientAppActor pid=450347)[0m 
[36m(ClientAppActor pid=450347)[0m         
[36m(ClientAppActor pid=450345)[0m 
[36m(ClientAppActor pid=450345)[0m         
[36m(ClientAppActor pid=450349)[0m 
[36m(ClientAppActor pid=450349)[0m         
[36m(ClientAppActor pid=450350)[0m 
[36m(ClientAppActor pid=450350)[0m         
[36m(ClientAppActor pid=450344)[0m 
[36m(ClientAppActor pid=450344)[0m         
[36m(ClientAppActor pid=450337)[0m 
[36m(ClientAppActor pid=450337)[0m         
[36m(ClientAppActor pid=450336)[0m 
[36m(ClientAppActor pid=450336)[0m         
[36m(ClientAppActor pid=450349)[0m /home/bk489/federated_clean/cleanest_federated/fl-dermamnist-starter/data/download.py:27: UserWarning: The given NumPy array is not writable, and PyTorch does not support non-writable tensors. This means writing to this tensor will result in undefined behavior. You may want to copy the array to protect its data or make it writable before converting it to a tensor. This type of warning will be suppressed for the rest of this program. (Triggered internally at /pytorch/torch/csrc/utils/tensor_numpy.cpp:203.)[32m [repeated 215x across cluster][0m
[36m(ClientAppActor pid=450349)[0m   tensor = torch.as_tensor(image)[32m [repeated 215x across cluster][0m
[92mINFO [0m:      aggregate_fit: received 10 results and 0 failures
[92mINFO [0m:      fit progress: (73, 0.7192702438990592, {'accuracy': 0.7318045862412762, 'balanced_accuracy': 0.32667409494107386, 'macro_f1': 0.3390698815237986, 'worst_class_f1': 0.0, 'worst_class_recall': 0.0, 'f1_actinic_keratoses_an': 0.3958333333333333, 'recall_actinic_keratoses_an': 0.5757575757575758, 'f1_basal_cell_carcinoma': 0.0, 'recall_basal_cell_carcinoma': 0.0, 'f1_benign_keratosis-lik': 0.41025641025641024, 'recall_benign_keratosis-lik': 0.2909090909090909, 'f1_dermatofibroma': 0.14285714285714285, 'recall_dermatofibroma': 0.08333333333333333, 'f1_melanoma': 0.3096774193548387, 'recall_melanoma': 0.21621621621621623, 'f1_melanocytic_nevi': 0.8648648648648649, 'recall_melanocytic_nevi': 0.977645305514158, 'f1_vascular_lesions': 0.25, 'recall_vascular_lesions': 0.14285714285714285}, 222.31352516199695)
[92mINFO [0m:      configure_evaluate: strategy sampled 10 clients (out of 10)
[36m(ClientAppActor pid=450346)[0m 
[36m(ClientAppActor pid=450346)[0m         
[36m(ClientAppActor pid=450351)[0m 
[36m(ClientAppActor pid=450351)[0m         
[36m(ClientAppActor pid=450350)[0m 
[36m(ClientAppActor pid=450350)[0m         
[36m(ClientAppActor pid=450348)[0m 
[36m(ClientAppActor pid=450348)[0m         
[36m(ClientAppActor pid=450347)[0m 
[36m(ClientAppActor pid=450347)[0m         
[36m(ClientAppActor pid=450337)[0m 
[36m(ClientAppActor pid=450337)[0m         
[36m(ClientAppActor pid=450345)[0m 
[36m(ClientAppActor pid=450345)[0m         
[36m(ClientAppActor pid=450336)[0m 
[36m(ClientAppActor pid=450336)[0m         
[36m(ClientAppActor pid=450349)[0m 
[36m(ClientAppActor pid=450349)[0m         
[36m(ClientAppActor pid=450344)[0m 
[36m(ClientAppActor pid=450344)[0m         
[92mINFO [0m:      aggregate_evaluate: received 10 results and 0 failures
[92mINFO [0m:      
[92mINFO [0m:      [ROUND 74]
[92mINFO [0m:      configure_fit: strategy sampled 10 clients (out of 10)
[36m(ClientAppActor pid=450346)[0m 
[36m(ClientAppActor pid=450346)[0m         
[36m(ClientAppActor pid=450350)[0m 
[36m(ClientAppActor pid=450350)[0m         
[36m(ClientAppActor pid=450348)[0m 
[36m(ClientAppActor pid=450348)[0m         
[36m(ClientAppActor pid=450347)[0m /home/bk489/federated_clean/.venv/lib/python3.9/site-packages/sklearn/metrics/_classification.py:407: UserWarning: A single label was found in 'y_true' and 'y_pred'. For the confusion matrix to have the correct shape, use the 'labels' parameter to pass all known labels.
[36m(ClientAppActor pid=450347)[0m   warnings.warn(
[36m(ClientAppActor pid=450347)[0m 
[36m(ClientAppActor pid=450347)[0m         
[36m(ClientAppActor pid=450345)[0m 
[36m(ClientAppActor pid=450345)[0m         
[36m(ClientAppActor pid=450336)[0m 
[36m(ClientAppActor pid=450336)[0m         
[36m(ClientAppActor pid=450349)[0m 
[36m(ClientAppActor pid=450349)[0m         
[36m(ClientAppActor pid=450344)[0m 
[36m(ClientAppActor pid=450344)[0m         
[36m(ClientAppActor pid=450351)[0m 
[36m(ClientAppActor pid=450351)[0m         
[36m(ClientAppActor pid=450337)[0m 
[36m(ClientAppActor pid=450337)[0m         
[36m(ClientAppActor pid=450337)[0m [93mWARNING [0m:   DEPRECATED FEATURE: `client_fn` now expects a signature `def client_fn(context: Context)`.The provided `client_fn` has signature: {'cid': <Parameter "cid: 'str'">}. You can import the `Context` like this: `from flwr.common import Context`[32m [repeated 40x across cluster][0m
[36m(ClientAppActor pid=450337)[0m             This is a deprecated feature. It will be removed[32m [repeated 40x across cluster][0m
[36m(ClientAppActor pid=450337)[0m             entirely in future versions of Flower.[32m [repeated 40x across cluster][0m
[36m(ClientAppActor pid=450344)[0m /home/bk489/federated_clean/cleanest_federated/fl-dermamnist-starter/metrics/evaluation.py:68: UserWarning: AUROC set to NaN because present classes are [0, 3, 4, 5, 6], expected [0, 1, 2, 3, 4, 5, 6][32m [repeated 20x across cluster][0m
[36m(ClientAppActor pid=450344)[0m   warnings.warn(f'AUROC set to NaN because present classes are {present_classes}, expected {labels}')[32m [repeated 20x across cluster][0m
[36m(ClientAppActor pid=450344)[0m /home/bk489/federated_clean/.venv/lib/python3.9/site-packages/sklearn/metrics/_classification.py:2524: UserWarning: y_pred contains classes not in y_true[32m [repeated 14x across cluster][0m
[36m(ClientAppActor pid=450344)[0m   warnings.warn("y_pred contains classes not in y_true")[32m [repeated 14x across cluster][0m
[92mINFO [0m:      aggregate_fit: received 10 results and 0 failures
[92mINFO [0m:      fit progress: (74, 0.7423313059217315, {'accuracy': 0.744765702891326, 'balanced_accuracy': 0.32233195207434084, 'macro_f1': 0.3324181348084271, 'worst_class_f1': 0.0, 'worst_class_recall': 0.0, 'f1_actinic_keratoses_an': 0.4044943820224719, 'recall_actinic_keratoses_an': 0.5454545454545454, 'f1_basal_cell_carcinoma': 0.0, 'recall_basal_cell_carcinoma': 0.0, 'f1_benign_keratosis-lik': 0.47953216374269003, 'recall_benign_keratosis-lik': 0.37272727272727274, 'f1_dermatofibroma': 0.0, 'recall_dermatofibroma': 0.0, 'f1_melanoma': 0.32167832167832167, 'recall_melanoma': 0.2072072072072072, 'f1_melanocytic_nevi': 0.871222076215506, 'recall_melanocytic_nevi': 0.9880774962742176, 'f1_vascular_lesions': 0.25, 'recall_vascular_lesions': 0.14285714285714285}, 225.23958458201378)
[92mINFO [0m:      configure_evaluate: strategy sampled 10 clients (out of 10)
[36m(ClientAppActor pid=450346)[0m 
[36m(ClientAppActor pid=450346)[0m         
[36m(ClientAppActor pid=450351)[0m 
[36m(ClientAppActor pid=450351)[0m         
[36m(ClientAppActor pid=450350)[0m 
[36m(ClientAppActor pid=450350)[0m         
[36m(ClientAppActor pid=450347)[0m 
[36m(ClientAppActor pid=450347)[0m         
[36m(ClientAppActor pid=450337)[0m 
[36m(ClientAppActor pid=450337)[0m         
[36m(ClientAppActor pid=450345)[0m 
[36m(ClientAppActor pid=450345)[0m         
[36m(ClientAppActor pid=450336)[0m 
[36m(ClientAppActor pid=450336)[0m         
[36m(ClientAppActor pid=450344)[0m 
[36m(ClientAppActor pid=450344)[0m         
[36m(ClientAppActor pid=450348)[0m 
[36m(ClientAppActor pid=450348)[0m         
[36m(ClientAppActor pid=450349)[0m 
[36m(ClientAppActor pid=450349)[0m         
[92mINFO [0m:      aggregate_evaluate: received 10 results and 0 failures
[92mINFO [0m:      
[92mINFO [0m:      [ROUND 75]
[92mINFO [0m:      configure_fit: strategy sampled 10 clients (out of 10)
[36m(ClientAppActor pid=450349)[0m 
[36m(ClientAppActor pid=450349)[0m         
[36m(ClientAppActor pid=450348)[0m 
[36m(ClientAppActor pid=450348)[0m         
[36m(ClientAppActor pid=450336)[0m 
[36m(ClientAppActor pid=450336)[0m         
[36m(ClientAppActor pid=450347)[0m 
[36m(ClientAppActor pid=450347)[0m         
[36m(ClientAppActor pid=450346)[0m 
[36m(ClientAppActor pid=450346)[0m         
[36m(ClientAppActor pid=450351)[0m 
[36m(ClientAppActor pid=450351)[0m         
[36m(ClientAppActor pid=450350)[0m 
[36m(ClientAppActor pid=450350)[0m         
[36m(ClientAppActor pid=450337)[0m 
[36m(ClientAppActor pid=450337)[0m         
[36m(ClientAppActor pid=450345)[0m 
[36m(ClientAppActor pid=450345)[0m         
[36m(ClientAppActor pid=450344)[0m 
[36m(ClientAppActor pid=450344)[0m         
[36m(ClientAppActor pid=450347)[0m /home/bk489/federated_clean/cleanest_federated/fl-dermamnist-starter/data/download.py:27: UserWarning: The given NumPy array is not writable, and PyTorch does not support non-writable tensors. This means writing to this tensor will result in undefined behavior. You may want to copy the array to protect its data or make it writable before converting it to a tensor. This type of warning will be suppressed for the rest of this program. (Triggered internally at /pytorch/torch/csrc/utils/tensor_numpy.cpp:203.)[32m [repeated 204x across cluster][0m
[36m(ClientAppActor pid=450347)[0m   tensor = torch.as_tensor(image)[32m [repeated 204x across cluster][0m
[36m(ClientAppActor pid=450346)[0m /home/bk489/federated_clean/.venv/lib/python3.9/site-packages/sklearn/metrics/_classification.py:407: UserWarning: A single label was found in 'y_true' and 'y_pred'. For the confusion matrix to have the correct shape, use the 'labels' parameter to pass all known labels.
[36m(ClientAppActor pid=450346)[0m   warnings.warn(
[92mINFO [0m:      aggregate_fit: received 10 results and 0 failures
[92mINFO [0m:      fit progress: (75, 0.6915114959952601, {'accuracy': 0.752741774675972, 'balanced_accuracy': 0.37348646880262804, 'macro_f1': 0.38082632289009954, 'worst_class_f1': 0.037037037037037035, 'worst_class_recall': 0.019230769230769232, 'f1_actinic_keratoses_an': 0.38095238095238093, 'recall_actinic_keratoses_an': 0.6060606060606061, 'f1_basal_cell_carcinoma': 0.037037037037037035, 'recall_basal_cell_carcinoma': 0.019230769230769232, 'f1_benign_keratosis-lik': 0.5463917525773195, 'recall_benign_keratosis-lik': 0.4818181818181818, 'f1_dermatofibroma': 0.15384615384615385, 'recall_dermatofibroma': 0.08333333333333333, 'f1_melanoma': 0.4114285714285714, 'recall_melanoma': 0.32432432432432434, 'f1_melanocytic_nevi': 0.8861283643892339, 'recall_melanocytic_nevi': 0.9567809239940388, 'f1_vascular_lesions': 0.25, 'recall_vascular_lesions': 0.14285714285714285}, 228.1625094260089)
[92mINFO [0m:      configure_evaluate: strategy sampled 10 clients (out of 10)
[36m(ClientAppActor pid=450346)[0m 
[36m(ClientAppActor pid=450346)[0m         
[36m(ClientAppActor pid=450351)[0m 
[36m(ClientAppActor pid=450351)[0m         
[36m(ClientAppActor pid=450350)[0m 
[36m(ClientAppActor pid=450350)[0m         
[36m(ClientAppActor pid=450348)[0m 
[36m(ClientAppActor pid=450348)[0m         
[36m(ClientAppActor pid=450347)[0m 
[36m(ClientAppActor pid=450347)[0m         
[36m(ClientAppActor pid=450337)[0m 
[36m(ClientAppActor pid=450337)[0m         
[36m(ClientAppActor pid=450345)[0m 
[36m(ClientAppActor pid=450345)[0m         
[36m(ClientAppActor pid=450336)[0m 
[36m(ClientAppActor pid=450336)[0m         
[36m(ClientAppActor pid=450349)[0m 
[36m(ClientAppActor pid=450349)[0m         
[36m(ClientAppActor pid=450344)[0m 
[36m(ClientAppActor pid=450344)[0m         
[36m(ClientAppActor pid=450345)[0m /home/bk489/federated_clean/.venv/lib/python3.9/site-packages/sklearn/metrics/_classification.py:407: UserWarning: A single label was found in 'y_true' and 'y_pred'. For the confusion matrix to have the correct shape, use the 'labels' parameter to pass all known labels.
[36m(ClientAppActor pid=450345)[0m   warnings.warn(
[92mINFO [0m:      aggregate_evaluate: received 10 results and 0 failures
[92mINFO [0m:      
[92mINFO [0m:      [ROUND 76]
[92mINFO [0m:      configure_fit: strategy sampled 10 clients (out of 10)
[36m(ClientAppActor pid=450346)[0m 
[36m(ClientAppActor pid=450346)[0m         
[36m(ClientAppActor pid=450351)[0m 
[36m(ClientAppActor pid=450351)[0m         
[36m(ClientAppActor pid=450350)[0m 
[36m(ClientAppActor pid=450350)[0m         
[36m(ClientAppActor pid=450348)[0m 
[36m(ClientAppActor pid=450348)[0m         
[36m(ClientAppActor pid=450347)[0m 
[36m(ClientAppActor pid=450347)[0m         
[36m(ClientAppActor pid=450337)[0m 
[36m(ClientAppActor pid=450337)[0m         
[36m(ClientAppActor pid=450345)[0m 
[36m(ClientAppActor pid=450345)[0m         
[36m(ClientAppActor pid=450336)[0m 
[36m(ClientAppActor pid=450336)[0m         
[36m(ClientAppActor pid=450349)[0m 
[36m(ClientAppActor pid=450349)[0m         
[36m(ClientAppActor pid=450344)[0m 
[36m(ClientAppActor pid=450344)[0m         
[36m(ClientAppActor pid=450344)[0m [93mWARNING [0m:   DEPRECATED FEATURE: `client_fn` now expects a signature `def client_fn(context: Context)`.The provided `client_fn` has signature: {'cid': <Parameter "cid: 'str'">}. You can import the `Context` like this: `from flwr.common import Context`[32m [repeated 40x across cluster][0m
[36m(ClientAppActor pid=450344)[0m             This is a deprecated feature. It will be removed[32m [repeated 40x across cluster][0m
[36m(ClientAppActor pid=450344)[0m             entirely in future versions of Flower.[32m [repeated 40x across cluster][0m
[36m(ClientAppActor pid=450344)[0m /home/bk489/federated_clean/cleanest_federated/fl-dermamnist-starter/metrics/evaluation.py:68: UserWarning: AUROC set to NaN because present classes are [2, 4, 5], expected [0, 1, 2, 3, 4, 5, 6][32m [repeated 20x across cluster][0m
[36m(ClientAppActor pid=450344)[0m   warnings.warn(f'AUROC set to NaN because present classes are {present_classes}, expected {labels}')[32m [repeated 20x across cluster][0m
[36m(ClientAppActor pid=450344)[0m /home/bk489/federated_clean/.venv/lib/python3.9/site-packages/sklearn/metrics/_classification.py:2524: UserWarning: y_pred contains classes not in y_true[32m [repeated 10x across cluster][0m
[36m(ClientAppActor pid=450344)[0m   warnings.warn("y_pred contains classes not in y_true")[32m [repeated 10x across cluster][0m
[92mINFO [0m:      aggregate_fit: received 10 results and 0 failures
[92mINFO [0m:      fit progress: (76, 0.7248280691957901, {'accuracy': 0.7497507477567298, 'balanced_accuracy': 0.3348992031661821, 'macro_f1': 0.3555423894197517, 'worst_class_f1': 0.0, 'worst_class_recall': 0.0, 'f1_actinic_keratoses_an': 0.36363636363636365, 'recall_actinic_keratoses_an': 0.42424242424242425, 'f1_basal_cell_carcinoma': 0.0, 'recall_basal_cell_carcinoma': 0.0, 'f1_benign_keratosis-lik': 0.5238095238095238, 'recall_benign_keratosis-lik': 0.5, 'f1_dermatofibroma': 0.13333333333333333, 'recall_dermatofibroma': 0.08333333333333333, 'f1_melanoma': 0.3404255319148936, 'recall_melanoma': 0.21621621621621623, 'f1_melanocytic_nevi': 0.8775919732441472, 'recall_melanocytic_nevi': 0.977645305514158, 'f1_vascular_lesions': 0.25, 'recall_vascular_lesions': 0.14285714285714285}, 231.05912420898676)
[92mINFO [0m:      configure_evaluate: strategy sampled 10 clients (out of 10)
[36m(ClientAppActor pid=450346)[0m 
[36m(ClientAppActor pid=450346)[0m         
[36m(ClientAppActor pid=450351)[0m 
[36m(ClientAppActor pid=450351)[0m         
[36m(ClientAppActor pid=450350)[0m 
[36m(ClientAppActor pid=450350)[0m         
[36m(ClientAppActor pid=450348)[0m 
[36m(ClientAppActor pid=450348)[0m         
[36m(ClientAppActor pid=450347)[0m 
[36m(ClientAppActor pid=450347)[0m         
[36m(ClientAppActor pid=450336)[0m 
[36m(ClientAppActor pid=450336)[0m         
[36m(ClientAppActor pid=450345)[0m 
[36m(ClientAppActor pid=450345)[0m         
[36m(ClientAppActor pid=450337)[0m 
[36m(ClientAppActor pid=450337)[0m         
[92mINFO [0m:      aggregate_evaluate: received 10 results and 0 failures
[92mINFO [0m:      
[92mINFO [0m:      [ROUND 77]
[92mINFO [0m:      configure_fit: strategy sampled 10 clients (out of 10)
[36m(ClientAppActor pid=450349)[0m 
[36m(ClientAppActor pid=450349)[0m         
[36m(ClientAppActor pid=450344)[0m 
[36m(ClientAppActor pid=450344)[0m         
[36m(ClientAppActor pid=450346)[0m 
[36m(ClientAppActor pid=450346)[0m         
[36m(ClientAppActor pid=450351)[0m 
[36m(ClientAppActor pid=450351)[0m         
[36m(ClientAppActor pid=450350)[0m 
[36m(ClientAppActor pid=450350)[0m         
[36m(ClientAppActor pid=450348)[0m 
[36m(ClientAppActor pid=450348)[0m         
[36m(ClientAppActor pid=450347)[0m 
[36m(ClientAppActor pid=450347)[0m         
[36m(ClientAppActor pid=450337)[0m 
[36m(ClientAppActor pid=450337)[0m         
[36m(ClientAppActor pid=450345)[0m 
[36m(ClientAppActor pid=450345)[0m         
[36m(ClientAppActor pid=450336)[0m 
[36m(ClientAppActor pid=450336)[0m         
[36m(ClientAppActor pid=450349)[0m 
[36m(ClientAppActor pid=450349)[0m         
[36m(ClientAppActor pid=450344)[0m 
[36m(ClientAppActor pid=450344)[0m         
[36m(ClientAppActor pid=450351)[0m /home/bk489/federated_clean/cleanest_federated/fl-dermamnist-starter/data/download.py:27: UserWarning: The given NumPy array is not writable, and PyTorch does not support non-writable tensors. This means writing to this tensor will result in undefined behavior. You may want to copy the array to protect its data or make it writable before converting it to a tensor. This type of warning will be suppressed for the rest of this program. (Triggered internally at /pytorch/torch/csrc/utils/tensor_numpy.cpp:203.)[32m [repeated 171x across cluster][0m
[36m(ClientAppActor pid=450351)[0m   tensor = torch.as_tensor(image)[32m [repeated 171x across cluster][0m
[92mINFO [0m:      aggregate_fit: received 10 results and 0 failures
[92mINFO [0m:      fit progress: (77, 0.7188027411966714, {'accuracy': 0.7497507477567298, 'balanced_accuracy': 0.34527960698920884, 'macro_f1': 0.3606484809865048, 'worst_class_f1': 0.0, 'worst_class_recall': 0.0, 'f1_actinic_keratoses_an': 0.3855421686746988, 'recall_actinic_keratoses_an': 0.48484848484848486, 'f1_basal_cell_carcinoma': 0.0, 'recall_basal_cell_carcinoma': 0.0, 'f1_benign_keratosis-lik': 0.5314009661835749, 'recall_benign_keratosis-lik': 0.5, 'f1_dermatofibroma': 0.13333333333333333, 'recall_dermatofibroma': 0.08333333333333333, 'f1_melanoma': 0.3443708609271523, 'recall_melanoma': 0.23423423423423423, 'f1_melanocytic_nevi': 0.8798920377867746, 'recall_melanocytic_nevi': 0.9716840536512668, 'f1_vascular_lesions': 0.25, 'recall_vascular_lesions': 0.14285714285714285}, 233.99953315401217)
[92mINFO [0m:      configure_evaluate: strategy sampled 10 clients (out of 10)
[36m(ClientAppActor pid=450346)[0m 
[36m(ClientAppActor pid=450346)[0m         
[36m(ClientAppActor pid=450346)[0m [93mWARNING [0m:   DEPRECATED FEATURE: `client_fn` now expects a signature `def client_fn(context: Context)`.The provided `client_fn` has signature: {'cid': <Parameter "cid: 'str'">}. You can import the `Context` like this: `from flwr.common import Context`[32m [repeated 21x across cluster][0m
[36m(ClientAppActor pid=450346)[0m             This is a deprecated feature. It will be removed[32m [repeated 21x across cluster][0m
[36m(ClientAppActor pid=450346)[0m             entirely in future versions of Flower.[32m [repeated 21x across cluster][0m
[36m(ClientAppActor pid=450344)[0m /home/bk489/federated_clean/cleanest_federated/fl-dermamnist-starter/metrics/evaluation.py:68: UserWarning: AUROC set to NaN because present classes are [0, 1, 2, 5], expected [0, 1, 2, 3, 4, 5, 6][32m [repeated 10x across cluster][0m
[36m(ClientAppActor pid=450344)[0m   warnings.warn(f'AUROC set to NaN because present classes are {present_classes}, expected {labels}')[32m [repeated 10x across cluster][0m
[36m(ClientAppActor pid=450349)[0m /home/bk489/federated_clean/.venv/lib/python3.9/site-packages/sklearn/metrics/_classification.py:2524: UserWarning: y_pred contains classes not in y_true[32m [repeated 8x across cluster][0m
[36m(ClientAppActor pid=450349)[0m   warnings.warn("y_pred contains classes not in y_true")[32m [repeated 8x across cluster][0m
[36m(ClientAppActor pid=450348)[0m 
[36m(ClientAppActor pid=450348)[0m         
[36m(ClientAppActor pid=450349)[0m 
[36m(ClientAppActor pid=450349)[0m         
[36m(ClientAppActor pid=450344)[0m 
[36m(ClientAppActor pid=450344)[0m         
[36m(ClientAppActor pid=450347)[0m 
[36m(ClientAppActor pid=450347)[0m         
[36m(ClientAppActor pid=450350)[0m 
[36m(ClientAppActor pid=450350)[0m         
[36m(ClientAppActor pid=450345)[0m 
[36m(ClientAppActor pid=450345)[0m         
[36m(ClientAppActor pid=450351)[0m 
[36m(ClientAppActor pid=450351)[0m         
[36m(ClientAppActor pid=450337)[0m 
[36m(ClientAppActor pid=450337)[0m         
[36m(ClientAppActor pid=450336)[0m 
[36m(ClientAppActor pid=450336)[0m         
[92mINFO [0m:      aggregate_evaluate: received 10 results and 0 failures
[92mINFO [0m:      
[92mINFO [0m:      [ROUND 78]
[92mINFO [0m:      configure_fit: strategy sampled 10 clients (out of 10)
[36m(ClientAppActor pid=450346)[0m 
[36m(ClientAppActor pid=450346)[0m         
[36m(ClientAppActor pid=450351)[0m 
[36m(ClientAppActor pid=450351)[0m         
[36m(ClientAppActor pid=450350)[0m 
[36m(ClientAppActor pid=450350)[0m         
[36m(ClientAppActor pid=450348)[0m 
[36m(ClientAppActor pid=450348)[0m         
[36m(ClientAppActor pid=450347)[0m 
[36m(ClientAppActor pid=450347)[0m         
[36m(ClientAppActor pid=450337)[0m 
[36m(ClientAppActor pid=450337)[0m         
[36m(ClientAppActor pid=450345)[0m 
[36m(ClientAppActor pid=450345)[0m         
[36m(ClientAppActor pid=450336)[0m 
[36m(ClientAppActor pid=450336)[0m         
[36m(ClientAppActor pid=450349)[0m 
[36m(ClientAppActor pid=450349)[0m         
[36m(ClientAppActor pid=450344)[0m 
[36m(ClientAppActor pid=450344)[0m         
[92mINFO [0m:      aggregate_fit: received 10 results and 0 failures
[92mINFO [0m:      fit progress: (78, 0.715244195753651, {'accuracy': 0.7417746759720838, 'balanced_accuracy': 0.33657230483928374, 'macro_f1': 0.35651363647667733, 'worst_class_f1': 0.0, 'worst_class_recall': 0.0, 'f1_actinic_keratoses_an': 0.4186046511627907, 'recall_actinic_keratoses_an': 0.5454545454545454, 'f1_basal_cell_carcinoma': 0.0, 'recall_basal_cell_carcinoma': 0.0, 'f1_benign_keratosis-lik': 0.4662576687116564, 'recall_benign_keratosis-lik': 0.34545454545454546, 'f1_dermatofibroma': 0.13333333333333333, 'recall_dermatofibroma': 0.08333333333333333, 'f1_melanoma': 0.36024844720496896, 'recall_melanoma': 0.26126126126126126, 'f1_melanocytic_nevi': 0.8671513549239921, 'recall_melanocytic_nevi': 0.977645305514158, 'f1_vascular_lesions': 0.25, 'recall_vascular_lesions': 0.14285714285714285}, 236.9525620090135)
[92mINFO [0m:      configure_evaluate: strategy sampled 10 clients (out of 10)
[36m(ClientAppActor pid=450346)[0m 
[36m(ClientAppActor pid=450346)[0m         
[36m(ClientAppActor pid=450346)[0m /home/bk489/federated_clean/cleanest_federated/fl-dermamnist-starter/data/download.py:27: UserWarning: The given NumPy array is not writable, and PyTorch does not support non-writable tensors. This means writing to this tensor will result in undefined behavior. You may want to copy the array to protect its data or make it writable before converting it to a tensor. This type of warning will be suppressed for the rest of this program. (Triggered internally at /pytorch/torch/csrc/utils/tensor_numpy.cpp:203.)[32m [repeated 173x across cluster][0m
[36m(ClientAppActor pid=450346)[0m   tensor = torch.as_tensor(image)[32m [repeated 173x across cluster][0m
[36m(ClientAppActor pid=450351)[0m 
[36m(ClientAppActor pid=450351)[0m         
[36m(ClientAppActor pid=450350)[0m 
[36m(ClientAppActor pid=450350)[0m         
[36m(ClientAppActor pid=450348)[0m 
[36m(ClientAppActor pid=450348)[0m         
[36m(ClientAppActor pid=450347)[0m 
[36m(ClientAppActor pid=450347)[0m         
[36m(ClientAppActor pid=450337)[0m 
[36m(ClientAppActor pid=450337)[0m         
[36m(ClientAppActor pid=450345)[0m 
[36m(ClientAppActor pid=450345)[0m         
[36m(ClientAppActor pid=450336)[0m 
[36m(ClientAppActor pid=450336)[0m         
[36m(ClientAppActor pid=450349)[0m 
[36m(ClientAppActor pid=450349)[0m         
[36m(ClientAppActor pid=450344)[0m 
[36m(ClientAppActor pid=450344)[0m         
[36m(ClientAppActor pid=450346)[0m /home/bk489/federated_clean/.venv/lib/python3.9/site-packages/sklearn/metrics/_classification.py:407: UserWarning: A single label was found in 'y_true' and 'y_pred'. For the confusion matrix to have the correct shape, use the 'labels' parameter to pass all known labels.
[36m(ClientAppActor pid=450346)[0m   warnings.warn(
[92mINFO [0m:      aggregate_evaluate: received 10 results and 0 failures
[92mINFO [0m:      
[92mINFO [0m:      [ROUND 79]
[92mINFO [0m:      configure_fit: strategy sampled 10 clients (out of 10)
[36m(ClientAppActor pid=450346)[0m 
[36m(ClientAppActor pid=450346)[0m         
[36m(ClientAppActor pid=450350)[0m 
[36m(ClientAppActor pid=450350)[0m         
[36m(ClientAppActor pid=450348)[0m 
[36m(ClientAppActor pid=450348)[0m         
[36m(ClientAppActor pid=450347)[0m 
[36m(ClientAppActor pid=450347)[0m         
[36m(ClientAppActor pid=450345)[0m 
[36m(ClientAppActor pid=450345)[0m         
[36m(ClientAppActor pid=450336)[0m 
[36m(ClientAppActor pid=450336)[0m         
[36m(ClientAppActor pid=450349)[0m 
[36m(ClientAppActor pid=450349)[0m         
[36m(ClientAppActor pid=450344)[0m 
[36m(ClientAppActor pid=450344)[0m         
[36m(ClientAppActor pid=450337)[0m 
[36m(ClientAppActor pid=450337)[0m         
[36m(ClientAppActor pid=450351)[0m 
[36m(ClientAppActor pid=450351)[0m         
[36m(ClientAppActor pid=450351)[0m [93mWARNING [0m:   DEPRECATED FEATURE: `client_fn` now expects a signature `def client_fn(context: Context)`.The provided `client_fn` has signature: {'cid': <Parameter "cid: 'str'">}. You can import the `Context` like this: `from flwr.common import Context`[32m [repeated 39x across cluster][0m
[36m(ClientAppActor pid=450351)[0m             This is a deprecated feature. It will be removed[32m [repeated 39x across cluster][0m
[36m(ClientAppActor pid=450351)[0m             entirely in future versions of Flower.[32m [repeated 39x across cluster][0m
[36m(ClientAppActor pid=450349)[0m /home/bk489/federated_clean/cleanest_federated/fl-dermamnist-starter/metrics/evaluation.py:68: UserWarning: AUROC set to NaN because present classes are [0, 1, 4], expected [0, 1, 2, 3, 4, 5, 6][32m [repeated 20x across cluster][0m
[36m(ClientAppActor pid=450349)[0m   warnings.warn(f'AUROC set to NaN because present classes are {present_classes}, expected {labels}')[32m [repeated 20x across cluster][0m
[36m(ClientAppActor pid=450349)[0m /home/bk489/federated_clean/.venv/lib/python3.9/site-packages/sklearn/metrics/_classification.py:2524: UserWarning: y_pred contains classes not in y_true[32m [repeated 12x across cluster][0m
[36m(ClientAppActor pid=450349)[0m   warnings.warn("y_pred contains classes not in y_true")[32m [repeated 12x across cluster][0m
[92mINFO [0m:      aggregate_fit: received 10 results and 0 failures
[92mINFO [0m:      fit progress: (79, 0.7027871299717029, {'accuracy': 0.752741774675972, 'balanced_accuracy': 0.3618612088167123, 'macro_f1': 0.36836334740917426, 'worst_class_f1': 0.0, 'worst_class_recall': 0.0, 'f1_actinic_keratoses_an': 0.3617021276595745, 'recall_actinic_keratoses_an': 0.5151515151515151, 'f1_basal_cell_carcinoma': 0.0, 'recall_basal_cell_carcinoma': 0.0, 'f1_benign_keratosis-lik': 0.5410628019323671, 'recall_benign_keratosis-lik': 0.509090909090909, 'f1_dermatofibroma': 0.125, 'recall_dermatofibroma': 0.08333333333333333, 'f1_melanoma': 0.4114285714285714, 'recall_melanoma': 0.32432432432432434, 'f1_melanocytic_nevi': 0.8893499308437067, 'recall_melanocytic_nevi': 0.9582712369597616, 'f1_vascular_lesions': 0.25, 'recall_vascular_lesions': 0.14285714285714285}, 239.91871036900557)
[92mINFO [0m:      configure_evaluate: strategy sampled 10 clients (out of 10)
[36m(ClientAppActor pid=450337)[0m 
[36m(ClientAppActor pid=450337)[0m         
[36m(ClientAppActor pid=450349)[0m 
[36m(ClientAppActor pid=450349)[0m         
[36m(ClientAppActor pid=450346)[0m 
[36m(ClientAppActor pid=450346)[0m         
[36m(ClientAppActor pid=450351)[0m 
[36m(ClientAppActor pid=450351)[0m         
[36m(ClientAppActor pid=450350)[0m 
[36m(ClientAppActor pid=450350)[0m         
[36m(ClientAppActor pid=450348)[0m 
[36m(ClientAppActor pid=450348)[0m         
[36m(ClientAppActor pid=450347)[0m 
[36m(ClientAppActor pid=450347)[0m         
[36m(ClientAppActor pid=450345)[0m 
[36m(ClientAppActor pid=450345)[0m         
[36m(ClientAppActor pid=450336)[0m 
[36m(ClientAppActor pid=450336)[0m         
[36m(ClientAppActor pid=450344)[0m 
[36m(ClientAppActor pid=450344)[0m         
[92mINFO [0m:      aggregate_evaluate: received 10 results and 0 failures
[92mINFO [0m:      
[92mINFO [0m:      [ROUND 80]
[92mINFO [0m:      configure_fit: strategy sampled 10 clients (out of 10)
[36m(ClientAppActor pid=450346)[0m 
[36m(ClientAppActor pid=450346)[0m         
[36m(ClientAppActor pid=450351)[0m 
[36m(ClientAppActor pid=450351)[0m         
[36m(ClientAppActor pid=450350)[0m 
[36m(ClientAppActor pid=450350)[0m         
[36m(ClientAppActor pid=450348)[0m 
[36m(ClientAppActor pid=450348)[0m         
[36m(ClientAppActor pid=450347)[0m 
[36m(ClientAppActor pid=450347)[0m         
[36m(ClientAppActor pid=450345)[0m 
[36m(ClientAppActor pid=450345)[0m         
[36m(ClientAppActor pid=450336)[0m 
[36m(ClientAppActor pid=450336)[0m         
[36m(ClientAppActor pid=450349)[0m 
[36m(ClientAppActor pid=450349)[0m         
[36m(ClientAppActor pid=450344)[0m 
[36m(ClientAppActor pid=450344)[0m         
[36m(ClientAppActor pid=450337)[0m 
[36m(ClientAppActor pid=450337)[0m         
[36m(ClientAppActor pid=450350)[0m /home/bk489/federated_clean/cleanest_federated/fl-dermamnist-starter/data/download.py:27: UserWarning: The given NumPy array is not writable, and PyTorch does not support non-writable tensors. This means writing to this tensor will result in undefined behavior. You may want to copy the array to protect its data or make it writable before converting it to a tensor. This type of warning will be suppressed for the rest of this program. (Triggered internally at /pytorch/torch/csrc/utils/tensor_numpy.cpp:203.)[32m [repeated 215x across cluster][0m
[36m(ClientAppActor pid=450350)[0m   tensor = torch.as_tensor(image)[32m [repeated 215x across cluster][0m
[92mINFO [0m:      aggregate_fit: received 10 results and 0 failures
[92mINFO [0m:      fit progress: (80, 0.7189611859121922, {'accuracy': 0.7387836490528414, 'balanced_accuracy': 0.34092010590839633, 'macro_f1': 0.3517033434944882, 'worst_class_f1': 0.0, 'worst_class_recall': 0.0, 'f1_actinic_keratoses_an': 0.41237113402061853, 'recall_actinic_keratoses_an': 0.6060606060606061, 'f1_basal_cell_carcinoma': 0.0, 'recall_basal_cell_carcinoma': 0.0, 'f1_benign_keratosis-lik': 0.44171779141104295, 'recall_benign_keratosis-lik': 0.32727272727272727, 'f1_dermatofibroma': 0.14285714285714285, 'recall_dermatofibroma': 0.08333333333333333, 'f1_melanoma': 0.34355828220858897, 'recall_melanoma': 0.25225225225225223, 'f1_melanocytic_nevi': 0.871419053964024, 'recall_melanocytic_nevi': 0.9746646795827124, 'f1_vascular_lesions': 0.25, 'recall_vascular_lesions': 0.14285714285714285}, 242.873045299988)
[92mINFO [0m:      configure_evaluate: strategy sampled 10 clients (out of 10)
[36m(ClientAppActor pid=450350)[0m 
[36m(ClientAppActor pid=450350)[0m         
[36m(ClientAppActor pid=450345)[0m 
[36m(ClientAppActor pid=450345)[0m         
[36m(ClientAppActor pid=450349)[0m 
[36m(ClientAppActor pid=450349)[0m         
[36m(ClientAppActor pid=450351)[0m 
[36m(ClientAppActor pid=450351)[0m         
[36m(ClientAppActor pid=450337)[0m 
[36m(ClientAppActor pid=450337)[0m         
[36m(ClientAppActor pid=450346)[0m 
[36m(ClientAppActor pid=450346)[0m         
[36m(ClientAppActor pid=450350)[0m /home/bk489/federated_clean/.venv/lib/python3.9/site-packages/sklearn/metrics/_classification.py:407: UserWarning: A single label was found in 'y_true' and 'y_pred'. For the confusion matrix to have the correct shape, use the 'labels' parameter to pass all known labels.
[36m(ClientAppActor pid=450350)[0m   warnings.warn(
[36m(ClientAppActor pid=450348)[0m 
[36m(ClientAppActor pid=450348)[0m         
[36m(ClientAppActor pid=450347)[0m 
[36m(ClientAppActor pid=450347)[0m         
[36m(ClientAppActor pid=450336)[0m 
[36m(ClientAppActor pid=450336)[0m         
[36m(ClientAppActor pid=450344)[0m 
[36m(ClientAppActor pid=450344)[0m         
[92mINFO [0m:      aggregate_evaluate: received 10 results and 0 failures
[92mINFO [0m:      
[92mINFO [0m:      [ROUND 81]
[92mINFO [0m:      configure_fit: strategy sampled 10 clients (out of 10)
[36m(ClientAppActor pid=450346)[0m 
[36m(ClientAppActor pid=450346)[0m         
[36m(ClientAppActor pid=450351)[0m 
[36m(ClientAppActor pid=450351)[0m         
[36m(ClientAppActor pid=450350)[0m 
[36m(ClientAppActor pid=450350)[0m         
[36m(ClientAppActor pid=450348)[0m 
[36m(ClientAppActor pid=450348)[0m         
[36m(ClientAppActor pid=450347)[0m 
[36m(ClientAppActor pid=450347)[0m         
[36m(ClientAppActor pid=450337)[0m 
[36m(ClientAppActor pid=450337)[0m         
[36m(ClientAppActor pid=450345)[0m 
[36m(ClientAppActor pid=450345)[0m         
[36m(ClientAppActor pid=450336)[0m 
[36m(ClientAppActor pid=450336)[0m         
[36m(ClientAppActor pid=450349)[0m 
[36m(ClientAppActor pid=450349)[0m         
[36m(ClientAppActor pid=450344)[0m 
[36m(ClientAppActor pid=450344)[0m         
[36m(ClientAppActor pid=450344)[0m [93mWARNING [0m:   DEPRECATED FEATURE: `client_fn` now expects a signature `def client_fn(context: Context)`.The provided `client_fn` has signature: {'cid': <Parameter "cid: 'str'">}. You can import the `Context` like this: `from flwr.common import Context`[32m [repeated 40x across cluster][0m
[36m(ClientAppActor pid=450344)[0m             This is a deprecated feature. It will be removed[32m [repeated 40x across cluster][0m
[36m(ClientAppActor pid=450344)[0m             entirely in future versions of Flower.[32m [repeated 40x across cluster][0m
[36m(ClientAppActor pid=450344)[0m /home/bk489/federated_clean/cleanest_federated/fl-dermamnist-starter/metrics/evaluation.py:68: UserWarning: AUROC set to NaN because present classes are [0, 2, 3, 4, 5, 6], expected [0, 1, 2, 3, 4, 5, 6][32m [repeated 20x across cluster][0m
[36m(ClientAppActor pid=450344)[0m   warnings.warn(f'AUROC set to NaN because present classes are {present_classes}, expected {labels}')[32m [repeated 20x across cluster][0m
[36m(ClientAppActor pid=450344)[0m /home/bk489/federated_clean/.venv/lib/python3.9/site-packages/sklearn/metrics/_classification.py:2524: UserWarning: y_pred contains classes not in y_true[32m [repeated 14x across cluster][0m
[36m(ClientAppActor pid=450344)[0m   warnings.warn("y_pred contains classes not in y_true")[32m [repeated 14x across cluster][0m
[92mINFO [0m:      aggregate_fit: received 10 results and 0 failures
[92mINFO [0m:      fit progress: (81, 0.7755118672060942, {'accuracy': 0.7208374875373879, 'balanced_accuracy': 0.3036100564203609, 'macro_f1': 0.3268454432940893, 'worst_class_f1': 0.0, 'worst_class_recall': 0.0, 'f1_actinic_keratoses_an': 0.41025641025641024, 'recall_actinic_keratoses_an': 0.48484848484848486, 'f1_basal_cell_carcinoma': 0.0, 'recall_basal_cell_carcinoma': 0.0, 'f1_benign_keratosis-lik': 0.3262411347517731, 'recall_benign_keratosis-lik': 0.20909090909090908, 'f1_dermatofibroma': 0.1111111111111111, 'recall_dermatofibroma': 0.08333333333333333, 'f1_melanoma': 0.23880597014925373, 'recall_melanoma': 0.14414414414414414, 'f1_melanocytic_nevi': 0.8485623003194889, 'recall_melanocytic_nevi': 0.9895678092399404, 'f1_vascular_lesions': 0.35294117647058826, 'recall_vascular_lesions': 0.21428571428571427}, 245.81138827299583)
[92mINFO [0m:      configure_evaluate: strategy sampled 10 clients (out of 10)
[36m(ClientAppActor pid=450351)[0m 
[36m(ClientAppActor pid=450351)[0m         
[36m(ClientAppActor pid=450348)[0m 
[36m(ClientAppActor pid=450348)[0m         
[36m(ClientAppActor pid=450347)[0m 
[36m(ClientAppActor pid=450347)[0m         
[36m(ClientAppActor pid=450337)[0m 
[36m(ClientAppActor pid=450337)[0m         
[36m(ClientAppActor pid=450350)[0m 
[36m(ClientAppActor pid=450350)[0m         
[36m(ClientAppActor pid=450336)[0m 
[36m(ClientAppActor pid=450336)[0m         
[36m(ClientAppActor pid=450346)[0m 
[36m(ClientAppActor pid=450346)[0m         
[36m(ClientAppActor pid=450349)[0m 
[36m(ClientAppActor pid=450349)[0m         
[36m(ClientAppActor pid=450344)[0m 
[36m(ClientAppActor pid=450344)[0m         
[36m(ClientAppActor pid=450345)[0m 
[36m(ClientAppActor pid=450345)[0m         
[92mINFO [0m:      aggregate_evaluate: received 10 results and 0 failures
[92mINFO [0m:      
[92mINFO [0m:      [ROUND 82]
[92mINFO [0m:      configure_fit: strategy sampled 10 clients (out of 10)
[36m(ClientAppActor pid=450346)[0m 
[36m(ClientAppActor pid=450346)[0m         
[36m(ClientAppActor pid=450350)[0m 
[36m(ClientAppActor pid=450350)[0m         
[36m(ClientAppActor pid=450345)[0m 
[36m(ClientAppActor pid=450345)[0m         
[36m(ClientAppActor pid=450336)[0m 
[36m(ClientAppActor pid=450336)[0m         
[36m(ClientAppActor pid=450349)[0m 
[36m(ClientAppActor pid=450349)[0m         
[36m(ClientAppActor pid=450344)[0m 
[36m(ClientAppActor pid=450344)[0m         
[36m(ClientAppActor pid=450337)[0m 
[36m(ClientAppActor pid=450337)[0m         
[36m(ClientAppActor pid=450348)[0m 
[36m(ClientAppActor pid=450348)[0m         
[36m(ClientAppActor pid=450347)[0m 
[36m(ClientAppActor pid=450347)[0m         
[36m(ClientAppActor pid=450351)[0m 
[36m(ClientAppActor pid=450351)[0m         
[36m(ClientAppActor pid=450345)[0m /home/bk489/federated_clean/cleanest_federated/fl-dermamnist-starter/data/download.py:27: UserWarning: The given NumPy array is not writable, and PyTorch does not support non-writable tensors. This means writing to this tensor will result in undefined behavior. You may want to copy the array to protect its data or make it writable before converting it to a tensor. This type of warning will be suppressed for the rest of this program. (Triggered internally at /pytorch/torch/csrc/utils/tensor_numpy.cpp:203.)[32m [repeated 208x across cluster][0m
[36m(ClientAppActor pid=450345)[0m   tensor = torch.as_tensor(image)[32m [repeated 208x across cluster][0m
[36m(ClientAppActor pid=450345)[0m /home/bk489/federated_clean/.venv/lib/python3.9/site-packages/sklearn/metrics/_classification.py:407: UserWarning: A single label was found in 'y_true' and 'y_pred'. For the confusion matrix to have the correct shape, use the 'labels' parameter to pass all known labels.
[36m(ClientAppActor pid=450345)[0m   warnings.warn(
[92mINFO [0m:      aggregate_fit: received 10 results and 0 failures
[92mINFO [0m:      fit progress: (82, 0.7016943760907067, {'accuracy': 0.7457627118644068, 'balanced_accuracy': 0.34935600614757517, 'macro_f1': 0.3643247711273547, 'worst_class_f1': 0.0, 'worst_class_recall': 0.0, 'f1_actinic_keratoses_an': 0.41379310344827586, 'recall_actinic_keratoses_an': 0.5454545454545454, 'f1_basal_cell_carcinoma': 0.0, 'recall_basal_cell_carcinoma': 0.0, 'f1_benign_keratosis-lik': 0.49740932642487046, 'recall_benign_keratosis-lik': 0.43636363636363634, 'f1_dermatofibroma': 0.14285714285714285, 'recall_dermatofibroma': 0.08333333333333333, 'f1_melanoma': 0.37037037037037035, 'recall_melanoma': 0.2702702702702703, 'f1_melanocytic_nevi': 0.8758434547908233, 'recall_melanocytic_nevi': 0.9672131147540983, 'f1_vascular_lesions': 0.25, 'recall_vascular_lesions': 0.14285714285714285}, 248.7259012410068)
[92mINFO [0m:      configure_evaluate: strategy sampled 10 clients (out of 10)
[36m(ClientAppActor pid=450346)[0m 
[36m(ClientAppActor pid=450346)[0m         
[36m(ClientAppActor pid=450351)[0m 
[36m(ClientAppActor pid=450351)[0m         
[36m(ClientAppActor pid=450350)[0m 
[36m(ClientAppActor pid=450350)[0m         
[36m(ClientAppActor pid=450348)[0m 
[36m(ClientAppActor pid=450348)[0m         
[36m(ClientAppActor pid=450347)[0m 
[36m(ClientAppActor pid=450347)[0m         
[36m(ClientAppActor pid=450337)[0m 
[36m(ClientAppActor pid=450337)[0m         
[36m(ClientAppActor pid=450345)[0m 
[36m(ClientAppActor pid=450345)[0m         
[36m(ClientAppActor pid=450336)[0m 
[36m(ClientAppActor pid=450336)[0m         
[36m(ClientAppActor pid=450349)[0m 
[36m(ClientAppActor pid=450349)[0m         
[36m(ClientAppActor pid=450344)[0m 
[36m(ClientAppActor pid=450344)[0m         
[92mINFO [0m:      aggregate_evaluate: received 10 results and 0 failures
[92mINFO [0m:      
[92mINFO [0m:      [ROUND 83]
[92mINFO [0m:      configure_fit: strategy sampled 10 clients (out of 10)
[36m(ClientAppActor pid=450346)[0m 
[36m(ClientAppActor pid=450346)[0m         
[36m(ClientAppActor pid=450351)[0m 
[36m(ClientAppActor pid=450351)[0m         
[36m(ClientAppActor pid=450350)[0m 
[36m(ClientAppActor pid=450350)[0m         
[36m(ClientAppActor pid=450348)[0m 
[36m(ClientAppActor pid=450348)[0m         
[36m(ClientAppActor pid=450337)[0m 
[36m(ClientAppActor pid=450337)[0m         
[36m(ClientAppActor pid=450345)[0m 
[36m(ClientAppActor pid=450345)[0m         
[36m(ClientAppActor pid=450336)[0m 
[36m(ClientAppActor pid=450336)[0m         
[36m(ClientAppActor pid=450349)[0m 
[36m(ClientAppActor pid=450349)[0m         
[36m(ClientAppActor pid=450344)[0m 
[36m(ClientAppActor pid=450344)[0m         
[36m(ClientAppActor pid=450347)[0m 
[36m(ClientAppActor pid=450347)[0m         
[36m(ClientAppActor pid=450347)[0m [93mWARNING [0m:   DEPRECATED FEATURE: `client_fn` now expects a signature `def client_fn(context: Context)`.The provided `client_fn` has signature: {'cid': <Parameter "cid: 'str'">}. You can import the `Context` like this: `from flwr.common import Context`[32m [repeated 40x across cluster][0m
[36m(ClientAppActor pid=450347)[0m             This is a deprecated feature. It will be removed[32m [repeated 40x across cluster][0m
[36m(ClientAppActor pid=450347)[0m             entirely in future versions of Flower.[32m [repeated 40x across cluster][0m
[36m(ClientAppActor pid=450349)[0m /home/bk489/federated_clean/cleanest_federated/fl-dermamnist-starter/metrics/evaluation.py:68: UserWarning: AUROC set to NaN because present classes are [0, 1, 2, 4, 6], expected [0, 1, 2, 3, 4, 5, 6][32m [repeated 20x across cluster][0m
[36m(ClientAppActor pid=450349)[0m   warnings.warn(f'AUROC set to NaN because present classes are {present_classes}, expected {labels}')[32m [repeated 20x across cluster][0m
[36m(ClientAppActor pid=450349)[0m /home/bk489/federated_clean/.venv/lib/python3.9/site-packages/sklearn/metrics/_classification.py:2524: UserWarning: y_pred contains classes not in y_true[32m [repeated 11x across cluster][0m
[36m(ClientAppActor pid=450349)[0m   warnings.warn("y_pred contains classes not in y_true")[32m [repeated 11x across cluster][0m
[92mINFO [0m:      aggregate_fit: received 10 results and 0 failures
[92mINFO [0m:      fit progress: (83, 0.7362413202539636, {'accuracy': 0.7377866400797607, 'balanced_accuracy': 0.3339096890619139, 'macro_f1': 0.35325340478219985, 'worst_class_f1': 0.0, 'worst_class_recall': 0.0, 'f1_actinic_keratoses_an': 0.367816091954023, 'recall_actinic_keratoses_an': 0.48484848484848486, 'f1_basal_cell_carcinoma': 0.0, 'recall_basal_cell_carcinoma': 0.0, 'f1_benign_keratosis-lik': 0.44171779141104295, 'recall_benign_keratosis-lik': 0.32727272727272727, 'f1_dermatofibroma': 0.14285714285714285, 'recall_dermatofibroma': 0.08333333333333333, 'f1_melanoma': 0.4, 'recall_melanoma': 0.3333333333333333, 'f1_melanocytic_nevi': 0.8703828072531901, 'recall_melanocytic_nevi': 0.9657228017883756, 'f1_vascular_lesions': 0.25, 'recall_vascular_lesions': 0.14285714285714285}, 251.6575389690115)
[92mINFO [0m:      configure_evaluate: strategy sampled 10 clients (out of 10)
[36m(ClientAppActor pid=450346)[0m 
[36m(ClientAppActor pid=450346)[0m         
[36m(ClientAppActor pid=450351)[0m 
[36m(ClientAppActor pid=450351)[0m         
[36m(ClientAppActor pid=450350)[0m 
[36m(ClientAppActor pid=450350)[0m         
[36m(ClientAppActor pid=450348)[0m 
[36m(ClientAppActor pid=450348)[0m         
[36m(ClientAppActor pid=450347)[0m 
[36m(ClientAppActor pid=450347)[0m         
[36m(ClientAppActor pid=450337)[0m 
[36m(ClientAppActor pid=450337)[0m         
[36m(ClientAppActor pid=450345)[0m 
[36m(ClientAppActor pid=450345)[0m         
[36m(ClientAppActor pid=450336)[0m 
[36m(ClientAppActor pid=450336)[0m         
[36m(ClientAppActor pid=450349)[0m 
[36m(ClientAppActor pid=450349)[0m         
[36m(ClientAppActor pid=450344)[0m 
[36m(ClientAppActor pid=450344)[0m         
[36m(ClientAppActor pid=450347)[0m /home/bk489/federated_clean/.venv/lib/python3.9/site-packages/sklearn/metrics/_classification.py:407: UserWarning: A single label was found in 'y_true' and 'y_pred'. For the confusion matrix to have the correct shape, use the 'labels' parameter to pass all known labels.
[36m(ClientAppActor pid=450347)[0m   warnings.warn(
[92mINFO [0m:      aggregate_evaluate: received 10 results and 0 failures
[92mINFO [0m:      
[92mINFO [0m:      [ROUND 84]
[92mINFO [0m:      configure_fit: strategy sampled 10 clients (out of 10)
[36m(ClientAppActor pid=450346)[0m 
[36m(ClientAppActor pid=450346)[0m         
[36m(ClientAppActor pid=450350)[0m 
[36m(ClientAppActor pid=450350)[0m         
[36m(ClientAppActor pid=450348)[0m 
[36m(ClientAppActor pid=450348)[0m         
[36m(ClientAppActor pid=450347)[0m 
[36m(ClientAppActor pid=450347)[0m         
[36m(ClientAppActor pid=450337)[0m 
[36m(ClientAppActor pid=450337)[0m         
[36m(ClientAppActor pid=450336)[0m 
[36m(ClientAppActor pid=450336)[0m         
[36m(ClientAppActor pid=450344)[0m 
[36m(ClientAppActor pid=450344)[0m         
[36m(ClientAppActor pid=450351)[0m 
[36m(ClientAppActor pid=450351)[0m         
[36m(ClientAppActor pid=450345)[0m 
[36m(ClientAppActor pid=450345)[0m         
[36m(ClientAppActor pid=450349)[0m 
[36m(ClientAppActor pid=450349)[0m         
[36m(ClientAppActor pid=450350)[0m /home/bk489/federated_clean/cleanest_federated/fl-dermamnist-starter/data/download.py:27: UserWarning: The given NumPy array is not writable, and PyTorch does not support non-writable tensors. This means writing to this tensor will result in undefined behavior. You may want to copy the array to protect its data or make it writable before converting it to a tensor. This type of warning will be suppressed for the rest of this program. (Triggered internally at /pytorch/torch/csrc/utils/tensor_numpy.cpp:203.)[32m [repeated 161x across cluster][0m
[36m(ClientAppActor pid=450350)[0m   tensor = torch.as_tensor(image)[32m [repeated 161x across cluster][0m
[92mINFO [0m:      aggregate_fit: received 10 results and 0 failures
[92mINFO [0m:      fit progress: (84, 0.7189794741979506, {'accuracy': 0.7457627118644068, 'balanced_accuracy': 0.35490559296179913, 'macro_f1': 0.35719874055135514, 'worst_class_f1': 0.0, 'worst_class_recall': 0.0, 'f1_actinic_keratoses_an': 0.35185185185185186, 'recall_actinic_keratoses_an': 0.5757575757575758, 'f1_basal_cell_carcinoma': 0.0, 'recall_basal_cell_carcinoma': 0.0, 'f1_benign_keratosis-lik': 0.5368421052631579, 'recall_benign_keratosis-lik': 0.4636363636363636, 'f1_dermatofibroma': 0.11764705882352941, 'recall_dermatofibroma': 0.08333333333333333, 'f1_melanoma': 0.2773722627737226, 'recall_melanoma': 0.17117117117117117, 'f1_melanocytic_nevi': 0.8833445718138908, 'recall_melanocytic_nevi': 0.9761549925484352, 'f1_vascular_lesions': 0.3333333333333333, 'recall_vascular_lesions': 0.21428571428571427}, 254.57779133098666)
[92mINFO [0m:      configure_evaluate: strategy sampled 10 clients (out of 10)
[36m(ClientAppActor pid=450351)[0m 
[36m(ClientAppActor pid=450351)[0m         
[36m(ClientAppActor pid=450351)[0m [93mWARNING [0m:   DEPRECATED FEATURE: `client_fn` now expects a signature `def client_fn(context: Context)`.The provided `client_fn` has signature: {'cid': <Parameter "cid: 'str'">}. You can import the `Context` like this: `from flwr.common import Context`[32m [repeated 21x across cluster][0m
[36m(ClientAppActor pid=450351)[0m             This is a deprecated feature. It will be removed[32m [repeated 21x across cluster][0m
[36m(ClientAppActor pid=450351)[0m             entirely in future versions of Flower.[32m [repeated 21x across cluster][0m
[36m(ClientAppActor pid=450344)[0m /home/bk489/federated_clean/cleanest_federated/fl-dermamnist-starter/metrics/evaluation.py:68: UserWarning: AUROC set to NaN because present classes are [2, 4, 5], expected [0, 1, 2, 3, 4, 5, 6][32m [repeated 10x across cluster][0m
[36m(ClientAppActor pid=450344)[0m   warnings.warn(f'AUROC set to NaN because present classes are {present_classes}, expected {labels}')[32m [repeated 10x across cluster][0m
[36m(ClientAppActor pid=450344)[0m /home/bk489/federated_clean/.venv/lib/python3.9/site-packages/sklearn/metrics/_classification.py:2524: UserWarning: y_pred contains classes not in y_true[32m [repeated 7x across cluster][0m
[36m(ClientAppActor pid=450344)[0m   warnings.warn("y_pred contains classes not in y_true")[32m [repeated 7x across cluster][0m
[36m(ClientAppActor pid=450350)[0m 
[36m(ClientAppActor pid=450350)[0m         
[36m(ClientAppActor pid=450348)[0m 
[36m(ClientAppActor pid=450348)[0m         
[36m(ClientAppActor pid=450347)[0m 
[36m(ClientAppActor pid=450347)[0m         
[36m(ClientAppActor pid=450337)[0m 
[36m(ClientAppActor pid=450337)[0m         
[36m(ClientAppActor pid=450345)[0m 
[36m(ClientAppActor pid=450345)[0m         
[36m(ClientAppActor pid=450336)[0m 
[36m(ClientAppActor pid=450336)[0m         
[36m(ClientAppActor pid=450349)[0m 
[36m(ClientAppActor pid=450349)[0m         
[36m(ClientAppActor pid=450344)[0m 
[36m(ClientAppActor pid=450344)[0m         
[36m(ClientAppActor pid=450346)[0m 
[36m(ClientAppActor pid=450346)[0m         
[92mINFO [0m:      aggregate_evaluate: received 10 results and 0 failures
[92mINFO [0m:      
[92mINFO [0m:      [ROUND 85]
[92mINFO [0m:      configure_fit: strategy sampled 10 clients (out of 10)
[36m(ClientAppActor pid=450346)[0m 
[36m(ClientAppActor pid=450346)[0m         
[36m(ClientAppActor pid=450350)[0m 
[36m(ClientAppActor pid=450350)[0m         
[36m(ClientAppActor pid=450347)[0m 
[36m(ClientAppActor pid=450347)[0m         
[36m(ClientAppActor pid=450337)[0m 
[36m(ClientAppActor pid=450337)[0m         
[36m(ClientAppActor pid=450351)[0m 
[36m(ClientAppActor pid=450351)[0m         
[36m(ClientAppActor pid=450349)[0m 
[36m(ClientAppActor pid=450349)[0m         
[36m(ClientAppActor pid=450344)[0m 
[36m(ClientAppActor pid=450344)[0m         
[36m(ClientAppActor pid=450345)[0m 
[36m(ClientAppActor pid=450345)[0m         
[36m(ClientAppActor pid=450348)[0m 
[36m(ClientAppActor pid=450348)[0m         
[36m(ClientAppActor pid=450336)[0m 
[36m(ClientAppActor pid=450336)[0m         
[36m(ClientAppActor pid=450348)[0m /home/bk489/federated_clean/.venv/lib/python3.9/site-packages/sklearn/metrics/_classification.py:407: UserWarning: A single label was found in 'y_true' and 'y_pred'. For the confusion matrix to have the correct shape, use the 'labels' parameter to pass all known labels.
[36m(ClientAppActor pid=450348)[0m   warnings.warn(
[92mINFO [0m:      aggregate_fit: received 10 results and 0 failures
[92mINFO [0m:      fit progress: (85, 0.7033056858054186, {'accuracy': 0.7517447657028913, 'balanced_accuracy': 0.3506713943482093, 'macro_f1': 0.36593082096334406, 'worst_class_f1': 0.0, 'worst_class_recall': 0.0, 'f1_actinic_keratoses_an': 0.3333333333333333, 'recall_actinic_keratoses_an': 0.3939393939393939, 'f1_basal_cell_carcinoma': 0.0, 'recall_basal_cell_carcinoma': 0.0, 'f1_benign_keratosis-lik': 0.5714285714285714, 'recall_benign_keratosis-lik': 0.6, 'f1_dermatofibroma': 0.14285714285714285, 'recall_dermatofibroma': 0.08333333333333333, 'f1_melanoma': 0.3803680981595092, 'recall_melanoma': 0.27927927927927926, 'f1_melanocytic_nevi': 0.8835286009648519, 'recall_melanocytic_nevi': 0.9552906110283159, 'f1_vascular_lesions': 0.25, 'recall_vascular_lesions': 0.14285714285714285}, 257.5025559870119)
[92mINFO [0m:      configure_evaluate: strategy sampled 10 clients (out of 10)
[36m(ClientAppActor pid=450351)[0m 
[36m(ClientAppActor pid=450351)[0m         
[36m(ClientAppActor pid=450349)[0m /home/bk489/federated_clean/cleanest_federated/fl-dermamnist-starter/data/download.py:27: UserWarning: The given NumPy array is not writable, and PyTorch does not support non-writable tensors. This means writing to this tensor will result in undefined behavior. You may want to copy the array to protect its data or make it writable before converting it to a tensor. This type of warning will be suppressed for the rest of this program. (Triggered internally at /pytorch/torch/csrc/utils/tensor_numpy.cpp:203.)[32m [repeated 178x across cluster][0m
[36m(ClientAppActor pid=450349)[0m   tensor = torch.as_tensor(image)[32m [repeated 178x across cluster][0m
[36m(ClientAppActor pid=450345)[0m 
[36m(ClientAppActor pid=450345)[0m         
[36m(ClientAppActor pid=450349)[0m 
[36m(ClientAppActor pid=450349)[0m         
[36m(ClientAppActor pid=450344)[0m 
[36m(ClientAppActor pid=450344)[0m         
[36m(ClientAppActor pid=450348)[0m 
[36m(ClientAppActor pid=450348)[0m         
[36m(ClientAppActor pid=450336)[0m 
[36m(ClientAppActor pid=450336)[0m         
[36m(ClientAppActor pid=450337)[0m 
[36m(ClientAppActor pid=450337)[0m         
[36m(ClientAppActor pid=450350)[0m 
[36m(ClientAppActor pid=450350)[0m         
[36m(ClientAppActor pid=450347)[0m 
[36m(ClientAppActor pid=450347)[0m         
[36m(ClientAppActor pid=450346)[0m 
[36m(ClientAppActor pid=450346)[0m         
[92mINFO [0m:      aggregate_evaluate: received 10 results and 0 failures
[92mINFO [0m:      
[92mINFO [0m:      [ROUND 86]
[92mINFO [0m:      configure_fit: strategy sampled 10 clients (out of 10)
[36m(ClientAppActor pid=450346)[0m 
[36m(ClientAppActor pid=450346)[0m         
[36m(ClientAppActor pid=450350)[0m 
[36m(ClientAppActor pid=450350)[0m         
[36m(ClientAppActor pid=450347)[0m 
[36m(ClientAppActor pid=450347)[0m         
[36m(ClientAppActor pid=450345)[0m 
[36m(ClientAppActor pid=450345)[0m         
[36m(ClientAppActor pid=450337)[0m 
[36m(ClientAppActor pid=450337)[0m         
[36m(ClientAppActor pid=450351)[0m 
[36m(ClientAppActor pid=450351)[0m         
[36m(ClientAppActor pid=450348)[0m 
[36m(ClientAppActor pid=450348)[0m         
[36m(ClientAppActor pid=450336)[0m 
[36m(ClientAppActor pid=450336)[0m         
[36m(ClientAppActor pid=450349)[0m 
[36m(ClientAppActor pid=450349)[0m         
[36m(ClientAppActor pid=450344)[0m 
[36m(ClientAppActor pid=450344)[0m         
[36m(ClientAppActor pid=450344)[0m [93mWARNING [0m:   DEPRECATED FEATURE: `client_fn` now expects a signature `def client_fn(context: Context)`.The provided `client_fn` has signature: {'cid': <Parameter "cid: 'str'">}. You can import the `Context` like this: `from flwr.common import Context`[32m [repeated 39x across cluster][0m
[36m(ClientAppActor pid=450344)[0m             This is a deprecated feature. It will be removed[32m [repeated 39x across cluster][0m
[36m(ClientAppActor pid=450344)[0m             entirely in future versions of Flower.[32m [repeated 39x across cluster][0m
[36m(ClientAppActor pid=450344)[0m /home/bk489/federated_clean/cleanest_federated/fl-dermamnist-starter/metrics/evaluation.py:68: UserWarning: AUROC set to NaN because present classes are [2, 4, 5], expected [0, 1, 2, 3, 4, 5, 6][32m [repeated 20x across cluster][0m
[36m(ClientAppActor pid=450344)[0m   warnings.warn(f'AUROC set to NaN because present classes are {present_classes}, expected {labels}')[32m [repeated 20x across cluster][0m
[36m(ClientAppActor pid=450349)[0m /home/bk489/federated_clean/.venv/lib/python3.9/site-packages/sklearn/metrics/_classification.py:2524: UserWarning: y_pred contains classes not in y_true[32m [repeated 15x across cluster][0m
[36m(ClientAppActor pid=450349)[0m   warnings.warn("y_pred contains classes not in y_true")[32m [repeated 15x across cluster][0m
[92mINFO [0m:      aggregate_fit: received 10 results and 0 failures
[92mINFO [0m:      fit progress: (86, 0.7617789664986364, {'accuracy': 0.7238285144566301, 'balanced_accuracy': 0.294347154417412, 'macro_f1': 0.32756178620392096, 'worst_class_f1': 0.0, 'worst_class_recall': 0.0, 'f1_actinic_keratoses_an': 0.2898550724637681, 'recall_actinic_keratoses_an': 0.30303030303030304, 'f1_basal_cell_carcinoma': 0.0, 'recall_basal_cell_carcinoma': 0.0, 'f1_benign_keratosis-lik': 0.3870967741935484, 'recall_benign_keratosis-lik': 0.2727272727272727, 'f1_dermatofibroma': 0.15384615384615385, 'recall_dermatofibroma': 0.08333333333333333, 'f1_melanoma': 0.35555555555555557, 'recall_melanoma': 0.2882882882882883, 'f1_melanocytic_nevi': 0.8565789473684211, 'recall_melanocytic_nevi': 0.970193740685544, 'f1_vascular_lesions': 0.25, 'recall_vascular_lesions': 0.14285714285714285}, 260.3777152560069)
[92mINFO [0m:      configure_evaluate: strategy sampled 10 clients (out of 10)
[36m(ClientAppActor pid=450348)[0m 
[36m(ClientAppActor pid=450348)[0m         
[36m(ClientAppActor pid=450347)[0m 
[36m(ClientAppActor pid=450347)[0m         
[36m(ClientAppActor pid=450345)[0m 
[36m(ClientAppActor pid=450345)[0m         
[36m(ClientAppActor pid=450349)[0m 
[36m(ClientAppActor pid=450349)[0m         
[36m(ClientAppActor pid=450344)[0m 
[36m(ClientAppActor pid=450344)[0m         
[36m(ClientAppActor pid=450336)[0m 
[36m(ClientAppActor pid=450336)[0m         
[36m(ClientAppActor pid=450337)[0m 
[36m(ClientAppActor pid=450337)[0m         
[36m(ClientAppActor pid=450350)[0m 
[36m(ClientAppActor pid=450350)[0m         
[36m(ClientAppActor pid=450346)[0m 
[36m(ClientAppActor pid=450346)[0m         
[36m(ClientAppActor pid=450351)[0m 
[36m(ClientAppActor pid=450351)[0m         
[92mINFO [0m:      aggregate_evaluate: received 10 results and 0 failures
[92mINFO [0m:      
[92mINFO [0m:      [ROUND 87]
[92mINFO [0m:      configure_fit: strategy sampled 10 clients (out of 10)
[36m(ClientAppActor pid=450346)[0m 
[36m(ClientAppActor pid=450346)[0m         
[36m(ClientAppActor pid=450351)[0m 
[36m(ClientAppActor pid=450351)[0m         
[36m(ClientAppActor pid=450350)[0m 
[36m(ClientAppActor pid=450350)[0m         
[36m(ClientAppActor pid=450347)[0m 
[36m(ClientAppActor pid=450347)[0m         
[36m(ClientAppActor pid=450337)[0m 
[36m(ClientAppActor pid=450337)[0m         
[36m(ClientAppActor pid=450345)[0m 
[36m(ClientAppActor pid=450345)[0m         
[36m(ClientAppActor pid=450336)[0m 
[36m(ClientAppActor pid=450336)[0m         
[36m(ClientAppActor pid=450349)[0m 
[36m(ClientAppActor pid=450349)[0m         
[36m(ClientAppActor pid=450344)[0m 
[36m(ClientAppActor pid=450344)[0m         
[36m(ClientAppActor pid=450348)[0m 
[36m(ClientAppActor pid=450348)[0m         
[36m(ClientAppActor pid=450344)[0m /home/bk489/federated_clean/cleanest_federated/fl-dermamnist-starter/data/download.py:27: UserWarning: The given NumPy array is not writable, and PyTorch does not support non-writable tensors. This means writing to this tensor will result in undefined behavior. You may want to copy the array to protect its data or make it writable before converting it to a tensor. This type of warning will be suppressed for the rest of this program. (Triggered internally at /pytorch/torch/csrc/utils/tensor_numpy.cpp:203.)[32m [repeated 218x across cluster][0m
[36m(ClientAppActor pid=450344)[0m   tensor = torch.as_tensor(image)[32m [repeated 218x across cluster][0m
[92mINFO [0m:      aggregate_fit: received 10 results and 0 failures
[92mINFO [0m:      fit progress: (87, 0.7170205084181736, {'accuracy': 0.7417746759720838, 'balanced_accuracy': 0.3495235875797937, 'macro_f1': 0.3690683074771335, 'worst_class_f1': 0.0, 'worst_class_recall': 0.0, 'f1_actinic_keratoses_an': 0.4222222222222222, 'recall_actinic_keratoses_an': 0.5757575757575758, 'f1_basal_cell_carcinoma': 0.0, 'recall_basal_cell_carcinoma': 0.0, 'f1_benign_keratosis-lik': 0.3875, 'recall_benign_keratosis-lik': 0.2818181818181818, 'f1_dermatofibroma': 0.14285714285714285, 'recall_dermatofibroma': 0.08333333333333333, 'f1_melanoma': 0.4046242774566474, 'recall_melanoma': 0.3153153153153153, 'f1_melanocytic_nevi': 0.8733333333333333, 'recall_melanocytic_nevi': 0.9761549925484352, 'f1_vascular_lesions': 0.35294117647058826, 'recall_vascular_lesions': 0.21428571428571427}, 263.2791087309888)
[92mINFO [0m:      configure_evaluate: strategy sampled 10 clients (out of 10)
[36m(ClientAppActor pid=450348)[0m 
[36m(ClientAppActor pid=450348)[0m         
[36m(ClientAppActor pid=450337)[0m 
[36m(ClientAppActor pid=450337)[0m         
[36m(ClientAppActor pid=450345)[0m 
[36m(ClientAppActor pid=450345)[0m         
[36m(ClientAppActor pid=450336)[0m 
[36m(ClientAppActor pid=450336)[0m         
[36m(ClientAppActor pid=450349)[0m 
[36m(ClientAppActor pid=450349)[0m         
[36m(ClientAppActor pid=450344)[0m 
[36m(ClientAppActor pid=450344)[0m         
[36m(ClientAppActor pid=450351)[0m 
[36m(ClientAppActor pid=450351)[0m         
[36m(ClientAppActor pid=450347)[0m 
[36m(ClientAppActor pid=450347)[0m         
[36m(ClientAppActor pid=450346)[0m 
[36m(ClientAppActor pid=450346)[0m         
[36m(ClientAppActor pid=450350)[0m 
[36m(ClientAppActor pid=450350)[0m         
[36m(ClientAppActor pid=450337)[0m /home/bk489/federated_clean/.venv/lib/python3.9/site-packages/sklearn/metrics/_classification.py:407: UserWarning: A single label was found in 'y_true' and 'y_pred'. For the confusion matrix to have the correct shape, use the 'labels' parameter to pass all known labels.
[36m(ClientAppActor pid=450337)[0m   warnings.warn(
[92mINFO [0m:      aggregate_evaluate: received 10 results and 0 failures
[92mINFO [0m:      
[92mINFO [0m:      [ROUND 88]
[92mINFO [0m:      configure_fit: strategy sampled 10 clients (out of 10)
[36m(ClientAppActor pid=450346)[0m 
[36m(ClientAppActor pid=450346)[0m         
[36m(ClientAppActor pid=450351)[0m 
[36m(ClientAppActor pid=450351)[0m         
[36m(ClientAppActor pid=450350)[0m 
[36m(ClientAppActor pid=450350)[0m         
[36m(ClientAppActor pid=450348)[0m 
[36m(ClientAppActor pid=450348)[0m         
[36m(ClientAppActor pid=450347)[0m 
[36m(ClientAppActor pid=450347)[0m         
[36m(ClientAppActor pid=450337)[0m 
[36m(ClientAppActor pid=450337)[0m         
[36m(ClientAppActor pid=450345)[0m 
[36m(ClientAppActor pid=450345)[0m         
[36m(ClientAppActor pid=450336)[0m 
[36m(ClientAppActor pid=450336)[0m         
[36m(ClientAppActor pid=450349)[0m 
[36m(ClientAppActor pid=450349)[0m         
[36m(ClientAppActor pid=450344)[0m 
[36m(ClientAppActor pid=450344)[0m         
[36m(ClientAppActor pid=450344)[0m [93mWARNING [0m:   DEPRECATED FEATURE: `client_fn` now expects a signature `def client_fn(context: Context)`.The provided `client_fn` has signature: {'cid': <Parameter "cid: 'str'">}. You can import the `Context` like this: `from flwr.common import Context`[32m [repeated 40x across cluster][0m
[36m(ClientAppActor pid=450344)[0m             This is a deprecated feature. It will be removed[32m [repeated 40x across cluster][0m
[36m(ClientAppActor pid=450344)[0m             entirely in future versions of Flower.[32m [repeated 40x across cluster][0m
[36m(ClientAppActor pid=450347)[0m /home/bk489/federated_clean/cleanest_federated/fl-dermamnist-starter/metrics/evaluation.py:68: UserWarning: AUROC set to NaN because present classes are [0, 1, 4, 5], expected [0, 1, 2, 3, 4, 5, 6][32m [repeated 20x across cluster][0m
[36m(ClientAppActor pid=450347)[0m   warnings.warn(f'AUROC set to NaN because present classes are {present_classes}, expected {labels}')[32m [repeated 20x across cluster][0m
[36m(ClientAppActor pid=450347)[0m /home/bk489/federated_clean/.venv/lib/python3.9/site-packages/sklearn/metrics/_classification.py:2524: UserWarning: y_pred contains classes not in y_true[32m [repeated 12x across cluster][0m
[36m(ClientAppActor pid=450347)[0m   warnings.warn("y_pred contains classes not in y_true")[32m [repeated 12x across cluster][0m
[92mINFO [0m:      aggregate_fit: received 10 results and 0 failures
[92mINFO [0m:      fit progress: (88, 0.6889271332639997, {'accuracy': 0.7537387836490529, 'balanced_accuracy': 0.3575506176208752, 'macro_f1': 0.3658692085164708, 'worst_class_f1': 0.0, 'worst_class_recall': 0.0, 'f1_actinic_keratoses_an': 0.34285714285714286, 'recall_actinic_keratoses_an': 0.5454545454545454, 'f1_basal_cell_carcinoma': 0.0, 'recall_basal_cell_carcinoma': 0.0, 'f1_benign_keratosis-lik': 0.5473684210526316, 'recall_benign_keratosis-lik': 0.4727272727272727, 'f1_dermatofibroma': 0.13333333333333333, 'recall_dermatofibroma': 0.08333333333333333, 'f1_melanoma': 0.4, 'recall_melanoma': 0.2882882882882883, 'f1_melanocytic_nevi': 0.8875255623721882, 'recall_melanocytic_nevi': 0.970193740685544, 'f1_vascular_lesions': 0.25, 'recall_vascular_lesions': 0.14285714285714285}, 266.2009295989992)
[92mINFO [0m:      configure_evaluate: strategy sampled 10 clients (out of 10)
[36m(ClientAppActor pid=450346)[0m 
[36m(ClientAppActor pid=450346)[0m         
[36m(ClientAppActor pid=450351)[0m 
[36m(ClientAppActor pid=450351)[0m         
[36m(ClientAppActor pid=450350)[0m 
[36m(ClientAppActor pid=450350)[0m         
[36m(ClientAppActor pid=450348)[0m 
[36m(ClientAppActor pid=450348)[0m         
[36m(ClientAppActor pid=450347)[0m 
[36m(ClientAppActor pid=450347)[0m         
[36m(ClientAppActor pid=450337)[0m 
[36m(ClientAppActor pid=450337)[0m         
[36m(ClientAppActor pid=450345)[0m 
[36m(ClientAppActor pid=450345)[0m         
[36m(ClientAppActor pid=450336)[0m 
[36m(ClientAppActor pid=450336)[0m         
[36m(ClientAppActor pid=450349)[0m 
[36m(ClientAppActor pid=450349)[0m         
[36m(ClientAppActor pid=450344)[0m 
[36m(ClientAppActor pid=450344)[0m         
[92mINFO [0m:      aggregate_evaluate: received 10 results and 0 failures
[92mINFO [0m:      
[92mINFO [0m:      [ROUND 89]
[92mINFO [0m:      configure_fit: strategy sampled 10 clients (out of 10)
[36m(ClientAppActor pid=450346)[0m 
[36m(ClientAppActor pid=450346)[0m         
[36m(ClientAppActor pid=450337)[0m 
[36m(ClientAppActor pid=450337)[0m         
[36m(ClientAppActor pid=450345)[0m 
[36m(ClientAppActor pid=450345)[0m         
[36m(ClientAppActor pid=450344)[0m 
[36m(ClientAppActor pid=450344)[0m         
[36m(ClientAppActor pid=450348)[0m 
[36m(ClientAppActor pid=450348)[0m         
[36m(ClientAppActor pid=450351)[0m 
[36m(ClientAppActor pid=450351)[0m         
[36m(ClientAppActor pid=450350)[0m 
[36m(ClientAppActor pid=450350)[0m         
[36m(ClientAppActor pid=450347)[0m 
[36m(ClientAppActor pid=450347)[0m         
[36m(ClientAppActor pid=450336)[0m 
[36m(ClientAppActor pid=450336)[0m         
[36m(ClientAppActor pid=450349)[0m 
[36m(ClientAppActor pid=450349)[0m         
[36m(ClientAppActor pid=450350)[0m /home/bk489/federated_clean/cleanest_federated/fl-dermamnist-starter/data/download.py:27: UserWarning: The given NumPy array is not writable, and PyTorch does not support non-writable tensors. This means writing to this tensor will result in undefined behavior. You may want to copy the array to protect its data or make it writable before converting it to a tensor. This type of warning will be suppressed for the rest of this program. (Triggered internally at /pytorch/torch/csrc/utils/tensor_numpy.cpp:203.)[32m [repeated 210x across cluster][0m
[36m(ClientAppActor pid=450350)[0m   tensor = torch.as_tensor(image)[32m [repeated 210x across cluster][0m
[36m(ClientAppActor pid=450344)[0m /home/bk489/federated_clean/.venv/lib/python3.9/site-packages/sklearn/metrics/_classification.py:407: UserWarning: A single label was found in 'y_true' and 'y_pred'. For the confusion matrix to have the correct shape, use the 'labels' parameter to pass all known labels.
[36m(ClientAppActor pid=450344)[0m   warnings.warn(
[92mINFO [0m:      aggregate_fit: received 10 results and 0 failures
[92mINFO [0m:      fit progress: (89, 0.7489637482915062, {'accuracy': 0.7367896311066799, 'balanced_accuracy': 0.32423358758253373, 'macro_f1': 0.34438413605372264, 'worst_class_f1': 0.0, 'worst_class_recall': 0.0, 'f1_actinic_keratoses_an': 0.36585365853658536, 'recall_actinic_keratoses_an': 0.45454545454545453, 'f1_basal_cell_carcinoma': 0.0, 'recall_basal_cell_carcinoma': 0.0, 'f1_benign_keratosis-lik': 0.4393063583815029, 'recall_benign_keratosis-lik': 0.34545454545454546, 'f1_dermatofibroma': 0.125, 'recall_dermatofibroma': 0.08333333333333333, 'f1_melanoma': 0.3592814371257485, 'recall_melanoma': 0.2702702702702703, 'f1_melanocytic_nevi': 0.8712474983322215, 'recall_melanocytic_nevi': 0.9731743666169895, 'f1_vascular_lesions': 0.25, 'recall_vascular_lesions': 0.14285714285714285}, 269.2131374349992)
[92mINFO [0m:      configure_evaluate: strategy sampled 10 clients (out of 10)
[36m(ClientAppActor pid=450346)[0m 
[36m(ClientAppActor pid=450346)[0m         
[36m(ClientAppActor pid=450351)[0m 
[36m(ClientAppActor pid=450351)[0m         
[36m(ClientAppActor pid=450350)[0m 
[36m(ClientAppActor pid=450350)[0m         
[36m(ClientAppActor pid=450348)[0m 
[36m(ClientAppActor pid=450348)[0m         
[36m(ClientAppActor pid=450347)[0m 
[36m(ClientAppActor pid=450347)[0m         
[36m(ClientAppActor pid=450337)[0m 
[36m(ClientAppActor pid=450337)[0m         
[36m(ClientAppActor pid=450345)[0m 
[36m(ClientAppActor pid=450345)[0m         
[36m(ClientAppActor pid=450336)[0m 
[36m(ClientAppActor pid=450336)[0m         
[36m(ClientAppActor pid=450349)[0m 
[36m(ClientAppActor pid=450349)[0m         
[36m(ClientAppActor pid=450344)[0m 
[36m(ClientAppActor pid=450344)[0m         
[36m(ClientAppActor pid=450344)[0m /home/bk489/federated_clean/.venv/lib/python3.9/site-packages/sklearn/metrics/_classification.py:407: UserWarning: A single label was found in 'y_true' and 'y_pred'. For the confusion matrix to have the correct shape, use the 'labels' parameter to pass all known labels.
[36m(ClientAppActor pid=450344)[0m   warnings.warn(
[92mINFO [0m:      aggregate_evaluate: received 10 results and 0 failures
[92mINFO [0m:      
[92mINFO [0m:      [ROUND 90]
[92mINFO [0m:      configure_fit: strategy sampled 10 clients (out of 10)
[36m(ClientAppActor pid=450346)[0m 
[36m(ClientAppActor pid=450346)[0m         
[36m(ClientAppActor pid=450351)[0m 
[36m(ClientAppActor pid=450351)[0m         
[36m(ClientAppActor pid=450348)[0m 
[36m(ClientAppActor pid=450348)[0m         
[36m(ClientAppActor pid=450347)[0m 
[36m(ClientAppActor pid=450347)[0m         
[36m(ClientAppActor pid=450337)[0m 
[36m(ClientAppActor pid=450337)[0m         
[36m(ClientAppActor pid=450345)[0m 
[36m(ClientAppActor pid=450345)[0m         
[36m(ClientAppActor pid=450336)[0m 
[36m(ClientAppActor pid=450336)[0m         
[36m(ClientAppActor pid=450349)[0m 
[36m(ClientAppActor pid=450349)[0m         
[36m(ClientAppActor pid=450344)[0m 
[36m(ClientAppActor pid=450344)[0m         
[36m(ClientAppActor pid=450350)[0m 
[36m(ClientAppActor pid=450350)[0m         
[36m(ClientAppActor pid=450350)[0m [93mWARNING [0m:   DEPRECATED FEATURE: `client_fn` now expects a signature `def client_fn(context: Context)`.The provided `client_fn` has signature: {'cid': <Parameter "cid: 'str'">}. You can import the `Context` like this: `from flwr.common import Context`[32m [repeated 40x across cluster][0m
[36m(ClientAppActor pid=450350)[0m             This is a deprecated feature. It will be removed[32m [repeated 40x across cluster][0m
[36m(ClientAppActor pid=450350)[0m             entirely in future versions of Flower.[32m [repeated 40x across cluster][0m
[36m(ClientAppActor pid=450337)[0m /home/bk489/federated_clean/cleanest_federated/fl-dermamnist-starter/metrics/evaluation.py:68: UserWarning: AUROC set to NaN because present classes are [2, 4, 5], expected [0, 1, 2, 3, 4, 5, 6][32m [repeated 20x across cluster][0m
[36m(ClientAppActor pid=450337)[0m   warnings.warn(f'AUROC set to NaN because present classes are {present_classes}, expected {labels}')[32m [repeated 20x across cluster][0m
[36m(ClientAppActor pid=450337)[0m /home/bk489/federated_clean/.venv/lib/python3.9/site-packages/sklearn/metrics/_classification.py:2524: UserWarning: y_pred contains classes not in y_true[32m [repeated 15x across cluster][0m
[36m(ClientAppActor pid=450337)[0m   warnings.warn("y_pred contains classes not in y_true")[32m [repeated 15x across cluster][0m
[92mINFO [0m:      aggregate_fit: received 10 results and 0 failures
[92mINFO [0m:      fit progress: (90, 0.7115534335998809, {'accuracy': 0.744765702891326, 'balanced_accuracy': 0.36366947713551934, 'macro_f1': 0.3731591227070615, 'worst_class_f1': 0.0, 'worst_class_recall': 0.0, 'f1_actinic_keratoses_an': 0.3655913978494624, 'recall_actinic_keratoses_an': 0.5151515151515151, 'f1_basal_cell_carcinoma': 0.0, 'recall_basal_cell_carcinoma': 0.0, 'f1_benign_keratosis-lik': 0.5120772946859904, 'recall_benign_keratosis-lik': 0.4818181818181818, 'f1_dermatofibroma': 0.13333333333333333, 'recall_dermatofibroma': 0.08333333333333333, 'f1_melanoma': 0.4074074074074074, 'recall_melanoma': 0.2972972972972973, 'f1_melanocytic_nevi': 0.877914951989026, 'recall_melanocytic_nevi': 0.9538002980625931, 'f1_vascular_lesions': 0.3157894736842105, 'recall_vascular_lesions': 0.21428571428571427}, 272.16903901600745)
[92mINFO [0m:      configure_evaluate: strategy sampled 10 clients (out of 10)
[36m(ClientAppActor pid=450350)[0m 
[36m(ClientAppActor pid=450350)[0m         
[36m(ClientAppActor pid=450348)[0m 
[36m(ClientAppActor pid=450348)[0m         
[36m(ClientAppActor pid=450347)[0m 
[36m(ClientAppActor pid=450347)[0m         
[36m(ClientAppActor pid=450337)[0m 
[36m(ClientAppActor pid=450337)[0m         
[36m(ClientAppActor pid=450345)[0m 
[36m(ClientAppActor pid=450345)[0m         
[36m(ClientAppActor pid=450336)[0m 
[36m(ClientAppActor pid=450336)[0m         
[36m(ClientAppActor pid=450349)[0m 
[36m(ClientAppActor pid=450349)[0m         
[36m(ClientAppActor pid=450344)[0m 
[36m(ClientAppActor pid=450344)[0m         
[36m(ClientAppActor pid=450346)[0m 
[36m(ClientAppActor pid=450346)[0m         
[36m(ClientAppActor pid=450351)[0m 
[36m(ClientAppActor pid=450351)[0m         
[92mINFO [0m:      aggregate_evaluate: received 10 results and 0 failures
[92mINFO [0m:      
[92mINFO [0m:      [ROUND 91]
[92mINFO [0m:      configure_fit: strategy sampled 10 clients (out of 10)
[36m(ClientAppActor pid=450346)[0m 
[36m(ClientAppActor pid=450346)[0m         
[36m(ClientAppActor pid=450351)[0m 
[36m(ClientAppActor pid=450351)[0m         
[36m(ClientAppActor pid=450347)[0m 
[36m(ClientAppActor pid=450347)[0m         
[36m(ClientAppActor pid=450336)[0m 
[36m(ClientAppActor pid=450336)[0m         
[36m(ClientAppActor pid=450350)[0m 
[36m(ClientAppActor pid=450350)[0m         
[36m(ClientAppActor pid=450349)[0m 
[36m(ClientAppActor pid=450349)[0m         
[36m(ClientAppActor pid=450348)[0m 
[36m(ClientAppActor pid=450348)[0m         
[36m(ClientAppActor pid=450337)[0m 
[36m(ClientAppActor pid=450337)[0m         
[36m(ClientAppActor pid=450345)[0m 
[36m(ClientAppActor pid=450345)[0m         
[36m(ClientAppActor pid=450344)[0m 
[36m(ClientAppActor pid=450344)[0m         
[36m(ClientAppActor pid=450350)[0m /home/bk489/federated_clean/cleanest_federated/fl-dermamnist-starter/data/download.py:27: UserWarning: The given NumPy array is not writable, and PyTorch does not support non-writable tensors. This means writing to this tensor will result in undefined behavior. You may want to copy the array to protect its data or make it writable before converting it to a tensor. This type of warning will be suppressed for the rest of this program. (Triggered internally at /pytorch/torch/csrc/utils/tensor_numpy.cpp:203.)[32m [repeated 187x across cluster][0m
[36m(ClientAppActor pid=450350)[0m   tensor = torch.as_tensor(image)[32m [repeated 187x across cluster][0m
[36m(ClientAppActor pid=450337)[0m /home/bk489/federated_clean/.venv/lib/python3.9/site-packages/sklearn/metrics/_classification.py:407: UserWarning: A single label was found in 'y_true' and 'y_pred'. For the confusion matrix to have the correct shape, use the 'labels' parameter to pass all known labels.
[36m(ClientAppActor pid=450337)[0m   warnings.warn(
[92mINFO [0m:      aggregate_fit: received 10 results and 0 failures
[92mINFO [0m:      fit progress: (91, 0.7471179362546173, {'accuracy': 0.7308075772681955, 'balanced_accuracy': 0.3199363678286395, 'macro_f1': 0.3341305248501425, 'worst_class_f1': 0.0, 'worst_class_recall': 0.0, 'f1_actinic_keratoses_an': 0.36363636363636365, 'recall_actinic_keratoses_an': 0.48484848484848486, 'f1_basal_cell_carcinoma': 0.0, 'recall_basal_cell_carcinoma': 0.0, 'f1_benign_keratosis-lik': 0.49710982658959535, 'recall_benign_keratosis-lik': 0.39090909090909093, 'f1_dermatofibroma': 0.11764705882352941, 'recall_dermatofibroma': 0.08333333333333333, 'f1_melanoma': 0.14634146341463414, 'recall_melanoma': 0.08108108108108109, 'f1_melanocytic_nevi': 0.8612377850162867, 'recall_melanocytic_nevi': 0.9850968703427719, 'f1_vascular_lesions': 0.35294117647058826, 'recall_vascular_lesions': 0.21428571428571427}, 275.0502724609978)
[92mINFO [0m:      configure_evaluate: strategy sampled 10 clients (out of 10)
[36m(ClientAppActor pid=450350)[0m 
[36m(ClientAppActor pid=450350)[0m         
[36m(ClientAppActor pid=450350)[0m [93mWARNING [0m:   DEPRECATED FEATURE: `client_fn` now expects a signature `def client_fn(context: Context)`.The provided `client_fn` has signature: {'cid': <Parameter "cid: 'str'">}. You can import the `Context` like this: `from flwr.common import Context`[32m [repeated 21x across cluster][0m
[36m(ClientAppActor pid=450350)[0m             This is a deprecated feature. It will be removed[32m [repeated 21x across cluster][0m
[36m(ClientAppActor pid=450350)[0m             entirely in future versions of Flower.[32m [repeated 21x across cluster][0m
[36m(ClientAppActor pid=450349)[0m /home/bk489/federated_clean/cleanest_federated/fl-dermamnist-starter/metrics/evaluation.py:68: UserWarning: AUROC set to NaN because present classes are [0, 1, 4], expected [0, 1, 2, 3, 4, 5, 6][32m [repeated 10x across cluster][0m
[36m(ClientAppActor pid=450349)[0m   warnings.warn(f'AUROC set to NaN because present classes are {present_classes}, expected {labels}')[32m [repeated 10x across cluster][0m
[36m(ClientAppActor pid=450349)[0m /home/bk489/federated_clean/.venv/lib/python3.9/site-packages/sklearn/metrics/_classification.py:2524: UserWarning: y_pred contains classes not in y_true[32m [repeated 7x across cluster][0m
[36m(ClientAppActor pid=450349)[0m   warnings.warn("y_pred contains classes not in y_true")[32m [repeated 7x across cluster][0m
[36m(ClientAppActor pid=450347)[0m 
[36m(ClientAppActor pid=450347)[0m         
[36m(ClientAppActor pid=450337)[0m 
[36m(ClientAppActor pid=450337)[0m         
[36m(ClientAppActor pid=450349)[0m 
[36m(ClientAppActor pid=450349)[0m         
[36m(ClientAppActor pid=450346)[0m 
[36m(ClientAppActor pid=450346)[0m         
[36m(ClientAppActor pid=450351)[0m 
[36m(ClientAppActor pid=450351)[0m         
[36m(ClientAppActor pid=450348)[0m 
[36m(ClientAppActor pid=450348)[0m         
[36m(ClientAppActor pid=450337)[0m /home/bk489/federated_clean/.venv/lib/python3.9/site-packages/sklearn/metrics/_classification.py:407: UserWarning: A single label was found in 'y_true' and 'y_pred'. For the confusion matrix to have the correct shape, use the 'labels' parameter to pass all known labels.
[36m(ClientAppActor pid=450337)[0m   warnings.warn(
[36m(ClientAppActor pid=450345)[0m 
[36m(ClientAppActor pid=450345)[0m         
[36m(ClientAppActor pid=450336)[0m 
[36m(ClientAppActor pid=450336)[0m         
[36m(ClientAppActor pid=450344)[0m 
[36m(ClientAppActor pid=450344)[0m         
[92mINFO [0m:      aggregate_evaluate: received 10 results and 0 failures
[92mINFO [0m:      
[92mINFO [0m:      [ROUND 92]
[92mINFO [0m:      configure_fit: strategy sampled 10 clients (out of 10)
[36m(ClientAppActor pid=450346)[0m 
[36m(ClientAppActor pid=450346)[0m         
[36m(ClientAppActor pid=450351)[0m 
[36m(ClientAppActor pid=450351)[0m         
[36m(ClientAppActor pid=450350)[0m 
[36m(ClientAppActor pid=450350)[0m         
[36m(ClientAppActor pid=450348)[0m 
[36m(ClientAppActor pid=450348)[0m         
[36m(ClientAppActor pid=450347)[0m 
[36m(ClientAppActor pid=450347)[0m         
[36m(ClientAppActor pid=450337)[0m 
[36m(ClientAppActor pid=450337)[0m         
[36m(ClientAppActor pid=450345)[0m 
[36m(ClientAppActor pid=450345)[0m         
[36m(ClientAppActor pid=450336)[0m 
[36m(ClientAppActor pid=450336)[0m         
[36m(ClientAppActor pid=450349)[0m 
[36m(ClientAppActor pid=450349)[0m         
[36m(ClientAppActor pid=450344)[0m 
[36m(ClientAppActor pid=450344)[0m         
[92mINFO [0m:      aggregate_fit: received 10 results and 0 failures
[92mINFO [0m:      fit progress: (92, 0.7349251756520714, {'accuracy': 0.7467597208374875, 'balanced_accuracy': 0.3536499104414795, 'macro_f1': 0.3641971434657871, 'worst_class_f1': 0.0, 'worst_class_recall': 0.0, 'f1_actinic_keratoses_an': 0.3838383838383838, 'recall_actinic_keratoses_an': 0.5757575757575758, 'f1_basal_cell_carcinoma': 0.0, 'recall_basal_cell_carcinoma': 0.0, 'f1_benign_keratosis-lik': 0.47619047619047616, 'recall_benign_keratosis-lik': 0.4090909090909091, 'f1_dermatofibroma': 0.15384615384615385, 'recall_dermatofibroma': 0.08333333333333333, 'f1_melanoma': 0.4049079754601227, 'recall_melanoma': 0.2972972972972973, 'f1_melanocytic_nevi': 0.8805970149253731, 'recall_melanocytic_nevi': 0.9672131147540983, 'f1_vascular_lesions': 0.25, 'recall_vascular_lesions': 0.14285714285714285}, 277.96160104800947)
[92mINFO [0m:      configure_evaluate: strategy sampled 10 clients (out of 10)
[36m(ClientAppActor pid=450346)[0m 
[36m(ClientAppActor pid=450346)[0m         
[36m(ClientAppActor pid=450351)[0m 
[36m(ClientAppActor pid=450351)[0m         
[36m(ClientAppActor pid=450350)[0m 
[36m(ClientAppActor pid=450350)[0m         
[36m(ClientAppActor pid=450348)[0m 
[36m(ClientAppActor pid=450348)[0m         
[36m(ClientAppActor pid=450347)[0m 
[36m(ClientAppActor pid=450347)[0m         
[36m(ClientAppActor pid=450337)[0m 
[36m(ClientAppActor pid=450337)[0m         
[36m(ClientAppActor pid=450336)[0m 
[36m(ClientAppActor pid=450336)[0m         
[36m(ClientAppActor pid=450349)[0m 
[36m(ClientAppActor pid=450349)[0m         
[36m(ClientAppActor pid=450344)[0m 
[36m(ClientAppActor pid=450344)[0m         
[92mINFO [0m:      aggregate_evaluate: received 10 results and 0 failures
[92mINFO [0m:      
[92mINFO [0m:      [ROUND 93]
[92mINFO [0m:      configure_fit: strategy sampled 10 clients (out of 10)
[36m(ClientAppActor pid=450346)[0m /home/bk489/federated_clean/cleanest_federated/fl-dermamnist-starter/data/download.py:27: UserWarning: The given NumPy array is not writable, and PyTorch does not support non-writable tensors. This means writing to this tensor will result in undefined behavior. You may want to copy the array to protect its data or make it writable before converting it to a tensor. This type of warning will be suppressed for the rest of this program. (Triggered internally at /pytorch/torch/csrc/utils/tensor_numpy.cpp:203.)[32m [repeated 155x across cluster][0m
[36m(ClientAppActor pid=450346)[0m   tensor = torch.as_tensor(image)[32m [repeated 155x across cluster][0m
[36m(ClientAppActor pid=450347)[0m 
[36m(ClientAppActor pid=450347)[0m         
[36m(ClientAppActor pid=450345)[0m 
[36m(ClientAppActor pid=450345)[0m         
[36m(ClientAppActor pid=450345)[0m 
[36m(ClientAppActor pid=450345)[0m         
[36m(ClientAppActor pid=450344)[0m 
[36m(ClientAppActor pid=450344)[0m         
[36m(ClientAppActor pid=450346)[0m 
[36m(ClientAppActor pid=450346)[0m         
[36m(ClientAppActor pid=450337)[0m 
[36m(ClientAppActor pid=450337)[0m         
[36m(ClientAppActor pid=450348)[0m 
[36m(ClientAppActor pid=450348)[0m         
[36m(ClientAppActor pid=450351)[0m 
[36m(ClientAppActor pid=450351)[0m         
[36m(ClientAppActor pid=450336)[0m 
[36m(ClientAppActor pid=450336)[0m         
[36m(ClientAppActor pid=450350)[0m 
[36m(ClientAppActor pid=450350)[0m         
[36m(ClientAppActor pid=450349)[0m 
[36m(ClientAppActor pid=450349)[0m         
[36m(ClientAppActor pid=450349)[0m [93mWARNING [0m:   DEPRECATED FEATURE: `client_fn` now expects a signature `def client_fn(context: Context)`.The provided `client_fn` has signature: {'cid': <Parameter "cid: 'str'">}. You can import the `Context` like this: `from flwr.common import Context`[32m [repeated 39x across cluster][0m
[36m(ClientAppActor pid=450349)[0m             This is a deprecated feature. It will be removed[32m [repeated 39x across cluster][0m
[36m(ClientAppActor pid=450349)[0m             entirely in future versions of Flower.[32m [repeated 39x across cluster][0m
[36m(ClientAppActor pid=450344)[0m /home/bk489/federated_clean/cleanest_federated/fl-dermamnist-starter/metrics/evaluation.py:68: UserWarning: AUROC set to NaN because present classes are [0, 1, 4], expected [0, 1, 2, 3, 4, 5, 6][32m [repeated 20x across cluster][0m
[36m(ClientAppActor pid=450344)[0m   warnings.warn(f'AUROC set to NaN because present classes are {present_classes}, expected {labels}')[32m [repeated 20x across cluster][0m
[36m(ClientAppActor pid=450344)[0m /home/bk489/federated_clean/.venv/lib/python3.9/site-packages/sklearn/metrics/_classification.py:2524: UserWarning: y_pred contains classes not in y_true[32m [repeated 13x across cluster][0m
[36m(ClientAppActor pid=450344)[0m   warnings.warn("y_pred contains classes not in y_true")[32m [repeated 13x across cluster][0m
[36m(ClientAppActor pid=450346)[0m /home/bk489/federated_clean/.venv/lib/python3.9/site-packages/sklearn/metrics/_classification.py:407: UserWarning: A single label was found in 'y_true' and 'y_pred'. For the confusion matrix to have the correct shape, use the 'labels' parameter to pass all known labels.
[36m(ClientAppActor pid=450346)[0m   warnings.warn(
[92mINFO [0m:      aggregate_fit: received 10 results and 0 failures
[92mINFO [0m:      fit progress: (93, 0.7250853304492155, {'accuracy': 0.7397806580259222, 'balanced_accuracy': 0.3507986970516245, 'macro_f1': 0.353845888107545, 'worst_class_f1': 0.0, 'worst_class_recall': 0.0, 'f1_actinic_keratoses_an': 0.37606837606837606, 'recall_actinic_keratoses_an': 0.6666666666666666, 'f1_basal_cell_carcinoma': 0.0, 'recall_basal_cell_carcinoma': 0.0, 'f1_benign_keratosis-lik': 0.4727272727272727, 'recall_benign_keratosis-lik': 0.35454545454545455, 'f1_dermatofibroma': 0.14285714285714285, 'recall_dermatofibroma': 0.08333333333333333, 'f1_melanoma': 0.25757575757575757, 'recall_melanoma': 0.15315315315315314, 'f1_melanocytic_nevi': 0.8747514910536779, 'recall_melanocytic_nevi': 0.9836065573770492, 'f1_vascular_lesions': 0.35294117647058826, 'recall_vascular_lesions': 0.21428571428571427}, 280.8840041740041)
[92mINFO [0m:      configure_evaluate: strategy sampled 10 clients (out of 10)
[36m(ClientAppActor pid=450346)[0m 
[36m(ClientAppActor pid=450346)[0m         
[36m(ClientAppActor pid=450351)[0m 
[36m(ClientAppActor pid=450351)[0m         
[36m(ClientAppActor pid=450350)[0m 
[36m(ClientAppActor pid=450350)[0m         
[36m(ClientAppActor pid=450348)[0m 
[36m(ClientAppActor pid=450348)[0m         
[36m(ClientAppActor pid=450347)[0m 
[36m(ClientAppActor pid=450347)[0m         
[36m(ClientAppActor pid=450337)[0m 
[36m(ClientAppActor pid=450337)[0m         
[36m(ClientAppActor pid=450345)[0m 
[36m(ClientAppActor pid=450345)[0m         
[36m(ClientAppActor pid=450336)[0m 
[36m(ClientAppActor pid=450336)[0m         
[36m(ClientAppActor pid=450349)[0m 
[36m(ClientAppActor pid=450349)[0m         
[36m(ClientAppActor pid=450344)[0m 
[36m(ClientAppActor pid=450344)[0m         
[36m(ClientAppActor pid=450348)[0m /home/bk489/federated_clean/.venv/lib/python3.9/site-packages/sklearn/metrics/_classification.py:407: UserWarning: A single label was found in 'y_true' and 'y_pred'. For the confusion matrix to have the correct shape, use the 'labels' parameter to pass all known labels.
[36m(ClientAppActor pid=450348)[0m   warnings.warn(
[92mINFO [0m:      aggregate_evaluate: received 10 results and 0 failures
[92mINFO [0m:      
[92mINFO [0m:      [ROUND 94]
[92mINFO [0m:      configure_fit: strategy sampled 10 clients (out of 10)
[36m(ClientAppActor pid=450346)[0m 
[36m(ClientAppActor pid=450346)[0m         
[36m(ClientAppActor pid=450351)[0m 
[36m(ClientAppActor pid=450351)[0m         
[36m(ClientAppActor pid=450350)[0m 
[36m(ClientAppActor pid=450350)[0m         
[36m(ClientAppActor pid=450347)[0m 
[36m(ClientAppActor pid=450347)[0m         
[36m(ClientAppActor pid=450337)[0m 
[36m(ClientAppActor pid=450337)[0m         
[36m(ClientAppActor pid=450345)[0m 
[36m(ClientAppActor pid=450345)[0m         
[36m(ClientAppActor pid=450336)[0m 
[36m(ClientAppActor pid=450336)[0m         
[36m(ClientAppActor pid=450349)[0m 
[36m(ClientAppActor pid=450349)[0m         
[36m(ClientAppActor pid=450344)[0m 
[36m(ClientAppActor pid=450344)[0m         
[36m(ClientAppActor pid=450348)[0m 
[36m(ClientAppActor pid=450348)[0m         
[36m(ClientAppActor pid=450348)[0m /home/bk489/federated_clean/cleanest_federated/fl-dermamnist-starter/data/download.py:27: UserWarning: The given NumPy array is not writable, and PyTorch does not support non-writable tensors. This means writing to this tensor will result in undefined behavior. You may want to copy the array to protect its data or make it writable before converting it to a tensor. This type of warning will be suppressed for the rest of this program. (Triggered internally at /pytorch/torch/csrc/utils/tensor_numpy.cpp:203.)[32m [repeated 209x across cluster][0m
[36m(ClientAppActor pid=450348)[0m   tensor = torch.as_tensor(image)[32m [repeated 209x across cluster][0m
[92mINFO [0m:      aggregate_fit: received 10 results and 0 failures
[92mINFO [0m:      fit progress: (94, 0.6881664050065152, {'accuracy': 0.7437686939182453, 'balanced_accuracy': 0.38423554945803184, 'macro_f1': 0.3893422653738859, 'worst_class_f1': 0.0, 'worst_class_recall': 0.0, 'f1_actinic_keratoses_an': 0.3434343434343434, 'recall_actinic_keratoses_an': 0.5151515151515151, 'f1_basal_cell_carcinoma': 0.0, 'recall_basal_cell_carcinoma': 0.0, 'f1_benign_keratosis-lik': 0.5302325581395348, 'recall_benign_keratosis-lik': 0.5181818181818182, 'f1_dermatofibroma': 0.14285714285714285, 'recall_dermatofibroma': 0.08333333333333333, 'f1_melanoma': 0.4262295081967213, 'recall_melanoma': 0.35135135135135137, 'f1_melanocytic_nevi': 0.8826423049894588, 'recall_melanocytic_nevi': 0.9359165424739195, 'f1_vascular_lesions': 0.4, 'recall_vascular_lesions': 0.2857142857142857}, 283.89482089001103)
[92mINFO [0m:      configure_evaluate: strategy sampled 10 clients (out of 10)
[36m(ClientAppActor pid=450346)[0m 
[36m(ClientAppActor pid=450346)[0m         
[36m(ClientAppActor pid=450351)[0m 
[36m(ClientAppActor pid=450351)[0m         
[36m(ClientAppActor pid=450350)[0m 
[36m(ClientAppActor pid=450350)[0m         
[36m(ClientAppActor pid=450348)[0m 
[36m(ClientAppActor pid=450348)[0m         
[36m(ClientAppActor pid=450337)[0m 
[36m(ClientAppActor pid=450337)[0m         
[36m(ClientAppActor pid=450349)[0m 
[36m(ClientAppActor pid=450349)[0m         
[36m(ClientAppActor pid=450347)[0m 
[36m(ClientAppActor pid=450347)[0m         
[36m(ClientAppActor pid=450344)[0m 
[36m(ClientAppActor pid=450344)[0m         
[36m(ClientAppActor pid=450336)[0m 
[36m(ClientAppActor pid=450336)[0m         
[36m(ClientAppActor pid=450345)[0m 
[36m(ClientAppActor pid=450345)[0m         
[92mINFO [0m:      aggregate_evaluate: received 10 results and 0 failures
[92mINFO [0m:      
[92mINFO [0m:      [ROUND 95]
[92mINFO [0m:      configure_fit: strategy sampled 10 clients (out of 10)
[36m(ClientAppActor pid=450345)[0m 
[36m(ClientAppActor pid=450345)[0m         
[36m(ClientAppActor pid=450336)[0m 
[36m(ClientAppActor pid=450336)[0m         
[36m(ClientAppActor pid=450346)[0m 
[36m(ClientAppActor pid=450346)[0m         
[36m(ClientAppActor pid=450351)[0m 
[36m(ClientAppActor pid=450351)[0m         
[36m(ClientAppActor pid=450350)[0m 
[36m(ClientAppActor pid=450350)[0m         
[36m(ClientAppActor pid=450348)[0m 
[36m(ClientAppActor pid=450348)[0m         
[36m(ClientAppActor pid=450347)[0m 
[36m(ClientAppActor pid=450347)[0m         
[36m(ClientAppActor pid=450337)[0m 
[36m(ClientAppActor pid=450337)[0m         
[36m(ClientAppActor pid=450349)[0m 
[36m(ClientAppActor pid=450349)[0m         
[36m(ClientAppActor pid=450344)[0m 
[36m(ClientAppActor pid=450344)[0m         
[36m(ClientAppActor pid=450344)[0m [93mWARNING [0m:   DEPRECATED FEATURE: `client_fn` now expects a signature `def client_fn(context: Context)`.The provided `client_fn` has signature: {'cid': <Parameter "cid: 'str'">}. You can import the `Context` like this: `from flwr.common import Context`[32m [repeated 40x across cluster][0m
[36m(ClientAppActor pid=450344)[0m             This is a deprecated feature. It will be removed[32m [repeated 40x across cluster][0m
[36m(ClientAppActor pid=450344)[0m             entirely in future versions of Flower.[32m [repeated 40x across cluster][0m
[36m(ClientAppActor pid=450344)[0m /home/bk489/federated_clean/cleanest_federated/fl-dermamnist-starter/metrics/evaluation.py:68: UserWarning: AUROC set to NaN because present classes are [0, 3, 4, 5, 6], expected [0, 1, 2, 3, 4, 5, 6][32m [repeated 20x across cluster][0m
[36m(ClientAppActor pid=450344)[0m   warnings.warn(f'AUROC set to NaN because present classes are {present_classes}, expected {labels}')[32m [repeated 20x across cluster][0m
[36m(ClientAppActor pid=450344)[0m /home/bk489/federated_clean/.venv/lib/python3.9/site-packages/sklearn/metrics/_classification.py:2524: UserWarning: y_pred contains classes not in y_true[32m [repeated 14x across cluster][0m
[36m(ClientAppActor pid=450344)[0m   warnings.warn("y_pred contains classes not in y_true")[32m [repeated 14x across cluster][0m
[36m(ClientAppActor pid=450347)[0m /home/bk489/federated_clean/.venv/lib/python3.9/site-packages/sklearn/metrics/_classification.py:407: UserWarning: A single label was found in 'y_true' and 'y_pred'. For the confusion matrix to have the correct shape, use the 'labels' parameter to pass all known labels.
[36m(ClientAppActor pid=450347)[0m   warnings.warn(
[92mINFO [0m:      aggregate_fit: received 10 results and 0 failures
[92mINFO [0m:      fit progress: (95, 0.7534497600728469, {'accuracy': 0.7397806580259222, 'balanced_accuracy': 0.3592228972791034, 'macro_f1': 0.3596118415590165, 'worst_class_f1': 0.0, 'worst_class_recall': 0.0, 'f1_actinic_keratoses_an': 0.3511450381679389, 'recall_actinic_keratoses_an': 0.696969696969697, 'f1_basal_cell_carcinoma': 0.0, 'recall_basal_cell_carcinoma': 0.0, 'f1_benign_keratosis-lik': 0.4878048780487805, 'recall_benign_keratosis-lik': 0.36363636363636365, 'f1_dermatofibroma': 0.15384615384615385, 'recall_dermatofibroma': 0.08333333333333333, 'f1_melanoma': 0.29411764705882354, 'recall_melanoma': 0.18018018018018017, 'f1_melanocytic_nevi': 0.8774279973208305, 'recall_melanocytic_nevi': 0.9761549925484352, 'f1_vascular_lesions': 0.35294117647058826, 'recall_vascular_lesions': 0.21428571428571427}, 286.93309932400007)
[92mINFO [0m:      configure_evaluate: strategy sampled 10 clients (out of 10)
[36m(ClientAppActor pid=450346)[0m 
[36m(ClientAppActor pid=450346)[0m         
[36m(ClientAppActor pid=450351)[0m 
[36m(ClientAppActor pid=450351)[0m         
[36m(ClientAppActor pid=450347)[0m 
[36m(ClientAppActor pid=450347)[0m         
[36m(ClientAppActor pid=450337)[0m 
[36m(ClientAppActor pid=450337)[0m         
[36m(ClientAppActor pid=450345)[0m 
[36m(ClientAppActor pid=450345)[0m         
[36m(ClientAppActor pid=450336)[0m 
[36m(ClientAppActor pid=450336)[0m         
[36m(ClientAppActor pid=450349)[0m 
[36m(ClientAppActor pid=450349)[0m         
[36m(ClientAppActor pid=450350)[0m 
[36m(ClientAppActor pid=450350)[0m         
[36m(ClientAppActor pid=450348)[0m 
[36m(ClientAppActor pid=450348)[0m         
[36m(ClientAppActor pid=450344)[0m 
[36m(ClientAppActor pid=450344)[0m         
[92mINFO [0m:      aggregate_evaluate: received 10 results and 0 failures
[92mINFO [0m:      
[92mINFO [0m:      [ROUND 96]
[92mINFO [0m:      configure_fit: strategy sampled 10 clients (out of 10)
[36m(ClientAppActor pid=450350)[0m 
[36m(ClientAppActor pid=450350)[0m         
[36m(ClientAppActor pid=450348)[0m 
[36m(ClientAppActor pid=450348)[0m         
[36m(ClientAppActor pid=450337)[0m 
[36m(ClientAppActor pid=450337)[0m         
[36m(ClientAppActor pid=450349)[0m /home/bk489/federated_clean/.venv/lib/python3.9/site-packages/sklearn/metrics/_classification.py:407: UserWarning: A single label was found in 'y_true' and 'y_pred'. For the confusion matrix to have the correct shape, use the 'labels' parameter to pass all known labels.
[36m(ClientAppActor pid=450349)[0m   warnings.warn(
[36m(ClientAppActor pid=450349)[0m 
[36m(ClientAppActor pid=450349)[0m         
[36m(ClientAppActor pid=450344)[0m 
[36m(ClientAppActor pid=450344)[0m         
[36m(ClientAppActor pid=450336)[0m 
[36m(ClientAppActor pid=450336)[0m         
[36m(ClientAppActor pid=450351)[0m 
[36m(ClientAppActor pid=450351)[0m         
[36m(ClientAppActor pid=450347)[0m 
[36m(ClientAppActor pid=450347)[0m         
[36m(ClientAppActor pid=450345)[0m 
[36m(ClientAppActor pid=450345)[0m         
[36m(ClientAppActor pid=450346)[0m 
[36m(ClientAppActor pid=450346)[0m         
[36m(ClientAppActor pid=450350)[0m /home/bk489/federated_clean/cleanest_federated/fl-dermamnist-starter/data/download.py:27: UserWarning: The given NumPy array is not writable, and PyTorch does not support non-writable tensors. This means writing to this tensor will result in undefined behavior. You may want to copy the array to protect its data or make it writable before converting it to a tensor. This type of warning will be suppressed for the rest of this program. (Triggered internally at /pytorch/torch/csrc/utils/tensor_numpy.cpp:203.)[32m [repeated 198x across cluster][0m
[36m(ClientAppActor pid=450350)[0m   tensor = torch.as_tensor(image)[32m [repeated 198x across cluster][0m
[92mINFO [0m:      aggregate_fit: received 10 results and 0 failures
[92mINFO [0m:      fit progress: (96, 0.7377759023297463, {'accuracy': 0.7417746759720838, 'balanced_accuracy': 0.33480809651769844, 'macro_f1': 0.35766819437079506, 'worst_class_f1': 0.0, 'worst_class_recall': 0.0, 'f1_actinic_keratoses_an': 0.3902439024390244, 'recall_actinic_keratoses_an': 0.48484848484848486, 'f1_basal_cell_carcinoma': 0.0, 'recall_basal_cell_carcinoma': 0.0, 'f1_benign_keratosis-lik': 0.4624277456647399, 'recall_benign_keratosis-lik': 0.36363636363636365, 'f1_dermatofibroma': 0.14285714285714285, 'recall_dermatofibroma': 0.08333333333333333, 'f1_melanoma': 0.38823529411764707, 'recall_melanoma': 0.2972972972972973, 'f1_melanocytic_nevi': 0.8699132755170114, 'recall_melanocytic_nevi': 0.9716840536512668, 'f1_vascular_lesions': 0.25, 'recall_vascular_lesions': 0.14285714285714285}, 289.8697795319895)
[92mINFO [0m:      configure_evaluate: strategy sampled 10 clients (out of 10)
[36m(ClientAppActor pid=450346)[0m 
[36m(ClientAppActor pid=450346)[0m         
[36m(ClientAppActor pid=450351)[0m 
[36m(ClientAppActor pid=450351)[0m         
[36m(ClientAppActor pid=450350)[0m 
[36m(ClientAppActor pid=450350)[0m         
[36m(ClientAppActor pid=450348)[0m 
[36m(ClientAppActor pid=450348)[0m         
[36m(ClientAppActor pid=450347)[0m 
[36m(ClientAppActor pid=450347)[0m         
[36m(ClientAppActor pid=450337)[0m 
[36m(ClientAppActor pid=450337)[0m         
[36m(ClientAppActor pid=450345)[0m 
[36m(ClientAppActor pid=450345)[0m         
[36m(ClientAppActor pid=450336)[0m 
[36m(ClientAppActor pid=450336)[0m         
[36m(ClientAppActor pid=450349)[0m 
[36m(ClientAppActor pid=450349)[0m         
[36m(ClientAppActor pid=450344)[0m 
[36m(ClientAppActor pid=450344)[0m         
[92mINFO [0m:      aggregate_evaluate: received 10 results and 0 failures
[92mINFO [0m:      
[92mINFO [0m:      [ROUND 97]
[92mINFO [0m:      configure_fit: strategy sampled 10 clients (out of 10)
[36m(ClientAppActor pid=450346)[0m 
[36m(ClientAppActor pid=450346)[0m         
[36m(ClientAppActor pid=450351)[0m 
[36m(ClientAppActor pid=450351)[0m         
[36m(ClientAppActor pid=450348)[0m 
[36m(ClientAppActor pid=450348)[0m         
[36m(ClientAppActor pid=450345)[0m 
[36m(ClientAppActor pid=450345)[0m         
[36m(ClientAppActor pid=450336)[0m 
[36m(ClientAppActor pid=450336)[0m         
[36m(ClientAppActor pid=450349)[0m 
[36m(ClientAppActor pid=450349)[0m         
[36m(ClientAppActor pid=450344)[0m 
[36m(ClientAppActor pid=450344)[0m         
[36m(ClientAppActor pid=450347)[0m 
[36m(ClientAppActor pid=450347)[0m         
[36m(ClientAppActor pid=450337)[0m 
[36m(ClientAppActor pid=450337)[0m         
[36m(ClientAppActor pid=450350)[0m 
[36m(ClientAppActor pid=450350)[0m         
[36m(ClientAppActor pid=450350)[0m [93mWARNING [0m:   DEPRECATED FEATURE: `client_fn` now expects a signature `def client_fn(context: Context)`.The provided `client_fn` has signature: {'cid': <Parameter "cid: 'str'">}. You can import the `Context` like this: `from flwr.common import Context`[32m [repeated 40x across cluster][0m
[36m(ClientAppActor pid=450350)[0m             This is a deprecated feature. It will be removed[32m [repeated 40x across cluster][0m
[36m(ClientAppActor pid=450350)[0m             entirely in future versions of Flower.[32m [repeated 40x across cluster][0m
[36m(ClientAppActor pid=450344)[0m /home/bk489/federated_clean/cleanest_federated/fl-dermamnist-starter/metrics/evaluation.py:68: UserWarning: AUROC set to NaN because present classes are [0, 1, 4, 5], expected [0, 1, 2, 3, 4, 5, 6][32m [repeated 20x across cluster][0m
[36m(ClientAppActor pid=450344)[0m   warnings.warn(f'AUROC set to NaN because present classes are {present_classes}, expected {labels}')[32m [repeated 20x across cluster][0m
[36m(ClientAppActor pid=450344)[0m /home/bk489/federated_clean/.venv/lib/python3.9/site-packages/sklearn/metrics/_classification.py:2524: UserWarning: y_pred contains classes not in y_true[32m [repeated 13x across cluster][0m
[36m(ClientAppActor pid=450344)[0m   warnings.warn("y_pred contains classes not in y_true")[32m [repeated 13x across cluster][0m
[92mINFO [0m:      aggregate_fit: received 10 results and 0 failures
[92mINFO [0m:      fit progress: (97, 0.7352331672328063, {'accuracy': 0.732801595214357, 'balanced_accuracy': 0.3286983002439677, 'macro_f1': 0.33620515567312675, 'worst_class_f1': 0.07272727272727272, 'worst_class_recall': 0.038461538461538464, 'f1_actinic_keratoses_an': 0.3392857142857143, 'recall_actinic_keratoses_an': 0.5757575757575758, 'f1_basal_cell_carcinoma': 0.07272727272727272, 'recall_basal_cell_carcinoma': 0.038461538461538464, 'f1_benign_keratosis-lik': 0.36942675159235666, 'recall_benign_keratosis-lik': 0.2636363636363636, 'f1_dermatofibroma': 0.11764705882352941, 'recall_dermatofibroma': 0.08333333333333333, 'f1_melanoma': 0.3287671232876712, 'recall_melanoma': 0.21621621621621623, 'f1_melanocytic_nevi': 0.8755821689953427, 'recall_melanocytic_nevi': 0.9806259314456036, 'f1_vascular_lesions': 0.25, 'recall_vascular_lesions': 0.14285714285714285}, 292.7671563499898)
[92mINFO [0m:      configure_evaluate: strategy sampled 10 clients (out of 10)
[36m(ClientAppActor pid=450346)[0m 
[36m(ClientAppActor pid=450346)[0m         
[36m(ClientAppActor pid=450351)[0m 
[36m(ClientAppActor pid=450351)[0m         
[36m(ClientAppActor pid=450350)[0m 
[36m(ClientAppActor pid=450350)[0m         
[36m(ClientAppActor pid=450347)[0m 
[36m(ClientAppActor pid=450347)[0m         
[36m(ClientAppActor pid=450345)[0m 
[36m(ClientAppActor pid=450345)[0m         
[36m(ClientAppActor pid=450344)[0m 
[36m(ClientAppActor pid=450344)[0m         
[36m(ClientAppActor pid=450337)[0m 
[36m(ClientAppActor pid=450337)[0m         
[36m(ClientAppActor pid=450336)[0m 
[36m(ClientAppActor pid=450336)[0m         
[36m(ClientAppActor pid=450348)[0m 
[36m(ClientAppActor pid=450348)[0m         
[36m(ClientAppActor pid=450349)[0m 
[36m(ClientAppActor pid=450349)[0m         
[36m(ClientAppActor pid=450351)[0m /home/bk489/federated_clean/.venv/lib/python3.9/site-packages/sklearn/metrics/_classification.py:407: UserWarning: A single label was found in 'y_true' and 'y_pred'. For the confusion matrix to have the correct shape, use the 'labels' parameter to pass all known labels.
[36m(ClientAppActor pid=450351)[0m   warnings.warn(
[92mINFO [0m:      aggregate_evaluate: received 10 results and 0 failures
[92mINFO [0m:      
[92mINFO [0m:      [ROUND 98]
[92mINFO [0m:      configure_fit: strategy sampled 10 clients (out of 10)
[36m(ClientAppActor pid=450351)[0m 
[36m(ClientAppActor pid=450351)[0m         
[36m(ClientAppActor pid=450350)[0m 
[36m(ClientAppActor pid=450350)[0m         
[36m(ClientAppActor pid=450348)[0m 
[36m(ClientAppActor pid=450348)[0m         
[36m(ClientAppActor pid=450347)[0m 
[36m(ClientAppActor pid=450347)[0m         
[36m(ClientAppActor pid=450337)[0m 
[36m(ClientAppActor pid=450337)[0m         
[36m(ClientAppActor pid=450336)[0m 
[36m(ClientAppActor pid=450336)[0m         
[36m(ClientAppActor pid=450349)[0m 
[36m(ClientAppActor pid=450349)[0m         
[36m(ClientAppActor pid=450346)[0m 
[36m(ClientAppActor pid=450346)[0m         
[36m(ClientAppActor pid=450345)[0m 
[36m(ClientAppActor pid=450345)[0m         
[36m(ClientAppActor pid=450344)[0m 
[36m(ClientAppActor pid=450344)[0m         
[36m(ClientAppActor pid=450351)[0m /home/bk489/federated_clean/cleanest_federated/fl-dermamnist-starter/data/download.py:27: UserWarning: The given NumPy array is not writable, and PyTorch does not support non-writable tensors. This means writing to this tensor will result in undefined behavior. You may want to copy the array to protect its data or make it writable before converting it to a tensor. This type of warning will be suppressed for the rest of this program. (Triggered internally at /pytorch/torch/csrc/utils/tensor_numpy.cpp:203.)[32m [repeated 169x across cluster][0m
[36m(ClientAppActor pid=450351)[0m   tensor = torch.as_tensor(image)[32m [repeated 169x across cluster][0m
[36m(ClientAppActor pid=450344)[0m [93mWARNING [0m:   DEPRECATED FEATURE: `client_fn` now expects a signature `def client_fn(context: Context)`.The provided `client_fn` has signature: {'cid': <Parameter "cid: 'str'">}. You can import the `Context` like this: `from flwr.common import Context`[32m [repeated 20x across cluster][0m
[36m(ClientAppActor pid=450344)[0m             This is a deprecated feature. It will be removed[32m [repeated 20x across cluster][0m
[36m(ClientAppActor pid=450344)[0m             entirely in future versions of Flower.[32m [repeated 20x across cluster][0m
[36m(ClientAppActor pid=450349)[0m /home/bk489/federated_clean/cleanest_federated/fl-dermamnist-starter/metrics/evaluation.py:68: UserWarning: AUROC set to NaN because present classes are [0, 1, 2, 5], expected [0, 1, 2, 3, 4, 5, 6][32m [repeated 10x across cluster][0m
[36m(ClientAppActor pid=450349)[0m   warnings.warn(f'AUROC set to NaN because present classes are {present_classes}, expected {labels}')[32m [repeated 10x across cluster][0m
[36m(ClientAppActor pid=450336)[0m /home/bk489/federated_clean/.venv/lib/python3.9/site-packages/sklearn/metrics/_classification.py:2524: UserWarning: y_pred contains classes not in y_true[32m [repeated 7x across cluster][0m
[36m(ClientAppActor pid=450336)[0m   warnings.warn("y_pred contains classes not in y_true")[32m [repeated 7x across cluster][0m
[92mINFO [0m:      aggregate_fit: received 10 results and 0 failures
[92mINFO [0m:      fit progress: (98, 0.7715228540471877, {'accuracy': 0.7467597208374875, 'balanced_accuracy': 0.3228926895203242, 'macro_f1': 0.3548060096687457, 'worst_class_f1': 0.0, 'worst_class_recall': 0.0, 'f1_actinic_keratoses_an': 0.3188405797101449, 'recall_actinic_keratoses_an': 0.3333333333333333, 'f1_basal_cell_carcinoma': 0.0, 'recall_basal_cell_carcinoma': 0.0, 'f1_benign_keratosis-lik': 0.5222222222222223, 'recall_benign_keratosis-lik': 0.42727272727272725, 'f1_dermatofibroma': 0.13333333333333333, 'recall_dermatofibroma': 0.08333333333333333, 'f1_melanoma': 0.38823529411764707, 'recall_melanoma': 0.2972972972972973, 'f1_melanocytic_nevi': 0.8710106382978723, 'recall_melanocytic_nevi': 0.9761549925484352, 'f1_vascular_lesions': 0.25, 'recall_vascular_lesions': 0.14285714285714285}, 295.68892362198676)
[92mINFO [0m:      configure_evaluate: strategy sampled 10 clients (out of 10)
[36m(ClientAppActor pid=450346)[0m 
[36m(ClientAppActor pid=450346)[0m         
[36m(ClientAppActor pid=450348)[0m 
[36m(ClientAppActor pid=450348)[0m         
[36m(ClientAppActor pid=450345)[0m 
[36m(ClientAppActor pid=450345)[0m         
[36m(ClientAppActor pid=450336)[0m 
[36m(ClientAppActor pid=450336)[0m         
[36m(ClientAppActor pid=450349)[0m 
[36m(ClientAppActor pid=450349)[0m         
[36m(ClientAppActor pid=450344)[0m 
[36m(ClientAppActor pid=450344)[0m         
[36m(ClientAppActor pid=450347)[0m 
[36m(ClientAppActor pid=450347)[0m         
[36m(ClientAppActor pid=450350)[0m 
[36m(ClientAppActor pid=450350)[0m         
[36m(ClientAppActor pid=450337)[0m 
[36m(ClientAppActor pid=450337)[0m         
[36m(ClientAppActor pid=450351)[0m 
[36m(ClientAppActor pid=450351)[0m         
[92mINFO [0m:      aggregate_evaluate: received 10 results and 0 failures
[92mINFO [0m:      
[92mINFO [0m:      [ROUND 99]
[92mINFO [0m:      configure_fit: strategy sampled 10 clients (out of 10)
[36m(ClientAppActor pid=450351)[0m 
[36m(ClientAppActor pid=450351)[0m         
[36m(ClientAppActor pid=450337)[0m 
[36m(ClientAppActor pid=450337)[0m         
[36m(ClientAppActor pid=450347)[0m 
[36m(ClientAppActor pid=450347)[0m         
[36m(ClientAppActor pid=450350)[0m 
[36m(ClientAppActor pid=450350)[0m         
[36m(ClientAppActor pid=450346)[0m 
[36m(ClientAppActor pid=450346)[0m         
[36m(ClientAppActor pid=450348)[0m 
[36m(ClientAppActor pid=450348)[0m         
[36m(ClientAppActor pid=450345)[0m 
[36m(ClientAppActor pid=450345)[0m         
[36m(ClientAppActor pid=450336)[0m 
[36m(ClientAppActor pid=450336)[0m         
[36m(ClientAppActor pid=450349)[0m 
[36m(ClientAppActor pid=450349)[0m         
[36m(ClientAppActor pid=450344)[0m 
[36m(ClientAppActor pid=450344)[0m         
[92mINFO [0m:      aggregate_fit: received 10 results and 0 failures
[92mINFO [0m:      fit progress: (99, 0.7720827642133681, {'accuracy': 0.7278165503489531, 'balanced_accuracy': 0.30241536740365776, 'macro_f1': 0.3306666504108886, 'worst_class_f1': 0.0, 'worst_class_recall': 0.0, 'f1_actinic_keratoses_an': 0.32, 'recall_actinic_keratoses_an': 0.36363636363636365, 'f1_basal_cell_carcinoma': 0.0, 'recall_basal_cell_carcinoma': 0.0, 'f1_benign_keratosis-lik': 0.41916167664670656, 'recall_benign_keratosis-lik': 0.3181818181818182, 'f1_dermatofibroma': 0.14285714285714285, 'recall_dermatofibroma': 0.08333333333333333, 'f1_melanoma': 0.32098765432098764, 'recall_melanoma': 0.23423423423423423, 'f1_melanocytic_nevi': 0.8616600790513834, 'recall_melanocytic_nevi': 0.9746646795827124, 'f1_vascular_lesions': 0.25, 'recall_vascular_lesions': 0.14285714285714285}, 298.6182589230011)
[92mINFO [0m:      configure_evaluate: strategy sampled 10 clients (out of 10)
[36m(ClientAppActor pid=450351)[0m 
[36m(ClientAppActor pid=450351)[0m         
[36m(ClientAppActor pid=450351)[0m /home/bk489/federated_clean/cleanest_federated/fl-dermamnist-starter/data/download.py:27: UserWarning: The given NumPy array is not writable, and PyTorch does not support non-writable tensors. This means writing to this tensor will result in undefined behavior. You may want to copy the array to protect its data or make it writable before converting it to a tensor. This type of warning will be suppressed for the rest of this program. (Triggered internally at /pytorch/torch/csrc/utils/tensor_numpy.cpp:203.)[32m [repeated 182x across cluster][0m
[36m(ClientAppActor pid=450351)[0m   tensor = torch.as_tensor(image)[32m [repeated 182x across cluster][0m
[36m(ClientAppActor pid=450350)[0m 
[36m(ClientAppActor pid=450350)[0m         
[36m(ClientAppActor pid=450348)[0m 
[36m(ClientAppActor pid=450348)[0m         
[36m(ClientAppActor pid=450347)[0m 
[36m(ClientAppActor pid=450347)[0m         
[36m(ClientAppActor pid=450337)[0m 
[36m(ClientAppActor pid=450337)[0m         
[36m(ClientAppActor pid=450345)[0m 
[36m(ClientAppActor pid=450345)[0m         
[36m(ClientAppActor pid=450336)[0m 
[36m(ClientAppActor pid=450336)[0m         
[36m(ClientAppActor pid=450349)[0m 
[36m(ClientAppActor pid=450349)[0m         
[36m(ClientAppActor pid=450344)[0m 
[36m(ClientAppActor pid=450344)[0m         
[36m(ClientAppActor pid=450346)[0m 
[36m(ClientAppActor pid=450346)[0m         
[92mINFO [0m:      aggregate_evaluate: received 10 results and 0 failures
[92mINFO [0m:      
[92mINFO [0m:      [ROUND 100]
[92mINFO [0m:      configure_fit: strategy sampled 10 clients (out of 10)
[36m(ClientAppActor pid=450346)[0m 
[36m(ClientAppActor pid=450346)[0m         
[36m(ClientAppActor pid=450350)[0m 
[36m(ClientAppActor pid=450350)[0m         
[36m(ClientAppActor pid=450336)[0m 
[36m(ClientAppActor pid=450336)[0m         
[36m(ClientAppActor pid=450344)[0m 
[36m(ClientAppActor pid=450344)[0m         
[36m(ClientAppActor pid=450351)[0m 
[36m(ClientAppActor pid=450351)[0m         
[36m(ClientAppActor pid=450348)[0m 
[36m(ClientAppActor pid=450348)[0m         
[36m(ClientAppActor pid=450347)[0m 
[36m(ClientAppActor pid=450347)[0m         
[36m(ClientAppActor pid=450337)[0m 
[36m(ClientAppActor pid=450337)[0m         
[36m(ClientAppActor pid=450345)[0m 
[36m(ClientAppActor pid=450345)[0m         
[36m(ClientAppActor pid=450349)[0m 
[36m(ClientAppActor pid=450349)[0m         
[36m(ClientAppActor pid=450349)[0m [93mWARNING [0m:   DEPRECATED FEATURE: `client_fn` now expects a signature `def client_fn(context: Context)`.The provided `client_fn` has signature: {'cid': <Parameter "cid: 'str'">}. You can import the `Context` like this: `from flwr.common import Context`[32m [repeated 40x across cluster][0m
[36m(ClientAppActor pid=450349)[0m             This is a deprecated feature. It will be removed[32m [repeated 40x across cluster][0m
[36m(ClientAppActor pid=450349)[0m             entirely in future versions of Flower.[32m [repeated 40x across cluster][0m
[36m(ClientAppActor pid=450344)[0m /home/bk489/federated_clean/cleanest_federated/fl-dermamnist-starter/metrics/evaluation.py:68: UserWarning: AUROC set to NaN because present classes are [0, 1, 2, 4, 6], expected [0, 1, 2, 3, 4, 5, 6][32m [repeated 20x across cluster][0m
[36m(ClientAppActor pid=450344)[0m   warnings.warn(f'AUROC set to NaN because present classes are {present_classes}, expected {labels}')[32m [repeated 20x across cluster][0m
[36m(ClientAppActor pid=450344)[0m /home/bk489/federated_clean/.venv/lib/python3.9/site-packages/sklearn/metrics/_classification.py:2524: UserWarning: y_pred contains classes not in y_true[32m [repeated 14x across cluster][0m
[36m(ClientAppActor pid=450344)[0m   warnings.warn("y_pred contains classes not in y_true")[32m [repeated 14x across cluster][0m
[92mINFO [0m:      aggregate_fit: received 10 results and 0 failures
[92mINFO [0m:      fit progress: (100, 0.7664084421435476, {'accuracy': 0.7347956131605184, 'balanced_accuracy': 0.31580123570755886, 'macro_f1': 0.32313464012994786, 'worst_class_f1': 0.0, 'worst_class_recall': 0.0, 'f1_actinic_keratoses_an': 0.3870967741935484, 'recall_actinic_keratoses_an': 0.5454545454545454, 'f1_basal_cell_carcinoma': 0.0, 'recall_basal_cell_carcinoma': 0.0, 'f1_benign_keratosis-lik': 0.4025157232704403, 'recall_benign_keratosis-lik': 0.2909090909090909, 'f1_dermatofibroma': 0.0, 'recall_dermatofibroma': 0.0, 'f1_melanoma': 0.35443037974683544, 'recall_melanoma': 0.25225225225225223, 'f1_melanocytic_nevi': 0.8678996036988111, 'recall_melanocytic_nevi': 0.9791356184798807, 'f1_vascular_lesions': 0.25, 'recall_vascular_lesions': 0.14285714285714285}, 301.569627001998)
[92mINFO [0m:      configure_evaluate: strategy sampled 10 clients (out of 10)
[36m(ClientAppActor pid=450346)[0m 
[36m(ClientAppActor pid=450346)[0m         
[36m(ClientAppActor pid=450351)[0m 
[36m(ClientAppActor pid=450351)[0m         
[36m(ClientAppActor pid=450350)[0m 
[36m(ClientAppActor pid=450350)[0m         
[36m(ClientAppActor pid=450348)[0m 
[36m(ClientAppActor pid=450348)[0m         
[36m(ClientAppActor pid=450347)[0m 
[36m(ClientAppActor pid=450347)[0m         
[36m(ClientAppActor pid=450337)[0m 
[36m(ClientAppActor pid=450337)[0m         
[36m(ClientAppActor pid=450345)[0m 
[36m(ClientAppActor pid=450345)[0m         
[36m(ClientAppActor pid=450336)[0m 
[36m(ClientAppActor pid=450336)[0m         
[36m(ClientAppActor pid=450349)[0m 
[36m(ClientAppActor pid=450349)[0m         
[36m(ClientAppActor pid=450344)[0m 
[36m(ClientAppActor pid=450344)[0m         
[92mINFO [0m:      aggregate_evaluate: received 10 results and 0 failures
[92mINFO [0m:      
[92mINFO [0m:      [SUMMARY]
[92mINFO [0m:      Run finished 100 round(s) in 301.76s
[92mINFO [0m:      	History (loss, distributed):
[92mINFO [0m:      		round 1: 1.041763005460181
[92mINFO [0m:      		round 2: 0.9659630483927651
[92mINFO [0m:      		round 3: 0.9361855317564571
[92mINFO [0m:      		round 4: 0.9012546907452976
[92mINFO [0m:      		round 5: 0.8849540142452016
[92mINFO [0m:      		round 6: 0.8889835886496895
[92mINFO [0m:      		round 7: 0.8659576485882189
[92mINFO [0m:      		round 8: 0.8601962230041346
[92mINFO [0m:      		round 9: 0.8452800148870887
[92mINFO [0m:      		round 10: 0.852242227050461
[92mINFO [0m:      		round 11: 0.8391972709676969
[92mINFO [0m:      		round 12: 0.8323070365866082
[92mINFO [0m:      		round 13: 0.8154691849839225
[92mINFO [0m:      		round 14: 0.8218256006794988
[92mINFO [0m:      		round 15: 0.8011827043002442
[92mINFO [0m:      		round 16: 0.8137020593992778
[92mINFO [0m:      		round 17: 0.816213788440614
[92mINFO [0m:      		round 18: 0.8127658562988599
[92mINFO [0m:      		round 19: 0.806422150759307
[92mINFO [0m:      		round 20: 0.8108485290190068
[92mINFO [0m:      		round 21: 0.8024437382624857
[92mINFO [0m:      		round 22: 0.7920262099937182
[92mINFO [0m:      		round 23: 0.7849762106215423
[92mINFO [0m:      		round 24: 0.7939759315856046
[92mINFO [0m:      		round 25: 0.7913085566873701
[92mINFO [0m:      		round 26: 0.7780632998799663
[92mINFO [0m:      		round 27: 0.7906480969024696
[92mINFO [0m:      		round 28: 0.8004964621285968
[92mINFO [0m:      		round 29: 0.7938110739035449
[92mINFO [0m:      		round 30: 0.7812594159518287
[92mINFO [0m:      		round 31: 0.8004597144113209
[92mINFO [0m:      		round 32: 0.7945077779730902
[92mINFO [0m:      		round 33: 0.7901867798701934
[92mINFO [0m:      		round 34: 0.7596938739633629
[92mINFO [0m:      		round 35: 0.7806117531216812
[92mINFO [0m:      		round 36: 0.7548321632179331
[92mINFO [0m:      		round 37: 0.7887076928335077
[92mINFO [0m:      		round 38: 0.7765694635584843
[92mINFO [0m:      		round 39: 0.7680936200033814
[92mINFO [0m:      		round 40: 0.7751688731452143
[92mINFO [0m:      		round 41: 0.8049340818499561
[92mINFO [0m:      		round 42: 0.7650572341175983
[92mINFO [0m:      		round 43: 0.770395518760257
[92mINFO [0m:      		round 44: 0.7567025656080999
[92mINFO [0m:      		round 45: 0.7570584448030382
[92mINFO [0m:      		round 46: 0.7868064535057527
[92mINFO [0m:      		round 47: 0.7578294248115726
[92mINFO [0m:      		round 48: 0.7507249701826952
[92mINFO [0m:      		round 49: 0.7648653457718908
[92mINFO [0m:      		round 50: 0.7752084422487782
[92mINFO [0m:      		round 51: 0.7734841435420804
[92mINFO [0m:      		round 52: 0.7531046387625904
[92mINFO [0m:      		round 53: 0.7688431028314096
[92mINFO [0m:      		round 54: 0.7479788816642214
[92mINFO [0m:      		round 55: 0.7543627286230987
[92mINFO [0m:      		round 56: 0.7621403348924782
[92mINFO [0m:      		round 57: 0.7663846112990824
[92mINFO [0m:      		round 58: 0.7457506997427947
[92mINFO [0m:      		round 59: 0.7612476030329892
[92mINFO [0m:      		round 60: 0.7793489219126435
[92mINFO [0m:      		round 61: 0.7577763668006257
[92mINFO [0m:      		round 62: 0.7814244683965549
[92mINFO [0m:      		round 63: 0.7434874531015262
[92mINFO [0m:      		round 64: 0.7600504612306953
[92mINFO [0m:      		round 65: 0.7288420004943864
[92mINFO [0m:      		round 66: 0.7544752779273768
[92mINFO [0m:      		round 67: 0.7730595663168509
[92mINFO [0m:      		round 68: 0.7556343227411103
[92mINFO [0m:      		round 69: 0.7829646575057524
[92mINFO [0m:      		round 70: 0.7303693412537212
[92mINFO [0m:      		round 71: 0.7316668374381072
[92mINFO [0m:      		round 72: 0.7503966255543735
[92mINFO [0m:      		round 73: 0.7536379651325505
[92mINFO [0m:      		round 74: 0.7747755058355619
[92mINFO [0m:      		round 75: 0.7237021484368159
[92mINFO [0m:      		round 76: 0.7692257829940473
[92mINFO [0m:      		round 77: 0.7471809117831664
[92mINFO [0m:      		round 78: 0.7401360660748639
[92mINFO [0m:      		round 79: 0.7304082869884787
[92mINFO [0m:      		round 80: 0.7487614491748673
[92mINFO [0m:      		round 81: 0.8147413505714285
[92mINFO [0m:      		round 82: 0.7367267977644073
[92mINFO [0m:      		round 83: 0.7777179412041367
[92mINFO [0m:      		round 84: 0.7603846907701177
[92mINFO [0m:      		round 85: 0.7357447165327743
[92mINFO [0m:      		round 86: 0.7828231410709994
[92mINFO [0m:      		round 87: 0.7456421134632664
[92mINFO [0m:      		round 88: 0.7119022127631063
[92mINFO [0m:      		round 89: 0.7770636512696144
[92mINFO [0m:      		round 90: 0.7590018924288291
[92mINFO [0m:      		round 91: 0.7811952581364592
[92mINFO [0m:      		round 92: 0.7723954795850401
[92mINFO [0m:      		round 93: 0.7551409269508023
[92mINFO [0m:      		round 94: 0.7153325033410208
[92mINFO [0m:      		round 95: 0.7887056906904004
[92mINFO [0m:      		round 96: 0.7642902726336908
[92mINFO [0m:      		round 97: 0.7628021783688489
[92mINFO [0m:      		round 98: 0.7864925747622377
[92mINFO [0m:      		round 99: 0.7930533811984479
[92mINFO [0m:      		round 100: 0.7869889618591052
[92mINFO [0m:      	History (loss, centralized):
[92mINFO [0m:      		round 0: 2.003153203848233
[92mINFO [0m:      		round 1: 1.0151750254607272
[92mINFO [0m:      		round 2: 0.9267747587007159
[92mINFO [0m:      		round 3: 0.8971285488408204
[92mINFO [0m:      		round 4: 0.8568722192097756
[92mINFO [0m:      		round 5: 0.8433551568452525
[92mINFO [0m:      		round 6: 0.8584969452585085
[92mINFO [0m:      		round 7: 0.8313630274975169
[92mINFO [0m:      		round 8: 0.8181784946920865
[92mINFO [0m:      		round 9: 0.8030767552517466
[92mINFO [0m:      		round 10: 0.8086742278585881
[92mINFO [0m:      		round 11: 0.7946979265032357
[92mINFO [0m:      		round 12: 0.792868233868037
[92mINFO [0m:      		round 13: 0.7782611840386928
[92mINFO [0m:      		round 14: 0.7894110565527843
[92mINFO [0m:      		round 15: 0.7743432795181351
[92mINFO [0m:      		round 16: 0.7725872185270665
[92mINFO [0m:      		round 17: 0.7907635732994954
[92mINFO [0m:      		round 18: 0.7781271255860182
[92mINFO [0m:      		round 19: 0.7756171750047747
[92mINFO [0m:      		round 20: 0.7797588421958512
[92mINFO [0m:      		round 21: 0.7654544382485173
[92mINFO [0m:      		round 22: 0.7629011989471801
[92mINFO [0m:      		round 23: 0.7572180930662488
[92mINFO [0m:      		round 24: 0.7730005792344912
[92mINFO [0m:      		round 25: 0.7601417276937726
[92mINFO [0m:      		round 26: 0.7468614700665384
[92mINFO [0m:      		round 27: 0.7574098347904438
[92mINFO [0m:      		round 28: 0.7629294616512857
[92mINFO [0m:      		round 29: 0.7590126338176214
[92mINFO [0m:      		round 30: 0.742624561843701
[92mINFO [0m:      		round 31: 0.7600986674680548
[92mINFO [0m:      		round 32: 0.7667001441849074
[92mINFO [0m:      		round 33: 0.7505202517433395
[92mINFO [0m:      		round 34: 0.7278141586754401
[92mINFO [0m:      		round 35: 0.748042420280776
[92mINFO [0m:      		round 36: 0.7194005611054562
[92mINFO [0m:      		round 37: 0.7480502938582438
[92mINFO [0m:      		round 38: 0.7395623981180125
[92mINFO [0m:      		round 39: 0.726842288481274
[92mINFO [0m:      		round 40: 0.7410447939205265
[92mINFO [0m:      		round 41: 0.7630525820276673
[92mINFO [0m:      		round 42: 0.7333849275100267
[92mINFO [0m:      		round 43: 0.729187299520639
[92mINFO [0m:      		round 44: 0.7278720311605087
[92mINFO [0m:      		round 45: 0.7179238528221221
[92mINFO [0m:      		round 46: 0.7589571794507987
[92mINFO [0m:      		round 47: 0.7356039172155432
[92mINFO [0m:      		round 48: 0.7210412821170696
[92mINFO [0m:      		round 49: 0.7382860161728065
[92mINFO [0m:      		round 50: 0.7383997495010391
[92mINFO [0m:      		round 51: 0.7393333942797462
[92mINFO [0m:      		round 52: 0.7171096489769393
[92mINFO [0m:      		round 53: 0.7420786609678183
[92mINFO [0m:      		round 54: 0.7125219819790582
[92mINFO [0m:      		round 55: 0.7234949217598555
[92mINFO [0m:      		round 56: 0.7295218483876373
[92mINFO [0m:      		round 57: 0.7346831198822584
[92mINFO [0m:      		round 58: 0.7116895950327842
[92mINFO [0m:      		round 59: 0.7233879807463671
[92mINFO [0m:      		round 60: 0.7456156804578254
[92mINFO [0m:      		round 61: 0.7215404766625683
[92mINFO [0m:      		round 62: 0.7610537441872647
[92mINFO [0m:      		round 63: 0.7044722367141206
[92mINFO [0m:      		round 64: 0.7281982986663179
[92mINFO [0m:      		round 65: 0.6933421369564022
[92mINFO [0m:      		round 66: 0.7232706372069932
[92mINFO [0m:      		round 67: 0.741545758658606
[92mINFO [0m:      		round 68: 0.7196588099062264
[92mINFO [0m:      		round 69: 0.7423918498596427
[92mINFO [0m:      		round 70: 0.6992472332947751
[92mINFO [0m:      		round 71: 0.7027844575680384
[92mINFO [0m:      		round 72: 0.7254810935835301
[92mINFO [0m:      		round 73: 0.7192702438990592
[92mINFO [0m:      		round 74: 0.7423313059217315
[92mINFO [0m:      		round 75: 0.6915114959952601
[92mINFO [0m:      		round 76: 0.7248280691957901
[92mINFO [0m:      		round 77: 0.7188027411966714
[92mINFO [0m:      		round 78: 0.715244195753651
[92mINFO [0m:      		round 79: 0.7027871299717029
[92mINFO [0m:      		round 80: 0.7189611859121922
[92mINFO [0m:      		round 81: 0.7755118672060942
[92mINFO [0m:      		round 82: 0.7016943760907067
[92mINFO [0m:      		round 83: 0.7362413202539636
[92mINFO [0m:      		round 84: 0.7189794741979506
[92mINFO [0m:      		round 85: 0.7033056858054186
[92mINFO [0m:      		round 86: 0.7617789664986364
[92mINFO [0m:      		round 87: 0.7170205084181736
[92mINFO [0m:      		round 88: 0.6889271332639997
[92mINFO [0m:      		round 89: 0.7489637482915062
[92mINFO [0m:      		round 90: 0.7115534335998809
[92mINFO [0m:      		round 91: 0.7471179362546173
[92mINFO [0m:      		round 92: 0.7349251756520714
[92mINFO [0m:      		round 93: 0.7250853304492155
[92mINFO [0m:      		round 94: 0.6881664050065152
[92mINFO [0m:      		round 95: 0.7534497600728469
[92mINFO [0m:      		round 96: 0.7377759023297463
[92mINFO [0m:      		round 97: 0.7352331672328063
[92mINFO [0m:      		round 98: 0.7715228540471877
[92mINFO [0m:      		round 99: 0.7720827642133681
[92mINFO [0m:      		round 100: 0.7664084421435476
[92mINFO [0m:      	History (metrics, centralized):
[92mINFO [0m:      	{'accuracy': [(0, 0.013958125623130608),
[92mINFO [0m:      	              (1, 0.6689930209371885),
[92mINFO [0m:      	              (2, 0.6729810568295115),
[92mINFO [0m:      	              (3, 0.674975074775673),
[92mINFO [0m:      	              (4, 0.6839481555333998),
[92mINFO [0m:      	              (5, 0.6859421734795613),
[92mINFO [0m:      	              (6, 0.6859421734795613),
[92mINFO [0m:      	              (7, 0.6929212362911267),
[92mINFO [0m:      	              (8, 0.6959122632103689),
[92mINFO [0m:      	              (9, 0.6999002991026919),
[92mINFO [0m:      	              (10, 0.6959122632103689),
[92mINFO [0m:      	              (11, 0.7068793619142573),
[92mINFO [0m:      	              (12, 0.7048853439680958),
[92mINFO [0m:      	              (13, 0.7058823529411765),
[92mINFO [0m:      	              (14, 0.7038883349950149),
[92mINFO [0m:      	              (15, 0.7228315054835494),
[92mINFO [0m:      	              (16, 0.6989032901296112),
[92mINFO [0m:      	              (17, 0.7028913260219342),
[92mINFO [0m:      	              (18, 0.715852442671984),
[92mINFO [0m:      	              (19, 0.707876370887338),
[92mINFO [0m:      	              (20, 0.7028913260219342),
[92mINFO [0m:      	              (21, 0.715852442671984),
[92mINFO [0m:      	              (22, 0.7168494516450648),
[92mINFO [0m:      	              (23, 0.7288135593220338),
[92mINFO [0m:      	              (24, 0.7258225324027916),
[92mINFO [0m:      	              (25, 0.7148554336989033),
[92mINFO [0m:      	              (26, 0.715852442671984),
[92mINFO [0m:      	              (27, 0.7168494516450648),
[92mINFO [0m:      	              (28, 0.7108673978065803),
[92mINFO [0m:      	              (29, 0.7218344965104686),
[92mINFO [0m:      	              (30, 0.7208374875373879),
[92mINFO [0m:      	              (31, 0.7198404785643071),
[92mINFO [0m:      	              (32, 0.7188434695912264),
[92mINFO [0m:      	              (33, 0.7288135593220338),
[92mINFO [0m:      	              (34, 0.7238285144566301),
[92mINFO [0m:      	              (35, 0.7148554336989033),
[92mINFO [0m:      	              (36, 0.732801595214357),
[92mINFO [0m:      	              (37, 0.7188434695912264),
[92mINFO [0m:      	              (38, 0.7218344965104686),
[92mINFO [0m:      	              (39, 0.7288135593220338),
[92mINFO [0m:      	              (40, 0.7228315054835494),
[92mINFO [0m:      	              (41, 0.7138584247258225),
[92mINFO [0m:      	              (42, 0.7188434695912264),
[92mINFO [0m:      	              (43, 0.7457627118644068),
[92mINFO [0m:      	              (44, 0.7238285144566301),
[92mINFO [0m:      	              (45, 0.7298105682951147),
[92mINFO [0m:      	              (46, 0.7258225324027916),
[92mINFO [0m:      	              (47, 0.7367896311066799),
[92mINFO [0m:      	              (48, 0.7437686939182453),
[92mINFO [0m:      	              (49, 0.7208374875373879),
[92mINFO [0m:      	              (50, 0.7278165503489531),
[92mINFO [0m:      	              (51, 0.7367896311066799),
[92mINFO [0m:      	              (52, 0.7417746759720838),
[92mINFO [0m:      	              (53, 0.7278165503489531),
[92mINFO [0m:      	              (54, 0.7308075772681955),
[92mINFO [0m:      	              (55, 0.744765702891326),
[92mINFO [0m:      	              (56, 0.7308075772681955),
[92mINFO [0m:      	              (57, 0.7367896311066799),
[92mINFO [0m:      	              (58, 0.7337986041874377),
[92mINFO [0m:      	              (59, 0.7457627118644068),
[92mINFO [0m:      	              (60, 0.7357926221335992),
[92mINFO [0m:      	              (61, 0.7457627118644068),
[92mINFO [0m:      	              (62, 0.7258225324027916),
[92mINFO [0m:      	              (63, 0.7537387836490529),
[92mINFO [0m:      	              (64, 0.7407776669990029),
[92mINFO [0m:      	              (65, 0.748753738783649),
[92mINFO [0m:      	              (66, 0.7347956131605184),
[92mINFO [0m:      	              (67, 0.7268195413758723),
[92mINFO [0m:      	              (68, 0.7507477567298105),
[92mINFO [0m:      	              (69, 0.7318045862412762),
[92mINFO [0m:      	              (70, 0.7497507477567298),
[92mINFO [0m:      	              (71, 0.7497507477567298),
[92mINFO [0m:      	              (72, 0.7397806580259222),
[92mINFO [0m:      	              (73, 0.7318045862412762),
[92mINFO [0m:      	              (74, 0.744765702891326),
[92mINFO [0m:      	              (75, 0.752741774675972),
[92mINFO [0m:      	              (76, 0.7497507477567298),
[92mINFO [0m:      	              (77, 0.7497507477567298),
[92mINFO [0m:      	              (78, 0.7417746759720838),
[92mINFO [0m:      	              (79, 0.752741774675972),
[92mINFO [0m:      	              (80, 0.7387836490528414),
[92mINFO [0m:      	              (81, 0.7208374875373879),
[92mINFO [0m:      	              (82, 0.7457627118644068),
[92mINFO [0m:      	              (83, 0.7377866400797607),
[92mINFO [0m:      	              (84, 0.7457627118644068),
[92mINFO [0m:      	              (85, 0.7517447657028913),
[92mINFO [0m:      	              (86, 0.7238285144566301),
[92mINFO [0m:      	              (87, 0.7417746759720838),
[92mINFO [0m:      	              (88, 0.7537387836490529),
[92mINFO [0m:      	              (89, 0.7367896311066799),
[92mINFO [0m:      	              (90, 0.744765702891326),
[92mINFO [0m:      	              (91, 0.7308075772681955),
[92mINFO [0m:      	              (92, 0.7467597208374875),
[92mINFO [0m:      	              (93, 0.7397806580259222),
[92mINFO [0m:      	              (94, 0.7437686939182453),
[92mINFO [0m:      	              (95, 0.7397806580259222),
[92mINFO [0m:      	              (96, 0.7417746759720838),
[92mINFO [0m:      	              (97, 0.732801595214357),
[92mINFO [0m:      	              (98, 0.7467597208374875),
[92mINFO [0m:      	              (99, 0.7278165503489531),
[92mINFO [0m:      	              (100, 0.7347956131605184)],
[92mINFO [0m:      	 'balanced_accuracy': [(0, 0.14285714285714285),
[92mINFO [0m:      	                       (1, 0.14285714285714285),
[92mINFO [0m:      	                       (2, 0.14913774749840325),
[92mINFO [0m:      	                       (3, 0.15888155560286707),
[92mINFO [0m:      	                       (4, 0.18594847775175644),
[92mINFO [0m:      	                       (5, 0.17945497125824997),
[92mINFO [0m:      	                       (6, 0.1946064864097651),
[92mINFO [0m:      	                       (7, 0.23661451530303992),
[92mINFO [0m:      	                       (8, 0.22816231176886914),
[92mINFO [0m:      	                       (9, 0.21494820347279364),
[92mINFO [0m:      	                       (10, 0.20257189273582715),
[92mINFO [0m:      	                       (11, 0.2151284987350561),
[92mINFO [0m:      	                       (12, 0.22966221490811659),
[92mINFO [0m:      	                       (13, 0.23011391208112522),
[92mINFO [0m:      	                       (14, 0.21928430453020617),
[92mINFO [0m:      	                       (15, 0.26856264397248003),
[92mINFO [0m:      	                       (16, 0.21147790328118196),
[92mINFO [0m:      	                       (17, 0.22163581507843805),
[92mINFO [0m:      	                       (18, 0.25432833301685764),
[92mINFO [0m:      	                       (19, 0.2480899251391055),
[92mINFO [0m:      	                       (20, 0.24046381915234374),
[92mINFO [0m:      	                       (21, 0.2551168370840502),
[92mINFO [0m:      	                       (22, 0.25337353534074847),
[92mINFO [0m:      	                       (23, 0.27218024922942957),
[92mINFO [0m:      	                       (24, 0.2662178465457154),
[92mINFO [0m:      	                       (25, 0.24470382667103976),
[92mINFO [0m:      	                       (26, 0.25924463957250843),
[92mINFO [0m:      	                       (27, 0.24214612739202904),
[92mINFO [0m:      	                       (28, 0.23214722067181084),
[92mINFO [0m:      	                       (29, 0.26945894159008915),
[92mINFO [0m:      	                       (30, 0.26371174240026696),
[92mINFO [0m:      	                       (31, 0.262678825910676),
[92mINFO [0m:      	                       (32, 0.2607719158070446),
[92mINFO [0m:      	                       (33, 0.26052684577274743),
[92mINFO [0m:      	                       (34, 0.2723854241418644),
[92mINFO [0m:      	                       (35, 0.2537245356917488),
[92mINFO [0m:      	                       (36, 0.2893909664401467),
[92mINFO [0m:      	                       (37, 0.25281360620939075),
[92mINFO [0m:      	                       (38, 0.26989332164976193),
[92mINFO [0m:      	                       (39, 0.3061347244017033),
[92mINFO [0m:      	                       (40, 0.27330512178287353),
[92mINFO [0m:      	                       (41, 0.2581674164812338),
[92mINFO [0m:      	                       (42, 0.2811535279919355),
[92mINFO [0m:      	                       (43, 0.3186873573290435),
[92mINFO [0m:      	                       (44, 0.2806926242523432),
[92mINFO [0m:      	                       (45, 0.29755924603699785),
[92mINFO [0m:      	                       (46, 0.2662594130978206),
[92mINFO [0m:      	                       (47, 0.3075088592652996),
[92mINFO [0m:      	                       (48, 0.3178190630181263),
[92mINFO [0m:      	                       (49, 0.27543203046715925),
[92mINFO [0m:      	                       (50, 0.2776504294068697),
[92mINFO [0m:      	                       (51, 0.3033693567651413),
[92mINFO [0m:      	                       (52, 0.32304124130822026),
[92mINFO [0m:      	                       (53, 0.2873572194415286),
[92mINFO [0m:      	                       (54, 0.32392161923777846),
[92mINFO [0m:      	                       (55, 0.33445604124761025),
[92mINFO [0m:      	                       (56, 0.3086451989262294),
[92mINFO [0m:      	                       (57, 0.2835100254304001),
[92mINFO [0m:      	                       (58, 0.32620609447307336),
[92mINFO [0m:      	                       (59, 0.3337517389039637),
[92mINFO [0m:      	                       (60, 0.3115154830611505),
[92mINFO [0m:      	                       (61, 0.3308486974763321),
[92mINFO [0m:      	                       (62, 0.29656200499291835),
[92mINFO [0m:      	                       (63, 0.3685655073242895),
[92mINFO [0m:      	                       (64, 0.3281973981037213),
[92mINFO [0m:      	                       (65, 0.3661296032490412),
[92mINFO [0m:      	                       (66, 0.31112228594664193),
[92mINFO [0m:      	                       (67, 0.310341070411328),
[92mINFO [0m:      	                       (68, 0.35414380437799636),
[92mINFO [0m:      	                       (69, 0.3159524727440418),
[92mINFO [0m:      	                       (70, 0.3340053989936894),
[92mINFO [0m:      	                       (71, 0.34716561051455663),
[92mINFO [0m:      	                       (72, 0.336315096385354),
[92mINFO [0m:      	                       (73, 0.32667409494107386),
[92mINFO [0m:      	                       (74, 0.32233195207434084),
[92mINFO [0m:      	                       (75, 0.37348646880262804),
[92mINFO [0m:      	                       (76, 0.3348992031661821),
[92mINFO [0m:      	                       (77, 0.34527960698920884),
[92mINFO [0m:      	                       (78, 0.33657230483928374),
[92mINFO [0m:      	                       (79, 0.3618612088167123),
[92mINFO [0m:      	                       (80, 0.34092010590839633),
[92mINFO [0m:      	                       (81, 0.3036100564203609),
[92mINFO [0m:      	                       (82, 0.34935600614757517),
[92mINFO [0m:      	                       (83, 0.3339096890619139),
[92mINFO [0m:      	                       (84, 0.35490559296179913),
[92mINFO [0m:      	                       (85, 0.3506713943482093),
[92mINFO [0m:      	                       (86, 0.294347154417412),
[92mINFO [0m:      	                       (87, 0.3495235875797937),
[92mINFO [0m:      	                       (88, 0.3575506176208752),
[92mINFO [0m:      	                       (89, 0.32423358758253373),
[92mINFO [0m:      	                       (90, 0.36366947713551934),
[92mINFO [0m:      	                       (91, 0.3199363678286395),
[92mINFO [0m:      	                       (92, 0.3536499104414795),
[92mINFO [0m:      	                       (93, 0.3507986970516245),
[92mINFO [0m:      	                       (94, 0.38423554945803184),
[92mINFO [0m:      	                       (95, 0.3592228972791034),
[92mINFO [0m:      	                       (96, 0.33480809651769844),
[92mINFO [0m:      	                       (97, 0.3286983002439677),
[92mINFO [0m:      	                       (98, 0.3228926895203242),
[92mINFO [0m:      	                       (99, 0.30241536740365776),
[92mINFO [0m:      	                       (100, 0.31580123570755886)],
[92mINFO [0m:      	 'f1_actinic_keratoses_an': [(0, 0.0),
[92mINFO [0m:      	                             (1, 0.0),
[92mINFO [0m:      	                             (2, 0.0),
[92mINFO [0m:      	                             (3, 0.09523809523809523),
[92mINFO [0m:      	                             (4, 0.25),
[92mINFO [0m:      	                             (5, 0.13333333333333333),
[92mINFO [0m:      	                             (6, 0.25396825396825395),
[92mINFO [0m:      	                             (7, 0.36363636363636365),
[92mINFO [0m:      	                             (8, 0.3561643835616438),
[92mINFO [0m:      	                             (9, 0.25806451612903225),
[92mINFO [0m:      	                             (10, 0.2222222222222222),
[92mINFO [0m:      	                             (11, 0.16326530612244897),
[92mINFO [0m:      	                             (12, 0.29411764705882354),
[92mINFO [0m:      	                             (13, 0.27692307692307694),
[92mINFO [0m:      	                             (14, 0.24561403508771928),
[92mINFO [0m:      	                             (15, 0.325),
[92mINFO [0m:      	                             (16, 0.25806451612903225),
[92mINFO [0m:      	                             (17, 0.3125),
[92mINFO [0m:      	                             (18, 0.3333333333333333),
[92mINFO [0m:      	                             (19, 0.32098765432098764),
[92mINFO [0m:      	                             (20, 0.33766233766233766),
[92mINFO [0m:      	                             (21, 0.34210526315789475),
[92mINFO [0m:      	                             (22, 0.34782608695652173),
[92mINFO [0m:      	                             (23, 0.3287671232876712),
[92mINFO [0m:      	                             (24, 0.3287671232876712),
[92mINFO [0m:      	                             (25, 0.31746031746031744),
[92mINFO [0m:      	                             (26, 0.3373493975903614),
[92mINFO [0m:      	                             (27, 0.2903225806451613),
[92mINFO [0m:      	                             (28, 0.3333333333333333),
[92mINFO [0m:      	                             (29, 0.34210526315789475),
[92mINFO [0m:      	                             (30, 0.35135135135135137),
[92mINFO [0m:      	                             (31, 0.35135135135135137),
[92mINFO [0m:      	                             (32, 0.3283582089552239),
[92mINFO [0m:      	                             (33, 0.35714285714285715),
[92mINFO [0m:      	                             (34, 0.3333333333333333),
[92mINFO [0m:      	                             (35, 0.3333333333333333),
[92mINFO [0m:      	                             (36, 0.35555555555555557),
[92mINFO [0m:      	                             (37, 0.27586206896551724),
[92mINFO [0m:      	                             (38, 0.3157894736842105),
[92mINFO [0m:      	                             (39, 0.3541666666666667),
[92mINFO [0m:      	                             (40, 0.3582089552238806),
[92mINFO [0m:      	                             (41, 0.3561643835616438),
[92mINFO [0m:      	                             (42, 0.4),
[92mINFO [0m:      	                             (43, 0.379746835443038),
[92mINFO [0m:      	                             (44, 0.30952380952380953),
[92mINFO [0m:      	                             (45, 0.3695652173913043),
[92mINFO [0m:      	                             (46, 0.2711864406779661),
[92mINFO [0m:      	                             (47, 0.3870967741935484),
[92mINFO [0m:      	                             (48, 0.40963855421686746),
[92mINFO [0m:      	                             (49, 0.38461538461538464),
[92mINFO [0m:      	                             (50, 0.35294117647058826),
[92mINFO [0m:      	                             (51, 0.39080459770114945),
[92mINFO [0m:      	                             (52, 0.37362637362637363),
[92mINFO [0m:      	                             (53, 0.3283582089552239),
[92mINFO [0m:      	                             (54, 0.34),
[92mINFO [0m:      	                             (55, 0.3434343434343434),
[92mINFO [0m:      	                             (56, 0.379746835443038),
[92mINFO [0m:      	                             (57, 0.2857142857142857),
[92mINFO [0m:      	                             (58, 0.3870967741935484),
[92mINFO [0m:      	                             (59, 0.4),
[92mINFO [0m:      	                             (60, 0.3611111111111111),
[92mINFO [0m:      	                             (61, 0.3783783783783784),
[92mINFO [0m:      	                             (62, 0.3466666666666667),
[92mINFO [0m:      	                             (63, 0.38636363636363635),
[92mINFO [0m:      	                             (64, 0.3902439024390244),
[92mINFO [0m:      	                             (65, 0.4090909090909091),
[92mINFO [0m:      	                             (66, 0.358974358974359),
[92mINFO [0m:      	                             (67, 0.3684210526315789),
[92mINFO [0m:      	                             (68, 0.34408602150537637),
[92mINFO [0m:      	                             (69, 0.3466666666666667),
[92mINFO [0m:      	                             (70, 0.4),
[92mINFO [0m:      	                             (71, 0.38636363636363635),
[92mINFO [0m:      	                             (72, 0.4),
[92mINFO [0m:      	                             (73, 0.3958333333333333),
[92mINFO [0m:      	                             (74, 0.4044943820224719),
[92mINFO [0m:      	                             (75, 0.38095238095238093),
[92mINFO [0m:      	                             (76, 0.36363636363636365),
[92mINFO [0m:      	                             (77, 0.3855421686746988),
[92mINFO [0m:      	                             (78, 0.4186046511627907),
[92mINFO [0m:      	                             (79, 0.3617021276595745),
[92mINFO [0m:      	                             (80, 0.41237113402061853),
[92mINFO [0m:      	                             (81, 0.41025641025641024),
[92mINFO [0m:      	                             (82, 0.41379310344827586),
[92mINFO [0m:      	                             (83, 0.367816091954023),
[92mINFO [0m:      	                             (84, 0.35185185185185186),
[92mINFO [0m:      	                             (85, 0.3333333333333333),
[92mINFO [0m:      	                             (86, 0.2898550724637681),
[92mINFO [0m:      	                             (87, 0.4222222222222222),
[92mINFO [0m:      	                             (88, 0.34285714285714286),
[92mINFO [0m:      	                             (89, 0.36585365853658536),
[92mINFO [0m:      	                             (90, 0.3655913978494624),
[92mINFO [0m:      	                             (91, 0.36363636363636365),
[92mINFO [0m:      	                             (92, 0.3838383838383838),
[92mINFO [0m:      	                             (93, 0.37606837606837606),
[92mINFO [0m:      	                             (94, 0.3434343434343434),
[92mINFO [0m:      	                             (95, 0.3511450381679389),
[92mINFO [0m:      	                             (96, 0.3902439024390244),
[92mINFO [0m:      	                             (97, 0.3392857142857143),
[92mINFO [0m:      	                             (98, 0.3188405797101449),
[92mINFO [0m:      	                             (99, 0.32),
[92mINFO [0m:      	                             (100, 0.3870967741935484)],
[92mINFO [0m:      	 'f1_basal_cell_carcinoma': [(0, 0.0),
[92mINFO [0m:      	                             (1, 0.0),
[92mINFO [0m:      	                             (2, 0.0),
[92mINFO [0m:      	                             (3, 0.0),
[92mINFO [0m:      	                             (4, 0.0),
[92mINFO [0m:      	                             (5, 0.0),
[92mINFO [0m:      	                             (6, 0.0),
[92mINFO [0m:      	                             (7, 0.0),
[92mINFO [0m:      	                             (8, 0.0),
[92mINFO [0m:      	                             (9, 0.0),
[92mINFO [0m:      	                             (10, 0.0),
[92mINFO [0m:      	                             (11, 0.0),
[92mINFO [0m:      	                             (12, 0.0),
[92mINFO [0m:      	                             (13, 0.0),
[92mINFO [0m:      	                             (14, 0.0),
[92mINFO [0m:      	                             (15, 0.0),
[92mINFO [0m:      	                             (16, 0.0),
[92mINFO [0m:      	                             (17, 0.0),
[92mINFO [0m:      	                             (18, 0.0),
[92mINFO [0m:      	                             (19, 0.0),
[92mINFO [0m:      	                             (20, 0.0),
[92mINFO [0m:      	                             (21, 0.0),
[92mINFO [0m:      	                             (22, 0.0),
[92mINFO [0m:      	                             (23, 0.0),
[92mINFO [0m:      	                             (24, 0.0),
[92mINFO [0m:      	                             (25, 0.0),
[92mINFO [0m:      	                             (26, 0.0),
[92mINFO [0m:      	                             (27, 0.0),
[92mINFO [0m:      	                             (28, 0.0),
[92mINFO [0m:      	                             (29, 0.0),
[92mINFO [0m:      	                             (30, 0.0),
[92mINFO [0m:      	                             (31, 0.0),
[92mINFO [0m:      	                             (32, 0.0),
[92mINFO [0m:      	                             (33, 0.0),
[92mINFO [0m:      	                             (34, 0.0),
[92mINFO [0m:      	                             (35, 0.0),
[92mINFO [0m:      	                             (36, 0.0),
[92mINFO [0m:      	                             (37, 0.0),
[92mINFO [0m:      	                             (38, 0.0),
[92mINFO [0m:      	                             (39, 0.0),
[92mINFO [0m:      	                             (40, 0.0),
[92mINFO [0m:      	                             (41, 0.0),
[92mINFO [0m:      	                             (42, 0.0),
[92mINFO [0m:      	                             (43, 0.0),
[92mINFO [0m:      	                             (44, 0.0),
[92mINFO [0m:      	                             (45, 0.0),
[92mINFO [0m:      	                             (46, 0.0),
[92mINFO [0m:      	                             (47, 0.0),
[92mINFO [0m:      	                             (48, 0.0),
[92mINFO [0m:      	                             (49, 0.0),
[92mINFO [0m:      	                             (50, 0.0),
[92mINFO [0m:      	                             (51, 0.0),
[92mINFO [0m:      	                             (52, 0.0),
[92mINFO [0m:      	                             (53, 0.0),
[92mINFO [0m:      	                             (54, 0.0),
[92mINFO [0m:      	                             (55, 0.0),
[92mINFO [0m:      	                             (56, 0.0),
[92mINFO [0m:      	                             (57, 0.0),
[92mINFO [0m:      	                             (58, 0.0),
[92mINFO [0m:      	                             (59, 0.0),
[92mINFO [0m:      	                             (60, 0.0),
[92mINFO [0m:      	                             (61, 0.0),
[92mINFO [0m:      	                             (62, 0.0),
[92mINFO [0m:      	                             (63, 0.0),
[92mINFO [0m:      	                             (64, 0.0),
[92mINFO [0m:      	                             (65, 0.0),
[92mINFO [0m:      	                             (66, 0.0),
[92mINFO [0m:      	                             (67, 0.0),
[92mINFO [0m:      	                             (68, 0.0),
[92mINFO [0m:      	                             (69, 0.0),
[92mINFO [0m:      	                             (70, 0.0),
[92mINFO [0m:      	                             (71, 0.0),
[92mINFO [0m:      	                             (72, 0.0),
[92mINFO [0m:      	                             (73, 0.0),
[92mINFO [0m:      	                             (74, 0.0),
[92mINFO [0m:      	                             (75, 0.037037037037037035),
[92mINFO [0m:      	                             (76, 0.0),
[92mINFO [0m:      	                             (77, 0.0),
[92mINFO [0m:      	                             (78, 0.0),
[92mINFO [0m:      	                             (79, 0.0),
[92mINFO [0m:      	                             (80, 0.0),
[92mINFO [0m:      	                             (81, 0.0),
[92mINFO [0m:      	                             (82, 0.0),
[92mINFO [0m:      	                             (83, 0.0),
[92mINFO [0m:      	                             (84, 0.0),
[92mINFO [0m:      	                             (85, 0.0),
[92mINFO [0m:      	                             (86, 0.0),
[92mINFO [0m:      	                             (87, 0.0),
[92mINFO [0m:      	                             (88, 0.0),
[92mINFO [0m:      	                             (89, 0.0),
[92mINFO [0m:      	                             (90, 0.0),
[92mINFO [0m:      	                             (91, 0.0),
[92mINFO [0m:      	                             (92, 0.0),
[92mINFO [0m:      	                             (93, 0.0),
[92mINFO [0m:      	                             (94, 0.0),
[92mINFO [0m:      	                             (95, 0.0),
[92mINFO [0m:      	                             (96, 0.0),
[92mINFO [0m:      	                             (97, 0.07272727272727272),
[92mINFO [0m:      	                             (98, 0.0),
[92mINFO [0m:      	                             (99, 0.0),
[92mINFO [0m:      	                             (100, 0.0)],
[92mINFO [0m:      	 'f1_benign_keratosis-lik': [(0, 0.0),
[92mINFO [0m:      	                             (1, 0.0),
[92mINFO [0m:      	                             (2, 0.08333333333333333),
[92mINFO [0m:      	                             (3, 0.08888888888888889),
[92mINFO [0m:      	                             (4, 0.18543046357615894),
[92mINFO [0m:      	                             (5, 0.2331288343558282),
[92mINFO [0m:      	                             (6, 0.18666666666666668),
[92mINFO [0m:      	                             (7, 0.25316455696202533),
[92mINFO [0m:      	                             (8, 0.2787878787878788),
[92mINFO [0m:      	                             (9, 0.3372093023255814),
[92mINFO [0m:      	                             (10, 0.2822085889570552),
[92mINFO [0m:      	                             (11, 0.4020618556701031),
[92mINFO [0m:      	                             (12, 0.3707865168539326),
[92mINFO [0m:      	                             (13, 0.4),
[92mINFO [0m:      	                             (14, 0.39344262295081966),
[92mINFO [0m:      	                             (15, 0.4630541871921182),
[92mINFO [0m:      	                             (16, 0.32298136645962733),
[92mINFO [0m:      	                             (17, 0.33986928104575165),
[92mINFO [0m:      	                             (18, 0.43349753694581283),
[92mINFO [0m:      	                             (19, 0.40625),
[92mINFO [0m:      	                             (20, 0.3473053892215569),
[92mINFO [0m:      	                             (21, 0.4117647058823529),
[92mINFO [0m:      	                             (22, 0.42105263157894735),
[92mINFO [0m:      	                             (23, 0.4824120603015075),
[92mINFO [0m:      	                             (24, 0.49760765550239233),
[92mINFO [0m:      	                             (25, 0.3954802259887006),
[92mINFO [0m:      	                             (26, 0.4235294117647059),
[92mINFO [0m:      	                             (27, 0.449438202247191),
[92mINFO [0m:      	                             (28, 0.3625),
[92mINFO [0m:      	                             (29, 0.5),
[92mINFO [0m:      	                             (30, 0.4044943820224719),
[92mINFO [0m:      	                             (31, 0.38461538461538464),
[92mINFO [0m:      	                             (32, 0.4198895027624309),
[92mINFO [0m:      	                             (33, 0.38509316770186336),
[92mINFO [0m:      	                             (34, 0.42045454545454547),
[92mINFO [0m:      	                             (35, 0.33766233766233766),
[92mINFO [0m:      	                             (36, 0.4482758620689655),
[92mINFO [0m:      	                             (37, 0.467005076142132),
[92mINFO [0m:      	                             (38, 0.47058823529411764),
[92mINFO [0m:      	                             (39, 0.4121212121212121),
[92mINFO [0m:      	                             (40, 0.44919786096256686),
[92mINFO [0m:      	                             (41, 0.36024844720496896),
[92mINFO [0m:      	                             (42, 0.2916666666666667),
[92mINFO [0m:      	                             (43, 0.5454545454545454),
[92mINFO [0m:      	                             (44, 0.36363636363636365),
[92mINFO [0m:      	                             (45, 0.4891304347826087),
[92mINFO [0m:      	                             (46, 0.5225225225225225),
[92mINFO [0m:      	                             (47, 0.5051546391752577),
[92mINFO [0m:      	                             (48, 0.5096153846153846),
[92mINFO [0m:      	                             (49, 0.3780487804878049),
[92mINFO [0m:      	                             (50, 0.47474747474747475),
[92mINFO [0m:      	                             (51, 0.5053763440860215),
[92mINFO [0m:      	                             (52, 0.5077720207253886),
[92mINFO [0m:      	                             (53, 0.41916167664670656),
[92mINFO [0m:      	                             (54, 0.5077720207253886),
[92mINFO [0m:      	                             (55, 0.5098039215686274),
[92mINFO [0m:      	                             (56, 0.44171779141104295),
[92mINFO [0m:      	                             (57, 0.48205128205128206),
[92mINFO [0m:      	                             (58, 0.4),
[92mINFO [0m:      	                             (59, 0.5263157894736842),
[92mINFO [0m:      	                             (60, 0.46511627906976744),
[92mINFO [0m:      	                             (61, 0.5588235294117647),
[92mINFO [0m:      	                             (62, 0.3954802259887006),
[92mINFO [0m:      	                             (63, 0.5529953917050692),
[92mINFO [0m:      	                             (64, 0.4808743169398907),
[92mINFO [0m:      	                             (65, 0.5181347150259067),
[92mINFO [0m:      	                             (66, 0.4678362573099415),
[92mINFO [0m:      	                             (67, 0.3576158940397351),
[92mINFO [0m:      	                             (68, 0.5607476635514018),
[92mINFO [0m:      	                             (69, 0.4177215189873418),
[92mINFO [0m:      	                             (70, 0.5314009661835749),
[92mINFO [0m:      	                             (71, 0.518918918918919),
[92mINFO [0m:      	                             (72, 0.4378698224852071),
[92mINFO [0m:      	                             (73, 0.41025641025641024),
[92mINFO [0m:      	                             (74, 0.47953216374269003),
[92mINFO [0m:      	                             (75, 0.5463917525773195),
[92mINFO [0m:      	                             (76, 0.5238095238095238),
[92mINFO [0m:      	                             (77, 0.5314009661835749),
[92mINFO [0m:      	                             (78, 0.4662576687116564),
[92mINFO [0m:      	                             (79, 0.5410628019323671),
[92mINFO [0m:      	                             (80, 0.44171779141104295),
[92mINFO [0m:      	                             (81, 0.3262411347517731),
[92mINFO [0m:      	                             (82, 0.49740932642487046),
[92mINFO [0m:      	                             (83, 0.44171779141104295),
[92mINFO [0m:      	                             (84, 0.5368421052631579),
[92mINFO [0m:      	                             (85, 0.5714285714285714),
[92mINFO [0m:      	                             (86, 0.3870967741935484),
[92mINFO [0m:      	                             (87, 0.3875),
[92mINFO [0m:      	                             (88, 0.5473684210526316),
[92mINFO [0m:      	                             (89, 0.4393063583815029),
[92mINFO [0m:      	                             (90, 0.5120772946859904),
[92mINFO [0m:      	                             (91, 0.49710982658959535),
[92mINFO [0m:      	                             (92, 0.47619047619047616),
[92mINFO [0m:      	                             (93, 0.4727272727272727),
[92mINFO [0m:      	                             (94, 0.5302325581395348),
[92mINFO [0m:      	                             (95, 0.4878048780487805),
[92mINFO [0m:      	                             (96, 0.4624277456647399),
[92mINFO [0m:      	                             (97, 0.36942675159235666),
[92mINFO [0m:      	                             (98, 0.5222222222222223),
[92mINFO [0m:      	                             (99, 0.41916167664670656),
[92mINFO [0m:      	                             (100, 0.4025157232704403)],
[92mINFO [0m:      	 'f1_dermatofibroma': [(0, 0.0),
[92mINFO [0m:      	                       (1, 0.0),
[92mINFO [0m:      	                       (2, 0.0),
[92mINFO [0m:      	                       (3, 0.0),
[92mINFO [0m:      	                       (4, 0.0),
[92mINFO [0m:      	                       (5, 0.0),
[92mINFO [0m:      	                       (6, 0.0),
[92mINFO [0m:      	                       (7, 0.0),
[92mINFO [0m:      	                       (8, 0.0),
[92mINFO [0m:      	                       (9, 0.0),
[92mINFO [0m:      	                       (10, 0.0),
[92mINFO [0m:      	                       (11, 0.0),
[92mINFO [0m:      	                       (12, 0.0),
[92mINFO [0m:      	                       (13, 0.0),
[92mINFO [0m:      	                       (14, 0.0),
[92mINFO [0m:      	                       (15, 0.0),
[92mINFO [0m:      	                       (16, 0.0),
[92mINFO [0m:      	                       (17, 0.0),
[92mINFO [0m:      	                       (18, 0.0),
[92mINFO [0m:      	                       (19, 0.0),
[92mINFO [0m:      	                       (20, 0.0),
[92mINFO [0m:      	                       (21, 0.0),
[92mINFO [0m:      	                       (22, 0.0),
[92mINFO [0m:      	                       (23, 0.0),
[92mINFO [0m:      	                       (24, 0.0),
[92mINFO [0m:      	                       (25, 0.0),
[92mINFO [0m:      	                       (26, 0.0),
[92mINFO [0m:      	                       (27, 0.0),
[92mINFO [0m:      	                       (28, 0.0),
[92mINFO [0m:      	                       (29, 0.0),
[92mINFO [0m:      	                       (30, 0.0),
[92mINFO [0m:      	                       (31, 0.0),
[92mINFO [0m:      	                       (32, 0.0),
[92mINFO [0m:      	                       (33, 0.0),
[92mINFO [0m:      	                       (34, 0.0),
[92mINFO [0m:      	                       (35, 0.0),
[92mINFO [0m:      	                       (36, 0.0),
[92mINFO [0m:      	                       (37, 0.0),
[92mINFO [0m:      	                       (38, 0.0),
[92mINFO [0m:      	                       (39, 0.0),
[92mINFO [0m:      	                       (40, 0.0),
[92mINFO [0m:      	                       (41, 0.0),
[92mINFO [0m:      	                       (42, 0.0),
[92mINFO [0m:      	                       (43, 0.0),
[92mINFO [0m:      	                       (44, 0.0),
[92mINFO [0m:      	                       (45, 0.0),
[92mINFO [0m:      	                       (46, 0.0),
[92mINFO [0m:      	                       (47, 0.0),
[92mINFO [0m:      	                       (48, 0.0),
[92mINFO [0m:      	                       (49, 0.0),
[92mINFO [0m:      	                       (50, 0.0),
[92mINFO [0m:      	                       (51, 0.0),
[92mINFO [0m:      	                       (52, 0.0),
[92mINFO [0m:      	                       (53, 0.0),
[92mINFO [0m:      	                       (54, 0.0),
[92mINFO [0m:      	                       (55, 0.0),
[92mINFO [0m:      	                       (56, 0.15384615384615385),
[92mINFO [0m:      	                       (57, 0.0),
[92mINFO [0m:      	                       (58, 0.15384615384615385),
[92mINFO [0m:      	                       (59, 0.0),
[92mINFO [0m:      	                       (60, 0.15384615384615385),
[92mINFO [0m:      	                       (61, 0.15384615384615385),
[92mINFO [0m:      	                       (62, 0.0),
[92mINFO [0m:      	                       (63, 0.15384615384615385),
[92mINFO [0m:      	                       (64, 0.15384615384615385),
[92mINFO [0m:      	                       (65, 0.15384615384615385),
[92mINFO [0m:      	                       (66, 0.14285714285714285),
[92mINFO [0m:      	                       (67, 0.15384615384615385),
[92mINFO [0m:      	                       (68, 0.15384615384615385),
[92mINFO [0m:      	                       (69, 0.15384615384615385),
[92mINFO [0m:      	                       (70, 0.15384615384615385),
[92mINFO [0m:      	                       (71, 0.15384615384615385),
[92mINFO [0m:      	                       (72, 0.15384615384615385),
[92mINFO [0m:      	                       (73, 0.14285714285714285),
[92mINFO [0m:      	                       (74, 0.0),
[92mINFO [0m:      	                       (75, 0.15384615384615385),
[92mINFO [0m:      	                       (76, 0.13333333333333333),
[92mINFO [0m:      	                       (77, 0.13333333333333333),
[92mINFO [0m:      	                       (78, 0.13333333333333333),
[92mINFO [0m:      	                       (79, 0.125),
[92mINFO [0m:      	                       (80, 0.14285714285714285),
[92mINFO [0m:      	                       (81, 0.1111111111111111),
[92mINFO [0m:      	                       (82, 0.14285714285714285),
[92mINFO [0m:      	                       (83, 0.14285714285714285),
[92mINFO [0m:      	                       (84, 0.11764705882352941),
[92mINFO [0m:      	                       (85, 0.14285714285714285),
[92mINFO [0m:      	                       (86, 0.15384615384615385),
[92mINFO [0m:      	                       (87, 0.14285714285714285),
[92mINFO [0m:      	                       (88, 0.13333333333333333),
[92mINFO [0m:      	                       (89, 0.125),
[92mINFO [0m:      	                       (90, 0.13333333333333333),
[92mINFO [0m:      	                       (91, 0.11764705882352941),
[92mINFO [0m:      	                       (92, 0.15384615384615385),
[92mINFO [0m:      	                       (93, 0.14285714285714285),
[92mINFO [0m:      	                       (94, 0.14285714285714285),
[92mINFO [0m:      	                       (95, 0.15384615384615385),
[92mINFO [0m:      	                       (96, 0.14285714285714285),
[92mINFO [0m:      	                       (97, 0.11764705882352941),
[92mINFO [0m:      	                       (98, 0.13333333333333333),
[92mINFO [0m:      	                       (99, 0.14285714285714285),
[92mINFO [0m:      	                       (100, 0.0)],
[92mINFO [0m:      	 'f1_melanocytic_nevi': [(0, 0.0),
[92mINFO [0m:      	                         (1, 0.8016726403823178),
[92mINFO [0m:      	                         (2, 0.8052884615384616),
[92mINFO [0m:      	                         (3, 0.8158536585365853),
[92mINFO [0m:      	                         (4, 0.823238566131026),
[92mINFO [0m:      	                         (5, 0.8278433809819764),
[92mINFO [0m:      	                         (6, 0.830423940149626),
[92mINFO [0m:      	                         (7, 0.8382165605095542),
[92mINFO [0m:      	                         (8, 0.8377693282636248),
[92mINFO [0m:      	                         (9, 0.8394437420986094),
[92mINFO [0m:      	                         (10, 0.8333333333333334),
[92mINFO [0m:      	                         (11, 0.8425748884639898),
[92mINFO [0m:      	                         (12, 0.8438495857233907),
[92mINFO [0m:      	                         (13, 0.8456117873158232),
[92mINFO [0m:      	                         (14, 0.8401015228426396),
[92mINFO [0m:      	                         (15, 0.8614576493762311),
[92mINFO [0m:      	                         (16, 0.8361581920903954),
[92mINFO [0m:      	                         (17, 0.8347934918648311),
[92mINFO [0m:      	                         (18, 0.8562134027325959),
[92mINFO [0m:      	                         (19, 0.8515878159429683),
[92mINFO [0m:      	                         (20, 0.8403575989782887),
[92mINFO [0m:      	                         (21, 0.846696600384862),
[92mINFO [0m:      	                         (22, 0.8445297504798465),
[92mINFO [0m:      	                         (23, 0.8599476439790575),
[92mINFO [0m:      	                         (24, 0.8614379084967321),
[92mINFO [0m:      	                         (25, 0.8461538461538461),
[92mINFO [0m:      	                         (26, 0.8486799742433999),
[92mINFO [0m:      	                         (27, 0.8443877551020408),
[92mINFO [0m:      	                         (28, 0.836272040302267),
[92mINFO [0m:      	                         (29, 0.8532289628180039),
[92mINFO [0m:      	                         (30, 0.8517799352750809),
[92mINFO [0m:      	                         (31, 0.8473282442748091),
[92mINFO [0m:      	                         (32, 0.85016077170418),
[92mINFO [0m:      	                         (33, 0.8476312419974392),
[92mINFO [0m:      	                         (34, 0.8530744336569579),
[92mINFO [0m:      	                         (35, 0.8461538461538461),
[92mINFO [0m:      	                         (36, 0.8633377135348226),
[92mINFO [0m:      	                         (37, 0.849967804249839),
[92mINFO [0m:      	                         (38, 0.8536269430051814),
[92mINFO [0m:      	                         (39, 0.8608923884514436),
[92mINFO [0m:      	                         (40, 0.8521400778210116),
[92mINFO [0m:      	                         (41, 0.8445859872611465),
[92mINFO [0m:      	                         (42, 0.848093083387201),
[92mINFO [0m:      	                         (43, 0.8761776581426649),
[92mINFO [0m:      	                         (44, 0.8549019607843137),
[92mINFO [0m:      	                         (45, 0.8622047244094488),
[92mINFO [0m:      	                         (46, 0.8586387434554974),
[92mINFO [0m:      	                         (47, 0.8728476821192053),
[92mINFO [0m:      	                         (48, 0.8739159439626417),
[92mINFO [0m:      	                         (49, 0.8529032258064516),
[92mINFO [0m:      	                         (50, 0.8580729166666666),
[92mINFO [0m:      	                         (51, 0.8644400785854617),
[92mINFO [0m:      	                         (52, 0.875250166777852),
[92mINFO [0m:      	                         (53, 0.8546895640686922),
[92mINFO [0m:      	                         (54, 0.8681541582150102),
[92mINFO [0m:      	                         (55, 0.8847989093387867),
[92mINFO [0m:      	                         (56, 0.8562048588312541),
[92mINFO [0m:      	                         (57, 0.8614775725593667),
[92mINFO [0m:      	                         (58, 0.8648648648648649),
[92mINFO [0m:      	                         (59, 0.869215291750503),
[92mINFO [0m:      	                         (60, 0.8578878748370273),
[92mINFO [0m:      	                         (61, 0.8681245858184228),
[92mINFO [0m:      	                         (62, 0.8603573792190602),
[92mINFO [0m:      	                         (63, 0.8836565096952909),
[92mINFO [0m:      	                         (64, 0.8678996036988111),
[92mINFO [0m:      	                         (65, 0.8743994509265615),
[92mINFO [0m:      	                         (66, 0.8588158750813273),
[92mINFO [0m:      	                         (67, 0.8526522593320236),
[92mINFO [0m:      	                         (68, 0.8829568788501027),
[92mINFO [0m:      	                         (69, 0.8567656765676568),
[92mINFO [0m:      	                         (70, 0.871419053964024),
[92mINFO [0m:      	                         (71, 0.8735785953177257),
[92mINFO [0m:      	                         (72, 0.8668442077230359),
[92mINFO [0m:      	                         (73, 0.8648648648648649),
[92mINFO [0m:      	                         (74, 0.871222076215506),
[92mINFO [0m:      	                         (75, 0.8861283643892339),
[92mINFO [0m:      	                         (76, 0.8775919732441472),
[92mINFO [0m:      	                         (77, 0.8798920377867746),
[92mINFO [0m:      	                         (78, 0.8671513549239921),
[92mINFO [0m:      	                         (79, 0.8893499308437067),
[92mINFO [0m:      	                         (80, 0.871419053964024),
[92mINFO [0m:      	                         (81, 0.8485623003194889),
[92mINFO [0m:      	                         (82, 0.8758434547908233),
[92mINFO [0m:      	                         (83, 0.8703828072531901),
[92mINFO [0m:      	                         (84, 0.8833445718138908),
[92mINFO [0m:      	                         (85, 0.8835286009648519),
[92mINFO [0m:      	                         (86, 0.8565789473684211),
[92mINFO [0m:      	                         (87, 0.8733333333333333),
[92mINFO [0m:      	                         (88, 0.8875255623721882),
[92mINFO [0m:      	                         (89, 0.8712474983322215),
[92mINFO [0m:      	                         (90, 0.877914951989026),
[92mINFO [0m:      	                         (91, 0.8612377850162867),
[92mINFO [0m:      	                         (92, 0.8805970149253731),
[92mINFO [0m:      	                         (93, 0.8747514910536779),
[92mINFO [0m:      	                         (94, 0.8826423049894588),
[92mINFO [0m:      	                         (95, 0.8774279973208305),
[92mINFO [0m:      	                         (96, 0.8699132755170114),
[92mINFO [0m:      	                         (97, 0.8755821689953427),
[92mINFO [0m:      	                         (98, 0.8710106382978723),
[92mINFO [0m:      	                         (99, 0.8616600790513834),
[92mINFO [0m:      	                         (100, 0.8678996036988111)],
[92mINFO [0m:      	 'f1_melanoma': [(0, 0.0),
[92mINFO [0m:      	                 (1, 0.0),
[92mINFO [0m:      	                 (2, 0.0),
[92mINFO [0m:      	                 (3, 0.0),
[92mINFO [0m:      	                 (4, 0.0),
[92mINFO [0m:      	                 (5, 0.0),
[92mINFO [0m:      	                 (6, 0.0),
[92mINFO [0m:      	                 (7, 0.017857142857142856),
[92mINFO [0m:      	                 (8, 0.017857142857142856),
[92mINFO [0m:      	                 (9, 0.017857142857142856),
[92mINFO [0m:      	                 (10, 0.06956521739130435),
[92mINFO [0m:      	                 (11, 0.08620689655172414),
[92mINFO [0m:      	                 (12, 0.035398230088495575),
[92mINFO [0m:      	                 (13, 0.017857142857142856),
[92mINFO [0m:      	                 (14, 0.017857142857142856),
[92mINFO [0m:      	                 (15, 0.14754098360655737),
[92mINFO [0m:      	                 (16, 0.017857142857142856),
[92mINFO [0m:      	                 (17, 0.035398230088495575),
[92mINFO [0m:      	                 (18, 0.06896551724137931),
[92mINFO [0m:      	                 (19, 0.017857142857142856),
[92mINFO [0m:      	                 (20, 0.0847457627118644),
[92mINFO [0m:      	                 (21, 0.16260162601626016),
[92mINFO [0m:      	                 (22, 0.176),
[92mINFO [0m:      	                 (23, 0.21875),
[92mINFO [0m:      	                 (24, 0.08620689655172414),
[92mINFO [0m:      	                 (25, 0.1875),
[92mINFO [0m:      	                 (26, 0.14754098360655737),
[92mINFO [0m:      	                 (27, 0.13333333333333333),
[92mINFO [0m:      	                 (28, 0.1746031746031746),
[92mINFO [0m:      	                 (29, 0.11764705882352941),
[92mINFO [0m:      	                 (30, 0.24427480916030533),
[92mINFO [0m:      	                 (31, 0.192),
[92mINFO [0m:      	                 (32, 0.16129032258064516),
[92mINFO [0m:      	                 (33, 0.37583892617449666),
[92mINFO [0m:      	                 (34, 0.2537313432835821),
[92mINFO [0m:      	                 (35, 0.2647058823529412),
[92mINFO [0m:      	                 (36, 0.323943661971831),
[92mINFO [0m:      	                 (37, 0.10084033613445378),
[92mINFO [0m:      	                 (38, 0.13333333333333333),
[92mINFO [0m:      	                 (39, 0.3120567375886525),
[92mINFO [0m:      	                 (40, 0.1984732824427481),
[92mINFO [0m:      	                 (41, 0.16260162601626016),
[92mINFO [0m:      	                 (42, 0.34615384615384615),
[92mINFO [0m:      	                 (43, 0.29577464788732394),
[92mINFO [0m:      	                 (44, 0.37735849056603776),
[92mINFO [0m:      	                 (45, 0.1889763779527559),
[92mINFO [0m:      	                 (46, 0.0847457627118644),
[92mINFO [0m:      	                 (47, 0.18461538461538463),
[92mINFO [0m:      	                 (48, 0.291970802919708),
[92mINFO [0m:      	                 (49, 0.2222222222222222),
[92mINFO [0m:      	                 (50, 0.176),
[92mINFO [0m:      	                 (51, 0.2204724409448819),
[92mINFO [0m:      	                 (52, 0.27972027972027974),
[92mINFO [0m:      	                 (53, 0.4022346368715084),
[92mINFO [0m:      	                 (54, 0.2987012987012987),
[92mINFO [0m:      	                 (55, 0.34615384615384615),
[92mINFO [0m:      	                 (56, 0.34782608695652173),
[92mINFO [0m:      	                 (57, 0.375),
[92mINFO [0m:      	                 (58, 0.34838709677419355),
[92mINFO [0m:      	                 (59, 0.3878787878787879),
[92mINFO [0m:      	                 (60, 0.32653061224489793),
[92mINFO [0m:      	                 (61, 0.2753623188405797),
[92mINFO [0m:      	                 (62, 0.34355828220858897),
[92mINFO [0m:      	                 (63, 0.4318181818181818),
[92mINFO [0m:      	                 (64, 0.3150684931506849),
[92mINFO [0m:      	                 (65, 0.45989304812834225),
[92mINFO [0m:      	                 (66, 0.2898550724637681),
[92mINFO [0m:      	                 (67, 0.4),
[92mINFO [0m:      	                 (68, 0.36942675159235666),
[92mINFO [0m:      	                 (69, 0.4067796610169492),
[92mINFO [0m:      	                 (70, 0.35526315789473684),
[92mINFO [0m:      	                 (71, 0.39490445859872614),
[92mINFO [0m:      	                 (72, 0.40236686390532544),
[92mINFO [0m:      	                 (73, 0.3096774193548387),
[92mINFO [0m:      	                 (74, 0.32167832167832167),
[92mINFO [0m:      	                 (75, 0.4114285714285714),
[92mINFO [0m:      	                 (76, 0.3404255319148936),
[92mINFO [0m:      	                 (77, 0.3443708609271523),
[92mINFO [0m:      	                 (78, 0.36024844720496896),
[92mINFO [0m:      	                 (79, 0.4114285714285714),
[92mINFO [0m:      	                 (80, 0.34355828220858897),
[92mINFO [0m:      	                 (81, 0.23880597014925373),
[92mINFO [0m:      	                 (82, 0.37037037037037035),
[92mINFO [0m:      	                 (83, 0.4),
[92mINFO [0m:      	                 (84, 0.2773722627737226),
[92mINFO [0m:      	                 (85, 0.3803680981595092),
[92mINFO [0m:      	                 (86, 0.35555555555555557),
[92mINFO [0m:      	                 (87, 0.4046242774566474),
[92mINFO [0m:      	                 (88, 0.4),
[92mINFO [0m:      	                 (89, 0.3592814371257485),
[92mINFO [0m:      	                 (90, 0.4074074074074074),
[92mINFO [0m:      	                 (91, 0.14634146341463414),
[92mINFO [0m:      	                 (92, 0.4049079754601227),
[92mINFO [0m:      	                 (93, 0.25757575757575757),
[92mINFO [0m:      	                 (94, 0.4262295081967213),
[92mINFO [0m:      	                 (95, 0.29411764705882354),
[92mINFO [0m:      	                 (96, 0.38823529411764707),
[92mINFO [0m:      	                 (97, 0.3287671232876712),
[92mINFO [0m:      	                 (98, 0.38823529411764707),
[92mINFO [0m:      	                 (99, 0.32098765432098764),
[92mINFO [0m:      	                 (100, 0.35443037974683544)],
[92mINFO [0m:      	 'f1_vascular_lesions': [(0, 0.02753195673549656),
[92mINFO [0m:      	                         (1, 0.0),
[92mINFO [0m:      	                         (2, 0.0),
[92mINFO [0m:      	                         (3, 0.0),
[92mINFO [0m:      	                         (4, 0.0),
[92mINFO [0m:      	                         (5, 0.0),
[92mINFO [0m:      	                         (6, 0.0),
[92mINFO [0m:      	                         (7, 0.0),
[92mINFO [0m:      	                         (8, 0.0),
[92mINFO [0m:      	                         (9, 0.0),
[92mINFO [0m:      	                         (10, 0.0),
[92mINFO [0m:      	                         (11, 0.0),
[92mINFO [0m:      	                         (12, 0.0),
[92mINFO [0m:      	                         (13, 0.0),
[92mINFO [0m:      	                         (14, 0.0),
[92mINFO [0m:      	                         (15, 0.0),
[92mINFO [0m:      	                         (16, 0.0),
[92mINFO [0m:      	                         (17, 0.0),
[92mINFO [0m:      	                         (18, 0.0),
[92mINFO [0m:      	                         (19, 0.0),
[92mINFO [0m:      	                         (20, 0.0),
[92mINFO [0m:      	                         (21, 0.0),
[92mINFO [0m:      	                         (22, 0.0),
[92mINFO [0m:      	                         (23, 0.0),
[92mINFO [0m:      	                         (24, 0.0),
[92mINFO [0m:      	                         (25, 0.0),
[92mINFO [0m:      	                         (26, 0.0),
[92mINFO [0m:      	                         (27, 0.0),
[92mINFO [0m:      	                         (28, 0.0),
[92mINFO [0m:      	                         (29, 0.0),
[92mINFO [0m:      	                         (30, 0.0),
[92mINFO [0m:      	                         (31, 0.13333333333333333),
[92mINFO [0m:      	                         (32, 0.13333333333333333),
[92mINFO [0m:      	                         (33, 0.0),
[92mINFO [0m:      	                         (34, 0.13333333333333333),
[92mINFO [0m:      	                         (35, 0.0),
[92mINFO [0m:      	                         (36, 0.0),
[92mINFO [0m:      	                         (37, 0.13333333333333333),
[92mINFO [0m:      	                         (38, 0.13333333333333333),
[92mINFO [0m:      	                         (39, 0.25),
[92mINFO [0m:      	                         (40, 0.13333333333333333),
[92mINFO [0m:      	                         (41, 0.13333333333333333),
[92mINFO [0m:      	                         (42, 0.13333333333333333),
[92mINFO [0m:      	                         (43, 0.13333333333333333),
[92mINFO [0m:      	                         (44, 0.13333333333333333),
[92mINFO [0m:      	                         (45, 0.13333333333333333),
[92mINFO [0m:      	                         (46, 0.13333333333333333),
[92mINFO [0m:      	                         (47, 0.13333333333333333),
[92mINFO [0m:      	                         (48, 0.13333333333333333),
[92mINFO [0m:      	                         (49, 0.13333333333333333),
[92mINFO [0m:      	                         (50, 0.13333333333333333),
[92mINFO [0m:      	                         (51, 0.13333333333333333),
[92mINFO [0m:      	                         (52, 0.25),
[92mINFO [0m:      	                         (53, 0.13333333333333333),
[92mINFO [0m:      	                         (54, 0.25),
[92mINFO [0m:      	                         (55, 0.25),
[92mINFO [0m:      	                         (56, 0.13333333333333333),
[92mINFO [0m:      	                         (57, 0.13333333333333333),
[92mINFO [0m:      	                         (58, 0.25),
[92mINFO [0m:      	                         (59, 0.25),
[92mINFO [0m:      	                         (60, 0.25),
[92mINFO [0m:      	                         (61, 0.25),
[92mINFO [0m:      	                         (62, 0.25),
[92mINFO [0m:      	                         (63, 0.25),
[92mINFO [0m:      	                         (64, 0.25),
[92mINFO [0m:      	                         (65, 0.25),
[92mINFO [0m:      	                         (66, 0.25),
[92mINFO [0m:      	                         (67, 0.25),
[92mINFO [0m:      	                         (68, 0.25),
[92mINFO [0m:      	                         (69, 0.25),
[92mINFO [0m:      	                         (70, 0.25),
[92mINFO [0m:      	                         (71, 0.25),
[92mINFO [0m:      	                         (72, 0.25),
[92mINFO [0m:      	                         (73, 0.25),
[92mINFO [0m:      	                         (74, 0.25),
[92mINFO [0m:      	                         (75, 0.25),
[92mINFO [0m:      	                         (76, 0.25),
[92mINFO [0m:      	                         (77, 0.25),
[92mINFO [0m:      	                         (78, 0.25),
[92mINFO [0m:      	                         (79, 0.25),
[92mINFO [0m:      	                         (80, 0.25),
[92mINFO [0m:      	                         (81, 0.35294117647058826),
[92mINFO [0m:      	                         (82, 0.25),
[92mINFO [0m:      	                         (83, 0.25),
[92mINFO [0m:      	                         (84, 0.3333333333333333),
[92mINFO [0m:      	                         (85, 0.25),
[92mINFO [0m:      	                         (86, 0.25),
[92mINFO [0m:      	                         (87, 0.35294117647058826),
[92mINFO [0m:      	                         (88, 0.25),
[92mINFO [0m:      	                         (89, 0.25),
[92mINFO [0m:      	                         (90, 0.3157894736842105),
[92mINFO [0m:      	                         (91, 0.35294117647058826),
[92mINFO [0m:      	                         (92, 0.25),
[92mINFO [0m:      	                         (93, 0.35294117647058826),
[92mINFO [0m:      	                         (94, 0.4),
[92mINFO [0m:      	                         (95, 0.35294117647058826),
[92mINFO [0m:      	                         (96, 0.25),
[92mINFO [0m:      	                         (97, 0.25),
[92mINFO [0m:      	                         (98, 0.25),
[92mINFO [0m:      	                         (99, 0.25),
[92mINFO [0m:      	                         (100, 0.25)],
[92mINFO [0m:      	 'macro_f1': [(0, 0.003933136676499509),
[92mINFO [0m:      	              (1, 0.11452466291175968),
[92mINFO [0m:      	              (2, 0.12694597069597072),
[92mINFO [0m:      	              (3, 0.14285437752336708),
[92mINFO [0m:      	              (4, 0.1798098613867407),
[92mINFO [0m:      	              (5, 0.17061507838159112),
[92mINFO [0m:      	              (6, 0.18157983725493523),
[92mINFO [0m:      	              (7, 0.21041066056644087),
[92mINFO [0m:      	              (8, 0.21293981906718434),
[92mINFO [0m:      	              (9, 0.20751067191576653),
[92mINFO [0m:      	              (10, 0.2010470517005593),
[92mINFO [0m:      	              (11, 0.21344413525832368),
[92mINFO [0m:      	              (12, 0.22059313996066324),
[92mINFO [0m:      	              (13, 0.22005600101372044),
[92mINFO [0m:      	              (14, 0.21385933196261736),
[92mINFO [0m:      	              (15, 0.2567218314535581),
[92mINFO [0m:      	              (16, 0.20500874536231398),
[92mINFO [0m:      	              (17, 0.21750871471415406),
[92mINFO [0m:      	              (18, 0.24171568432187449),
[92mINFO [0m:      	              (19, 0.22809751616015697),
[92mINFO [0m:      	              (20, 0.23001015551057824),
[92mINFO [0m:      	              (21, 0.25188117077733857),
[92mINFO [0m:      	              (22, 0.2556297812879022),
[92mINFO [0m:      	              (23, 0.26998240393831946),
[92mINFO [0m:      	              (24, 0.25343136911978853),
[92mINFO [0m:      	              (25, 0.2495134842289806),
[92mINFO [0m:      	              (26, 0.25101425245786063),
[92mINFO [0m:      	              (27, 0.24535455304681802),
[92mINFO [0m:      	              (28, 0.24381550689125356),
[92mINFO [0m:      	              (29, 0.2589973263999183),
[92mINFO [0m:      	              (30, 0.2645572111156014),
[92mINFO [0m:      	              (31, 0.27266118765355407),
[92mINFO [0m:      	              (32, 0.27043316276225904),
[92mINFO [0m:      	              (33, 0.2808151704309509),
[92mINFO [0m:      	              (34, 0.28484671272310746),
[92mINFO [0m:      	              (35, 0.25455077135749404),
[92mINFO [0m:      	              (36, 0.284444684733025),
[92mINFO [0m:      	              (37, 0.2610012312607536),
[92mINFO [0m:      	              (38, 0.27238161695002516),
[92mINFO [0m:      	              (39, 0.31274814354685354),
[92mINFO [0m:      	              (40, 0.28447907282622004),
[92mINFO [0m:      	              (41, 0.2652762539110504),
[92mINFO [0m:      	              (42, 0.28846384707729245),
[92mINFO [0m:      	              (43, 0.31864100289441505),
[92mINFO [0m:      	              (44, 0.2912505654062654),
[92mINFO [0m:      	              (45, 0.29188715540992166),
[92mINFO [0m:      	              (46, 0.26720382895731193),
[92mINFO [0m:      	              (47, 0.2975782590623899),
[92mINFO [0m:      	              (48, 0.3169248598639907),
[92mINFO [0m:      	              (49, 0.28158899235217094),
[92mINFO [0m:      	              (50, 0.2850135573168661),
[92mINFO [0m:      	              (51, 0.3020609706644068),
[92mINFO [0m:      	              (52, 0.32662412012141345),
[92mINFO [0m:      	              (53, 0.3053967742679235),
[92mINFO [0m:      	              (54, 0.3235182110916711),
[92mINFO [0m:      	              (55, 0.3334558600708006),
[92mINFO [0m:      	              (56, 0.3303821514030491),
[92mINFO [0m:      	              (57, 0.3053680676654668),
[92mINFO [0m:      	              (58, 0.34345641281125155),
[92mINFO [0m:      	              (59, 0.347629981300425),
[92mINFO [0m:      	              (60, 0.3449274330155654),
[92mINFO [0m:      	              (61, 0.35493356661361425),
[92mINFO [0m:      	              (62, 0.3137232220118595),
[92mINFO [0m:      	              (63, 0.37981141048976175),
[92mINFO [0m:      	              (64, 0.35113321001065206),
[92mINFO [0m:      	              (65, 0.38076632528826765),
[92mINFO [0m:      	              (66, 0.3383341009552198),
[92mINFO [0m:      	              (67, 0.34036219426421305),
[92mINFO [0m:      	              (68, 0.3658662099064845),
[92mINFO [0m:      	              (69, 0.34739709672639546),
[92mINFO [0m:      	              (70, 0.36598990455549846),
[92mINFO [0m:      	              (71, 0.3682302518635945),
[92mINFO [0m:      	              (72, 0.3587038639942461),
[92mINFO [0m:      	              (73, 0.3390698815237986),
[92mINFO [0m:      	              (74, 0.3324181348084271),
[92mINFO [0m:      	              (75, 0.38082632289009954),
[92mINFO [0m:      	              (76, 0.3555423894197517),
[92mINFO [0m:      	              (77, 0.3606484809865048),
[92mINFO [0m:      	              (78, 0.35651363647667733),
[92mINFO [0m:      	              (79, 0.36836334740917426),
[92mINFO [0m:      	              (80, 0.3517033434944882),
[92mINFO [0m:      	              (81, 0.3268454432940893),
[92mINFO [0m:      	              (82, 0.3643247711273547),
[92mINFO [0m:      	              (83, 0.35325340478219985),
[92mINFO [0m:      	              (84, 0.35719874055135514),
[92mINFO [0m:      	              (85, 0.36593082096334406),
[92mINFO [0m:      	              (86, 0.32756178620392096),
[92mINFO [0m:      	              (87, 0.3690683074771335),
[92mINFO [0m:      	              (88, 0.3658692085164708),
[92mINFO [0m:      	              (89, 0.34438413605372264),
[92mINFO [0m:      	              (90, 0.3731591227070615),
[92mINFO [0m:      	              (91, 0.3341305248501425),
[92mINFO [0m:      	              (92, 0.3641971434657871),
[92mINFO [0m:      	              (93, 0.353845888107545),
[92mINFO [0m:      	              (94, 0.3893422653738859),
[92mINFO [0m:      	              (95, 0.3596118415590165),
[92mINFO [0m:      	              (96, 0.35766819437079506),
[92mINFO [0m:      	              (97, 0.33620515567312675),
[92mINFO [0m:      	              (98, 0.3548060096687457),
[92mINFO [0m:      	              (99, 0.3306666504108886),
[92mINFO [0m:      	              (100, 0.32313464012994786)],
[92mINFO [0m:      	 'recall_actinic_keratoses_an': [(0, 0.0),
[92mINFO [0m:      	                                 (1, 0.0),
[92mINFO [0m:      	                                 (2, 0.0),
[92mINFO [0m:      	                                 (3, 0.06060606060606061),
[92mINFO [0m:      	                                 (4, 0.18181818181818182),
[92mINFO [0m:      	                                 (5, 0.09090909090909091),
[92mINFO [0m:      	                                 (6, 0.24242424242424243),
[92mINFO [0m:      	                                 (7, 0.48484848484848486),
[92mINFO [0m:      	                                 (8, 0.3939393939393939),
[92mINFO [0m:      	                                 (9, 0.24242424242424243),
[92mINFO [0m:      	                                 (10, 0.18181818181818182),
[92mINFO [0m:      	                                 (11, 0.12121212121212122),
[92mINFO [0m:      	                                 (12, 0.30303030303030304),
[92mINFO [0m:      	                                 (13, 0.2727272727272727),
[92mINFO [0m:      	                                 (14, 0.21212121212121213),
[92mINFO [0m:      	                                 (15, 0.3939393939393939),
[92mINFO [0m:      	                                 (16, 0.24242424242424243),
[92mINFO [0m:      	                                 (17, 0.30303030303030304),
[92mINFO [0m:      	                                 (18, 0.36363636363636365),
[92mINFO [0m:      	                                 (19, 0.3939393939393939),
[92mINFO [0m:      	                                 (20, 0.3939393939393939),
[92mINFO [0m:      	                                 (21, 0.3939393939393939),
[92mINFO [0m:      	                                 (22, 0.36363636363636365),
[92mINFO [0m:      	                                 (23, 0.36363636363636365),
[92mINFO [0m:      	                                 (24, 0.36363636363636365),
[92mINFO [0m:      	                                 (25, 0.30303030303030304),
[92mINFO [0m:      	                                 (26, 0.42424242424242425),
[92mINFO [0m:      	                                 (27, 0.2727272727272727),
[92mINFO [0m:      	                                 (28, 0.2727272727272727),
[92mINFO [0m:      	                                 (29, 0.3939393939393939),
[92mINFO [0m:      	                                 (30, 0.3939393939393939),
[92mINFO [0m:      	                                 (31, 0.3939393939393939),
[92mINFO [0m:      	                                 (32, 0.3333333333333333),
[92mINFO [0m:      	                                 (33, 0.30303030303030304),
[92mINFO [0m:      	                                 (34, 0.36363636363636365),
[92mINFO [0m:      	                                 (35, 0.3939393939393939),
[92mINFO [0m:      	                                 (36, 0.48484848484848486),
[92mINFO [0m:      	                                 (37, 0.24242424242424243),
[92mINFO [0m:      	                                 (38, 0.36363636363636365),
[92mINFO [0m:      	                                 (39, 0.5151515151515151),
[92mINFO [0m:      	                                 (40, 0.36363636363636365),
[92mINFO [0m:      	                                 (41, 0.3939393939393939),
[92mINFO [0m:      	                                 (42, 0.48484848484848486),
[92mINFO [0m:      	                                 (43, 0.45454545454545453),
[92mINFO [0m:      	                                 (44, 0.3939393939393939),
[92mINFO [0m:      	                                 (45, 0.5151515151515151),
[92mINFO [0m:      	                                 (46, 0.24242424242424243),
[92mINFO [0m:      	                                 (47, 0.5454545454545454),
[92mINFO [0m:      	                                 (48, 0.5151515151515151),
[92mINFO [0m:      	                                 (49, 0.45454545454545453),
[92mINFO [0m:      	                                 (50, 0.36363636363636365),
[92mINFO [0m:      	                                 (51, 0.5151515151515151),
[92mINFO [0m:      	                                 (52, 0.5151515151515151),
[92mINFO [0m:      	                                 (53, 0.3333333333333333),
[92mINFO [0m:      	                                 (54, 0.5151515151515151),
[92mINFO [0m:      	                                 (55, 0.5151515151515151),
[92mINFO [0m:      	                                 (56, 0.45454545454545453),
[92mINFO [0m:      	                                 (57, 0.24242424242424243),
[92mINFO [0m:      	                                 (58, 0.5454545454545454),
[92mINFO [0m:      	                                 (59, 0.48484848484848486),
[92mINFO [0m:      	                                 (60, 0.3939393939393939),
[92mINFO [0m:      	                                 (61, 0.42424242424242425),
[92mINFO [0m:      	                                 (62, 0.3939393939393939),
[92mINFO [0m:      	                                 (63, 0.5151515151515151),
[92mINFO [0m:      	                                 (64, 0.48484848484848486),
[92mINFO [0m:      	                                 (65, 0.5454545454545454),
[92mINFO [0m:      	                                 (66, 0.42424242424242425),
[92mINFO [0m:      	                                 (67, 0.42424242424242425),
[92mINFO [0m:      	                                 (68, 0.48484848484848486),
[92mINFO [0m:      	                                 (69, 0.3939393939393939),
[92mINFO [0m:      	                                 (70, 0.3939393939393939),
[92mINFO [0m:      	                                 (71, 0.5151515151515151),
[92mINFO [0m:      	                                 (72, 0.5151515151515151),
[92mINFO [0m:      	                                 (73, 0.5757575757575758),
[92mINFO [0m:      	                                 (74, 0.5454545454545454),
[92mINFO [0m:      	                                 (75, 0.6060606060606061),
[92mINFO [0m:      	                                 (76, 0.42424242424242425),
[92mINFO [0m:      	                                 (77, 0.48484848484848486),
[92mINFO [0m:      	                                 (78, 0.5454545454545454),
[92mINFO [0m:      	                                 (79, 0.5151515151515151),
[92mINFO [0m:      	                                 (80, 0.6060606060606061),
[92mINFO [0m:      	                                 (81, 0.48484848484848486),
[92mINFO [0m:      	                                 (82, 0.5454545454545454),
[92mINFO [0m:      	                                 (83, 0.48484848484848486),
[92mINFO [0m:      	                                 (84, 0.5757575757575758),
[92mINFO [0m:      	                                 (85, 0.3939393939393939),
[92mINFO [0m:      	                                 (86, 0.30303030303030304),
[92mINFO [0m:      	                                 (87, 0.5757575757575758),
[92mINFO [0m:      	                                 (88, 0.5454545454545454),
[92mINFO [0m:      	                                 (89, 0.45454545454545453),
[92mINFO [0m:      	                                 (90, 0.5151515151515151),
[92mINFO [0m:      	                                 (91, 0.48484848484848486),
[92mINFO [0m:      	                                 (92, 0.5757575757575758),
[92mINFO [0m:      	                                 (93, 0.6666666666666666),
[92mINFO [0m:      	                                 (94, 0.5151515151515151),
[92mINFO [0m:      	                                 (95, 0.696969696969697),
[92mINFO [0m:      	                                 (96, 0.48484848484848486),
[92mINFO [0m:      	                                 (97, 0.5757575757575758),
[92mINFO [0m:      	                                 (98, 0.3333333333333333),
[92mINFO [0m:      	                                 (99, 0.36363636363636365),
[92mINFO [0m:      	                                 (100, 0.5454545454545454)],
[92mINFO [0m:      	 'recall_basal_cell_carcinoma': [(0, 0.0),
[92mINFO [0m:      	                                 (1, 0.0),
[92mINFO [0m:      	                                 (2, 0.0),
[92mINFO [0m:      	                                 (3, 0.0),
[92mINFO [0m:      	                                 (4, 0.0),
[92mINFO [0m:      	                                 (5, 0.0),
[92mINFO [0m:      	                                 (6, 0.0),
[92mINFO [0m:      	                                 (7, 0.0),
[92mINFO [0m:      	                                 (8, 0.0),
[92mINFO [0m:      	                                 (9, 0.0),
[92mINFO [0m:      	                                 (10, 0.0),
[92mINFO [0m:      	                                 (11, 0.0),
[92mINFO [0m:      	                                 (12, 0.0),
[92mINFO [0m:      	                                 (13, 0.0),
[92mINFO [0m:      	                                 (14, 0.0),
[92mINFO [0m:      	                                 (15, 0.0),
[92mINFO [0m:      	                                 (16, 0.0),
[92mINFO [0m:      	                                 (17, 0.0),
[92mINFO [0m:      	                                 (18, 0.0),
[92mINFO [0m:      	                                 (19, 0.0),
[92mINFO [0m:      	                                 (20, 0.0),
[92mINFO [0m:      	                                 (21, 0.0),
[92mINFO [0m:      	                                 (22, 0.0),
[92mINFO [0m:      	                                 (23, 0.0),
[92mINFO [0m:      	                                 (24, 0.0),
[92mINFO [0m:      	                                 (25, 0.0),
[92mINFO [0m:      	                                 (26, 0.0),
[92mINFO [0m:      	                                 (27, 0.0),
[92mINFO [0m:      	                                 (28, 0.0),
[92mINFO [0m:      	                                 (29, 0.0),
[92mINFO [0m:      	                                 (30, 0.0),
[92mINFO [0m:      	                                 (31, 0.0),
[92mINFO [0m:      	                                 (32, 0.0),
[92mINFO [0m:      	                                 (33, 0.0),
[92mINFO [0m:      	                                 (34, 0.0),
[92mINFO [0m:      	                                 (35, 0.0),
[92mINFO [0m:      	                                 (36, 0.0),
[92mINFO [0m:      	                                 (37, 0.0),
[92mINFO [0m:      	                                 (38, 0.0),
[92mINFO [0m:      	                                 (39, 0.0),
[92mINFO [0m:      	                                 (40, 0.0),
[92mINFO [0m:      	                                 (41, 0.0),
[92mINFO [0m:      	                                 (42, 0.0),
[92mINFO [0m:      	                                 (43, 0.0),
[92mINFO [0m:      	                                 (44, 0.0),
[92mINFO [0m:      	                                 (45, 0.0),
[92mINFO [0m:      	                                 (46, 0.0),
[92mINFO [0m:      	                                 (47, 0.0),
[92mINFO [0m:      	                                 (48, 0.0),
[92mINFO [0m:      	                                 (49, 0.0),
[92mINFO [0m:      	                                 (50, 0.0),
[92mINFO [0m:      	                                 (51, 0.0),
[92mINFO [0m:      	                                 (52, 0.0),
[92mINFO [0m:      	                                 (53, 0.0),
[92mINFO [0m:      	                                 (54, 0.0),
[92mINFO [0m:      	                                 (55, 0.0),
[92mINFO [0m:      	                                 (56, 0.0),
[92mINFO [0m:      	                                 (57, 0.0),
[92mINFO [0m:      	                                 (58, 0.0),
[92mINFO [0m:      	                                 (59, 0.0),
[92mINFO [0m:      	                                 (60, 0.0),
[92mINFO [0m:      	                                 (61, 0.0),
[92mINFO [0m:      	                                 (62, 0.0),
[92mINFO [0m:      	                                 (63, 0.0),
[92mINFO [0m:      	                                 (64, 0.0),
[92mINFO [0m:      	                                 (65, 0.0),
[92mINFO [0m:      	                                 (66, 0.0),
[92mINFO [0m:      	                                 (67, 0.0),
[92mINFO [0m:      	                                 (68, 0.0),
[92mINFO [0m:      	                                 (69, 0.0),
[92mINFO [0m:      	                                 (70, 0.0),
[92mINFO [0m:      	                                 (71, 0.0),
[92mINFO [0m:      	                                 (72, 0.0),
[92mINFO [0m:      	                                 (73, 0.0),
[92mINFO [0m:      	                                 (74, 0.0),
[92mINFO [0m:      	                                 (75, 0.019230769230769232),
[92mINFO [0m:      	                                 (76, 0.0),
[92mINFO [0m:      	                                 (77, 0.0),
[92mINFO [0m:      	                                 (78, 0.0),
[92mINFO [0m:      	                                 (79, 0.0),
[92mINFO [0m:      	                                 (80, 0.0),
[92mINFO [0m:      	                                 (81, 0.0),
[92mINFO [0m:      	                                 (82, 0.0),
[92mINFO [0m:      	                                 (83, 0.0),
[92mINFO [0m:      	                                 (84, 0.0),
[92mINFO [0m:      	                                 (85, 0.0),
[92mINFO [0m:      	                                 (86, 0.0),
[92mINFO [0m:      	                                 (87, 0.0),
[92mINFO [0m:      	                                 (88, 0.0),
[92mINFO [0m:      	                                 (89, 0.0),
[92mINFO [0m:      	                                 (90, 0.0),
[92mINFO [0m:      	                                 (91, 0.0),
[92mINFO [0m:      	                                 (92, 0.0),
[92mINFO [0m:      	                                 (93, 0.0),
[92mINFO [0m:      	                                 (94, 0.0),
[92mINFO [0m:      	                                 (95, 0.0),
[92mINFO [0m:      	                                 (96, 0.0),
[92mINFO [0m:      	                                 (97, 0.038461538461538464),
[92mINFO [0m:      	                                 (98, 0.0),
[92mINFO [0m:      	                                 (99, 0.0),
[92mINFO [0m:      	                                 (100, 0.0)],
[92mINFO [0m:      	 'recall_benign_keratosis-lik': [(0, 0.0),
[92mINFO [0m:      	                                 (1, 0.0),
[92mINFO [0m:      	                                 (2, 0.045454545454545456),
[92mINFO [0m:      	                                 (3, 0.05454545454545454),
[92mINFO [0m:      	                                 (4, 0.12727272727272726),
[92mINFO [0m:      	                                 (5, 0.17272727272727273),
[92mINFO [0m:      	                                 (6, 0.12727272727272726),
[92mINFO [0m:      	                                 (7, 0.18181818181818182),
[92mINFO [0m:      	                                 (8, 0.20909090909090908),
[92mINFO [0m:      	                                 (9, 0.2636363636363636),
[92mINFO [0m:      	                                 (10, 0.20909090909090908),
[92mINFO [0m:      	                                 (11, 0.35454545454545455),
[92mINFO [0m:      	                                 (12, 0.3),
[92mINFO [0m:      	                                 (13, 0.34545454545454546),
[92mINFO [0m:      	                                 (14, 0.32727272727272727),
[92mINFO [0m:      	                                 (15, 0.42727272727272725),
[92mINFO [0m:      	                                 (16, 0.23636363636363636),
[92mINFO [0m:      	                                 (17, 0.23636363636363636),
[92mINFO [0m:      	                                 (18, 0.4),
[92mINFO [0m:      	                                 (19, 0.35454545454545455),
[92mINFO [0m:      	                                 (20, 0.2636363636363636),
[92mINFO [0m:      	                                 (21, 0.3181818181818182),
[92mINFO [0m:      	                                 (22, 0.32727272727272727),
[92mINFO [0m:      	                                 (23, 0.43636363636363634),
[92mINFO [0m:      	                                 (24, 0.4727272727272727),
[92mINFO [0m:      	                                 (25, 0.3181818181818182),
[92mINFO [0m:      	                                 (26, 0.32727272727272727),
[92mINFO [0m:      	                                 (27, 0.36363636363636365),
[92mINFO [0m:      	                                 (28, 0.2636363636363636),
[92mINFO [0m:      	                                 (29, 0.45454545454545453),
[92mINFO [0m:      	                                 (30, 0.32727272727272727),
[92mINFO [0m:      	                                 (31, 0.2727272727272727),
[92mINFO [0m:      	                                 (32, 0.34545454545454546),
[92mINFO [0m:      	                                 (33, 0.2818181818181818),
[92mINFO [0m:      	                                 (34, 0.33636363636363636),
[92mINFO [0m:      	                                 (35, 0.23636363636363636),
[92mINFO [0m:      	                                 (36, 0.35454545454545455),
[92mINFO [0m:      	                                 (37, 0.41818181818181815),
[92mINFO [0m:      	                                 (38, 0.4),
[92mINFO [0m:      	                                 (39, 0.3090909090909091),
[92mINFO [0m:      	                                 (40, 0.38181818181818183),
[92mINFO [0m:      	                                 (41, 0.2636363636363636),
[92mINFO [0m:      	                                 (42, 0.19090909090909092),
[92mINFO [0m:      	                                 (43, 0.5454545454545454),
[92mINFO [0m:      	                                 (44, 0.2545454545454545),
[92mINFO [0m:      	                                 (45, 0.4090909090909091),
[92mINFO [0m:      	                                 (46, 0.5272727272727272),
[92mINFO [0m:      	                                 (47, 0.44545454545454544),
[92mINFO [0m:      	                                 (48, 0.4818181818181818),
[92mINFO [0m:      	                                 (49, 0.2818181818181818),
[92mINFO [0m:      	                                 (50, 0.42727272727272725),
[92mINFO [0m:      	                                 (51, 0.42727272727272725),
[92mINFO [0m:      	                                 (52, 0.44545454545454544),
[92mINFO [0m:      	                                 (53, 0.3181818181818182),
[92mINFO [0m:      	                                 (54, 0.44545454545454544),
[92mINFO [0m:      	                                 (55, 0.4727272727272727),
[92mINFO [0m:      	                                 (56, 0.32727272727272727),
[92mINFO [0m:      	                                 (57, 0.42727272727272725),
[92mINFO [0m:      	                                 (58, 0.2909090909090909),
[92mINFO [0m:      	                                 (59, 0.45454545454545453),
[92mINFO [0m:      	                                 (60, 0.36363636363636365),
[92mINFO [0m:      	                                 (61, 0.5181818181818182),
[92mINFO [0m:      	                                 (62, 0.3181818181818182),
[92mINFO [0m:      	                                 (63, 0.5454545454545454),
[92mINFO [0m:      	                                 (64, 0.4),
[92mINFO [0m:      	                                 (65, 0.45454545454545453),
[92mINFO [0m:      	                                 (66, 0.36363636363636365),
[92mINFO [0m:      	                                 (67, 0.24545454545454545),
[92mINFO [0m:      	                                 (68, 0.5454545454545454),
[92mINFO [0m:      	                                 (69, 0.3),
[92mINFO [0m:      	                                 (70, 0.5),
[92mINFO [0m:      	                                 (71, 0.43636363636363634),
[92mINFO [0m:      	                                 (72, 0.33636363636363636),
[92mINFO [0m:      	                                 (73, 0.2909090909090909),
[92mINFO [0m:      	                                 (74, 0.37272727272727274),
[92mINFO [0m:      	                                 (75, 0.4818181818181818),
[92mINFO [0m:      	                                 (76, 0.5),
[92mINFO [0m:      	                                 (77, 0.5),
[92mINFO [0m:      	                                 (78, 0.34545454545454546),
[92mINFO [0m:      	                                 (79, 0.509090909090909),
[92mINFO [0m:      	                                 (80, 0.32727272727272727),
[92mINFO [0m:      	                                 (81, 0.20909090909090908),
[92mINFO [0m:      	                                 (82, 0.43636363636363634),
[92mINFO [0m:      	                                 (83, 0.32727272727272727),
[92mINFO [0m:      	                                 (84, 0.4636363636363636),
[92mINFO [0m:      	                                 (85, 0.6),
[92mINFO [0m:      	                                 (86, 0.2727272727272727),
[92mINFO [0m:      	                                 (87, 0.2818181818181818),
[92mINFO [0m:      	                                 (88, 0.4727272727272727),
[92mINFO [0m:      	                                 (89, 0.34545454545454546),
[92mINFO [0m:      	                                 (90, 0.4818181818181818),
[92mINFO [0m:      	                                 (91, 0.39090909090909093),
[92mINFO [0m:      	                                 (92, 0.4090909090909091),
[92mINFO [0m:      	                                 (93, 0.35454545454545455),
[92mINFO [0m:      	                                 (94, 0.5181818181818182),
[92mINFO [0m:      	                                 (95, 0.36363636363636365),
[92mINFO [0m:      	                                 (96, 0.36363636363636365),
[92mINFO [0m:      	                                 (97, 0.2636363636363636),
[92mINFO [0m:      	                                 (98, 0.42727272727272725),
[92mINFO [0m:      	                                 (99, 0.3181818181818182),
[92mINFO [0m:      	                                 (100, 0.2909090909090909)],
[92mINFO [0m:      	 'recall_dermatofibroma': [(0, 0.0),
[92mINFO [0m:      	                           (1, 0.0),
[92mINFO [0m:      	                           (2, 0.0),
[92mINFO [0m:      	                           (3, 0.0),
[92mINFO [0m:      	                           (4, 0.0),
[92mINFO [0m:      	                           (5, 0.0),
[92mINFO [0m:      	                           (6, 0.0),
[92mINFO [0m:      	                           (7, 0.0),
[92mINFO [0m:      	                           (8, 0.0),
[92mINFO [0m:      	                           (9, 0.0),
[92mINFO [0m:      	                           (10, 0.0),
[92mINFO [0m:      	                           (11, 0.0),
[92mINFO [0m:      	                           (12, 0.0),
[92mINFO [0m:      	                           (13, 0.0),
[92mINFO [0m:      	                           (14, 0.0),
[92mINFO [0m:      	                           (15, 0.0),
[92mINFO [0m:      	                           (16, 0.0),
[92mINFO [0m:      	                           (17, 0.0),
[92mINFO [0m:      	                           (18, 0.0),
[92mINFO [0m:      	                           (19, 0.0),
[92mINFO [0m:      	                           (20, 0.0),
[92mINFO [0m:      	                           (21, 0.0),
[92mINFO [0m:      	                           (22, 0.0),
[92mINFO [0m:      	                           (23, 0.0),
[92mINFO [0m:      	                           (24, 0.0),
[92mINFO [0m:      	                           (25, 0.0),
[92mINFO [0m:      	                           (26, 0.0),
[92mINFO [0m:      	                           (27, 0.0),
[92mINFO [0m:      	                           (28, 0.0),
[92mINFO [0m:      	                           (29, 0.0),
[92mINFO [0m:      	                           (30, 0.0),
[92mINFO [0m:      	                           (31, 0.0),
[92mINFO [0m:      	                           (32, 0.0),
[92mINFO [0m:      	                           (33, 0.0),
[92mINFO [0m:      	                           (34, 0.0),
[92mINFO [0m:      	                           (35, 0.0),
[92mINFO [0m:      	                           (36, 0.0),
[92mINFO [0m:      	                           (37, 0.0),
[92mINFO [0m:      	                           (38, 0.0),
[92mINFO [0m:      	                           (39, 0.0),
[92mINFO [0m:      	                           (40, 0.0),
[92mINFO [0m:      	                           (41, 0.0),
[92mINFO [0m:      	                           (42, 0.0),
[92mINFO [0m:      	                           (43, 0.0),
[92mINFO [0m:      	                           (44, 0.0),
[92mINFO [0m:      	                           (45, 0.0),
[92mINFO [0m:      	                           (46, 0.0),
[92mINFO [0m:      	                           (47, 0.0),
[92mINFO [0m:      	                           (48, 0.0),
[92mINFO [0m:      	                           (49, 0.0),
[92mINFO [0m:      	                           (50, 0.0),
[92mINFO [0m:      	                           (51, 0.0),
[92mINFO [0m:      	                           (52, 0.0),
[92mINFO [0m:      	                           (53, 0.0),
[92mINFO [0m:      	                           (54, 0.0),
[92mINFO [0m:      	                           (55, 0.0),
[92mINFO [0m:      	                           (56, 0.08333333333333333),
[92mINFO [0m:      	                           (57, 0.0),
[92mINFO [0m:      	                           (58, 0.08333333333333333),
[92mINFO [0m:      	                           (59, 0.0),
[92mINFO [0m:      	                           (60, 0.08333333333333333),
[92mINFO [0m:      	                           (61, 0.08333333333333333),
[92mINFO [0m:      	                           (62, 0.0),
[92mINFO [0m:      	                           (63, 0.08333333333333333),
[92mINFO [0m:      	                           (64, 0.08333333333333333),
[92mINFO [0m:      	                           (65, 0.08333333333333333),
[92mINFO [0m:      	                           (66, 0.08333333333333333),
[92mINFO [0m:      	                           (67, 0.08333333333333333),
[92mINFO [0m:      	                           (68, 0.08333333333333333),
[92mINFO [0m:      	                           (69, 0.08333333333333333),
[92mINFO [0m:      	                           (70, 0.08333333333333333),
[92mINFO [0m:      	                           (71, 0.08333333333333333),
[92mINFO [0m:      	                           (72, 0.08333333333333333),
[92mINFO [0m:      	                           (73, 0.08333333333333333),
[92mINFO [0m:      	                           (74, 0.0),
[92mINFO [0m:      	                           (75, 0.08333333333333333),
[92mINFO [0m:      	                           (76, 0.08333333333333333),
[92mINFO [0m:      	                           (77, 0.08333333333333333),
[92mINFO [0m:      	                           (78, 0.08333333333333333),
[92mINFO [0m:      	                           (79, 0.08333333333333333),
[92mINFO [0m:      	                           (80, 0.08333333333333333),
[92mINFO [0m:      	                           (81, 0.08333333333333333),
[92mINFO [0m:      	                           (82, 0.08333333333333333),
[92mINFO [0m:      	                           (83, 0.08333333333333333),
[92mINFO [0m:      	                           (84, 0.08333333333333333),
[92mINFO [0m:      	                           (85, 0.08333333333333333),
[92mINFO [0m:      	                           (86, 0.08333333333333333),
[92mINFO [0m:      	                           (87, 0.08333333333333333),
[92mINFO [0m:      	                           (88, 0.08333333333333333),
[92mINFO [0m:      	                           (89, 0.08333333333333333),
[92mINFO [0m:      	                           (90, 0.08333333333333333),
[92mINFO [0m:      	                           (91, 0.08333333333333333),
[92mINFO [0m:      	                           (92, 0.08333333333333333),
[92mINFO [0m:      	                           (93, 0.08333333333333333),
[92mINFO [0m:      	                           (94, 0.08333333333333333),
[92mINFO [0m:      	                           (95, 0.08333333333333333),
[92mINFO [0m:      	                           (96, 0.08333333333333333),
[92mINFO [0m:      	                           (97, 0.08333333333333333),
[92mINFO [0m:      	                           (98, 0.08333333333333333),
[92mINFO [0m:      	                           (99, 0.08333333333333333),
[92mINFO [0m:      	                           (100, 0.0)],
[92mINFO [0m:      	 'recall_melanocytic_nevi': [(0, 0.0),
[92mINFO [0m:      	                             (1, 1.0),
[92mINFO [0m:      	                             (2, 0.9985096870342772),
[92mINFO [0m:      	                             (3, 0.9970193740685543),
[92mINFO [0m:      	                             (4, 0.992548435171386),
[92mINFO [0m:      	                             (5, 0.992548435171386),
[92mINFO [0m:      	                             (6, 0.992548435171386),
[92mINFO [0m:      	                             (7, 0.9806259314456036),
[92mINFO [0m:      	                             (8, 0.9850968703427719),
[92mINFO [0m:      	                             (9, 0.9895678092399404),
[92mINFO [0m:      	                             (10, 0.9910581222056631),
[92mINFO [0m:      	                             (11, 0.9850968703427719),
[92mINFO [0m:      	                             (12, 0.9865871833084948),
[92mINFO [0m:      	                             (13, 0.9836065573770492),
[92mINFO [0m:      	                             (14, 0.9865871833084948),
[92mINFO [0m:      	                             (15, 0.977645305514158),
[92mINFO [0m:      	                             (16, 0.992548435171386),
[92mINFO [0m:      	                             (17, 0.9940387481371088),
[92mINFO [0m:      	                             (18, 0.9806259314456036),
[92mINFO [0m:      	                             (19, 0.9791356184798807),
[92mINFO [0m:      	                             (20, 0.9806259314456036),
[92mINFO [0m:      	                             (21, 0.9836065573770492),
[92mINFO [0m:      	                             (22, 0.9836065573770492),
[92mINFO [0m:      	                             (23, 0.9791356184798807),
[92mINFO [0m:      	                             (24, 0.9821162444113264),
[92mINFO [0m:      	                             (25, 0.9836065573770492),
[92mINFO [0m:      	                             (26, 0.9821162444113264),
[92mINFO [0m:      	                             (27, 0.9865871833084948),
[92mINFO [0m:      	                             (28, 0.9895678092399404),
[92mINFO [0m:      	                             (29, 0.9746646795827124),
[92mINFO [0m:      	                             (30, 0.9806259314456036),
[92mINFO [0m:      	                             (31, 0.992548435171386),
[92mINFO [0m:      	                             (32, 0.9850968703427719),
[92mINFO [0m:      	                             (33, 0.9865871833084948),
[92mINFO [0m:      	                             (34, 0.9821162444113264),
[92mINFO [0m:      	                             (35, 0.9836065573770492),
[92mINFO [0m:      	                             (36, 0.9791356184798807),
[92mINFO [0m:      	                             (37, 0.9836065573770492),
[92mINFO [0m:      	                             (38, 0.9821162444113264),
[92mINFO [0m:      	                             (39, 0.977645305514158),
[92mINFO [0m:      	                             (40, 0.9791356184798807),
[92mINFO [0m:      	                             (41, 0.9880774962742176),
[92mINFO [0m:      	                             (42, 0.977645305514158),
[92mINFO [0m:      	                             (43, 0.970193740685544),
[92mINFO [0m:      	                             (44, 0.9746646795827124),
[92mINFO [0m:      	                             (45, 0.9791356184798807),
[92mINFO [0m:      	                             (46, 0.977645305514158),
[92mINFO [0m:      	                             (47, 0.9821162444113264),
[92mINFO [0m:      	                             (48, 0.9761549925484352),
[92mINFO [0m:      	                             (49, 0.9850968703427719),
[92mINFO [0m:      	                             (50, 0.9821162444113264),
[92mINFO [0m:      	                             (51, 0.9836065573770492),
[92mINFO [0m:      	                             (52, 0.977645305514158),
[92mINFO [0m:      	                             (53, 0.9642324888226528),
[92mINFO [0m:      	                             (54, 0.9567809239940388),
[92mINFO [0m:      	                             (55, 0.9672131147540983),
[92mINFO [0m:      	                             (56, 0.9716840536512668),
[92mINFO [0m:      	                             (57, 0.9731743666169895),
[92mINFO [0m:      	                             (58, 0.977645305514158),
[92mINFO [0m:      	                             (59, 0.9657228017883756),
[92mINFO [0m:      	                             (60, 0.9806259314456036),
[92mINFO [0m:      	                             (61, 0.9761549925484352),
[92mINFO [0m:      	                             (62, 0.9687034277198212),
[92mINFO [0m:      	                             (63, 0.9508196721311475),
[92mINFO [0m:      	                             (64, 0.9791356184798807),
[92mINFO [0m:      	                             (65, 0.9493293591654247),
[92mINFO [0m:      	                             (66, 0.9836065573770492),
[92mINFO [0m:      	                             (67, 0.970193740685544),
[92mINFO [0m:      	                             (68, 0.9612518628912071),
[92mINFO [0m:      	                             (69, 0.9672131147540983),
[92mINFO [0m:      	                             (70, 0.9746646795827124),
[92mINFO [0m:      	                             (71, 0.9731743666169895),
[92mINFO [0m:      	                             (72, 0.970193740685544),
[92mINFO [0m:      	                             (73, 0.977645305514158),
[92mINFO [0m:      	                             (74, 0.9880774962742176),
[92mINFO [0m:      	                             (75, 0.9567809239940388),
[92mINFO [0m:      	                             (76, 0.977645305514158),
[92mINFO [0m:      	                             (77, 0.9716840536512668),
[92mINFO [0m:      	                             (78, 0.977645305514158),
[92mINFO [0m:      	                             (79, 0.9582712369597616),
[92mINFO [0m:      	                             (80, 0.9746646795827124),
[92mINFO [0m:      	                             (81, 0.9895678092399404),
[92mINFO [0m:      	                             (82, 0.9672131147540983),
[92mINFO [0m:      	                             (83, 0.9657228017883756),
[92mINFO [0m:      	                             (84, 0.9761549925484352),
[92mINFO [0m:      	                             (85, 0.9552906110283159),
[92mINFO [0m:      	                             (86, 0.970193740685544),
[92mINFO [0m:      	                             (87, 0.9761549925484352),
[92mINFO [0m:      	                             (88, 0.970193740685544),
[92mINFO [0m:      	                             (89, 0.9731743666169895),
[92mINFO [0m:      	                             (90, 0.9538002980625931),
[92mINFO [0m:      	                             (91, 0.9850968703427719),
[92mINFO [0m:      	                             (92, 0.9672131147540983),
[92mINFO [0m:      	                             (93, 0.9836065573770492),
[92mINFO [0m:      	                             (94, 0.9359165424739195),
[92mINFO [0m:      	                             (95, 0.9761549925484352),
[92mINFO [0m:      	                             (96, 0.9716840536512668),
[92mINFO [0m:      	                             (97, 0.9806259314456036),
[92mINFO [0m:      	                             (98, 0.9761549925484352),
[92mINFO [0m:      	                             (99, 0.9746646795827124),
[92mINFO [0m:      	                             (100, 0.9791356184798807)],
[92mINFO [0m:      	 'recall_melanoma': [(0, 0.0),
[92mINFO [0m:      	                     (1, 0.0),
[92mINFO [0m:      	                     (2, 0.0),
[92mINFO [0m:      	                     (3, 0.0),
[92mINFO [0m:      	                     (4, 0.0),
[92mINFO [0m:      	                     (5, 0.0),
[92mINFO [0m:      	                     (6, 0.0),
[92mINFO [0m:      	                     (7, 0.009009009009009009),
[92mINFO [0m:      	                     (8, 0.009009009009009009),
[92mINFO [0m:      	                     (9, 0.009009009009009009),
[92mINFO [0m:      	                     (10, 0.036036036036036036),
[92mINFO [0m:      	                     (11, 0.04504504504504504),
[92mINFO [0m:      	                     (12, 0.018018018018018018),
[92mINFO [0m:      	                     (13, 0.009009009009009009),
[92mINFO [0m:      	                     (14, 0.009009009009009009),
[92mINFO [0m:      	                     (15, 0.08108108108108109),
[92mINFO [0m:      	                     (16, 0.009009009009009009),
[92mINFO [0m:      	                     (17, 0.018018018018018018),
[92mINFO [0m:      	                     (18, 0.036036036036036036),
[92mINFO [0m:      	                     (19, 0.009009009009009009),
[92mINFO [0m:      	                     (20, 0.04504504504504504),
[92mINFO [0m:      	                     (21, 0.09009009009009009),
[92mINFO [0m:      	                     (22, 0.0990990990990991),
[92mINFO [0m:      	                     (23, 0.12612612612612611),
[92mINFO [0m:      	                     (24, 0.04504504504504504),
[92mINFO [0m:      	                     (25, 0.10810810810810811),
[92mINFO [0m:      	                     (26, 0.08108108108108109),
[92mINFO [0m:      	                     (27, 0.07207207207207207),
[92mINFO [0m:      	                     (28, 0.0990990990990991),
[92mINFO [0m:      	                     (29, 0.06306306306306306),
[92mINFO [0m:      	                     (30, 0.14414414414414414),
[92mINFO [0m:      	                     (31, 0.10810810810810811),
[92mINFO [0m:      	                     (32, 0.09009009009009009),
[92mINFO [0m:      	                     (33, 0.25225225225225223),
[92mINFO [0m:      	                     (34, 0.15315315315315314),
[92mINFO [0m:      	                     (35, 0.16216216216216217),
[92mINFO [0m:      	                     (36, 0.2072072072072072),
[92mINFO [0m:      	                     (37, 0.05405405405405406),
[92mINFO [0m:      	                     (38, 0.07207207207207207),
[92mINFO [0m:      	                     (39, 0.1981981981981982),
[92mINFO [0m:      	                     (40, 0.11711711711711711),
[92mINFO [0m:      	                     (41, 0.09009009009009009),
[92mINFO [0m:      	                     (42, 0.24324324324324326),
[92mINFO [0m:      	                     (43, 0.1891891891891892),
[92mINFO [0m:      	                     (44, 0.2702702702702703),
[92mINFO [0m:      	                     (45, 0.10810810810810811),
[92mINFO [0m:      	                     (46, 0.04504504504504504),
[92mINFO [0m:      	                     (47, 0.10810810810810811),
[92mINFO [0m:      	                     (48, 0.18018018018018017),
[92mINFO [0m:      	                     (49, 0.13513513513513514),
[92mINFO [0m:      	                     (50, 0.0990990990990991),
[92mINFO [0m:      	                     (51, 0.12612612612612611),
[92mINFO [0m:      	                     (52, 0.18018018018018017),
[92mINFO [0m:      	                     (53, 0.32432432432432434),
[92mINFO [0m:      	                     (54, 0.2072072072072072),
[92mINFO [0m:      	                     (55, 0.24324324324324326),
[92mINFO [0m:      	                     (56, 0.25225225225225223),
[92mINFO [0m:      	                     (57, 0.2702702702702703),
[92mINFO [0m:      	                     (58, 0.24324324324324326),
[92mINFO [0m:      	                     (59, 0.2882882882882883),
[92mINFO [0m:      	                     (60, 0.21621621621621623),
[92mINFO [0m:      	                     (61, 0.17117117117117117),
[92mINFO [0m:      	                     (62, 0.25225225225225223),
[92mINFO [0m:      	                     (63, 0.34234234234234234),
[92mINFO [0m:      	                     (64, 0.2072072072072072),
[92mINFO [0m:      	                     (65, 0.38738738738738737),
[92mINFO [0m:      	                     (66, 0.18018018018018017),
[92mINFO [0m:      	                     (67, 0.3063063063063063),
[92mINFO [0m:      	                     (68, 0.26126126126126126),
[92mINFO [0m:      	                     (69, 0.32432432432432434),
[92mINFO [0m:      	                     (70, 0.24324324324324326),
[92mINFO [0m:      	                     (71, 0.27927927927927926),
[92mINFO [0m:      	                     (72, 0.3063063063063063),
[92mINFO [0m:      	                     (73, 0.21621621621621623),
[92mINFO [0m:      	                     (74, 0.2072072072072072),
[92mINFO [0m:      	                     (75, 0.32432432432432434),
[92mINFO [0m:      	                     (76, 0.21621621621621623),
[92mINFO [0m:      	                     (77, 0.23423423423423423),
[92mINFO [0m:      	                     (78, 0.26126126126126126),
[92mINFO [0m:      	                     (79, 0.32432432432432434),
[92mINFO [0m:      	                     (80, 0.25225225225225223),
[92mINFO [0m:      	                     (81, 0.14414414414414414),
[92mINFO [0m:      	                     (82, 0.2702702702702703),
[92mINFO [0m:      	                     (83, 0.3333333333333333),
[92mINFO [0m:      	                     (84, 0.17117117117117117),
[92mINFO [0m:      	                     (85, 0.27927927927927926),
[92mINFO [0m:      	                     (86, 0.2882882882882883),
[92mINFO [0m:      	                     (87, 0.3153153153153153),
[92mINFO [0m:      	                     (88, 0.2882882882882883),
[92mINFO [0m:      	                     (89, 0.2702702702702703),
[92mINFO [0m:      	                     (90, 0.2972972972972973),
[92mINFO [0m:      	                     (91, 0.08108108108108109),
[92mINFO [0m:      	                     (92, 0.2972972972972973),
[92mINFO [0m:      	                     (93, 0.15315315315315314),
[92mINFO [0m:      	                     (94, 0.35135135135135137),
[92mINFO [0m:      	                     (95, 0.18018018018018017),
[92mINFO [0m:      	                     (96, 0.2972972972972973),
[92mINFO [0m:      	                     (97, 0.21621621621621623),
[92mINFO [0m:      	                     (98, 0.2972972972972973),
[92mINFO [0m:      	                     (99, 0.23423423423423423),
[92mINFO [0m:      	                     (100, 0.25225225225225223)],
[92mINFO [0m:      	 'recall_vascular_lesions': [(0, 1.0),
[92mINFO [0m:      	                             (1, 0.0),
[92mINFO [0m:      	                             (2, 0.0),
[92mINFO [0m:      	                             (3, 0.0),
[92mINFO [0m:      	                             (4, 0.0),
[92mINFO [0m:      	                             (5, 0.0),
[92mINFO [0m:      	                             (6, 0.0),
[92mINFO [0m:      	                             (7, 0.0),
[92mINFO [0m:      	                             (8, 0.0),
[92mINFO [0m:      	                             (9, 0.0),
[92mINFO [0m:      	                             (10, 0.0),
[92mINFO [0m:      	                             (11, 0.0),
[92mINFO [0m:      	                             (12, 0.0),
[92mINFO [0m:      	                             (13, 0.0),
[92mINFO [0m:      	                             (14, 0.0),
[92mINFO [0m:      	                             (15, 0.0),
[92mINFO [0m:      	                             (16, 0.0),
[92mINFO [0m:      	                             (17, 0.0),
[92mINFO [0m:      	                             (18, 0.0),
[92mINFO [0m:      	                             (19, 0.0),
[92mINFO [0m:      	                             (20, 0.0),
[92mINFO [0m:      	                             (21, 0.0),
[92mINFO [0m:      	                             (22, 0.0),
[92mINFO [0m:      	                             (23, 0.0),
[92mINFO [0m:      	                             (24, 0.0),
[92mINFO [0m:      	                             (25, 0.0),
[92mINFO [0m:      	                             (26, 0.0),
[92mINFO [0m:      	                             (27, 0.0),
[92mINFO [0m:      	                             (28, 0.0),
[92mINFO [0m:      	                             (29, 0.0),
[92mINFO [0m:      	                             (30, 0.0),
[92mINFO [0m:      	                             (31, 0.07142857142857142),
[92mINFO [0m:      	                             (32, 0.07142857142857142),
[92mINFO [0m:      	                             (33, 0.0),
[92mINFO [0m:      	                             (34, 0.07142857142857142),
[92mINFO [0m:      	                             (35, 0.0),
[92mINFO [0m:      	                             (36, 0.0),
[92mINFO [0m:      	                             (37, 0.07142857142857142),
[92mINFO [0m:      	                             (38, 0.07142857142857142),
[92mINFO [0m:      	                             (39, 0.14285714285714285),
[92mINFO [0m:      	                             (40, 0.07142857142857142),
[92mINFO [0m:      	                             (41, 0.07142857142857142),
[92mINFO [0m:      	                             (42, 0.07142857142857142),
[92mINFO [0m:      	                             (43, 0.07142857142857142),
[92mINFO [0m:      	                             (44, 0.07142857142857142),
[92mINFO [0m:      	                             (45, 0.07142857142857142),
[92mINFO [0m:      	                             (46, 0.07142857142857142),
[92mINFO [0m:      	                             (47, 0.07142857142857142),
[92mINFO [0m:      	                             (48, 0.07142857142857142),
[92mINFO [0m:      	                             (49, 0.07142857142857142),
[92mINFO [0m:      	                             (50, 0.07142857142857142),
[92mINFO [0m:      	                             (51, 0.07142857142857142),
[92mINFO [0m:      	                             (52, 0.14285714285714285),
[92mINFO [0m:      	                             (53, 0.07142857142857142),
[92mINFO [0m:      	                             (54, 0.14285714285714285),
[92mINFO [0m:      	                             (55, 0.14285714285714285),
[92mINFO [0m:      	                             (56, 0.07142857142857142),
[92mINFO [0m:      	                             (57, 0.07142857142857142),
[92mINFO [0m:      	                             (58, 0.14285714285714285),
[92mINFO [0m:      	                             (59, 0.14285714285714285),
[92mINFO [0m:      	                             (60, 0.14285714285714285),
[92mINFO [0m:      	                             (61, 0.14285714285714285),
[92mINFO [0m:      	                             (62, 0.14285714285714285),
[92mINFO [0m:      	                             (63, 0.14285714285714285),
[92mINFO [0m:      	                             (64, 0.14285714285714285),
[92mINFO [0m:      	                             (65, 0.14285714285714285),
[92mINFO [0m:      	                             (66, 0.14285714285714285),
[92mINFO [0m:      	                             (67, 0.14285714285714285),
[92mINFO [0m:      	                             (68, 0.14285714285714285),
[92mINFO [0m:      	                             (69, 0.14285714285714285),
[92mINFO [0m:      	                             (70, 0.14285714285714285),
[92mINFO [0m:      	                             (71, 0.14285714285714285),
[92mINFO [0m:      	                             (72, 0.14285714285714285),
[92mINFO [0m:      	                             (73, 0.14285714285714285),
[92mINFO [0m:      	                             (74, 0.14285714285714285),
[92mINFO [0m:      	                             (75, 0.14285714285714285),
[92mINFO [0m:      	                             (76, 0.14285714285714285),
[92mINFO [0m:      	                             (77, 0.14285714285714285),
[92mINFO [0m:      	                             (78, 0.14285714285714285),
[92mINFO [0m:      	                             (79, 0.14285714285714285),
[92mINFO [0m:      	                             (80, 0.14285714285714285),
[92mINFO [0m:      	                             (81, 0.21428571428571427),
[92mINFO [0m:      	                             (82, 0.14285714285714285),
[92mINFO [0m:      	                             (83, 0.14285714285714285),
[92mINFO [0m:      	                             (84, 0.21428571428571427),
[92mINFO [0m:      	                             (85, 0.14285714285714285),
[92mINFO [0m:      	                             (86, 0.14285714285714285),
[92mINFO [0m:      	                             (87, 0.21428571428571427),
[92mINFO [0m:      	                             (88, 0.14285714285714285),
[92mINFO [0m:      	                             (89, 0.14285714285714285),
[92mINFO [0m:      	                             (90, 0.21428571428571427),
[92mINFO [0m:      	                             (91, 0.21428571428571427),
[92mINFO [0m:      	                             (92, 0.14285714285714285),
[92mINFO [0m:      	                             (93, 0.21428571428571427),
[92mINFO [0m:      	                             (94, 0.2857142857142857),
[92mINFO [0m:      	                             (95, 0.21428571428571427),
[92mINFO [0m:      	                             (96, 0.14285714285714285),
[92mINFO [0m:      	                             (97, 0.14285714285714285),
[92mINFO [0m:      	                             (98, 0.14285714285714285),
[92mINFO [0m:      	                             (99, 0.14285714285714285),
[92mINFO [0m:      	                             (100, 0.14285714285714285)],
[92mINFO [0m:      	 'worst_class_f1': [(0, 0.0),
[92mINFO [0m:      	                    (1, 0.0),
[92mINFO [0m:      	                    (2, 0.0),
[92mINFO [0m:      	                    (3, 0.0),
[92mINFO [0m:      	                    (4, 0.0),
[92mINFO [0m:      	                    (5, 0.0),
[92mINFO [0m:      	                    (6, 0.0),
[92mINFO [0m:      	                    (7, 0.0),
[92mINFO [0m:      	                    (8, 0.0),
[92mINFO [0m:      	                    (9, 0.0),
[92mINFO [0m:      	                    (10, 0.0),
[92mINFO [0m:      	                    (11, 0.0),
[92mINFO [0m:      	                    (12, 0.0),
[92mINFO [0m:      	                    (13, 0.0),
[92mINFO [0m:      	                    (14, 0.0),
[92mINFO [0m:      	                    (15, 0.0),
[92mINFO [0m:      	                    (16, 0.0),
[92mINFO [0m:      	                    (17, 0.0),
[92mINFO [0m:      	                    (18, 0.0),
[92mINFO [0m:      	                    (19, 0.0),
[92mINFO [0m:      	                    (20, 0.0),
[92mINFO [0m:      	                    (21, 0.0),
[92mINFO [0m:      	                    (22, 0.0),
[92mINFO [0m:      	                    (23, 0.0),
[92mINFO [0m:      	                    (24, 0.0),
[92mINFO [0m:      	                    (25, 0.0),
[92mINFO [0m:      	                    (26, 0.0),
[92mINFO [0m:      	                    (27, 0.0),
[92mINFO [0m:      	                    (28, 0.0),
[92mINFO [0m:      	                    (29, 0.0),
[92mINFO [0m:      	                    (30, 0.0),
[92mINFO [0m:      	                    (31, 0.0),
[92mINFO [0m:      	                    (32, 0.0),
[92mINFO [0m:      	                    (33, 0.0),
[92mINFO [0m:      	                    (34, 0.0),
[92mINFO [0m:      	                    (35, 0.0),
[92mINFO [0m:      	                    (36, 0.0),
[92mINFO [0m:      	                    (37, 0.0),
[92mINFO [0m:      	                    (38, 0.0),
[92mINFO [0m:      	                    (39, 0.0),
[92mINFO [0m:      	                    (40, 0.0),
[92mINFO [0m:      	                    (41, 0.0),
[92mINFO [0m:      	                    (42, 0.0),
[92mINFO [0m:      	                    (43, 0.0),
[92mINFO [0m:      	                    (44, 0.0),
[92mINFO [0m:      	                    (45, 0.0),
[92mINFO [0m:      	                    (46, 0.0),
[92mINFO [0m:      	                    (47, 0.0),
[92mINFO [0m:      	                    (48, 0.0),
[92mINFO [0m:      	                    (49, 0.0),
[92mINFO [0m:      	                    (50, 0.0),
[92mINFO [0m:      	                    (51, 0.0),
[92mINFO [0m:      	                    (52, 0.0),
[92mINFO [0m:      	                    (53, 0.0),
[92mINFO [0m:      	                    (54, 0.0),
[92mINFO [0m:      	                    (55, 0.0),
[92mINFO [0m:      	                    (56, 0.0),
[92mINFO [0m:      	                    (57, 0.0),
[92mINFO [0m:      	                    (58, 0.0),
[92mINFO [0m:      	                    (59, 0.0),
[92mINFO [0m:      	                    (60, 0.0),
[92mINFO [0m:      	                    (61, 0.0),
[92mINFO [0m:      	                    (62, 0.0),
[92mINFO [0m:      	                    (63, 0.0),
[92mINFO [0m:      	                    (64, 0.0),
[92mINFO [0m:      	                    (65, 0.0),
[92mINFO [0m:      	                    (66, 0.0),
[92mINFO [0m:      	                    (67, 0.0),
[92mINFO [0m:      	                    (68, 0.0),
[92mINFO [0m:      	                    (69, 0.0),
[92mINFO [0m:      	                    (70, 0.0),
[92mINFO [0m:      	                    (71, 0.0),
[92mINFO [0m:      	                    (72, 0.0),
[92mINFO [0m:      	                    (73, 0.0),
[92mINFO [0m:      	                    (74, 0.0),
[92mINFO [0m:      	                    (75, 0.037037037037037035),
[92mINFO [0m:      	                    (76, 0.0),
[92mINFO [0m:      	                    (77, 0.0),
[92mINFO [0m:      	                    (78, 0.0),
[92mINFO [0m:      	                    (79, 0.0),
[92mINFO [0m:      	                    (80, 0.0),
[92mINFO [0m:      	                    (81, 0.0),
[92mINFO [0m:      	                    (82, 0.0),
[92mINFO [0m:      	                    (83, 0.0),
[92mINFO [0m:      	                    (84, 0.0),
[92mINFO [0m:      	                    (85, 0.0),
[92mINFO [0m:      	                    (86, 0.0),
[92mINFO [0m:      	                    (87, 0.0),
[92mINFO [0m:      	                    (88, 0.0),
[92mINFO [0m:      	                    (89, 0.0),
[92mINFO [0m:      	                    (90, 0.0),
[92mINFO [0m:      	                    (91, 0.0),
[92mINFO [0m:      	                    (92, 0.0),
[92mINFO [0m:      	                    (93, 0.0),
[92mINFO [0m:      	                    (94, 0.0),
[92mINFO [0m:      	                    (95, 0.0),
[92mINFO [0m:      	                    (96, 0.0),
[92mINFO [0m:      	                    (97, 0.07272727272727272),
[92mINFO [0m:      	                    (98, 0.0),
[92mINFO [0m:      	                    (99, 0.0),
[92mINFO [0m:      	                    (100, 0.0)],
[92mINFO [0m:      	 'worst_class_recall': [(0, 0.0),
[92mINFO [0m:      	                        (1, 0.0),
[92mINFO [0m:      	                        (2, 0.0),
[92mINFO [0m:      	                        (3, 0.0),
[92mINFO [0m:      	                        (4, 0.0),
[92mINFO [0m:      	                        (5, 0.0),
[92mINFO [0m:      	                        (6, 0.0),
[92mINFO [0m:      	                        (7, 0.0),
[92mINFO [0m:      	                        (8, 0.0),
[92mINFO [0m:      	                        (9, 0.0),
[92mINFO [0m:      	                        (10, 0.0),
[92mINFO [0m:      	                        (11, 0.0),
[92mINFO [0m:      	                        (12, 0.0),
[92mINFO [0m:      	                        (13, 0.0),
[92mINFO [0m:      	                        (14, 0.0),
[92mINFO [0m:      	                        (15, 0.0),
[92mINFO [0m:      	                        (16, 0.0),
[92mINFO [0m:      	                        (17, 0.0),
[92mINFO [0m:      	                        (18, 0.0),
[92mINFO [0m:      	                        (19, 0.0),
[92mINFO [0m:      	                        (20, 0.0),
[92mINFO [0m:      	                        (21, 0.0),
[92mINFO [0m:      	                        (22, 0.0),
[92mINFO [0m:      	                        (23, 0.0),
[92mINFO [0m:      	                        (24, 0.0),
[92mINFO [0m:      	                        (25, 0.0),
[92mINFO [0m:      	                        (26, 0.0),
[92mINFO [0m:      	                        (27, 0.0),
[92mINFO [0m:      	                        (28, 0.0),
[92mINFO [0m:      	                        (29, 0.0),
[92mINFO [0m:      	                        (30, 0.0),
[92mINFO [0m:      	                        (31, 0.0),
[92mINFO [0m:      	                        (32, 0.0),
[36m(ClientAppActor pid=450346)[0m /home/bk489/federated_clean/.venv/lib/python3.9/site-packages/sklearn/metrics/_classification.py:407: UserWarning: A single label was found in 'y_true' and 'y_pred'. For the confusion matrix to have the correct shape, use the 'labels' parameter to pass all known labels.
[92mINFO [0m:      	                        (33, 0.0),
[36m(ClientAppActor pid=450346)[0m   warnings.warn(
[92mINFO [0m:      	                        (34, 0.0),
[92mINFO [0m:      	                        (35, 0.0),
[92mINFO [0m:      	                        (36, 0.0),
[92mINFO [0m:      	                        (37, 0.0),
[92mINFO [0m:      	                        (38, 0.0),
[92mINFO [0m:      	                        (39, 0.0),
[92mINFO [0m:      	                        (40, 0.0),
[92mINFO [0m:      	                        (41, 0.0),
[92mINFO [0m:      	                        (42, 0.0),
[92mINFO [0m:      	                        (43, 0.0),
[92mINFO [0m:      	                        (44, 0.0),
[92mINFO [0m:      	                        (45, 0.0),
[92mINFO [0m:      	                        (46, 0.0),
[92mINFO [0m:      	                        (47, 0.0),
[92mINFO [0m:      	                        (48, 0.0),
[92mINFO [0m:      	                        (49, 0.0),
[92mINFO [0m:      	                        (50, 0.0),
[92mINFO [0m:      	                        (51, 0.0),
[92mINFO [0m:      	                        (52, 0.0),
[92mINFO [0m:      	                        (53, 0.0),
[92mINFO [0m:      	                        (54, 0.0),
[92mINFO [0m:      	                        (55, 0.0),
[92mINFO [0m:      	                        (56, 0.0),
[92mINFO [0m:      	                        (57, 0.0),
[92mINFO [0m:      	                        (58, 0.0),
[92mINFO [0m:      	                        (59, 0.0),
[92mINFO [0m:      	                        (60, 0.0),
[92mINFO [0m:      	                        (61, 0.0),
[92mINFO [0m:      	                        (62, 0.0),
[92mINFO [0m:      	                        (63, 0.0),
[92mINFO [0m:      	                        (64, 0.0),
[92mINFO [0m:      	                        (65, 0.0),
[92mINFO [0m:      	                        (66, 0.0),
[92mINFO [0m:      	                        (67, 0.0),
[92mINFO [0m:      	                        (68, 0.0),
[92mINFO [0m:      	                        (69, 0.0),
[92mINFO [0m:      	                        (70, 0.0),
[92mINFO [0m:      	                        (71, 0.0),
[92mINFO [0m:      	                        (72, 0.0),
[92mINFO [0m:      	                        (73, 0.0),
[92mINFO [0m:      	                        (74, 0.0),
[92mINFO [0m:      	                        (75, 0.019230769230769232),
[92mINFO [0m:      	                        (76, 0.0),
[92mINFO [0m:      	                        (77, 0.0),
[92mINFO [0m:      	                        (78, 0.0),
[92mINFO [0m:      	                        (79, 0.0),
[92mINFO [0m:      	                        (80, 0.0),
[92mINFO [0m:      	                        (81, 0.0),
[92mINFO [0m:      	                        (82, 0.0),
[92mINFO [0m:      	                        (83, 0.0),
[92mINFO [0m:      	                        (84, 0.0),
[92mINFO [0m:      	                        (85, 0.0),
[92mINFO [0m:      	                        (86, 0.0),
[92mINFO [0m:      	                        (87, 0.0),
[92mINFO [0m:      	                        (88, 0.0),
[92mINFO [0m:      	                        (89, 0.0),
[92mINFO [0m:      	                        (90, 0.0),
[92mINFO [0m:      	                        (91, 0.0),
[92mINFO [0m:      	                        (92, 0.0),
[92mINFO [0m:      	                        (93, 0.0),
[92mINFO [0m:      	                        (94, 0.0),
[92mINFO [0m:      	                        (95, 0.0),
[92mINFO [0m:      	                        (96, 0.0),
[92mINFO [0m:      	                        (97, 0.038461538461538464),
[92mINFO [0m:      	                        (98, 0.0),
[92mINFO [0m:      	                        (99, 0.0),
[92mINFO [0m:      	                        (100, 0.0)]}
[92mINFO [0m:      
/home/bk489/federated_clean/cleanest_federated/fl-dermamnist-starter/metrics/evaluation.py:68: UserWarning: AUROC set to NaN because present classes are [0, 1, 2, 3, 4], expected [0, 1, 2, 3, 4, 5, 6]
  warnings.warn(f'AUROC set to NaN because present classes are {present_classes}, expected {labels}')
/home/bk489/federated_clean/.venv/lib/python3.9/site-packages/sklearn/metrics/_classification.py:2524: UserWarning: y_pred contains classes not in y_true
  warnings.warn("y_pred contains classes not in y_true")
/home/bk489/federated_clean/cleanest_federated/fl-dermamnist-starter/metrics/evaluation.py:68: UserWarning: AUROC set to NaN because present classes are [0, 1, 2, 4, 5, 6], expected [0, 1, 2, 3, 4, 5, 6]
  warnings.warn(f'AUROC set to NaN because present classes are {present_classes}, expected {labels}')
/home/bk489/federated_clean/.venv/lib/python3.9/site-packages/sklearn/metrics/_classification.py:2524: UserWarning: y_pred contains classes not in y_true
  warnings.warn("y_pred contains classes not in y_true")
/home/bk489/federated_clean/cleanest_federated/fl-dermamnist-starter/metrics/evaluation.py:68: UserWarning: AUROC set to NaN because present classes are [0, 4, 5], expected [0, 1, 2, 3, 4, 5, 6]
  warnings.warn(f'AUROC set to NaN because present classes are {present_classes}, expected {labels}')
/home/bk489/federated_clean/.venv/lib/python3.9/site-packages/sklearn/metrics/_classification.py:2524: UserWarning: y_pred contains classes not in y_true
  warnings.warn("y_pred contains classes not in y_true")
/home/bk489/federated_clean/cleanest_federated/fl-dermamnist-starter/metrics/evaluation.py:68: UserWarning: AUROC set to NaN because present classes are [1, 2, 3, 4, 5, 6], expected [0, 1, 2, 3, 4, 5, 6]
  warnings.warn(f'AUROC set to NaN because present classes are {present_classes}, expected {labels}')
/home/bk489/federated_clean/.venv/lib/python3.9/site-packages/sklearn/metrics/_classification.py:2524: UserWarning: y_pred contains classes not in y_true
  warnings.warn("y_pred contains classes not in y_true")
/home/bk489/federated_clean/cleanest_federated/fl-dermamnist-starter/metrics/evaluation.py:68: UserWarning: AUROC set to NaN because present classes are [0, 1, 2, 4, 5], expected [0, 1, 2, 3, 4, 5, 6]
  warnings.warn(f'AUROC set to NaN because present classes are {present_classes}, expected {labels}')
/home/bk489/federated_clean/cleanest_federated/fl-dermamnist-starter/metrics/evaluation.py:68: UserWarning: AUROC set to NaN because present classes are [2, 3, 4, 5], expected [0, 1, 2, 3, 4, 5, 6]
  warnings.warn(f'AUROC set to NaN because present classes are {present_classes}, expected {labels}')
/home/bk489/federated_clean/.venv/lib/python3.9/site-packages/sklearn/metrics/_classification.py:2524: UserWarning: y_pred contains classes not in y_true
  warnings.warn("y_pred contains classes not in y_true")
/home/bk489/federated_clean/cleanest_federated/fl-dermamnist-starter/metrics/evaluation.py:68: UserWarning: AUROC set to NaN because present classes are [1, 2, 3, 4, 5, 6], expected [0, 1, 2, 3, 4, 5, 6]
  warnings.warn(f'AUROC set to NaN because present classes are {present_classes}, expected {labels}')
/home/bk489/federated_clean/.venv/lib/python3.9/site-packages/sklearn/metrics/_classification.py:2524: UserWarning: y_pred contains classes not in y_true
  warnings.warn("y_pred contains classes not in y_true")
/home/bk489/federated_clean/cleanest_federated/fl-dermamnist-starter/metrics/evaluation.py:68: UserWarning: AUROC set to NaN because present classes are [0, 1, 2, 3, 4, 5], expected [0, 1, 2, 3, 4, 5, 6]
  warnings.warn(f'AUROC set to NaN because present classes are {present_classes}, expected {labels}')
[36m(ClientAppActor pid=450336)[0m /home/bk489/federated_clean/cleanest_federated/fl-dermamnist-starter/data/download.py:27: UserWarning: The given NumPy array is not writable, and PyTorch does not support non-writable tensors. This means writing to this tensor will result in undefined behavior. You may want to copy the array to protect its data or make it writable before converting it to a tensor. This type of warning will be suppressed for the rest of this program. (Triggered internally at /pytorch/torch/csrc/utils/tensor_numpy.cpp:203.)[32m [repeated 121x across cluster][0m
[36m(ClientAppActor pid=450336)[0m   tensor = torch.as_tensor(image)[32m [repeated 121x across cluster][0m
[36m(ClientAppActor pid=450344)[0m [93mWARNING [0m:   DEPRECATED FEATURE: `client_fn` now expects a signature `def client_fn(context: Context)`.The provided `client_fn` has signature: {'cid': <Parameter "cid: 'str'">}. You can import the `Context` like this: `from flwr.common import Context`[32m [repeated 10x across cluster][0m
[36m(ClientAppActor pid=450344)[0m             This is a deprecated feature. It will be removed[32m [repeated 10x across cluster][0m
[36m(ClientAppActor pid=450344)[0m             entirely in future versions of Flower.[32m [repeated 10x across cluster][0m
[36m(ClientAppActor pid=450349)[0m /home/bk489/federated_clean/cleanest_federated/fl-dermamnist-starter/metrics/evaluation.py:68: UserWarning: AUROC set to NaN because present classes are [2, 4, 5], expected [0, 1, 2, 3, 4, 5, 6][32m [repeated 10x across cluster][0m
[36m(ClientAppActor pid=450349)[0m   warnings.warn(f'AUROC set to NaN because present classes are {present_classes}, expected {labels}')[32m [repeated 10x across cluster][0m
[36m(ClientAppActor pid=450349)[0m /home/bk489/federated_clean/.venv/lib/python3.9/site-packages/sklearn/metrics/_classification.py:2524: UserWarning: y_pred contains classes not in y_true[32m [repeated 8x across cluster][0m
[36m(ClientAppActor pid=450349)[0m   warnings.warn("y_pred contains classes not in y_true")[32m [repeated 8x across cluster][0m
