/home/bk489/federated_clean/.venv/lib/python3.9/site-packages/matplotlib/_fontconfig_pattern.py:64: PyparsingDeprecationWarning: 'oneOf' deprecated - use 'one_of'
  prop = Group((name + Suppress("=") + comma_separated(value)) | oneOf(_CONSTANTS))
/home/bk489/federated_clean/.venv/lib/python3.9/site-packages/matplotlib/_fontconfig_pattern.py:85: PyparsingDeprecationWarning: 'parseString' deprecated - use 'parse_string'
  parse = parser.parseString(pattern)
/home/bk489/federated_clean/.venv/lib/python3.9/site-packages/matplotlib/_fontconfig_pattern.py:89: PyparsingDeprecationWarning: 'resetCache' deprecated - use 'reset_cache'
  parser.resetCache()
/home/bk489/federated_clean/.venv/lib/python3.9/site-packages/matplotlib/_mathtext.py:45: PyparsingDeprecationWarning: 'enablePackrat' deprecated - use 'enable_packrat'
  ParserElement.enablePackrat()
In /home/bk489/federated_clean/.venv/lib/python3.9/site-packages/matplotlib/mpl-data/stylelib/classic.mplstyle: 'parseString' deprecated - use 'parse_string'
In /home/bk489/federated_clean/.venv/lib/python3.9/site-packages/matplotlib/mpl-data/stylelib/classic.mplstyle: 'resetCache' deprecated - use 'reset_cache'
/home/bk489/federated_clean/cleanest_federated/fl-dermamnist-starter/data/visualise.py:71: UserWarning: Tight layout not applied. The bottom and top margins cannot be made large enough to accommodate all Axes decorations.
  fig.tight_layout()
[93mWARNING [0m:   DEPRECATED FEATURE: flwr.simulation.start_simulation() is deprecated.
	Instead, use the `flwr run` CLI command to start a local simulation in your Flower app, as shown for example below:

		$ flwr new  # Create a new Flower app from a template

		$ flwr run  # Run the Flower app in Simulation Mode

	Using `start_simulation()` is deprecated.

            This is a deprecated feature. It will be removed
            entirely in future versions of Flower.
        
[92mINFO [0m:      Starting Flower simulation, config: num_rounds=150, no round_timeout
2026-05-13 10:58:24,492	INFO worker.py:1771 -- Started a local Ray instance.
[92mINFO [0m:      Flower VCE: Ray initialized with resources: {'accelerator_type:A100': 1.0, 'node:__internal_head__': 1.0, 'node:10.43.74.58': 1.0, 'CPU': 128.0, 'object_store_memory': 200000000000.0, 'memory': 862281645056.0, 'GPU': 1.0}
[92mINFO [0m:      Optimize your simulation with Flower VCE: https://flower.ai/docs/framework/how-to-run-simulations.html
[92mINFO [0m:      Flower VCE: Resources for each Virtual Client: {'num_cpus': 1, 'num_gpus': 0.1}
[92mINFO [0m:      Flower VCE: Creating VirtualClientEngineActorPool with 10 actors
[92mINFO [0m:      [INIT]
[92mINFO [0m:      Requesting initial parameters from one random client
[36m(ClientAppActor pid=440499)[0m /home/bk489/federated_clean/.venv/lib/python3.9/site-packages/matplotlib/_fontconfig_pattern.py:64: PyparsingDeprecationWarning: 'oneOf' deprecated - use 'one_of'
[36m(ClientAppActor pid=440499)[0m   prop = Group((name + Suppress("=") + comma_separated(value)) | oneOf(_CONSTANTS))
[36m(ClientAppActor pid=440499)[0m /home/bk489/federated_clean/.venv/lib/python3.9/site-packages/matplotlib/_fontconfig_pattern.py:85: PyparsingDeprecationWarning: 'parseString' deprecated - use 'parse_string'
[36m(ClientAppActor pid=440499)[0m   parse = parser.parseString(pattern)
[36m(ClientAppActor pid=440499)[0m /home/bk489/federated_clean/.venv/lib/python3.9/site-packages/matplotlib/_fontconfig_pattern.py:89: PyparsingDeprecationWarning: 'resetCache' deprecated - use 'reset_cache'
[36m(ClientAppActor pid=440499)[0m   parser.resetCache()
[36m(ClientAppActor pid=440499)[0m /home/bk489/federated_clean/.venv/lib/python3.9/site-packages/matplotlib/_mathtext.py:45: PyparsingDeprecationWarning: 'enablePackrat' deprecated - use 'enable_packrat'
[36m(ClientAppActor pid=440499)[0m   ParserElement.enablePackrat()
[36m(ClientAppActor pid=440499)[0m In /home/bk489/federated_clean/.venv/lib/python3.9/site-packages/matplotlib/mpl-data/stylelib/classic.mplstyle: 'parseString' deprecated - use 'parse_string'
[36m(ClientAppActor pid=440499)[0m In /home/bk489/federated_clean/.venv/lib/python3.9/site-packages/matplotlib/mpl-data/stylelib/classic.mplstyle: 'resetCache' deprecated - use 'reset_cache'
[36m(ClientAppActor pid=440499)[0m [93mWARNING [0m:   DEPRECATED FEATURE: `client_fn` now expects a signature `def client_fn(context: Context)`.The provided `client_fn` has signature: {'cid': <Parameter "cid: 'str'">}. You can import the `Context` like this: `from flwr.common import Context`
[36m(ClientAppActor pid=440499)[0m 
[36m(ClientAppActor pid=440499)[0m             This is a deprecated feature. It will be removed
[36m(ClientAppActor pid=440499)[0m             entirely in future versions of Flower.
[36m(ClientAppActor pid=440499)[0m         
[92mINFO [0m:      Received initial parameters from one random client
[92mINFO [0m:      Starting evaluation of initial global parameters
[92mINFO [0m:      initial parameters (loss, other metrics): 1.9143925685350107, {'accuracy': 0.1106679960119641, 'balanced_accuracy': 0.14285714285714285, 'macro_f1': 0.028468838163631698, 'worst_class_f1': 0.0, 'worst_class_recall': 0.0, 'f1_actinic_keratoses_an': 0.0, 'recall_actinic_keratoses_an': 0.0, 'f1_basal_cell_carcinoma': 0.0, 'recall_basal_cell_carcinoma': 0.0, 'f1_benign_keratosis-lik': 0.0, 'recall_benign_keratosis-lik': 0.0, 'f1_dermatofibroma': 0.0, 'recall_dermatofibroma': 0.0, 'f1_melanoma': 0.1992818671454219, 'recall_melanoma': 1.0, 'f1_melanocytic_nevi': 0.0, 'recall_melanocytic_nevi': 0.0, 'f1_vascular_lesions': 0.0, 'recall_vascular_lesions': 0.0}
[92mINFO [0m:      
[92mINFO [0m:      [ROUND 1]
[92mINFO [0m:      configure_fit: strategy sampled 5 clients (out of 10)
[36m(ClientAppActor pid=440499)[0m [93mWARNING [0m:   DEPRECATED FEATURE: `client_fn` now expects a signature `def client_fn(context: Context)`.The provided `client_fn` has signature: {'cid': <Parameter "cid: 'str'">}. You can import the `Context` like this: `from flwr.common import Context`
[36m(ClientAppActor pid=440499)[0m 
[36m(ClientAppActor pid=440499)[0m             This is a deprecated feature. It will be removed
[36m(ClientAppActor pid=440499)[0m             entirely in future versions of Flower.
[36m(ClientAppActor pid=440499)[0m         
[36m(ClientAppActor pid=440499)[0m /home/bk489/federated_clean/cleanest_federated/fl-dermamnist-starter/data/download.py:27: UserWarning: The given NumPy array is not writable, and PyTorch does not support non-writable tensors. This means writing to this tensor will result in undefined behavior. You may want to copy the array to protect its data or make it writable before converting it to a tensor. This type of warning will be suppressed for the rest of this program. (Triggered internally at /pytorch/torch/csrc/utils/tensor_numpy.cpp:203.)
[36m(ClientAppActor pid=440499)[0m   tensor = torch.as_tensor(image)
[36m(ClientAppActor pid=440494)[0m /home/bk489/federated_clean/.venv/lib/python3.9/site-packages/matplotlib/_fontconfig_pattern.py:64: PyparsingDeprecationWarning: 'oneOf' deprecated - use 'one_of'
[36m(ClientAppActor pid=440494)[0m   prop = Group((name + Suppress("=") + comma_separated(value)) | oneOf(_CONSTANTS))
[36m(ClientAppActor pid=440494)[0m /home/bk489/federated_clean/.venv/lib/python3.9/site-packages/matplotlib/_fontconfig_pattern.py:85: PyparsingDeprecationWarning: 'parseString' deprecated - use 'parse_string'
[36m(ClientAppActor pid=440494)[0m   parse = parser.parseString(pattern)
[36m(ClientAppActor pid=440494)[0m /home/bk489/federated_clean/.venv/lib/python3.9/site-packages/matplotlib/_fontconfig_pattern.py:89: PyparsingDeprecationWarning: 'resetCache' deprecated - use 'reset_cache'
[36m(ClientAppActor pid=440494)[0m   parser.resetCache()
[36m(ClientAppActor pid=440497)[0m /home/bk489/federated_clean/.venv/lib/python3.9/site-packages/matplotlib/_fontconfig_pattern.py:64: PyparsingDeprecationWarning: 'oneOf' deprecated - use 'one_of'
[36m(ClientAppActor pid=440497)[0m   prop = Group((name + Suppress("=") + comma_separated(value)) | oneOf(_CONSTANTS))
[36m(ClientAppActor pid=440497)[0m /home/bk489/federated_clean/.venv/lib/python3.9/site-packages/matplotlib/_fontconfig_pattern.py:85: PyparsingDeprecationWarning: 'parseString' deprecated - use 'parse_string'
[36m(ClientAppActor pid=440497)[0m   parse = parser.parseString(pattern)
[36m(ClientAppActor pid=440497)[0m /home/bk489/federated_clean/.venv/lib/python3.9/site-packages/matplotlib/_fontconfig_pattern.py:89: PyparsingDeprecationWarning: 'resetCache' deprecated - use 'reset_cache'
[36m(ClientAppActor pid=440497)[0m   parser.resetCache()
[36m(ClientAppActor pid=440494)[0m /home/bk489/federated_clean/.venv/lib/python3.9/site-packages/matplotlib/_mathtext.py:45: PyparsingDeprecationWarning: 'enablePackrat' deprecated - use 'enable_packrat'
[36m(ClientAppActor pid=440494)[0m   ParserElement.enablePackrat()
[36m(ClientAppActor pid=440494)[0m In /home/bk489/federated_clean/.venv/lib/python3.9/site-packages/matplotlib/mpl-data/stylelib/classic.mplstyle: 'parseString' deprecated - use 'parse_string'
[36m(ClientAppActor pid=440494)[0m In /home/bk489/federated_clean/.venv/lib/python3.9/site-packages/matplotlib/mpl-data/stylelib/classic.mplstyle: 'resetCache' deprecated - use 'reset_cache'
[36m(ClientAppActor pid=440494)[0m [93mWARNING [0m:   DEPRECATED FEATURE: `client_fn` now expects a signature `def client_fn(context: Context)`.The provided `client_fn` has signature: {'cid': <Parameter "cid: 'str'">}. You can import the `Context` like this: `from flwr.common import Context`
[36m(ClientAppActor pid=440494)[0m 
[36m(ClientAppActor pid=440494)[0m             This is a deprecated feature. It will be removed
[36m(ClientAppActor pid=440494)[0m             entirely in future versions of Flower.
[36m(ClientAppActor pid=440494)[0m         
[36m(ClientAppActor pid=440497)[0m 
[36m(ClientAppActor pid=440497)[0m         
[36m(ClientAppActor pid=440493)[0m 
[36m(ClientAppActor pid=440493)[0m         
[36m(ClientAppActor pid=440496)[0m 
[36m(ClientAppActor pid=440496)[0m         
[92mINFO [0m:      aggregate_fit: received 5 results and 0 failures
[92mINFO [0m:      fit progress: (1, 1.1952726063676038, {'accuracy': 0.6989032901296112, 'balanced_accuracy': 0.1915903768362785, 'macro_f1': 0.17754177951222289, 'worst_class_f1': 0.0, 'worst_class_recall': 0.0, 'f1_actinic_keratoses_an': 0.0, 'recall_actinic_keratoses_an': 0.0, 'f1_basal_cell_carcinoma': 0.0, 'recall_basal_cell_carcinoma': 0.0, 'f1_benign_keratosis-lik': 0.4126984126984127, 'recall_benign_keratosis-lik': 0.35454545454545455, 'f1_dermatofibroma': 0.0, 'recall_dermatofibroma': 0.0, 'f1_melanoma': 0.0, 'recall_melanoma': 0.0, 'f1_melanocytic_nevi': 0.8300940438871474, 'recall_melanocytic_nevi': 0.9865871833084948, 'f1_vascular_lesions': 0.0, 'recall_vascular_lesions': 0.0}, 13.174363268975867)
[92mINFO [0m:      configure_evaluate: strategy sampled 10 clients (out of 10)
[36m(ClientAppActor pid=440494)[0m 
[36m(ClientAppActor pid=440494)[0m         
[36m(ClientAppActor pid=440494)[0m /home/bk489/federated_clean/cleanest_federated/fl-dermamnist-starter/metrics/evaluation.py:68: UserWarning: AUROC set to NaN because present classes are [0, 1, 6], expected [0, 1, 2, 3, 4, 5, 6]
[36m(ClientAppActor pid=440494)[0m   warnings.warn(f'AUROC set to NaN because present classes are {present_classes}, expected {labels}')
[36m(ClientAppActor pid=440494)[0m /home/bk489/federated_clean/.venv/lib/python3.9/site-packages/sklearn/metrics/_classification.py:2524: UserWarning: y_pred contains classes not in y_true
[36m(ClientAppActor pid=440494)[0m   warnings.warn("y_pred contains classes not in y_true")
[36m(ClientAppActor pid=440496)[0m /home/bk489/federated_clean/cleanest_federated/fl-dermamnist-starter/data/download.py:27: UserWarning: The given NumPy array is not writable, and PyTorch does not support non-writable tensors. This means writing to this tensor will result in undefined behavior. You may want to copy the array to protect its data or make it writable before converting it to a tensor. This type of warning will be suppressed for the rest of this program. (Triggered internally at /pytorch/torch/csrc/utils/tensor_numpy.cpp:203.)[32m [repeated 4x across cluster] (Ray deduplicates logs by default. Set RAY_DEDUP_LOGS=0 to disable log deduplication, or see https://docs.ray.io/en/master/ray-observability/user-guides/configure-logging.html#log-deduplication for more options.)[0m
[36m(ClientAppActor pid=440496)[0m   tensor = torch.as_tensor(image)[32m [repeated 4x across cluster][0m
[36m(ClientAppActor pid=440496)[0m /home/bk489/federated_clean/.venv/lib/python3.9/site-packages/matplotlib/_fontconfig_pattern.py:64: PyparsingDeprecationWarning: 'oneOf' deprecated - use 'one_of'[32m [repeated 2x across cluster][0m
[36m(ClientAppActor pid=440496)[0m   prop = Group((name + Suppress("=") + comma_separated(value)) | oneOf(_CONSTANTS))[32m [repeated 2x across cluster][0m
[36m(ClientAppActor pid=440496)[0m /home/bk489/federated_clean/.venv/lib/python3.9/site-packages/matplotlib/_fontconfig_pattern.py:85: PyparsingDeprecationWarning: 'parseString' deprecated - use 'parse_string'[32m [repeated 2x across cluster][0m
[36m(ClientAppActor pid=440496)[0m   parse = parser.parseString(pattern)[32m [repeated 2x across cluster][0m
[36m(ClientAppActor pid=440496)[0m /home/bk489/federated_clean/.venv/lib/python3.9/site-packages/matplotlib/_fontconfig_pattern.py:89: PyparsingDeprecationWarning: 'resetCache' deprecated - use 'reset_cache'[32m [repeated 2x across cluster][0m
[36m(ClientAppActor pid=440496)[0m   parser.resetCache()[32m [repeated 2x across cluster][0m
[36m(ClientAppActor pid=440496)[0m /home/bk489/federated_clean/.venv/lib/python3.9/site-packages/matplotlib/_mathtext.py:45: PyparsingDeprecationWarning: 'enablePackrat' deprecated - use 'enable_packrat'[32m [repeated 3x across cluster][0m
[36m(ClientAppActor pid=440496)[0m   ParserElement.enablePackrat()[32m [repeated 3x across cluster][0m
[36m(ClientAppActor pid=440496)[0m In /home/bk489/federated_clean/.venv/lib/python3.9/site-packages/matplotlib/mpl-data/stylelib/classic.mplstyle: 'parseString' deprecated - use 'parse_string'[32m [repeated 3x across cluster][0m
[36m(ClientAppActor pid=440496)[0m In /home/bk489/federated_clean/.venv/lib/python3.9/site-packages/matplotlib/mpl-data/stylelib/classic.mplstyle: 'resetCache' deprecated - use 'reset_cache'[32m [repeated 3x across cluster][0m
[36m(ClientAppActor pid=440494)[0m [93mWARNING [0m:   DEPRECATED FEATURE: `client_fn` now expects a signature `def client_fn(context: Context)`.The provided `client_fn` has signature: {'cid': <Parameter "cid: 'str'">}. You can import the `Context` like this: `from flwr.common import Context`[32m [repeated 4x across cluster][0m
[36m(ClientAppActor pid=440494)[0m             This is a deprecated feature. It will be removed[32m [repeated 4x across cluster][0m
[36m(ClientAppActor pid=440494)[0m             entirely in future versions of Flower.[32m [repeated 4x across cluster][0m
[36m(ClientAppActor pid=440497)[0m 
[36m(ClientAppActor pid=440497)[0m         
[36m(ClientAppActor pid=440499)[0m 
[36m(ClientAppActor pid=440499)[0m         
[36m(ClientAppActor pid=440493)[0m 
[36m(ClientAppActor pid=440493)[0m         
[36m(ClientAppActor pid=440496)[0m 
[36m(ClientAppActor pid=440496)[0m         
[36m(ClientAppActor pid=440492)[0m 
[36m(ClientAppActor pid=440492)[0m         
[36m(ClientAppActor pid=440469)[0m 
[36m(ClientAppActor pid=440469)[0m         
[36m(ClientAppActor pid=440470)[0m 
[36m(ClientAppActor pid=440470)[0m         
[36m(ClientAppActor pid=440478)[0m 
[36m(ClientAppActor pid=440478)[0m         
[36m(ClientAppActor pid=440479)[0m 
[36m(ClientAppActor pid=440479)[0m         
[36m(ClientAppActor pid=440496)[0m /home/bk489/federated_clean/cleanest_federated/fl-dermamnist-starter/metrics/evaluation.py:68: UserWarning: AUROC set to NaN because present classes are [0, 6], expected [0, 1, 2, 3, 4, 5, 6][32m [repeated 4x across cluster][0m
[36m(ClientAppActor pid=440496)[0m   warnings.warn(f'AUROC set to NaN because present classes are {present_classes}, expected {labels}')[32m [repeated 4x across cluster][0m
[36m(ClientAppActor pid=440496)[0m /home/bk489/federated_clean/.venv/lib/python3.9/site-packages/sklearn/metrics/_classification.py:2524: UserWarning: y_pred contains classes not in y_true[32m [repeated 3x across cluster][0m
[36m(ClientAppActor pid=440496)[0m   warnings.warn("y_pred contains classes not in y_true")[32m [repeated 3x across cluster][0m
[36m(ClientAppActor pid=440478)[0m /home/bk489/federated_clean/cleanest_federated/fl-dermamnist-starter/data/download.py:27: UserWarning: The given NumPy array is not writable, and PyTorch does not support non-writable tensors. This means writing to this tensor will result in undefined behavior. You may want to copy the array to protect its data or make it writable before converting it to a tensor. This type of warning will be suppressed for the rest of this program. (Triggered internally at /pytorch/torch/csrc/utils/tensor_numpy.cpp:203.)
[36m(ClientAppActor pid=440478)[0m   tensor = torch.as_tensor(image)
[36m(ClientAppActor pid=440478)[0m /home/bk489/federated_clean/.venv/lib/python3.9/site-packages/matplotlib/_fontconfig_pattern.py:64: PyparsingDeprecationWarning: 'oneOf' deprecated - use 'one_of'[32m [repeated 5x across cluster][0m
[36m(ClientAppActor pid=440478)[0m   prop = Group((name + Suppress("=") + comma_separated(value)) | oneOf(_CONSTANTS))[32m [repeated 5x across cluster][0m
[36m(ClientAppActor pid=440478)[0m /home/bk489/federated_clean/.venv/lib/python3.9/site-packages/matplotlib/_fontconfig_pattern.py:85: PyparsingDeprecationWarning: 'parseString' deprecated - use 'parse_string'[32m [repeated 5x across cluster][0m
[36m(ClientAppActor pid=440478)[0m   parse = parser.parseString(pattern)[32m [repeated 5x across cluster][0m
[36m(ClientAppActor pid=440478)[0m /home/bk489/federated_clean/.venv/lib/python3.9/site-packages/matplotlib/_fontconfig_pattern.py:89: PyparsingDeprecationWarning: 'resetCache' deprecated - use 'reset_cache'[32m [repeated 5x across cluster][0m
[36m(ClientAppActor pid=440478)[0m   parser.resetCache()[32m [repeated 5x across cluster][0m
[36m(ClientAppActor pid=440478)[0m /home/bk489/federated_clean/.venv/lib/python3.9/site-packages/matplotlib/_mathtext.py:45: PyparsingDeprecationWarning: 'enablePackrat' deprecated - use 'enable_packrat'[32m [repeated 5x across cluster][0m
[36m(ClientAppActor pid=440478)[0m   ParserElement.enablePackrat()[32m [repeated 5x across cluster][0m
[36m(ClientAppActor pid=440479)[0m In /home/bk489/federated_clean/.venv/lib/python3.9/site-packages/matplotlib/mpl-data/stylelib/classic.mplstyle: 'parseString' deprecated - use 'parse_string'[32m [repeated 5x across cluster][0m
[36m(ClientAppActor pid=440479)[0m In /home/bk489/federated_clean/.venv/lib/python3.9/site-packages/matplotlib/mpl-data/stylelib/classic.mplstyle: 'resetCache' deprecated - use 'reset_cache'[32m [repeated 5x across cluster][0m
[36m(ClientAppActor pid=440479)[0m [93mWARNING [0m:   DEPRECATED FEATURE: `client_fn` now expects a signature `def client_fn(context: Context)`.The provided `client_fn` has signature: {'cid': <Parameter "cid: 'str'">}. You can import the `Context` like this: `from flwr.common import Context`[32m [repeated 9x across cluster][0m
[36m(ClientAppActor pid=440479)[0m             This is a deprecated feature. It will be removed[32m [repeated 9x across cluster][0m
[36m(ClientAppActor pid=440479)[0m             entirely in future versions of Flower.[32m [repeated 9x across cluster][0m
[36m(ClientAppActor pid=440492)[0m /home/bk489/federated_clean/cleanest_federated/fl-dermamnist-starter/data/download.py:27: UserWarning: The given NumPy array is not writable, and PyTorch does not support non-writable tensors. This means writing to this tensor will result in undefined behavior. You may want to copy the array to protect its data or make it writable before converting it to a tensor. This type of warning will be suppressed for the rest of this program. (Triggered internally at /pytorch/torch/csrc/utils/tensor_numpy.cpp:203.)
[36m(ClientAppActor pid=440492)[0m   tensor = torch.as_tensor(image)
[92mINFO [0m:      aggregate_evaluate: received 10 results and 0 failures
[93mWARNING [0m:   No evaluate_metrics_aggregation_fn provided
[92mINFO [0m:      
[92mINFO [0m:      [ROUND 2]
[92mINFO [0m:      configure_fit: strategy sampled 5 clients (out of 10)
[36m(ClientAppActor pid=440492)[0m 
[36m(ClientAppActor pid=440492)[0m         
[36m(ClientAppActor pid=440479)[0m 
[36m(ClientAppActor pid=440479)[0m         
[36m(ClientAppActor pid=440469)[0m 
[36m(ClientAppActor pid=440469)[0m         
[36m(ClientAppActor pid=440470)[0m 
[36m(ClientAppActor pid=440470)[0m         
[36m(ClientAppActor pid=440478)[0m 
[36m(ClientAppActor pid=440478)[0m         
[92mINFO [0m:      aggregate_fit: received 5 results and 0 failures
[92mINFO [0m:      fit progress: (2, 1.2126028953734804, {'accuracy': 0.6610169491525424, 'balanced_accuracy': 0.19434640090377794, 'macro_f1': 0.17119441827185522, 'worst_class_f1': 0.0, 'worst_class_recall': 0.0, 'f1_actinic_keratoses_an': 0.0, 'recall_actinic_keratoses_an': 0.0, 'f1_basal_cell_carcinoma': 0.0, 'recall_basal_cell_carcinoma': 0.0, 'f1_benign_keratosis-lik': 0.3764705882352941, 'recall_benign_keratosis-lik': 0.43636363636363634, 'f1_dermatofibroma': 0.0, 'recall_dermatofibroma': 0.0, 'f1_melanoma': 0.017699115044247787, 'recall_melanoma': 0.009009009009009009, 'f1_melanocytic_nevi': 0.8041912246234446, 'recall_melanocytic_nevi': 0.9150521609538003, 'f1_vascular_lesions': 0.0, 'recall_vascular_lesions': 0.0}, 26.46448423099355)
[92mINFO [0m:      configure_evaluate: strategy sampled 10 clients (out of 10)
[36m(ClientAppActor pid=440492)[0m 
[36m(ClientAppActor pid=440492)[0m         
[36m(ClientAppActor pid=440479)[0m /home/bk489/federated_clean/cleanest_federated/fl-dermamnist-starter/metrics/evaluation.py:68: UserWarning: AUROC set to NaN because present classes are [2, 4, 5], expected [0, 1, 2, 3, 4, 5, 6][32m [repeated 5x across cluster][0m
[36m(ClientAppActor pid=440479)[0m   warnings.warn(f'AUROC set to NaN because present classes are {present_classes}, expected {labels}')[32m [repeated 5x across cluster][0m
[36m(ClientAppActor pid=440470)[0m /home/bk489/federated_clean/.venv/lib/python3.9/site-packages/sklearn/metrics/_classification.py:2524: UserWarning: y_pred contains classes not in y_true[32m [repeated 3x across cluster][0m
[36m(ClientAppActor pid=440470)[0m   warnings.warn("y_pred contains classes not in y_true")[32m [repeated 3x across cluster][0m
[36m(ClientAppActor pid=440492)[0m [93mWARNING [0m:   DEPRECATED FEATURE: `client_fn` now expects a signature `def client_fn(context: Context)`.The provided `client_fn` has signature: {'cid': <Parameter "cid: 'str'">}. You can import the `Context` like this: `from flwr.common import Context`[32m [repeated 6x across cluster][0m
[36m(ClientAppActor pid=440492)[0m             This is a deprecated feature. It will be removed[32m [repeated 6x across cluster][0m
[36m(ClientAppActor pid=440492)[0m             entirely in future versions of Flower.[32m [repeated 6x across cluster][0m
[36m(ClientAppActor pid=440470)[0m /home/bk489/federated_clean/cleanest_federated/fl-dermamnist-starter/data/download.py:27: UserWarning: The given NumPy array is not writable, and PyTorch does not support non-writable tensors. This means writing to this tensor will result in undefined behavior. You may want to copy the array to protect its data or make it writable before converting it to a tensor. This type of warning will be suppressed for the rest of this program. (Triggered internally at /pytorch/torch/csrc/utils/tensor_numpy.cpp:203.)[32m [repeated 3x across cluster][0m
[36m(ClientAppActor pid=440470)[0m   tensor = torch.as_tensor(image)[32m [repeated 3x across cluster][0m
[36m(ClientAppActor pid=440493)[0m 
[36m(ClientAppActor pid=440493)[0m         
[36m(ClientAppActor pid=440479)[0m 
[36m(ClientAppActor pid=440479)[0m         
[36m(ClientAppActor pid=440469)[0m 
[36m(ClientAppActor pid=440469)[0m         
[36m(ClientAppActor pid=440470)[0m 
[36m(ClientAppActor pid=440470)[0m         
[36m(ClientAppActor pid=440478)[0m 
[36m(ClientAppActor pid=440478)[0m         
[92mINFO [0m:      aggregate_evaluate: received 10 results and 0 failures
[92mINFO [0m:      
[92mINFO [0m:      [ROUND 3]
[92mINFO [0m:      configure_fit: strategy sampled 5 clients (out of 10)
[36m(ClientAppActor pid=440494)[0m 
[36m(ClientAppActor pid=440494)[0m         
[36m(ClientAppActor pid=440494)[0m 
[36m(ClientAppActor pid=440494)[0m         
[36m(ClientAppActor pid=440497)[0m 
[36m(ClientAppActor pid=440497)[0m         
[36m(ClientAppActor pid=440497)[0m 
[36m(ClientAppActor pid=440497)[0m         
[36m(ClientAppActor pid=440499)[0m 
[36m(ClientAppActor pid=440499)[0m         
[36m(ClientAppActor pid=440496)[0m 
[36m(ClientAppActor pid=440496)[0m         
[36m(ClientAppActor pid=440496)[0m 
[36m(ClientAppActor pid=440496)[0m         
[36m(ClientAppActor pid=440499)[0m 
[36m(ClientAppActor pid=440499)[0m         
[36m(ClientAppActor pid=440469)[0m 
[36m(ClientAppActor pid=440469)[0m         
[92mINFO [0m:      aggregate_fit: received 5 results and 0 failures
[92mINFO [0m:      fit progress: (3, 1.1774690983777982, {'accuracy': 0.7248255234297108, 'balanced_accuracy': 0.26711778842926387, 'macro_f1': 0.25651043749260144, 'worst_class_f1': 0.0, 'worst_class_recall': 0.0, 'f1_actinic_keratoses_an': 0.0, 'recall_actinic_keratoses_an': 0.0, 'f1_basal_cell_carcinoma': 0.0, 'recall_basal_cell_carcinoma': 0.0, 'f1_benign_keratosis-lik': 0.46956521739130436, 'recall_benign_keratosis-lik': 0.4909090909090909, 'f1_dermatofibroma': 0.0, 'recall_dermatofibroma': 0.0, 'f1_melanoma': 0.4672897196261682, 'recall_melanoma': 0.45045045045045046, 'f1_melanocytic_nevi': 0.8587181254307374, 'recall_melanocytic_nevi': 0.9284649776453056, 'f1_vascular_lesions': 0.0, 'recall_vascular_lesions': 0.0}, 33.48711447400274)
[92mINFO [0m:      configure_evaluate: strategy sampled 10 clients (out of 10)
[92mINFO [0m:      aggregate_evaluate: received 10 results and 0 failures
[92mINFO [0m:      
[92mINFO [0m:      [ROUND 4]
[92mINFO [0m:      configure_fit: strategy sampled 5 clients (out of 10)
[36m(ClientAppActor pid=440494)[0m 
[36m(ClientAppActor pid=440494)[0m         
[36m(ClientAppActor pid=440494)[0m /home/bk489/federated_clean/cleanest_federated/fl-dermamnist-starter/metrics/evaluation.py:68: UserWarning: AUROC set to NaN because present classes are [2, 4, 5], expected [0, 1, 2, 3, 4, 5, 6][32m [repeated 11x across cluster][0m
[36m(ClientAppActor pid=440494)[0m   warnings.warn(f'AUROC set to NaN because present classes are {present_classes}, expected {labels}')[32m [repeated 11x across cluster][0m
[36m(ClientAppActor pid=440496)[0m /home/bk489/federated_clean/.venv/lib/python3.9/site-packages/sklearn/metrics/_classification.py:2524: UserWarning: y_pred contains classes not in y_true[32m [repeated 7x across cluster][0m
[36m(ClientAppActor pid=440496)[0m   warnings.warn("y_pred contains classes not in y_true")[32m [repeated 7x across cluster][0m
[36m(ClientAppActor pid=440494)[0m [93mWARNING [0m:   DEPRECATED FEATURE: `client_fn` now expects a signature `def client_fn(context: Context)`.The provided `client_fn` has signature: {'cid': <Parameter "cid: 'str'">}. You can import the `Context` like this: `from flwr.common import Context`[32m [repeated 15x across cluster][0m
[36m(ClientAppActor pid=440494)[0m             This is a deprecated feature. It will be removed[32m [repeated 15x across cluster][0m
[36m(ClientAppActor pid=440494)[0m             entirely in future versions of Flower.[32m [repeated 15x across cluster][0m
[36m(ClientAppActor pid=440492)[0m 
[36m(ClientAppActor pid=440492)[0m         
[36m(ClientAppActor pid=440492)[0m 
[36m(ClientAppActor pid=440492)[0m         
[36m(ClientAppActor pid=440497)[0m 
[36m(ClientAppActor pid=440497)[0m         
[36m(ClientAppActor pid=440499)[0m 
[36m(ClientAppActor pid=440499)[0m         
[36m(ClientAppActor pid=440493)[0m 
[36m(ClientAppActor pid=440493)[0m         
[36m(ClientAppActor pid=440493)[0m 
[36m(ClientAppActor pid=440493)[0m         
[36m(ClientAppActor pid=440479)[0m 
[36m(ClientAppActor pid=440479)[0m         
[36m(ClientAppActor pid=440479)[0m 
[36m(ClientAppActor pid=440479)[0m         
[36m(ClientAppActor pid=440496)[0m 
[36m(ClientAppActor pid=440496)[0m         
[36m(ClientAppActor pid=440469)[0m 
[36m(ClientAppActor pid=440469)[0m         
[36m(ClientAppActor pid=440470)[0m 
[36m(ClientAppActor pid=440470)[0m         
[36m(ClientAppActor pid=440470)[0m 
[36m(ClientAppActor pid=440470)[0m         
[36m(ClientAppActor pid=440478)[0m 
[36m(ClientAppActor pid=440478)[0m         
[36m(ClientAppActor pid=440478)[0m 
[36m(ClientAppActor pid=440478)[0m         
[92mINFO [0m:      aggregate_fit: received 5 results and 0 failures
[92mINFO [0m:      fit progress: (4, 0.9990132029130238, {'accuracy': 0.7387836490528414, 'balanced_accuracy': 0.266946316126644, 'macro_f1': 0.26099213192709125, 'worst_class_f1': 0.0, 'worst_class_recall': 0.0, 'f1_actinic_keratoses_an': 0.0, 'recall_actinic_keratoses_an': 0.0, 'f1_basal_cell_carcinoma': 0.0, 'recall_basal_cell_carcinoma': 0.0, 'f1_benign_keratosis-lik': 0.49382716049382713, 'recall_benign_keratosis-lik': 0.5454545454545454, 'f1_dermatofibroma': 0.0, 'recall_dermatofibroma': 0.0, 'f1_melanoma': 0.4659090909090909, 'recall_melanoma': 0.36936936936936937, 'f1_melanocytic_nevi': 0.8672086720867209, 'recall_melanocytic_nevi': 0.9538002980625931, 'f1_vascular_lesions': 0.0, 'recall_vascular_lesions': 0.0}, 40.62125168199418)
[92mINFO [0m:      configure_evaluate: strategy sampled 10 clients (out of 10)
[36m(ClientAppActor pid=440493)[0m 
[36m(ClientAppActor pid=440493)[0m         
[36m(ClientAppActor pid=440493)[0m /home/bk489/federated_clean/cleanest_federated/fl-dermamnist-starter/metrics/evaluation.py:68: UserWarning: AUROC set to NaN because present classes are [0, 1], expected [0, 1, 2, 3, 4, 5, 6][32m [repeated 10x across cluster][0m
[36m(ClientAppActor pid=440493)[0m   warnings.warn(f'AUROC set to NaN because present classes are {present_classes}, expected {labels}')[32m [repeated 10x across cluster][0m
[36m(ClientAppActor pid=440493)[0m /home/bk489/federated_clean/.venv/lib/python3.9/site-packages/sklearn/metrics/_classification.py:2524: UserWarning: y_pred contains classes not in y_true[32m [repeated 8x across cluster][0m
[36m(ClientAppActor pid=440493)[0m   warnings.warn("y_pred contains classes not in y_true")[32m [repeated 8x across cluster][0m
[36m(ClientAppActor pid=440493)[0m [93mWARNING [0m:   DEPRECATED FEATURE: `client_fn` now expects a signature `def client_fn(context: Context)`.The provided `client_fn` has signature: {'cid': <Parameter "cid: 'str'">}. You can import the `Context` like this: `from flwr.common import Context`[32m [repeated 15x across cluster][0m
[36m(ClientAppActor pid=440493)[0m             This is a deprecated feature. It will be removed[32m [repeated 15x across cluster][0m
[36m(ClientAppActor pid=440493)[0m             entirely in future versions of Flower.[32m [repeated 15x across cluster][0m
[36m(ClientAppActor pid=440479)[0m 
[36m(ClientAppActor pid=440479)[0m         
[36m(ClientAppActor pid=440478)[0m 
[36m(ClientAppActor pid=440478)[0m         
[36m(ClientAppActor pid=440492)[0m 
[36m(ClientAppActor pid=440492)[0m         
[36m(ClientAppActor pid=440470)[0m 
[36m(ClientAppActor pid=440470)[0m         
[36m(ClientAppActor pid=440494)[0m 
[36m(ClientAppActor pid=440494)[0m         
[36m(ClientAppActor pid=440499)[0m 
[36m(ClientAppActor pid=440499)[0m         
[92mINFO [0m:      aggregate_evaluate: received 10 results and 0 failures
[92mINFO [0m:      
[92mINFO [0m:      [ROUND 5]
[92mINFO [0m:      configure_fit: strategy sampled 5 clients (out of 10)
[36m(ClientAppActor pid=440497)[0m 
[36m(ClientAppActor pid=440497)[0m         
[36m(ClientAppActor pid=440497)[0m 
[36m(ClientAppActor pid=440497)[0m         
[36m(ClientAppActor pid=440496)[0m 
[36m(ClientAppActor pid=440496)[0m         
[36m(ClientAppActor pid=440469)[0m 
[36m(ClientAppActor pid=440469)[0m         
[36m(ClientAppActor pid=440469)[0m 
[36m(ClientAppActor pid=440469)[0m         
[36m(ClientAppActor pid=440499)[0m 
[36m(ClientAppActor pid=440499)[0m         
[36m(ClientAppActor pid=440496)[0m 
[36m(ClientAppActor pid=440496)[0m         
[36m(ClientAppActor pid=440470)[0m 
[36m(ClientAppActor pid=440470)[0m         
[92mINFO [0m:      aggregate_fit: received 5 results and 0 failures
[92mINFO [0m:      fit progress: (5, 1.4661313266839724, {'accuracy': 0.7048853439680958, 'balanced_accuracy': 0.2810609417166794, 'macro_f1': 0.25078170222749907, 'worst_class_f1': 0.0, 'worst_class_recall': 0.0, 'f1_actinic_keratoses_an': 0.0, 'recall_actinic_keratoses_an': 0.0, 'f1_basal_cell_carcinoma': 0.0, 'recall_basal_cell_carcinoma': 0.0, 'f1_benign_keratosis-lik': 0.4298245614035088, 'recall_benign_keratosis-lik': 0.44545454545454544, 'f1_dermatofibroma': 0.0, 'recall_dermatofibroma': 0.0, 'f1_melanoma': 0.46006389776357826, 'recall_melanoma': 0.6486486486486487, 'f1_melanocytic_nevi': 0.8655834564254062, 'recall_melanocytic_nevi': 0.8733233979135618, 'f1_vascular_lesions': 0.0, 'recall_vascular_lesions': 0.0}, 47.736439539992716)
[92mINFO [0m:      configure_evaluate: strategy sampled 10 clients (out of 10)
[36m(ClientAppActor pid=440499)[0m 
[36m(ClientAppActor pid=440499)[0m         
[36m(ClientAppActor pid=440470)[0m /home/bk489/federated_clean/cleanest_federated/fl-dermamnist-starter/metrics/evaluation.py:68: UserWarning: AUROC set to NaN because present classes are [2, 4, 5], expected [0, 1, 2, 3, 4, 5, 6][32m [repeated 9x across cluster][0m
[36m(ClientAppActor pid=440470)[0m   warnings.warn(f'AUROC set to NaN because present classes are {present_classes}, expected {labels}')[32m [repeated 9x across cluster][0m
[36m(ClientAppActor pid=440469)[0m /home/bk489/federated_clean/.venv/lib/python3.9/site-packages/sklearn/metrics/_classification.py:2524: UserWarning: y_pred contains classes not in y_true[32m [repeated 6x across cluster][0m
[36m(ClientAppActor pid=440469)[0m   warnings.warn("y_pred contains classes not in y_true")[32m [repeated 6x across cluster][0m
[36m(ClientAppActor pid=440499)[0m [93mWARNING [0m:   DEPRECATED FEATURE: `client_fn` now expects a signature `def client_fn(context: Context)`.The provided `client_fn` has signature: {'cid': <Parameter "cid: 'str'">}. You can import the `Context` like this: `from flwr.common import Context`[32m [repeated 15x across cluster][0m
[36m(ClientAppActor pid=440499)[0m             This is a deprecated feature. It will be removed[32m [repeated 15x across cluster][0m
[36m(ClientAppActor pid=440499)[0m             entirely in future versions of Flower.[32m [repeated 15x across cluster][0m
[36m(ClientAppActor pid=440496)[0m 
[36m(ClientAppActor pid=440496)[0m         
[92mINFO [0m:      aggregate_evaluate: received 10 results and 0 failures
[92mINFO [0m:      
[92mINFO [0m:      [ROUND 6]
[92mINFO [0m:      configure_fit: strategy sampled 5 clients (out of 10)
[36m(ClientAppActor pid=440494)[0m 
[36m(ClientAppActor pid=440494)[0m         
[36m(ClientAppActor pid=440492)[0m 
[36m(ClientAppActor pid=440492)[0m         
[36m(ClientAppActor pid=440492)[0m 
[36m(ClientAppActor pid=440492)[0m         
[36m(ClientAppActor pid=440497)[0m 
[36m(ClientAppActor pid=440497)[0m         
[36m(ClientAppActor pid=440497)[0m 
[36m(ClientAppActor pid=440497)[0m         
[36m(ClientAppActor pid=440493)[0m 
[36m(ClientAppActor pid=440493)[0m         
[36m(ClientAppActor pid=440493)[0m 
[36m(ClientAppActor pid=440493)[0m         
[36m(ClientAppActor pid=440479)[0m 
[36m(ClientAppActor pid=440479)[0m         
[36m(ClientAppActor pid=440479)[0m 
[36m(ClientAppActor pid=440479)[0m         
[36m(ClientAppActor pid=440469)[0m 
[36m(ClientAppActor pid=440469)[0m         
[36m(ClientAppActor pid=440470)[0m 
[36m(ClientAppActor pid=440470)[0m         
[36m(ClientAppActor pid=440478)[0m 
[36m(ClientAppActor pid=440478)[0m         
[36m(ClientAppActor pid=440478)[0m 
[36m(ClientAppActor pid=440478)[0m         
[92mINFO [0m:      aggregate_fit: received 5 results and 0 failures
[92mINFO [0m:      fit progress: (6, 1.0690507766969897, {'accuracy': 0.6889332003988036, 'balanced_accuracy': 0.1977499534876584, 'macro_f1': 0.19313550208333072, 'worst_class_f1': 0.0, 'worst_class_recall': 0.0, 'f1_actinic_keratoses_an': 0.0, 'recall_actinic_keratoses_an': 0.0, 'f1_basal_cell_carcinoma': 0.0, 'recall_basal_cell_carcinoma': 0.0, 'f1_benign_keratosis-lik': 0.1780821917808219, 'recall_benign_keratosis-lik': 0.11818181818181818, 'f1_dermatofibroma': 0.0, 'recall_dermatofibroma': 0.0, 'f1_melanoma': 0.3434343434343434, 'recall_melanoma': 0.3063063063063063, 'f1_melanocytic_nevi': 0.8304319793681496, 'recall_melanocytic_nevi': 0.9597615499254843, 'f1_vascular_lesions': 0.0, 'recall_vascular_lesions': 0.0}, 55.01818316898425)
[92mINFO [0m:      configure_evaluate: strategy sampled 10 clients (out of 10)
[36m(ClientAppActor pid=440494)[0m 
[36m(ClientAppActor pid=440494)[0m         
[36m(ClientAppActor pid=440494)[0m /home/bk489/federated_clean/cleanest_federated/fl-dermamnist-starter/metrics/evaluation.py:68: UserWarning: AUROC set to NaN because present classes are [0, 1, 3], expected [0, 1, 2, 3, 4, 5, 6][32m [repeated 11x across cluster][0m
[36m(ClientAppActor pid=440494)[0m   warnings.warn(f'AUROC set to NaN because present classes are {present_classes}, expected {labels}')[32m [repeated 11x across cluster][0m
[36m(ClientAppActor pid=440494)[0m /home/bk489/federated_clean/.venv/lib/python3.9/site-packages/sklearn/metrics/_classification.py:2524: UserWarning: y_pred contains classes not in y_true[32m [repeated 8x across cluster][0m
[36m(ClientAppActor pid=440494)[0m   warnings.warn("y_pred contains classes not in y_true")[32m [repeated 8x across cluster][0m
[36m(ClientAppActor pid=440494)[0m [93mWARNING [0m:   DEPRECATED FEATURE: `client_fn` now expects a signature `def client_fn(context: Context)`.The provided `client_fn` has signature: {'cid': <Parameter "cid: 'str'">}. You can import the `Context` like this: `from flwr.common import Context`[32m [repeated 15x across cluster][0m
[36m(ClientAppActor pid=440494)[0m             This is a deprecated feature. It will be removed[32m [repeated 15x across cluster][0m
[36m(ClientAppActor pid=440494)[0m             entirely in future versions of Flower.[32m [repeated 15x across cluster][0m
[36m(ClientAppActor pid=440492)[0m 
[36m(ClientAppActor pid=440492)[0m         
[36m(ClientAppActor pid=440497)[0m 
[36m(ClientAppActor pid=440497)[0m         
[36m(ClientAppActor pid=440499)[0m 
[36m(ClientAppActor pid=440499)[0m         
[36m(ClientAppActor pid=440493)[0m 
[36m(ClientAppActor pid=440493)[0m         
[36m(ClientAppActor pid=440479)[0m 
[36m(ClientAppActor pid=440479)[0m         
[36m(ClientAppActor pid=440496)[0m 
[36m(ClientAppActor pid=440496)[0m         
[36m(ClientAppActor pid=440469)[0m 
[36m(ClientAppActor pid=440469)[0m         
[36m(ClientAppActor pid=440470)[0m 
[36m(ClientAppActor pid=440470)[0m         
[36m(ClientAppActor pid=440478)[0m 
[36m(ClientAppActor pid=440478)[0m         
[92mINFO [0m:      aggregate_evaluate: received 10 results and 0 failures
[92mINFO [0m:      
[92mINFO [0m:      [ROUND 7]
[92mINFO [0m:      configure_fit: strategy sampled 5 clients (out of 10)
[36m(ClientAppActor pid=440499)[0m 
[36m(ClientAppActor pid=440499)[0m         
[36m(ClientAppActor pid=440479)[0m 
[36m(ClientAppActor pid=440479)[0m         
[36m(ClientAppActor pid=440496)[0m 
[36m(ClientAppActor pid=440496)[0m         
[36m(ClientAppActor pid=440469)[0m 
[36m(ClientAppActor pid=440469)[0m         
[36m(ClientAppActor pid=440470)[0m 
[36m(ClientAppActor pid=440470)[0m         
[92mINFO [0m:      aggregate_fit: received 5 results and 0 failures
[92mINFO [0m:      fit progress: (7, 1.62762330072827, {'accuracy': 0.674975074775673, 'balanced_accuracy': 0.27305218780628615, 'macro_f1': 0.22810504180236796, 'worst_class_f1': 0.0, 'worst_class_recall': 0.0, 'f1_actinic_keratoses_an': 0.0, 'recall_actinic_keratoses_an': 0.0, 'f1_basal_cell_carcinoma': 0.0, 'recall_basal_cell_carcinoma': 0.0, 'f1_benign_keratosis-lik': 0.4413145539906103, 'recall_benign_keratosis-lik': 0.8545454545454545, 'f1_dermatofibroma': 0.0, 'recall_dermatofibroma': 0.0, 'f1_melanoma': 0.2976190476190476, 'recall_melanoma': 0.22522522522522523, 'f1_melanocytic_nevi': 0.8578016910069177, 'recall_melanocytic_nevi': 0.8315946348733234, 'f1_vascular_lesions': 0.0, 'recall_vascular_lesions': 0.0}, 63.484112200996606)
[92mINFO [0m:      configure_evaluate: strategy sampled 10 clients (out of 10)
[36m(ClientAppActor pid=440494)[0m 
[36m(ClientAppActor pid=440494)[0m         
[36m(ClientAppActor pid=440470)[0m /home/bk489/federated_clean/cleanest_federated/fl-dermamnist-starter/metrics/evaluation.py:68: UserWarning: AUROC set to NaN because present classes are [0, 6], expected [0, 1, 2, 3, 4, 5, 6][32m [repeated 9x across cluster][0m
[36m(ClientAppActor pid=440470)[0m   warnings.warn(f'AUROC set to NaN because present classes are {present_classes}, expected {labels}')[32m [repeated 9x across cluster][0m
[36m(ClientAppActor pid=440470)[0m /home/bk489/federated_clean/.venv/lib/python3.9/site-packages/sklearn/metrics/_classification.py:2524: UserWarning: y_pred contains classes not in y_true[32m [repeated 7x across cluster][0m
[36m(ClientAppActor pid=440470)[0m   warnings.warn("y_pred contains classes not in y_true")[32m [repeated 7x across cluster][0m
[36m(ClientAppActor pid=440494)[0m [93mWARNING [0m:   DEPRECATED FEATURE: `client_fn` now expects a signature `def client_fn(context: Context)`.The provided `client_fn` has signature: {'cid': <Parameter "cid: 'str'">}. You can import the `Context` like this: `from flwr.common import Context`[32m [repeated 15x across cluster][0m
[36m(ClientAppActor pid=440494)[0m             This is a deprecated feature. It will be removed[32m [repeated 15x across cluster][0m
[36m(ClientAppActor pid=440494)[0m             entirely in future versions of Flower.[32m [repeated 15x across cluster][0m
[36m(ClientAppActor pid=440492)[0m 
[36m(ClientAppActor pid=440492)[0m         
[36m(ClientAppActor pid=440497)[0m 
[36m(ClientAppActor pid=440497)[0m         
[36m(ClientAppActor pid=440499)[0m 
[36m(ClientAppActor pid=440499)[0m         
[36m(ClientAppActor pid=440493)[0m 
[36m(ClientAppActor pid=440493)[0m         
[36m(ClientAppActor pid=440479)[0m 
[36m(ClientAppActor pid=440479)[0m         
[36m(ClientAppActor pid=440496)[0m 
[36m(ClientAppActor pid=440496)[0m         
[36m(ClientAppActor pid=440469)[0m 
[36m(ClientAppActor pid=440469)[0m         
[36m(ClientAppActor pid=440470)[0m 
[36m(ClientAppActor pid=440470)[0m         
[36m(ClientAppActor pid=440478)[0m 
[36m(ClientAppActor pid=440478)[0m         
[92mINFO [0m:      aggregate_evaluate: received 10 results and 0 failures
[92mINFO [0m:      
[92mINFO [0m:      [ROUND 8]
[92mINFO [0m:      configure_fit: strategy sampled 5 clients (out of 10)
[36m(ClientAppActor pid=440494)[0m 
[36m(ClientAppActor pid=440494)[0m         
[36m(ClientAppActor pid=440492)[0m 
[36m(ClientAppActor pid=440492)[0m         
[36m(ClientAppActor pid=440497)[0m 
[36m(ClientAppActor pid=440497)[0m         
[36m(ClientAppActor pid=440493)[0m 
[36m(ClientAppActor pid=440493)[0m         
[36m(ClientAppActor pid=440496)[0m 
[36m(ClientAppActor pid=440496)[0m         
[92mINFO [0m:      aggregate_fit: received 5 results and 0 failures
[92mINFO [0m:      fit progress: (8, 2.123550379026685, {'accuracy': 0.715852442671984, 'balanced_accuracy': 0.21580479777201086, 'macro_f1': 0.19831883439070316, 'worst_class_f1': 0.0, 'worst_class_recall': 0.0, 'f1_actinic_keratoses_an': 0.0, 'recall_actinic_keratoses_an': 0.0, 'f1_basal_cell_carcinoma': 0.0, 'recall_basal_cell_carcinoma': 0.0, 'f1_benign_keratosis-lik': 0.48672566371681414, 'recall_benign_keratosis-lik': 0.5, 'f1_dermatofibroma': 0.0, 'recall_dermatofibroma': 0.0, 'f1_melanoma': 0.05263157894736842, 'recall_melanoma': 0.02702702702702703, 'f1_melanocytic_nevi': 0.8488745980707395, 'recall_melanocytic_nevi': 0.9836065573770492, 'f1_vascular_lesions': 0.0, 'recall_vascular_lesions': 0.0}, 72.46462031599367)
[92mINFO [0m:      configure_evaluate: strategy sampled 10 clients (out of 10)
[92mINFO [0m:      aggregate_evaluate: received 10 results and 0 failures
[92mINFO [0m:      
[92mINFO [0m:      [ROUND 9]
[92mINFO [0m:      configure_fit: strategy sampled 5 clients (out of 10)
[36m(ClientAppActor pid=440494)[0m 
[36m(ClientAppActor pid=440494)[0m         
[36m(ClientAppActor pid=440494)[0m /home/bk489/federated_clean/cleanest_federated/fl-dermamnist-starter/metrics/evaluation.py:68: UserWarning: AUROC set to NaN because present classes are [1, 6], expected [0, 1, 2, 3, 4, 5, 6][32m [repeated 11x across cluster][0m
[36m(ClientAppActor pid=440494)[0m   warnings.warn(f'AUROC set to NaN because present classes are {present_classes}, expected {labels}')[32m [repeated 11x across cluster][0m
[36m(ClientAppActor pid=440494)[0m /home/bk489/federated_clean/.venv/lib/python3.9/site-packages/sklearn/metrics/_classification.py:2524: UserWarning: y_pred contains classes not in y_true[32m [repeated 8x across cluster][0m
[36m(ClientAppActor pid=440494)[0m   warnings.warn("y_pred contains classes not in y_true")[32m [repeated 8x across cluster][0m
[36m(ClientAppActor pid=440494)[0m [93mWARNING [0m:   DEPRECATED FEATURE: `client_fn` now expects a signature `def client_fn(context: Context)`.The provided `client_fn` has signature: {'cid': <Parameter "cid: 'str'">}. You can import the `Context` like this: `from flwr.common import Context`[32m [repeated 15x across cluster][0m
[36m(ClientAppActor pid=440494)[0m             This is a deprecated feature. It will be removed[32m [repeated 15x across cluster][0m
[36m(ClientAppActor pid=440494)[0m             entirely in future versions of Flower.[32m [repeated 15x across cluster][0m
[36m(ClientAppActor pid=440492)[0m 
[36m(ClientAppActor pid=440492)[0m         
[36m(ClientAppActor pid=440497)[0m 
[36m(ClientAppActor pid=440497)[0m         
[36m(ClientAppActor pid=440499)[0m 
[36m(ClientAppActor pid=440499)[0m         
[36m(ClientAppActor pid=440499)[0m 
[36m(ClientAppActor pid=440499)[0m         
[36m(ClientAppActor pid=440493)[0m 
[36m(ClientAppActor pid=440493)[0m         
[36m(ClientAppActor pid=440493)[0m 
[36m(ClientAppActor pid=440493)[0m         
[36m(ClientAppActor pid=440479)[0m 
[36m(ClientAppActor pid=440479)[0m         
[36m(ClientAppActor pid=440479)[0m 
[36m(ClientAppActor pid=440479)[0m         
[36m(ClientAppActor pid=440496)[0m 
[36m(ClientAppActor pid=440496)[0m         
[36m(ClientAppActor pid=440469)[0m 
[36m(ClientAppActor pid=440469)[0m         
[36m(ClientAppActor pid=440469)[0m 
[36m(ClientAppActor pid=440469)[0m         
[36m(ClientAppActor pid=440470)[0m 
[36m(ClientAppActor pid=440470)[0m         
[36m(ClientAppActor pid=440470)[0m 
[36m(ClientAppActor pid=440470)[0m         
[36m(ClientAppActor pid=440478)[0m 
[36m(ClientAppActor pid=440478)[0m         
[92mINFO [0m:      aggregate_fit: received 5 results and 0 failures
[92mINFO [0m:      fit progress: (9, 2.026375115214887, {'accuracy': 0.732801595214357, 'balanced_accuracy': 0.29803228819622263, 'macro_f1': 0.2697011034516249, 'worst_class_f1': 0.0, 'worst_class_recall': 0.0, 'f1_actinic_keratoses_an': 0.0, 'recall_actinic_keratoses_an': 0.0, 'f1_basal_cell_carcinoma': 0.0, 'recall_basal_cell_carcinoma': 0.0, 'f1_benign_keratosis-lik': 0.5106382978723404, 'recall_benign_keratosis-lik': 0.6545454545454545, 'f1_dermatofibroma': 0.0, 'recall_dermatofibroma': 0.0, 'f1_melanoma': 0.5, 'recall_melanoma': 0.5315315315315315, 'f1_melanocytic_nevi': 0.8772694262890341, 'recall_melanocytic_nevi': 0.9001490312965723, 'f1_vascular_lesions': 0.0, 'recall_vascular_lesions': 0.0}, 80.77001300899428)
[92mINFO [0m:      configure_evaluate: strategy sampled 10 clients (out of 10)
[92mINFO [0m:      aggregate_evaluate: received 10 results and 0 failures
[92mINFO [0m:      
[92mINFO [0m:      [ROUND 10]
[92mINFO [0m:      configure_fit: strategy sampled 5 clients (out of 10)
[36m(ClientAppActor pid=440494)[0m 
[36m(ClientAppActor pid=440494)[0m         
[36m(ClientAppActor pid=440494)[0m 
[36m(ClientAppActor pid=440494)[0m         
[36m(ClientAppActor pid=440494)[0m /home/bk489/federated_clean/cleanest_federated/fl-dermamnist-starter/metrics/evaluation.py:68: UserWarning: AUROC set to NaN because present classes are [0, 6], expected [0, 1, 2, 3, 4, 5, 6][32m [repeated 10x across cluster][0m
[36m(ClientAppActor pid=440494)[0m   warnings.warn(f'AUROC set to NaN because present classes are {present_classes}, expected {labels}')[32m [repeated 10x across cluster][0m
[36m(ClientAppActor pid=440494)[0m /home/bk489/federated_clean/.venv/lib/python3.9/site-packages/sklearn/metrics/_classification.py:2524: UserWarning: y_pred contains classes not in y_true[32m [repeated 7x across cluster][0m
[36m(ClientAppActor pid=440494)[0m   warnings.warn("y_pred contains classes not in y_true")[32m [repeated 7x across cluster][0m
[36m(ClientAppActor pid=440494)[0m [93mWARNING [0m:   DEPRECATED FEATURE: `client_fn` now expects a signature `def client_fn(context: Context)`.The provided `client_fn` has signature: {'cid': <Parameter "cid: 'str'">}. You can import the `Context` like this: `from flwr.common import Context`[32m [repeated 16x across cluster][0m
[36m(ClientAppActor pid=440494)[0m             This is a deprecated feature. It will be removed[32m [repeated 16x across cluster][0m
[36m(ClientAppActor pid=440494)[0m             entirely in future versions of Flower.[32m [repeated 16x across cluster][0m
[36m(ClientAppActor pid=440492)[0m 
[36m(ClientAppActor pid=440492)[0m         
[36m(ClientAppActor pid=440492)[0m 
[36m(ClientAppActor pid=440492)[0m         
[36m(ClientAppActor pid=440497)[0m 
[36m(ClientAppActor pid=440497)[0m         
[36m(ClientAppActor pid=440497)[0m 
[36m(ClientAppActor pid=440497)[0m         
[36m(ClientAppActor pid=440499)[0m 
[36m(ClientAppActor pid=440499)[0m         
[36m(ClientAppActor pid=440493)[0m 
[36m(ClientAppActor pid=440493)[0m         
[36m(ClientAppActor pid=440493)[0m 
[36m(ClientAppActor pid=440493)[0m         
[36m(ClientAppActor pid=440479)[0m 
[36m(ClientAppActor pid=440479)[0m         
[36m(ClientAppActor pid=440496)[0m 
[36m(ClientAppActor pid=440496)[0m         
[36m(ClientAppActor pid=440496)[0m 
[36m(ClientAppActor pid=440496)[0m         
[36m(ClientAppActor pid=440469)[0m 
[36m(ClientAppActor pid=440469)[0m         
[36m(ClientAppActor pid=440470)[0m 
[36m(ClientAppActor pid=440470)[0m         
[36m(ClientAppActor pid=440478)[0m 
[36m(ClientAppActor pid=440478)[0m         
[92mINFO [0m:      aggregate_fit: received 5 results and 0 failures
[92mINFO [0m:      fit progress: (10, 6.942803767956384, {'accuracy': 0.0518444666001994, 'balanced_accuracy': 0.14285714285714285, 'macro_f1': 0.014082599864590387, 'worst_class_f1': 0.0, 'worst_class_recall': 0.0, 'f1_actinic_keratoses_an': 0.0, 'recall_actinic_keratoses_an': 0.0, 'f1_basal_cell_carcinoma': 0.0985781990521327, 'recall_basal_cell_carcinoma': 1.0, 'f1_benign_keratosis-lik': 0.0, 'recall_benign_keratosis-lik': 0.0, 'f1_dermatofibroma': 0.0, 'recall_dermatofibroma': 0.0, 'f1_melanoma': 0.0, 'recall_melanoma': 0.0, 'f1_melanocytic_nevi': 0.0, 'recall_melanocytic_nevi': 0.0, 'f1_vascular_lesions': 0.0, 'recall_vascular_lesions': 0.0}, 83.14177934799227)
[92mINFO [0m:      configure_evaluate: strategy sampled 10 clients (out of 10)
[92mINFO [0m:      aggregate_evaluate: received 10 results and 0 failures
[92mINFO [0m:      
[92mINFO [0m:      [ROUND 11]
[92mINFO [0m:      configure_fit: strategy sampled 5 clients (out of 10)
[36m(ClientAppActor pid=440494)[0m 
[36m(ClientAppActor pid=440494)[0m         
[36m(ClientAppActor pid=440494)[0m /home/bk489/federated_clean/cleanest_federated/fl-dermamnist-starter/metrics/evaluation.py:68: UserWarning: AUROC set to NaN because present classes are [0, 6], expected [0, 1, 2, 3, 4, 5, 6][32m [repeated 10x across cluster][0m
[36m(ClientAppActor pid=440494)[0m   warnings.warn(f'AUROC set to NaN because present classes are {present_classes}, expected {labels}')[32m [repeated 10x across cluster][0m
[36m(ClientAppActor pid=440494)[0m /home/bk489/federated_clean/.venv/lib/python3.9/site-packages/sklearn/metrics/_classification.py:2524: UserWarning: y_pred contains classes not in y_true[32m [repeated 7x across cluster][0m
[36m(ClientAppActor pid=440494)[0m   warnings.warn("y_pred contains classes not in y_true")[32m [repeated 7x across cluster][0m
[36m(ClientAppActor pid=440494)[0m [93mWARNING [0m:   DEPRECATED FEATURE: `client_fn` now expects a signature `def client_fn(context: Context)`.The provided `client_fn` has signature: {'cid': <Parameter "cid: 'str'">}. You can import the `Context` like this: `from flwr.common import Context`[32m [repeated 14x across cluster][0m
[36m(ClientAppActor pid=440494)[0m             This is a deprecated feature. It will be removed[32m [repeated 14x across cluster][0m
[36m(ClientAppActor pid=440494)[0m             entirely in future versions of Flower.[32m [repeated 14x across cluster][0m
[36m(ClientAppActor pid=440492)[0m 
[36m(ClientAppActor pid=440492)[0m         
[36m(ClientAppActor pid=440492)[0m 
[36m(ClientAppActor pid=440492)[0m         
[36m(ClientAppActor pid=440497)[0m 
[36m(ClientAppActor pid=440497)[0m         
[36m(ClientAppActor pid=440499)[0m 
[36m(ClientAppActor pid=440499)[0m         
[36m(ClientAppActor pid=440499)[0m 
[36m(ClientAppActor pid=440499)[0m         
[36m(ClientAppActor pid=440493)[0m 
[36m(ClientAppActor pid=440493)[0m         
[36m(ClientAppActor pid=440479)[0m 
[36m(ClientAppActor pid=440479)[0m         
[36m(ClientAppActor pid=440479)[0m 
[36m(ClientAppActor pid=440479)[0m         
[36m(ClientAppActor pid=440496)[0m 
[36m(ClientAppActor pid=440496)[0m         
[36m(ClientAppActor pid=440469)[0m 
[36m(ClientAppActor pid=440469)[0m         
[36m(ClientAppActor pid=440469)[0m 
[36m(ClientAppActor pid=440469)[0m         
[36m(ClientAppActor pid=440470)[0m 
[36m(ClientAppActor pid=440470)[0m         
[36m(ClientAppActor pid=440470)[0m 
[36m(ClientAppActor pid=440470)[0m         
[36m(ClientAppActor pid=440478)[0m 
[36m(ClientAppActor pid=440478)[0m         
[92mINFO [0m:      aggregate_fit: received 5 results and 0 failures
[92mINFO [0m:      fit progress: (11, 1.576711097600334, {'accuracy': 0.7168494516450648, 'balanced_accuracy': 0.21269010121469137, 'macro_f1': 0.21082852592530782, 'worst_class_f1': 0.0, 'worst_class_recall': 0.0, 'f1_actinic_keratoses_an': 0.0, 'recall_actinic_keratoses_an': 0.0, 'f1_basal_cell_carcinoma': 0.0, 'recall_basal_cell_carcinoma': 0.0, 'f1_benign_keratosis-lik': 0.4946236559139785, 'recall_benign_keratosis-lik': 0.41818181818181815, 'f1_dermatofibroma': 0.0, 'recall_dermatofibroma': 0.0, 'f1_melanoma': 0.14173228346456693, 'recall_melanoma': 0.08108108108108109, 'f1_melanocytic_nevi': 0.8394437420986094, 'recall_melanocytic_nevi': 0.9895678092399404, 'f1_vascular_lesions': 0.0, 'recall_vascular_lesions': 0.0}, 93.12314435100416)
[92mINFO [0m:      configure_evaluate: strategy sampled 10 clients (out of 10)
[36m(ClientAppActor pid=440494)[0m 
[36m(ClientAppActor pid=440494)[0m         
[36m(ClientAppActor pid=440478)[0m /home/bk489/federated_clean/cleanest_federated/fl-dermamnist-starter/metrics/evaluation.py:68: UserWarning: AUROC set to NaN because present classes are [1, 6], expected [0, 1, 2, 3, 4, 5, 6][32m [repeated 9x across cluster][0m
[36m(ClientAppActor pid=440478)[0m   warnings.warn(f'AUROC set to NaN because present classes are {present_classes}, expected {labels}')[32m [repeated 9x across cluster][0m
[36m(ClientAppActor pid=440493)[0m /home/bk489/federated_clean/.venv/lib/python3.9/site-packages/sklearn/metrics/_classification.py:2524: UserWarning: y_pred contains classes not in y_true[32m [repeated 3x across cluster][0m
[36m(ClientAppActor pid=440493)[0m   warnings.warn("y_pred contains classes not in y_true")[32m [repeated 3x across cluster][0m
[36m(ClientAppActor pid=440494)[0m [93mWARNING [0m:   DEPRECATED FEATURE: `client_fn` now expects a signature `def client_fn(context: Context)`.The provided `client_fn` has signature: {'cid': <Parameter "cid: 'str'">}. You can import the `Context` like this: `from flwr.common import Context`[32m [repeated 15x across cluster][0m
[36m(ClientAppActor pid=440494)[0m             This is a deprecated feature. It will be removed[32m [repeated 15x across cluster][0m
[36m(ClientAppActor pid=440494)[0m             entirely in future versions of Flower.[32m [repeated 15x across cluster][0m
[36m(ClientAppActor pid=440492)[0m 
[36m(ClientAppActor pid=440492)[0m         
[36m(ClientAppActor pid=440497)[0m 
[36m(ClientAppActor pid=440497)[0m         
[36m(ClientAppActor pid=440499)[0m 
[36m(ClientAppActor pid=440499)[0m         
[36m(ClientAppActor pid=440493)[0m 
[36m(ClientAppActor pid=440493)[0m         
[36m(ClientAppActor pid=440479)[0m 
[36m(ClientAppActor pid=440479)[0m         
[36m(ClientAppActor pid=440496)[0m 
[36m(ClientAppActor pid=440496)[0m         
[36m(ClientAppActor pid=440469)[0m 
[36m(ClientAppActor pid=440469)[0m         
[36m(ClientAppActor pid=440470)[0m 
[36m(ClientAppActor pid=440470)[0m         
[36m(ClientAppActor pid=440478)[0m 
[36m(ClientAppActor pid=440478)[0m         
[92mINFO [0m:      aggregate_evaluate: received 10 results and 0 failures
[92mINFO [0m:      
[92mINFO [0m:      [ROUND 12]
[92mINFO [0m:      configure_fit: strategy sampled 5 clients (out of 10)
[36m(ClientAppActor pid=440494)[0m 
[36m(ClientAppActor pid=440494)[0m         
[36m(ClientAppActor pid=440497)[0m 
[36m(ClientAppActor pid=440497)[0m         
[36m(ClientAppActor pid=440496)[0m 
[36m(ClientAppActor pid=440496)[0m         
[36m(ClientAppActor pid=440470)[0m 
[36m(ClientAppActor pid=440470)[0m         
[36m(ClientAppActor pid=440478)[0m 
[36m(ClientAppActor pid=440478)[0m         
[92mINFO [0m:      aggregate_fit: received 5 results and 0 failures
[92mINFO [0m:      fit progress: (12, 1.457509615366623, {'accuracy': 0.715852442671984, 'balanced_accuracy': 0.2761649663289008, 'macro_f1': 0.2511530272355742, 'worst_class_f1': 0.0, 'worst_class_recall': 0.0, 'f1_actinic_keratoses_an': 0.0, 'recall_actinic_keratoses_an': 0.0, 'f1_basal_cell_carcinoma': 0.0, 'recall_basal_cell_carcinoma': 0.0, 'f1_benign_keratosis-lik': 0.4882943143812709, 'recall_benign_keratosis-lik': 0.6636363636363637, 'f1_dermatofibroma': 0.0, 'recall_dermatofibroma': 0.0, 'f1_melanoma': 0.4019607843137255, 'recall_melanoma': 0.36936936936936937, 'f1_melanocytic_nevi': 0.867816091954023, 'recall_melanocytic_nevi': 0.9001490312965723, 'f1_vascular_lesions': 0.0, 'recall_vascular_lesions': 0.0}, 101.30230077099986)
[92mINFO [0m:      configure_evaluate: strategy sampled 10 clients (out of 10)
[36m(ClientAppActor pid=440497)[0m 
[36m(ClientAppActor pid=440497)[0m         
[36m(ClientAppActor pid=440496)[0m /home/bk489/federated_clean/cleanest_federated/fl-dermamnist-starter/metrics/evaluation.py:68: UserWarning: AUROC set to NaN because present classes are [1, 6], expected [0, 1, 2, 3, 4, 5, 6][32m [repeated 10x across cluster][0m
[36m(ClientAppActor pid=440496)[0m   warnings.warn(f'AUROC set to NaN because present classes are {present_classes}, expected {labels}')[32m [repeated 10x across cluster][0m
[36m(ClientAppActor pid=440496)[0m /home/bk489/federated_clean/.venv/lib/python3.9/site-packages/sklearn/metrics/_classification.py:2524: UserWarning: y_pred contains classes not in y_true[32m [repeated 7x across cluster][0m
[36m(ClientAppActor pid=440496)[0m   warnings.warn("y_pred contains classes not in y_true")[32m [repeated 7x across cluster][0m
[36m(ClientAppActor pid=440497)[0m [93mWARNING [0m:   DEPRECATED FEATURE: `client_fn` now expects a signature `def client_fn(context: Context)`.The provided `client_fn` has signature: {'cid': <Parameter "cid: 'str'">}. You can import the `Context` like this: `from flwr.common import Context`[32m [repeated 15x across cluster][0m
[36m(ClientAppActor pid=440497)[0m             This is a deprecated feature. It will be removed[32m [repeated 15x across cluster][0m
[36m(ClientAppActor pid=440497)[0m             entirely in future versions of Flower.[32m [repeated 15x across cluster][0m
[36m(ClientAppActor pid=440470)[0m 
[36m(ClientAppActor pid=440470)[0m         
[36m(ClientAppActor pid=440478)[0m 
[36m(ClientAppActor pid=440478)[0m         
[36m(ClientAppActor pid=440496)[0m 
[36m(ClientAppActor pid=440496)[0m         
[92mINFO [0m:      aggregate_evaluate: received 10 results and 0 failures
[92mINFO [0m:      
[92mINFO [0m:      [ROUND 13]
[92mINFO [0m:      configure_fit: strategy sampled 5 clients (out of 10)
[36m(ClientAppActor pid=440494)[0m 
[36m(ClientAppActor pid=440494)[0m         
[36m(ClientAppActor pid=440492)[0m 
[36m(ClientAppActor pid=440492)[0m         
[36m(ClientAppActor pid=440492)[0m 
[36m(ClientAppActor pid=440492)[0m         
[36m(ClientAppActor pid=440499)[0m 
[36m(ClientAppActor pid=440499)[0m         
[36m(ClientAppActor pid=440499)[0m 
[36m(ClientAppActor pid=440499)[0m         
[36m(ClientAppActor pid=440493)[0m 
[36m(ClientAppActor pid=440493)[0m         
[36m(ClientAppActor pid=440493)[0m 
[36m(ClientAppActor pid=440493)[0m         
[36m(ClientAppActor pid=440479)[0m 
[36m(ClientAppActor pid=440479)[0m         
[36m(ClientAppActor pid=440479)[0m 
[36m(ClientAppActor pid=440479)[0m         
[36m(ClientAppActor pid=440469)[0m 
[36m(ClientAppActor pid=440469)[0m         
[36m(ClientAppActor pid=440469)[0m 
[36m(ClientAppActor pid=440469)[0m         
[92mINFO [0m:      aggregate_fit: received 5 results and 0 failures
[92mINFO [0m:      fit progress: (13, 1.4712094359716414, {'accuracy': 0.7278165503489531, 'balanced_accuracy': 0.2645692957168367, 'macro_f1': 0.25548164440116444, 'worst_class_f1': 0.0, 'worst_class_recall': 0.0, 'f1_actinic_keratoses_an': 0.0, 'recall_actinic_keratoses_an': 0.0, 'f1_basal_cell_carcinoma': 0.0, 'recall_basal_cell_carcinoma': 0.0, 'f1_benign_keratosis-lik': 0.4851063829787234, 'recall_benign_keratosis-lik': 0.5181818181818182, 'f1_dermatofibroma': 0.0, 'recall_dermatofibroma': 0.0, 'f1_melanoma': 0.44221105527638194, 'recall_melanoma': 0.3963963963963964, 'f1_melanocytic_nevi': 0.8610540725530459, 'recall_melanocytic_nevi': 0.9374068554396423, 'f1_vascular_lesions': 0.0, 'recall_vascular_lesions': 0.0}, 108.3915463189769)
[92mINFO [0m:      configure_evaluate: strategy sampled 10 clients (out of 10)
[36m(ClientAppActor pid=440494)[0m 
[36m(ClientAppActor pid=440494)[0m         
[36m(ClientAppActor pid=440494)[0m /home/bk489/federated_clean/cleanest_federated/fl-dermamnist-starter/metrics/evaluation.py:68: UserWarning: AUROC set to NaN because present classes are [1, 6], expected [0, 1, 2, 3, 4, 5, 6][32m [repeated 11x across cluster][0m
[36m(ClientAppActor pid=440494)[0m   warnings.warn(f'AUROC set to NaN because present classes are {present_classes}, expected {labels}')[32m [repeated 11x across cluster][0m
[36m(ClientAppActor pid=440494)[0m /home/bk489/federated_clean/.venv/lib/python3.9/site-packages/sklearn/metrics/_classification.py:2524: UserWarning: y_pred contains classes not in y_true[32m [repeated 8x across cluster][0m
[36m(ClientAppActor pid=440494)[0m   warnings.warn("y_pred contains classes not in y_true")[32m [repeated 8x across cluster][0m
[36m(ClientAppActor pid=440494)[0m [93mWARNING [0m:   DEPRECATED FEATURE: `client_fn` now expects a signature `def client_fn(context: Context)`.The provided `client_fn` has signature: {'cid': <Parameter "cid: 'str'">}. You can import the `Context` like this: `from flwr.common import Context`[32m [repeated 15x across cluster][0m
[36m(ClientAppActor pid=440494)[0m             This is a deprecated feature. It will be removed[32m [repeated 15x across cluster][0m
[36m(ClientAppActor pid=440494)[0m             entirely in future versions of Flower.[32m [repeated 15x across cluster][0m
[36m(ClientAppActor pid=440492)[0m 
[36m(ClientAppActor pid=440492)[0m         
[36m(ClientAppActor pid=440497)[0m 
[36m(ClientAppActor pid=440497)[0m         
[36m(ClientAppActor pid=440499)[0m 
[36m(ClientAppActor pid=440499)[0m         
[36m(ClientAppActor pid=440493)[0m 
[36m(ClientAppActor pid=440493)[0m         
[36m(ClientAppActor pid=440479)[0m 
[36m(ClientAppActor pid=440479)[0m         
[36m(ClientAppActor pid=440496)[0m 
[36m(ClientAppActor pid=440496)[0m         
[36m(ClientAppActor pid=440469)[0m 
[36m(ClientAppActor pid=440469)[0m         
[36m(ClientAppActor pid=440470)[0m 
[36m(ClientAppActor pid=440470)[0m         
[36m(ClientAppActor pid=440478)[0m 
[36m(ClientAppActor pid=440478)[0m         
[92mINFO [0m:      aggregate_evaluate: received 10 results and 0 failures
[92mINFO [0m:      
[92mINFO [0m:      [ROUND 14]
[92mINFO [0m:      configure_fit: strategy sampled 5 clients (out of 10)
[36m(ClientAppActor pid=440494)[0m 
[36m(ClientAppActor pid=440494)[0m         
[36m(ClientAppActor pid=440497)[0m 
[36m(ClientAppActor pid=440497)[0m         
[36m(ClientAppActor pid=440496)[0m 
[36m(ClientAppActor pid=440496)[0m         
[36m(ClientAppActor pid=440470)[0m 
[36m(ClientAppActor pid=440470)[0m         
[36m(ClientAppActor pid=440478)[0m 
[36m(ClientAppActor pid=440478)[0m         
[92mINFO [0m:      aggregate_fit: received 5 results and 0 failures
[92mINFO [0m:      fit progress: (14, 1.766285508128249, {'accuracy': 0.7318045862412762, 'balanced_accuracy': 0.264381903726166, 'macro_f1': 0.25459783623318316, 'worst_class_f1': 0.0, 'worst_class_recall': 0.0, 'f1_actinic_keratoses_an': 0.0, 'recall_actinic_keratoses_an': 0.0, 'f1_basal_cell_carcinoma': 0.0, 'recall_basal_cell_carcinoma': 0.0, 'f1_benign_keratosis-lik': 0.49382716049382713, 'recall_benign_keratosis-lik': 0.5454545454545454, 'f1_dermatofibroma': 0.0, 'recall_dermatofibroma': 0.0, 'f1_melanoma': 0.42105263157894735, 'recall_melanoma': 0.36036036036036034, 'f1_melanocytic_nevi': 0.8673050615595075, 'recall_melanocytic_nevi': 0.9448584202682563, 'f1_vascular_lesions': 0.0, 'recall_vascular_lesions': 0.0}, 116.52223022398539)
[92mINFO [0m:      configure_evaluate: strategy sampled 10 clients (out of 10)
[36m(ClientAppActor pid=440494)[0m 
[36m(ClientAppActor pid=440494)[0m         
[36m(ClientAppActor pid=440478)[0m /home/bk489/federated_clean/cleanest_federated/fl-dermamnist-starter/metrics/evaluation.py:68: UserWarning: AUROC set to NaN because present classes are [0, 1, 3], expected [0, 1, 2, 3, 4, 5, 6][32m [repeated 9x across cluster][0m
[36m(ClientAppActor pid=440478)[0m   warnings.warn(f'AUROC set to NaN because present classes are {present_classes}, expected {labels}')[32m [repeated 9x across cluster][0m
[36m(ClientAppActor pid=440478)[0m /home/bk489/federated_clean/.venv/lib/python3.9/site-packages/sklearn/metrics/_classification.py:2524: UserWarning: y_pred contains classes not in y_true[32m [repeated 6x across cluster][0m
[36m(ClientAppActor pid=440478)[0m   warnings.warn("y_pred contains classes not in y_true")[32m [repeated 6x across cluster][0m
[36m(ClientAppActor pid=440494)[0m [93mWARNING [0m:   DEPRECATED FEATURE: `client_fn` now expects a signature `def client_fn(context: Context)`.The provided `client_fn` has signature: {'cid': <Parameter "cid: 'str'">}. You can import the `Context` like this: `from flwr.common import Context`[32m [repeated 15x across cluster][0m
[36m(ClientAppActor pid=440494)[0m             This is a deprecated feature. It will be removed[32m [repeated 15x across cluster][0m
[36m(ClientAppActor pid=440494)[0m             entirely in future versions of Flower.[32m [repeated 15x across cluster][0m
[36m(ClientAppActor pid=440497)[0m 
[36m(ClientAppActor pid=440497)[0m         
[36m(ClientAppActor pid=440496)[0m 
[36m(ClientAppActor pid=440496)[0m         
[36m(ClientAppActor pid=440470)[0m 
[36m(ClientAppActor pid=440470)[0m         
[36m(ClientAppActor pid=440478)[0m 
[36m(ClientAppActor pid=440478)[0m         
[36m(ClientAppActor pid=440499)[0m 
[36m(ClientAppActor pid=440499)[0m         
[92mINFO [0m:      aggregate_evaluate: received 10 results and 0 failures
[92mINFO [0m:      
[92mINFO [0m:      [ROUND 15]
[92mINFO [0m:      configure_fit: strategy sampled 5 clients (out of 10)
[36m(ClientAppActor pid=440492)[0m 
[36m(ClientAppActor pid=440492)[0m         
[36m(ClientAppActor pid=440492)[0m 
[36m(ClientAppActor pid=440492)[0m         
[36m(ClientAppActor pid=440499)[0m 
[36m(ClientAppActor pid=440499)[0m         
[36m(ClientAppActor pid=440493)[0m 
[36m(ClientAppActor pid=440493)[0m         
[36m(ClientAppActor pid=440493)[0m 
[36m(ClientAppActor pid=440493)[0m         
[36m(ClientAppActor pid=440479)[0m 
[36m(ClientAppActor pid=440479)[0m         
[36m(ClientAppActor pid=440479)[0m 
[36m(ClientAppActor pid=440479)[0m         
[36m(ClientAppActor pid=440469)[0m 
[36m(ClientAppActor pid=440469)[0m         
[36m(ClientAppActor pid=440469)[0m 
[36m(ClientAppActor pid=440469)[0m         
[92mINFO [0m:      aggregate_fit: received 5 results and 0 failures
[92mINFO [0m:      fit progress: (15, 1.459995351902628, {'accuracy': 0.7248255234297108, 'balanced_accuracy': 0.27275738587213993, 'macro_f1': 0.25095537058923784, 'worst_class_f1': 0.0, 'worst_class_recall': 0.0, 'f1_actinic_keratoses_an': 0.0, 'recall_actinic_keratoses_an': 0.0, 'f1_basal_cell_carcinoma': 0.0, 'recall_basal_cell_carcinoma': 0.0, 'f1_benign_keratosis-lik': 0.5150501672240803, 'recall_benign_keratosis-lik': 0.7, 'f1_dermatofibroma': 0.0, 'recall_dermatofibroma': 0.0, 'f1_melanoma': 0.3742690058479532, 'recall_melanoma': 0.2882882882882883, 'f1_melanocytic_nevi': 0.8673684210526316, 'recall_melanocytic_nevi': 0.9210134128166915, 'f1_vascular_lesions': 0.0, 'recall_vascular_lesions': 0.0}, 124.64739470998757)
[92mINFO [0m:      configure_evaluate: strategy sampled 10 clients (out of 10)
[36m(ClientAppActor pid=440492)[0m 
[36m(ClientAppActor pid=440492)[0m         
[36m(ClientAppActor pid=440478)[0m /home/bk489/federated_clean/cleanest_federated/fl-dermamnist-starter/metrics/evaluation.py:68: UserWarning: AUROC set to NaN because present classes are [2, 4, 5], expected [0, 1, 2, 3, 4, 5, 6][32m [repeated 10x across cluster][0m
[36m(ClientAppActor pid=440478)[0m   warnings.warn(f'AUROC set to NaN because present classes are {present_classes}, expected {labels}')[32m [repeated 10x across cluster][0m
[36m(ClientAppActor pid=440469)[0m /home/bk489/federated_clean/.venv/lib/python3.9/site-packages/sklearn/metrics/_classification.py:2524: UserWarning: y_pred contains classes not in y_true[32m [repeated 7x across cluster][0m
[36m(ClientAppActor pid=440469)[0m   warnings.warn("y_pred contains classes not in y_true")[32m [repeated 7x across cluster][0m
[36m(ClientAppActor pid=440492)[0m [93mWARNING [0m:   DEPRECATED FEATURE: `client_fn` now expects a signature `def client_fn(context: Context)`.The provided `client_fn` has signature: {'cid': <Parameter "cid: 'str'">}. You can import the `Context` like this: `from flwr.common import Context`[32m [repeated 15x across cluster][0m
[36m(ClientAppActor pid=440492)[0m             This is a deprecated feature. It will be removed[32m [repeated 15x across cluster][0m
[36m(ClientAppActor pid=440492)[0m             entirely in future versions of Flower.[32m [repeated 15x across cluster][0m
[36m(ClientAppActor pid=440497)[0m 
[36m(ClientAppActor pid=440497)[0m         
[36m(ClientAppActor pid=440499)[0m 
[36m(ClientAppActor pid=440499)[0m         
[36m(ClientAppActor pid=440493)[0m 
[36m(ClientAppActor pid=440493)[0m         
[36m(ClientAppActor pid=440479)[0m 
[36m(ClientAppActor pid=440479)[0m         
[36m(ClientAppActor pid=440469)[0m 
[36m(ClientAppActor pid=440469)[0m         
[36m(ClientAppActor pid=440494)[0m 
[36m(ClientAppActor pid=440494)[0m         
[92mINFO [0m:      aggregate_evaluate: received 10 results and 0 failures
[92mINFO [0m:      
[92mINFO [0m:      [ROUND 16]
[92mINFO [0m:      configure_fit: strategy sampled 5 clients (out of 10)
[36m(ClientAppActor pid=440496)[0m 
[36m(ClientAppActor pid=440496)[0m         
[36m(ClientAppActor pid=440496)[0m 
[36m(ClientAppActor pid=440496)[0m         
[36m(ClientAppActor pid=440470)[0m 
[36m(ClientAppActor pid=440470)[0m         
[36m(ClientAppActor pid=440470)[0m 
[36m(ClientAppActor pid=440470)[0m         
[36m(ClientAppActor pid=440478)[0m 
[36m(ClientAppActor pid=440478)[0m         
[36m(ClientAppActor pid=440478)[0m 
[36m(ClientAppActor pid=440478)[0m         
[36m(ClientAppActor pid=440494)[0m 
[36m(ClientAppActor pid=440494)[0m         
[36m(ClientAppActor pid=440492)[0m 
[36m(ClientAppActor pid=440492)[0m         
[92mINFO [0m:      aggregate_fit: received 5 results and 0 failures
[92mINFO [0m:      fit progress: (16, 1.6760549390779536, {'accuracy': 0.7387836490528414, 'balanced_accuracy': 0.2884751048685475, 'macro_f1': 0.269936496317475, 'worst_class_f1': 0.0, 'worst_class_recall': 0.0, 'f1_actinic_keratoses_an': 0.0, 'recall_actinic_keratoses_an': 0.0, 'f1_basal_cell_carcinoma': 0.0, 'recall_basal_cell_carcinoma': 0.0, 'f1_benign_keratosis-lik': 0.540084388185654, 'recall_benign_keratosis-lik': 0.5818181818181818, 'f1_dermatofibroma': 0.0, 'recall_dermatofibroma': 0.0, 'f1_melanoma': 0.475, 'recall_melanoma': 0.5135135135135135, 'f1_melanocytic_nevi': 0.8744710860366713, 'recall_melanocytic_nevi': 0.9239940387481371, 'f1_vascular_lesions': 0.0, 'recall_vascular_lesions': 0.0}, 132.74466270199628)
[92mINFO [0m:      configure_evaluate: strategy sampled 10 clients (out of 10)
[36m(ClientAppActor pid=440494)[0m 
[36m(ClientAppActor pid=440494)[0m         
[36m(ClientAppActor pid=440494)[0m /home/bk489/federated_clean/cleanest_federated/fl-dermamnist-starter/metrics/evaluation.py:68: UserWarning: AUROC set to NaN because present classes are [0, 1, 3], expected [0, 1, 2, 3, 4, 5, 6][32m [repeated 11x across cluster][0m
[36m(ClientAppActor pid=440494)[0m   warnings.warn(f'AUROC set to NaN because present classes are {present_classes}, expected {labels}')[32m [repeated 11x across cluster][0m
[36m(ClientAppActor pid=440494)[0m /home/bk489/federated_clean/.venv/lib/python3.9/site-packages/sklearn/metrics/_classification.py:2524: UserWarning: y_pred contains classes not in y_true[32m [repeated 8x across cluster][0m
[36m(ClientAppActor pid=440494)[0m   warnings.warn("y_pred contains classes not in y_true")[32m [repeated 8x across cluster][0m
[36m(ClientAppActor pid=440494)[0m [93mWARNING [0m:   DEPRECATED FEATURE: `client_fn` now expects a signature `def client_fn(context: Context)`.The provided `client_fn` has signature: {'cid': <Parameter "cid: 'str'">}. You can import the `Context` like this: `from flwr.common import Context`[32m [repeated 15x across cluster][0m
[36m(ClientAppActor pid=440494)[0m             This is a deprecated feature. It will be removed[32m [repeated 15x across cluster][0m
[36m(ClientAppActor pid=440494)[0m             entirely in future versions of Flower.[32m [repeated 15x across cluster][0m
[36m(ClientAppActor pid=440492)[0m 
[36m(ClientAppActor pid=440492)[0m         
[36m(ClientAppActor pid=440497)[0m 
[36m(ClientAppActor pid=440497)[0m         
[36m(ClientAppActor pid=440499)[0m 
[36m(ClientAppActor pid=440499)[0m         
[36m(ClientAppActor pid=440493)[0m 
[36m(ClientAppActor pid=440493)[0m         
[36m(ClientAppActor pid=440496)[0m 
[36m(ClientAppActor pid=440496)[0m         
[36m(ClientAppActor pid=440470)[0m 
[36m(ClientAppActor pid=440470)[0m         
[36m(ClientAppActor pid=440478)[0m 
[36m(ClientAppActor pid=440478)[0m         
[36m(ClientAppActor pid=440479)[0m 
[36m(ClientAppActor pid=440479)[0m         
[36m(ClientAppActor pid=440469)[0m 
[36m(ClientAppActor pid=440469)[0m         
[92mINFO [0m:      aggregate_evaluate: received 10 results and 0 failures
[92mINFO [0m:      
[92mINFO [0m:      [ROUND 17]
[92mINFO [0m:      configure_fit: strategy sampled 5 clients (out of 10)
[36m(ClientAppActor pid=440497)[0m 
[36m(ClientAppActor pid=440497)[0m         
[36m(ClientAppActor pid=440499)[0m 
[36m(ClientAppActor pid=440499)[0m         
[36m(ClientAppActor pid=440493)[0m 
[36m(ClientAppActor pid=440493)[0m         
[36m(ClientAppActor pid=440479)[0m 
[36m(ClientAppActor pid=440479)[0m         
[36m(ClientAppActor pid=440469)[0m 
[36m(ClientAppActor pid=440469)[0m         
[92mINFO [0m:      aggregate_fit: received 5 results and 0 failures
[92mINFO [0m:      fit progress: (17, 1.7151899893999338, {'accuracy': 0.7387836490528414, 'balanced_accuracy': 0.28203050826001647, 'macro_f1': 0.26681693345599483, 'worst_class_f1': 0.0, 'worst_class_recall': 0.0, 'f1_actinic_keratoses_an': 0.0, 'recall_actinic_keratoses_an': 0.0, 'f1_basal_cell_carcinoma': 0.0, 'recall_basal_cell_carcinoma': 0.0, 'f1_benign_keratosis-lik': 0.5245901639344263, 'recall_benign_keratosis-lik': 0.5818181818181818, 'f1_dermatofibroma': 0.0, 'recall_dermatofibroma': 0.0, 'f1_melanoma': 0.4700460829493088, 'recall_melanoma': 0.4594594594594595, 'f1_melanocytic_nevi': 0.8730822873082287, 'recall_melanocytic_nevi': 0.9329359165424739, 'f1_vascular_lesions': 0.0, 'recall_vascular_lesions': 0.0}, 140.83263918999)
[92mINFO [0m:      configure_evaluate: strategy sampled 10 clients (out of 10)
[36m(ClientAppActor pid=440494)[0m 
[36m(ClientAppActor pid=440494)[0m         
[36m(ClientAppActor pid=440469)[0m /home/bk489/federated_clean/cleanest_federated/fl-dermamnist-starter/metrics/evaluation.py:68: UserWarning: AUROC set to NaN because present classes are [0, 1, 3], expected [0, 1, 2, 3, 4, 5, 6][32m [repeated 9x across cluster][0m
[36m(ClientAppActor pid=440469)[0m   warnings.warn(f'AUROC set to NaN because present classes are {present_classes}, expected {labels}')[32m [repeated 9x across cluster][0m
[36m(ClientAppActor pid=440469)[0m /home/bk489/federated_clean/.venv/lib/python3.9/site-packages/sklearn/metrics/_classification.py:2524: UserWarning: y_pred contains classes not in y_true[32m [repeated 6x across cluster][0m
[36m(ClientAppActor pid=440469)[0m   warnings.warn("y_pred contains classes not in y_true")[32m [repeated 6x across cluster][0m
[36m(ClientAppActor pid=440494)[0m [93mWARNING [0m:   DEPRECATED FEATURE: `client_fn` now expects a signature `def client_fn(context: Context)`.The provided `client_fn` has signature: {'cid': <Parameter "cid: 'str'">}. You can import the `Context` like this: `from flwr.common import Context`[32m [repeated 15x across cluster][0m
[36m(ClientAppActor pid=440494)[0m             This is a deprecated feature. It will be removed[32m [repeated 15x across cluster][0m
[36m(ClientAppActor pid=440494)[0m             entirely in future versions of Flower.[32m [repeated 15x across cluster][0m
[36m(ClientAppActor pid=440492)[0m 
[36m(ClientAppActor pid=440492)[0m         
[36m(ClientAppActor pid=440497)[0m 
[36m(ClientAppActor pid=440497)[0m         
[36m(ClientAppActor pid=440499)[0m 
[36m(ClientAppActor pid=440499)[0m         
[36m(ClientAppActor pid=440493)[0m 
[36m(ClientAppActor pid=440493)[0m         
[36m(ClientAppActor pid=440479)[0m 
[36m(ClientAppActor pid=440479)[0m         
[36m(ClientAppActor pid=440496)[0m 
[36m(ClientAppActor pid=440496)[0m         
[36m(ClientAppActor pid=440469)[0m 
[36m(ClientAppActor pid=440469)[0m         
[36m(ClientAppActor pid=440470)[0m 
[36m(ClientAppActor pid=440470)[0m         
[36m(ClientAppActor pid=440478)[0m 
[36m(ClientAppActor pid=440478)[0m         
[92mINFO [0m:      aggregate_evaluate: received 10 results and 0 failures
[92mINFO [0m:      
[92mINFO [0m:      [ROUND 18]
[92mINFO [0m:      configure_fit: strategy sampled 5 clients (out of 10)
[36m(ClientAppActor pid=440494)[0m 
[36m(ClientAppActor pid=440494)[0m         
[36m(ClientAppActor pid=440492)[0m 
[36m(ClientAppActor pid=440492)[0m         
[36m(ClientAppActor pid=440469)[0m 
[36m(ClientAppActor pid=440469)[0m         
[36m(ClientAppActor pid=440470)[0m 
[36m(ClientAppActor pid=440470)[0m         
[36m(ClientAppActor pid=440478)[0m 
[36m(ClientAppActor pid=440478)[0m         
[92mINFO [0m:      aggregate_fit: received 5 results and 0 failures
[92mINFO [0m:      fit progress: (18, 1.5268469306074848, {'accuracy': 0.5314057826520439, 'balanced_accuracy': 0.192272046370407, 'macro_f1': 0.20912354041182502, 'worst_class_f1': 0.0, 'worst_class_recall': 0.0, 'f1_actinic_keratoses_an': 0.0, 'recall_actinic_keratoses_an': 0.0, 'f1_basal_cell_carcinoma': 0.0, 'recall_basal_cell_carcinoma': 0.0, 'f1_benign_keratosis-lik': 0.38372093023255816, 'recall_benign_keratosis-lik': 0.3, 'f1_dermatofibroma': 0.0, 'recall_dermatofibroma': 0.0, 'f1_melanoma': 0.39408866995073893, 'recall_melanoma': 0.36036036036036034, 'f1_melanocytic_nevi': 0.686055182699478, 'recall_melanocytic_nevi': 0.6855439642324889, 'f1_vascular_lesions': 0.0, 'recall_vascular_lesions': 0.0}, 148.3735032149998)
[92mINFO [0m:      configure_evaluate: strategy sampled 10 clients (out of 10)
[36m(ClientAppActor pid=440494)[0m 
[36m(ClientAppActor pid=440494)[0m         
[36m(ClientAppActor pid=440494)[0m /home/bk489/federated_clean/cleanest_federated/fl-dermamnist-starter/metrics/evaluation.py:68: UserWarning: AUROC set to NaN because present classes are [0, 1, 3], expected [0, 1, 2, 3, 4, 5, 6][32m [repeated 11x across cluster][0m
[36m(ClientAppActor pid=440494)[0m   warnings.warn(f'AUROC set to NaN because present classes are {present_classes}, expected {labels}')[32m [repeated 11x across cluster][0m
[36m(ClientAppActor pid=440494)[0m /home/bk489/federated_clean/.venv/lib/python3.9/site-packages/sklearn/metrics/_classification.py:2524: UserWarning: y_pred contains classes not in y_true[32m [repeated 8x across cluster][0m
[36m(ClientAppActor pid=440494)[0m   warnings.warn("y_pred contains classes not in y_true")[32m [repeated 8x across cluster][0m
[36m(ClientAppActor pid=440494)[0m [93mWARNING [0m:   DEPRECATED FEATURE: `client_fn` now expects a signature `def client_fn(context: Context)`.The provided `client_fn` has signature: {'cid': <Parameter "cid: 'str'">}. You can import the `Context` like this: `from flwr.common import Context`[32m [repeated 15x across cluster][0m
[36m(ClientAppActor pid=440494)[0m             This is a deprecated feature. It will be removed[32m [repeated 15x across cluster][0m
[36m(ClientAppActor pid=440494)[0m             entirely in future versions of Flower.[32m [repeated 15x across cluster][0m
[36m(ClientAppActor pid=440492)[0m 
[36m(ClientAppActor pid=440492)[0m         
[36m(ClientAppActor pid=440497)[0m 
[36m(ClientAppActor pid=440497)[0m         
[36m(ClientAppActor pid=440499)[0m 
[36m(ClientAppActor pid=440499)[0m         
[36m(ClientAppActor pid=440479)[0m 
[36m(ClientAppActor pid=440479)[0m         
[36m(ClientAppActor pid=440496)[0m 
[36m(ClientAppActor pid=440496)[0m         
[36m(ClientAppActor pid=440469)[0m 
[36m(ClientAppActor pid=440469)[0m         
[36m(ClientAppActor pid=440470)[0m 
[36m(ClientAppActor pid=440470)[0m         
[36m(ClientAppActor pid=440478)[0m 
[36m(ClientAppActor pid=440478)[0m         
[92mINFO [0m:      aggregate_evaluate: received 10 results and 0 failures
[92mINFO [0m:      
[92mINFO [0m:      [ROUND 19]
[92mINFO [0m:      configure_fit: strategy sampled 5 clients (out of 10)
[36m(ClientAppActor pid=440497)[0m 
[36m(ClientAppActor pid=440497)[0m         
[36m(ClientAppActor pid=440499)[0m 
[36m(ClientAppActor pid=440499)[0m         
[36m(ClientAppActor pid=440493)[0m 
[36m(ClientAppActor pid=440493)[0m         
[36m(ClientAppActor pid=440493)[0m 
[36m(ClientAppActor pid=440493)[0m         
[36m(ClientAppActor pid=440479)[0m 
[36m(ClientAppActor pid=440479)[0m         
[36m(ClientAppActor pid=440478)[0m 
[36m(ClientAppActor pid=440478)[0m         
[92mINFO [0m:      aggregate_fit: received 5 results and 0 failures
[92mINFO [0m:      fit progress: (19, 1.785776067469436, {'accuracy': 0.748753738783649, 'balanced_accuracy': 0.2841244267473776, 'macro_f1': 0.2735079633475356, 'worst_class_f1': 0.0, 'worst_class_recall': 0.0, 'f1_actinic_keratoses_an': 0.0, 'recall_actinic_keratoses_an': 0.0, 'f1_basal_cell_carcinoma': 0.0, 'recall_basal_cell_carcinoma': 0.0, 'f1_benign_keratosis-lik': 0.5520361990950227, 'recall_benign_keratosis-lik': 0.5545454545454546, 'f1_dermatofibroma': 0.0, 'recall_dermatofibroma': 0.0, 'f1_melanoma': 0.4864864864864865, 'recall_melanoma': 0.4864864864864865, 'f1_melanocytic_nevi': 0.8760330578512396, 'recall_melanocytic_nevi': 0.9478390461997019, 'f1_vascular_lesions': 0.0, 'recall_vascular_lesions': 0.0}, 156.69245309298276)
[92mINFO [0m:      configure_evaluate: strategy sampled 10 clients (out of 10)
[36m(ClientAppActor pid=440494)[0m 
[36m(ClientAppActor pid=440494)[0m         
[36m(ClientAppActor pid=440493)[0m /home/bk489/federated_clean/cleanest_federated/fl-dermamnist-starter/metrics/evaluation.py:68: UserWarning: AUROC set to NaN because present classes are [2, 4, 5], expected [0, 1, 2, 3, 4, 5, 6][32m [repeated 9x across cluster][0m
[36m(ClientAppActor pid=440493)[0m   warnings.warn(f'AUROC set to NaN because present classes are {present_classes}, expected {labels}')[32m [repeated 9x across cluster][0m
[36m(ClientAppActor pid=440479)[0m /home/bk489/federated_clean/.venv/lib/python3.9/site-packages/sklearn/metrics/_classification.py:2524: UserWarning: y_pred contains classes not in y_true[32m [repeated 9x across cluster][0m
[36m(ClientAppActor pid=440479)[0m   warnings.warn("y_pred contains classes not in y_true")[32m [repeated 9x across cluster][0m
[36m(ClientAppActor pid=440494)[0m [93mWARNING [0m:   DEPRECATED FEATURE: `client_fn` now expects a signature `def client_fn(context: Context)`.The provided `client_fn` has signature: {'cid': <Parameter "cid: 'str'">}. You can import the `Context` like this: `from flwr.common import Context`[32m [repeated 15x across cluster][0m
[36m(ClientAppActor pid=440494)[0m             This is a deprecated feature. It will be removed[32m [repeated 15x across cluster][0m
[36m(ClientAppActor pid=440494)[0m             entirely in future versions of Flower.[32m [repeated 15x across cluster][0m
[36m(ClientAppActor pid=440492)[0m 
[36m(ClientAppActor pid=440492)[0m         
[36m(ClientAppActor pid=440497)[0m 
[36m(ClientAppActor pid=440497)[0m         
[36m(ClientAppActor pid=440499)[0m 
[36m(ClientAppActor pid=440499)[0m         
[36m(ClientAppActor pid=440493)[0m 
[36m(ClientAppActor pid=440493)[0m         
[36m(ClientAppActor pid=440479)[0m 
[36m(ClientAppActor pid=440479)[0m         
[36m(ClientAppActor pid=440496)[0m 
[36m(ClientAppActor pid=440496)[0m         
[36m(ClientAppActor pid=440469)[0m 
[36m(ClientAppActor pid=440469)[0m         
[36m(ClientAppActor pid=440470)[0m 
[36m(ClientAppActor pid=440470)[0m         
[36m(ClientAppActor pid=440478)[0m 
[36m(ClientAppActor pid=440478)[0m         
[92mINFO [0m:      aggregate_evaluate: received 10 results and 0 failures
[92mINFO [0m:      
[92mINFO [0m:      [ROUND 20]
[92mINFO [0m:      configure_fit: strategy sampled 5 clients (out of 10)
[36m(ClientAppActor pid=440494)[0m 
[36m(ClientAppActor pid=440494)[0m         
[36m(ClientAppActor pid=440492)[0m 
[36m(ClientAppActor pid=440492)[0m         
[36m(ClientAppActor pid=440493)[0m 
[36m(ClientAppActor pid=440493)[0m         
[36m(ClientAppActor pid=440469)[0m 
[36m(ClientAppActor pid=440469)[0m         
[36m(ClientAppActor pid=440470)[0m 
[36m(ClientAppActor pid=440470)[0m         
[92mINFO [0m:      aggregate_fit: received 5 results and 0 failures
[92mINFO [0m:      fit progress: (20, 1.6470953735967695, {'accuracy': 0.7397806580259222, 'balanced_accuracy': 0.2735570145406211, 'macro_f1': 0.26577478028107077, 'worst_class_f1': 0.0, 'worst_class_recall': 0.0, 'f1_actinic_keratoses_an': 0.0, 'recall_actinic_keratoses_an': 0.0, 'f1_basal_cell_carcinoma': 0.0, 'recall_basal_cell_carcinoma': 0.0, 'f1_benign_keratosis-lik': 0.5185185185185185, 'recall_benign_keratosis-lik': 0.509090909090909, 'f1_dermatofibroma': 0.0, 'recall_dermatofibroma': 0.0, 'f1_melanoma': 0.4744186046511628, 'recall_melanoma': 0.4594594594594595, 'f1_melanocytic_nevi': 0.8674863387978142, 'recall_melanocytic_nevi': 0.9463487332339792, 'f1_vascular_lesions': 0.0, 'recall_vascular_lesions': 0.0}, 167.01291889999993)
[92mINFO [0m:      configure_evaluate: strategy sampled 10 clients (out of 10)
[92mINFO [0m:      aggregate_evaluate: received 10 results and 0 failures
[92mINFO [0m:      
[92mINFO [0m:      [ROUND 21]
[92mINFO [0m:      configure_fit: strategy sampled 5 clients (out of 10)
[36m(ClientAppActor pid=440494)[0m 
[36m(ClientAppActor pid=440494)[0m         
[36m(ClientAppActor pid=440494)[0m /home/bk489/federated_clean/cleanest_federated/fl-dermamnist-starter/metrics/evaluation.py:68: UserWarning: AUROC set to NaN because present classes are [0, 1, 3], expected [0, 1, 2, 3, 4, 5, 6][32m [repeated 11x across cluster][0m
[36m(ClientAppActor pid=440494)[0m   warnings.warn(f'AUROC set to NaN because present classes are {present_classes}, expected {labels}')[32m [repeated 11x across cluster][0m
[36m(ClientAppActor pid=440494)[0m /home/bk489/federated_clean/.venv/lib/python3.9/site-packages/sklearn/metrics/_classification.py:2524: UserWarning: y_pred contains classes not in y_true[32m [repeated 8x across cluster][0m
[36m(ClientAppActor pid=440494)[0m   warnings.warn("y_pred contains classes not in y_true")[32m [repeated 8x across cluster][0m
[36m(ClientAppActor pid=440494)[0m [93mWARNING [0m:   DEPRECATED FEATURE: `client_fn` now expects a signature `def client_fn(context: Context)`.The provided `client_fn` has signature: {'cid': <Parameter "cid: 'str'">}. You can import the `Context` like this: `from flwr.common import Context`[32m [repeated 15x across cluster][0m
[36m(ClientAppActor pid=440494)[0m             This is a deprecated feature. It will be removed[32m [repeated 15x across cluster][0m
[36m(ClientAppActor pid=440494)[0m             entirely in future versions of Flower.[32m [repeated 15x across cluster][0m
[36m(ClientAppActor pid=440492)[0m 
[36m(ClientAppActor pid=440492)[0m         
[36m(ClientAppActor pid=440497)[0m 
[36m(ClientAppActor pid=440497)[0m         
[36m(ClientAppActor pid=440497)[0m 
[36m(ClientAppActor pid=440497)[0m         
[36m(ClientAppActor pid=440499)[0m 
[36m(ClientAppActor pid=440499)[0m         
[36m(ClientAppActor pid=440499)[0m 
[36m(ClientAppActor pid=440499)[0m         
[36m(ClientAppActor pid=440493)[0m 
[36m(ClientAppActor pid=440493)[0m         
[36m(ClientAppActor pid=440479)[0m 
[36m(ClientAppActor pid=440479)[0m         
[36m(ClientAppActor pid=440479)[0m 
[36m(ClientAppActor pid=440479)[0m         
[36m(ClientAppActor pid=440496)[0m 
[36m(ClientAppActor pid=440496)[0m         
[36m(ClientAppActor pid=440496)[0m 
[36m(ClientAppActor pid=440496)[0m         
[36m(ClientAppActor pid=440469)[0m 
[36m(ClientAppActor pid=440469)[0m         
[36m(ClientAppActor pid=440470)[0m 
[36m(ClientAppActor pid=440470)[0m         
[36m(ClientAppActor pid=440478)[0m 
[36m(ClientAppActor pid=440478)[0m         
[36m(ClientAppActor pid=440478)[0m 
[36m(ClientAppActor pid=440478)[0m         
[92mINFO [0m:      aggregate_fit: received 5 results and 0 failures
[92mINFO [0m:      fit progress: (21, 1.485742508592539, {'accuracy': 0.7337986041874377, 'balanced_accuracy': 0.27564230187181005, 'macro_f1': 0.2620169459394586, 'worst_class_f1': 0.0, 'worst_class_recall': 0.0, 'f1_actinic_keratoses_an': 0.0, 'recall_actinic_keratoses_an': 0.0, 'f1_basal_cell_carcinoma': 0.0, 'recall_basal_cell_carcinoma': 0.0, 'f1_benign_keratosis-lik': 0.5190839694656488, 'recall_benign_keratosis-lik': 0.6181818181818182, 'f1_dermatofibroma': 0.0, 'recall_dermatofibroma': 0.0, 'f1_melanoma': 0.44919786096256686, 'recall_melanoma': 0.3783783783783784, 'f1_melanocytic_nevi': 0.8658367911479945, 'recall_melanocytic_nevi': 0.9329359165424739, 'f1_vascular_lesions': 0.0, 'recall_vascular_lesions': 0.0}, 175.50407962899772)
[92mINFO [0m:      configure_evaluate: strategy sampled 10 clients (out of 10)
[92mINFO [0m:      aggregate_evaluate: received 10 results and 0 failures
[92mINFO [0m:      
[92mINFO [0m:      [ROUND 22]
[92mINFO [0m:      configure_fit: strategy sampled 5 clients (out of 10)
[36m(ClientAppActor pid=440494)[0m 
[36m(ClientAppActor pid=440494)[0m         
[36m(ClientAppActor pid=440494)[0m /home/bk489/federated_clean/cleanest_federated/fl-dermamnist-starter/metrics/evaluation.py:68: UserWarning: AUROC set to NaN because present classes are [0, 6], expected [0, 1, 2, 3, 4, 5, 6][32m [repeated 10x across cluster][0m
[36m(ClientAppActor pid=440494)[0m   warnings.warn(f'AUROC set to NaN because present classes are {present_classes}, expected {labels}')[32m [repeated 10x across cluster][0m
[36m(ClientAppActor pid=440494)[0m /home/bk489/federated_clean/.venv/lib/python3.9/site-packages/sklearn/metrics/_classification.py:2524: UserWarning: y_pred contains classes not in y_true[32m [repeated 7x across cluster][0m
[36m(ClientAppActor pid=440494)[0m   warnings.warn("y_pred contains classes not in y_true")[32m [repeated 7x across cluster][0m
[36m(ClientAppActor pid=440494)[0m [93mWARNING [0m:   DEPRECATED FEATURE: `client_fn` now expects a signature `def client_fn(context: Context)`.The provided `client_fn` has signature: {'cid': <Parameter "cid: 'str'">}. You can import the `Context` like this: `from flwr.common import Context`[32m [repeated 15x across cluster][0m
[36m(ClientAppActor pid=440494)[0m             This is a deprecated feature. It will be removed[32m [repeated 15x across cluster][0m
[36m(ClientAppActor pid=440494)[0m             entirely in future versions of Flower.[32m [repeated 15x across cluster][0m
[36m(ClientAppActor pid=440492)[0m 
[36m(ClientAppActor pid=440492)[0m         
[36m(ClientAppActor pid=440497)[0m 
[36m(ClientAppActor pid=440497)[0m         
[36m(ClientAppActor pid=440499)[0m 
[36m(ClientAppActor pid=440499)[0m         
[36m(ClientAppActor pid=440493)[0m 
[36m(ClientAppActor pid=440493)[0m         
[36m(ClientAppActor pid=440493)[0m 
[36m(ClientAppActor pid=440493)[0m         
[36m(ClientAppActor pid=440479)[0m 
[36m(ClientAppActor pid=440479)[0m         
[36m(ClientAppActor pid=440479)[0m 
[36m(ClientAppActor pid=440479)[0m         
[36m(ClientAppActor pid=440496)[0m 
[36m(ClientAppActor pid=440496)[0m         
[36m(ClientAppActor pid=440469)[0m 
[36m(ClientAppActor pid=440469)[0m         
[36m(ClientAppActor pid=440470)[0m 
[36m(ClientAppActor pid=440470)[0m         
[36m(ClientAppActor pid=440470)[0m 
[36m(ClientAppActor pid=440470)[0m         
[36m(ClientAppActor pid=440478)[0m 
[36m(ClientAppActor pid=440478)[0m         
[36m(ClientAppActor pid=440494)[0m 
[36m(ClientAppActor pid=440494)[0m         
[36m(ClientAppActor pid=440492)[0m 
[36m(ClientAppActor pid=440492)[0m         
[92mINFO [0m:      aggregate_fit: received 5 results and 0 failures
[92mINFO [0m:      fit progress: (22, 2.050613100008142, {'accuracy': 0.7407776669990029, 'balanced_accuracy': 0.25987682381125005, 'macro_f1': 0.2559392941283748, 'worst_class_f1': 0.0, 'worst_class_recall': 0.0, 'f1_actinic_keratoses_an': 0.0, 'recall_actinic_keratoses_an': 0.0, 'f1_basal_cell_carcinoma': 0.0, 'recall_basal_cell_carcinoma': 0.0, 'f1_benign_keratosis-lik': 0.5535714285714286, 'recall_benign_keratosis-lik': 0.5636363636363636, 'f1_dermatofibroma': 0.0, 'recall_dermatofibroma': 0.0, 'f1_melanoma': 0.37209302325581395, 'recall_melanoma': 0.2882882882882883, 'f1_melanocytic_nevi': 0.8659106070713809, 'recall_melanocytic_nevi': 0.9672131147540983, 'f1_vascular_lesions': 0.0, 'recall_vascular_lesions': 0.0}, 184.5263759229856)
[92mINFO [0m:      configure_evaluate: strategy sampled 10 clients (out of 10)
[36m(ClientAppActor pid=440494)[0m 
[36m(ClientAppActor pid=440494)[0m         
[36m(ClientAppActor pid=440494)[0m /home/bk489/federated_clean/cleanest_federated/fl-dermamnist-starter/metrics/evaluation.py:68: UserWarning: AUROC set to NaN because present classes are [0, 1, 6], expected [0, 1, 2, 3, 4, 5, 6][32m [repeated 10x across cluster][0m
[36m(ClientAppActor pid=440494)[0m   warnings.warn(f'AUROC set to NaN because present classes are {present_classes}, expected {labels}')[32m [repeated 10x across cluster][0m
[36m(ClientAppActor pid=440494)[0m /home/bk489/federated_clean/.venv/lib/python3.9/site-packages/sklearn/metrics/_classification.py:2524: UserWarning: y_pred contains classes not in y_true[32m [repeated 7x across cluster][0m
[36m(ClientAppActor pid=440494)[0m   warnings.warn("y_pred contains classes not in y_true")[32m [repeated 7x across cluster][0m
[36m(ClientAppActor pid=440494)[0m [93mWARNING [0m:   DEPRECATED FEATURE: `client_fn` now expects a signature `def client_fn(context: Context)`.The provided `client_fn` has signature: {'cid': <Parameter "cid: 'str'">}. You can import the `Context` like this: `from flwr.common import Context`[32m [repeated 15x across cluster][0m
[36m(ClientAppActor pid=440494)[0m             This is a deprecated feature. It will be removed[32m [repeated 15x across cluster][0m
[36m(ClientAppActor pid=440494)[0m             entirely in future versions of Flower.[32m [repeated 15x across cluster][0m
[36m(ClientAppActor pid=440492)[0m 
[36m(ClientAppActor pid=440492)[0m         
[36m(ClientAppActor pid=440493)[0m 
[36m(ClientAppActor pid=440493)[0m         
[36m(ClientAppActor pid=440470)[0m 
[36m(ClientAppActor pid=440470)[0m         
[36m(ClientAppActor pid=440479)[0m 
[36m(ClientAppActor pid=440479)[0m         
[36m(ClientAppActor pid=440496)[0m 
[36m(ClientAppActor pid=440496)[0m         
[36m(ClientAppActor pid=440469)[0m 
[36m(ClientAppActor pid=440469)[0m         
[36m(ClientAppActor pid=440478)[0m 
[36m(ClientAppActor pid=440478)[0m         
[36m(ClientAppActor pid=440499)[0m 
[36m(ClientAppActor pid=440499)[0m         
[36m(ClientAppActor pid=440497)[0m 
[36m(ClientAppActor pid=440497)[0m         
[92mINFO [0m:      aggregate_evaluate: received 10 results and 0 failures
[92mINFO [0m:      
[92mINFO [0m:      [ROUND 23]
[92mINFO [0m:      configure_fit: strategy sampled 5 clients (out of 10)
[36m(ClientAppActor pid=440497)[0m 
[36m(ClientAppActor pid=440497)[0m         
[36m(ClientAppActor pid=440499)[0m 
[36m(ClientAppActor pid=440499)[0m         
[36m(ClientAppActor pid=440496)[0m 
[36m(ClientAppActor pid=440496)[0m         
[36m(ClientAppActor pid=440469)[0m 
[36m(ClientAppActor pid=440469)[0m         
[36m(ClientAppActor pid=440478)[0m 
[36m(ClientAppActor pid=440478)[0m         
[92mINFO [0m:      aggregate_fit: received 5 results and 0 failures
[92mINFO [0m:      fit progress: (23, 1.770026677627031, {'accuracy': 0.7357926221335992, 'balanced_accuracy': 0.28682079993555404, 'macro_f1': 0.2679443386616659, 'worst_class_f1': 0.0, 'worst_class_recall': 0.0, 'f1_actinic_keratoses_an': 0.0, 'recall_actinic_keratoses_an': 0.0, 'f1_basal_cell_carcinoma': 0.0, 'recall_basal_cell_carcinoma': 0.0, 'f1_benign_keratosis-lik': 0.5307692307692308, 'recall_benign_keratosis-lik': 0.6272727272727273, 'f1_dermatofibroma': 0.0, 'recall_dermatofibroma': 0.0, 'f1_melanoma': 0.4744186046511628, 'recall_melanoma': 0.4594594594594595, 'f1_melanocytic_nevi': 0.8704225352112676, 'recall_melanocytic_nevi': 0.9210134128166915, 'f1_vascular_lesions': 0.0, 'recall_vascular_lesions': 0.0}, 194.79587579899817)
[92mINFO [0m:      configure_evaluate: strategy sampled 10 clients (out of 10)
[36m(ClientAppActor pid=440497)[0m 
[36m(ClientAppActor pid=440497)[0m         
[36m(ClientAppActor pid=440478)[0m /home/bk489/federated_clean/cleanest_federated/fl-dermamnist-starter/metrics/evaluation.py:68: UserWarning: AUROC set to NaN because present classes are [0, 6], expected [0, 1, 2, 3, 4, 5, 6][32m [repeated 9x across cluster][0m
[36m(ClientAppActor pid=440478)[0m   warnings.warn(f'AUROC set to NaN because present classes are {present_classes}, expected {labels}')[32m [repeated 9x across cluster][0m
[36m(ClientAppActor pid=440478)[0m /home/bk489/federated_clean/.venv/lib/python3.9/site-packages/sklearn/metrics/_classification.py:2524: UserWarning: y_pred contains classes not in y_true[32m [repeated 6x across cluster][0m
[36m(ClientAppActor pid=440478)[0m   warnings.warn("y_pred contains classes not in y_true")[32m [repeated 6x across cluster][0m
[36m(ClientAppActor pid=440497)[0m [93mWARNING [0m:   DEPRECATED FEATURE: `client_fn` now expects a signature `def client_fn(context: Context)`.The provided `client_fn` has signature: {'cid': <Parameter "cid: 'str'">}. You can import the `Context` like this: `from flwr.common import Context`[32m [repeated 15x across cluster][0m
[36m(ClientAppActor pid=440497)[0m             This is a deprecated feature. It will be removed[32m [repeated 15x across cluster][0m
[36m(ClientAppActor pid=440497)[0m             entirely in future versions of Flower.[32m [repeated 15x across cluster][0m
[36m(ClientAppActor pid=440499)[0m 
[36m(ClientAppActor pid=440499)[0m         
[36m(ClientAppActor pid=440479)[0m 
[36m(ClientAppActor pid=440479)[0m         
[36m(ClientAppActor pid=440496)[0m 
[36m(ClientAppActor pid=440496)[0m         
[36m(ClientAppActor pid=440469)[0m 
[36m(ClientAppActor pid=440469)[0m         
[36m(ClientAppActor pid=440478)[0m 
[36m(ClientAppActor pid=440478)[0m         
[36m(ClientAppActor pid=440470)[0m 
[36m(ClientAppActor pid=440470)[0m         
[36m(ClientAppActor pid=440492)[0m 
[36m(ClientAppActor pid=440492)[0m         
[36m(ClientAppActor pid=440493)[0m 
[36m(ClientAppActor pid=440493)[0m         
[92mINFO [0m:      aggregate_evaluate: received 10 results and 0 failures
[92mINFO [0m:      
[92mINFO [0m:      [ROUND 24]
[92mINFO [0m:      configure_fit: strategy sampled 5 clients (out of 10)
[36m(ClientAppActor pid=440494)[0m 
[36m(ClientAppActor pid=440494)[0m         
[36m(ClientAppActor pid=440494)[0m 
[36m(ClientAppActor pid=440494)[0m         
[36m(ClientAppActor pid=440492)[0m 
[36m(ClientAppActor pid=440492)[0m         
[36m(ClientAppActor pid=440493)[0m 
[36m(ClientAppActor pid=440493)[0m         
[36m(ClientAppActor pid=440479)[0m 
[36m(ClientAppActor pid=440479)[0m         
[36m(ClientAppActor pid=440470)[0m 
[36m(ClientAppActor pid=440470)[0m         
[92mINFO [0m:      aggregate_fit: received 5 results and 0 failures
[92mINFO [0m:      fit progress: (24, 1.6899807517335992, {'accuracy': 0.7318045862412762, 'balanced_accuracy': 0.27307999930950755, 'macro_f1': 0.25847206208794826, 'worst_class_f1': 0.0, 'worst_class_recall': 0.0, 'f1_actinic_keratoses_an': 0.0, 'recall_actinic_keratoses_an': 0.0, 'f1_basal_cell_carcinoma': 0.0, 'recall_basal_cell_carcinoma': 0.0, 'f1_benign_keratosis-lik': 0.5307692307692308, 'recall_benign_keratosis-lik': 0.6272727272727273, 'f1_dermatofibroma': 0.0, 'recall_dermatofibroma': 0.0, 'f1_melanoma': 0.4126984126984127, 'recall_melanoma': 0.35135135135135137, 'f1_melanocytic_nevi': 0.8658367911479945, 'recall_melanocytic_nevi': 0.9329359165424739, 'f1_vascular_lesions': 0.0, 'recall_vascular_lesions': 0.0}, 202.87082107699825)
[92mINFO [0m:      configure_evaluate: strategy sampled 10 clients (out of 10)
[36m(ClientAppActor pid=440494)[0m 
[36m(ClientAppActor pid=440494)[0m         
[36m(ClientAppActor pid=440494)[0m /home/bk489/federated_clean/cleanest_federated/fl-dermamnist-starter/metrics/evaluation.py:68: UserWarning: AUROC set to NaN because present classes are [0, 6], expected [0, 1, 2, 3, 4, 5, 6][32m [repeated 11x across cluster][0m
[36m(ClientAppActor pid=440494)[0m   warnings.warn(f'AUROC set to NaN because present classes are {present_classes}, expected {labels}')[32m [repeated 11x across cluster][0m
[36m(ClientAppActor pid=440494)[0m /home/bk489/federated_clean/.venv/lib/python3.9/site-packages/sklearn/metrics/_classification.py:2524: UserWarning: y_pred contains classes not in y_true[32m [repeated 8x across cluster][0m
[36m(ClientAppActor pid=440494)[0m   warnings.warn("y_pred contains classes not in y_true")[32m [repeated 8x across cluster][0m
[36m(ClientAppActor pid=440494)[0m [93mWARNING [0m:   DEPRECATED FEATURE: `client_fn` now expects a signature `def client_fn(context: Context)`.The provided `client_fn` has signature: {'cid': <Parameter "cid: 'str'">}. You can import the `Context` like this: `from flwr.common import Context`[32m [repeated 15x across cluster][0m
[36m(ClientAppActor pid=440494)[0m             This is a deprecated feature. It will be removed[32m [repeated 15x across cluster][0m
[36m(ClientAppActor pid=440494)[0m             entirely in future versions of Flower.[32m [repeated 15x across cluster][0m
[36m(ClientAppActor pid=440492)[0m 
[36m(ClientAppActor pid=440492)[0m         
[36m(ClientAppActor pid=440497)[0m 
[36m(ClientAppActor pid=440497)[0m         
[36m(ClientAppActor pid=440499)[0m 
[36m(ClientAppActor pid=440499)[0m         
[36m(ClientAppActor pid=440493)[0m 
[36m(ClientAppActor pid=440493)[0m         
[36m(ClientAppActor pid=440479)[0m 
[36m(ClientAppActor pid=440479)[0m         
[36m(ClientAppActor pid=440496)[0m 
[36m(ClientAppActor pid=440496)[0m         
[36m(ClientAppActor pid=440469)[0m 
[36m(ClientAppActor pid=440469)[0m         
[36m(ClientAppActor pid=440470)[0m 
[36m(ClientAppActor pid=440470)[0m         
[36m(ClientAppActor pid=440478)[0m 
[36m(ClientAppActor pid=440478)[0m         
[92mINFO [0m:      aggregate_evaluate: received 10 results and 0 failures
[92mINFO [0m:      
[92mINFO [0m:      [ROUND 25]
[92mINFO [0m:      configure_fit: strategy sampled 5 clients (out of 10)
[36m(ClientAppActor pid=440497)[0m 
[36m(ClientAppActor pid=440497)[0m         
[36m(ClientAppActor pid=440499)[0m 
[36m(ClientAppActor pid=440499)[0m         
[36m(ClientAppActor pid=440496)[0m 
[36m(ClientAppActor pid=440496)[0m         
[36m(ClientAppActor pid=440469)[0m 
[36m(ClientAppActor pid=440469)[0m         
[36m(ClientAppActor pid=440478)[0m 
[36m(ClientAppActor pid=440478)[0m         
[92mINFO [0m:      aggregate_fit: received 5 results and 0 failures
[92mINFO [0m:      fit progress: (25, 1.7280260725011853, {'accuracy': 0.7457627118644068, 'balanced_accuracy': 0.29324621619703584, 'macro_f1': 0.27587845345476353, 'worst_class_f1': 0.0, 'worst_class_recall': 0.0, 'f1_actinic_keratoses_an': 0.0, 'recall_actinic_keratoses_an': 0.0, 'f1_basal_cell_carcinoma': 0.0, 'recall_basal_cell_carcinoma': 0.0, 'f1_benign_keratosis-lik': 0.552, 'recall_benign_keratosis-lik': 0.6272727272727273, 'f1_dermatofibroma': 0.0, 'recall_dermatofibroma': 0.0, 'f1_melanoma': 0.5045871559633027, 'recall_melanoma': 0.4954954954954955, 'f1_melanocytic_nevi': 0.8745620182200421, 'recall_melanocytic_nevi': 0.9299552906110283, 'f1_vascular_lesions': 0.0, 'recall_vascular_lesions': 0.0}, 211.1814163439849)
[92mINFO [0m:      configure_evaluate: strategy sampled 10 clients (out of 10)
[36m(ClientAppActor pid=440497)[0m 
[36m(ClientAppActor pid=440497)[0m         
[36m(ClientAppActor pid=440478)[0m /home/bk489/federated_clean/cleanest_federated/fl-dermamnist-starter/metrics/evaluation.py:68: UserWarning: AUROC set to NaN because present classes are [2, 4, 5], expected [0, 1, 2, 3, 4, 5, 6][32m [repeated 9x across cluster][0m
[36m(ClientAppActor pid=440478)[0m   warnings.warn(f'AUROC set to NaN because present classes are {present_classes}, expected {labels}')[32m [repeated 9x across cluster][0m
[36m(ClientAppActor pid=440470)[0m /home/bk489/federated_clean/.venv/lib/python3.9/site-packages/sklearn/metrics/_classification.py:2524: UserWarning: y_pred contains classes not in y_true[32m [repeated 6x across cluster][0m
[36m(ClientAppActor pid=440470)[0m   warnings.warn("y_pred contains classes not in y_true")[32m [repeated 6x across cluster][0m
[36m(ClientAppActor pid=440497)[0m [93mWARNING [0m:   DEPRECATED FEATURE: `client_fn` now expects a signature `def client_fn(context: Context)`.The provided `client_fn` has signature: {'cid': <Parameter "cid: 'str'">}. You can import the `Context` like this: `from flwr.common import Context`[32m [repeated 15x across cluster][0m
[36m(ClientAppActor pid=440497)[0m             This is a deprecated feature. It will be removed[32m [repeated 15x across cluster][0m
[36m(ClientAppActor pid=440497)[0m             entirely in future versions of Flower.[32m [repeated 15x across cluster][0m
[36m(ClientAppActor pid=440496)[0m 
[36m(ClientAppActor pid=440496)[0m         
[36m(ClientAppActor pid=440469)[0m 
[36m(ClientAppActor pid=440469)[0m         
[36m(ClientAppActor pid=440478)[0m 
[36m(ClientAppActor pid=440478)[0m         
[36m(ClientAppActor pid=440499)[0m 
[36m(ClientAppActor pid=440499)[0m         
[36m(ClientAppActor pid=440493)[0m 
[36m(ClientAppActor pid=440493)[0m         
[36m(ClientAppActor pid=440479)[0m 
[36m(ClientAppActor pid=440479)[0m         
[92mINFO [0m:      aggregate_evaluate: received 10 results and 0 failures
[92mINFO [0m:      
[92mINFO [0m:      [ROUND 26]
[92mINFO [0m:      configure_fit: strategy sampled 5 clients (out of 10)
[36m(ClientAppActor pid=440494)[0m 
[36m(ClientAppActor pid=440494)[0m         
[36m(ClientAppActor pid=440494)[0m 
[36m(ClientAppActor pid=440494)[0m         
[36m(ClientAppActor pid=440492)[0m 
[36m(ClientAppActor pid=440492)[0m         
[36m(ClientAppActor pid=440492)[0m 
[36m(ClientAppActor pid=440492)[0m         
[36m(ClientAppActor pid=440499)[0m 
[36m(ClientAppActor pid=440499)[0m         
[36m(ClientAppActor pid=440479)[0m 
[36m(ClientAppActor pid=440479)[0m         
[36m(ClientAppActor pid=440470)[0m 
[36m(ClientAppActor pid=440470)[0m         
[36m(ClientAppActor pid=440470)[0m 
[36m(ClientAppActor pid=440470)[0m         
[92mINFO [0m:      aggregate_fit: received 5 results and 0 failures
[92mINFO [0m:      fit progress: (26, 1.845234160171311, {'accuracy': 0.7308075772681955, 'balanced_accuracy': 0.2782726946661373, 'macro_f1': 0.2602707860533314, 'worst_class_f1': 0.0, 'worst_class_recall': 0.0, 'f1_actinic_keratoses_an': 0.0, 'recall_actinic_keratoses_an': 0.0, 'f1_basal_cell_carcinoma': 0.0, 'recall_basal_cell_carcinoma': 0.0, 'f1_benign_keratosis-lik': 0.5179856115107914, 'recall_benign_keratosis-lik': 0.6545454545454545, 'f1_dermatofibroma': 0.0, 'recall_dermatofibroma': 0.0, 'f1_melanoma': 0.43617021276595747, 'recall_melanoma': 0.36936936936936937, 'f1_melanocytic_nevi': 0.867739678096571, 'recall_melanocytic_nevi': 0.9239940387481371, 'f1_vascular_lesions': 0.0, 'recall_vascular_lesions': 0.0}, 219.23438367299968)
[92mINFO [0m:      configure_evaluate: strategy sampled 10 clients (out of 10)
[36m(ClientAppActor pid=440479)[0m 
[36m(ClientAppActor pid=440479)[0m         
[36m(ClientAppActor pid=440470)[0m /home/bk489/federated_clean/cleanest_federated/fl-dermamnist-starter/metrics/evaluation.py:68: UserWarning: AUROC set to NaN because present classes are [0, 1, 3], expected [0, 1, 2, 3, 4, 5, 6][32m [repeated 10x across cluster][0m
[36m(ClientAppActor pid=440470)[0m   warnings.warn(f'AUROC set to NaN because present classes are {present_classes}, expected {labels}')[32m [repeated 10x across cluster][0m
[36m(ClientAppActor pid=440470)[0m /home/bk489/federated_clean/.venv/lib/python3.9/site-packages/sklearn/metrics/_classification.py:2524: UserWarning: y_pred contains classes not in y_true[32m [repeated 7x across cluster][0m
[36m(ClientAppActor pid=440470)[0m   warnings.warn("y_pred contains classes not in y_true")[32m [repeated 7x across cluster][0m
[36m(ClientAppActor pid=440479)[0m [93mWARNING [0m:   DEPRECATED FEATURE: `client_fn` now expects a signature `def client_fn(context: Context)`.The provided `client_fn` has signature: {'cid': <Parameter "cid: 'str'">}. You can import the `Context` like this: `from flwr.common import Context`[32m [repeated 15x across cluster][0m
[36m(ClientAppActor pid=440479)[0m             This is a deprecated feature. It will be removed[32m [repeated 15x across cluster][0m
[36m(ClientAppActor pid=440479)[0m             entirely in future versions of Flower.[32m [repeated 15x across cluster][0m
[36m(ClientAppActor pid=440470)[0m 
[36m(ClientAppActor pid=440470)[0m         
[36m(ClientAppActor pid=440492)[0m 
[36m(ClientAppActor pid=440492)[0m         
[36m(ClientAppActor pid=440499)[0m 
[36m(ClientAppActor pid=440499)[0m         
[36m(ClientAppActor pid=440494)[0m 
[36m(ClientAppActor pid=440494)[0m         
[36m(ClientAppActor pid=440469)[0m 
[36m(ClientAppActor pid=440469)[0m         
[92mINFO [0m:      aggregate_evaluate: received 10 results and 0 failures
[92mINFO [0m:      
[92mINFO [0m:      [ROUND 27]
[92mINFO [0m:      configure_fit: strategy sampled 5 clients (out of 10)
[36m(ClientAppActor pid=440497)[0m 
[36m(ClientAppActor pid=440497)[0m         
[36m(ClientAppActor pid=440493)[0m 
[36m(ClientAppActor pid=440493)[0m         
[36m(ClientAppActor pid=440496)[0m 
[36m(ClientAppActor pid=440496)[0m         
[36m(ClientAppActor pid=440496)[0m 
[36m(ClientAppActor pid=440496)[0m         
[36m(ClientAppActor pid=440478)[0m 
[36m(ClientAppActor pid=440478)[0m         
[36m(ClientAppActor pid=440478)[0m 
[36m(ClientAppActor pid=440478)[0m         
[36m(ClientAppActor pid=440497)[0m 
[36m(ClientAppActor pid=440497)[0m         
[36m(ClientAppActor pid=440493)[0m 
[36m(ClientAppActor pid=440493)[0m         
[36m(ClientAppActor pid=440469)[0m 
[36m(ClientAppActor pid=440469)[0m         
[92mINFO [0m:      aggregate_fit: received 5 results and 0 failures
[92mINFO [0m:      fit progress: (27, 1.345172967535192, {'accuracy': 0.7148554336989033, 'balanced_accuracy': 0.26716036879971305, 'macro_f1': 0.25398006394798367, 'worst_class_f1': 0.0, 'worst_class_recall': 0.0, 'f1_actinic_keratoses_an': 0.0, 'recall_actinic_keratoses_an': 0.0, 'f1_basal_cell_carcinoma': 0.0, 'recall_basal_cell_carcinoma': 0.0, 'f1_benign_keratosis-lik': 0.4933920704845815, 'recall_benign_keratosis-lik': 0.509090909090909, 'f1_dermatofibroma': 0.0, 'recall_dermatofibroma': 0.0, 'f1_melanoma': 0.4329004329004329, 'recall_melanoma': 0.45045045045045046, 'f1_melanocytic_nevi': 0.8515679442508711, 'recall_melanocytic_nevi': 0.910581222056632, 'f1_vascular_lesions': 0.0, 'recall_vascular_lesions': 0.0}, 226.5777591879887)
[92mINFO [0m:      configure_evaluate: strategy sampled 10 clients (out of 10)
[36m(ClientAppActor pid=440494)[0m 
[36m(ClientAppActor pid=440494)[0m         
[36m(ClientAppActor pid=440494)[0m /home/bk489/federated_clean/cleanest_federated/fl-dermamnist-starter/metrics/evaluation.py:68: UserWarning: AUROC set to NaN because present classes are [0, 1], expected [0, 1, 2, 3, 4, 5, 6][32m [repeated 11x across cluster][0m
[36m(ClientAppActor pid=440494)[0m   warnings.warn(f'AUROC set to NaN because present classes are {present_classes}, expected {labels}')[32m [repeated 11x across cluster][0m
[36m(ClientAppActor pid=440494)[0m /home/bk489/federated_clean/.venv/lib/python3.9/site-packages/sklearn/metrics/_classification.py:2524: UserWarning: y_pred contains classes not in y_true[32m [repeated 8x across cluster][0m
[36m(ClientAppActor pid=440494)[0m   warnings.warn("y_pred contains classes not in y_true")[32m [repeated 8x across cluster][0m
[36m(ClientAppActor pid=440494)[0m [93mWARNING [0m:   DEPRECATED FEATURE: `client_fn` now expects a signature `def client_fn(context: Context)`.The provided `client_fn` has signature: {'cid': <Parameter "cid: 'str'">}. You can import the `Context` like this: `from flwr.common import Context`[32m [repeated 15x across cluster][0m
[36m(ClientAppActor pid=440494)[0m             This is a deprecated feature. It will be removed[32m [repeated 15x across cluster][0m
[36m(ClientAppActor pid=440494)[0m             entirely in future versions of Flower.[32m [repeated 15x across cluster][0m
[36m(ClientAppActor pid=440492)[0m 
[36m(ClientAppActor pid=440492)[0m         
[36m(ClientAppActor pid=440497)[0m 
[36m(ClientAppActor pid=440497)[0m         
[36m(ClientAppActor pid=440499)[0m 
[36m(ClientAppActor pid=440499)[0m         
[36m(ClientAppActor pid=440493)[0m 
[36m(ClientAppActor pid=440493)[0m         
[36m(ClientAppActor pid=440479)[0m 
[36m(ClientAppActor pid=440479)[0m         
[36m(ClientAppActor pid=440496)[0m 
[36m(ClientAppActor pid=440496)[0m         
[36m(ClientAppActor pid=440469)[0m 
[36m(ClientAppActor pid=440469)[0m         
[36m(ClientAppActor pid=440470)[0m 
[36m(ClientAppActor pid=440470)[0m         
[36m(ClientAppActor pid=440478)[0m 
[36m(ClientAppActor pid=440478)[0m         
[92mINFO [0m:      aggregate_evaluate: received 10 results and 0 failures
[92mINFO [0m:      
[92mINFO [0m:      [ROUND 28]
[92mINFO [0m:      configure_fit: strategy sampled 5 clients (out of 10)
[36m(ClientAppActor pid=440494)[0m 
[36m(ClientAppActor pid=440494)[0m         
[36m(ClientAppActor pid=440492)[0m 
[36m(ClientAppActor pid=440492)[0m         
[36m(ClientAppActor pid=440499)[0m 
[36m(ClientAppActor pid=440499)[0m         
[36m(ClientAppActor pid=440479)[0m 
[36m(ClientAppActor pid=440479)[0m         
[36m(ClientAppActor pid=440470)[0m 
[36m(ClientAppActor pid=440470)[0m         
[92mINFO [0m:      aggregate_fit: received 5 results and 0 failures
[92mINFO [0m:      fit progress: (28, 2.0535214986069015, {'accuracy': 0.7377866400797607, 'balanced_accuracy': 0.28394240525388065, 'macro_f1': 0.26815889038111257, 'worst_class_f1': 0.0, 'worst_class_recall': 0.0, 'f1_actinic_keratoses_an': 0.0, 'recall_actinic_keratoses_an': 0.0, 'f1_basal_cell_carcinoma': 0.0, 'recall_basal_cell_carcinoma': 0.0, 'f1_benign_keratosis-lik': 0.5102880658436214, 'recall_benign_keratosis-lik': 0.5636363636363636, 'f1_dermatofibroma': 0.0, 'recall_dermatofibroma': 0.0, 'f1_melanoma': 0.4954954954954955, 'recall_melanoma': 0.4954954954954955, 'f1_melanocytic_nevi': 0.8713286713286713, 'recall_melanocytic_nevi': 0.9284649776453056, 'f1_vascular_lesions': 0.0, 'recall_vascular_lesions': 0.0}, 234.69995212598587)
[92mINFO [0m:      configure_evaluate: strategy sampled 10 clients (out of 10)
[36m(ClientAppActor pid=440494)[0m 
[36m(ClientAppActor pid=440494)[0m         
[36m(ClientAppActor pid=440494)[0m /home/bk489/federated_clean/cleanest_federated/fl-dermamnist-starter/metrics/evaluation.py:68: UserWarning: AUROC set to NaN because present classes are [0, 1, 6], expected [0, 1, 2, 3, 4, 5, 6][32m [repeated 10x across cluster][0m
[36m(ClientAppActor pid=440494)[0m   warnings.warn(f'AUROC set to NaN because present classes are {present_classes}, expected {labels}')[32m [repeated 10x across cluster][0m
[36m(ClientAppActor pid=440494)[0m /home/bk489/federated_clean/.venv/lib/python3.9/site-packages/sklearn/metrics/_classification.py:2524: UserWarning: y_pred contains classes not in y_true[32m [repeated 7x across cluster][0m
[36m(ClientAppActor pid=440494)[0m   warnings.warn("y_pred contains classes not in y_true")[32m [repeated 7x across cluster][0m
[36m(ClientAppActor pid=440494)[0m [93mWARNING [0m:   DEPRECATED FEATURE: `client_fn` now expects a signature `def client_fn(context: Context)`.The provided `client_fn` has signature: {'cid': <Parameter "cid: 'str'">}. You can import the `Context` like this: `from flwr.common import Context`[32m [repeated 15x across cluster][0m
[36m(ClientAppActor pid=440494)[0m             This is a deprecated feature. It will be removed[32m [repeated 15x across cluster][0m
[36m(ClientAppActor pid=440494)[0m             entirely in future versions of Flower.[32m [repeated 15x across cluster][0m
[36m(ClientAppActor pid=440492)[0m 
[36m(ClientAppActor pid=440492)[0m         
[36m(ClientAppActor pid=440499)[0m 
[36m(ClientAppActor pid=440499)[0m         
[36m(ClientAppActor pid=440493)[0m 
[36m(ClientAppActor pid=440493)[0m         
[36m(ClientAppActor pid=440479)[0m 
[36m(ClientAppActor pid=440479)[0m         
[36m(ClientAppActor pid=440496)[0m 
[36m(ClientAppActor pid=440496)[0m         
[36m(ClientAppActor pid=440470)[0m 
[36m(ClientAppActor pid=440470)[0m         
[36m(ClientAppActor pid=440478)[0m 
[36m(ClientAppActor pid=440478)[0m         
[36m(ClientAppActor pid=440469)[0m 
[36m(ClientAppActor pid=440469)[0m         
[92mINFO [0m:      aggregate_evaluate: received 10 results and 0 failures
[92mINFO [0m:      
[92mINFO [0m:      [ROUND 29]
[92mINFO [0m:      configure_fit: strategy sampled 5 clients (out of 10)
[36m(ClientAppActor pid=440497)[0m 
[36m(ClientAppActor pid=440497)[0m         
[36m(ClientAppActor pid=440497)[0m 
[36m(ClientAppActor pid=440497)[0m         
[36m(ClientAppActor pid=440493)[0m 
[36m(ClientAppActor pid=440493)[0m         
[36m(ClientAppActor pid=440496)[0m 
[36m(ClientAppActor pid=440496)[0m         
[36m(ClientAppActor pid=440469)[0m 
[36m(ClientAppActor pid=440469)[0m         
[36m(ClientAppActor pid=440478)[0m 
[36m(ClientAppActor pid=440478)[0m         
[92mINFO [0m:      aggregate_fit: received 5 results and 0 failures
[92mINFO [0m:      fit progress: (29, 1.5443245237869612, {'accuracy': 0.7228315054835494, 'balanced_accuracy': 0.262477487067651, 'macro_f1': 0.2522819371403169, 'worst_class_f1': 0.0, 'worst_class_recall': 0.0, 'f1_actinic_keratoses_an': 0.0, 'recall_actinic_keratoses_an': 0.0, 'f1_basal_cell_carcinoma': 0.0, 'recall_basal_cell_carcinoma': 0.0, 'f1_benign_keratosis-lik': 0.5083333333333333, 'recall_benign_keratosis-lik': 0.5545454545454546, 'f1_dermatofibroma': 0.0, 'recall_dermatofibroma': 0.0, 'f1_melanoma': 0.4020618556701031, 'recall_melanoma': 0.35135135135135137, 'f1_melanocytic_nevi': 0.8555783709787816, 'recall_melanocytic_nevi': 0.9314456035767511, 'f1_vascular_lesions': 0.0, 'recall_vascular_lesions': 0.0}, 242.99785130599048)
[92mINFO [0m:      configure_evaluate: strategy sampled 10 clients (out of 10)
[36m(ClientAppActor pid=440494)[0m 
[36m(ClientAppActor pid=440494)[0m         
[36m(ClientAppActor pid=440478)[0m /home/bk489/federated_clean/cleanest_federated/fl-dermamnist-starter/metrics/evaluation.py:68: UserWarning: AUROC set to NaN because present classes are [2, 4, 5], expected [0, 1, 2, 3, 4, 5, 6][32m [repeated 9x across cluster][0m
[36m(ClientAppActor pid=440478)[0m   warnings.warn(f'AUROC set to NaN because present classes are {present_classes}, expected {labels}')[32m [repeated 9x across cluster][0m
[36m(ClientAppActor pid=440469)[0m /home/bk489/federated_clean/.venv/lib/python3.9/site-packages/sklearn/metrics/_classification.py:2524: UserWarning: y_pred contains classes not in y_true[32m [repeated 6x across cluster][0m
[36m(ClientAppActor pid=440469)[0m   warnings.warn("y_pred contains classes not in y_true")[32m [repeated 6x across cluster][0m
[36m(ClientAppActor pid=440494)[0m [93mWARNING [0m:   DEPRECATED FEATURE: `client_fn` now expects a signature `def client_fn(context: Context)`.The provided `client_fn` has signature: {'cid': <Parameter "cid: 'str'">}. You can import the `Context` like this: `from flwr.common import Context`[32m [repeated 15x across cluster][0m
[36m(ClientAppActor pid=440494)[0m             This is a deprecated feature. It will be removed[32m [repeated 15x across cluster][0m
[36m(ClientAppActor pid=440494)[0m             entirely in future versions of Flower.[32m [repeated 15x across cluster][0m
[36m(ClientAppActor pid=440492)[0m 
[36m(ClientAppActor pid=440492)[0m         
[36m(ClientAppActor pid=440497)[0m 
[36m(ClientAppActor pid=440497)[0m         
[36m(ClientAppActor pid=440499)[0m 
[36m(ClientAppActor pid=440499)[0m         
[36m(ClientAppActor pid=440493)[0m 
[36m(ClientAppActor pid=440493)[0m         
[36m(ClientAppActor pid=440479)[0m 
[36m(ClientAppActor pid=440479)[0m         
[36m(ClientAppActor pid=440496)[0m 
[36m(ClientAppActor pid=440496)[0m         
[36m(ClientAppActor pid=440469)[0m 
[36m(ClientAppActor pid=440469)[0m         
[36m(ClientAppActor pid=440470)[0m 
[36m(ClientAppActor pid=440470)[0m         
[36m(ClientAppActor pid=440478)[0m 
[36m(ClientAppActor pid=440478)[0m         
[92mINFO [0m:      aggregate_evaluate: received 10 results and 0 failures
[92mINFO [0m:      
[92mINFO [0m:      [ROUND 30]
[92mINFO [0m:      configure_fit: strategy sampled 5 clients (out of 10)
[36m(ClientAppActor pid=440494)[0m 
[36m(ClientAppActor pid=440494)[0m         
[36m(ClientAppActor pid=440492)[0m 
[36m(ClientAppActor pid=440492)[0m         
[36m(ClientAppActor pid=440479)[0m 
[36m(ClientAppActor pid=440479)[0m         
[36m(ClientAppActor pid=440469)[0m 
[36m(ClientAppActor pid=440469)[0m         
[36m(ClientAppActor pid=440470)[0m 
[36m(ClientAppActor pid=440470)[0m         
[92mINFO [0m:      aggregate_fit: received 5 results and 0 failures
[92mINFO [0m:      fit progress: (30, 16.757392259561648, {'accuracy': 0.054835493519441676, 'balanced_accuracy': 0.22996051567480139, 'macro_f1': 0.039382343148857024, 'worst_class_f1': 0.0, 'worst_class_recall': 0.0, 'f1_actinic_keratoses_an': 0.10420168067226891, 'recall_actinic_keratoses_an': 0.9393939393939394, 'f1_basal_cell_carcinoma': 0.13245033112582782, 'recall_basal_cell_carcinoma': 0.38461538461538464, 'f1_benign_keratosis-lik': 0.0, 'recall_benign_keratosis-lik': 0.0, 'f1_dermatofibroma': 0.0, 'recall_dermatofibroma': 0.0, 'f1_melanoma': 0.0, 'recall_melanoma': 0.0, 'f1_melanocytic_nevi': 0.0, 'recall_melanocytic_nevi': 0.0, 'f1_vascular_lesions': 0.03902439024390244, 'recall_vascular_lesions': 0.2857142857142857}, 244.91616756797885)
[92mINFO [0m:      configure_evaluate: strategy sampled 10 clients (out of 10)
[36m(ClientAppActor pid=440494)[0m 
[36m(ClientAppActor pid=440494)[0m         
[36m(ClientAppActor pid=440492)[0m 
[36m(ClientAppActor pid=440492)[0m         
[36m(ClientAppActor pid=440497)[0m 
[36m(ClientAppActor pid=440497)[0m         
[36m(ClientAppActor pid=440499)[0m 
[36m(ClientAppActor pid=440499)[0m         
[36m(ClientAppActor pid=440493)[0m 
[36m(ClientAppActor pid=440493)[0m         
[36m(ClientAppActor pid=440479)[0m 
[36m(ClientAppActor pid=440479)[0m         
[36m(ClientAppActor pid=440496)[0m 
[36m(ClientAppActor pid=440496)[0m         
[36m(ClientAppActor pid=440469)[0m 
[36m(ClientAppActor pid=440469)[0m         
[36m(ClientAppActor pid=440470)[0m 
[36m(ClientAppActor pid=440470)[0m         
[36m(ClientAppActor pid=440478)[0m 
[36m(ClientAppActor pid=440478)[0m         
[92mINFO [0m:      aggregate_evaluate: received 10 results and 0 failures
[92mINFO [0m:      
[92mINFO [0m:      [ROUND 31]
[92mINFO [0m:      configure_fit: strategy sampled 5 clients (out of 10)
[36m(ClientAppActor pid=440497)[0m 
[36m(ClientAppActor pid=440497)[0m         
[36m(ClientAppActor pid=440499)[0m 
[36m(ClientAppActor pid=440499)[0m         
[36m(ClientAppActor pid=440493)[0m 
[36m(ClientAppActor pid=440493)[0m         
[36m(ClientAppActor pid=440496)[0m 
[36m(ClientAppActor pid=440496)[0m         
[36m(ClientAppActor pid=440478)[0m 
[36m(ClientAppActor pid=440478)[0m         
[92mINFO [0m:      aggregate_fit: received 5 results and 0 failures
[92mINFO [0m:      fit progress: (31, 1.6941155409171123, {'accuracy': 0.7387836490528414, 'balanced_accuracy': 0.28423720718802686, 'macro_f1': 0.2674358771721855, 'worst_class_f1': 0.0, 'worst_class_recall': 0.0, 'f1_actinic_keratoses_an': 0.0, 'recall_actinic_keratoses_an': 0.0, 'f1_basal_cell_carcinoma': 0.0, 'recall_basal_cell_carcinoma': 0.0, 'f1_benign_keratosis-lik': 0.5287356321839081, 'recall_benign_keratosis-lik': 0.6272727272727273, 'f1_dermatofibroma': 0.0, 'recall_dermatofibroma': 0.0, 'f1_melanoma': 0.47058823529411764, 'recall_melanoma': 0.43243243243243246, 'f1_melanocytic_nevi': 0.8727272727272727, 'recall_melanocytic_nevi': 0.9299552906110283, 'f1_vascular_lesions': 0.0, 'recall_vascular_lesions': 0.0}, 253.09630594099872)
[92mINFO [0m:      configure_evaluate: strategy sampled 10 clients (out of 10)
[36m(ClientAppActor pid=440497)[0m 
[36m(ClientAppActor pid=440497)[0m         
[36m(ClientAppActor pid=440497)[0m /home/bk489/federated_clean/cleanest_federated/fl-dermamnist-starter/metrics/evaluation.py:68: UserWarning: AUROC set to NaN because present classes are [0, 6], expected [0, 1, 2, 3, 4, 5, 6][32m [repeated 21x across cluster][0m
[36m(ClientAppActor pid=440497)[0m   warnings.warn(f'AUROC set to NaN because present classes are {present_classes}, expected {labels}')[32m [repeated 21x across cluster][0m
[36m(ClientAppActor pid=440497)[0m /home/bk489/federated_clean/.venv/lib/python3.9/site-packages/sklearn/metrics/_classification.py:2524: UserWarning: y_pred contains classes not in y_true[32m [repeated 15x across cluster][0m
[36m(ClientAppActor pid=440497)[0m   warnings.warn("y_pred contains classes not in y_true")[32m [repeated 15x across cluster][0m
[36m(ClientAppActor pid=440497)[0m [93mWARNING [0m:   DEPRECATED FEATURE: `client_fn` now expects a signature `def client_fn(context: Context)`.The provided `client_fn` has signature: {'cid': <Parameter "cid: 'str'">}. You can import the `Context` like this: `from flwr.common import Context`[32m [repeated 30x across cluster][0m
[36m(ClientAppActor pid=440497)[0m             This is a deprecated feature. It will be removed[32m [repeated 30x across cluster][0m
[36m(ClientAppActor pid=440497)[0m             entirely in future versions of Flower.[32m [repeated 30x across cluster][0m
[36m(ClientAppActor pid=440499)[0m 
[36m(ClientAppActor pid=440499)[0m         
[36m(ClientAppActor pid=440493)[0m 
[36m(ClientAppActor pid=440493)[0m         
[36m(ClientAppActor pid=440496)[0m 
[36m(ClientAppActor pid=440496)[0m         
[36m(ClientAppActor pid=440470)[0m 
[36m(ClientAppActor pid=440470)[0m         
[36m(ClientAppActor pid=440478)[0m 
[36m(ClientAppActor pid=440478)[0m         
[36m(ClientAppActor pid=440479)[0m 
[36m(ClientAppActor pid=440479)[0m         
[36m(ClientAppActor pid=440492)[0m 
[36m(ClientAppActor pid=440492)[0m         
[36m(ClientAppActor pid=440469)[0m 
[36m(ClientAppActor pid=440469)[0m         
[36m(ClientAppActor pid=440494)[0m 
[36m(ClientAppActor pid=440494)[0m         
[92mINFO [0m:      aggregate_evaluate: received 10 results and 0 failures
[92mINFO [0m:      
[92mINFO [0m:      [ROUND 32]
[92mINFO [0m:      configure_fit: strategy sampled 5 clients (out of 10)
[36m(ClientAppActor pid=440494)[0m 
[36m(ClientAppActor pid=440494)[0m         
[36m(ClientAppActor pid=440492)[0m 
[36m(ClientAppActor pid=440492)[0m         
[36m(ClientAppActor pid=440499)[0m 
[36m(ClientAppActor pid=440499)[0m         
[36m(ClientAppActor pid=440469)[0m 
[36m(ClientAppActor pid=440469)[0m         
[36m(ClientAppActor pid=440478)[0m 
[36m(ClientAppActor pid=440478)[0m         
[92mINFO [0m:      aggregate_fit: received 5 results and 0 failures
[92mINFO [0m:      fit progress: (32, 1.4188711845268638, {'accuracy': 0.7248255234297108, 'balanced_accuracy': 0.24771379853347067, 'macro_f1': 0.2451831450283463, 'worst_class_f1': 0.0, 'worst_class_recall': 0.0, 'f1_actinic_keratoses_an': 0.0, 'recall_actinic_keratoses_an': 0.0, 'f1_basal_cell_carcinoma': 0.0, 'recall_basal_cell_carcinoma': 0.0, 'f1_benign_keratosis-lik': 0.45933014354066987, 'recall_benign_keratosis-lik': 0.43636363636363634, 'f1_dermatofibroma': 0.0, 'recall_dermatofibroma': 0.0, 'f1_melanoma': 0.4, 'recall_melanoma': 0.34234234234234234, 'f1_melanocytic_nevi': 0.856951871657754, 'recall_melanocytic_nevi': 0.9552906110283159, 'f1_vascular_lesions': 0.0, 'recall_vascular_lesions': 0.0}, 260.44244559897925)
[92mINFO [0m:      configure_evaluate: strategy sampled 10 clients (out of 10)
[36m(ClientAppActor pid=440494)[0m 
[36m(ClientAppActor pid=440494)[0m         
[36m(ClientAppActor pid=440494)[0m /home/bk489/federated_clean/cleanest_federated/fl-dermamnist-starter/metrics/evaluation.py:68: UserWarning: AUROC set to NaN because present classes are [0, 1, 6], expected [0, 1, 2, 3, 4, 5, 6][32m [repeated 10x across cluster][0m
[36m(ClientAppActor pid=440494)[0m   warnings.warn(f'AUROC set to NaN because present classes are {present_classes}, expected {labels}')[32m [repeated 10x across cluster][0m
[36m(ClientAppActor pid=440494)[0m /home/bk489/federated_clean/.venv/lib/python3.9/site-packages/sklearn/metrics/_classification.py:2524: UserWarning: y_pred contains classes not in y_true[32m [repeated 7x across cluster][0m
[36m(ClientAppActor pid=440494)[0m   warnings.warn("y_pred contains classes not in y_true")[32m [repeated 7x across cluster][0m
[36m(ClientAppActor pid=440494)[0m [93mWARNING [0m:   DEPRECATED FEATURE: `client_fn` now expects a signature `def client_fn(context: Context)`.The provided `client_fn` has signature: {'cid': <Parameter "cid: 'str'">}. You can import the `Context` like this: `from flwr.common import Context`[32m [repeated 15x across cluster][0m
[36m(ClientAppActor pid=440494)[0m             This is a deprecated feature. It will be removed[32m [repeated 15x across cluster][0m
[36m(ClientAppActor pid=440494)[0m             entirely in future versions of Flower.[32m [repeated 15x across cluster][0m
[36m(ClientAppActor pid=440492)[0m 
[36m(ClientAppActor pid=440492)[0m         
[36m(ClientAppActor pid=440497)[0m 
[36m(ClientAppActor pid=440497)[0m         
[36m(ClientAppActor pid=440499)[0m 
[36m(ClientAppActor pid=440499)[0m         
[36m(ClientAppActor pid=440493)[0m 
[36m(ClientAppActor pid=440493)[0m         
[36m(ClientAppActor pid=440479)[0m 
[36m(ClientAppActor pid=440479)[0m         
[36m(ClientAppActor pid=440496)[0m 
[36m(ClientAppActor pid=440496)[0m         
[36m(ClientAppActor pid=440469)[0m 
[36m(ClientAppActor pid=440469)[0m         
[36m(ClientAppActor pid=440470)[0m 
[36m(ClientAppActor pid=440470)[0m         
[36m(ClientAppActor pid=440478)[0m 
[36m(ClientAppActor pid=440478)[0m         
[92mINFO [0m:      aggregate_evaluate: received 10 results and 0 failures
[92mINFO [0m:      
[92mINFO [0m:      [ROUND 33]
[92mINFO [0m:      configure_fit: strategy sampled 5 clients (out of 10)
[36m(ClientAppActor pid=440497)[0m 
[36m(ClientAppActor pid=440497)[0m         
[36m(ClientAppActor pid=440493)[0m 
[36m(ClientAppActor pid=440493)[0m         
[36m(ClientAppActor pid=440479)[0m 
[36m(ClientAppActor pid=440479)[0m         
[36m(ClientAppActor pid=440496)[0m 
[36m(ClientAppActor pid=440496)[0m         
[36m(ClientAppActor pid=440470)[0m 
[36m(ClientAppActor pid=440470)[0m         
[92mINFO [0m:      aggregate_fit: received 5 results and 0 failures
[92mINFO [0m:      fit progress: (33, 1.43858153869956, {'accuracy': 0.7318045862412762, 'balanced_accuracy': 0.2706861001942969, 'macro_f1': 0.2613632466454721, 'worst_class_f1': 0.0, 'worst_class_recall': 0.0, 'f1_actinic_keratoses_an': 0.0, 'recall_actinic_keratoses_an': 0.0, 'f1_basal_cell_carcinoma': 0.0, 'recall_basal_cell_carcinoma': 0.0, 'f1_benign_keratosis-lik': 0.46153846153846156, 'recall_benign_keratosis-lik': 0.43636363636363634, 'f1_dermatofibroma': 0.0, 'recall_dermatofibroma': 0.0, 'f1_melanoma': 0.5065502183406113, 'recall_melanoma': 0.5225225225225225, 'f1_melanocytic_nevi': 0.8614540466392319, 'recall_melanocytic_nevi': 0.9359165424739195, 'f1_vascular_lesions': 0.0, 'recall_vascular_lesions': 0.0}, 267.6070049479895)
[92mINFO [0m:      configure_evaluate: strategy sampled 10 clients (out of 10)
[36m(ClientAppActor pid=440497)[0m 
[36m(ClientAppActor pid=440497)[0m         
[36m(ClientAppActor pid=440470)[0m /home/bk489/federated_clean/cleanest_federated/fl-dermamnist-starter/metrics/evaluation.py:68: UserWarning: AUROC set to NaN because present classes are [0, 6], expected [0, 1, 2, 3, 4, 5, 6][32m [repeated 9x across cluster][0m
[36m(ClientAppActor pid=440470)[0m   warnings.warn(f'AUROC set to NaN because present classes are {present_classes}, expected {labels}')[32m [repeated 9x across cluster][0m
[36m(ClientAppActor pid=440470)[0m /home/bk489/federated_clean/.venv/lib/python3.9/site-packages/sklearn/metrics/_classification.py:2524: UserWarning: y_pred contains classes not in y_true[32m [repeated 6x across cluster][0m
[36m(ClientAppActor pid=440470)[0m   warnings.warn("y_pred contains classes not in y_true")[32m [repeated 6x across cluster][0m
[36m(ClientAppActor pid=440497)[0m [93mWARNING [0m:   DEPRECATED FEATURE: `client_fn` now expects a signature `def client_fn(context: Context)`.The provided `client_fn` has signature: {'cid': <Parameter "cid: 'str'">}. You can import the `Context` like this: `from flwr.common import Context`[32m [repeated 15x across cluster][0m
[36m(ClientAppActor pid=440497)[0m             This is a deprecated feature. It will be removed[32m [repeated 15x across cluster][0m
[36m(ClientAppActor pid=440497)[0m             entirely in future versions of Flower.[32m [repeated 15x across cluster][0m
[36m(ClientAppActor pid=440479)[0m 
[36m(ClientAppActor pid=440479)[0m         
[92mINFO [0m:      aggregate_evaluate: received 10 results and 0 failures
[92mINFO [0m:      
[92mINFO [0m:      [ROUND 34]
[92mINFO [0m:      configure_fit: strategy sampled 5 clients (out of 10)
[36m(ClientAppActor pid=440494)[0m 
[36m(ClientAppActor pid=440494)[0m         
[36m(ClientAppActor pid=440492)[0m 
[36m(ClientAppActor pid=440492)[0m         
[36m(ClientAppActor pid=440499)[0m 
[36m(ClientAppActor pid=440499)[0m         
[36m(ClientAppActor pid=440493)[0m 
[36m(ClientAppActor pid=440493)[0m         
[36m(ClientAppActor pid=440496)[0m 
[36m(ClientAppActor pid=440496)[0m         
[36m(ClientAppActor pid=440469)[0m 
[36m(ClientAppActor pid=440469)[0m         
[36m(ClientAppActor pid=440470)[0m 
[36m(ClientAppActor pid=440470)[0m         
[36m(ClientAppActor pid=440478)[0m 
[36m(ClientAppActor pid=440478)[0m         
[36m(ClientAppActor pid=440494)[0m 
[36m(ClientAppActor pid=440494)[0m         
[36m(ClientAppActor pid=440492)[0m 
[36m(ClientAppActor pid=440492)[0m         
[36m(ClientAppActor pid=440499)[0m 
[36m(ClientAppActor pid=440499)[0m         
[36m(ClientAppActor pid=440469)[0m 
[36m(ClientAppActor pid=440469)[0m         
[36m(ClientAppActor pid=440478)[0m 
[36m(ClientAppActor pid=440478)[0m         
[92mINFO [0m:      aggregate_fit: received 5 results and 0 failures
[92mINFO [0m:      fit progress: (34, 1.5375535456038425, {'accuracy': 0.7298105682951147, 'balanced_accuracy': 0.2831962897536668, 'macro_f1': 0.26473409151646526, 'worst_class_f1': 0.0, 'worst_class_recall': 0.0, 'f1_actinic_keratoses_an': 0.0, 'recall_actinic_keratoses_an': 0.0, 'f1_basal_cell_carcinoma': 0.0, 'recall_basal_cell_carcinoma': 0.0, 'f1_benign_keratosis-lik': 0.5, 'recall_benign_keratosis-lik': 0.4727272727272727, 'f1_dermatofibroma': 0.0, 'recall_dermatofibroma': 0.0, 'f1_melanoma': 0.4852941176470588, 'recall_melanoma': 0.5945945945945946, 'f1_melanocytic_nevi': 0.8678445229681979, 'recall_melanocytic_nevi': 0.9150521609538003, 'f1_vascular_lesions': 0.0, 'recall_vascular_lesions': 0.0}, 274.8445207119803)
[92mINFO [0m:      configure_evaluate: strategy sampled 10 clients (out of 10)
[36m(ClientAppActor pid=440494)[0m 
[36m(ClientAppActor pid=440494)[0m         
[36m(ClientAppActor pid=440494)[0m /home/bk489/federated_clean/cleanest_federated/fl-dermamnist-starter/metrics/evaluation.py:68: UserWarning: AUROC set to NaN because present classes are [0, 1, 6], expected [0, 1, 2, 3, 4, 5, 6][32m [repeated 11x across cluster][0m
[36m(ClientAppActor pid=440494)[0m   warnings.warn(f'AUROC set to NaN because present classes are {present_classes}, expected {labels}')[32m [repeated 11x across cluster][0m
[36m(ClientAppActor pid=440494)[0m /home/bk489/federated_clean/.venv/lib/python3.9/site-packages/sklearn/metrics/_classification.py:2524: UserWarning: y_pred contains classes not in y_true[32m [repeated 8x across cluster][0m
[36m(ClientAppActor pid=440494)[0m   warnings.warn("y_pred contains classes not in y_true")[32m [repeated 8x across cluster][0m
[36m(ClientAppActor pid=440494)[0m [93mWARNING [0m:   DEPRECATED FEATURE: `client_fn` now expects a signature `def client_fn(context: Context)`.The provided `client_fn` has signature: {'cid': <Parameter "cid: 'str'">}. You can import the `Context` like this: `from flwr.common import Context`[32m [repeated 15x across cluster][0m
[36m(ClientAppActor pid=440494)[0m             This is a deprecated feature. It will be removed[32m [repeated 15x across cluster][0m
[36m(ClientAppActor pid=440494)[0m             entirely in future versions of Flower.[32m [repeated 15x across cluster][0m
[36m(ClientAppActor pid=440492)[0m 
[36m(ClientAppActor pid=440492)[0m         
[36m(ClientAppActor pid=440499)[0m 
[36m(ClientAppActor pid=440499)[0m         
[36m(ClientAppActor pid=440469)[0m 
[36m(ClientAppActor pid=440469)[0m         
[36m(ClientAppActor pid=440478)[0m 
[36m(ClientAppActor pid=440478)[0m         
[36m(ClientAppActor pid=440493)[0m 
[36m(ClientAppActor pid=440493)[0m         
[36m(ClientAppActor pid=440470)[0m 
[36m(ClientAppActor pid=440470)[0m         
[36m(ClientAppActor pid=440496)[0m 
[36m(ClientAppActor pid=440496)[0m         
[92mINFO [0m:      aggregate_evaluate: received 10 results and 0 failures
[92mINFO [0m:      
[92mINFO [0m:      [ROUND 35]
[92mINFO [0m:      configure_fit: strategy sampled 5 clients (out of 10)
[36m(ClientAppActor pid=440497)[0m 
[36m(ClientAppActor pid=440497)[0m         
[36m(ClientAppActor pid=440497)[0m 
[36m(ClientAppActor pid=440497)[0m         
[36m(ClientAppActor pid=440493)[0m 
[36m(ClientAppActor pid=440493)[0m         
[36m(ClientAppActor pid=440479)[0m 
[36m(ClientAppActor pid=440479)[0m         
[36m(ClientAppActor pid=440479)[0m 
[36m(ClientAppActor pid=440479)[0m         
[36m(ClientAppActor pid=440496)[0m 
[36m(ClientAppActor pid=440496)[0m         
[36m(ClientAppActor pid=440470)[0m 
[36m(ClientAppActor pid=440470)[0m         
[92mINFO [0m:      aggregate_fit: received 5 results and 0 failures
[92mINFO [0m:      fit progress: (35, 1.450608275110201, {'accuracy': 0.7138584247258225, 'balanced_accuracy': 0.27467676320135337, 'macro_f1': 0.2508769715696731, 'worst_class_f1': 0.0, 'worst_class_recall': 0.0, 'f1_actinic_keratoses_an': 0.0, 'recall_actinic_keratoses_an': 0.0, 'f1_basal_cell_carcinoma': 0.0, 'recall_basal_cell_carcinoma': 0.0, 'f1_benign_keratosis-lik': 0.5, 'recall_benign_keratosis-lik': 0.6727272727272727, 'f1_dermatofibroma': 0.0, 'recall_dermatofibroma': 0.0, 'f1_melanoma': 0.39593908629441626, 'recall_melanoma': 0.35135135135135137, 'f1_melanocytic_nevi': 0.8601997146932953, 'recall_melanocytic_nevi': 0.8986587183308494, 'f1_vascular_lesions': 0.0, 'recall_vascular_lesions': 0.0}, 282.04457710598945)
[92mINFO [0m:      configure_evaluate: strategy sampled 10 clients (out of 10)
[36m(ClientAppActor pid=440497)[0m 
[36m(ClientAppActor pid=440497)[0m         
[36m(ClientAppActor pid=440470)[0m /home/bk489/federated_clean/cleanest_federated/fl-dermamnist-starter/metrics/evaluation.py:68: UserWarning: AUROC set to NaN because present classes are [0, 6], expected [0, 1, 2, 3, 4, 5, 6][32m [repeated 9x across cluster][0m
[36m(ClientAppActor pid=440470)[0m   warnings.warn(f'AUROC set to NaN because present classes are {present_classes}, expected {labels}')[32m [repeated 9x across cluster][0m
[36m(ClientAppActor pid=440470)[0m /home/bk489/federated_clean/.venv/lib/python3.9/site-packages/sklearn/metrics/_classification.py:2524: UserWarning: y_pred contains classes not in y_true[32m [repeated 6x across cluster][0m
[36m(ClientAppActor pid=440470)[0m   warnings.warn("y_pred contains classes not in y_true")[32m [repeated 6x across cluster][0m
[36m(ClientAppActor pid=440497)[0m [93mWARNING [0m:   DEPRECATED FEATURE: `client_fn` now expects a signature `def client_fn(context: Context)`.The provided `client_fn` has signature: {'cid': <Parameter "cid: 'str'">}. You can import the `Context` like this: `from flwr.common import Context`[32m [repeated 15x across cluster][0m
[36m(ClientAppActor pid=440497)[0m             This is a deprecated feature. It will be removed[32m [repeated 15x across cluster][0m
[36m(ClientAppActor pid=440497)[0m             entirely in future versions of Flower.[32m [repeated 15x across cluster][0m
[36m(ClientAppActor pid=440496)[0m 
[36m(ClientAppActor pid=440496)[0m         
[36m(ClientAppActor pid=440470)[0m 
[36m(ClientAppActor pid=440470)[0m         
[36m(ClientAppActor pid=440493)[0m 
[36m(ClientAppActor pid=440493)[0m         
[36m(ClientAppActor pid=440479)[0m 
[36m(ClientAppActor pid=440479)[0m         
[92mINFO [0m:      aggregate_evaluate: received 10 results and 0 failures
[92mINFO [0m:      
[92mINFO [0m:      [ROUND 36]
[92mINFO [0m:      configure_fit: strategy sampled 5 clients (out of 10)
[36m(ClientAppActor pid=440494)[0m 
[36m(ClientAppActor pid=440494)[0m         
[36m(ClientAppActor pid=440499)[0m 
[36m(ClientAppActor pid=440499)[0m         
[36m(ClientAppActor pid=440496)[0m 
[36m(ClientAppActor pid=440496)[0m         
[36m(ClientAppActor pid=440469)[0m 
[36m(ClientAppActor pid=440469)[0m         
[36m(ClientAppActor pid=440478)[0m 
[36m(ClientAppActor pid=440478)[0m         
[36m(ClientAppActor pid=440499)[0m 
[36m(ClientAppActor pid=440499)[0m         
[36m(ClientAppActor pid=440494)[0m 
[36m(ClientAppActor pid=440494)[0m         
[36m(ClientAppActor pid=440496)[0m 
[36m(ClientAppActor pid=440496)[0m         
[36m(ClientAppActor pid=440469)[0m 
[36m(ClientAppActor pid=440469)[0m         
[36m(ClientAppActor pid=440478)[0m 
[36m(ClientAppActor pid=440478)[0m         
[92mINFO [0m:      aggregate_fit: received 5 results and 0 failures
[92mINFO [0m:      fit progress: (36, 1.4364571369300454, {'accuracy': 0.7308075772681955, 'balanced_accuracy': 0.26623530066153017, 'macro_f1': 0.2578404885038502, 'worst_class_f1': 0.0, 'worst_class_recall': 0.0, 'f1_actinic_keratoses_an': 0.0, 'recall_actinic_keratoses_an': 0.0, 'f1_basal_cell_carcinoma': 0.0, 'recall_basal_cell_carcinoma': 0.0, 'f1_benign_keratosis-lik': 0.49765258215962443, 'recall_benign_keratosis-lik': 0.4818181818181818, 'f1_dermatofibroma': 0.0, 'recall_dermatofibroma': 0.0, 'f1_melanoma': 0.4434389140271493, 'recall_melanoma': 0.44144144144144143, 'f1_melanocytic_nevi': 0.863791923340178, 'recall_melanocytic_nevi': 0.940387481371088, 'f1_vascular_lesions': 0.0, 'recall_vascular_lesions': 0.0}, 289.241265966004)
[92mINFO [0m:      configure_evaluate: strategy sampled 10 clients (out of 10)
[36m(ClientAppActor pid=440494)[0m 
[36m(ClientAppActor pid=440494)[0m         
[36m(ClientAppActor pid=440494)[0m /home/bk489/federated_clean/cleanest_federated/fl-dermamnist-starter/metrics/evaluation.py:68: UserWarning: AUROC set to NaN because present classes are [0, 6], expected [0, 1, 2, 3, 4, 5, 6][32m [repeated 11x across cluster][0m
[36m(ClientAppActor pid=440494)[0m   warnings.warn(f'AUROC set to NaN because present classes are {present_classes}, expected {labels}')[32m [repeated 11x across cluster][0m
[36m(ClientAppActor pid=440494)[0m /home/bk489/federated_clean/.venv/lib/python3.9/site-packages/sklearn/metrics/_classification.py:2524: UserWarning: y_pred contains classes not in y_true[32m [repeated 8x across cluster][0m
[36m(ClientAppActor pid=440494)[0m   warnings.warn("y_pred contains classes not in y_true")[32m [repeated 8x across cluster][0m
[36m(ClientAppActor pid=440494)[0m [93mWARNING [0m:   DEPRECATED FEATURE: `client_fn` now expects a signature `def client_fn(context: Context)`.The provided `client_fn` has signature: {'cid': <Parameter "cid: 'str'">}. You can import the `Context` like this: `from flwr.common import Context`[32m [repeated 15x across cluster][0m
[36m(ClientAppActor pid=440494)[0m             This is a deprecated feature. It will be removed[32m [repeated 15x across cluster][0m
[36m(ClientAppActor pid=440494)[0m             entirely in future versions of Flower.[32m [repeated 15x across cluster][0m
[36m(ClientAppActor pid=440492)[0m 
[36m(ClientAppActor pid=440492)[0m         
[36m(ClientAppActor pid=440497)[0m 
[36m(ClientAppActor pid=440497)[0m         
[36m(ClientAppActor pid=440499)[0m 
[36m(ClientAppActor pid=440499)[0m         
[36m(ClientAppActor pid=440493)[0m 
[36m(ClientAppActor pid=440493)[0m         
[36m(ClientAppActor pid=440479)[0m 
[36m(ClientAppActor pid=440479)[0m         
[36m(ClientAppActor pid=440496)[0m 
[36m(ClientAppActor pid=440496)[0m         
[36m(ClientAppActor pid=440469)[0m 
[36m(ClientAppActor pid=440469)[0m         
[36m(ClientAppActor pid=440470)[0m 
[36m(ClientAppActor pid=440470)[0m         
[36m(ClientAppActor pid=440478)[0m 
[36m(ClientAppActor pid=440478)[0m         
[92mINFO [0m:      aggregate_evaluate: received 10 results and 0 failures
[92mINFO [0m:      
[92mINFO [0m:      [ROUND 37]
[92mINFO [0m:      configure_fit: strategy sampled 5 clients (out of 10)
[36m(ClientAppActor pid=440492)[0m 
[36m(ClientAppActor pid=440492)[0m         
[36m(ClientAppActor pid=440497)[0m 
[36m(ClientAppActor pid=440497)[0m         
[36m(ClientAppActor pid=440493)[0m 
[36m(ClientAppActor pid=440493)[0m         
[36m(ClientAppActor pid=440479)[0m 
[36m(ClientAppActor pid=440479)[0m         
[36m(ClientAppActor pid=440470)[0m 
[36m(ClientAppActor pid=440470)[0m         
[92mINFO [0m:      aggregate_fit: received 5 results and 0 failures
[92mINFO [0m:      fit progress: (37, 22.05300787510211, {'accuracy': 0.0518444666001994, 'balanced_accuracy': 0.14285714285714285, 'macro_f1': 0.014109347442680775, 'worst_class_f1': 0.0, 'worst_class_recall': 0.0, 'f1_actinic_keratoses_an': 0.0, 'recall_actinic_keratoses_an': 0.0, 'f1_basal_cell_carcinoma': 0.09876543209876543, 'recall_basal_cell_carcinoma': 1.0, 'f1_benign_keratosis-lik': 0.0, 'recall_benign_keratosis-lik': 0.0, 'f1_dermatofibroma': 0.0, 'recall_dermatofibroma': 0.0, 'f1_melanoma': 0.0, 'recall_melanoma': 0.0, 'f1_melanocytic_nevi': 0.0, 'recall_melanocytic_nevi': 0.0, 'f1_vascular_lesions': 0.0, 'recall_vascular_lesions': 0.0}, 291.35517120198347)
[92mINFO [0m:      configure_evaluate: strategy sampled 10 clients (out of 10)
[36m(ClientAppActor pid=440492)[0m 
[36m(ClientAppActor pid=440492)[0m         
[36m(ClientAppActor pid=440493)[0m 
[36m(ClientAppActor pid=440493)[0m         
[36m(ClientAppActor pid=440494)[0m 
[36m(ClientAppActor pid=440494)[0m         
[36m(ClientAppActor pid=440497)[0m 
[36m(ClientAppActor pid=440497)[0m         
[36m(ClientAppActor pid=440499)[0m 
[36m(ClientAppActor pid=440499)[0m         
[36m(ClientAppActor pid=440479)[0m 
[36m(ClientAppActor pid=440479)[0m         
[36m(ClientAppActor pid=440496)[0m 
[36m(ClientAppActor pid=440496)[0m         
[36m(ClientAppActor pid=440469)[0m 
[36m(ClientAppActor pid=440469)[0m         
[36m(ClientAppActor pid=440470)[0m 
[36m(ClientAppActor pid=440470)[0m         
[36m(ClientAppActor pid=440478)[0m 
[36m(ClientAppActor pid=440478)[0m         
[92mINFO [0m:      aggregate_evaluate: received 10 results and 0 failures
[92mINFO [0m:      
[92mINFO [0m:      [ROUND 38]
[92mINFO [0m:      configure_fit: strategy sampled 5 clients (out of 10)
[36m(ClientAppActor pid=440494)[0m 
[36m(ClientAppActor pid=440494)[0m         
[36m(ClientAppActor pid=440497)[0m 
[36m(ClientAppActor pid=440497)[0m         
[36m(ClientAppActor pid=440499)[0m 
[36m(ClientAppActor pid=440499)[0m         
[36m(ClientAppActor pid=440496)[0m 
[36m(ClientAppActor pid=440496)[0m         
[36m(ClientAppActor pid=440478)[0m 
[36m(ClientAppActor pid=440478)[0m         
[92mINFO [0m:      aggregate_fit: received 5 results and 0 failures
[92mINFO [0m:      fit progress: (38, 1.7384378330063368, {'accuracy': 0.7357926221335992, 'balanced_accuracy': 0.29203919695722974, 'macro_f1': 0.2709768871710371, 'worst_class_f1': 0.0, 'worst_class_recall': 0.0, 'f1_actinic_keratoses_an': 0.0, 'recall_actinic_keratoses_an': 0.0, 'f1_basal_cell_carcinoma': 0.0, 'recall_basal_cell_carcinoma': 0.0, 'f1_benign_keratosis-lik': 0.5, 'recall_benign_keratosis-lik': 0.509090909090909, 'f1_dermatofibroma': 0.0, 'recall_dermatofibroma': 0.0, 'f1_melanoma': 0.5267175572519084, 'recall_melanoma': 0.6216216216216216, 'f1_melanocytic_nevi': 0.8701206529453513, 'recall_melanocytic_nevi': 0.9135618479880775, 'f1_vascular_lesions': 0.0, 'recall_vascular_lesions': 0.0}, 299.55655418898095)
[92mINFO [0m:      configure_evaluate: strategy sampled 10 clients (out of 10)
[36m(ClientAppActor pid=440494)[0m 
[36m(ClientAppActor pid=440494)[0m         
[36m(ClientAppActor pid=440478)[0m /home/bk489/federated_clean/cleanest_federated/fl-dermamnist-starter/metrics/evaluation.py:68: UserWarning: AUROC set to NaN because present classes are [2, 4, 5], expected [0, 1, 2, 3, 4, 5, 6][32m [repeated 19x across cluster][0m
[36m(ClientAppActor pid=440478)[0m   warnings.warn(f'AUROC set to NaN because present classes are {present_classes}, expected {labels}')[32m [repeated 19x across cluster][0m
[36m(ClientAppActor pid=440478)[0m /home/bk489/federated_clean/.venv/lib/python3.9/site-packages/sklearn/metrics/_classification.py:2524: UserWarning: y_pred contains classes not in y_true[32m [repeated 10x across cluster][0m
[36m(ClientAppActor pid=440478)[0m   warnings.warn("y_pred contains classes not in y_true")[32m [repeated 10x across cluster][0m
[36m(ClientAppActor pid=440494)[0m [93mWARNING [0m:   DEPRECATED FEATURE: `client_fn` now expects a signature `def client_fn(context: Context)`.The provided `client_fn` has signature: {'cid': <Parameter "cid: 'str'">}. You can import the `Context` like this: `from flwr.common import Context`[32m [repeated 30x across cluster][0m
[36m(ClientAppActor pid=440494)[0m             This is a deprecated feature. It will be removed[32m [repeated 30x across cluster][0m
[36m(ClientAppActor pid=440494)[0m             entirely in future versions of Flower.[32m [repeated 30x across cluster][0m
[36m(ClientAppActor pid=440497)[0m 
[36m(ClientAppActor pid=440497)[0m         
[36m(ClientAppActor pid=440496)[0m 
[36m(ClientAppActor pid=440496)[0m         
[92mINFO [0m:      aggregate_evaluate: received 10 results and 0 failures
[92mINFO [0m:      
[92mINFO [0m:      [ROUND 39]
[92mINFO [0m:      configure_fit: strategy sampled 5 clients (out of 10)
[36m(ClientAppActor pid=440492)[0m 
[36m(ClientAppActor pid=440492)[0m         
[36m(ClientAppActor pid=440499)[0m 
[36m(ClientAppActor pid=440499)[0m         
[36m(ClientAppActor pid=440493)[0m 
[36m(ClientAppActor pid=440493)[0m         
[36m(ClientAppActor pid=440479)[0m 
[36m(ClientAppActor pid=440479)[0m         
[36m(ClientAppActor pid=440469)[0m 
[36m(ClientAppActor pid=440469)[0m         
[36m(ClientAppActor pid=440470)[0m 
[36m(ClientAppActor pid=440470)[0m         
[36m(ClientAppActor pid=440478)[0m 
[36m(ClientAppActor pid=440478)[0m         
[36m(ClientAppActor pid=440493)[0m 
[36m(ClientAppActor pid=440493)[0m         
[36m(ClientAppActor pid=440470)[0m 
[36m(ClientAppActor pid=440470)[0m         
[36m(ClientAppActor pid=440492)[0m 
[36m(ClientAppActor pid=440492)[0m         
[36m(ClientAppActor pid=440479)[0m 
[36m(ClientAppActor pid=440479)[0m         
[36m(ClientAppActor pid=440478)[0m 
[36m(ClientAppActor pid=440478)[0m         
[92mINFO [0m:      aggregate_fit: received 5 results and 0 failures
[92mINFO [0m:      fit progress: (39, 1.7375563251175885, {'accuracy': 0.7258225324027916, 'balanced_accuracy': 0.2717908881843308, 'macro_f1': 0.2545065618377035, 'worst_class_f1': 0.0, 'worst_class_recall': 0.0, 'f1_actinic_keratoses_an': 0.0, 'recall_actinic_keratoses_an': 0.0, 'f1_basal_cell_carcinoma': 0.0, 'recall_basal_cell_carcinoma': 0.0, 'f1_benign_keratosis-lik': 0.4927536231884058, 'recall_benign_keratosis-lik': 0.6181818181818182, 'f1_dermatofibroma': 0.0, 'recall_dermatofibroma': 0.0, 'f1_melanoma': 0.42105263157894735, 'recall_melanoma': 0.36036036036036034, 'f1_melanocytic_nevi': 0.867739678096571, 'recall_melanocytic_nevi': 0.9239940387481371, 'f1_vascular_lesions': 0.0, 'recall_vascular_lesions': 0.0}, 307.6527076079801)
[92mINFO [0m:      configure_evaluate: strategy sampled 10 clients (out of 10)
[36m(ClientAppActor pid=440492)[0m 
[36m(ClientAppActor pid=440492)[0m         
[36m(ClientAppActor pid=440492)[0m /home/bk489/federated_clean/cleanest_federated/fl-dermamnist-starter/metrics/evaluation.py:68: UserWarning: AUROC set to NaN because present classes are [0, 1, 3], expected [0, 1, 2, 3, 4, 5, 6][32m [repeated 11x across cluster][0m
[36m(ClientAppActor pid=440492)[0m   warnings.warn(f'AUROC set to NaN because present classes are {present_classes}, expected {labels}')[32m [repeated 11x across cluster][0m
[36m(ClientAppActor pid=440492)[0m /home/bk489/federated_clean/.venv/lib/python3.9/site-packages/sklearn/metrics/_classification.py:2524: UserWarning: y_pred contains classes not in y_true[32m [repeated 8x across cluster][0m
[36m(ClientAppActor pid=440492)[0m   warnings.warn("y_pred contains classes not in y_true")[32m [repeated 8x across cluster][0m
[36m(ClientAppActor pid=440492)[0m [93mWARNING [0m:   DEPRECATED FEATURE: `client_fn` now expects a signature `def client_fn(context: Context)`.The provided `client_fn` has signature: {'cid': <Parameter "cid: 'str'">}. You can import the `Context` like this: `from flwr.common import Context`[32m [repeated 15x across cluster][0m
[36m(ClientAppActor pid=440492)[0m             This is a deprecated feature. It will be removed[32m [repeated 15x across cluster][0m
[36m(ClientAppActor pid=440492)[0m             entirely in future versions of Flower.[32m [repeated 15x across cluster][0m
[36m(ClientAppActor pid=440499)[0m 
[36m(ClientAppActor pid=440499)[0m         
[36m(ClientAppActor pid=440493)[0m 
[36m(ClientAppActor pid=440493)[0m         
[36m(ClientAppActor pid=440479)[0m 
[36m(ClientAppActor pid=440479)[0m         
[36m(ClientAppActor pid=440470)[0m 
[36m(ClientAppActor pid=440470)[0m         
[36m(ClientAppActor pid=440478)[0m 
[36m(ClientAppActor pid=440478)[0m         
[92mINFO [0m:      aggregate_evaluate: received 10 results and 0 failures
[92mINFO [0m:      
[92mINFO [0m:      [ROUND 40]
[92mINFO [0m:      configure_fit: strategy sampled 5 clients (out of 10)
[36m(ClientAppActor pid=440494)[0m 
[36m(ClientAppActor pid=440494)[0m         
[36m(ClientAppActor pid=440494)[0m 
[36m(ClientAppActor pid=440494)[0m         
[36m(ClientAppActor pid=440497)[0m 
[36m(ClientAppActor pid=440497)[0m         
[36m(ClientAppActor pid=440497)[0m 
[36m(ClientAppActor pid=440497)[0m         
[36m(ClientAppActor pid=440493)[0m 
[36m(ClientAppActor pid=440493)[0m         
[36m(ClientAppActor pid=440496)[0m 
[36m(ClientAppActor pid=440496)[0m         
[36m(ClientAppActor pid=440496)[0m 
[36m(ClientAppActor pid=440496)[0m         
[36m(ClientAppActor pid=440469)[0m 
[36m(ClientAppActor pid=440469)[0m         
[36m(ClientAppActor pid=440469)[0m 
[36m(ClientAppActor pid=440469)[0m         
[92mINFO [0m:      aggregate_fit: received 5 results and 0 failures
[92mINFO [0m:      fit progress: (40, 1.993582255818908, {'accuracy': 0.7278165503489531, 'balanced_accuracy': 0.29473767998358164, 'macro_f1': 0.2677708850923973, 'worst_class_f1': 0.0, 'worst_class_recall': 0.0, 'f1_actinic_keratoses_an': 0.0, 'recall_actinic_keratoses_an': 0.0, 'f1_basal_cell_carcinoma': 0.0, 'recall_basal_cell_carcinoma': 0.0, 'f1_benign_keratosis-lik': 0.5098039215686274, 'recall_benign_keratosis-lik': 0.5909090909090909, 'f1_dermatofibroma': 0.0, 'recall_dermatofibroma': 0.0, 'f1_melanoma': 0.4942084942084942, 'recall_melanoma': 0.5765765765765766, 'f1_melanocytic_nevi': 0.8703837798696596, 'recall_melanocytic_nevi': 0.8956780923994039, 'f1_vascular_lesions': 0.0, 'recall_vascular_lesions': 0.0}, 317.67954490098055)
[92mINFO [0m:      configure_evaluate: strategy sampled 10 clients (out of 10)
[36m(ClientAppActor pid=440494)[0m 
[36m(ClientAppActor pid=440494)[0m         
[36m(ClientAppActor pid=440469)[0m /home/bk489/federated_clean/cleanest_federated/fl-dermamnist-starter/metrics/evaluation.py:68: UserWarning: AUROC set to NaN because present classes are [0, 1], expected [0, 1, 2, 3, 4, 5, 6][32m [repeated 9x across cluster][0m
[36m(ClientAppActor pid=440469)[0m   warnings.warn(f'AUROC set to NaN because present classes are {present_classes}, expected {labels}')[32m [repeated 9x across cluster][0m
[36m(ClientAppActor pid=440469)[0m /home/bk489/federated_clean/.venv/lib/python3.9/site-packages/sklearn/metrics/_classification.py:2524: UserWarning: y_pred contains classes not in y_true[32m [repeated 6x across cluster][0m
[36m(ClientAppActor pid=440469)[0m   warnings.warn("y_pred contains classes not in y_true")[32m [repeated 6x across cluster][0m
[36m(ClientAppActor pid=440494)[0m [93mWARNING [0m:   DEPRECATED FEATURE: `client_fn` now expects a signature `def client_fn(context: Context)`.The provided `client_fn` has signature: {'cid': <Parameter "cid: 'str'">}. You can import the `Context` like this: `from flwr.common import Context`[32m [repeated 15x across cluster][0m
[36m(ClientAppActor pid=440494)[0m             This is a deprecated feature. It will be removed[32m [repeated 15x across cluster][0m
[36m(ClientAppActor pid=440494)[0m             entirely in future versions of Flower.[32m [repeated 15x across cluster][0m
[36m(ClientAppActor pid=440497)[0m 
[36m(ClientAppActor pid=440497)[0m         
[36m(ClientAppActor pid=440493)[0m 
[36m(ClientAppActor pid=440493)[0m         
[36m(ClientAppActor pid=440469)[0m 
[36m(ClientAppActor pid=440469)[0m         
[36m(ClientAppActor pid=440496)[0m 
[36m(ClientAppActor pid=440496)[0m         
[92mINFO [0m:      aggregate_evaluate: received 10 results and 0 failures
[92mINFO [0m:      
[92mINFO [0m:      [ROUND 41]
[92mINFO [0m:      configure_fit: strategy sampled 5 clients (out of 10)
[36m(ClientAppActor pid=440492)[0m 
[36m(ClientAppActor pid=440492)[0m         
[36m(ClientAppActor pid=440499)[0m 
[36m(ClientAppActor pid=440499)[0m         
[36m(ClientAppActor pid=440479)[0m 
[36m(ClientAppActor pid=440479)[0m         
[36m(ClientAppActor pid=440470)[0m 
[36m(ClientAppActor pid=440470)[0m         
[36m(ClientAppActor pid=440470)[0m 
[36m(ClientAppActor pid=440470)[0m         
[36m(ClientAppActor pid=440478)[0m 
[36m(ClientAppActor pid=440478)[0m         
[36m(ClientAppActor pid=440492)[0m 
[36m(ClientAppActor pid=440492)[0m         
[36m(ClientAppActor pid=440478)[0m 
[36m(ClientAppActor pid=440478)[0m         
[36m(ClientAppActor pid=440499)[0m 
[36m(ClientAppActor pid=440499)[0m         
[36m(ClientAppActor pid=440479)[0m 
[36m(ClientAppActor pid=440479)[0m         
[92mINFO [0m:      aggregate_fit: received 5 results and 0 failures
[92mINFO [0m:      fit progress: (41, 1.8124221265018878, {'accuracy': 0.7387836490528414, 'balanced_accuracy': 0.2820188082483165, 'macro_f1': 0.26544369176464483, 'worst_class_f1': 0.0, 'worst_class_recall': 0.0, 'f1_actinic_keratoses_an': 0.0, 'recall_actinic_keratoses_an': 0.0, 'f1_basal_cell_carcinoma': 0.0, 'recall_basal_cell_carcinoma': 0.0, 'f1_benign_keratosis-lik': 0.5185185185185185, 'recall_benign_keratosis-lik': 0.5727272727272728, 'f1_dermatofibroma': 0.0, 'recall_dermatofibroma': 0.0, 'f1_melanoma': 0.4622222222222222, 'recall_melanoma': 0.46846846846846846, 'f1_melanocytic_nevi': 0.877365101611773, 'recall_melanocytic_nevi': 0.9329359165424739, 'f1_vascular_lesions': 0.0, 'recall_vascular_lesions': 0.0}, 325.8966314609861)
[92mINFO [0m:      configure_evaluate: strategy sampled 10 clients (out of 10)
[36m(ClientAppActor pid=440492)[0m 
[36m(ClientAppActor pid=440492)[0m         
[36m(ClientAppActor pid=440478)[0m /home/bk489/federated_clean/cleanest_federated/fl-dermamnist-starter/metrics/evaluation.py:68: UserWarning: AUROC set to NaN because present classes are [0, 1, 3], expected [0, 1, 2, 3, 4, 5, 6][32m [repeated 10x across cluster][0m
[36m(ClientAppActor pid=440478)[0m   warnings.warn(f'AUROC set to NaN because present classes are {present_classes}, expected {labels}')[32m [repeated 10x across cluster][0m
[36m(ClientAppActor pid=440478)[0m /home/bk489/federated_clean/.venv/lib/python3.9/site-packages/sklearn/metrics/_classification.py:2524: UserWarning: y_pred contains classes not in y_true[32m [repeated 7x across cluster][0m
[36m(ClientAppActor pid=440478)[0m   warnings.warn("y_pred contains classes not in y_true")[32m [repeated 7x across cluster][0m
[36m(ClientAppActor pid=440492)[0m [93mWARNING [0m:   DEPRECATED FEATURE: `client_fn` now expects a signature `def client_fn(context: Context)`.The provided `client_fn` has signature: {'cid': <Parameter "cid: 'str'">}. You can import the `Context` like this: `from flwr.common import Context`[32m [repeated 15x across cluster][0m
[36m(ClientAppActor pid=440492)[0m             This is a deprecated feature. It will be removed[32m [repeated 15x across cluster][0m
[36m(ClientAppActor pid=440492)[0m             entirely in future versions of Flower.[32m [repeated 15x across cluster][0m
[36m(ClientAppActor pid=440497)[0m 
[36m(ClientAppActor pid=440497)[0m         
[36m(ClientAppActor pid=440499)[0m 
[36m(ClientAppActor pid=440499)[0m         
[36m(ClientAppActor pid=440493)[0m 
[36m(ClientAppActor pid=440493)[0m         
[36m(ClientAppActor pid=440479)[0m 
[36m(ClientAppActor pid=440479)[0m         
[36m(ClientAppActor pid=440496)[0m 
[36m(ClientAppActor pid=440496)[0m         
[36m(ClientAppActor pid=440470)[0m 
[36m(ClientAppActor pid=440470)[0m         
[36m(ClientAppActor pid=440478)[0m 
[36m(ClientAppActor pid=440478)[0m         
[36m(ClientAppActor pid=440494)[0m 
[36m(ClientAppActor pid=440494)[0m         
[36m(ClientAppActor pid=440469)[0m 
[36m(ClientAppActor pid=440469)[0m         
[92mINFO [0m:      aggregate_evaluate: received 10 results and 0 failures
[92mINFO [0m:      
[92mINFO [0m:      [ROUND 42]
[92mINFO [0m:      configure_fit: strategy sampled 5 clients (out of 10)
[36m(ClientAppActor pid=440494)[0m 
[36m(ClientAppActor pid=440494)[0m         
[36m(ClientAppActor pid=440497)[0m 
[36m(ClientAppActor pid=440497)[0m         
[36m(ClientAppActor pid=440493)[0m 
[36m(ClientAppActor pid=440493)[0m         
[36m(ClientAppActor pid=440496)[0m 
[36m(ClientAppActor pid=440496)[0m         
[36m(ClientAppActor pid=440469)[0m 
[36m(ClientAppActor pid=440469)[0m         
[92mINFO [0m:      aggregate_fit: received 5 results and 0 failures
[92mINFO [0m:      fit progress: (42, 1.6654497211500037, {'accuracy': 0.7367896311066799, 'balanced_accuracy': 0.2751835079703932, 'macro_f1': 0.26164139664764574, 'worst_class_f1': 0.0, 'worst_class_recall': 0.0, 'f1_actinic_keratoses_an': 0.0, 'recall_actinic_keratoses_an': 0.0, 'f1_basal_cell_carcinoma': 0.0, 'recall_basal_cell_carcinoma': 0.0, 'f1_benign_keratosis-lik': 0.5301204819277109, 'recall_benign_keratosis-lik': 0.6, 'f1_dermatofibroma': 0.0, 'recall_dermatofibroma': 0.0, 'f1_melanoma': 0.43, 'recall_melanoma': 0.38738738738738737, 'f1_melanocytic_nevi': 0.8713692946058091, 'recall_melanocytic_nevi': 0.9388971684053651, 'f1_vascular_lesions': 0.0, 'recall_vascular_lesions': 0.0}, 333.1009082259843)
[92mINFO [0m:      configure_evaluate: strategy sampled 10 clients (out of 10)
[36m(ClientAppActor pid=440494)[0m 
[36m(ClientAppActor pid=440494)[0m         
[36m(ClientAppActor pid=440494)[0m /home/bk489/federated_clean/cleanest_federated/fl-dermamnist-starter/metrics/evaluation.py:68: UserWarning: AUROC set to NaN because present classes are [0, 1], expected [0, 1, 2, 3, 4, 5, 6][32m [repeated 11x across cluster][0m
[36m(ClientAppActor pid=440494)[0m   warnings.warn(f'AUROC set to NaN because present classes are {present_classes}, expected {labels}')[32m [repeated 11x across cluster][0m
[36m(ClientAppActor pid=440494)[0m /home/bk489/federated_clean/.venv/lib/python3.9/site-packages/sklearn/metrics/_classification.py:2524: UserWarning: y_pred contains classes not in y_true[32m [repeated 8x across cluster][0m
[36m(ClientAppActor pid=440494)[0m   warnings.warn("y_pred contains classes not in y_true")[32m [repeated 8x across cluster][0m
[36m(ClientAppActor pid=440494)[0m [93mWARNING [0m:   DEPRECATED FEATURE: `client_fn` now expects a signature `def client_fn(context: Context)`.The provided `client_fn` has signature: {'cid': <Parameter "cid: 'str'">}. You can import the `Context` like this: `from flwr.common import Context`[32m [repeated 15x across cluster][0m
[36m(ClientAppActor pid=440494)[0m             This is a deprecated feature. It will be removed[32m [repeated 15x across cluster][0m
[36m(ClientAppActor pid=440494)[0m             entirely in future versions of Flower.[32m [repeated 15x across cluster][0m
[36m(ClientAppActor pid=440497)[0m 
[36m(ClientAppActor pid=440497)[0m         
[36m(ClientAppActor pid=440499)[0m 
[36m(ClientAppActor pid=440499)[0m         
[36m(ClientAppActor pid=440493)[0m 
[36m(ClientAppActor pid=440493)[0m         
[36m(ClientAppActor pid=440496)[0m 
[36m(ClientAppActor pid=440496)[0m         
[36m(ClientAppActor pid=440469)[0m 
[36m(ClientAppActor pid=440469)[0m         
[36m(ClientAppActor pid=440478)[0m 
[36m(ClientAppActor pid=440478)[0m         
[36m(ClientAppActor pid=440492)[0m 
[36m(ClientAppActor pid=440492)[0m         
[36m(ClientAppActor pid=440470)[0m 
[36m(ClientAppActor pid=440470)[0m         
[92mINFO [0m:      aggregate_evaluate: received 10 results and 0 failures
[92mINFO [0m:      
[92mINFO [0m:      [ROUND 43]
[92mINFO [0m:      configure_fit: strategy sampled 5 clients (out of 10)
[36m(ClientAppActor pid=440492)[0m 
[36m(ClientAppActor pid=440492)[0m         
[36m(ClientAppActor pid=440497)[0m 
[36m(ClientAppActor pid=440497)[0m         
[36m(ClientAppActor pid=440499)[0m 
[36m(ClientAppActor pid=440499)[0m         
[36m(ClientAppActor pid=440479)[0m 
[36m(ClientAppActor pid=440479)[0m         
[36m(ClientAppActor pid=440479)[0m 
[36m(ClientAppActor pid=440479)[0m         
[36m(ClientAppActor pid=440470)[0m 
[36m(ClientAppActor pid=440470)[0m         
[92mINFO [0m:      aggregate_fit: received 5 results and 0 failures
[92mINFO [0m:      fit progress: (43, 1.3051501951094044, {'accuracy': 0.7268195413758723, 'balanced_accuracy': 0.2676020921922561, 'macro_f1': 0.25448693671889305, 'worst_class_f1': 0.0, 'worst_class_recall': 0.0, 'f1_actinic_keratoses_an': 0.0, 'recall_actinic_keratoses_an': 0.0, 'f1_basal_cell_carcinoma': 0.0, 'recall_basal_cell_carcinoma': 0.0, 'f1_benign_keratosis-lik': 0.4978902953586498, 'recall_benign_keratosis-lik': 0.5363636363636364, 'f1_dermatofibroma': 0.0, 'recall_dermatofibroma': 0.0, 'f1_melanoma': 0.4166666666666667, 'recall_melanoma': 0.40540540540540543, 'f1_melanocytic_nevi': 0.8668515950069348, 'recall_melanocytic_nevi': 0.9314456035767511, 'f1_vascular_lesions': 0.0, 'recall_vascular_lesions': 0.0}, 340.4744954810012)
[92mINFO [0m:      configure_evaluate: strategy sampled 10 clients (out of 10)
[36m(ClientAppActor pid=440492)[0m 
[36m(ClientAppActor pid=440492)[0m         
[36m(ClientAppActor pid=440492)[0m /home/bk489/federated_clean/cleanest_federated/fl-dermamnist-starter/metrics/evaluation.py:68: UserWarning: AUROC set to NaN because present classes are [0, 1, 3], expected [0, 1, 2, 3, 4, 5, 6][32m [repeated 10x across cluster][0m
[36m(ClientAppActor pid=440492)[0m   warnings.warn(f'AUROC set to NaN because present classes are {present_classes}, expected {labels}')[32m [repeated 10x across cluster][0m
[36m(ClientAppActor pid=440492)[0m /home/bk489/federated_clean/.venv/lib/python3.9/site-packages/sklearn/metrics/_classification.py:2524: UserWarning: y_pred contains classes not in y_true[32m [repeated 7x across cluster][0m
[36m(ClientAppActor pid=440492)[0m   warnings.warn("y_pred contains classes not in y_true")[32m [repeated 7x across cluster][0m
[36m(ClientAppActor pid=440492)[0m [93mWARNING [0m:   DEPRECATED FEATURE: `client_fn` now expects a signature `def client_fn(context: Context)`.The provided `client_fn` has signature: {'cid': <Parameter "cid: 'str'">}. You can import the `Context` like this: `from flwr.common import Context`[32m [repeated 15x across cluster][0m
[36m(ClientAppActor pid=440492)[0m             This is a deprecated feature. It will be removed[32m [repeated 15x across cluster][0m
[36m(ClientAppActor pid=440492)[0m             entirely in future versions of Flower.[32m [repeated 15x across cluster][0m
[36m(ClientAppActor pid=440497)[0m 
[36m(ClientAppActor pid=440497)[0m         
[36m(ClientAppActor pid=440499)[0m 
[36m(ClientAppActor pid=440499)[0m         
[36m(ClientAppActor pid=440479)[0m 
[36m(ClientAppActor pid=440479)[0m         
[36m(ClientAppActor pid=440469)[0m 
[36m(ClientAppActor pid=440469)[0m         
[36m(ClientAppActor pid=440470)[0m 
[36m(ClientAppActor pid=440470)[0m         
[36m(ClientAppActor pid=440478)[0m 
[36m(ClientAppActor pid=440478)[0m         
[36m(ClientAppActor pid=440496)[0m 
[36m(ClientAppActor pid=440496)[0m         
[36m(ClientAppActor pid=440494)[0m 
[36m(ClientAppActor pid=440494)[0m         
[92mINFO [0m:      aggregate_evaluate: received 10 results and 0 failures
[92mINFO [0m:      
[92mINFO [0m:      [ROUND 44]
[92mINFO [0m:      configure_fit: strategy sampled 5 clients (out of 10)
[36m(ClientAppActor pid=440494)[0m 
[36m(ClientAppActor pid=440494)[0m         
[36m(ClientAppActor pid=440499)[0m 
[36m(ClientAppActor pid=440499)[0m         
[36m(ClientAppActor pid=440493)[0m 
[36m(ClientAppActor pid=440493)[0m         
[36m(ClientAppActor pid=440493)[0m 
[36m(ClientAppActor pid=440493)[0m         
[36m(ClientAppActor pid=440496)[0m 
[36m(ClientAppActor pid=440496)[0m         
[36m(ClientAppActor pid=440478)[0m 
[36m(ClientAppActor pid=440478)[0m         
[92mINFO [0m:      aggregate_fit: received 5 results and 0 failures
[92mINFO [0m:      fit progress: (44, 1.4376428367371337, {'accuracy': 0.7308075772681955, 'balanced_accuracy': 0.2727266973168613, 'macro_f1': 0.25957729468599033, 'worst_class_f1': 0.0, 'worst_class_recall': 0.0, 'f1_actinic_keratoses_an': 0.0, 'recall_actinic_keratoses_an': 0.0, 'f1_basal_cell_carcinoma': 0.0, 'recall_basal_cell_carcinoma': 0.0, 'f1_benign_keratosis-lik': 0.4956521739130435, 'recall_benign_keratosis-lik': 0.5181818181818182, 'f1_dermatofibroma': 0.0, 'recall_dermatofibroma': 0.0, 'f1_melanoma': 0.4533333333333333, 'recall_melanoma': 0.4594594594594595, 'f1_melanocytic_nevi': 0.8680555555555556, 'recall_melanocytic_nevi': 0.9314456035767511, 'f1_vascular_lesions': 0.0, 'recall_vascular_lesions': 0.0}, 347.7039795589808)
[92mINFO [0m:      configure_evaluate: strategy sampled 10 clients (out of 10)
[36m(ClientAppActor pid=440494)[0m 
[36m(ClientAppActor pid=440494)[0m         
[36m(ClientAppActor pid=440494)[0m /home/bk489/federated_clean/cleanest_federated/fl-dermamnist-starter/metrics/evaluation.py:68: UserWarning: AUROC set to NaN because present classes are [1, 6], expected [0, 1, 2, 3, 4, 5, 6][32m [repeated 10x across cluster][0m
[36m(ClientAppActor pid=440494)[0m   warnings.warn(f'AUROC set to NaN because present classes are {present_classes}, expected {labels}')[32m [repeated 10x across cluster][0m
[36m(ClientAppActor pid=440494)[0m /home/bk489/federated_clean/.venv/lib/python3.9/site-packages/sklearn/metrics/_classification.py:2524: UserWarning: y_pred contains classes not in y_true[32m [repeated 7x across cluster][0m
[36m(ClientAppActor pid=440494)[0m   warnings.warn("y_pred contains classes not in y_true")[32m [repeated 7x across cluster][0m
[36m(ClientAppActor pid=440494)[0m [93mWARNING [0m:   DEPRECATED FEATURE: `client_fn` now expects a signature `def client_fn(context: Context)`.The provided `client_fn` has signature: {'cid': <Parameter "cid: 'str'">}. You can import the `Context` like this: `from flwr.common import Context`[32m [repeated 15x across cluster][0m
[36m(ClientAppActor pid=440494)[0m             This is a deprecated feature. It will be removed[32m [repeated 15x across cluster][0m
[36m(ClientAppActor pid=440494)[0m             entirely in future versions of Flower.[32m [repeated 15x across cluster][0m
[36m(ClientAppActor pid=440492)[0m 
[36m(ClientAppActor pid=440492)[0m         
[36m(ClientAppActor pid=440497)[0m 
[36m(ClientAppActor pid=440497)[0m         
[36m(ClientAppActor pid=440499)[0m 
[36m(ClientAppActor pid=440499)[0m         
[36m(ClientAppActor pid=440493)[0m 
[36m(ClientAppActor pid=440493)[0m         
[36m(ClientAppActor pid=440479)[0m 
[36m(ClientAppActor pid=440479)[0m         
[36m(ClientAppActor pid=440496)[0m 
[36m(ClientAppActor pid=440496)[0m         
[36m(ClientAppActor pid=440469)[0m 
[36m(ClientAppActor pid=440469)[0m         
[36m(ClientAppActor pid=440470)[0m 
[36m(ClientAppActor pid=440470)[0m         
[36m(ClientAppActor pid=440478)[0m 
[36m(ClientAppActor pid=440478)[0m         
[92mINFO [0m:      aggregate_evaluate: received 10 results and 0 failures
[92mINFO [0m:      
[92mINFO [0m:      [ROUND 45]
[92mINFO [0m:      configure_fit: strategy sampled 5 clients (out of 10)
[36m(ClientAppActor pid=440492)[0m 
[36m(ClientAppActor pid=440492)[0m         
[36m(ClientAppActor pid=440497)[0m 
[36m(ClientAppActor pid=440497)[0m         
[36m(ClientAppActor pid=440469)[0m 
[36m(ClientAppActor pid=440469)[0m         
[36m(ClientAppActor pid=440470)[0m 
[36m(ClientAppActor pid=440470)[0m         
[36m(ClientAppActor pid=440478)[0m 
[36m(ClientAppActor pid=440478)[0m         
[92mINFO [0m:      aggregate_fit: received 5 results and 0 failures
[92mINFO [0m:      fit progress: (45, 17.034041495052197, {'accuracy': 0.053838484546360914, 'balanced_accuracy': 0.16326530612244897, 'macro_f1': 0.029076425192930046, 'worst_class_f1': 0.0, 'worst_class_recall': 0.0, 'f1_actinic_keratoses_an': 0.0, 'recall_actinic_keratoses_an': 0.0, 'f1_basal_cell_carcinoma': 0.10097087378640776, 'recall_basal_cell_carcinoma': 1.0, 'f1_benign_keratosis-lik': 0.0, 'recall_benign_keratosis-lik': 0.0, 'f1_dermatofibroma': 0.0, 'recall_dermatofibroma': 0.0, 'f1_melanoma': 0.0, 'recall_melanoma': 0.0, 'f1_melanocytic_nevi': 0.0, 'recall_melanocytic_nevi': 0.0, 'f1_vascular_lesions': 0.10256410256410256, 'recall_vascular_lesions': 0.14285714285714285}, 349.8723646979779)
[92mINFO [0m:      configure_evaluate: strategy sampled 10 clients (out of 10)
[36m(ClientAppActor pid=440494)[0m 
[36m(ClientAppActor pid=440494)[0m         
[36m(ClientAppActor pid=440492)[0m 
[36m(ClientAppActor pid=440492)[0m         
[36m(ClientAppActor pid=440497)[0m 
[36m(ClientAppActor pid=440497)[0m         
[36m(ClientAppActor pid=440499)[0m 
[36m(ClientAppActor pid=440499)[0m         
[36m(ClientAppActor pid=440479)[0m 
[36m(ClientAppActor pid=440479)[0m         
[36m(ClientAppActor pid=440469)[0m 
[36m(ClientAppActor pid=440469)[0m         
[36m(ClientAppActor pid=440470)[0m 
[36m(ClientAppActor pid=440470)[0m         
[36m(ClientAppActor pid=440478)[0m 
[36m(ClientAppActor pid=440478)[0m         
[36m(ClientAppActor pid=440493)[0m 
[36m(ClientAppActor pid=440493)[0m         
[36m(ClientAppActor pid=440496)[0m 
[36m(ClientAppActor pid=440496)[0m         
[92mINFO [0m:      aggregate_evaluate: received 10 results and 0 failures
[92mINFO [0m:      
[92mINFO [0m:      [ROUND 46]
[92mINFO [0m:      configure_fit: strategy sampled 5 clients (out of 10)
[36m(ClientAppActor pid=440494)[0m 
[36m(ClientAppActor pid=440494)[0m         
[36m(ClientAppActor pid=440499)[0m 
[36m(ClientAppActor pid=440499)[0m         
[36m(ClientAppActor pid=440493)[0m 
[36m(ClientAppActor pid=440493)[0m         
[36m(ClientAppActor pid=440479)[0m 
[36m(ClientAppActor pid=440479)[0m         
[36m(ClientAppActor pid=440496)[0m 
[36m(ClientAppActor pid=440496)[0m         
[92mINFO [0m:      aggregate_fit: received 5 results and 0 failures
[92mINFO [0m:      fit progress: (46, 20.044078882051963, {'accuracy': 0.05284147557328016, 'balanced_accuracy': 0.15306122448979592, 'macro_f1': 0.020858134920634923, 'worst_class_f1': 0.0, 'worst_class_recall': 0.0, 'f1_actinic_keratoses_an': 0.0, 'recall_actinic_keratoses_an': 0.0, 'f1_basal_cell_carcinoma': 0.1015625, 'recall_basal_cell_carcinoma': 1.0, 'f1_benign_keratosis-lik': 0.0, 'recall_benign_keratosis-lik': 0.0, 'f1_dermatofibroma': 0.0, 'recall_dermatofibroma': 0.0, 'f1_melanoma': 0.0, 'recall_melanoma': 0.0, 'f1_melanocytic_nevi': 0.0, 'recall_melanocytic_nevi': 0.0, 'f1_vascular_lesions': 0.044444444444444446, 'recall_vascular_lesions': 0.07142857142857142}, 351.94232152198674)
[92mINFO [0m:      configure_evaluate: strategy sampled 10 clients (out of 10)
[36m(ClientAppActor pid=440499)[0m 
[36m(ClientAppActor pid=440499)[0m         
[36m(ClientAppActor pid=440496)[0m 
[36m(ClientAppActor pid=440496)[0m         
[36m(ClientAppActor pid=440494)[0m 
[36m(ClientAppActor pid=440494)[0m         
[36m(ClientAppActor pid=440479)[0m 
[36m(ClientAppActor pid=440479)[0m         
[36m(ClientAppActor pid=440493)[0m 
[36m(ClientAppActor pid=440493)[0m         
[92mINFO [0m:      aggregate_evaluate: received 10 results and 0 failures
[92mINFO [0m:      
[92mINFO [0m:      [ROUND 47]
[92mINFO [0m:      configure_fit: strategy sampled 5 clients (out of 10)
[36m(ClientAppActor pid=440492)[0m 
[36m(ClientAppActor pid=440492)[0m         
[36m(ClientAppActor pid=440492)[0m 
[36m(ClientAppActor pid=440492)[0m         
[36m(ClientAppActor pid=440497)[0m 
[36m(ClientAppActor pid=440497)[0m         
[36m(ClientAppActor pid=440469)[0m 
[36m(ClientAppActor pid=440469)[0m         
[36m(ClientAppActor pid=440469)[0m 
[36m(ClientAppActor pid=440469)[0m         
[36m(ClientAppActor pid=440470)[0m 
[36m(ClientAppActor pid=440470)[0m         
[36m(ClientAppActor pid=440470)[0m 
[36m(ClientAppActor pid=440470)[0m         
[36m(ClientAppActor pid=440478)[0m 
[36m(ClientAppActor pid=440478)[0m         
[36m(ClientAppActor pid=440493)[0m 
[36m(ClientAppActor pid=440493)[0m         
[36m(ClientAppActor pid=440497)[0m 
[36m(ClientAppActor pid=440497)[0m         
[92mINFO [0m:      aggregate_fit: received 5 results and 0 failures
[92mINFO [0m:      fit progress: (47, 12.007538694684076, {'accuracy': 0.04386839481555334, 'balanced_accuracy': 0.25510204081632654, 'macro_f1': 0.028071443631215925, 'worst_class_f1': 0.0, 'worst_class_recall': 0.0, 'f1_actinic_keratoses_an': 0.07885304659498207, 'recall_actinic_keratoses_an': 1.0, 'f1_basal_cell_carcinoma': 0.0, 'recall_basal_cell_carcinoma': 0.0, 'f1_benign_keratosis-lik': 0.0, 'recall_benign_keratosis-lik': 0.0, 'f1_dermatofibroma': 0.0, 'recall_dermatofibroma': 0.0, 'f1_melanoma': 0.0, 'recall_melanoma': 0.0, 'f1_melanocytic_nevi': 0.0, 'recall_melanocytic_nevi': 0.0, 'f1_vascular_lesions': 0.11764705882352941, 'recall_vascular_lesions': 0.7857142857142857}, 353.85246876699966)
[92mINFO [0m:      configure_evaluate: strategy sampled 10 clients (out of 10)
[36m(ClientAppActor pid=440494)[0m 
[36m(ClientAppActor pid=440494)[0m         
[36m(ClientAppActor pid=440478)[0m /home/bk489/federated_clean/cleanest_federated/fl-dermamnist-starter/metrics/evaluation.py:68: UserWarning: AUROC set to NaN because present classes are [0, 1], expected [0, 1, 2, 3, 4, 5, 6][32m [repeated 29x across cluster][0m
[36m(ClientAppActor pid=440478)[0m   warnings.warn(f'AUROC set to NaN because present classes are {present_classes}, expected {labels}')[32m [repeated 29x across cluster][0m
[36m(ClientAppActor pid=440470)[0m /home/bk489/federated_clean/.venv/lib/python3.9/site-packages/sklearn/metrics/_classification.py:2524: UserWarning: y_pred contains classes not in y_true[32m [repeated 14x across cluster][0m
[36m(ClientAppActor pid=440470)[0m   warnings.warn("y_pred contains classes not in y_true")[32m [repeated 14x across cluster][0m
[36m(ClientAppActor pid=440494)[0m [93mWARNING [0m:   DEPRECATED FEATURE: `client_fn` now expects a signature `def client_fn(context: Context)`.The provided `client_fn` has signature: {'cid': <Parameter "cid: 'str'">}. You can import the `Context` like this: `from flwr.common import Context`[32m [repeated 45x across cluster][0m
[36m(ClientAppActor pid=440494)[0m             This is a deprecated feature. It will be removed[32m [repeated 45x across cluster][0m
[36m(ClientAppActor pid=440494)[0m             entirely in future versions of Flower.[32m [repeated 45x across cluster][0m
[36m(ClientAppActor pid=440492)[0m 
[36m(ClientAppActor pid=440492)[0m         
[36m(ClientAppActor pid=440497)[0m 
[36m(ClientAppActor pid=440497)[0m         
[36m(ClientAppActor pid=440493)[0m 
[36m(ClientAppActor pid=440493)[0m         
[36m(ClientAppActor pid=440469)[0m 
[36m(ClientAppActor pid=440469)[0m         
[36m(ClientAppActor pid=440470)[0m 
[36m(ClientAppActor pid=440470)[0m         
[36m(ClientAppActor pid=440478)[0m 
[36m(ClientAppActor pid=440478)[0m         
[36m(ClientAppActor pid=440479)[0m 
[36m(ClientAppActor pid=440479)[0m         
[36m(ClientAppActor pid=440496)[0m 
[36m(ClientAppActor pid=440496)[0m         
[92mINFO [0m:      aggregate_evaluate: received 10 results and 0 failures
[92mINFO [0m:      
[92mINFO [0m:      [ROUND 48]
[92mINFO [0m:      configure_fit: strategy sampled 5 clients (out of 10)
[36m(ClientAppActor pid=440492)[0m 
[36m(ClientAppActor pid=440492)[0m         
[36m(ClientAppActor pid=440499)[0m 
[36m(ClientAppActor pid=440499)[0m         
[36m(ClientAppActor pid=440499)[0m 
[36m(ClientAppActor pid=440499)[0m         
[36m(ClientAppActor pid=440479)[0m 
[36m(ClientAppActor pid=440479)[0m         
[36m(ClientAppActor pid=440496)[0m 
[36m(ClientAppActor pid=440496)[0m         
[36m(ClientAppActor pid=440478)[0m 
[36m(ClientAppActor pid=440478)[0m         
[92mINFO [0m:      aggregate_fit: received 5 results and 0 failures
[92mINFO [0m:      fit progress: (48, 13.545899251403505, {'accuracy': 0.05682951146560319, 'balanced_accuracy': 0.19387755102040818, 'macro_f1': 0.06191851138915624, 'worst_class_f1': 0.0, 'worst_class_recall': 0.0, 'f1_actinic_keratoses_an': 0.0, 'recall_actinic_keratoses_an': 0.0, 'f1_basal_cell_carcinoma': 0.10009624639076034, 'recall_basal_cell_carcinoma': 1.0, 'f1_benign_keratosis-lik': 0.0, 'recall_benign_keratosis-lik': 0.0, 'f1_dermatofibroma': 0.0, 'recall_dermatofibroma': 0.0, 'f1_melanoma': 0.0, 'recall_melanoma': 0.0, 'f1_melanocytic_nevi': 0.0, 'recall_melanocytic_nevi': 0.0, 'f1_vascular_lesions': 0.3333333333333333, 'recall_vascular_lesions': 0.35714285714285715}, 356.00904913200065)
[92mINFO [0m:      configure_evaluate: strategy sampled 10 clients (out of 10)
[36m(ClientAppActor pid=440492)[0m 
[36m(ClientAppActor pid=440492)[0m         
[36m(ClientAppActor pid=440479)[0m 
[36m(ClientAppActor pid=440479)[0m         
[36m(ClientAppActor pid=440496)[0m 
[36m(ClientAppActor pid=440496)[0m         
[36m(ClientAppActor pid=440478)[0m 
[36m(ClientAppActor pid=440478)[0m         
[36m(ClientAppActor pid=440499)[0m 
[36m(ClientAppActor pid=440499)[0m         
[92mINFO [0m:      aggregate_evaluate: received 10 results and 0 failures
[92mINFO [0m:      
[92mINFO [0m:      [ROUND 49]
[92mINFO [0m:      configure_fit: strategy sampled 5 clients (out of 10)
[36m(ClientAppActor pid=440494)[0m 
[36m(ClientAppActor pid=440494)[0m         
[36m(ClientAppActor pid=440497)[0m 
[36m(ClientAppActor pid=440497)[0m         
[36m(ClientAppActor pid=440497)[0m 
[36m(ClientAppActor pid=440497)[0m         
[36m(ClientAppActor pid=440493)[0m 
[36m(ClientAppActor pid=440493)[0m         
[36m(ClientAppActor pid=440469)[0m 
[36m(ClientAppActor pid=440469)[0m         
[36m(ClientAppActor pid=440470)[0m 
[36m(ClientAppActor pid=440470)[0m         
[36m(ClientAppActor pid=440470)[0m 
[36m(ClientAppActor pid=440470)[0m         
[36m(ClientAppActor pid=440469)[0m 
[36m(ClientAppActor pid=440469)[0m         
[36m(ClientAppActor pid=440494)[0m 
[36m(ClientAppActor pid=440494)[0m         
[36m(ClientAppActor pid=440493)[0m 
[36m(ClientAppActor pid=440493)[0m         
[92mINFO [0m:      aggregate_fit: received 5 results and 0 failures
[92mINFO [0m:      fit progress: (49, 1.7583288321585384, {'accuracy': 0.715852442671984, 'balanced_accuracy': 0.21656299689086575, 'macro_f1': 0.22228158152893265, 'worst_class_f1': 0.0, 'worst_class_recall': 0.0, 'f1_actinic_keratoses_an': 0.0, 'recall_actinic_keratoses_an': 0.0, 'f1_basal_cell_carcinoma': 0.0, 'recall_basal_cell_carcinoma': 0.0, 'f1_benign_keratosis-lik': 0.358974358974359, 'recall_benign_keratosis-lik': 0.2545454545454545, 'f1_dermatofibroma': 0.0, 'recall_dermatofibroma': 0.0, 'f1_melanoma': 0.35428571428571426, 'recall_melanoma': 0.27927927927927926, 'f1_melanocytic_nevi': 0.8427109974424553, 'recall_melanocytic_nevi': 0.9821162444113264, 'f1_vascular_lesions': 0.0, 'recall_vascular_lesions': 0.0}, 364.1947366359818)
[92mINFO [0m:      configure_evaluate: strategy sampled 10 clients (out of 10)
[36m(ClientAppActor pid=440494)[0m 
[36m(ClientAppActor pid=440494)[0m         
[36m(ClientAppActor pid=440478)[0m /home/bk489/federated_clean/cleanest_federated/fl-dermamnist-starter/metrics/evaluation.py:68: UserWarning: AUROC set to NaN because present classes are [2, 4, 5], expected [0, 1, 2, 3, 4, 5, 6][32m [repeated 20x across cluster][0m
[36m(ClientAppActor pid=440478)[0m   warnings.warn(f'AUROC set to NaN because present classes are {present_classes}, expected {labels}')[32m [repeated 20x across cluster][0m
[36m(ClientAppActor pid=440478)[0m /home/bk489/federated_clean/.venv/lib/python3.9/site-packages/sklearn/metrics/_classification.py:2524: UserWarning: y_pred contains classes not in y_true[32m [repeated 9x across cluster][0m
[36m(ClientAppActor pid=440478)[0m   warnings.warn("y_pred contains classes not in y_true")[32m [repeated 9x across cluster][0m
[36m(ClientAppActor pid=440494)[0m [93mWARNING [0m:   DEPRECATED FEATURE: `client_fn` now expects a signature `def client_fn(context: Context)`.The provided `client_fn` has signature: {'cid': <Parameter "cid: 'str'">}. You can import the `Context` like this: `from flwr.common import Context`[32m [repeated 30x across cluster][0m
[36m(ClientAppActor pid=440494)[0m             This is a deprecated feature. It will be removed[32m [repeated 30x across cluster][0m
[36m(ClientAppActor pid=440494)[0m             entirely in future versions of Flower.[32m [repeated 30x across cluster][0m
[36m(ClientAppActor pid=440492)[0m 
[36m(ClientAppActor pid=440492)[0m         
[36m(ClientAppActor pid=440497)[0m 
[36m(ClientAppActor pid=440497)[0m         
[36m(ClientAppActor pid=440499)[0m 
[36m(ClientAppActor pid=440499)[0m         
[36m(ClientAppActor pid=440493)[0m 
[36m(ClientAppActor pid=440493)[0m         
[36m(ClientAppActor pid=440469)[0m 
[36m(ClientAppActor pid=440469)[0m         
[36m(ClientAppActor pid=440470)[0m 
[36m(ClientAppActor pid=440470)[0m         
[36m(ClientAppActor pid=440478)[0m 
[36m(ClientAppActor pid=440478)[0m         
[36m(ClientAppActor pid=440496)[0m 
[36m(ClientAppActor pid=440496)[0m         
[36m(ClientAppActor pid=440479)[0m 
[36m(ClientAppActor pid=440479)[0m         
[92mINFO [0m:      aggregate_evaluate: received 10 results and 0 failures
[92mINFO [0m:      
[92mINFO [0m:      [ROUND 50]
[92mINFO [0m:      configure_fit: strategy sampled 5 clients (out of 10)
[36m(ClientAppActor pid=440492)[0m 
[36m(ClientAppActor pid=440492)[0m         
[36m(ClientAppActor pid=440499)[0m 
[36m(ClientAppActor pid=440499)[0m         
[36m(ClientAppActor pid=440479)[0m 
[36m(ClientAppActor pid=440479)[0m         
[36m(ClientAppActor pid=440496)[0m 
[36m(ClientAppActor pid=440496)[0m         
[36m(ClientAppActor pid=440478)[0m 
[36m(ClientAppActor pid=440478)[0m         
[92mINFO [0m:      aggregate_fit: received 5 results and 0 failures
[92mINFO [0m:      fit progress: (50, 1.57943020503994, {'accuracy': 0.7168494516450648, 'balanced_accuracy': 0.29892225629930547, 'macro_f1': 0.26465693553179714, 'worst_class_f1': 0.0, 'worst_class_recall': 0.0, 'f1_actinic_keratoses_an': 0.0, 'recall_actinic_keratoses_an': 0.0, 'f1_basal_cell_carcinoma': 0.0, 'recall_basal_cell_carcinoma': 0.0, 'f1_benign_keratosis-lik': 0.5070422535211268, 'recall_benign_keratosis-lik': 0.6545454545454545, 'f1_dermatofibroma': 0.0, 'recall_dermatofibroma': 0.0, 'f1_melanoma': 0.4790874524714829, 'recall_melanoma': 0.5675675675675675, 'f1_melanocytic_nevi': 0.8664688427299704, 'recall_melanocytic_nevi': 0.8703427719821163, 'f1_vascular_lesions': 0.0, 'recall_vascular_lesions': 0.0}, 372.58514333999483)
[92mINFO [0m:      configure_evaluate: strategy sampled 10 clients (out of 10)
[92mINFO [0m:      aggregate_evaluate: received 10 results and 0 failures
[92mINFO [0m:      
[92mINFO [0m:      [ROUND 51]
[92mINFO [0m:      configure_fit: strategy sampled 5 clients (out of 10)
[36m(ClientAppActor pid=440494)[0m 
[36m(ClientAppActor pid=440494)[0m         
[36m(ClientAppActor pid=440494)[0m 
[36m(ClientAppActor pid=440494)[0m         
[36m(ClientAppActor pid=440494)[0m /home/bk489/federated_clean/cleanest_federated/fl-dermamnist-starter/metrics/evaluation.py:68: UserWarning: AUROC set to NaN because present classes are [1, 6], expected [0, 1, 2, 3, 4, 5, 6][32m [repeated 11x across cluster][0m
[36m(ClientAppActor pid=440494)[0m   warnings.warn(f'AUROC set to NaN because present classes are {present_classes}, expected {labels}')[32m [repeated 11x across cluster][0m
[36m(ClientAppActor pid=440494)[0m /home/bk489/federated_clean/.venv/lib/python3.9/site-packages/sklearn/metrics/_classification.py:2524: UserWarning: y_pred contains classes not in y_true[32m [repeated 8x across cluster][0m
[36m(ClientAppActor pid=440494)[0m   warnings.warn("y_pred contains classes not in y_true")[32m [repeated 8x across cluster][0m
[36m(ClientAppActor pid=440494)[0m [93mWARNING [0m:   DEPRECATED FEATURE: `client_fn` now expects a signature `def client_fn(context: Context)`.The provided `client_fn` has signature: {'cid': <Parameter "cid: 'str'">}. You can import the `Context` like this: `from flwr.common import Context`[32m [repeated 16x across cluster][0m
[36m(ClientAppActor pid=440494)[0m             This is a deprecated feature. It will be removed[32m [repeated 16x across cluster][0m
[36m(ClientAppActor pid=440494)[0m             entirely in future versions of Flower.[32m [repeated 16x across cluster][0m
[36m(ClientAppActor pid=440492)[0m 
[36m(ClientAppActor pid=440492)[0m         
[36m(ClientAppActor pid=440497)[0m 
[36m(ClientAppActor pid=440497)[0m         
[36m(ClientAppActor pid=440497)[0m 
[36m(ClientAppActor pid=440497)[0m         
[36m(ClientAppActor pid=440499)[0m 
[36m(ClientAppActor pid=440499)[0m         
[36m(ClientAppActor pid=440493)[0m 
[36m(ClientAppActor pid=440493)[0m         
[36m(ClientAppActor pid=440493)[0m 
[36m(ClientAppActor pid=440493)[0m         
[36m(ClientAppActor pid=440479)[0m 
[36m(ClientAppActor pid=440479)[0m         
[36m(ClientAppActor pid=440496)[0m 
[36m(ClientAppActor pid=440496)[0m         
[36m(ClientAppActor pid=440469)[0m 
[36m(ClientAppActor pid=440469)[0m         
[36m(ClientAppActor pid=440469)[0m 
[36m(ClientAppActor pid=440469)[0m         
[36m(ClientAppActor pid=440470)[0m 
[36m(ClientAppActor pid=440470)[0m         
[36m(ClientAppActor pid=440470)[0m 
[36m(ClientAppActor pid=440470)[0m         
[36m(ClientAppActor pid=440478)[0m 
[36m(ClientAppActor pid=440478)[0m         
[92mINFO [0m:      aggregate_fit: received 5 results and 0 failures
[92mINFO [0m:      fit progress: (51, 1.4378030728010214, {'accuracy': 0.7268195413758723, 'balanced_accuracy': 0.2881620816047045, 'macro_f1': 0.26404465283494005, 'worst_class_f1': 0.0, 'worst_class_recall': 0.0, 'f1_actinic_keratoses_an': 0.0, 'recall_actinic_keratoses_an': 0.0, 'f1_basal_cell_carcinoma': 0.0, 'recall_basal_cell_carcinoma': 0.0, 'f1_benign_keratosis-lik': 0.5294117647058824, 'recall_benign_keratosis-lik': 0.6545454545454545, 'f1_dermatofibroma': 0.0, 'recall_dermatofibroma': 0.0, 'f1_melanoma': 0.45132743362831856, 'recall_melanoma': 0.4594594594594595, 'f1_melanocytic_nevi': 0.8675733715103794, 'recall_melanocytic_nevi': 0.9031296572280179, 'f1_vascular_lesions': 0.0, 'recall_vascular_lesions': 0.0}, 380.947273244994)
[92mINFO [0m:      configure_evaluate: strategy sampled 10 clients (out of 10)
[36m(ClientAppActor pid=440494)[0m 
[36m(ClientAppActor pid=440494)[0m         
[36m(ClientAppActor pid=440478)[0m /home/bk489/federated_clean/cleanest_federated/fl-dermamnist-starter/metrics/evaluation.py:68: UserWarning: AUROC set to NaN because present classes are [0, 1, 3], expected [0, 1, 2, 3, 4, 5, 6][32m [repeated 9x across cluster][0m
[36m(ClientAppActor pid=440478)[0m   warnings.warn(f'AUROC set to NaN because present classes are {present_classes}, expected {labels}')[32m [repeated 9x across cluster][0m
[36m(ClientAppActor pid=440478)[0m /home/bk489/federated_clean/.venv/lib/python3.9/site-packages/sklearn/metrics/_classification.py:2524: UserWarning: y_pred contains classes not in y_true[32m [repeated 6x across cluster][0m
[36m(ClientAppActor pid=440478)[0m   warnings.warn("y_pred contains classes not in y_true")[32m [repeated 6x across cluster][0m
[36m(ClientAppActor pid=440494)[0m [93mWARNING [0m:   DEPRECATED FEATURE: `client_fn` now expects a signature `def client_fn(context: Context)`.The provided `client_fn` has signature: {'cid': <Parameter "cid: 'str'">}. You can import the `Context` like this: `from flwr.common import Context`[32m [repeated 14x across cluster][0m
[36m(ClientAppActor pid=440494)[0m             This is a deprecated feature. It will be removed[32m [repeated 14x across cluster][0m
[36m(ClientAppActor pid=440494)[0m             entirely in future versions of Flower.[32m [repeated 14x across cluster][0m
[36m(ClientAppActor pid=440492)[0m 
[36m(ClientAppActor pid=440492)[0m         
[36m(ClientAppActor pid=440497)[0m 
[36m(ClientAppActor pid=440497)[0m         
[36m(ClientAppActor pid=440499)[0m 
[36m(ClientAppActor pid=440499)[0m         
[36m(ClientAppActor pid=440493)[0m 
[36m(ClientAppActor pid=440493)[0m         
[36m(ClientAppActor pid=440479)[0m 
[36m(ClientAppActor pid=440479)[0m         
[36m(ClientAppActor pid=440496)[0m 
[36m(ClientAppActor pid=440496)[0m         
[36m(ClientAppActor pid=440469)[0m 
[36m(ClientAppActor pid=440469)[0m         
[36m(ClientAppActor pid=440470)[0m 
[36m(ClientAppActor pid=440470)[0m         
[36m(ClientAppActor pid=440478)[0m 
[36m(ClientAppActor pid=440478)[0m         
[92mINFO [0m:      aggregate_evaluate: received 10 results and 0 failures
[92mINFO [0m:      
[92mINFO [0m:      [ROUND 52]
[92mINFO [0m:      configure_fit: strategy sampled 5 clients (out of 10)
[36m(ClientAppActor pid=440492)[0m 
[36m(ClientAppActor pid=440492)[0m         
[36m(ClientAppActor pid=440499)[0m 
[36m(ClientAppActor pid=440499)[0m         
[36m(ClientAppActor pid=440479)[0m 
[36m(ClientAppActor pid=440479)[0m         
[36m(ClientAppActor pid=440496)[0m 
[36m(ClientAppActor pid=440496)[0m         
[36m(ClientAppActor pid=440478)[0m 
[36m(ClientAppActor pid=440478)[0m         
[92mINFO [0m:      aggregate_fit: received 5 results and 0 failures
[92mINFO [0m:      fit progress: (52, 1.8198862033018681, {'accuracy': 0.7397806580259222, 'balanced_accuracy': 0.29085960561370394, 'macro_f1': 0.2710752392813001, 'worst_class_f1': 0.0, 'worst_class_recall': 0.0, 'f1_actinic_keratoses_an': 0.0, 'recall_actinic_keratoses_an': 0.0, 'f1_basal_cell_carcinoma': 0.0, 'recall_basal_cell_carcinoma': 0.0, 'f1_benign_keratosis-lik': 0.5409836065573771, 'recall_benign_keratosis-lik': 0.6, 'f1_dermatofibroma': 0.0, 'recall_dermatofibroma': 0.0, 'f1_melanoma': 0.4810126582278481, 'recall_melanoma': 0.5135135135135135, 'f1_melanocytic_nevi': 0.8755304101838756, 'recall_melanocytic_nevi': 0.9225037257824144, 'f1_vascular_lesions': 0.0, 'recall_vascular_lesions': 0.0}, 391.1756623669935)
[92mINFO [0m:      configure_evaluate: strategy sampled 10 clients (out of 10)
[36m(ClientAppActor pid=440494)[0m 
[36m(ClientAppActor pid=440494)[0m         
[36m(ClientAppActor pid=440494)[0m /home/bk489/federated_clean/cleanest_federated/fl-dermamnist-starter/metrics/evaluation.py:68: UserWarning: AUROC set to NaN because present classes are [0, 1], expected [0, 1, 2, 3, 4, 5, 6][32m [repeated 11x across cluster][0m
[36m(ClientAppActor pid=440494)[0m   warnings.warn(f'AUROC set to NaN because present classes are {present_classes}, expected {labels}')[32m [repeated 11x across cluster][0m
[36m(ClientAppActor pid=440494)[0m /home/bk489/federated_clean/.venv/lib/python3.9/site-packages/sklearn/metrics/_classification.py:2524: UserWarning: y_pred contains classes not in y_true[32m [repeated 8x across cluster][0m
[36m(ClientAppActor pid=440494)[0m   warnings.warn("y_pred contains classes not in y_true")[32m [repeated 8x across cluster][0m
[36m(ClientAppActor pid=440494)[0m [93mWARNING [0m:   DEPRECATED FEATURE: `client_fn` now expects a signature `def client_fn(context: Context)`.The provided `client_fn` has signature: {'cid': <Parameter "cid: 'str'">}. You can import the `Context` like this: `from flwr.common import Context`[32m [repeated 15x across cluster][0m
[36m(ClientAppActor pid=440494)[0m             This is a deprecated feature. It will be removed[32m [repeated 15x across cluster][0m
[36m(ClientAppActor pid=440494)[0m             entirely in future versions of Flower.[32m [repeated 15x across cluster][0m
[36m(ClientAppActor pid=440492)[0m 
[36m(ClientAppActor pid=440492)[0m         
[36m(ClientAppActor pid=440497)[0m 
[36m(ClientAppActor pid=440497)[0m         
[36m(ClientAppActor pid=440499)[0m 
[36m(ClientAppActor pid=440499)[0m         
[36m(ClientAppActor pid=440493)[0m 
[36m(ClientAppActor pid=440493)[0m         
[36m(ClientAppActor pid=440479)[0m 
[36m(ClientAppActor pid=440479)[0m         
[36m(ClientAppActor pid=440496)[0m 
[36m(ClientAppActor pid=440496)[0m         
[36m(ClientAppActor pid=440469)[0m 
[36m(ClientAppActor pid=440469)[0m         
[36m(ClientAppActor pid=440470)[0m 
[36m(ClientAppActor pid=440470)[0m         
[36m(ClientAppActor pid=440478)[0m 
[36m(ClientAppActor pid=440478)[0m         
[92mINFO [0m:      aggregate_evaluate: received 10 results and 0 failures
[92mINFO [0m:      
[92mINFO [0m:      [ROUND 53]
[92mINFO [0m:      configure_fit: strategy sampled 5 clients (out of 10)
[36m(ClientAppActor pid=440494)[0m 
[36m(ClientAppActor pid=440494)[0m         
[36m(ClientAppActor pid=440497)[0m 
[36m(ClientAppActor pid=440497)[0m         
[36m(ClientAppActor pid=440493)[0m 
[36m(ClientAppActor pid=440493)[0m         
[36m(ClientAppActor pid=440469)[0m 
[36m(ClientAppActor pid=440469)[0m         
[36m(ClientAppActor pid=440470)[0m 
[36m(ClientAppActor pid=440470)[0m         
[92mINFO [0m:      aggregate_fit: received 5 results and 0 failures
[92mINFO [0m:      fit progress: (53, 1.5519163599042807, {'accuracy': 0.6590229312063809, 'balanced_accuracy': 0.28352715074026547, 'macro_f1': 0.23755923050366676, 'worst_class_f1': 0.0, 'worst_class_recall': 0.0, 'f1_actinic_keratoses_an': 0.0, 'recall_actinic_keratoses_an': 0.0, 'f1_basal_cell_carcinoma': 0.0, 'recall_basal_cell_carcinoma': 0.0, 'f1_benign_keratosis-lik': 0.45430809399477806, 'recall_benign_keratosis-lik': 0.7909090909090909, 'f1_dermatofibroma': 0.0, 'recall_dermatofibroma': 0.0, 'f1_melanoma': 0.37815126050420167, 'recall_melanoma': 0.40540540540540543, 'f1_melanocytic_nevi': 0.8304552590266876, 'recall_melanocytic_nevi': 0.7883755588673621, 'f1_vascular_lesions': 0.0, 'recall_vascular_lesions': 0.0}, 398.44599974298035)
[92mINFO [0m:      configure_evaluate: strategy sampled 10 clients (out of 10)
[36m(ClientAppActor pid=440494)[0m 
[36m(ClientAppActor pid=440494)[0m         
[36m(ClientAppActor pid=440494)[0m /home/bk489/federated_clean/cleanest_federated/fl-dermamnist-starter/metrics/evaluation.py:68: UserWarning: AUROC set to NaN because present classes are [1, 6], expected [0, 1, 2, 3, 4, 5, 6][32m [repeated 10x across cluster][0m
[36m(ClientAppActor pid=440494)[0m   warnings.warn(f'AUROC set to NaN because present classes are {present_classes}, expected {labels}')[32m [repeated 10x across cluster][0m
[36m(ClientAppActor pid=440494)[0m /home/bk489/federated_clean/.venv/lib/python3.9/site-packages/sklearn/metrics/_classification.py:2524: UserWarning: y_pred contains classes not in y_true[32m [repeated 7x across cluster][0m
[36m(ClientAppActor pid=440494)[0m   warnings.warn("y_pred contains classes not in y_true")[32m [repeated 7x across cluster][0m
[36m(ClientAppActor pid=440494)[0m [93mWARNING [0m:   DEPRECATED FEATURE: `client_fn` now expects a signature `def client_fn(context: Context)`.The provided `client_fn` has signature: {'cid': <Parameter "cid: 'str'">}. You can import the `Context` like this: `from flwr.common import Context`[32m [repeated 15x across cluster][0m
[36m(ClientAppActor pid=440494)[0m             This is a deprecated feature. It will be removed[32m [repeated 15x across cluster][0m
[36m(ClientAppActor pid=440494)[0m             entirely in future versions of Flower.[32m [repeated 15x across cluster][0m
[36m(ClientAppActor pid=440497)[0m 
[36m(ClientAppActor pid=440497)[0m         
[36m(ClientAppActor pid=440499)[0m 
[36m(ClientAppActor pid=440499)[0m         
[36m(ClientAppActor pid=440493)[0m 
[36m(ClientAppActor pid=440493)[0m         
[36m(ClientAppActor pid=440479)[0m 
[36m(ClientAppActor pid=440479)[0m         
[36m(ClientAppActor pid=440496)[0m 
[36m(ClientAppActor pid=440496)[0m         
[36m(ClientAppActor pid=440469)[0m 
[36m(ClientAppActor pid=440469)[0m         
[36m(ClientAppActor pid=440470)[0m 
[36m(ClientAppActor pid=440470)[0m         
[36m(ClientAppActor pid=440478)[0m 
[36m(ClientAppActor pid=440478)[0m         
[36m(ClientAppActor pid=440492)[0m 
[36m(ClientAppActor pid=440492)[0m         
[92mINFO [0m:      aggregate_evaluate: received 10 results and 0 failures
[92mINFO [0m:      
[92mINFO [0m:      [ROUND 54]
[92mINFO [0m:      configure_fit: strategy sampled 5 clients (out of 10)
[36m(ClientAppActor pid=440492)[0m 
[36m(ClientAppActor pid=440492)[0m         
[36m(ClientAppActor pid=440499)[0m 
[36m(ClientAppActor pid=440499)[0m         
[36m(ClientAppActor pid=440479)[0m 
[36m(ClientAppActor pid=440479)[0m         
[36m(ClientAppActor pid=440496)[0m 
[36m(ClientAppActor pid=440496)[0m         
[36m(ClientAppActor pid=440478)[0m 
[36m(ClientAppActor pid=440478)[0m         
[92mINFO [0m:      aggregate_fit: received 5 results and 0 failures
[92mINFO [0m:      fit progress: (54, 1.9308479512082497, {'accuracy': 0.7357926221335992, 'balanced_accuracy': 0.2846492010426437, 'macro_f1': 0.26485107530974455, 'worst_class_f1': 0.0, 'worst_class_recall': 0.0, 'f1_actinic_keratoses_an': 0.0, 'recall_actinic_keratoses_an': 0.0, 'f1_basal_cell_carcinoma': 0.0, 'recall_basal_cell_carcinoma': 0.0, 'f1_benign_keratosis-lik': 0.5296442687747036, 'recall_benign_keratosis-lik': 0.6090909090909091, 'f1_dermatofibroma': 0.0, 'recall_dermatofibroma': 0.0, 'f1_melanoma': 0.4473684210526316, 'recall_melanoma': 0.4594594594594595, 'f1_melanocytic_nevi': 0.8769448373408769, 'recall_melanocytic_nevi': 0.9239940387481371, 'f1_vascular_lesions': 0.0, 'recall_vascular_lesions': 0.0}, 408.60853755899007)
[92mINFO [0m:      configure_evaluate: strategy sampled 10 clients (out of 10)
[36m(ClientAppActor pid=440492)[0m 
[36m(ClientAppActor pid=440492)[0m         
[36m(ClientAppActor pid=440478)[0m /home/bk489/federated_clean/cleanest_federated/fl-dermamnist-starter/metrics/evaluation.py:68: UserWarning: AUROC set to NaN because present classes are [0, 1, 6], expected [0, 1, 2, 3, 4, 5, 6][32m [repeated 9x across cluster][0m
[36m(ClientAppActor pid=440478)[0m   warnings.warn(f'AUROC set to NaN because present classes are {present_classes}, expected {labels}')[32m [repeated 9x across cluster][0m
[36m(ClientAppActor pid=440478)[0m /home/bk489/federated_clean/.venv/lib/python3.9/site-packages/sklearn/metrics/_classification.py:2524: UserWarning: y_pred contains classes not in y_true[32m [repeated 6x across cluster][0m
[36m(ClientAppActor pid=440478)[0m   warnings.warn("y_pred contains classes not in y_true")[32m [repeated 6x across cluster][0m
[36m(ClientAppActor pid=440492)[0m [93mWARNING [0m:   DEPRECATED FEATURE: `client_fn` now expects a signature `def client_fn(context: Context)`.The provided `client_fn` has signature: {'cid': <Parameter "cid: 'str'">}. You can import the `Context` like this: `from flwr.common import Context`[32m [repeated 15x across cluster][0m
[36m(ClientAppActor pid=440492)[0m             This is a deprecated feature. It will be removed[32m [repeated 15x across cluster][0m
[36m(ClientAppActor pid=440492)[0m             entirely in future versions of Flower.[32m [repeated 15x across cluster][0m
[36m(ClientAppActor pid=440496)[0m 
[36m(ClientAppActor pid=440496)[0m         
[36m(ClientAppActor pid=440478)[0m 
[36m(ClientAppActor pid=440478)[0m         
[36m(ClientAppActor pid=440479)[0m 
[36m(ClientAppActor pid=440479)[0m         
[36m(ClientAppActor pid=440499)[0m 
[36m(ClientAppActor pid=440499)[0m         
[36m(ClientAppActor pid=440470)[0m 
[36m(ClientAppActor pid=440470)[0m         
[36m(ClientAppActor pid=440494)[0m 
[36m(ClientAppActor pid=440494)[0m         
[92mINFO [0m:      aggregate_evaluate: received 10 results and 0 failures
[92mINFO [0m:      
[92mINFO [0m:      [ROUND 55]
[92mINFO [0m:      configure_fit: strategy sampled 5 clients (out of 10)
[36m(ClientAppActor pid=440497)[0m 
[36m(ClientAppActor pid=440497)[0m         
[36m(ClientAppActor pid=440497)[0m 
[36m(ClientAppActor pid=440497)[0m         
[36m(ClientAppActor pid=440493)[0m 
[36m(ClientAppActor pid=440493)[0m         
[36m(ClientAppActor pid=440493)[0m 
[36m(ClientAppActor pid=440493)[0m         
[36m(ClientAppActor pid=440469)[0m 
[36m(ClientAppActor pid=440469)[0m         
[36m(ClientAppActor pid=440469)[0m 
[36m(ClientAppActor pid=440469)[0m         
[36m(ClientAppActor pid=440470)[0m 
[36m(ClientAppActor pid=440470)[0m         
[36m(ClientAppActor pid=440494)[0m 
[36m(ClientAppActor pid=440494)[0m         
[92mINFO [0m:      aggregate_fit: received 5 results and 0 failures
[92mINFO [0m:      fit progress: (55, 1.1209415533725666, {'accuracy': 0.6969092721834497, 'balanced_accuracy': 0.29111672554295503, 'macro_f1': 0.2645548643184338, 'worst_class_f1': 0.0, 'worst_class_recall': 0.0, 'f1_actinic_keratoses_an': 0.0, 'recall_actinic_keratoses_an': 0.0, 'f1_basal_cell_carcinoma': 0.0625, 'recall_basal_cell_carcinoma': 0.038461538461538464, 'f1_benign_keratosis-lik': 0.498220640569395, 'recall_benign_keratosis-lik': 0.6363636363636364, 'f1_dermatofibroma': 0.0, 'recall_dermatofibroma': 0.0, 'f1_melanoma': 0.44357976653696496, 'recall_melanoma': 0.5135135135135135, 'f1_melanocytic_nevi': 0.8475836431226765, 'recall_melanocytic_nevi': 0.849478390461997, 'f1_vascular_lesions': 0.0, 'recall_vascular_lesions': 0.0}, 416.04891125200083)
[92mINFO [0m:      configure_evaluate: strategy sampled 10 clients (out of 10)
[36m(ClientAppActor pid=440494)[0m 
[36m(ClientAppActor pid=440494)[0m         
[36m(ClientAppActor pid=440494)[0m /home/bk489/federated_clean/cleanest_federated/fl-dermamnist-starter/metrics/evaluation.py:68: UserWarning: AUROC set to NaN because present classes are [2, 4, 5], expected [0, 1, 2, 3, 4, 5, 6][32m [repeated 11x across cluster][0m
[36m(ClientAppActor pid=440494)[0m   warnings.warn(f'AUROC set to NaN because present classes are {present_classes}, expected {labels}')[32m [repeated 11x across cluster][0m
[36m(ClientAppActor pid=440494)[0m /home/bk489/federated_clean/.venv/lib/python3.9/site-packages/sklearn/metrics/_classification.py:2524: UserWarning: y_pred contains classes not in y_true[32m [repeated 8x across cluster][0m
[36m(ClientAppActor pid=440494)[0m   warnings.warn("y_pred contains classes not in y_true")[32m [repeated 8x across cluster][0m
[36m(ClientAppActor pid=440494)[0m [93mWARNING [0m:   DEPRECATED FEATURE: `client_fn` now expects a signature `def client_fn(context: Context)`.The provided `client_fn` has signature: {'cid': <Parameter "cid: 'str'">}. You can import the `Context` like this: `from flwr.common import Context`[32m [repeated 15x across cluster][0m
[36m(ClientAppActor pid=440494)[0m             This is a deprecated feature. It will be removed[32m [repeated 15x across cluster][0m
[36m(ClientAppActor pid=440494)[0m             entirely in future versions of Flower.[32m [repeated 15x across cluster][0m
[36m(ClientAppActor pid=440492)[0m 
[36m(ClientAppActor pid=440492)[0m         
[36m(ClientAppActor pid=440497)[0m 
[36m(ClientAppActor pid=440497)[0m         
[36m(ClientAppActor pid=440499)[0m 
[36m(ClientAppActor pid=440499)[0m         
[36m(ClientAppActor pid=440493)[0m 
[36m(ClientAppActor pid=440493)[0m         
[36m(ClientAppActor pid=440479)[0m 
[36m(ClientAppActor pid=440479)[0m         
[36m(ClientAppActor pid=440496)[0m 
[36m(ClientAppActor pid=440496)[0m         
[36m(ClientAppActor pid=440469)[0m 
[36m(ClientAppActor pid=440469)[0m         
[36m(ClientAppActor pid=440470)[0m 
[36m(ClientAppActor pid=440470)[0m         
[36m(ClientAppActor pid=440478)[0m 
[36m(ClientAppActor pid=440478)[0m         
[92mINFO [0m:      aggregate_evaluate: received 10 results and 0 failures
[92mINFO [0m:      
[92mINFO [0m:      [ROUND 56]
[92mINFO [0m:      configure_fit: strategy sampled 5 clients (out of 10)
[36m(ClientAppActor pid=440492)[0m 
[36m(ClientAppActor pid=440492)[0m         
[36m(ClientAppActor pid=440499)[0m 
[36m(ClientAppActor pid=440499)[0m         
[36m(ClientAppActor pid=440479)[0m 
[36m(ClientAppActor pid=440479)[0m         
[36m(ClientAppActor pid=440496)[0m 
[36m(ClientAppActor pid=440496)[0m         
[36m(ClientAppActor pid=440478)[0m 
[36m(ClientAppActor pid=440478)[0m         
[92mINFO [0m:      aggregate_fit: received 5 results and 0 failures
[92mINFO [0m:      fit progress: (56, 1.7505512986321035, {'accuracy': 0.7347956131605184, 'balanced_accuracy': 0.2898067963641734, 'macro_f1': 0.26842226481265746, 'worst_class_f1': 0.0, 'worst_class_recall': 0.0, 'f1_actinic_keratoses_an': 0.0, 'recall_actinic_keratoses_an': 0.0, 'f1_basal_cell_carcinoma': 0.0, 'recall_basal_cell_carcinoma': 0.0, 'f1_benign_keratosis-lik': 0.5254901960784314, 'recall_benign_keratosis-lik': 0.6090909090909091, 'f1_dermatofibroma': 0.0, 'recall_dermatofibroma': 0.0, 'f1_melanoma': 0.48068669527896996, 'recall_melanoma': 0.5045045045045045, 'f1_melanocytic_nevi': 0.8727789623312011, 'recall_melanocytic_nevi': 0.9150521609538003, 'f1_vascular_lesions': 0.0, 'recall_vascular_lesions': 0.0}, 424.27024981199065)
[92mINFO [0m:      configure_evaluate: strategy sampled 10 clients (out of 10)
[36m(ClientAppActor pid=440494)[0m 
[36m(ClientAppActor pid=440494)[0m         
[36m(ClientAppActor pid=440478)[0m /home/bk489/federated_clean/cleanest_federated/fl-dermamnist-starter/metrics/evaluation.py:68: UserWarning: AUROC set to NaN because present classes are [0, 1], expected [0, 1, 2, 3, 4, 5, 6][32m [repeated 9x across cluster][0m
[36m(ClientAppActor pid=440478)[0m   warnings.warn(f'AUROC set to NaN because present classes are {present_classes}, expected {labels}')[32m [repeated 9x across cluster][0m
[36m(ClientAppActor pid=440478)[0m /home/bk489/federated_clean/.venv/lib/python3.9/site-packages/sklearn/metrics/_classification.py:2524: UserWarning: y_pred contains classes not in y_true[32m [repeated 9x across cluster][0m
[36m(ClientAppActor pid=440478)[0m   warnings.warn("y_pred contains classes not in y_true")[32m [repeated 9x across cluster][0m
[36m(ClientAppActor pid=440494)[0m [93mWARNING [0m:   DEPRECATED FEATURE: `client_fn` now expects a signature `def client_fn(context: Context)`.The provided `client_fn` has signature: {'cid': <Parameter "cid: 'str'">}. You can import the `Context` like this: `from flwr.common import Context`[32m [repeated 15x across cluster][0m
[36m(ClientAppActor pid=440494)[0m             This is a deprecated feature. It will be removed[32m [repeated 15x across cluster][0m
[36m(ClientAppActor pid=440494)[0m             entirely in future versions of Flower.[32m [repeated 15x across cluster][0m
[36m(ClientAppActor pid=440492)[0m 
[36m(ClientAppActor pid=440492)[0m         
[36m(ClientAppActor pid=440497)[0m 
[36m(ClientAppActor pid=440497)[0m         
[36m(ClientAppActor pid=440499)[0m 
[36m(ClientAppActor pid=440499)[0m         
[36m(ClientAppActor pid=440479)[0m 
[36m(ClientAppActor pid=440479)[0m         
[36m(ClientAppActor pid=440496)[0m 
[36m(ClientAppActor pid=440496)[0m         
[36m(ClientAppActor pid=440469)[0m 
[36m(ClientAppActor pid=440469)[0m         
[36m(ClientAppActor pid=440478)[0m 
[36m(ClientAppActor pid=440478)[0m         
[36m(ClientAppActor pid=440470)[0m 
[36m(ClientAppActor pid=440470)[0m         
[36m(ClientAppActor pid=440493)[0m 
[36m(ClientAppActor pid=440493)[0m         
[92mINFO [0m:      aggregate_evaluate: received 10 results and 0 failures
[92mINFO [0m:      
[92mINFO [0m:      [ROUND 57]
[92mINFO [0m:      configure_fit: strategy sampled 5 clients (out of 10)
[36m(ClientAppActor pid=440494)[0m 
[36m(ClientAppActor pid=440494)[0m         
[36m(ClientAppActor pid=440497)[0m 
[36m(ClientAppActor pid=440497)[0m         
[36m(ClientAppActor pid=440493)[0m 
[36m(ClientAppActor pid=440493)[0m         
[36m(ClientAppActor pid=440469)[0m 
[36m(ClientAppActor pid=440469)[0m         
[36m(ClientAppActor pid=440470)[0m 
[36m(ClientAppActor pid=440470)[0m         
[92mINFO [0m:      aggregate_fit: received 5 results and 0 failures
[92mINFO [0m:      fit progress: (57, 1.9155392644412497, {'accuracy': 0.7298105682951147, 'balanced_accuracy': 0.2736580949695704, 'macro_f1': 0.2592425599296044, 'worst_class_f1': 0.0, 'worst_class_recall': 0.0, 'f1_actinic_keratoses_an': 0.0, 'recall_actinic_keratoses_an': 0.0, 'f1_basal_cell_carcinoma': 0.0, 'recall_basal_cell_carcinoma': 0.0, 'f1_benign_keratosis-lik': 0.5101214574898786, 'recall_benign_keratosis-lik': 0.5727272727272728, 'f1_dermatofibroma': 0.0, 'recall_dermatofibroma': 0.0, 'f1_melanoma': 0.4380952380952381, 'recall_melanoma': 0.4144144144144144, 'f1_melanocytic_nevi': 0.866481223922114, 'recall_melanocytic_nevi': 0.9284649776453056, 'f1_vascular_lesions': 0.0, 'recall_vascular_lesions': 0.0}, 434.45765447898884)
[92mINFO [0m:      configure_evaluate: strategy sampled 10 clients (out of 10)
[36m(ClientAppActor pid=440494)[0m 
[36m(ClientAppActor pid=440494)[0m         
[36m(ClientAppActor pid=440494)[0m /home/bk489/federated_clean/cleanest_federated/fl-dermamnist-starter/metrics/evaluation.py:68: UserWarning: AUROC set to NaN because present classes are [2, 4, 5], expected [0, 1, 2, 3, 4, 5, 6][32m [repeated 11x across cluster][0m
[36m(ClientAppActor pid=440494)[0m   warnings.warn(f'AUROC set to NaN because present classes are {present_classes}, expected {labels}')[32m [repeated 11x across cluster][0m
[36m(ClientAppActor pid=440470)[0m /home/bk489/federated_clean/.venv/lib/python3.9/site-packages/sklearn/metrics/_classification.py:2524: UserWarning: y_pred contains classes not in y_true[32m [repeated 7x across cluster][0m
[36m(ClientAppActor pid=440470)[0m   warnings.warn("y_pred contains classes not in y_true")[32m [repeated 7x across cluster][0m
[36m(ClientAppActor pid=440494)[0m [93mWARNING [0m:   DEPRECATED FEATURE: `client_fn` now expects a signature `def client_fn(context: Context)`.The provided `client_fn` has signature: {'cid': <Parameter "cid: 'str'">}. You can import the `Context` like this: `from flwr.common import Context`[32m [repeated 15x across cluster][0m
[36m(ClientAppActor pid=440494)[0m             This is a deprecated feature. It will be removed[32m [repeated 15x across cluster][0m
[36m(ClientAppActor pid=440494)[0m             entirely in future versions of Flower.[32m [repeated 15x across cluster][0m
[36m(ClientAppActor pid=440492)[0m 
[36m(ClientAppActor pid=440492)[0m         
[36m(ClientAppActor pid=440497)[0m 
[36m(ClientAppActor pid=440497)[0m         
[36m(ClientAppActor pid=440499)[0m 
[36m(ClientAppActor pid=440499)[0m         
[36m(ClientAppActor pid=440493)[0m 
[36m(ClientAppActor pid=440493)[0m         
[36m(ClientAppActor pid=440479)[0m 
[36m(ClientAppActor pid=440479)[0m         
[36m(ClientAppActor pid=440496)[0m 
[36m(ClientAppActor pid=440496)[0m         
[36m(ClientAppActor pid=440469)[0m 
[36m(ClientAppActor pid=440469)[0m         
[36m(ClientAppActor pid=440470)[0m 
[36m(ClientAppActor pid=440470)[0m         
[36m(ClientAppActor pid=440478)[0m 
[36m(ClientAppActor pid=440478)[0m         
[92mINFO [0m:      aggregate_evaluate: received 10 results and 0 failures
[92mINFO [0m:      
[92mINFO [0m:      [ROUND 58]
[92mINFO [0m:      configure_fit: strategy sampled 5 clients (out of 10)
[36m(ClientAppActor pid=440497)[0m 
[36m(ClientAppActor pid=440497)[0m         
[36m(ClientAppActor pid=440499)[0m 
[36m(ClientAppActor pid=440499)[0m         
[36m(ClientAppActor pid=440493)[0m 
[36m(ClientAppActor pid=440493)[0m         
[36m(ClientAppActor pid=440496)[0m 
[36m(ClientAppActor pid=440496)[0m         
[36m(ClientAppActor pid=440478)[0m 
[36m(ClientAppActor pid=440478)[0m         
[92mINFO [0m:      aggregate_fit: received 5 results and 0 failures
[92mINFO [0m:      fit progress: (58, 2.030365905638112, {'accuracy': 0.7288135593220338, 'balanced_accuracy': 0.2852602868996312, 'macro_f1': 0.2635353979072476, 'worst_class_f1': 0.0, 'worst_class_recall': 0.0, 'f1_actinic_keratoses_an': 0.0, 'recall_actinic_keratoses_an': 0.0, 'f1_basal_cell_carcinoma': 0.0, 'recall_basal_cell_carcinoma': 0.0, 'f1_benign_keratosis-lik': 0.504, 'recall_benign_keratosis-lik': 0.5727272727272728, 'f1_dermatofibroma': 0.0, 'recall_dermatofibroma': 0.0, 'f1_melanoma': 0.4691358024691358, 'recall_melanoma': 0.5135135135135135, 'f1_melanocytic_nevi': 0.8716119828815977, 'recall_melanocytic_nevi': 0.910581222056632, 'f1_vascular_lesions': 0.0, 'recall_vascular_lesions': 0.0}, 442.4599408049835)
[92mINFO [0m:      configure_evaluate: strategy sampled 10 clients (out of 10)
[36m(ClientAppActor pid=440494)[0m 
[36m(ClientAppActor pid=440494)[0m         
[36m(ClientAppActor pid=440494)[0m /home/bk489/federated_clean/cleanest_federated/fl-dermamnist-starter/metrics/evaluation.py:68: UserWarning: AUROC set to NaN because present classes are [0, 1, 3], expected [0, 1, 2, 3, 4, 5, 6][32m [repeated 10x across cluster][0m
[36m(ClientAppActor pid=440494)[0m   warnings.warn(f'AUROC set to NaN because present classes are {present_classes}, expected {labels}')[32m [repeated 10x across cluster][0m
[36m(ClientAppActor pid=440494)[0m /home/bk489/federated_clean/.venv/lib/python3.9/site-packages/sklearn/metrics/_classification.py:2524: UserWarning: y_pred contains classes not in y_true[32m [repeated 8x across cluster][0m
[36m(ClientAppActor pid=440494)[0m   warnings.warn("y_pred contains classes not in y_true")[32m [repeated 8x across cluster][0m
[36m(ClientAppActor pid=440494)[0m [93mWARNING [0m:   DEPRECATED FEATURE: `client_fn` now expects a signature `def client_fn(context: Context)`.The provided `client_fn` has signature: {'cid': <Parameter "cid: 'str'">}. You can import the `Context` like this: `from flwr.common import Context`[32m [repeated 15x across cluster][0m
[36m(ClientAppActor pid=440494)[0m             This is a deprecated feature. It will be removed[32m [repeated 15x across cluster][0m
[36m(ClientAppActor pid=440494)[0m             entirely in future versions of Flower.[32m [repeated 15x across cluster][0m
[36m(ClientAppActor pid=440492)[0m 
[36m(ClientAppActor pid=440492)[0m         
[36m(ClientAppActor pid=440497)[0m 
[36m(ClientAppActor pid=440497)[0m         
[36m(ClientAppActor pid=440499)[0m 
[36m(ClientAppActor pid=440499)[0m         
[36m(ClientAppActor pid=440493)[0m 
[36m(ClientAppActor pid=440493)[0m         
[36m(ClientAppActor pid=440479)[0m 
[36m(ClientAppActor pid=440479)[0m         
[36m(ClientAppActor pid=440496)[0m 
[36m(ClientAppActor pid=440496)[0m         
[36m(ClientAppActor pid=440469)[0m 
[36m(ClientAppActor pid=440469)[0m         
[36m(ClientAppActor pid=440470)[0m 
[36m(ClientAppActor pid=440470)[0m         
[36m(ClientAppActor pid=440478)[0m 
[36m(ClientAppActor pid=440478)[0m         
[92mINFO [0m:      aggregate_evaluate: received 10 results and 0 failures
[92mINFO [0m:      
[92mINFO [0m:      [ROUND 59]
[92mINFO [0m:      configure_fit: strategy sampled 5 clients (out of 10)
[36m(ClientAppActor pid=440494)[0m 
[36m(ClientAppActor pid=440494)[0m         
[36m(ClientAppActor pid=440492)[0m 
[36m(ClientAppActor pid=440492)[0m         
[36m(ClientAppActor pid=440479)[0m 
[36m(ClientAppActor pid=440479)[0m         
[36m(ClientAppActor pid=440469)[0m 
[36m(ClientAppActor pid=440469)[0m         
[36m(ClientAppActor pid=440470)[0m 
[36m(ClientAppActor pid=440470)[0m         
[92mINFO [0m:      aggregate_fit: received 5 results and 0 failures
[92mINFO [0m:      fit progress: (59, 1.298428034497163, {'accuracy': 0.6959122632103689, 'balanced_accuracy': 0.2937282699577782, 'macro_f1': 0.2617576606578479, 'worst_class_f1': 0.0, 'worst_class_recall': 0.0, 'f1_actinic_keratoses_an': 0.0, 'recall_actinic_keratoses_an': 0.0, 'f1_basal_cell_carcinoma': 0.037037037037037035, 'recall_basal_cell_carcinoma': 0.019230769230769232, 'f1_benign_keratosis-lik': 0.5073529411764706, 'recall_benign_keratosis-lik': 0.6272727272727273, 'f1_dermatofibroma': 0.0, 'recall_dermatofibroma': 0.0, 'f1_melanoma': 0.4421052631578947, 'recall_melanoma': 0.5675675675675675, 'f1_melanocytic_nevi': 0.8458083832335329, 'recall_melanocytic_nevi': 0.842026825633383, 'f1_vascular_lesions': 0.0, 'recall_vascular_lesions': 0.0}, 449.6289467269962)
[92mINFO [0m:      configure_evaluate: strategy sampled 10 clients (out of 10)
[92mINFO [0m:      aggregate_evaluate: received 10 results and 0 failures
[92mINFO [0m:      
[92mINFO [0m:      [ROUND 60]
[92mINFO [0m:      configure_fit: strategy sampled 5 clients (out of 10)
[36m(ClientAppActor pid=440494)[0m 
[36m(ClientAppActor pid=440494)[0m         
[36m(ClientAppActor pid=440494)[0m /home/bk489/federated_clean/cleanest_federated/fl-dermamnist-starter/metrics/evaluation.py:68: UserWarning: AUROC set to NaN because present classes are [2, 4, 5], expected [0, 1, 2, 3, 4, 5, 6][32m [repeated 10x across cluster][0m
[36m(ClientAppActor pid=440494)[0m   warnings.warn(f'AUROC set to NaN because present classes are {present_classes}, expected {labels}')[32m [repeated 10x across cluster][0m
[36m(ClientAppActor pid=440494)[0m /home/bk489/federated_clean/.venv/lib/python3.9/site-packages/sklearn/metrics/_classification.py:2524: UserWarning: y_pred contains classes not in y_true[32m [repeated 7x across cluster][0m
[36m(ClientAppActor pid=440494)[0m   warnings.warn("y_pred contains classes not in y_true")[32m [repeated 7x across cluster][0m
[36m(ClientAppActor pid=440494)[0m [93mWARNING [0m:   DEPRECATED FEATURE: `client_fn` now expects a signature `def client_fn(context: Context)`.The provided `client_fn` has signature: {'cid': <Parameter "cid: 'str'">}. You can import the `Context` like this: `from flwr.common import Context`[32m [repeated 15x across cluster][0m
[36m(ClientAppActor pid=440494)[0m             This is a deprecated feature. It will be removed[32m [repeated 15x across cluster][0m
[36m(ClientAppActor pid=440494)[0m             entirely in future versions of Flower.[32m [repeated 15x across cluster][0m
[36m(ClientAppActor pid=440492)[0m 
[36m(ClientAppActor pid=440492)[0m         
[36m(ClientAppActor pid=440497)[0m 
[36m(ClientAppActor pid=440497)[0m         
[36m(ClientAppActor pid=440499)[0m 
[36m(ClientAppActor pid=440499)[0m         
[36m(ClientAppActor pid=440493)[0m 
[36m(ClientAppActor pid=440493)[0m         
[36m(ClientAppActor pid=440479)[0m 
[36m(ClientAppActor pid=440479)[0m         
[36m(ClientAppActor pid=440479)[0m 
[36m(ClientAppActor pid=440479)[0m         
[36m(ClientAppActor pid=440496)[0m 
[36m(ClientAppActor pid=440496)[0m         
[36m(ClientAppActor pid=440469)[0m 
[36m(ClientAppActor pid=440469)[0m         
[36m(ClientAppActor pid=440469)[0m 
[36m(ClientAppActor pid=440469)[0m         
[36m(ClientAppActor pid=440470)[0m 
[36m(ClientAppActor pid=440470)[0m         
[36m(ClientAppActor pid=440478)[0m 
[36m(ClientAppActor pid=440478)[0m         
[36m(ClientAppActor pid=440494)[0m 
[36m(ClientAppActor pid=440494)[0m         
[36m(ClientAppActor pid=440492)[0m 
[36m(ClientAppActor pid=440492)[0m         
[36m(ClientAppActor pid=440497)[0m 
[36m(ClientAppActor pid=440497)[0m         
[92mINFO [0m:      aggregate_fit: received 5 results and 0 failures
[92mINFO [0m:      fit progress: (60, 1.6521369098785035, {'accuracy': 0.7258225324027916, 'balanced_accuracy': 0.28784387964715835, 'macro_f1': 0.2648615280241355, 'worst_class_f1': 0.0, 'worst_class_recall': 0.0, 'f1_actinic_keratoses_an': 0.0, 'recall_actinic_keratoses_an': 0.0, 'f1_basal_cell_carcinoma': 0.0, 'recall_basal_cell_carcinoma': 0.0, 'f1_benign_keratosis-lik': 0.5185185185185185, 'recall_benign_keratosis-lik': 0.5727272727272728, 'f1_dermatofibroma': 0.0, 'recall_dermatofibroma': 0.0, 'f1_melanoma': 0.46875, 'recall_melanoma': 0.5405405405405406, 'f1_melanocytic_nevi': 0.8667621776504298, 'recall_melanocytic_nevi': 0.9016393442622951, 'f1_vascular_lesions': 0.0, 'recall_vascular_lesions': 0.0}, 457.5890654090035)
[92mINFO [0m:      configure_evaluate: strategy sampled 10 clients (out of 10)
[36m(ClientAppActor pid=440494)[0m 
[36m(ClientAppActor pid=440494)[0m         
[36m(ClientAppActor pid=440478)[0m /home/bk489/federated_clean/cleanest_federated/fl-dermamnist-starter/metrics/evaluation.py:68: UserWarning: AUROC set to NaN because present classes are [0, 1, 6], expected [0, 1, 2, 3, 4, 5, 6][32m [repeated 9x across cluster][0m
[36m(ClientAppActor pid=440478)[0m   warnings.warn(f'AUROC set to NaN because present classes are {present_classes}, expected {labels}')[32m [repeated 9x across cluster][0m
[36m(ClientAppActor pid=440478)[0m /home/bk489/federated_clean/.venv/lib/python3.9/site-packages/sklearn/metrics/_classification.py:2524: UserWarning: y_pred contains classes not in y_true[32m [repeated 7x across cluster][0m
[36m(ClientAppActor pid=440478)[0m   warnings.warn("y_pred contains classes not in y_true")[32m [repeated 7x across cluster][0m
[36m(ClientAppActor pid=440494)[0m [93mWARNING [0m:   DEPRECATED FEATURE: `client_fn` now expects a signature `def client_fn(context: Context)`.The provided `client_fn` has signature: {'cid': <Parameter "cid: 'str'">}. You can import the `Context` like this: `from flwr.common import Context`[32m [repeated 15x across cluster][0m
[36m(ClientAppActor pid=440494)[0m             This is a deprecated feature. It will be removed[32m [repeated 15x across cluster][0m
[36m(ClientAppActor pid=440494)[0m             entirely in future versions of Flower.[32m [repeated 15x across cluster][0m
[36m(ClientAppActor pid=440492)[0m 
[36m(ClientAppActor pid=440492)[0m         
[36m(ClientAppActor pid=440497)[0m 
[36m(ClientAppActor pid=440497)[0m         
[36m(ClientAppActor pid=440469)[0m 
[36m(ClientAppActor pid=440469)[0m         
[36m(ClientAppActor pid=440479)[0m 
[36m(ClientAppActor pid=440479)[0m         
[36m(ClientAppActor pid=440499)[0m 
[36m(ClientAppActor pid=440499)[0m         
[36m(ClientAppActor pid=440493)[0m 
[36m(ClientAppActor pid=440493)[0m         
[36m(ClientAppActor pid=440496)[0m 
[36m(ClientAppActor pid=440496)[0m         
[36m(ClientAppActor pid=440470)[0m 
[36m(ClientAppActor pid=440470)[0m         
[36m(ClientAppActor pid=440478)[0m 
[36m(ClientAppActor pid=440478)[0m         
[92mINFO [0m:      aggregate_evaluate: received 10 results and 0 failures
[92mINFO [0m:      
[92mINFO [0m:      [ROUND 61]
[92mINFO [0m:      configure_fit: strategy sampled 5 clients (out of 10)
[36m(ClientAppActor pid=440499)[0m 
[36m(ClientAppActor pid=440499)[0m         
[36m(ClientAppActor pid=440493)[0m 
[36m(ClientAppActor pid=440493)[0m         
[36m(ClientAppActor pid=440496)[0m 
[36m(ClientAppActor pid=440496)[0m         
[36m(ClientAppActor pid=440470)[0m 
[36m(ClientAppActor pid=440470)[0m         
[36m(ClientAppActor pid=440478)[0m 
[36m(ClientAppActor pid=440478)[0m         
[92mINFO [0m:      aggregate_fit: received 5 results and 0 failures
[92mINFO [0m:      fit progress: (61, 1.3721173119806458, {'accuracy': 0.6929212362911267, 'balanced_accuracy': 0.29893057024204567, 'macro_f1': 0.2733381558029543, 'worst_class_f1': 0.0, 'worst_class_recall': 0.0, 'f1_actinic_keratoses_an': 0.0, 'recall_actinic_keratoses_an': 0.0, 'f1_basal_cell_carcinoma': 0.125, 'recall_basal_cell_carcinoma': 0.09615384615384616, 'f1_benign_keratosis-lik': 0.4928571428571429, 'recall_benign_keratosis-lik': 0.6272727272727273, 'f1_dermatofibroma': 0.0, 'recall_dermatofibroma': 0.0, 'f1_melanoma': 0.44528301886792454, 'recall_melanoma': 0.5315315315315315, 'f1_melanocytic_nevi': 0.8502269288956127, 'recall_melanocytic_nevi': 0.8375558867362146, 'f1_vascular_lesions': 0.0, 'recall_vascular_lesions': 0.0}, 465.24953592498787)
[92mINFO [0m:      configure_evaluate: strategy sampled 10 clients (out of 10)
[36m(ClientAppActor pid=440494)[0m 
[36m(ClientAppActor pid=440494)[0m         
[36m(ClientAppActor pid=440494)[0m /home/bk489/federated_clean/cleanest_federated/fl-dermamnist-starter/metrics/evaluation.py:68: UserWarning: AUROC set to NaN because present classes are [2, 4, 5], expected [0, 1, 2, 3, 4, 5, 6][32m [repeated 11x across cluster][0m
[36m(ClientAppActor pid=440494)[0m   warnings.warn(f'AUROC set to NaN because present classes are {present_classes}, expected {labels}')[32m [repeated 11x across cluster][0m
[36m(ClientAppActor pid=440494)[0m /home/bk489/federated_clean/.venv/lib/python3.9/site-packages/sklearn/metrics/_classification.py:2524: UserWarning: y_pred contains classes not in y_true[32m [repeated 8x across cluster][0m
[36m(ClientAppActor pid=440494)[0m   warnings.warn("y_pred contains classes not in y_true")[32m [repeated 8x across cluster][0m
[36m(ClientAppActor pid=440494)[0m [93mWARNING [0m:   DEPRECATED FEATURE: `client_fn` now expects a signature `def client_fn(context: Context)`.The provided `client_fn` has signature: {'cid': <Parameter "cid: 'str'">}. You can import the `Context` like this: `from flwr.common import Context`[32m [repeated 15x across cluster][0m
[36m(ClientAppActor pid=440494)[0m             This is a deprecated feature. It will be removed[32m [repeated 15x across cluster][0m
[36m(ClientAppActor pid=440494)[0m             entirely in future versions of Flower.[32m [repeated 15x across cluster][0m
[36m(ClientAppActor pid=440492)[0m 
[36m(ClientAppActor pid=440492)[0m         
[36m(ClientAppActor pid=440497)[0m 
[36m(ClientAppActor pid=440497)[0m         
[36m(ClientAppActor pid=440499)[0m 
[36m(ClientAppActor pid=440499)[0m         
[36m(ClientAppActor pid=440493)[0m 
[36m(ClientAppActor pid=440493)[0m         
[36m(ClientAppActor pid=440479)[0m 
[36m(ClientAppActor pid=440479)[0m         
[36m(ClientAppActor pid=440496)[0m 
[36m(ClientAppActor pid=440496)[0m         
[36m(ClientAppActor pid=440469)[0m 
[36m(ClientAppActor pid=440469)[0m         
[36m(ClientAppActor pid=440470)[0m 
[36m(ClientAppActor pid=440470)[0m         
[36m(ClientAppActor pid=440478)[0m 
[36m(ClientAppActor pid=440478)[0m         
[92mINFO [0m:      aggregate_evaluate: received 10 results and 0 failures
[92mINFO [0m:      
[92mINFO [0m:      [ROUND 62]
[92mINFO [0m:      configure_fit: strategy sampled 5 clients (out of 10)
[36m(ClientAppActor pid=440494)[0m 
[36m(ClientAppActor pid=440494)[0m         
[36m(ClientAppActor pid=440492)[0m 
[36m(ClientAppActor pid=440492)[0m         
[36m(ClientAppActor pid=440497)[0m 
[36m(ClientAppActor pid=440497)[0m         
[36m(ClientAppActor pid=440479)[0m 
[36m(ClientAppActor pid=440479)[0m         
[36m(ClientAppActor pid=440469)[0m 
[36m(ClientAppActor pid=440469)[0m         
[92mINFO [0m:      aggregate_fit: received 5 results and 0 failures
[92mINFO [0m:      fit progress: (62, 1.7863100166929327, {'accuracy': 0.7337986041874377, 'balanced_accuracy': 0.2821219985154412, 'macro_f1': 0.2621212063610339, 'worst_class_f1': 0.0, 'worst_class_recall': 0.0, 'f1_actinic_keratoses_an': 0.0, 'recall_actinic_keratoses_an': 0.0, 'f1_basal_cell_carcinoma': 0.0, 'recall_basal_cell_carcinoma': 0.0, 'f1_benign_keratosis-lik': 0.5358490566037736, 'recall_benign_keratosis-lik': 0.6454545454545455, 'f1_dermatofibroma': 0.0, 'recall_dermatofibroma': 0.0, 'f1_melanoma': 0.42452830188679247, 'recall_melanoma': 0.40540540540540543, 'f1_melanocytic_nevi': 0.8744710860366713, 'recall_melanocytic_nevi': 0.9239940387481371, 'f1_vascular_lesions': 0.0, 'recall_vascular_lesions': 0.0}, 477.72257340399665)
[92mINFO [0m:      configure_evaluate: strategy sampled 10 clients (out of 10)
[36m(ClientAppActor pid=440494)[0m 
[36m(ClientAppActor pid=440494)[0m         
[36m(ClientAppActor pid=440478)[0m /home/bk489/federated_clean/cleanest_federated/fl-dermamnist-starter/metrics/evaluation.py:68: UserWarning: AUROC set to NaN because present classes are [0, 6], expected [0, 1, 2, 3, 4, 5, 6][32m [repeated 9x across cluster][0m
[36m(ClientAppActor pid=440478)[0m   warnings.warn(f'AUROC set to NaN because present classes are {present_classes}, expected {labels}')[32m [repeated 9x across cluster][0m
[36m(ClientAppActor pid=440478)[0m /home/bk489/federated_clean/.venv/lib/python3.9/site-packages/sklearn/metrics/_classification.py:2524: UserWarning: y_pred contains classes not in y_true[32m [repeated 9x across cluster][0m
[36m(ClientAppActor pid=440478)[0m   warnings.warn("y_pred contains classes not in y_true")[32m [repeated 9x across cluster][0m
[36m(ClientAppActor pid=440494)[0m [93mWARNING [0m:   DEPRECATED FEATURE: `client_fn` now expects a signature `def client_fn(context: Context)`.The provided `client_fn` has signature: {'cid': <Parameter "cid: 'str'">}. You can import the `Context` like this: `from flwr.common import Context`[32m [repeated 15x across cluster][0m
[36m(ClientAppActor pid=440494)[0m             This is a deprecated feature. It will be removed[32m [repeated 15x across cluster][0m
[36m(ClientAppActor pid=440494)[0m             entirely in future versions of Flower.[32m [repeated 15x across cluster][0m
[36m(ClientAppActor pid=440492)[0m 
[36m(ClientAppActor pid=440492)[0m         
[36m(ClientAppActor pid=440469)[0m 
[36m(ClientAppActor pid=440469)[0m         
[36m(ClientAppActor pid=440497)[0m 
[36m(ClientAppActor pid=440497)[0m         
[36m(ClientAppActor pid=440479)[0m 
[36m(ClientAppActor pid=440479)[0m         
[36m(ClientAppActor pid=440470)[0m 
[36m(ClientAppActor pid=440470)[0m         
[92mINFO [0m:      aggregate_evaluate: received 10 results and 0 failures
[92mINFO [0m:      
[92mINFO [0m:      [ROUND 63]
[92mINFO [0m:      configure_fit: strategy sampled 5 clients (out of 10)
[36m(ClientAppActor pid=440493)[0m 
[36m(ClientAppActor pid=440493)[0m         
[36m(ClientAppActor pid=440493)[0m 
[36m(ClientAppActor pid=440493)[0m         
[36m(ClientAppActor pid=440479)[0m 
[36m(ClientAppActor pid=440479)[0m         
[36m(ClientAppActor pid=440496)[0m 
[36m(ClientAppActor pid=440496)[0m         
[36m(ClientAppActor pid=440496)[0m 
[36m(ClientAppActor pid=440496)[0m         
[36m(ClientAppActor pid=440478)[0m 
[36m(ClientAppActor pid=440478)[0m         
[36m(ClientAppActor pid=440478)[0m 
[36m(ClientAppActor pid=440478)[0m         
[36m(ClientAppActor pid=440499)[0m 
[36m(ClientAppActor pid=440499)[0m         
[36m(ClientAppActor pid=440499)[0m 
[36m(ClientAppActor pid=440499)[0m         
[92mINFO [0m:      aggregate_fit: received 5 results and 0 failures
[92mINFO [0m:      fit progress: (63, 1.654256050037601, {'accuracy': 0.7298105682951147, 'balanced_accuracy': 0.29306208486536356, 'macro_f1': 0.26739465376128024, 'worst_class_f1': 0.0, 'worst_class_recall': 0.0, 'f1_actinic_keratoses_an': 0.0, 'recall_actinic_keratoses_an': 0.0, 'f1_basal_cell_carcinoma': 0.0, 'recall_basal_cell_carcinoma': 0.0, 'f1_benign_keratosis-lik': 0.5036496350364964, 'recall_benign_keratosis-lik': 0.6272727272727273, 'f1_dermatofibroma': 0.0, 'recall_dermatofibroma': 0.0, 'f1_melanoma': 0.49572649572649574, 'recall_melanoma': 0.5225225225225225, 'f1_melanocytic_nevi': 0.8723864455659697, 'recall_melanocytic_nevi': 0.9016393442622951, 'f1_vascular_lesions': 0.0, 'recall_vascular_lesions': 0.0}, 488.3262632660044)
[92mINFO [0m:      configure_evaluate: strategy sampled 10 clients (out of 10)
[92mINFO [0m:      aggregate_evaluate: received 10 results and 0 failures
[92mINFO [0m:      
[92mINFO [0m:      [ROUND 64]
[92mINFO [0m:      configure_fit: strategy sampled 5 clients (out of 10)
[36m(ClientAppActor pid=440494)[0m 
[36m(ClientAppActor pid=440494)[0m         
[36m(ClientAppActor pid=440494)[0m 
[36m(ClientAppActor pid=440494)[0m         
[36m(ClientAppActor pid=440494)[0m /home/bk489/federated_clean/cleanest_federated/fl-dermamnist-starter/metrics/evaluation.py:68: UserWarning: AUROC set to NaN because present classes are [2, 4, 5], expected [0, 1, 2, 3, 4, 5, 6][32m [repeated 11x across cluster][0m
[36m(ClientAppActor pid=440494)[0m   warnings.warn(f'AUROC set to NaN because present classes are {present_classes}, expected {labels}')[32m [repeated 11x across cluster][0m
[36m(ClientAppActor pid=440470)[0m /home/bk489/federated_clean/.venv/lib/python3.9/site-packages/sklearn/metrics/_classification.py:2524: UserWarning: y_pred contains classes not in y_true[32m [repeated 7x across cluster][0m
[36m(ClientAppActor pid=440470)[0m   warnings.warn("y_pred contains classes not in y_true")[32m [repeated 7x across cluster][0m
[36m(ClientAppActor pid=440494)[0m [93mWARNING [0m:   DEPRECATED FEATURE: `client_fn` now expects a signature `def client_fn(context: Context)`.The provided `client_fn` has signature: {'cid': <Parameter "cid: 'str'">}. You can import the `Context` like this: `from flwr.common import Context`[32m [repeated 16x across cluster][0m
[36m(ClientAppActor pid=440494)[0m             This is a deprecated feature. It will be removed[32m [repeated 16x across cluster][0m
[36m(ClientAppActor pid=440494)[0m             entirely in future versions of Flower.[32m [repeated 16x across cluster][0m
[36m(ClientAppActor pid=440492)[0m 
[36m(ClientAppActor pid=440492)[0m         
[36m(ClientAppActor pid=440492)[0m 
[36m(ClientAppActor pid=440492)[0m         
[36m(ClientAppActor pid=440497)[0m 
[36m(ClientAppActor pid=440497)[0m         
[36m(ClientAppActor pid=440499)[0m 
[36m(ClientAppActor pid=440499)[0m         
[36m(ClientAppActor pid=440493)[0m 
[36m(ClientAppActor pid=440493)[0m         
[36m(ClientAppActor pid=440479)[0m 
[36m(ClientAppActor pid=440479)[0m         
[36m(ClientAppActor pid=440479)[0m 
[36m(ClientAppActor pid=440479)[0m         
[36m(ClientAppActor pid=440496)[0m 
[36m(ClientAppActor pid=440496)[0m         
[36m(ClientAppActor pid=440469)[0m 
[36m(ClientAppActor pid=440469)[0m         
[36m(ClientAppActor pid=440469)[0m 
[36m(ClientAppActor pid=440469)[0m         
[36m(ClientAppActor pid=440470)[0m 
[36m(ClientAppActor pid=440470)[0m         
[36m(ClientAppActor pid=440470)[0m 
[36m(ClientAppActor pid=440470)[0m         
[36m(ClientAppActor pid=440478)[0m 
[36m(ClientAppActor pid=440478)[0m         
[92mINFO [0m:      aggregate_fit: received 5 results and 0 failures
[92mINFO [0m:      fit progress: (64, 1.577582271244091, {'accuracy': 0.7238285144566301, 'balanced_accuracy': 0.28633227649621096, 'macro_f1': 0.2633175663530921, 'worst_class_f1': 0.0, 'worst_class_recall': 0.0, 'f1_actinic_keratoses_an': 0.0, 'recall_actinic_keratoses_an': 0.0, 'f1_basal_cell_carcinoma': 0.0, 'recall_basal_cell_carcinoma': 0.0, 'f1_benign_keratosis-lik': 0.49206349206349204, 'recall_benign_keratosis-lik': 0.5636363636363636, 'f1_dermatofibroma': 0.0, 'recall_dermatofibroma': 0.0, 'f1_melanoma': 0.48582995951417, 'recall_melanoma': 0.5405405405405406, 'f1_melanocytic_nevi': 0.8653295128939829, 'recall_melanocytic_nevi': 0.9001490312965723, 'f1_vascular_lesions': 0.0, 'recall_vascular_lesions': 0.0}, 496.18835868200404)
[92mINFO [0m:      configure_evaluate: strategy sampled 10 clients (out of 10)
[92mINFO [0m:      aggregate_evaluate: received 10 results and 0 failures
[92mINFO [0m:      
[92mINFO [0m:      [ROUND 65]
[92mINFO [0m:      configure_fit: strategy sampled 5 clients (out of 10)
[36m(ClientAppActor pid=440494)[0m 
[36m(ClientAppActor pid=440494)[0m         
[36m(ClientAppActor pid=440494)[0m /home/bk489/federated_clean/cleanest_federated/fl-dermamnist-starter/metrics/evaluation.py:68: UserWarning: AUROC set to NaN because present classes are [1, 6], expected [0, 1, 2, 3, 4, 5, 6][32m [repeated 10x across cluster][0m
[36m(ClientAppActor pid=440494)[0m   warnings.warn(f'AUROC set to NaN because present classes are {present_classes}, expected {labels}')[32m [repeated 10x across cluster][0m
[36m(ClientAppActor pid=440494)[0m /home/bk489/federated_clean/.venv/lib/python3.9/site-packages/sklearn/metrics/_classification.py:2524: UserWarning: y_pred contains classes not in y_true[32m [repeated 8x across cluster][0m
[36m(ClientAppActor pid=440494)[0m   warnings.warn("y_pred contains classes not in y_true")[32m [repeated 8x across cluster][0m
[36m(ClientAppActor pid=440494)[0m [93mWARNING [0m:   DEPRECATED FEATURE: `client_fn` now expects a signature `def client_fn(context: Context)`.The provided `client_fn` has signature: {'cid': <Parameter "cid: 'str'">}. You can import the `Context` like this: `from flwr.common import Context`[32m [repeated 14x across cluster][0m
[36m(ClientAppActor pid=440494)[0m             This is a deprecated feature. It will be removed[32m [repeated 14x across cluster][0m
[36m(ClientAppActor pid=440494)[0m             entirely in future versions of Flower.[32m [repeated 14x across cluster][0m
[36m(ClientAppActor pid=440492)[0m 
[36m(ClientAppActor pid=440492)[0m         
[36m(ClientAppActor pid=440497)[0m 
[36m(ClientAppActor pid=440497)[0m         
[36m(ClientAppActor pid=440497)[0m 
[36m(ClientAppActor pid=440497)[0m         
[36m(ClientAppActor pid=440499)[0m 
[36m(ClientAppActor pid=440499)[0m         
[36m(ClientAppActor pid=440499)[0m 
[36m(ClientAppActor pid=440499)[0m         
[36m(ClientAppActor pid=440493)[0m 
[36m(ClientAppActor pid=440493)[0m         
[36m(ClientAppActor pid=440493)[0m 
[36m(ClientAppActor pid=440493)[0m         
[36m(ClientAppActor pid=440479)[0m 
[36m(ClientAppActor pid=440479)[0m         
[36m(ClientAppActor pid=440479)[0m 
[36m(ClientAppActor pid=440479)[0m         
[36m(ClientAppActor pid=440496)[0m 
[36m(ClientAppActor pid=440496)[0m         
[36m(ClientAppActor pid=440469)[0m 
[36m(ClientAppActor pid=440469)[0m         
[36m(ClientAppActor pid=440470)[0m 
[36m(ClientAppActor pid=440470)[0m         
[36m(ClientAppActor pid=440478)[0m 
[36m(ClientAppActor pid=440478)[0m         
[36m(ClientAppActor pid=440478)[0m 
[36m(ClientAppActor pid=440478)[0m         
[92mINFO [0m:      aggregate_fit: received 5 results and 0 failures
[92mINFO [0m:      fit progress: (65, 1.3191918018213655, {'accuracy': 0.7208374875373879, 'balanced_accuracy': 0.2899266735332309, 'macro_f1': 0.26846609476179056, 'worst_class_f1': 0.0, 'worst_class_recall': 0.0, 'f1_actinic_keratoses_an': 0.058823529411764705, 'recall_actinic_keratoses_an': 0.030303030303030304, 'f1_basal_cell_carcinoma': 0.0, 'recall_basal_cell_carcinoma': 0.0, 'f1_benign_keratosis-lik': 0.508833922261484, 'recall_benign_keratosis-lik': 0.6545454545454545, 'f1_dermatofibroma': 0.0, 'recall_dermatofibroma': 0.0, 'f1_melanoma': 0.44642857142857145, 'recall_melanoma': 0.45045045045045046, 'f1_melanocytic_nevi': 0.8651766402307137, 'recall_melanocytic_nevi': 0.8941877794336811, 'f1_vascular_lesions': 0.0, 'recall_vascular_lesions': 0.0}, 506.7367839810031)
[92mINFO [0m:      configure_evaluate: strategy sampled 10 clients (out of 10)
[92mINFO [0m:      aggregate_evaluate: received 10 results and 0 failures
[92mINFO [0m:      
[92mINFO [0m:      [ROUND 66]
[92mINFO [0m:      configure_fit: strategy sampled 5 clients (out of 10)
[36m(ClientAppActor pid=440494)[0m 
[36m(ClientAppActor pid=440494)[0m         
[36m(ClientAppActor pid=440494)[0m 
[36m(ClientAppActor pid=440494)[0m         
[36m(ClientAppActor pid=440494)[0m /home/bk489/federated_clean/cleanest_federated/fl-dermamnist-starter/metrics/evaluation.py:68: UserWarning: AUROC set to NaN because present classes are [0, 1, 3], expected [0, 1, 2, 3, 4, 5, 6][32m [repeated 10x across cluster][0m
[36m(ClientAppActor pid=440494)[0m   warnings.warn(f'AUROC set to NaN because present classes are {present_classes}, expected {labels}')[32m [repeated 10x across cluster][0m
[36m(ClientAppActor pid=440494)[0m /home/bk489/federated_clean/.venv/lib/python3.9/site-packages/sklearn/metrics/_classification.py:2524: UserWarning: y_pred contains classes not in y_true[32m [repeated 7x across cluster][0m
[36m(ClientAppActor pid=440494)[0m   warnings.warn("y_pred contains classes not in y_true")[32m [repeated 7x across cluster][0m
[36m(ClientAppActor pid=440494)[0m [93mWARNING [0m:   DEPRECATED FEATURE: `client_fn` now expects a signature `def client_fn(context: Context)`.The provided `client_fn` has signature: {'cid': <Parameter "cid: 'str'">}. You can import the `Context` like this: `from flwr.common import Context`[32m [repeated 16x across cluster][0m
[36m(ClientAppActor pid=440494)[0m             This is a deprecated feature. It will be removed[32m [repeated 16x across cluster][0m
[36m(ClientAppActor pid=440494)[0m             entirely in future versions of Flower.[32m [repeated 16x across cluster][0m
[36m(ClientAppActor pid=440492)[0m 
[36m(ClientAppActor pid=440492)[0m         
[36m(ClientAppActor pid=440492)[0m 
[36m(ClientAppActor pid=440492)[0m         
[36m(ClientAppActor pid=440497)[0m 
[36m(ClientAppActor pid=440497)[0m         
[36m(ClientAppActor pid=440499)[0m 
[36m(ClientAppActor pid=440499)[0m         
[36m(ClientAppActor pid=440499)[0m 
[36m(ClientAppActor pid=440499)[0m         
[36m(ClientAppActor pid=440493)[0m 
[36m(ClientAppActor pid=440493)[0m         
[36m(ClientAppActor pid=440479)[0m 
[36m(ClientAppActor pid=440479)[0m         
[36m(ClientAppActor pid=440496)[0m 
[36m(ClientAppActor pid=440496)[0m         
[36m(ClientAppActor pid=440496)[0m 
[36m(ClientAppActor pid=440496)[0m         
[36m(ClientAppActor pid=440469)[0m 
[36m(ClientAppActor pid=440469)[0m         
[36m(ClientAppActor pid=440469)[0m 
[36m(ClientAppActor pid=440469)[0m         
[36m(ClientAppActor pid=440470)[0m 
[36m(ClientAppActor pid=440470)[0m         
[36m(ClientAppActor pid=440478)[0m 
[36m(ClientAppActor pid=440478)[0m         
[92mINFO [0m:      aggregate_fit: received 5 results and 0 failures
[92mINFO [0m:      fit progress: (66, 1.8683637353263847, {'accuracy': 0.7298105682951147, 'balanced_accuracy': 0.28661748825683253, 'macro_f1': 0.26458138811079984, 'worst_class_f1': 0.0, 'worst_class_recall': 0.0, 'f1_actinic_keratoses_an': 0.0, 'recall_actinic_keratoses_an': 0.0, 'f1_basal_cell_carcinoma': 0.0, 'recall_basal_cell_carcinoma': 0.0, 'f1_benign_keratosis-lik': 0.5111111111111111, 'recall_benign_keratosis-lik': 0.6272727272727273, 'f1_dermatofibroma': 0.0, 'recall_dermatofibroma': 0.0, 'f1_melanoma': 0.47058823529411764, 'recall_melanoma': 0.46846846846846846, 'f1_melanocytic_nevi': 0.8703703703703703, 'recall_melanocytic_nevi': 0.910581222056632, 'f1_vascular_lesions': 0.0, 'recall_vascular_lesions': 0.0}, 514.8306221929961)
[92mINFO [0m:      configure_evaluate: strategy sampled 10 clients (out of 10)
[36m(ClientAppActor pid=440494)[0m 
[36m(ClientAppActor pid=440494)[0m         
[36m(ClientAppActor pid=440494)[0m /home/bk489/federated_clean/cleanest_federated/fl-dermamnist-starter/metrics/evaluation.py:68: UserWarning: AUROC set to NaN because present classes are [1, 6], expected [0, 1, 2, 3, 4, 5, 6][32m [repeated 10x across cluster][0m
[36m(ClientAppActor pid=440494)[0m   warnings.warn(f'AUROC set to NaN because present classes are {present_classes}, expected {labels}')[32m [repeated 10x across cluster][0m
[36m(ClientAppActor pid=440494)[0m /home/bk489/federated_clean/.venv/lib/python3.9/site-packages/sklearn/metrics/_classification.py:2524: UserWarning: y_pred contains classes not in y_true[32m [repeated 7x across cluster][0m
[36m(ClientAppActor pid=440494)[0m   warnings.warn("y_pred contains classes not in y_true")[32m [repeated 7x across cluster][0m
[36m(ClientAppActor pid=440494)[0m [93mWARNING [0m:   DEPRECATED FEATURE: `client_fn` now expects a signature `def client_fn(context: Context)`.The provided `client_fn` has signature: {'cid': <Parameter "cid: 'str'">}. You can import the `Context` like this: `from flwr.common import Context`[32m [repeated 14x across cluster][0m
[36m(ClientAppActor pid=440494)[0m             This is a deprecated feature. It will be removed[32m [repeated 14x across cluster][0m
[36m(ClientAppActor pid=440494)[0m             entirely in future versions of Flower.[32m [repeated 14x across cluster][0m
[36m(ClientAppActor pid=440492)[0m 
[36m(ClientAppActor pid=440492)[0m         
[36m(ClientAppActor pid=440497)[0m 
[36m(ClientAppActor pid=440497)[0m         
[36m(ClientAppActor pid=440499)[0m 
[36m(ClientAppActor pid=440499)[0m         
[36m(ClientAppActor pid=440493)[0m 
[36m(ClientAppActor pid=440493)[0m         
[36m(ClientAppActor pid=440479)[0m 
[36m(ClientAppActor pid=440479)[0m         
[36m(ClientAppActor pid=440496)[0m 
[36m(ClientAppActor pid=440496)[0m         
[36m(ClientAppActor pid=440469)[0m 
[36m(ClientAppActor pid=440469)[0m         
[36m(ClientAppActor pid=440470)[0m 
[36m(ClientAppActor pid=440470)[0m         
[36m(ClientAppActor pid=440478)[0m 
[36m(ClientAppActor pid=440478)[0m         
[92mINFO [0m:      aggregate_evaluate: received 10 results and 0 failures
[92mINFO [0m:      
[92mINFO [0m:      [ROUND 67]
[92mINFO [0m:      configure_fit: strategy sampled 5 clients (out of 10)
[36m(ClientAppActor pid=440497)[0m 
[36m(ClientAppActor pid=440497)[0m         
[36m(ClientAppActor pid=440493)[0m 
[36m(ClientAppActor pid=440493)[0m         
[36m(ClientAppActor pid=440479)[0m 
[36m(ClientAppActor pid=440479)[0m         
[36m(ClientAppActor pid=440470)[0m 
[36m(ClientAppActor pid=440470)[0m         
[36m(ClientAppActor pid=440478)[0m 
[36m(ClientAppActor pid=440478)[0m         
[92mINFO [0m:      aggregate_fit: received 5 results and 0 failures
[92mINFO [0m:      fit progress: (67, 12.090309297099546, {'accuracy': 0.06181455633100698, 'balanced_accuracy': 0.24647971076542508, 'macro_f1': 0.03659182492734262, 'worst_class_f1': 0.0, 'worst_class_recall': 0.0, 'f1_actinic_keratoses_an': 0.05714285714285714, 'recall_actinic_keratoses_an': 0.030303030303030304, 'f1_basal_cell_carcinoma': 0.13783783783783785, 'recall_basal_cell_carcinoma': 0.9807692307692307, 'f1_benign_keratosis-lik': 0.0, 'recall_benign_keratosis-lik': 0.0, 'f1_dermatofibroma': 0.0, 'recall_dermatofibroma': 0.0, 'f1_melanoma': 0.0, 'recall_melanoma': 0.0, 'f1_melanocytic_nevi': 0.0, 'recall_melanocytic_nevi': 0.0, 'f1_vascular_lesions': 0.06116207951070336, 'recall_vascular_lesions': 0.7142857142857143}, 516.425879057002)
[92mINFO [0m:      configure_evaluate: strategy sampled 10 clients (out of 10)
[36m(ClientAppActor pid=440497)[0m 
[36m(ClientAppActor pid=440497)[0m         
[36m(ClientAppActor pid=440493)[0m 
[36m(ClientAppActor pid=440493)[0m         
[36m(ClientAppActor pid=440479)[0m 
[36m(ClientAppActor pid=440479)[0m         
[36m(ClientAppActor pid=440496)[0m 
[36m(ClientAppActor pid=440496)[0m         
[36m(ClientAppActor pid=440469)[0m 
[36m(ClientAppActor pid=440469)[0m         
[36m(ClientAppActor pid=440470)[0m 
[36m(ClientAppActor pid=440470)[0m         
[36m(ClientAppActor pid=440478)[0m 
[36m(ClientAppActor pid=440478)[0m         
[36m(ClientAppActor pid=440499)[0m 
[36m(ClientAppActor pid=440499)[0m         
[36m(ClientAppActor pid=440492)[0m 
[36m(ClientAppActor pid=440492)[0m         
[36m(ClientAppActor pid=440494)[0m 
[36m(ClientAppActor pid=440494)[0m         
[92mINFO [0m:      aggregate_evaluate: received 10 results and 0 failures
[92mINFO [0m:      
[92mINFO [0m:      [ROUND 68]
[92mINFO [0m:      configure_fit: strategy sampled 5 clients (out of 10)
[36m(ClientAppActor pid=440494)[0m 
[36m(ClientAppActor pid=440494)[0m         
[36m(ClientAppActor pid=440492)[0m 
[36m(ClientAppActor pid=440492)[0m         
[36m(ClientAppActor pid=440499)[0m 
[36m(ClientAppActor pid=440499)[0m         
[36m(ClientAppActor pid=440496)[0m 
[36m(ClientAppActor pid=440496)[0m         
[36m(ClientAppActor pid=440469)[0m 
[36m(ClientAppActor pid=440469)[0m         
[92mINFO [0m:      aggregate_fit: received 5 results and 0 failures
[92mINFO [0m:      fit progress: (68, 1.5807761544601273, {'accuracy': 0.7387836490528414, 'balanced_accuracy': 0.2711959138188646, 'macro_f1': 0.26414292846864657, 'worst_class_f1': 0.0, 'worst_class_recall': 0.0, 'f1_actinic_keratoses_an': 0.0, 'recall_actinic_keratoses_an': 0.0, 'f1_basal_cell_carcinoma': 0.0, 'recall_basal_cell_carcinoma': 0.0, 'f1_benign_keratosis-lik': 0.5067873303167421, 'recall_benign_keratosis-lik': 0.509090909090909, 'f1_dermatofibroma': 0.0, 'recall_dermatofibroma': 0.0, 'f1_melanoma': 0.47572815533980584, 'recall_melanoma': 0.44144144144144143, 'f1_melanocytic_nevi': 0.8664850136239782, 'recall_melanocytic_nevi': 0.9478390461997019, 'f1_vascular_lesions': 0.0, 'recall_vascular_lesions': 0.0}, 523.5336317929905)
[92mINFO [0m:      configure_evaluate: strategy sampled 10 clients (out of 10)
[36m(ClientAppActor pid=440492)[0m 
[36m(ClientAppActor pid=440492)[0m         
[36m(ClientAppActor pid=440469)[0m /home/bk489/federated_clean/cleanest_federated/fl-dermamnist-starter/metrics/evaluation.py:68: UserWarning: AUROC set to NaN because present classes are [2, 4, 5], expected [0, 1, 2, 3, 4, 5, 6][32m [repeated 19x across cluster][0m
[36m(ClientAppActor pid=440469)[0m   warnings.warn(f'AUROC set to NaN because present classes are {present_classes}, expected {labels}')[32m [repeated 19x across cluster][0m
[36m(ClientAppActor pid=440469)[0m /home/bk489/federated_clean/.venv/lib/python3.9/site-packages/sklearn/metrics/_classification.py:2524: UserWarning: y_pred contains classes not in y_true[32m [repeated 12x across cluster][0m
[36m(ClientAppActor pid=440469)[0m   warnings.warn("y_pred contains classes not in y_true")[32m [repeated 12x across cluster][0m
[36m(ClientAppActor pid=440492)[0m [93mWARNING [0m:   DEPRECATED FEATURE: `client_fn` now expects a signature `def client_fn(context: Context)`.The provided `client_fn` has signature: {'cid': <Parameter "cid: 'str'">}. You can import the `Context` like this: `from flwr.common import Context`[32m [repeated 30x across cluster][0m
[36m(ClientAppActor pid=440492)[0m             This is a deprecated feature. It will be removed[32m [repeated 30x across cluster][0m
[36m(ClientAppActor pid=440492)[0m             entirely in future versions of Flower.[32m [repeated 30x across cluster][0m
[36m(ClientAppActor pid=440499)[0m 
[36m(ClientAppActor pid=440499)[0m         
[36m(ClientAppActor pid=440496)[0m 
[36m(ClientAppActor pid=440496)[0m         
[92mINFO [0m:      aggregate_evaluate: received 10 results and 0 failures
[92mINFO [0m:      
[92mINFO [0m:      [ROUND 69]
[92mINFO [0m:      configure_fit: strategy sampled 5 clients (out of 10)
[36m(ClientAppActor pid=440494)[0m 
[36m(ClientAppActor pid=440494)[0m         
[36m(ClientAppActor pid=440497)[0m 
[36m(ClientAppActor pid=440497)[0m         
[36m(ClientAppActor pid=440497)[0m 
[36m(ClientAppActor pid=440497)[0m         
[36m(ClientAppActor pid=440493)[0m 
[36m(ClientAppActor pid=440493)[0m         
[36m(ClientAppActor pid=440493)[0m 
[36m(ClientAppActor pid=440493)[0m         
[36m(ClientAppActor pid=440479)[0m 
[36m(ClientAppActor pid=440479)[0m         
[36m(ClientAppActor pid=440479)[0m 
[36m(ClientAppActor pid=440479)[0m         
[36m(ClientAppActor pid=440469)[0m 
[36m(ClientAppActor pid=440469)[0m         
[36m(ClientAppActor pid=440470)[0m 
[36m(ClientAppActor pid=440470)[0m         
[36m(ClientAppActor pid=440470)[0m 
[36m(ClientAppActor pid=440470)[0m         
[36m(ClientAppActor pid=440478)[0m 
[36m(ClientAppActor pid=440478)[0m         
[36m(ClientAppActor pid=440478)[0m 
[36m(ClientAppActor pid=440478)[0m         
[92mINFO [0m:      aggregate_fit: received 5 results and 0 failures
[92mINFO [0m:      fit progress: (69, 6.904963093051169, {'accuracy': 0.0518444666001994, 'balanced_accuracy': 0.14285714285714285, 'macro_f1': 0.014082599864590387, 'worst_class_f1': 0.0, 'worst_class_recall': 0.0, 'f1_actinic_keratoses_an': 0.0, 'recall_actinic_keratoses_an': 0.0, 'f1_basal_cell_carcinoma': 0.0985781990521327, 'recall_basal_cell_carcinoma': 1.0, 'f1_benign_keratosis-lik': 0.0, 'recall_benign_keratosis-lik': 0.0, 'f1_dermatofibroma': 0.0, 'recall_dermatofibroma': 0.0, 'f1_melanoma': 0.0, 'recall_melanoma': 0.0, 'f1_melanocytic_nevi': 0.0, 'recall_melanocytic_nevi': 0.0, 'f1_vascular_lesions': 0.0, 'recall_vascular_lesions': 0.0}, 525.9524217860017)
[92mINFO [0m:      configure_evaluate: strategy sampled 10 clients (out of 10)
[36m(ClientAppActor pid=440494)[0m 
[36m(ClientAppActor pid=440494)[0m         
[36m(ClientAppActor pid=440492)[0m 
[36m(ClientAppActor pid=440492)[0m         
[36m(ClientAppActor pid=440497)[0m 
[36m(ClientAppActor pid=440497)[0m         
[36m(ClientAppActor pid=440499)[0m 
[36m(ClientAppActor pid=440499)[0m         
[36m(ClientAppActor pid=440493)[0m 
[36m(ClientAppActor pid=440493)[0m         
[36m(ClientAppActor pid=440479)[0m 
[36m(ClientAppActor pid=440479)[0m         
[36m(ClientAppActor pid=440496)[0m 
[36m(ClientAppActor pid=440496)[0m         
[36m(ClientAppActor pid=440469)[0m 
[36m(ClientAppActor pid=440469)[0m         
[36m(ClientAppActor pid=440470)[0m 
[36m(ClientAppActor pid=440470)[0m         
[36m(ClientAppActor pid=440478)[0m 
[36m(ClientAppActor pid=440478)[0m         
[92mINFO [0m:      aggregate_evaluate: received 10 results and 0 failures
[92mINFO [0m:      
[92mINFO [0m:      [ROUND 70]
[92mINFO [0m:      configure_fit: strategy sampled 5 clients (out of 10)
[36m(ClientAppActor pid=440494)[0m 
[36m(ClientAppActor pid=440494)[0m         
[36m(ClientAppActor pid=440492)[0m 
[36m(ClientAppActor pid=440492)[0m         
[36m(ClientAppActor pid=440499)[0m 
[36m(ClientAppActor pid=440499)[0m         
[36m(ClientAppActor pid=440496)[0m 
[36m(ClientAppActor pid=440496)[0m         
[36m(ClientAppActor pid=440469)[0m 
[36m(ClientAppActor pid=440469)[0m         
[92mINFO [0m:      aggregate_fit: received 5 results and 0 failures
[92mINFO [0m:      fit progress: (70, 1.4942127882186342, {'accuracy': 0.7318045862412762, 'balanced_accuracy': 0.2686783014651867, 'macro_f1': 0.2572071020422685, 'worst_class_f1': 0.0, 'worst_class_recall': 0.0, 'f1_actinic_keratoses_an': 0.0, 'recall_actinic_keratoses_an': 0.0, 'f1_basal_cell_carcinoma': 0.0, 'recall_basal_cell_carcinoma': 0.0, 'f1_benign_keratosis-lik': 0.5150214592274678, 'recall_benign_keratosis-lik': 0.5454545454545454, 'f1_dermatofibroma': 0.0, 'recall_dermatofibroma': 0.0, 'f1_melanoma': 0.41706161137440756, 'recall_melanoma': 0.3963963963963964, 'f1_melanocytic_nevi': 0.8683666436940042, 'recall_melanocytic_nevi': 0.9388971684053651, 'f1_vascular_lesions': 0.0, 'recall_vascular_lesions': 0.0}, 533.3400409729802)
[92mINFO [0m:      configure_evaluate: strategy sampled 10 clients (out of 10)
[36m(ClientAppActor pid=440494)[0m 
[36m(ClientAppActor pid=440494)[0m         
[36m(ClientAppActor pid=440494)[0m /home/bk489/federated_clean/cleanest_federated/fl-dermamnist-starter/metrics/evaluation.py:68: UserWarning: AUROC set to NaN because present classes are [2, 4, 5], expected [0, 1, 2, 3, 4, 5, 6][32m [repeated 21x across cluster][0m
[36m(ClientAppActor pid=440494)[0m   warnings.warn(f'AUROC set to NaN because present classes are {present_classes}, expected {labels}')[32m [repeated 21x across cluster][0m
[36m(ClientAppActor pid=440499)[0m /home/bk489/federated_clean/.venv/lib/python3.9/site-packages/sklearn/metrics/_classification.py:2524: UserWarning: y_pred contains classes not in y_true[32m [repeated 11x across cluster][0m
[36m(ClientAppActor pid=440499)[0m   warnings.warn("y_pred contains classes not in y_true")[32m [repeated 11x across cluster][0m
[36m(ClientAppActor pid=440494)[0m [93mWARNING [0m:   DEPRECATED FEATURE: `client_fn` now expects a signature `def client_fn(context: Context)`.The provided `client_fn` has signature: {'cid': <Parameter "cid: 'str'">}. You can import the `Context` like this: `from flwr.common import Context`[32m [repeated 30x across cluster][0m
[36m(ClientAppActor pid=440494)[0m             This is a deprecated feature. It will be removed[32m [repeated 30x across cluster][0m
[36m(ClientAppActor pid=440494)[0m             entirely in future versions of Flower.[32m [repeated 30x across cluster][0m
[36m(ClientAppActor pid=440492)[0m 
[36m(ClientAppActor pid=440492)[0m         
[36m(ClientAppActor pid=440497)[0m 
[36m(ClientAppActor pid=440497)[0m         
[36m(ClientAppActor pid=440499)[0m 
[36m(ClientAppActor pid=440499)[0m         
[36m(ClientAppActor pid=440493)[0m 
[36m(ClientAppActor pid=440493)[0m         
[36m(ClientAppActor pid=440479)[0m 
[36m(ClientAppActor pid=440479)[0m         
[36m(ClientAppActor pid=440496)[0m 
[36m(ClientAppActor pid=440496)[0m         
[36m(ClientAppActor pid=440469)[0m 
[36m(ClientAppActor pid=440469)[0m         
[36m(ClientAppActor pid=440478)[0m 
[36m(ClientAppActor pid=440478)[0m         
[36m(ClientAppActor pid=440470)[0m 
[36m(ClientAppActor pid=440470)[0m         
[92mINFO [0m:      aggregate_evaluate: received 10 results and 0 failures
[92mINFO [0m:      
[92mINFO [0m:      [ROUND 71]
[92mINFO [0m:      configure_fit: strategy sampled 5 clients (out of 10)
[36m(ClientAppActor pid=440497)[0m 
[36m(ClientAppActor pid=440497)[0m         
[36m(ClientAppActor pid=440493)[0m 
[36m(ClientAppActor pid=440493)[0m         
[36m(ClientAppActor pid=440479)[0m 
[36m(ClientAppActor pid=440479)[0m         
[36m(ClientAppActor pid=440470)[0m 
[36m(ClientAppActor pid=440470)[0m         
[36m(ClientAppActor pid=440478)[0m 
[36m(ClientAppActor pid=440478)[0m         
[92mINFO [0m:      aggregate_fit: received 5 results and 0 failures
[92mINFO [0m:      fit progress: (71, 1.3911324155889266, {'accuracy': 0.7318045862412762, 'balanced_accuracy': 0.27303319926270747, 'macro_f1': 0.25886750709340106, 'worst_class_f1': 0.0, 'worst_class_recall': 0.0, 'f1_actinic_keratoses_an': 0.0, 'recall_actinic_keratoses_an': 0.0, 'f1_basal_cell_carcinoma': 0.0, 'recall_basal_cell_carcinoma': 0.0, 'f1_benign_keratosis-lik': 0.5138339920948617, 'recall_benign_keratosis-lik': 0.5909090909090909, 'f1_dermatofibroma': 0.0, 'recall_dermatofibroma': 0.0, 'f1_melanoma': 0.43, 'recall_melanoma': 0.38738738738738737, 'f1_melanocytic_nevi': 0.8682385575589459, 'recall_melanocytic_nevi': 0.9329359165424739, 'f1_vascular_lesions': 0.0, 'recall_vascular_lesions': 0.0}, 540.5436607390002)
[92mINFO [0m:      configure_evaluate: strategy sampled 10 clients (out of 10)
[92mINFO [0m:      aggregate_evaluate: received 10 results and 0 failures
[92mINFO [0m:      
[92mINFO [0m:      [ROUND 72]
[92mINFO [0m:      configure_fit: strategy sampled 5 clients (out of 10)
[36m(ClientAppActor pid=440494)[0m 
[36m(ClientAppActor pid=440494)[0m         
[36m(ClientAppActor pid=440494)[0m 
[36m(ClientAppActor pid=440494)[0m         
[36m(ClientAppActor pid=440494)[0m /home/bk489/federated_clean/cleanest_federated/fl-dermamnist-starter/metrics/evaluation.py:68: UserWarning: AUROC set to NaN because present classes are [0, 1, 3], expected [0, 1, 2, 3, 4, 5, 6][32m [repeated 10x across cluster][0m
[36m(ClientAppActor pid=440494)[0m   warnings.warn(f'AUROC set to NaN because present classes are {present_classes}, expected {labels}')[32m [repeated 10x across cluster][0m
[36m(ClientAppActor pid=440494)[0m /home/bk489/federated_clean/.venv/lib/python3.9/site-packages/sklearn/metrics/_classification.py:2524: UserWarning: y_pred contains classes not in y_true[32m [repeated 8x across cluster][0m
[36m(ClientAppActor pid=440494)[0m   warnings.warn("y_pred contains classes not in y_true")[32m [repeated 8x across cluster][0m
[36m(ClientAppActor pid=440494)[0m [93mWARNING [0m:   DEPRECATED FEATURE: `client_fn` now expects a signature `def client_fn(context: Context)`.The provided `client_fn` has signature: {'cid': <Parameter "cid: 'str'">}. You can import the `Context` like this: `from flwr.common import Context`[32m [repeated 16x across cluster][0m
[36m(ClientAppActor pid=440494)[0m             This is a deprecated feature. It will be removed[32m [repeated 16x across cluster][0m
[36m(ClientAppActor pid=440494)[0m             entirely in future versions of Flower.[32m [repeated 16x across cluster][0m
[36m(ClientAppActor pid=440492)[0m 
[36m(ClientAppActor pid=440492)[0m         
[36m(ClientAppActor pid=440492)[0m 
[36m(ClientAppActor pid=440492)[0m         
[36m(ClientAppActor pid=440497)[0m 
[36m(ClientAppActor pid=440497)[0m         
[36m(ClientAppActor pid=440499)[0m 
[36m(ClientAppActor pid=440499)[0m         
[36m(ClientAppActor pid=440493)[0m 
[36m(ClientAppActor pid=440493)[0m         
[36m(ClientAppActor pid=440479)[0m 
[36m(ClientAppActor pid=440479)[0m         
[36m(ClientAppActor pid=440496)[0m 
[36m(ClientAppActor pid=440496)[0m         
[36m(ClientAppActor pid=440496)[0m 
[36m(ClientAppActor pid=440496)[0m         
[36m(ClientAppActor pid=440469)[0m 
[36m(ClientAppActor pid=440469)[0m         
[36m(ClientAppActor pid=440469)[0m 
[36m(ClientAppActor pid=440469)[0m         
[36m(ClientAppActor pid=440470)[0m 
[36m(ClientAppActor pid=440470)[0m         
[36m(ClientAppActor pid=440470)[0m 
[36m(ClientAppActor pid=440470)[0m         
[36m(ClientAppActor pid=440478)[0m 
[36m(ClientAppActor pid=440478)[0m         
[92mINFO [0m:      aggregate_fit: received 5 results and 0 failures
[92mINFO [0m:      fit progress: (72, 1.3605220595955967, {'accuracy': 0.7238285144566301, 'balanced_accuracy': 0.2691934855869282, 'macro_f1': 0.2523785945801685, 'worst_class_f1': 0.0, 'worst_class_recall': 0.0, 'f1_actinic_keratoses_an': 0.0, 'recall_actinic_keratoses_an': 0.0, 'f1_basal_cell_carcinoma': 0.0, 'recall_basal_cell_carcinoma': 0.0, 'f1_benign_keratosis-lik': 0.4981132075471698, 'recall_benign_keratosis-lik': 0.6, 'f1_dermatofibroma': 0.0, 'recall_dermatofibroma': 0.0, 'f1_melanoma': 0.4020100502512563, 'recall_melanoma': 0.36036036036036034, 'f1_melanocytic_nevi': 0.8665269042627534, 'recall_melanocytic_nevi': 0.9239940387481371, 'f1_vascular_lesions': 0.0, 'recall_vascular_lesions': 0.0}, 547.7289163469977)
[92mINFO [0m:      configure_evaluate: strategy sampled 10 clients (out of 10)
[36m(ClientAppActor pid=440494)[0m 
[36m(ClientAppActor pid=440494)[0m         
[36m(ClientAppActor pid=440494)[0m /home/bk489/federated_clean/cleanest_federated/fl-dermamnist-starter/metrics/evaluation.py:68: UserWarning: AUROC set to NaN because present classes are [0, 1], expected [0, 1, 2, 3, 4, 5, 6][32m [repeated 10x across cluster][0m
[36m(ClientAppActor pid=440494)[0m   warnings.warn(f'AUROC set to NaN because present classes are {present_classes}, expected {labels}')[32m [repeated 10x across cluster][0m
[36m(ClientAppActor pid=440494)[0m /home/bk489/federated_clean/.venv/lib/python3.9/site-packages/sklearn/metrics/_classification.py:2524: UserWarning: y_pred contains classes not in y_true[32m [repeated 7x across cluster][0m
[36m(ClientAppActor pid=440494)[0m   warnings.warn("y_pred contains classes not in y_true")[32m [repeated 7x across cluster][0m
[36m(ClientAppActor pid=440494)[0m [93mWARNING [0m:   DEPRECATED FEATURE: `client_fn` now expects a signature `def client_fn(context: Context)`.The provided `client_fn` has signature: {'cid': <Parameter "cid: 'str'">}. You can import the `Context` like this: `from flwr.common import Context`[32m [repeated 14x across cluster][0m
[36m(ClientAppActor pid=440494)[0m             This is a deprecated feature. It will be removed[32m [repeated 14x across cluster][0m
[36m(ClientAppActor pid=440494)[0m             entirely in future versions of Flower.[32m [repeated 14x across cluster][0m
[36m(ClientAppActor pid=440492)[0m 
[36m(ClientAppActor pid=440492)[0m         
[36m(ClientAppActor pid=440497)[0m 
[36m(ClientAppActor pid=440497)[0m         
[36m(ClientAppActor pid=440499)[0m 
[36m(ClientAppActor pid=440499)[0m         
[36m(ClientAppActor pid=440493)[0m 
[36m(ClientAppActor pid=440493)[0m         
[36m(ClientAppActor pid=440479)[0m 
[36m(ClientAppActor pid=440479)[0m         
[36m(ClientAppActor pid=440496)[0m 
[36m(ClientAppActor pid=440496)[0m         
[36m(ClientAppActor pid=440469)[0m 
[36m(ClientAppActor pid=440469)[0m         
[36m(ClientAppActor pid=440470)[0m 
[36m(ClientAppActor pid=440470)[0m         
[36m(ClientAppActor pid=440478)[0m 
[36m(ClientAppActor pid=440478)[0m         
[92mINFO [0m:      aggregate_evaluate: received 10 results and 0 failures
[92mINFO [0m:      
[92mINFO [0m:      [ROUND 73]
[92mINFO [0m:      configure_fit: strategy sampled 5 clients (out of 10)
[36m(ClientAppActor pid=440499)[0m 
[36m(ClientAppActor pid=440499)[0m         
[36m(ClientAppActor pid=440493)[0m 
[36m(ClientAppActor pid=440493)[0m         
[36m(ClientAppActor pid=440479)[0m 
[36m(ClientAppActor pid=440479)[0m         
[36m(ClientAppActor pid=440469)[0m 
[36m(ClientAppActor pid=440469)[0m         
[36m(ClientAppActor pid=440478)[0m 
[36m(ClientAppActor pid=440478)[0m         
[92mINFO [0m:      aggregate_fit: received 5 results and 0 failures
[92mINFO [0m:      fit progress: (73, 1.7985454071554563, {'accuracy': 0.7377866400797607, 'balanced_accuracy': 0.28401260532408074, 'macro_f1': 0.265719733221052, 'worst_class_f1': 0.0, 'worst_class_recall': 0.0, 'f1_actinic_keratoses_an': 0.0, 'recall_actinic_keratoses_an': 0.0, 'f1_basal_cell_carcinoma': 0.0, 'recall_basal_cell_carcinoma': 0.0, 'f1_benign_keratosis-lik': 0.5074626865671642, 'recall_benign_keratosis-lik': 0.6181818181818182, 'f1_dermatofibroma': 0.0, 'recall_dermatofibroma': 0.0, 'f1_melanoma': 0.47572815533980584, 'recall_melanoma': 0.44144144144144143, 'f1_melanocytic_nevi': 0.8768472906403941, 'recall_melanocytic_nevi': 0.9284649776453056, 'f1_vascular_lesions': 0.0, 'recall_vascular_lesions': 0.0}, 584.6353649039811)
[92mINFO [0m:      configure_evaluate: strategy sampled 10 clients (out of 10)
[92mINFO [0m:      aggregate_evaluate: received 10 results and 0 failures
[92mINFO [0m:      
[92mINFO [0m:      [ROUND 74]
[92mINFO [0m:      configure_fit: strategy sampled 5 clients (out of 10)
[36m(ClientAppActor pid=440494)[0m 
[36m(ClientAppActor pid=440494)[0m         
[36m(ClientAppActor pid=440494)[0m 
[36m(ClientAppActor pid=440494)[0m         
[36m(ClientAppActor pid=440494)[0m /home/bk489/federated_clean/cleanest_federated/fl-dermamnist-starter/metrics/evaluation.py:68: UserWarning: AUROC set to NaN because present classes are [2, 4, 5], expected [0, 1, 2, 3, 4, 5, 6][32m [repeated 10x across cluster][0m
[36m(ClientAppActor pid=440494)[0m   warnings.warn(f'AUROC set to NaN because present classes are {present_classes}, expected {labels}')[32m [repeated 10x across cluster][0m
[36m(ClientAppActor pid=440478)[0m /home/bk489/federated_clean/.venv/lib/python3.9/site-packages/sklearn/metrics/_classification.py:2524: UserWarning: y_pred contains classes not in y_true[32m [repeated 6x across cluster][0m
[36m(ClientAppActor pid=440478)[0m   warnings.warn("y_pred contains classes not in y_true")[32m [repeated 6x across cluster][0m
[36m(ClientAppActor pid=440494)[0m [93mWARNING [0m:   DEPRECATED FEATURE: `client_fn` now expects a signature `def client_fn(context: Context)`.The provided `client_fn` has signature: {'cid': <Parameter "cid: 'str'">}. You can import the `Context` like this: `from flwr.common import Context`[32m [repeated 16x across cluster][0m
[36m(ClientAppActor pid=440494)[0m             This is a deprecated feature. It will be removed[32m [repeated 16x across cluster][0m
[36m(ClientAppActor pid=440494)[0m             entirely in future versions of Flower.[32m [repeated 16x across cluster][0m
[36m(ClientAppActor pid=440492)[0m 
[36m(ClientAppActor pid=440492)[0m         
[36m(ClientAppActor pid=440492)[0m 
[36m(ClientAppActor pid=440492)[0m         
[36m(ClientAppActor pid=440497)[0m 
[36m(ClientAppActor pid=440497)[0m         
[36m(ClientAppActor pid=440497)[0m 
[36m(ClientAppActor pid=440497)[0m         
[36m(ClientAppActor pid=440499)[0m 
[36m(ClientAppActor pid=440499)[0m         
[36m(ClientAppActor pid=440493)[0m 
[36m(ClientAppActor pid=440493)[0m         
[36m(ClientAppActor pid=440493)[0m 
[36m(ClientAppActor pid=440493)[0m         
[36m(ClientAppActor pid=440479)[0m 
[36m(ClientAppActor pid=440479)[0m         
[36m(ClientAppActor pid=440496)[0m 
[36m(ClientAppActor pid=440496)[0m         
[36m(ClientAppActor pid=440469)[0m 
[36m(ClientAppActor pid=440469)[0m         
[36m(ClientAppActor pid=440470)[0m 
[36m(ClientAppActor pid=440470)[0m         
[36m(ClientAppActor pid=440470)[0m 
[36m(ClientAppActor pid=440470)[0m         
[36m(ClientAppActor pid=440478)[0m 
[36m(ClientAppActor pid=440478)[0m         
[92mINFO [0m:      aggregate_fit: received 5 results and 0 failures
[92mINFO [0m:      fit progress: (74, 1.2916558816925003, {'accuracy': 0.7258225324027916, 'balanced_accuracy': 0.26640869099885495, 'macro_f1': 0.2516343697434666, 'worst_class_f1': 0.0, 'worst_class_recall': 0.0, 'f1_actinic_keratoses_an': 0.0, 'recall_actinic_keratoses_an': 0.0, 'f1_basal_cell_carcinoma': 0.0, 'recall_basal_cell_carcinoma': 0.0, 'f1_benign_keratosis-lik': 0.5134099616858238, 'recall_benign_keratosis-lik': 0.6090909090909091, 'f1_dermatofibroma': 0.0, 'recall_dermatofibroma': 0.0, 'f1_melanoma': 0.3829787234042553, 'recall_melanoma': 0.32432432432432434, 'f1_melanocytic_nevi': 0.8650519031141869, 'recall_melanocytic_nevi': 0.9314456035767511, 'f1_vascular_lesions': 0.0, 'recall_vascular_lesions': 0.0}, 597.1354024729808)
[92mINFO [0m:      configure_evaluate: strategy sampled 10 clients (out of 10)
[36m(ClientAppActor pid=440494)[0m 
[36m(ClientAppActor pid=440494)[0m         
[36m(ClientAppActor pid=440494)[0m /home/bk489/federated_clean/cleanest_federated/fl-dermamnist-starter/metrics/evaluation.py:68: UserWarning: AUROC set to NaN because present classes are [0, 1, 3], expected [0, 1, 2, 3, 4, 5, 6][32m [repeated 10x across cluster][0m
[36m(ClientAppActor pid=440494)[0m   warnings.warn(f'AUROC set to NaN because present classes are {present_classes}, expected {labels}')[32m [repeated 10x across cluster][0m
[36m(ClientAppActor pid=440494)[0m /home/bk489/federated_clean/.venv/lib/python3.9/site-packages/sklearn/metrics/_classification.py:2524: UserWarning: y_pred contains classes not in y_true[32m [repeated 8x across cluster][0m
[36m(ClientAppActor pid=440494)[0m   warnings.warn("y_pred contains classes not in y_true")[32m [repeated 8x across cluster][0m
[36m(ClientAppActor pid=440494)[0m [93mWARNING [0m:   DEPRECATED FEATURE: `client_fn` now expects a signature `def client_fn(context: Context)`.The provided `client_fn` has signature: {'cid': <Parameter "cid: 'str'">}. You can import the `Context` like this: `from flwr.common import Context`[32m [repeated 14x across cluster][0m
[36m(ClientAppActor pid=440494)[0m             This is a deprecated feature. It will be removed[32m [repeated 14x across cluster][0m
[36m(ClientAppActor pid=440494)[0m             entirely in future versions of Flower.[32m [repeated 14x across cluster][0m
[36m(ClientAppActor pid=440492)[0m 
[36m(ClientAppActor pid=440492)[0m         
[36m(ClientAppActor pid=440497)[0m 
[36m(ClientAppActor pid=440497)[0m         
[36m(ClientAppActor pid=440493)[0m 
[36m(ClientAppActor pid=440493)[0m         
[36m(ClientAppActor pid=440496)[0m 
[36m(ClientAppActor pid=440496)[0m         
[36m(ClientAppActor pid=440470)[0m 
[36m(ClientAppActor pid=440470)[0m         
[36m(ClientAppActor pid=440478)[0m 
[36m(ClientAppActor pid=440478)[0m         
[36m(ClientAppActor pid=440479)[0m 
[36m(ClientAppActor pid=440479)[0m         
[92mINFO [0m:      aggregate_evaluate: received 10 results and 0 failures
[92mINFO [0m:      
[92mINFO [0m:      [ROUND 75]
[92mINFO [0m:      configure_fit: strategy sampled 5 clients (out of 10)
[36m(ClientAppActor pid=440499)[0m 
[36m(ClientAppActor pid=440499)[0m         
[36m(ClientAppActor pid=440499)[0m 
[36m(ClientAppActor pid=440499)[0m         
[36m(ClientAppActor pid=440493)[0m 
[36m(ClientAppActor pid=440493)[0m         
[36m(ClientAppActor pid=440479)[0m 
[36m(ClientAppActor pid=440479)[0m         
[36m(ClientAppActor pid=440496)[0m 
[36m(ClientAppActor pid=440496)[0m         
[36m(ClientAppActor pid=440469)[0m 
[36m(ClientAppActor pid=440469)[0m         
[36m(ClientAppActor pid=440469)[0m 
[36m(ClientAppActor pid=440469)[0m         
[92mINFO [0m:      aggregate_fit: received 5 results and 0 failures
[92mINFO [0m:      fit progress: (75, 1.3915384539578515, {'accuracy': 0.7288135593220338, 'balanced_accuracy': 0.28137344120950675, 'macro_f1': 0.2661129945658162, 'worst_class_f1': 0.0, 'worst_class_recall': 0.0, 'f1_actinic_keratoses_an': 0.0, 'recall_actinic_keratoses_an': 0.0, 'f1_basal_cell_carcinoma': 0.03773584905660377, 'recall_basal_cell_carcinoma': 0.019230769230769232, 'f1_benign_keratosis-lik': 0.5058365758754864, 'recall_benign_keratosis-lik': 0.5909090909090909, 'f1_dermatofibroma': 0.0, 'recall_dermatofibroma': 0.0, 'f1_melanoma': 0.45161290322580644, 'recall_melanoma': 0.44144144144144143, 'f1_melanocytic_nevi': 0.8676056338028169, 'recall_melanocytic_nevi': 0.9180327868852459, 'f1_vascular_lesions': 0.0, 'recall_vascular_lesions': 0.0}, 604.3506187149906)
[92mINFO [0m:      configure_evaluate: strategy sampled 10 clients (out of 10)
[92mINFO [0m:      aggregate_evaluate: received 10 results and 0 failures
[92mINFO [0m:      
[92mINFO [0m:      [ROUND 76]
[92mINFO [0m:      configure_fit: strategy sampled 5 clients (out of 10)
[92mINFO [0m:      aggregate_fit: received 5 results and 0 failures
[92mINFO [0m:      fit progress: (76, 1.2878193841023318, {'accuracy': 0.7058823529411765, 'balanced_accuracy': 0.2951206156124189, 'macro_f1': 0.2779839998843228, 'worst_class_f1': 0.0, 'worst_class_recall': 0.0, 'f1_actinic_keratoses_an': 0.0, 'recall_actinic_keratoses_an': 0.0, 'f1_basal_cell_carcinoma': 0.21487603305785125, 'recall_basal_cell_carcinoma': 0.25, 'f1_benign_keratosis-lik': 0.5, 'recall_benign_keratosis-lik': 0.6272727272727273, 'f1_dermatofibroma': 0.0, 'recall_dermatofibroma': 0.0, 'f1_melanoma': 0.3617021276595745, 'recall_melanoma': 0.3063063063063063, 'f1_melanocytic_nevi': 0.869309838472834, 'recall_melanocytic_nevi': 0.8822652757078987, 'f1_vascular_lesions': 0.0, 'recall_vascular_lesions': 0.0}, 611.797196932981)
[92mINFO [0m:      configure_evaluate: strategy sampled 10 clients (out of 10)
[36m(ClientAppActor pid=440494)[0m 
[36m(ClientAppActor pid=440494)[0m         
[36m(ClientAppActor pid=440494)[0m 
[36m(ClientAppActor pid=440494)[0m         
[36m(ClientAppActor pid=440494)[0m 
[36m(ClientAppActor pid=440494)[0m         
[36m(ClientAppActor pid=440494)[0m /home/bk489/federated_clean/cleanest_federated/fl-dermamnist-starter/metrics/evaluation.py:68: UserWarning: AUROC set to NaN because present classes are [0, 1, 3], expected [0, 1, 2, 3, 4, 5, 6][32m [repeated 11x across cluster][0m
[36m(ClientAppActor pid=440494)[0m   warnings.warn(f'AUROC set to NaN because present classes are {present_classes}, expected {labels}')[32m [repeated 11x across cluster][0m
[36m(ClientAppActor pid=440494)[0m /home/bk489/federated_clean/.venv/lib/python3.9/site-packages/sklearn/metrics/_classification.py:2524: UserWarning: y_pred contains classes not in y_true[32m [repeated 8x across cluster][0m
[36m(ClientAppActor pid=440494)[0m   warnings.warn("y_pred contains classes not in y_true")[32m [repeated 8x across cluster][0m
[36m(ClientAppActor pid=440494)[0m [93mWARNING [0m:   DEPRECATED FEATURE: `client_fn` now expects a signature `def client_fn(context: Context)`.The provided `client_fn` has signature: {'cid': <Parameter "cid: 'str'">}. You can import the `Context` like this: `from flwr.common import Context`[32m [repeated 17x across cluster][0m
[36m(ClientAppActor pid=440494)[0m             This is a deprecated feature. It will be removed[32m [repeated 17x across cluster][0m
[36m(ClientAppActor pid=440494)[0m             entirely in future versions of Flower.[32m [repeated 17x across cluster][0m
[36m(ClientAppActor pid=440492)[0m 
[36m(ClientAppActor pid=440492)[0m         
[36m(ClientAppActor pid=440492)[0m 
[36m(ClientAppActor pid=440492)[0m         
[36m(ClientAppActor pid=440492)[0m 
[36m(ClientAppActor pid=440492)[0m         
[36m(ClientAppActor pid=440497)[0m 
[36m(ClientAppActor pid=440497)[0m         
[36m(ClientAppActor pid=440497)[0m 
[36m(ClientAppActor pid=440497)[0m         
[36m(ClientAppActor pid=440497)[0m 
[36m(ClientAppActor pid=440497)[0m         
[36m(ClientAppActor pid=440499)[0m 
[36m(ClientAppActor pid=440499)[0m         
[36m(ClientAppActor pid=440499)[0m 
[36m(ClientAppActor pid=440499)[0m         
[36m(ClientAppActor pid=440493)[0m 
[36m(ClientAppActor pid=440493)[0m         
[36m(ClientAppActor pid=440493)[0m 
[36m(ClientAppActor pid=440493)[0m         
[36m(ClientAppActor pid=440479)[0m 
[36m(ClientAppActor pid=440479)[0m         
[36m(ClientAppActor pid=440479)[0m 
[36m(ClientAppActor pid=440479)[0m         
[36m(ClientAppActor pid=440496)[0m 
[36m(ClientAppActor pid=440496)[0m         
[36m(ClientAppActor pid=440496)[0m 
[36m(ClientAppActor pid=440496)[0m         
[36m(ClientAppActor pid=440469)[0m 
[36m(ClientAppActor pid=440469)[0m         
[36m(ClientAppActor pid=440469)[0m 
[36m(ClientAppActor pid=440469)[0m         
[36m(ClientAppActor pid=440469)[0m 
[36m(ClientAppActor pid=440469)[0m         
[36m(ClientAppActor pid=440470)[0m 
[36m(ClientAppActor pid=440470)[0m         
[36m(ClientAppActor pid=440470)[0m 
[36m(ClientAppActor pid=440470)[0m         
[36m(ClientAppActor pid=440470)[0m 
[36m(ClientAppActor pid=440470)[0m         
[36m(ClientAppActor pid=440478)[0m 
[36m(ClientAppActor pid=440478)[0m         
[36m(ClientAppActor pid=440478)[0m 
[36m(ClientAppActor pid=440478)[0m         
[92mINFO [0m:      aggregate_evaluate: received 10 results and 0 failures
[92mINFO [0m:      
[92mINFO [0m:      [ROUND 77]
[92mINFO [0m:      configure_fit: strategy sampled 5 clients (out of 10)
[36m(ClientAppActor pid=440499)[0m 
[36m(ClientAppActor pid=440499)[0m         
[36m(ClientAppActor pid=440493)[0m 
[36m(ClientAppActor pid=440493)[0m         
[36m(ClientAppActor pid=440479)[0m 
[36m(ClientAppActor pid=440479)[0m         
[36m(ClientAppActor pid=440496)[0m 
[36m(ClientAppActor pid=440496)[0m         
[36m(ClientAppActor pid=440478)[0m 
[36m(ClientAppActor pid=440478)[0m         
[92mINFO [0m:      aggregate_fit: received 5 results and 0 failures
[92mINFO [0m:      fit progress: (77, 1.4206269290131086, {'accuracy': 0.7278165503489531, 'balanced_accuracy': 0.29745244417375566, 'macro_f1': 0.28690887098785894, 'worst_class_f1': 0.0, 'worst_class_recall': 0.0, 'f1_actinic_keratoses_an': 0.0, 'recall_actinic_keratoses_an': 0.0, 'f1_basal_cell_carcinoma': 0.18181818181818182, 'recall_basal_cell_carcinoma': 0.1346153846153846, 'f1_benign_keratosis-lik': 0.5096525096525096, 'recall_benign_keratosis-lik': 0.6, 'f1_dermatofibroma': 0.0, 'recall_dermatofibroma': 0.0, 'f1_melanoma': 0.44144144144144143, 'recall_melanoma': 0.44144144144144143, 'f1_melanocytic_nevi': 0.8754499640028798, 'recall_melanocytic_nevi': 0.9061102831594635, 'f1_vascular_lesions': 0.0, 'recall_vascular_lesions': 0.0}, 637.5713500839774)
[92mINFO [0m:      configure_evaluate: strategy sampled 10 clients (out of 10)
[92mINFO [0m:      aggregate_evaluate: received 10 results and 0 failures
[92mINFO [0m:      
[92mINFO [0m:      [ROUND 78]
[92mINFO [0m:      configure_fit: strategy sampled 5 clients (out of 10)
[36m(ClientAppActor pid=440494)[0m 
[36m(ClientAppActor pid=440494)[0m         
[36m(ClientAppActor pid=440494)[0m 
[36m(ClientAppActor pid=440494)[0m         
[36m(ClientAppActor pid=440494)[0m /home/bk489/federated_clean/cleanest_federated/fl-dermamnist-starter/metrics/evaluation.py:68: UserWarning: AUROC set to NaN because present classes are [2, 4, 5], expected [0, 1, 2, 3, 4, 5, 6][32m [repeated 19x across cluster][0m
[36m(ClientAppActor pid=440494)[0m   warnings.warn(f'AUROC set to NaN because present classes are {present_classes}, expected {labels}')[32m [repeated 19x across cluster][0m
[36m(ClientAppActor pid=440494)[0m /home/bk489/federated_clean/.venv/lib/python3.9/site-packages/sklearn/metrics/_classification.py:2524: UserWarning: y_pred contains classes not in y_true[32m [repeated 16x across cluster][0m
[36m(ClientAppActor pid=440494)[0m   warnings.warn("y_pred contains classes not in y_true")[32m [repeated 16x across cluster][0m
[36m(ClientAppActor pid=440494)[0m [93mWARNING [0m:   DEPRECATED FEATURE: `client_fn` now expects a signature `def client_fn(context: Context)`.The provided `client_fn` has signature: {'cid': <Parameter "cid: 'str'">}. You can import the `Context` like this: `from flwr.common import Context`[32m [repeated 29x across cluster][0m
[36m(ClientAppActor pid=440494)[0m             This is a deprecated feature. It will be removed[32m [repeated 29x across cluster][0m
[36m(ClientAppActor pid=440494)[0m             entirely in future versions of Flower.[32m [repeated 29x across cluster][0m
[36m(ClientAppActor pid=440492)[0m 
[36m(ClientAppActor pid=440492)[0m         
[36m(ClientAppActor pid=440492)[0m 
[36m(ClientAppActor pid=440492)[0m         
[36m(ClientAppActor pid=440497)[0m 
[36m(ClientAppActor pid=440497)[0m         
[36m(ClientAppActor pid=440499)[0m 
[36m(ClientAppActor pid=440499)[0m         
[36m(ClientAppActor pid=440493)[0m 
[36m(ClientAppActor pid=440493)[0m         
[36m(ClientAppActor pid=440479)[0m 
[36m(ClientAppActor pid=440479)[0m         
[36m(ClientAppActor pid=440496)[0m 
[36m(ClientAppActor pid=440496)[0m         
[36m(ClientAppActor pid=440496)[0m 
[36m(ClientAppActor pid=440496)[0m         
[36m(ClientAppActor pid=440469)[0m 
[36m(ClientAppActor pid=440469)[0m         
[36m(ClientAppActor pid=440469)[0m 
[36m(ClientAppActor pid=440469)[0m         
[36m(ClientAppActor pid=440470)[0m 
[36m(ClientAppActor pid=440470)[0m         
[36m(ClientAppActor pid=440470)[0m 
[36m(ClientAppActor pid=440470)[0m         
[36m(ClientAppActor pid=440478)[0m 
[36m(ClientAppActor pid=440478)[0m         
[92mINFO [0m:      aggregate_fit: received 5 results and 0 failures
[92mINFO [0m:      fit progress: (78, 1.8554657556242862, {'accuracy': 0.7357926221335992, 'balanced_accuracy': 0.2836102016429885, 'macro_f1': 0.2636237157654033, 'worst_class_f1': 0.0, 'worst_class_recall': 0.0, 'f1_actinic_keratoses_an': 0.0, 'recall_actinic_keratoses_an': 0.0, 'f1_basal_cell_carcinoma': 0.0, 'recall_basal_cell_carcinoma': 0.0, 'f1_benign_keratosis-lik': 0.509090909090909, 'recall_benign_keratosis-lik': 0.6363636363636364, 'f1_dermatofibroma': 0.0, 'recall_dermatofibroma': 0.0, 'f1_melanoma': 0.4585365853658537, 'recall_melanoma': 0.42342342342342343, 'f1_melanocytic_nevi': 0.8777385159010601, 'recall_melanocytic_nevi': 0.9254843517138599, 'f1_vascular_lesions': 0.0, 'recall_vascular_lesions': 0.0}, 647.6362162849982)
[92mINFO [0m:      configure_evaluate: strategy sampled 10 clients (out of 10)
[36m(ClientAppActor pid=440494)[0m 
[36m(ClientAppActor pid=440494)[0m         
[36m(ClientAppActor pid=440494)[0m /home/bk489/federated_clean/cleanest_federated/fl-dermamnist-starter/metrics/evaluation.py:68: UserWarning: AUROC set to NaN because present classes are [0, 1], expected [0, 1, 2, 3, 4, 5, 6][32m [repeated 10x across cluster][0m
[36m(ClientAppActor pid=440494)[0m   warnings.warn(f'AUROC set to NaN because present classes are {present_classes}, expected {labels}')[32m [repeated 10x across cluster][0m
[36m(ClientAppActor pid=440494)[0m /home/bk489/federated_clean/.venv/lib/python3.9/site-packages/sklearn/metrics/_classification.py:2524: UserWarning: y_pred contains classes not in y_true[32m [repeated 10x across cluster][0m
[36m(ClientAppActor pid=440494)[0m   warnings.warn("y_pred contains classes not in y_true")[32m [repeated 10x across cluster][0m
[36m(ClientAppActor pid=440494)[0m [93mWARNING [0m:   DEPRECATED FEATURE: `client_fn` now expects a signature `def client_fn(context: Context)`.The provided `client_fn` has signature: {'cid': <Parameter "cid: 'str'">}. You can import the `Context` like this: `from flwr.common import Context`[32m [repeated 14x across cluster][0m
[36m(ClientAppActor pid=440494)[0m             This is a deprecated feature. It will be removed[32m [repeated 14x across cluster][0m
[36m(ClientAppActor pid=440494)[0m             entirely in future versions of Flower.[32m [repeated 14x across cluster][0m
[36m(ClientAppActor pid=440492)[0m 
[36m(ClientAppActor pid=440492)[0m         
[36m(ClientAppActor pid=440497)[0m 
[36m(ClientAppActor pid=440497)[0m         
[36m(ClientAppActor pid=440496)[0m 
[36m(ClientAppActor pid=440496)[0m         
[36m(ClientAppActor pid=440469)[0m 
[36m(ClientAppActor pid=440469)[0m         
[36m(ClientAppActor pid=440470)[0m 
[36m(ClientAppActor pid=440470)[0m         
[92mINFO [0m:      aggregate_evaluate: received 10 results and 0 failures
[92mINFO [0m:      
[92mINFO [0m:      [ROUND 79]
[92mINFO [0m:      configure_fit: strategy sampled 5 clients (out of 10)
[36m(ClientAppActor pid=440499)[0m 
[36m(ClientAppActor pid=440499)[0m         
[36m(ClientAppActor pid=440499)[0m 
[36m(ClientAppActor pid=440499)[0m         
[36m(ClientAppActor pid=440493)[0m 
[36m(ClientAppActor pid=440493)[0m         
[36m(ClientAppActor pid=440493)[0m 
[36m(ClientAppActor pid=440493)[0m         
[36m(ClientAppActor pid=440479)[0m 
[36m(ClientAppActor pid=440479)[0m         
[36m(ClientAppActor pid=440479)[0m 
[36m(ClientAppActor pid=440479)[0m         
[36m(ClientAppActor pid=440478)[0m 
[36m(ClientAppActor pid=440478)[0m         
[36m(ClientAppActor pid=440478)[0m 
[36m(ClientAppActor pid=440478)[0m         
[36m(ClientAppActor pid=440497)[0m 
[36m(ClientAppActor pid=440497)[0m         
[92mINFO [0m:      aggregate_fit: received 5 results and 0 failures
[92mINFO [0m:      fit progress: (79, 1.6368554728337799, {'accuracy': 0.7278165503489531, 'balanced_accuracy': 0.28188358680161957, 'macro_f1': 0.26076284998286287, 'worst_class_f1': 0.0, 'worst_class_recall': 0.0, 'f1_actinic_keratoses_an': 0.0, 'recall_actinic_keratoses_an': 0.0, 'f1_basal_cell_carcinoma': 0.0, 'recall_basal_cell_carcinoma': 0.0, 'f1_benign_keratosis-lik': 0.4981684981684982, 'recall_benign_keratosis-lik': 0.6181818181818182, 'f1_dermatofibroma': 0.0, 'recall_dermatofibroma': 0.0, 'f1_melanoma': 0.4558139534883721, 'recall_melanoma': 0.44144144144144143, 'f1_melanocytic_nevi': 0.8713574982231699, 'recall_melanocytic_nevi': 0.9135618479880775, 'f1_vascular_lesions': 0.0, 'recall_vascular_lesions': 0.0}, 656.0510644199967)
[92mINFO [0m:      configure_evaluate: strategy sampled 10 clients (out of 10)
[92mINFO [0m:      aggregate_evaluate: received 10 results and 0 failures
[92mINFO [0m:      
[92mINFO [0m:      [ROUND 80]
[92mINFO [0m:      configure_fit: strategy sampled 5 clients (out of 10)
[36m(ClientAppActor pid=440494)[0m 
[36m(ClientAppActor pid=440494)[0m         
[36m(ClientAppActor pid=440494)[0m 
[36m(ClientAppActor pid=440494)[0m         
[36m(ClientAppActor pid=440494)[0m /home/bk489/federated_clean/cleanest_federated/fl-dermamnist-starter/metrics/evaluation.py:68: UserWarning: AUROC set to NaN because present classes are [2, 4, 5], expected [0, 1, 2, 3, 4, 5, 6][32m [repeated 10x across cluster][0m
[36m(ClientAppActor pid=440494)[0m   warnings.warn(f'AUROC set to NaN because present classes are {present_classes}, expected {labels}')[32m [repeated 10x across cluster][0m
[36m(ClientAppActor pid=440478)[0m /home/bk489/federated_clean/.venv/lib/python3.9/site-packages/sklearn/metrics/_classification.py:2524: UserWarning: y_pred contains classes not in y_true[32m [repeated 6x across cluster][0m
[36m(ClientAppActor pid=440478)[0m   warnings.warn("y_pred contains classes not in y_true")[32m [repeated 6x across cluster][0m
[36m(ClientAppActor pid=440494)[0m [93mWARNING [0m:   DEPRECATED FEATURE: `client_fn` now expects a signature `def client_fn(context: Context)`.The provided `client_fn` has signature: {'cid': <Parameter "cid: 'str'">}. You can import the `Context` like this: `from flwr.common import Context`[32m [repeated 16x across cluster][0m
[36m(ClientAppActor pid=440494)[0m             This is a deprecated feature. It will be removed[32m [repeated 16x across cluster][0m
[36m(ClientAppActor pid=440494)[0m             entirely in future versions of Flower.[32m [repeated 16x across cluster][0m
[36m(ClientAppActor pid=440492)[0m 
[36m(ClientAppActor pid=440492)[0m         
[36m(ClientAppActor pid=440492)[0m 
[36m(ClientAppActor pid=440492)[0m         
[36m(ClientAppActor pid=440497)[0m 
[36m(ClientAppActor pid=440497)[0m         
[36m(ClientAppActor pid=440499)[0m 
[36m(ClientAppActor pid=440499)[0m         
[36m(ClientAppActor pid=440493)[0m 
[36m(ClientAppActor pid=440493)[0m         
[36m(ClientAppActor pid=440479)[0m 
[36m(ClientAppActor pid=440479)[0m         
[36m(ClientAppActor pid=440496)[0m 
[36m(ClientAppActor pid=440496)[0m         
[36m(ClientAppActor pid=440496)[0m 
[36m(ClientAppActor pid=440496)[0m         
[36m(ClientAppActor pid=440469)[0m 
[36m(ClientAppActor pid=440469)[0m         
[36m(ClientAppActor pid=440469)[0m 
[36m(ClientAppActor pid=440469)[0m         
[36m(ClientAppActor pid=440470)[0m 
[36m(ClientAppActor pid=440470)[0m         
[36m(ClientAppActor pid=440470)[0m 
[36m(ClientAppActor pid=440470)[0m         
[36m(ClientAppActor pid=440478)[0m 
[36m(ClientAppActor pid=440478)[0m         
[92mINFO [0m:      aggregate_fit: received 5 results and 0 failures
[92mINFO [0m:      fit progress: (80, 1.5073379702487235, {'accuracy': 0.7288135593220338, 'balanced_accuracy': 0.28031104178645166, 'macro_f1': 0.2650080721578441, 'worst_class_f1': 0.0, 'worst_class_recall': 0.0, 'f1_actinic_keratoses_an': 0.0, 'recall_actinic_keratoses_an': 0.0, 'f1_basal_cell_carcinoma': 0.03571428571428571, 'recall_basal_cell_carcinoma': 0.019230769230769232, 'f1_benign_keratosis-lik': 0.4943820224719101, 'recall_benign_keratosis-lik': 0.6, 'f1_dermatofibroma': 0.0, 'recall_dermatofibroma': 0.0, 'f1_melanoma': 0.45410628019323673, 'recall_melanoma': 0.42342342342342343, 'f1_melanocytic_nevi': 0.8708539167254764, 'recall_melanocytic_nevi': 0.9195230998509687, 'f1_vascular_lesions': 0.0, 'recall_vascular_lesions': 0.0}, 665.6885830359824)
[92mINFO [0m:      configure_evaluate: strategy sampled 10 clients (out of 10)
[36m(ClientAppActor pid=440494)[0m 
[36m(ClientAppActor pid=440494)[0m         
[36m(ClientAppActor pid=440494)[0m /home/bk489/federated_clean/cleanest_federated/fl-dermamnist-starter/metrics/evaluation.py:68: UserWarning: AUROC set to NaN because present classes are [2, 4, 5], expected [0, 1, 2, 3, 4, 5, 6][32m [repeated 10x across cluster][0m
[36m(ClientAppActor pid=440494)[0m   warnings.warn(f'AUROC set to NaN because present classes are {present_classes}, expected {labels}')[32m [repeated 10x across cluster][0m
[36m(ClientAppActor pid=440494)[0m /home/bk489/federated_clean/.venv/lib/python3.9/site-packages/sklearn/metrics/_classification.py:2524: UserWarning: y_pred contains classes not in y_true[32m [repeated 8x across cluster][0m
[36m(ClientAppActor pid=440494)[0m   warnings.warn("y_pred contains classes not in y_true")[32m [repeated 8x across cluster][0m
[36m(ClientAppActor pid=440494)[0m [93mWARNING [0m:   DEPRECATED FEATURE: `client_fn` now expects a signature `def client_fn(context: Context)`.The provided `client_fn` has signature: {'cid': <Parameter "cid: 'str'">}. You can import the `Context` like this: `from flwr.common import Context`[32m [repeated 14x across cluster][0m
[36m(ClientAppActor pid=440494)[0m             This is a deprecated feature. It will be removed[32m [repeated 14x across cluster][0m
[36m(ClientAppActor pid=440494)[0m             entirely in future versions of Flower.[32m [repeated 14x across cluster][0m
[36m(ClientAppActor pid=440492)[0m 
[36m(ClientAppActor pid=440492)[0m         
[36m(ClientAppActor pid=440497)[0m 
[36m(ClientAppActor pid=440497)[0m         
[36m(ClientAppActor pid=440499)[0m 
[36m(ClientAppActor pid=440499)[0m         
[36m(ClientAppActor pid=440493)[0m 
[36m(ClientAppActor pid=440493)[0m         
[36m(ClientAppActor pid=440479)[0m 
[36m(ClientAppActor pid=440479)[0m         
[36m(ClientAppActor pid=440496)[0m 
[36m(ClientAppActor pid=440496)[0m         
[36m(ClientAppActor pid=440469)[0m 
[36m(ClientAppActor pid=440469)[0m         
[36m(ClientAppActor pid=440470)[0m 
[36m(ClientAppActor pid=440470)[0m         
[36m(ClientAppActor pid=440478)[0m 
[36m(ClientAppActor pid=440478)[0m         
[92mINFO [0m:      aggregate_evaluate: received 10 results and 0 failures
[92mINFO [0m:      
[92mINFO [0m:      [ROUND 81]
[92mINFO [0m:      configure_fit: strategy sampled 5 clients (out of 10)
[36m(ClientAppActor pid=440499)[0m 
[36m(ClientAppActor pid=440499)[0m         
[36m(ClientAppActor pid=440493)[0m 
[36m(ClientAppActor pid=440493)[0m         
[36m(ClientAppActor pid=440479)[0m 
[36m(ClientAppActor pid=440479)[0m         
[36m(ClientAppActor pid=440470)[0m 
[36m(ClientAppActor pid=440470)[0m         
[36m(ClientAppActor pid=440478)[0m 
[36m(ClientAppActor pid=440478)[0m         
[92mINFO [0m:      aggregate_fit: received 5 results and 0 failures
[92mINFO [0m:      fit progress: (81, 1.6932365540136487, {'accuracy': 0.7288135593220338, 'balanced_accuracy': 0.2899662366875481, 'macro_f1': 0.2685587490663085, 'worst_class_f1': 0.0, 'worst_class_recall': 0.0, 'f1_actinic_keratoses_an': 0.0, 'recall_actinic_keratoses_an': 0.0, 'f1_basal_cell_carcinoma': 0.037037037037037035, 'recall_basal_cell_carcinoma': 0.019230769230769232, 'f1_benign_keratosis-lik': 0.49242424242424243, 'recall_benign_keratosis-lik': 0.5909090909090909, 'f1_dermatofibroma': 0.0, 'recall_dermatofibroma': 0.0, 'f1_melanoma': 0.475, 'recall_melanoma': 0.5135135135135135, 'f1_melanocytic_nevi': 0.8754499640028798, 'recall_melanocytic_nevi': 0.9061102831594635, 'f1_vascular_lesions': 0.0, 'recall_vascular_lesions': 0.0}, 673.9671763369988)
[92mINFO [0m:      configure_evaluate: strategy sampled 10 clients (out of 10)
[92mINFO [0m:      aggregate_evaluate: received 10 results and 0 failures
[92mINFO [0m:      
[92mINFO [0m:      [ROUND 82]
[92mINFO [0m:      configure_fit: strategy sampled 5 clients (out of 10)
[36m(ClientAppActor pid=440494)[0m 
[36m(ClientAppActor pid=440494)[0m         
[36m(ClientAppActor pid=440494)[0m /home/bk489/federated_clean/cleanest_federated/fl-dermamnist-starter/metrics/evaluation.py:68: UserWarning: AUROC set to NaN because present classes are [1, 6], expected [0, 1, 2, 3, 4, 5, 6][32m [repeated 10x across cluster][0m
[36m(ClientAppActor pid=440494)[0m   warnings.warn(f'AUROC set to NaN because present classes are {present_classes}, expected {labels}')[32m [repeated 10x across cluster][0m
[36m(ClientAppActor pid=440494)[0m /home/bk489/federated_clean/.venv/lib/python3.9/site-packages/sklearn/metrics/_classification.py:2524: UserWarning: y_pred contains classes not in y_true[32m [repeated 9x across cluster][0m
[36m(ClientAppActor pid=440494)[0m   warnings.warn("y_pred contains classes not in y_true")[32m [repeated 9x across cluster][0m
[36m(ClientAppActor pid=440494)[0m [93mWARNING [0m:   DEPRECATED FEATURE: `client_fn` now expects a signature `def client_fn(context: Context)`.The provided `client_fn` has signature: {'cid': <Parameter "cid: 'str'">}. You can import the `Context` like this: `from flwr.common import Context`[32m [repeated 15x across cluster][0m
[36m(ClientAppActor pid=440494)[0m             This is a deprecated feature. It will be removed[32m [repeated 15x across cluster][0m
[36m(ClientAppActor pid=440494)[0m             entirely in future versions of Flower.[32m [repeated 15x across cluster][0m
[36m(ClientAppActor pid=440492)[0m 
[36m(ClientAppActor pid=440492)[0m         
[36m(ClientAppActor pid=440492)[0m 
[36m(ClientAppActor pid=440492)[0m         
[36m(ClientAppActor pid=440497)[0m 
[36m(ClientAppActor pid=440497)[0m         
[36m(ClientAppActor pid=440499)[0m 
[36m(ClientAppActor pid=440499)[0m         
[36m(ClientAppActor pid=440493)[0m 
[36m(ClientAppActor pid=440493)[0m         
[36m(ClientAppActor pid=440493)[0m 
[36m(ClientAppActor pid=440493)[0m         
[36m(ClientAppActor pid=440479)[0m 
[36m(ClientAppActor pid=440479)[0m         
[36m(ClientAppActor pid=440479)[0m 
[36m(ClientAppActor pid=440479)[0m         
[36m(ClientAppActor pid=440496)[0m 
[36m(ClientAppActor pid=440496)[0m         
[36m(ClientAppActor pid=440496)[0m 
[36m(ClientAppActor pid=440496)[0m         
[36m(ClientAppActor pid=440469)[0m 
[36m(ClientAppActor pid=440469)[0m         
[36m(ClientAppActor pid=440469)[0m 
[36m(ClientAppActor pid=440469)[0m         
[36m(ClientAppActor pid=440470)[0m 
[36m(ClientAppActor pid=440470)[0m         
[36m(ClientAppActor pid=440478)[0m 
[36m(ClientAppActor pid=440478)[0m         
[92mINFO [0m:      aggregate_fit: received 5 results and 0 failures
[92mINFO [0m:      fit progress: (82, 1.6349226791385638, {'accuracy': 0.7258225324027916, 'balanced_accuracy': 0.2843431859825302, 'macro_f1': 0.26850336746440945, 'worst_class_f1': 0.0, 'worst_class_recall': 0.0, 'f1_actinic_keratoses_an': 0.0, 'recall_actinic_keratoses_an': 0.0, 'f1_basal_cell_carcinoma': 0.07272727272727272, 'recall_basal_cell_carcinoma': 0.038461538461538464, 'f1_benign_keratosis-lik': 0.47794117647058826, 'recall_benign_keratosis-lik': 0.5909090909090909, 'f1_dermatofibroma': 0.0, 'recall_dermatofibroma': 0.0, 'f1_melanoma': 0.45662100456621, 'recall_melanoma': 0.45045045045045046, 'f1_melanocytic_nevi': 0.8722341184867951, 'recall_melanocytic_nevi': 0.910581222056632, 'f1_vascular_lesions': 0.0, 'recall_vascular_lesions': 0.0}, 682.991948748997)
[92mINFO [0m:      configure_evaluate: strategy sampled 10 clients (out of 10)
[36m(ClientAppActor pid=440492)[0m 
[36m(ClientAppActor pid=440492)[0m         
[36m(ClientAppActor pid=440478)[0m /home/bk489/federated_clean/cleanest_federated/fl-dermamnist-starter/metrics/evaluation.py:68: UserWarning: AUROC set to NaN because present classes are [0, 1], expected [0, 1, 2, 3, 4, 5, 6][32m [repeated 9x across cluster][0m
[36m(ClientAppActor pid=440478)[0m   warnings.warn(f'AUROC set to NaN because present classes are {present_classes}, expected {labels}')[32m [repeated 9x across cluster][0m
[36m(ClientAppActor pid=440478)[0m /home/bk489/federated_clean/.venv/lib/python3.9/site-packages/sklearn/metrics/_classification.py:2524: UserWarning: y_pred contains classes not in y_true[32m [repeated 6x across cluster][0m
[36m(ClientAppActor pid=440478)[0m   warnings.warn("y_pred contains classes not in y_true")[32m [repeated 6x across cluster][0m
[36m(ClientAppActor pid=440492)[0m [93mWARNING [0m:   DEPRECATED FEATURE: `client_fn` now expects a signature `def client_fn(context: Context)`.The provided `client_fn` has signature: {'cid': <Parameter "cid: 'str'">}. You can import the `Context` like this: `from flwr.common import Context`[32m [repeated 15x across cluster][0m
[36m(ClientAppActor pid=440492)[0m             This is a deprecated feature. It will be removed[32m [repeated 15x across cluster][0m
[36m(ClientAppActor pid=440492)[0m             entirely in future versions of Flower.[32m [repeated 15x across cluster][0m
[36m(ClientAppActor pid=440493)[0m 
[36m(ClientAppActor pid=440493)[0m         
[36m(ClientAppActor pid=440479)[0m 
[36m(ClientAppActor pid=440479)[0m         
[36m(ClientAppActor pid=440496)[0m 
[36m(ClientAppActor pid=440496)[0m         
[36m(ClientAppActor pid=440469)[0m 
[36m(ClientAppActor pid=440469)[0m         
[36m(ClientAppActor pid=440494)[0m 
[36m(ClientAppActor pid=440494)[0m         
[36m(ClientAppActor pid=440497)[0m 
[36m(ClientAppActor pid=440497)[0m         
[92mINFO [0m:      aggregate_evaluate: received 10 results and 0 failures
[92mINFO [0m:      
[92mINFO [0m:      [ROUND 83]
[92mINFO [0m:      configure_fit: strategy sampled 5 clients (out of 10)
[36m(ClientAppActor pid=440497)[0m 
[36m(ClientAppActor pid=440497)[0m         
[36m(ClientAppActor pid=440499)[0m 
[36m(ClientAppActor pid=440499)[0m         
[36m(ClientAppActor pid=440499)[0m 
[36m(ClientAppActor pid=440499)[0m         
[36m(ClientAppActor pid=440469)[0m 
[36m(ClientAppActor pid=440469)[0m         
[36m(ClientAppActor pid=440470)[0m 
[36m(ClientAppActor pid=440470)[0m         
[36m(ClientAppActor pid=440470)[0m 
[36m(ClientAppActor pid=440470)[0m         
[36m(ClientAppActor pid=440478)[0m 
[36m(ClientAppActor pid=440478)[0m         
[36m(ClientAppActor pid=440478)[0m 
[36m(ClientAppActor pid=440478)[0m         
[92mINFO [0m:      aggregate_fit: received 5 results and 0 failures
[92mINFO [0m:      fit progress: (83, 1.5742528221067618, {'accuracy': 0.6899302093718843, 'balanced_accuracy': 0.29661417448302696, 'macro_f1': 0.2750833823183609, 'worst_class_f1': 0.0, 'worst_class_recall': 0.0, 'f1_actinic_keratoses_an': 0.0, 'recall_actinic_keratoses_an': 0.0, 'f1_basal_cell_carcinoma': 0.14173228346456693, 'recall_basal_cell_carcinoma': 0.17307692307692307, 'f1_benign_keratosis-lik': 0.49640287769784175, 'recall_benign_keratosis-lik': 0.6272727272727273, 'f1_dermatofibroma': 0.0, 'recall_dermatofibroma': 0.0, 'f1_melanoma': 0.42857142857142855, 'recall_melanoma': 0.43243243243243246, 'f1_melanocytic_nevi': 0.858877086494689, 'recall_melanocytic_nevi': 0.8435171385991058, 'f1_vascular_lesions': 0.0, 'recall_vascular_lesions': 0.0}, 690.334299426002)
[92mINFO [0m:      configure_evaluate: strategy sampled 10 clients (out of 10)
[92mINFO [0m:      aggregate_evaluate: received 10 results and 0 failures
[92mINFO [0m:      
[92mINFO [0m:      [ROUND 84]
[92mINFO [0m:      configure_fit: strategy sampled 5 clients (out of 10)
[36m(ClientAppActor pid=440494)[0m 
[36m(ClientAppActor pid=440494)[0m         
[36m(ClientAppActor pid=440494)[0m 
[36m(ClientAppActor pid=440494)[0m         
[36m(ClientAppActor pid=440494)[0m /home/bk489/federated_clean/cleanest_federated/fl-dermamnist-starter/metrics/evaluation.py:68: UserWarning: AUROC set to NaN because present classes are [2, 4, 5], expected [0, 1, 2, 3, 4, 5, 6][32m [repeated 11x across cluster][0m
[36m(ClientAppActor pid=440494)[0m   warnings.warn(f'AUROC set to NaN because present classes are {present_classes}, expected {labels}')[32m [repeated 11x across cluster][0m
[36m(ClientAppActor pid=440494)[0m /home/bk489/federated_clean/.venv/lib/python3.9/site-packages/sklearn/metrics/_classification.py:2524: UserWarning: y_pred contains classes not in y_true[32m [repeated 10x across cluster][0m
[36m(ClientAppActor pid=440494)[0m   warnings.warn("y_pred contains classes not in y_true")[32m [repeated 10x across cluster][0m
[36m(ClientAppActor pid=440494)[0m [93mWARNING [0m:   DEPRECATED FEATURE: `client_fn` now expects a signature `def client_fn(context: Context)`.The provided `client_fn` has signature: {'cid': <Parameter "cid: 'str'">}. You can import the `Context` like this: `from flwr.common import Context`[32m [repeated 16x across cluster][0m
[36m(ClientAppActor pid=440494)[0m             This is a deprecated feature. It will be removed[32m [repeated 16x across cluster][0m
[36m(ClientAppActor pid=440494)[0m             entirely in future versions of Flower.[32m [repeated 16x across cluster][0m
[36m(ClientAppActor pid=440492)[0m 
[36m(ClientAppActor pid=440492)[0m         
[36m(ClientAppActor pid=440492)[0m 
[36m(ClientAppActor pid=440492)[0m         
[36m(ClientAppActor pid=440497)[0m 
[36m(ClientAppActor pid=440497)[0m         
[36m(ClientAppActor pid=440497)[0m 
[36m(ClientAppActor pid=440497)[0m         
[36m(ClientAppActor pid=440499)[0m 
[36m(ClientAppActor pid=440499)[0m         
[36m(ClientAppActor pid=440493)[0m 
[36m(ClientAppActor pid=440493)[0m         
[36m(ClientAppActor pid=440493)[0m 
[36m(ClientAppActor pid=440493)[0m         
[36m(ClientAppActor pid=440479)[0m 
[36m(ClientAppActor pid=440479)[0m         
[36m(ClientAppActor pid=440496)[0m 
[36m(ClientAppActor pid=440496)[0m         
[36m(ClientAppActor pid=440496)[0m 
[36m(ClientAppActor pid=440496)[0m         
[36m(ClientAppActor pid=440469)[0m 
[36m(ClientAppActor pid=440469)[0m         
[36m(ClientAppActor pid=440470)[0m 
[36m(ClientAppActor pid=440470)[0m         
[36m(ClientAppActor pid=440478)[0m 
[36m(ClientAppActor pid=440478)[0m         
[92mINFO [0m:      aggregate_fit: received 5 results and 0 failures
[92mINFO [0m:      fit progress: (84, 1.941063635846078, {'accuracy': 0.7288135593220338, 'balanced_accuracy': 0.2788039902794001, 'macro_f1': 0.260041235513485, 'worst_class_f1': 0.0, 'worst_class_recall': 0.0, 'f1_actinic_keratoses_an': 0.0, 'recall_actinic_keratoses_an': 0.0, 'f1_basal_cell_carcinoma': 0.0, 'recall_basal_cell_carcinoma': 0.0, 'f1_benign_keratosis-lik': 0.49206349206349204, 'recall_benign_keratosis-lik': 0.5636363636363636, 'f1_dermatofibroma': 0.0, 'recall_dermatofibroma': 0.0, 'f1_melanoma': 0.45614035087719296, 'recall_melanoma': 0.46846846846846846, 'f1_melanocytic_nevi': 0.8720848056537103, 'recall_melanocytic_nevi': 0.9195230998509687, 'f1_vascular_lesions': 0.0, 'recall_vascular_lesions': 0.0}, 701.4549247809919)
[92mINFO [0m:      configure_evaluate: strategy sampled 10 clients (out of 10)
[92mINFO [0m:      aggregate_evaluate: received 10 results and 0 failures
[92mINFO [0m:      
[92mINFO [0m:      [ROUND 85]
[92mINFO [0m:      configure_fit: strategy sampled 5 clients (out of 10)
[36m(ClientAppActor pid=440494)[0m 
[36m(ClientAppActor pid=440494)[0m         
[36m(ClientAppActor pid=440494)[0m /home/bk489/federated_clean/cleanest_federated/fl-dermamnist-starter/metrics/evaluation.py:68: UserWarning: AUROC set to NaN because present classes are [0, 1, 6], expected [0, 1, 2, 3, 4, 5, 6][32m [repeated 10x across cluster][0m
[36m(ClientAppActor pid=440494)[0m   warnings.warn(f'AUROC set to NaN because present classes are {present_classes}, expected {labels}')[32m [repeated 10x across cluster][0m
[36m(ClientAppActor pid=440494)[0m /home/bk489/federated_clean/.venv/lib/python3.9/site-packages/sklearn/metrics/_classification.py:2524: UserWarning: y_pred contains classes not in y_true[32m [repeated 10x across cluster][0m
[36m(ClientAppActor pid=440494)[0m   warnings.warn("y_pred contains classes not in y_true")[32m [repeated 10x across cluster][0m
[36m(ClientAppActor pid=440494)[0m [93mWARNING [0m:   DEPRECATED FEATURE: `client_fn` now expects a signature `def client_fn(context: Context)`.The provided `client_fn` has signature: {'cid': <Parameter "cid: 'str'">}. You can import the `Context` like this: `from flwr.common import Context`[32m [repeated 14x across cluster][0m
[36m(ClientAppActor pid=440494)[0m             This is a deprecated feature. It will be removed[32m [repeated 14x across cluster][0m
[36m(ClientAppActor pid=440494)[0m             entirely in future versions of Flower.[32m [repeated 14x across cluster][0m
[36m(ClientAppActor pid=440492)[0m 
[36m(ClientAppActor pid=440492)[0m         
[36m(ClientAppActor pid=440497)[0m 
[36m(ClientAppActor pid=440497)[0m         
[36m(ClientAppActor pid=440499)[0m 
[36m(ClientAppActor pid=440499)[0m         
[36m(ClientAppActor pid=440493)[0m 
[36m(ClientAppActor pid=440493)[0m         
[36m(ClientAppActor pid=440479)[0m 
[36m(ClientAppActor pid=440479)[0m         
[36m(ClientAppActor pid=440496)[0m 
[36m(ClientAppActor pid=440496)[0m         
[36m(ClientAppActor pid=440469)[0m 
[36m(ClientAppActor pid=440469)[0m         
[36m(ClientAppActor pid=440470)[0m 
[36m(ClientAppActor pid=440470)[0m         
[36m(ClientAppActor pid=440478)[0m 
[36m(ClientAppActor pid=440478)[0m         
[36m(ClientAppActor pid=440499)[0m 
[36m(ClientAppActor pid=440499)[0m         
[36m(ClientAppActor pid=440493)[0m 
[36m(ClientAppActor pid=440493)[0m         
[36m(ClientAppActor pid=440469)[0m 
[36m(ClientAppActor pid=440469)[0m         
[36m(ClientAppActor pid=440470)[0m 
[36m(ClientAppActor pid=440470)[0m         
[36m(ClientAppActor pid=440478)[0m 
[36m(ClientAppActor pid=440478)[0m         
[92mINFO [0m:      aggregate_fit: received 5 results and 0 failures
[92mINFO [0m:      fit progress: (85, 1.4116139307335867, {'accuracy': 0.7168494516450648, 'balanced_accuracy': 0.27728582892517323, 'macro_f1': 0.27022292379580437, 'worst_class_f1': 0.0, 'worst_class_recall': 0.0, 'f1_actinic_keratoses_an': 0.05405405405405406, 'recall_actinic_keratoses_an': 0.030303030303030304, 'f1_basal_cell_carcinoma': 0.09090909090909091, 'recall_basal_cell_carcinoma': 0.057692307692307696, 'f1_benign_keratosis-lik': 0.475177304964539, 'recall_benign_keratosis-lik': 0.6090909090909091, 'f1_dermatofibroma': 0.0, 'recall_dermatofibroma': 0.0, 'f1_melanoma': 0.4065934065934066, 'recall_melanoma': 0.3333333333333333, 'f1_melanocytic_nevi': 0.86482661004954, 'recall_melanocytic_nevi': 0.910581222056632, 'f1_vascular_lesions': 0.0, 'recall_vascular_lesions': 0.0}, 708.6667863859911)
[92mINFO [0m:      configure_evaluate: strategy sampled 10 clients (out of 10)
[36m(ClientAppActor pid=440493)[0m 
[36m(ClientAppActor pid=440493)[0m         
[36m(ClientAppActor pid=440478)[0m /home/bk489/federated_clean/cleanest_federated/fl-dermamnist-starter/metrics/evaluation.py:68: UserWarning: AUROC set to NaN because present classes are [2, 4, 5], expected [0, 1, 2, 3, 4, 5, 6][32m [repeated 9x across cluster][0m
[36m(ClientAppActor pid=440478)[0m   warnings.warn(f'AUROC set to NaN because present classes are {present_classes}, expected {labels}')[32m [repeated 9x across cluster][0m
[36m(ClientAppActor pid=440469)[0m /home/bk489/federated_clean/.venv/lib/python3.9/site-packages/sklearn/metrics/_classification.py:2524: UserWarning: y_pred contains classes not in y_true[32m [repeated 6x across cluster][0m
[36m(ClientAppActor pid=440469)[0m   warnings.warn("y_pred contains classes not in y_true")[32m [repeated 6x across cluster][0m
[36m(ClientAppActor pid=440493)[0m [93mWARNING [0m:   DEPRECATED FEATURE: `client_fn` now expects a signature `def client_fn(context: Context)`.The provided `client_fn` has signature: {'cid': <Parameter "cid: 'str'">}. You can import the `Context` like this: `from flwr.common import Context`[32m [repeated 15x across cluster][0m
[36m(ClientAppActor pid=440493)[0m             This is a deprecated feature. It will be removed[32m [repeated 15x across cluster][0m
[36m(ClientAppActor pid=440493)[0m             entirely in future versions of Flower.[32m [repeated 15x across cluster][0m
[36m(ClientAppActor pid=440478)[0m 
[36m(ClientAppActor pid=440478)[0m         
[92mINFO [0m:      aggregate_evaluate: received 10 results and 0 failures
[92mINFO [0m:      
[92mINFO [0m:      [ROUND 86]
[92mINFO [0m:      configure_fit: strategy sampled 5 clients (out of 10)
[36m(ClientAppActor pid=440494)[0m 
[36m(ClientAppActor pid=440494)[0m         
[36m(ClientAppActor pid=440494)[0m 
[36m(ClientAppActor pid=440494)[0m         
[36m(ClientAppActor pid=440492)[0m 
[36m(ClientAppActor pid=440492)[0m         
[36m(ClientAppActor pid=440497)[0m 
[36m(ClientAppActor pid=440497)[0m         
[36m(ClientAppActor pid=440497)[0m 
[36m(ClientAppActor pid=440497)[0m         
[36m(ClientAppActor pid=440499)[0m 
[36m(ClientAppActor pid=440499)[0m         
[36m(ClientAppActor pid=440499)[0m 
[36m(ClientAppActor pid=440499)[0m         
[36m(ClientAppActor pid=440479)[0m 
[36m(ClientAppActor pid=440479)[0m         
[36m(ClientAppActor pid=440496)[0m 
[36m(ClientAppActor pid=440496)[0m         
[36m(ClientAppActor pid=440496)[0m 
[36m(ClientAppActor pid=440496)[0m         
[36m(ClientAppActor pid=440469)[0m 
[36m(ClientAppActor pid=440469)[0m         
[36m(ClientAppActor pid=440470)[0m 
[36m(ClientAppActor pid=440470)[0m         
[36m(ClientAppActor pid=440470)[0m 
[36m(ClientAppActor pid=440470)[0m         
[92mINFO [0m:      aggregate_fit: received 5 results and 0 failures
[92mINFO [0m:      fit progress: (86, 1.771497787768439, {'accuracy': 0.7238285144566301, 'balanced_accuracy': 0.29285877318664205, 'macro_f1': 0.26526370282037426, 'worst_class_f1': 0.0, 'worst_class_recall': 0.0, 'f1_actinic_keratoses_an': 0.0, 'recall_actinic_keratoses_an': 0.0, 'f1_basal_cell_carcinoma': 0.0, 'recall_basal_cell_carcinoma': 0.0, 'f1_benign_keratosis-lik': 0.5073529411764706, 'recall_benign_keratosis-lik': 0.6272727272727273, 'f1_dermatofibroma': 0.0, 'recall_dermatofibroma': 0.0, 'f1_melanoma': 0.4796747967479675, 'recall_melanoma': 0.5315315315315315, 'f1_melanocytic_nevi': 0.8698181818181818, 'recall_melanocytic_nevi': 0.8912071535022354, 'f1_vascular_lesions': 0.0, 'recall_vascular_lesions': 0.0}, 717.1474499869801)
[92mINFO [0m:      configure_evaluate: strategy sampled 10 clients (out of 10)
[92mINFO [0m:      aggregate_evaluate: received 10 results and 0 failures
[92mINFO [0m:      
[92mINFO [0m:      [ROUND 87]
[92mINFO [0m:      configure_fit: strategy sampled 5 clients (out of 10)
[36m(ClientAppActor pid=440494)[0m 
[36m(ClientAppActor pid=440494)[0m         
[36m(ClientAppActor pid=440494)[0m /home/bk489/federated_clean/cleanest_federated/fl-dermamnist-starter/metrics/evaluation.py:68: UserWarning: AUROC set to NaN because present classes are [1, 6], expected [0, 1, 2, 3, 4, 5, 6][32m [repeated 11x across cluster][0m
[36m(ClientAppActor pid=440494)[0m   warnings.warn(f'AUROC set to NaN because present classes are {present_classes}, expected {labels}')[32m [repeated 11x across cluster][0m
[36m(ClientAppActor pid=440494)[0m /home/bk489/federated_clean/.venv/lib/python3.9/site-packages/sklearn/metrics/_classification.py:2524: UserWarning: y_pred contains classes not in y_true[32m [repeated 11x across cluster][0m
[36m(ClientAppActor pid=440494)[0m   warnings.warn("y_pred contains classes not in y_true")[32m [repeated 11x across cluster][0m
[36m(ClientAppActor pid=440494)[0m [93mWARNING [0m:   DEPRECATED FEATURE: `client_fn` now expects a signature `def client_fn(context: Context)`.The provided `client_fn` has signature: {'cid': <Parameter "cid: 'str'">}. You can import the `Context` like this: `from flwr.common import Context`[32m [repeated 15x across cluster][0m
[36m(ClientAppActor pid=440494)[0m             This is a deprecated feature. It will be removed[32m [repeated 15x across cluster][0m
[36m(ClientAppActor pid=440494)[0m             entirely in future versions of Flower.[32m [repeated 15x across cluster][0m
[36m(ClientAppActor pid=440492)[0m 
[36m(ClientAppActor pid=440492)[0m         
[36m(ClientAppActor pid=440497)[0m 
[36m(ClientAppActor pid=440497)[0m         
[36m(ClientAppActor pid=440499)[0m 
[36m(ClientAppActor pid=440499)[0m         
[36m(ClientAppActor pid=440493)[0m 
[36m(ClientAppActor pid=440493)[0m         
[36m(ClientAppActor pid=440479)[0m 
[36m(ClientAppActor pid=440479)[0m         
[36m(ClientAppActor pid=440496)[0m 
[36m(ClientAppActor pid=440496)[0m         
[36m(ClientAppActor pid=440469)[0m 
[36m(ClientAppActor pid=440469)[0m         
[36m(ClientAppActor pid=440470)[0m 
[36m(ClientAppActor pid=440470)[0m         
[36m(ClientAppActor pid=440478)[0m 
[36m(ClientAppActor pid=440478)[0m         
[36m(ClientAppActor pid=440492)[0m 
[36m(ClientAppActor pid=440492)[0m         
[36m(ClientAppActor pid=440493)[0m 
[36m(ClientAppActor pid=440493)[0m         
[36m(ClientAppActor pid=440496)[0m 
[36m(ClientAppActor pid=440496)[0m         
[36m(ClientAppActor pid=440469)[0m 
[36m(ClientAppActor pid=440469)[0m         
[36m(ClientAppActor pid=440478)[0m 
[36m(ClientAppActor pid=440478)[0m         
[92mINFO [0m:      aggregate_fit: received 5 results and 0 failures
[92mINFO [0m:      fit progress: (87, 1.7397785493407625, {'accuracy': 0.7288135593220338, 'balanced_accuracy': 0.2932236350269137, 'macro_f1': 0.27061672669739906, 'worst_class_f1': 0.0, 'worst_class_recall': 0.0, 'f1_actinic_keratoses_an': 0.0, 'recall_actinic_keratoses_an': 0.0, 'f1_basal_cell_carcinoma': 0.03636363636363636, 'recall_basal_cell_carcinoma': 0.019230769230769232, 'f1_benign_keratosis-lik': 0.5112781954887218, 'recall_benign_keratosis-lik': 0.6181818181818182, 'f1_dermatofibroma': 0.0, 'recall_dermatofibroma': 0.0, 'f1_melanoma': 0.4730290456431535, 'recall_melanoma': 0.5135135135135135, 'f1_melanocytic_nevi': 0.8736462093862816, 'recall_melanocytic_nevi': 0.9016393442622951, 'f1_vascular_lesions': 0.0, 'recall_vascular_lesions': 0.0}, 724.5780407889979)
[92mINFO [0m:      configure_evaluate: strategy sampled 10 clients (out of 10)
[36m(ClientAppActor pid=440492)[0m 
[36m(ClientAppActor pid=440492)[0m         
[36m(ClientAppActor pid=440492)[0m /home/bk489/federated_clean/cleanest_federated/fl-dermamnist-starter/metrics/evaluation.py:68: UserWarning: AUROC set to NaN because present classes are [0, 1], expected [0, 1, 2, 3, 4, 5, 6][32m [repeated 10x across cluster][0m
[36m(ClientAppActor pid=440492)[0m   warnings.warn(f'AUROC set to NaN because present classes are {present_classes}, expected {labels}')[32m [repeated 10x across cluster][0m
[36m(ClientAppActor pid=440478)[0m /home/bk489/federated_clean/.venv/lib/python3.9/site-packages/sklearn/metrics/_classification.py:2524: UserWarning: y_pred contains classes not in y_true[32m [repeated 8x across cluster][0m
[36m(ClientAppActor pid=440478)[0m   warnings.warn("y_pred contains classes not in y_true")[32m [repeated 8x across cluster][0m
[36m(ClientAppActor pid=440492)[0m [93mWARNING [0m:   DEPRECATED FEATURE: `client_fn` now expects a signature `def client_fn(context: Context)`.The provided `client_fn` has signature: {'cid': <Parameter "cid: 'str'">}. You can import the `Context` like this: `from flwr.common import Context`[32m [repeated 15x across cluster][0m
[36m(ClientAppActor pid=440492)[0m             This is a deprecated feature. It will be removed[32m [repeated 15x across cluster][0m
[36m(ClientAppActor pid=440492)[0m             entirely in future versions of Flower.[32m [repeated 15x across cluster][0m
[36m(ClientAppActor pid=440497)[0m 
[36m(ClientAppActor pid=440497)[0m         
[36m(ClientAppActor pid=440499)[0m 
[36m(ClientAppActor pid=440499)[0m         
[36m(ClientAppActor pid=440493)[0m 
[36m(ClientAppActor pid=440493)[0m         
[92mINFO [0m:      aggregate_evaluate: received 10 results and 0 failures
[92mINFO [0m:      
[92mINFO [0m:      [ROUND 88]
[92mINFO [0m:      configure_fit: strategy sampled 5 clients (out of 10)
[36m(ClientAppActor pid=440479)[0m 
[36m(ClientAppActor pid=440479)[0m         
[36m(ClientAppActor pid=440479)[0m 
[36m(ClientAppActor pid=440479)[0m         
[36m(ClientAppActor pid=440496)[0m 
[36m(ClientAppActor pid=440496)[0m         
[36m(ClientAppActor pid=440469)[0m 
[36m(ClientAppActor pid=440469)[0m         
[36m(ClientAppActor pid=440470)[0m 
[36m(ClientAppActor pid=440470)[0m         
[36m(ClientAppActor pid=440470)[0m 
[36m(ClientAppActor pid=440470)[0m         
[36m(ClientAppActor pid=440478)[0m 
[36m(ClientAppActor pid=440478)[0m         
[36m(ClientAppActor pid=440494)[0m 
[36m(ClientAppActor pid=440494)[0m         
[36m(ClientAppActor pid=440492)[0m 
[36m(ClientAppActor pid=440492)[0m         
[36m(ClientAppActor pid=440497)[0m 
[36m(ClientAppActor pid=440497)[0m         
[36m(ClientAppActor pid=440499)[0m 
[36m(ClientAppActor pid=440499)[0m         
[92mINFO [0m:      aggregate_fit: received 5 results and 0 failures
[92mINFO [0m:      fit progress: (88, 1.4982646934294392, {'accuracy': 0.7288135593220338, 'balanced_accuracy': 0.30214624394952266, 'macro_f1': 0.2946565054593547, 'worst_class_f1': 0.0, 'worst_class_recall': 0.0, 'f1_actinic_keratoses_an': 0.1, 'recall_actinic_keratoses_an': 0.06060606060606061, 'f1_basal_cell_carcinoma': 0.09230769230769231, 'recall_basal_cell_carcinoma': 0.057692307692307696, 'f1_benign_keratosis-lik': 0.49193548387096775, 'recall_benign_keratosis-lik': 0.5545454545454546, 'f1_dermatofibroma': 0.0, 'recall_dermatofibroma': 0.0, 'f1_melanoma': 0.5084745762711864, 'recall_melanoma': 0.5405405405405406, 'f1_melanocytic_nevi': 0.8698777857656362, 'recall_melanocytic_nevi': 0.9016393442622951, 'f1_vascular_lesions': 0.0, 'recall_vascular_lesions': 0.0}, 731.9579400729854)
[92mINFO [0m:      configure_evaluate: strategy sampled 10 clients (out of 10)
[36m(ClientAppActor pid=440492)[0m 
[36m(ClientAppActor pid=440492)[0m         
[36m(ClientAppActor pid=440492)[0m /home/bk489/federated_clean/cleanest_federated/fl-dermamnist-starter/metrics/evaluation.py:68: UserWarning: AUROC set to NaN because present classes are [0, 1], expected [0, 1, 2, 3, 4, 5, 6][32m [repeated 10x across cluster][0m
[36m(ClientAppActor pid=440492)[0m   warnings.warn(f'AUROC set to NaN because present classes are {present_classes}, expected {labels}')[32m [repeated 10x across cluster][0m
[36m(ClientAppActor pid=440492)[0m /home/bk489/federated_clean/.venv/lib/python3.9/site-packages/sklearn/metrics/_classification.py:2524: UserWarning: y_pred contains classes not in y_true[32m [repeated 9x across cluster][0m
[36m(ClientAppActor pid=440492)[0m   warnings.warn("y_pred contains classes not in y_true")[32m [repeated 9x across cluster][0m
[36m(ClientAppActor pid=440492)[0m [93mWARNING [0m:   DEPRECATED FEATURE: `client_fn` now expects a signature `def client_fn(context: Context)`.The provided `client_fn` has signature: {'cid': <Parameter "cid: 'str'">}. You can import the `Context` like this: `from flwr.common import Context`[32m [repeated 15x across cluster][0m
[36m(ClientAppActor pid=440492)[0m             This is a deprecated feature. It will be removed[32m [repeated 15x across cluster][0m
[36m(ClientAppActor pid=440492)[0m             entirely in future versions of Flower.[32m [repeated 15x across cluster][0m
[36m(ClientAppActor pid=440479)[0m 
[36m(ClientAppActor pid=440479)[0m         
[36m(ClientAppActor pid=440470)[0m 
[36m(ClientAppActor pid=440470)[0m         
[36m(ClientAppActor pid=440499)[0m 
[36m(ClientAppActor pid=440499)[0m         
[92mINFO [0m:      aggregate_evaluate: received 10 results and 0 failures
[92mINFO [0m:      
[92mINFO [0m:      [ROUND 89]
[92mINFO [0m:      configure_fit: strategy sampled 5 clients (out of 10)
[36m(ClientAppActor pid=440494)[0m 
[36m(ClientAppActor pid=440494)[0m         
[36m(ClientAppActor pid=440497)[0m 
[36m(ClientAppActor pid=440497)[0m         
[36m(ClientAppActor pid=440493)[0m 
[36m(ClientAppActor pid=440493)[0m         
[36m(ClientAppActor pid=440496)[0m 
[36m(ClientAppActor pid=440496)[0m         
[36m(ClientAppActor pid=440469)[0m 
[36m(ClientAppActor pid=440469)[0m         
[36m(ClientAppActor pid=440478)[0m 
[36m(ClientAppActor pid=440478)[0m         
[36m(ClientAppActor pid=440493)[0m 
[36m(ClientAppActor pid=440493)[0m         
[36m(ClientAppActor pid=440494)[0m 
[36m(ClientAppActor pid=440494)[0m         
[36m(ClientAppActor pid=440496)[0m 
[36m(ClientAppActor pid=440496)[0m         
[36m(ClientAppActor pid=440469)[0m 
[36m(ClientAppActor pid=440469)[0m         
[36m(ClientAppActor pid=440478)[0m 
[36m(ClientAppActor pid=440478)[0m         
[92mINFO [0m:      aggregate_fit: received 5 results and 0 failures
[92mINFO [0m:      fit progress: (89, 1.6741737635993768, {'accuracy': 0.6939182452642074, 'balanced_accuracy': 0.3043361305656388, 'macro_f1': 0.2858975813951495, 'worst_class_f1': 0.0, 'worst_class_recall': 0.0, 'f1_actinic_keratoses_an': 0.046511627906976744, 'recall_actinic_keratoses_an': 0.030303030303030304, 'f1_basal_cell_carcinoma': 0.13333333333333333, 'recall_basal_cell_carcinoma': 0.15384615384615385, 'f1_benign_keratosis-lik': 0.48627450980392156, 'recall_benign_keratosis-lik': 0.5636363636363636, 'f1_dermatofibroma': 0.0, 'recall_dermatofibroma': 0.0, 'f1_melanoma': 0.47058823529411764, 'recall_melanoma': 0.5405405405405406, 'f1_melanocytic_nevi': 0.864575363427697, 'recall_melanocytic_nevi': 0.842026825633383, 'f1_vascular_lesions': 0.0, 'recall_vascular_lesions': 0.0}, 739.254942421976)
[92mINFO [0m:      configure_evaluate: strategy sampled 10 clients (out of 10)
[36m(ClientAppActor pid=440494)[0m 
[36m(ClientAppActor pid=440494)[0m         
[36m(ClientAppActor pid=440478)[0m /home/bk489/federated_clean/cleanest_federated/fl-dermamnist-starter/metrics/evaluation.py:68: UserWarning: AUROC set to NaN because present classes are [0, 1, 6], expected [0, 1, 2, 3, 4, 5, 6][32m [repeated 9x across cluster][0m
[36m(ClientAppActor pid=440478)[0m   warnings.warn(f'AUROC set to NaN because present classes are {present_classes}, expected {labels}')[32m [repeated 9x across cluster][0m
[36m(ClientAppActor pid=440478)[0m /home/bk489/federated_clean/.venv/lib/python3.9/site-packages/sklearn/metrics/_classification.py:2524: UserWarning: y_pred contains classes not in y_true[32m [repeated 9x across cluster][0m
[36m(ClientAppActor pid=440478)[0m   warnings.warn("y_pred contains classes not in y_true")[32m [repeated 9x across cluster][0m
[36m(ClientAppActor pid=440494)[0m [93mWARNING [0m:   DEPRECATED FEATURE: `client_fn` now expects a signature `def client_fn(context: Context)`.The provided `client_fn` has signature: {'cid': <Parameter "cid: 'str'">}. You can import the `Context` like this: `from flwr.common import Context`[32m [repeated 15x across cluster][0m
[36m(ClientAppActor pid=440494)[0m             This is a deprecated feature. It will be removed[32m [repeated 15x across cluster][0m
[36m(ClientAppActor pid=440494)[0m             entirely in future versions of Flower.[32m [repeated 15x across cluster][0m
[36m(ClientAppActor pid=440496)[0m 
[36m(ClientAppActor pid=440496)[0m         
[36m(ClientAppActor pid=440478)[0m 
[36m(ClientAppActor pid=440478)[0m         
[36m(ClientAppActor pid=440469)[0m 
[36m(ClientAppActor pid=440469)[0m         
[36m(ClientAppActor pid=440493)[0m 
[36m(ClientAppActor pid=440493)[0m         
[36m(ClientAppActor pid=440470)[0m 
[36m(ClientAppActor pid=440470)[0m         
[36m(ClientAppActor pid=440492)[0m 
[36m(ClientAppActor pid=440492)[0m         
[36m(ClientAppActor pid=440497)[0m 
[36m(ClientAppActor pid=440497)[0m         
[36m(ClientAppActor pid=440499)[0m 
[36m(ClientAppActor pid=440499)[0m         
[36m(ClientAppActor pid=440479)[0m 
[36m(ClientAppActor pid=440479)[0m         
[92mINFO [0m:      aggregate_evaluate: received 10 results and 0 failures
[92mINFO [0m:      
[92mINFO [0m:      [ROUND 90]
[92mINFO [0m:      configure_fit: strategy sampled 5 clients (out of 10)
[36m(ClientAppActor pid=440492)[0m 
[36m(ClientAppActor pid=440492)[0m         
[36m(ClientAppActor pid=440497)[0m 
[36m(ClientAppActor pid=440497)[0m         
[36m(ClientAppActor pid=440499)[0m 
[36m(ClientAppActor pid=440499)[0m         
[36m(ClientAppActor pid=440479)[0m 
[36m(ClientAppActor pid=440479)[0m         
[36m(ClientAppActor pid=440470)[0m 
[36m(ClientAppActor pid=440470)[0m         
[92mINFO [0m:      aggregate_fit: received 5 results and 0 failures
[92mINFO [0m:      fit progress: (90, 1.9037008190440277, {'accuracy': 0.7347956131605184, 'balanced_accuracy': 0.28115550082763197, 'macro_f1': 0.26437320472308723, 'worst_class_f1': 0.0, 'worst_class_recall': 0.0, 'f1_actinic_keratoses_an': 0.0, 'recall_actinic_keratoses_an': 0.0, 'f1_basal_cell_carcinoma': 0.0, 'recall_basal_cell_carcinoma': 0.0, 'f1_benign_keratosis-lik': 0.4979919678714859, 'recall_benign_keratosis-lik': 0.5636363636363636, 'f1_dermatofibroma': 0.0, 'recall_dermatofibroma': 0.0, 'f1_melanoma': 0.4796380090497738, 'recall_melanoma': 0.4774774774774775, 'f1_melanocytic_nevi': 0.8729824561403509, 'recall_melanocytic_nevi': 0.9269746646795827, 'f1_vascular_lesions': 0.0, 'recall_vascular_lesions': 0.0}, 747.2984236109769)
[92mINFO [0m:      configure_evaluate: strategy sampled 10 clients (out of 10)
[92mINFO [0m:      aggregate_evaluate: received 10 results and 0 failures
[92mINFO [0m:      
[92mINFO [0m:      [ROUND 91]
[92mINFO [0m:      configure_fit: strategy sampled 5 clients (out of 10)
[36m(ClientAppActor pid=440494)[0m 
[36m(ClientAppActor pid=440494)[0m         
[36m(ClientAppActor pid=440494)[0m 
[36m(ClientAppActor pid=440494)[0m         
[36m(ClientAppActor pid=440494)[0m /home/bk489/federated_clean/cleanest_federated/fl-dermamnist-starter/metrics/evaluation.py:68: UserWarning: AUROC set to NaN because present classes are [2, 4, 5], expected [0, 1, 2, 3, 4, 5, 6][32m [repeated 11x across cluster][0m
[36m(ClientAppActor pid=440494)[0m   warnings.warn(f'AUROC set to NaN because present classes are {present_classes}, expected {labels}')[32m [repeated 11x across cluster][0m
[36m(ClientAppActor pid=440470)[0m /home/bk489/federated_clean/.venv/lib/python3.9/site-packages/sklearn/metrics/_classification.py:2524: UserWarning: y_pred contains classes not in y_true[32m [repeated 10x across cluster][0m
[36m(ClientAppActor pid=440470)[0m   warnings.warn("y_pred contains classes not in y_true")[32m [repeated 10x across cluster][0m
[36m(ClientAppActor pid=440494)[0m [93mWARNING [0m:   DEPRECATED FEATURE: `client_fn` now expects a signature `def client_fn(context: Context)`.The provided `client_fn` has signature: {'cid': <Parameter "cid: 'str'">}. You can import the `Context` like this: `from flwr.common import Context`[32m [repeated 16x across cluster][0m
[36m(ClientAppActor pid=440494)[0m             This is a deprecated feature. It will be removed[32m [repeated 16x across cluster][0m
[36m(ClientAppActor pid=440494)[0m             entirely in future versions of Flower.[32m [repeated 16x across cluster][0m
[36m(ClientAppActor pid=440492)[0m 
[36m(ClientAppActor pid=440492)[0m         
[36m(ClientAppActor pid=440497)[0m 
[36m(ClientAppActor pid=440497)[0m         
[36m(ClientAppActor pid=440499)[0m 
[36m(ClientAppActor pid=440499)[0m         
[36m(ClientAppActor pid=440493)[0m 
[36m(ClientAppActor pid=440493)[0m         
[36m(ClientAppActor pid=440493)[0m 
[36m(ClientAppActor pid=440493)[0m         
[36m(ClientAppActor pid=440479)[0m 
[36m(ClientAppActor pid=440479)[0m         
[36m(ClientAppActor pid=440496)[0m 
[36m(ClientAppActor pid=440496)[0m         
[36m(ClientAppActor pid=440496)[0m 
[36m(ClientAppActor pid=440496)[0m         
[36m(ClientAppActor pid=440469)[0m 
[36m(ClientAppActor pid=440469)[0m         
[36m(ClientAppActor pid=440469)[0m 
[36m(ClientAppActor pid=440469)[0m         
[36m(ClientAppActor pid=440470)[0m 
[36m(ClientAppActor pid=440470)[0m         
[36m(ClientAppActor pid=440478)[0m 
[36m(ClientAppActor pid=440478)[0m         
[36m(ClientAppActor pid=440478)[0m 
[36m(ClientAppActor pid=440478)[0m         
[92mINFO [0m:      aggregate_fit: received 5 results and 0 failures
[92mINFO [0m:      fit progress: (91, 1.8103654957483202, {'accuracy': 0.7288135593220338, 'balanced_accuracy': 0.284186187464876, 'macro_f1': 0.26318644156244436, 'worst_class_f1': 0.0, 'worst_class_recall': 0.0, 'f1_actinic_keratoses_an': 0.0, 'recall_actinic_keratoses_an': 0.0, 'f1_basal_cell_carcinoma': 0.0, 'recall_basal_cell_carcinoma': 0.0, 'f1_benign_keratosis-lik': 0.4883720930232558, 'recall_benign_keratosis-lik': 0.5727272727272728, 'f1_dermatofibroma': 0.0, 'recall_dermatofibroma': 0.0, 'f1_melanoma': 0.4827586206896552, 'recall_melanoma': 0.5045045045045045, 'f1_melanocytic_nevi': 0.8711743772241993, 'recall_melanocytic_nevi': 0.9120715350223547, 'f1_vascular_lesions': 0.0, 'recall_vascular_lesions': 0.0}, 755.3234698519809)
[92mINFO [0m:      configure_evaluate: strategy sampled 10 clients (out of 10)
[92mINFO [0m:      aggregate_evaluate: received 10 results and 0 failures
[92mINFO [0m:      
[92mINFO [0m:      [ROUND 92]
[92mINFO [0m:      configure_fit: strategy sampled 5 clients (out of 10)
[36m(ClientAppActor pid=440494)[0m 
[36m(ClientAppActor pid=440494)[0m         
[36m(ClientAppActor pid=440494)[0m /home/bk489/federated_clean/cleanest_federated/fl-dermamnist-starter/metrics/evaluation.py:68: UserWarning: AUROC set to NaN because present classes are [2, 4, 5], expected [0, 1, 2, 3, 4, 5, 6][32m [repeated 10x across cluster][0m
[36m(ClientAppActor pid=440494)[0m   warnings.warn(f'AUROC set to NaN because present classes are {present_classes}, expected {labels}')[32m [repeated 10x across cluster][0m
[36m(ClientAppActor pid=440478)[0m /home/bk489/federated_clean/.venv/lib/python3.9/site-packages/sklearn/metrics/_classification.py:2524: UserWarning: y_pred contains classes not in y_true[32m [repeated 7x across cluster][0m
[36m(ClientAppActor pid=440478)[0m   warnings.warn("y_pred contains classes not in y_true")[32m [repeated 7x across cluster][0m
[36m(ClientAppActor pid=440494)[0m [93mWARNING [0m:   DEPRECATED FEATURE: `client_fn` now expects a signature `def client_fn(context: Context)`.The provided `client_fn` has signature: {'cid': <Parameter "cid: 'str'">}. You can import the `Context` like this: `from flwr.common import Context`[32m [repeated 14x across cluster][0m
[36m(ClientAppActor pid=440494)[0m             This is a deprecated feature. It will be removed[32m [repeated 14x across cluster][0m
[36m(ClientAppActor pid=440494)[0m             entirely in future versions of Flower.[32m [repeated 14x across cluster][0m
[36m(ClientAppActor pid=440492)[0m 
[36m(ClientAppActor pid=440492)[0m         
[36m(ClientAppActor pid=440497)[0m 
[36m(ClientAppActor pid=440497)[0m         
[36m(ClientAppActor pid=440499)[0m 
[36m(ClientAppActor pid=440499)[0m         
[36m(ClientAppActor pid=440493)[0m 
[36m(ClientAppActor pid=440493)[0m         
[36m(ClientAppActor pid=440479)[0m 
[36m(ClientAppActor pid=440479)[0m         
[36m(ClientAppActor pid=440496)[0m 
[36m(ClientAppActor pid=440496)[0m         
[36m(ClientAppActor pid=440469)[0m 
[36m(ClientAppActor pid=440469)[0m         
[36m(ClientAppActor pid=440470)[0m 
[36m(ClientAppActor pid=440470)[0m         
[36m(ClientAppActor pid=440478)[0m 
[36m(ClientAppActor pid=440478)[0m         
[36m(ClientAppActor pid=440492)[0m 
[36m(ClientAppActor pid=440492)[0m         
[36m(ClientAppActor pid=440499)[0m 
[36m(ClientAppActor pid=440499)[0m         
[36m(ClientAppActor pid=440493)[0m 
[36m(ClientAppActor pid=440493)[0m         
[36m(ClientAppActor pid=440479)[0m 
[36m(ClientAppActor pid=440479)[0m         
[36m(ClientAppActor pid=440470)[0m 
[36m(ClientAppActor pid=440470)[0m         
[92mINFO [0m:      aggregate_fit: received 5 results and 0 failures
[92mINFO [0m:      fit progress: (92, 1.76919028076788, {'accuracy': 0.711864406779661, 'balanced_accuracy': 0.2966175089125909, 'macro_f1': 0.27902430270285633, 'worst_class_f1': 0.0, 'worst_class_recall': 0.0, 'f1_actinic_keratoses_an': 0.05714285714285714, 'recall_actinic_keratoses_an': 0.030303030303030304, 'f1_basal_cell_carcinoma': 0.0967741935483871, 'recall_basal_cell_carcinoma': 0.057692307692307696, 'f1_benign_keratosis-lik': 0.4835164835164835, 'recall_benign_keratosis-lik': 0.6, 'f1_dermatofibroma': 0.0, 'recall_dermatofibroma': 0.0, 'f1_melanoma': 0.4505928853754941, 'recall_melanoma': 0.5135135135135135, 'f1_melanocytic_nevi': 0.8651436993367723, 'recall_melanocytic_nevi': 0.8748137108792846, 'f1_vascular_lesions': 0.0, 'recall_vascular_lesions': 0.0}, 764.0584365699906)
[92mINFO [0m:      configure_evaluate: strategy sampled 10 clients (out of 10)
[92mINFO [0m:      aggregate_evaluate: received 10 results and 0 failures
[92mINFO [0m:      
[92mINFO [0m:      [ROUND 93]
[92mINFO [0m:      configure_fit: strategy sampled 5 clients (out of 10)
[36m(ClientAppActor pid=440494)[0m 
[36m(ClientAppActor pid=440494)[0m         
[36m(ClientAppActor pid=440494)[0m /home/bk489/federated_clean/cleanest_federated/fl-dermamnist-starter/metrics/evaluation.py:68: UserWarning: AUROC set to NaN because present classes are [2, 4, 5], expected [0, 1, 2, 3, 4, 5, 6][32m [repeated 10x across cluster][0m
[36m(ClientAppActor pid=440494)[0m   warnings.warn(f'AUROC set to NaN because present classes are {present_classes}, expected {labels}')[32m [repeated 10x across cluster][0m
[36m(ClientAppActor pid=440494)[0m /home/bk489/federated_clean/.venv/lib/python3.9/site-packages/sklearn/metrics/_classification.py:2524: UserWarning: y_pred contains classes not in y_true[32m [repeated 8x across cluster][0m
[36m(ClientAppActor pid=440494)[0m   warnings.warn("y_pred contains classes not in y_true")[32m [repeated 8x across cluster][0m
[36m(ClientAppActor pid=440494)[0m [93mWARNING [0m:   DEPRECATED FEATURE: `client_fn` now expects a signature `def client_fn(context: Context)`.The provided `client_fn` has signature: {'cid': <Parameter "cid: 'str'">}. You can import the `Context` like this: `from flwr.common import Context`[32m [repeated 15x across cluster][0m
[36m(ClientAppActor pid=440494)[0m             This is a deprecated feature. It will be removed[32m [repeated 15x across cluster][0m
[36m(ClientAppActor pid=440494)[0m             entirely in future versions of Flower.[32m [repeated 15x across cluster][0m
[36m(ClientAppActor pid=440492)[0m 
[36m(ClientAppActor pid=440492)[0m         
[36m(ClientAppActor pid=440497)[0m 
[36m(ClientAppActor pid=440497)[0m         
[36m(ClientAppActor pid=440499)[0m 
[36m(ClientAppActor pid=440499)[0m         
[36m(ClientAppActor pid=440493)[0m 
[36m(ClientAppActor pid=440493)[0m         
[36m(ClientAppActor pid=440479)[0m 
[36m(ClientAppActor pid=440479)[0m         
[36m(ClientAppActor pid=440496)[0m 
[36m(ClientAppActor pid=440496)[0m         
[36m(ClientAppActor pid=440469)[0m 
[36m(ClientAppActor pid=440469)[0m         
[36m(ClientAppActor pid=440470)[0m 
[36m(ClientAppActor pid=440470)[0m         
[36m(ClientAppActor pid=440478)[0m 
[36m(ClientAppActor pid=440478)[0m         
[36m(ClientAppActor pid=440494)[0m 
[36m(ClientAppActor pid=440494)[0m         
[36m(ClientAppActor pid=440479)[0m 
[36m(ClientAppActor pid=440479)[0m         
[36m(ClientAppActor pid=440496)[0m 
[36m(ClientAppActor pid=440496)[0m         
[36m(ClientAppActor pid=440469)[0m 
[36m(ClientAppActor pid=440469)[0m         
[36m(ClientAppActor pid=440478)[0m 
[36m(ClientAppActor pid=440478)[0m         
[92mINFO [0m:      aggregate_fit: received 5 results and 0 failures
[92mINFO [0m:      fit progress: (93, 1.6177627919083934, {'accuracy': 0.7248255234297108, 'balanced_accuracy': 0.29514979187110335, 'macro_f1': 0.28835677931354514, 'worst_class_f1': 0.0, 'worst_class_recall': 0.0, 'f1_actinic_keratoses_an': 0.05, 'recall_actinic_keratoses_an': 0.030303030303030304, 'f1_basal_cell_carcinoma': 0.1518987341772152, 'recall_basal_cell_carcinoma': 0.11538461538461539, 'f1_benign_keratosis-lik': 0.48854961832061067, 'recall_benign_keratosis-lik': 0.5818181818181818, 'f1_dermatofibroma': 0.0, 'recall_dermatofibroma': 0.0, 'f1_melanoma': 0.4507042253521127, 'recall_melanoma': 0.43243243243243246, 'f1_melanocytic_nevi': 0.8773448773448773, 'recall_melanocytic_nevi': 0.9061102831594635, 'f1_vascular_lesions': 0.0, 'recall_vascular_lesions': 0.0}, 772.7794395079836)
[92mINFO [0m:      configure_evaluate: strategy sampled 10 clients (out of 10)
[92mINFO [0m:      aggregate_evaluate: received 10 results and 0 failures
[92mINFO [0m:      
[92mINFO [0m:      [ROUND 94]
[92mINFO [0m:      configure_fit: strategy sampled 5 clients (out of 10)
[36m(ClientAppActor pid=440494)[0m 
[36m(ClientAppActor pid=440494)[0m         
[36m(ClientAppActor pid=440494)[0m /home/bk489/federated_clean/cleanest_federated/fl-dermamnist-starter/metrics/evaluation.py:68: UserWarning: AUROC set to NaN because present classes are [0, 1, 3], expected [0, 1, 2, 3, 4, 5, 6][32m [repeated 10x across cluster][0m
[36m(ClientAppActor pid=440494)[0m   warnings.warn(f'AUROC set to NaN because present classes are {present_classes}, expected {labels}')[32m [repeated 10x across cluster][0m
[36m(ClientAppActor pid=440494)[0m /home/bk489/federated_clean/.venv/lib/python3.9/site-packages/sklearn/metrics/_classification.py:2524: UserWarning: y_pred contains classes not in y_true[32m [repeated 10x across cluster][0m
[36m(ClientAppActor pid=440494)[0m   warnings.warn("y_pred contains classes not in y_true")[32m [repeated 10x across cluster][0m
[36m(ClientAppActor pid=440494)[0m [93mWARNING [0m:   DEPRECATED FEATURE: `client_fn` now expects a signature `def client_fn(context: Context)`.The provided `client_fn` has signature: {'cid': <Parameter "cid: 'str'">}. You can import the `Context` like this: `from flwr.common import Context`[32m [repeated 15x across cluster][0m
[36m(ClientAppActor pid=440494)[0m             This is a deprecated feature. It will be removed[32m [repeated 15x across cluster][0m
[36m(ClientAppActor pid=440494)[0m             entirely in future versions of Flower.[32m [repeated 15x across cluster][0m
[36m(ClientAppActor pid=440492)[0m 
[36m(ClientAppActor pid=440492)[0m         
[36m(ClientAppActor pid=440497)[0m 
[36m(ClientAppActor pid=440497)[0m         
[36m(ClientAppActor pid=440499)[0m 
[36m(ClientAppActor pid=440499)[0m         
[36m(ClientAppActor pid=440499)[0m 
[36m(ClientAppActor pid=440499)[0m         
[36m(ClientAppActor pid=440493)[0m 
[36m(ClientAppActor pid=440493)[0m         
[36m(ClientAppActor pid=440479)[0m 
[36m(ClientAppActor pid=440479)[0m         
[36m(ClientAppActor pid=440496)[0m 
[36m(ClientAppActor pid=440496)[0m         
[36m(ClientAppActor pid=440469)[0m 
[36m(ClientAppActor pid=440469)[0m         
[36m(ClientAppActor pid=440470)[0m 
[36m(ClientAppActor pid=440470)[0m         
[36m(ClientAppActor pid=440478)[0m 
[36m(ClientAppActor pid=440478)[0m         
[36m(ClientAppActor pid=440470)[0m 
[36m(ClientAppActor pid=440470)[0m         
[36m(ClientAppActor pid=440492)[0m 
[36m(ClientAppActor pid=440492)[0m         
[36m(ClientAppActor pid=440497)[0m 
[36m(ClientAppActor pid=440497)[0m         
[36m(ClientAppActor pid=440469)[0m 
[36m(ClientAppActor pid=440469)[0m         
[92mINFO [0m:      aggregate_fit: received 5 results and 0 failures
[92mINFO [0m:      fit progress: (94, 1.706615135534216, {'accuracy': 0.6999002991026919, 'balanced_accuracy': 0.3170677498546351, 'macro_f1': 0.3005598919581215, 'worst_class_f1': 0.0, 'worst_class_recall': 0.0, 'f1_actinic_keratoses_an': 0.14084507042253522, 'recall_actinic_keratoses_an': 0.15151515151515152, 'f1_basal_cell_carcinoma': 0.1348314606741573, 'recall_basal_cell_carcinoma': 0.11538461538461539, 'f1_benign_keratosis-lik': 0.5, 'recall_benign_keratosis-lik': 0.6090909090909091, 'f1_dermatofibroma': 0.0, 'recall_dermatofibroma': 0.0, 'f1_melanoma': 0.46218487394957986, 'recall_melanoma': 0.4954954954954955, 'f1_melanocytic_nevi': 0.8660578386605784, 'recall_melanocytic_nevi': 0.8479880774962743, 'f1_vascular_lesions': 0.0, 'recall_vascular_lesions': 0.0}, 779.9614152639988)
[92mINFO [0m:      configure_evaluate: strategy sampled 10 clients (out of 10)
[36m(ClientAppActor pid=440469)[0m 
[36m(ClientAppActor pid=440469)[0m         
[36m(ClientAppActor pid=440478)[0m /home/bk489/federated_clean/cleanest_federated/fl-dermamnist-starter/metrics/evaluation.py:68: UserWarning: AUROC set to NaN because present classes are [0, 1, 3], expected [0, 1, 2, 3, 4, 5, 6][32m [repeated 9x across cluster][0m
[36m(ClientAppActor pid=440478)[0m   warnings.warn(f'AUROC set to NaN because present classes are {present_classes}, expected {labels}')[32m [repeated 9x across cluster][0m
[36m(ClientAppActor pid=440478)[0m /home/bk489/federated_clean/.venv/lib/python3.9/site-packages/sklearn/metrics/_classification.py:2524: UserWarning: y_pred contains classes not in y_true[32m [repeated 9x across cluster][0m
[36m(ClientAppActor pid=440478)[0m   warnings.warn("y_pred contains classes not in y_true")[32m [repeated 9x across cluster][0m
[36m(ClientAppActor pid=440469)[0m [93mWARNING [0m:   DEPRECATED FEATURE: `client_fn` now expects a signature `def client_fn(context: Context)`.The provided `client_fn` has signature: {'cid': <Parameter "cid: 'str'">}. You can import the `Context` like this: `from flwr.common import Context`[32m [repeated 15x across cluster][0m
[36m(ClientAppActor pid=440469)[0m             This is a deprecated feature. It will be removed[32m [repeated 15x across cluster][0m
[36m(ClientAppActor pid=440469)[0m             entirely in future versions of Flower.[32m [repeated 15x across cluster][0m
[92mINFO [0m:      aggregate_evaluate: received 10 results and 0 failures
[92mINFO [0m:      
[92mINFO [0m:      [ROUND 95]
[92mINFO [0m:      configure_fit: strategy sampled 5 clients (out of 10)
[36m(ClientAppActor pid=440494)[0m 
[36m(ClientAppActor pid=440494)[0m         
[36m(ClientAppActor pid=440492)[0m 
[36m(ClientAppActor pid=440492)[0m         
[36m(ClientAppActor pid=440497)[0m 
[36m(ClientAppActor pid=440497)[0m         
[36m(ClientAppActor pid=440499)[0m 
[36m(ClientAppActor pid=440499)[0m         
[36m(ClientAppActor pid=440493)[0m 
[36m(ClientAppActor pid=440493)[0m         
[36m(ClientAppActor pid=440479)[0m 
[36m(ClientAppActor pid=440479)[0m         
[36m(ClientAppActor pid=440496)[0m 
[36m(ClientAppActor pid=440496)[0m         
[36m(ClientAppActor pid=440470)[0m 
[36m(ClientAppActor pid=440470)[0m         
[36m(ClientAppActor pid=440478)[0m 
[36m(ClientAppActor pid=440478)[0m         
[36m(ClientAppActor pid=440478)[0m 
[36m(ClientAppActor pid=440478)[0m         
[36m(ClientAppActor pid=440494)[0m 
[36m(ClientAppActor pid=440494)[0m         
[36m(ClientAppActor pid=440496)[0m 
[36m(ClientAppActor pid=440496)[0m         
[36m(ClientAppActor pid=440492)[0m 
[36m(ClientAppActor pid=440492)[0m         
[36m(ClientAppActor pid=440493)[0m 
[36m(ClientAppActor pid=440493)[0m         
[92mINFO [0m:      aggregate_fit: received 5 results and 0 failures
[92mINFO [0m:      fit progress: (95, 1.8734466646865737, {'accuracy': 0.7357926221335992, 'balanced_accuracy': 0.28929665077206057, 'macro_f1': 0.27097725134300704, 'worst_class_f1': 0.0, 'worst_class_recall': 0.0, 'f1_actinic_keratoses_an': 0.0, 'recall_actinic_keratoses_an': 0.0, 'f1_basal_cell_carcinoma': 0.03773584905660377, 'recall_basal_cell_carcinoma': 0.019230769230769232, 'f1_benign_keratosis-lik': 0.4980544747081712, 'recall_benign_keratosis-lik': 0.5818181818181818, 'f1_dermatofibroma': 0.0, 'recall_dermatofibroma': 0.0, 'f1_melanoma': 0.4827586206896552, 'recall_melanoma': 0.5045045045045045, 'f1_melanocytic_nevi': 0.8782918149466192, 'recall_melanocytic_nevi': 0.9195230998509687, 'f1_vascular_lesions': 0.0, 'recall_vascular_lesions': 0.0}, 790.3664166359813)
[92mINFO [0m:      configure_evaluate: strategy sampled 10 clients (out of 10)
[36m(ClientAppActor pid=440494)[0m 
[36m(ClientAppActor pid=440494)[0m         
[36m(ClientAppActor pid=440494)[0m /home/bk489/federated_clean/cleanest_federated/fl-dermamnist-starter/metrics/evaluation.py:68: UserWarning: AUROC set to NaN because present classes are [0, 1, 3], expected [0, 1, 2, 3, 4, 5, 6][32m [repeated 11x across cluster][0m
[36m(ClientAppActor pid=440494)[0m   warnings.warn(f'AUROC set to NaN because present classes are {present_classes}, expected {labels}')[32m [repeated 11x across cluster][0m
[36m(ClientAppActor pid=440494)[0m /home/bk489/federated_clean/.venv/lib/python3.9/site-packages/sklearn/metrics/_classification.py:2524: UserWarning: y_pred contains classes not in y_true[32m [repeated 11x across cluster][0m
[36m(ClientAppActor pid=440494)[0m   warnings.warn("y_pred contains classes not in y_true")[32m [repeated 11x across cluster][0m
[36m(ClientAppActor pid=440494)[0m [93mWARNING [0m:   DEPRECATED FEATURE: `client_fn` now expects a signature `def client_fn(context: Context)`.The provided `client_fn` has signature: {'cid': <Parameter "cid: 'str'">}. You can import the `Context` like this: `from flwr.common import Context`[32m [repeated 15x across cluster][0m
[36m(ClientAppActor pid=440494)[0m             This is a deprecated feature. It will be removed[32m [repeated 15x across cluster][0m
[36m(ClientAppActor pid=440494)[0m             entirely in future versions of Flower.[32m [repeated 15x across cluster][0m
[36m(ClientAppActor pid=440492)[0m 
[36m(ClientAppActor pid=440492)[0m         
[36m(ClientAppActor pid=440497)[0m 
[36m(ClientAppActor pid=440497)[0m         
[36m(ClientAppActor pid=440499)[0m 
[36m(ClientAppActor pid=440499)[0m         
[36m(ClientAppActor pid=440493)[0m 
[36m(ClientAppActor pid=440493)[0m         
[36m(ClientAppActor pid=440479)[0m 
[36m(ClientAppActor pid=440479)[0m         
[36m(ClientAppActor pid=440496)[0m 
[36m(ClientAppActor pid=440496)[0m         
[36m(ClientAppActor pid=440469)[0m 
[36m(ClientAppActor pid=440469)[0m         
[36m(ClientAppActor pid=440470)[0m 
[36m(ClientAppActor pid=440470)[0m         
[36m(ClientAppActor pid=440478)[0m 
[36m(ClientAppActor pid=440478)[0m         
[92mINFO [0m:      aggregate_evaluate: received 10 results and 0 failures
[92mINFO [0m:      
[92mINFO [0m:      [ROUND 96]
[92mINFO [0m:      configure_fit: strategy sampled 5 clients (out of 10)
[36m(ClientAppActor pid=440497)[0m 
[36m(ClientAppActor pid=440497)[0m         
[36m(ClientAppActor pid=440499)[0m 
[36m(ClientAppActor pid=440499)[0m         
[36m(ClientAppActor pid=440469)[0m 
[36m(ClientAppActor pid=440469)[0m         
[36m(ClientAppActor pid=440470)[0m 
[36m(ClientAppActor pid=440470)[0m         
[36m(ClientAppActor pid=440478)[0m 
[36m(ClientAppActor pid=440478)[0m         
[92mINFO [0m:      aggregate_fit: received 5 results and 0 failures
[92mINFO [0m:      fit progress: (96, 1.7004202522285439, {'accuracy': 0.7168494516450648, 'balanced_accuracy': 0.3002397690922281, 'macro_f1': 0.2848516580956054, 'worst_class_f1': 0.0, 'worst_class_recall': 0.0, 'f1_actinic_keratoses_an': 0.05555555555555555, 'recall_actinic_keratoses_an': 0.030303030303030304, 'f1_basal_cell_carcinoma': 0.1095890410958904, 'recall_basal_cell_carcinoma': 0.07692307692307693, 'f1_benign_keratosis-lik': 0.49097472924187724, 'recall_benign_keratosis-lik': 0.6181818181818182, 'f1_dermatofibroma': 0.0, 'recall_dermatofibroma': 0.0, 'f1_melanoma': 0.46808510638297873, 'recall_melanoma': 0.4954954954954955, 'f1_melanocytic_nevi': 0.869757174392936, 'recall_melanocytic_nevi': 0.8807749627421758, 'f1_vascular_lesions': 0.0, 'recall_vascular_lesions': 0.0}, 798.8572708400025)
[92mINFO [0m:      configure_evaluate: strategy sampled 10 clients (out of 10)
[36m(ClientAppActor pid=440478)[0m 
[36m(ClientAppActor pid=440478)[0m         
[36m(ClientAppActor pid=440470)[0m /home/bk489/federated_clean/cleanest_federated/fl-dermamnist-starter/metrics/evaluation.py:68: UserWarning: AUROC set to NaN because present classes are [0, 1, 3], expected [0, 1, 2, 3, 4, 5, 6][32m [repeated 9x across cluster][0m
[36m(ClientAppActor pid=440470)[0m   warnings.warn(f'AUROC set to NaN because present classes are {present_classes}, expected {labels}')[32m [repeated 9x across cluster][0m
[36m(ClientAppActor pid=440470)[0m /home/bk489/federated_clean/.venv/lib/python3.9/site-packages/sklearn/metrics/_classification.py:2524: UserWarning: y_pred contains classes not in y_true[32m [repeated 7x across cluster][0m
[36m(ClientAppActor pid=440470)[0m   warnings.warn("y_pred contains classes not in y_true")[32m [repeated 7x across cluster][0m
[36m(ClientAppActor pid=440478)[0m [93mWARNING [0m:   DEPRECATED FEATURE: `client_fn` now expects a signature `def client_fn(context: Context)`.The provided `client_fn` has signature: {'cid': <Parameter "cid: 'str'">}. You can import the `Context` like this: `from flwr.common import Context`[32m [repeated 15x across cluster][0m
[36m(ClientAppActor pid=440478)[0m             This is a deprecated feature. It will be removed[32m [repeated 15x across cluster][0m
[36m(ClientAppActor pid=440478)[0m             entirely in future versions of Flower.[32m [repeated 15x across cluster][0m
[36m(ClientAppActor pid=440497)[0m 
[36m(ClientAppActor pid=440497)[0m         
[92mINFO [0m:      aggregate_evaluate: received 10 results and 0 failures
[92mINFO [0m:      
[92mINFO [0m:      [ROUND 97]
[92mINFO [0m:      configure_fit: strategy sampled 5 clients (out of 10)
[36m(ClientAppActor pid=440494)[0m 
[36m(ClientAppActor pid=440494)[0m         
[36m(ClientAppActor pid=440494)[0m 
[36m(ClientAppActor pid=440494)[0m         
[36m(ClientAppActor pid=440492)[0m 
[36m(ClientAppActor pid=440492)[0m         
[36m(ClientAppActor pid=440492)[0m 
[36m(ClientAppActor pid=440492)[0m         
[36m(ClientAppActor pid=440499)[0m 
[36m(ClientAppActor pid=440499)[0m         
[36m(ClientAppActor pid=440493)[0m 
[36m(ClientAppActor pid=440493)[0m         
[36m(ClientAppActor pid=440493)[0m 
[36m(ClientAppActor pid=440493)[0m         
[36m(ClientAppActor pid=440479)[0m 
[36m(ClientAppActor pid=440479)[0m         
[36m(ClientAppActor pid=440479)[0m 
[36m(ClientAppActor pid=440479)[0m         
[36m(ClientAppActor pid=440496)[0m 
[36m(ClientAppActor pid=440496)[0m         
[36m(ClientAppActor pid=440496)[0m 
[36m(ClientAppActor pid=440496)[0m         
[36m(ClientAppActor pid=440469)[0m 
[36m(ClientAppActor pid=440469)[0m         
[36m(ClientAppActor pid=440470)[0m 
[36m(ClientAppActor pid=440470)[0m         
[92mINFO [0m:      aggregate_fit: received 5 results and 0 failures
[92mINFO [0m:      fit progress: (97, 1.7568249298354326, {'accuracy': 0.7318045862412762, 'balanced_accuracy': 0.2798405478733348, 'macro_f1': 0.26656261832354167, 'worst_class_f1': 0.0, 'worst_class_recall': 0.0, 'f1_actinic_keratoses_an': 0.0, 'recall_actinic_keratoses_an': 0.0, 'f1_basal_cell_carcinoma': 0.03333333333333333, 'recall_basal_cell_carcinoma': 0.019230769230769232, 'f1_benign_keratosis-lik': 0.49411764705882355, 'recall_benign_keratosis-lik': 0.5727272727272728, 'f1_dermatofibroma': 0.0, 'recall_dermatofibroma': 0.0, 'f1_melanoma': 0.46445497630331756, 'recall_melanoma': 0.44144144144144143, 'f1_melanocytic_nevi': 0.8740323715693173, 'recall_melanocytic_nevi': 0.9254843517138599, 'f1_vascular_lesions': 0.0, 'recall_vascular_lesions': 0.0}, 807.210564189998)
[92mINFO [0m:      configure_evaluate: strategy sampled 10 clients (out of 10)
[36m(ClientAppActor pid=440494)[0m 
[36m(ClientAppActor pid=440494)[0m         
[36m(ClientAppActor pid=440494)[0m /home/bk489/federated_clean/cleanest_federated/fl-dermamnist-starter/metrics/evaluation.py:68: UserWarning: AUROC set to NaN because present classes are [2, 4, 5], expected [0, 1, 2, 3, 4, 5, 6][32m [repeated 11x across cluster][0m
[36m(ClientAppActor pid=440494)[0m   warnings.warn(f'AUROC set to NaN because present classes are {present_classes}, expected {labels}')[32m [repeated 11x across cluster][0m
[36m(ClientAppActor pid=440494)[0m /home/bk489/federated_clean/.venv/lib/python3.9/site-packages/sklearn/metrics/_classification.py:2524: UserWarning: y_pred contains classes not in y_true[32m [repeated 11x across cluster][0m
[36m(ClientAppActor pid=440494)[0m   warnings.warn("y_pred contains classes not in y_true")[32m [repeated 11x across cluster][0m
[36m(ClientAppActor pid=440494)[0m [93mWARNING [0m:   DEPRECATED FEATURE: `client_fn` now expects a signature `def client_fn(context: Context)`.The provided `client_fn` has signature: {'cid': <Parameter "cid: 'str'">}. You can import the `Context` like this: `from flwr.common import Context`[32m [repeated 15x across cluster][0m
[36m(ClientAppActor pid=440494)[0m             This is a deprecated feature. It will be removed[32m [repeated 15x across cluster][0m
[36m(ClientAppActor pid=440494)[0m             entirely in future versions of Flower.[32m [repeated 15x across cluster][0m
[36m(ClientAppActor pid=440492)[0m 
[36m(ClientAppActor pid=440492)[0m         
[36m(ClientAppActor pid=440497)[0m 
[36m(ClientAppActor pid=440497)[0m         
[36m(ClientAppActor pid=440499)[0m 
[36m(ClientAppActor pid=440499)[0m         
[36m(ClientAppActor pid=440493)[0m 
[36m(ClientAppActor pid=440493)[0m         
[36m(ClientAppActor pid=440479)[0m 
[36m(ClientAppActor pid=440479)[0m         
[36m(ClientAppActor pid=440496)[0m 
[36m(ClientAppActor pid=440496)[0m         
[36m(ClientAppActor pid=440469)[0m 
[36m(ClientAppActor pid=440469)[0m         
[36m(ClientAppActor pid=440470)[0m 
[36m(ClientAppActor pid=440470)[0m         
[36m(ClientAppActor pid=440478)[0m 
[36m(ClientAppActor pid=440478)[0m         
[92mINFO [0m:      aggregate_evaluate: received 10 results and 0 failures
[92mINFO [0m:      
[92mINFO [0m:      [ROUND 98]
[92mINFO [0m:      configure_fit: strategy sampled 5 clients (out of 10)
[36m(ClientAppActor pid=440497)[0m 
[36m(ClientAppActor pid=440497)[0m         
[36m(ClientAppActor pid=440496)[0m 
[36m(ClientAppActor pid=440496)[0m         
[36m(ClientAppActor pid=440469)[0m 
[36m(ClientAppActor pid=440469)[0m         
[36m(ClientAppActor pid=440470)[0m 
[36m(ClientAppActor pid=440470)[0m         
[36m(ClientAppActor pid=440478)[0m 
[36m(ClientAppActor pid=440478)[0m         
[92mINFO [0m:      aggregate_fit: received 5 results and 0 failures
[92mINFO [0m:      fit progress: (98, 1.8335813758142687, {'accuracy': 0.7318045862412762, 'balanced_accuracy': 0.29258454586323435, 'macro_f1': 0.27755778319804475, 'worst_class_f1': 0.0, 'worst_class_recall': 0.0, 'f1_actinic_keratoses_an': 0.05714285714285714, 'recall_actinic_keratoses_an': 0.030303030303030304, 'f1_basal_cell_carcinoma': 0.03571428571428571, 'recall_basal_cell_carcinoma': 0.019230769230769232, 'f1_benign_keratosis-lik': 0.4981132075471698, 'recall_benign_keratosis-lik': 0.6, 'f1_dermatofibroma': 0.0, 'recall_dermatofibroma': 0.0, 'f1_melanoma': 0.47577092511013214, 'recall_melanoma': 0.4864864864864865, 'f1_melanocytic_nevi': 0.8761632068718683, 'recall_melanocytic_nevi': 0.9120715350223547, 'f1_vascular_lesions': 0.0, 'recall_vascular_lesions': 0.0}, 815.3963289459934)
[92mINFO [0m:      configure_evaluate: strategy sampled 10 clients (out of 10)
[36m(ClientAppActor pid=440497)[0m 
[36m(ClientAppActor pid=440497)[0m         
[36m(ClientAppActor pid=440470)[0m /home/bk489/federated_clean/cleanest_federated/fl-dermamnist-starter/metrics/evaluation.py:68: UserWarning: AUROC set to NaN because present classes are [2, 4, 5], expected [0, 1, 2, 3, 4, 5, 6][32m [repeated 9x across cluster][0m
[36m(ClientAppActor pid=440470)[0m   warnings.warn(f'AUROC set to NaN because present classes are {present_classes}, expected {labels}')[32m [repeated 9x across cluster][0m
[36m(ClientAppActor pid=440470)[0m /home/bk489/federated_clean/.venv/lib/python3.9/site-packages/sklearn/metrics/_classification.py:2524: UserWarning: y_pred contains classes not in y_true[32m [repeated 9x across cluster][0m
[36m(ClientAppActor pid=440470)[0m   warnings.warn("y_pred contains classes not in y_true")[32m [repeated 9x across cluster][0m
[36m(ClientAppActor pid=440497)[0m [93mWARNING [0m:   DEPRECATED FEATURE: `client_fn` now expects a signature `def client_fn(context: Context)`.The provided `client_fn` has signature: {'cid': <Parameter "cid: 'str'">}. You can import the `Context` like this: `from flwr.common import Context`[32m [repeated 15x across cluster][0m
[36m(ClientAppActor pid=440497)[0m             This is a deprecated feature. It will be removed[32m [repeated 15x across cluster][0m
[36m(ClientAppActor pid=440497)[0m             entirely in future versions of Flower.[32m [repeated 15x across cluster][0m
[36m(ClientAppActor pid=440478)[0m 
[36m(ClientAppActor pid=440478)[0m         
[36m(ClientAppActor pid=440496)[0m 
[36m(ClientAppActor pid=440496)[0m         
[36m(ClientAppActor pid=440470)[0m 
[36m(ClientAppActor pid=440470)[0m         
[36m(ClientAppActor pid=440469)[0m 
[36m(ClientAppActor pid=440469)[0m         
[36m(ClientAppActor pid=440494)[0m 
[36m(ClientAppActor pid=440494)[0m         
[36m(ClientAppActor pid=440479)[0m 
[36m(ClientAppActor pid=440479)[0m         
[92mINFO [0m:      aggregate_evaluate: received 10 results and 0 failures
[92mINFO [0m:      
[92mINFO [0m:      [ROUND 99]
[92mINFO [0m:      configure_fit: strategy sampled 5 clients (out of 10)
[36m(ClientAppActor pid=440492)[0m 
[36m(ClientAppActor pid=440492)[0m         
[36m(ClientAppActor pid=440499)[0m 
[36m(ClientAppActor pid=440499)[0m         
[36m(ClientAppActor pid=440493)[0m 
[36m(ClientAppActor pid=440493)[0m         
[36m(ClientAppActor pid=440494)[0m 
[36m(ClientAppActor pid=440494)[0m         
[36m(ClientAppActor pid=440492)[0m 
[36m(ClientAppActor pid=440492)[0m         
[36m(ClientAppActor pid=440499)[0m 
[36m(ClientAppActor pid=440499)[0m         
[36m(ClientAppActor pid=440493)[0m 
[36m(ClientAppActor pid=440493)[0m         
[36m(ClientAppActor pid=440479)[0m 
[36m(ClientAppActor pid=440479)[0m         
[92mINFO [0m:      aggregate_fit: received 5 results and 0 failures
[92mINFO [0m:      fit progress: (99, 1.8311410753700812, {'accuracy': 0.7367896311066799, 'balanced_accuracy': 0.28823175790388905, 'macro_f1': 0.2781395171998797, 'worst_class_f1': 0.0, 'worst_class_recall': 0.0, 'f1_actinic_keratoses_an': 0.058823529411764705, 'recall_actinic_keratoses_an': 0.030303030303030304, 'f1_basal_cell_carcinoma': 0.03636363636363636, 'recall_basal_cell_carcinoma': 0.019230769230769232, 'f1_benign_keratosis-lik': 0.484375, 'recall_benign_keratosis-lik': 0.5636363636363636, 'f1_dermatofibroma': 0.0, 'recall_dermatofibroma': 0.0, 'f1_melanoma': 0.49074074074074076, 'recall_melanoma': 0.4774774774774775, 'f1_melanocytic_nevi': 0.8766737138830162, 'recall_melanocytic_nevi': 0.9269746646795827, 'f1_vascular_lesions': 0.0, 'recall_vascular_lesions': 0.0}, 823.5821023889876)
[92mINFO [0m:      configure_evaluate: strategy sampled 10 clients (out of 10)
[36m(ClientAppActor pid=440494)[0m 
[36m(ClientAppActor pid=440494)[0m         
[36m(ClientAppActor pid=440494)[0m /home/bk489/federated_clean/cleanest_federated/fl-dermamnist-starter/metrics/evaluation.py:68: UserWarning: AUROC set to NaN because present classes are [2, 4, 5], expected [0, 1, 2, 3, 4, 5, 6][32m [repeated 11x across cluster][0m
[36m(ClientAppActor pid=440494)[0m   warnings.warn(f'AUROC set to NaN because present classes are {present_classes}, expected {labels}')[32m [repeated 11x across cluster][0m
[36m(ClientAppActor pid=440479)[0m /home/bk489/federated_clean/.venv/lib/python3.9/site-packages/sklearn/metrics/_classification.py:2524: UserWarning: y_pred contains classes not in y_true[32m [repeated 10x across cluster][0m
[36m(ClientAppActor pid=440479)[0m   warnings.warn("y_pred contains classes not in y_true")[32m [repeated 10x across cluster][0m
[36m(ClientAppActor pid=440494)[0m [93mWARNING [0m:   DEPRECATED FEATURE: `client_fn` now expects a signature `def client_fn(context: Context)`.The provided `client_fn` has signature: {'cid': <Parameter "cid: 'str'">}. You can import the `Context` like this: `from flwr.common import Context`[32m [repeated 15x across cluster][0m
[36m(ClientAppActor pid=440494)[0m             This is a deprecated feature. It will be removed[32m [repeated 15x across cluster][0m
[36m(ClientAppActor pid=440494)[0m             entirely in future versions of Flower.[32m [repeated 15x across cluster][0m
[36m(ClientAppActor pid=440492)[0m 
[36m(ClientAppActor pid=440492)[0m         
[36m(ClientAppActor pid=440497)[0m 
[36m(ClientAppActor pid=440497)[0m         
[36m(ClientAppActor pid=440499)[0m 
[36m(ClientAppActor pid=440499)[0m         
[36m(ClientAppActor pid=440493)[0m 
[36m(ClientAppActor pid=440493)[0m         
[36m(ClientAppActor pid=440479)[0m 
[36m(ClientAppActor pid=440479)[0m         
[36m(ClientAppActor pid=440496)[0m 
[36m(ClientAppActor pid=440496)[0m         
[36m(ClientAppActor pid=440469)[0m 
[36m(ClientAppActor pid=440469)[0m         
[36m(ClientAppActor pid=440470)[0m 
[36m(ClientAppActor pid=440470)[0m         
[36m(ClientAppActor pid=440478)[0m 
[36m(ClientAppActor pid=440478)[0m         
[92mINFO [0m:      aggregate_evaluate: received 10 results and 0 failures
[92mINFO [0m:      
[92mINFO [0m:      [ROUND 100]
[92mINFO [0m:      configure_fit: strategy sampled 5 clients (out of 10)
[36m(ClientAppActor pid=440497)[0m 
[36m(ClientAppActor pid=440497)[0m         
[36m(ClientAppActor pid=440496)[0m 
[36m(ClientAppActor pid=440496)[0m         
[36m(ClientAppActor pid=440469)[0m 
[36m(ClientAppActor pid=440469)[0m         
[36m(ClientAppActor pid=440470)[0m 
[36m(ClientAppActor pid=440470)[0m         
[36m(ClientAppActor pid=440478)[0m 
[36m(ClientAppActor pid=440478)[0m         
[92mINFO [0m:      aggregate_fit: received 5 results and 0 failures
[92mINFO [0m:      fit progress: (100, 1.8579189656144481, {'accuracy': 0.7298105682951147, 'balanced_accuracy': 0.29536934045130764, 'macro_f1': 0.27835472143241247, 'worst_class_f1': 0.0, 'worst_class_recall': 0.0, 'f1_actinic_keratoses_an': 0.058823529411764705, 'recall_actinic_keratoses_an': 0.030303030303030304, 'f1_basal_cell_carcinoma': 0.03636363636363636, 'recall_basal_cell_carcinoma': 0.019230769230769232, 'f1_benign_keratosis-lik': 0.5038759689922481, 'recall_benign_keratosis-lik': 0.5909090909090909, 'f1_dermatofibroma': 0.0, 'recall_dermatofibroma': 0.0, 'f1_melanoma': 0.47540983606557374, 'recall_melanoma': 0.5225225225225225, 'f1_melanocytic_nevi': 0.8740100791936645, 'recall_melanocytic_nevi': 0.9046199701937406, 'f1_vascular_lesions': 0.0, 'recall_vascular_lesions': 0.0}, 831.6988533809781)
[92mINFO [0m:      configure_evaluate: strategy sampled 10 clients (out of 10)
[36m(ClientAppActor pid=440494)[0m 
[36m(ClientAppActor pid=440494)[0m         
[36m(ClientAppActor pid=440478)[0m /home/bk489/federated_clean/cleanest_federated/fl-dermamnist-starter/metrics/evaluation.py:68: UserWarning: AUROC set to NaN because present classes are [0, 1], expected [0, 1, 2, 3, 4, 5, 6][32m [repeated 9x across cluster][0m
[36m(ClientAppActor pid=440478)[0m   warnings.warn(f'AUROC set to NaN because present classes are {present_classes}, expected {labels}')[32m [repeated 9x across cluster][0m
[36m(ClientAppActor pid=440478)[0m /home/bk489/federated_clean/.venv/lib/python3.9/site-packages/sklearn/metrics/_classification.py:2524: UserWarning: y_pred contains classes not in y_true[32m [repeated 7x across cluster][0m
[36m(ClientAppActor pid=440478)[0m   warnings.warn("y_pred contains classes not in y_true")[32m [repeated 7x across cluster][0m
[36m(ClientAppActor pid=440494)[0m [93mWARNING [0m:   DEPRECATED FEATURE: `client_fn` now expects a signature `def client_fn(context: Context)`.The provided `client_fn` has signature: {'cid': <Parameter "cid: 'str'">}. You can import the `Context` like this: `from flwr.common import Context`[32m [repeated 15x across cluster][0m
[36m(ClientAppActor pid=440494)[0m             This is a deprecated feature. It will be removed[32m [repeated 15x across cluster][0m
[36m(ClientAppActor pid=440494)[0m             entirely in future versions of Flower.[32m [repeated 15x across cluster][0m
[36m(ClientAppActor pid=440492)[0m 
[36m(ClientAppActor pid=440492)[0m         
[36m(ClientAppActor pid=440497)[0m 
[36m(ClientAppActor pid=440497)[0m         
[36m(ClientAppActor pid=440499)[0m 
[36m(ClientAppActor pid=440499)[0m         
[36m(ClientAppActor pid=440493)[0m 
[36m(ClientAppActor pid=440493)[0m         
[36m(ClientAppActor pid=440496)[0m 
[36m(ClientAppActor pid=440496)[0m         
[36m(ClientAppActor pid=440469)[0m 
[36m(ClientAppActor pid=440469)[0m         
[36m(ClientAppActor pid=440470)[0m 
[36m(ClientAppActor pid=440470)[0m         
[36m(ClientAppActor pid=440478)[0m 
[36m(ClientAppActor pid=440478)[0m         
[36m(ClientAppActor pid=440479)[0m 
[36m(ClientAppActor pid=440479)[0m         
[92mINFO [0m:      aggregate_evaluate: received 10 results and 0 failures
[92mINFO [0m:      
[92mINFO [0m:      [ROUND 101]
[92mINFO [0m:      configure_fit: strategy sampled 5 clients (out of 10)
[36m(ClientAppActor pid=440494)[0m 
[36m(ClientAppActor pid=440494)[0m         
[36m(ClientAppActor pid=440492)[0m 
[36m(ClientAppActor pid=440492)[0m         
[36m(ClientAppActor pid=440497)[0m 
[36m(ClientAppActor pid=440497)[0m         
[36m(ClientAppActor pid=440493)[0m 
[36m(ClientAppActor pid=440493)[0m         
[36m(ClientAppActor pid=440479)[0m 
[36m(ClientAppActor pid=440479)[0m         
[92mINFO [0m:      aggregate_fit: received 5 results and 0 failures
[92mINFO [0m:      fit progress: (101, 1.7161724313068485, {'accuracy': 0.7218344965104686, 'balanced_accuracy': 0.3029459579810868, 'macro_f1': 0.29783806554074993, 'worst_class_f1': 0.0, 'worst_class_recall': 0.0, 'f1_actinic_keratoses_an': 0.05, 'recall_actinic_keratoses_an': 0.030303030303030304, 'f1_basal_cell_carcinoma': 0.06666666666666667, 'recall_basal_cell_carcinoma': 0.038461538461538464, 'f1_benign_keratosis-lik': 0.4921875, 'recall_benign_keratosis-lik': 0.5727272727272728, 'f1_dermatofibroma': 0.0, 'recall_dermatofibroma': 0.0, 'f1_melanoma': 0.475, 'recall_melanoma': 0.5135135135135135, 'f1_melanocytic_nevi': 0.8676789587852495, 'recall_melanocytic_nevi': 0.8941877794336811, 'f1_vascular_lesions': 0.13333333333333333, 'recall_vascular_lesions': 0.07142857142857142}, 838.8184061310021)
[92mINFO [0m:      configure_evaluate: strategy sampled 10 clients (out of 10)
[36m(ClientAppActor pid=440494)[0m 
[36m(ClientAppActor pid=440494)[0m         
[36m(ClientAppActor pid=440494)[0m /home/bk489/federated_clean/cleanest_federated/fl-dermamnist-starter/metrics/evaluation.py:68: UserWarning: AUROC set to NaN because present classes are [0, 1, 6], expected [0, 1, 2, 3, 4, 5, 6][32m [repeated 11x across cluster][0m
[36m(ClientAppActor pid=440494)[0m   warnings.warn(f'AUROC set to NaN because present classes are {present_classes}, expected {labels}')[32m [repeated 11x across cluster][0m
[36m(ClientAppActor pid=440494)[0m /home/bk489/federated_clean/.venv/lib/python3.9/site-packages/sklearn/metrics/_classification.py:2524: UserWarning: y_pred contains classes not in y_true[32m [repeated 11x across cluster][0m
[36m(ClientAppActor pid=440494)[0m   warnings.warn("y_pred contains classes not in y_true")[32m [repeated 11x across cluster][0m
[36m(ClientAppActor pid=440494)[0m [93mWARNING [0m:   DEPRECATED FEATURE: `client_fn` now expects a signature `def client_fn(context: Context)`.The provided `client_fn` has signature: {'cid': <Parameter "cid: 'str'">}. You can import the `Context` like this: `from flwr.common import Context`[32m [repeated 15x across cluster][0m
[36m(ClientAppActor pid=440494)[0m             This is a deprecated feature. It will be removed[32m [repeated 15x across cluster][0m
[36m(ClientAppActor pid=440494)[0m             entirely in future versions of Flower.[32m [repeated 15x across cluster][0m
[36m(ClientAppActor pid=440492)[0m 
[36m(ClientAppActor pid=440492)[0m         
[36m(ClientAppActor pid=440497)[0m 
[36m(ClientAppActor pid=440497)[0m         
[36m(ClientAppActor pid=440499)[0m 
[36m(ClientAppActor pid=440499)[0m         
[36m(ClientAppActor pid=440493)[0m 
[36m(ClientAppActor pid=440493)[0m         
[36m(ClientAppActor pid=440479)[0m 
[36m(ClientAppActor pid=440479)[0m         
[36m(ClientAppActor pid=440496)[0m 
[36m(ClientAppActor pid=440496)[0m         
[36m(ClientAppActor pid=440469)[0m 
[36m(ClientAppActor pid=440469)[0m         
[36m(ClientAppActor pid=440470)[0m 
[36m(ClientAppActor pid=440470)[0m         
[36m(ClientAppActor pid=440478)[0m 
[36m(ClientAppActor pid=440478)[0m         
[92mINFO [0m:      aggregate_evaluate: received 10 results and 0 failures
[92mINFO [0m:      
[92mINFO [0m:      [ROUND 102]
[92mINFO [0m:      configure_fit: strategy sampled 5 clients (out of 10)
[36m(ClientAppActor pid=440499)[0m 
[36m(ClientAppActor pid=440499)[0m         
[36m(ClientAppActor pid=440479)[0m 
[36m(ClientAppActor pid=440479)[0m         
[36m(ClientAppActor pid=440496)[0m 
[36m(ClientAppActor pid=440496)[0m         
[36m(ClientAppActor pid=440470)[0m 
[36m(ClientAppActor pid=440470)[0m         
[36m(ClientAppActor pid=440478)[0m 
[36m(ClientAppActor pid=440478)[0m         
[92mINFO [0m:      aggregate_fit: received 5 results and 0 failures
[92mINFO [0m:      fit progress: (102, 1.887662381498312, {'accuracy': 0.7288135593220338, 'balanced_accuracy': 0.28740848576914146, 'macro_f1': 0.2641759031532823, 'worst_class_f1': 0.0, 'worst_class_recall': 0.0, 'f1_actinic_keratoses_an': 0.0, 'recall_actinic_keratoses_an': 0.0, 'f1_basal_cell_carcinoma': 0.0, 'recall_basal_cell_carcinoma': 0.0, 'f1_benign_keratosis-lik': 0.4864864864864865, 'recall_benign_keratosis-lik': 0.5727272727272728, 'f1_dermatofibroma': 0.0, 'recall_dermatofibroma': 0.0, 'f1_melanoma': 0.4896265560165975, 'recall_melanoma': 0.5315315315315315, 'f1_melanocytic_nevi': 0.8731182795698925, 'recall_melanocytic_nevi': 0.9076005961251863, 'f1_vascular_lesions': 0.0, 'recall_vascular_lesions': 0.0}, 846.9237771089829)
[92mINFO [0m:      configure_evaluate: strategy sampled 10 clients (out of 10)
[36m(ClientAppActor pid=440494)[0m 
[36m(ClientAppActor pid=440494)[0m         
[36m(ClientAppActor pid=440470)[0m /home/bk489/federated_clean/cleanest_federated/fl-dermamnist-starter/metrics/evaluation.py:68: UserWarning: AUROC set to NaN because present classes are [2, 4, 5], expected [0, 1, 2, 3, 4, 5, 6][32m [repeated 9x across cluster][0m
[36m(ClientAppActor pid=440470)[0m   warnings.warn(f'AUROC set to NaN because present classes are {present_classes}, expected {labels}')[32m [repeated 9x across cluster][0m
[36m(ClientAppActor pid=440470)[0m /home/bk489/federated_clean/.venv/lib/python3.9/site-packages/sklearn/metrics/_classification.py:2524: UserWarning: y_pred contains classes not in y_true[32m [repeated 9x across cluster][0m
[36m(ClientAppActor pid=440470)[0m   warnings.warn("y_pred contains classes not in y_true")[32m [repeated 9x across cluster][0m
[36m(ClientAppActor pid=440494)[0m [93mWARNING [0m:   DEPRECATED FEATURE: `client_fn` now expects a signature `def client_fn(context: Context)`.The provided `client_fn` has signature: {'cid': <Parameter "cid: 'str'">}. You can import the `Context` like this: `from flwr.common import Context`[32m [repeated 15x across cluster][0m
[36m(ClientAppActor pid=440494)[0m             This is a deprecated feature. It will be removed[32m [repeated 15x across cluster][0m
[36m(ClientAppActor pid=440494)[0m             entirely in future versions of Flower.[32m [repeated 15x across cluster][0m
[36m(ClientAppActor pid=440492)[0m 
[36m(ClientAppActor pid=440492)[0m         
[36m(ClientAppActor pid=440497)[0m 
[36m(ClientAppActor pid=440497)[0m         
[36m(ClientAppActor pid=440499)[0m 
[36m(ClientAppActor pid=440499)[0m         
[36m(ClientAppActor pid=440493)[0m 
[36m(ClientAppActor pid=440493)[0m         
[36m(ClientAppActor pid=440479)[0m 
[36m(ClientAppActor pid=440479)[0m         
[36m(ClientAppActor pid=440496)[0m 
[36m(ClientAppActor pid=440496)[0m         
[36m(ClientAppActor pid=440469)[0m 
[36m(ClientAppActor pid=440469)[0m         
[36m(ClientAppActor pid=440470)[0m 
[36m(ClientAppActor pid=440470)[0m         
[36m(ClientAppActor pid=440478)[0m 
[36m(ClientAppActor pid=440478)[0m         
[92mINFO [0m:      aggregate_evaluate: received 10 results and 0 failures
[92mINFO [0m:      
[92mINFO [0m:      [ROUND 103]
[92mINFO [0m:      configure_fit: strategy sampled 5 clients (out of 10)
[36m(ClientAppActor pid=440494)[0m 
[36m(ClientAppActor pid=440494)[0m         
[36m(ClientAppActor pid=440492)[0m 
[36m(ClientAppActor pid=440492)[0m         
[36m(ClientAppActor pid=440497)[0m 
[36m(ClientAppActor pid=440497)[0m         
[36m(ClientAppActor pid=440493)[0m 
[36m(ClientAppActor pid=440493)[0m         
[36m(ClientAppActor pid=440469)[0m 
[36m(ClientAppActor pid=440469)[0m         
[92mINFO [0m:      aggregate_fit: received 5 results and 0 failures
[92mINFO [0m:      fit progress: (103, 2.1818221343954205, {'accuracy': 0.6161515453639083, 'balanced_accuracy': 0.31287781463425496, 'macro_f1': 0.28935548624402907, 'worst_class_f1': 0.0, 'worst_class_recall': 0.0, 'f1_actinic_keratoses_an': 0.03125, 'recall_actinic_keratoses_an': 0.030303030303030304, 'f1_basal_cell_carcinoma': 0.11702127659574468, 'recall_basal_cell_carcinoma': 0.21153846153846154, 'f1_benign_keratosis-lik': 0.5, 'recall_benign_keratosis-lik': 0.5909090909090909, 'f1_dermatofibroma': 0.0, 'recall_dermatofibroma': 0.0, 'f1_melanoma': 0.4555160142348754, 'recall_melanoma': 0.5765765765765766, 'f1_melanocytic_nevi': 0.8040540540540541, 'recall_melanocytic_nevi': 0.7093889716840537, 'f1_vascular_lesions': 0.11764705882352941, 'recall_vascular_lesions': 0.07142857142857142}, 854.1714823579823)
[92mINFO [0m:      configure_evaluate: strategy sampled 10 clients (out of 10)
[36m(ClientAppActor pid=440494)[0m 
[36m(ClientAppActor pid=440494)[0m         
[36m(ClientAppActor pid=440493)[0m /home/bk489/federated_clean/cleanest_federated/fl-dermamnist-starter/metrics/evaluation.py:68: UserWarning: AUROC set to NaN because present classes are [1, 6], expected [0, 1, 2, 3, 4, 5, 6][32m [repeated 10x across cluster][0m
[36m(ClientAppActor pid=440493)[0m   warnings.warn(f'AUROC set to NaN because present classes are {present_classes}, expected {labels}')[32m [repeated 10x across cluster][0m
[36m(ClientAppActor pid=440493)[0m /home/bk489/federated_clean/.venv/lib/python3.9/site-packages/sklearn/metrics/_classification.py:2524: UserWarning: y_pred contains classes not in y_true[32m [repeated 7x across cluster][0m
[36m(ClientAppActor pid=440493)[0m   warnings.warn("y_pred contains classes not in y_true")[32m [repeated 7x across cluster][0m
[36m(ClientAppActor pid=440494)[0m [93mWARNING [0m:   DEPRECATED FEATURE: `client_fn` now expects a signature `def client_fn(context: Context)`.The provided `client_fn` has signature: {'cid': <Parameter "cid: 'str'">}. You can import the `Context` like this: `from flwr.common import Context`[32m [repeated 15x across cluster][0m
[36m(ClientAppActor pid=440494)[0m             This is a deprecated feature. It will be removed[32m [repeated 15x across cluster][0m
[36m(ClientAppActor pid=440494)[0m             entirely in future versions of Flower.[32m [repeated 15x across cluster][0m
[36m(ClientAppActor pid=440493)[0m 
[36m(ClientAppActor pid=440493)[0m         
[36m(ClientAppActor pid=440469)[0m 
[36m(ClientAppActor pid=440469)[0m         
[92mINFO [0m:      aggregate_evaluate: received 10 results and 0 failures
[92mINFO [0m:      
[92mINFO [0m:      [ROUND 104]
[92mINFO [0m:      configure_fit: strategy sampled 5 clients (out of 10)
[36m(ClientAppActor pid=440492)[0m 
[36m(ClientAppActor pid=440492)[0m         
[36m(ClientAppActor pid=440497)[0m 
[36m(ClientAppActor pid=440497)[0m         
[36m(ClientAppActor pid=440499)[0m 
[36m(ClientAppActor pid=440499)[0m         
[36m(ClientAppActor pid=440479)[0m 
[36m(ClientAppActor pid=440479)[0m         
[36m(ClientAppActor pid=440496)[0m 
[36m(ClientAppActor pid=440496)[0m         
[36m(ClientAppActor pid=440470)[0m 
[36m(ClientAppActor pid=440470)[0m         
[36m(ClientAppActor pid=440478)[0m 
[36m(ClientAppActor pid=440478)[0m         
[36m(ClientAppActor pid=440499)[0m 
[36m(ClientAppActor pid=440499)[0m         
[36m(ClientAppActor pid=440479)[0m 
[36m(ClientAppActor pid=440479)[0m         
[36m(ClientAppActor pid=440496)[0m 
[36m(ClientAppActor pid=440496)[0m         
[36m(ClientAppActor pid=440470)[0m 
[36m(ClientAppActor pid=440470)[0m         
[36m(ClientAppActor pid=440478)[0m 
[36m(ClientAppActor pid=440478)[0m         
[92mINFO [0m:      aggregate_fit: received 5 results and 0 failures
[92mINFO [0m:      fit progress: (104, 1.745948968594476, {'accuracy': 0.7218344965104686, 'balanced_accuracy': 0.2804306755126427, 'macro_f1': 0.2589042358051575, 'worst_class_f1': 0.0, 'worst_class_recall': 0.0, 'f1_actinic_keratoses_an': 0.0, 'recall_actinic_keratoses_an': 0.0, 'f1_basal_cell_carcinoma': 0.0, 'recall_basal_cell_carcinoma': 0.0, 'f1_benign_keratosis-lik': 0.4732142857142857, 'recall_benign_keratosis-lik': 0.4818181818181818, 'f1_dermatofibroma': 0.0, 'recall_dermatofibroma': 0.0, 'f1_melanoma': 0.46886446886446886, 'recall_melanoma': 0.5765765765765766, 'f1_melanocytic_nevi': 0.8702508960573476, 'recall_melanocytic_nevi': 0.9046199701937406, 'f1_vascular_lesions': 0.0, 'recall_vascular_lesions': 0.0}, 861.4286069060036)
[92mINFO [0m:      configure_evaluate: strategy sampled 10 clients (out of 10)
[36m(ClientAppActor pid=440499)[0m 
[36m(ClientAppActor pid=440499)[0m         
[36m(ClientAppActor pid=440478)[0m /home/bk489/federated_clean/cleanest_federated/fl-dermamnist-starter/metrics/evaluation.py:68: UserWarning: AUROC set to NaN because present classes are [2, 4, 5], expected [0, 1, 2, 3, 4, 5, 6][32m [repeated 10x across cluster][0m
[36m(ClientAppActor pid=440478)[0m   warnings.warn(f'AUROC set to NaN because present classes are {present_classes}, expected {labels}')[32m [repeated 10x across cluster][0m
[36m(ClientAppActor pid=440478)[0m /home/bk489/federated_clean/.venv/lib/python3.9/site-packages/sklearn/metrics/_classification.py:2524: UserWarning: y_pred contains classes not in y_true[32m [repeated 10x across cluster][0m
[36m(ClientAppActor pid=440478)[0m   warnings.warn("y_pred contains classes not in y_true")[32m [repeated 10x across cluster][0m
[36m(ClientAppActor pid=440499)[0m [93mWARNING [0m:   DEPRECATED FEATURE: `client_fn` now expects a signature `def client_fn(context: Context)`.The provided `client_fn` has signature: {'cid': <Parameter "cid: 'str'">}. You can import the `Context` like this: `from flwr.common import Context`[32m [repeated 15x across cluster][0m
[36m(ClientAppActor pid=440499)[0m             This is a deprecated feature. It will be removed[32m [repeated 15x across cluster][0m
[36m(ClientAppActor pid=440499)[0m             entirely in future versions of Flower.[32m [repeated 15x across cluster][0m
[36m(ClientAppActor pid=440479)[0m 
[36m(ClientAppActor pid=440479)[0m         
[36m(ClientAppActor pid=440496)[0m 
[36m(ClientAppActor pid=440496)[0m         
[36m(ClientAppActor pid=440470)[0m 
[36m(ClientAppActor pid=440470)[0m         
[36m(ClientAppActor pid=440478)[0m 
[36m(ClientAppActor pid=440478)[0m         
[92mINFO [0m:      aggregate_evaluate: received 10 results and 0 failures
[92mINFO [0m:      
[92mINFO [0m:      [ROUND 105]
[92mINFO [0m:      configure_fit: strategy sampled 5 clients (out of 10)
[36m(ClientAppActor pid=440494)[0m 
[36m(ClientAppActor pid=440494)[0m         
[36m(ClientAppActor pid=440494)[0m 
[36m(ClientAppActor pid=440494)[0m         
[36m(ClientAppActor pid=440492)[0m 
[36m(ClientAppActor pid=440492)[0m         
[36m(ClientAppActor pid=440497)[0m 
[36m(ClientAppActor pid=440497)[0m         
[36m(ClientAppActor pid=440493)[0m 
[36m(ClientAppActor pid=440493)[0m         
[36m(ClientAppActor pid=440493)[0m 
[36m(ClientAppActor pid=440493)[0m         
[36m(ClientAppActor pid=440469)[0m 
[36m(ClientAppActor pid=440469)[0m         
[36m(ClientAppActor pid=440492)[0m 
[36m(ClientAppActor pid=440492)[0m         
[36m(ClientAppActor pid=440469)[0m 
[36m(ClientAppActor pid=440469)[0m         
[36m(ClientAppActor pid=440470)[0m 
[36m(ClientAppActor pid=440470)[0m         
[92mINFO [0m:      aggregate_fit: received 5 results and 0 failures
[92mINFO [0m:      fit progress: (105, 1.9855253917507731, {'accuracy': 0.7268195413758723, 'balanced_accuracy': 0.2848110831717389, 'macro_f1': 0.26263314561719564, 'worst_class_f1': 0.0, 'worst_class_recall': 0.0, 'f1_actinic_keratoses_an': 0.0, 'recall_actinic_keratoses_an': 0.0, 'f1_basal_cell_carcinoma': 0.0, 'recall_basal_cell_carcinoma': 0.0, 'f1_benign_keratosis-lik': 0.48221343873517786, 'recall_benign_keratosis-lik': 0.5545454545454546, 'f1_dermatofibroma': 0.0, 'recall_dermatofibroma': 0.0, 'f1_melanoma': 0.48559670781893005, 'recall_melanoma': 0.5315315315315315, 'f1_melanocytic_nevi': 0.8706218727662616, 'recall_melanocytic_nevi': 0.9076005961251863, 'f1_vascular_lesions': 0.0, 'recall_vascular_lesions': 0.0}, 869.533012084983)
[92mINFO [0m:      configure_evaluate: strategy sampled 10 clients (out of 10)
[36m(ClientAppActor pid=440494)[0m 
[36m(ClientAppActor pid=440494)[0m         
[36m(ClientAppActor pid=440494)[0m /home/bk489/federated_clean/cleanest_federated/fl-dermamnist-starter/metrics/evaluation.py:68: UserWarning: AUROC set to NaN because present classes are [0, 1], expected [0, 1, 2, 3, 4, 5, 6][32m [repeated 11x across cluster][0m
[36m(ClientAppActor pid=440494)[0m   warnings.warn(f'AUROC set to NaN because present classes are {present_classes}, expected {labels}')[32m [repeated 11x across cluster][0m
[36m(ClientAppActor pid=440494)[0m /home/bk489/federated_clean/.venv/lib/python3.9/site-packages/sklearn/metrics/_classification.py:2524: UserWarning: y_pred contains classes not in y_true[32m [repeated 8x across cluster][0m
[36m(ClientAppActor pid=440494)[0m   warnings.warn("y_pred contains classes not in y_true")[32m [repeated 8x across cluster][0m
[36m(ClientAppActor pid=440494)[0m [93mWARNING [0m:   DEPRECATED FEATURE: `client_fn` now expects a signature `def client_fn(context: Context)`.The provided `client_fn` has signature: {'cid': <Parameter "cid: 'str'">}. You can import the `Context` like this: `from flwr.common import Context`[32m [repeated 15x across cluster][0m
[36m(ClientAppActor pid=440494)[0m             This is a deprecated feature. It will be removed[32m [repeated 15x across cluster][0m
[36m(ClientAppActor pid=440494)[0m             entirely in future versions of Flower.[32m [repeated 15x across cluster][0m
[36m(ClientAppActor pid=440492)[0m 
[36m(ClientAppActor pid=440492)[0m         
[36m(ClientAppActor pid=440497)[0m 
[36m(ClientAppActor pid=440497)[0m         
[36m(ClientAppActor pid=440499)[0m 
[36m(ClientAppActor pid=440499)[0m         
[36m(ClientAppActor pid=440493)[0m 
[36m(ClientAppActor pid=440493)[0m         
[36m(ClientAppActor pid=440469)[0m 
[36m(ClientAppActor pid=440469)[0m         
[36m(ClientAppActor pid=440470)[0m 
[36m(ClientAppActor pid=440470)[0m         
[36m(ClientAppActor pid=440479)[0m 
[36m(ClientAppActor pid=440479)[0m         
[36m(ClientAppActor pid=440496)[0m 
[36m(ClientAppActor pid=440496)[0m         
[36m(ClientAppActor pid=440478)[0m 
[36m(ClientAppActor pid=440478)[0m         
[92mINFO [0m:      aggregate_evaluate: received 10 results and 0 failures
[92mINFO [0m:      
[92mINFO [0m:      [ROUND 106]
[92mINFO [0m:      configure_fit: strategy sampled 5 clients (out of 10)
[36m(ClientAppActor pid=440499)[0m 
[36m(ClientAppActor pid=440499)[0m         
[36m(ClientAppActor pid=440479)[0m 
[36m(ClientAppActor pid=440479)[0m         
[36m(ClientAppActor pid=440496)[0m 
[36m(ClientAppActor pid=440496)[0m         
[36m(ClientAppActor pid=440469)[0m 
[36m(ClientAppActor pid=440469)[0m         
[36m(ClientAppActor pid=440478)[0m 
[36m(ClientAppActor pid=440478)[0m         
[92mINFO [0m:      aggregate_fit: received 5 results and 0 failures
[92mINFO [0m:      fit progress: (106, 1.685174490970486, {'accuracy': 0.7178464606181456, 'balanced_accuracy': 0.2976068680986713, 'macro_f1': 0.2774718922618491, 'worst_class_f1': 0.0, 'worst_class_recall': 0.0, 'f1_actinic_keratoses_an': 0.08888888888888889, 'recall_actinic_keratoses_an': 0.06060606060606061, 'f1_basal_cell_carcinoma': 0.0, 'recall_basal_cell_carcinoma': 0.0, 'f1_benign_keratosis-lik': 0.4794007490636704, 'recall_benign_keratosis-lik': 0.5818181818181818, 'f1_dermatofibroma': 0.0, 'recall_dermatofibroma': 0.0, 'f1_melanoma': 0.5040650406504065, 'recall_melanoma': 0.5585585585585585, 'f1_melanocytic_nevi': 0.8699485672299779, 'recall_melanocytic_nevi': 0.8822652757078987, 'f1_vascular_lesions': 0.0, 'recall_vascular_lesions': 0.0}, 876.7466391710041)
[92mINFO [0m:      configure_evaluate: strategy sampled 10 clients (out of 10)
[36m(ClientAppActor pid=440499)[0m 
[36m(ClientAppActor pid=440499)[0m         
[36m(ClientAppActor pid=440478)[0m /home/bk489/federated_clean/cleanest_federated/fl-dermamnist-starter/metrics/evaluation.py:68: UserWarning: AUROC set to NaN because present classes are [1, 6], expected [0, 1, 2, 3, 4, 5, 6][32m [repeated 9x across cluster][0m
[36m(ClientAppActor pid=440478)[0m   warnings.warn(f'AUROC set to NaN because present classes are {present_classes}, expected {labels}')[32m [repeated 9x across cluster][0m
[36m(ClientAppActor pid=440478)[0m /home/bk489/federated_clean/.venv/lib/python3.9/site-packages/sklearn/metrics/_classification.py:2524: UserWarning: y_pred contains classes not in y_true[32m [repeated 6x across cluster][0m
[36m(ClientAppActor pid=440478)[0m   warnings.warn("y_pred contains classes not in y_true")[32m [repeated 6x across cluster][0m
[36m(ClientAppActor pid=440499)[0m [93mWARNING [0m:   DEPRECATED FEATURE: `client_fn` now expects a signature `def client_fn(context: Context)`.The provided `client_fn` has signature: {'cid': <Parameter "cid: 'str'">}. You can import the `Context` like this: `from flwr.common import Context`[32m [repeated 15x across cluster][0m
[36m(ClientAppActor pid=440499)[0m             This is a deprecated feature. It will be removed[32m [repeated 15x across cluster][0m
[36m(ClientAppActor pid=440499)[0m             entirely in future versions of Flower.[32m [repeated 15x across cluster][0m
[36m(ClientAppActor pid=440479)[0m 
[36m(ClientAppActor pid=440479)[0m         
[36m(ClientAppActor pid=440469)[0m 
[36m(ClientAppActor pid=440469)[0m         
[36m(ClientAppActor pid=440496)[0m 
[36m(ClientAppActor pid=440496)[0m         
[36m(ClientAppActor pid=440478)[0m 
[36m(ClientAppActor pid=440478)[0m         
[36m(ClientAppActor pid=440497)[0m 
[36m(ClientAppActor pid=440497)[0m         
[36m(ClientAppActor pid=440493)[0m 
[36m(ClientAppActor pid=440493)[0m         
[92mINFO [0m:      aggregate_evaluate: received 10 results and 0 failures
[92mINFO [0m:      
[92mINFO [0m:      [ROUND 107]
[92mINFO [0m:      configure_fit: strategy sampled 5 clients (out of 10)
[36m(ClientAppActor pid=440494)[0m 
[36m(ClientAppActor pid=440494)[0m         
[36m(ClientAppActor pid=440494)[0m 
[36m(ClientAppActor pid=440494)[0m         
[36m(ClientAppActor pid=440492)[0m 
[36m(ClientAppActor pid=440492)[0m         
[36m(ClientAppActor pid=440492)[0m 
[36m(ClientAppActor pid=440492)[0m         
[36m(ClientAppActor pid=440493)[0m 
[36m(ClientAppActor pid=440493)[0m         
[36m(ClientAppActor pid=440470)[0m 
[36m(ClientAppActor pid=440470)[0m         
[36m(ClientAppActor pid=440470)[0m 
[36m(ClientAppActor pid=440470)[0m         
[36m(ClientAppActor pid=440478)[0m 
[36m(ClientAppActor pid=440478)[0m         
[92mINFO [0m:      aggregate_fit: received 5 results and 0 failures
[92mINFO [0m:      fit progress: (107, 1.78391380110386, {'accuracy': 0.7138584247258225, 'balanced_accuracy': 0.2851204621696425, 'macro_f1': 0.2634032430170332, 'worst_class_f1': 0.0, 'worst_class_recall': 0.0, 'f1_actinic_keratoses_an': 0.058823529411764705, 'recall_actinic_keratoses_an': 0.030303030303030304, 'f1_basal_cell_carcinoma': 0.0, 'recall_basal_cell_carcinoma': 0.0, 'f1_benign_keratosis-lik': 0.44755244755244755, 'recall_benign_keratosis-lik': 0.5818181818181818, 'f1_dermatofibroma': 0.0, 'recall_dermatofibroma': 0.0, 'f1_melanoma': 0.4661016949152542, 'recall_melanoma': 0.4954954954954955, 'f1_melanocytic_nevi': 0.8713450292397661, 'recall_melanocytic_nevi': 0.8882265275707899, 'f1_vascular_lesions': 0.0, 'recall_vascular_lesions': 0.0}, 885.0991403539956)
[92mINFO [0m:      configure_evaluate: strategy sampled 10 clients (out of 10)
[36m(ClientAppActor pid=440494)[0m 
[36m(ClientAppActor pid=440494)[0m         
[36m(ClientAppActor pid=440494)[0m /home/bk489/federated_clean/cleanest_federated/fl-dermamnist-starter/metrics/evaluation.py:68: UserWarning: AUROC set to NaN because present classes are [0, 1], expected [0, 1, 2, 3, 4, 5, 6][32m [repeated 11x across cluster][0m
[36m(ClientAppActor pid=440494)[0m   warnings.warn(f'AUROC set to NaN because present classes are {present_classes}, expected {labels}')[32m [repeated 11x across cluster][0m
[36m(ClientAppActor pid=440494)[0m /home/bk489/federated_clean/.venv/lib/python3.9/site-packages/sklearn/metrics/_classification.py:2524: UserWarning: y_pred contains classes not in y_true[32m [repeated 11x across cluster][0m
[36m(ClientAppActor pid=440494)[0m   warnings.warn("y_pred contains classes not in y_true")[32m [repeated 11x across cluster][0m
[36m(ClientAppActor pid=440494)[0m [93mWARNING [0m:   DEPRECATED FEATURE: `client_fn` now expects a signature `def client_fn(context: Context)`.The provided `client_fn` has signature: {'cid': <Parameter "cid: 'str'">}. You can import the `Context` like this: `from flwr.common import Context`[32m [repeated 15x across cluster][0m
[36m(ClientAppActor pid=440494)[0m             This is a deprecated feature. It will be removed[32m [repeated 15x across cluster][0m
[36m(ClientAppActor pid=440494)[0m             entirely in future versions of Flower.[32m [repeated 15x across cluster][0m
[36m(ClientAppActor pid=440492)[0m 
[36m(ClientAppActor pid=440492)[0m         
[36m(ClientAppActor pid=440493)[0m 
[36m(ClientAppActor pid=440493)[0m         
[36m(ClientAppActor pid=440470)[0m 
[36m(ClientAppActor pid=440470)[0m         
[36m(ClientAppActor pid=440478)[0m 
[36m(ClientAppActor pid=440478)[0m         
[36m(ClientAppActor pid=440496)[0m 
[36m(ClientAppActor pid=440496)[0m         
[36m(ClientAppActor pid=440497)[0m 
[36m(ClientAppActor pid=440497)[0m         
[36m(ClientAppActor pid=440469)[0m 
[36m(ClientAppActor pid=440469)[0m         
[92mINFO [0m:      aggregate_evaluate: received 10 results and 0 failures
[92mINFO [0m:      
[92mINFO [0m:      [ROUND 108]
[92mINFO [0m:      configure_fit: strategy sampled 5 clients (out of 10)
[36m(ClientAppActor pid=440497)[0m 
[36m(ClientAppActor pid=440497)[0m         
[36m(ClientAppActor pid=440499)[0m 
[36m(ClientAppActor pid=440499)[0m         
[36m(ClientAppActor pid=440499)[0m 
[36m(ClientAppActor pid=440499)[0m         
[36m(ClientAppActor pid=440479)[0m 
[36m(ClientAppActor pid=440479)[0m         
[36m(ClientAppActor pid=440479)[0m 
[36m(ClientAppActor pid=440479)[0m         
[36m(ClientAppActor pid=440469)[0m 
[36m(ClientAppActor pid=440469)[0m         
[36m(ClientAppActor pid=440470)[0m 
[36m(ClientAppActor pid=440470)[0m         
[92mINFO [0m:      aggregate_fit: received 5 results and 0 failures
[92mINFO [0m:      fit progress: (108, 1.9430204818873915, {'accuracy': 0.7238285144566301, 'balanced_accuracy': 0.2799110799110799, 'macro_f1': 0.2591565520290552, 'worst_class_f1': 0.0, 'worst_class_recall': 0.0, 'f1_actinic_keratoses_an': 0.0, 'recall_actinic_keratoses_an': 0.0, 'f1_basal_cell_carcinoma': 0.0, 'recall_basal_cell_carcinoma': 0.0, 'f1_benign_keratosis-lik': 0.4794007490636704, 'recall_benign_keratosis-lik': 0.5818181818181818, 'f1_dermatofibroma': 0.0, 'recall_dermatofibroma': 0.0, 'f1_melanoma': 0.4663677130044843, 'recall_melanoma': 0.46846846846846846, 'f1_melanocytic_nevi': 0.8683274021352313, 'recall_melanocytic_nevi': 0.9090909090909091, 'f1_vascular_lesions': 0.0, 'recall_vascular_lesions': 0.0}, 895.2935479879961)
[92mINFO [0m:      configure_evaluate: strategy sampled 10 clients (out of 10)
[36m(ClientAppActor pid=440494)[0m 
[36m(ClientAppActor pid=440494)[0m         
[36m(ClientAppActor pid=440478)[0m /home/bk489/federated_clean/cleanest_federated/fl-dermamnist-starter/metrics/evaluation.py:68: UserWarning: AUROC set to NaN because present classes are [2, 4, 5], expected [0, 1, 2, 3, 4, 5, 6][32m [repeated 9x across cluster][0m
[36m(ClientAppActor pid=440478)[0m   warnings.warn(f'AUROC set to NaN because present classes are {present_classes}, expected {labels}')[32m [repeated 9x across cluster][0m
[36m(ClientAppActor pid=440478)[0m /home/bk489/federated_clean/.venv/lib/python3.9/site-packages/sklearn/metrics/_classification.py:2524: UserWarning: y_pred contains classes not in y_true[32m [repeated 8x across cluster][0m
[36m(ClientAppActor pid=440478)[0m   warnings.warn("y_pred contains classes not in y_true")[32m [repeated 8x across cluster][0m
[36m(ClientAppActor pid=440494)[0m [93mWARNING [0m:   DEPRECATED FEATURE: `client_fn` now expects a signature `def client_fn(context: Context)`.The provided `client_fn` has signature: {'cid': <Parameter "cid: 'str'">}. You can import the `Context` like this: `from flwr.common import Context`[32m [repeated 15x across cluster][0m
[36m(ClientAppActor pid=440494)[0m             This is a deprecated feature. It will be removed[32m [repeated 15x across cluster][0m
[36m(ClientAppActor pid=440494)[0m             entirely in future versions of Flower.[32m [repeated 15x across cluster][0m
[36m(ClientAppActor pid=440492)[0m 
[36m(ClientAppActor pid=440492)[0m         
[36m(ClientAppActor pid=440497)[0m 
[36m(ClientAppActor pid=440497)[0m         
[36m(ClientAppActor pid=440499)[0m 
[36m(ClientAppActor pid=440499)[0m         
[36m(ClientAppActor pid=440479)[0m 
[36m(ClientAppActor pid=440479)[0m         
[36m(ClientAppActor pid=440496)[0m 
[36m(ClientAppActor pid=440496)[0m         
[36m(ClientAppActor pid=440469)[0m 
[36m(ClientAppActor pid=440469)[0m         
[36m(ClientAppActor pid=440470)[0m 
[36m(ClientAppActor pid=440470)[0m         
[36m(ClientAppActor pid=440478)[0m 
[36m(ClientAppActor pid=440478)[0m         
[36m(ClientAppActor pid=440493)[0m 
[36m(ClientAppActor pid=440493)[0m         
[92mINFO [0m:      aggregate_evaluate: received 10 results and 0 failures
[92mINFO [0m:      
[92mINFO [0m:      [ROUND 109]
[92mINFO [0m:      configure_fit: strategy sampled 5 clients (out of 10)
[36m(ClientAppActor pid=440494)[0m 
[36m(ClientAppActor pid=440494)[0m         
[36m(ClientAppActor pid=440492)[0m 
[36m(ClientAppActor pid=440492)[0m         
[36m(ClientAppActor pid=440493)[0m 
[36m(ClientAppActor pid=440493)[0m         
[36m(ClientAppActor pid=440496)[0m 
[36m(ClientAppActor pid=440496)[0m         
[36m(ClientAppActor pid=440469)[0m 
[36m(ClientAppActor pid=440469)[0m         
[92mINFO [0m:      aggregate_fit: received 5 results and 0 failures
[92mINFO [0m:      fit progress: (109, 1.8113840484428976, {'accuracy': 0.7208374875373879, 'balanced_accuracy': 0.28035817380079675, 'macro_f1': 0.2581333016338738, 'worst_class_f1': 0.0, 'worst_class_recall': 0.0, 'f1_actinic_keratoses_an': 0.0, 'recall_actinic_keratoses_an': 0.0, 'f1_basal_cell_carcinoma': 0.0, 'recall_basal_cell_carcinoma': 0.0, 'f1_benign_keratosis-lik': 0.4744525547445255, 'recall_benign_keratosis-lik': 0.5909090909090909, 'f1_dermatofibroma': 0.0, 'recall_dermatofibroma': 0.0, 'f1_melanoma': 0.4642857142857143, 'recall_melanoma': 0.46846846846846846, 'f1_melanocytic_nevi': 0.8681948424068768, 'recall_melanocytic_nevi': 0.9031296572280179, 'f1_vascular_lesions': 0.0, 'recall_vascular_lesions': 0.0}, 903.3276532669843)
[92mINFO [0m:      configure_evaluate: strategy sampled 10 clients (out of 10)
[36m(ClientAppActor pid=440494)[0m 
[36m(ClientAppActor pid=440494)[0m         
[36m(ClientAppActor pid=440469)[0m /home/bk489/federated_clean/cleanest_federated/fl-dermamnist-starter/metrics/evaluation.py:68: UserWarning: AUROC set to NaN because present classes are [2, 4, 5], expected [0, 1, 2, 3, 4, 5, 6][32m [repeated 10x across cluster][0m
[36m(ClientAppActor pid=440469)[0m   warnings.warn(f'AUROC set to NaN because present classes are {present_classes}, expected {labels}')[32m [repeated 10x across cluster][0m
[36m(ClientAppActor pid=440493)[0m /home/bk489/federated_clean/.venv/lib/python3.9/site-packages/sklearn/metrics/_classification.py:2524: UserWarning: y_pred contains classes not in y_true[32m [repeated 7x across cluster][0m
[36m(ClientAppActor pid=440493)[0m   warnings.warn("y_pred contains classes not in y_true")[32m [repeated 7x across cluster][0m
[36m(ClientAppActor pid=440494)[0m [93mWARNING [0m:   DEPRECATED FEATURE: `client_fn` now expects a signature `def client_fn(context: Context)`.The provided `client_fn` has signature: {'cid': <Parameter "cid: 'str'">}. You can import the `Context` like this: `from flwr.common import Context`[32m [repeated 15x across cluster][0m
[36m(ClientAppActor pid=440494)[0m             This is a deprecated feature. It will be removed[32m [repeated 15x across cluster][0m
[36m(ClientAppActor pid=440494)[0m             entirely in future versions of Flower.[32m [repeated 15x across cluster][0m
[36m(ClientAppActor pid=440492)[0m 
[36m(ClientAppActor pid=440492)[0m         
[36m(ClientAppActor pid=440493)[0m 
[36m(ClientAppActor pid=440493)[0m         
[36m(ClientAppActor pid=440496)[0m 
[36m(ClientAppActor pid=440496)[0m         
[92mINFO [0m:      aggregate_evaluate: received 10 results and 0 failures
[92mINFO [0m:      
[92mINFO [0m:      [ROUND 110]
[92mINFO [0m:      configure_fit: strategy sampled 5 clients (out of 10)
[36m(ClientAppActor pid=440497)[0m 
[36m(ClientAppActor pid=440497)[0m         
[36m(ClientAppActor pid=440499)[0m 
[36m(ClientAppActor pid=440499)[0m         
[36m(ClientAppActor pid=440499)[0m 
[36m(ClientAppActor pid=440499)[0m         
[36m(ClientAppActor pid=440479)[0m 
[36m(ClientAppActor pid=440479)[0m         
[36m(ClientAppActor pid=440469)[0m 
[36m(ClientAppActor pid=440469)[0m         
[36m(ClientAppActor pid=440470)[0m 
[36m(ClientAppActor pid=440470)[0m         
[36m(ClientAppActor pid=440470)[0m 
[36m(ClientAppActor pid=440470)[0m         
[36m(ClientAppActor pid=440478)[0m 
[36m(ClientAppActor pid=440478)[0m         
[36m(ClientAppActor pid=440497)[0m 
[36m(ClientAppActor pid=440497)[0m         
[36m(ClientAppActor pid=440479)[0m 
[36m(ClientAppActor pid=440479)[0m         
[36m(ClientAppActor pid=440478)[0m 
[36m(ClientAppActor pid=440478)[0m         
[92mINFO [0m:      aggregate_fit: received 5 results and 0 failures
[92mINFO [0m:      fit progress: (110, 2.139689854111296, {'accuracy': 0.7288135593220338, 'balanced_accuracy': 0.2820613886187657, 'macro_f1': 0.26195529031869136, 'worst_class_f1': 0.0, 'worst_class_recall': 0.0, 'f1_actinic_keratoses_an': 0.0, 'recall_actinic_keratoses_an': 0.0, 'f1_basal_cell_carcinoma': 0.0, 'recall_basal_cell_carcinoma': 0.0, 'f1_benign_keratosis-lik': 0.49429657794676807, 'recall_benign_keratosis-lik': 0.5909090909090909, 'f1_dermatofibroma': 0.0, 'recall_dermatofibroma': 0.0, 'f1_melanoma': 0.46846846846846846, 'recall_melanoma': 0.46846846846846846, 'f1_melanocytic_nevi': 0.8709219858156029, 'recall_melanocytic_nevi': 0.9150521609538003, 'f1_vascular_lesions': 0.0, 'recall_vascular_lesions': 0.0}, 913.3826503809833)
[92mINFO [0m:      configure_evaluate: strategy sampled 10 clients (out of 10)
[36m(ClientAppActor pid=440494)[0m 
[36m(ClientAppActor pid=440494)[0m         
[36m(ClientAppActor pid=440478)[0m /home/bk489/federated_clean/cleanest_federated/fl-dermamnist-starter/metrics/evaluation.py:68: UserWarning: AUROC set to NaN because present classes are [0, 6], expected [0, 1, 2, 3, 4, 5, 6][32m [repeated 10x across cluster][0m
[36m(ClientAppActor pid=440478)[0m   warnings.warn(f'AUROC set to NaN because present classes are {present_classes}, expected {labels}')[32m [repeated 10x across cluster][0m
[36m(ClientAppActor pid=440478)[0m /home/bk489/federated_clean/.venv/lib/python3.9/site-packages/sklearn/metrics/_classification.py:2524: UserWarning: y_pred contains classes not in y_true[32m [repeated 7x across cluster][0m
[36m(ClientAppActor pid=440478)[0m   warnings.warn("y_pred contains classes not in y_true")[32m [repeated 7x across cluster][0m
[36m(ClientAppActor pid=440494)[0m [93mWARNING [0m:   DEPRECATED FEATURE: `client_fn` now expects a signature `def client_fn(context: Context)`.The provided `client_fn` has signature: {'cid': <Parameter "cid: 'str'">}. You can import the `Context` like this: `from flwr.common import Context`[32m [repeated 15x across cluster][0m
[36m(ClientAppActor pid=440494)[0m             This is a deprecated feature. It will be removed[32m [repeated 15x across cluster][0m
[36m(ClientAppActor pid=440494)[0m             entirely in future versions of Flower.[32m [repeated 15x across cluster][0m
[36m(ClientAppActor pid=440492)[0m 
[36m(ClientAppActor pid=440492)[0m         
[36m(ClientAppActor pid=440497)[0m 
[36m(ClientAppActor pid=440497)[0m         
[36m(ClientAppActor pid=440499)[0m 
[36m(ClientAppActor pid=440499)[0m         
[36m(ClientAppActor pid=440493)[0m 
[36m(ClientAppActor pid=440493)[0m         
[36m(ClientAppActor pid=440479)[0m 
[36m(ClientAppActor pid=440479)[0m         
[36m(ClientAppActor pid=440496)[0m 
[36m(ClientAppActor pid=440496)[0m         
[36m(ClientAppActor pid=440469)[0m 
[36m(ClientAppActor pid=440469)[0m         
[36m(ClientAppActor pid=440470)[0m 
[36m(ClientAppActor pid=440470)[0m         
[36m(ClientAppActor pid=440478)[0m 
[36m(ClientAppActor pid=440478)[0m         
[92mINFO [0m:      aggregate_evaluate: received 10 results and 0 failures
[92mINFO [0m:      
[92mINFO [0m:      [ROUND 111]
[92mINFO [0m:      configure_fit: strategy sampled 5 clients (out of 10)
[36m(ClientAppActor pid=440494)[0m 
[36m(ClientAppActor pid=440494)[0m         
[36m(ClientAppActor pid=440492)[0m 
[36m(ClientAppActor pid=440492)[0m         
[36m(ClientAppActor pid=440493)[0m 
[36m(ClientAppActor pid=440493)[0m         
[36m(ClientAppActor pid=440496)[0m 
[36m(ClientAppActor pid=440496)[0m         
[36m(ClientAppActor pid=440469)[0m 
[36m(ClientAppActor pid=440469)[0m         
[92mINFO [0m:      aggregate_fit: received 5 results and 0 failures
[92mINFO [0m:      fit progress: (111, 1.6586858819750465, {'accuracy': 0.7238285144566301, 'balanced_accuracy': 0.26371768830785225, 'macro_f1': 0.250816986266077, 'worst_class_f1': 0.0, 'worst_class_recall': 0.0, 'f1_actinic_keratoses_an': 0.0, 'recall_actinic_keratoses_an': 0.0, 'f1_basal_cell_carcinoma': 0.0, 'recall_basal_cell_carcinoma': 0.0, 'f1_benign_keratosis-lik': 0.4672131147540984, 'recall_benign_keratosis-lik': 0.5181818181818182, 'f1_dermatofibroma': 0.0, 'recall_dermatofibroma': 0.0, 'f1_melanoma': 0.42105263157894735, 'recall_melanoma': 0.3963963963963964, 'f1_melanocytic_nevi': 0.8674531575294934, 'recall_melanocytic_nevi': 0.9314456035767511, 'f1_vascular_lesions': 0.0, 'recall_vascular_lesions': 0.0}, 921.5057971419883)
[92mINFO [0m:      configure_evaluate: strategy sampled 10 clients (out of 10)
[36m(ClientAppActor pid=440494)[0m 
[36m(ClientAppActor pid=440494)[0m         
[36m(ClientAppActor pid=440494)[0m /home/bk489/federated_clean/cleanest_federated/fl-dermamnist-starter/metrics/evaluation.py:68: UserWarning: AUROC set to NaN because present classes are [0, 1], expected [0, 1, 2, 3, 4, 5, 6][32m [repeated 11x across cluster][0m
[36m(ClientAppActor pid=440494)[0m   warnings.warn(f'AUROC set to NaN because present classes are {present_classes}, expected {labels}')[32m [repeated 11x across cluster][0m
[36m(ClientAppActor pid=440494)[0m /home/bk489/federated_clean/.venv/lib/python3.9/site-packages/sklearn/metrics/_classification.py:2524: UserWarning: y_pred contains classes not in y_true[32m [repeated 8x across cluster][0m
[36m(ClientAppActor pid=440494)[0m   warnings.warn("y_pred contains classes not in y_true")[32m [repeated 8x across cluster][0m
[36m(ClientAppActor pid=440494)[0m [93mWARNING [0m:   DEPRECATED FEATURE: `client_fn` now expects a signature `def client_fn(context: Context)`.The provided `client_fn` has signature: {'cid': <Parameter "cid: 'str'">}. You can import the `Context` like this: `from flwr.common import Context`[32m [repeated 15x across cluster][0m
[36m(ClientAppActor pid=440494)[0m             This is a deprecated feature. It will be removed[32m [repeated 15x across cluster][0m
[36m(ClientAppActor pid=440494)[0m             entirely in future versions of Flower.[32m [repeated 15x across cluster][0m
[36m(ClientAppActor pid=440492)[0m 
[36m(ClientAppActor pid=440492)[0m         
[36m(ClientAppActor pid=440497)[0m 
[36m(ClientAppActor pid=440497)[0m         
[36m(ClientAppActor pid=440493)[0m 
[36m(ClientAppActor pid=440493)[0m         
[36m(ClientAppActor pid=440479)[0m 
[36m(ClientAppActor pid=440479)[0m         
[36m(ClientAppActor pid=440496)[0m 
[36m(ClientAppActor pid=440496)[0m         
[36m(ClientAppActor pid=440469)[0m 
[36m(ClientAppActor pid=440469)[0m         
[36m(ClientAppActor pid=440499)[0m 
[36m(ClientAppActor pid=440499)[0m         
[36m(ClientAppActor pid=440470)[0m 
[36m(ClientAppActor pid=440470)[0m         
[36m(ClientAppActor pid=440478)[0m 
[36m(ClientAppActor pid=440478)[0m         
[92mINFO [0m:      aggregate_evaluate: received 10 results and 0 failures
[92mINFO [0m:      
[92mINFO [0m:      [ROUND 112]
[92mINFO [0m:      configure_fit: strategy sampled 5 clients (out of 10)
[36m(ClientAppActor pid=440497)[0m 
[36m(ClientAppActor pid=440497)[0m         
[36m(ClientAppActor pid=440499)[0m 
[36m(ClientAppActor pid=440499)[0m         
[36m(ClientAppActor pid=440479)[0m 
[36m(ClientAppActor pid=440479)[0m         
[36m(ClientAppActor pid=440470)[0m 
[36m(ClientAppActor pid=440470)[0m         
[36m(ClientAppActor pid=440478)[0m 
[36m(ClientAppActor pid=440478)[0m         
[92mINFO [0m:      aggregate_fit: received 5 results and 0 failures
[92mINFO [0m:      fit progress: (112, 1.7503225805752298, {'accuracy': 0.707876370887338, 'balanced_accuracy': 0.29482529728431367, 'macro_f1': 0.2716086520603057, 'worst_class_f1': 0.0, 'worst_class_recall': 0.0, 'f1_actinic_keratoses_an': 0.0, 'recall_actinic_keratoses_an': 0.0, 'f1_basal_cell_carcinoma': 0.0821917808219178, 'recall_basal_cell_carcinoma': 0.057692307692307696, 'f1_benign_keratosis-lik': 0.4732824427480916, 'recall_benign_keratosis-lik': 0.5636363636363636, 'f1_dermatofibroma': 0.0, 'recall_dermatofibroma': 0.0, 'f1_melanoma': 0.48120300751879697, 'recall_melanoma': 0.5765765765765766, 'f1_melanocytic_nevi': 0.8645833333333334, 'recall_melanocytic_nevi': 0.8658718330849479, 'f1_vascular_lesions': 0.0, 'recall_vascular_lesions': 0.0}, 929.7803279910004)
[92mINFO [0m:      configure_evaluate: strategy sampled 10 clients (out of 10)
[36m(ClientAppActor pid=440470)[0m 
[36m(ClientAppActor pid=440470)[0m         
[36m(ClientAppActor pid=440478)[0m /home/bk489/federated_clean/cleanest_federated/fl-dermamnist-starter/metrics/evaluation.py:68: UserWarning: AUROC set to NaN because present classes are [0, 6], expected [0, 1, 2, 3, 4, 5, 6][32m [repeated 9x across cluster][0m
[36m(ClientAppActor pid=440478)[0m   warnings.warn(f'AUROC set to NaN because present classes are {present_classes}, expected {labels}')[32m [repeated 9x across cluster][0m
[36m(ClientAppActor pid=440478)[0m /home/bk489/federated_clean/.venv/lib/python3.9/site-packages/sklearn/metrics/_classification.py:2524: UserWarning: y_pred contains classes not in y_true[32m [repeated 6x across cluster][0m
[36m(ClientAppActor pid=440478)[0m   warnings.warn("y_pred contains classes not in y_true")[32m [repeated 6x across cluster][0m
[36m(ClientAppActor pid=440470)[0m [93mWARNING [0m:   DEPRECATED FEATURE: `client_fn` now expects a signature `def client_fn(context: Context)`.The provided `client_fn` has signature: {'cid': <Parameter "cid: 'str'">}. You can import the `Context` like this: `from flwr.common import Context`[32m [repeated 15x across cluster][0m
[36m(ClientAppActor pid=440470)[0m             This is a deprecated feature. It will be removed[32m [repeated 15x across cluster][0m
[36m(ClientAppActor pid=440470)[0m             entirely in future versions of Flower.[32m [repeated 15x across cluster][0m
[36m(ClientAppActor pid=440478)[0m 
[36m(ClientAppActor pid=440478)[0m         
[36m(ClientAppActor pid=440479)[0m 
[36m(ClientAppActor pid=440479)[0m         
[92mINFO [0m:      aggregate_evaluate: received 10 results and 0 failures
[92mINFO [0m:      
[92mINFO [0m:      [ROUND 113]
[92mINFO [0m:      configure_fit: strategy sampled 5 clients (out of 10)
[36m(ClientAppActor pid=440494)[0m 
[36m(ClientAppActor pid=440494)[0m         
[36m(ClientAppActor pid=440492)[0m 
[36m(ClientAppActor pid=440492)[0m         
[36m(ClientAppActor pid=440497)[0m 
[36m(ClientAppActor pid=440497)[0m         
[36m(ClientAppActor pid=440499)[0m 
[36m(ClientAppActor pid=440499)[0m         
[36m(ClientAppActor pid=440493)[0m 
[36m(ClientAppActor pid=440493)[0m         
[36m(ClientAppActor pid=440493)[0m 
[36m(ClientAppActor pid=440493)[0m         
[36m(ClientAppActor pid=440496)[0m 
[36m(ClientAppActor pid=440496)[0m         
[36m(ClientAppActor pid=440469)[0m 
[36m(ClientAppActor pid=440469)[0m         
[36m(ClientAppActor pid=440494)[0m 
[36m(ClientAppActor pid=440494)[0m         
[36m(ClientAppActor pid=440492)[0m 
[36m(ClientAppActor pid=440492)[0m         
[36m(ClientAppActor pid=440496)[0m 
[36m(ClientAppActor pid=440496)[0m         
[36m(ClientAppActor pid=440469)[0m 
[36m(ClientAppActor pid=440469)[0m         
[92mINFO [0m:      aggregate_fit: received 5 results and 0 failures
[92mINFO [0m:      fit progress: (113, 1.772278464327781, {'accuracy': 0.646061814556331, 'balanced_accuracy': 0.2982908287357936, 'macro_f1': 0.28421128279763386, 'worst_class_f1': 0.0, 'worst_class_recall': 0.0, 'f1_actinic_keratoses_an': 0.0, 'recall_actinic_keratoses_an': 0.0, 'f1_basal_cell_carcinoma': 0.14035087719298245, 'recall_basal_cell_carcinoma': 0.23076923076923078, 'f1_benign_keratosis-lik': 0.46332046332046334, 'recall_benign_keratosis-lik': 0.5454545454545454, 'f1_dermatofibroma': 0.0, 'recall_dermatofibroma': 0.0, 'f1_melanoma': 0.43037974683544306, 'recall_melanoma': 0.4594594594594595, 'f1_melanocytic_nevi': 0.8304278922345484, 'recall_melanocytic_nevi': 0.7809239940387481, 'f1_vascular_lesions': 0.125, 'recall_vascular_lesions': 0.07142857142857142}, 939.3469527029956)
[92mINFO [0m:      configure_evaluate: strategy sampled 10 clients (out of 10)
[36m(ClientAppActor pid=440494)[0m 
[36m(ClientAppActor pid=440494)[0m         
[36m(ClientAppActor pid=440494)[0m /home/bk489/federated_clean/cleanest_federated/fl-dermamnist-starter/metrics/evaluation.py:68: UserWarning: AUROC set to NaN because present classes are [0, 1], expected [0, 1, 2, 3, 4, 5, 6][32m [repeated 11x across cluster][0m
[36m(ClientAppActor pid=440494)[0m   warnings.warn(f'AUROC set to NaN because present classes are {present_classes}, expected {labels}')[32m [repeated 11x across cluster][0m
[36m(ClientAppActor pid=440494)[0m /home/bk489/federated_clean/.venv/lib/python3.9/site-packages/sklearn/metrics/_classification.py:2524: UserWarning: y_pred contains classes not in y_true[32m [repeated 11x across cluster][0m
[36m(ClientAppActor pid=440494)[0m   warnings.warn("y_pred contains classes not in y_true")[32m [repeated 11x across cluster][0m
[36m(ClientAppActor pid=440494)[0m [93mWARNING [0m:   DEPRECATED FEATURE: `client_fn` now expects a signature `def client_fn(context: Context)`.The provided `client_fn` has signature: {'cid': <Parameter "cid: 'str'">}. You can import the `Context` like this: `from flwr.common import Context`[32m [repeated 15x across cluster][0m
[36m(ClientAppActor pid=440494)[0m             This is a deprecated feature. It will be removed[32m [repeated 15x across cluster][0m
[36m(ClientAppActor pid=440494)[0m             entirely in future versions of Flower.[32m [repeated 15x across cluster][0m
[36m(ClientAppActor pid=440492)[0m 
[36m(ClientAppActor pid=440492)[0m         
[36m(ClientAppActor pid=440497)[0m 
[36m(ClientAppActor pid=440497)[0m         
[36m(ClientAppActor pid=440499)[0m 
[36m(ClientAppActor pid=440499)[0m         
[36m(ClientAppActor pid=440493)[0m 
[36m(ClientAppActor pid=440493)[0m         
[36m(ClientAppActor pid=440479)[0m 
[36m(ClientAppActor pid=440479)[0m         
[92mINFO [0m:      aggregate_evaluate: received 10 results and 0 failures
[36m(ClientAppActor pid=440496)[0m 
[92mINFO [0m:      
[36m(ClientAppActor pid=440496)[0m         
[92mINFO [0m:      [ROUND 114]
[92mINFO [0m:      configure_fit: strategy sampled 5 clients (out of 10)
[36m(ClientAppActor pid=440469)[0m 
[36m(ClientAppActor pid=440469)[0m         
[36m(ClientAppActor pid=440470)[0m 
[36m(ClientAppActor pid=440470)[0m         
[36m(ClientAppActor pid=440478)[0m 
[36m(ClientAppActor pid=440478)[0m         
[36m(ClientAppActor pid=440497)[0m 
[36m(ClientAppActor pid=440497)[0m         
[36m(ClientAppActor pid=440499)[0m 
[36m(ClientAppActor pid=440499)[0m         
[36m(ClientAppActor pid=440479)[0m 
[36m(ClientAppActor pid=440479)[0m         
[36m(ClientAppActor pid=440470)[0m 
[36m(ClientAppActor pid=440470)[0m         
[36m(ClientAppActor pid=440478)[0m 
[36m(ClientAppActor pid=440478)[0m         
[92mINFO [0m:      aggregate_fit: received 5 results and 0 failures
[92mINFO [0m:      fit progress: (114, 1.9158261201436355, {'accuracy': 0.7168494516450648, 'balanced_accuracy': 0.26973437137371564, 'macro_f1': 0.2534613480321225, 'worst_class_f1': 0.0, 'worst_class_recall': 0.0, 'f1_actinic_keratoses_an': 0.0, 'recall_actinic_keratoses_an': 0.0, 'f1_basal_cell_carcinoma': 0.0, 'recall_basal_cell_carcinoma': 0.0, 'f1_benign_keratosis-lik': 0.448, 'recall_benign_keratosis-lik': 0.509090909090909, 'f1_dermatofibroma': 0.0, 'recall_dermatofibroma': 0.0, 'f1_melanoma': 0.46017699115044247, 'recall_melanoma': 0.46846846846846846, 'f1_melanocytic_nevi': 0.8660524450744153, 'recall_melanocytic_nevi': 0.910581222056632, 'f1_vascular_lesions': 0.0, 'recall_vascular_lesions': 0.0}, 947.4809247219819)
[92mINFO [0m:      configure_evaluate: strategy sampled 10 clients (out of 10)
[92mINFO [0m:      aggregate_evaluate: received 10 results and 0 failures
[92mINFO [0m:      
[92mINFO [0m:      [ROUND 115]
[92mINFO [0m:      configure_fit: strategy sampled 5 clients (out of 10)
[36m(ClientAppActor pid=440494)[0m 
[36m(ClientAppActor pid=440494)[0m         
[36m(ClientAppActor pid=440494)[0m /home/bk489/federated_clean/cleanest_federated/fl-dermamnist-starter/metrics/evaluation.py:68: UserWarning: AUROC set to NaN because present classes are [0, 1, 3], expected [0, 1, 2, 3, 4, 5, 6][32m [repeated 10x across cluster][0m
[36m(ClientAppActor pid=440494)[0m   warnings.warn(f'AUROC set to NaN because present classes are {present_classes}, expected {labels}')[32m [repeated 10x across cluster][0m
[36m(ClientAppActor pid=440494)[0m /home/bk489/federated_clean/.venv/lib/python3.9/site-packages/sklearn/metrics/_classification.py:2524: UserWarning: y_pred contains classes not in y_true[32m [repeated 10x across cluster][0m
[36m(ClientAppActor pid=440494)[0m   warnings.warn("y_pred contains classes not in y_true")[32m [repeated 10x across cluster][0m
[36m(ClientAppActor pid=440494)[0m [93mWARNING [0m:   DEPRECATED FEATURE: `client_fn` now expects a signature `def client_fn(context: Context)`.The provided `client_fn` has signature: {'cid': <Parameter "cid: 'str'">}. You can import the `Context` like this: `from flwr.common import Context`[32m [repeated 15x across cluster][0m
[36m(ClientAppActor pid=440494)[0m             This is a deprecated feature. It will be removed[32m [repeated 15x across cluster][0m
[36m(ClientAppActor pid=440494)[0m             entirely in future versions of Flower.[32m [repeated 15x across cluster][0m
[36m(ClientAppActor pid=440492)[0m 
[36m(ClientAppActor pid=440492)[0m         
[36m(ClientAppActor pid=440497)[0m 
[36m(ClientAppActor pid=440497)[0m         
[36m(ClientAppActor pid=440499)[0m 
[36m(ClientAppActor pid=440499)[0m         
[36m(ClientAppActor pid=440493)[0m 
[36m(ClientAppActor pid=440493)[0m         
[36m(ClientAppActor pid=440479)[0m 
[36m(ClientAppActor pid=440479)[0m         
[36m(ClientAppActor pid=440496)[0m 
[36m(ClientAppActor pid=440496)[0m         
[36m(ClientAppActor pid=440469)[0m 
[36m(ClientAppActor pid=440469)[0m         
[36m(ClientAppActor pid=440470)[0m 
[36m(ClientAppActor pid=440470)[0m         
[36m(ClientAppActor pid=440478)[0m 
[36m(ClientAppActor pid=440478)[0m         
[36m(ClientAppActor pid=440494)[0m 
[36m(ClientAppActor pid=440494)[0m         
[36m(ClientAppActor pid=440492)[0m 
[36m(ClientAppActor pid=440492)[0m         
[36m(ClientAppActor pid=440493)[0m 
[36m(ClientAppActor pid=440493)[0m         
[36m(ClientAppActor pid=440496)[0m 
[36m(ClientAppActor pid=440496)[0m         
[36m(ClientAppActor pid=440469)[0m 
[36m(ClientAppActor pid=440469)[0m         
[92mINFO [0m:      aggregate_fit: received 5 results and 0 failures
[92mINFO [0m:      fit progress: (115, 1.8660875272418067, {'accuracy': 0.7168494516450648, 'balanced_accuracy': 0.28790736659589117, 'macro_f1': 0.268179620009567, 'worst_class_f1': 0.0, 'worst_class_recall': 0.0, 'f1_actinic_keratoses_an': 0.05555555555555555, 'recall_actinic_keratoses_an': 0.030303030303030304, 'f1_basal_cell_carcinoma': 0.0, 'recall_basal_cell_carcinoma': 0.0, 'f1_benign_keratosis-lik': 0.47761194029850745, 'recall_benign_keratosis-lik': 0.5818181818181818, 'f1_dermatofibroma': 0.0, 'recall_dermatofibroma': 0.0, 'f1_melanoma': 0.4769874476987448, 'recall_melanoma': 0.5135135135135135, 'f1_melanocytic_nevi': 0.8671023965141612, 'recall_melanocytic_nevi': 0.8897168405365127, 'f1_vascular_lesions': 0.0, 'recall_vascular_lesions': 0.0}, 957.1426861539949)
[92mINFO [0m:      configure_evaluate: strategy sampled 10 clients (out of 10)
[36m(ClientAppActor pid=440494)[0m 
[36m(ClientAppActor pid=440494)[0m         
[36m(ClientAppActor pid=440478)[0m /home/bk489/federated_clean/cleanest_federated/fl-dermamnist-starter/metrics/evaluation.py:68: UserWarning: AUROC set to NaN because present classes are [1, 6], expected [0, 1, 2, 3, 4, 5, 6][32m [repeated 9x across cluster][0m
[36m(ClientAppActor pid=440478)[0m   warnings.warn(f'AUROC set to NaN because present classes are {present_classes}, expected {labels}')[32m [repeated 9x across cluster][0m
[36m(ClientAppActor pid=440478)[0m /home/bk489/federated_clean/.venv/lib/python3.9/site-packages/sklearn/metrics/_classification.py:2524: UserWarning: y_pred contains classes not in y_true[32m [repeated 8x across cluster][0m
[36m(ClientAppActor pid=440478)[0m   warnings.warn("y_pred contains classes not in y_true")[32m [repeated 8x across cluster][0m
[36m(ClientAppActor pid=440494)[0m [93mWARNING [0m:   DEPRECATED FEATURE: `client_fn` now expects a signature `def client_fn(context: Context)`.The provided `client_fn` has signature: {'cid': <Parameter "cid: 'str'">}. You can import the `Context` like this: `from flwr.common import Context`[32m [repeated 15x across cluster][0m
[36m(ClientAppActor pid=440494)[0m             This is a deprecated feature. It will be removed[32m [repeated 15x across cluster][0m
[36m(ClientAppActor pid=440494)[0m             entirely in future versions of Flower.[32m [repeated 15x across cluster][0m
[36m(ClientAppActor pid=440493)[0m 
[36m(ClientAppActor pid=440493)[0m         
[36m(ClientAppActor pid=440496)[0m 
[36m(ClientAppActor pid=440496)[0m         
[92mINFO [0m:      aggregate_evaluate: received 10 results and 0 failures
[92mINFO [0m:      
[92mINFO [0m:      [ROUND 116]
[92mINFO [0m:      configure_fit: strategy sampled 5 clients (out of 10)
[36m(ClientAppActor pid=440492)[0m 
[36m(ClientAppActor pid=440492)[0m         
[36m(ClientAppActor pid=440497)[0m 
[36m(ClientAppActor pid=440497)[0m         
[36m(ClientAppActor pid=440497)[0m 
[36m(ClientAppActor pid=440497)[0m         
[36m(ClientAppActor pid=440499)[0m 
[36m(ClientAppActor pid=440499)[0m         
[36m(ClientAppActor pid=440499)[0m 
[36m(ClientAppActor pid=440499)[0m         
[36m(ClientAppActor pid=440479)[0m 
[36m(ClientAppActor pid=440479)[0m         
[36m(ClientAppActor pid=440479)[0m 
[36m(ClientAppActor pid=440479)[0m         
[36m(ClientAppActor pid=440469)[0m 
[36m(ClientAppActor pid=440469)[0m         
[36m(ClientAppActor pid=440470)[0m 
[36m(ClientAppActor pid=440470)[0m         
[36m(ClientAppActor pid=440470)[0m 
[36m(ClientAppActor pid=440470)[0m         
[36m(ClientAppActor pid=440478)[0m 
[36m(ClientAppActor pid=440478)[0m         
[36m(ClientAppActor pid=440478)[0m 
[36m(ClientAppActor pid=440478)[0m         
[92mINFO [0m:      aggregate_fit: received 5 results and 0 failures
[92mINFO [0m:      fit progress: (116, 2.30982429080328, {'accuracy': 0.5812562313060817, 'balanced_accuracy': 0.2901262492597387, 'macro_f1': 0.2719081083990532, 'worst_class_f1': 0.0, 'worst_class_recall': 0.0, 'f1_actinic_keratoses_an': 0.0759493670886076, 'recall_actinic_keratoses_an': 0.09090909090909091, 'f1_basal_cell_carcinoma': 0.037267080745341616, 'recall_basal_cell_carcinoma': 0.057692307692307696, 'f1_benign_keratosis-lik': 0.4444444444444444, 'recall_benign_keratosis-lik': 0.5636363636363636, 'f1_dermatofibroma': 0.0, 'recall_dermatofibroma': 0.0, 'f1_melanoma': 0.4444444444444444, 'recall_melanoma': 0.5765765765765766, 'f1_melanocytic_nevi': 0.7679180887372014, 'recall_melanocytic_nevi': 0.6706408345752608, 'f1_vascular_lesions': 0.13333333333333333, 'recall_vascular_lesions': 0.07142857142857142}, 964.5278229299875)
[92mINFO [0m:      configure_evaluate: strategy sampled 10 clients (out of 10)
[36m(ClientAppActor pid=440492)[0m 
[36m(ClientAppActor pid=440492)[0m         
[36m(ClientAppActor pid=440478)[0m /home/bk489/federated_clean/cleanest_federated/fl-dermamnist-starter/metrics/evaluation.py:68: UserWarning: AUROC set to NaN because present classes are [0, 1, 3], expected [0, 1, 2, 3, 4, 5, 6][32m [repeated 10x across cluster][0m
[36m(ClientAppActor pid=440478)[0m   warnings.warn(f'AUROC set to NaN because present classes are {present_classes}, expected {labels}')[32m [repeated 10x across cluster][0m
[36m(ClientAppActor pid=440478)[0m /home/bk489/federated_clean/.venv/lib/python3.9/site-packages/sklearn/metrics/_classification.py:2524: UserWarning: y_pred contains classes not in y_true[32m [repeated 9x across cluster][0m
[36m(ClientAppActor pid=440478)[0m   warnings.warn("y_pred contains classes not in y_true")[32m [repeated 9x across cluster][0m
[36m(ClientAppActor pid=440492)[0m [93mWARNING [0m:   DEPRECATED FEATURE: `client_fn` now expects a signature `def client_fn(context: Context)`.The provided `client_fn` has signature: {'cid': <Parameter "cid: 'str'">}. You can import the `Context` like this: `from flwr.common import Context`[32m [repeated 15x across cluster][0m
[36m(ClientAppActor pid=440492)[0m             This is a deprecated feature. It will be removed[32m [repeated 15x across cluster][0m
[36m(ClientAppActor pid=440492)[0m             entirely in future versions of Flower.[32m [repeated 15x across cluster][0m
[36m(ClientAppActor pid=440497)[0m 
[36m(ClientAppActor pid=440497)[0m         
[36m(ClientAppActor pid=440499)[0m 
[36m(ClientAppActor pid=440499)[0m         
[36m(ClientAppActor pid=440479)[0m 
[36m(ClientAppActor pid=440479)[0m         
[36m(ClientAppActor pid=440470)[0m 
[36m(ClientAppActor pid=440470)[0m         
[36m(ClientAppActor pid=440478)[0m 
[36m(ClientAppActor pid=440478)[0m         
[92mINFO [0m:      aggregate_evaluate: received 10 results and 0 failures
[36m(ClientAppActor pid=440494)[0m 
[92mINFO [0m:      
[36m(ClientAppActor pid=440494)[0m         
[92mINFO [0m:      [ROUND 117]
[92mINFO [0m:      configure_fit: strategy sampled 5 clients (out of 10)
[36m(ClientAppActor pid=440493)[0m 
[36m(ClientAppActor pid=440493)[0m         
[36m(ClientAppActor pid=440493)[0m 
[36m(ClientAppActor pid=440493)[0m         
[36m(ClientAppActor pid=440479)[0m 
[36m(ClientAppActor pid=440479)[0m         
[36m(ClientAppActor pid=440496)[0m 
[36m(ClientAppActor pid=440496)[0m         
[36m(ClientAppActor pid=440496)[0m 
[36m(ClientAppActor pid=440496)[0m         
[36m(ClientAppActor pid=440469)[0m 
[36m(ClientAppActor pid=440469)[0m         
[36m(ClientAppActor pid=440469)[0m 
[36m(ClientAppActor pid=440469)[0m         
[36m(ClientAppActor pid=440494)[0m 
[36m(ClientAppActor pid=440494)[0m         
[92mINFO [0m:      aggregate_fit: received 5 results and 0 failures
[92mINFO [0m:      fit progress: (117, 1.694185020203367, {'accuracy': 0.7148554336989033, 'balanced_accuracy': 0.30294266359840133, 'macro_f1': 0.2855052569551027, 'worst_class_f1': 0.0, 'worst_class_recall': 0.0, 'f1_actinic_keratoses_an': 0.05555555555555555, 'recall_actinic_keratoses_an': 0.030303030303030304, 'f1_basal_cell_carcinoma': 0.09411764705882353, 'recall_basal_cell_carcinoma': 0.07692307692307693, 'f1_benign_keratosis-lik': 0.47619047619047616, 'recall_benign_keratosis-lik': 0.5454545454545454, 'f1_dermatofibroma': 0.0, 'recall_dermatofibroma': 0.0, 'f1_melanoma': 0.5, 'recall_melanoma': 0.5945945945945946, 'f1_melanocytic_nevi': 0.8726731198808637, 'recall_melanocytic_nevi': 0.8733233979135618, 'f1_vascular_lesions': 0.0, 'recall_vascular_lesions': 0.0}, 972.0651961919793)
[92mINFO [0m:      configure_evaluate: strategy sampled 10 clients (out of 10)
[36m(ClientAppActor pid=440494)[0m 
[36m(ClientAppActor pid=440494)[0m         
[36m(ClientAppActor pid=440494)[0m /home/bk489/federated_clean/cleanest_federated/fl-dermamnist-starter/metrics/evaluation.py:68: UserWarning: AUROC set to NaN because present classes are [0, 1, 6], expected [0, 1, 2, 3, 4, 5, 6][32m [repeated 11x across cluster][0m
[36m(ClientAppActor pid=440494)[0m   warnings.warn(f'AUROC set to NaN because present classes are {present_classes}, expected {labels}')[32m [repeated 11x across cluster][0m
[36m(ClientAppActor pid=440494)[0m /home/bk489/federated_clean/.venv/lib/python3.9/site-packages/sklearn/metrics/_classification.py:2524: UserWarning: y_pred contains classes not in y_true[32m [repeated 11x across cluster][0m
[36m(ClientAppActor pid=440494)[0m   warnings.warn("y_pred contains classes not in y_true")[32m [repeated 11x across cluster][0m
[36m(ClientAppActor pid=440494)[0m [93mWARNING [0m:   DEPRECATED FEATURE: `client_fn` now expects a signature `def client_fn(context: Context)`.The provided `client_fn` has signature: {'cid': <Parameter "cid: 'str'">}. You can import the `Context` like this: `from flwr.common import Context`[32m [repeated 15x across cluster][0m
[36m(ClientAppActor pid=440494)[0m             This is a deprecated feature. It will be removed[32m [repeated 15x across cluster][0m
[36m(ClientAppActor pid=440494)[0m             entirely in future versions of Flower.[32m [repeated 15x across cluster][0m
[36m(ClientAppActor pid=440492)[0m 
[36m(ClientAppActor pid=440492)[0m         
[36m(ClientAppActor pid=440497)[0m 
[36m(ClientAppActor pid=440497)[0m         
[36m(ClientAppActor pid=440499)[0m 
[36m(ClientAppActor pid=440499)[0m         
[36m(ClientAppActor pid=440493)[0m 
[36m(ClientAppActor pid=440493)[0m         
[36m(ClientAppActor pid=440479)[0m 
[36m(ClientAppActor pid=440479)[0m         
[36m(ClientAppActor pid=440496)[0m 
[36m(ClientAppActor pid=440496)[0m         
[36m(ClientAppActor pid=440469)[0m 
[36m(ClientAppActor pid=440469)[0m         
[36m(ClientAppActor pid=440470)[0m 
[36m(ClientAppActor pid=440470)[0m         
[36m(ClientAppActor pid=440478)[0m 
[36m(ClientAppActor pid=440478)[0m         
[92mINFO [0m:      aggregate_evaluate: received 10 results and 0 failures
[92mINFO [0m:      
[92mINFO [0m:      [ROUND 118]
[92mINFO [0m:      configure_fit: strategy sampled 5 clients (out of 10)
[36m(ClientAppActor pid=440492)[0m 
[36m(ClientAppActor pid=440492)[0m         
[36m(ClientAppActor pid=440497)[0m 
[36m(ClientAppActor pid=440497)[0m         
[36m(ClientAppActor pid=440499)[0m 
[36m(ClientAppActor pid=440499)[0m         
[36m(ClientAppActor pid=440470)[0m 
[36m(ClientAppActor pid=440470)[0m         
[36m(ClientAppActor pid=440478)[0m 
[36m(ClientAppActor pid=440478)[0m         
[92mINFO [0m:      aggregate_fit: received 5 results and 0 failures
[92mINFO [0m:      fit progress: (118, 1.651287397382742, {'accuracy': 0.7347956131605184, 'balanced_accuracy': 0.27914770209852174, 'macro_f1': 0.2578993336374902, 'worst_class_f1': 0.0, 'worst_class_recall': 0.0, 'f1_actinic_keratoses_an': 0.0, 'recall_actinic_keratoses_an': 0.0, 'f1_basal_cell_carcinoma': 0.0, 'recall_basal_cell_carcinoma': 0.0, 'f1_benign_keratosis-lik': 0.5016949152542373, 'recall_benign_keratosis-lik': 0.6727272727272727, 'f1_dermatofibroma': 0.0, 'recall_dermatofibroma': 0.0, 'f1_melanoma': 0.42162162162162165, 'recall_melanoma': 0.35135135135135137, 'f1_melanocytic_nevi': 0.8819787985865725, 'recall_melanocytic_nevi': 0.9299552906110283, 'f1_vascular_lesions': 0.0, 'recall_vascular_lesions': 0.0}, 980.2466429809865)
[92mINFO [0m:      configure_evaluate: strategy sampled 10 clients (out of 10)
[36m(ClientAppActor pid=440478)[0m 
[36m(ClientAppActor pid=440478)[0m         
[36m(ClientAppActor pid=440492)[0m /home/bk489/federated_clean/cleanest_federated/fl-dermamnist-starter/metrics/evaluation.py:68: UserWarning: AUROC set to NaN because present classes are [2, 4, 5], expected [0, 1, 2, 3, 4, 5, 6][32m [repeated 9x across cluster][0m
[36m(ClientAppActor pid=440492)[0m   warnings.warn(f'AUROC set to NaN because present classes are {present_classes}, expected {labels}')[32m [repeated 9x across cluster][0m
[36m(ClientAppActor pid=440492)[0m /home/bk489/federated_clean/.venv/lib/python3.9/site-packages/sklearn/metrics/_classification.py:2524: UserWarning: y_pred contains classes not in y_true[32m [repeated 9x across cluster][0m
[36m(ClientAppActor pid=440492)[0m   warnings.warn("y_pred contains classes not in y_true")[32m [repeated 9x across cluster][0m
[36m(ClientAppActor pid=440478)[0m [93mWARNING [0m:   DEPRECATED FEATURE: `client_fn` now expects a signature `def client_fn(context: Context)`.The provided `client_fn` has signature: {'cid': <Parameter "cid: 'str'">}. You can import the `Context` like this: `from flwr.common import Context`[32m [repeated 15x across cluster][0m
[36m(ClientAppActor pid=440478)[0m             This is a deprecated feature. It will be removed[32m [repeated 15x across cluster][0m
[36m(ClientAppActor pid=440478)[0m             entirely in future versions of Flower.[32m [repeated 15x across cluster][0m
[36m(ClientAppActor pid=440492)[0m 
[36m(ClientAppActor pid=440492)[0m         
[36m(ClientAppActor pid=440470)[0m 
[36m(ClientAppActor pid=440470)[0m         
[36m(ClientAppActor pid=440497)[0m 
[36m(ClientAppActor pid=440497)[0m         
[92mINFO [0m:      aggregate_evaluate: received 10 results and 0 failures
[92mINFO [0m:      
[92mINFO [0m:      [ROUND 119]
[92mINFO [0m:      configure_fit: strategy sampled 5 clients (out of 10)
[36m(ClientAppActor pid=440494)[0m 
[36m(ClientAppActor pid=440494)[0m         
[36m(ClientAppActor pid=440494)[0m 
[36m(ClientAppActor pid=440494)[0m         
[36m(ClientAppActor pid=440499)[0m 
[36m(ClientAppActor pid=440499)[0m         
[36m(ClientAppActor pid=440499)[0m 
[36m(ClientAppActor pid=440499)[0m         
[36m(ClientAppActor pid=440493)[0m 
[36m(ClientAppActor pid=440493)[0m         
[36m(ClientAppActor pid=440493)[0m 
[36m(ClientAppActor pid=440493)[0m         
[36m(ClientAppActor pid=440479)[0m 
[36m(ClientAppActor pid=440479)[0m         
[36m(ClientAppActor pid=440496)[0m 
[36m(ClientAppActor pid=440496)[0m         
[36m(ClientAppActor pid=440496)[0m 
[36m(ClientAppActor pid=440496)[0m         
[36m(ClientAppActor pid=440469)[0m 
[36m(ClientAppActor pid=440469)[0m         
[36m(ClientAppActor pid=440469)[0m 
[36m(ClientAppActor pid=440469)[0m         
[92mINFO [0m:      aggregate_fit: received 5 results and 0 failures
[92mINFO [0m:      fit progress: (119, 1.9884410436940216, {'accuracy': 0.7337986041874377, 'balanced_accuracy': 0.2841648972796514, 'macro_f1': 0.26377444460807326, 'worst_class_f1': 0.0, 'worst_class_recall': 0.0, 'f1_actinic_keratoses_an': 0.0, 'recall_actinic_keratoses_an': 0.0, 'f1_basal_cell_carcinoma': 0.0, 'recall_basal_cell_carcinoma': 0.0, 'f1_benign_keratosis-lik': 0.4979919678714859, 'recall_benign_keratosis-lik': 0.5636363636363636, 'f1_dermatofibroma': 0.0, 'recall_dermatofibroma': 0.0, 'f1_melanoma': 0.47058823529411764, 'recall_melanoma': 0.5045045045045045, 'f1_melanocytic_nevi': 0.8778409090909091, 'recall_melanocytic_nevi': 0.9210134128166915, 'f1_vascular_lesions': 0.0, 'recall_vascular_lesions': 0.0}, 990.2685615269875)
[92mINFO [0m:      configure_evaluate: strategy sampled 10 clients (out of 10)
[36m(ClientAppActor pid=440494)[0m 
[36m(ClientAppActor pid=440494)[0m         
[36m(ClientAppActor pid=440494)[0m /home/bk489/federated_clean/cleanest_federated/fl-dermamnist-starter/metrics/evaluation.py:68: UserWarning: AUROC set to NaN because present classes are [0, 1, 6], expected [0, 1, 2, 3, 4, 5, 6][32m [repeated 11x across cluster][0m
[36m(ClientAppActor pid=440494)[0m   warnings.warn(f'AUROC set to NaN because present classes are {present_classes}, expected {labels}')[32m [repeated 11x across cluster][0m
[36m(ClientAppActor pid=440494)[0m /home/bk489/federated_clean/.venv/lib/python3.9/site-packages/sklearn/metrics/_classification.py:2524: UserWarning: y_pred contains classes not in y_true[32m [repeated 8x across cluster][0m
[36m(ClientAppActor pid=440494)[0m   warnings.warn("y_pred contains classes not in y_true")[32m [repeated 8x across cluster][0m
[36m(ClientAppActor pid=440494)[0m [93mWARNING [0m:   DEPRECATED FEATURE: `client_fn` now expects a signature `def client_fn(context: Context)`.The provided `client_fn` has signature: {'cid': <Parameter "cid: 'str'">}. You can import the `Context` like this: `from flwr.common import Context`[32m [repeated 15x across cluster][0m
[36m(ClientAppActor pid=440494)[0m             This is a deprecated feature. It will be removed[32m [repeated 15x across cluster][0m
[36m(ClientAppActor pid=440494)[0m             entirely in future versions of Flower.[32m [repeated 15x across cluster][0m
[36m(ClientAppActor pid=440492)[0m 
[36m(ClientAppActor pid=440492)[0m         
[36m(ClientAppActor pid=440497)[0m 
[36m(ClientAppActor pid=440497)[0m         
[36m(ClientAppActor pid=440499)[0m 
[36m(ClientAppActor pid=440499)[0m         
[36m(ClientAppActor pid=440493)[0m 
[36m(ClientAppActor pid=440493)[0m         
[36m(ClientAppActor pid=440479)[0m 
[36m(ClientAppActor pid=440479)[0m         
[36m(ClientAppActor pid=440496)[0m 
[36m(ClientAppActor pid=440496)[0m         
[36m(ClientAppActor pid=440469)[0m 
[36m(ClientAppActor pid=440469)[0m         
[36m(ClientAppActor pid=440470)[0m 
[36m(ClientAppActor pid=440470)[0m         
[36m(ClientAppActor pid=440478)[0m 
[36m(ClientAppActor pid=440478)[0m         
[92mINFO [0m:      aggregate_evaluate: received 10 results and 0 failures
[92mINFO [0m:      
[92mINFO [0m:      [ROUND 120]
[92mINFO [0m:      configure_fit: strategy sampled 5 clients (out of 10)
[36m(ClientAppActor pid=440492)[0m 
[36m(ClientAppActor pid=440492)[0m         
[36m(ClientAppActor pid=440497)[0m 
[36m(ClientAppActor pid=440497)[0m         
[36m(ClientAppActor pid=440479)[0m 
[36m(ClientAppActor pid=440479)[0m         
[36m(ClientAppActor pid=440470)[0m 
[36m(ClientAppActor pid=440470)[0m         
[36m(ClientAppActor pid=440478)[0m 
[36m(ClientAppActor pid=440478)[0m         
[92mINFO [0m:      aggregate_fit: received 5 results and 0 failures
[92mINFO [0m:      fit progress: (120, 2.1261095428989747, {'accuracy': 0.5932203389830508, 'balanced_accuracy': 0.28982068736167094, 'macro_f1': 0.2555665237660273, 'worst_class_f1': 0.0, 'worst_class_recall': 0.0, 'f1_actinic_keratoses_an': 0.0, 'recall_actinic_keratoses_an': 0.0, 'f1_basal_cell_carcinoma': 0.09326424870466321, 'recall_basal_cell_carcinoma': 0.17307692307692307, 'f1_benign_keratosis-lik': 0.4669260700389105, 'recall_benign_keratosis-lik': 0.5454545454545454, 'f1_dermatofibroma': 0.0, 'recall_dermatofibroma': 0.0, 'f1_melanoma': 0.4472843450479233, 'recall_melanoma': 0.6306306306306306, 'f1_melanocytic_nevi': 0.781491002570694, 'recall_melanocytic_nevi': 0.6795827123695977, 'f1_vascular_lesions': 0.0, 'recall_vascular_lesions': 0.0}, 997.5125603939814)
[92mINFO [0m:      configure_evaluate: strategy sampled 10 clients (out of 10)
[36m(ClientAppActor pid=440478)[0m 
[36m(ClientAppActor pid=440478)[0m         
[36m(ClientAppActor pid=440478)[0m /home/bk489/federated_clean/cleanest_federated/fl-dermamnist-starter/metrics/evaluation.py:68: UserWarning: AUROC set to NaN because present classes are [0, 1], expected [0, 1, 2, 3, 4, 5, 6][32m [repeated 9x across cluster][0m
[36m(ClientAppActor pid=440478)[0m   warnings.warn(f'AUROC set to NaN because present classes are {present_classes}, expected {labels}')[32m [repeated 9x across cluster][0m
[36m(ClientAppActor pid=440478)[0m /home/bk489/federated_clean/.venv/lib/python3.9/site-packages/sklearn/metrics/_classification.py:2524: UserWarning: y_pred contains classes not in y_true[32m [repeated 6x across cluster][0m
[36m(ClientAppActor pid=440478)[0m   warnings.warn("y_pred contains classes not in y_true")[32m [repeated 6x across cluster][0m
[36m(ClientAppActor pid=440478)[0m [93mWARNING [0m:   DEPRECATED FEATURE: `client_fn` now expects a signature `def client_fn(context: Context)`.The provided `client_fn` has signature: {'cid': <Parameter "cid: 'str'">}. You can import the `Context` like this: `from flwr.common import Context`[32m [repeated 15x across cluster][0m
[36m(ClientAppActor pid=440478)[0m             This is a deprecated feature. It will be removed[32m [repeated 15x across cluster][0m
[36m(ClientAppActor pid=440478)[0m             entirely in future versions of Flower.[32m [repeated 15x across cluster][0m
[36m(ClientAppActor pid=440492)[0m 
[36m(ClientAppActor pid=440492)[0m         
[92mINFO [0m:      aggregate_evaluate: received 10 results and 0 failures
[92mINFO [0m:      
[92mINFO [0m:      [ROUND 121]
[92mINFO [0m:      configure_fit: strategy sampled 5 clients (out of 10)
[36m(ClientAppActor pid=440494)[0m 
[36m(ClientAppActor pid=440494)[0m         
[36m(ClientAppActor pid=440497)[0m 
[36m(ClientAppActor pid=440497)[0m         
[36m(ClientAppActor pid=440499)[0m 
[36m(ClientAppActor pid=440499)[0m         
[36m(ClientAppActor pid=440493)[0m 
[36m(ClientAppActor pid=440493)[0m         
[36m(ClientAppActor pid=440479)[0m 
[36m(ClientAppActor pid=440479)[0m         
[36m(ClientAppActor pid=440496)[0m 
[36m(ClientAppActor pid=440496)[0m         
[36m(ClientAppActor pid=440469)[0m 
[36m(ClientAppActor pid=440469)[0m         
[36m(ClientAppActor pid=440469)[0m 
[36m(ClientAppActor pid=440469)[0m         
[36m(ClientAppActor pid=440470)[0m 
[36m(ClientAppActor pid=440470)[0m         
[36m(ClientAppActor pid=440499)[0m 
[36m(ClientAppActor pid=440499)[0m         
[36m(ClientAppActor pid=440494)[0m 
[36m(ClientAppActor pid=440494)[0m         
[36m(ClientAppActor pid=440497)[0m 
[36m(ClientAppActor pid=440497)[0m         
[36m(ClientAppActor pid=440496)[0m 
[36m(ClientAppActor pid=440496)[0m         
[92mINFO [0m:      aggregate_fit: received 5 results and 0 failures
[92mINFO [0m:      fit progress: (121, 1.6172224732481708, {'accuracy': 0.7068793619142573, 'balanced_accuracy': 0.29577085150855636, 'macro_f1': 0.2771827058258483, 'worst_class_f1': 0.0, 'worst_class_recall': 0.0, 'f1_actinic_keratoses_an': 0.0, 'recall_actinic_keratoses_an': 0.0, 'f1_basal_cell_carcinoma': 0.12371134020618557, 'recall_basal_cell_carcinoma': 0.11538461538461539, 'f1_benign_keratosis-lik': 0.4806201550387597, 'recall_benign_keratosis-lik': 0.5636363636363636, 'f1_dermatofibroma': 0.0, 'recall_dermatofibroma': 0.0, 'f1_melanoma': 0.46774193548387094, 'recall_melanoma': 0.5225225225225225, 'f1_melanocytic_nevi': 0.8682055100521221, 'recall_melanocytic_nevi': 0.8688524590163934, 'f1_vascular_lesions': 0.0, 'recall_vascular_lesions': 0.0}, 1004.8017172349792)
[92mINFO [0m:      configure_evaluate: strategy sampled 10 clients (out of 10)
[36m(ClientAppActor pid=440494)[0m 
[36m(ClientAppActor pid=440494)[0m         
[36m(ClientAppActor pid=440494)[0m /home/bk489/federated_clean/cleanest_federated/fl-dermamnist-starter/metrics/evaluation.py:68: UserWarning: AUROC set to NaN because present classes are [0, 1], expected [0, 1, 2, 3, 4, 5, 6][32m [repeated 11x across cluster][0m
[36m(ClientAppActor pid=440494)[0m   warnings.warn(f'AUROC set to NaN because present classes are {present_classes}, expected {labels}')[32m [repeated 11x across cluster][0m
[36m(ClientAppActor pid=440494)[0m /home/bk489/federated_clean/.venv/lib/python3.9/site-packages/sklearn/metrics/_classification.py:2524: UserWarning: y_pred contains classes not in y_true[32m [repeated 11x across cluster][0m
[36m(ClientAppActor pid=440494)[0m   warnings.warn("y_pred contains classes not in y_true")[32m [repeated 11x across cluster][0m
[36m(ClientAppActor pid=440494)[0m [93mWARNING [0m:   DEPRECATED FEATURE: `client_fn` now expects a signature `def client_fn(context: Context)`.The provided `client_fn` has signature: {'cid': <Parameter "cid: 'str'">}. You can import the `Context` like this: `from flwr.common import Context`[32m [repeated 15x across cluster][0m
[36m(ClientAppActor pid=440494)[0m             This is a deprecated feature. It will be removed[32m [repeated 15x across cluster][0m
[36m(ClientAppActor pid=440494)[0m             entirely in future versions of Flower.[32m [repeated 15x across cluster][0m
[36m(ClientAppActor pid=440492)[0m 
[36m(ClientAppActor pid=440492)[0m         
[36m(ClientAppActor pid=440497)[0m 
[36m(ClientAppActor pid=440497)[0m         
[36m(ClientAppActor pid=440499)[0m 
[36m(ClientAppActor pid=440499)[0m         
[36m(ClientAppActor pid=440493)[0m 
[36m(ClientAppActor pid=440493)[0m         
[36m(ClientAppActor pid=440479)[0m 
[36m(ClientAppActor pid=440479)[0m         
[36m(ClientAppActor pid=440496)[0m 
[36m(ClientAppActor pid=440496)[0m         
[36m(ClientAppActor pid=440469)[0m 
[36m(ClientAppActor pid=440469)[0m         
[36m(ClientAppActor pid=440470)[0m 
[36m(ClientAppActor pid=440470)[0m         
[36m(ClientAppActor pid=440478)[0m 
[36m(ClientAppActor pid=440478)[0m         
[92mINFO [0m:      aggregate_evaluate: received 10 results and 0 failures
[92mINFO [0m:      
[92mINFO [0m:      [ROUND 122]
[92mINFO [0m:      configure_fit: strategy sampled 5 clients (out of 10)
[36m(ClientAppActor pid=440492)[0m 
[36m(ClientAppActor pid=440492)[0m         
[36m(ClientAppActor pid=440493)[0m 
[36m(ClientAppActor pid=440493)[0m         
[36m(ClientAppActor pid=440479)[0m 
[36m(ClientAppActor pid=440479)[0m         
[36m(ClientAppActor pid=440470)[0m 
[36m(ClientAppActor pid=440470)[0m         
[36m(ClientAppActor pid=440478)[0m 
[36m(ClientAppActor pid=440478)[0m         
[92mINFO [0m:      aggregate_fit: received 5 results and 0 failures
[92mINFO [0m:      fit progress: (122, 1.9458505123229706, {'accuracy': 0.7347956131605184, 'balanced_accuracy': 0.2955751455751456, 'macro_f1': 0.2735969254652407, 'worst_class_f1': 0.0, 'worst_class_recall': 0.0, 'f1_actinic_keratoses_an': 0.0, 'recall_actinic_keratoses_an': 0.0, 'f1_basal_cell_carcinoma': 0.037037037037037035, 'recall_basal_cell_carcinoma': 0.019230769230769232, 'f1_benign_keratosis-lik': 0.5171102661596958, 'recall_benign_keratosis-lik': 0.6181818181818182, 'f1_dermatofibroma': 0.0, 'recall_dermatofibroma': 0.0, 'f1_melanoma': 0.48333333333333334, 'recall_melanoma': 0.5225225225225225, 'f1_melanocytic_nevi': 0.8776978417266187, 'recall_melanocytic_nevi': 0.9090909090909091, 'f1_vascular_lesions': 0.0, 'recall_vascular_lesions': 0.0}, 1013.0721424249932)
[92mINFO [0m:      configure_evaluate: strategy sampled 10 clients (out of 10)
[36m(ClientAppActor pid=440492)[0m 
[36m(ClientAppActor pid=440492)[0m         
[36m(ClientAppActor pid=440492)[0m /home/bk489/federated_clean/cleanest_federated/fl-dermamnist-starter/metrics/evaluation.py:68: UserWarning: AUROC set to NaN because present classes are [2, 4, 5], expected [0, 1, 2, 3, 4, 5, 6][32m [repeated 10x across cluster][0m
[36m(ClientAppActor pid=440492)[0m   warnings.warn(f'AUROC set to NaN because present classes are {present_classes}, expected {labels}')[32m [repeated 10x across cluster][0m
[36m(ClientAppActor pid=440478)[0m /home/bk489/federated_clean/.venv/lib/python3.9/site-packages/sklearn/metrics/_classification.py:2524: UserWarning: y_pred contains classes not in y_true[32m [repeated 9x across cluster][0m
[36m(ClientAppActor pid=440478)[0m   warnings.warn("y_pred contains classes not in y_true")[32m [repeated 9x across cluster][0m
[36m(ClientAppActor pid=440492)[0m [93mWARNING [0m:   DEPRECATED FEATURE: `client_fn` now expects a signature `def client_fn(context: Context)`.The provided `client_fn` has signature: {'cid': <Parameter "cid: 'str'">}. You can import the `Context` like this: `from flwr.common import Context`[32m [repeated 15x across cluster][0m
[36m(ClientAppActor pid=440492)[0m             This is a deprecated feature. It will be removed[32m [repeated 15x across cluster][0m
[36m(ClientAppActor pid=440492)[0m             entirely in future versions of Flower.[32m [repeated 15x across cluster][0m
[36m(ClientAppActor pid=440499)[0m 
[36m(ClientAppActor pid=440499)[0m         
[36m(ClientAppActor pid=440493)[0m 
[36m(ClientAppActor pid=440493)[0m         
[36m(ClientAppActor pid=440479)[0m 
[36m(ClientAppActor pid=440479)[0m         
[36m(ClientAppActor pid=440470)[0m 
[36m(ClientAppActor pid=440470)[0m         
[36m(ClientAppActor pid=440478)[0m 
[36m(ClientAppActor pid=440478)[0m         
[36m(ClientAppActor pid=440479)[0m 
[36m(ClientAppActor pid=440479)[0m         
[92mINFO [0m:      aggregate_evaluate: received 10 results and 0 failures
[92mINFO [0m:      
[92mINFO [0m:      [ROUND 123]
[92mINFO [0m:      configure_fit: strategy sampled 5 clients (out of 10)
[36m(ClientAppActor pid=440494)[0m 
[36m(ClientAppActor pid=440494)[0m         
[36m(ClientAppActor pid=440494)[0m 
[36m(ClientAppActor pid=440494)[0m         
[36m(ClientAppActor pid=440479)[0m 
[36m(ClientAppActor pid=440479)[0m         
[36m(ClientAppActor pid=440496)[0m 
[36m(ClientAppActor pid=440496)[0m         
[36m(ClientAppActor pid=440496)[0m 
[36m(ClientAppActor pid=440496)[0m         
[36m(ClientAppActor pid=440469)[0m 
[36m(ClientAppActor pid=440469)[0m         
[36m(ClientAppActor pid=440469)[0m 
[36m(ClientAppActor pid=440469)[0m         
[36m(ClientAppActor pid=440478)[0m 
[36m(ClientAppActor pid=440478)[0m         
[92mINFO [0m:      aggregate_fit: received 5 results and 0 failures
[92mINFO [0m:      fit progress: (123, 1.9133000031544465, {'accuracy': 0.7138584247258225, 'balanced_accuracy': 0.2954357044520979, 'macro_f1': 0.2662920764747159, 'worst_class_f1': 0.0, 'worst_class_recall': 0.0, 'f1_actinic_keratoses_an': 0.0, 'recall_actinic_keratoses_an': 0.0, 'f1_basal_cell_carcinoma': 0.03333333333333333, 'recall_basal_cell_carcinoma': 0.019230769230769232, 'f1_benign_keratosis-lik': 0.4913494809688581, 'recall_benign_keratosis-lik': 0.6454545454545455, 'f1_dermatofibroma': 0.0, 'recall_dermatofibroma': 0.0, 'f1_melanoma': 0.4701195219123506, 'recall_melanoma': 0.5315315315315315, 'f1_melanocytic_nevi': 0.8692421991084696, 'recall_melanocytic_nevi': 0.8718330849478391, 'f1_vascular_lesions': 0.0, 'recall_vascular_lesions': 0.0}, 1021.2649788190029)
[92mINFO [0m:      configure_evaluate: strategy sampled 10 clients (out of 10)
[36m(ClientAppActor pid=440494)[0m 
[36m(ClientAppActor pid=440494)[0m         
[36m(ClientAppActor pid=440478)[0m /home/bk489/federated_clean/cleanest_federated/fl-dermamnist-starter/metrics/evaluation.py:68: UserWarning: AUROC set to NaN because present classes are [2, 4, 5], expected [0, 1, 2, 3, 4, 5, 6][32m [repeated 9x across cluster][0m
[36m(ClientAppActor pid=440478)[0m   warnings.warn(f'AUROC set to NaN because present classes are {present_classes}, expected {labels}')[32m [repeated 9x across cluster][0m
[36m(ClientAppActor pid=440469)[0m /home/bk489/federated_clean/.venv/lib/python3.9/site-packages/sklearn/metrics/_classification.py:2524: UserWarning: y_pred contains classes not in y_true[32m [repeated 7x across cluster][0m
[36m(ClientAppActor pid=440469)[0m   warnings.warn("y_pred contains classes not in y_true")[32m [repeated 7x across cluster][0m
[36m(ClientAppActor pid=440494)[0m [93mWARNING [0m:   DEPRECATED FEATURE: `client_fn` now expects a signature `def client_fn(context: Context)`.The provided `client_fn` has signature: {'cid': <Parameter "cid: 'str'">}. You can import the `Context` like this: `from flwr.common import Context`[32m [repeated 15x across cluster][0m
[36m(ClientAppActor pid=440494)[0m             This is a deprecated feature. It will be removed[32m [repeated 15x across cluster][0m
[36m(ClientAppActor pid=440494)[0m             entirely in future versions of Flower.[32m [repeated 15x across cluster][0m
[36m(ClientAppActor pid=440492)[0m 
[36m(ClientAppActor pid=440492)[0m         
[36m(ClientAppActor pid=440499)[0m 
[36m(ClientAppActor pid=440499)[0m         
[36m(ClientAppActor pid=440493)[0m 
[36m(ClientAppActor pid=440493)[0m         
[36m(ClientAppActor pid=440479)[0m 
[36m(ClientAppActor pid=440479)[0m         
[36m(ClientAppActor pid=440496)[0m 
[36m(ClientAppActor pid=440496)[0m         
[36m(ClientAppActor pid=440469)[0m 
[36m(ClientAppActor pid=440469)[0m         
[36m(ClientAppActor pid=440478)[0m 
[36m(ClientAppActor pid=440478)[0m         
[36m(ClientAppActor pid=440470)[0m 
[36m(ClientAppActor pid=440470)[0m         
[36m(ClientAppActor pid=440497)[0m 
[36m(ClientAppActor pid=440497)[0m         
[92mINFO [0m:      aggregate_evaluate: received 10 results and 0 failures
[92mINFO [0m:      
[92mINFO [0m:      [ROUND 124]
[92mINFO [0m:      configure_fit: strategy sampled 5 clients (out of 10)
[36m(ClientAppActor pid=440494)[0m 
[36m(ClientAppActor pid=440494)[0m         
[36m(ClientAppActor pid=440492)[0m 
[36m(ClientAppActor pid=440492)[0m         
[36m(ClientAppActor pid=440497)[0m 
[36m(ClientAppActor pid=440497)[0m         
[36m(ClientAppActor pid=440493)[0m 
[36m(ClientAppActor pid=440493)[0m         
[36m(ClientAppActor pid=440470)[0m 
[36m(ClientAppActor pid=440470)[0m         
[92mINFO [0m:      aggregate_fit: received 5 results and 0 failures
[92mINFO [0m:      fit progress: (124, 2.1773932507839184, {'accuracy': 0.5862412761714856, 'balanced_accuracy': 0.30381612606436964, 'macro_f1': 0.28299219097860223, 'worst_class_f1': 0.0, 'worst_class_recall': 0.0, 'f1_actinic_keratoses_an': 0.05063291139240506, 'recall_actinic_keratoses_an': 0.06060606060606061, 'f1_basal_cell_carcinoma': 0.14035087719298245, 'recall_basal_cell_carcinoma': 0.3076923076923077, 'f1_benign_keratosis-lik': 0.45569620253164556, 'recall_benign_keratosis-lik': 0.4909090909090909, 'f1_dermatofibroma': 0.0, 'recall_dermatofibroma': 0.0, 'f1_melanoma': 0.44357976653696496, 'recall_melanoma': 0.5135135135135135, 'f1_melanocytic_nevi': 0.7795744680851063, 'recall_melanocytic_nevi': 0.6825633383010432, 'f1_vascular_lesions': 0.1111111111111111, 'recall_vascular_lesions': 0.07142857142857142}, 1028.530389394)
[92mINFO [0m:      configure_evaluate: strategy sampled 10 clients (out of 10)
[36m(ClientAppActor pid=440494)[0m 
[36m(ClientAppActor pid=440494)[0m         
[36m(ClientAppActor pid=440494)[0m /home/bk489/federated_clean/cleanest_federated/fl-dermamnist-starter/metrics/evaluation.py:68: UserWarning: AUROC set to NaN because present classes are [0, 6], expected [0, 1, 2, 3, 4, 5, 6][32m [repeated 11x across cluster][0m
[36m(ClientAppActor pid=440494)[0m   warnings.warn(f'AUROC set to NaN because present classes are {present_classes}, expected {labels}')[32m [repeated 11x across cluster][0m
[36m(ClientAppActor pid=440494)[0m /home/bk489/federated_clean/.venv/lib/python3.9/site-packages/sklearn/metrics/_classification.py:2524: UserWarning: y_pred contains classes not in y_true[32m [repeated 10x across cluster][0m
[36m(ClientAppActor pid=440494)[0m   warnings.warn("y_pred contains classes not in y_true")[32m [repeated 10x across cluster][0m
[36m(ClientAppActor pid=440494)[0m [93mWARNING [0m:   DEPRECATED FEATURE: `client_fn` now expects a signature `def client_fn(context: Context)`.The provided `client_fn` has signature: {'cid': <Parameter "cid: 'str'">}. You can import the `Context` like this: `from flwr.common import Context`[32m [repeated 15x across cluster][0m
[36m(ClientAppActor pid=440494)[0m             This is a deprecated feature. It will be removed[32m [repeated 15x across cluster][0m
[36m(ClientAppActor pid=440494)[0m             entirely in future versions of Flower.[32m [repeated 15x across cluster][0m
[36m(ClientAppActor pid=440492)[0m 
[36m(ClientAppActor pid=440492)[0m         
[36m(ClientAppActor pid=440497)[0m 
[36m(ClientAppActor pid=440497)[0m         
[36m(ClientAppActor pid=440499)[0m 
[36m(ClientAppActor pid=440499)[0m         
[36m(ClientAppActor pid=440493)[0m 
[36m(ClientAppActor pid=440493)[0m         
[36m(ClientAppActor pid=440479)[0m 
[36m(ClientAppActor pid=440479)[0m         
[36m(ClientAppActor pid=440496)[0m 
[36m(ClientAppActor pid=440496)[0m         
[36m(ClientAppActor pid=440469)[0m 
[36m(ClientAppActor pid=440469)[0m         
[36m(ClientAppActor pid=440470)[0m 
[36m(ClientAppActor pid=440470)[0m         
[36m(ClientAppActor pid=440478)[0m 
[36m(ClientAppActor pid=440478)[0m         
[92mINFO [0m:      aggregate_evaluate: received 10 results and 0 failures
[92mINFO [0m:      
[92mINFO [0m:      [ROUND 125]
[92mINFO [0m:      configure_fit: strategy sampled 5 clients (out of 10)
[36m(ClientAppActor pid=440494)[0m 
[36m(ClientAppActor pid=440494)[0m         
[36m(ClientAppActor pid=440479)[0m 
[36m(ClientAppActor pid=440479)[0m         
[36m(ClientAppActor pid=440496)[0m 
[36m(ClientAppActor pid=440496)[0m         
[36m(ClientAppActor pid=440469)[0m 
[36m(ClientAppActor pid=440469)[0m         
[36m(ClientAppActor pid=440478)[0m 
[36m(ClientAppActor pid=440478)[0m         
[92mINFO [0m:      aggregate_fit: received 5 results and 0 failures
[92mINFO [0m:      fit progress: (125, 1.851459889920616, {'accuracy': 0.6979062811565304, 'balanced_accuracy': 0.30679318466203714, 'macro_f1': 0.28381152884948635, 'worst_class_f1': 0.0, 'worst_class_recall': 0.0, 'f1_actinic_keratoses_an': 0.0, 'recall_actinic_keratoses_an': 0.0, 'f1_basal_cell_carcinoma': 0.16216216216216217, 'recall_basal_cell_carcinoma': 0.17307692307692307, 'f1_benign_keratosis-lik': 0.4777327935222672, 'recall_benign_keratosis-lik': 0.5363636363636364, 'f1_dermatofibroma': 0.0, 'recall_dermatofibroma': 0.0, 'f1_melanoma': 0.4852941176470588, 'recall_melanoma': 0.5945945945945946, 'f1_melanocytic_nevi': 0.8614916286149162, 'recall_melanocytic_nevi': 0.8435171385991058, 'f1_vascular_lesions': 0.0, 'recall_vascular_lesions': 0.0}, 1035.8224074530008)
[92mINFO [0m:      configure_evaluate: strategy sampled 10 clients (out of 10)
[36m(ClientAppActor pid=440494)[0m 
[36m(ClientAppActor pid=440494)[0m         
[36m(ClientAppActor pid=440478)[0m /home/bk489/federated_clean/cleanest_federated/fl-dermamnist-starter/metrics/evaluation.py:68: UserWarning: AUROC set to NaN because present classes are [2, 4, 5], expected [0, 1, 2, 3, 4, 5, 6][32m [repeated 9x across cluster][0m
[36m(ClientAppActor pid=440478)[0m   warnings.warn(f'AUROC set to NaN because present classes are {present_classes}, expected {labels}')[32m [repeated 9x across cluster][0m
[36m(ClientAppActor pid=440478)[0m /home/bk489/federated_clean/.venv/lib/python3.9/site-packages/sklearn/metrics/_classification.py:2524: UserWarning: y_pred contains classes not in y_true[32m [repeated 9x across cluster][0m
[36m(ClientAppActor pid=440478)[0m   warnings.warn("y_pred contains classes not in y_true")[32m [repeated 9x across cluster][0m
[36m(ClientAppActor pid=440494)[0m [93mWARNING [0m:   DEPRECATED FEATURE: `client_fn` now expects a signature `def client_fn(context: Context)`.The provided `client_fn` has signature: {'cid': <Parameter "cid: 'str'">}. You can import the `Context` like this: `from flwr.common import Context`[32m [repeated 15x across cluster][0m
[36m(ClientAppActor pid=440494)[0m             This is a deprecated feature. It will be removed[32m [repeated 15x across cluster][0m
[36m(ClientAppActor pid=440494)[0m             entirely in future versions of Flower.[32m [repeated 15x across cluster][0m
[36m(ClientAppActor pid=440479)[0m 
[36m(ClientAppActor pid=440479)[0m         
[36m(ClientAppActor pid=440496)[0m 
[36m(ClientAppActor pid=440496)[0m         
[36m(ClientAppActor pid=440469)[0m 
[36m(ClientAppActor pid=440469)[0m         
[36m(ClientAppActor pid=440478)[0m 
[36m(ClientAppActor pid=440478)[0m         
[36m(ClientAppActor pid=440497)[0m 
[36m(ClientAppActor pid=440497)[0m         
[36m(ClientAppActor pid=440499)[0m 
[36m(ClientAppActor pid=440499)[0m         
[36m(ClientAppActor pid=440470)[0m 
[36m(ClientAppActor pid=440470)[0m         
[92mINFO [0m:      aggregate_evaluate: received 10 results and 0 failures
[92mINFO [0m:      
[92mINFO [0m:      [ROUND 126]
[92mINFO [0m:      configure_fit: strategy sampled 5 clients (out of 10)
[36m(ClientAppActor pid=440492)[0m 
[36m(ClientAppActor pid=440492)[0m         
[36m(ClientAppActor pid=440492)[0m 
[36m(ClientAppActor pid=440492)[0m         
[36m(ClientAppActor pid=440497)[0m 
[36m(ClientAppActor pid=440497)[0m         
[36m(ClientAppActor pid=440499)[0m 
[36m(ClientAppActor pid=440499)[0m         
[36m(ClientAppActor pid=440493)[0m 
[36m(ClientAppActor pid=440493)[0m         
[36m(ClientAppActor pid=440493)[0m 
[36m(ClientAppActor pid=440493)[0m         
[36m(ClientAppActor pid=440470)[0m 
[36m(ClientAppActor pid=440470)[0m         
[92mINFO [0m:      aggregate_fit: received 5 results and 0 failures
[92mINFO [0m:      fit progress: (126, 2.0591991715512035, {'accuracy': 0.7308075772681955, 'balanced_accuracy': 0.28563929055732334, 'macro_f1': 0.2639929319499531, 'worst_class_f1': 0.0, 'worst_class_recall': 0.0, 'f1_actinic_keratoses_an': 0.0, 'recall_actinic_keratoses_an': 0.0, 'f1_basal_cell_carcinoma': 0.0, 'recall_basal_cell_carcinoma': 0.0, 'f1_benign_keratosis-lik': 0.4796747967479675, 'recall_benign_keratosis-lik': 0.5363636363636364, 'f1_dermatofibroma': 0.0, 'recall_dermatofibroma': 0.0, 'f1_melanoma': 0.49193548387096775, 'recall_melanoma': 0.5495495495495496, 'f1_melanocytic_nevi': 0.8763402430307362, 'recall_melanocytic_nevi': 0.9135618479880775, 'f1_vascular_lesions': 0.0, 'recall_vascular_lesions': 0.0}, 1043.9141983359877)
[92mINFO [0m:      configure_evaluate: strategy sampled 10 clients (out of 10)
[36m(ClientAppActor pid=440494)[0m 
[36m(ClientAppActor pid=440494)[0m         
[36m(ClientAppActor pid=440470)[0m /home/bk489/federated_clean/cleanest_federated/fl-dermamnist-starter/metrics/evaluation.py:68: UserWarning: AUROC set to NaN because present classes are [0, 1], expected [0, 1, 2, 3, 4, 5, 6][32m [repeated 10x across cluster][0m
[36m(ClientAppActor pid=440470)[0m   warnings.warn(f'AUROC set to NaN because present classes are {present_classes}, expected {labels}')[32m [repeated 10x across cluster][0m
[36m(ClientAppActor pid=440470)[0m /home/bk489/federated_clean/.venv/lib/python3.9/site-packages/sklearn/metrics/_classification.py:2524: UserWarning: y_pred contains classes not in y_true[32m [repeated 10x across cluster][0m
[36m(ClientAppActor pid=440470)[0m   warnings.warn("y_pred contains classes not in y_true")[32m [repeated 10x across cluster][0m
[36m(ClientAppActor pid=440494)[0m [93mWARNING [0m:   DEPRECATED FEATURE: `client_fn` now expects a signature `def client_fn(context: Context)`.The provided `client_fn` has signature: {'cid': <Parameter "cid: 'str'">}. You can import the `Context` like this: `from flwr.common import Context`[32m [repeated 15x across cluster][0m
[36m(ClientAppActor pid=440494)[0m             This is a deprecated feature. It will be removed[32m [repeated 15x across cluster][0m
[36m(ClientAppActor pid=440494)[0m             entirely in future versions of Flower.[32m [repeated 15x across cluster][0m
[36m(ClientAppActor pid=440492)[0m 
[36m(ClientAppActor pid=440492)[0m         
[36m(ClientAppActor pid=440497)[0m 
[36m(ClientAppActor pid=440497)[0m         
[36m(ClientAppActor pid=440499)[0m 
[36m(ClientAppActor pid=440499)[0m         
[36m(ClientAppActor pid=440493)[0m 
[36m(ClientAppActor pid=440493)[0m         
[36m(ClientAppActor pid=440479)[0m 
[36m(ClientAppActor pid=440479)[0m         
[36m(ClientAppActor pid=440496)[0m 
[36m(ClientAppActor pid=440496)[0m         
[36m(ClientAppActor pid=440469)[0m 
[36m(ClientAppActor pid=440469)[0m         
[36m(ClientAppActor pid=440470)[0m 
[36m(ClientAppActor pid=440470)[0m         
[36m(ClientAppActor pid=440478)[0m 
[36m(ClientAppActor pid=440478)[0m         
[92mINFO [0m:      aggregate_evaluate: received 10 results and 0 failures
[92mINFO [0m:      
[92mINFO [0m:      [ROUND 127]
[92mINFO [0m:      configure_fit: strategy sampled 5 clients (out of 10)
[36m(ClientAppActor pid=440494)[0m 
[36m(ClientAppActor pid=440494)[0m         
[36m(ClientAppActor pid=440479)[0m 
[36m(ClientAppActor pid=440479)[0m         
[36m(ClientAppActor pid=440496)[0m 
[36m(ClientAppActor pid=440496)[0m         
[36m(ClientAppActor pid=440469)[0m 
[36m(ClientAppActor pid=440469)[0m         
[36m(ClientAppActor pid=440478)[0m 
[36m(ClientAppActor pid=440478)[0m         
[92mINFO [0m:      aggregate_fit: received 5 results and 0 failures
[92mINFO [0m:      fit progress: (127, 2.6937941827422245, {'accuracy': 0.5423728813559322, 'balanced_accuracy': 0.28804015361392415, 'macro_f1': 0.2507351396579125, 'worst_class_f1': 0.0, 'worst_class_recall': 0.0, 'f1_actinic_keratoses_an': 0.0, 'recall_actinic_keratoses_an': 0.0, 'f1_basal_cell_carcinoma': 0.11940298507462686, 'recall_basal_cell_carcinoma': 0.3076923076923077, 'f1_benign_keratosis-lik': 0.463519313304721, 'recall_benign_keratosis-lik': 0.4909090909090909, 'f1_dermatofibroma': 0.0, 'recall_dermatofibroma': 0.0, 'f1_melanoma': 0.43870967741935485, 'recall_melanoma': 0.6126126126126126, 'f1_melanocytic_nevi': 0.7335140018066847, 'recall_melanocytic_nevi': 0.6050670640834576, 'f1_vascular_lesions': 0.0, 'recall_vascular_lesions': 0.0}, 1051.208501118992)
[92mINFO [0m:      configure_evaluate: strategy sampled 10 clients (out of 10)
[36m(ClientAppActor pid=440494)[0m 
[36m(ClientAppActor pid=440494)[0m         
[36m(ClientAppActor pid=440494)[0m /home/bk489/federated_clean/cleanest_federated/fl-dermamnist-starter/metrics/evaluation.py:68: UserWarning: AUROC set to NaN because present classes are [0, 1], expected [0, 1, 2, 3, 4, 5, 6][32m [repeated 11x across cluster][0m
[36m(ClientAppActor pid=440494)[0m   warnings.warn(f'AUROC set to NaN because present classes are {present_classes}, expected {labels}')[32m [repeated 11x across cluster][0m
[36m(ClientAppActor pid=440494)[0m /home/bk489/federated_clean/.venv/lib/python3.9/site-packages/sklearn/metrics/_classification.py:2524: UserWarning: y_pred contains classes not in y_true[32m [repeated 9x across cluster][0m
[36m(ClientAppActor pid=440494)[0m   warnings.warn("y_pred contains classes not in y_true")[32m [repeated 9x across cluster][0m
[36m(ClientAppActor pid=440494)[0m [93mWARNING [0m:   DEPRECATED FEATURE: `client_fn` now expects a signature `def client_fn(context: Context)`.The provided `client_fn` has signature: {'cid': <Parameter "cid: 'str'">}. You can import the `Context` like this: `from flwr.common import Context`[32m [repeated 15x across cluster][0m
[36m(ClientAppActor pid=440494)[0m             This is a deprecated feature. It will be removed[32m [repeated 15x across cluster][0m
[36m(ClientAppActor pid=440494)[0m             entirely in future versions of Flower.[32m [repeated 15x across cluster][0m
[36m(ClientAppActor pid=440493)[0m 
[36m(ClientAppActor pid=440493)[0m         
[36m(ClientAppActor pid=440479)[0m 
[36m(ClientAppActor pid=440479)[0m         
[36m(ClientAppActor pid=440496)[0m 
[36m(ClientAppActor pid=440496)[0m         
[36m(ClientAppActor pid=440469)[0m 
[36m(ClientAppActor pid=440469)[0m         
[36m(ClientAppActor pid=440470)[0m 
[36m(ClientAppActor pid=440470)[0m         
[36m(ClientAppActor pid=440478)[0m 
[36m(ClientAppActor pid=440478)[0m         
[36m(ClientAppActor pid=440492)[0m 
[36m(ClientAppActor pid=440492)[0m         
[36m(ClientAppActor pid=440497)[0m 
[36m(ClientAppActor pid=440497)[0m         
[36m(ClientAppActor pid=440499)[0m 
[36m(ClientAppActor pid=440499)[0m         
[92mINFO [0m:      aggregate_evaluate: received 10 results and 0 failures
[92mINFO [0m:      
[92mINFO [0m:      [ROUND 128]
[92mINFO [0m:      configure_fit: strategy sampled 5 clients (out of 10)
[36m(ClientAppActor pid=440492)[0m 
[36m(ClientAppActor pid=440492)[0m         
[36m(ClientAppActor pid=440497)[0m 
[36m(ClientAppActor pid=440497)[0m         
[36m(ClientAppActor pid=440499)[0m 
[36m(ClientAppActor pid=440499)[0m         
[36m(ClientAppActor pid=440469)[0m 
[36m(ClientAppActor pid=440469)[0m         
[36m(ClientAppActor pid=440470)[0m 
[36m(ClientAppActor pid=440470)[0m         
[92mINFO [0m:      aggregate_fit: received 5 results and 0 failures
[92mINFO [0m:      fit progress: (128, 1.8242480365015337, {'accuracy': 0.7248255234297108, 'balanced_accuracy': 0.2908766761225778, 'macro_f1': 0.2634988532451219, 'worst_class_f1': 0.0, 'worst_class_recall': 0.0, 'f1_actinic_keratoses_an': 0.0, 'recall_actinic_keratoses_an': 0.0, 'f1_basal_cell_carcinoma': 0.0, 'recall_basal_cell_carcinoma': 0.0, 'f1_benign_keratosis-lik': 0.48872180451127817, 'recall_benign_keratosis-lik': 0.5909090909090909, 'f1_dermatofibroma': 0.0, 'recall_dermatofibroma': 0.0, 'f1_melanoma': 0.48031496062992124, 'recall_melanoma': 0.5495495495495496, 'f1_melanocytic_nevi': 0.875455207574654, 'recall_melanocytic_nevi': 0.8956780923994039, 'f1_vascular_lesions': 0.0, 'recall_vascular_lesions': 0.0}, 1059.5391225149797)
[92mINFO [0m:      configure_evaluate: strategy sampled 10 clients (out of 10)
[36m(ClientAppActor pid=440494)[0m 
[36m(ClientAppActor pid=440494)[0m         
[36m(ClientAppActor pid=440499)[0m /home/bk489/federated_clean/cleanest_federated/fl-dermamnist-starter/metrics/evaluation.py:68: UserWarning: AUROC set to NaN because present classes are [2, 4, 5], expected [0, 1, 2, 3, 4, 5, 6][32m [repeated 9x across cluster][0m
[36m(ClientAppActor pid=440499)[0m   warnings.warn(f'AUROC set to NaN because present classes are {present_classes}, expected {labels}')[32m [repeated 9x across cluster][0m
[36m(ClientAppActor pid=440499)[0m /home/bk489/federated_clean/.venv/lib/python3.9/site-packages/sklearn/metrics/_classification.py:2524: UserWarning: y_pred contains classes not in y_true[32m [repeated 9x across cluster][0m
[36m(ClientAppActor pid=440499)[0m   warnings.warn("y_pred contains classes not in y_true")[32m [repeated 9x across cluster][0m
[36m(ClientAppActor pid=440494)[0m [93mWARNING [0m:   DEPRECATED FEATURE: `client_fn` now expects a signature `def client_fn(context: Context)`.The provided `client_fn` has signature: {'cid': <Parameter "cid: 'str'">}. You can import the `Context` like this: `from flwr.common import Context`[32m [repeated 15x across cluster][0m
[36m(ClientAppActor pid=440494)[0m             This is a deprecated feature. It will be removed[32m [repeated 15x across cluster][0m
[36m(ClientAppActor pid=440494)[0m             entirely in future versions of Flower.[32m [repeated 15x across cluster][0m
[36m(ClientAppActor pid=440492)[0m 
[36m(ClientAppActor pid=440492)[0m         
[36m(ClientAppActor pid=440497)[0m 
[36m(ClientAppActor pid=440497)[0m         
[36m(ClientAppActor pid=440499)[0m 
[36m(ClientAppActor pid=440499)[0m         
[36m(ClientAppActor pid=440493)[0m 
[36m(ClientAppActor pid=440493)[0m         
[36m(ClientAppActor pid=440479)[0m 
[36m(ClientAppActor pid=440479)[0m         
[36m(ClientAppActor pid=440496)[0m 
[36m(ClientAppActor pid=440496)[0m         
[36m(ClientAppActor pid=440469)[0m 
[36m(ClientAppActor pid=440469)[0m         
[36m(ClientAppActor pid=440470)[0m 
[36m(ClientAppActor pid=440470)[0m         
[36m(ClientAppActor pid=440478)[0m 
[36m(ClientAppActor pid=440478)[0m         
[92mINFO [0m:      aggregate_evaluate: received 10 results and 0 failures
[92mINFO [0m:      
[92mINFO [0m:      [ROUND 129]
[92mINFO [0m:      configure_fit: strategy sampled 5 clients (out of 10)
[36m(ClientAppActor pid=440494)[0m 
[36m(ClientAppActor pid=440494)[0m         
[36m(ClientAppActor pid=440493)[0m 
[36m(ClientAppActor pid=440493)[0m         
[36m(ClientAppActor pid=440479)[0m 
[36m(ClientAppActor pid=440479)[0m         
[36m(ClientAppActor pid=440496)[0m 
[36m(ClientAppActor pid=440496)[0m         
[36m(ClientAppActor pid=440478)[0m 
[36m(ClientAppActor pid=440478)[0m         
[92mINFO [0m:      aggregate_fit: received 5 results and 0 failures
[92mINFO [0m:      fit progress: (129, 2.8204660229050624, {'accuracy': 0.4865403788634098, 'balanced_accuracy': 0.28252635395492537, 'macro_f1': 0.254532393414508, 'worst_class_f1': 0.0, 'worst_class_recall': 0.0, 'f1_actinic_keratoses_an': 0.02631578947368421, 'recall_actinic_keratoses_an': 0.030303030303030304, 'f1_basal_cell_carcinoma': 0.1218274111675127, 'recall_basal_cell_carcinoma': 0.46153846153846156, 'f1_benign_keratosis-lik': 0.44642857142857145, 'recall_benign_keratosis-lik': 0.45454545454545453, 'f1_dermatofibroma': 0.0, 'recall_dermatofibroma': 0.0, 'f1_melanoma': 0.4144144144144144, 'recall_melanoma': 0.4144144144144144, 'f1_melanocytic_nevi': 0.6958174904942965, 'recall_melanocytic_nevi': 0.5454545454545454, 'f1_vascular_lesions': 0.07692307692307693, 'recall_vascular_lesions': 0.07142857142857142}, 1066.9054751950025)
[92mINFO [0m:      configure_evaluate: strategy sampled 10 clients (out of 10)
[36m(ClientAppActor pid=440494)[0m 
[36m(ClientAppActor pid=440494)[0m         
[36m(ClientAppActor pid=440494)[0m /home/bk489/federated_clean/cleanest_federated/fl-dermamnist-starter/metrics/evaluation.py:68: UserWarning: AUROC set to NaN because present classes are [2, 4, 5], expected [0, 1, 2, 3, 4, 5, 6][32m [repeated 11x across cluster][0m
[36m(ClientAppActor pid=440494)[0m   warnings.warn(f'AUROC set to NaN because present classes are {present_classes}, expected {labels}')[32m [repeated 11x across cluster][0m
[36m(ClientAppActor pid=440494)[0m /home/bk489/federated_clean/.venv/lib/python3.9/site-packages/sklearn/metrics/_classification.py:2524: UserWarning: y_pred contains classes not in y_true[32m [repeated 8x across cluster][0m
[36m(ClientAppActor pid=440494)[0m   warnings.warn("y_pred contains classes not in y_true")[32m [repeated 8x across cluster][0m
[36m(ClientAppActor pid=440494)[0m [93mWARNING [0m:   DEPRECATED FEATURE: `client_fn` now expects a signature `def client_fn(context: Context)`.The provided `client_fn` has signature: {'cid': <Parameter "cid: 'str'">}. You can import the `Context` like this: `from flwr.common import Context`[32m [repeated 15x across cluster][0m
[36m(ClientAppActor pid=440494)[0m             This is a deprecated feature. It will be removed[32m [repeated 15x across cluster][0m
[36m(ClientAppActor pid=440494)[0m             entirely in future versions of Flower.[32m [repeated 15x across cluster][0m
[36m(ClientAppActor pid=440492)[0m 
[36m(ClientAppActor pid=440492)[0m         
[36m(ClientAppActor pid=440497)[0m 
[36m(ClientAppActor pid=440497)[0m         
[36m(ClientAppActor pid=440499)[0m 
[36m(ClientAppActor pid=440499)[0m         
[36m(ClientAppActor pid=440493)[0m 
[36m(ClientAppActor pid=440493)[0m         
[36m(ClientAppActor pid=440479)[0m 
[36m(ClientAppActor pid=440479)[0m         
[36m(ClientAppActor pid=440496)[0m 
[36m(ClientAppActor pid=440496)[0m         
[36m(ClientAppActor pid=440469)[0m 
[36m(ClientAppActor pid=440469)[0m         
[36m(ClientAppActor pid=440470)[0m 
[36m(ClientAppActor pid=440470)[0m         
[36m(ClientAppActor pid=440478)[0m 
[36m(ClientAppActor pid=440478)[0m         
[92mINFO [0m:      aggregate_evaluate: received 10 results and 0 failures
[92mINFO [0m:      
[92mINFO [0m:      [ROUND 130]
[92mINFO [0m:      configure_fit: strategy sampled 5 clients (out of 10)
[36m(ClientAppActor pid=440492)[0m 
[36m(ClientAppActor pid=440492)[0m         
[36m(ClientAppActor pid=440497)[0m 
[36m(ClientAppActor pid=440497)[0m         
[36m(ClientAppActor pid=440499)[0m 
[36m(ClientAppActor pid=440499)[0m         
[36m(ClientAppActor pid=440469)[0m 
[36m(ClientAppActor pid=440469)[0m         
[36m(ClientAppActor pid=440470)[0m 
[36m(ClientAppActor pid=440470)[0m         
[92mINFO [0m:      aggregate_fit: received 5 results and 0 failures
[92mINFO [0m:      fit progress: (130, 1.9793449158920486, {'accuracy': 0.7268195413758723, 'balanced_accuracy': 0.2740700888241872, 'macro_f1': 0.25757389369456474, 'worst_class_f1': 0.0, 'worst_class_recall': 0.0, 'f1_actinic_keratoses_an': 0.0, 'recall_actinic_keratoses_an': 0.0, 'f1_basal_cell_carcinoma': 0.0, 'recall_basal_cell_carcinoma': 0.0, 'f1_benign_keratosis-lik': 0.47843137254901963, 'recall_benign_keratosis-lik': 0.5545454545454546, 'f1_dermatofibroma': 0.0, 'recall_dermatofibroma': 0.0, 'f1_melanoma': 0.4558139534883721, 'recall_melanoma': 0.44144144144144143, 'f1_melanocytic_nevi': 0.8687719298245614, 'recall_melanocytic_nevi': 0.9225037257824144, 'f1_vascular_lesions': 0.0, 'recall_vascular_lesions': 0.0}, 1074.949209258979)
[92mINFO [0m:      configure_evaluate: strategy sampled 10 clients (out of 10)
[36m(ClientAppActor pid=440492)[0m 
[36m(ClientAppActor pid=440492)[0m         
[36m(ClientAppActor pid=440492)[0m /home/bk489/federated_clean/cleanest_federated/fl-dermamnist-starter/metrics/evaluation.py:68: UserWarning: AUROC set to NaN because present classes are [0, 1, 6], expected [0, 1, 2, 3, 4, 5, 6][32m [repeated 10x across cluster][0m
[36m(ClientAppActor pid=440492)[0m   warnings.warn(f'AUROC set to NaN because present classes are {present_classes}, expected {labels}')[32m [repeated 10x across cluster][0m
[36m(ClientAppActor pid=440492)[0m /home/bk489/federated_clean/.venv/lib/python3.9/site-packages/sklearn/metrics/_classification.py:2524: UserWarning: y_pred contains classes not in y_true[32m [repeated 10x across cluster][0m
[36m(ClientAppActor pid=440492)[0m   warnings.warn("y_pred contains classes not in y_true")[32m [repeated 10x across cluster][0m
[36m(ClientAppActor pid=440492)[0m [93mWARNING [0m:   DEPRECATED FEATURE: `client_fn` now expects a signature `def client_fn(context: Context)`.The provided `client_fn` has signature: {'cid': <Parameter "cid: 'str'">}. You can import the `Context` like this: `from flwr.common import Context`[32m [repeated 15x across cluster][0m
[36m(ClientAppActor pid=440492)[0m             This is a deprecated feature. It will be removed[32m [repeated 15x across cluster][0m
[36m(ClientAppActor pid=440492)[0m             entirely in future versions of Flower.[32m [repeated 15x across cluster][0m
[36m(ClientAppActor pid=440497)[0m 
[36m(ClientAppActor pid=440497)[0m         
[36m(ClientAppActor pid=440499)[0m 
[36m(ClientAppActor pid=440499)[0m         
[36m(ClientAppActor pid=440469)[0m 
[36m(ClientAppActor pid=440469)[0m         
[36m(ClientAppActor pid=440470)[0m 
[36m(ClientAppActor pid=440470)[0m         
[36m(ClientAppActor pid=440478)[0m 
[36m(ClientAppActor pid=440478)[0m         
[36m(ClientAppActor pid=440479)[0m 
[36m(ClientAppActor pid=440479)[0m         
[92mINFO [0m:      aggregate_evaluate: received 10 results and 0 failures
[92mINFO [0m:      
[92mINFO [0m:      [ROUND 131]
[92mINFO [0m:      configure_fit: strategy sampled 5 clients (out of 10)
[36m(ClientAppActor pid=440494)[0m 
[36m(ClientAppActor pid=440494)[0m         
[36m(ClientAppActor pid=440494)[0m 
[36m(ClientAppActor pid=440494)[0m         
[36m(ClientAppActor pid=440493)[0m 
[36m(ClientAppActor pid=440493)[0m         
[36m(ClientAppActor pid=440493)[0m 
[36m(ClientAppActor pid=440493)[0m         
[36m(ClientAppActor pid=440479)[0m 
[36m(ClientAppActor pid=440479)[0m         
[36m(ClientAppActor pid=440496)[0m 
[36m(ClientAppActor pid=440496)[0m         
[36m(ClientAppActor pid=440496)[0m 
[36m(ClientAppActor pid=440496)[0m         
[36m(ClientAppActor pid=440478)[0m 
[36m(ClientAppActor pid=440478)[0m         
[92mINFO [0m:      aggregate_fit: received 5 results and 0 failures
[92mINFO [0m:      fit progress: (131, 2.1339742816457243, {'accuracy': 0.7248255234297108, 'balanced_accuracy': 0.29517307386159847, 'macro_f1': 0.2651723937438223, 'worst_class_f1': 0.0, 'worst_class_recall': 0.0, 'f1_actinic_keratoses_an': 0.0, 'recall_actinic_keratoses_an': 0.0, 'f1_basal_cell_carcinoma': 0.0, 'recall_basal_cell_carcinoma': 0.0, 'f1_benign_keratosis-lik': 0.48148148148148145, 'recall_benign_keratosis-lik': 0.5909090909090909, 'f1_dermatofibroma': 0.0, 'recall_dermatofibroma': 0.0, 'f1_melanoma': 0.5, 'recall_melanoma': 0.5855855855855856, 'f1_melanocytic_nevi': 0.8747252747252747, 'recall_melanocytic_nevi': 0.8897168405365127, 'f1_vascular_lesions': 0.0, 'recall_vascular_lesions': 0.0}, 1085.1144297479768)
[92mINFO [0m:      configure_evaluate: strategy sampled 10 clients (out of 10)
[36m(ClientAppActor pid=440494)[0m 
[36m(ClientAppActor pid=440494)[0m         
[36m(ClientAppActor pid=440494)[0m /home/bk489/federated_clean/cleanest_federated/fl-dermamnist-starter/metrics/evaluation.py:68: UserWarning: AUROC set to NaN because present classes are [2, 4, 5], expected [0, 1, 2, 3, 4, 5, 6][32m [repeated 10x across cluster][0m
[36m(ClientAppActor pid=440494)[0m   warnings.warn(f'AUROC set to NaN because present classes are {present_classes}, expected {labels}')[32m [repeated 10x across cluster][0m
[36m(ClientAppActor pid=440478)[0m /home/bk489/federated_clean/.venv/lib/python3.9/site-packages/sklearn/metrics/_classification.py:2524: UserWarning: y_pred contains classes not in y_true[32m [repeated 6x across cluster][0m
[36m(ClientAppActor pid=440478)[0m   warnings.warn("y_pred contains classes not in y_true")[32m [repeated 6x across cluster][0m
[36m(ClientAppActor pid=440494)[0m [93mWARNING [0m:   DEPRECATED FEATURE: `client_fn` now expects a signature `def client_fn(context: Context)`.The provided `client_fn` has signature: {'cid': <Parameter "cid: 'str'">}. You can import the `Context` like this: `from flwr.common import Context`[32m [repeated 15x across cluster][0m
[36m(ClientAppActor pid=440494)[0m             This is a deprecated feature. It will be removed[32m [repeated 15x across cluster][0m
[36m(ClientAppActor pid=440494)[0m             entirely in future versions of Flower.[32m [repeated 15x across cluster][0m
[36m(ClientAppActor pid=440492)[0m 
[36m(ClientAppActor pid=440492)[0m         
[36m(ClientAppActor pid=440497)[0m 
[36m(ClientAppActor pid=440497)[0m         
[36m(ClientAppActor pid=440499)[0m 
[36m(ClientAppActor pid=440499)[0m         
[36m(ClientAppActor pid=440493)[0m 
[36m(ClientAppActor pid=440493)[0m         
[36m(ClientAppActor pid=440479)[0m 
[36m(ClientAppActor pid=440479)[0m         
[36m(ClientAppActor pid=440496)[0m 
[36m(ClientAppActor pid=440496)[0m         
[36m(ClientAppActor pid=440469)[0m 
[36m(ClientAppActor pid=440469)[0m         
[36m(ClientAppActor pid=440470)[0m 
[36m(ClientAppActor pid=440470)[0m         
[36m(ClientAppActor pid=440478)[0m 
[36m(ClientAppActor pid=440478)[0m         
[92mINFO [0m:      aggregate_evaluate: received 10 results and 0 failures
[92mINFO [0m:      
[92mINFO [0m:      [ROUND 132]
[92mINFO [0m:      configure_fit: strategy sampled 5 clients (out of 10)
[36m(ClientAppActor pid=440492)[0m 
[36m(ClientAppActor pid=440492)[0m         
[36m(ClientAppActor pid=440497)[0m 
[36m(ClientAppActor pid=440497)[0m         
[36m(ClientAppActor pid=440499)[0m 
[36m(ClientAppActor pid=440499)[0m         
[36m(ClientAppActor pid=440469)[0m 
[36m(ClientAppActor pid=440469)[0m         
[36m(ClientAppActor pid=440470)[0m 
[36m(ClientAppActor pid=440470)[0m         
[92mINFO [0m:      aggregate_fit: received 5 results and 0 failures
[92mINFO [0m:      fit progress: (132, 2.0089191191217837, {'accuracy': 0.6580259222333001, 'balanced_accuracy': 0.3055542596526203, 'macro_f1': 0.2779443367886923, 'worst_class_f1': 0.0, 'worst_class_recall': 0.0, 'f1_actinic_keratoses_an': 0.07792207792207792, 'recall_actinic_keratoses_an': 0.09090909090909091, 'f1_basal_cell_carcinoma': 0.08421052631578947, 'recall_basal_cell_carcinoma': 0.07692307692307693, 'f1_benign_keratosis-lik': 0.4870848708487085, 'recall_benign_keratosis-lik': 0.6, 'f1_dermatofibroma': 0.0, 'recall_dermatofibroma': 0.0, 'f1_melanoma': 0.4647887323943662, 'recall_melanoma': 0.5945945945945946, 'f1_melanocytic_nevi': 0.8316041500399042, 'recall_melanocytic_nevi': 0.7764530551415797, 'f1_vascular_lesions': 0.0, 'recall_vascular_lesions': 0.0}, 1092.3303492789855)
[92mINFO [0m:      configure_evaluate: strategy sampled 10 clients (out of 10)
[36m(ClientAppActor pid=440492)[0m 
[36m(ClientAppActor pid=440492)[0m         
[36m(ClientAppActor pid=440470)[0m /home/bk489/federated_clean/cleanest_federated/fl-dermamnist-starter/metrics/evaluation.py:68: UserWarning: AUROC set to NaN because present classes are [0, 1], expected [0, 1, 2, 3, 4, 5, 6][32m [repeated 9x across cluster][0m
[36m(ClientAppActor pid=440470)[0m   warnings.warn(f'AUROC set to NaN because present classes are {present_classes}, expected {labels}')[32m [repeated 9x across cluster][0m
[36m(ClientAppActor pid=440470)[0m /home/bk489/federated_clean/.venv/lib/python3.9/site-packages/sklearn/metrics/_classification.py:2524: UserWarning: y_pred contains classes not in y_true[32m [repeated 7x across cluster][0m
[36m(ClientAppActor pid=440470)[0m   warnings.warn("y_pred contains classes not in y_true")[32m [repeated 7x across cluster][0m
[36m(ClientAppActor pid=440492)[0m [93mWARNING [0m:   DEPRECATED FEATURE: `client_fn` now expects a signature `def client_fn(context: Context)`.The provided `client_fn` has signature: {'cid': <Parameter "cid: 'str'">}. You can import the `Context` like this: `from flwr.common import Context`[32m [repeated 15x across cluster][0m
[36m(ClientAppActor pid=440492)[0m             This is a deprecated feature. It will be removed[32m [repeated 15x across cluster][0m
[36m(ClientAppActor pid=440492)[0m             entirely in future versions of Flower.[32m [repeated 15x across cluster][0m
[36m(ClientAppActor pid=440497)[0m 
[36m(ClientAppActor pid=440497)[0m         
[36m(ClientAppActor pid=440499)[0m 
[36m(ClientAppActor pid=440499)[0m         
[36m(ClientAppActor pid=440469)[0m 
[36m(ClientAppActor pid=440469)[0m         
[36m(ClientAppActor pid=440470)[0m 
[36m(ClientAppActor pid=440470)[0m         
[92mINFO [0m:      aggregate_evaluate: received 10 results and 0 failures
[92mINFO [0m:      
[92mINFO [0m:      [ROUND 133]
[92mINFO [0m:      configure_fit: strategy sampled 5 clients (out of 10)
[36m(ClientAppActor pid=440494)[0m 
[36m(ClientAppActor pid=440494)[0m         
[36m(ClientAppActor pid=440493)[0m 
[36m(ClientAppActor pid=440493)[0m         
[36m(ClientAppActor pid=440493)[0m 
[36m(ClientAppActor pid=440493)[0m         
[36m(ClientAppActor pid=440479)[0m 
[36m(ClientAppActor pid=440479)[0m         
[36m(ClientAppActor pid=440496)[0m 
[36m(ClientAppActor pid=440496)[0m         
[36m(ClientAppActor pid=440478)[0m 
[36m(ClientAppActor pid=440478)[0m         
[36m(ClientAppActor pid=440478)[0m 
[36m(ClientAppActor pid=440478)[0m         
[36m(ClientAppActor pid=440479)[0m 
[36m(ClientAppActor pid=440479)[0m         
[36m(ClientAppActor pid=440494)[0m 
[36m(ClientAppActor pid=440494)[0m         
[36m(ClientAppActor pid=440496)[0m 
[36m(ClientAppActor pid=440496)[0m         
[92mINFO [0m:      aggregate_fit: received 5 results and 0 failures
[92mINFO [0m:      fit progress: (133, 2.1018133762469913, {'accuracy': 0.646061814556331, 'balanced_accuracy': 0.29478138904368417, 'macro_f1': 0.27165678728951365, 'worst_class_f1': 0.0, 'worst_class_recall': 0.0, 'f1_actinic_keratoses_an': 0.03571428571428571, 'recall_actinic_keratoses_an': 0.030303030303030304, 'f1_basal_cell_carcinoma': 0.09271523178807947, 'recall_basal_cell_carcinoma': 0.1346153846153846, 'f1_benign_keratosis-lik': 0.4918032786885246, 'recall_benign_keratosis-lik': 0.5454545454545454, 'f1_dermatofibroma': 0.0, 'recall_dermatofibroma': 0.0, 'f1_melanoma': 0.4513888888888889, 'recall_melanoma': 0.5855855855855856, 'f1_melanocytic_nevi': 0.8299758259468171, 'recall_melanocytic_nevi': 0.767511177347243, 'f1_vascular_lesions': 0.0, 'recall_vascular_lesions': 0.0}, 1099.5273977920006)
[92mINFO [0m:      configure_evaluate: strategy sampled 10 clients (out of 10)
[36m(ClientAppActor pid=440494)[0m 
[36m(ClientAppActor pid=440494)[0m         
[36m(ClientAppActor pid=440494)[0m /home/bk489/federated_clean/cleanest_federated/fl-dermamnist-starter/metrics/evaluation.py:68: UserWarning: AUROC set to NaN because present classes are [2, 4, 5], expected [0, 1, 2, 3, 4, 5, 6][32m [repeated 11x across cluster][0m
[36m(ClientAppActor pid=440494)[0m   warnings.warn(f'AUROC set to NaN because present classes are {present_classes}, expected {labels}')[32m [repeated 11x across cluster][0m
[36m(ClientAppActor pid=440494)[0m /home/bk489/federated_clean/.venv/lib/python3.9/site-packages/sklearn/metrics/_classification.py:2524: UserWarning: y_pred contains classes not in y_true[32m [repeated 11x across cluster][0m
[36m(ClientAppActor pid=440494)[0m   warnings.warn("y_pred contains classes not in y_true")[32m [repeated 11x across cluster][0m
[36m(ClientAppActor pid=440494)[0m [93mWARNING [0m:   DEPRECATED FEATURE: `client_fn` now expects a signature `def client_fn(context: Context)`.The provided `client_fn` has signature: {'cid': <Parameter "cid: 'str'">}. You can import the `Context` like this: `from flwr.common import Context`[32m [repeated 15x across cluster][0m
[36m(ClientAppActor pid=440494)[0m             This is a deprecated feature. It will be removed[32m [repeated 15x across cluster][0m
[36m(ClientAppActor pid=440494)[0m             entirely in future versions of Flower.[32m [repeated 15x across cluster][0m
[36m(ClientAppActor pid=440499)[0m 
[36m(ClientAppActor pid=440499)[0m         
[36m(ClientAppActor pid=440493)[0m 
[36m(ClientAppActor pid=440493)[0m         
[36m(ClientAppActor pid=440493)[0m 
[36m(ClientAppActor pid=440493)[0m         
[36m(ClientAppActor pid=440479)[0m 
[36m(ClientAppActor pid=440479)[0m         
[36m(ClientAppActor pid=440479)[0m 
[36m(ClientAppActor pid=440479)[0m         
[36m(ClientAppActor pid=440496)[0m 
[36m(ClientAppActor pid=440496)[0m         
[36m(ClientAppActor pid=440469)[0m 
[36m(ClientAppActor pid=440469)[0m         
[36m(ClientAppActor pid=440470)[0m 
[36m(ClientAppActor pid=440470)[0m         
[36m(ClientAppActor pid=440478)[0m 
[36m(ClientAppActor pid=440478)[0m         
[92mINFO [0m:      aggregate_evaluate: received 10 results and 0 failures
[92mINFO [0m:      
[92mINFO [0m:      [ROUND 134]
[92mINFO [0m:      configure_fit: strategy sampled 5 clients (out of 10)
[36m(ClientAppActor pid=440499)[0m 
[36m(ClientAppActor pid=440499)[0m         
[36m(ClientAppActor pid=440493)[0m 
[36m(ClientAppActor pid=440493)[0m         
[36m(ClientAppActor pid=440479)[0m 
[36m(ClientAppActor pid=440479)[0m         
[36m(ClientAppActor pid=440469)[0m 
[36m(ClientAppActor pid=440469)[0m         
[36m(ClientAppActor pid=440470)[0m 
[36m(ClientAppActor pid=440470)[0m         
[92mINFO [0m:      aggregate_fit: received 5 results and 0 failures
[92mINFO [0m:      fit progress: (134, 2.246638268559191, {'accuracy': 0.6081754735792622, 'balanced_accuracy': 0.2956587792653366, 'macro_f1': 0.26746908514473694, 'worst_class_f1': 0.0, 'worst_class_recall': 0.0, 'f1_actinic_keratoses_an': 0.0, 'recall_actinic_keratoses_an': 0.0, 'f1_basal_cell_carcinoma': 0.1461187214611872, 'recall_basal_cell_carcinoma': 0.3076923076923077, 'f1_benign_keratosis-lik': 0.4888888888888889, 'recall_benign_keratosis-lik': 0.5, 'f1_dermatofibroma': 0.0, 'recall_dermatofibroma': 0.0, 'f1_melanoma': 0.43727598566308246, 'recall_melanoma': 0.5495495495495496, 'f1_melanocytic_nevi': 0.8, 'recall_melanocytic_nevi': 0.7123695976154992, 'f1_vascular_lesions': 0.0, 'recall_vascular_lesions': 0.0}, 1106.8400317849882)
[92mINFO [0m:      configure_evaluate: strategy sampled 10 clients (out of 10)
[36m(ClientAppActor pid=440494)[0m 
[36m(ClientAppActor pid=440494)[0m         
[36m(ClientAppActor pid=440493)[0m /home/bk489/federated_clean/cleanest_federated/fl-dermamnist-starter/metrics/evaluation.py:68: UserWarning: AUROC set to NaN because present classes are [2, 4, 5], expected [0, 1, 2, 3, 4, 5, 6][32m [repeated 9x across cluster][0m
[36m(ClientAppActor pid=440493)[0m   warnings.warn(f'AUROC set to NaN because present classes are {present_classes}, expected {labels}')[32m [repeated 9x across cluster][0m
[36m(ClientAppActor pid=440493)[0m /home/bk489/federated_clean/.venv/lib/python3.9/site-packages/sklearn/metrics/_classification.py:2524: UserWarning: y_pred contains classes not in y_true[32m [repeated 9x across cluster][0m
[36m(ClientAppActor pid=440493)[0m   warnings.warn("y_pred contains classes not in y_true")[32m [repeated 9x across cluster][0m
[36m(ClientAppActor pid=440494)[0m [93mWARNING [0m:   DEPRECATED FEATURE: `client_fn` now expects a signature `def client_fn(context: Context)`.The provided `client_fn` has signature: {'cid': <Parameter "cid: 'str'">}. You can import the `Context` like this: `from flwr.common import Context`[32m [repeated 15x across cluster][0m
[36m(ClientAppActor pid=440494)[0m             This is a deprecated feature. It will be removed[32m [repeated 15x across cluster][0m
[36m(ClientAppActor pid=440494)[0m             entirely in future versions of Flower.[32m [repeated 15x across cluster][0m
[36m(ClientAppActor pid=440492)[0m 
[36m(ClientAppActor pid=440492)[0m         
[36m(ClientAppActor pid=440497)[0m 
[36m(ClientAppActor pid=440497)[0m         
[36m(ClientAppActor pid=440499)[0m 
[36m(ClientAppActor pid=440499)[0m         
[36m(ClientAppActor pid=440493)[0m 
[36m(ClientAppActor pid=440493)[0m         
[36m(ClientAppActor pid=440479)[0m 
[36m(ClientAppActor pid=440479)[0m         
[36m(ClientAppActor pid=440496)[0m 
[36m(ClientAppActor pid=440496)[0m         
[36m(ClientAppActor pid=440469)[0m 
[36m(ClientAppActor pid=440469)[0m         
[36m(ClientAppActor pid=440470)[0m 
[36m(ClientAppActor pid=440470)[0m         
[36m(ClientAppActor pid=440478)[0m 
[36m(ClientAppActor pid=440478)[0m         
[92mINFO [0m:      aggregate_evaluate: received 10 results and 0 failures
[92mINFO [0m:      
[92mINFO [0m:      [ROUND 135]
[92mINFO [0m:      configure_fit: strategy sampled 5 clients (out of 10)
[36m(ClientAppActor pid=440494)[0m 
[36m(ClientAppActor pid=440494)[0m         
[36m(ClientAppActor pid=440492)[0m 
[36m(ClientAppActor pid=440492)[0m         
[36m(ClientAppActor pid=440497)[0m 
[36m(ClientAppActor pid=440497)[0m         
[36m(ClientAppActor pid=440496)[0m 
[36m(ClientAppActor pid=440496)[0m         
[36m(ClientAppActor pid=440478)[0m 
[36m(ClientAppActor pid=440478)[0m         
[92mINFO [0m:      aggregate_fit: received 5 results and 0 failures
[92mINFO [0m:      fit progress: (135, 2.0646331196173593, {'accuracy': 0.7357926221335992, 'balanced_accuracy': 0.2856531004071988, 'macro_f1': 0.2670502023398547, 'worst_class_f1': 0.0, 'worst_class_recall': 0.0, 'f1_actinic_keratoses_an': 0.0, 'recall_actinic_keratoses_an': 0.0, 'f1_basal_cell_carcinoma': 0.0, 'recall_basal_cell_carcinoma': 0.0, 'f1_benign_keratosis-lik': 0.5020576131687243, 'recall_benign_keratosis-lik': 0.5545454545454546, 'f1_dermatofibroma': 0.0, 'recall_dermatofibroma': 0.0, 'f1_melanoma': 0.49361702127659574, 'recall_melanoma': 0.5225225225225225, 'f1_melanocytic_nevi': 0.8736767819336627, 'recall_melanocytic_nevi': 0.9225037257824144, 'f1_vascular_lesions': 0.0, 'recall_vascular_lesions': 0.0}, 1117.030610021)
[92mINFO [0m:      configure_evaluate: strategy sampled 10 clients (out of 10)
[92mINFO [0m:      aggregate_evaluate: received 10 results and 0 failures
[92mINFO [0m:      
[92mINFO [0m:      [ROUND 136]
[92mINFO [0m:      configure_fit: strategy sampled 5 clients (out of 10)
[36m(ClientAppActor pid=440494)[0m 
[36m(ClientAppActor pid=440494)[0m         
[36m(ClientAppActor pid=440494)[0m /home/bk489/federated_clean/cleanest_federated/fl-dermamnist-starter/metrics/evaluation.py:68: UserWarning: AUROC set to NaN because present classes are [0, 1, 3], expected [0, 1, 2, 3, 4, 5, 6][32m [repeated 11x across cluster][0m
[36m(ClientAppActor pid=440494)[0m   warnings.warn(f'AUROC set to NaN because present classes are {present_classes}, expected {labels}')[32m [repeated 11x across cluster][0m
[36m(ClientAppActor pid=440494)[0m /home/bk489/federated_clean/.venv/lib/python3.9/site-packages/sklearn/metrics/_classification.py:2524: UserWarning: y_pred contains classes not in y_true[32m [repeated 11x across cluster][0m
[36m(ClientAppActor pid=440494)[0m   warnings.warn("y_pred contains classes not in y_true")[32m [repeated 11x across cluster][0m
[36m(ClientAppActor pid=440494)[0m [93mWARNING [0m:   DEPRECATED FEATURE: `client_fn` now expects a signature `def client_fn(context: Context)`.The provided `client_fn` has signature: {'cid': <Parameter "cid: 'str'">}. You can import the `Context` like this: `from flwr.common import Context`[32m [repeated 15x across cluster][0m
[36m(ClientAppActor pid=440494)[0m             This is a deprecated feature. It will be removed[32m [repeated 15x across cluster][0m
[36m(ClientAppActor pid=440494)[0m             entirely in future versions of Flower.[32m [repeated 15x across cluster][0m
[36m(ClientAppActor pid=440492)[0m 
[36m(ClientAppActor pid=440492)[0m         
[36m(ClientAppActor pid=440497)[0m 
[36m(ClientAppActor pid=440497)[0m         
[36m(ClientAppActor pid=440499)[0m 
[36m(ClientAppActor pid=440499)[0m         
[36m(ClientAppActor pid=440499)[0m 
[36m(ClientAppActor pid=440499)[0m         
[36m(ClientAppActor pid=440493)[0m 
[36m(ClientAppActor pid=440493)[0m         
[36m(ClientAppActor pid=440479)[0m 
[36m(ClientAppActor pid=440479)[0m         
[36m(ClientAppActor pid=440496)[0m 
[36m(ClientAppActor pid=440496)[0m         
[36m(ClientAppActor pid=440469)[0m 
[36m(ClientAppActor pid=440469)[0m         
[36m(ClientAppActor pid=440470)[0m 
[36m(ClientAppActor pid=440470)[0m         
[36m(ClientAppActor pid=440478)[0m 
[36m(ClientAppActor pid=440478)[0m         
[36m(ClientAppActor pid=440479)[0m 
[36m(ClientAppActor pid=440479)[0m         
[36m(ClientAppActor pid=440492)[0m 
[36m(ClientAppActor pid=440492)[0m         
[36m(ClientAppActor pid=440493)[0m 
[36m(ClientAppActor pid=440493)[0m         
[36m(ClientAppActor pid=440470)[0m 
[36m(ClientAppActor pid=440470)[0m         
[92mINFO [0m:      aggregate_fit: received 5 results and 0 failures
[92mINFO [0m:      fit progress: (136, 1.8651388484245521, {'accuracy': 0.6979062811565304, 'balanced_accuracy': 0.29614783385275184, 'macro_f1': 0.2776570100063248, 'worst_class_f1': 0.0, 'worst_class_recall': 0.0, 'f1_actinic_keratoses_an': 0.0425531914893617, 'recall_actinic_keratoses_an': 0.030303030303030304, 'f1_basal_cell_carcinoma': 0.1111111111111111, 'recall_basal_cell_carcinoma': 0.07692307692307693, 'f1_benign_keratosis-lik': 0.46715328467153283, 'recall_benign_keratosis-lik': 0.5818181818181818, 'f1_dermatofibroma': 0.0, 'recall_dermatofibroma': 0.0, 'f1_melanoma': 0.4645669291338583, 'recall_melanoma': 0.5315315315315315, 'f1_melanocytic_nevi': 0.8582145536384096, 'recall_melanocytic_nevi': 0.8524590163934426, 'f1_vascular_lesions': 0.0, 'recall_vascular_lesions': 0.0}, 1125.2607181959902)
[92mINFO [0m:      configure_evaluate: strategy sampled 10 clients (out of 10)
[36m(ClientAppActor pid=440479)[0m 
[36m(ClientAppActor pid=440479)[0m         
[36m(ClientAppActor pid=440478)[0m /home/bk489/federated_clean/cleanest_federated/fl-dermamnist-starter/metrics/evaluation.py:68: UserWarning: AUROC set to NaN because present classes are [0, 1], expected [0, 1, 2, 3, 4, 5, 6][32m [repeated 9x across cluster][0m
[36m(ClientAppActor pid=440478)[0m   warnings.warn(f'AUROC set to NaN because present classes are {present_classes}, expected {labels}')[32m [repeated 9x across cluster][0m
[36m(ClientAppActor pid=440478)[0m /home/bk489/federated_clean/.venv/lib/python3.9/site-packages/sklearn/metrics/_classification.py:2524: UserWarning: y_pred contains classes not in y_true[32m [repeated 6x across cluster][0m
[36m(ClientAppActor pid=440478)[0m   warnings.warn("y_pred contains classes not in y_true")[32m [repeated 6x across cluster][0m
[36m(ClientAppActor pid=440479)[0m [93mWARNING [0m:   DEPRECATED FEATURE: `client_fn` now expects a signature `def client_fn(context: Context)`.The provided `client_fn` has signature: {'cid': <Parameter "cid: 'str'">}. You can import the `Context` like this: `from flwr.common import Context`[32m [repeated 15x across cluster][0m
[36m(ClientAppActor pid=440479)[0m             This is a deprecated feature. It will be removed[32m [repeated 15x across cluster][0m
[36m(ClientAppActor pid=440479)[0m             entirely in future versions of Flower.[32m [repeated 15x across cluster][0m
[36m(ClientAppActor pid=440499)[0m 
[36m(ClientAppActor pid=440499)[0m         
[36m(ClientAppActor pid=440493)[0m 
[36m(ClientAppActor pid=440493)[0m         
[36m(ClientAppActor pid=440492)[0m 
[36m(ClientAppActor pid=440492)[0m         
[36m(ClientAppActor pid=440470)[0m 
[36m(ClientAppActor pid=440470)[0m         
[36m(ClientAppActor pid=440469)[0m 
[36m(ClientAppActor pid=440469)[0m         
[36m(ClientAppActor pid=440478)[0m 
[36m(ClientAppActor pid=440478)[0m         
[36m(ClientAppActor pid=440496)[0m 
[36m(ClientAppActor pid=440496)[0m         
[36m(ClientAppActor pid=440497)[0m 
[36m(ClientAppActor pid=440497)[0m         
[92mINFO [0m:      aggregate_evaluate: received 10 results and 0 failures
[92mINFO [0m:      
[92mINFO [0m:      [ROUND 137]
[92mINFO [0m:      configure_fit: strategy sampled 5 clients (out of 10)
[36m(ClientAppActor pid=440494)[0m 
[36m(ClientAppActor pid=440494)[0m         
[36m(ClientAppActor pid=440494)[0m 
[36m(ClientAppActor pid=440494)[0m         
[36m(ClientAppActor pid=440497)[0m 
[36m(ClientAppActor pid=440497)[0m         
[36m(ClientAppActor pid=440496)[0m 
[36m(ClientAppActor pid=440496)[0m         
[36m(ClientAppActor pid=440469)[0m 
[36m(ClientAppActor pid=440469)[0m         
[36m(ClientAppActor pid=440478)[0m 
[36m(ClientAppActor pid=440478)[0m         
[92mINFO [0m:      aggregate_fit: received 5 results and 0 failures
[92mINFO [0m:      fit progress: (137, 37.58203860936113, {'accuracy': 0.05982053838484546, 'balanced_accuracy': 0.2261904761904762, 'macro_f1': 0.05471080727678968, 'worst_class_f1': 0.0, 'worst_class_recall': 0.0, 'f1_actinic_keratoses_an': 0.0, 'recall_actinic_keratoses_an': 0.0, 'f1_basal_cell_carcinoma': 0.10743801652892562, 'recall_basal_cell_carcinoma': 1.0, 'f1_benign_keratosis-lik': 0.0, 'recall_benign_keratosis-lik': 0.0, 'f1_dermatofibroma': 0.125, 'recall_dermatofibroma': 0.08333333333333333, 'f1_melanoma': 0.0, 'recall_melanoma': 0.0, 'f1_melanocytic_nevi': 0.0, 'recall_melanocytic_nevi': 0.0, 'f1_vascular_lesions': 0.15053763440860216, 'recall_vascular_lesions': 0.5}, 1127.4327318979776)
[92mINFO [0m:      configure_evaluate: strategy sampled 10 clients (out of 10)
[36m(ClientAppActor pid=440497)[0m 
[36m(ClientAppActor pid=440497)[0m         
[36m(ClientAppActor pid=440469)[0m 
[36m(ClientAppActor pid=440469)[0m         
[36m(ClientAppActor pid=440494)[0m 
[36m(ClientAppActor pid=440494)[0m         
[36m(ClientAppActor pid=440478)[0m 
[36m(ClientAppActor pid=440478)[0m         
[92mINFO [0m:      aggregate_evaluate: received 10 results and 0 failures
[92mINFO [0m:      
[92mINFO [0m:      [ROUND 138]
[92mINFO [0m:      configure_fit: strategy sampled 5 clients (out of 10)
[36m(ClientAppActor pid=440492)[0m 
[36m(ClientAppActor pid=440492)[0m         
[36m(ClientAppActor pid=440499)[0m 
[36m(ClientAppActor pid=440499)[0m         
[36m(ClientAppActor pid=440493)[0m 
[36m(ClientAppActor pid=440493)[0m         
[36m(ClientAppActor pid=440479)[0m 
[36m(ClientAppActor pid=440479)[0m         
[36m(ClientAppActor pid=440496)[0m 
[36m(ClientAppActor pid=440496)[0m         
[36m(ClientAppActor pid=440470)[0m 
[36m(ClientAppActor pid=440470)[0m         
[36m(ClientAppActor pid=440479)[0m 
[36m(ClientAppActor pid=440479)[0m         
[36m(ClientAppActor pid=440492)[0m 
[36m(ClientAppActor pid=440492)[0m         
[36m(ClientAppActor pid=440499)[0m 
[36m(ClientAppActor pid=440499)[0m         
[36m(ClientAppActor pid=440493)[0m 
[36m(ClientAppActor pid=440493)[0m         
[36m(ClientAppActor pid=440470)[0m 
[36m(ClientAppActor pid=440470)[0m         
[92mINFO [0m:      aggregate_fit: received 5 results and 0 failures
[92mINFO [0m:      fit progress: (138, 1.7175200342062344, {'accuracy': 0.7347956131605184, 'balanced_accuracy': 0.2736953048428458, 'macro_f1': 0.25982821308757503, 'worst_class_f1': 0.0, 'worst_class_recall': 0.0, 'f1_actinic_keratoses_an': 0.0, 'recall_actinic_keratoses_an': 0.0, 'f1_basal_cell_carcinoma': 0.0, 'recall_basal_cell_carcinoma': 0.0, 'f1_benign_keratosis-lik': 0.4908424908424908, 'recall_benign_keratosis-lik': 0.6090909090909091, 'f1_dermatofibroma': 0.0, 'recall_dermatofibroma': 0.0, 'f1_melanoma': 0.45555555555555555, 'recall_melanoma': 0.36936936936936937, 'f1_melanocytic_nevi': 0.8723994452149791, 'recall_melanocytic_nevi': 0.9374068554396423, 'f1_vascular_lesions': 0.0, 'recall_vascular_lesions': 0.0}, 1134.8521326109767)
[92mINFO [0m:      configure_evaluate: strategy sampled 10 clients (out of 10)
[36m(ClientAppActor pid=440494)[0m 
[36m(ClientAppActor pid=440494)[0m         
[36m(ClientAppActor pid=440478)[0m /home/bk489/federated_clean/cleanest_federated/fl-dermamnist-starter/metrics/evaluation.py:68: UserWarning: AUROC set to NaN because present classes are [0, 6], expected [0, 1, 2, 3, 4, 5, 6][32m [repeated 20x across cluster][0m
[36m(ClientAppActor pid=440478)[0m   warnings.warn(f'AUROC set to NaN because present classes are {present_classes}, expected {labels}')[32m [repeated 20x across cluster][0m
[36m(ClientAppActor pid=440478)[0m /home/bk489/federated_clean/.venv/lib/python3.9/site-packages/sklearn/metrics/_classification.py:2524: UserWarning: y_pred contains classes not in y_true[32m [repeated 14x across cluster][0m
[36m(ClientAppActor pid=440478)[0m   warnings.warn("y_pred contains classes not in y_true")[32m [repeated 14x across cluster][0m
[36m(ClientAppActor pid=440494)[0m [93mWARNING [0m:   DEPRECATED FEATURE: `client_fn` now expects a signature `def client_fn(context: Context)`.The provided `client_fn` has signature: {'cid': <Parameter "cid: 'str'">}. You can import the `Context` like this: `from flwr.common import Context`[32m [repeated 30x across cluster][0m
[36m(ClientAppActor pid=440494)[0m             This is a deprecated feature. It will be removed[32m [repeated 30x across cluster][0m
[36m(ClientAppActor pid=440494)[0m             entirely in future versions of Flower.[32m [repeated 30x across cluster][0m
[36m(ClientAppActor pid=440492)[0m 
[36m(ClientAppActor pid=440492)[0m         
[36m(ClientAppActor pid=440497)[0m 
[36m(ClientAppActor pid=440497)[0m         
[36m(ClientAppActor pid=440499)[0m 
[36m(ClientAppActor pid=440499)[0m         
[36m(ClientAppActor pid=440493)[0m 
[36m(ClientAppActor pid=440493)[0m         
[36m(ClientAppActor pid=440479)[0m 
[36m(ClientAppActor pid=440479)[0m         
[36m(ClientAppActor pid=440496)[0m 
[36m(ClientAppActor pid=440496)[0m         
[36m(ClientAppActor pid=440469)[0m 
[36m(ClientAppActor pid=440469)[0m         
[36m(ClientAppActor pid=440470)[0m 
[36m(ClientAppActor pid=440470)[0m         
[36m(ClientAppActor pid=440478)[0m 
[36m(ClientAppActor pid=440478)[0m         
[92mINFO [0m:      aggregate_evaluate: received 10 results and 0 failures
[92mINFO [0m:      
[92mINFO [0m:      [ROUND 139]
[92mINFO [0m:      configure_fit: strategy sampled 5 clients (out of 10)
[36m(ClientAppActor pid=440494)[0m 
[36m(ClientAppActor pid=440494)[0m         
[36m(ClientAppActor pid=440497)[0m 
[36m(ClientAppActor pid=440497)[0m         
[36m(ClientAppActor pid=440496)[0m 
[36m(ClientAppActor pid=440496)[0m         
[36m(ClientAppActor pid=440469)[0m 
[36m(ClientAppActor pid=440469)[0m         
[36m(ClientAppActor pid=440478)[0m 
[36m(ClientAppActor pid=440478)[0m         
[92mINFO [0m:      aggregate_fit: received 5 results and 0 failures
[92mINFO [0m:      fit progress: (139, 1.9748865464629823, {'accuracy': 0.7308075772681955, 'balanced_accuracy': 0.2857796906977235, 'macro_f1': 0.26488461070225705, 'worst_class_f1': 0.0, 'worst_class_recall': 0.0, 'f1_actinic_keratoses_an': 0.0, 'recall_actinic_keratoses_an': 0.0, 'f1_basal_cell_carcinoma': 0.0, 'recall_basal_cell_carcinoma': 0.0, 'f1_benign_keratosis-lik': 0.5089605734767025, 'recall_benign_keratosis-lik': 0.6454545454545455, 'f1_dermatofibroma': 0.0, 'recall_dermatofibroma': 0.0, 'f1_melanoma': 0.47572815533980584, 'recall_melanoma': 0.44144144144144143, 'f1_melanocytic_nevi': 0.8695035460992908, 'recall_melanocytic_nevi': 0.9135618479880775, 'f1_vascular_lesions': 0.0, 'recall_vascular_lesions': 0.0}, 1143.0251958739827)
[92mINFO [0m:      configure_evaluate: strategy sampled 10 clients (out of 10)
[36m(ClientAppActor pid=440497)[0m 
[36m(ClientAppActor pid=440497)[0m         
[36m(ClientAppActor pid=440497)[0m /home/bk489/federated_clean/cleanest_federated/fl-dermamnist-starter/metrics/evaluation.py:68: UserWarning: AUROC set to NaN because present classes are [0, 1, 3], expected [0, 1, 2, 3, 4, 5, 6][32m [repeated 11x across cluster][0m
[36m(ClientAppActor pid=440497)[0m   warnings.warn(f'AUROC set to NaN because present classes are {present_classes}, expected {labels}')[32m [repeated 11x across cluster][0m
[36m(ClientAppActor pid=440497)[0m /home/bk489/federated_clean/.venv/lib/python3.9/site-packages/sklearn/metrics/_classification.py:2524: UserWarning: y_pred contains classes not in y_true[32m [repeated 8x across cluster][0m
[36m(ClientAppActor pid=440497)[0m   warnings.warn("y_pred contains classes not in y_true")[32m [repeated 8x across cluster][0m
[36m(ClientAppActor pid=440497)[0m [93mWARNING [0m:   DEPRECATED FEATURE: `client_fn` now expects a signature `def client_fn(context: Context)`.The provided `client_fn` has signature: {'cid': <Parameter "cid: 'str'">}. You can import the `Context` like this: `from flwr.common import Context`[32m [repeated 15x across cluster][0m
[36m(ClientAppActor pid=440497)[0m             This is a deprecated feature. It will be removed[32m [repeated 15x across cluster][0m
[36m(ClientAppActor pid=440497)[0m             entirely in future versions of Flower.[32m [repeated 15x across cluster][0m
[36m(ClientAppActor pid=440496)[0m 
[36m(ClientAppActor pid=440496)[0m         
[36m(ClientAppActor pid=440469)[0m 
[36m(ClientAppActor pid=440469)[0m         
[36m(ClientAppActor pid=440478)[0m 
[36m(ClientAppActor pid=440478)[0m         
[92mINFO [0m:      aggregate_evaluate: received 10 results and 0 failures
[92mINFO [0m:      
[92mINFO [0m:      [ROUND 140]
[92mINFO [0m:      configure_fit: strategy sampled 5 clients (out of 10)
[36m(ClientAppActor pid=440494)[0m 
[36m(ClientAppActor pid=440494)[0m         
[36m(ClientAppActor pid=440492)[0m 
[36m(ClientAppActor pid=440492)[0m         
[36m(ClientAppActor pid=440492)[0m 
[36m(ClientAppActor pid=440492)[0m         
[36m(ClientAppActor pid=440499)[0m 
[36m(ClientAppActor pid=440499)[0m         
[36m(ClientAppActor pid=440493)[0m 
[36m(ClientAppActor pid=440493)[0m         
[36m(ClientAppActor pid=440479)[0m 
[36m(ClientAppActor pid=440479)[0m         
[36m(ClientAppActor pid=440470)[0m 
[36m(ClientAppActor pid=440470)[0m         
[36m(ClientAppActor pid=440499)[0m 
[36m(ClientAppActor pid=440499)[0m         
[36m(ClientAppActor pid=440493)[0m 
[36m(ClientAppActor pid=440493)[0m         
[36m(ClientAppActor pid=440479)[0m 
[36m(ClientAppActor pid=440479)[0m         
[36m(ClientAppActor pid=440470)[0m 
[36m(ClientAppActor pid=440470)[0m         
[92mINFO [0m:      aggregate_fit: received 5 results and 0 failures
[92mINFO [0m:      fit progress: (140, 1.4583421921801354, {'accuracy': 0.7238285144566301, 'balanced_accuracy': 0.26153438940324186, 'macro_f1': 0.24971727571946997, 'worst_class_f1': 0.0, 'worst_class_recall': 0.0, 'f1_actinic_keratoses_an': 0.0, 'recall_actinic_keratoses_an': 0.0, 'f1_basal_cell_carcinoma': 0.0, 'recall_basal_cell_carcinoma': 0.0, 'f1_benign_keratosis-lik': 0.43902439024390244, 'recall_benign_keratosis-lik': 0.4909090909090909, 'f1_dermatofibroma': 0.0, 'recall_dermatofibroma': 0.0, 'f1_melanoma': 0.4411764705882353, 'recall_melanoma': 0.40540540540540543, 'f1_melanocytic_nevi': 0.8678200692041522, 'recall_melanocytic_nevi': 0.9344262295081968, 'f1_vascular_lesions': 0.0, 'recall_vascular_lesions': 0.0}, 1150.3443255999882)
[92mINFO [0m:      configure_evaluate: strategy sampled 10 clients (out of 10)
[36m(ClientAppActor pid=440494)[0m 
[36m(ClientAppActor pid=440494)[0m         
[36m(ClientAppActor pid=440494)[0m /home/bk489/federated_clean/cleanest_federated/fl-dermamnist-starter/metrics/evaluation.py:68: UserWarning: AUROC set to NaN because present classes are [0, 1, 3], expected [0, 1, 2, 3, 4, 5, 6][32m [repeated 10x across cluster][0m
[36m(ClientAppActor pid=440494)[0m   warnings.warn(f'AUROC set to NaN because present classes are {present_classes}, expected {labels}')[32m [repeated 10x across cluster][0m
[36m(ClientAppActor pid=440494)[0m /home/bk489/federated_clean/.venv/lib/python3.9/site-packages/sklearn/metrics/_classification.py:2524: UserWarning: y_pred contains classes not in y_true[32m [repeated 7x across cluster][0m
[36m(ClientAppActor pid=440494)[0m   warnings.warn("y_pred contains classes not in y_true")[32m [repeated 7x across cluster][0m
[36m(ClientAppActor pid=440494)[0m [93mWARNING [0m:   DEPRECATED FEATURE: `client_fn` now expects a signature `def client_fn(context: Context)`.The provided `client_fn` has signature: {'cid': <Parameter "cid: 'str'">}. You can import the `Context` like this: `from flwr.common import Context`[32m [repeated 15x across cluster][0m
[36m(ClientAppActor pid=440494)[0m             This is a deprecated feature. It will be removed[32m [repeated 15x across cluster][0m
[36m(ClientAppActor pid=440494)[0m             entirely in future versions of Flower.[32m [repeated 15x across cluster][0m
[36m(ClientAppActor pid=440492)[0m 
[36m(ClientAppActor pid=440492)[0m         
[36m(ClientAppActor pid=440497)[0m 
[36m(ClientAppActor pid=440497)[0m         
[36m(ClientAppActor pid=440499)[0m 
[36m(ClientAppActor pid=440499)[0m         
[36m(ClientAppActor pid=440493)[0m 
[36m(ClientAppActor pid=440493)[0m         
[36m(ClientAppActor pid=440479)[0m 
[36m(ClientAppActor pid=440479)[0m         
[36m(ClientAppActor pid=440496)[0m 
[36m(ClientAppActor pid=440496)[0m         
[36m(ClientAppActor pid=440469)[0m 
[36m(ClientAppActor pid=440469)[0m         
[36m(ClientAppActor pid=440470)[0m 
[36m(ClientAppActor pid=440470)[0m         
[36m(ClientAppActor pid=440478)[0m 
[36m(ClientAppActor pid=440478)[0m         
[92mINFO [0m:      aggregate_evaluate: received 10 results and 0 failures
[92mINFO [0m:      
[92mINFO [0m:      [ROUND 141]
[92mINFO [0m:      configure_fit: strategy sampled 5 clients (out of 10)
[36m(ClientAppActor pid=440494)[0m 
[36m(ClientAppActor pid=440494)[0m         
[36m(ClientAppActor pid=440497)[0m 
[36m(ClientAppActor pid=440497)[0m         
[36m(ClientAppActor pid=440499)[0m 
[36m(ClientAppActor pid=440499)[0m         
[36m(ClientAppActor pid=440496)[0m 
[36m(ClientAppActor pid=440496)[0m         
[36m(ClientAppActor pid=440478)[0m 
[36m(ClientAppActor pid=440478)[0m         
[92mINFO [0m:      aggregate_fit: received 5 results and 0 failures
[92mINFO [0m:      fit progress: (141, 1.779730480903405, {'accuracy': 0.7437686939182453, 'balanced_accuracy': 0.2863290158372126, 'macro_f1': 0.269767775589348, 'worst_class_f1': 0.0, 'worst_class_recall': 0.0, 'f1_actinic_keratoses_an': 0.0, 'recall_actinic_keratoses_an': 0.0, 'f1_basal_cell_carcinoma': 0.0, 'recall_basal_cell_carcinoma': 0.0, 'f1_benign_keratosis-lik': 0.5058365758754864, 'recall_benign_keratosis-lik': 0.5909090909090909, 'f1_dermatofibroma': 0.0, 'recall_dermatofibroma': 0.0, 'f1_melanoma': 0.5023696682464455, 'recall_melanoma': 0.4774774774774775, 'f1_melanocytic_nevi': 0.8801681850035038, 'recall_melanocytic_nevi': 0.9359165424739195, 'f1_vascular_lesions': 0.0, 'recall_vascular_lesions': 0.0}, 1158.5091471939813)
[92mINFO [0m:      configure_evaluate: strategy sampled 10 clients (out of 10)
[36m(ClientAppActor pid=440494)[0m 
[36m(ClientAppActor pid=440494)[0m         
[36m(ClientAppActor pid=440497)[0m /home/bk489/federated_clean/cleanest_federated/fl-dermamnist-starter/metrics/evaluation.py:68: UserWarning: AUROC set to NaN because present classes are [2, 4, 5], expected [0, 1, 2, 3, 4, 5, 6][32m [repeated 9x across cluster][0m
[36m(ClientAppActor pid=440497)[0m   warnings.warn(f'AUROC set to NaN because present classes are {present_classes}, expected {labels}')[32m [repeated 9x across cluster][0m
[36m(ClientAppActor pid=440478)[0m /home/bk489/federated_clean/.venv/lib/python3.9/site-packages/sklearn/metrics/_classification.py:2524: UserWarning: y_pred contains classes not in y_true[32m [repeated 6x across cluster][0m
[36m(ClientAppActor pid=440478)[0m   warnings.warn("y_pred contains classes not in y_true")[32m [repeated 6x across cluster][0m
[36m(ClientAppActor pid=440494)[0m [93mWARNING [0m:   DEPRECATED FEATURE: `client_fn` now expects a signature `def client_fn(context: Context)`.The provided `client_fn` has signature: {'cid': <Parameter "cid: 'str'">}. You can import the `Context` like this: `from flwr.common import Context`[32m [repeated 15x across cluster][0m
[36m(ClientAppActor pid=440494)[0m             This is a deprecated feature. It will be removed[32m [repeated 15x across cluster][0m
[36m(ClientAppActor pid=440494)[0m             entirely in future versions of Flower.[32m [repeated 15x across cluster][0m
[36m(ClientAppActor pid=440497)[0m 
[36m(ClientAppActor pid=440497)[0m         
[36m(ClientAppActor pid=440499)[0m 
[36m(ClientAppActor pid=440499)[0m         
[36m(ClientAppActor pid=440496)[0m 
[36m(ClientAppActor pid=440496)[0m         
[36m(ClientAppActor pid=440478)[0m 
[36m(ClientAppActor pid=440478)[0m         
[36m(ClientAppActor pid=440469)[0m 
[36m(ClientAppActor pid=440469)[0m         
[92mINFO [0m:      aggregate_evaluate: received 10 results and 0 failures
[92mINFO [0m:      
[92mINFO [0m:      [ROUND 142]
[92mINFO [0m:      configure_fit: strategy sampled 5 clients (out of 10)
[36m(ClientAppActor pid=440492)[0m 
[36m(ClientAppActor pid=440492)[0m         
[36m(ClientAppActor pid=440492)[0m 
[36m(ClientAppActor pid=440492)[0m         
[36m(ClientAppActor pid=440493)[0m 
[36m(ClientAppActor pid=440493)[0m         
[36m(ClientAppActor pid=440493)[0m 
[36m(ClientAppActor pid=440493)[0m         
[36m(ClientAppActor pid=440479)[0m 
[36m(ClientAppActor pid=440479)[0m         
[36m(ClientAppActor pid=440470)[0m 
[36m(ClientAppActor pid=440470)[0m         
[36m(ClientAppActor pid=440470)[0m 
[36m(ClientAppActor pid=440470)[0m         
[36m(ClientAppActor pid=440469)[0m 
[36m(ClientAppActor pid=440469)[0m         
[36m(ClientAppActor pid=440479)[0m 
[36m(ClientAppActor pid=440479)[0m         
[92mINFO [0m:      aggregate_fit: received 5 results and 0 failures
[92mINFO [0m:      fit progress: (142, 1.4964366564127882, {'accuracy': 0.7198404785643071, 'balanced_accuracy': 0.2866132685804817, 'macro_f1': 0.26032022309729047, 'worst_class_f1': 0.0, 'worst_class_recall': 0.0, 'f1_actinic_keratoses_an': 0.0, 'recall_actinic_keratoses_an': 0.0, 'f1_basal_cell_carcinoma': 0.0, 'recall_basal_cell_carcinoma': 0.0, 'f1_benign_keratosis-lik': 0.4652777777777778, 'recall_benign_keratosis-lik': 0.6090909090909091, 'f1_dermatofibroma': 0.0, 'recall_dermatofibroma': 0.0, 'f1_melanoma': 0.48695652173913045, 'recall_melanoma': 0.5045045045045045, 'f1_melanocytic_nevi': 0.8700072621641249, 'recall_melanocytic_nevi': 0.8926974664679582, 'f1_vascular_lesions': 0.0, 'recall_vascular_lesions': 0.0}, 1165.7939412179985)
[92mINFO [0m:      configure_evaluate: strategy sampled 10 clients (out of 10)
[36m(ClientAppActor pid=440494)[0m 
[36m(ClientAppActor pid=440494)[0m         
[36m(ClientAppActor pid=440470)[0m /home/bk489/federated_clean/cleanest_federated/fl-dermamnist-starter/metrics/evaluation.py:68: UserWarning: AUROC set to NaN because present classes are [0, 1, 3], expected [0, 1, 2, 3, 4, 5, 6][32m [repeated 10x across cluster][0m
[36m(ClientAppActor pid=440470)[0m   warnings.warn(f'AUROC set to NaN because present classes are {present_classes}, expected {labels}')[32m [repeated 10x across cluster][0m
[36m(ClientAppActor pid=440470)[0m /home/bk489/federated_clean/.venv/lib/python3.9/site-packages/sklearn/metrics/_classification.py:2524: UserWarning: y_pred contains classes not in y_true[32m [repeated 7x across cluster][0m
[36m(ClientAppActor pid=440470)[0m   warnings.warn("y_pred contains classes not in y_true")[32m [repeated 7x across cluster][0m
[36m(ClientAppActor pid=440494)[0m [93mWARNING [0m:   DEPRECATED FEATURE: `client_fn` now expects a signature `def client_fn(context: Context)`.The provided `client_fn` has signature: {'cid': <Parameter "cid: 'str'">}. You can import the `Context` like this: `from flwr.common import Context`[32m [repeated 15x across cluster][0m
[36m(ClientAppActor pid=440494)[0m             This is a deprecated feature. It will be removed[32m [repeated 15x across cluster][0m
[36m(ClientAppActor pid=440494)[0m             entirely in future versions of Flower.[32m [repeated 15x across cluster][0m
[36m(ClientAppActor pid=440492)[0m 
[36m(ClientAppActor pid=440492)[0m         
[36m(ClientAppActor pid=440497)[0m 
[36m(ClientAppActor pid=440497)[0m         
[36m(ClientAppActor pid=440493)[0m 
[36m(ClientAppActor pid=440493)[0m         
[36m(ClientAppActor pid=440479)[0m 
[36m(ClientAppActor pid=440479)[0m         
[36m(ClientAppActor pid=440496)[0m 
[36m(ClientAppActor pid=440496)[0m         
[36m(ClientAppActor pid=440469)[0m 
[36m(ClientAppActor pid=440469)[0m         
[36m(ClientAppActor pid=440470)[0m 
[36m(ClientAppActor pid=440470)[0m         
[36m(ClientAppActor pid=440478)[0m 
[36m(ClientAppActor pid=440478)[0m         
[36m(ClientAppActor pid=440499)[0m 
[36m(ClientAppActor pid=440499)[0m         
[92mINFO [0m:      aggregate_evaluate: received 10 results and 0 failures
[92mINFO [0m:      
[92mINFO [0m:      [ROUND 143]
[92mINFO [0m:      configure_fit: strategy sampled 5 clients (out of 10)
[36m(ClientAppActor pid=440494)[0m 
[36m(ClientAppActor pid=440494)[0m         
[36m(ClientAppActor pid=440492)[0m 
[36m(ClientAppActor pid=440492)[0m         
[36m(ClientAppActor pid=440499)[0m 
[36m(ClientAppActor pid=440499)[0m         
[36m(ClientAppActor pid=440496)[0m 
[36m(ClientAppActor pid=440496)[0m         
[36m(ClientAppActor pid=440478)[0m 
[36m(ClientAppActor pid=440478)[0m         
[92mINFO [0m:      aggregate_fit: received 5 results and 0 failures
[92mINFO [0m:      fit progress: (143, 14.26480002132275, {'accuracy': 0.053838484546360914, 'balanced_accuracy': 0.1489808006201449, 'macro_f1': 0.023664104411291843, 'worst_class_f1': 0.0, 'worst_class_recall': 0.0, 'f1_actinic_keratoses_an': 0.009523809523809525, 'recall_actinic_keratoses_an': 0.06060606060606061, 'f1_basal_cell_carcinoma': 0.15315315315315314, 'recall_basal_cell_carcinoma': 0.9807692307692307, 'f1_benign_keratosis-lik': 0.0, 'recall_benign_keratosis-lik': 0.0, 'f1_dermatofibroma': 0.0, 'recall_dermatofibroma': 0.0, 'f1_melanoma': 0.0, 'recall_melanoma': 0.0, 'f1_melanocytic_nevi': 0.0029717682020802376, 'recall_melanocytic_nevi': 0.0014903129657228018, 'f1_vascular_lesions': 0.0, 'recall_vascular_lesions': 0.0}, 1167.9857231579954)
[92mINFO [0m:      configure_evaluate: strategy sampled 10 clients (out of 10)
[36m(ClientAppActor pid=440478)[0m 
[36m(ClientAppActor pid=440478)[0m         
[92mINFO [0m:      aggregate_evaluate: received 10 results and 0 failures
[92mINFO [0m:      
[92mINFO [0m:      [ROUND 144]
[92mINFO [0m:      configure_fit: strategy sampled 5 clients (out of 10)
[36m(ClientAppActor pid=440494)[0m 
[36m(ClientAppActor pid=440494)[0m         
[36m(ClientAppActor pid=440492)[0m 
[36m(ClientAppActor pid=440492)[0m         
[36m(ClientAppActor pid=440497)[0m 
[36m(ClientAppActor pid=440497)[0m         
[36m(ClientAppActor pid=440499)[0m 
[36m(ClientAppActor pid=440499)[0m         
[36m(ClientAppActor pid=440493)[0m 
[36m(ClientAppActor pid=440493)[0m         
[36m(ClientAppActor pid=440479)[0m 
[36m(ClientAppActor pid=440479)[0m         
[36m(ClientAppActor pid=440496)[0m 
[36m(ClientAppActor pid=440496)[0m         
[36m(ClientAppActor pid=440469)[0m 
[36m(ClientAppActor pid=440469)[0m         
[36m(ClientAppActor pid=440470)[0m 
[36m(ClientAppActor pid=440470)[0m         
[36m(ClientAppActor pid=440497)[0m 
[36m(ClientAppActor pid=440497)[0m         
[36m(ClientAppActor pid=440493)[0m 
[36m(ClientAppActor pid=440493)[0m         
[36m(ClientAppActor pid=440479)[0m 
[36m(ClientAppActor pid=440479)[0m         
[36m(ClientAppActor pid=440469)[0m 
[36m(ClientAppActor pid=440469)[0m         
[36m(ClientAppActor pid=440470)[0m 
[36m(ClientAppActor pid=440470)[0m         
[92mINFO [0m:      aggregate_fit: received 5 results and 0 failures
[92mINFO [0m:      fit progress: (144, 1.40301672280845, {'accuracy': 0.7068793619142573, 'balanced_accuracy': 0.21552207945650567, 'macro_f1': 0.2060663190978635, 'worst_class_f1': 0.0, 'worst_class_recall': 0.0, 'f1_actinic_keratoses_an': 0.0, 'recall_actinic_keratoses_an': 0.0, 'f1_basal_cell_carcinoma': 0.0, 'recall_basal_cell_carcinoma': 0.0, 'f1_benign_keratosis-lik': 0.171875, 'recall_benign_keratosis-lik': 0.1, 'f1_dermatofibroma': 0.0, 'recall_dermatofibroma': 0.0, 'f1_melanoma': 0.4260869565217391, 'recall_melanoma': 0.44144144144144143, 'f1_melanocytic_nevi': 0.8445022771633052, 'recall_melanocytic_nevi': 0.9672131147540983, 'f1_vascular_lesions': 0.0, 'recall_vascular_lesions': 0.0}, 1176.1266888069804)
[92mINFO [0m:      configure_evaluate: strategy sampled 10 clients (out of 10)
[36m(ClientAppActor pid=440494)[0m 
[36m(ClientAppActor pid=440494)[0m         
[36m(ClientAppActor pid=440478)[0m /home/bk489/federated_clean/cleanest_federated/fl-dermamnist-starter/metrics/evaluation.py:68: UserWarning: AUROC set to NaN because present classes are [0, 6], expected [0, 1, 2, 3, 4, 5, 6][32m [repeated 20x across cluster][0m
[36m(ClientAppActor pid=440478)[0m   warnings.warn(f'AUROC set to NaN because present classes are {present_classes}, expected {labels}')[32m [repeated 20x across cluster][0m
[36m(ClientAppActor pid=440478)[0m /home/bk489/federated_clean/.venv/lib/python3.9/site-packages/sklearn/metrics/_classification.py:2524: UserWarning: y_pred contains classes not in y_true[32m [repeated 12x across cluster][0m
[36m(ClientAppActor pid=440478)[0m   warnings.warn("y_pred contains classes not in y_true")[32m [repeated 12x across cluster][0m
[36m(ClientAppActor pid=440494)[0m [93mWARNING [0m:   DEPRECATED FEATURE: `client_fn` now expects a signature `def client_fn(context: Context)`.The provided `client_fn` has signature: {'cid': <Parameter "cid: 'str'">}. You can import the `Context` like this: `from flwr.common import Context`[32m [repeated 30x across cluster][0m
[36m(ClientAppActor pid=440494)[0m             This is a deprecated feature. It will be removed[32m [repeated 30x across cluster][0m
[36m(ClientAppActor pid=440494)[0m             entirely in future versions of Flower.[32m [repeated 30x across cluster][0m
[36m(ClientAppActor pid=440492)[0m 
[36m(ClientAppActor pid=440492)[0m         
[36m(ClientAppActor pid=440497)[0m 
[36m(ClientAppActor pid=440497)[0m         
[36m(ClientAppActor pid=440499)[0m 
[36m(ClientAppActor pid=440499)[0m         
[36m(ClientAppActor pid=440493)[0m 
[36m(ClientAppActor pid=440493)[0m         
[36m(ClientAppActor pid=440479)[0m 
[36m(ClientAppActor pid=440479)[0m         
[36m(ClientAppActor pid=440496)[0m 
[36m(ClientAppActor pid=440496)[0m         
[36m(ClientAppActor pid=440469)[0m 
[36m(ClientAppActor pid=440469)[0m         
[36m(ClientAppActor pid=440470)[0m 
[36m(ClientAppActor pid=440470)[0m         
[36m(ClientAppActor pid=440478)[0m 
[36m(ClientAppActor pid=440478)[0m         
[92mINFO [0m:      aggregate_evaluate: received 10 results and 0 failures
[92mINFO [0m:      
[92mINFO [0m:      [ROUND 145]
[92mINFO [0m:      configure_fit: strategy sampled 5 clients (out of 10)
[36m(ClientAppActor pid=440494)[0m 
[36m(ClientAppActor pid=440494)[0m         
[36m(ClientAppActor pid=440492)[0m 
[36m(ClientAppActor pid=440492)[0m         
[36m(ClientAppActor pid=440499)[0m 
[36m(ClientAppActor pid=440499)[0m         
[36m(ClientAppActor pid=440493)[0m 
[36m(ClientAppActor pid=440493)[0m         
[36m(ClientAppActor pid=440478)[0m 
[36m(ClientAppActor pid=440478)[0m         
[92mINFO [0m:      aggregate_fit: received 5 results and 0 failures
[92mINFO [0m:      fit progress: (145, 1.6150352838388826, {'accuracy': 0.7268195413758723, 'balanced_accuracy': 0.2654538933227458, 'macro_f1': 0.251878039198045, 'worst_class_f1': 0.0, 'worst_class_recall': 0.0, 'f1_actinic_keratoses_an': 0.0, 'recall_actinic_keratoses_an': 0.0, 'f1_basal_cell_carcinoma': 0.0, 'recall_basal_cell_carcinoma': 0.0, 'f1_benign_keratosis-lik': 0.4573643410852713, 'recall_benign_keratosis-lik': 0.5363636363636364, 'f1_dermatofibroma': 0.0, 'recall_dermatofibroma': 0.0, 'f1_melanoma': 0.43434343434343436, 'recall_melanoma': 0.38738738738738737, 'f1_melanocytic_nevi': 0.8714384989576095, 'recall_melanocytic_nevi': 0.9344262295081968, 'f1_vascular_lesions': 0.0, 'recall_vascular_lesions': 0.0}, 1183.3868734599964)
[92mINFO [0m:      configure_evaluate: strategy sampled 10 clients (out of 10)
[36m(ClientAppActor pid=440494)[0m 
[36m(ClientAppActor pid=440494)[0m         
[36m(ClientAppActor pid=440478)[0m /home/bk489/federated_clean/cleanest_federated/fl-dermamnist-starter/metrics/evaluation.py:68: UserWarning: AUROC set to NaN because present classes are [0, 1, 6], expected [0, 1, 2, 3, 4, 5, 6][32m [repeated 10x across cluster][0m
[36m(ClientAppActor pid=440478)[0m   warnings.warn(f'AUROC set to NaN because present classes are {present_classes}, expected {labels}')[32m [repeated 10x across cluster][0m
[36m(ClientAppActor pid=440478)[0m /home/bk489/federated_clean/.venv/lib/python3.9/site-packages/sklearn/metrics/_classification.py:2524: UserWarning: y_pred contains classes not in y_true[32m [repeated 7x across cluster][0m
[36m(ClientAppActor pid=440478)[0m   warnings.warn("y_pred contains classes not in y_true")[32m [repeated 7x across cluster][0m
[36m(ClientAppActor pid=440494)[0m [93mWARNING [0m:   DEPRECATED FEATURE: `client_fn` now expects a signature `def client_fn(context: Context)`.The provided `client_fn` has signature: {'cid': <Parameter "cid: 'str'">}. You can import the `Context` like this: `from flwr.common import Context`[32m [repeated 15x across cluster][0m
[36m(ClientAppActor pid=440494)[0m             This is a deprecated feature. It will be removed[32m [repeated 15x across cluster][0m
[36m(ClientAppActor pid=440494)[0m             entirely in future versions of Flower.[32m [repeated 15x across cluster][0m
[36m(ClientAppActor pid=440492)[0m 
[36m(ClientAppActor pid=440492)[0m         
[36m(ClientAppActor pid=440499)[0m 
[36m(ClientAppActor pid=440499)[0m         
[36m(ClientAppActor pid=440493)[0m 
[36m(ClientAppActor pid=440493)[0m         
[36m(ClientAppActor pid=440496)[0m 
[36m(ClientAppActor pid=440496)[0m         
[36m(ClientAppActor pid=440469)[0m 
[36m(ClientAppActor pid=440469)[0m         
[36m(ClientAppActor pid=440478)[0m 
[36m(ClientAppActor pid=440478)[0m         
[36m(ClientAppActor pid=440470)[0m 
[36m(ClientAppActor pid=440470)[0m         
[92mINFO [0m:      aggregate_evaluate: received 10 results and 0 failures
[92mINFO [0m:      
[92mINFO [0m:      [ROUND 146]
[92mINFO [0m:      configure_fit: strategy sampled 5 clients (out of 10)
[36m(ClientAppActor pid=440497)[0m 
[36m(ClientAppActor pid=440497)[0m         
[36m(ClientAppActor pid=440497)[0m 
[36m(ClientAppActor pid=440497)[0m         
[36m(ClientAppActor pid=440479)[0m 
[36m(ClientAppActor pid=440479)[0m         
[36m(ClientAppActor pid=440479)[0m 
[36m(ClientAppActor pid=440479)[0m         
[36m(ClientAppActor pid=440496)[0m 
[36m(ClientAppActor pid=440496)[0m         
[36m(ClientAppActor pid=440470)[0m 
[36m(ClientAppActor pid=440470)[0m         
[36m(ClientAppActor pid=440469)[0m 
[36m(ClientAppActor pid=440469)[0m         
[92mINFO [0m:      aggregate_fit: received 5 results and 0 failures
[92mINFO [0m:      fit progress: (146, 1.8204240639687534, {'accuracy': 0.7288135593220338, 'balanced_accuracy': 0.2799014897375553, 'macro_f1': 0.2603806217623251, 'worst_class_f1': 0.0, 'worst_class_recall': 0.0, 'f1_actinic_keratoses_an': 0.0, 'recall_actinic_keratoses_an': 0.0, 'f1_basal_cell_carcinoma': 0.0, 'recall_basal_cell_carcinoma': 0.0, 'f1_benign_keratosis-lik': 0.46715328467153283, 'recall_benign_keratosis-lik': 0.5818181818181818, 'f1_dermatofibroma': 0.0, 'recall_dermatofibroma': 0.0, 'f1_melanoma': 0.4811320754716981, 'recall_melanoma': 0.4594594594594595, 'f1_melanocytic_nevi': 0.8743789921930447, 'recall_melanocytic_nevi': 0.9180327868852459, 'f1_vascular_lesions': 0.0, 'recall_vascular_lesions': 0.0}, 1191.6602079589793)
[92mINFO [0m:      configure_evaluate: strategy sampled 10 clients (out of 10)
[36m(ClientAppActor pid=440470)[0m 
[36m(ClientAppActor pid=440470)[0m         
[36m(ClientAppActor pid=440470)[0m /home/bk489/federated_clean/cleanest_federated/fl-dermamnist-starter/metrics/evaluation.py:68: UserWarning: AUROC set to NaN because present classes are [0, 1, 3], expected [0, 1, 2, 3, 4, 5, 6][32m [repeated 10x across cluster][0m
[36m(ClientAppActor pid=440470)[0m   warnings.warn(f'AUROC set to NaN because present classes are {present_classes}, expected {labels}')[32m [repeated 10x across cluster][0m
[36m(ClientAppActor pid=440470)[0m /home/bk489/federated_clean/.venv/lib/python3.9/site-packages/sklearn/metrics/_classification.py:2524: UserWarning: y_pred contains classes not in y_true[32m [repeated 7x across cluster][0m
[36m(ClientAppActor pid=440470)[0m   warnings.warn("y_pred contains classes not in y_true")[32m [repeated 7x across cluster][0m
[36m(ClientAppActor pid=440470)[0m [93mWARNING [0m:   DEPRECATED FEATURE: `client_fn` now expects a signature `def client_fn(context: Context)`.The provided `client_fn` has signature: {'cid': <Parameter "cid: 'str'">}. You can import the `Context` like this: `from flwr.common import Context`[32m [repeated 15x across cluster][0m
[36m(ClientAppActor pid=440470)[0m             This is a deprecated feature. It will be removed[32m [repeated 15x across cluster][0m
[36m(ClientAppActor pid=440470)[0m             entirely in future versions of Flower.[32m [repeated 15x across cluster][0m
[36m(ClientAppActor pid=440497)[0m 
[36m(ClientAppActor pid=440497)[0m         
[36m(ClientAppActor pid=440469)[0m 
[36m(ClientAppActor pid=440469)[0m         
[36m(ClientAppActor pid=440496)[0m 
[36m(ClientAppActor pid=440496)[0m         
[92mINFO [0m:      aggregate_evaluate: received 10 results and 0 failures
[92mINFO [0m:      
[92mINFO [0m:      [ROUND 147]
[92mINFO [0m:      configure_fit: strategy sampled 5 clients (out of 10)
[36m(ClientAppActor pid=440494)[0m 
[36m(ClientAppActor pid=440494)[0m         
[36m(ClientAppActor pid=440492)[0m 
[36m(ClientAppActor pid=440492)[0m         
[36m(ClientAppActor pid=440499)[0m 
[36m(ClientAppActor pid=440499)[0m         
[36m(ClientAppActor pid=440493)[0m 
[36m(ClientAppActor pid=440493)[0m         
[36m(ClientAppActor pid=440493)[0m 
[36m(ClientAppActor pid=440493)[0m         
[36m(ClientAppActor pid=440479)[0m 
[36m(ClientAppActor pid=440479)[0m         
[36m(ClientAppActor pid=440478)[0m 
[36m(ClientAppActor pid=440478)[0m         
[36m(ClientAppActor pid=440499)[0m 
[36m(ClientAppActor pid=440499)[0m         
[36m(ClientAppActor pid=440478)[0m 
[36m(ClientAppActor pid=440478)[0m         
[36m(ClientAppActor pid=440494)[0m 
[36m(ClientAppActor pid=440494)[0m         
[36m(ClientAppActor pid=440492)[0m 
[36m(ClientAppActor pid=440492)[0m         
[92mINFO [0m:      aggregate_fit: received 5 results and 0 failures
[92mINFO [0m:      fit progress: (147, 1.741238393550618, {'accuracy': 0.711864406779661, 'balanced_accuracy': 0.28491005376251277, 'macro_f1': 0.2569268583345747, 'worst_class_f1': 0.0, 'worst_class_recall': 0.0, 'f1_actinic_keratoses_an': 0.0, 'recall_actinic_keratoses_an': 0.0, 'f1_basal_cell_carcinoma': 0.0, 'recall_basal_cell_carcinoma': 0.0, 'f1_benign_keratosis-lik': 0.4785714285714286, 'recall_benign_keratosis-lik': 0.6090909090909091, 'f1_dermatofibroma': 0.0, 'recall_dermatofibroma': 0.0, 'f1_melanoma': 0.45714285714285713, 'recall_melanoma': 0.5045045045045045, 'f1_melanocytic_nevi': 0.8627737226277372, 'recall_melanocytic_nevi': 0.8807749627421758, 'f1_vascular_lesions': 0.0, 'recall_vascular_lesions': 0.0}, 1198.8018150069984)
[92mINFO [0m:      configure_evaluate: strategy sampled 10 clients (out of 10)
[36m(ClientAppActor pid=440494)[0m 
[36m(ClientAppActor pid=440494)[0m         
[36m(ClientAppActor pid=440494)[0m /home/bk489/federated_clean/cleanest_federated/fl-dermamnist-starter/metrics/evaluation.py:68: UserWarning: AUROC set to NaN because present classes are [0, 1, 3], expected [0, 1, 2, 3, 4, 5, 6][32m [repeated 11x across cluster][0m
[36m(ClientAppActor pid=440494)[0m   warnings.warn(f'AUROC set to NaN because present classes are {present_classes}, expected {labels}')[32m [repeated 11x across cluster][0m
[36m(ClientAppActor pid=440494)[0m /home/bk489/federated_clean/.venv/lib/python3.9/site-packages/sklearn/metrics/_classification.py:2524: UserWarning: y_pred contains classes not in y_true[32m [repeated 8x across cluster][0m
[36m(ClientAppActor pid=440494)[0m   warnings.warn("y_pred contains classes not in y_true")[32m [repeated 8x across cluster][0m
[36m(ClientAppActor pid=440494)[0m [93mWARNING [0m:   DEPRECATED FEATURE: `client_fn` now expects a signature `def client_fn(context: Context)`.The provided `client_fn` has signature: {'cid': <Parameter "cid: 'str'">}. You can import the `Context` like this: `from flwr.common import Context`[32m [repeated 15x across cluster][0m
[36m(ClientAppActor pid=440494)[0m             This is a deprecated feature. It will be removed[32m [repeated 15x across cluster][0m
[36m(ClientAppActor pid=440494)[0m             entirely in future versions of Flower.[32m [repeated 15x across cluster][0m
[36m(ClientAppActor pid=440492)[0m 
[36m(ClientAppActor pid=440492)[0m         
[36m(ClientAppActor pid=440497)[0m 
[36m(ClientAppActor pid=440497)[0m         
[36m(ClientAppActor pid=440499)[0m 
[36m(ClientAppActor pid=440499)[0m         
[36m(ClientAppActor pid=440493)[0m 
[36m(ClientAppActor pid=440493)[0m         
[36m(ClientAppActor pid=440479)[0m 
[36m(ClientAppActor pid=440479)[0m         
[36m(ClientAppActor pid=440496)[0m 
[36m(ClientAppActor pid=440496)[0m         
[36m(ClientAppActor pid=440469)[0m 
[36m(ClientAppActor pid=440469)[0m         
[36m(ClientAppActor pid=440478)[0m 
[36m(ClientAppActor pid=440478)[0m         
[36m(ClientAppActor pid=440470)[0m 
[36m(ClientAppActor pid=440470)[0m         
[92mINFO [0m:      aggregate_evaluate: received 10 results and 0 failures
[92mINFO [0m:      
[92mINFO [0m:      [ROUND 148]
[92mINFO [0m:      configure_fit: strategy sampled 5 clients (out of 10)
[36m(ClientAppActor pid=440497)[0m 
[36m(ClientAppActor pid=440497)[0m         
[36m(ClientAppActor pid=440479)[0m 
[36m(ClientAppActor pid=440479)[0m         
[36m(ClientAppActor pid=440496)[0m 
[36m(ClientAppActor pid=440496)[0m         
[36m(ClientAppActor pid=440469)[0m 
[36m(ClientAppActor pid=440469)[0m         
[36m(ClientAppActor pid=440470)[0m 
[36m(ClientAppActor pid=440470)[0m         
[92mINFO [0m:      aggregate_fit: received 5 results and 0 failures
[92mINFO [0m:      fit progress: (148, 1.9241243107606503, {'accuracy': 0.7198404785643071, 'balanced_accuracy': 0.27579037415102986, 'macro_f1': 0.25626478311384476, 'worst_class_f1': 0.0, 'worst_class_recall': 0.0, 'f1_actinic_keratoses_an': 0.0, 'recall_actinic_keratoses_an': 0.0, 'f1_basal_cell_carcinoma': 0.0, 'recall_basal_cell_carcinoma': 0.0, 'f1_benign_keratosis-lik': 0.45977011494252873, 'recall_benign_keratosis-lik': 0.5454545454545454, 'f1_dermatofibroma': 0.0, 'recall_dermatofibroma': 0.0, 'f1_melanoma': 0.4690265486725664, 'recall_melanoma': 0.4774774774774775, 'f1_melanocytic_nevi': 0.8650568181818182, 'recall_melanocytic_nevi': 0.9076005961251863, 'f1_vascular_lesions': 0.0, 'recall_vascular_lesions': 0.0}, 1206.9590596469934)
[92mINFO [0m:      configure_evaluate: strategy sampled 10 clients (out of 10)
[36m(ClientAppActor pid=440497)[0m 
[36m(ClientAppActor pid=440497)[0m         
[36m(ClientAppActor pid=440470)[0m /home/bk489/federated_clean/cleanest_federated/fl-dermamnist-starter/metrics/evaluation.py:68: UserWarning: AUROC set to NaN because present classes are [0, 1, 3], expected [0, 1, 2, 3, 4, 5, 6][32m [repeated 9x across cluster][0m
[36m(ClientAppActor pid=440470)[0m   warnings.warn(f'AUROC set to NaN because present classes are {present_classes}, expected {labels}')[32m [repeated 9x across cluster][0m
[36m(ClientAppActor pid=440470)[0m /home/bk489/federated_clean/.venv/lib/python3.9/site-packages/sklearn/metrics/_classification.py:2524: UserWarning: y_pred contains classes not in y_true[32m [repeated 6x across cluster][0m
[36m(ClientAppActor pid=440470)[0m   warnings.warn("y_pred contains classes not in y_true")[32m [repeated 6x across cluster][0m
[36m(ClientAppActor pid=440497)[0m [93mWARNING [0m:   DEPRECATED FEATURE: `client_fn` now expects a signature `def client_fn(context: Context)`.The provided `client_fn` has signature: {'cid': <Parameter "cid: 'str'">}. You can import the `Context` like this: `from flwr.common import Context`[32m [repeated 15x across cluster][0m
[36m(ClientAppActor pid=440497)[0m             This is a deprecated feature. It will be removed[32m [repeated 15x across cluster][0m
[36m(ClientAppActor pid=440497)[0m             entirely in future versions of Flower.[32m [repeated 15x across cluster][0m
[36m(ClientAppActor pid=440479)[0m 
[36m(ClientAppActor pid=440479)[0m         
[36m(ClientAppActor pid=440470)[0m 
[36m(ClientAppActor pid=440470)[0m         
[36m(ClientAppActor pid=440469)[0m 
[36m(ClientAppActor pid=440469)[0m         
[36m(ClientAppActor pid=440496)[0m 
[36m(ClientAppActor pid=440496)[0m         
[92mINFO [0m:      aggregate_evaluate: received 10 results and 0 failures
[92mINFO [0m:      
[92mINFO [0m:      [ROUND 149]
[92mINFO [0m:      configure_fit: strategy sampled 5 clients (out of 10)
[36m(ClientAppActor pid=440494)[0m 
[36m(ClientAppActor pid=440494)[0m         
[36m(ClientAppActor pid=440494)[0m 
[36m(ClientAppActor pid=440494)[0m         
[36m(ClientAppActor pid=440492)[0m 
[36m(ClientAppActor pid=440492)[0m         
[36m(ClientAppActor pid=440492)[0m 
[36m(ClientAppActor pid=440492)[0m         
[36m(ClientAppActor pid=440499)[0m 
[36m(ClientAppActor pid=440499)[0m         
[36m(ClientAppActor pid=440493)[0m 
[36m(ClientAppActor pid=440493)[0m         
[36m(ClientAppActor pid=440478)[0m 
[36m(ClientAppActor pid=440478)[0m         
[36m(ClientAppActor pid=440478)[0m 
[36m(ClientAppActor pid=440478)[0m         
[36m(ClientAppActor pid=440499)[0m 
[36m(ClientAppActor pid=440499)[0m         
[36m(ClientAppActor pid=440496)[0m 
[36m(ClientAppActor pid=440496)[0m         
[92mINFO [0m:      aggregate_fit: received 5 results and 0 failures
[92mINFO [0m:      fit progress: (149, 1.8547931960667832, {'accuracy': 0.7208374875373879, 'balanced_accuracy': 0.2781982749195864, 'macro_f1': 0.2580305942877098, 'worst_class_f1': 0.0, 'worst_class_recall': 0.0, 'f1_actinic_keratoses_an': 0.0, 'recall_actinic_keratoses_an': 0.0, 'f1_basal_cell_carcinoma': 0.0, 'recall_basal_cell_carcinoma': 0.0, 'f1_benign_keratosis-lik': 0.4740740740740741, 'recall_benign_keratosis-lik': 0.5818181818181818, 'f1_dermatofibroma': 0.0, 'recall_dermatofibroma': 0.0, 'f1_melanoma': 0.46788990825688076, 'recall_melanoma': 0.4594594594594595, 'f1_melanocytic_nevi': 0.8642501776830135, 'recall_melanocytic_nevi': 0.9061102831594635, 'f1_vascular_lesions': 0.0, 'recall_vascular_lesions': 0.0}, 1215.1261413999891)
[92mINFO [0m:      configure_evaluate: strategy sampled 10 clients (out of 10)
[36m(ClientAppActor pid=440494)[0m 
[36m(ClientAppActor pid=440494)[0m         
[36m(ClientAppActor pid=440494)[0m /home/bk489/federated_clean/cleanest_federated/fl-dermamnist-starter/metrics/evaluation.py:68: UserWarning: AUROC set to NaN because present classes are [0, 6], expected [0, 1, 2, 3, 4, 5, 6][32m [repeated 11x across cluster][0m
[36m(ClientAppActor pid=440494)[0m   warnings.warn(f'AUROC set to NaN because present classes are {present_classes}, expected {labels}')[32m [repeated 11x across cluster][0m
[36m(ClientAppActor pid=440494)[0m /home/bk489/federated_clean/.venv/lib/python3.9/site-packages/sklearn/metrics/_classification.py:2524: UserWarning: y_pred contains classes not in y_true[32m [repeated 8x across cluster][0m
[36m(ClientAppActor pid=440494)[0m   warnings.warn("y_pred contains classes not in y_true")[32m [repeated 8x across cluster][0m
[36m(ClientAppActor pid=440494)[0m [93mWARNING [0m:   DEPRECATED FEATURE: `client_fn` now expects a signature `def client_fn(context: Context)`.The provided `client_fn` has signature: {'cid': <Parameter "cid: 'str'">}. You can import the `Context` like this: `from flwr.common import Context`[32m [repeated 15x across cluster][0m
[36m(ClientAppActor pid=440494)[0m             This is a deprecated feature. It will be removed[32m [repeated 15x across cluster][0m
[36m(ClientAppActor pid=440494)[0m             entirely in future versions of Flower.[32m [repeated 15x across cluster][0m
[36m(ClientAppActor pid=440492)[0m 
[36m(ClientAppActor pid=440492)[0m         
[36m(ClientAppActor pid=440497)[0m 
[36m(ClientAppActor pid=440497)[0m         
[36m(ClientAppActor pid=440499)[0m 
[36m(ClientAppActor pid=440499)[0m         
[36m(ClientAppActor pid=440493)[0m 
[36m(ClientAppActor pid=440493)[0m         
[36m(ClientAppActor pid=440479)[0m 
[36m(ClientAppActor pid=440479)[0m         
[36m(ClientAppActor pid=440496)[0m 
[36m(ClientAppActor pid=440496)[0m         
[36m(ClientAppActor pid=440469)[0m 
[36m(ClientAppActor pid=440469)[0m         
[36m(ClientAppActor pid=440470)[0m 
[36m(ClientAppActor pid=440470)[0m         
[36m(ClientAppActor pid=440478)[0m 
[36m(ClientAppActor pid=440478)[0m         
[92mINFO [0m:      aggregate_evaluate: received 10 results and 0 failures
[92mINFO [0m:      
[92mINFO [0m:      [ROUND 150]
[92mINFO [0m:      configure_fit: strategy sampled 5 clients (out of 10)
[36m(ClientAppActor pid=440497)[0m 
[36m(ClientAppActor pid=440497)[0m         
[36m(ClientAppActor pid=440493)[0m 
[36m(ClientAppActor pid=440493)[0m         
[36m(ClientAppActor pid=440479)[0m 
[36m(ClientAppActor pid=440479)[0m         
[36m(ClientAppActor pid=440469)[0m 
[36m(ClientAppActor pid=440469)[0m         
[36m(ClientAppActor pid=440470)[0m 
[36m(ClientAppActor pid=440470)[0m         
[92mINFO [0m:      aggregate_fit: received 5 results and 0 failures
[92mINFO [0m:      fit progress: (150, 1.8495619620307018, {'accuracy': 0.7168494516450648, 'balanced_accuracy': 0.28591606296524336, 'macro_f1': 0.2588766878849908, 'worst_class_f1': 0.0, 'worst_class_recall': 0.0, 'f1_actinic_keratoses_an': 0.0, 'recall_actinic_keratoses_an': 0.0, 'f1_basal_cell_carcinoma': 0.0, 'recall_basal_cell_carcinoma': 0.0, 'f1_benign_keratosis-lik': 0.46616541353383456, 'recall_benign_keratosis-lik': 0.5636363636363636, 'f1_dermatofibroma': 0.0, 'recall_dermatofibroma': 0.0, 'f1_melanoma': 0.47843137254901963, 'recall_melanoma': 0.5495495495495496, 'f1_melanocytic_nevi': 0.8675400291120815, 'recall_melanocytic_nevi': 0.8882265275707899, 'f1_vascular_lesions': 0.0, 'recall_vascular_lesions': 0.0}, 1223.354912098992)
[92mINFO [0m:      configure_evaluate: strategy sampled 10 clients (out of 10)
[36m(ClientAppActor pid=440492)[0m 
[36m(ClientAppActor pid=440492)[0m         
[36m(ClientAppActor pid=440470)[0m /home/bk489/federated_clean/cleanest_federated/fl-dermamnist-starter/metrics/evaluation.py:68: UserWarning: AUROC set to NaN because present classes are [0, 1], expected [0, 1, 2, 3, 4, 5, 6][32m [repeated 9x across cluster][0m
[36m(ClientAppActor pid=440470)[0m   warnings.warn(f'AUROC set to NaN because present classes are {present_classes}, expected {labels}')[32m [repeated 9x across cluster][0m
[36m(ClientAppActor pid=440470)[0m /home/bk489/federated_clean/.venv/lib/python3.9/site-packages/sklearn/metrics/_classification.py:2524: UserWarning: y_pred contains classes not in y_true[32m [repeated 6x across cluster][0m
[36m(ClientAppActor pid=440470)[0m   warnings.warn("y_pred contains classes not in y_true")[32m [repeated 6x across cluster][0m
[36m(ClientAppActor pid=440492)[0m [93mWARNING [0m:   DEPRECATED FEATURE: `client_fn` now expects a signature `def client_fn(context: Context)`.The provided `client_fn` has signature: {'cid': <Parameter "cid: 'str'">}. You can import the `Context` like this: `from flwr.common import Context`[32m [repeated 15x across cluster][0m
[36m(ClientAppActor pid=440492)[0m             This is a deprecated feature. It will be removed[32m [repeated 15x across cluster][0m
[36m(ClientAppActor pid=440492)[0m             entirely in future versions of Flower.[32m [repeated 15x across cluster][0m
[36m(ClientAppActor pid=440497)[0m 
[36m(ClientAppActor pid=440497)[0m         
[36m(ClientAppActor pid=440499)[0m 
[36m(ClientAppActor pid=440499)[0m         
[36m(ClientAppActor pid=440493)[0m 
[36m(ClientAppActor pid=440493)[0m         
[36m(ClientAppActor pid=440479)[0m 
[36m(ClientAppActor pid=440479)[0m         
[36m(ClientAppActor pid=440469)[0m 
[36m(ClientAppActor pid=440469)[0m         
[36m(ClientAppActor pid=440470)[0m 
[36m(ClientAppActor pid=440470)[0m         
[36m(ClientAppActor pid=440496)[0m 
[36m(ClientAppActor pid=440496)[0m         
[36m(ClientAppActor pid=440494)[0m 
[36m(ClientAppActor pid=440494)[0m         
[36m(ClientAppActor pid=440478)[0m 
[36m(ClientAppActor pid=440478)[0m         
[92mINFO [0m:      aggregate_evaluate: received 10 results and 0 failures
[92mINFO [0m:      
[92mINFO [0m:      [SUMMARY]
[92mINFO [0m:      Run finished 150 round(s) in 1223.49s
[92mINFO [0m:      	History (loss, distributed):
[92mINFO [0m:      		round 1: 1.2048834979619665
[92mINFO [0m:      		round 2: 1.220699073936539
[92mINFO [0m:      		round 3: 1.1835029513883797
[92mINFO [0m:      		round 4: 1.0158474128078696
[92mINFO [0m:      		round 5: 1.4619877802761247
[92mINFO [0m:      		round 6: 1.0804264056289212
[92mINFO [0m:      		round 7: 1.6710896822096115
[92mINFO [0m:      		round 8: 2.198197381311715
[92mINFO [0m:      		round 9: 2.0938679828192273
[92mINFO [0m:      		round 10: 6.9728465278658325
[92mINFO [0m:      		round 11: 1.658015308455381
[92mINFO [0m:      		round 12: 1.4660201094927028
[92mINFO [0m:      		round 13: 1.499844251010818
[92mINFO [0m:      		round 14: 1.7829664535980827
[92mINFO [0m:      		round 15: 1.4871655455449733
[92mINFO [0m:      		round 16: 1.6535406821170873
[92mINFO [0m:      		round 17: 1.7535633585887456
[92mINFO [0m:      		round 18: 1.5255964229917596
[92mINFO [0m:      		round 19: 1.8528207023995507
[92mINFO [0m:      		round 20: 1.66439831692998
[92mINFO [0m:      		round 21: 1.4995539492821932
[92mINFO [0m:      		round 22: 2.056498845560821
[92mINFO [0m:      		round 23: 1.7581691377217663
[92mINFO [0m:      		round 24: 1.7262395881597419
[92mINFO [0m:      		round 25: 1.748305840078351
[92mINFO [0m:      		round 26: 1.837955495633901
[92mINFO [0m:      		round 27: 1.3267707123475916
[92mINFO [0m:      		round 28: 1.990093881293725
[92mINFO [0m:      		round 29: 1.5194346780756454
[92mINFO [0m:      		round 30: 16.4432494681398
[92mINFO [0m:      		round 31: 1.6817692803857658
[92mINFO [0m:      		round 32: 1.3976708357696725
[92mINFO [0m:      		round 33: 1.374330776237176
[92mINFO [0m:      		round 34: 1.494842257612576
[92mINFO [0m:      		round 35: 1.4700329890381143
[92mINFO [0m:      		round 36: 1.4201608182196979
[92mINFO [0m:      		round 37: 21.643561649185685
[92mINFO [0m:      		round 38: 1.6772103345548064
[92mINFO [0m:      		round 39: 1.6912433149311772
[92mINFO [0m:      		round 40: 1.9069139876187788
[92mINFO [0m:      		round 41: 1.77405550892076
[92mINFO [0m:      		round 42: 1.6739618540494308
[92mINFO [0m:      		round 43: 1.3348195799111977
[92mINFO [0m:      		round 44: 1.4057362570482141
[92mINFO [0m:      		round 45: 16.45105985623692
[92mINFO [0m:      		round 46: 19.602581396848606
[92mINFO [0m:      		round 47: 11.801035838434139
[92mINFO [0m:      		round 48: 13.31066527034836
[92mINFO [0m:      		round 49: 1.8401825819672266
[92mINFO [0m:      		round 50: 1.4933504177473882
[92mINFO [0m:      		round 51: 1.3775433962964259
[92mINFO [0m:      		round 52: 1.7582424909859853
[92mINFO [0m:      		round 53: 1.4364928658757696
[92mINFO [0m:      		round 54: 1.8682923030477
[92mINFO [0m:      		round 55: 1.0888404868425563
[92mINFO [0m:      		round 56: 1.7588640020430686
[92mINFO [0m:      		round 57: 1.9330784482627552
[92mINFO [0m:      		round 58: 2.00658988371128
[92mINFO [0m:      		round 59: 1.2128123834280236
[92mINFO [0m:      		round 60: 1.5874695066400033
[92mINFO [0m:      		round 61: 1.308626487231152
[92mINFO [0m:      		round 62: 1.7733278690143843
[92mINFO [0m:      		round 63: 1.6250685723645444
[92mINFO [0m:      		round 64: 1.5297534364025767
[92mINFO [0m:      		round 65: 1.3276412823963029
[92mINFO [0m:      		round 66: 1.8359444605739763
[92mINFO [0m:      		round 67: 12.118655933967792
[92mINFO [0m:      		round 68: 1.6190166549497902
[92mINFO [0m:      		round 69: 6.866962037606424
[92mINFO [0m:      		round 70: 1.4552518137045194
[92mINFO [0m:      		round 71: 1.3611126667799875
[92mINFO [0m:      		round 72: 1.414986567055991
[92mINFO [0m:      		round 73: 1.8162518151350309
[92mINFO [0m:      		round 74: 1.3198645029382692
[92mINFO [0m:      		round 75: 1.4242512264757963
[92mINFO [0m:      		round 76: 1.3194286570145375
[92mINFO [0m:      		round 77: 1.4753075273683458
[92mINFO [0m:      		round 78: 1.8446800199095454
[92mINFO [0m:      		round 79: 1.6057166131360288
[92mINFO [0m:      		round 80: 1.5027781873727633
[92mINFO [0m:      		round 81: 1.7172289746392577
[92mINFO [0m:      		round 82: 1.6359604284103153
[92mINFO [0m:      		round 83: 1.6112463499928478
[92mINFO [0m:      		round 84: 1.96619828667497
[92mINFO [0m:      		round 85: 1.3996535128295164
[92mINFO [0m:      		round 86: 1.762711754317263
[92mINFO [0m:      		round 87: 1.8056165600780778
[92mINFO [0m:      		round 88: 1.5270078370355635
[92mINFO [0m:      		round 89: 1.6905788920360112
[92mINFO [0m:      		round 90: 1.8757355290129674
[92mINFO [0m:      		round 91: 1.8149071442687528
[92mINFO [0m:      		round 92: 1.7234908533917268
[92mINFO [0m:      		round 93: 1.6397117020580998
[92mINFO [0m:      		round 94: 1.7221437198359792
[92mINFO [0m:      		round 95: 1.911670743136358
[92mINFO [0m:      		round 96: 1.7220060809955022
[92mINFO [0m:      		round 97: 1.7875199261491577
[92mINFO [0m:      		round 98: 1.8928780600193413
[92mINFO [0m:      		round 99: 1.8678943821826317
[92mINFO [0m:      		round 100: 1.8695092471463437
[92mINFO [0m:      		round 101: 1.7259751308597144
[92mINFO [0m:      		round 102: 1.9526303838965198
[92mINFO [0m:      		round 103: 2.1780592839379223
[92mINFO [0m:      		round 104: 1.7003690404563587
[92mINFO [0m:      		round 105: 1.8761859903034555
[92mINFO [0m:      		round 106: 1.5140474916701678
[92mINFO [0m:      		round 107: 1.6793798728173912
[92mINFO [0m:      		round 108: 1.8814081353812855
[92mINFO [0m:      		round 109: 1.74506328001597
[92mINFO [0m:      		round 110: 2.068435576417012
[92mINFO [0m:      		round 111: 1.6595887195431176
[92mINFO [0m:      		round 112: 1.7142474033911226
[92mINFO [0m:      		round 113: 1.7336748214157958
[92mINFO [0m:      		round 114: 1.8131917696259114
[92mINFO [0m:      		round 115: 1.7661251914039404
[92mINFO [0m:      		round 116: 2.218426929826887
[92mINFO [0m:      		round 117: 1.7016103802999774
[92mINFO [0m:      		round 118: 1.6941012325382643
[92mINFO [0m:      		round 119: 1.9687962453368746
[92mINFO [0m:      		round 120: 2.103040339443913
[92mINFO [0m:      		round 121: 1.5997824579947648
[92mINFO [0m:      		round 122: 1.8375028720716151
[92mINFO [0m:      		round 123: 1.8342350601636868
[92mINFO [0m:      		round 124: 2.054514699550065
[92mINFO [0m:      		round 125: 1.8181392462386976
[92mINFO [0m:      		round 126: 2.020870535411315
[92mINFO [0m:      		round 127: 2.6765310586439486
[92mINFO [0m:      		round 128: 1.8084793060034556
[92mINFO [0m:      		round 129: 2.796986210294912
[92mINFO [0m:      		round 130: 1.9657535077509614
[92mINFO [0m:      		round 131: 2.1245993734945356
[92mINFO [0m:      		round 132: 1.9657124260405727
[92mINFO [0m:      		round 133: 2.124545610447012
[92mINFO [0m:      		round 134: 2.3021531806272617
[92mINFO [0m:      		round 135: 2.0207040814450346
[92mINFO [0m:      		round 136: 1.7989188560967466
[92mINFO [0m:      		round 137: 37.847765381743265
[92mINFO [0m:      		round 138: 1.6963109964961813
[92mINFO [0m:      		round 139: 1.8900206422532135
[92mINFO [0m:      		round 140: 1.413612862570556
[92mINFO [0m:      		round 141: 1.7080745260889938
[92mINFO [0m:      		round 142: 1.4566525290994083
[92mINFO [0m:      		round 143: 14.408319098364503
[92mINFO [0m:      		round 144: 1.4500761394692288
[92mINFO [0m:      		round 145: 1.6297058727341027
[92mINFO [0m:      		round 146: 1.8138522492932794
[92mINFO [0m:      		round 147: 1.667206314065022
[92mINFO [0m:      		round 148: 1.9056728840558395
[92mINFO [0m:      		round 149: 1.833838322070271
[92mINFO [0m:      		round 150: 1.8575545510055345
[92mINFO [0m:      	History (loss, centralized):
[92mINFO [0m:      		round 0: 1.9143925685350107
[92mINFO [0m:      		round 1: 1.1952726063676038
[92mINFO [0m:      		round 2: 1.2126028953734804
[92mINFO [0m:      		round 3: 1.1774690983777982
[92mINFO [0m:      		round 4: 0.9990132029130238
[92mINFO [0m:      		round 5: 1.4661313266839724
[92mINFO [0m:      		round 6: 1.0690507766969897
[92mINFO [0m:      		round 7: 1.62762330072827
[92mINFO [0m:      		round 8: 2.123550379026685
[92mINFO [0m:      		round 9: 2.026375115214887
[92mINFO [0m:      		round 10: 6.942803767956384
[92mINFO [0m:      		round 11: 1.576711097600334
[92mINFO [0m:      		round 12: 1.457509615366623
[92mINFO [0m:      		round 13: 1.4712094359716414
[92mINFO [0m:      		round 14: 1.766285508128249
[92mINFO [0m:      		round 15: 1.459995351902628
[92mINFO [0m:      		round 16: 1.6760549390779536
[92mINFO [0m:      		round 17: 1.7151899893999338
[92mINFO [0m:      		round 18: 1.5268469306074848
[92mINFO [0m:      		round 19: 1.785776067469436
[92mINFO [0m:      		round 20: 1.6470953735967695
[92mINFO [0m:      		round 21: 1.485742508592539
[92mINFO [0m:      		round 22: 2.050613100008142
[92mINFO [0m:      		round 23: 1.770026677627031
[92mINFO [0m:      		round 24: 1.6899807517335992
[92mINFO [0m:      		round 25: 1.7280260725011853
[92mINFO [0m:      		round 26: 1.845234160171311
[92mINFO [0m:      		round 27: 1.345172967535192
[92mINFO [0m:      		round 28: 2.0535214986069015
[92mINFO [0m:      		round 29: 1.5443245237869612
[92mINFO [0m:      		round 30: 16.757392259561648
[92mINFO [0m:      		round 31: 1.6941155409171123
[92mINFO [0m:      		round 32: 1.4188711845268638
[92mINFO [0m:      		round 33: 1.43858153869956
[92mINFO [0m:      		round 34: 1.5375535456038425
[92mINFO [0m:      		round 35: 1.450608275110201
[92mINFO [0m:      		round 36: 1.4364571369300454
[92mINFO [0m:      		round 37: 22.05300787510211
[92mINFO [0m:      		round 38: 1.7384378330063368
[92mINFO [0m:      		round 39: 1.7375563251175885
[92mINFO [0m:      		round 40: 1.993582255818908
[92mINFO [0m:      		round 41: 1.8124221265018878
[92mINFO [0m:      		round 42: 1.6654497211500037
[92mINFO [0m:      		round 43: 1.3051501951094044
[92mINFO [0m:      		round 44: 1.4376428367371337
[92mINFO [0m:      		round 45: 17.034041495052197
[92mINFO [0m:      		round 46: 20.044078882051963
[92mINFO [0m:      		round 47: 12.007538694684076
[92mINFO [0m:      		round 48: 13.545899251403505
[92mINFO [0m:      		round 49: 1.7583288321585384
[92mINFO [0m:      		round 50: 1.57943020503994
[92mINFO [0m:      		round 51: 1.4378030728010214
[92mINFO [0m:      		round 52: 1.8198862033018681
[92mINFO [0m:      		round 53: 1.5519163599042807
[92mINFO [0m:      		round 54: 1.9308479512082497
[92mINFO [0m:      		round 55: 1.1209415533725666
[92mINFO [0m:      		round 56: 1.7505512986321035
[92mINFO [0m:      		round 57: 1.9155392644412497
[92mINFO [0m:      		round 58: 2.030365905638112
[92mINFO [0m:      		round 59: 1.298428034497163
[92mINFO [0m:      		round 60: 1.6521369098785035
[92mINFO [0m:      		round 61: 1.3721173119806458
[92mINFO [0m:      		round 62: 1.7863100166929327
[92mINFO [0m:      		round 63: 1.654256050037601
[92mINFO [0m:      		round 64: 1.577582271244091
[92mINFO [0m:      		round 65: 1.3191918018213655
[92mINFO [0m:      		round 66: 1.8683637353263847
[92mINFO [0m:      		round 67: 12.090309297099546
[92mINFO [0m:      		round 68: 1.5807761544601273
[92mINFO [0m:      		round 69: 6.904963093051169
[92mINFO [0m:      		round 70: 1.4942127882186342
[92mINFO [0m:      		round 71: 1.3911324155889266
[92mINFO [0m:      		round 72: 1.3605220595955967
[92mINFO [0m:      		round 73: 1.7985454071554563
[92mINFO [0m:      		round 74: 1.2916558816925003
[92mINFO [0m:      		round 75: 1.3915384539578515
[92mINFO [0m:      		round 76: 1.2878193841023318
[92mINFO [0m:      		round 77: 1.4206269290131086
[92mINFO [0m:      		round 78: 1.8554657556242862
[92mINFO [0m:      		round 79: 1.6368554728337799
[92mINFO [0m:      		round 80: 1.5073379702487235
[92mINFO [0m:      		round 81: 1.6932365540136487
[92mINFO [0m:      		round 82: 1.6349226791385638
[92mINFO [0m:      		round 83: 1.5742528221067618
[92mINFO [0m:      		round 84: 1.941063635846078
[92mINFO [0m:      		round 85: 1.4116139307335867
[92mINFO [0m:      		round 86: 1.771497787768439
[92mINFO [0m:      		round 87: 1.7397785493407625
[92mINFO [0m:      		round 88: 1.4982646934294392
[92mINFO [0m:      		round 89: 1.6741737635993768
[92mINFO [0m:      		round 90: 1.9037008190440277
[92mINFO [0m:      		round 91: 1.8103654957483202
[92mINFO [0m:      		round 92: 1.76919028076788
[92mINFO [0m:      		round 93: 1.6177627919083934
[92mINFO [0m:      		round 94: 1.706615135534216
[92mINFO [0m:      		round 95: 1.8734466646865737
[92mINFO [0m:      		round 96: 1.7004202522285439
[92mINFO [0m:      		round 97: 1.7568249298354326
[92mINFO [0m:      		round 98: 1.8335813758142687
[92mINFO [0m:      		round 99: 1.8311410753700812
[92mINFO [0m:      		round 100: 1.8579189656144481
[92mINFO [0m:      		round 101: 1.7161724313068485
[92mINFO [0m:      		round 102: 1.887662381498312
[92mINFO [0m:      		round 103: 2.1818221343954205
[92mINFO [0m:      		round 104: 1.745948968594476
[92mINFO [0m:      		round 105: 1.9855253917507731
[92mINFO [0m:      		round 106: 1.685174490970486
[92mINFO [0m:      		round 107: 1.78391380110386
[92mINFO [0m:      		round 108: 1.9430204818873915
[92mINFO [0m:      		round 109: 1.8113840484428976
[92mINFO [0m:      		round 110: 2.139689854111296
[92mINFO [0m:      		round 111: 1.6586858819750465
[92mINFO [0m:      		round 112: 1.7503225805752298
[92mINFO [0m:      		round 113: 1.772278464327781
[92mINFO [0m:      		round 114: 1.9158261201436355
[92mINFO [0m:      		round 115: 1.8660875272418067
[92mINFO [0m:      		round 116: 2.30982429080328
[92mINFO [0m:      		round 117: 1.694185020203367
[92mINFO [0m:      		round 118: 1.651287397382742
[92mINFO [0m:      		round 119: 1.9884410436940216
[92mINFO [0m:      		round 120: 2.1261095428989747
[92mINFO [0m:      		round 121: 1.6172224732481708
[92mINFO [0m:      		round 122: 1.9458505123229706
[92mINFO [0m:      		round 123: 1.9133000031544465
[92mINFO [0m:      		round 124: 2.1773932507839184
[92mINFO [0m:      		round 125: 1.851459889920616
[92mINFO [0m:      		round 126: 2.0591991715512035
[92mINFO [0m:      		round 127: 2.6937941827422245
[92mINFO [0m:      		round 128: 1.8242480365015337
[92mINFO [0m:      		round 129: 2.8204660229050624
[92mINFO [0m:      		round 130: 1.9793449158920486
[92mINFO [0m:      		round 131: 2.1339742816457243
[92mINFO [0m:      		round 132: 2.0089191191217837
[92mINFO [0m:      		round 133: 2.1018133762469913
[92mINFO [0m:      		round 134: 2.246638268559191
[92mINFO [0m:      		round 135: 2.0646331196173593
[92mINFO [0m:      		round 136: 1.8651388484245521
[92mINFO [0m:      		round 137: 37.58203860936113
[92mINFO [0m:      		round 138: 1.7175200342062344
[92mINFO [0m:      		round 139: 1.9748865464629823
[92mINFO [0m:      		round 140: 1.4583421921801354
[92mINFO [0m:      		round 141: 1.779730480903405
[92mINFO [0m:      		round 142: 1.4964366564127882
[92mINFO [0m:      		round 143: 14.26480002132275
[92mINFO [0m:      		round 144: 1.40301672280845
[92mINFO [0m:      		round 145: 1.6150352838388826
[92mINFO [0m:      		round 146: 1.8204240639687534
[92mINFO [0m:      		round 147: 1.741238393550618
[92mINFO [0m:      		round 148: 1.9241243107606503
[92mINFO [0m:      		round 149: 1.8547931960667832
[92mINFO [0m:      		round 150: 1.8495619620307018
[92mINFO [0m:      	History (metrics, distributed, fit):
[92mINFO [0m:      	{'train_loss_unweighted': [(1, 0.6110810101549689),
[92mINFO [0m:      	                           (2, 0.8360075836987656),
[92mINFO [0m:      	                           (3, 1.08660348424467),
[92mINFO [0m:      	                           (4, 1.4211833597940662),
[92mINFO [0m:      	                           (5, 1.2044576930177349),
[92mINFO [0m:      	                           (6, 0.8145640346044669),
[92mINFO [0m:      	                           (7, 0.3884468195727161),
[92mINFO [0m:      	                           (8, 1.1417127616584135),
[92mINFO [0m:      	                           (9, 1.25353778883912),
[92mINFO [0m:      	                           (10, 1.3531043252698145),
[92mINFO [0m:      	                           (11, 0.5086468511157521),
[92mINFO [0m:      	                           (12, 1.2235530875116225),
[92mINFO [0m:      	                           (13, 1.7452281872313447),
[92mINFO [0m:      	                           (14, 1.3548857622939767),
[92mINFO [0m:      	                           (15, 1.0553887756027591),
[92mINFO [0m:      	                           (16, 0.997251262865537),
[92mINFO [0m:      	                           (17, 1.1264722624883903),
[92mINFO [0m:      	                           (18, 0.7910244299942446),
[92mINFO [0m:      	                           (19, 0.48352985625664135),
[92mINFO [0m:      	                           (20, 0.42250028857048455),
[92mINFO [0m:      	                           (21, 0.5814020181362196),
[92mINFO [0m:      	                           (22, 1.2055805052594728),
[92mINFO [0m:      	                           (23, 0.41404181610029045),
[92mINFO [0m:      	                           (24, 1.0199448125969846),
[92mINFO [0m:      	                           (25, 0.9352613233449022),
[92mINFO [0m:      	                           (26, 1.2331657771959752),
[92mINFO [0m:      	                           (27, 1.2409610081455666),
[92mINFO [0m:      	                           (28, 0.8650557175108318),
[92mINFO [0m:      	                           (29, 0.979646412174004),
[92mINFO [0m:      	                           (30, 1.4948795348483448),
[92mINFO [0m:      	                           (31, 0.3552899747812597),
[92mINFO [0m:      	                           (32, 1.9906044610904854),
[92mINFO [0m:      	                           (33, 1.6375733714433003),
[92mINFO [0m:      	                           (34, 1.1948346598789914),
[92mINFO [0m:      	                           (35, 1.1895886279985266),
[92mINFO [0m:      	                           (36, 1.155397411110132),
[92mINFO [0m:      	                           (37, 1.2950707834167408),
[92mINFO [0m:      	                           (38, 0.5226845413214385),
[92mINFO [0m:      	                           (39, 2.1740327898084715),
[92mINFO [0m:      	                           (40, 1.8242305754261168),
[92mINFO [0m:      	                           (41, 1.7303644925902752),
[92mINFO [0m:      	                           (42, 2.5806686256457203),
[92mINFO [0m:      	                           (43, 1.5292412059084977),
[92mINFO [0m:      	                           (44, 1.258372181880046),
[92mINFO [0m:      	                           (45, 1.3407561873968612),
[92mINFO [0m:      	                           (46, 0.9187611242752366),
[92mINFO [0m:      	                           (47, 0.940132791182647),
[92mINFO [0m:      	                           (48, 0.6664654350201211),
[92mINFO [0m:      	                           (49, 0.49199097463710323),
[92mINFO [0m:      	                           (50, 0.9634850942048047),
[92mINFO [0m:      	                           (51, 0.519426528297436),
[92mINFO [0m:      	                           (52, 0.5835702217174663),
[92mINFO [0m:      	                           (53, 1.4884465178217332),
[92mINFO [0m:      	                           (54, 0.46445734527816035),
[92mINFO [0m:      	                           (55, 0.8300984902262512),
[92mINFO [0m:      	                           (56, 0.5911926334555337),
[92mINFO [0m:      	                           (57, 0.5268964179696946),
[92mINFO [0m:      	                           (58, 1.5118974792351907),
[92mINFO [0m:      	                           (59, 1.2151411941742145),
[92mINFO [0m:      	                           (60, 1.0345867861135112),
[92mINFO [0m:      	                           (61, 1.0150278439699136),
[92mINFO [0m:      	                           (62, 0.5665521665556488),
[92mINFO [0m:      	                           (63, 0.7765193420523685),
[92mINFO [0m:      	                           (64, 1.3161319479113256),
[92mINFO [0m:      	                           (65, 0.8912958848531348),
[92mINFO [0m:      	                           (66, 0.828653975209915),
[92mINFO [0m:      	                           (67, 1.759702167759339),
[92mINFO [0m:      	                           (68, 0.6950470724520615),
[92mINFO [0m:      	                           (69, 2.1839313164042933),
[92mINFO [0m:      	                           (70, 0.7961940661086971),
[92mINFO [0m:      	                           (71, 1.8477325207349733),
[92mINFO [0m:      	                           (72, 1.4606719754844324),
[92mINFO [0m:      	                           (73, 0.6547718745828468),
[92mINFO [0m:      	                           (74, 1.4698436199480736),
[92mINFO [0m:      	                           (75, 1.0962093644328204),
[92mINFO [0m:      	                           (76, 0.7798996144704081),
[92mINFO [0m:      	                           (77, 0.8121572866465472),
[92mINFO [0m:      	                           (78, 0.4769976928272158),
[92mINFO [0m:      	                           (79, 0.791856248622176),
[92mINFO [0m:      	                           (80, 0.35508901067088805),
[92mINFO [0m:      	                           (81, 0.7256359421938436),
[92mINFO [0m:      	                           (82, 0.5730752676747889),
[92mINFO [0m:      	                           (83, 1.036656087037461),
[92mINFO [0m:      	                           (84, 0.4476207617623772),
[92mINFO [0m:      	                           (85, 1.1924636788873375),
[92mINFO [0m:      	                           (86, 0.39497270292663195),
[92mINFO [0m:      	                           (87, 1.1926527014615445),
[92mINFO [0m:      	                           (88, 0.961288470545447),
[92mINFO [0m:      	                           (89, 0.8076226447094049),
[92mINFO [0m:      	                           (90, 0.5175087739339763),
[92mINFO [0m:      	                           (91, 0.7836882913693083),
[92mINFO [0m:      	                           (92, 0.4916222599690361),
[92mINFO [0m:      	                           (93, 0.25493214674652265),
[92mINFO [0m:      	                           (94, 0.7585533934171866),
[92mINFO [0m:      	                           (95, 0.15600250746340333),
[92mINFO [0m:      	                           (96, 0.40331388143129293),
[92mINFO [0m:      	                           (97, 0.38702920725964807),
[92mINFO [0m:      	                           (98, 0.5019273191089055),
[92mINFO [0m:      	                           (99, 0.5657176700220391),
[92mINFO [0m:      	                           (100, 0.5854686701742243),
[92mINFO [0m:      	                           (101, 0.936109332709977),
[92mINFO [0m:      	                           (102, 0.5370727692975533),
[92mINFO [0m:      	                           (103, 0.8010758578724134),
[92mINFO [0m:      	                           (104, 0.5735988878729593),
[92mINFO [0m:      	                           (105, 0.6894991042423778),
[92mINFO [0m:      	                           (106, 1.1808738831727825),
[92mINFO [0m:      	                           (107, 0.3914817262970024),
[92mINFO [0m:      	                           (108, 0.35124595234043887),
[92mINFO [0m:      	                           (109, 0.7771193488081558),
[92mINFO [0m:      	                           (110, 0.6349457563587658),
[92mINFO [0m:      	                           (111, 0.6004547708230532),
[92mINFO [0m:      	                           (112, 0.3908766261877924),
[92mINFO [0m:      	                           (113, 0.6230019074294455),
[92mINFO [0m:      	                           (114, 0.6158438043999213),
[92mINFO [0m:      	                           (115, 0.4429218734459238),
[92mINFO [0m:      	                           (116, 0.3982475774819677),
[92mINFO [0m:      	                           (117, 0.5260225022298879),
[92mINFO [0m:      	                           (118, 0.42957259362829364),
[92mINFO [0m:      	                           (119, 0.7113375889153252),
[92mINFO [0m:      	                           (120, 1.0431583418665673),
[92mINFO [0m:      	                           (121, 0.5413883646660789),
[92mINFO [0m:      	                           (122, 0.42688137637150964),
[92mINFO [0m:      	                           (123, 0.527640203501257),
[92mINFO [0m:      	                           (124, 0.5660527001697033),
[92mINFO [0m:      	                           (125, 0.467920102762929),
[92mINFO [0m:      	                           (126, 0.4629936297863332),
[92mINFO [0m:      	                           (127, 0.6537954908129712),
[92mINFO [0m:      	                           (128, 0.26951490789934607),
[92mINFO [0m:      	                           (129, 0.457514606638661),
[92mINFO [0m:      	                           (130, 0.3064939958701206),
[92mINFO [0m:      	                           (131, 0.3070290612915624),
[92mINFO [0m:      	                           (132, 0.7703534109935338),
[92mINFO [0m:      	                           (133, 0.4582408610318686),
[92mINFO [0m:      	                           (134, 0.3915086145058247),
[92mINFO [0m:      	                           (135, 0.15117685196726696),
[92mINFO [0m:      	                           (136, 0.3127668913064846),
[92mINFO [0m:      	                           (137, 0.5270554217500466),
[92mINFO [0m:      	                           (138, 0.282307039746898),
[92mINFO [0m:      	                           (139, 2.2070655910160273),
[92mINFO [0m:      	                           (140, 2.138133431222667),
[92mINFO [0m:      	                           (141, 1.2709027410157243),
[92mINFO [0m:      	                           (142, 2.064672967782786),
[92mINFO [0m:      	                           (143, 1.5437118707035915),
[92mINFO [0m:      	                           (144, 0.4969882010088479),
[92mINFO [0m:      	                           (145, 1.938664650393843),
[92mINFO [0m:      	                           (146, 1.2391569534899713),
[92mINFO [0m:      	                           (147, 2.245971732799222),
[92mINFO [0m:      	                           (148, 1.023529487297681),
[92mINFO [0m:      	                           (149, 1.0316971937721344),
[92mINFO [0m:      	                           (150, 0.8532171575063163)],
[92mINFO [0m:      	 'train_loss_weighted': [(1, 0.5133819765777338),
[92mINFO [0m:      	                         (2, 0.5156383358902475),
[92mINFO [0m:      	                         (3, 0.5130568913666756),
[92mINFO [0m:      	                         (4, 0.45816574239177227),
[92mINFO [0m:      	                         (5, 0.31691931229122977),
[92mINFO [0m:      	                         (6, 0.21969497368388874),
[92mINFO [0m:      	                         (7, 0.2966731947886498),
[92mINFO [0m:      	                         (8, 0.17820392596097825),
[92mINFO [0m:      	                         (9, 0.11866557414126062),
[92mINFO [0m:      	                         (10, 0.8959925781440321),
[92mINFO [0m:      	                         (11, 0.20433887985783855),
[92mINFO [0m:      	                         (12, 0.14806148031541497),
[92mINFO [0m:      	                         (13, 0.2260664872643808),
[92mINFO [0m:      	                         (14, 0.1016969498285074),
[92mINFO [0m:      	                         (15, 0.14392725632322625),
[92mINFO [0m:      	                         (16, 0.10665093763791977),
[92mINFO [0m:      	                         (17, 0.08308519696500713),
[92mINFO [0m:      	                         (18, 0.19877964847166618),
[92mINFO [0m:      	                         (19, 0.06628514944730625),
[92mINFO [0m:      	                         (20, 0.06135783251024714),
[92mINFO [0m:      	                         (21, 0.09788769301033218),
[92mINFO [0m:      	                         (22, 0.07222064035541213),
[92mINFO [0m:      	                         (23, 0.05234197945539414),
[92mINFO [0m:      	                         (24, 0.09229655747429423),
[92mINFO [0m:      	                         (25, 0.081835713003541),
[92mINFO [0m:      	                         (26, 0.08132700877273338),
[92mINFO [0m:      	                         (27, 0.16967644803828416),
[92mINFO [0m:      	                         (28, 0.05425550104606663),
[92mINFO [0m:      	                         (29, 0.09129735992799995),
[92mINFO [0m:      	                         (30, 1.1006253201906167),
[92mINFO [0m:      	                         (31, 0.08576378216350979),
[92mINFO [0m:      	                         (32, 0.3053138556031616),
[92mINFO [0m:      	                         (33, 0.19744535208518343),
[92mINFO [0m:      	                         (34, 0.16713778569251964),
[92mINFO [0m:      	                         (35, 0.1580901864766348),
[92mINFO [0m:      	                         (36, 0.14555774219926038),
[92mINFO [0m:      	                         (37, 0.8162474292715797),
[92mINFO [0m:      	                         (38, 0.1253306336597421),
[92mINFO [0m:      	                         (39, 0.13601315535702954),
[92mINFO [0m:      	                         (40, 0.05418252577611119),
[92mINFO [0m:      	                         (41, 0.13511232819599145),
[92mINFO [0m:      	                         (42, 0.3007976857271758),
[92mINFO [0m:      	                         (43, 0.2487581822163932),
[92mINFO [0m:      	                         (44, 0.16265311201667476),
[92mINFO [0m:      	                         (45, 0.7646020627868583),
[92mINFO [0m:      	                         (46, 0.5421955494711773),
[92mINFO [0m:      	                         (47, 0.7411137389860992),
[92mINFO [0m:      	                         (48, 0.4693183107300323),
[92mINFO [0m:      	                         (49, 0.19116801112242002),
[92mINFO [0m:      	                         (50, 0.10229128475256918),
[92mINFO [0m:      	                         (51, 0.09473384136620057),
[92mINFO [0m:      	                         (52, 0.03351857603441349),
[92mINFO [0m:      	                         (53, 0.18904689967669908),
[92mINFO [0m:      	                         (54, 0.030134285940189104),
[92mINFO [0m:      	                         (55, 0.20533699445611772),
[92mINFO [0m:      	                         (56, 0.05652792075677749),
[92mINFO [0m:      	                         (57, 0.03953157338495102),
[92mINFO [0m:      	                         (58, 0.05964797384633743),
[92mINFO [0m:      	                         (59, 0.19132719269267176),
[92mINFO [0m:      	                         (60, 0.10437636067331063),
[92mINFO [0m:      	                         (61, 0.12716323232586155),
[92mINFO [0m:      	                         (62, 0.0563217741460676),
[92mINFO [0m:      	                         (63, 0.06478081541350168),
[92mINFO [0m:      	                         (64, 0.1263746914889746),
[92mINFO [0m:      	                         (65, 0.14595256369948256),
[92mINFO [0m:      	                         (66, 0.05294730058535207),
[92mINFO [0m:      	                         (67, 1.505272834397692),
[92mINFO [0m:      	                         (68, 0.11657430270092474),
[92mINFO [0m:      	                         (69, 1.4549819992796247),
[92mINFO [0m:      	                         (70, 0.1403296921846784),
[92mINFO [0m:      	                         (71, 0.22257354261831647),
[92mINFO [0m:      	                         (72, 0.18657681827062045),
[92mINFO [0m:      	                         (73, 0.038975465014683394),
[92mINFO [0m:      	                         (74, 0.22679789466429495),
[92mINFO [0m:      	                         (75, 0.17233903865048245),
[92mINFO [0m:      	                         (76, 0.13874654800106145),
[92mINFO [0m:      	                         (77, 0.1029299826083021),
[92mINFO [0m:      	                         (78, 0.024761871912844444),
[92mINFO [0m:      	                         (79, 0.06870012413941567),
[92mINFO [0m:      	                         (80, 0.06186052578669343),
[92mINFO [0m:      	                         (81, 0.058336393423648755),
[92mINFO [0m:      	                         (82, 0.05010117805080589),
[92mINFO [0m:      	                         (83, 0.12249190562961908),
[92mINFO [0m:      	                         (84, 0.021896489480013756),
[92mINFO [0m:      	                         (85, 0.142743743731899),
[92mINFO [0m:      	                         (86, 0.05098338694286355),
[92mINFO [0m:      	                         (87, 0.11647958507482566),
[92mINFO [0m:      	                         (88, 0.11939676886923944),
[92mINFO [0m:      	                         (89, 0.09909688899368133),
[92mINFO [0m:      	                         (90, 0.041794889909456116),
[92mINFO [0m:      	                         (91, 0.05729616262474812),
[92mINFO [0m:      	                         (92, 0.04476004042128607),
[92mINFO [0m:      	                         (93, 0.04313419950058851),
[92mINFO [0m:      	                         (94, 0.09569391566330498),
[92mINFO [0m:      	                         (95, 0.01763666093567539),
[92mINFO [0m:      	                         (96, 0.05090525961530248),
[92mINFO [0m:      	                         (97, 0.03419167509488476),
[92mINFO [0m:      	                         (98, 0.043172121305215916),
[92mINFO [0m:      	                         (99, 0.045537104484656046),
[92mINFO [0m:      	                         (100, 0.0347122983414093),
[92mINFO [0m:      	                         (101, 0.08925345480690138),
[92mINFO [0m:      	                         (102, 0.054920847078980234),
[92mINFO [0m:      	                         (103, 0.10375961042736603),
[92mINFO [0m:      	                         (104, 0.1047476099650353),
[92mINFO [0m:      	                         (105, 0.03918408677012197),
[92mINFO [0m:      	                         (106, 0.11045031148357048),
[92mINFO [0m:      	                         (107, 0.038942292965586),
[92mINFO [0m:      	                         (108, 0.021783629216000407),
[92mINFO [0m:      	                         (109, 0.058352640638432186),
[92mINFO [0m:      	                         (110, 0.017187466955095727),
[92mINFO [0m:      	                         (111, 0.05106926608502297),
[92mINFO [0m:      	                         (112, 0.04930031207092693),
[92mINFO [0m:      	                         (113, 0.09429998413762297),
[92mINFO [0m:      	                         (114, 0.07372743519095594),
[92mINFO [0m:      	                         (115, 0.03811442612530677),
[92mINFO [0m:      	                         (116, 0.10057108514167346),
[92mINFO [0m:      	                         (117, 0.0635477661004696),
[92mINFO [0m:      	                         (118, 0.05619502185633054),
[92mINFO [0m:      	                         (119, 0.0194595495091906),
[92mINFO [0m:      	                         (120, 0.11928502721949859),
[92mINFO [0m:      	                         (121, 0.06559605713328968),
[92mINFO [0m:      	                         (122, 0.0389769392996314),
[92mINFO [0m:      	                         (123, 0.043537592832874505),
[92mINFO [0m:      	                         (124, 0.08982527862155591),
[92mINFO [0m:      	                         (125, 0.05814164610011122),
[92mINFO [0m:      	                         (126, 0.026339705480524),
[92mINFO [0m:      	                         (127, 0.07732747555093136),
[92mINFO [0m:      	                         (128, 0.029238193089289474),
[92mINFO [0m:      	                         (129, 0.07755627459093341),
[92mINFO [0m:      	                         (130, 0.026376269361854315),
[92mINFO [0m:      	                         (131, 0.01609006804967375),
[92mINFO [0m:      	                         (132, 0.07300160882481588),
[92mINFO [0m:      	                         (133, 0.05664914397218179),
[92mINFO [0m:      	                         (134, 0.0601070662780053),
[92mINFO [0m:      	                         (135, 0.009216871594960386),
[92mINFO [0m:      	                         (136, 0.03832911252073558),
[92mINFO [0m:      	                         (137, 0.3262588528247744),
[92mINFO [0m:      	                         (138, 0.12233076430369581),
[92mINFO [0m:      	                         (139, 0.1242900756089176),
[92mINFO [0m:      	                         (140, 0.2613969282922197),
[92mINFO [0m:      	                         (141, 0.07165154848144005),
[92mINFO [0m:      	                         (142, 0.19739088862832196),
[92mINFO [0m:      	                         (143, 0.8010439209029627),
[92mINFO [0m:      	                         (144, 0.1706717544784084),
[92mINFO [0m:      	                         (145, 0.32331936464116545),
[92mINFO [0m:      	                         (146, 0.10320969433047951),
[92mINFO [0m:      	                         (147, 0.1988427985355014),
[92mINFO [0m:      	                         (148, 0.0770122456963178),
[92mINFO [0m:      	                         (149, 0.08585918218200726),
[92mINFO [0m:      	                         (150, 0.06797803643961237)]}
[92mINFO [0m:      	History (metrics, centralized):
[92mINFO [0m:      	{'accuracy': [(0, 0.1106679960119641),
[92mINFO [0m:      	              (1, 0.6989032901296112),
[92mINFO [0m:      	              (2, 0.6610169491525424),
[92mINFO [0m:      	              (3, 0.7248255234297108),
[92mINFO [0m:      	              (4, 0.7387836490528414),
[92mINFO [0m:      	              (5, 0.7048853439680958),
[92mINFO [0m:      	              (6, 0.6889332003988036),
[92mINFO [0m:      	              (7, 0.674975074775673),
[92mINFO [0m:      	              (8, 0.715852442671984),
[92mINFO [0m:      	              (9, 0.732801595214357),
[92mINFO [0m:      	              (10, 0.0518444666001994),
[92mINFO [0m:      	              (11, 0.7168494516450648),
[92mINFO [0m:      	              (12, 0.715852442671984),
[92mINFO [0m:      	              (13, 0.7278165503489531),
[92mINFO [0m:      	              (14, 0.7318045862412762),
[92mINFO [0m:      	              (15, 0.7248255234297108),
[92mINFO [0m:      	              (16, 0.7387836490528414),
[92mINFO [0m:      	              (17, 0.7387836490528414),
[92mINFO [0m:      	              (18, 0.5314057826520439),
[92mINFO [0m:      	              (19, 0.748753738783649),
[92mINFO [0m:      	              (20, 0.7397806580259222),
[92mINFO [0m:      	              (21, 0.7337986041874377),
[92mINFO [0m:      	              (22, 0.7407776669990029),
[92mINFO [0m:      	              (23, 0.7357926221335992),
[92mINFO [0m:      	              (24, 0.7318045862412762),
[92mINFO [0m:      	              (25, 0.7457627118644068),
[92mINFO [0m:      	              (26, 0.7308075772681955),
[92mINFO [0m:      	              (27, 0.7148554336989033),
[92mINFO [0m:      	              (28, 0.7377866400797607),
[92mINFO [0m:      	              (29, 0.7228315054835494),
[92mINFO [0m:      	              (30, 0.054835493519441676),
[92mINFO [0m:      	              (31, 0.7387836490528414),
[92mINFO [0m:      	              (32, 0.7248255234297108),
[92mINFO [0m:      	              (33, 0.7318045862412762),
[92mINFO [0m:      	              (34, 0.7298105682951147),
[92mINFO [0m:      	              (35, 0.7138584247258225),
[92mINFO [0m:      	              (36, 0.7308075772681955),
[92mINFO [0m:      	              (37, 0.0518444666001994),
[92mINFO [0m:      	              (38, 0.7357926221335992),
[92mINFO [0m:      	              (39, 0.7258225324027916),
[92mINFO [0m:      	              (40, 0.7278165503489531),
[92mINFO [0m:      	              (41, 0.7387836490528414),
[92mINFO [0m:      	              (42, 0.7367896311066799),
[92mINFO [0m:      	              (43, 0.7268195413758723),
[92mINFO [0m:      	              (44, 0.7308075772681955),
[92mINFO [0m:      	              (45, 0.053838484546360914),
[92mINFO [0m:      	              (46, 0.05284147557328016),
[92mINFO [0m:      	              (47, 0.04386839481555334),
[92mINFO [0m:      	              (48, 0.05682951146560319),
[92mINFO [0m:      	              (49, 0.715852442671984),
[92mINFO [0m:      	              (50, 0.7168494516450648),
[92mINFO [0m:      	              (51, 0.7268195413758723),
[92mINFO [0m:      	              (52, 0.7397806580259222),
[92mINFO [0m:      	              (53, 0.6590229312063809),
[92mINFO [0m:      	              (54, 0.7357926221335992),
[92mINFO [0m:      	              (55, 0.6969092721834497),
[92mINFO [0m:      	              (56, 0.7347956131605184),
[92mINFO [0m:      	              (57, 0.7298105682951147),
[92mINFO [0m:      	              (58, 0.7288135593220338),
[92mINFO [0m:      	              (59, 0.6959122632103689),
[92mINFO [0m:      	              (60, 0.7258225324027916),
[92mINFO [0m:      	              (61, 0.6929212362911267),
[92mINFO [0m:      	              (62, 0.7337986041874377),
[92mINFO [0m:      	              (63, 0.7298105682951147),
[92mINFO [0m:      	              (64, 0.7238285144566301),
[92mINFO [0m:      	              (65, 0.7208374875373879),
[92mINFO [0m:      	              (66, 0.7298105682951147),
[92mINFO [0m:      	              (67, 0.06181455633100698),
[92mINFO [0m:      	              (68, 0.7387836490528414),
[92mINFO [0m:      	              (69, 0.0518444666001994),
[92mINFO [0m:      	              (70, 0.7318045862412762),
[92mINFO [0m:      	              (71, 0.7318045862412762),
[92mINFO [0m:      	              (72, 0.7238285144566301),
[92mINFO [0m:      	              (73, 0.7377866400797607),
[92mINFO [0m:      	              (74, 0.7258225324027916),
[92mINFO [0m:      	              (75, 0.7288135593220338),
[92mINFO [0m:      	              (76, 0.7058823529411765),
[92mINFO [0m:      	              (77, 0.7278165503489531),
[92mINFO [0m:      	              (78, 0.7357926221335992),
[92mINFO [0m:      	              (79, 0.7278165503489531),
[92mINFO [0m:      	              (80, 0.7288135593220338),
[92mINFO [0m:      	              (81, 0.7288135593220338),
[92mINFO [0m:      	              (82, 0.7258225324027916),
[92mINFO [0m:      	              (83, 0.6899302093718843),
[92mINFO [0m:      	              (84, 0.7288135593220338),
[92mINFO [0m:      	              (85, 0.7168494516450648),
[92mINFO [0m:      	              (86, 0.7238285144566301),
[92mINFO [0m:      	              (87, 0.7288135593220338),
[92mINFO [0m:      	              (88, 0.7288135593220338),
[92mINFO [0m:      	              (89, 0.6939182452642074),
[92mINFO [0m:      	              (90, 0.7347956131605184),
[92mINFO [0m:      	              (91, 0.7288135593220338),
[92mINFO [0m:      	              (92, 0.711864406779661),
[92mINFO [0m:      	              (93, 0.7248255234297108),
[92mINFO [0m:      	              (94, 0.6999002991026919),
[92mINFO [0m:      	              (95, 0.7357926221335992),
[92mINFO [0m:      	              (96, 0.7168494516450648),
[92mINFO [0m:      	              (97, 0.7318045862412762),
[92mINFO [0m:      	              (98, 0.7318045862412762),
[92mINFO [0m:      	              (99, 0.7367896311066799),
[92mINFO [0m:      	              (100, 0.7298105682951147),
[92mINFO [0m:      	              (101, 0.7218344965104686),
[92mINFO [0m:      	              (102, 0.7288135593220338),
[92mINFO [0m:      	              (103, 0.6161515453639083),
[92mINFO [0m:      	              (104, 0.7218344965104686),
[92mINFO [0m:      	              (105, 0.7268195413758723),
[92mINFO [0m:      	              (106, 0.7178464606181456),
[92mINFO [0m:      	              (107, 0.7138584247258225),
[92mINFO [0m:      	              (108, 0.7238285144566301),
[92mINFO [0m:      	              (109, 0.7208374875373879),
[92mINFO [0m:      	              (110, 0.7288135593220338),
[92mINFO [0m:      	              (111, 0.7238285144566301),
[92mINFO [0m:      	              (112, 0.707876370887338),
[92mINFO [0m:      	              (113, 0.646061814556331),
[92mINFO [0m:      	              (114, 0.7168494516450648),
[92mINFO [0m:      	              (115, 0.7168494516450648),
[92mINFO [0m:      	              (116, 0.5812562313060817),
[92mINFO [0m:      	              (117, 0.7148554336989033),
[92mINFO [0m:      	              (118, 0.7347956131605184),
[92mINFO [0m:      	              (119, 0.7337986041874377),
[92mINFO [0m:      	              (120, 0.5932203389830508),
[92mINFO [0m:      	              (121, 0.7068793619142573),
[92mINFO [0m:      	              (122, 0.7347956131605184),
[92mINFO [0m:      	              (123, 0.7138584247258225),
[92mINFO [0m:      	              (124, 0.5862412761714856),
[92mINFO [0m:      	              (125, 0.6979062811565304),
[92mINFO [0m:      	              (126, 0.7308075772681955),
[92mINFO [0m:      	              (127, 0.5423728813559322),
[92mINFO [0m:      	              (128, 0.7248255234297108),
[92mINFO [0m:      	              (129, 0.4865403788634098),
[92mINFO [0m:      	              (130, 0.7268195413758723),
[92mINFO [0m:      	              (131, 0.7248255234297108),
[92mINFO [0m:      	              (132, 0.6580259222333001),
[92mINFO [0m:      	              (133, 0.646061814556331),
[92mINFO [0m:      	              (134, 0.6081754735792622),
[92mINFO [0m:      	              (135, 0.7357926221335992),
[92mINFO [0m:      	              (136, 0.6979062811565304),
[92mINFO [0m:      	              (137, 0.05982053838484546),
[92mINFO [0m:      	              (138, 0.7347956131605184),
[92mINFO [0m:      	              (139, 0.7308075772681955),
[92mINFO [0m:      	              (140, 0.7238285144566301),
[92mINFO [0m:      	              (141, 0.7437686939182453),
[92mINFO [0m:      	              (142, 0.7198404785643071),
[92mINFO [0m:      	              (143, 0.053838484546360914),
[92mINFO [0m:      	              (144, 0.7068793619142573),
[92mINFO [0m:      	              (145, 0.7268195413758723),
[92mINFO [0m:      	              (146, 0.7288135593220338),
[92mINFO [0m:      	              (147, 0.711864406779661),
[92mINFO [0m:      	              (148, 0.7198404785643071),
[92mINFO [0m:      	              (149, 0.7208374875373879),
[92mINFO [0m:      	              (150, 0.7168494516450648)],
[92mINFO [0m:      	 'balanced_accuracy': [(0, 0.14285714285714285),
[92mINFO [0m:      	                       (1, 0.1915903768362785),
[92mINFO [0m:      	                       (2, 0.19434640090377794),
[92mINFO [0m:      	                       (3, 0.26711778842926387),
[92mINFO [0m:      	                       (4, 0.266946316126644),
[92mINFO [0m:      	                       (5, 0.2810609417166794),
[92mINFO [0m:      	                       (6, 0.1977499534876584),
[92mINFO [0m:      	                       (7, 0.27305218780628615),
[92mINFO [0m:      	                       (8, 0.21580479777201086),
[92mINFO [0m:      	                       (9, 0.29803228819622263),
[92mINFO [0m:      	                       (10, 0.14285714285714285),
[92mINFO [0m:      	                       (11, 0.21269010121469137),
[92mINFO [0m:      	                       (12, 0.2761649663289008),
[92mINFO [0m:      	                       (13, 0.2645692957168367),
[92mINFO [0m:      	                       (14, 0.264381903726166),
[92mINFO [0m:      	                       (15, 0.27275738587213993),
[92mINFO [0m:      	                       (16, 0.2884751048685475),
[92mINFO [0m:      	                       (17, 0.28203050826001647),
[92mINFO [0m:      	                       (18, 0.192272046370407),
[92mINFO [0m:      	                       (19, 0.2841244267473776),
[92mINFO [0m:      	                       (20, 0.2735570145406211),
[92mINFO [0m:      	                       (21, 0.27564230187181005),
[92mINFO [0m:      	                       (22, 0.25987682381125005),
[92mINFO [0m:      	                       (23, 0.28682079993555404),
[92mINFO [0m:      	                       (24, 0.27307999930950755),
[92mINFO [0m:      	                       (25, 0.29324621619703584),
[92mINFO [0m:      	                       (26, 0.2782726946661373),
[92mINFO [0m:      	                       (27, 0.26716036879971305),
[92mINFO [0m:      	                       (28, 0.28394240525388065),
[92mINFO [0m:      	                       (29, 0.262477487067651),
[92mINFO [0m:      	                       (30, 0.22996051567480139),
[92mINFO [0m:      	                       (31, 0.28423720718802686),
[92mINFO [0m:      	                       (32, 0.24771379853347067),
[92mINFO [0m:      	                       (33, 0.2706861001942969),
[92mINFO [0m:      	                       (34, 0.2831962897536668),
[92mINFO [0m:      	                       (35, 0.27467676320135337),
[92mINFO [0m:      	                       (36, 0.26623530066153017),
[92mINFO [0m:      	                       (37, 0.14285714285714285),
[92mINFO [0m:      	                       (38, 0.29203919695722974),
[92mINFO [0m:      	                       (39, 0.2717908881843308),
[92mINFO [0m:      	                       (40, 0.29473767998358164),
[92mINFO [0m:      	                       (41, 0.2820188082483165),
[92mINFO [0m:      	                       (42, 0.2751835079703932),
[92mINFO [0m:      	                       (43, 0.2676020921922561),
[92mINFO [0m:      	                       (44, 0.2727266973168613),
[92mINFO [0m:      	                       (45, 0.16326530612244897),
[92mINFO [0m:      	                       (46, 0.15306122448979592),
[92mINFO [0m:      	                       (47, 0.25510204081632654),
[92mINFO [0m:      	                       (48, 0.19387755102040818),
[92mINFO [0m:      	                       (49, 0.21656299689086575),
[92mINFO [0m:      	                       (50, 0.29892225629930547),
[92mINFO [0m:      	                       (51, 0.2881620816047045),
[92mINFO [0m:      	                       (52, 0.29085960561370394),
[92mINFO [0m:      	                       (53, 0.28352715074026547),
[92mINFO [0m:      	                       (54, 0.2846492010426437),
[92mINFO [0m:      	                       (55, 0.29111672554295503),
[92mINFO [0m:      	                       (56, 0.2898067963641734),
[92mINFO [0m:      	                       (57, 0.2736580949695704),
[92mINFO [0m:      	                       (58, 0.2852602868996312),
[92mINFO [0m:      	                       (59, 0.2937282699577782),
[92mINFO [0m:      	                       (60, 0.28784387964715835),
[92mINFO [0m:      	                       (61, 0.29893057024204567),
[92mINFO [0m:      	                       (62, 0.2821219985154412),
[92mINFO [0m:      	                       (63, 0.29306208486536356),
[92mINFO [0m:      	                       (64, 0.28633227649621096),
[92mINFO [0m:      	                       (65, 0.2899266735332309),
[92mINFO [0m:      	                       (66, 0.28661748825683253),
[92mINFO [0m:      	                       (67, 0.24647971076542508),
[92mINFO [0m:      	                       (68, 0.2711959138188646),
[92mINFO [0m:      	                       (69, 0.14285714285714285),
[92mINFO [0m:      	                       (70, 0.2686783014651867),
[92mINFO [0m:      	                       (71, 0.27303319926270747),
[92mINFO [0m:      	                       (72, 0.2691934855869282),
[92mINFO [0m:      	                       (73, 0.28401260532408074),
[92mINFO [0m:      	                       (74, 0.26640869099885495),
[92mINFO [0m:      	                       (75, 0.28137344120950675),
[92mINFO [0m:      	                       (76, 0.2951206156124189),
[92mINFO [0m:      	                       (77, 0.29745244417375566),
[92mINFO [0m:      	                       (78, 0.2836102016429885),
[92mINFO [0m:      	                       (79, 0.28188358680161957),
[92mINFO [0m:      	                       (80, 0.28031104178645166),
[92mINFO [0m:      	                       (81, 0.2899662366875481),
[92mINFO [0m:      	                       (82, 0.2843431859825302),
[92mINFO [0m:      	                       (83, 0.29661417448302696),
[92mINFO [0m:      	                       (84, 0.2788039902794001),
[92mINFO [0m:      	                       (85, 0.27728582892517323),
[92mINFO [0m:      	                       (86, 0.29285877318664205),
[92mINFO [0m:      	                       (87, 0.2932236350269137),
[92mINFO [0m:      	                       (88, 0.30214624394952266),
[92mINFO [0m:      	                       (89, 0.3043361305656388),
[92mINFO [0m:      	                       (90, 0.28115550082763197),
[92mINFO [0m:      	                       (91, 0.284186187464876),
[92mINFO [0m:      	                       (92, 0.2966175089125909),
[92mINFO [0m:      	                       (93, 0.29514979187110335),
[92mINFO [0m:      	                       (94, 0.3170677498546351),
[92mINFO [0m:      	                       (95, 0.28929665077206057),
[92mINFO [0m:      	                       (96, 0.3002397690922281),
[92mINFO [0m:      	                       (97, 0.2798405478733348),
[92mINFO [0m:      	                       (98, 0.29258454586323435),
[92mINFO [0m:      	                       (99, 0.28823175790388905),
[92mINFO [0m:      	                       (100, 0.29536934045130764),
[92mINFO [0m:      	                       (101, 0.3029459579810868),
[92mINFO [0m:      	                       (102, 0.28740848576914146),
[92mINFO [0m:      	                       (103, 0.31287781463425496),
[92mINFO [0m:      	                       (104, 0.2804306755126427),
[92mINFO [0m:      	                       (105, 0.2848110831717389),
[92mINFO [0m:      	                       (106, 0.2976068680986713),
[92mINFO [0m:      	                       (107, 0.2851204621696425),
[92mINFO [0m:      	                       (108, 0.2799110799110799),
[92mINFO [0m:      	                       (109, 0.28035817380079675),
[92mINFO [0m:      	                       (110, 0.2820613886187657),
[92mINFO [0m:      	                       (111, 0.26371768830785225),
[92mINFO [0m:      	                       (112, 0.29482529728431367),
[92mINFO [0m:      	                       (113, 0.2982908287357936),
[92mINFO [0m:      	                       (114, 0.26973437137371564),
[92mINFO [0m:      	                       (115, 0.28790736659589117),
[92mINFO [0m:      	                       (116, 0.2901262492597387),
[92mINFO [0m:      	                       (117, 0.30294266359840133),
[92mINFO [0m:      	                       (118, 0.27914770209852174),
[92mINFO [0m:      	                       (119, 0.2841648972796514),
[92mINFO [0m:      	                       (120, 0.28982068736167094),
[92mINFO [0m:      	                       (121, 0.29577085150855636),
[92mINFO [0m:      	                       (122, 0.2955751455751456),
[92mINFO [0m:      	                       (123, 0.2954357044520979),
[92mINFO [0m:      	                       (124, 0.30381612606436964),
[92mINFO [0m:      	                       (125, 0.30679318466203714),
[92mINFO [0m:      	                       (126, 0.28563929055732334),
[92mINFO [0m:      	                       (127, 0.28804015361392415),
[92mINFO [0m:      	                       (128, 0.2908766761225778),
[92mINFO [0m:      	                       (129, 0.28252635395492537),
[92mINFO [0m:      	                       (130, 0.2740700888241872),
[92mINFO [0m:      	                       (131, 0.29517307386159847),
[92mINFO [0m:      	                       (132, 0.3055542596526203),
[92mINFO [0m:      	                       (133, 0.29478138904368417),
[92mINFO [0m:      	                       (134, 0.2956587792653366),
[92mINFO [0m:      	                       (135, 0.2856531004071988),
[92mINFO [0m:      	                       (136, 0.29614783385275184),
[92mINFO [0m:      	                       (137, 0.2261904761904762),
[92mINFO [0m:      	                       (138, 0.2736953048428458),
[92mINFO [0m:      	                       (139, 0.2857796906977235),
[92mINFO [0m:      	                       (140, 0.26153438940324186),
[92mINFO [0m:      	                       (141, 0.2863290158372126),
[92mINFO [0m:      	                       (142, 0.2866132685804817),
[92mINFO [0m:      	                       (143, 0.1489808006201449),
[92mINFO [0m:      	                       (144, 0.21552207945650567),
[92mINFO [0m:      	                       (145, 0.2654538933227458),
[92mINFO [0m:      	                       (146, 0.2799014897375553),
[92mINFO [0m:      	                       (147, 0.28491005376251277),
[92mINFO [0m:      	                       (148, 0.27579037415102986),
[92mINFO [0m:      	                       (149, 0.2781982749195864),
[92mINFO [0m:      	                       (150, 0.28591606296524336)],
[92mINFO [0m:      	 'f1_actinic_keratoses_an': [(0, 0.0),
[92mINFO [0m:      	                             (1, 0.0),
[92mINFO [0m:      	                             (2, 0.0),
[92mINFO [0m:      	                             (3, 0.0),
[92mINFO [0m:      	                             (4, 0.0),
[92mINFO [0m:      	                             (5, 0.0),
[92mINFO [0m:      	                             (6, 0.0),
[92mINFO [0m:      	                             (7, 0.0),
[92mINFO [0m:      	                             (8, 0.0),
[92mINFO [0m:      	                             (9, 0.0),
[92mINFO [0m:      	                             (10, 0.0),
[92mINFO [0m:      	                             (11, 0.0),
[92mINFO [0m:      	                             (12, 0.0),
[92mINFO [0m:      	                             (13, 0.0),
[92mINFO [0m:      	                             (14, 0.0),
[92mINFO [0m:      	                             (15, 0.0),
[92mINFO [0m:      	                             (16, 0.0),
[92mINFO [0m:      	                             (17, 0.0),
[92mINFO [0m:      	                             (18, 0.0),
[92mINFO [0m:      	                             (19, 0.0),
[92mINFO [0m:      	                             (20, 0.0),
[92mINFO [0m:      	                             (21, 0.0),
[92mINFO [0m:      	                             (22, 0.0),
[92mINFO [0m:      	                             (23, 0.0),
[92mINFO [0m:      	                             (24, 0.0),
[92mINFO [0m:      	                             (25, 0.0),
[92mINFO [0m:      	                             (26, 0.0),
[92mINFO [0m:      	                             (27, 0.0),
[92mINFO [0m:      	                             (28, 0.0),
[92mINFO [0m:      	                             (29, 0.0),
[92mINFO [0m:      	                             (30, 0.10420168067226891),
[92mINFO [0m:      	                             (31, 0.0),
[92mINFO [0m:      	                             (32, 0.0),
[92mINFO [0m:      	                             (33, 0.0),
[92mINFO [0m:      	                             (34, 0.0),
[92mINFO [0m:      	                             (35, 0.0),
[92mINFO [0m:      	                             (36, 0.0),
[92mINFO [0m:      	                             (37, 0.0),
[92mINFO [0m:      	                             (38, 0.0),
[92mINFO [0m:      	                             (39, 0.0),
[92mINFO [0m:      	                             (40, 0.0),
[92mINFO [0m:      	                             (41, 0.0),
[92mINFO [0m:      	                             (42, 0.0),
[92mINFO [0m:      	                             (43, 0.0),
[92mINFO [0m:      	                             (44, 0.0),
[92mINFO [0m:      	                             (45, 0.0),
[92mINFO [0m:      	                             (46, 0.0),
[92mINFO [0m:      	                             (47, 0.07885304659498207),
[92mINFO [0m:      	                             (48, 0.0),
[92mINFO [0m:      	                             (49, 0.0),
[92mINFO [0m:      	                             (50, 0.0),
[92mINFO [0m:      	                             (51, 0.0),
[92mINFO [0m:      	                             (52, 0.0),
[92mINFO [0m:      	                             (53, 0.0),
[92mINFO [0m:      	                             (54, 0.0),
[92mINFO [0m:      	                             (55, 0.0),
[92mINFO [0m:      	                             (56, 0.0),
[92mINFO [0m:      	                             (57, 0.0),
[92mINFO [0m:      	                             (58, 0.0),
[92mINFO [0m:      	                             (59, 0.0),
[92mINFO [0m:      	                             (60, 0.0),
[92mINFO [0m:      	                             (61, 0.0),
[92mINFO [0m:      	                             (62, 0.0),
[92mINFO [0m:      	                             (63, 0.0),
[92mINFO [0m:      	                             (64, 0.0),
[92mINFO [0m:      	                             (65, 0.058823529411764705),
[92mINFO [0m:      	                             (66, 0.0),
[92mINFO [0m:      	                             (67, 0.05714285714285714),
[92mINFO [0m:      	                             (68, 0.0),
[92mINFO [0m:      	                             (69, 0.0),
[92mINFO [0m:      	                             (70, 0.0),
[92mINFO [0m:      	                             (71, 0.0),
[92mINFO [0m:      	                             (72, 0.0),
[92mINFO [0m:      	                             (73, 0.0),
[92mINFO [0m:      	                             (74, 0.0),
[92mINFO [0m:      	                             (75, 0.0),
[92mINFO [0m:      	                             (76, 0.0),
[92mINFO [0m:      	                             (77, 0.0),
[92mINFO [0m:      	                             (78, 0.0),
[92mINFO [0m:      	                             (79, 0.0),
[92mINFO [0m:      	                             (80, 0.0),
[92mINFO [0m:      	                             (81, 0.0),
[92mINFO [0m:      	                             (82, 0.0),
[92mINFO [0m:      	                             (83, 0.0),
[92mINFO [0m:      	                             (84, 0.0),
[92mINFO [0m:      	                             (85, 0.05405405405405406),
[92mINFO [0m:      	                             (86, 0.0),
[92mINFO [0m:      	                             (87, 0.0),
[92mINFO [0m:      	                             (88, 0.1),
[92mINFO [0m:      	                             (89, 0.046511627906976744),
[92mINFO [0m:      	                             (90, 0.0),
[92mINFO [0m:      	                             (91, 0.0),
[92mINFO [0m:      	                             (92, 0.05714285714285714),
[92mINFO [0m:      	                             (93, 0.05),
[92mINFO [0m:      	                             (94, 0.14084507042253522),
[92mINFO [0m:      	                             (95, 0.0),
[92mINFO [0m:      	                             (96, 0.05555555555555555),
[92mINFO [0m:      	                             (97, 0.0),
[92mINFO [0m:      	                             (98, 0.05714285714285714),
[92mINFO [0m:      	                             (99, 0.058823529411764705),
[92mINFO [0m:      	                             (100, 0.058823529411764705),
[92mINFO [0m:      	                             (101, 0.05),
[92mINFO [0m:      	                             (102, 0.0),
[92mINFO [0m:      	                             (103, 0.03125),
[92mINFO [0m:      	                             (104, 0.0),
[92mINFO [0m:      	                             (105, 0.0),
[92mINFO [0m:      	                             (106, 0.08888888888888889),
[92mINFO [0m:      	                             (107, 0.058823529411764705),
[92mINFO [0m:      	                             (108, 0.0),
[92mINFO [0m:      	                             (109, 0.0),
[92mINFO [0m:      	                             (110, 0.0),
[92mINFO [0m:      	                             (111, 0.0),
[92mINFO [0m:      	                             (112, 0.0),
[92mINFO [0m:      	                             (113, 0.0),
[92mINFO [0m:      	                             (114, 0.0),
[92mINFO [0m:      	                             (115, 0.05555555555555555),
[92mINFO [0m:      	                             (116, 0.0759493670886076),
[92mINFO [0m:      	                             (117, 0.05555555555555555),
[92mINFO [0m:      	                             (118, 0.0),
[92mINFO [0m:      	                             (119, 0.0),
[92mINFO [0m:      	                             (120, 0.0),
[92mINFO [0m:      	                             (121, 0.0),
[92mINFO [0m:      	                             (122, 0.0),
[92mINFO [0m:      	                             (123, 0.0),
[92mINFO [0m:      	                             (124, 0.05063291139240506),
[92mINFO [0m:      	                             (125, 0.0),
[92mINFO [0m:      	                             (126, 0.0),
[92mINFO [0m:      	                             (127, 0.0),
[92mINFO [0m:      	                             (128, 0.0),
[92mINFO [0m:      	                             (129, 0.02631578947368421),
[92mINFO [0m:      	                             (130, 0.0),
[92mINFO [0m:      	                             (131, 0.0),
[92mINFO [0m:      	                             (132, 0.07792207792207792),
[92mINFO [0m:      	                             (133, 0.03571428571428571),
[92mINFO [0m:      	                             (134, 0.0),
[92mINFO [0m:      	                             (135, 0.0),
[92mINFO [0m:      	                             (136, 0.0425531914893617),
[92mINFO [0m:      	                             (137, 0.0),
[92mINFO [0m:      	                             (138, 0.0),
[92mINFO [0m:      	                             (139, 0.0),
[92mINFO [0m:      	                             (140, 0.0),
[92mINFO [0m:      	                             (141, 0.0),
[92mINFO [0m:      	                             (142, 0.0),
[92mINFO [0m:      	                             (143, 0.009523809523809525),
[92mINFO [0m:      	                             (144, 0.0),
[92mINFO [0m:      	                             (145, 0.0),
[92mINFO [0m:      	                             (146, 0.0),
[92mINFO [0m:      	                             (147, 0.0),
[92mINFO [0m:      	                             (148, 0.0),
[92mINFO [0m:      	                             (149, 0.0),
[92mINFO [0m:      	                             (150, 0.0)],
[92mINFO [0m:      	 'f1_basal_cell_carcinoma': [(0, 0.0),
[92mINFO [0m:      	                             (1, 0.0),
[92mINFO [0m:      	                             (2, 0.0),
[92mINFO [0m:      	                             (3, 0.0),
[92mINFO [0m:      	                             (4, 0.0),
[92mINFO [0m:      	                             (5, 0.0),
[92mINFO [0m:      	                             (6, 0.0),
[92mINFO [0m:      	                             (7, 0.0),
[92mINFO [0m:      	                             (8, 0.0),
[92mINFO [0m:      	                             (9, 0.0),
[92mINFO [0m:      	                             (10, 0.0985781990521327),
[92mINFO [0m:      	                             (11, 0.0),
[92mINFO [0m:      	                             (12, 0.0),
[92mINFO [0m:      	                             (13, 0.0),
[92mINFO [0m:      	                             (14, 0.0),
[92mINFO [0m:      	                             (15, 0.0),
[92mINFO [0m:      	                             (16, 0.0),
[92mINFO [0m:      	                             (17, 0.0),
[92mINFO [0m:      	                             (18, 0.0),
[92mINFO [0m:      	                             (19, 0.0),
[92mINFO [0m:      	                             (20, 0.0),
[92mINFO [0m:      	                             (21, 0.0),
[92mINFO [0m:      	                             (22, 0.0),
[92mINFO [0m:      	                             (23, 0.0),
[92mINFO [0m:      	                             (24, 0.0),
[92mINFO [0m:      	                             (25, 0.0),
[92mINFO [0m:      	                             (26, 0.0),
[92mINFO [0m:      	                             (27, 0.0),
[92mINFO [0m:      	                             (28, 0.0),
[92mINFO [0m:      	                             (29, 0.0),
[92mINFO [0m:      	                             (30, 0.13245033112582782),
[92mINFO [0m:      	                             (31, 0.0),
[92mINFO [0m:      	                             (32, 0.0),
[92mINFO [0m:      	                             (33, 0.0),
[92mINFO [0m:      	                             (34, 0.0),
[92mINFO [0m:      	                             (35, 0.0),
[92mINFO [0m:      	                             (36, 0.0),
[92mINFO [0m:      	                             (37, 0.09876543209876543),
[92mINFO [0m:      	                             (38, 0.0),
[92mINFO [0m:      	                             (39, 0.0),
[92mINFO [0m:      	                             (40, 0.0),
[92mINFO [0m:      	                             (41, 0.0),
[92mINFO [0m:      	                             (42, 0.0),
[92mINFO [0m:      	                             (43, 0.0),
[92mINFO [0m:      	                             (44, 0.0),
[92mINFO [0m:      	                             (45, 0.10097087378640776),
[92mINFO [0m:      	                             (46, 0.1015625),
[92mINFO [0m:      	                             (47, 0.0),
[92mINFO [0m:      	                             (48, 0.10009624639076034),
[92mINFO [0m:      	                             (49, 0.0),
[92mINFO [0m:      	                             (50, 0.0),
[92mINFO [0m:      	                             (51, 0.0),
[92mINFO [0m:      	                             (52, 0.0),
[92mINFO [0m:      	                             (53, 0.0),
[92mINFO [0m:      	                             (54, 0.0),
[92mINFO [0m:      	                             (55, 0.0625),
[92mINFO [0m:      	                             (56, 0.0),
[92mINFO [0m:      	                             (57, 0.0),
[92mINFO [0m:      	                             (58, 0.0),
[92mINFO [0m:      	                             (59, 0.037037037037037035),
[92mINFO [0m:      	                             (60, 0.0),
[92mINFO [0m:      	                             (61, 0.125),
[92mINFO [0m:      	                             (62, 0.0),
[92mINFO [0m:      	                             (63, 0.0),
[92mINFO [0m:      	                             (64, 0.0),
[92mINFO [0m:      	                             (65, 0.0),
[92mINFO [0m:      	                             (66, 0.0),
[92mINFO [0m:      	                             (67, 0.13783783783783785),
[92mINFO [0m:      	                             (68, 0.0),
[92mINFO [0m:      	                             (69, 0.0985781990521327),
[92mINFO [0m:      	                             (70, 0.0),
[92mINFO [0m:      	                             (71, 0.0),
[92mINFO [0m:      	                             (72, 0.0),
[92mINFO [0m:      	                             (73, 0.0),
[92mINFO [0m:      	                             (74, 0.0),
[92mINFO [0m:      	                             (75, 0.03773584905660377),
[92mINFO [0m:      	                             (76, 0.21487603305785125),
[92mINFO [0m:      	                             (77, 0.18181818181818182),
[92mINFO [0m:      	                             (78, 0.0),
[92mINFO [0m:      	                             (79, 0.0),
[92mINFO [0m:      	                             (80, 0.03571428571428571),
[92mINFO [0m:      	                             (81, 0.037037037037037035),
[92mINFO [0m:      	                             (82, 0.07272727272727272),
[92mINFO [0m:      	                             (83, 0.14173228346456693),
[92mINFO [0m:      	                             (84, 0.0),
[92mINFO [0m:      	                             (85, 0.09090909090909091),
[92mINFO [0m:      	                             (86, 0.0),
[92mINFO [0m:      	                             (87, 0.03636363636363636),
[92mINFO [0m:      	                             (88, 0.09230769230769231),
[92mINFO [0m:      	                             (89, 0.13333333333333333),
[92mINFO [0m:      	                             (90, 0.0),
[92mINFO [0m:      	                             (91, 0.0),
[92mINFO [0m:      	                             (92, 0.0967741935483871),
[92mINFO [0m:      	                             (93, 0.1518987341772152),
[92mINFO [0m:      	                             (94, 0.1348314606741573),
[92mINFO [0m:      	                             (95, 0.03773584905660377),
[92mINFO [0m:      	                             (96, 0.1095890410958904),
[92mINFO [0m:      	                             (97, 0.03333333333333333),
[92mINFO [0m:      	                             (98, 0.03571428571428571),
[92mINFO [0m:      	                             (99, 0.03636363636363636),
[92mINFO [0m:      	                             (100, 0.03636363636363636),
[92mINFO [0m:      	                             (101, 0.06666666666666667),
[92mINFO [0m:      	                             (102, 0.0),
[92mINFO [0m:      	                             (103, 0.11702127659574468),
[92mINFO [0m:      	                             (104, 0.0),
[92mINFO [0m:      	                             (105, 0.0),
[92mINFO [0m:      	                             (106, 0.0),
[92mINFO [0m:      	                             (107, 0.0),
[92mINFO [0m:      	                             (108, 0.0),
[92mINFO [0m:      	                             (109, 0.0),
[92mINFO [0m:      	                             (110, 0.0),
[92mINFO [0m:      	                             (111, 0.0),
[92mINFO [0m:      	                             (112, 0.0821917808219178),
[92mINFO [0m:      	                             (113, 0.14035087719298245),
[92mINFO [0m:      	                             (114, 0.0),
[92mINFO [0m:      	                             (115, 0.0),
[92mINFO [0m:      	                             (116, 0.037267080745341616),
[92mINFO [0m:      	                             (117, 0.09411764705882353),
[92mINFO [0m:      	                             (118, 0.0),
[92mINFO [0m:      	                             (119, 0.0),
[92mINFO [0m:      	                             (120, 0.09326424870466321),
[92mINFO [0m:      	                             (121, 0.12371134020618557),
[92mINFO [0m:      	                             (122, 0.037037037037037035),
[92mINFO [0m:      	                             (123, 0.03333333333333333),
[92mINFO [0m:      	                             (124, 0.14035087719298245),
[92mINFO [0m:      	                             (125, 0.16216216216216217),
[92mINFO [0m:      	                             (126, 0.0),
[92mINFO [0m:      	                             (127, 0.11940298507462686),
[92mINFO [0m:      	                             (128, 0.0),
[92mINFO [0m:      	                             (129, 0.1218274111675127),
[92mINFO [0m:      	                             (130, 0.0),
[92mINFO [0m:      	                             (131, 0.0),
[92mINFO [0m:      	                             (132, 0.08421052631578947),
[92mINFO [0m:      	                             (133, 0.09271523178807947),
[92mINFO [0m:      	                             (134, 0.1461187214611872),
[92mINFO [0m:      	                             (135, 0.0),
[92mINFO [0m:      	                             (136, 0.1111111111111111),
[92mINFO [0m:      	                             (137, 0.10743801652892562),
[92mINFO [0m:      	                             (138, 0.0),
[92mINFO [0m:      	                             (139, 0.0),
[92mINFO [0m:      	                             (140, 0.0),
[92mINFO [0m:      	                             (141, 0.0),
[92mINFO [0m:      	                             (142, 0.0),
[92mINFO [0m:      	                             (143, 0.15315315315315314),
[92mINFO [0m:      	                             (144, 0.0),
[92mINFO [0m:      	                             (145, 0.0),
[92mINFO [0m:      	                             (146, 0.0),
[92mINFO [0m:      	                             (147, 0.0),
[92mINFO [0m:      	                             (148, 0.0),
[92mINFO [0m:      	                             (149, 0.0),
[92mINFO [0m:      	                             (150, 0.0)],
[92mINFO [0m:      	 'f1_benign_keratosis-lik': [(0, 0.0),
[92mINFO [0m:      	                             (1, 0.4126984126984127),
[92mINFO [0m:      	                             (2, 0.3764705882352941),
[92mINFO [0m:      	                             (3, 0.46956521739130436),
[92mINFO [0m:      	                             (4, 0.49382716049382713),
[92mINFO [0m:      	                             (5, 0.4298245614035088),
[92mINFO [0m:      	                             (6, 0.1780821917808219),
[92mINFO [0m:      	                             (7, 0.4413145539906103),
[92mINFO [0m:      	                             (8, 0.48672566371681414),
[92mINFO [0m:      	                             (9, 0.5106382978723404),
[92mINFO [0m:      	                             (10, 0.0),
[92mINFO [0m:      	                             (11, 0.4946236559139785),
[92mINFO [0m:      	                             (12, 0.4882943143812709),
[92mINFO [0m:      	                             (13, 0.4851063829787234),
[92mINFO [0m:      	                             (14, 0.49382716049382713),
[92mINFO [0m:      	                             (15, 0.5150501672240803),
[92mINFO [0m:      	                             (16, 0.540084388185654),
[92mINFO [0m:      	                             (17, 0.5245901639344263),
[92mINFO [0m:      	                             (18, 0.38372093023255816),
[92mINFO [0m:      	                             (19, 0.5520361990950227),
[92mINFO [0m:      	                             (20, 0.5185185185185185),
[92mINFO [0m:      	                             (21, 0.5190839694656488),
[92mINFO [0m:      	                             (22, 0.5535714285714286),
[92mINFO [0m:      	                             (23, 0.5307692307692308),
[92mINFO [0m:      	                             (24, 0.5307692307692308),
[92mINFO [0m:      	                             (25, 0.552),
[92mINFO [0m:      	                             (26, 0.5179856115107914),
[92mINFO [0m:      	                             (27, 0.4933920704845815),
[92mINFO [0m:      	                             (28, 0.5102880658436214),
[92mINFO [0m:      	                             (29, 0.5083333333333333),
[92mINFO [0m:      	                             (30, 0.0),
[92mINFO [0m:      	                             (31, 0.5287356321839081),
[92mINFO [0m:      	                             (32, 0.45933014354066987),
[92mINFO [0m:      	                             (33, 0.46153846153846156),
[92mINFO [0m:      	                             (34, 0.5),
[92mINFO [0m:      	                             (35, 0.5),
[92mINFO [0m:      	                             (36, 0.49765258215962443),
[92mINFO [0m:      	                             (37, 0.0),
[92mINFO [0m:      	                             (38, 0.5),
[92mINFO [0m:      	                             (39, 0.4927536231884058),
[92mINFO [0m:      	                             (40, 0.5098039215686274),
[92mINFO [0m:      	                             (41, 0.5185185185185185),
[92mINFO [0m:      	                             (42, 0.5301204819277109),
[92mINFO [0m:      	                             (43, 0.4978902953586498),
[92mINFO [0m:      	                             (44, 0.4956521739130435),
[92mINFO [0m:      	                             (45, 0.0),
[92mINFO [0m:      	                             (46, 0.0),
[92mINFO [0m:      	                             (47, 0.0),
[92mINFO [0m:      	                             (48, 0.0),
[92mINFO [0m:      	                             (49, 0.358974358974359),
[92mINFO [0m:      	                             (50, 0.5070422535211268),
[92mINFO [0m:      	                             (51, 0.5294117647058824),
[92mINFO [0m:      	                             (52, 0.5409836065573771),
[92mINFO [0m:      	                             (53, 0.45430809399477806),
[92mINFO [0m:      	                             (54, 0.5296442687747036),
[92mINFO [0m:      	                             (55, 0.498220640569395),
[92mINFO [0m:      	                             (56, 0.5254901960784314),
[92mINFO [0m:      	                             (57, 0.5101214574898786),
[92mINFO [0m:      	                             (58, 0.504),
[92mINFO [0m:      	                             (59, 0.5073529411764706),
[92mINFO [0m:      	                             (60, 0.5185185185185185),
[92mINFO [0m:      	                             (61, 0.4928571428571429),
[92mINFO [0m:      	                             (62, 0.5358490566037736),
[92mINFO [0m:      	                             (63, 0.5036496350364964),
[92mINFO [0m:      	                             (64, 0.49206349206349204),
[92mINFO [0m:      	                             (65, 0.508833922261484),
[92mINFO [0m:      	                             (66, 0.5111111111111111),
[92mINFO [0m:      	                             (67, 0.0),
[92mINFO [0m:      	                             (68, 0.5067873303167421),
[92mINFO [0m:      	                             (69, 0.0),
[92mINFO [0m:      	                             (70, 0.5150214592274678),
[92mINFO [0m:      	                             (71, 0.5138339920948617),
[92mINFO [0m:      	                             (72, 0.4981132075471698),
[92mINFO [0m:      	                             (73, 0.5074626865671642),
[92mINFO [0m:      	                             (74, 0.5134099616858238),
[92mINFO [0m:      	                             (75, 0.5058365758754864),
[92mINFO [0m:      	                             (76, 0.5),
[92mINFO [0m:      	                             (77, 0.5096525096525096),
[92mINFO [0m:      	                             (78, 0.509090909090909),
[92mINFO [0m:      	                             (79, 0.4981684981684982),
[92mINFO [0m:      	                             (80, 0.4943820224719101),
[92mINFO [0m:      	                             (81, 0.49242424242424243),
[92mINFO [0m:      	                             (82, 0.47794117647058826),
[92mINFO [0m:      	                             (83, 0.49640287769784175),
[92mINFO [0m:      	                             (84, 0.49206349206349204),
[92mINFO [0m:      	                             (85, 0.475177304964539),
[92mINFO [0m:      	                             (86, 0.5073529411764706),
[92mINFO [0m:      	                             (87, 0.5112781954887218),
[92mINFO [0m:      	                             (88, 0.49193548387096775),
[92mINFO [0m:      	                             (89, 0.48627450980392156),
[92mINFO [0m:      	                             (90, 0.4979919678714859),
[92mINFO [0m:      	                             (91, 0.4883720930232558),
[92mINFO [0m:      	                             (92, 0.4835164835164835),
[92mINFO [0m:      	                             (93, 0.48854961832061067),
[92mINFO [0m:      	                             (94, 0.5),
[92mINFO [0m:      	                             (95, 0.4980544747081712),
[92mINFO [0m:      	                             (96, 0.49097472924187724),
[92mINFO [0m:      	                             (97, 0.49411764705882355),
[92mINFO [0m:      	                             (98, 0.4981132075471698),
[92mINFO [0m:      	                             (99, 0.484375),
[92mINFO [0m:      	                             (100, 0.5038759689922481),
[92mINFO [0m:      	                             (101, 0.4921875),
[92mINFO [0m:      	                             (102, 0.4864864864864865),
[92mINFO [0m:      	                             (103, 0.5),
[92mINFO [0m:      	                             (104, 0.4732142857142857),
[92mINFO [0m:      	                             (105, 0.48221343873517786),
[92mINFO [0m:      	                             (106, 0.4794007490636704),
[92mINFO [0m:      	                             (107, 0.44755244755244755),
[92mINFO [0m:      	                             (108, 0.4794007490636704),
[92mINFO [0m:      	                             (109, 0.4744525547445255),
[92mINFO [0m:      	                             (110, 0.49429657794676807),
[92mINFO [0m:      	                             (111, 0.4672131147540984),
[92mINFO [0m:      	                             (112, 0.4732824427480916),
[92mINFO [0m:      	                             (113, 0.46332046332046334),
[92mINFO [0m:      	                             (114, 0.448),
[92mINFO [0m:      	                             (115, 0.47761194029850745),
[92mINFO [0m:      	                             (116, 0.4444444444444444),
[92mINFO [0m:      	                             (117, 0.47619047619047616),
[92mINFO [0m:      	                             (118, 0.5016949152542373),
[92mINFO [0m:      	                             (119, 0.4979919678714859),
[92mINFO [0m:      	                             (120, 0.4669260700389105),
[92mINFO [0m:      	                             (121, 0.4806201550387597),
[92mINFO [0m:      	                             (122, 0.5171102661596958),
[92mINFO [0m:      	                             (123, 0.4913494809688581),
[92mINFO [0m:      	                             (124, 0.45569620253164556),
[92mINFO [0m:      	                             (125, 0.4777327935222672),
[92mINFO [0m:      	                             (126, 0.4796747967479675),
[92mINFO [0m:      	                             (127, 0.463519313304721),
[92mINFO [0m:      	                             (128, 0.48872180451127817),
[92mINFO [0m:      	                             (129, 0.44642857142857145),
[92mINFO [0m:      	                             (130, 0.47843137254901963),
[92mINFO [0m:      	                             (131, 0.48148148148148145),
[92mINFO [0m:      	                             (132, 0.4870848708487085),
[92mINFO [0m:      	                             (133, 0.4918032786885246),
[92mINFO [0m:      	                             (134, 0.4888888888888889),
[92mINFO [0m:      	                             (135, 0.5020576131687243),
[92mINFO [0m:      	                             (136, 0.46715328467153283),
[92mINFO [0m:      	                             (137, 0.0),
[92mINFO [0m:      	                             (138, 0.4908424908424908),
[92mINFO [0m:      	                             (139, 0.5089605734767025),
[92mINFO [0m:      	                             (140, 0.43902439024390244),
[92mINFO [0m:      	                             (141, 0.5058365758754864),
[92mINFO [0m:      	                             (142, 0.4652777777777778),
[92mINFO [0m:      	                             (143, 0.0),
[92mINFO [0m:      	                             (144, 0.171875),
[92mINFO [0m:      	                             (145, 0.4573643410852713),
[92mINFO [0m:      	                             (146, 0.46715328467153283),
[92mINFO [0m:      	                             (147, 0.4785714285714286),
[92mINFO [0m:      	                             (148, 0.45977011494252873),
[92mINFO [0m:      	                             (149, 0.4740740740740741),
[92mINFO [0m:      	                             (150, 0.46616541353383456)],
[92mINFO [0m:      	 'f1_dermatofibroma': [(0, 0.0),
[92mINFO [0m:      	                       (1, 0.0),
[92mINFO [0m:      	                       (2, 0.0),
[92mINFO [0m:      	                       (3, 0.0),
[92mINFO [0m:      	                       (4, 0.0),
[92mINFO [0m:      	                       (5, 0.0),
[92mINFO [0m:      	                       (6, 0.0),
[92mINFO [0m:      	                       (7, 0.0),
[92mINFO [0m:      	                       (8, 0.0),
[92mINFO [0m:      	                       (9, 0.0),
[92mINFO [0m:      	                       (10, 0.0),
[92mINFO [0m:      	                       (11, 0.0),
[92mINFO [0m:      	                       (12, 0.0),
[92mINFO [0m:      	                       (13, 0.0),
[92mINFO [0m:      	                       (14, 0.0),
[92mINFO [0m:      	                       (15, 0.0),
[92mINFO [0m:      	                       (16, 0.0),
[92mINFO [0m:      	                       (17, 0.0),
[92mINFO [0m:      	                       (18, 0.0),
[92mINFO [0m:      	                       (19, 0.0),
[92mINFO [0m:      	                       (20, 0.0),
[92mINFO [0m:      	                       (21, 0.0),
[92mINFO [0m:      	                       (22, 0.0),
[92mINFO [0m:      	                       (23, 0.0),
[92mINFO [0m:      	                       (24, 0.0),
[92mINFO [0m:      	                       (25, 0.0),
[92mINFO [0m:      	                       (26, 0.0),
[92mINFO [0m:      	                       (27, 0.0),
[92mINFO [0m:      	                       (28, 0.0),
[92mINFO [0m:      	                       (29, 0.0),
[92mINFO [0m:      	                       (30, 0.0),
[92mINFO [0m:      	                       (31, 0.0),
[92mINFO [0m:      	                       (32, 0.0),
[92mINFO [0m:      	                       (33, 0.0),
[92mINFO [0m:      	                       (34, 0.0),
[92mINFO [0m:      	                       (35, 0.0),
[92mINFO [0m:      	                       (36, 0.0),
[92mINFO [0m:      	                       (37, 0.0),
[92mINFO [0m:      	                       (38, 0.0),
[92mINFO [0m:      	                       (39, 0.0),
[92mINFO [0m:      	                       (40, 0.0),
[92mINFO [0m:      	                       (41, 0.0),
[92mINFO [0m:      	                       (42, 0.0),
[92mINFO [0m:      	                       (43, 0.0),
[92mINFO [0m:      	                       (44, 0.0),
[92mINFO [0m:      	                       (45, 0.0),
[92mINFO [0m:      	                       (46, 0.0),
[92mINFO [0m:      	                       (47, 0.0),
[92mINFO [0m:      	                       (48, 0.0),
[92mINFO [0m:      	                       (49, 0.0),
[92mINFO [0m:      	                       (50, 0.0),
[92mINFO [0m:      	                       (51, 0.0),
[92mINFO [0m:      	                       (52, 0.0),
[92mINFO [0m:      	                       (53, 0.0),
[92mINFO [0m:      	                       (54, 0.0),
[92mINFO [0m:      	                       (55, 0.0),
[92mINFO [0m:      	                       (56, 0.0),
[92mINFO [0m:      	                       (57, 0.0),
[92mINFO [0m:      	                       (58, 0.0),
[92mINFO [0m:      	                       (59, 0.0),
[92mINFO [0m:      	                       (60, 0.0),
[92mINFO [0m:      	                       (61, 0.0),
[92mINFO [0m:      	                       (62, 0.0),
[92mINFO [0m:      	                       (63, 0.0),
[92mINFO [0m:      	                       (64, 0.0),
[92mINFO [0m:      	                       (65, 0.0),
[92mINFO [0m:      	                       (66, 0.0),
[92mINFO [0m:      	                       (67, 0.0),
[92mINFO [0m:      	                       (68, 0.0),
[92mINFO [0m:      	                       (69, 0.0),
[92mINFO [0m:      	                       (70, 0.0),
[92mINFO [0m:      	                       (71, 0.0),
[92mINFO [0m:      	                       (72, 0.0),
[92mINFO [0m:      	                       (73, 0.0),
[92mINFO [0m:      	                       (74, 0.0),
[92mINFO [0m:      	                       (75, 0.0),
[92mINFO [0m:      	                       (76, 0.0),
[92mINFO [0m:      	                       (77, 0.0),
[92mINFO [0m:      	                       (78, 0.0),
[92mINFO [0m:      	                       (79, 0.0),
[92mINFO [0m:      	                       (80, 0.0),
[92mINFO [0m:      	                       (81, 0.0),
[92mINFO [0m:      	                       (82, 0.0),
[92mINFO [0m:      	                       (83, 0.0),
[92mINFO [0m:      	                       (84, 0.0),
[92mINFO [0m:      	                       (85, 0.0),
[92mINFO [0m:      	                       (86, 0.0),
[92mINFO [0m:      	                       (87, 0.0),
[92mINFO [0m:      	                       (88, 0.0),
[92mINFO [0m:      	                       (89, 0.0),
[92mINFO [0m:      	                       (90, 0.0),
[92mINFO [0m:      	                       (91, 0.0),
[92mINFO [0m:      	                       (92, 0.0),
[92mINFO [0m:      	                       (93, 0.0),
[92mINFO [0m:      	                       (94, 0.0),
[92mINFO [0m:      	                       (95, 0.0),
[92mINFO [0m:      	                       (96, 0.0),
[92mINFO [0m:      	                       (97, 0.0),
[92mINFO [0m:      	                       (98, 0.0),
[92mINFO [0m:      	                       (99, 0.0),
[92mINFO [0m:      	                       (100, 0.0),
[92mINFO [0m:      	                       (101, 0.0),
[92mINFO [0m:      	                       (102, 0.0),
[92mINFO [0m:      	                       (103, 0.0),
[92mINFO [0m:      	                       (104, 0.0),
[92mINFO [0m:      	                       (105, 0.0),
[92mINFO [0m:      	                       (106, 0.0),
[92mINFO [0m:      	                       (107, 0.0),
[92mINFO [0m:      	                       (108, 0.0),
[92mINFO [0m:      	                       (109, 0.0),
[92mINFO [0m:      	                       (110, 0.0),
[92mINFO [0m:      	                       (111, 0.0),
[92mINFO [0m:      	                       (112, 0.0),
[92mINFO [0m:      	                       (113, 0.0),
[92mINFO [0m:      	                       (114, 0.0),
[92mINFO [0m:      	                       (115, 0.0),
[92mINFO [0m:      	                       (116, 0.0),
[92mINFO [0m:      	                       (117, 0.0),
[92mINFO [0m:      	                       (118, 0.0),
[92mINFO [0m:      	                       (119, 0.0),
[92mINFO [0m:      	                       (120, 0.0),
[92mINFO [0m:      	                       (121, 0.0),
[92mINFO [0m:      	                       (122, 0.0),
[92mINFO [0m:      	                       (123, 0.0),
[92mINFO [0m:      	                       (124, 0.0),
[92mINFO [0m:      	                       (125, 0.0),
[92mINFO [0m:      	                       (126, 0.0),
[92mINFO [0m:      	                       (127, 0.0),
[92mINFO [0m:      	                       (128, 0.0),
[92mINFO [0m:      	                       (129, 0.0),
[92mINFO [0m:      	                       (130, 0.0),
[92mINFO [0m:      	                       (131, 0.0),
[92mINFO [0m:      	                       (132, 0.0),
[92mINFO [0m:      	                       (133, 0.0),
[92mINFO [0m:      	                       (134, 0.0),
[92mINFO [0m:      	                       (135, 0.0),
[92mINFO [0m:      	                       (136, 0.0),
[92mINFO [0m:      	                       (137, 0.125),
[92mINFO [0m:      	                       (138, 0.0),
[92mINFO [0m:      	                       (139, 0.0),
[92mINFO [0m:      	                       (140, 0.0),
[92mINFO [0m:      	                       (141, 0.0),
[92mINFO [0m:      	                       (142, 0.0),
[92mINFO [0m:      	                       (143, 0.0),
[92mINFO [0m:      	                       (144, 0.0),
[92mINFO [0m:      	                       (145, 0.0),
[92mINFO [0m:      	                       (146, 0.0),
[92mINFO [0m:      	                       (147, 0.0),
[92mINFO [0m:      	                       (148, 0.0),
[92mINFO [0m:      	                       (149, 0.0),
[92mINFO [0m:      	                       (150, 0.0)],
[92mINFO [0m:      	 'f1_melanocytic_nevi': [(0, 0.0),
[92mINFO [0m:      	                         (1, 0.8300940438871474),
[92mINFO [0m:      	                         (2, 0.8041912246234446),
[92mINFO [0m:      	                         (3, 0.8587181254307374),
[92mINFO [0m:      	                         (4, 0.8672086720867209),
[92mINFO [0m:      	                         (5, 0.8655834564254062),
[92mINFO [0m:      	                         (6, 0.8304319793681496),
[92mINFO [0m:      	                         (7, 0.8578016910069177),
[92mINFO [0m:      	                         (8, 0.8488745980707395),
[92mINFO [0m:      	                         (9, 0.8772694262890341),
[92mINFO [0m:      	                         (10, 0.0),
[92mINFO [0m:      	                         (11, 0.8394437420986094),
[92mINFO [0m:      	                         (12, 0.867816091954023),
[92mINFO [0m:      	                         (13, 0.8610540725530459),
[92mINFO [0m:      	                         (14, 0.8673050615595075),
[92mINFO [0m:      	                         (15, 0.8673684210526316),
[92mINFO [0m:      	                         (16, 0.8744710860366713),
[92mINFO [0m:      	                         (17, 0.8730822873082287),
[92mINFO [0m:      	                         (18, 0.686055182699478),
[92mINFO [0m:      	                         (19, 0.8760330578512396),
[92mINFO [0m:      	                         (20, 0.8674863387978142),
[92mINFO [0m:      	                         (21, 0.8658367911479945),
[92mINFO [0m:      	                         (22, 0.8659106070713809),
[92mINFO [0m:      	                         (23, 0.8704225352112676),
[92mINFO [0m:      	                         (24, 0.8658367911479945),
[92mINFO [0m:      	                         (25, 0.8745620182200421),
[92mINFO [0m:      	                         (26, 0.867739678096571),
[92mINFO [0m:      	                         (27, 0.8515679442508711),
[92mINFO [0m:      	                         (28, 0.8713286713286713),
[92mINFO [0m:      	                         (29, 0.8555783709787816),
[92mINFO [0m:      	                         (30, 0.0),
[92mINFO [0m:      	                         (31, 0.8727272727272727),
[92mINFO [0m:      	                         (32, 0.856951871657754),
[92mINFO [0m:      	                         (33, 0.8614540466392319),
[92mINFO [0m:      	                         (34, 0.8678445229681979),
[92mINFO [0m:      	                         (35, 0.8601997146932953),
[92mINFO [0m:      	                         (36, 0.863791923340178),
[92mINFO [0m:      	                         (37, 0.0),
[92mINFO [0m:      	                         (38, 0.8701206529453513),
[92mINFO [0m:      	                         (39, 0.867739678096571),
[92mINFO [0m:      	                         (40, 0.8703837798696596),
[92mINFO [0m:      	                         (41, 0.877365101611773),
[92mINFO [0m:      	                         (42, 0.8713692946058091),
[92mINFO [0m:      	                         (43, 0.8668515950069348),
[92mINFO [0m:      	                         (44, 0.8680555555555556),
[92mINFO [0m:      	                         (45, 0.0),
[92mINFO [0m:      	                         (46, 0.0),
[92mINFO [0m:      	                         (47, 0.0),
[92mINFO [0m:      	                         (48, 0.0),
[92mINFO [0m:      	                         (49, 0.8427109974424553),
[92mINFO [0m:      	                         (50, 0.8664688427299704),
[92mINFO [0m:      	                         (51, 0.8675733715103794),
[92mINFO [0m:      	                         (52, 0.8755304101838756),
[92mINFO [0m:      	                         (53, 0.8304552590266876),
[92mINFO [0m:      	                         (54, 0.8769448373408769),
[92mINFO [0m:      	                         (55, 0.8475836431226765),
[92mINFO [0m:      	                         (56, 0.8727789623312011),
[92mINFO [0m:      	                         (57, 0.866481223922114),
[92mINFO [0m:      	                         (58, 0.8716119828815977),
[92mINFO [0m:      	                         (59, 0.8458083832335329),
[92mINFO [0m:      	                         (60, 0.8667621776504298),
[92mINFO [0m:      	                         (61, 0.8502269288956127),
[92mINFO [0m:      	                         (62, 0.8744710860366713),
[92mINFO [0m:      	                         (63, 0.8723864455659697),
[92mINFO [0m:      	                         (64, 0.8653295128939829),
[92mINFO [0m:      	                         (65, 0.8651766402307137),
[92mINFO [0m:      	                         (66, 0.8703703703703703),
[92mINFO [0m:      	                         (67, 0.0),
[92mINFO [0m:      	                         (68, 0.8664850136239782),
[92mINFO [0m:      	                         (69, 0.0),
[92mINFO [0m:      	                         (70, 0.8683666436940042),
[92mINFO [0m:      	                         (71, 0.8682385575589459),
[92mINFO [0m:      	                         (72, 0.8665269042627534),
[92mINFO [0m:      	                         (73, 0.8768472906403941),
[92mINFO [0m:      	                         (74, 0.8650519031141869),
[92mINFO [0m:      	                         (75, 0.8676056338028169),
[92mINFO [0m:      	                         (76, 0.869309838472834),
[92mINFO [0m:      	                         (77, 0.8754499640028798),
[92mINFO [0m:      	                         (78, 0.8777385159010601),
[92mINFO [0m:      	                         (79, 0.8713574982231699),
[92mINFO [0m:      	                         (80, 0.8708539167254764),
[92mINFO [0m:      	                         (81, 0.8754499640028798),
[92mINFO [0m:      	                         (82, 0.8722341184867951),
[92mINFO [0m:      	                         (83, 0.858877086494689),
[92mINFO [0m:      	                         (84, 0.8720848056537103),
[92mINFO [0m:      	                         (85, 0.86482661004954),
[92mINFO [0m:      	                         (86, 0.8698181818181818),
[92mINFO [0m:      	                         (87, 0.8736462093862816),
[92mINFO [0m:      	                         (88, 0.8698777857656362),
[92mINFO [0m:      	                         (89, 0.864575363427697),
[92mINFO [0m:      	                         (90, 0.8729824561403509),
[92mINFO [0m:      	                         (91, 0.8711743772241993),
[92mINFO [0m:      	                         (92, 0.8651436993367723),
[92mINFO [0m:      	                         (93, 0.8773448773448773),
[92mINFO [0m:      	                         (94, 0.8660578386605784),
[92mINFO [0m:      	                         (95, 0.8782918149466192),
[92mINFO [0m:      	                         (96, 0.869757174392936),
[92mINFO [0m:      	                         (97, 0.8740323715693173),
[92mINFO [0m:      	                         (98, 0.8761632068718683),
[92mINFO [0m:      	                         (99, 0.8766737138830162),
[92mINFO [0m:      	                         (100, 0.8740100791936645),
[92mINFO [0m:      	                         (101, 0.8676789587852495),
[92mINFO [0m:      	                         (102, 0.8731182795698925),
[92mINFO [0m:      	                         (103, 0.8040540540540541),
[92mINFO [0m:      	                         (104, 0.8702508960573476),
[92mINFO [0m:      	                         (105, 0.8706218727662616),
[92mINFO [0m:      	                         (106, 0.8699485672299779),
[92mINFO [0m:      	                         (107, 0.8713450292397661),
[92mINFO [0m:      	                         (108, 0.8683274021352313),
[92mINFO [0m:      	                         (109, 0.8681948424068768),
[92mINFO [0m:      	                         (110, 0.8709219858156029),
[92mINFO [0m:      	                         (111, 0.8674531575294934),
[92mINFO [0m:      	                         (112, 0.8645833333333334),
[92mINFO [0m:      	                         (113, 0.8304278922345484),
[92mINFO [0m:      	                         (114, 0.8660524450744153),
[92mINFO [0m:      	                         (115, 0.8671023965141612),
[92mINFO [0m:      	                         (116, 0.7679180887372014),
[92mINFO [0m:      	                         (117, 0.8726731198808637),
[92mINFO [0m:      	                         (118, 0.8819787985865725),
[92mINFO [0m:      	                         (119, 0.8778409090909091),
[92mINFO [0m:      	                         (120, 0.781491002570694),
[92mINFO [0m:      	                         (121, 0.8682055100521221),
[92mINFO [0m:      	                         (122, 0.8776978417266187),
[92mINFO [0m:      	                         (123, 0.8692421991084696),
[92mINFO [0m:      	                         (124, 0.7795744680851063),
[92mINFO [0m:      	                         (125, 0.8614916286149162),
[92mINFO [0m:      	                         (126, 0.8763402430307362),
[92mINFO [0m:      	                         (127, 0.7335140018066847),
[92mINFO [0m:      	                         (128, 0.875455207574654),
[92mINFO [0m:      	                         (129, 0.6958174904942965),
[92mINFO [0m:      	                         (130, 0.8687719298245614),
[92mINFO [0m:      	                         (131, 0.8747252747252747),
[92mINFO [0m:      	                         (132, 0.8316041500399042),
[92mINFO [0m:      	                         (133, 0.8299758259468171),
[92mINFO [0m:      	                         (134, 0.8),
[92mINFO [0m:      	                         (135, 0.8736767819336627),
[92mINFO [0m:      	                         (136, 0.8582145536384096),
[92mINFO [0m:      	                         (137, 0.0),
[92mINFO [0m:      	                         (138, 0.8723994452149791),
[92mINFO [0m:      	                         (139, 0.8695035460992908),
[92mINFO [0m:      	                         (140, 0.8678200692041522),
[92mINFO [0m:      	                         (141, 0.8801681850035038),
[92mINFO [0m:      	                         (142, 0.8700072621641249),
[92mINFO [0m:      	                         (143, 0.0029717682020802376),
[92mINFO [0m:      	                         (144, 0.8445022771633052),
[92mINFO [0m:      	                         (145, 0.8714384989576095),
[92mINFO [0m:      	                         (146, 0.8743789921930447),
[92mINFO [0m:      	                         (147, 0.8627737226277372),
[92mINFO [0m:      	                         (148, 0.8650568181818182),
[92mINFO [0m:      	                         (149, 0.8642501776830135),
[92mINFO [0m:      	                         (150, 0.8675400291120815)],
[92mINFO [0m:      	 'f1_melanoma': [(0, 0.1992818671454219),
[92mINFO [0m:      	                 (1, 0.0),
[92mINFO [0m:      	                 (2, 0.017699115044247787),
[92mINFO [0m:      	                 (3, 0.4672897196261682),
[92mINFO [0m:      	                 (4, 0.4659090909090909),
[92mINFO [0m:      	                 (5, 0.46006389776357826),
[92mINFO [0m:      	                 (6, 0.3434343434343434),
[92mINFO [0m:      	                 (7, 0.2976190476190476),
[92mINFO [0m:      	                 (8, 0.05263157894736842),
[92mINFO [0m:      	                 (9, 0.5),
[92mINFO [0m:      	                 (10, 0.0),
[92mINFO [0m:      	                 (11, 0.14173228346456693),
[92mINFO [0m:      	                 (12, 0.4019607843137255),
[92mINFO [0m:      	                 (13, 0.44221105527638194),
[92mINFO [0m:      	                 (14, 0.42105263157894735),
[92mINFO [0m:      	                 (15, 0.3742690058479532),
[92mINFO [0m:      	                 (16, 0.475),
[92mINFO [0m:      	                 (17, 0.4700460829493088),
[92mINFO [0m:      	                 (18, 0.39408866995073893),
[92mINFO [0m:      	                 (19, 0.4864864864864865),
[92mINFO [0m:      	                 (20, 0.4744186046511628),
[92mINFO [0m:      	                 (21, 0.44919786096256686),
[92mINFO [0m:      	                 (22, 0.37209302325581395),
[92mINFO [0m:      	                 (23, 0.4744186046511628),
[92mINFO [0m:      	                 (24, 0.4126984126984127),
[92mINFO [0m:      	                 (25, 0.5045871559633027),
[92mINFO [0m:      	                 (26, 0.43617021276595747),
[92mINFO [0m:      	                 (27, 0.4329004329004329),
[92mINFO [0m:      	                 (28, 0.4954954954954955),
[92mINFO [0m:      	                 (29, 0.4020618556701031),
[92mINFO [0m:      	                 (30, 0.0),
[92mINFO [0m:      	                 (31, 0.47058823529411764),
[92mINFO [0m:      	                 (32, 0.4),
[92mINFO [0m:      	                 (33, 0.5065502183406113),
[92mINFO [0m:      	                 (34, 0.4852941176470588),
[92mINFO [0m:      	                 (35, 0.39593908629441626),
[92mINFO [0m:      	                 (36, 0.4434389140271493),
[92mINFO [0m:      	                 (37, 0.0),
[92mINFO [0m:      	                 (38, 0.5267175572519084),
[92mINFO [0m:      	                 (39, 0.42105263157894735),
[92mINFO [0m:      	                 (40, 0.4942084942084942),
[92mINFO [0m:      	                 (41, 0.4622222222222222),
[92mINFO [0m:      	                 (42, 0.43),
[92mINFO [0m:      	                 (43, 0.4166666666666667),
[92mINFO [0m:      	                 (44, 0.4533333333333333),
[92mINFO [0m:      	                 (45, 0.0),
[92mINFO [0m:      	                 (46, 0.0),
[92mINFO [0m:      	                 (47, 0.0),
[92mINFO [0m:      	                 (48, 0.0),
[92mINFO [0m:      	                 (49, 0.35428571428571426),
[92mINFO [0m:      	                 (50, 0.4790874524714829),
[92mINFO [0m:      	                 (51, 0.45132743362831856),
[92mINFO [0m:      	                 (52, 0.4810126582278481),
[92mINFO [0m:      	                 (53, 0.37815126050420167),
[92mINFO [0m:      	                 (54, 0.4473684210526316),
[92mINFO [0m:      	                 (55, 0.44357976653696496),
[92mINFO [0m:      	                 (56, 0.48068669527896996),
[92mINFO [0m:      	                 (57, 0.4380952380952381),
[92mINFO [0m:      	                 (58, 0.4691358024691358),
[92mINFO [0m:      	                 (59, 0.4421052631578947),
[92mINFO [0m:      	                 (60, 0.46875),
[92mINFO [0m:      	                 (61, 0.44528301886792454),
[92mINFO [0m:      	                 (62, 0.42452830188679247),
[92mINFO [0m:      	                 (63, 0.49572649572649574),
[92mINFO [0m:      	                 (64, 0.48582995951417),
[92mINFO [0m:      	                 (65, 0.44642857142857145),
[92mINFO [0m:      	                 (66, 0.47058823529411764),
[92mINFO [0m:      	                 (67, 0.0),
[92mINFO [0m:      	                 (68, 0.47572815533980584),
[92mINFO [0m:      	                 (69, 0.0),
[92mINFO [0m:      	                 (70, 0.41706161137440756),
[92mINFO [0m:      	                 (71, 0.43),
[92mINFO [0m:      	                 (72, 0.4020100502512563),
[92mINFO [0m:      	                 (73, 0.47572815533980584),
[92mINFO [0m:      	                 (74, 0.3829787234042553),
[92mINFO [0m:      	                 (75, 0.45161290322580644),
[92mINFO [0m:      	                 (76, 0.3617021276595745),
[92mINFO [0m:      	                 (77, 0.44144144144144143),
[92mINFO [0m:      	                 (78, 0.4585365853658537),
[92mINFO [0m:      	                 (79, 0.4558139534883721),
[92mINFO [0m:      	                 (80, 0.45410628019323673),
[92mINFO [0m:      	                 (81, 0.475),
[92mINFO [0m:      	                 (82, 0.45662100456621),
[92mINFO [0m:      	                 (83, 0.42857142857142855),
[92mINFO [0m:      	                 (84, 0.45614035087719296),
[92mINFO [0m:      	                 (85, 0.4065934065934066),
[92mINFO [0m:      	                 (86, 0.4796747967479675),
[92mINFO [0m:      	                 (87, 0.4730290456431535),
[92mINFO [0m:      	                 (88, 0.5084745762711864),
[92mINFO [0m:      	                 (89, 0.47058823529411764),
[92mINFO [0m:      	                 (90, 0.4796380090497738),
[92mINFO [0m:      	                 (91, 0.4827586206896552),
[92mINFO [0m:      	                 (92, 0.4505928853754941),
[92mINFO [0m:      	                 (93, 0.4507042253521127),
[92mINFO [0m:      	                 (94, 0.46218487394957986),
[92mINFO [0m:      	                 (95, 0.4827586206896552),
[92mINFO [0m:      	                 (96, 0.46808510638297873),
[92mINFO [0m:      	                 (97, 0.46445497630331756),
[92mINFO [0m:      	                 (98, 0.47577092511013214),
[92mINFO [0m:      	                 (99, 0.49074074074074076),
[92mINFO [0m:      	                 (100, 0.47540983606557374),
[92mINFO [0m:      	                 (101, 0.475),
[92mINFO [0m:      	                 (102, 0.4896265560165975),
[92mINFO [0m:      	                 (103, 0.4555160142348754),
[92mINFO [0m:      	                 (104, 0.46886446886446886),
[92mINFO [0m:      	                 (105, 0.48559670781893005),
[92mINFO [0m:      	                 (106, 0.5040650406504065),
[92mINFO [0m:      	                 (107, 0.4661016949152542),
[92mINFO [0m:      	                 (108, 0.4663677130044843),
[92mINFO [0m:      	                 (109, 0.4642857142857143),
[92mINFO [0m:      	                 (110, 0.46846846846846846),
[92mINFO [0m:      	                 (111, 0.42105263157894735),
[92mINFO [0m:      	                 (112, 0.48120300751879697),
[92mINFO [0m:      	                 (113, 0.43037974683544306),
[92mINFO [0m:      	                 (114, 0.46017699115044247),
[92mINFO [0m:      	                 (115, 0.4769874476987448),
[92mINFO [0m:      	                 (116, 0.4444444444444444),
[92mINFO [0m:      	                 (117, 0.5),
[92mINFO [0m:      	                 (118, 0.42162162162162165),
[92mINFO [0m:      	                 (119, 0.47058823529411764),
[92mINFO [0m:      	                 (120, 0.4472843450479233),
[92mINFO [0m:      	                 (121, 0.46774193548387094),
[92mINFO [0m:      	                 (122, 0.48333333333333334),
[92mINFO [0m:      	                 (123, 0.4701195219123506),
[92mINFO [0m:      	                 (124, 0.44357976653696496),
[92mINFO [0m:      	                 (125, 0.4852941176470588),
[92mINFO [0m:      	                 (126, 0.49193548387096775),
[92mINFO [0m:      	                 (127, 0.43870967741935485),
[92mINFO [0m:      	                 (128, 0.48031496062992124),
[92mINFO [0m:      	                 (129, 0.4144144144144144),
[92mINFO [0m:      	                 (130, 0.4558139534883721),
[92mINFO [0m:      	                 (131, 0.5),
[92mINFO [0m:      	                 (132, 0.4647887323943662),
[92mINFO [0m:      	                 (133, 0.4513888888888889),
[92mINFO [0m:      	                 (134, 0.43727598566308246),
[92mINFO [0m:      	                 (135, 0.49361702127659574),
[92mINFO [0m:      	                 (136, 0.4645669291338583),
[92mINFO [0m:      	                 (137, 0.0),
[92mINFO [0m:      	                 (138, 0.45555555555555555),
[92mINFO [0m:      	                 (139, 0.47572815533980584),
[92mINFO [0m:      	                 (140, 0.4411764705882353),
[92mINFO [0m:      	                 (141, 0.5023696682464455),
[92mINFO [0m:      	                 (142, 0.48695652173913045),
[92mINFO [0m:      	                 (143, 0.0),
[92mINFO [0m:      	                 (144, 0.4260869565217391),
[92mINFO [0m:      	                 (145, 0.43434343434343436),
[92mINFO [0m:      	                 (146, 0.4811320754716981),
[92mINFO [0m:      	                 (147, 0.45714285714285713),
[92mINFO [0m:      	                 (148, 0.4690265486725664),
[92mINFO [0m:      	                 (149, 0.46788990825688076),
[92mINFO [0m:      	                 (150, 0.47843137254901963)],
[92mINFO [0m:      	 'f1_vascular_lesions': [(0, 0.0),
[92mINFO [0m:      	                         (1, 0.0),
[92mINFO [0m:      	                         (2, 0.0),
[92mINFO [0m:      	                         (3, 0.0),
[92mINFO [0m:      	                         (4, 0.0),
[92mINFO [0m:      	                         (5, 0.0),
[92mINFO [0m:      	                         (6, 0.0),
[92mINFO [0m:      	                         (7, 0.0),
[92mINFO [0m:      	                         (8, 0.0),
[92mINFO [0m:      	                         (9, 0.0),
[92mINFO [0m:      	                         (10, 0.0),
[92mINFO [0m:      	                         (11, 0.0),
[92mINFO [0m:      	                         (12, 0.0),
[92mINFO [0m:      	                         (13, 0.0),
[92mINFO [0m:      	                         (14, 0.0),
[92mINFO [0m:      	                         (15, 0.0),
[92mINFO [0m:      	                         (16, 0.0),
[92mINFO [0m:      	                         (17, 0.0),
[92mINFO [0m:      	                         (18, 0.0),
[92mINFO [0m:      	                         (19, 0.0),
[92mINFO [0m:      	                         (20, 0.0),
[92mINFO [0m:      	                         (21, 0.0),
[92mINFO [0m:      	                         (22, 0.0),
[92mINFO [0m:      	                         (23, 0.0),
[92mINFO [0m:      	                         (24, 0.0),
[92mINFO [0m:      	                         (25, 0.0),
[92mINFO [0m:      	                         (26, 0.0),
[92mINFO [0m:      	                         (27, 0.0),
[92mINFO [0m:      	                         (28, 0.0),
[92mINFO [0m:      	                         (29, 0.0),
[92mINFO [0m:      	                         (30, 0.03902439024390244),
[92mINFO [0m:      	                         (31, 0.0),
[92mINFO [0m:      	                         (32, 0.0),
[92mINFO [0m:      	                         (33, 0.0),
[92mINFO [0m:      	                         (34, 0.0),
[92mINFO [0m:      	                         (35, 0.0),
[92mINFO [0m:      	                         (36, 0.0),
[92mINFO [0m:      	                         (37, 0.0),
[92mINFO [0m:      	                         (38, 0.0),
[92mINFO [0m:      	                         (39, 0.0),
[92mINFO [0m:      	                         (40, 0.0),
[92mINFO [0m:      	                         (41, 0.0),
[92mINFO [0m:      	                         (42, 0.0),
[92mINFO [0m:      	                         (43, 0.0),
[92mINFO [0m:      	                         (44, 0.0),
[92mINFO [0m:      	                         (45, 0.10256410256410256),
[92mINFO [0m:      	                         (46, 0.044444444444444446),
[92mINFO [0m:      	                         (47, 0.11764705882352941),
[92mINFO [0m:      	                         (48, 0.3333333333333333),
[92mINFO [0m:      	                         (49, 0.0),
[92mINFO [0m:      	                         (50, 0.0),
[92mINFO [0m:      	                         (51, 0.0),
[92mINFO [0m:      	                         (52, 0.0),
[92mINFO [0m:      	                         (53, 0.0),
[92mINFO [0m:      	                         (54, 0.0),
[92mINFO [0m:      	                         (55, 0.0),
[92mINFO [0m:      	                         (56, 0.0),
[92mINFO [0m:      	                         (57, 0.0),
[92mINFO [0m:      	                         (58, 0.0),
[92mINFO [0m:      	                         (59, 0.0),
[92mINFO [0m:      	                         (60, 0.0),
[92mINFO [0m:      	                         (61, 0.0),
[92mINFO [0m:      	                         (62, 0.0),
[92mINFO [0m:      	                         (63, 0.0),
[92mINFO [0m:      	                         (64, 0.0),
[92mINFO [0m:      	                         (65, 0.0),
[92mINFO [0m:      	                         (66, 0.0),
[92mINFO [0m:      	                         (67, 0.06116207951070336),
[92mINFO [0m:      	                         (68, 0.0),
[92mINFO [0m:      	                         (69, 0.0),
[92mINFO [0m:      	                         (70, 0.0),
[92mINFO [0m:      	                         (71, 0.0),
[92mINFO [0m:      	                         (72, 0.0),
[92mINFO [0m:      	                         (73, 0.0),
[92mINFO [0m:      	                         (74, 0.0),
[92mINFO [0m:      	                         (75, 0.0),
[92mINFO [0m:      	                         (76, 0.0),
[92mINFO [0m:      	                         (77, 0.0),
[92mINFO [0m:      	                         (78, 0.0),
[92mINFO [0m:      	                         (79, 0.0),
[92mINFO [0m:      	                         (80, 0.0),
[92mINFO [0m:      	                         (81, 0.0),
[92mINFO [0m:      	                         (82, 0.0),
[92mINFO [0m:      	                         (83, 0.0),
[92mINFO [0m:      	                         (84, 0.0),
[92mINFO [0m:      	                         (85, 0.0),
[92mINFO [0m:      	                         (86, 0.0),
[92mINFO [0m:      	                         (87, 0.0),
[92mINFO [0m:      	                         (88, 0.0),
[92mINFO [0m:      	                         (89, 0.0),
[92mINFO [0m:      	                         (90, 0.0),
[92mINFO [0m:      	                         (91, 0.0),
[92mINFO [0m:      	                         (92, 0.0),
[92mINFO [0m:      	                         (93, 0.0),
[92mINFO [0m:      	                         (94, 0.0),
[92mINFO [0m:      	                         (95, 0.0),
[92mINFO [0m:      	                         (96, 0.0),
[92mINFO [0m:      	                         (97, 0.0),
[92mINFO [0m:      	                         (98, 0.0),
[92mINFO [0m:      	                         (99, 0.0),
[92mINFO [0m:      	                         (100, 0.0),
[92mINFO [0m:      	                         (101, 0.13333333333333333),
[92mINFO [0m:      	                         (102, 0.0),
[92mINFO [0m:      	                         (103, 0.11764705882352941),
[92mINFO [0m:      	                         (104, 0.0),
[92mINFO [0m:      	                         (105, 0.0),
[92mINFO [0m:      	                         (106, 0.0),
[92mINFO [0m:      	                         (107, 0.0),
[92mINFO [0m:      	                         (108, 0.0),
[92mINFO [0m:      	                         (109, 0.0),
[92mINFO [0m:      	                         (110, 0.0),
[92mINFO [0m:      	                         (111, 0.0),
[92mINFO [0m:      	                         (112, 0.0),
[92mINFO [0m:      	                         (113, 0.125),
[92mINFO [0m:      	                         (114, 0.0),
[92mINFO [0m:      	                         (115, 0.0),
[92mINFO [0m:      	                         (116, 0.13333333333333333),
[92mINFO [0m:      	                         (117, 0.0),
[92mINFO [0m:      	                         (118, 0.0),
[92mINFO [0m:      	                         (119, 0.0),
[92mINFO [0m:      	                         (120, 0.0),
[92mINFO [0m:      	                         (121, 0.0),
[92mINFO [0m:      	                         (122, 0.0),
[92mINFO [0m:      	                         (123, 0.0),
[92mINFO [0m:      	                         (124, 0.1111111111111111),
[92mINFO [0m:      	                         (125, 0.0),
[92mINFO [0m:      	                         (126, 0.0),
[92mINFO [0m:      	                         (127, 0.0),
[92mINFO [0m:      	                         (128, 0.0),
[92mINFO [0m:      	                         (129, 0.07692307692307693),
[92mINFO [0m:      	                         (130, 0.0),
[92mINFO [0m:      	                         (131, 0.0),
[92mINFO [0m:      	                         (132, 0.0),
[92mINFO [0m:      	                         (133, 0.0),
[92mINFO [0m:      	                         (134, 0.0),
[92mINFO [0m:      	                         (135, 0.0),
[92mINFO [0m:      	                         (136, 0.0),
[92mINFO [0m:      	                         (137, 0.15053763440860216),
[92mINFO [0m:      	                         (138, 0.0),
[92mINFO [0m:      	                         (139, 0.0),
[92mINFO [0m:      	                         (140, 0.0),
[92mINFO [0m:      	                         (141, 0.0),
[92mINFO [0m:      	                         (142, 0.0),
[92mINFO [0m:      	                         (143, 0.0),
[92mINFO [0m:      	                         (144, 0.0),
[92mINFO [0m:      	                         (145, 0.0),
[92mINFO [0m:      	                         (146, 0.0),
[92mINFO [0m:      	                         (147, 0.0),
[92mINFO [0m:      	                         (148, 0.0),
[92mINFO [0m:      	                         (149, 0.0),
[92mINFO [0m:      	                         (150, 0.0)],
[92mINFO [0m:      	 'macro_f1': [(0, 0.028468838163631698),
[92mINFO [0m:      	              (1, 0.17754177951222289),
[92mINFO [0m:      	              (2, 0.17119441827185522),
[92mINFO [0m:      	              (3, 0.25651043749260144),
[92mINFO [0m:      	              (4, 0.26099213192709125),
[92mINFO [0m:      	              (5, 0.25078170222749907),
[92mINFO [0m:      	              (6, 0.19313550208333072),
[92mINFO [0m:      	              (7, 0.22810504180236796),
[92mINFO [0m:      	              (8, 0.19831883439070316),
[92mINFO [0m:      	              (9, 0.2697011034516249),
[92mINFO [0m:      	              (10, 0.014082599864590387),
[92mINFO [0m:      	              (11, 0.21082852592530782),
[92mINFO [0m:      	              (12, 0.2511530272355742),
[92mINFO [0m:      	              (13, 0.25548164440116444),
[92mINFO [0m:      	              (14, 0.25459783623318316),
[92mINFO [0m:      	              (15, 0.25095537058923784),
[92mINFO [0m:      	              (16, 0.269936496317475),
[92mINFO [0m:      	              (17, 0.26681693345599483),
[92mINFO [0m:      	              (18, 0.20912354041182502),
[92mINFO [0m:      	              (19, 0.2735079633475356),
[92mINFO [0m:      	              (20, 0.26577478028107077),
[92mINFO [0m:      	              (21, 0.2620169459394586),
[92mINFO [0m:      	              (22, 0.2559392941283748),
[92mINFO [0m:      	              (23, 0.2679443386616659),
[92mINFO [0m:      	              (24, 0.25847206208794826),
[92mINFO [0m:      	              (25, 0.27587845345476353),
[92mINFO [0m:      	              (26, 0.2602707860533314),
[92mINFO [0m:      	              (27, 0.25398006394798367),
[92mINFO [0m:      	              (28, 0.26815889038111257),
[92mINFO [0m:      	              (29, 0.2522819371403169),
[92mINFO [0m:      	              (30, 0.039382343148857024),
[92mINFO [0m:      	              (31, 0.2674358771721855),
[92mINFO [0m:      	              (32, 0.2451831450283463),
[92mINFO [0m:      	              (33, 0.2613632466454721),
[92mINFO [0m:      	              (34, 0.26473409151646526),
[92mINFO [0m:      	              (35, 0.2508769715696731),
[92mINFO [0m:      	              (36, 0.2578404885038502),
[92mINFO [0m:      	              (37, 0.014109347442680775),
[92mINFO [0m:      	              (38, 0.2709768871710371),
[92mINFO [0m:      	              (39, 0.2545065618377035),
[92mINFO [0m:      	              (40, 0.2677708850923973),
[92mINFO [0m:      	              (41, 0.26544369176464483),
[92mINFO [0m:      	              (42, 0.26164139664764574),
[92mINFO [0m:      	              (43, 0.25448693671889305),
[92mINFO [0m:      	              (44, 0.25957729468599033),
[92mINFO [0m:      	              (45, 0.029076425192930046),
[92mINFO [0m:      	              (46, 0.020858134920634923),
[92mINFO [0m:      	              (47, 0.028071443631215925),
[92mINFO [0m:      	              (48, 0.06191851138915624),
[92mINFO [0m:      	              (49, 0.22228158152893265),
[92mINFO [0m:      	              (50, 0.26465693553179714),
[92mINFO [0m:      	              (51, 0.26404465283494005),
[92mINFO [0m:      	              (52, 0.2710752392813001),
[92mINFO [0m:      	              (53, 0.23755923050366676),
[92mINFO [0m:      	              (54, 0.26485107530974455),
[92mINFO [0m:      	              (55, 0.2645548643184338),
[92mINFO [0m:      	              (56, 0.26842226481265746),
[92mINFO [0m:      	              (57, 0.2592425599296044),
[92mINFO [0m:      	              (58, 0.2635353979072476),
[92mINFO [0m:      	              (59, 0.2617576606578479),
[92mINFO [0m:      	              (60, 0.2648615280241355),
[92mINFO [0m:      	              (61, 0.2733381558029543),
[92mINFO [0m:      	              (62, 0.2621212063610339),
[92mINFO [0m:      	              (63, 0.26739465376128024),
[92mINFO [0m:      	              (64, 0.2633175663530921),
[92mINFO [0m:      	              (65, 0.26846609476179056),
[92mINFO [0m:      	              (66, 0.26458138811079984),
[92mINFO [0m:      	              (67, 0.03659182492734262),
[92mINFO [0m:      	              (68, 0.26414292846864657),
[92mINFO [0m:      	              (69, 0.014082599864590387),
[92mINFO [0m:      	              (70, 0.2572071020422685),
[92mINFO [0m:      	              (71, 0.25886750709340106),
[92mINFO [0m:      	              (72, 0.2523785945801685),
[92mINFO [0m:      	              (73, 0.265719733221052),
[92mINFO [0m:      	              (74, 0.2516343697434666),
[92mINFO [0m:      	              (75, 0.2661129945658162),
[92mINFO [0m:      	              (76, 0.2779839998843228),
[92mINFO [0m:      	              (77, 0.28690887098785894),
[92mINFO [0m:      	              (78, 0.2636237157654033),
[92mINFO [0m:      	              (79, 0.26076284998286287),
[92mINFO [0m:      	              (80, 0.2650080721578441),
[92mINFO [0m:      	              (81, 0.2685587490663085),
[92mINFO [0m:      	              (82, 0.26850336746440945),
[92mINFO [0m:      	              (83, 0.2750833823183609),
[92mINFO [0m:      	              (84, 0.260041235513485),
[92mINFO [0m:      	              (85, 0.27022292379580437),
[92mINFO [0m:      	              (86, 0.26526370282037426),
[92mINFO [0m:      	              (87, 0.27061672669739906),
[92mINFO [0m:      	              (88, 0.2946565054593547),
[92mINFO [0m:      	              (89, 0.2858975813951495),
[92mINFO [0m:      	              (90, 0.26437320472308723),
[92mINFO [0m:      	              (91, 0.26318644156244436),
[92mINFO [0m:      	              (92, 0.27902430270285633),
[92mINFO [0m:      	              (93, 0.28835677931354514),
[92mINFO [0m:      	              (94, 0.3005598919581215),
[92mINFO [0m:      	              (95, 0.27097725134300704),
[92mINFO [0m:      	              (96, 0.2848516580956054),
[92mINFO [0m:      	              (97, 0.26656261832354167),
[92mINFO [0m:      	              (98, 0.27755778319804475),
[92mINFO [0m:      	              (99, 0.2781395171998797),
[92mINFO [0m:      	              (100, 0.27835472143241247),
[92mINFO [0m:      	              (101, 0.29783806554074993),
[92mINFO [0m:      	              (102, 0.2641759031532823),
[92mINFO [0m:      	              (103, 0.28935548624402907),
[92mINFO [0m:      	              (104, 0.2589042358051575),
[92mINFO [0m:      	              (105, 0.26263314561719564),
[92mINFO [0m:      	              (106, 0.2774718922618491),
[92mINFO [0m:      	              (107, 0.2634032430170332),
[92mINFO [0m:      	              (108, 0.2591565520290552),
[92mINFO [0m:      	              (109, 0.2581333016338738),
[92mINFO [0m:      	              (110, 0.26195529031869136),
[92mINFO [0m:      	              (111, 0.250816986266077),
[92mINFO [0m:      	              (112, 0.2716086520603057),
[92mINFO [0m:      	              (113, 0.28421128279763386),
[92mINFO [0m:      	              (114, 0.2534613480321225),
[92mINFO [0m:      	              (115, 0.268179620009567),
[92mINFO [0m:      	              (116, 0.2719081083990532),
[92mINFO [0m:      	              (117, 0.2855052569551027),
[92mINFO [0m:      	              (118, 0.2578993336374902),
[92mINFO [0m:      	              (119, 0.26377444460807326),
[92mINFO [0m:      	              (120, 0.2555665237660273),
[92mINFO [0m:      	              (121, 0.2771827058258483),
[92mINFO [0m:      	              (122, 0.2735969254652407),
[92mINFO [0m:      	              (123, 0.2662920764747159),
[92mINFO [0m:      	              (124, 0.28299219097860223),
[92mINFO [0m:      	              (125, 0.28381152884948635),
[92mINFO [0m:      	              (126, 0.2639929319499531),
[92mINFO [0m:      	              (127, 0.2507351396579125),
[92mINFO [0m:      	              (128, 0.2634988532451219),
[92mINFO [0m:      	              (129, 0.254532393414508),
[92mINFO [0m:      	              (130, 0.25757389369456474),
[92mINFO [0m:      	              (131, 0.2651723937438223),
[92mINFO [0m:      	              (132, 0.2779443367886923),
[92mINFO [0m:      	              (133, 0.27165678728951365),
[92mINFO [0m:      	              (134, 0.26746908514473694),
[92mINFO [0m:      	              (135, 0.2670502023398547),
[92mINFO [0m:      	              (136, 0.2776570100063248),
[92mINFO [0m:      	              (137, 0.05471080727678968),
[92mINFO [0m:      	              (138, 0.25982821308757503),
[92mINFO [0m:      	              (139, 0.26488461070225705),
[92mINFO [0m:      	              (140, 0.24971727571946997),
[92mINFO [0m:      	              (141, 0.269767775589348),
[92mINFO [0m:      	              (142, 0.26032022309729047),
[92mINFO [0m:      	              (143, 0.023664104411291843),
[92mINFO [0m:      	              (144, 0.2060663190978635),
[92mINFO [0m:      	              (145, 0.251878039198045),
[92mINFO [0m:      	              (146, 0.2603806217623251),
[92mINFO [0m:      	              (147, 0.2569268583345747),
[92mINFO [0m:      	              (148, 0.25626478311384476),
[92mINFO [0m:      	              (149, 0.2580305942877098),
[92mINFO [0m:      	              (150, 0.2588766878849908)],
[92mINFO [0m:      	 'recall_actinic_keratoses_an': [(0, 0.0),
[92mINFO [0m:      	                                 (1, 0.0),
[92mINFO [0m:      	                                 (2, 0.0),
[92mINFO [0m:      	                                 (3, 0.0),
[92mINFO [0m:      	                                 (4, 0.0),
[92mINFO [0m:      	                                 (5, 0.0),
[92mINFO [0m:      	                                 (6, 0.0),
[92mINFO [0m:      	                                 (7, 0.0),
[92mINFO [0m:      	                                 (8, 0.0),
[92mINFO [0m:      	                                 (9, 0.0),
[92mINFO [0m:      	                                 (10, 0.0),
[92mINFO [0m:      	                                 (11, 0.0),
[92mINFO [0m:      	                                 (12, 0.0),
[92mINFO [0m:      	                                 (13, 0.0),
[92mINFO [0m:      	                                 (14, 0.0),
[92mINFO [0m:      	                                 (15, 0.0),
[92mINFO [0m:      	                                 (16, 0.0),
[92mINFO [0m:      	                                 (17, 0.0),
[92mINFO [0m:      	                                 (18, 0.0),
[92mINFO [0m:      	                                 (19, 0.0),
[92mINFO [0m:      	                                 (20, 0.0),
[92mINFO [0m:      	                                 (21, 0.0),
[92mINFO [0m:      	                                 (22, 0.0),
[92mINFO [0m:      	                                 (23, 0.0),
[92mINFO [0m:      	                                 (24, 0.0),
[92mINFO [0m:      	                                 (25, 0.0),
[92mINFO [0m:      	                                 (26, 0.0),
[92mINFO [0m:      	                                 (27, 0.0),
[92mINFO [0m:      	                                 (28, 0.0),
[92mINFO [0m:      	                                 (29, 0.0),
[92mINFO [0m:      	                                 (30, 0.9393939393939394),
[92mINFO [0m:      	                                 (31, 0.0),
[92mINFO [0m:      	                                 (32, 0.0),
[92mINFO [0m:      	                                 (33, 0.0),
[92mINFO [0m:      	                                 (34, 0.0),
[92mINFO [0m:      	                                 (35, 0.0),
[92mINFO [0m:      	                                 (36, 0.0),
[92mINFO [0m:      	                                 (37, 0.0),
[92mINFO [0m:      	                                 (38, 0.0),
[92mINFO [0m:      	                                 (39, 0.0),
[92mINFO [0m:      	                                 (40, 0.0),
[92mINFO [0m:      	                                 (41, 0.0),
[92mINFO [0m:      	                                 (42, 0.0),
[92mINFO [0m:      	                                 (43, 0.0),
[92mINFO [0m:      	                                 (44, 0.0),
[92mINFO [0m:      	                                 (45, 0.0),
[92mINFO [0m:      	                                 (46, 0.0),
[92mINFO [0m:      	                                 (47, 1.0),
[92mINFO [0m:      	                                 (48, 0.0),
[92mINFO [0m:      	                                 (49, 0.0),
[92mINFO [0m:      	                                 (50, 0.0),
[92mINFO [0m:      	                                 (51, 0.0),
[92mINFO [0m:      	                                 (52, 0.0),
[92mINFO [0m:      	                                 (53, 0.0),
[92mINFO [0m:      	                                 (54, 0.0),
[92mINFO [0m:      	                                 (55, 0.0),
[92mINFO [0m:      	                                 (56, 0.0),
[92mINFO [0m:      	                                 (57, 0.0),
[92mINFO [0m:      	                                 (58, 0.0),
[92mINFO [0m:      	                                 (59, 0.0),
[92mINFO [0m:      	                                 (60, 0.0),
[92mINFO [0m:      	                                 (61, 0.0),
[92mINFO [0m:      	                                 (62, 0.0),
[92mINFO [0m:      	                                 (63, 0.0),
[92mINFO [0m:      	                                 (64, 0.0),
[92mINFO [0m:      	                                 (65, 0.030303030303030304),
[92mINFO [0m:      	                                 (66, 0.0),
[92mINFO [0m:      	                                 (67, 0.030303030303030304),
[92mINFO [0m:      	                                 (68, 0.0),
[92mINFO [0m:      	                                 (69, 0.0),
[92mINFO [0m:      	                                 (70, 0.0),
[92mINFO [0m:      	                                 (71, 0.0),
[92mINFO [0m:      	                                 (72, 0.0),
[92mINFO [0m:      	                                 (73, 0.0),
[92mINFO [0m:      	                                 (74, 0.0),
[92mINFO [0m:      	                                 (75, 0.0),
[92mINFO [0m:      	                                 (76, 0.0),
[92mINFO [0m:      	                                 (77, 0.0),
[92mINFO [0m:      	                                 (78, 0.0),
[92mINFO [0m:      	                                 (79, 0.0),
[92mINFO [0m:      	                                 (80, 0.0),
[92mINFO [0m:      	                                 (81, 0.0),
[92mINFO [0m:      	                                 (82, 0.0),
[92mINFO [0m:      	                                 (83, 0.0),
[92mINFO [0m:      	                                 (84, 0.0),
[92mINFO [0m:      	                                 (85, 0.030303030303030304),
[92mINFO [0m:      	                                 (86, 0.0),
[92mINFO [0m:      	                                 (87, 0.0),
[92mINFO [0m:      	                                 (88, 0.06060606060606061),
[92mINFO [0m:      	                                 (89, 0.030303030303030304),
[92mINFO [0m:      	                                 (90, 0.0),
[92mINFO [0m:      	                                 (91, 0.0),
[92mINFO [0m:      	                                 (92, 0.030303030303030304),
[92mINFO [0m:      	                                 (93, 0.030303030303030304),
[92mINFO [0m:      	                                 (94, 0.15151515151515152),
[92mINFO [0m:      	                                 (95, 0.0),
[92mINFO [0m:      	                                 (96, 0.030303030303030304),
[92mINFO [0m:      	                                 (97, 0.0),
[92mINFO [0m:      	                                 (98, 0.030303030303030304),
[92mINFO [0m:      	                                 (99, 0.030303030303030304),
[92mINFO [0m:      	                                 (100, 0.030303030303030304),
[92mINFO [0m:      	                                 (101, 0.030303030303030304),
[92mINFO [0m:      	                                 (102, 0.0),
[92mINFO [0m:      	                                 (103, 0.030303030303030304),
[92mINFO [0m:      	                                 (104, 0.0),
[92mINFO [0m:      	                                 (105, 0.0),
[92mINFO [0m:      	                                 (106, 0.06060606060606061),
[92mINFO [0m:      	                                 (107, 0.030303030303030304),
[92mINFO [0m:      	                                 (108, 0.0),
[92mINFO [0m:      	                                 (109, 0.0),
[92mINFO [0m:      	                                 (110, 0.0),
[92mINFO [0m:      	                                 (111, 0.0),
[92mINFO [0m:      	                                 (112, 0.0),
[92mINFO [0m:      	                                 (113, 0.0),
[92mINFO [0m:      	                                 (114, 0.0),
[92mINFO [0m:      	                                 (115, 0.030303030303030304),
[92mINFO [0m:      	                                 (116, 0.09090909090909091),
[92mINFO [0m:      	                                 (117, 0.030303030303030304),
[92mINFO [0m:      	                                 (118, 0.0),
[92mINFO [0m:      	                                 (119, 0.0),
[92mINFO [0m:      	                                 (120, 0.0),
[92mINFO [0m:      	                                 (121, 0.0),
[92mINFO [0m:      	                                 (122, 0.0),
[92mINFO [0m:      	                                 (123, 0.0),
[92mINFO [0m:      	                                 (124, 0.06060606060606061),
[92mINFO [0m:      	                                 (125, 0.0),
[92mINFO [0m:      	                                 (126, 0.0),
[92mINFO [0m:      	                                 (127, 0.0),
[92mINFO [0m:      	                                 (128, 0.0),
[92mINFO [0m:      	                                 (129, 0.030303030303030304),
[92mINFO [0m:      	                                 (130, 0.0),
[92mINFO [0m:      	                                 (131, 0.0),
[92mINFO [0m:      	                                 (132, 0.09090909090909091),
[92mINFO [0m:      	                                 (133, 0.030303030303030304),
[92mINFO [0m:      	                                 (134, 0.0),
[92mINFO [0m:      	                                 (135, 0.0),
[92mINFO [0m:      	                                 (136, 0.030303030303030304),
[92mINFO [0m:      	                                 (137, 0.0),
[92mINFO [0m:      	                                 (138, 0.0),
[92mINFO [0m:      	                                 (139, 0.0),
[92mINFO [0m:      	                                 (140, 0.0),
[92mINFO [0m:      	                                 (141, 0.0),
[92mINFO [0m:      	                                 (142, 0.0),
[92mINFO [0m:      	                                 (143, 0.06060606060606061),
[92mINFO [0m:      	                                 (144, 0.0),
[92mINFO [0m:      	                                 (145, 0.0),
[92mINFO [0m:      	                                 (146, 0.0),
[92mINFO [0m:      	                                 (147, 0.0),
[92mINFO [0m:      	                                 (148, 0.0),
[92mINFO [0m:      	                                 (149, 0.0),
[92mINFO [0m:      	                                 (150, 0.0)],
[92mINFO [0m:      	 'recall_basal_cell_carcinoma': [(0, 0.0),
[92mINFO [0m:      	                                 (1, 0.0),
[92mINFO [0m:      	                                 (2, 0.0),
[92mINFO [0m:      	                                 (3, 0.0),
[92mINFO [0m:      	                                 (4, 0.0),
[92mINFO [0m:      	                                 (5, 0.0),
[92mINFO [0m:      	                                 (6, 0.0),
[92mINFO [0m:      	                                 (7, 0.0),
[92mINFO [0m:      	                                 (8, 0.0),
[92mINFO [0m:      	                                 (9, 0.0),
[92mINFO [0m:      	                                 (10, 1.0),
[92mINFO [0m:      	                                 (11, 0.0),
[92mINFO [0m:      	                                 (12, 0.0),
[92mINFO [0m:      	                                 (13, 0.0),
[92mINFO [0m:      	                                 (14, 0.0),
[92mINFO [0m:      	                                 (15, 0.0),
[92mINFO [0m:      	                                 (16, 0.0),
[92mINFO [0m:      	                                 (17, 0.0),
[92mINFO [0m:      	                                 (18, 0.0),
[92mINFO [0m:      	                                 (19, 0.0),
[92mINFO [0m:      	                                 (20, 0.0),
[92mINFO [0m:      	                                 (21, 0.0),
[92mINFO [0m:      	                                 (22, 0.0),
[92mINFO [0m:      	                                 (23, 0.0),
[92mINFO [0m:      	                                 (24, 0.0),
[92mINFO [0m:      	                                 (25, 0.0),
[92mINFO [0m:      	                                 (26, 0.0),
[92mINFO [0m:      	                                 (27, 0.0),
[92mINFO [0m:      	                                 (28, 0.0),
[92mINFO [0m:      	                                 (29, 0.0),
[92mINFO [0m:      	                                 (30, 0.38461538461538464),
[92mINFO [0m:      	                                 (31, 0.0),
[92mINFO [0m:      	                                 (32, 0.0),
[92mINFO [0m:      	                                 (33, 0.0),
[92mINFO [0m:      	                                 (34, 0.0),
[92mINFO [0m:      	                                 (35, 0.0),
[92mINFO [0m:      	                                 (36, 0.0),
[92mINFO [0m:      	                                 (37, 1.0),
[92mINFO [0m:      	                                 (38, 0.0),
[92mINFO [0m:      	                                 (39, 0.0),
[92mINFO [0m:      	                                 (40, 0.0),
[92mINFO [0m:      	                                 (41, 0.0),
[92mINFO [0m:      	                                 (42, 0.0),
[92mINFO [0m:      	                                 (43, 0.0),
[92mINFO [0m:      	                                 (44, 0.0),
[92mINFO [0m:      	                                 (45, 1.0),
[92mINFO [0m:      	                                 (46, 1.0),
[92mINFO [0m:      	                                 (47, 0.0),
[92mINFO [0m:      	                                 (48, 1.0),
[92mINFO [0m:      	                                 (49, 0.0),
[92mINFO [0m:      	                                 (50, 0.0),
[92mINFO [0m:      	                                 (51, 0.0),
[92mINFO [0m:      	                                 (52, 0.0),
[92mINFO [0m:      	                                 (53, 0.0),
[92mINFO [0m:      	                                 (54, 0.0),
[92mINFO [0m:      	                                 (55, 0.038461538461538464),
[92mINFO [0m:      	                                 (56, 0.0),
[92mINFO [0m:      	                                 (57, 0.0),
[92mINFO [0m:      	                                 (58, 0.0),
[92mINFO [0m:      	                                 (59, 0.019230769230769232),
[92mINFO [0m:      	                                 (60, 0.0),
[92mINFO [0m:      	                                 (61, 0.09615384615384616),
[92mINFO [0m:      	                                 (62, 0.0),
[92mINFO [0m:      	                                 (63, 0.0),
[92mINFO [0m:      	                                 (64, 0.0),
[92mINFO [0m:      	                                 (65, 0.0),
[92mINFO [0m:      	                                 (66, 0.0),
[92mINFO [0m:      	                                 (67, 0.9807692307692307),
[92mINFO [0m:      	                                 (68, 0.0),
[92mINFO [0m:      	                                 (69, 1.0),
[92mINFO [0m:      	                                 (70, 0.0),
[92mINFO [0m:      	                                 (71, 0.0),
[92mINFO [0m:      	                                 (72, 0.0),
[92mINFO [0m:      	                                 (73, 0.0),
[92mINFO [0m:      	                                 (74, 0.0),
[92mINFO [0m:      	                                 (75, 0.019230769230769232),
[92mINFO [0m:      	                                 (76, 0.25),
[92mINFO [0m:      	                                 (77, 0.1346153846153846),
[92mINFO [0m:      	                                 (78, 0.0),
[92mINFO [0m:      	                                 (79, 0.0),
[92mINFO [0m:      	                                 (80, 0.019230769230769232),
[92mINFO [0m:      	                                 (81, 0.019230769230769232),
[92mINFO [0m:      	                                 (82, 0.038461538461538464),
[92mINFO [0m:      	                                 (83, 0.17307692307692307),
[92mINFO [0m:      	                                 (84, 0.0),
[92mINFO [0m:      	                                 (85, 0.057692307692307696),
[92mINFO [0m:      	                                 (86, 0.0),
[92mINFO [0m:      	                                 (87, 0.019230769230769232),
[92mINFO [0m:      	                                 (88, 0.057692307692307696),
[92mINFO [0m:      	                                 (89, 0.15384615384615385),
[92mINFO [0m:      	                                 (90, 0.0),
[92mINFO [0m:      	                                 (91, 0.0),
[92mINFO [0m:      	                                 (92, 0.057692307692307696),
[92mINFO [0m:      	                                 (93, 0.11538461538461539),
[92mINFO [0m:      	                                 (94, 0.11538461538461539),
[92mINFO [0m:      	                                 (95, 0.019230769230769232),
[92mINFO [0m:      	                                 (96, 0.07692307692307693),
[92mINFO [0m:      	                                 (97, 0.019230769230769232),
[92mINFO [0m:      	                                 (98, 0.019230769230769232),
[92mINFO [0m:      	                                 (99, 0.019230769230769232),
[92mINFO [0m:      	                                 (100, 0.019230769230769232),
[92mINFO [0m:      	                                 (101, 0.038461538461538464),
[92mINFO [0m:      	                                 (102, 0.0),
[92mINFO [0m:      	                                 (103, 0.21153846153846154),
[92mINFO [0m:      	                                 (104, 0.0),
[92mINFO [0m:      	                                 (105, 0.0),
[92mINFO [0m:      	                                 (106, 0.0),
[92mINFO [0m:      	                                 (107, 0.0),
[92mINFO [0m:      	                                 (108, 0.0),
[92mINFO [0m:      	                                 (109, 0.0),
[92mINFO [0m:      	                                 (110, 0.0),
[92mINFO [0m:      	                                 (111, 0.0),
[92mINFO [0m:      	                                 (112, 0.057692307692307696),
[92mINFO [0m:      	                                 (113, 0.23076923076923078),
[92mINFO [0m:      	                                 (114, 0.0),
[92mINFO [0m:      	                                 (115, 0.0),
[92mINFO [0m:      	                                 (116, 0.057692307692307696),
[92mINFO [0m:      	                                 (117, 0.07692307692307693),
[92mINFO [0m:      	                                 (118, 0.0),
[92mINFO [0m:      	                                 (119, 0.0),
[92mINFO [0m:      	                                 (120, 0.17307692307692307),
[92mINFO [0m:      	                                 (121, 0.11538461538461539),
[92mINFO [0m:      	                                 (122, 0.019230769230769232),
[92mINFO [0m:      	                                 (123, 0.019230769230769232),
[92mINFO [0m:      	                                 (124, 0.3076923076923077),
[92mINFO [0m:      	                                 (125, 0.17307692307692307),
[92mINFO [0m:      	                                 (126, 0.0),
[92mINFO [0m:      	                                 (127, 0.3076923076923077),
[92mINFO [0m:      	                                 (128, 0.0),
[92mINFO [0m:      	                                 (129, 0.46153846153846156),
[92mINFO [0m:      	                                 (130, 0.0),
[92mINFO [0m:      	                                 (131, 0.0),
[92mINFO [0m:      	                                 (132, 0.07692307692307693),
[92mINFO [0m:      	                                 (133, 0.1346153846153846),
[92mINFO [0m:      	                                 (134, 0.3076923076923077),
[92mINFO [0m:      	                                 (135, 0.0),
[92mINFO [0m:      	                                 (136, 0.07692307692307693),
[92mINFO [0m:      	                                 (137, 1.0),
[92mINFO [0m:      	                                 (138, 0.0),
[92mINFO [0m:      	                                 (139, 0.0),
[92mINFO [0m:      	                                 (140, 0.0),
[92mINFO [0m:      	                                 (141, 0.0),
[92mINFO [0m:      	                                 (142, 0.0),
[92mINFO [0m:      	                                 (143, 0.9807692307692307),
[92mINFO [0m:      	                                 (144, 0.0),
[92mINFO [0m:      	                                 (145, 0.0),
[92mINFO [0m:      	                                 (146, 0.0),
[92mINFO [0m:      	                                 (147, 0.0),
[92mINFO [0m:      	                                 (148, 0.0),
[92mINFO [0m:      	                                 (149, 0.0),
[92mINFO [0m:      	                                 (150, 0.0)],
[92mINFO [0m:      	 'recall_benign_keratosis-lik': [(0, 0.0),
[92mINFO [0m:      	                                 (1, 0.35454545454545455),
[92mINFO [0m:      	                                 (2, 0.43636363636363634),
[92mINFO [0m:      	                                 (3, 0.4909090909090909),
[92mINFO [0m:      	                                 (4, 0.5454545454545454),
[92mINFO [0m:      	                                 (5, 0.44545454545454544),
[92mINFO [0m:      	                                 (6, 0.11818181818181818),
[92mINFO [0m:      	                                 (7, 0.8545454545454545),
[92mINFO [0m:      	                                 (8, 0.5),
[92mINFO [0m:      	                                 (9, 0.6545454545454545),
[92mINFO [0m:      	                                 (10, 0.0),
[92mINFO [0m:      	                                 (11, 0.41818181818181815),
[92mINFO [0m:      	                                 (12, 0.6636363636363637),
[92mINFO [0m:      	                                 (13, 0.5181818181818182),
[92mINFO [0m:      	                                 (14, 0.5454545454545454),
[92mINFO [0m:      	                                 (15, 0.7),
[92mINFO [0m:      	                                 (16, 0.5818181818181818),
[92mINFO [0m:      	                                 (17, 0.5818181818181818),
[92mINFO [0m:      	                                 (18, 0.3),
[92mINFO [0m:      	                                 (19, 0.5545454545454546),
[92mINFO [0m:      	                                 (20, 0.509090909090909),
[92mINFO [0m:      	                                 (21, 0.6181818181818182),
[92mINFO [0m:      	                                 (22, 0.5636363636363636),
[92mINFO [0m:      	                                 (23, 0.6272727272727273),
[92mINFO [0m:      	                                 (24, 0.6272727272727273),
[92mINFO [0m:      	                                 (25, 0.6272727272727273),
[92mINFO [0m:      	                                 (26, 0.6545454545454545),
[92mINFO [0m:      	                                 (27, 0.509090909090909),
[92mINFO [0m:      	                                 (28, 0.5636363636363636),
[92mINFO [0m:      	                                 (29, 0.5545454545454546),
[92mINFO [0m:      	                                 (30, 0.0),
[92mINFO [0m:      	                                 (31, 0.6272727272727273),
[92mINFO [0m:      	                                 (32, 0.43636363636363634),
[92mINFO [0m:      	                                 (33, 0.43636363636363634),
[92mINFO [0m:      	                                 (34, 0.4727272727272727),
[92mINFO [0m:      	                                 (35, 0.6727272727272727),
[92mINFO [0m:      	                                 (36, 0.4818181818181818),
[92mINFO [0m:      	                                 (37, 0.0),
[92mINFO [0m:      	                                 (38, 0.509090909090909),
[92mINFO [0m:      	                                 (39, 0.6181818181818182),
[92mINFO [0m:      	                                 (40, 0.5909090909090909),
[92mINFO [0m:      	                                 (41, 0.5727272727272728),
[92mINFO [0m:      	                                 (42, 0.6),
[92mINFO [0m:      	                                 (43, 0.5363636363636364),
[92mINFO [0m:      	                                 (44, 0.5181818181818182),
[92mINFO [0m:      	                                 (45, 0.0),
[92mINFO [0m:      	                                 (46, 0.0),
[92mINFO [0m:      	                                 (47, 0.0),
[92mINFO [0m:      	                                 (48, 0.0),
[92mINFO [0m:      	                                 (49, 0.2545454545454545),
[92mINFO [0m:      	                                 (50, 0.6545454545454545),
[92mINFO [0m:      	                                 (51, 0.6545454545454545),
[92mINFO [0m:      	                                 (52, 0.6),
[92mINFO [0m:      	                                 (53, 0.7909090909090909),
[92mINFO [0m:      	                                 (54, 0.6090909090909091),
[92mINFO [0m:      	                                 (55, 0.6363636363636364),
[92mINFO [0m:      	                                 (56, 0.6090909090909091),
[92mINFO [0m:      	                                 (57, 0.5727272727272728),
[92mINFO [0m:      	                                 (58, 0.5727272727272728),
[92mINFO [0m:      	                                 (59, 0.6272727272727273),
[92mINFO [0m:      	                                 (60, 0.5727272727272728),
[92mINFO [0m:      	                                 (61, 0.6272727272727273),
[92mINFO [0m:      	                                 (62, 0.6454545454545455),
[92mINFO [0m:      	                                 (63, 0.6272727272727273),
[92mINFO [0m:      	                                 (64, 0.5636363636363636),
[92mINFO [0m:      	                                 (65, 0.6545454545454545),
[92mINFO [0m:      	                                 (66, 0.6272727272727273),
[92mINFO [0m:      	                                 (67, 0.0),
[92mINFO [0m:      	                                 (68, 0.509090909090909),
[92mINFO [0m:      	                                 (69, 0.0),
[92mINFO [0m:      	                                 (70, 0.5454545454545454),
[92mINFO [0m:      	                                 (71, 0.5909090909090909),
[92mINFO [0m:      	                                 (72, 0.6),
[92mINFO [0m:      	                                 (73, 0.6181818181818182),
[92mINFO [0m:      	                                 (74, 0.6090909090909091),
[92mINFO [0m:      	                                 (75, 0.5909090909090909),
[92mINFO [0m:      	                                 (76, 0.6272727272727273),
[92mINFO [0m:      	                                 (77, 0.6),
[92mINFO [0m:      	                                 (78, 0.6363636363636364),
[92mINFO [0m:      	                                 (79, 0.6181818181818182),
[92mINFO [0m:      	                                 (80, 0.6),
[92mINFO [0m:      	                                 (81, 0.5909090909090909),
[92mINFO [0m:      	                                 (82, 0.5909090909090909),
[92mINFO [0m:      	                                 (83, 0.6272727272727273),
[92mINFO [0m:      	                                 (84, 0.5636363636363636),
[92mINFO [0m:      	                                 (85, 0.6090909090909091),
[92mINFO [0m:      	                                 (86, 0.6272727272727273),
[92mINFO [0m:      	                                 (87, 0.6181818181818182),
[92mINFO [0m:      	                                 (88, 0.5545454545454546),
[92mINFO [0m:      	                                 (89, 0.5636363636363636),
[92mINFO [0m:      	                                 (90, 0.5636363636363636),
[92mINFO [0m:      	                                 (91, 0.5727272727272728),
[92mINFO [0m:      	                                 (92, 0.6),
[92mINFO [0m:      	                                 (93, 0.5818181818181818),
[92mINFO [0m:      	                                 (94, 0.6090909090909091),
[92mINFO [0m:      	                                 (95, 0.5818181818181818),
[92mINFO [0m:      	                                 (96, 0.6181818181818182),
[92mINFO [0m:      	                                 (97, 0.5727272727272728),
[92mINFO [0m:      	                                 (98, 0.6),
[92mINFO [0m:      	                                 (99, 0.5636363636363636),
[92mINFO [0m:      	                                 (100, 0.5909090909090909),
[92mINFO [0m:      	                                 (101, 0.5727272727272728),
[92mINFO [0m:      	                                 (102, 0.5727272727272728),
[92mINFO [0m:      	                                 (103, 0.5909090909090909),
[92mINFO [0m:      	                                 (104, 0.4818181818181818),
[92mINFO [0m:      	                                 (105, 0.5545454545454546),
[92mINFO [0m:      	                                 (106, 0.5818181818181818),
[92mINFO [0m:      	                                 (107, 0.5818181818181818),
[92mINFO [0m:      	                                 (108, 0.5818181818181818),
[92mINFO [0m:      	                                 (109, 0.5909090909090909),
[92mINFO [0m:      	                                 (110, 0.5909090909090909),
[92mINFO [0m:      	                                 (111, 0.5181818181818182),
[92mINFO [0m:      	                                 (112, 0.5636363636363636),
[92mINFO [0m:      	                                 (113, 0.5454545454545454),
[92mINFO [0m:      	                                 (114, 0.509090909090909),
[92mINFO [0m:      	                                 (115, 0.5818181818181818),
[92mINFO [0m:      	                                 (116, 0.5636363636363636),
[92mINFO [0m:      	                                 (117, 0.5454545454545454),
[92mINFO [0m:      	                                 (118, 0.6727272727272727),
[92mINFO [0m:      	                                 (119, 0.5636363636363636),
[92mINFO [0m:      	                                 (120, 0.5454545454545454),
[92mINFO [0m:      	                                 (121, 0.5636363636363636),
[92mINFO [0m:      	                                 (122, 0.6181818181818182),
[92mINFO [0m:      	                                 (123, 0.6454545454545455),
[92mINFO [0m:      	                                 (124, 0.4909090909090909),
[92mINFO [0m:      	                                 (125, 0.5363636363636364),
[92mINFO [0m:      	                                 (126, 0.5363636363636364),
[92mINFO [0m:      	                                 (127, 0.4909090909090909),
[92mINFO [0m:      	                                 (128, 0.5909090909090909),
[92mINFO [0m:      	                                 (129, 0.45454545454545453),
[92mINFO [0m:      	                                 (130, 0.5545454545454546),
[92mINFO [0m:      	                                 (131, 0.5909090909090909),
[92mINFO [0m:      	                                 (132, 0.6),
[92mINFO [0m:      	                                 (133, 0.5454545454545454),
[92mINFO [0m:      	                                 (134, 0.5),
[92mINFO [0m:      	                                 (135, 0.5545454545454546),
[92mINFO [0m:      	                                 (136, 0.5818181818181818),
[92mINFO [0m:      	                                 (137, 0.0),
[92mINFO [0m:      	                                 (138, 0.6090909090909091),
[92mINFO [0m:      	                                 (139, 0.6454545454545455),
[92mINFO [0m:      	                                 (140, 0.4909090909090909),
[92mINFO [0m:      	                                 (141, 0.5909090909090909),
[92mINFO [0m:      	                                 (142, 0.6090909090909091),
[92mINFO [0m:      	                                 (143, 0.0),
[92mINFO [0m:      	                                 (144, 0.1),
[92mINFO [0m:      	                                 (145, 0.5363636363636364),
[92mINFO [0m:      	                                 (146, 0.5818181818181818),
[92mINFO [0m:      	                                 (147, 0.6090909090909091),
[92mINFO [0m:      	                                 (148, 0.5454545454545454),
[92mINFO [0m:      	                                 (149, 0.5818181818181818),
[92mINFO [0m:      	                                 (150, 0.5636363636363636)],
[92mINFO [0m:      	 'recall_dermatofibroma': [(0, 0.0),
[92mINFO [0m:      	                           (1, 0.0),
[92mINFO [0m:      	                           (2, 0.0),
[92mINFO [0m:      	                           (3, 0.0),
[92mINFO [0m:      	                           (4, 0.0),
[92mINFO [0m:      	                           (5, 0.0),
[92mINFO [0m:      	                           (6, 0.0),
[92mINFO [0m:      	                           (7, 0.0),
[92mINFO [0m:      	                           (8, 0.0),
[92mINFO [0m:      	                           (9, 0.0),
[92mINFO [0m:      	                           (10, 0.0),
[92mINFO [0m:      	                           (11, 0.0),
[92mINFO [0m:      	                           (12, 0.0),
[92mINFO [0m:      	                           (13, 0.0),
[92mINFO [0m:      	                           (14, 0.0),
[92mINFO [0m:      	                           (15, 0.0),
[92mINFO [0m:      	                           (16, 0.0),
[92mINFO [0m:      	                           (17, 0.0),
[92mINFO [0m:      	                           (18, 0.0),
[92mINFO [0m:      	                           (19, 0.0),
[92mINFO [0m:      	                           (20, 0.0),
[92mINFO [0m:      	                           (21, 0.0),
[92mINFO [0m:      	                           (22, 0.0),
[92mINFO [0m:      	                           (23, 0.0),
[92mINFO [0m:      	                           (24, 0.0),
[92mINFO [0m:      	                           (25, 0.0),
[92mINFO [0m:      	                           (26, 0.0),
[92mINFO [0m:      	                           (27, 0.0),
[92mINFO [0m:      	                           (28, 0.0),
[92mINFO [0m:      	                           (29, 0.0),
[92mINFO [0m:      	                           (30, 0.0),
[92mINFO [0m:      	                           (31, 0.0),
[92mINFO [0m:      	                           (32, 0.0),
[92mINFO [0m:      	                           (33, 0.0),
[92mINFO [0m:      	                           (34, 0.0),
[92mINFO [0m:      	                           (35, 0.0),
[92mINFO [0m:      	                           (36, 0.0),
[92mINFO [0m:      	                           (37, 0.0),
[92mINFO [0m:      	                           (38, 0.0),
[92mINFO [0m:      	                           (39, 0.0),
[92mINFO [0m:      	                           (40, 0.0),
[92mINFO [0m:      	                           (41, 0.0),
[92mINFO [0m:      	                           (42, 0.0),
[92mINFO [0m:      	                           (43, 0.0),
[92mINFO [0m:      	                           (44, 0.0),
[92mINFO [0m:      	                           (45, 0.0),
[92mINFO [0m:      	                           (46, 0.0),
[92mINFO [0m:      	                           (47, 0.0),
[92mINFO [0m:      	                           (48, 0.0),
[92mINFO [0m:      	                           (49, 0.0),
[92mINFO [0m:      	                           (50, 0.0),
[92mINFO [0m:      	                           (51, 0.0),
[92mINFO [0m:      	                           (52, 0.0),
[92mINFO [0m:      	                           (53, 0.0),
[92mINFO [0m:      	                           (54, 0.0),
[92mINFO [0m:      	                           (55, 0.0),
[92mINFO [0m:      	                           (56, 0.0),
[92mINFO [0m:      	                           (57, 0.0),
[92mINFO [0m:      	                           (58, 0.0),
[92mINFO [0m:      	                           (59, 0.0),
[92mINFO [0m:      	                           (60, 0.0),
[92mINFO [0m:      	                           (61, 0.0),
[92mINFO [0m:      	                           (62, 0.0),
[92mINFO [0m:      	                           (63, 0.0),
[92mINFO [0m:      	                           (64, 0.0),
[92mINFO [0m:      	                           (65, 0.0),
[92mINFO [0m:      	                           (66, 0.0),
[92mINFO [0m:      	                           (67, 0.0),
[92mINFO [0m:      	                           (68, 0.0),
[92mINFO [0m:      	                           (69, 0.0),
[92mINFO [0m:      	                           (70, 0.0),
[92mINFO [0m:      	                           (71, 0.0),
[92mINFO [0m:      	                           (72, 0.0),
[92mINFO [0m:      	                           (73, 0.0),
[92mINFO [0m:      	                           (74, 0.0),
[92mINFO [0m:      	                           (75, 0.0),
[92mINFO [0m:      	                           (76, 0.0),
[92mINFO [0m:      	                           (77, 0.0),
[92mINFO [0m:      	                           (78, 0.0),
[92mINFO [0m:      	                           (79, 0.0),
[92mINFO [0m:      	                           (80, 0.0),
[92mINFO [0m:      	                           (81, 0.0),
[92mINFO [0m:      	                           (82, 0.0),
[92mINFO [0m:      	                           (83, 0.0),
[92mINFO [0m:      	                           (84, 0.0),
[92mINFO [0m:      	                           (85, 0.0),
[92mINFO [0m:      	                           (86, 0.0),
[92mINFO [0m:      	                           (87, 0.0),
[92mINFO [0m:      	                           (88, 0.0),
[92mINFO [0m:      	                           (89, 0.0),
[92mINFO [0m:      	                           (90, 0.0),
[92mINFO [0m:      	                           (91, 0.0),
[92mINFO [0m:      	                           (92, 0.0),
[92mINFO [0m:      	                           (93, 0.0),
[92mINFO [0m:      	                           (94, 0.0),
[92mINFO [0m:      	                           (95, 0.0),
[92mINFO [0m:      	                           (96, 0.0),
[92mINFO [0m:      	                           (97, 0.0),
[92mINFO [0m:      	                           (98, 0.0),
[92mINFO [0m:      	                           (99, 0.0),
[92mINFO [0m:      	                           (100, 0.0),
[92mINFO [0m:      	                           (101, 0.0),
[92mINFO [0m:      	                           (102, 0.0),
[92mINFO [0m:      	                           (103, 0.0),
[92mINFO [0m:      	                           (104, 0.0),
[92mINFO [0m:      	                           (105, 0.0),
[92mINFO [0m:      	                           (106, 0.0),
[92mINFO [0m:      	                           (107, 0.0),
[92mINFO [0m:      	                           (108, 0.0),
[92mINFO [0m:      	                           (109, 0.0),
[92mINFO [0m:      	                           (110, 0.0),
[92mINFO [0m:      	                           (111, 0.0),
[92mINFO [0m:      	                           (112, 0.0),
[92mINFO [0m:      	                           (113, 0.0),
[92mINFO [0m:      	                           (114, 0.0),
[92mINFO [0m:      	                           (115, 0.0),
[92mINFO [0m:      	                           (116, 0.0),
[92mINFO [0m:      	                           (117, 0.0),
[92mINFO [0m:      	                           (118, 0.0),
[92mINFO [0m:      	                           (119, 0.0),
[92mINFO [0m:      	                           (120, 0.0),
[92mINFO [0m:      	                           (121, 0.0),
[92mINFO [0m:      	                           (122, 0.0),
[92mINFO [0m:      	                           (123, 0.0),
[92mINFO [0m:      	                           (124, 0.0),
[92mINFO [0m:      	                           (125, 0.0),
[92mINFO [0m:      	                           (126, 0.0),
[92mINFO [0m:      	                           (127, 0.0),
[92mINFO [0m:      	                           (128, 0.0),
[92mINFO [0m:      	                           (129, 0.0),
[92mINFO [0m:      	                           (130, 0.0),
[92mINFO [0m:      	                           (131, 0.0),
[92mINFO [0m:      	                           (132, 0.0),
[92mINFO [0m:      	                           (133, 0.0),
[92mINFO [0m:      	                           (134, 0.0),
[92mINFO [0m:      	                           (135, 0.0),
[92mINFO [0m:      	                           (136, 0.0),
[92mINFO [0m:      	                           (137, 0.08333333333333333),
[92mINFO [0m:      	                           (138, 0.0),
[92mINFO [0m:      	                           (139, 0.0),
[92mINFO [0m:      	                           (140, 0.0),
[92mINFO [0m:      	                           (141, 0.0),
[92mINFO [0m:      	                           (142, 0.0),
[92mINFO [0m:      	                           (143, 0.0),
[92mINFO [0m:      	                           (144, 0.0),
[92mINFO [0m:      	                           (145, 0.0),
[92mINFO [0m:      	                           (146, 0.0),
[92mINFO [0m:      	                           (147, 0.0),
[92mINFO [0m:      	                           (148, 0.0),
[92mINFO [0m:      	                           (149, 0.0),
[92mINFO [0m:      	                           (150, 0.0)],
[92mINFO [0m:      	 'recall_melanocytic_nevi': [(0, 0.0),
[92mINFO [0m:      	                             (1, 0.9865871833084948),
[92mINFO [0m:      	                             (2, 0.9150521609538003),
[92mINFO [0m:      	                             (3, 0.9284649776453056),
[92mINFO [0m:      	                             (4, 0.9538002980625931),
[92mINFO [0m:      	                             (5, 0.8733233979135618),
[92mINFO [0m:      	                             (6, 0.9597615499254843),
[92mINFO [0m:      	                             (7, 0.8315946348733234),
[92mINFO [0m:      	                             (8, 0.9836065573770492),
[92mINFO [0m:      	                             (9, 0.9001490312965723),
[92mINFO [0m:      	                             (10, 0.0),
[92mINFO [0m:      	                             (11, 0.9895678092399404),
[92mINFO [0m:      	                             (12, 0.9001490312965723),
[92mINFO [0m:      	                             (13, 0.9374068554396423),
[92mINFO [0m:      	                             (14, 0.9448584202682563),
[92mINFO [0m:      	                             (15, 0.9210134128166915),
[92mINFO [0m:      	                             (16, 0.9239940387481371),
[92mINFO [0m:      	                             (17, 0.9329359165424739),
[92mINFO [0m:      	                             (18, 0.6855439642324889),
[92mINFO [0m:      	                             (19, 0.9478390461997019),
[92mINFO [0m:      	                             (20, 0.9463487332339792),
[92mINFO [0m:      	                             (21, 0.9329359165424739),
[92mINFO [0m:      	                             (22, 0.9672131147540983),
[92mINFO [0m:      	                             (23, 0.9210134128166915),
[92mINFO [0m:      	                             (24, 0.9329359165424739),
[92mINFO [0m:      	                             (25, 0.9299552906110283),
[92mINFO [0m:      	                             (26, 0.9239940387481371),
[92mINFO [0m:      	                             (27, 0.910581222056632),
[92mINFO [0m:      	                             (28, 0.9284649776453056),
[92mINFO [0m:      	                             (29, 0.9314456035767511),
[92mINFO [0m:      	                             (30, 0.0),
[92mINFO [0m:      	                             (31, 0.9299552906110283),
[92mINFO [0m:      	                             (32, 0.9552906110283159),
[92mINFO [0m:      	                             (33, 0.9359165424739195),
[92mINFO [0m:      	                             (34, 0.9150521609538003),
[92mINFO [0m:      	                             (35, 0.8986587183308494),
[92mINFO [0m:      	                             (36, 0.940387481371088),
[92mINFO [0m:      	                             (37, 0.0),
[92mINFO [0m:      	                             (38, 0.9135618479880775),
[92mINFO [0m:      	                             (39, 0.9239940387481371),
[92mINFO [0m:      	                             (40, 0.8956780923994039),
[92mINFO [0m:      	                             (41, 0.9329359165424739),
[92mINFO [0m:      	                             (42, 0.9388971684053651),
[92mINFO [0m:      	                             (43, 0.9314456035767511),
[92mINFO [0m:      	                             (44, 0.9314456035767511),
[92mINFO [0m:      	                             (45, 0.0),
[92mINFO [0m:      	                             (46, 0.0),
[92mINFO [0m:      	                             (47, 0.0),
[92mINFO [0m:      	                             (48, 0.0),
[92mINFO [0m:      	                             (49, 0.9821162444113264),
[92mINFO [0m:      	                             (50, 0.8703427719821163),
[92mINFO [0m:      	                             (51, 0.9031296572280179),
[92mINFO [0m:      	                             (52, 0.9225037257824144),
[92mINFO [0m:      	                             (53, 0.7883755588673621),
[92mINFO [0m:      	                             (54, 0.9239940387481371),
[92mINFO [0m:      	                             (55, 0.849478390461997),
[92mINFO [0m:      	                             (56, 0.9150521609538003),
[92mINFO [0m:      	                             (57, 0.9284649776453056),
[92mINFO [0m:      	                             (58, 0.910581222056632),
[92mINFO [0m:      	                             (59, 0.842026825633383),
[92mINFO [0m:      	                             (60, 0.9016393442622951),
[92mINFO [0m:      	                             (61, 0.8375558867362146),
[92mINFO [0m:      	                             (62, 0.9239940387481371),
[92mINFO [0m:      	                             (63, 0.9016393442622951),
[92mINFO [0m:      	                             (64, 0.9001490312965723),
[92mINFO [0m:      	                             (65, 0.8941877794336811),
[92mINFO [0m:      	                             (66, 0.910581222056632),
[92mINFO [0m:      	                             (67, 0.0),
[92mINFO [0m:      	                             (68, 0.9478390461997019),
[92mINFO [0m:      	                             (69, 0.0),
[92mINFO [0m:      	                             (70, 0.9388971684053651),
[92mINFO [0m:      	                             (71, 0.9329359165424739),
[92mINFO [0m:      	                             (72, 0.9239940387481371),
[92mINFO [0m:      	                             (73, 0.9284649776453056),
[92mINFO [0m:      	                             (74, 0.9314456035767511),
[92mINFO [0m:      	                             (75, 0.9180327868852459),
[92mINFO [0m:      	                             (76, 0.8822652757078987),
[92mINFO [0m:      	                             (77, 0.9061102831594635),
[92mINFO [0m:      	                             (78, 0.9254843517138599),
[92mINFO [0m:      	                             (79, 0.9135618479880775),
[92mINFO [0m:      	                             (80, 0.9195230998509687),
[92mINFO [0m:      	                             (81, 0.9061102831594635),
[92mINFO [0m:      	                             (82, 0.910581222056632),
[92mINFO [0m:      	                             (83, 0.8435171385991058),
[92mINFO [0m:      	                             (84, 0.9195230998509687),
[92mINFO [0m:      	                             (85, 0.910581222056632),
[92mINFO [0m:      	                             (86, 0.8912071535022354),
[92mINFO [0m:      	                             (87, 0.9016393442622951),
[92mINFO [0m:      	                             (88, 0.9016393442622951),
[92mINFO [0m:      	                             (89, 0.842026825633383),
[92mINFO [0m:      	                             (90, 0.9269746646795827),
[92mINFO [0m:      	                             (91, 0.9120715350223547),
[92mINFO [0m:      	                             (92, 0.8748137108792846),
[92mINFO [0m:      	                             (93, 0.9061102831594635),
[92mINFO [0m:      	                             (94, 0.8479880774962743),
[92mINFO [0m:      	                             (95, 0.9195230998509687),
[92mINFO [0m:      	                             (96, 0.8807749627421758),
[92mINFO [0m:      	                             (97, 0.9254843517138599),
[92mINFO [0m:      	                             (98, 0.9120715350223547),
[92mINFO [0m:      	                             (99, 0.9269746646795827),
[92mINFO [0m:      	                             (100, 0.9046199701937406),
[92mINFO [0m:      	                             (101, 0.8941877794336811),
[92mINFO [0m:      	                             (102, 0.9076005961251863),
[92mINFO [0m:      	                             (103, 0.7093889716840537),
[92mINFO [0m:      	                             (104, 0.9046199701937406),
[92mINFO [0m:      	                             (105, 0.9076005961251863),
[92mINFO [0m:      	                             (106, 0.8822652757078987),
[92mINFO [0m:      	                             (107, 0.8882265275707899),
[92mINFO [0m:      	                             (108, 0.9090909090909091),
[92mINFO [0m:      	                             (109, 0.9031296572280179),
[92mINFO [0m:      	                             (110, 0.9150521609538003),
[92mINFO [0m:      	                             (111, 0.9314456035767511),
[92mINFO [0m:      	                             (112, 0.8658718330849479),
[92mINFO [0m:      	                             (113, 0.7809239940387481),
[92mINFO [0m:      	                             (114, 0.910581222056632),
[92mINFO [0m:      	                             (115, 0.8897168405365127),
[92mINFO [0m:      	                             (116, 0.6706408345752608),
[92mINFO [0m:      	                             (117, 0.8733233979135618),
[92mINFO [0m:      	                             (118, 0.9299552906110283),
[92mINFO [0m:      	                             (119, 0.9210134128166915),
[92mINFO [0m:      	                             (120, 0.6795827123695977),
[92mINFO [0m:      	                             (121, 0.8688524590163934),
[92mINFO [0m:      	                             (122, 0.9090909090909091),
[92mINFO [0m:      	                             (123, 0.8718330849478391),
[92mINFO [0m:      	                             (124, 0.6825633383010432),
[92mINFO [0m:      	                             (125, 0.8435171385991058),
[92mINFO [0m:      	                             (126, 0.9135618479880775),
[92mINFO [0m:      	                             (127, 0.6050670640834576),
[92mINFO [0m:      	                             (128, 0.8956780923994039),
[92mINFO [0m:      	                             (129, 0.5454545454545454),
[92mINFO [0m:      	                             (130, 0.9225037257824144),
[92mINFO [0m:      	                             (131, 0.8897168405365127),
[92mINFO [0m:      	                             (132, 0.7764530551415797),
[92mINFO [0m:      	                             (133, 0.767511177347243),
[92mINFO [0m:      	                             (134, 0.7123695976154992),
[92mINFO [0m:      	                             (135, 0.9225037257824144),
[92mINFO [0m:      	                             (136, 0.8524590163934426),
[92mINFO [0m:      	                             (137, 0.0),
[92mINFO [0m:      	                             (138, 0.9374068554396423),
[92mINFO [0m:      	                             (139, 0.9135618479880775),
[92mINFO [0m:      	                             (140, 0.9344262295081968),
[92mINFO [0m:      	                             (141, 0.9359165424739195),
[92mINFO [0m:      	                             (142, 0.8926974664679582),
[92mINFO [0m:      	                             (143, 0.0014903129657228018),
[92mINFO [0m:      	                             (144, 0.9672131147540983),
[92mINFO [0m:      	                             (145, 0.9344262295081968),
[92mINFO [0m:      	                             (146, 0.9180327868852459),
[92mINFO [0m:      	                             (147, 0.8807749627421758),
[92mINFO [0m:      	                             (148, 0.9076005961251863),
[92mINFO [0m:      	                             (149, 0.9061102831594635),
[92mINFO [0m:      	                             (150, 0.8882265275707899)],
[92mINFO [0m:      	 'recall_melanoma': [(0, 1.0),
[92mINFO [0m:      	                     (1, 0.0),
[92mINFO [0m:      	                     (2, 0.009009009009009009),
[92mINFO [0m:      	                     (3, 0.45045045045045046),
[92mINFO [0m:      	                     (4, 0.36936936936936937),
[92mINFO [0m:      	                     (5, 0.6486486486486487),
[92mINFO [0m:      	                     (6, 0.3063063063063063),
[92mINFO [0m:      	                     (7, 0.22522522522522523),
[92mINFO [0m:      	                     (8, 0.02702702702702703),
[92mINFO [0m:      	                     (9, 0.5315315315315315),
[92mINFO [0m:      	                     (10, 0.0),
[92mINFO [0m:      	                     (11, 0.08108108108108109),
[92mINFO [0m:      	                     (12, 0.36936936936936937),
[92mINFO [0m:      	                     (13, 0.3963963963963964),
[92mINFO [0m:      	                     (14, 0.36036036036036034),
[92mINFO [0m:      	                     (15, 0.2882882882882883),
[92mINFO [0m:      	                     (16, 0.5135135135135135),
[92mINFO [0m:      	                     (17, 0.4594594594594595),
[92mINFO [0m:      	                     (18, 0.36036036036036034),
[92mINFO [0m:      	                     (19, 0.4864864864864865),
[92mINFO [0m:      	                     (20, 0.4594594594594595),
[92mINFO [0m:      	                     (21, 0.3783783783783784),
[92mINFO [0m:      	                     (22, 0.2882882882882883),
[92mINFO [0m:      	                     (23, 0.4594594594594595),
[92mINFO [0m:      	                     (24, 0.35135135135135137),
[92mINFO [0m:      	                     (25, 0.4954954954954955),
[92mINFO [0m:      	                     (26, 0.36936936936936937),
[92mINFO [0m:      	                     (27, 0.45045045045045046),
[92mINFO [0m:      	                     (28, 0.4954954954954955),
[92mINFO [0m:      	                     (29, 0.35135135135135137),
[92mINFO [0m:      	                     (30, 0.0),
[92mINFO [0m:      	                     (31, 0.43243243243243246),
[92mINFO [0m:      	                     (32, 0.34234234234234234),
[92mINFO [0m:      	                     (33, 0.5225225225225225),
[92mINFO [0m:      	                     (34, 0.5945945945945946),
[92mINFO [0m:      	                     (35, 0.35135135135135137),
[92mINFO [0m:      	                     (36, 0.44144144144144143),
[92mINFO [0m:      	                     (37, 0.0),
[92mINFO [0m:      	                     (38, 0.6216216216216216),
[92mINFO [0m:      	                     (39, 0.36036036036036034),
[92mINFO [0m:      	                     (40, 0.5765765765765766),
[92mINFO [0m:      	                     (41, 0.46846846846846846),
[92mINFO [0m:      	                     (42, 0.38738738738738737),
[92mINFO [0m:      	                     (43, 0.40540540540540543),
[92mINFO [0m:      	                     (44, 0.4594594594594595),
[92mINFO [0m:      	                     (45, 0.0),
[92mINFO [0m:      	                     (46, 0.0),
[92mINFO [0m:      	                     (47, 0.0),
[92mINFO [0m:      	                     (48, 0.0),
[92mINFO [0m:      	                     (49, 0.27927927927927926),
[92mINFO [0m:      	                     (50, 0.5675675675675675),
[92mINFO [0m:      	                     (51, 0.4594594594594595),
[92mINFO [0m:      	                     (52, 0.5135135135135135),
[92mINFO [0m:      	                     (53, 0.40540540540540543),
[92mINFO [0m:      	                     (54, 0.4594594594594595),
[92mINFO [0m:      	                     (55, 0.5135135135135135),
[92mINFO [0m:      	                     (56, 0.5045045045045045),
[92mINFO [0m:      	                     (57, 0.4144144144144144),
[92mINFO [0m:      	                     (58, 0.5135135135135135),
[92mINFO [0m:      	                     (59, 0.5675675675675675),
[92mINFO [0m:      	                     (60, 0.5405405405405406),
[92mINFO [0m:      	                     (61, 0.5315315315315315),
[92mINFO [0m:      	                     (62, 0.40540540540540543),
[92mINFO [0m:      	                     (63, 0.5225225225225225),
[92mINFO [0m:      	                     (64, 0.5405405405405406),
[92mINFO [0m:      	                     (65, 0.45045045045045046),
[92mINFO [0m:      	                     (66, 0.46846846846846846),
[92mINFO [0m:      	                     (67, 0.0),
[92mINFO [0m:      	                     (68, 0.44144144144144143),
[92mINFO [0m:      	                     (69, 0.0),
[92mINFO [0m:      	                     (70, 0.3963963963963964),
[92mINFO [0m:      	                     (71, 0.38738738738738737),
[92mINFO [0m:      	                     (72, 0.36036036036036034),
[92mINFO [0m:      	                     (73, 0.44144144144144143),
[92mINFO [0m:      	                     (74, 0.32432432432432434),
[92mINFO [0m:      	                     (75, 0.44144144144144143),
[92mINFO [0m:      	                     (76, 0.3063063063063063),
[92mINFO [0m:      	                     (77, 0.44144144144144143),
[92mINFO [0m:      	                     (78, 0.42342342342342343),
[92mINFO [0m:      	                     (79, 0.44144144144144143),
[92mINFO [0m:      	                     (80, 0.42342342342342343),
[92mINFO [0m:      	                     (81, 0.5135135135135135),
[92mINFO [0m:      	                     (82, 0.45045045045045046),
[92mINFO [0m:      	                     (83, 0.43243243243243246),
[92mINFO [0m:      	                     (84, 0.46846846846846846),
[92mINFO [0m:      	                     (85, 0.3333333333333333),
[92mINFO [0m:      	                     (86, 0.5315315315315315),
[92mINFO [0m:      	                     (87, 0.5135135135135135),
[92mINFO [0m:      	                     (88, 0.5405405405405406),
[92mINFO [0m:      	                     (89, 0.5405405405405406),
[92mINFO [0m:      	                     (90, 0.4774774774774775),
[92mINFO [0m:      	                     (91, 0.5045045045045045),
[92mINFO [0m:      	                     (92, 0.5135135135135135),
[92mINFO [0m:      	                     (93, 0.43243243243243246),
[92mINFO [0m:      	                     (94, 0.4954954954954955),
[92mINFO [0m:      	                     (95, 0.5045045045045045),
[92mINFO [0m:      	                     (96, 0.4954954954954955),
[92mINFO [0m:      	                     (97, 0.44144144144144143),
[92mINFO [0m:      	                     (98, 0.4864864864864865),
[92mINFO [0m:      	                     (99, 0.4774774774774775),
[92mINFO [0m:      	                     (100, 0.5225225225225225),
[92mINFO [0m:      	                     (101, 0.5135135135135135),
[92mINFO [0m:      	                     (102, 0.5315315315315315),
[92mINFO [0m:      	                     (103, 0.5765765765765766),
[92mINFO [0m:      	                     (104, 0.5765765765765766),
[92mINFO [0m:      	                     (105, 0.5315315315315315),
[92mINFO [0m:      	                     (106, 0.5585585585585585),
[92mINFO [0m:      	                     (107, 0.4954954954954955),
[92mINFO [0m:      	                     (108, 0.46846846846846846),
[92mINFO [0m:      	                     (109, 0.46846846846846846),
[92mINFO [0m:      	                     (110, 0.46846846846846846),
[92mINFO [0m:      	                     (111, 0.3963963963963964),
[92mINFO [0m:      	                     (112, 0.5765765765765766),
[92mINFO [0m:      	                     (113, 0.4594594594594595),
[92mINFO [0m:      	                     (114, 0.46846846846846846),
[92mINFO [0m:      	                     (115, 0.5135135135135135),
[92mINFO [0m:      	                     (116, 0.5765765765765766),
[92mINFO [0m:      	                     (117, 0.5945945945945946),
[92mINFO [0m:      	                     (118, 0.35135135135135137),
[92mINFO [0m:      	                     (119, 0.5045045045045045),
[92mINFO [0m:      	                     (120, 0.6306306306306306),
[92mINFO [0m:      	                     (121, 0.5225225225225225),
[92mINFO [0m:      	                     (122, 0.5225225225225225),
[92mINFO [0m:      	                     (123, 0.5315315315315315),
[92mINFO [0m:      	                     (124, 0.5135135135135135),
[92mINFO [0m:      	                     (125, 0.5945945945945946),
[92mINFO [0m:      	                     (126, 0.5495495495495496),
[92mINFO [0m:      	                     (127, 0.6126126126126126),
[92mINFO [0m:      	                     (128, 0.5495495495495496),
[92mINFO [0m:      	                     (129, 0.4144144144144144),
[92mINFO [0m:      	                     (130, 0.44144144144144143),
[92mINFO [0m:      	                     (131, 0.5855855855855856),
[92mINFO [0m:      	                     (132, 0.5945945945945946),
[92mINFO [0m:      	                     (133, 0.5855855855855856),
[92mINFO [0m:      	                     (134, 0.5495495495495496),
[92mINFO [0m:      	                     (135, 0.5225225225225225),
[92mINFO [0m:      	                     (136, 0.5315315315315315),
[92mINFO [0m:      	                     (137, 0.0),
[92mINFO [0m:      	                     (138, 0.36936936936936937),
[92mINFO [0m:      	                     (139, 0.44144144144144143),
[92mINFO [0m:      	                     (140, 0.40540540540540543),
[92mINFO [0m:      	                     (141, 0.4774774774774775),
[92mINFO [0m:      	                     (142, 0.5045045045045045),
[92mINFO [0m:      	                     (143, 0.0),
[92mINFO [0m:      	                     (144, 0.44144144144144143),
[92mINFO [0m:      	                     (145, 0.38738738738738737),
[92mINFO [0m:      	                     (146, 0.4594594594594595),
[92mINFO [0m:      	                     (147, 0.5045045045045045),
[92mINFO [0m:      	                     (148, 0.4774774774774775),
[92mINFO [0m:      	                     (149, 0.4594594594594595),
[92mINFO [0m:      	                     (150, 0.5495495495495496)],
[92mINFO [0m:      	 'recall_vascular_lesions': [(0, 0.0),
[92mINFO [0m:      	                             (1, 0.0),
[92mINFO [0m:      	                             (2, 0.0),
[92mINFO [0m:      	                             (3, 0.0),
[92mINFO [0m:      	                             (4, 0.0),
[92mINFO [0m:      	                             (5, 0.0),
[92mINFO [0m:      	                             (6, 0.0),
[92mINFO [0m:      	                             (7, 0.0),
[92mINFO [0m:      	                             (8, 0.0),
[92mINFO [0m:      	                             (9, 0.0),
[92mINFO [0m:      	                             (10, 0.0),
[92mINFO [0m:      	                             (11, 0.0),
[92mINFO [0m:      	                             (12, 0.0),
[92mINFO [0m:      	                             (13, 0.0),
[92mINFO [0m:      	                             (14, 0.0),
[92mINFO [0m:      	                             (15, 0.0),
[92mINFO [0m:      	                             (16, 0.0),
[92mINFO [0m:      	                             (17, 0.0),
[92mINFO [0m:      	                             (18, 0.0),
[92mINFO [0m:      	                             (19, 0.0),
[92mINFO [0m:      	                             (20, 0.0),
[92mINFO [0m:      	                             (21, 0.0),
[92mINFO [0m:      	                             (22, 0.0),
[92mINFO [0m:      	                             (23, 0.0),
[92mINFO [0m:      	                             (24, 0.0),
[92mINFO [0m:      	                             (25, 0.0),
[92mINFO [0m:      	                             (26, 0.0),
[92mINFO [0m:      	                             (27, 0.0),
[92mINFO [0m:      	                             (28, 0.0),
[92mINFO [0m:      	                             (29, 0.0),
[92mINFO [0m:      	                             (30, 0.2857142857142857),
[92mINFO [0m:      	                             (31, 0.0),
[92mINFO [0m:      	                             (32, 0.0),
[92mINFO [0m:      	                             (33, 0.0),
[92mINFO [0m:      	                             (34, 0.0),
[92mINFO [0m:      	                             (35, 0.0),
[92mINFO [0m:      	                             (36, 0.0),
[92mINFO [0m:      	                             (37, 0.0),
[92mINFO [0m:      	                             (38, 0.0),
[92mINFO [0m:      	                             (39, 0.0),
[92mINFO [0m:      	                             (40, 0.0),
[92mINFO [0m:      	                             (41, 0.0),
[92mINFO [0m:      	                             (42, 0.0),
[92mINFO [0m:      	                             (43, 0.0),
[92mINFO [0m:      	                             (44, 0.0),
[92mINFO [0m:      	                             (45, 0.14285714285714285),
[92mINFO [0m:      	                             (46, 0.07142857142857142),
[92mINFO [0m:      	                             (47, 0.7857142857142857),
[92mINFO [0m:      	                             (48, 0.35714285714285715),
[92mINFO [0m:      	                             (49, 0.0),
[92mINFO [0m:      	                             (50, 0.0),
[92mINFO [0m:      	                             (51, 0.0),
[92mINFO [0m:      	                             (52, 0.0),
[92mINFO [0m:      	                             (53, 0.0),
[92mINFO [0m:      	                             (54, 0.0),
[92mINFO [0m:      	                             (55, 0.0),
[92mINFO [0m:      	                             (56, 0.0),
[92mINFO [0m:      	                             (57, 0.0),
[92mINFO [0m:      	                             (58, 0.0),
[92mINFO [0m:      	                             (59, 0.0),
[92mINFO [0m:      	                             (60, 0.0),
[92mINFO [0m:      	                             (61, 0.0),
[92mINFO [0m:      	                             (62, 0.0),
[92mINFO [0m:      	                             (63, 0.0),
[92mINFO [0m:      	                             (64, 0.0),
[92mINFO [0m:      	                             (65, 0.0),
[92mINFO [0m:      	                             (66, 0.0),
[92mINFO [0m:      	                             (67, 0.7142857142857143),
[92mINFO [0m:      	                             (68, 0.0),
[92mINFO [0m:      	                             (69, 0.0),
[92mINFO [0m:      	                             (70, 0.0),
[92mINFO [0m:      	                             (71, 0.0),
[92mINFO [0m:      	                             (72, 0.0),
[92mINFO [0m:      	                             (73, 0.0),
[92mINFO [0m:      	                             (74, 0.0),
[92mINFO [0m:      	                             (75, 0.0),
[92mINFO [0m:      	                             (76, 0.0),
[92mINFO [0m:      	                             (77, 0.0),
[92mINFO [0m:      	                             (78, 0.0),
[92mINFO [0m:      	                             (79, 0.0),
[92mINFO [0m:      	                             (80, 0.0),
[92mINFO [0m:      	                             (81, 0.0),
[92mINFO [0m:      	                             (82, 0.0),
[92mINFO [0m:      	                             (83, 0.0),
[92mINFO [0m:      	                             (84, 0.0),
[92mINFO [0m:      	                             (85, 0.0),
[92mINFO [0m:      	                             (86, 0.0),
[92mINFO [0m:      	                             (87, 0.0),
[92mINFO [0m:      	                             (88, 0.0),
[92mINFO [0m:      	                             (89, 0.0),
[92mINFO [0m:      	                             (90, 0.0),
[92mINFO [0m:      	                             (91, 0.0),
[92mINFO [0m:      	                             (92, 0.0),
[92mINFO [0m:      	                             (93, 0.0),
[92mINFO [0m:      	                             (94, 0.0),
[92mINFO [0m:      	                             (95, 0.0),
[92mINFO [0m:      	                             (96, 0.0),
[92mINFO [0m:      	                             (97, 0.0),
[92mINFO [0m:      	                             (98, 0.0),
[92mINFO [0m:      	                             (99, 0.0),
[92mINFO [0m:      	                             (100, 0.0),
[92mINFO [0m:      	                             (101, 0.07142857142857142),
[92mINFO [0m:      	                             (102, 0.0),
[92mINFO [0m:      	                             (103, 0.07142857142857142),
[92mINFO [0m:      	                             (104, 0.0),
[92mINFO [0m:      	                             (105, 0.0),
[92mINFO [0m:      	                             (106, 0.0),
[92mINFO [0m:      	                             (107, 0.0),
[92mINFO [0m:      	                             (108, 0.0),
[92mINFO [0m:      	                             (109, 0.0),
[92mINFO [0m:      	                             (110, 0.0),
[92mINFO [0m:      	                             (111, 0.0),
[92mINFO [0m:      	                             (112, 0.0),
[92mINFO [0m:      	                             (113, 0.07142857142857142),
[92mINFO [0m:      	                             (114, 0.0),
[92mINFO [0m:      	                             (115, 0.0),
[92mINFO [0m:      	                             (116, 0.07142857142857142),
[92mINFO [0m:      	                             (117, 0.0),
[92mINFO [0m:      	                             (118, 0.0),
[92mINFO [0m:      	                             (119, 0.0),
[92mINFO [0m:      	                             (120, 0.0),
[92mINFO [0m:      	                             (121, 0.0),
[92mINFO [0m:      	                             (122, 0.0),
[92mINFO [0m:      	                             (123, 0.0),
[92mINFO [0m:      	                             (124, 0.07142857142857142),
[92mINFO [0m:      	                             (125, 0.0),
[92mINFO [0m:      	                             (126, 0.0),
[92mINFO [0m:      	                             (127, 0.0),
[92mINFO [0m:      	                             (128, 0.0),
[92mINFO [0m:      	                             (129, 0.07142857142857142),
[92mINFO [0m:      	                             (130, 0.0),
[92mINFO [0m:      	                             (131, 0.0),
[92mINFO [0m:      	                             (132, 0.0),
[92mINFO [0m:      	                             (133, 0.0),
[92mINFO [0m:      	                             (134, 0.0),
[92mINFO [0m:      	                             (135, 0.0),
[92mINFO [0m:      	                             (136, 0.0),
[92mINFO [0m:      	                             (137, 0.5),
[92mINFO [0m:      	                             (138, 0.0),
[92mINFO [0m:      	                             (139, 0.0),
[92mINFO [0m:      	                             (140, 0.0),
[92mINFO [0m:      	                             (141, 0.0),
[92mINFO [0m:      	                             (142, 0.0),
[92mINFO [0m:      	                             (143, 0.0),
[92mINFO [0m:      	                             (144, 0.0),
[92mINFO [0m:      	                             (145, 0.0),
[92mINFO [0m:      	                             (146, 0.0),
[92mINFO [0m:      	                             (147, 0.0),
[92mINFO [0m:      	                             (148, 0.0),
[92mINFO [0m:      	                             (149, 0.0),
[92mINFO [0m:      	                             (150, 0.0)],
[92mINFO [0m:      	 'worst_class_f1': [(0, 0.0),
[92mINFO [0m:      	                    (1, 0.0),
[92mINFO [0m:      	                    (2, 0.0),
[92mINFO [0m:      	                    (3, 0.0),
[92mINFO [0m:      	                    (4, 0.0),
[92mINFO [0m:      	                    (5, 0.0),
[92mINFO [0m:      	                    (6, 0.0),
[92mINFO [0m:      	                    (7, 0.0),
[92mINFO [0m:      	                    (8, 0.0),
[92mINFO [0m:      	                    (9, 0.0),
[92mINFO [0m:      	                    (10, 0.0),
[92mINFO [0m:      	                    (11, 0.0),
[92mINFO [0m:      	                    (12, 0.0),
[92mINFO [0m:      	                    (13, 0.0),
[92mINFO [0m:      	                    (14, 0.0),
[92mINFO [0m:      	                    (15, 0.0),
[92mINFO [0m:      	                    (16, 0.0),
[92mINFO [0m:      	                    (17, 0.0),
[92mINFO [0m:      	                    (18, 0.0),
[92mINFO [0m:      	                    (19, 0.0),
[92mINFO [0m:      	                    (20, 0.0),
[92mINFO [0m:      	                    (21, 0.0),
[92mINFO [0m:      	                    (22, 0.0),
[92mINFO [0m:      	                    (23, 0.0),
[92mINFO [0m:      	                    (24, 0.0),
[92mINFO [0m:      	                    (25, 0.0),
[92mINFO [0m:      	                    (26, 0.0),
[92mINFO [0m:      	                    (27, 0.0),
[92mINFO [0m:      	                    (28, 0.0),
[92mINFO [0m:      	                    (29, 0.0),
[92mINFO [0m:      	                    (30, 0.0),
[92mINFO [0m:      	                    (31, 0.0),
[92mINFO [0m:      	                    (32, 0.0),
[92mINFO [0m:      	                    (33, 0.0),
[92mINFO [0m:      	                    (34, 0.0),
[92mINFO [0m:      	                    (35, 0.0),
[92mINFO [0m:      	                    (36, 0.0),
[92mINFO [0m:      	                    (37, 0.0),
[92mINFO [0m:      	                    (38, 0.0),
[92mINFO [0m:      	                    (39, 0.0),
[92mINFO [0m:      	                    (40, 0.0),
[92mINFO [0m:      	                    (41, 0.0),
[92mINFO [0m:      	                    (42, 0.0),
[92mINFO [0m:      	                    (43, 0.0),
[92mINFO [0m:      	                    (44, 0.0),
[92mINFO [0m:      	                    (45, 0.0),
[92mINFO [0m:      	                    (46, 0.0),
[92mINFO [0m:      	                    (47, 0.0),
[92mINFO [0m:      	                    (48, 0.0),
[92mINFO [0m:      	                    (49, 0.0),
[92mINFO [0m:      	                    (50, 0.0),
[92mINFO [0m:      	                    (51, 0.0),
[92mINFO [0m:      	                    (52, 0.0),
[92mINFO [0m:      	                    (53, 0.0),
[92mINFO [0m:      	                    (54, 0.0),
[92mINFO [0m:      	                    (55, 0.0),
[92mINFO [0m:      	                    (56, 0.0),
[92mINFO [0m:      	                    (57, 0.0),
[92mINFO [0m:      	                    (58, 0.0),
[92mINFO [0m:      	                    (59, 0.0),
[92mINFO [0m:      	                    (60, 0.0),
[92mINFO [0m:      	                    (61, 0.0),
[92mINFO [0m:      	                    (62, 0.0),
[92mINFO [0m:      	                    (63, 0.0),
[92mINFO [0m:      	                    (64, 0.0),
[92mINFO [0m:      	                    (65, 0.0),
[92mINFO [0m:      	                    (66, 0.0),
[92mINFO [0m:      	                    (67, 0.0),
[92mINFO [0m:      	                    (68, 0.0),
[92mINFO [0m:      	                    (69, 0.0),
[92mINFO [0m:      	                    (70, 0.0),
[92mINFO [0m:      	                    (71, 0.0),
[92mINFO [0m:      	                    (72, 0.0),
[92mINFO [0m:      	                    (73, 0.0),
[92mINFO [0m:      	                    (74, 0.0),
[92mINFO [0m:      	                    (75, 0.0),
[92mINFO [0m:      	                    (76, 0.0),
[92mINFO [0m:      	                    (77, 0.0),
[92mINFO [0m:      	                    (78, 0.0),
[92mINFO [0m:      	                    (79, 0.0),
[92mINFO [0m:      	                    (80, 0.0),
[92mINFO [0m:      	                    (81, 0.0),
[92mINFO [0m:      	                    (82, 0.0),
[92mINFO [0m:      	                    (83, 0.0),
[92mINFO [0m:      	                    (84, 0.0),
[92mINFO [0m:      	                    (85, 0.0),
[92mINFO [0m:      	                    (86, 0.0),
[92mINFO [0m:      	                    (87, 0.0),
[92mINFO [0m:      	                    (88, 0.0),
[92mINFO [0m:      	                    (89, 0.0),
[92mINFO [0m:      	                    (90, 0.0),
[92mINFO [0m:      	                    (91, 0.0),
[92mINFO [0m:      	                    (92, 0.0),
[92mINFO [0m:      	                    (93, 0.0),
[92mINFO [0m:      	                    (94, 0.0),
[92mINFO [0m:      	                    (95, 0.0),
[92mINFO [0m:      	                    (96, 0.0),
[92mINFO [0m:      	                    (97, 0.0),
[92mINFO [0m:      	                    (98, 0.0),
[92mINFO [0m:      	                    (99, 0.0),
[92mINFO [0m:      	                    (100, 0.0),
[92mINFO [0m:      	                    (101, 0.0),
[92mINFO [0m:      	                    (102, 0.0),
[92mINFO [0m:      	                    (103, 0.0),
[92mINFO [0m:      	                    (104, 0.0),
[92mINFO [0m:      	                    (105, 0.0),
[92mINFO [0m:      	                    (106, 0.0),
[92mINFO [0m:      	                    (107, 0.0),
[92mINFO [0m:      	                    (108, 0.0),
[92mINFO [0m:      	                    (109, 0.0),
[92mINFO [0m:      	                    (110, 0.0),
[92mINFO [0m:      	                    (111, 0.0),
[92mINFO [0m:      	                    (112, 0.0),
[92mINFO [0m:      	                    (113, 0.0),
[92mINFO [0m:      	                    (114, 0.0),
[92mINFO [0m:      	                    (115, 0.0),
[92mINFO [0m:      	                    (116, 0.0),
[92mINFO [0m:      	                    (117, 0.0),
[92mINFO [0m:      	                    (118, 0.0),
[92mINFO [0m:      	                    (119, 0.0),
[92mINFO [0m:      	                    (120, 0.0),
[92mINFO [0m:      	                    (121, 0.0),
[92mINFO [0m:      	                    (122, 0.0),
[92mINFO [0m:      	                    (123, 0.0),
[92mINFO [0m:      	                    (124, 0.0),
[92mINFO [0m:      	                    (125, 0.0),
[92mINFO [0m:      	                    (126, 0.0),
[92mINFO [0m:      	                    (127, 0.0),
[92mINFO [0m:      	                    (128, 0.0),
[92mINFO [0m:      	                    (129, 0.0),
[92mINFO [0m:      	                    (130, 0.0),
[92mINFO [0m:      	                    (131, 0.0),
[92mINFO [0m:      	                    (132, 0.0),
[92mINFO [0m:      	                    (133, 0.0),
[92mINFO [0m:      	                    (134, 0.0),
[92mINFO [0m:      	                    (135, 0.0),
[92mINFO [0m:      	                    (136, 0.0),
[92mINFO [0m:      	                    (137, 0.0),
[92mINFO [0m:      	                    (138, 0.0),
[92mINFO [0m:      	                    (139, 0.0),
[92mINFO [0m:      	                    (140, 0.0),
[92mINFO [0m:      	                    (141, 0.0),
[92mINFO [0m:      	                    (142, 0.0),
[92mINFO [0m:      	                    (143, 0.0),
[92mINFO [0m:      	                    (144, 0.0),
[92mINFO [0m:      	                    (145, 0.0),
[92mINFO [0m:      	                    (146, 0.0),
[92mINFO [0m:      	                    (147, 0.0),
[92mINFO [0m:      	                    (148, 0.0),
[92mINFO [0m:      	                    (149, 0.0),
[92mINFO [0m:      	                    (150, 0.0)],
[92mINFO [0m:      	 'worst_class_recall': [(0, 0.0),
[92mINFO [0m:      	                        (1, 0.0),
[92mINFO [0m:      	                        (2, 0.0),
[92mINFO [0m:      	                        (3, 0.0),
[92mINFO [0m:      	                        (4, 0.0),
[92mINFO [0m:      	                        (5, 0.0),
[92mINFO [0m:      	                        (6, 0.0),
[92mINFO [0m:      	                        (7, 0.0),
[92mINFO [0m:      	                        (8, 0.0),
[92mINFO [0m:      	                        (9, 0.0),
[92mINFO [0m:      	                        (10, 0.0),
[92mINFO [0m:      	                        (11, 0.0),
[92mINFO [0m:      	                        (12, 0.0),
[92mINFO [0m:      	                        (13, 0.0),
[92mINFO [0m:      	                        (14, 0.0),
[92mINFO [0m:      	                        (15, 0.0),
[92mINFO [0m:      	                        (16, 0.0),
[92mINFO [0m:      	                        (17, 0.0),
[92mINFO [0m:      	                        (18, 0.0),
[92mINFO [0m:      	                        (19, 0.0),
[92mINFO [0m:      	                        (20, 0.0),
[92mINFO [0m:      	                        (21, 0.0),
[92mINFO [0m:      	                        (22, 0.0),
[92mINFO [0m:      	                        (23, 0.0),
[92mINFO [0m:      	                        (24, 0.0),
[92mINFO [0m:      	                        (25, 0.0),
[92mINFO [0m:      	                        (26, 0.0),
[92mINFO [0m:      	                        (27, 0.0),
[92mINFO [0m:      	                        (28, 0.0),
[92mINFO [0m:      	                        (29, 0.0),
[92mINFO [0m:      	                        (30, 0.0),
[92mINFO [0m:      	                        (31, 0.0),
[92mINFO [0m:      	                        (32, 0.0),
[92mINFO [0m:      	                        (33, 0.0),
[92mINFO [0m:      	                        (34, 0.0),
[92mINFO [0m:      	                        (35, 0.0),
[92mINFO [0m:      	                        (36, 0.0),
[92mINFO [0m:      	                        (37, 0.0),
[92mINFO [0m:      	                        (38, 0.0),
[92mINFO [0m:      	                        (39, 0.0),
[92mINFO [0m:      	                        (40, 0.0),
[92mINFO [0m:      	                        (41, 0.0),
[92mINFO [0m:      	                        (42, 0.0),
[92mINFO [0m:      	                        (43, 0.0),
[92mINFO [0m:      	                        (44, 0.0),
[92mINFO [0m:      	                        (45, 0.0),
[92mINFO [0m:      	                        (46, 0.0),
[92mINFO [0m:      	                        (47, 0.0),
[92mINFO [0m:      	                        (48, 0.0),
[92mINFO [0m:      	                        (49, 0.0),
[92mINFO [0m:      	                        (50, 0.0),
[92mINFO [0m:      	                        (51, 0.0),
[92mINFO [0m:      	                        (52, 0.0),
[92mINFO [0m:      	                        (53, 0.0),
[92mINFO [0m:      	                        (54, 0.0),
[92mINFO [0m:      	                        (55, 0.0),
[92mINFO [0m:      	                        (56, 0.0),
[92mINFO [0m:      	                        (57, 0.0),
[92mINFO [0m:      	                        (58, 0.0),
[92mINFO [0m:      	                        (59, 0.0),
[92mINFO [0m:      	                        (60, 0.0),
[92mINFO [0m:      	                        (61, 0.0),
[92mINFO [0m:      	                        (62, 0.0),
[92mINFO [0m:      	                        (63, 0.0),
[92mINFO [0m:      	                        (64, 0.0),
[92mINFO [0m:      	                        (65, 0.0),
[92mINFO [0m:      	                        (66, 0.0),
[92mINFO [0m:      	                        (67, 0.0),
[92mINFO [0m:      	                        (68, 0.0),
[92mINFO [0m:      	                        (69, 0.0),
[92mINFO [0m:      	                        (70, 0.0),
[92mINFO [0m:      	                        (71, 0.0),
[92mINFO [0m:      	                        (72, 0.0),
[92mINFO [0m:      	                        (73, 0.0),
[92mINFO [0m:      	                        (74, 0.0),
[92mINFO [0m:      	                        (75, 0.0),
[92mINFO [0m:      	                        (76, 0.0),
[92mINFO [0m:      	                        (77, 0.0),
[92mINFO [0m:      	                        (78, 0.0),
[92mINFO [0m:      	                        (79, 0.0),
[92mINFO [0m:      	                        (80, 0.0),
[92mINFO [0m:      	                        (81, 0.0),
[92mINFO [0m:      	                        (82, 0.0),
[92mINFO [0m:      	                        (83, 0.0),
[92mINFO [0m:      	                        (84, 0.0),
[92mINFO [0m:      	                        (85, 0.0),
[92mINFO [0m:      	                        (86, 0.0),
[92mINFO [0m:      	                        (87, 0.0),
[92mINFO [0m:      	                        (88, 0.0),
[92mINFO [0m:      	                        (89, 0.0),
[92mINFO [0m:      	                        (90, 0.0),
[92mINFO [0m:      	                        (91, 0.0),
[92mINFO [0m:      	                        (92, 0.0),
[92mINFO [0m:      	                        (93, 0.0),
[92mINFO [0m:      	                        (94, 0.0),
[92mINFO [0m:      	                        (95, 0.0),
[92mINFO [0m:      	                        (96, 0.0),
[92mINFO [0m:      	                        (97, 0.0),
[92mINFO [0m:      	                        (98, 0.0),
[92mINFO [0m:      	                        (99, 0.0),
[92mINFO [0m:      	                        (100, 0.0),
[92mINFO [0m:      	                        (101, 0.0),
[92mINFO [0m:      	                        (102, 0.0),
[92mINFO [0m:      	                        (103, 0.0),
[92mINFO [0m:      	                        (104, 0.0),
[92mINFO [0m:      	                        (105, 0.0),
[92mINFO [0m:      	                        (106, 0.0),
[92mINFO [0m:      	                        (107, 0.0),
[92mINFO [0m:      	                        (108, 0.0),
[92mINFO [0m:      	                        (109, 0.0),
[92mINFO [0m:      	                        (110, 0.0),
[92mINFO [0m:      	                        (111, 0.0),
[92mINFO [0m:      	                        (112, 0.0),
[92mINFO [0m:      	                        (113, 0.0),
[92mINFO [0m:      	                        (114, 0.0),
[92mINFO [0m:      	                        (115, 0.0),
[92mINFO [0m:      	                        (116, 0.0),
[92mINFO [0m:      	                        (117, 0.0),
[92mINFO [0m:      	                        (118, 0.0),
[92mINFO [0m:      	                        (119, 0.0),
[92mINFO [0m:      	                        (120, 0.0),
[92mINFO [0m:      	                        (121, 0.0),
[92mINFO [0m:      	                        (122, 0.0),
[92mINFO [0m:      	                        (123, 0.0),
[92mINFO [0m:      	                        (124, 0.0),
[92mINFO [0m:      	                        (125, 0.0),
[92mINFO [0m:      	                        (126, 0.0),
[92mINFO [0m:      	                        (127, 0.0),
[92mINFO [0m:      	                        (128, 0.0),
[92mINFO [0m:      	                        (129, 0.0),
[92mINFO [0m:      	                        (130, 0.0),
[92mINFO [0m:      	                        (131, 0.0),
[92mINFO [0m:      	                        (132, 0.0),
[92mINFO [0m:      	                        (133, 0.0),
[92mINFO [0m:      	                        (134, 0.0),
[92mINFO [0m:      	                        (135, 0.0),
[92mINFO [0m:      	                        (136, 0.0),
[92mINFO [0m:      	                        (137, 0.0),
[92mINFO [0m:      	                        (138, 0.0),
[92mINFO [0m:      	                        (139, 0.0),
[92mINFO [0m:      	                        (140, 0.0),
[92mINFO [0m:      	                        (141, 0.0),
[92mINFO [0m:      	                        (142, 0.0),
[92mINFO [0m:      	                        (143, 0.0),
[92mINFO [0m:      	                        (144, 0.0),
[92mINFO [0m:      	                        (145, 0.0),
[92mINFO [0m:      	                        (146, 0.0),
[92mINFO [0m:      	                        (147, 0.0),
[92mINFO [0m:      	                        (148, 0.0),
[92mINFO [0m:      	                        (149, 0.0),
[92mINFO [0m:      	                        (150, 0.0)]}
[92mINFO [0m:      
/home/bk489/federated_clean/cleanest_federated/fl-dermamnist-starter/metrics/evaluation.py:68: UserWarning: AUROC set to NaN because present classes are [2, 4, 5], expected [0, 1, 2, 3, 4, 5, 6]
  warnings.warn(f'AUROC set to NaN because present classes are {present_classes}, expected {labels}')
/home/bk489/federated_clean/.venv/lib/python3.9/site-packages/sklearn/metrics/_classification.py:2524: UserWarning: y_pred contains classes not in y_true
  warnings.warn("y_pred contains classes not in y_true")
/home/bk489/federated_clean/cleanest_federated/fl-dermamnist-starter/metrics/evaluation.py:68: UserWarning: AUROC set to NaN because present classes are [2, 4, 5], expected [0, 1, 2, 3, 4, 5, 6]
  warnings.warn(f'AUROC set to NaN because present classes are {present_classes}, expected {labels}')
/home/bk489/federated_clean/.venv/lib/python3.9/site-packages/sklearn/metrics/_classification.py:2524: UserWarning: y_pred contains classes not in y_true
  warnings.warn("y_pred contains classes not in y_true")
/home/bk489/federated_clean/cleanest_federated/fl-dermamnist-starter/metrics/evaluation.py:68: UserWarning: AUROC set to NaN because present classes are [2, 4, 5], expected [0, 1, 2, 3, 4, 5, 6]
  warnings.warn(f'AUROC set to NaN because present classes are {present_classes}, expected {labels}')
/home/bk489/federated_clean/.venv/lib/python3.9/site-packages/sklearn/metrics/_classification.py:2524: UserWarning: y_pred contains classes not in y_true
  warnings.warn("y_pred contains classes not in y_true")
/home/bk489/federated_clean/cleanest_federated/fl-dermamnist-starter/metrics/evaluation.py:68: UserWarning: AUROC set to NaN because present classes are [0, 1], expected [0, 1, 2, 3, 4, 5, 6]
  warnings.warn(f'AUROC set to NaN because present classes are {present_classes}, expected {labels}')
/home/bk489/federated_clean/.venv/lib/python3.9/site-packages/sklearn/metrics/_classification.py:2524: UserWarning: y_pred contains classes not in y_true
  warnings.warn("y_pred contains classes not in y_true")
/home/bk489/federated_clean/cleanest_federated/fl-dermamnist-starter/metrics/evaluation.py:68: UserWarning: AUROC set to NaN because present classes are [0, 1, 3, 6], expected [0, 1, 2, 3, 4, 5, 6]
  warnings.warn(f'AUROC set to NaN because present classes are {present_classes}, expected {labels}')
/home/bk489/federated_clean/.venv/lib/python3.9/site-packages/sklearn/metrics/_classification.py:2524: UserWarning: y_pred contains classes not in y_true
  warnings.warn("y_pred contains classes not in y_true")
/home/bk489/federated_clean/cleanest_federated/fl-dermamnist-starter/metrics/evaluation.py:68: UserWarning: AUROC set to NaN because present classes are [0, 1, 3, 6], expected [0, 1, 2, 3, 4, 5, 6]
  warnings.warn(f'AUROC set to NaN because present classes are {present_classes}, expected {labels}')
/home/bk489/federated_clean/.venv/lib/python3.9/site-packages/sklearn/metrics/_classification.py:2524: UserWarning: y_pred contains classes not in y_true
  warnings.warn("y_pred contains classes not in y_true")
/home/bk489/federated_clean/cleanest_federated/fl-dermamnist-starter/metrics/evaluation.py:68: UserWarning: AUROC set to NaN because present classes are [0, 1, 6], expected [0, 1, 2, 3, 4, 5, 6]
  warnings.warn(f'AUROC set to NaN because present classes are {present_classes}, expected {labels}')
/home/bk489/federated_clean/.venv/lib/python3.9/site-packages/sklearn/metrics/_classification.py:2524: UserWarning: y_pred contains classes not in y_true
  warnings.warn("y_pred contains classes not in y_true")
/home/bk489/federated_clean/cleanest_federated/fl-dermamnist-starter/metrics/evaluation.py:68: UserWarning: AUROC set to NaN because present classes are [0, 1, 3, 6], expected [0, 1, 2, 3, 4, 5, 6]
  warnings.warn(f'AUROC set to NaN because present classes are {present_classes}, expected {labels}')
/home/bk489/federated_clean/.venv/lib/python3.9/site-packages/sklearn/metrics/_classification.py:2524: UserWarning: y_pred contains classes not in y_true
  warnings.warn("y_pred contains classes not in y_true")
/home/bk489/federated_clean/cleanest_federated/fl-dermamnist-starter/metrics/evaluation.py:68: UserWarning: AUROC set to NaN because present classes are [0, 1, 3, 6], expected [0, 1, 2, 3, 4, 5, 6]
  warnings.warn(f'AUROC set to NaN because present classes are {present_classes}, expected {labels}')
/home/bk489/federated_clean/.venv/lib/python3.9/site-packages/sklearn/metrics/_classification.py:2524: UserWarning: y_pred contains classes not in y_true
  warnings.warn("y_pred contains classes not in y_true")
/home/bk489/federated_clean/cleanest_federated/fl-dermamnist-starter/metrics/evaluation.py:68: UserWarning: AUROC set to NaN because present classes are [0, 1, 3], expected [0, 1, 2, 3, 4, 5, 6]
  warnings.warn(f'AUROC set to NaN because present classes are {present_classes}, expected {labels}')
/home/bk489/federated_clean/.venv/lib/python3.9/site-packages/sklearn/metrics/_classification.py:2524: UserWarning: y_pred contains classes not in y_true
  warnings.warn("y_pred contains classes not in y_true")
[36m(ClientAppActor pid=440478)[0m /home/bk489/federated_clean/cleanest_federated/fl-dermamnist-starter/metrics/evaluation.py:68: UserWarning: AUROC set to NaN because present classes are [0, 1, 6], expected [0, 1, 2, 3, 4, 5, 6][32m [repeated 10x across cluster][0m
[36m(ClientAppActor pid=440478)[0m   warnings.warn(f'AUROC set to NaN because present classes are {present_classes}, expected {labels}')[32m [repeated 10x across cluster][0m
[36m(ClientAppActor pid=440478)[0m /home/bk489/federated_clean/.venv/lib/python3.9/site-packages/sklearn/metrics/_classification.py:2524: UserWarning: y_pred contains classes not in y_true[32m [repeated 7x across cluster][0m
[36m(ClientAppActor pid=440478)[0m   warnings.warn("y_pred contains classes not in y_true")[32m [repeated 7x across cluster][0m
[36m(ClientAppActor pid=440478)[0m [93mWARNING [0m:   DEPRECATED FEATURE: `client_fn` now expects a signature `def client_fn(context: Context)`.The provided `client_fn` has signature: {'cid': <Parameter "cid: 'str'">}. You can import the `Context` like this: `from flwr.common import Context`[32m [repeated 9x across cluster][0m
[36m(ClientAppActor pid=440478)[0m             This is a deprecated feature. It will be removed[32m [repeated 9x across cluster][0m
[36m(ClientAppActor pid=440478)[0m             entirely in future versions of Flower.[32m [repeated 9x across cluster][0m
