{
  "E": 20,
  "n_pairs": 10,
  "paired_seeds": [
    42,
    123,
    456,
    789,
    999,
    2024,
    31337,
    161803,
    271828,
    8675309
  ],
  "missing_fedavg_seeds": [],
  "missing_fedprox_seeds": [],
  "fedavg_mean": 0.4814123698119178,
  "fedavg_std": 0.025357813661980186,
  "fedprox_mean": 0.5081052924939176,
  "fedprox_std": 0.01402370739936552,
  "mean_diff": 0.02669292268199975,
  "std_diff": 0.03494188285737848,
  "diffs_per_seed": [
    0.06845445893383356,
    0.0014142243420569578,
    0.0003861618772313946,
    -0.020030806733578488,
    0.027244807235462354,
    0.03720228721501767,
    0.04044597466543559,
    0.012684046722197306,
    0.0038043187030564196,
    0.09532375385928471
  ],
  "wilcoxon_stat": 5.0,
  "wilcoxon_p_two_sided": 0.01953125,
  "wilcoxon_p_greater": 0.009765625,
  "wilcoxon_significance": "*",
  "rank_biserial": 0.8181818181818182
}