seed,round,a_eff,mean_tau,global_update_norm,straggler_share,dominating_cid,max_contribution_share,server_lr,max_amp,source
123,1,438.72827172827175,438.72827172827175,0.92192574462552,0.2487931590401873,0,0.2487931590401873,1.0,2.830504978892076,logged
123,2,466.51519908662766,466.51519908662766,0.5850640797764605,0.0335066197314387,2,0.2751281971196364,1.0,5.30130908052986,logged
123,3,502.7992007992008,502.7992007992008,0.5188902185280981,0.2764809225462432,1,0.2764809225462432,1.0,4.054832264509684,logged
123,4,415.31811046096755,415.31811046096755,0.5396917593744367,0.3788363810736639,4,0.3788363810736639,1.0,5.933115863728108,logged
123,5,481.0323961752533,481.0323961752533,0.4093305204360837,0.2346578722207745,5,0.2346578722207745,1.0,3.4359456869660954,logged
123,6,431.2386185243328,431.2386185243328,0.4139567926875187,0.3453319546541989,5,0.3453319546541989,1.0,12.321103386409508,logged
123,7,477.1975167689453,477.1975167689453,0.5186659228720191,0.3591915102119338,2,0.3591915102119338,1.0,4.544738254942336,logged
123,8,503.59954331382903,503.59954331382903,0.5208897408213986,0.1674390099576284,5,0.3141867530292472,1.0,22.890888332446774,logged
123,9,466.88054802340514,466.88054802340514,0.4627888607750547,0.0863135457796077,2,0.3113104134309079,1.0,10.61092154598648,logged
123,10,466.3368060510917,466.3368060510917,0.3339455932882592,0.2399929975993616,3,0.2399929975993616,1.0,2.664781748863381,logged
123,11,444.27329813044093,444.27329813044093,0.3027178561248451,0.2258546623361179,5,0.2258546623361179,1.0,2.1155871339544805,logged
123,12,534.4671043242472,534.4671043242472,0.3316655338556412,0.17474075505236,5,0.17474075505236,1.0,1.3882262449980447,logged
123,13,427.8214642500356,427.8214642500356,0.589227793575358,0.3351773866765978,4,0.3664828929246179,1.0,12.223470407143877,logged
123,14,512.2621664050235,512.2621664050235,0.5384895982182696,0.2153012468024184,0,0.2153012468024184,1.0,1.8360651125628085,logged
123,15,457.41273012701583,457.41273012701583,0.310634616851956,0.2248856866153313,2,0.2248856866153313,1.0,1.8669907352123096,logged
123,16,424.01969459112314,424.01969459112314,0.4029169372445847,0.3444506191365072,1,0.3444506191365072,1.0,6.839027332114889,logged
123,17,507.8846867418296,507.8846867418296,0.387989769557468,0.2399885184039978,3,0.2399885184039978,1.0,2.4184985082944266,logged
123,18,476.02854288568574,476.02854288568574,0.3016961045341667,0.2496802606371883,3,0.2496802606371883,1.0,2.7201631022039185,logged
123,19,484.1669758812616,484.1669758812616,0.31178288390073,0.263256092588339,4,0.263256092588339,1.0,2.766668433607209,logged
123,20,488.7418295989725,488.7418295989725,0.3385741052995809,0.3436491216693512,5,0.3436491216693512,1.0,4.654684091418786,logged
123,21,501.1280148423005,501.1280148423005,0.2796270040648914,0.0506997660927213,5,0.1966675652324943,1.0,2.8473182661494345,logged
123,22,507.57371200228346,507.57371200228346,0.7791175560887832,0.5998846090921504,5,0.5998846090921504,1.0,14.5021060572081,logged
123,23,458.54830883402315,458.54830883402315,0.6392399400250456,0.2248974676279954,4,0.2248974676279954,1.0,2.18356337540011,logged
123,24,479.895818467247,479.895818467247,0.2949739153808042,0.2789516522101558,5,0.2789516522101558,1.0,2.74226181981284,logged
123,25,514.5979734551163,514.5979734551163,0.2593216556448299,0.0772163924891952,2,0.2390557816673753,1.0,5.847704243808139,logged
123,26,448.5571571285857,448.5571571285857,0.2440430497197727,0.2419235107799917,0,0.2419235107799917,1.0,2.411597618970891,logged
123,27,427.4511203082632,427.4511203082632,0.3527856092509877,0.3918873629489264,0,0.3918873629489264,1.0,6.894372908197793,logged
123,28,366.9212216355073,366.9212216355073,0.9138888243083672,0.4939817114746322,3,0.4939817114746322,1.0,10.483463475300209,logged
123,29,473.30769230769226,473.30769230769226,0.8685609556334036,0.3566742388303863,6,0.3566742388303863,1.0,10.756993006993008,logged
123,30,576.0392464678179,576.0392464678179,0.3988459355942303,0.0002502824874723,4,0.2373966169331436,1.0,2.618360211217354,logged
123,31,409.75567289853007,409.75567289853007,1.0704497628739411,0.5166880689081519,4,0.5166880689081519,1.0,11.707304939958002,logged
123,32,500.6828885400314,500.6828885400314,0.8210040482386425,0.3183946216840976,3,0.3183946216840976,1.0,2.3842042311430065,logged
123,33,394.1535607249893,394.1535607249893,0.3569022821437965,0.333414063614872,4,0.333414063614872,1.0,2.815382576607066,logged
123,34,525.188097616669,525.188097616669,0.4039455122673367,0.4948793316557212,1,0.4948793316557212,1.0,5.6471838453405265,logged
123,35,475.07706579135146,475.07706579135146,0.2623134805354218,0.1332396877461362,1,0.2421032168680484,1.0,5.3986030203562665,logged
123,36,562.467389753104,562.467389753104,0.1924773372762672,0.2466789803386694,4,0.2466789803386694,1.0,1.4609542590989717,logged
123,37,508.1742543171114,508.1742543171114,0.1580316494079433,0.2056528160020503,4,0.2056528160020503,1.0,1.4519264409060324,logged
123,38,437.2447552447552,437.2447552447552,0.7015326730250588,0.6836585976601031,5,0.6836585976601031,1.0,12.49270729270729,logged
123,39,489.4238618524332,489.4238618524332,0.5634495028023653,0.2872328926939271,6,0.2872328926939271,1.0,11.1232695875553,logged
123,40,501.8423005565863,501.8423005565863,0.9583833047806092,0.7343320820387292,5,0.7343320820387292,1.0,14.338351444473894,logged
123,41,357.50834879406307,357.50834879406307,1.7623359031070236,0.468157840317298,1,0.468157840317298,1.0,11.532527380453647,logged
123,42,512.9494790923363,512.9494790923363,0.855087641190803,0.3400178514119457,5,0.3400178514119457,1.0,2.0936713432340257,logged
123,43,451.7853574996432,451.7853574996432,0.4255188170401164,0.3341353713169295,3,0.3341353713169295,1.0,2.581630614283675,logged
123,44,491.3552162123591,491.3552162123591,0.253439119201975,0.0547848966975512,1,0.2772985394387564,1.0,2.791791001206586,logged
123,45,496.0184101612673,496.0184101612673,0.4105834830767951,0.5623448528771943,2,0.5623448528771943,1.0,4.723984858678736,logged
123,46,387.8467247038676,387.8467247038676,0.5345201978313358,0.4142017510732695,5,0.4142017510732695,1.0,5.540667495769537,logged
123,47,429.9210789210789,429.9210789210789,1.0747028300063817,0.7522834558156277,2,0.7522834558156277,1.0,12.283459397745112,logged
123,48,535.8341658341658,535.8341658341658,0.9942210885904944,0.5481871114326413,1,0.5481871114326413,1.0,8.642486545712352,logged
123,49,499.82446125303267,499.82446125303267,0.5256714737694234,0.4578236891005249,2,0.4578236891005249,1.0,3.570174723235948,logged
123,50,465.3946053946053,465.3946053946053,0.2261999893588768,0.3189350477007242,4,0.3189350477007242,1.0,1.8995698179371645,logged
123,51,516.482374768089,516.482374768089,0.1928611534204784,0.1056256809702308,4,0.3889745607826456,1.0,3.912745263394614,logged
123,52,499.10675039246473,499.10675039246473,0.2181511648648877,0.3421338649936226,1,0.3421338649936226,1.0,2.6833696257659394,logged
123,53,430.4021692593122,430.4021692593122,0.4105134619800919,0.4873506567529866,3,0.4873506567529866,1.0,6.1486024179901735,logged
123,54,582.8932496075354,582.8932496075354,0.201688984827001,0.1118454686812008,4,0.2045697480289895,1.0,3.311893463679178,logged
123,55,419.29399172256313,419.29399172256313,0.2410453948232702,0.4438940080789272,2,0.4438940080789272,1.0,3.9932761116434583,logged
123,56,472.93064078778366,472.93064078778366,0.5154976414292154,0.4119407777430273,0,0.4119407777430273,1.0,7.627913561093285,logged
123,57,446.4023119737405,446.4023119737405,0.3730328434644776,0.169003442019529,5,0.3411934554484879,1.0,3.60001864494952,logged
123,58,439.1148851148851,439.1148851148851,0.2086006078440222,0.3696648225089022,4,0.3696648225089022,1.0,3.13653489367775,logged
123,59,342.8895390323962,342.8895390323962,0.5825102876679116,0.5103839469086038,1,0.5103839469086038,1.0,11.06095287201278,logged
123,60,401.2450406736121,401.2450406736121,0.6327778135904937,0.5215886153118748,0,0.5215886153118748,1.0,12.943388408826197,logged
123,61,435.40616526330814,435.40616526330814,0.8452129484123095,0.7007196725960914,5,0.7007196725960914,1.0,12.440176150380232,logged
123,62,448.9275010703582,448.9275010703582,1.0743159187172124,0.621165263241433,1,0.621165263241433,1.0,14.4815322925922,logged
123,63,402.08619951477095,402.08619951477095,0.8994925272804811,0.3131365896610569,3,0.3838421055752941,1.0,6.485261282496306,logged
123,64,384.51177394034534,384.51177394034534,0.5528149552541772,0.3403858344669485,0,0.3403858344669485,1.0,4.1345352036596275,logged
123,65,480.9210789210789,480.9210789210789,0.2640060411845571,0.3341124806535193,3,0.3341124806535193,1.0,2.7481204509775936,logged
123,66,478.0515199086627,478.0515199086627,0.1722657784006959,0.2377685983374242,0,0.2377685983374242,1.0,2.570169461874531,logged
123,67,491.6649065220494,491.6649065220494,0.1595205891179396,0.3901037245294182,0,0.3901037245294182,1.0,5.286719424968274,logged
123,68,528.0736406450692,528.0736406450692,0.311862128061358,0.5634119364604124,5,0.5634119364604124,1.0,3.771954576036209,logged
123,69,403.16711859568994,403.16711859568994,0.1572420330584097,0.2717104756868429,4,0.2717104756868429,1.0,1.9198434218842375,logged
123,70,492.9791636934494,492.9791636934494,0.5188500296543807,0.6807212422617428,0,0.6807212422617428,1.0,15.902553667530626,logged
123,71,424.4521193092622,424.4521193092622,0.7266012956762864,0.121783729101588,4,0.5439930076650732,1.0,6.431092716807003,logged
123,72,467.0228343085486,467.0228343085486,0.689710922495153,0.4974430090046547,1,0.4974430090046547,1.0,7.532626359815301,logged
123,73,444.1458541458541,444.1458541458541,0.7315667567298499,0.2717082660440838,2,0.4829117001219744,1.0,7.163642808804099,logged
123,74,539.5567289853004,539.5567289853004,0.3338751885411686,0.3648569670706669,3,0.3648569670706669,1.0,3.083181308487431,logged
123,75,449.4505494505494,449.4505494505494,0.147552466121553,0.2171314593974986,4,0.3366011342467661,1.0,2.1402407116692825,logged
123,76,477.26915941201656,477.26915941201656,0.2169949791136655,0.4692020623011358,3,0.4692020623011358,1.0,4.545420565828729,logged
123,77,494.91365777080057,494.91365777080057,0.154605076692926,0.2021515896063817,5,0.2248471583472818,1.0,1.7675487777528591,logged
123,78,604.6950192664477,604.6950192664477,0.0878771150110076,0.0675835337561169,0,0.2162575819941062,1.0,1.616831602316705,logged
123,79,443.9437705151991,443.9437705151991,0.3124365216673571,0.6216433757076651,5,0.6216433757076651,1.0,6.342053864502844,logged
123,80,499.2704438418724,499.2704438418724,0.2969862054320847,0.2632699482189856,0,0.2658786158112231,1.0,5.673527770930368,logged
123,81,541.8315969744541,541.8315969744541,0.1629499418357965,0.0477540659848842,2,0.2671078749373728,1.0,2.7365232170426976,logged
123,82,411.6503496503497,411.6503496503497,0.2942936092594906,0.5289378291144602,5,0.5289378291144602,1.0,5.880719280719282,logged
123,83,500.3325246182389,500.3325246182389,0.1967877995359336,0.2923587925946367,4,0.2923587925946367,1.0,2.382535831515423,logged
123,84,485.8244612530327,485.8244612530327,0.1727911101927383,0.0625419916409812,2,0.4453629104833272,1.0,2.453658895217337,logged
123,85,428.001998001998,428.001998001998,0.1339248404012783,0.336415745789755,3,0.336415745789755,1.0,2.44572570286856,logged
123,86,443.2801484230056,443.2801484230056,0.1419550705871501,0.3265867507840016,2,0.3265867507840016,1.0,6.33257354890008,logged
123,87,334.5317539603253,334.5317539603253,0.4045659381082674,0.395281260953045,0,0.395281260953045,1.0,10.791346901945978,logged
123,88,495.61524190095616,495.61524190095616,0.4354487248389075,0.467593588529762,3,0.467593588529762,1.0,2.8320870965768923,logged
123,89,417.0498073355216,417.0498073355216,0.2617372111471265,0.4367730777388051,1,0.4367730777388051,1.0,4.484406530489479,logged
123,90,404.02868560011416,404.02868560011416,0.2390044393637774,0.0932447275499991,2,0.4947260552296803,1.0,6.516591703227648,logged
123,91,422.05879834451264,422.05879834451264,0.7192133619024457,0.449000733165574,0,0.449000733165574,1.0,13.614799946597184,logged
123,92,561.4157271300129,561.4157271300129,0.3932680326227351,0.1799280211114993,3,0.2078852769055682,1.0,1.509182062177454,logged
123,93,411.5724275724275,411.5724275724275,0.3130513253814003,0.5254251622275031,4,0.5254251622275031,1.0,5.879606108177536,logged
123,94,474.8609961467104,474.8609961467104,0.162395540612546,0.103767321336133,2,0.3102478841661683,1.0,1.9382081475375936,logged
123,95,445.4578278863993,445.4578278863993,0.6668714337986293,0.7758759351542892,4,0.7758759351542892,1.0,12.72736651103998,logged
123,96,388.8465819894392,388.8465819894392,0.6131751385227214,0.39306242427278,3,0.39306242427278,1.0,3.703300780851802,logged
123,97,484.1541315827029,484.1541315827029,0.3154351014635854,0.4832841919287404,5,0.4832841919287404,1.0,3.4582437970193065,logged
123,98,485.0475239046668,485.0475239046668,0.1457914565852519,0.326719318626796,0,0.326719318626796,1.0,2.60778238658423,logged
123,99,373.5481661195947,373.5481661195947,0.5923895305986019,0.697062862022854,3,0.697062862022854,1.0,10.672804746274135,logged
123,100,496.81061795347506,496.81061795347506,0.3538796753689517,0.2867442537192543,4,0.2867442537192543,1.0,1.774323635548125,logged
123,101,491.5852718709861,491.5852718709861,0.1398445558564674,0.3217527312090574,0,0.3217527312090574,1.0,3.964397353798275,logged
123,102,388.5079206507778,388.5079206507778,0.631335736525689,0.511705556651253,4,0.511705556651253,1.0,11.100226304307938,logged
123,103,528.9509062366205,528.9509062366205,0.4826040540031199,0.1624648724794339,3,0.2778200311387328,1.0,3.43474614439364,logged
123,104,516.7439703153989,516.7439703153989,0.3213538591154408,0.5233601328692343,0,0.5233601328692343,1.0,5.556386777584934,logged
123,105,452.3717710860567,452.3717710860567,0.2807731874256732,0.4372291982782869,5,0.4372291982782869,1.0,3.231226936328977,logged
123,106,540.2855715712859,540.2855715712859,0.1718850376893108,0.2636134419489064,1,0.2636134419489064,1.0,1.936507424986688,logged
123,107,539.818895390324,539.818895390324,0.0923542144280935,0.1573008432878202,4,0.2459048495642346,1.0,4.907444503548399,logged
123,108,379.00456686170975,379.00456686170975,0.5719949730666115,0.7346262111315925,2,0.7346262111315925,1.0,10.828701910334564,logged
123,109,480.51120308263165,480.51120308263165,0.3035642380663524,0.1107207028289679,1,0.2396177698028836,1.0,2.1841418321937804,logged
123,110,522.8661338661339,522.8661338661339,0.2246769082591979,0.4850377759044721,0,0.4850377759044721,1.0,5.622216493184235,logged
123,111,476.2605965463108,476.2605965463108,0.3377027722841035,0.6332039209162799,3,0.6332039209162799,1.0,6.80372280780444,logged
123,112,415.1722563151135,415.1722563151135,0.5536626747592354,0.1684769107867197,5,0.4983493088103866,1.0,6.290488732047174,logged
123,113,463.377479663194,463.377479663194,0.3225561501615765,0.4548194017668517,2,0.4548194017668517,1.0,2.6478713123611084,logged
123,114,460.927786499215,460.927786499215,0.2578716139466352,0.5185792179069912,3,0.5185792179069912,1.0,6.5846826642745,logged
123,115,489.52404738119026,489.52404738119026,0.2837034965501538,0.4702958268923152,1,0.4702958268923152,1.0,5.263699434206347,logged
123,116,545.4549735978308,545.4549735978308,0.1388381227576632,0.0702940252438662,2,0.2673844020202137,1.0,1.9071852223700376,logged
123,117,442.7717996289425,442.7717996289425,0.75350150117019,0.767448782992135,4,0.767448782992135,1.0,12.650622846541214,logged
123,118,427.9290709290709,427.9290709290709,0.4758264134735069,0.375101082438474,4,0.375101082438474,1.0,6.11327244184387,logged
123,119,384.8414442700157,384.8414442700157,0.3381159121940749,0.435185886025971,0,0.435185886025971,1.0,12.414240137742445,logged
123,120,482.7158555729984,482.7158555729984,0.1882582884935349,0.1121289175198765,4,0.2382082082400337,1.0,2.742703724846582,logged
123,121,529.3096903096903,529.3096903096903,0.1641108135495796,0.3105402095217941,6,0.3105402095217941,1.0,24.059531377713196,logged
123,122,469.3163978878264,469.3163978878264,0.2288841507560168,0.0035318230346725,3,0.347816414879932,1.0,2.370284837817305,logged
123,123,358.33209647495363,358.33209647495363,0.186672198633858,0.4692415771488359,3,0.4692415771488359,1.0,10.238059899284387,logged
123,124,415.5966890252605,415.5966890252605,0.3611286584492664,0.3703984598664423,2,0.3703984598664423,1.0,5.937095557503721,logged
123,125,544.4937919223634,544.4937919223634,0.1570993259195036,0.3218283884442405,1,0.3218283884442405,1.0,2.195539483557917,logged
123,126,393.8965320393892,393.8965320393892,0.4119739911872971,0.6671289807043789,2,0.6671289807043789,1.0,11.254186629696836,logged
123,127,469.305266162409,469.305266162409,0.5629692426844066,0.6125542008968581,4,0.6125542008968581,1.0,6.704360945177271,logged
123,128,498.58327386898816,498.58327386898816,0.213983595772336,0.1477673882746994,1,0.2536545654334254,1.0,2.3742060660428006,logged
123,129,363.677750820608,363.677750820608,0.4217750191515996,0.2509003621811136,3,0.3982977616447561,1.0,11.731540349051873,logged
123,130,537.1798201798201,537.1798201798201,0.2421836349222439,0.1539019615546008,5,0.2048126904144545,1.0,2.1660476620154037,logged
123,131,442.29855858427294,442.29855858427294,0.2150661533577482,0.2903456124594643,5,0.4351814914850817,1.0,7.133847719101176,logged
123,132,443.5684315684315,443.5684315684315,0.1699110098062131,0.2617860479338861,2,0.2947773779597434,1.0,6.720733811642901,logged
123,133,395.577565291851,395.577565291851,0.7648895047654392,0.6335711188350581,3,0.6335711188350581,1.0,11.302216151195742,logged
123,134,391.06407877836455,391.06407877836455,1.045101482788324,0.5748952216614731,0,0.5748952216614731,1.0,12.614970283173047,logged
123,135,388.0061367204224,388.0061367204224,0.81000463715286,0.5115986784661684,1,0.5115986784661684,1.0,12.51632699098137,logged
123,136,550.5848437277009,550.5848437277009,0.3518099965137573,0.1101473278069915,5,0.2535588360525429,1.0,1.9251218312157377,logged
123,137,457.0341087483944,457.0341087483944,0.2564187609131367,0.4479795847895005,2,0.4479795847895005,1.0,4.352705797603757,logged
123,138,460.851862423291,460.851862423291,0.1938188161924691,0.2966505315479496,4,0.310527083018249,1.0,2.973237822085748,logged
123,139,504.2587412587412,504.2587412587412,0.1085809490343396,0.200670437927217,4,0.3121741540692138,1.0,2.323773001192356,logged
123,140,494.27386898815473,494.27386898815473,0.7786923045095021,0.8316695455311702,2,0.8316695455311702,1.0,14.122110542518708,logged
123,141,559.8126159554731,559.8126159554731,0.4961166306818612,0.3982497903766356,6,0.3982497903766356,1.0,12.723013998988025,logged
123,142,552.8684172969887,552.8684172969887,0.2803470853003433,0.307300090632214,3,0.307300090632214,1.0,1.755137832688853,logged
123,143,443.76737548166113,443.76737548166113,0.1133230198971676,0.1889687614344334,5,0.2326410663073729,1.0,2.0450109469200974,logged
123,144,544.2640216925931,544.2640216925931,0.1196151126299277,0.3101642300558376,6,0.3101642300558376,1.0,12.369636856649844,logged
123,145,424.0182674468389,424.0182674468389,0.8670405138573347,0.7104340907965992,5,0.7104340907965992,1.0,12.114807641338254,logged
123,146,431.1175966890253,431.1175966890253,0.5020862488172317,0.3476593102397842,2,0.3476593102397842,1.0,2.4635291239372874,logged
123,147,567.2079349222206,567.2079349222206,0.1470229945434279,0.176638154120496,0,0.1793334479580474,1.0,1.3504950831481444,logged
123,148,417.72470386756106,417.72470386756106,0.1703030057027209,0.1362762709521923,5,0.4049465091464466,1.0,6.329162179811531,logged
123,149,449.91151705437414,449.91151705437414,0.2484979869273539,0.4857784766819663,5,0.4857784766819663,1.0,6.4273073864910595,logged
123,150,448.3396603396603,448.3396603396603,0.2155225337143959,0.1480210854388401,2,0.3275974574285987,1.0,3.39651257833076,logged
271828,1,443.786641929499,443.786641929499,1.1179805631551951,0.2481264930456027,6,0.2481264930456027,1.0,6.724040029234835,logged
271828,2,503.10418153275293,503.10418153275293,0.624870497371552,0.2882907668804061,0,0.2882907668804061,1.0,4.057291786554459,logged
271828,3,393.9982874268589,393.9982874268589,0.519827847253466,0.3391120918888176,2,0.3391120918888176,1.0,5.628546963240841,logged
271828,4,557.7422577422577,557.7422577422577,0.4935405543795882,0.0585699216089914,1,0.1989590039038738,1.0,2.8168800896073622,logged
271828,5,420.1197374054517,420.1197374054517,0.3593728828712911,0.2668864389638947,2,0.2668864389638947,1.0,4.001140356242397,logged
271828,6,446.2341943770515,446.2341943770515,0.3392717777030775,0.2142176922520143,3,0.2142176922520143,1.0,3.187387102693225,logged
271828,7,496.2085057799344,496.2085057799344,0.3378806080538685,0.1587733423567853,5,0.2028844318517196,1.0,1.4551569084455551,logged
271828,8,486.3320964749536,486.3320964749536,0.3316939546858174,0.1877048005122673,0,0.1877048005122673,1.0,1.9610165180441677,logged
271828,9,468.20351077493933,468.20351077493933,0.3240935852468083,0.2198355643536576,3,0.2198355643536576,1.0,2.229540527499711,logged
271828,10,466.59840159840167,466.59840159840167,0.3142869063744753,0.2188791033764441,3,0.2188791033764441,1.0,2.666276580562295,logged
271828,11,498.853860425289,498.853860425289,0.4414456189818443,0.3848076689828517,3,0.3848076689828517,1.0,14.25296744072254,logged
271828,12,400.1992293420864,400.1992293420864,1.0638551269259442,0.4370504446216825,4,0.4370504446216825,1.0,11.434263695488184,logged
271828,13,567.1321535607249,567.1321535607249,0.5944606886079893,0.0235106048989668,4,0.191326462055055,1.0,3.6826763218228886,logged
271828,14,531.0034251462823,531.0034251462823,0.409299676752471,0.1877117855952431,0,0.1877117855952431,1.0,2.854857124442378,logged
271828,15,571.3683459397745,571.3683459397745,0.3756680261395829,0.027948912230987,3,0.1959179610413052,1.0,1.855092032271995,logged
271828,16,391.3268160411017,391.3268160411017,0.3688011692284038,0.3175881994964029,4,0.3175881994964029,1.0,5.590383086301453,logged
271828,17,410.28928214642497,410.28928214642497,0.4149741371008462,0.2786608319663499,0,0.2786608319663499,1.0,4.411712711251881,logged
271828,18,374.4686741829599,374.4686741829599,0.6334067674058778,0.490514748049531,5,0.490514748049531,1.0,10.699104976655995,logged
271828,19,477.3208220351077,477.3208220351077,0.5017237603645721,0.0740448627952514,2,0.2148307440635879,1.0,3.0994858573708295,logged
271828,20,481.39232196375053,481.39232196375053,0.3279120642375009,0.2298228876516808,1,0.2298228876516808,1.0,3.105756915895165,logged
271828,21,429.2223490794919,429.2223490794919,0.2756895151417002,0.2126699801788213,2,0.2143083677319998,1.0,2.7691764456741415,logged
271828,22,407.406450692165,407.406450692165,0.8174120181888863,0.574674444537038,0,0.574674444537038,1.0,13.142143570715,logged
271828,23,420.6437847866419,420.6437847866419,1.1821461071541957,0.4289414656973278,0,0.4289414656973278,1.0,13.569154347956191,logged
271828,24,523.3011274439846,523.3011274439846,0.6485074992795711,0.3119701980017679,5,0.3119701980017679,1.0,2.990292156822769,logged
271828,25,509.39046667618095,509.39046667618095,0.4118026640559993,0.3517406303709238,1,0.3517406303709238,1.0,5.47731684598044,logged
271828,26,447.3055515912659,447.3055515912659,0.3663493702947147,0.3956254733151185,2,0.3956254733151185,1.0,4.260052872297771,logged
271828,27,452.4241472812901,452.4241472812901,0.5271501545683611,0.4221213666734772,1,0.4221213666734772,1.0,7.29716366582726,logged
271828,28,468.1100328243185,468.1100328243185,0.3907175226330701,0.18310038558719,2,0.2616759997630065,1.0,2.1571890913563068,logged
271828,29,562.9069501926645,562.9069501926645,0.2083994873047784,0.0271105321916032,5,0.2246234479268898,1.0,1.3466673449585274,logged
271828,30,525.4846581989439,525.4846581989439,0.1860136269063299,0.2335168609169864,2,0.2335168609169864,1.0,1.501384737711268,logged
271828,31,572.6189524760953,572.6189524760953,0.1659613363919492,0.0746991359396954,0,0.1984325598814525,1.0,2.6028134203458877,logged
271828,32,458.20436706150986,458.20436706150986,0.2517053703689595,0.3116473251728158,3,0.3116473251728158,1.0,2.181925557435761,logged
271828,33,540.1885257599542,540.1885257599542,0.2258987110118799,0.0680250632296943,5,0.3374810866670961,1.0,2.2321839907436125,logged
271828,34,463.2491793920366,463.2491793920366,0.227633256544827,0.3271666003638189,4,0.3271666003638189,1.0,2.6471381679544947,logged
271828,35,477.9660339660341,477.9660339660341,0.2017026482867928,0.0881549320866928,3,0.33664434930205,1.0,4.345145763327582,logged
271828,36,485.44669616098184,485.44669616098184,0.5110166215183989,0.0634745103560081,1,0.5528373660027762,1.0,5.516439729102067,logged
271828,37,454.0784929356358,454.0784929356358,0.4145638692597185,0.1324364277635503,2,0.295335854725356,1.0,6.879977165691451,logged
271828,38,425.9152276295133,425.9152276295133,1.0459056320193776,0.4256671487161358,5,0.4430471942541907,1.0,13.739200891274622,logged
271828,39,554.0015698587127,554.0015698587127,0.6826717255416135,0.3031255408205129,2,0.3031255408205129,1.0,1.5828616281677508,logged
271828,40,504.1953760525189,504.1953760525189,0.8985840662482606,0.7183256052944698,2,0.7183256052944698,1.0,14.405582172929112,logged
271828,41,330.76851719708856,330.76851719708856,0.9522072342097964,0.4180746779537326,4,0.4180746779537326,1.0,4.725264531386979,logged
271828,42,488.14942200656486,488.14942200656486,0.3425407248298528,0.3193387025822181,3,0.3193387025822181,1.0,1.7433907928805887,logged
271828,43,500.1782503211075,500.1782503211075,0.188823619137787,0.2345794934856638,0,0.2345794934856638,1.0,2.0168477835528527,logged
271828,44,462.5721421435707,462.5721421435707,0.3947440915888514,0.5308108348264707,0,0.5308108348264707,1.0,14.921682004631313,logged
271828,45,554.957042957043,554.957042957043,0.290463575673,0.2762383889715986,3,0.2762383889715986,1.0,1.585591551305837,logged
271828,46,442.95632938490087,442.95632938490087,0.248189292086622,0.3450790629256441,6,0.3450790629256441,1.0,20.134378608404585,logged
271828,47,398.9245040673612,398.9245040673612,0.4326108445122549,0.4501949773479675,5,0.4501949773479675,1.0,3.799280991117726,logged
271828,48,542.0191237334095,542.0191237334095,0.2709352346486208,0.2199989165115096,3,0.2583481533248225,1.0,4.10620548282886,logged
271828,49,403.0605109176538,403.0605109176538,0.3624096064045742,0.4992853646886499,4,0.4992853646886499,1.0,5.7580072988236255,logged
271828,50,470.6203796203796,470.6203796203796,0.3653840335919055,0.4721402306730619,0,0.4721402306730619,1.0,5.060434189466447,logged
271828,51,482.9717425431711,482.9717425431711,0.2407478402464465,0.2827425494776183,5,0.2827425494776183,1.0,1.971313234870086,logged
271828,52,392.2979877265592,392.2979877265592,0.3229451755862743,0.4030911555998017,5,0.4030911555998017,1.0,5.604256967522274,logged
271828,53,513.749678892536,513.749678892536,0.2774888137790913,0.4768302465327093,0,0.4768302465327093,1.0,5.524190095618668,logged
271828,54,447.5347509633224,447.5347509633224,0.3309265376148809,0.4894219788269005,1,0.4894219788269005,1.0,7.218302434892297,logged
271828,55,531.9823034108748,531.9823034108748,0.1694237791225633,0.1342601641281312,3,0.2099479324261405,1.0,3.454430541629057,logged
271828,56,453.4872270586556,453.4872270586556,0.1749046775161458,0.0783425107644542,0,0.3089801484733481,1.0,4.122611155078688,logged
271828,57,356.30369630369626,356.30369630369626,0.757521213925609,0.6192787575509314,5,0.6192787575509314,1.0,10.180105608677035,logged
271828,58,553.7301270158413,553.7301270158413,0.3928871151347629,0.0735508976783978,2,0.1914601863724338,1.0,2.0974626023327323,logged
271828,59,518.5862708719852,518.5862708719852,0.1816099837000581,0.2111038106097248,5,0.2111038106097248,1.0,1.4816750596342434,logged
271828,60,428.8208933923219,428.8208933923219,0.243548502372652,0.3928456485468297,4,0.3928456485468297,1.0,4.084008508498304,logged
271828,61,466.4993577850721,466.4993577850721,0.5454022601999985,0.6800134346516377,5,0.6800134346516377,1.0,13.328553079573489,logged
271828,62,509.994005994006,509.994005994006,0.3161653062233423,0.1327404239996291,0,0.2049128818390775,1.0,7.727181909000091,logged
271828,63,459.94377051519905,459.94377051519905,0.2159814882984005,0.2480814437563548,2,0.2490730922279078,1.0,2.119556546152991,logged
271828,64,453.5327529613244,453.5327529613244,0.3390712518723464,0.4677853995639012,6,0.4677853995639012,1.0,20.615125134605652,logged
271828,65,389.32710146995856,389.32710146995856,0.50602375090563,0.5323797999553791,3,0.5323797999553791,1.0,5.561815735285123,logged
271828,66,448.35279006707583,448.35279006707583,0.3023596643988867,0.303227833048699,5,0.303227833048699,1.0,2.5620159432404335,logged
271828,67,455.86770372484654,455.86770372484654,0.2011916567769257,0.3957931984208996,4,0.3957931984208996,1.0,1.8606845049993737,logged
271828,68,316.8677037248466,316.8677037248466,0.2312641473919135,0.1958064284170417,3,0.2629857866023829,1.0,3.407179609944587,logged
271828,69,345.7414014556872,345.7414014556872,0.9734981256099492,0.5521445179939751,5,0.5521445179939751,1.0,9.878325755876777,logged
271828,70,488.62594548308834,488.62594548308834,0.6015973477051691,0.064619698577873,2,0.2825034099462766,1.0,2.467807805470143,logged
271828,71,467.7172827172827,467.7172827172827,0.2894845736667448,0.4368502706739249,3,0.4368502706739249,1.0,3.3408377336948765,logged
271828,72,524.9745968317397,524.9745968317397,0.162295563799917,0.1956659128594657,3,0.1981416884077094,1.0,5.965620418542497,logged
271828,73,457.7548166119594,457.7548166119594,1.003612289785118,0.7810453804029874,5,0.7810453804029874,1.0,13.078709046055984,logged
271828,74,565.2447552447552,565.2447552447552,0.5541677113113355,0.2670957174237078,2,0.2670957174237078,1.0,1.614985014985015,logged
271828,75,417.4329955758527,417.4329955758527,0.6945830082632258,0.6958457485939077,1,0.6958457485939077,1.0,13.465580502446862,logged
271828,76,441.6981589838732,441.6981589838732,0.6770916867686081,0.2250487336810308,4,0.4255203165989503,1.0,4.749442569719067,logged
271828,77,527.0580847723705,527.0580847723705,0.2077572865758957,0.0784694131061713,4,0.2114984023554274,1.0,2.6619095190523763,logged
271828,78,453.68146139574714,453.68146139574714,0.2888979999877918,0.4882587432795345,2,0.4882587432795345,1.0,4.320775822816639,logged
271828,79,439.3469387755102,439.3469387755102,0.2262041719703452,0.3893191787543085,4,0.3893191787543085,1.0,3.138192419825073,logged
271828,80,543.9140859140858,543.9140859140858,0.1528986992914143,0.3229598933124446,2,0.3229598933124446,1.0,1.7267113838542407,logged
271828,81,422.87997716569146,422.87997716569146,0.1833987427903773,0.3494146338033095,4,0.3494146338033095,1.0,2.4164570123753797,logged
271828,82,428.97987726559154,428.97987726559154,0.6153507991486873,0.7223682318005733,0,0.7223682318005733,1.0,13.838060556954566,logged
271828,83,483.2363350934779,483.2363350934779,0.4240288878629373,0.2619063160685575,0,0.2619063160685575,1.0,2.598044812330526,logged
271828,84,514.5611531325817,514.5611531325817,0.1927039310035909,0.3681887547518728,3,0.3681887547518728,1.0,2.450291205393246,logged
271828,85,474.74054516911656,474.74054516911656,0.8016073326638689,0.7963186256049078,5,0.7963186256049078,1.0,13.564015576260472,logged
271828,86,508.0031397174254,508.0031397174254,0.3857841067987445,0.1547145549587049,3,0.1601014971580221,1.0,5.7727629513343794,logged
271828,87,432.26773226773224,432.26773226773224,0.6684212911624499,0.7126687697991494,4,0.7126687697991494,1.0,12.35050663622092,logged
271828,88,457.47067218495795,457.47067218495795,0.3805042600115416,0.2068266759017099,3,0.2252613073150004,1.0,1.8672272334079916,logged
271828,89,558.0746396460681,558.0746396460681,0.1325789878569111,0.1909075126478958,6,0.1909075126478958,1.0,8.45567635827376,logged
271828,90,388.8906807478237,388.8906807478237,0.763934183072882,0.631710296663508,3,0.631710296663508,1.0,11.111162307080676,logged
271828,91,543.5914085914085,543.5914085914085,0.6049376482237917,0.5258846979168253,1,0.5258846979168253,1.0,5.845068909585037,logged
271828,92,465.0137005851292,465.0137005851292,0.3422542164993588,0.5146915029103634,4,0.5146915029103634,1.0,4.4287019103345635,logged
271828,93,421.85814185814183,421.85814185814183,0.4409819033606883,0.3968945434235492,2,0.4275218092449088,1.0,12.05308976737548,logged
271828,94,509.3440844869416,509.3440844869416,0.3499811260518218,0.4919192283247539,3,0.4919192283247539,1.0,4.850896042732777,logged
271828,95,585.7022977022976,585.7022977022976,0.1571062162772781,0.0642949147541966,1,0.2896465162304557,1.0,1.5660489243376945,logged
271828,96,503.7346938775511,503.7346938775511,0.243058936962581,0.525073265887184,2,0.525073265887184,1.0,4.797473275024296,logged
271828,97,457.9212216355073,457.9212216355073,0.4118297948858389,0.6513961761966499,4,0.6513961761966499,1.0,6.541731737650105,logged
271828,98,415.3336663336663,415.3336663336663,0.310680005937833,0.215829235918254,0,0.3215648482871799,1.0,5.933338090480947,logged
271828,99,373.7399743114029,373.7399743114029,0.3679542600747866,0.2730165102931728,2,0.4200195747295525,1.0,6.02806410179682,logged
271828,100,495.9065220493793,495.9065220493793,0.1833853783350081,0.2001753344459731,5,0.215249415337652,1.0,1.7774427313597825,logged
271828,101,391.9275010703582,391.9275010703582,0.2605959119696803,0.5205682557280085,2,0.5205682557280085,1.0,5.598964301005116,logged
271828,102,401.40231197374055,401.40231197374055,0.4113232201838306,0.4745458322432583,1,0.4745458322432583,1.0,6.474230838286138,logged
271828,103,535.9409162266305,535.9409162266305,0.1996507153930715,0.2912811323157749,2,0.2912811323157749,1.0,1.2760498005395964,logged
271828,104,480.48066219494785,480.48066219494785,0.2472130246933236,0.5165002744550774,2,0.5165002744550774,1.0,4.576006306618551,logged
271828,105,410.956043956044,410.956043956044,0.2362229900916627,0.0926936750033318,5,0.4385364574213855,1.0,11.741601255886971,logged
271828,106,464.72613101184527,464.72613101184527,0.1784200861901419,0.3054955605701123,2,0.3054955605701123,1.0,2.6555778914962587,logged
271828,107,483.0155558726988,483.0155558726988,0.160760102628027,0.3969112233136742,4,0.3969112233136742,1.0,2.7600888907011356,logged
271828,108,484.0378193235336,484.0378193235336,0.160910431904371,0.3034456668239707,3,0.3034456668239707,1.0,2.3049419967787315,logged
271828,109,408.63921792493215,408.63921792493215,0.1322899557671951,0.3831893148103401,3,0.3831893148103401,1.0,5.837703113213316,logged
271828,110,461.1572713001285,461.1572713001285,0.3455787029942837,0.6456694419809303,0,0.6456694419809303,1.0,14.876041009681565,logged
271828,111,424.7197088625661,424.7197088625661,0.4741074860719105,0.4503529313476685,4,0.4503529313476685,1.0,4.044949608214915,logged
271828,112,411.8464392750107,411.8464392750107,0.4567159153970183,0.4987923257959233,0,0.4987923257959233,1.0,6.642684504435657,logged
271828,113,459.9534750963322,459.9534750963322,0.328058402940008,0.4720789393972157,3,0.4720789393972157,1.0,3.2853819649738014,logged
271828,114,455.986013986014,455.986013986014,0.146038299620579,0.2284233003333249,0,0.3397109360137354,1.0,3.257042957042957,logged
271828,115,492.41301555587273,492.41301555587273,0.1030937729672814,0.1609115048375605,5,0.2308093297049302,1.0,3.1974871139991734,logged
271828,116,490.6970172684458,490.6970172684458,0.1363778518800496,0.2742170128784655,3,0.2742170128784655,1.0,1.5577683087887169,logged
271828,117,532.0429570429569,532.0429570429569,0.0875249447642817,0.1634539204219114,4,0.2416283481416965,1.0,1.6890252604538314,logged
271828,118,518.8413015555873,518.8413015555873,0.1010997354543588,0.1390119220538841,5,0.2727382777933996,1.0,1.521528743564772,logged
271828,119,434.2217782217783,434.2217782217783,0.1056920384311852,0.3847653641444767,5,0.3847653641444767,1.0,4.135445506874079,logged
271828,120,520.1576994434138,520.1576994434138,0.1660156860699594,0.3457420591020475,3,0.3457420591020475,1.0,1.8577060694407632,logged
271828,121,461.8460111317254,461.8460111317254,0.1492612890159936,0.161555402616811,5,0.3866324049090542,1.0,4.198600101197504,logged
271828,122,582.3208220351078,582.3208220351078,0.1060584713414803,0.0602581974310577,1,0.2125065574529153,1.0,1.4705071263512823,logged
271828,123,455.8715570144142,455.8715570144142,0.113666787360207,0.2822503244913941,0,0.2822503244913941,1.0,4.901844699079723,logged
271828,124,430.3654916512059,430.3654916512059,0.1397883325495326,0.2916793778910715,4,0.343819658227848,1.0,2.459231380864034,logged
271828,125,487.0107035821322,487.0107035821322,0.1865282371416985,0.5324329408540672,1,0.5324329408540672,1.0,7.855011348098906,logged
271828,126,499.11088911088905,499.11088911088905,0.2114819996672208,0.3006388915538924,5,0.3006388915538924,1.0,1.4260311117453972,logged
271828,127,496.8163265306122,496.8163265306122,0.094029701376363,0.1987911972813959,3,0.2898371591019786,1.0,4.516512059369202,logged
271828,128,425.96289424860856,425.96289424860856,0.2961965341646281,0.3501915392075607,0,0.3501915392075607,1.0,4.580246174716221,logged
271828,129,432.2407592407593,432.2407592407593,0.2799242840163105,0.5593626931017638,4,0.5593626931017638,1.0,6.174867989153704,logged
271828,130,505.5173398030541,505.5173398030541,0.2825269501080158,0.4167736297047623,6,0.4167736297047623,1.0,22.97806090013882,logged
271828,131,447.0151277294134,447.0151277294134,0.3501376150525697,0.3762698333848168,1,0.3762698333848168,1.0,2.8839685659962155,logged
271828,132,434.51063222491786,434.51063222491786,0.1866302199012296,0.3433303593486095,2,0.3433303593486095,1.0,2.069098248690085,logged
271828,133,531.6978735550164,531.6978735550164,0.0879394616077278,0.2733460584326043,3,0.2733460584326043,1.0,2.170195402265373,logged
271828,134,598.6032538889682,598.6032538889682,0.0896413988185741,0.1043235072467722,4,0.1895865375136127,1.0,2.0930183702411473,logged
271828,135,433.9988582845725,433.9988582845725,0.6004392897085525,0.7873423323037405,4,0.7873423323037405,1.0,12.399967379559214,logged
271828,136,505.2350506636221,505.2350506636221,0.354849834429112,0.2487315931120572,0,0.2487315931120572,1.0,1.81087831779076,logged
271828,137,459.7212787212787,459.7212787212787,0.1354610426060679,0.2663255216295994,4,0.3021626540928823,1.0,4.943239556142782,logged
271828,138,399.9843014128728,399.9843014128728,0.2268637517075384,0.4925665808211472,3,0.4925665808211472,1.0,3.809374299170217,logged
271828,139,448.9299272156415,448.9299272156415,0.1687922537597188,0.2825554884200665,2,0.2825554884200665,1.0,6.413284674509164,logged
271828,140,435.19808762665906,435.19808762665906,0.3892860083317043,0.5862309028227999,2,0.5862309028227999,1.0,12.434231075047402,logged
271828,141,395.88054802340514,395.88054802340514,0.795249714216067,0.6672177887056262,3,0.6672177887056262,1.0,11.31087280066872,logged
271828,142,349.8001998001998,349.8001998001998,0.875457761104984,0.6246908692526217,5,0.6246908692526217,1.0,9.994291422862853,logged
271828,143,472.9808762665906,472.9808762665906,1.285864355901705,0.7107318776672904,0,0.7107318776672904,1.0,15.257447621502925,logged
271828,144,452.41087483944625,452.41087483944625,0.6764880720833136,0.3064560097833343,2,0.3064560097833343,1.0,2.58520499908255,logged
271828,145,414.2815755672898,414.2815755672898,0.3081900008150652,0.1601268602475264,5,0.4362881842927881,1.0,2.959154111194927,logged
271828,146,469.23105465962607,469.23105465962607,0.3523554016002688,0.6250899542063367,3,0.6250899542063367,1.0,6.703300780851801,logged
271828,147,461.0348223205366,461.0348223205366,0.2431490474634704,0.1265597238653333,0,0.3706217888434038,1.0,3.492688047882853,logged
271828,148,483.39489082346233,483.39489082346233,0.7974329054435193,0.727365096205271,5,0.727365096205271,1.0,13.811282594956069,logged
271828,149,471.0021407164264,471.0021407164264,0.4895660200148318,0.3688198262643137,0,0.3688198262643137,1.0,2.532269573744228,logged
271828,150,478.95361781076065,478.95361781076065,0.6025070225174347,0.7224004582083275,4,0.7224004582083275,1.0,13.684389080307447,logged
31337,1,476.8589981447123,476.8589981447123,1.6774652240804315,0.4876665810685426,6,0.4876665810685426,1.0,21.675409006577834,logged
31337,2,499.9978592835736,499.9978592835736,1.808809820099886,0.6259584793227487,0,0.6259584793227487,1.0,16.12896320269592,logged
31337,3,437.96089624661056,437.96089624661056,1.236214551145402,0.3835091220999594,3,0.3835091220999594,1.0,4.171056154729625,logged
31337,4,489.7095761381475,489.7095761381475,0.7146721288015733,0.4607221072246134,5,0.4607221072246134,1.0,6.995851087687822,logged
31337,5,505.1756814613957,505.1756814613957,0.4798676665245081,0.2548695282516582,5,0.2548695282516582,1.0,4.811196966299007,logged
31337,6,505.04995004995,505.04995004995,0.4068057759201426,0.2934405926045845,2,0.2934405926045845,1.0,2.8859997145711427,logged
31337,7,430.5029256457828,430.5029256457828,0.4298472880361137,0.3684980641361577,4,0.3684980641361577,1.0,6.150041794939754,logged
31337,8,607.2902811474239,607.2902811474239,0.4072692252333923,0.0383219523344738,2,0.1829996679134325,1.0,1.3802051844259635,logged
31337,9,447.86556300842005,447.86556300842005,0.5108142117787319,0.4670270619228854,4,0.4670270619228854,1.0,12.796158943097716,logged
31337,10,427.5932638789782,427.5932638789782,0.9513566858847572,0.3008371542466922,3,0.3290523506360845,1.0,19.436057449044466,logged
31337,11,550.2760097045812,550.2760097045812,0.5043320818265447,0.1736682494922389,5,0.1867526171399058,1.0,1.5722171705845176,logged
31337,12,507.1033252461824,507.1033252461824,0.3784763970439829,0.2867649029497203,4,0.2867649029497203,1.0,2.414777739267535,logged
31337,13,466.6039674611104,466.6039674611104,0.6256309970989726,0.2800810171699374,1,0.3188267273290047,1.0,7.525870442921135,logged
31337,14,440.81746824603965,440.81746824603965,0.6657562860156256,0.3269530081671092,3,0.3269530081671092,1.0,4.198261602343234,logged
31337,15,485.6469245040674,485.6469245040674,0.5024561939139182,0.3929708709268957,5,0.3929708709268957,1.0,6.937813207200962,logged
31337,16,396.183102611674,396.183102611674,0.3800226337499621,0.2170335028756425,1,0.2170335028756425,1.0,2.55602001684951,logged
31337,17,597.1034679606108,597.1034679606108,0.3593774802294833,0.0285582003725794,2,0.1833923951259507,1.0,1.9386476232487364,logged
31337,18,355.81775367489655,355.81775367489655,0.2882289603851886,0.2100688140576327,2,0.2515384613065944,1.0,3.8259973513429735,logged
31337,19,474.8963893249607,474.8963893249607,0.6429508691146263,0.4548666426809433,3,0.4548666426809433,1.0,13.56846826642745,logged
31337,20,487.67989153703434,487.67989153703434,0.5924956564266513,0.2689197199776364,4,0.2689197199776364,1.0,2.3222851977954018,logged
31337,21,431.6436420722135,431.6436420722135,0.3192979026723432,0.2951443649149661,4,0.2951443649149661,1.0,4.110891829259176,logged
31337,22,520.4973597830741,520.4973597830741,0.4702561851703004,0.3657973592879519,3,0.3657973592879519,1.0,4.957117712219754,logged
31337,23,475.02668759811615,475.02668759811615,0.4167717954385467,0.2801820468301577,5,0.2801820468301577,1.0,2.714438214846378,logged
31337,24,372.01227344084487,372.01227344084487,0.566221018950723,0.3586431750406001,0,0.3586431750406001,1.0,12.000395917446609,logged
31337,25,374.2621664050235,374.2621664050235,0.7550995805435401,0.352019134848032,0,0.352019134848032,1.0,12.07297310983947,logged
31337,26,418.5692878550022,418.5692878550022,0.6627569973564895,0.3830554995380444,2,0.3830554995380444,1.0,3.986374170047639,logged
31337,27,563.5754245754246,563.5754245754246,0.3176089380929623,0.0552793319620664,3,0.1868638383772144,1.0,3.6595806790611984,logged
31337,28,437.30112744398457,437.30112744398457,0.3237901568150451,0.4013595497543852,3,0.4013595497543852,1.0,4.164772642323663,logged
31337,29,453.6316540602254,453.6316540602254,0.2629443944976091,0.2051951304837287,0,0.2051951304837287,1.0,1.8291598954041344,logged
31337,30,450.29641786784646,450.29641786784646,0.3149862712339929,0.4091329510333759,2,0.4091329510333759,1.0,4.288537313027109,logged
31337,31,477.5348936777508,477.5348936777508,0.2650382615998043,0.1550643565564434,2,0.2426424407119747,1.0,10.853065765403429,logged
31337,32,453.4033109747396,453.4033109747396,0.4237070761591632,0.483796669330421,3,0.483796669330421,1.0,6.477190156781995,logged
31337,33,434.2086484943627,434.2086484943627,0.4651692747459783,0.3595853878558616,5,0.3595853878558616,1.0,3.1014903463883052,logged
31337,34,399.2446125303268,399.2446125303268,0.5987315245012618,0.5541947061952734,1,0.5541947061952734,1.0,12.87885846872022,logged
31337,35,536.7031539888683,536.7031539888683,0.3899114948433703,0.0461438732841168,4,0.2292441165969528,1.0,2.7106219898427693,logged
31337,36,455.03496503496496,455.03496503496496,0.1932198118285351,0.1864951856897245,3,0.2589114375703537,1.0,1.3000999000998998,logged
31337,37,494.97588126159553,494.97588126159553,0.2590933545044691,0.4316608151731734,3,0.4316608151731734,1.0,4.714056012015195,logged
31337,38,548.8247466818896,548.8247466818896,0.2122438946591682,0.0580025900648305,1,0.2397678458039332,1.0,2.7718421549590384,logged
31337,39,509.3108320251177,509.3108320251177,0.209180434521229,0.0766624733524681,1,0.3456122131669408,1.0,4.630098472955615,logged
31337,40,531.4830883402311,531.4830883402311,0.1816229585386976,0.2636565525403884,2,0.2636565525403884,1.0,1.5185231095435174,logged
31337,41,428.15684315684314,428.15684315684314,0.3822074178189992,0.518697311313904,3,0.518697311313904,1.0,6.116526330812045,logged
31337,42,533.8334522620237,533.8334522620237,0.341334444392017,0.3551836865003329,0,0.3551836865003329,1.0,2.870072323989375,logged
31337,43,569.3463679177964,569.3463679177964,0.1624913613814768,0.2838293263384118,4,0.2838293263384118,1.0,1.6267039083365613,logged
31337,44,485.38789781646926,485.38789781646926,0.152986128604861,0.0647060118949195,2,0.2852153405824395,1.0,2.757885783048121,logged
31337,45,459.0144141572712,459.0144141572712,0.2859057104694859,0.3562986993678265,6,0.3562986993678265,1.0,20.86429155260324,logged
31337,46,468.6980162694448,468.6980162694448,0.3088476596062665,0.3495509334499025,3,0.3495509334499025,1.0,2.678274378682542,logged
31337,47,507.28143285286137,507.28143285286137,0.1828247122369627,0.07719570272257,4,0.3594532405156216,1.0,2.0962042679870305,logged
31337,48,473.01555587269866,473.01555587269866,0.3836878113617761,0.5572997107596995,3,0.5572997107596995,1.0,6.757365083895695,logged
31337,49,535.365491651206,535.365491651206,0.2476817496614885,0.2604402812867541,5,0.2604402812867541,1.0,1.3905597185745608,logged
31337,50,534.9576138147567,534.9576138147567,0.1090325442468223,0.0602087215909292,3,0.1886177189226265,1.0,3.0395318966747538,logged
31337,51,541.6362209219352,541.6362209219352,0.1390727903351387,0.2387697561228497,0,0.2387697561228497,1.0,2.1840170198465128,logged
31337,52,453.9610389610389,453.9610389610389,0.3453661166739534,0.4824085279913572,4,0.4824085279913572,1.0,4.323438466295609,logged
31337,53,504.93249607535313,504.93249607535313,0.3052268953629325,0.3618040467893668,6,0.3618040467893668,1.0,11.475738547167117,logged
31337,54,537.2316255173398,537.2316255173398,0.2055349579536506,0.0010492224844917,2,0.3040546591873161,1.0,2.034968278474772,logged
31337,55,376.9269302126445,376.9269302126445,0.6613190661242957,0.5125343005359884,3,0.5125343005359884,1.0,10.769340863218414,logged
31337,56,565.6329384900814,565.6329384900814,0.3668303211301737,0.2107769342662033,6,0.2107769342662033,1.0,6.42764702829638,logged
31337,57,419.1345797060083,419.1345797060083,0.3010365694166929,0.3824210858245174,5,0.3824210858245174,1.0,2.993818426471488,logged
31337,58,448.7866419294991,448.7866419294991,0.2180907035337262,0.4133604842136661,5,0.4133604842136661,1.0,4.274158494566659,logged
31337,59,496.25174825174827,496.25174825174827,0.5335622011870794,0.6885911925979834,4,0.6885911925979834,1.0,7.08931068931069,logged
31337,60,428.4155844155843,428.4155844155843,0.4577562162470108,0.3205342808288738,4,0.3205342808288738,1.0,3.060111317254174,logged
31337,61,499.3700585129157,499.3700585129157,0.2795336775982553,0.0244535745710497,0,0.3393387824021583,1.0,3.242662717616336,logged
31337,62,515.2190666476381,515.2190666476381,0.2058819440827944,0.3182094860160934,6,0.3182094860160934,1.0,11.709524241991774,logged
31337,63,467.54031682603113,467.54031682603113,0.3105444609257808,0.5234869274205712,2,0.5234869274205712,1.0,4.452764922152677,logged
31337,64,389.458398744113,389.458398744113,0.337162333148837,0.4205298027629792,5,0.4205298027629792,1.0,3.7091276070867902,logged
31337,65,518.2197802197802,518.2197802197802,0.2035443637377091,0.2663515410495745,1,0.2663515410495745,1.0,2.089595887982985,logged
31337,66,426.29570429570424,426.29570429570424,0.1216157206277161,0.2652040093282535,4,0.2652040093282535,1.0,1.7399824665130783,logged
31337,67,458.00299700299695,458.00299700299695,0.7561838142353388,0.7390415773608562,2,0.7390415773608562,1.0,13.08579991437134,logged
31337,68,511.95918367346934,511.95918367346934,0.4722342878563967,0.326947504061861,0,0.326947504061861,1.0,2.3592589109376467,logged
31337,69,385.86013986013984,385.86013986013984,0.3631101603532989,0.4588962607129885,4,0.4588962607129885,1.0,3.6748584748584743,logged
31337,70,471.32909947195657,471.32909947195657,0.224278092849372,0.0901906898925192,2,0.3140784178709597,1.0,2.1424049975998027,logged
31337,71,425.5864135864136,425.5864135864136,0.1963798956681108,0.1390835870481157,1,0.3398836015997529,1.0,9.67241849060031,logged
31337,72,504.8792635935493,504.8792635935493,0.1747763071432083,0.3045626884866744,0,0.3045626884866744,1.0,2.7144046429760715,logged
31337,73,473.9938632795776,473.9938632795776,0.1191880821028774,0.2888193971974031,1,0.2888193971974031,1.0,5.096708207307286,logged
31337,74,411.7185671471386,411.7185671471386,0.2382485477505249,0.0981490591174251,4,0.4254684710559454,1.0,9.357240162434968,logged
31337,75,506.89567575281853,506.89567575281853,0.1665382800347943,0.2167923138444989,2,0.2288876068486821,1.0,7.680237511406341,logged
31337,76,470.0729270729271,470.0729270729271,0.2450714976361369,0.4510765683957458,1,0.4510765683957458,1.0,5.0545476029347,logged
31337,77,544.9656058227487,544.9656058227487,0.1496132796425183,0.2576666131948645,5,0.2576666131948645,1.0,1.557044588064996,logged
31337,78,439.023976023976,439.023976023976,0.5993717005701652,0.6196793967505635,1,0.6196793967505635,1.0,14.162063742708902,logged
31337,79,500.5757100042814,500.5757100042814,0.4705765638544625,0.4742761749096496,3,0.4742761749096496,1.0,3.575540785744867,logged
31337,80,459.8999571856715,459.8999571856715,0.257907447409567,0.4188939998585509,5,0.4188939998585509,1.0,3.2849996941833677,logged
31337,81,392.3676323676324,392.3676323676324,0.5116320194051055,0.6301293731746178,0,0.6301293731746178,1.0,12.657020398955884,logged
31337,82,503.6357927786499,503.6357927786499,0.3446592330695535,0.2661657817906067,0,0.2661657817906067,1.0,2.7077193160142468,logged
31337,83,479.87783644926503,479.87783644926503,0.117628619738525,0.106841122846001,1,0.2284383715677456,1.0,7.270876309837349,logged
31337,84,494.4698158983874,494.4698158983874,0.3474929449176274,0.6083310657716697,3,0.6083310657716697,1.0,4.709236341889404,logged
31337,85,455.0518053375196,455.0518053375196,0.2075178629383654,0.066570701951044,2,0.2692601598600604,1.0,1.8803793608988413,logged
31337,86,441.92179249322106,441.92179249322106,0.1373688993168048,0.2890727216482906,0,0.2890727216482906,1.0,3.5638854233324277,logged
31337,87,464.36706150991864,464.36706150991864,0.7203180799409536,0.7613786775451521,3,0.7613786775451521,1.0,13.267630328854818,logged
31337,88,387.5847010132724,387.5847010132724,0.7369281387325514,0.3105825167914145,0,0.365964823531766,1.0,5.5369243001896065,logged
31337,89,332.60724989296415,332.60724989296415,0.5256786312023392,0.4265939453425993,2,0.4265939453425993,1.0,4.75153214132806,logged
31337,90,410.858855430284,410.858855430284,0.3051751548775496,0.1508312040112053,5,0.2894387414202422,1.0,4.668850629889591,logged
31337,91,460.1926644783788,460.1926644783788,0.6925450330021018,0.7406572277606159,4,0.7406572277606159,1.0,13.148361842239394,logged
31337,92,474.6417867846439,474.6417867846439,0.5068506118331878,0.355816549383516,2,0.355816549383516,1.0,2.7122387816265365,logged
31337,93,414.1238761238762,414.1238761238762,0.486333348358797,0.5131295164538079,0,0.5131295164538079,1.0,13.358834713673424,logged
31337,94,579.7760810617954,579.7760810617954,0.2615488338928927,0.0467023364622065,3,0.2326498458892366,1.0,1.3176729115040804,logged
31337,95,463.82431853860425,463.82431853860425,0.8175902807277676,0.7690304918071,3,0.7690304918071,1.0,13.252123386817264,logged
31337,96,473.18724133009846,473.18724133009846,1.151031830373635,0.6904167246386396,1,0.6904167246386396,1.0,15.264104559035436,logged
31337,97,523.2448979591836,523.2448979591836,0.5054017037104992,0.1032643546807045,5,0.2886299254280575,1.0,4.756771799628942,logged
31337,98,464.6480662194947,464.6480662194947,0.2789055804328512,0.420935875666015,2,0.420935875666015,1.0,2.6551318069685412,logged
31337,99,469.8631368631369,469.8631368631369,0.2633467972828312,0.4986917101485024,2,0.4986917101485024,1.0,4.474887017744161,logged
31337,100,499.3570714999287,499.3570714999287,0.1663394391456283,0.2824448168295064,3,0.2824448168295064,1.0,2.0381921285711373,logged
31337,101,489.3973169687456,489.3973169687456,0.2685558285172396,0.5713301704196493,5,0.5713301704196493,1.0,4.660926828273768,logged
31337,102,478.6275153418011,478.6275153418011,0.1189215748486203,0.2849184545001152,5,0.2849184545001152,1.0,13.675071866908604,logged
31337,103,424.2725845582988,424.2725845582988,0.2437084652601404,0.1199405846424044,2,0.3900170610616023,1.0,3.857023495984534,logged
31337,104,484.52790067075784,484.52790067075784,0.1977266835505805,0.4392577998858978,4,0.4392577998858978,1.0,2.7687308609757593,logged
31337,105,463.07521050378193,463.07521050378193,0.2550424901221225,0.1181642103699997,2,0.4489531085537506,1.0,5.26221830117934,logged
31337,106,515.4020265448837,515.4020265448837,0.1895768719853807,0.2648068392520283,6,0.2648068392520283,1.0,11.71368242147463,logged
31337,107,403.63379477665194,403.63379477665194,0.2191775269863815,0.4316883142632314,5,0.4316883142632314,1.0,3.844131378825257,logged
31337,108,561.787640930498,561.787640930498,0.1111903228978582,0.0914580111319261,3,0.2078899378208317,1.0,1.595987616279824,logged
31337,109,538.1165976880262,538.1165976880262,0.1123754232026048,0.1459211039803393,2,0.3052510207760974,1.0,4.076640891575956,logged
31337,110,489.2186385043528,489.2186385043528,0.1247847101704165,0.1826474403677155,2,0.260080782897493,1.0,1.5781246403366218,logged
31337,111,505.0911945197659,505.0911945197659,0.1490026338934713,0.3939279417939507,4,0.3939279417939507,1.0,2.8862353972558057,logged
31337,112,457.8547167118595,457.8547167118595,0.2434678703002423,0.1487191804825203,3,0.4680227724331845,1.0,6.937192677452416,logged
31337,113,461.1188811188812,461.1188811188812,0.1317301223437366,0.3524922569635848,3,0.3524922569635848,1.0,4.391608391608393,logged
31337,114,530.9436278007706,530.9436278007706,0.1150952860071497,0.1287621549739222,1,0.2054059532632887,1.0,2.413380126367139,logged
31337,115,513.1459968602826,513.1459968602826,0.0970910569313238,0.2354485070329186,6,0.2354485070329186,1.0,23.324818039103754,logged
31337,116,428.13757670900526,428.13757670900526,0.7507193736261791,0.7125811352911641,2,0.7125811352911641,1.0,12.232502191685864,logged
31337,117,521.0665049236478,521.0665049236478,0.6482073933134688,0.5553726693601613,4,0.5553726693601613,1.0,4.962538142129979,logged
31337,118,445.61338661338664,445.61338661338664,0.38593206588167,0.5494797068044396,2,0.5494797068044396,1.0,4.243937015365587,logged
31337,119,461.2491793920365,461.2491793920365,0.8779734679340486,0.5772098983776942,1,0.5772098983776942,1.0,14.879005786839889,logged
31337,120,492.8639931497074,492.8639931497074,0.7443505995434777,0.512833298970677,2,0.512833298970677,1.0,3.5204570939264817,logged
31337,121,567.9768802625945,567.9768802625945,0.1651250864773273,0.0348001498396603,5,0.2272310913690941,1.0,1.3587963642645802,logged
31337,122,373.83744826601975,373.83744826601975,0.3839629816807469,0.4718065866025928,0,0.4718065866025928,1.0,12.059272524710314,logged
31337,123,543.4061652633081,543.4061652633081,0.3024058495196139,0.4483485885563822,1,0.4483485885563822,1.0,5.843077045842023,logged
31337,124,395.4260025688597,395.4260025688597,0.3950369897702793,0.6240877963043341,5,0.6240877963043341,1.0,5.648942893840853,logged
31337,125,466.21878121878126,466.21878121878126,0.7527652965907382,0.7621594607533738,2,0.7621594607533738,1.0,13.320536606250894,logged
31337,126,381.17339803054085,381.17339803054085,1.1340193177196978,0.427861062076834,4,0.427861062076834,1.0,5.445334257579155,logged
31337,127,418.7947766519195,418.7947766519195,0.73602147612496,0.3897763099312836,1,0.3897763099312836,1.0,4.50316964141849,logged
31337,128,423.185100613672,423.185100613672,0.3472737615200715,0.2379432492025461,4,0.302296715604892,1.0,6.825566138930194,logged
31337,129,519.5812758669902,519.5812758669902,0.3152942491545639,0.5812040521306762,2,0.5812040521306762,1.0,4.948393103495144,logged
31337,130,459.347509633224,459.347509633224,0.423508825123188,0.5557510496566049,3,0.5557510496566049,1.0,13.124214560949255,logged
31337,131,466.9427715142001,466.9427715142001,0.9859309052077064,0.7487805456646072,3,0.7487805456646072,1.0,13.341222043262858,logged
31337,132,445.11616954474096,445.11616954474096,1.1824899685762442,0.564879991718825,0,0.564879991718825,1.0,14.358586114346483,logged
31337,133,418.0900528043385,418.0900528043385,0.8680119872513637,0.4818938956333241,4,0.4818938956333241,1.0,5.972715040061979,logged
31337,134,472.92079349222206,472.92079349222206,0.3399374776365719,0.1459012709938983,4,0.2979161398474156,1.0,4.299279940838383,logged
31337,135,440.6997288425859,440.6997288425859,0.2490936953753271,0.2600642272816593,4,0.4014683723653428,1.0,4.738706761748236,logged
31337,136,451.6232339089482,451.6232339089482,0.2295744751514965,0.4618582535864225,5,0.4618582535864225,1.0,6.451760484413545,logged
31337,137,416.84172969887254,416.84172969887254,0.5623904191669352,0.6621267762530282,4,0.6621267762530282,1.0,11.909763705682073,logged
31337,138,471.59911517054377,471.59911517054377,0.2920616346256128,0.2840787738887004,5,0.2840787738887004,1.0,2.2457100722406844,logged
31337,139,345.9169402026545,345.9169402026545,0.3273608816287096,0.3301339528628454,4,0.3884150796919481,1.0,4.941670574323635,logged
31337,140,507.4170115598687,507.4170115598687,1.0092355155578827,0.8200827215587667,2,0.8200827215587667,1.0,14.497628901710534,logged
31337,141,456.46624803767656,456.46624803767656,1.3298302852790689,0.5909227020026673,0,0.5909227020026673,1.0,14.724717678634727,logged
31337,142,521.5324675324675,521.5324675324675,0.7051356906325015,0.3900361580531387,6,0.3900361580531387,1.0,23.706021251475796,logged
31337,143,469.12202083630655,469.12202083630655,1.0655429778849637,0.697896210570957,5,0.697896210570957,1.0,13.40348630960876,logged
31337,144,518.4071642643071,518.4071642643071,0.6099071429872113,0.3236925890401968,2,0.3236925890401968,1.0,2.11594760924207,logged
31337,145,471.79563293849014,471.79563293849014,0.1698349023178908,0.2892143097516972,3,0.2892143097516972,1.0,1.925696460973429,logged
31337,146,350.41458541458536,350.41458541458536,0.4507384070195409,0.6274394254813079,3,0.6274394254813079,1.0,10.011845297559582,logged
31337,147,495.373198230341,495.373198230341,0.2577164603360976,0.1978021372567984,0,0.2443726366959208,1.0,3.5383799873595785,logged
31337,148,524.3269587555302,524.3269587555302,0.1317540269595061,0.2774701978485205,4,0.2774701978485205,1.0,1.664530027795334,logged
31337,149,541.4669616098188,541.4669616098188,0.083759926835848,0.0852143289522492,4,0.2853884812541335,1.0,2.7346816242920142,logged
31337,150,455.9931497074354,455.9931497074354,0.1961797350508508,0.2367496644230204,0,0.2644119886900066,1.0,20.726961350337973,logged
42,1,503.4238618524333,503.4238618524333,1.493364974311948,0.4590303154264742,6,0.4590303154264742,1.0,22.88290281147424,logged
42,2,416.7375481661196,416.7375481661196,1.5610111706824323,0.5914519300091341,3,0.5914519300091341,1.0,11.90678709046056,logged
42,3,511.64892250606533,511.64892250606533,1.0156637488944331,0.2716249210501095,0,0.2716249210501095,1.0,2.75080065863476,logged
42,4,448.68331668331666,448.68331668331666,0.6117649972349495,0.4237623737791031,5,0.4237623737791031,1.0,6.409761666904524,logged
42,5,500.3268160411018,500.3268160411018,0.4257786145722051,0.2471834091042868,5,0.2471834091042868,1.0,7.147525943444311,logged
42,6,393.4511203082632,393.4511203082632,0.3933449486164544,0.2826425935845399,0,0.2826425935845399,1.0,4.230657207615733,logged
42,7,485.5602968460112,485.5602968460112,0.3765355350811614,0.2886594381334049,5,0.2886594381334049,1.0,3.4682878346143653,logged
42,8,554.1134579706008,554.1134579706008,0.3639910998787511,0.2232736524861797,0,0.2232736524861797,1.0,2.5535182394958564,logged
42,9,554.8602825745683,554.8602825745683,0.5451410328337808,0.3796771783969676,6,0.3796771783969676,1.0,8.406973978402549,logged
42,10,376.2471813900386,376.2471813900386,0.7438758855311735,0.4673243503429465,3,0.4673243503429465,1.0,10.749919468286816,logged
42,11,436.4412730127016,436.4412730127016,0.5500831068347072,0.2020380913757687,6,0.2020380913757687,1.0,6.6127465607985085,logged
42,12,505.0620807763664,505.0620807763664,0.4770014856288573,0.3540217678792724,2,0.3540217678792724,1.0,4.810115055013013,logged
42,13,517.6340802055088,517.6340802055088,0.348188384331921,0.2091660739511502,2,0.2091660739511502,1.0,3.6973862871822054,logged
42,14,482.3450834879407,482.3450834879407,0.3574938551366978,0.0519608791110626,4,0.3185055080748842,1.0,10.96238826108956,logged
42,15,518.2177822177822,518.2177822177822,0.3572411949767809,0.1871873065715015,3,0.1871873065715015,1.0,1.346020213552681,logged
42,16,427.34993577850713,427.34993577850713,0.4719739987292833,0.4141884317883295,2,0.4141884317883295,1.0,12.209998165100204,logged
42,17,464.7151420008563,464.7151420008563,0.6172711463070983,0.2959694478811158,1,0.2959694478811158,1.0,4.996937010761895,logged
42,18,452.0358213215356,452.0358213215356,0.631040654960964,0.3883278992138446,1,0.3883278992138446,1.0,14.581800687791471,logged
42,19,485.36520622234906,485.36520622234906,0.4864311409895672,0.2137308768514604,3,0.2137308768514604,1.0,1.733447165079818,logged
42,20,510.8081918081918,510.8081918081918,0.3781005606909352,0.2136002534145937,6,0.2136002534145937,1.0,23.218554173099623,logged
42,21,423.8981018981019,423.8981018981019,0.3842100653722684,0.2648013313615255,5,0.2648013313615255,1.0,3.0278435849864422,logged
42,22,484.8110460967604,484.8110460967604,0.3065525526189422,0.244412093546943,5,0.244412093546943,1.0,2.770348834838631,logged
42,23,489.9706008277436,489.9706008277436,0.5666724124983223,0.4952351291527607,4,0.4952351291527607,1.0,13.999160023649818,logged
42,24,525.9491936634793,525.9491936634793,0.8895354891051996,0.4467487357573948,6,0.4467487357573948,1.0,23.90678153015815,logged
42,25,406.8069073783359,406.8069073783359,0.8299318206304562,0.3501618927069526,1,0.3501618927069526,1.0,6.561401731908644,logged
42,26,513.3876123876123,513.3876123876123,0.4350514975955811,0.2565883654027967,3,0.2565883654027967,1.0,1.8335271870986152,logged
42,27,487.81190238333096,487.81190238333096,0.7012142776362712,0.5933771442905377,0,0.5933771442905377,1.0,15.735867818817129,logged
42,28,452.1515627229913,452.1515627229913,0.644693929538217,0.3207780999938606,3,0.3207780999938606,1.0,2.5837232155599503,logged
42,29,458.6359354930784,458.6359354930784,0.3582546155838537,0.2513402791309954,3,0.3133317071376369,1.0,3.698676899137729,logged
42,30,436.615527329813,436.615527329813,0.4201685965787601,0.191392737026253,3,0.3040552997492788,1.0,19.84616033317332,logged
42,31,534.235050663622,534.235050663622,0.3674099013143748,0.3222511438246035,4,0.3222511438246035,1.0,1.90798232379865,logged
42,32,494.87512487512487,494.87512487512487,0.6270417680971477,0.6380810415938627,4,0.6380810415938627,1.0,14.139289282146423,logged
42,33,492.6617668046239,492.6617668046239,0.468848193716795,0.0553808348005363,3,0.265938695000295,1.0,2.239371667293745,logged
42,34,410.9433423719139,410.9433423719139,0.268418346347359,0.2873166474638663,4,0.2873166474638663,1.0,2.348247670696651,logged
42,35,478.9406307977736,478.9406307977736,0.3057489306366079,0.4465377581335188,2,0.4465377581335188,1.0,3.421004505698383,logged
42,36,509.7742257742258,509.7742257742258,0.2912710904118911,0.2921846923260821,6,0.2921846923260821,1.0,23.171555717010264,logged
42,37,555.7548166119595,555.7548166119595,0.2312648851334943,0.0028670132342218,1,0.240462552116651,1.0,2.105131881105907,logged
42,38,453.0291137433994,453.0291137433994,0.2417772820153125,0.430110170280454,5,0.430110170280454,1.0,3.2359222410242814,logged
42,39,519.9255030683603,519.9255030683603,0.152936393995114,0.0804102264831765,0,0.2095647545784941,1.0,3.938829568699699,logged
42,40,486.0518053375197,486.0518053375197,0.1873516638788524,0.2709792439814599,5,0.2709792439814599,1.0,2.3145324063691413,logged
42,41,459.335236192379,459.335236192379,0.1885592351211171,0.3444803931464528,3,0.3444803931464528,1.0,2.187310648535138,logged
42,42,505.9479092336235,505.9479092336235,0.7664933823251545,0.7156726272777885,0,0.7156726272777885,1.0,16.32090029785882,logged
42,43,439.7984872270587,439.7984872270587,1.01175462696217,0.6233269724358342,5,0.6233269724358342,1.0,12.565671063630248,logged
42,44,454.28314542600253,454.28314542600253,0.6319237341462435,0.1466510975629828,0,0.2619067733867054,1.0,2.949890554714302,logged
42,45,397.1809618952476,397.1809618952476,0.3098016528744652,0.3489341349855559,4,0.3489341349855559,1.0,2.83700687068034,logged
42,46,498.0896246610532,498.0896246610532,0.1949372581972211,0.0832989072275003,2,0.2770066236518235,1.0,2.830054685574166,logged
42,47,576.5288996717568,576.5288996717568,0.1338100949645697,0.0220271470859449,2,0.2129628943509752,1.0,1.5415211221169969,logged
42,48,461.3235336092479,461.3235336092479,0.1796983585737779,0.2629714652937546,1,0.2657512752939164,1.0,2.480234051662623,logged
42,49,514.9693163978877,514.9693163978877,0.133020686664131,0.0664590099097893,4,0.2070873026303924,1.0,3.343956599986284,logged
42,50,444.4802340516626,444.4802340516626,0.5472062340141841,0.6388090690600142,1,0.6388090690600142,1.0,14.338072066182663,logged
42,51,450.8218923933209,450.8218923933209,0.4824341187461555,0.2328947908601826,5,0.3048757221052096,1.0,2.9085283380214255,logged
42,52,418.7502497502498,418.7502497502498,0.5132725665352372,0.5880337558993891,5,0.5880337558993891,1.0,11.964292850007135,logged
42,53,519.3005565862708,519.3005565862708,0.9269912152957313,0.6971920144897262,1,0.6971920144897262,1.0,16.751630857621638,logged
42,54,463.9230769230769,463.9230769230769,0.8175190361178716,0.5405411198432447,2,0.5405411198432447,1.0,6.627472527472526,logged
42,55,529.8574282859997,529.8574282859997,0.4919104714153398,0.438652276868974,6,0.438652276868974,1.0,24.084428558454533,logged
42,56,417.2744398458684,417.2744398458684,0.6565620612894575,0.4854466473592744,5,0.4854466473592744,1.0,5.961063426369549,logged
42,57,430.26259454830887,430.26259454830887,0.4839949703428107,0.3500743691759932,2,0.3500743691759932,1.0,3.0733042467736347,logged
42,58,416.59982874268593,416.59982874268593,0.2745085115340765,0.3069585154732707,5,0.3069585154732707,1.0,2.3805704499582054,logged
42,59,430.0679320679321,430.0679320679321,0.1834102297924992,0.2968010633325344,1,0.2968010633325344,1.0,3.468289774741388,logged
42,60,590.696731839589,590.696731839589,0.1188699928216926,0.1248757691411719,3,0.2193150821061601,1.0,1.732248480468003,logged
42,61,451.9874411302983,451.9874411302983,0.3776818861653016,0.5734323663727713,3,0.5734323663727713,1.0,6.456963444718547,logged
42,62,427.1855287569573,427.1855287569573,0.7419164866690339,0.4827315954962056,2,0.4827315954962056,1.0,12.205300821627352,logged
42,63,379.9279292136435,379.9279292136435,0.9494145301086764,0.6241891180271185,2,0.6241891180271185,1.0,10.855083691818388,logged
42,64,430.4732410446695,430.4732410446695,0.7571684030281246,0.3030823641380198,6,0.3030823641380198,1.0,6.522321834010144,logged
42,65,456.69958612815753,456.69958612815753,0.8808121803815868,0.680466013456818,0,0.680466013456818,1.0,14.732244713811534,logged
42,66,476.57114314257166,476.57114314257166,0.9302611304176508,0.594835757702484,4,0.594835757702484,1.0,6.8081591877510235,logged
42,67,433.273298130441,433.273298130441,0.7168897230250817,0.5521736390891981,3,0.5521736390891981,1.0,6.189618544720585,logged
42,68,506.6571999429142,506.6571999429142,0.3365520017885346,0.1376371635055089,5,0.2296021617563083,1.0,2.302987272467792,logged
42,69,481.90794919366346,481.90794919366346,0.2206750631978613,0.3789155536472052,0,0.3789155536472052,1.0,3.1090835431849255,logged
42,70,471.20365348936775,471.20365348936775,0.1578040080511035,0.2944385979865663,1,0.2944385979865663,1.0,5.066705951498578,logged
42,71,422.1332952761523,422.1332952761523,0.1542922504591277,0.3099160137876993,0,0.3099160137876993,1.0,6.808601536712135,logged
42,72,488.9922934208648,488.9922934208648,0.1345822802512163,0.3504831429354034,2,0.3504831429354034,1.0,1.9958869119218972,logged
42,73,543.825888397317,543.825888397317,0.2665082492508014,0.5438678851394365,0,0.5438678851394365,1.0,8.77138529673092,logged
42,74,439.0132724418438,439.0132724418438,0.8957480608603281,0.7736780371321288,2,0.7736780371321288,1.0,12.543236355481252,logged
42,75,423.8097616669045,423.8097616669045,0.5236649007049399,0.2204427437075159,2,0.2204427437075159,1.0,2.4217700666680257,logged
42,76,430.7836449265021,430.7836449265021,0.4624921095436745,0.5125021400980991,5,0.5125021400980991,1.0,6.154052070378602,logged
42,77,426.4200085628657,426.4200085628657,1.046357314103383,0.6246284099145373,2,0.6246284099145373,1.0,12.183428816081875,logged
42,78,603.7405451691166,603.7405451691166,0.5837727226312235,0.0564995060891231,4,0.2625336887364779,1.0,1.8295168035427771,logged
42,79,442.5858427286999,442.5858427286999,0.4813997302897769,0.1159408168234507,2,0.5485134148247877,1.0,20.11753830584999,logged
42,80,455.51320108462966,455.51320108462966,0.5648115343490655,0.1914344370705998,1,0.462335004752983,1.0,10.352572751923402,logged
42,81,369.13258170401025,369.13258170401025,0.6369031065192208,0.4037614538796116,4,0.4037614538796116,1.0,5.273322595771575,logged
42,82,538.146139574711,538.146139574711,0.2650054727686824,0.1738903094475209,0,0.2037725743068096,1.0,1.2813003323207406,logged
42,83,354.4442700156986,354.4442700156986,0.2457188217719411,0.3724740160509758,3,0.3724740160509758,1.0,5.063489571652837,logged
42,84,411.7386898815471,411.7386898815471,0.9894907349639684,0.3793792591989484,4,0.5255518303744368,1.0,13.28189322198539,logged
42,85,508.5183388040531,508.5183388040531,0.5780547087449894,0.2815537639545144,0,0.2815537639545144,1.0,2.733969563462651,logged
42,86,415.8491508491508,415.8491508491508,0.3721185187180294,0.5137991384059817,5,0.5137991384059817,1.0,5.940702154987869,logged
42,87,379.1537034394177,379.1537034394177,0.389028619237675,0.6040724113493107,3,0.6040724113493107,1.0,5.416481477705967,logged
42,88,307.5494505494505,307.5494505494505,0.7805725387127803,0.4398334832263342,4,0.4398334832263342,1.0,8.787127158555728,logged
42,89,476.1348651348651,476.1348651348651,0.4925107054123362,0.3127199732513222,4,0.3127199732513222,1.0,3.4009633223918936,logged
42,90,401.0204081632653,401.0204081632653,0.2484357476927229,0.3012150627219028,2,0.3012150627219028,1.0,2.2915451895043732,logged
42,91,420.6647638076209,420.6647638076209,0.1976676045532752,0.1848313384924512,4,0.2788121510040999,1.0,6.373708542539711,logged
42,92,470.449407735122,470.449407735122,0.6783925615091176,0.7391609228732686,1,0.7391609228732686,1.0,15.17578734629426,logged
42,93,486.5979734551163,486.5979734551163,0.3660687860841112,0.2595769688592859,4,0.2595769688592859,1.0,1.5447554712860834,logged
42,94,527.1225916940202,527.1225916940202,0.3467981961778923,0.5944410125979966,0,0.5944410125979966,1.0,8.501977285387422,logged
42,95,433.55701441415727,433.55701441415727,0.2213831441390358,0.3026652035578432,5,0.3026652035578432,1.0,1.7696204669965605,logged
42,96,434.6646210931925,434.6646210931925,0.2520975844688775,0.5139084809796008,3,0.5139084809796008,1.0,4.139663058030405,logged
42,97,396.3784786641929,396.3784786641929,0.7315495891487162,0.1679636044394097,4,0.6115564542287579,1.0,18.017203575645137,logged
42,98,417.5974025974026,417.5974025974026,0.6682619260380704,0.4068853637581747,1,0.4068853637581747,1.0,4.490294651584974,logged
42,99,445.6644783787641,445.6644783787641,0.2016232606959364,0.0990496186418732,0,0.2147601786200464,1.0,3.3762460483239707,logged
42,100,415.3723419437705,415.3723419437705,0.2053830170517903,0.337643853177586,0,0.337643853177586,1.0,6.699553902318879,logged
42,101,438.31811046096755,438.31811046096755,0.1739118647839967,0.4493087355232825,4,0.4493087355232825,1.0,4.174458194866357,logged
42,102,433.02083630655056,433.02083630655056,0.1641218694723388,0.3002656411707095,2,0.3002656411707095,1.0,2.4744047788945744,logged
42,103,399.98187526758954,399.98187526758954,0.7033925288266928,0.7484393981852889,5,0.7484393981852889,1.0,11.428053579073987,logged
42,104,465.37605251890966,465.37605251890966,0.3815008273976164,0.3035604452724208,1,0.3035604452724208,1.0,2.144590103773777,logged
42,105,506.1735407449692,506.1735407449692,0.7223025001085398,0.800654578726604,3,0.800654578726604,1.0,14.462101164141975,logged
42,106,530.7590980448123,530.7590980448123,0.6013333808208426,0.3323993968575783,6,0.3323993968575783,1.0,4.825082709498293,logged
42,107,382.4850863422292,382.4850863422292,0.8534417702939252,0.6334809851211353,5,0.6334809851211353,1.0,10.92814532406369,logged
42,108,407.0376766091052,407.0376766091052,1.6898002396148182,0.4924535105087286,0,0.4924535105087286,1.0,13.13024763255178,logged
42,109,429.4388468674183,429.4388468674183,1.129451940586227,0.5041155914557333,4,0.5041155914557333,1.0,6.134840669534547,logged
42,110,598.8204652490366,598.8204652490366,0.43085377897979,0.0585002910171476,0,0.1740562635100342,1.0,1.3609556028387195,logged
42,111,452.03125445982585,452.03125445982585,0.2187446183923155,0.2673057499117245,4,0.2973657486305679,1.0,2.5830357397704335,logged
42,112,483.9166547737976,483.9166547737976,0.2038035861272146,0.3833055928208065,5,0.3833055928208065,1.0,2.7652380272788437,logged
42,113,500.26487797916366,500.26487797916366,0.1859824283628949,0.4072167096878683,2,0.4072167096878683,1.0,2.382213704662684,logged
42,114,444.96517767946335,444.96517767946335,0.355173109785132,0.3318024056922105,3,0.4687100787740492,1.0,7.176857704507474,logged
42,115,513.8096189524761,513.8096189524761,0.2366881615735888,0.4567583836221341,4,0.4567583836221341,1.0,2.9360549654427204,logged
42,116,488.14899386327954,488.14899386327954,0.676681294192715,0.7383660492638474,0,0.7383660492638474,1.0,15.746741737525149,logged
42,117,389.8925360353931,389.8925360353931,0.8120072130367654,0.4167320088994107,0,0.4167320088994107,1.0,12.577178581786876,logged
42,118,370.0162694448409,370.0162694448409,0.4647486882901153,0.3217116080496952,2,0.3217116080496952,1.0,3.5239644709032465,logged
42,119,491.17225631511343,491.17225631511343,0.175282814295141,0.1671712875896783,4,0.2770880569273635,1.0,1.9805332915931992,logged
42,120,470.6768945340374,470.6768945340374,0.2229157458967166,0.4466719418893652,2,0.4466719418893652,1.0,4.482637090800356,logged
42,121,355.74939346367916,355.74939346367916,0.3569793346985527,0.4557490288210504,1,0.4557490288210504,1.0,5.737893442962567,logged
42,122,393.3185386042529,393.3185386042529,0.3673401273955008,0.4631799977283574,3,0.4631799977283574,1.0,3.745890843850028,logged
42,123,418.21093192521766,418.21093192521766,0.2893671634576653,0.3174920265811002,4,0.3174920265811002,1.0,2.3897767538583867,logged
42,124,459.96061081775366,459.96061081775366,0.4372270434161215,0.4467455783717398,0,0.4467455783717398,1.0,14.837439058637214,logged
42,125,464.4876552019409,464.4876552019409,0.2972019750839639,0.2337951744840027,1,0.2496988910095248,1.0,3.745868187112426,logged
42,126,510.1626944484088,510.1626944484088,0.1169436258798423,0.2094473238440191,3,0.226836628347353,1.0,4.114215277809748,logged
42,127,423.0353931782503,423.0353931782503,0.4413755251464247,0.7173955590367342,3,0.7173955590367342,1.0,12.08672551937858,logged
42,128,415.2725845582989,415.2725845582989,0.925515518395837,0.7048533100088348,5,0.7048533100088348,1.0,11.864930987379967,logged
42,129,464.298273155416,464.298273155416,0.7005736493856337,0.0883599136390674,1,0.5214006245171863,1.0,5.276116740402454,logged
42,130,465.3673469387755,465.3673469387755,0.3235041142834994,0.0804479350245508,3,0.3846124010618068,1.0,5.288265306122448,logged
42,131,439.3910375338947,439.3910375338947,0.5794647403725558,0.6848142026921761,1,0.6848142026921761,1.0,14.173904436577248,logged
42,132,424.0819180819181,424.0819180819181,0.5724087457053332,0.5210987100007985,4,0.5210987100007985,1.0,6.058313115455972,logged
42,133,546.7862137862138,546.7862137862138,0.2327943269635779,0.1429594451742887,3,0.2552030738673139,1.0,4.142319801410711,logged
42,134,515.0002854288568,515.0002854288568,0.1390891157104111,0.0187963761245307,0,0.2925410804920834,1.0,1.6720788487949898,logged
42,135,425.39817325531607,425.39817325531607,0.2064998891723107,0.5552191959551223,3,0.5552191959551223,1.0,4.051411173860153,logged
42,136,444.42043670615095,444.42043670615095,0.337209961635056,0.5314635968799704,1,0.5314635968799704,1.0,7.168071559776628,logged
42,137,466.5827030112744,466.5827030112744,0.2368067786889236,0.2590395840795724,2,0.2923635447522598,1.0,1.666366796468837,logged
42,138,507.5834165834165,507.5834165834165,0.1505305860243138,0.266464207826419,6,0.266464207826419,1.0,11.535986740532191,logged
42,139,381.58998144712433,381.58998144712433,0.7374832005088346,0.7443094706985047,2,0.7443094706985047,1.0,10.902570898489266,logged
42,140,506.0418153275296,506.0418153275296,0.4208974456164534,0.2185408049254067,6,0.2185408049254067,1.0,5.750475174176473,logged
42,141,426.2156415013558,426.2156415013558,0.2957708356423956,0.0039587579324811,5,0.3503586380475301,1.0,3.874687650012325,logged
42,142,474.8754103039817,474.8754103039817,0.2693500198136824,0.5487061515417846,0,0.5487061515417846,1.0,7.659280811354543,logged
42,143,482.9920079920078,482.9920079920078,0.2925411218565062,0.5684333421700717,2,0.5684333421700717,1.0,4.59992388563817,logged
42,144,460.1153132581704,460.1153132581704,0.5783373609580319,0.7305079336601625,0,0.7305079336601625,1.0,14.842429459940982,logged
42,145,551.0184101612673,551.0184101612673,0.3053595538413644,0.1085556099177258,3,0.2505476756893894,1.0,1.9749763805063345,logged
42,146,494.45839874411297,494.45839874411297,0.1810187646360219,0.4230540611282264,4,0.4230540611282264,1.0,2.825476564252074,logged
42,147,499.11088911088905,499.11088911088905,0.1158011512691838,0.3111478607234404,3,0.3111478607234404,1.0,1.4260311117453972,logged
42,148,436.9206507777936,436.9206507777936,0.1293267354749726,0.2579837385697876,0,0.2579837385697876,1.0,3.5235536353047876,logged
42,149,472.39703153988864,472.39703153988864,0.2120454769178058,0.227634493547781,4,0.4492571197742692,1.0,7.157530780907404,logged
42,150,447.6991579848722,447.6991579848722,0.2633809898522918,0.4777926923085453,2,0.4777926923085453,1.0,3.197851128463373,logged
8675309,1,429.27743684886536,429.27743684886536,0.954808795670996,0.253005532673173,4,0.253005532673173,1.0,3.066267406063324,logged
8675309,2,474.85642928500073,474.85642928500073,0.6080443602777647,0.3319972641220505,3,0.3319972641220505,1.0,4.522442183666674,logged
8675309,3,605.3519337805052,605.3519337805052,0.5265931183021036,0.0347067535661763,5,0.1955718060839224,1.0,1.5286664994457202,logged
8675309,4,463.690737833595,463.690737833595,0.4867813552702093,0.088015692333083,5,0.377906735144318,1.0,10.538425859854431,logged
8675309,5,492.9119451976594,492.9119451976594,0.4379475079673917,0.3224461279683018,4,0.3224461279683018,1.0,14.08319843421884,logged
8675309,6,454.1761096046811,454.1761096046811,0.3982961039094472,0.2347930267886196,3,0.2347930267886196,1.0,2.16274337906991,logged
8675309,7,403.8238903953189,403.8238903953189,0.3767938122508974,0.2833266715641694,1,0.2833266715641694,1.0,6.513288554763209,logged
8675309,8,527.7508206079634,527.7508206079634,0.3615062648733042,0.0315823176848966,3,0.2118166959870231,1.0,1.5992449109332223,logged
8675309,9,480.41287284144425,480.41287284144425,0.2980463515704017,0.1986730921177553,3,0.1986730921177553,1.0,1.7157602601480153,logged
8675309,10,428.96275153418,428.96275153418,0.291990643266613,0.2208646162115932,0,0.2208646162115932,1.0,3.459377028501452,logged
8675309,11,441.5607249892964,441.5607249892964,0.3506641688991793,0.3143763559306002,4,0.3143763559306002,1.0,4.205340237993299,logged
8675309,12,533.146139574711,533.146139574711,0.4043107588808596,0.1785728667066927,6,0.1785728667066927,1.0,12.116957717607068,logged
8675309,13,472.9556158127586,472.9556158127586,0.3327731537712611,0.1514457767626549,5,0.2098653992333252,1.0,1.5256632768153504,logged
8675309,14,441.243328100471,441.243328100471,0.3495020801557615,0.3074400303161256,1,0.3074400303161256,1.0,7.1168278725882415,logged
8675309,15,413.5534465534466,413.5534465534466,0.4315653506234755,0.3571211737893634,4,0.3571211737893634,1.0,5.907906379334951,logged
8675309,16,423.5500214071643,423.5500214071643,0.3289215300838633,0.2098284427813943,5,0.2098284427813943,1.0,2.0169048638436395,logged
8675309,17,472.4071642643071,472.4071642643071,0.3139330629075364,0.287389422885156,4,0.287389422885156,1.0,3.3743368876021935,logged
8675309,18,427.5224775224775,427.5224775224775,0.7660694348805666,0.5649321114067754,3,0.5649321114067754,1.0,12.214927929213644,logged
8675309,19,481.235336092479,481.235336092479,1.0383547139152989,0.4423625066021019,1,0.4423625066021019,1.0,7.761860259556112,logged
8675309,20,443.5450264021693,443.5450264021693,0.5359145436388223,0.272738145894814,1,0.272738145894814,1.0,7.153952038744666,logged
8675309,21,582.2274867989154,582.2274867989154,0.340343141111101,0.0262809660807563,2,0.2027298956537966,1.0,1.8903489831133615,logged
8675309,22,524.624518338804,524.624518338804,0.302877204929646,0.2970024522262972,2,0.2970024522262972,1.0,2.498211992089543,logged
8675309,23,548.7847866419295,548.7847866419295,0.2880115456747085,0.273212623556267,1,0.273212623556267,1.0,2.950455842160911,logged
8675309,24,428.5671471385757,428.5671471385757,0.7767464575357655,0.6113988431523417,2,0.6113988431523417,1.0,12.244775632530732,logged
8675309,25,452.9961467104323,452.9961467104323,1.009479129706705,0.4592409911437197,0,0.4592409911437197,1.0,7.30638946307149,logged
8675309,26,520.4395604395604,520.4395604395604,0.5317483292036621,0.3580012546773631,3,0.3580012546773631,1.0,2.478283621140764,logged
8675309,27,488.9162266305124,488.9162266305124,0.4565805976127144,0.4689087814774602,0,0.4689087814774602,1.0,7.885745590814715,logged
8675309,28,364.12458969601823,364.12458969601823,0.368651407481263,0.1898478774720836,5,0.2213723856914305,1.0,2.9364886265807923,logged
8675309,29,444.21036106750387,444.21036106750387,0.5362209656390333,0.4405060222944319,3,0.4405060222944319,1.0,6.345862300964341,logged
8675309,30,577.3376623376623,577.3376623376623,0.3921159947648344,0.2961812967759625,1,0.2961812967759625,1.0,2.0693106176977145,logged
8675309,31,498.863850435279,498.863850435279,0.2115771195116584,0.1339166661929419,3,0.2135128567269531,1.0,5.668907391309989,logged
8675309,32,486.7688026259455,486.7688026259455,0.3650027774239657,0.4890787878575908,3,0.4890787878575908,1.0,6.953840037513507,logged
8675309,33,531.108891108891,531.108891108891,0.2664378186933824,0.2360699120078407,0,0.2360699120078407,1.0,1.903616097164484,logged
8675309,34,524.3800485229057,524.3800485229057,0.3101600877172942,0.4703838473231889,1,0.4703838473231889,1.0,5.638495145407588,logged
8675309,35,378.69501926644784,378.69501926644784,0.7183381468865977,0.5650240054288875,3,0.5650240054288875,1.0,10.819857693327082,logged
8675309,36,446.6486370772085,446.6486370772085,0.4740998231799994,0.1894478348946691,6,0.1894478348946691,1.0,10.151105388118374,logged
8675309,37,346.0493791922363,346.0493791922363,0.8347697924593879,0.4298807532865484,3,0.4298807532865484,1.0,9.88712511977818,logged
8675309,38,476.25931211645496,476.25931211645496,0.5423835571842212,0.308307447123592,2,0.308307447123592,1.0,2.267901486268834,logged
8675309,39,481.27872127872126,481.27872127872126,0.3704601706019388,0.4695668639292323,0,0.4695668639292323,1.0,7.762560020624536,logged
8675309,40,479.4170115598687,479.4170115598687,0.2791120946053685,0.3243836131294748,4,0.3243836131294748,1.0,2.282938150285089,logged
8675309,41,431.29898672755814,431.29898672755814,1.1890875243286063,0.4767877623124846,5,0.4767877623124846,1.0,12.322828192215947,logged
8675309,42,425.9049521906665,425.9049521906665,1.0753043811777616,0.4597456957487372,3,0.4597456957487372,1.0,12.168712919733329,logged
8675309,43,502.5227629513344,502.5227629513344,0.7137547317302834,0.5197159266347877,0,0.5197159266347877,1.0,8.10520585405378,logged
8675309,44,537.0161267304125,537.0161267304125,0.3234694725367348,0.1403166272130699,5,0.1704633564260045,1.0,4.881964788458295,logged
8675309,45,502.3223918938205,502.3223918938205,0.1985858680863651,0.0346914504170785,3,0.2639967512667825,1.0,1.9027363329311384,logged
8675309,46,482.13572142143573,482.13572142143573,0.1681005095829302,0.2803238066168892,0,0.2803238066168892,1.0,2.592127534523848,logged
8675309,47,532.5931211645496,532.5931211645496,0.2430882917388082,0.460933591660886,1,0.460933591660886,1.0,5.726807754457523,logged
8675309,48,511.7188525759954,511.7188525759954,0.1527278106864759,0.0843542924254486,3,0.2092997304581463,1.0,1.650705976051598,logged
8675309,49,421.5184815184815,421.5184815184815,0.1981474108508802,0.3557300405464737,5,0.3557300405464737,1.0,2.4086770372484656,logged
8675309,50,547.1674040245468,547.1674040245468,0.1427776202071505,0.3007887890078308,5,0.3007887890078308,1.0,1.7370393778557045,logged
8675309,51,551.8194662480377,551.8194662480377,0.1246077306761516,0.0821134179844251,5,0.2837288807312627,1.0,2.280245728297676,logged
8675309,52,417.321250178393,417.321250178393,0.1442534716304122,0.1752873145223889,4,0.1947661549933018,1.0,1.4904330363514036,logged
8675309,53,493.5962608819751,493.5962608819751,0.2356617609411965,0.4096562028664933,3,0.4096562028664933,1.0,3.5256875777283936,logged
8675309,54,431.7199942914229,431.7199942914229,0.2111023516657588,0.4423514907752897,2,0.4423514907752897,1.0,4.111618993251646,logged
8675309,55,470.55787070072785,470.55787070072785,0.1315458791070569,0.2013990840515071,3,0.2221581938684442,1.0,1.897410768954548,logged
8675309,56,548.3766233766233,548.3766233766233,0.1231812061495229,0.2937487518118212,2,0.2937487518118212,1.0,2.238271932149483,logged
8675309,57,428.5941201655487,428.5941201655487,0.8338066920562934,0.706647699735378,3,0.706647699735378,1.0,12.24554629044425,logged
8675309,58,412.24475524475525,412.24475524475525,1.028936957268402,0.1607522698374305,1,0.4601395538876636,1.0,18.738397965670693,logged
8675309,59,462.5929784501213,462.5929784501213,1.383070668154597,0.6755943221707198,4,0.6755943221707198,1.0,13.216942241432037,logged
8675309,60,476.1649778792636,476.1649778792636,0.8095713198727877,0.3757266228390483,2,0.3757266228390483,1.0,3.4011784134233114,logged
8675309,61,505.64606821749675,505.64606821749675,0.3027925563965214,0.3434640788446193,6,0.3434640788446193,1.0,22.9839121917044,logged
8675309,62,367.742685885543,367.742685885543,0.6905290856157792,0.5428133312426342,1,0.5428133312426342,1.0,11.86266728663042,logged
8675309,63,564.8951048951049,564.8951048951049,0.380384641890802,0.0947798220205698,2,0.2094743196936288,1.0,1.2838525111252383,logged
8675309,64,539.6330812045097,539.6330812045097,0.2167068872840062,0.3119995470589217,6,0.3119995470589217,1.0,12.264388209193402,logged
8675309,65,417.7451120308263,417.7451120308263,0.3365439336201019,0.4601613535703542,5,0.4601613535703542,1.0,3.97852487648406,logged
8675309,66,534.5648637077207,534.5648637077207,0.1805267948214108,0.2882635915904237,0,0.2882635915904237,1.0,1.9160030957265977,logged
8675309,67,516.8428714142999,516.8428714142999,0.1362461068822996,0.3529580193989745,2,0.3529580193989745,1.0,2.4611565305442853,logged
8675309,68,562.7997716569146,562.7997716569146,0.1741859557247042,0.3977057623587089,0,0.3977057623587089,1.0,3.0258052239619064,logged
8675309,69,429.6873126873126,429.6873126873126,0.2247333580657948,0.3828050966391433,4,0.3828050966391433,1.0,3.069195090623662,logged
8675309,70,538.7020122734409,538.7020122734409,0.1557076872176155,0.0958616809050257,3,0.2412045712805356,1.0,1.6324303402225482,logged
8675309,71,409.33894676751817,409.33894676751817,0.5095136072744337,0.3954786066336943,3,0.4080512207314247,1.0,5.847699239535974,logged
8675309,72,460.6857428285999,460.6857428285999,0.4352028123086314,0.5361376710514508,4,0.5361376710514508,1.0,4.387483265034285,logged
8675309,73,551.3390894819466,551.3390894819466,0.190408166785031,0.2432628811343661,1,0.2432628811343661,1.0,1.3680870706748056,logged
8675309,74,473.64506921649775,473.64506921649775,0.1606595215374885,0.3426103564579157,1,0.3426103564579157,1.0,2.5464788667553644,logged
8675309,75,438.4835164835165,438.4835164835165,0.1353822731701224,0.1940146436345525,3,0.2974812797682353,1.0,6.643689643689644,logged
8675309,76,446.4161552732981,446.4161552732981,0.4858211999934964,0.5788569814958779,4,0.5788569814958779,1.0,6.377373646761401,logged
8675309,77,479.8602825745683,479.8602825745683,0.3341222693138919,0.2994618703525675,5,0.2994618703525675,1.0,3.4275734469612025,logged
8675309,78,472.3439417725132,472.3439417725132,0.1724944911413349,0.2558491499654178,3,0.2558491499654178,1.0,1.686942649187547,logged
8675309,79,460.2197802197801,460.2197802197801,0.2047365372062288,0.4798555413883625,4,0.4798555413883625,1.0,4.383045525902667,logged
8675309,80,508.69016697588125,508.69016697588125,0.2786247184421458,0.4788008103505959,1,0.4788008103505959,1.0,4.102340056257107,logged
8675309,81,455.0665049236477,455.0665049236477,0.1488702228659606,0.1279728010462397,3,0.2798373245983593,1.0,3.4474735221488464,logged
8675309,82,407.45040673612095,407.45040673612095,0.1650898348546751,0.1203537596205709,3,0.3213372051864256,1.0,3.7040946066920086,logged
8675309,83,405.27472527472526,405.27472527472526,0.1342999749511305,0.2059014850834376,4,0.3368501887726812,1.0,3.859759288330717,logged
8675309,84,505.7857856429285,505.7857856429285,0.1986600893182977,0.3432587709838816,0,0.3432587709838816,1.0,4.078917626152649,logged
8675309,85,419.08263165406015,419.08263165406015,0.6904884914546573,0.74282533960361,5,0.74282533960361,1.0,11.97378947583029,logged
8675309,86,435.3586413586413,435.3586413586413,0.5446265674298179,0.3927988143186141,3,0.3927988143186141,1.0,3.109704581133152,logged
8675309,87,556.6196660482375,556.6196660482375,0.1848558684421038,0.1450202506506344,1,0.2424824617919276,1.0,3.614413415897646,logged
8675309,88,496.0292564578279,496.0292564578279,0.111674158911845,0.1547865660927431,5,0.2053667780957308,1.0,7.515594794815574,logged
8675309,89,420.899100899101,420.899100899101,0.593957122973517,0.6456831458001715,4,0.6456831458001715,1.0,12.02568859711717,logged
8675309,90,453.3790495219067,453.3790495219067,0.7372082255100018,0.5405365448148923,0,0.5405365448148923,1.0,7.312565314869463,logged
8675309,91,501.4160125588697,501.4160125588697,0.4857960103653511,0.5225713434576504,4,0.5225713434576504,1.0,3.581542946849069,logged
8675309,92,466.94691023262453,466.94691023262453,0.1604134780504486,0.2104618380806216,1,0.2305567665685083,1.0,3.3353350730901754,logged
8675309,93,461.2143570714999,461.2143570714999,0.1219526051904242,0.1682843950372631,4,0.2358401275848143,1.0,5.2410722394488625,logged
8675309,94,538.5511631225917,538.5511631225917,0.1152217240861389,0.0520197707353784,3,0.2515555984550205,1.0,2.225418029432197,logged
8675309,95,571.1087483944626,571.1087483944626,0.0872702587970554,0.0745267246073568,3,0.2677674121897352,1.0,1.5270287390226274,logged
8675309,96,472.871842443271,472.871842443271,0.1499354636289702,0.324559512469176,3,0.324559512469176,1.0,2.2517706783012907,logged
8675309,97,349.3279577565292,349.3279577565292,0.3069252386946269,0.373558362595643,6,0.373558362595643,1.0,15.87854353438769,logged
8675309,98,493.84515484515487,493.84515484515487,0.474464320811032,0.6158372154482115,1,0.6158372154482115,1.0,7.965244432986369,logged
8675309,99,481.3428000570858,481.3428000570858,0.282023821791448,0.3180873747440953,1,0.3180873747440953,1.0,5.175729032871891,logged
8675309,100,542.8471528471528,542.8471528471528,0.1456362333232042,0.2405180561398825,4,0.2405180561398825,1.0,1.5509918652775794,logged
8675309,101,425.7942057942058,425.7942057942058,0.1229720638433459,0.2003148180237582,4,0.2778038926586869,1.0,2.2892161601839023,logged
8675309,102,550.2282003710575,550.2282003710575,0.0926753754333281,0.3060360173538912,5,0.3060360173538912,1.0,1.5720805724887357,logged
8675309,103,522.226345083488,522.226345083488,0.141266737903764,0.4257081332978825,3,0.4257081332978825,1.0,2.9841505433342173,logged
8675309,104,417.8805480234052,417.8805480234052,0.3351086489974128,0.4953896067810946,2,0.4953896067810946,1.0,5.969722114620074,logged
8675309,105,447.8333095475953,447.8333095475953,0.2876872372148997,0.380615870150962,0,0.380615870150962,1.0,3.6115589479644785,logged
8675309,106,425.25203368060505,425.25203368060505,0.3284218539382835,0.2874001327194439,4,0.3991287783460542,1.0,19.32963789457296,logged
8675309,107,451.2052233480805,451.2052233480805,0.4932319117217182,0.5609337516702921,3,0.5609337516702921,1.0,6.445788904972578,logged
8675309,108,467.32467532467535,467.32467532467535,0.4149283216319835,0.4848233904443602,5,0.4848233904443602,1.0,3.3380333951762524,logged
8675309,109,497.6611959469102,497.6611959469102,0.1967052783055828,0.0404105421633398,0,0.3574426325128665,1.0,2.2620963452132283,logged
8675309,110,438.8401598401598,438.8401598401598,0.2563234282633129,0.541991367806876,2,0.541991367806876,1.0,4.1794300937158075,logged
8675309,111,542.4231482802911,542.4231482802911,0.1557861790717011,0.3032273498387927,5,0.3032273498387927,1.0,1.5497804236579746,logged
8675309,112,478.31682603111176,478.31682603111176,0.3651930883756446,0.6757702559449186,4,0.6757702559449186,1.0,6.833097514730168,logged
8675309,113,433.7739403453689,433.7739403453689,0.259222880286165,0.3586246583432654,3,0.3586246583432654,1.0,2.478708230544965,logged
8675309,114,483.180105608677,483.180105608677,0.1804680514503602,0.2160461499650964,0,0.3048137490999421,1.0,7.320910691040561,logged
8675309,115,388.0061367204224,388.0061367204224,0.2447688787145715,0.3265234924900977,1,0.3265234924900977,1.0,12.51632699098137,logged
8675309,116,494.2861424289996,494.2861424289996,0.2010820269784541,0.2592438934453902,6,0.2592438934453902,1.0,4.493510385718178,logged
8675309,117,544.1384329955758,544.1384329955758,0.2295036349638701,0.5425750621109676,2,0.5425750621109676,1.0,3.1093624742604336,logged
8675309,118,441.26744683887546,441.26744683887546,0.1159219484280976,0.2046523228219811,4,0.3489536714826451,1.0,4.202547112751195,logged
8675309,119,440.9770229770229,440.9770229770229,0.2694266086924617,0.5387333614270335,0,0.5387333614270335,1.0,4.741688419107773,logged
8675309,120,406.8110460967604,406.8110460967604,0.268331303738906,0.4686726507583275,4,0.4686726507583275,1.0,3.8743909152072415,logged
8675309,121,394.7802197802198,394.7802197802198,0.4878514862304697,0.720606831280581,3,0.720606831280581,1.0,11.279434850863424,logged
8675309,122,466.161124589696,466.161124589696,0.3014757825836857,0.3312573469037604,2,0.3312573469037604,1.0,1.9026984677130452,logged
8675309,123,524.9646068217496,524.9646068217496,0.0974301566051736,0.1799269465957325,5,0.1957783994615086,1.0,4.77240551656136,logged
8675309,124,504.99871557014416,504.99871557014416,0.1927482963217315,0.4304387504389249,1,0.4304387504389249,1.0,8.145140573712002,logged
8675309,125,438.2316255173398,438.2316255173398,0.2504637410374896,0.0601728757536356,2,0.5145365747470744,1.0,4.7121680163154815,logged
8675309,126,431.6573426573426,431.6573426573426,0.7507997834759075,0.7587727144216899,5,0.7587727144216899,1.0,12.333066933066933,logged
8675309,127,426.7531040388183,426.7531040388183,1.0088210361601098,0.5600108855539349,2,0.5600108855539349,1.0,6.096472914840262,logged
8675309,128,416.5220493791923,416.5220493791923,0.5520724702135564,0.4373989866732032,5,0.4373989866732032,1.0,2.975157495565659,logged
8675309,129,568.3275296132439,568.3275296132439,0.1463410263350406,0.2488545073696231,5,0.2488545073696231,1.0,2.3197042025030363,logged
8675309,130,498.7085771371486,498.7085771371486,0.1850102910770564,0.2150134072331946,1,0.3059957035361814,1.0,11.334285844026104,logged
8675309,131,474.9753104038818,474.9753104038818,0.1686687162843675,0.123898408456106,3,0.3157507495411273,1.0,2.1888263152252616,logged
8675309,132,462.9663193948908,462.9663193948908,0.2534945142773003,0.5626281731989122,2,0.5626281731989122,1.0,6.613804562784154,logged
8675309,133,446.876837448266,446.876837448266,0.4163825238830491,0.6815821995336916,4,0.6815821995336916,1.0,6.383954820689514,logged
8675309,134,452.13015555872704,452.13015555872704,0.916429084530751,0.6990658467169127,0,0.6990658467169127,1.0,14.584843727700871,logged
8675309,135,538.0677893535036,538.0677893535036,0.5500689071028927,0.3614519495166944,5,0.3614519495166944,1.0,1.9216706762625129,logged
8675309,136,427.56243756243754,427.56243756243754,0.7227236268318998,0.7303422886634425,3,0.7303422886634425,1.0,12.216069644641072,logged
8675309,137,566.1335807050093,566.1335807050093,0.3300092754327937,0.0789997457879294,5,0.2037639755820864,1.0,1.429630254305579,logged
8675309,138,450.8393035535892,450.8393035535892,0.1685919113580404,0.3868300308337511,5,0.3868300308337511,1.0,2.5762245917347957,logged
8675309,139,385.23105465962607,385.23105465962607,0.4923618918321579,0.5916629702818511,3,0.5916629702818511,1.0,11.006601561703604,logged
8675309,140,453.96403596403593,453.96403596403593,0.458276576370661,0.4185836817695785,1,0.4185836817695785,1.0,4.881333720043397,logged
8675309,141,528.1026116740403,528.1026116740403,0.2331246671438634,0.4682195894217792,3,0.4682195894217792,1.0,3.0177292095659447,logged
8675309,142,434.073926073926,434.073926073926,0.2749741605908044,0.5618519048741504,0,0.5618519048741504,1.0,7.001192356031065,logged
8675309,143,449.2307692307692,449.2307692307692,0.2709961955523208,0.4660580613783779,4,0.4660580613783779,1.0,3.2087912087912085,logged
8675309,144,460.21721136006846,460.21721136006846,0.1674391626718359,0.2082581468358126,0,0.3591899945219611,1.0,3.2872657954290605,logged
8675309,145,454.39774511203086,454.39774511203086,0.139603182908041,0.264418987720518,3,0.277237058460427,1.0,4.885997259269149,logged
8675309,146,502.15241900956187,502.15241900956187,0.1651010501234739,0.2458587120862162,5,0.3468529094871992,1.0,5.706277488745021,logged
8675309,147,559.4037391180248,559.4037391180248,0.1077031919102466,0.0513921721733653,4,0.1849725970008804,1.0,3.632491812454706,logged
8675309,148,442.88825460254026,442.88825460254026,0.4346273951698433,0.6901154459580158,3,0.6901154459580158,1.0,12.65395013150115,logged
8675309,149,489.6594833737691,489.6594833737691,0.5391814020209177,0.3542298852553792,6,0.3542298852553792,1.0,7.419083081420744,logged
8675309,150,446.3373769088055,446.3373769088055,0.3134355245539456,0.3721621427195301,4,0.3721621427195301,1.0,2.5504992966217457,logged
