seed,round,a_eff,mean_tau,global_update_norm,straggler_share,dominating_cid,max_contribution_share,max_amp,server_lr,source
123,1,4297.282718287086,438.7282717282717,,0.24443595636841486,0,0.24443595636841486,2.9433443129276236,,reconstructed
123,2,4575.15280938075,466.51519908662766,,0.013198252018810948,2,0.3936269158013699,5.791270621770599,,reconstructed
123,3,4937.992034974814,502.79920079920083,,0.3143236040036206,1,0.3143236040036206,4.293905405388553,,reconstructed
123,4,4063.1900378537457,415.31811046096755,,0.517910216907951,4,0.517910216907951,6.660351552011986,,reconstructed
123,5,4720.323967339828,481.0323961752533,,0.2855997391346855,5,0.2855997391346855,3.6033006412370243,,reconstructed
123,6,4222.743108283081,431.2386185243328,,0.4676633821419301,5,0.4676633821419301,16.101801257960865,,reconstructed
123,7,4681.975468337965,477.1975167689453,,0.48135687941399097,2,0.48135687941399097,4.8770506083154945,,reconstructed
123,8,4946.846913284857,503.59954331382903,,0.16190675079954994,5,0.44737523757815306,35.623953952510796,,reconstructed
123,9,4578.889315061932,466.88054802340514,,0.03508827727220946,2,0.40668366214581037,13.049998069401704,,reconstructed
123,10,4573.368060649066,466.33680605109174,,0.22202781957549209,3,0.22202781957549209,2.7550409989230857,,reconstructed
123,11,4352.732981307912,444.273298130441,,0.25538337352230955,5,0.25538337352230955,2.1655387966467496,,reconstructed
123,12,5254.671043242473,534.4671043242472,,0.1782052993578395,5,0.1782052993578395,1.3975188944793806,,reconstructed
123,13,4188.923256637607,427.8214642500356,,0.3626784318337418,3,0.4179655127669129,15.972842305023148,,reconstructed
123,14,5032.621664050239,512.2621664050235,,0.24172124142378418,0,0.24172124142378418,1.8639339496482252,,reconstructed
123,15,4484.127301270247,457.41273012701583,,0.24182227843530485,2,0.24182227843530485,1.9000539412157595,,reconstructed
123,16,4150.214955563818,424.01969459112314,,0.42283073086743006,1,0.42283073086743006,7.8286592172657405,,reconstructed
123,17,4988.846867421754,507.8846867418296,,0.2848601504810038,3,0.2848601504810038,2.482013366849155,,reconstructed
123,18,4670.28542899495,476.02854288568574,,0.2694151855785981,3,0.2694151855785981,2.813424955726848,,reconstructed
123,19,4751.669758952728,484.1669758812616,,0.28310411777874517,4,0.28310411777874517,2.862451660494568,,reconstructed
123,20,4797.418519199724,488.74182959897246,,0.35311406730512246,5,0.35311406730512246,4.997303609476776,,reconstructed
123,21,4921.2801484994625,501.1280148423006,,0.0444867484222434,0,0.1865260168895991,2.9468743390141854,,reconstructed
123,22,4986.093356175587,507.57371200228346,,0.7560693417800068,5,0.7560693417800068,19.012542846211968,,reconstructed
123,23,4495.48308834374,458.54830883402315,,0.18681338272353679,4,0.18681338272353679,2.2365587503951354,,reconstructed
123,24,4708.958184819859,479.89581846724707,,0.24117477712436394,5,0.24117477712436394,2.8367217965728138,,reconstructed
123,25,5055.980547505756,514.5979734551163,,0.04771889544568369,2,0.22265026841847782,6.3999068072606855,,reconstructed
123,26,4395.571571324119,448.5571571285857,,0.2088800842071035,2,0.2303597495548195,2.4833737687202513,,reconstructed
123,27,4184.529226693547,427.45112030826317,,0.36532320785038686,0,0.36532320785038686,7.893387126022218,,reconstructed
123,28,3579.5641981198464,366.9212216355073,,0.6432416743017988,3,0.6432416743017988,13.649286691198352,,reconstructed
123,29,4643.160752383065,473.30769230769226,,0.47633109651218164,6,0.47633109651218164,13.23317396103103,,reconstructed
123,30,5670.392464678922,576.0392464678179,,0.0014201525289153241,4,0.23768703292272092,2.68738979367686,,reconstructed
123,31,4007.922525300738,409.75567289853007,,0.462490752241366,4,0.462490752241366,15.28266586549145,,reconstructed
123,32,4916.828885403773,500.68288854003134,,0.3495718169603729,3,0.3495718169603729,2.446183525049559,,reconstructed
123,33,3851.535612985364,394.15356072498923,,0.36706042669759426,4,0.36706042669759426,2.940103442060689,,reconstructed
123,34,5161.88166306122,525.188097616669,,0.3885435521568073,1,0.3885435521568073,6.1450606548498135,,reconstructed
123,35,4660.7714718679335,475.07706579135146,,0.1653576206271341,3,0.1930535216439876,5.8996475143895,,reconstructed
123,36,5534.673897531042,562.4673897531039,,0.19111324119558892,4,0.19111324119558892,1.4719877387050637,,reconstructed
123,37,4991.742543171116,508.1742543171114,,0.15887839304003806,0,0.19873440522570732,1.4638541182319986,,reconstructed
123,38,4282.803788707417,437.24475524475525,,0.48612938743168105,5,0.48612938743168105,16.330819484931286,,reconstructed
123,39,4804.322447830563,489.4238618524332,,0.39730267074795317,6,0.39730267074795317,13.6924905484692,,reconstructed
123,40,4928.779241787543,501.84230055658634,,0.6211929097167269,5,0.6211929097167269,18.793997588902307,,reconstructed
123,41,3485.5736388651976,357.50834879406307,,0.39658450981055393,1,0.39658450981055393,15.600036571337384,,reconstructed
123,42,5039.494790923451,512.9494790923362,,0.38286626948204144,5,0.38286626948204144,2.1353791486958755,,reconstructed
123,43,4427.853575134524,451.7853574996432,,0.3006448556386626,3,0.3006448556386626,2.6673816703465736,,reconstructed
123,44,4823.552162238193,491.3552162123591,,0.12260215639382596,1,0.22453292715268677,2.888354586789822,,reconstructed
123,45,4870.184322211312,496.0184101612673,,0.43075002922863553,2,0.43075002922863553,5.073101209494576,,reconstructed
123,46,3788.4768519292625,387.8467247038676,,0.40261140104782944,5,0.40261140104782944,6.210043696070115,,reconstructed
123,47,4209.562845766505,429.9210789210789,,0.4646985373663486,2,0.4646985373663486,16.051543413207447,,reconstructed
123,48,5268.359662476808,535.8341658341659,,0.39037475224639423,1,0.39037475224639423,9.937844876258211,,reconstructed
123,49,4908.2446180520665,499.8244612530326,,0.373369253085834,2,0.373369253085834,3.746751515774072,,reconstructed
123,50,4563.946053946143,465.3946053946054,,0.2647501718260515,4,0.2647501718260515,1.9338754465868944,,reconstructed
123,51,5074.82376116209,516.482374768089,,0.13179386317064984,4,0.28691002300322327,4.125872701217611,,reconstructed
123,52,4901.067503962794,499.10675039246473,,0.2674751538414574,1,0.2674751538414574,2.7689646910701993,,reconstructed
123,53,4214.0311925579335,430.4021692593121,,0.39969509227557354,3,0.39969509227557354,6.907609275495673,,reconstructed
123,54,5738.93249615181,582.8932496075353,,0.19842722787504863,6,0.19842722787504863,3.4364865230037696,,reconstructed
123,55,4102.940137893283,419.29399172256313,,0.3884178292295119,2,0.3884178292295119,4.273889692655277,,reconstructed
123,56,4639.325117679851,472.93064078778366,,0.3023399762665229,0,0.3023399762665229,8.751280532042395,,reconstructed
123,57,4374.023146110908,446.40231197374055,,0.14986881270210564,5,0.31530333986094455,3.8034977572571296,,reconstructed
123,58,4301.14885674632,439.1148851148851,,0.24904425052984105,4,0.24904425052984105,3.283319649414678,,reconstructed
123,59,3339.367300905514,342.8895390323962,,0.24288350204861126,2,0.25567686663596695,14.945675351221276,,reconstructed
123,60,3922.922801655969,401.24504067361215,,0.2815038501918335,0,0.2815038501918335,17.557436884991663,,reconstructed
123,61,4264.417888778307,435.4061652633081,,0.5256429477213426,5,0.5256429477213426,16.26071195079629,,reconstructed
123,62,4399.746915587122,448.9275010703582,,0.44859132131826157,1,0.44859132131826157,19.69151132613395,,reconstructed
123,63,3930.8888224519183,402.0861995147709,,0.26030901764520537,3,0.4078507847436616,7.414938585453197,,reconstructed
123,64,3755.118432667824,384.5117739403454,,0.2451188622228295,5,0.2641066196998462,4.470352487934334,,reconstructed
123,65,4719.210789348883,480.9210789210789,,0.3450734680210941,3,0.3450734680210941,2.8428980643580917,,reconstructed
123,66,4690.515199124814,478.0515199086627,,0.2509233914319614,0,0.2509233914319614,2.6500085866606153,,reconstructed
123,67,4826.649752829106,491.66490652204936,,0.2815898361996442,0,0.2815898361996442,5.745977421973872,,reconstructed
123,68,5190.736412037986,528.0736406450692,,0.3847487554669896,5,0.3847487554669896,3.962394100786581,,reconstructed
123,69,3941.6711859604666,403.16711859569,,0.17382113015737904,0,0.19795330539940081,1.9610304407547507,,reconstructed
123,70,4840.264031854256,492.9791636934494,,0.388710959538399,0,0.388710959538399,21.663090135269286,,reconstructed
123,71,4154.538381637521,424.4521193092621,,0.17923124847483055,4,0.37654286834594813,7.287564933656736,,reconstructed
123,72,4580.255264365315,467.0228343085486,,0.3121597230916638,1,0.3121597230916638,8.639855519949123,,reconstructed
123,73,4351.485376810714,444.1458541458542,,0.21821779856155543,2,0.4025161294421642,8.20832088668002,,reconstructed
123,74,5305.567289991097,539.5567289853004,,0.2146867598635376,3,0.2146867598635376,3.19612487178568,,reconstructed
123,75,4404.505494509043,449.4505494505494,,0.1928529208640919,4,0.272074040966709,2.19129626590076,,reconstructed
123,76,4682.691894567224,477.2691594120165,,0.32221959663749683,3,0.32221959663749683,4.877796884540317,,reconstructed
123,77,4859.13657770801,494.91365777080057,,0.16348755059652648,0,0.2025761423547381,1.7930393275675218,,reconstructed
123,78,5956.950192664479,604.6950192664478,,0.09202867059139569,0,0.18134806591932381,1.6320411486751993,,reconstructed
123,79,4349.446622296672,443.94377051519905,,0.4869913776493419,5,0.4869913776493419,7.129581262831808,,reconstructed
123,80,4902.705251411499,499.2704438418724,,0.25340884124383867,6,0.25340884124383867,6.205889523839282,,reconstructed
123,81,5328.315969752071,541.8315969744541,,0.07026094934068168,2,0.22121872360269063,2.819214798693689,,reconstructed
123,82,4026.5124136898194,411.65034965034965,,0.4368590431676658,5,0.4368590431676658,6.600229857297122,,reconstructed
123,83,4913.325246185898,500.33252461823895,,0.18727064927857234,0,0.19717169406939833,2.4444404209610835,,reconstructed
123,84,4768.244612541317,485.82446125303267,,0.08838966535484434,2,0.29333371945937414,2.5228807472717185,,reconstructed
123,85,4190.019980161533,428.001998001998,,0.24475847976330148,3,0.24475847976330148,2.5241084204391813,,reconstructed
123,86,4342.8102967512,443.2801484230055,,0.32102266721113476,2,0.32102266721113476,7.118703046274212,,reconstructed
123,87,3255.7988679034825,334.5317539603254,,0.23829313195888246,4,0.33080009646467945,14.571656395917984,,reconstructed
123,88,4866.1524191476565,495.6152419009562,,0.33285351542620484,3,0.33285351542620484,2.9314171184065745,,reconstructed
123,89,4080.4987658046266,417.0498073355216,,0.2924208140068746,1,0.2924208140068746,4.857707722621196,,reconstructed
123,90,3950.3050807274008,404.0286856001142,,0.19450437119596684,2,0.27829763799940666,7.451563982195453,,reconstructed
123,91,4131.417257535644,422.05879834451264,,0.22189118878282701,4,0.4562788966155337,18.490574862734388,,reconstructed
123,92,5524.15727130013,561.4157271300128,,0.18337379741561788,1,0.18337379741561788,1.5218064108264817,,reconstructed
123,93,4025.7332090030313,411.57242757242756,,0.4316236974184517,4,0.4316236974184517,6.5989525906429325,,reconstructed
123,94,4658.609961467195,474.8609961467104,,0.16338866684214579,2,0.24823182109838401,1.9739872718076694,,reconstructed
123,95,4364.935158034751,445.4578278863993,,0.5239769904172925,4,0.5239769904172925,16.643995766803336,,reconstructed
123,96,3798.4660665211904,388.84658198943913,,0.34252355851832456,3,0.34252355851832456,3.956729667994001,,reconstructed
123,97,4751.54132149078,484.15413158270303,,0.41071450012088445,5,0.41071450012088445,3.627130681930871,,reconstructed
123,98,4760.475239084942,485.0475239046668,,0.26389474354120523,0,0.26389474354120523,2.6895340329595743,,reconstructed
123,99,3645.833396204094,373.5481661195947,,0.4686989533011617,3,0.4686989533011617,13.901978704355374,,reconstructed
123,100,4878.106179534754,496.81061795347506,,0.2411923077735946,4,0.2411923077735946,1.800039180640121,,reconstructed
123,101,4825.852745719881,491.5852718709862,,0.3015081316481224,0,0.3015081316481224,4.196392996118204,,reconstructed
123,102,3795.445002823215,388.50792065077775,,0.40622247508808057,4,0.40622247508808057,14.472464830054077,,reconstructed
123,103,5199.509063142585,528.9509062366204,,0.23723381840289565,3,0.24644747693841967,3.585868299418563,,reconstructed
123,104,5077.440390761805,516.7439703153989,,0.39854993284747653,0,0.39854993284747653,6.044535928805462,,reconstructed
123,105,4433.717716447951,452.3717710860568,,0.3252573004951745,5,0.3252573004951745,3.38451724951079,,reconstructed
123,106,5312.855715712863,540.2855715712858,,0.233604622008269,1,0.233604622008269,1.9677243391529,,reconstructed
123,107,5308.189033960643,539.818895390324,,0.1406254489287697,4,0.20061971933494346,5.2556283695681545,,reconstructed
123,108,3700.397730693736,379.0045668617097,,0.4732554696598237,2,0.4732554696598237,14.110038737181368,,reconstructed
123,109,4715.112030827061,480.5112030826317,,0.17708519821107707,1,0.20796075820077808,2.2346502515686297,,reconstructed
123,110,5138.662026269154,522.8661338661339,,0.372706203835511,0,0.372706203835511,6.117418394568665,,reconstructed
123,111,4672.614769936286,476.2605965463108,,0.43568552048000003,3,0.43568552048000003,7.659316139527186,,reconstructed
123,112,4061.739735600144,415.1722563151135,,0.16678124544295128,5,0.3834188891352826,7.124784837138225,,reconstructed
123,113,4543.774796770166,463.3774796631939,,0.36662163248549695,2,0.36662163248549695,2.7372137315356566,,reconstructed
123,114,4519.286669466784,460.9277864992151,,0.4141151341237373,3,0.4141151341237373,7.407981832636502,,reconstructed
123,115,4805.241160706505,489.52404738119026,,0.30603925831822304,1,0.30603925831822304,5.720491154423465,,reconstructed
123,116,5364.549735978309,545.4549735978308,,0.0886961983051028,2,0.22132350910357765,1.936660554504799,,reconstructed
123,117,4338.074875598274,442.7717996289426,,0.5084827222188303,4,0.5084827222188303,16.541574445298725,,reconstructed
123,118,4189.299642569505,427.92907092907086,,0.25821726159873126,4,0.25821726159873126,6.867069498666504,,reconstructed
123,119,3758.886843345303,384.8414442700157,,0.33277993612868007,0,0.33277993612868007,16.82327739969848,,reconstructed
123,120,4737.158555806496,482.7158555729984,,0.19779369820814793,6,0.19779369820814793,2.8366218883523873,,reconstructed
123,121,5203.9481600335275,529.3096903096904,,0.1366304806332647,0,0.2173906319354325,37.475428868929,,reconstructed
123,122,4603.163978885882,469.31639788782644,,0.0835052607806313,3,0.25976329212801447,2.4355364966639996,,reconstructed
123,123,3493.6727063041903,358.33209647495363,,0.4166012237003321,3,0.4166012237003321,13.321772633274099,,reconstructed
123,124,4065.975926386651,415.59668902526045,,0.239747931086187,4,0.3069630847313638,6.664918160228929,,reconstructed
123,125,5354.937919223691,544.4937919223632,,0.2634020764464824,1,0.2634020764464824,2.240559798837985,,reconstructed
123,126,3849.318189967599,393.8965320393892,,0.46692244033985897,2,0.46692244033985897,14.677889439197422,,reconstructed
123,127,4603.061594864701,469.30526616240894,,0.417859560615381,4,0.417859560615381,7.545305080920611,,reconstructed
123,128,4895.832738693465,498.58327386898816,,0.1722438537669034,1,0.218317994604711,2.4357376809151927,,reconstructed
123,129,3547.276711734166,363.67775082060797,,0.23702716122143858,3,0.3525054015101733,15.876194900797664,,reconstructed
123,130,5281.798201798259,537.1798201798201,,0.1899479586554597,1,0.1899479586554597,2.209957406609776,,reconstructed
123,131,4333.003590117743,442.2985585842729,,0.31551204394038523,1,0.31551204394038523,8.173458208169478,,reconstructed
123,132,4345.692570950465,443.56843156843155,,0.25449130467138686,6,0.25449130467138686,7.622872599392999,,reconstructed
123,133,3866.1362082899655,395.57756529185093,,0.415003596790386,3,0.415003596790386,14.74201846188135,,reconstructed
123,134,3821.121995224557,391.0640787783645,,0.48098093004765513,0,0.48098093004765513,17.101817102464643,,reconstructed
123,135,3790.5332984612637,388.0061367204224,,0.26128330403180594,1,0.26128330403180594,16.96491430320768,,reconstructed
123,136,5415.848437277011,550.5848437277009,,0.15538183980513573,5,0.2013276848479446,1.9551799412552329,,reconstructed
123,137,4480.341308078555,457.0341087483945,,0.46278544748902767,2,0.46278544748902767,4.667015333547293,,reconstructed
123,138,4518.51862538038,460.851862423291,,0.23916300835199727,4,0.2463795702012491,3.094875755387149,,reconstructed
123,139,4952.5874125888695,504.2587412587412,,0.22913324429020535,1,0.22913324429020535,2.3810516406556026,,reconstructed
123,140,4853.090746360815,494.27386898815473,,0.552350124497982,2,0.552350124497982,18.50538872030107,,reconstructed
123,141,5508.209988860874,559.8126159554731,,0.43254574913570265,6,0.43254574913570265,15.698595177665117,,reconstructed
123,142,5438.684172969889,552.8684172969887,,0.28610710945781326,3,0.28610710945781326,1.7773477689444073,,reconstructed
123,143,4347.67375481807,443.76737548166113,,0.21495786803445693,0,0.21495786803445693,2.0902277667288143,,reconstructed
123,144,5352.724046232073,544.2640216925931,,0.21883875698500624,6,0.21883875698500624,15.255454688452943,,reconstructed
123,145,4150.539749774631,424.0182674468389,,0.5035552921123428,5,0.5035552921123428,15.826481614059283,,reconstructed
123,146,4221.175967028631,431.1175966890252,,0.28839619806659655,2,0.28839619806659655,2.54287708721659,,reconstructed
123,147,5582.079349222207,567.2079349222206,,0.15031526556811325,0,0.19568491245105948,1.358170157961607,,reconstructed
123,148,4087.25529953196,417.72470386756106,,0.10992286752211153,5,0.3055030769894308,7.16954223540751,,reconstructed
123,149,4409.12408768851,449.9115170543742,,0.3808295615510132,5,0.3808295615510132,7.2274041299730705,,reconstructed
123,150,4393.3966168056195,448.3396603396603,,0.15486764867392855,2,0.29133853540610505,3.571866929768865,,reconstructed
161803,1,4915.822199939345,500.5804195804196,,0.4372202008433514,1,0.4372202008433514,9.272844223261806,,reconstructed
161803,2,3235.5875142073896,332.5234765234765,,0.6419988245787223,2,0.6419988245787223,12.33766435005557,,reconstructed
161803,3,4193.6522959980575,428.3179677465391,,0.7012974268716475,0,0.7012974268716475,18.769114057892036,,reconstructed
161803,4,3983.0626673174816,407.25902668759807,,0.5117261442878132,0,0.5117261442878132,17.826598922842155,,reconstructed
161803,5,5055.6885971171705,514.5688597117169,,0.05547433487779024,3,0.3066582746103616,1.6908657515442032,,reconstructed
161803,6,4951.8709940786675,504.18709861567004,,0.1404394538205869,1,0.30215657623241543,4.0259111086336565,,reconstructed
161803,7,4929.817351765255,501.98173255316107,,0.20689445547447527,5,0.2247156321141041,4.286796986384989,,reconstructed
161803,8,4848.721633000261,493.8712715855573,,0.47540897099970714,5,0.47540897099970714,7.94798922835659,,reconstructed
161803,9,4228.207512295635,431.8207506778935,,0.4457591840192774,3,0.4457591840192774,3.2276392353053125,,reconstructed
161803,10,5217.571000428232,530.7571000428143,,0.31010779989760084,5,0.31010779989760084,2.21083516967246,,reconstructed
161803,11,4931.879549022407,502.18795490224056,,0.19315589257628535,1,0.19315589257628535,1.4855058882597607,,reconstructed
161803,12,4075.2383050647127,416.43870415298977,,0.15392936726643983,4,0.2454007963810633,29.347199189702053,,reconstructed
161803,13,4556.522055896757,464.65220493791924,,0.3411348475766911,3,0.3411348475766911,3.4782610175538857,,reconstructed
161803,14,4107.786121388823,419.6925931211646,,0.19293880857069554,4,0.4028621594853131,29.581587261601157,,reconstructed
161803,15,4747.000153014182,483.652775795633,,0.35726873874332105,0,0.35726873874332105,21.24567823369098,,reconstructed
161803,16,5146.753246762233,523.6753246753246,,0.1591088317422089,1,0.18460056379313516,2.7231498658988174,,reconstructed
161803,17,4912.5085475852575,500.2424718139004,,0.12796948774432773,4,0.3321735334520446,14.000824796316326,,reconstructed
161803,18,4197.935163828109,428.792635935493,,0.4758715184709438,3,0.4758715184709438,6.88122478229374,,reconstructed
161803,19,4500.698097167922,459.06978735550166,,0.3825636305411106,4,0.3825636305411106,4.688220291002334,,reconstructed
161803,20,5507.622377622379,559.7622377622378,,0.10077629608052319,0,0.16619693875890315,1.6057208098024423,,reconstructed
161803,21,4066.375053699462,415.637505351791,,0.23001808743895452,5,0.23001808743895452,2.449623525019789,,reconstructed
161803,22,4699.248582570825,478.92478949621807,,0.294426837101873,0,0.294426837101873,5.594310264561416,,reconstructed
161803,23,4961.2944208657345,505.1294419865848,,0.22755375013674617,1,0.22755375013674617,3.3981468466741798,,reconstructed
161803,24,4086.7361221608508,417.6736121021835,,0.16498016699340598,3,0.28972097540936737,2.7991343162994653,,reconstructed
161803,25,5087.167118595696,517.7167118595689,,0.16812459826951465,4,0.2745621250907163,1.8841359698502462,,reconstructed
161803,26,4678.286005311951,476.82859997145704,,0.3270565545694115,4,0.3270565545694115,3.571210594753051,,reconstructed
161803,27,5347.492507492509,543.7492507492508,,0.18253785592086388,0,0.18285839300245427,1.3572316008864231,,reconstructed
161803,28,3670.410787338947,375.993006993007,,0.25722964917330254,2,0.3616715427182112,16.427293882381022,,reconstructed
161803,29,4032.244909037333,412.1772513201085,,0.3740827456656825,0,0.3740827456656825,18.04671900894076,,reconstructed
161803,30,4488.456184163377,457.84472670186955,,0.5220342982602767,5,0.5220342982602767,7.357444725406269,,reconstructed
161803,31,4788.7794250175975,487.8695590124162,,0.42953829884533057,6,0.42953829884533057,13.648192378379207,,reconstructed
161803,32,4682.37905510933,477.23790495219066,,0.42067218819492513,5,0.42067218819492513,3.574335060162958,,reconstructed
161803,33,3759.885834054726,384.98858284572566,,0.1871915347123572,2,0.22378462212797443,2.870141780641905,,reconstructed
161803,34,4912.614751941719,500.2614528328814,,0.38125496733811365,4,0.38125496733811365,5.117299508808013,,reconstructed
161803,35,5537.408305979736,562.7408305979734,,0.11771139460063917,0,0.22587289403557168,1.8519760220668002,,reconstructed
161803,36,5127.0500927651765,521.7050092764377,,0.09338757782415133,0,0.21012070384683848,2.4298815605433255,,reconstructed
161803,37,5109.21079021062,519.9210789210789,,0.24326088492502224,1,0.24326088492502224,3.4994594279124254,,reconstructed
161803,38,4947.650920648183,503.7650920508063,,0.3158253955836331,4,0.3158253955836331,2.9805126012120584,,reconstructed
161803,39,4117.662691941315,420.7653774796632,,0.38662200076794356,5,0.38662200076794356,6.749642730326154,,reconstructed
161803,40,3755.389471884148,384.483373769088,,0.2864607083331852,1,0.2864607083331852,16.80762456078289,,reconstructed
161803,41,4000.8614729903666,409.0843442272014,,0.33589305509231665,0,0.33589305509231665,7.546929829631999,,reconstructed
161803,42,3979.0024372494026,406.9002426145283,,0.2405071832374587,3,0.2799621517617133,3.0374063587217037,,reconstructed
161803,43,4281.930931738436,437.19309262166405,,0.2934624714179366,2,0.2934624714179366,3.268649478048627,,reconstructed
161803,44,4122.936007245005,421.29270729270723,,0.40777973473183715,4,0.40777973473183715,6.758286710410762,,reconstructed
161803,45,4979.0466676180995,506.9046667618096,,0.160279324414449,2,0.19474654868123556,1.837286593217001,,reconstructed
161803,46,4524.909376338042,461.4909376337947,,0.254587607842938,2,0.254587607842938,1.9173344814987199,,reconstructed
161803,47,4518.622256616191,460.82660196945915,,0.5201864009498849,5,0.5201864009498849,17.230022208340092,,reconstructed
161803,48,4924.295706072949,501.4295704295704,,0.19101284435015567,0,0.27491866841388984,3.396065985256214,,reconstructed
161803,49,3944.1310675572777,403.4130155558727,,0.23944465970675283,4,0.37305555687554093,4.695366190638991,,reconstructed
161803,50,4723.729545239899,481.3239617525332,,0.30572699973527756,1,0.30572699973527756,21.141528280217543,,reconstructed
161803,51,4779.835878408764,486.98358784073065,,0.18683963368928289,1,0.18683963368928289,2.297998018454052,,reconstructed
161803,52,3793.6508981080337,388.32938490081347,,0.49246680589639225,5,0.49246680589639225,14.465623704080027,,reconstructed
161803,53,4015.271780395781,410.40687883545024,,0.28296587716227534,3,0.32848562867217457,28.915359524771006,,reconstructed
161803,54,3883.973262788652,397.36163836163837,,0.5052567204194128,4,0.5052567204194128,14.810033185770639,,reconstructed
161803,55,5098.6798915370355,518.8679891537033,,0.18414299006801677,4,0.18414299006801677,1.666235258672233,,reconstructed
161803,56,4375.612959471056,446.5612958470101,,0.2625243529922225,0,0.2625243529922225,2.9969951627862956,,reconstructed
161803,57,4855.25189096618,494.5251890966176,,0.2043859040120454,2,0.2043859040120454,1.791605863825149,,reconstructed
161803,58,5418.562865705723,550.8562865705723,,0.19630932622225927,5,0.19630932622225927,1.4411071451345003,,reconstructed
161803,59,4978.925740362185,506.8916797488226,,0.13776718168761637,0,0.32202683687086764,8.733640491351736,,reconstructed
161803,60,3728.11905007387,381.81190238333096,,0.177006103921735,3,0.228688627522092,3.2418421147019685,,reconstructed
161803,61,4361.825823874927,445.1723990295419,,0.20296604436488616,1,0.26324391096703786,12.431359367738809,,reconstructed
161803,62,4861.201875877026,495.1201655487369,,0.39706272726071484,3,0.39706272726071484,5.063744508321099,,reconstructed
161803,63,5408.774896014388,549.8774083059798,,0.2432144728291696,6,0.2432144728291696,6.846477147349781,,reconstructed
161803,64,4933.774796632034,502.37747966319387,,0.26025130598220886,2,0.26025130598220886,2.090582540945286,,reconstructed
161803,65,4304.410754246427,439.4392750107036,,0.3289658317779213,1,0.3289658317779213,8.119522792657648,,reconstructed
161803,66,5392.351933780508,548.2351933780506,,0.2619498527855053,2,0.2619498527855053,1.9897977615426123,,reconstructed
161803,67,5428.88397317319,551.8883973169687,,0.313894345108828,5,0.313894345108828,2.7009373000564127,,reconstructed
161803,68,4494.401991917331,458.3550734979306,,0.19371198466087858,0,0.2116006472075121,32.3657417362485,,reconstructed
161803,69,4975.318659147978,506.5310403881832,,0.12852390913724798,5,0.19239311683934748,8.727313232784168,,reconstructed
161803,70,4257.746539253112,434.774653917511,,0.07987315462025811,3,0.23053256600840766,2.5495488246848015,,reconstructed
161803,71,4097.791279758688,418.696731839589,,0.25296692933055276,2,0.4305374083536264,18.340078405790134,,reconstructed
161803,72,4441.291565715435,453.129156557728,,0.183163407383995,4,0.1869494088802406,2.675476845391002,,reconstructed
161803,73,5115.2233480804925,520.5223348080491,,0.21757797839209123,2,0.21757797839209123,1.671641617019768,,reconstructed
161803,74,4410.492364785045,450.0492364778079,,0.27724404679617254,4,0.27724404679617254,2.1942748083265986,,reconstructed
161803,75,5289.871557021944,537.9871557014413,,0.1313710419649048,1,0.1787364145224058,2.798873839578063,,reconstructed
161803,76,5053.074068788355,514.3074068788354,,0.2006197056677075,4,0.2006197056677075,1.481839902870485,,reconstructed
161803,77,4279.092341972431,436.9092336235193,,0.2951147074697851,4,0.2951147074697851,3.2664826156902755,,reconstructed
161803,78,5490.009990009991,558.0009990009991,,0.14381869065005295,0,0.18514623738235853,1.7941209117679702,,reconstructed
161803,79,3856.4417300024506,394.60810617953473,,0.41605510583030175,3,0.41605510583030175,14.705052310097457,,reconstructed
161803,80,4714.928617821288,480.4927929213644,,0.3394798097757882,0,0.3394798097757882,5.612976862126756,,reconstructed
161803,81,4768.451548589767,485.8451548451548,,0.3898893663034717,2,0.3898893663034717,2.872561172318723,,reconstructed
161803,82,4053.044125131887,414.3044098758384,,0.22539556463486748,5,0.3008159329394511,3.52438561138159,,reconstructed
161803,83,4592.036581573091,468.20194091622665,,0.15485030691762755,5,0.397558111838395,8.054989915089145,,reconstructed
161803,84,4257.188525898174,434.7188525759954,,0.321969260565201,2,0.321969260565201,2.5645713997770443,,reconstructed
161803,85,4781.7325531993665,487.17325531611243,,0.24792059000323927,0,0.24792059000323927,2.701543814943242,,reconstructed
161803,86,4743.749160474896,483.3749108034822,,0.22759474687875036,0,0.22759474687875036,4.12499858600409,,reconstructed
161803,87,5120.919081918912,521.0919080919081,,0.17741678426953003,3,0.19408020505272366,3.507478805754858,,reconstructed
161803,88,4154.113410339934,424.410446696161,,0.4568898966167098,5,0.4568898966167098,6.809392482761172,,reconstructed
161803,89,4408.563089318631,449.8562865705723,,0.2340228752966538,4,0.2340228752966538,4.592246465612332,,reconstructed
161803,90,4202.356241587113,429.2356215213358,,0.2961238326994967,0,0.2961238326994967,3.654222212857673,,reconstructed
161803,91,4217.751043821422,430.77508206079636,,0.2664230481708763,5,0.2664230481708763,4.393484210478937,,reconstructed
161803,92,3897.8431479889737,398.7018695590124,,0.23564289739617605,2,0.3991240925767794,17.44519036406348,,reconstructed
161803,93,4786.551410736163,487.6550592264878,,0.292402880438809,6,0.292402880438809,6.058860921050396,,reconstructed
161803,94,4794.488368776281,488.44883687740827,,0.26573010790264273,1,0.26573010790264273,2.3050424849768607,,reconstructed
161803,95,3263.411002308987,335.3041244469816,,0.3978552998910028,3,0.3978552998910028,12.44375848465646,,reconstructed
161803,96,4905.213358070503,499.52133580705015,,0.14868317606006787,5,0.22578261122594712,1.7708351473178658,,reconstructed
161803,97,4945.729244765019,503.5728557157128,,0.33909563926552955,0,0.33909563926552955,5.887737878423571,,reconstructed
161803,98,4462.277722282636,455.2277722277723,,0.2737994155064708,3,0.2737994155064708,2.2200386677778527,,reconstructed
161803,99,5505.347509633966,559.5347509633224,,0.11873357134768776,3,0.1716786901828318,2.609169435835935,,reconstructed
161803,100,4542.632311532871,463.22805765662906,,0.5298064077504275,3,0.5298064077504275,17.321575287120275,,reconstructed
161803,101,4730.152713322069,482.01527044384187,,0.22056913401669592,1,0.2656352709859703,3.8456523558203224,,reconstructed
161803,102,5309.510489510491,539.951048951049,,0.05555989736596493,2,0.24501817239948925,1.6540531119970374,,reconstructed
161803,103,4352.3892607014295,444.2389039531896,,0.3724819003372322,3,0.3724819003372322,4.533732146842058,,reconstructed
161803,104,4803.044756231686,489.2693021264449,,0.40223005843696297,3,0.40223005843696297,18.31455765003387,,reconstructed
161803,105,5174.1786784643955,526.4178678464393,,0.23548183763297217,0,0.23548183763297217,1.91636247350532,,reconstructed
161803,106,4662.758669901533,475.27586699015274,,0.192880095118643,4,0.2106488830211119,1.7269476555190757,,reconstructed
161803,107,4128.896903124484,421.8896817468246,,0.12289006575413636,4,0.26705268192120746,4.088013362043358,,reconstructed
161803,108,4440.603682043291,453.0603682032253,,0.11428087403689456,4,0.19952992448688928,2.349525757597413,,reconstructed
161803,109,4812.247752388043,490.22477522477516,,0.3066533675984118,3,0.3066533675984118,2.898944427604832,,reconstructed
161803,110,4583.041244469904,467.3041244469816,,0.20410310634650772,2,0.20410310634650772,1.9419666290122146,,reconstructed
161803,111,5079.259312116456,516.9259312116455,,0.20795893384775188,1,0.20795893384775188,1.687461565487194,,reconstructed
161803,112,3934.323491424326,402.39631796774654,,0.47485739005846145,2,0.47485739005846145,15.002024352174827,,reconstructed
161803,113,5256.597688026268,534.659768802626,,0.1645923160224468,6,0.1645923160224468,2.061410858049456,,reconstructed
161803,114,5358.417296988734,544.8417296988725,,0.08649973055922239,1,0.20298256561453865,2.101340116466108,,reconstructed
161803,115,4049.4534048804994,413.9453403739118,,0.20457886611203557,3,0.24550209341055604,2.7735982087004403,,reconstructed
161803,116,4392.710527532427,448.2229199372057,,0.25205833769309205,4,0.4128747061914264,19.66001926131012,,reconstructed
161803,117,4393.727700874062,448.37277008705576,,0.16100976258470281,2,0.22959560585766045,2.185934179515256,,reconstructed
161803,118,3394.285410983164,348.3928928214643,,0.38693356717836497,5,0.38693356717836497,12.94279753680509,,reconstructed
161803,119,4529.563293928965,461.9563293849008,,0.20410820001773394,6,0.20410820001773394,2.7123133483652144,,reconstructed
161803,120,3948.1939006925595,403.78421578421575,,0.5317041008392103,3,0.5317041008392103,15.054913805233333,,reconstructed
161803,121,5643.292421863852,573.329242186385,,0.21254537984712557,4,0.21254537984712557,1.500875644112726,,reconstructed
161803,122,5105.1006136722035,519.5100613672042,,0.08706575228404258,5,0.24979665715257007,2.1910303062963674,,reconstructed
161803,123,4395.896973792006,448.5896960182674,,0.09977481809097595,5,0.26276871900230253,3.5738997401912447,,reconstructed
161803,124,4035.4868452832616,412.5468816897388,,0.29075041307580723,0,0.29075041307580723,7.61224457666423,,reconstructed
161803,125,4757.168545880087,484.71685457399747,,0.3391432833897404,4,0.3391432833897404,2.8657641827381997,,reconstructed
161803,126,4139.865078765552,422.9513343799058,,0.5111971795364978,3,0.5111971795364978,15.785777875594789,,reconstructed
161803,127,5645.134865134867,573.5134865134864,,0.20611216537946,1,0.20611216537946,1.4327753464809305,,reconstructed
161803,128,5397.519623233912,548.7519623233909,,0.22131632451758182,1,0.22131632451758182,1.9990813419384739,,reconstructed
161803,129,5216.814613957476,530.6814613957471,,0.19297114157710646,1,0.19297114157710646,1.9321535607249791,,reconstructed
161803,130,3956.5408254663444,404.65406022548876,,0.36093141278850843,5,0.36093141278850843,4.121390633111458,,reconstructed
161803,131,3923.62210235864,401.3149707435422,,0.31030547912853756,0,0.31030547912853756,17.560566675857185,,reconstructed
161803,132,4417.975261555566,450.7966319394891,,0.16123015564726623,1,0.24494616269761454,7.7496652182053145,,reconstructed
161803,133,4965.036418412893,505.50363921792496,,0.2553122476109091,0,0.2553122476109091,4.317422256652725,,reconstructed
161803,134,5473.376623376626,556.3376623376623,,0.24661298007024726,3,0.24661298007024726,2.0196961709876744,,reconstructed
161803,135,5269.674611110713,535.9674611103183,,0.11237147434918146,4,0.20717652161774425,2.7881876248106594,,reconstructed
161803,136,5107.6366490652235,519.7636649065221,,0.2379721291096435,4,0.2379721291096435,1.884736770872766,,reconstructed
161803,137,5225.13772730731,531.5137719423433,,0.13542501344927935,0,0.22836367178240438,4.248079169603087,,reconstructed
161803,138,5126.425003644319,521.6425003567861,,0.10253209634859187,3,0.2536373079767614,3.0697155695812945,,reconstructed
161803,139,4643.342742288705,473.33338090480953,,0.5002840476743647,4,0.5002840476743647,7.6113336447492435,,reconstructed
161803,140,5055.381454496314,514.5373198230341,,0.3002434876671238,6,0.3002434876671238,8.867753100291445,,reconstructed
161803,141,5223.719138004855,531.3719138004851,,0.20672563287588758,1,0.20672563287588758,1.9347107918536384,,reconstructed
161803,142,4455.484078539535,454.51091765377475,,0.4919874572252297,4,0.4919874572252297,16.989269131699963,,reconstructed
161803,143,4737.714592075011,482.73583559297845,,0.41483088029482706,5,0.41483088029482706,18.065446280380023,,reconstructed
161803,144,5054.12873629835,514.4128728414443,,0.020196203879431,2,0.3250182266774473,4.109047478873975,,reconstructed
161803,145,4559.0434411229535,464.8959611816755,,0.17575469235191912,1,0.19420301730486586,12.993436619938985,,reconstructed
161803,146,4418.265469768743,450.7909233623519,,0.5582037836719812,5,0.5582037836719812,16.84735033006849,,reconstructed
161803,147,5226.26944484093,531.6269444840873,,0.2502778133683438,1,0.2502778133683438,2.186723617087885,,reconstructed
161803,148,5257.124304268619,534.7124304267162,,0.23334240396823927,0,0.23334240396823927,2.527463607808583,,reconstructed
161803,149,4501.285929708437,459.1284429855859,,0.1280183654995599,1,0.25967262012605813,5.697769244222943,,reconstructed
161803,150,4065.445895720245,415.5437419723134,,0.1388418185647429,2,0.2921506993504995,7.131285892140904,,reconstructed
2024,1,4377.449693305531,446.7449693163978,,0.2569182064575257,3,0.2569182064575257,2.6370178861284184,,reconstructed
2024,2,5323.051234479814,541.3051234479806,,0.015258304947611545,0,0.18173085127730193,2.0874710723449637,,reconstructed
2024,3,4750.926216778721,484.0926216640502,,0.24401604193362428,2,0.24401604193362428,2.862003743522513,,reconstructed
2024,4,3693.688643517511,378.36706150991864,,0.36879009250961287,0,0.36879009250961287,6.967501672658483,,reconstructed
2024,5,5142.387132513051,523.1915227629513,,0.365745559229591,1,0.365745559229591,23.015272561361282,,reconstructed
2024,6,4187.53113430243,427.71742543171115,,0.7519900054377325,4,0.7519900054377325,15.96753398372749,,reconstructed
2024,7,4456.574332627701,454.6216640502355,,0.2881674396038451,4,0.2881674396038451,16.993426394928665,,reconstructed
2024,8,5329.265020701123,541.9265020693592,,0.061967089082983456,3,0.1938126077867301,2.819716942052955,,reconstructed
2024,9,4125.254196514286,421.52361923790494,,0.4243245486502182,1,0.4243245486502182,7.781575083432841,,reconstructed
2024,10,4278.08250904793,436.8073355216212,,0.4508886359234354,4,0.4508886359234354,7.012601727539069,,reconstructed
2024,11,5236.056826549686,532.6056800342515,,0.3900946038309858,1,0.3900946038309858,4.553092137694792,,reconstructed
2024,12,4560.722135007853,465.0722135007849,,0.255953983709423,5,0.255953983709423,1.682923297050859,,reconstructed
2024,13,5212.938490081411,530.2938490081347,,0.2353054225840377,0,0.2353054225840377,2.181145811749175,,reconstructed
2024,14,3966.246064070598,405.5894105894106,,0.5344768072657691,3,0.5344768072657691,15.123748763822041,,reconstructed
2024,15,4355.355010188461,444.50021407164263,,0.35763852794869816,2,0.35763852794869816,16.607465570036155,,reconstructed
2024,16,4355.053952247039,444.50449550449554,,0.5998362373106254,5,0.5998362373106254,7.138772757295428,,reconstructed
2024,17,4485.584635981603,457.55844155844153,,0.3586625213815966,3,0.3586625213815966,4.672477125415297,,reconstructed
2024,18,4190.4892036548445,428.04709576138146,,0.37999934757111514,0,0.37999934757111514,7.904629586731441,,reconstructed
2024,19,4978.380191377447,506.83801912373343,,0.24738214653230267,4,0.24738214653230267,2.9990242100752456,,reconstructed
2024,20,5158.684859864417,524.8684172969887,,0.3532955580941028,1,0.3532955580941028,6.14125495940225,,reconstructed
2024,21,4728.821205105521,481.8821178821178,,0.19041638875963854,1,0.19041638875963854,4.112017757400488,,reconstructed
2024,22,5024.219451458944,511.4218638504353,,0.036425706351567846,4,0.22605441741764026,6.3597033189588315,,reconstructed
2024,23,4271.050378193295,436.1050378193235,,0.1843924910324772,4,0.19373154032586956,1.7870503674445906,,reconstructed
2024,24,4839.009567454006,492.90095618667044,,0.2843957990101993,5,0.2843957990101993,3.6939003335369636,,reconstructed
2024,25,4826.758955468604,491.67589553303833,,0.2943860110975289,2,0.2943860110975289,2.9076861162029215,,reconstructed
2024,26,4722.409021552575,481.24090195518755,,0.2529490984735967,0,0.2529490984735967,3.234526710973613,,reconstructed
2024,27,4381.235358209807,447.1217354074497,,0.32532506939480454,1,0.32532506939480454,8.264439056121162,,reconstructed
2024,28,5385.500214848019,547.5500214071643,,0.03249443084287379,1,0.17853211024953608,3.7141380585003496,,reconstructed
2024,29,4103.139177661246,419.23105465962607,,0.3021562515021351,5,0.5074936412281258,18.364013462542186,,reconstructed
2024,30,4062.284601737487,415.18124732410445,,0.7122760026424346,1,0.7122760026424346,18.181164685109778,,reconstructed
2024,31,4760.416196086348,485.03981732553154,,0.4184986992280607,0,0.4184986992280607,8.979697806146424,,reconstructed
2024,32,4691.235542415934,478.12259169402023,,0.4459918924176241,2,0.4459918924176241,7.689839174317356,,reconstructed
2024,33,4023.8556006322933,411.3837590980448,,0.4288100811358527,1,0.4288100811358527,7.5903042551098,,reconstructed
2024,34,4057.5185558903386,414.75096332239184,,0.3995936640849453,5,0.3995936640849453,6.65105490003527,,reconstructed
2024,35,5253.627800771401,534.3627800770657,,0.0686128759949777,3,0.1967089751437967,2.4898709956171463,,reconstructed
2024,36,4869.2450416744805,495.9245040673612,,0.2458733475840712,0,0.2458733475840712,3.3350993269943268,,reconstructed
2024,37,4514.225294490173,460.3753389467675,,0.46085511229125115,1,0.46085511229125115,20.203870863629312,,reconstructed
2024,38,4489.125541039137,457.9116597688026,,0.5256556390653395,5,0.5256556390653395,7.358541930327719,,reconstructed
2024,39,2971.015891680746,306.0640787783645,,0.2153491810409892,1,0.3221694397428517,11.328822567550747,,reconstructed
2024,40,5661.177394034538,575.1177394034537,,0.15463767108455626,5,0.18865244269511605,1.4368470543234866,,reconstructed
2024,41,4107.208106100867,419.6736121021836,,0.49208586966246387,1,0.49208586966246387,18.38222436239421,,reconstructed
2024,42,3787.606684555504,387.760667903525,,0.3123100766666598,3,0.3123100766666598,2.8913027346518865,,reconstructed
2024,43,3845.96570184389,393.5612958470101,,0.44132085815502314,2,0.44132085815502314,14.665106019485778,,reconstructed
2024,44,5047.757186657661,513.7405451691166,,0.7597042133779577,3,0.7597042133779577,19.24767406726099,,reconstructed
2024,45,5016.136725944174,510.6136720422434,,0.2048962514748948,2,0.2048962514748948,3.8291119012564985,,reconstructed
2024,46,3931.270266036182,402.05622948480095,,0.38155360995697873,5,0.38155360995697873,14.99038205541772,,reconstructed
2024,47,4601.368636890372,469.1368631368631,,0.2336916668210764,2,0.2336916668210764,3.5124950479233417,,reconstructed
2024,48,4131.323910024765,422.08520051377195,,0.5119185284818484,1,0.5119185284818484,18.490157076529176,,reconstructed
2024,49,5156.878835450265,524.6878835450264,,0.2338083136472408,4,0.24384730675508454,1.6852545213889747,,reconstructed
2024,50,4785.602974014993,487.5602968460111,,0.2580976128662015,3,0.2580976128662015,3.6531319426984146,,reconstructed
2024,51,3868.91920362275,395.8567147138575,,0.5483105194699008,2,0.5483105194699008,14.752630340605972,,reconstructed
2024,52,3803.5581441291356,389.35493078350214,,0.24083300565450663,0,0.27513597842413057,6.234764840533943,,reconstructed
2024,53,5444.311402882832,553.4311402882831,,0.22865156041195545,3,0.22865156041195545,1.596572258909921,,reconstructed
2024,54,4423.090580470271,451.3089767375482,,0.08296813968279512,4,0.2784151064281593,5.59878884997828,,reconstructed
2024,55,5492.829412926047,558.2828599971458,,0.048109032957085546,3,0.22182235416786497,6.952874130073402,,reconstructed
2024,56,4635.144325100935,472.5126302269159,,0.4886537378469412,0,0.4886537378469412,8.743394193452986,,reconstructed
2024,57,5216.263428664175,530.625517339803,,0.1655260249573888,2,0.17863484951547234,9.14995962378517,,reconstructed
2024,58,4395.270536949087,448.4913657770801,,0.7862694593171695,4,0.7862694593171695,16.75966802766274,,reconstructed
2024,59,3777.1500031658015,386.6677608106179,,0.6279208956377947,0,0.6279208956377947,16.9050160145225,,reconstructed
2024,60,3304.1064308052323,339.3749108034822,,0.5894572790861526,4,0.5894572790861526,12.59893479658241,,reconstructed
2024,61,4297.51053032354,438.74925074925073,,0.5171506760773313,0,0.5171506760773313,8.106506719467827,,reconstructed
2024,62,4567.472553853559,465.74725274725284,,0.16763116969776326,5,0.33474407724219674,3.971714605662722,,reconstructed
2024,63,4459.102629512585,454.91023262451836,,0.315212295987893,5,0.315212295987893,4.644891742571549,,reconstructed
2024,64,5279.85096280474,536.985014985015,,0.06745432259965867,5,0.19215256940618788,6.68328404365513,,reconstructed
2024,65,5860.94762380484,595.0947623804767,,0.031010452471127454,2,0.18300874256832747,2.515428164722286,,reconstructed
2024,66,3466.926312697919,355.691736834594,,0.4103742353131903,5,0.4103742353131903,5.682960391310138,,reconstructed
2024,67,4406.577939100101,449.65777080062793,,0.3006813856792013,5,0.3006813856792013,4.590178603841942,,reconstructed
2024,68,4609.479969554672,469.91237334094467,,0.6466363247821101,5,0.6466363247821101,17.576473034017503,,reconstructed
2024,69,4094.396204793513,418.4387041529898,,0.20179357260622274,3,0.2672219810477419,7.182068250574121,,reconstructed
2024,70,4580.469530473039,467.0469530469531,,0.3459868161332216,4,0.3459868161332216,2.278840562399296,,reconstructed
2024,71,4540.740693400983,463.0740687883545,,0.3608874590273887,3,0.3608874590273887,3.466214176278993,,reconstructed
2024,72,4664.1660547569445,475.4165834165834,,0.3839440414655461,2,0.3839440414655461,4.858499163113264,,reconstructed
2024,73,4323.346746446394,441.2989867275582,,0.7261236407755601,4,0.7261236407755601,16.485414408463907,,reconstructed
2024,74,5041.716854573999,513.1716854573997,,0.26942070511429433,3,0.26942070511429433,1.647619887115685,,reconstructed
2024,75,4601.552814041031,469.15527329813045,,0.06430297349989922,0,0.25281785836035897,4.555989125258331,,reconstructed
2024,76,4275.977537951468,436.5625802768661,,0.7044163534770408,3,0.7044163534770408,16.304790211970378,,reconstructed
2024,77,4205.33323919821,429.53332381903806,,0.29831335158024674,0,0.29831335158024674,2.8803652179750867,,reconstructed
2024,78,5219.236477811409,530.9236477807906,,0.30182682003134276,5,0.30182682003134276,2.5966350635591633,,reconstructed
2024,79,5473.203938918226,556.3203938918225,,0.1732940653287316,2,0.2239008752495034,1.2878126915101704,,reconstructed
2024,80,5407.84215784216,549.7842157842158,,0.04800127596967998,4,0.2321424429615968,1.9522895876686441,,reconstructed
2024,81,3964.1885753707743,405.38276009704583,,0.5741464414207622,2,0.5741464414207622,15.115903324664238,,reconstructed
2024,82,4832.48751348743,492.2487512487512,,0.33052792260011987,1,0.33052792260011987,3.3099229379505646,,reconstructed
2024,83,4457.148565858215,454.7148565719994,,0.31268768960937926,2,0.31268768960937926,2.685029255110478,,reconstructed
2024,84,4426.5506032030025,451.6078207506779,,0.632764520568205,0,0.632764520568205,19.811473934983198,,reconstructed
2024,85,4489.223883164787,457.92150706436416,,0.5967172811987647,2,0.5967172811987647,7.3587031320246865,,reconstructed
2024,86,4014.9040381357145,410.4895104895105,,0.47763335594181033,4,0.47763335594181033,6.581201492534995,,reconstructed
2024,87,5136.454974597661,522.645497359783,,0.3652554257124784,1,0.3652554257124784,3.51811982808454,,reconstructed
2024,88,3931.6069656048344,402.1606964464107,,0.310207454955264,0,0.310207454955264,2.6928814698727326,,reconstructed
2024,89,5904.339946544895,599.4339945768517,,0.15073440610112968,5,0.1684627895472523,4.071958561124145,,reconstructed
2024,90,4654.938968541669,474.40787783644925,,0.035833540727778224,4,0.584006163540031,33.52182397675252,,reconstructed
2024,91,4431.763470460817,452.129156557728,,0.7124584968108507,1,0.7124584968108507,19.834804648457926,,reconstructed
2024,92,5170.615099186533,526.0615099186527,,0.17820419719010283,4,0.19529031534416186,1.915042629328334,,reconstructed
2024,93,4453.8496656073685,454.3497930640787,,0.6223888084973046,3,0.6223888084973046,16.983036928714284,,reconstructed
2024,94,3899.8760850815374,398.9875838447267,,0.1955832579488999,1,0.2801473084019528,4.062364948668506,,reconstructed
2024,95,4480.64169040749,457.0623662052233,,0.25882842695948044,3,0.35841398877466424,8.451951825253925,,reconstructed
2024,96,4144.8009135112625,423.48009133723417,,0.24785218110013887,3,0.24785218110013887,2.496868018857147,,reconstructed
2024,97,4623.137550107847,471.31368631368633,,0.41708432241504745,1,0.41708432241504745,5.503702431697833,,reconstructed
2024,98,4730.079179830165,482.00784929356354,,0.2947537898270222,1,0.2947537898270222,5.631013138154906,,reconstructed
2024,99,5293.824746681891,538.3824746681889,,0.20246256080154615,4,0.20246256080154615,1.288035218170776,,reconstructed
2024,100,4795.704295742443,488.57042957042955,,0.25796276832809967,1,0.25796276832809967,2.7094374547968494,,reconstructed
2024,101,4135.674331194483,422.56743256743255,,0.3228980666731147,3,0.3228980666731147,3.1570032211027987,,reconstructed
2024,102,4859.136577708008,494.91365777080057,,0.23779573760301204,3,0.28823870381494376,1.6143310889395368,,reconstructed
2024,103,3377.226838442707,346.68617097188525,,0.504315549002036,5,0.504315549002036,12.877751253441991,,reconstructed
2024,104,5078.7598116170975,516.8759811616956,,0.2407169502947408,1,0.2862510068938958,2.1520168693287727,,reconstructed
2024,105,4246.490657795742,433.64906522049375,,0.3547886364208802,5,0.3547886364208802,3.2415958345472693,,reconstructed
2024,106,5086.5719994292,517.6571999429143,,0.27255646964315716,0,0.27255646964315716,2.1282728031080915,,reconstructed
2024,107,4277.840344727094,436.7830740687884,,0.5386288456633466,5,0.5386288456633466,7.012204773545999,,reconstructed
2024,108,5024.220744591769,511.33694876552016,,0.7934773346136121,6,0.7934773346136121,36.18114964745023,,reconstructed
2024,109,4099.370629550414,418.93706293706293,,0.27918312546993646,4,0.2947285752595704,2.469500377931459,,reconstructed
2024,110,4039.3492222065393,412.9349222206365,,0.19610200014338194,3,0.19610200014338194,1.7115886534769449,,reconstructed
2024,111,4239.899097864693,432.94091622663046,,0.3050754976587661,1,0.3050754976587661,18.976096286694354,,reconstructed
2024,112,4958.73269591374,504.87326958755534,,0.14007514425172962,2,0.21545965737932074,2.8015438955571503,,reconstructed
2024,113,4277.97631054457,436.7976309404881,,0.20030157436427715,5,0.29828309467412367,2.9301207460465863,,reconstructed
2024,114,4169.817567142591,425.9808762665905,,0.4256685775798613,3,0.4256685775798613,6.8351346223508,,reconstructed
2024,115,3895.0378248487746,398.5037819323534,,0.1816311810156005,5,0.241840750949521,2.9733112364805696,,reconstructed
2024,116,4642.738716122722,473.2738689881547,,0.2980427035355269,0,0.2980427035355269,4.037163431566318,,reconstructed
2024,117,4591.85597518089,468.18552875695735,,0.27941147930671106,0,0.27941147930671106,5.4664626831230105,,reconstructed
2024,118,5016.1567804998185,510.6156700442414,,0.18538201161987145,2,0.1924071483037352,4.966487763177119,,reconstructed
2024,119,3327.0096531261684,341.65377479663186,,0.32242212838018625,1,0.32242212838018625,14.890367451498845,,reconstructed
2024,120,4916.89453417561,500.6894534037391,,0.23836989608908554,2,0.23836989608908554,2.9619846575637534,,reconstructed
2024,121,3638.1943556457973,372.8176109604681,,0.27205123326999886,5,0.33338517330529543,6.862821343349258,,reconstructed
2024,122,3992.8528679409033,408.28528614242896,,0.27570331460653297,3,0.27570331460653297,3.047979206292634,,reconstructed
2024,123,4491.843871416255,458.18438704152993,,0.2459125995967829,0,0.2459125995967829,3.0766053760507046,,reconstructed
2024,124,4380.953024960347,447.0944769516198,,0.1725009156372793,5,0.24450745912089458,7.684723718478328,,reconstructed
2024,125,4240.837649305369,433.08291708291716,,0.1157071893996093,5,0.34397279446824514,7.438944331097416,,reconstructed
2024,126,4535.934066010397,462.59340659340654,,0.2262119916023578,0,0.2262119916023578,2.5626746131633404,,reconstructed
2024,127,5066.024854427714,515.6006850292565,,0.31688742715450957,1,0.31688742715450957,9.556175426129201,,reconstructed
2024,128,4508.808656187495,459.87997716569146,,0.42131707898225107,3,0.42131707898225107,7.390806349492333,,reconstructed
2024,129,5127.1185956907675,521.7118595690024,,0.13176446439909628,4,0.2593895487420361,2.429914026384838,,reconstructed
2024,130,4322.489190287062,441.2480376766091,,0.43591248187801873,2,0.43591248187801873,7.085392836385895,,reconstructed
2024,131,5145.44598818622,523.5445982588839,,0.3852378281413842,4,0.3852378281413842,3.927821259084164,,reconstructed
2024,132,3871.361047526439,396.100899100899,,0.4925976781946738,2,0.4925976781946738,14.761941370008408,,reconstructed
2024,133,3938.262615480318,402.7906379334951,,0.48208447647915276,5,0.48208447647915276,15.017044681627409,,reconstructed
2024,134,4783.882709671699,487.35264735264735,,0.42919295614465086,5,0.42919295614465086,18.24149058024232,,reconstructed
2024,135,4906.296560582364,499.62965605822745,,0.12420903331826688,3,0.22358538171226838,2.0789392205852586,,reconstructed
2024,136,4567.429713145455,465.7429713143999,,0.22884898597410316,1,0.22884898597410316,2.1958796697702887,,reconstructed
2024,137,4316.963037962868,440.69630369630363,,0.2382221436815537,1,0.2382221436815537,2.9568239838712658,,reconstructed
2024,138,3338.4550603543976,342.8103325246182,,0.4233685370613191,3,0.4233685370613191,12.72991003999684,,reconstructed
2024,139,4168.725560157695,425.8725560154131,,0.27495711420981117,4,0.27495711420981117,2.073992815976008,,reconstructed
2024,140,4123.5485391631255,421.3196803196803,,0.48488684495945433,3,0.48488684495945433,15.723561048485278,,reconstructed
2024,141,5137.789353580095,522.7789353503639,,0.21871392837535372,6,0.21871392837535372,3.076520569539593,,reconstructed
2024,142,5541.496702147588,563.1412872841444,,0.13126284010348613,1,0.18034881315800505,15.793463499268666,,reconstructed
2024,143,4042.327672607643,413.23276723276723,,0.27059307035976843,5,0.27059307035976843,2.4351371508758093,,reconstructed
2024,144,4293.330506608097,438.2978450121307,,0.46820578870468776,2,0.46820578870468776,16.37095906131302,,reconstructed
2024,145,4473.802809552917,456.3784786641929,,0.32040689898348274,0,0.32040689898348274,8.439051465101214,,reconstructed
2024,146,4874.829456258033,496.48294562580276,,0.156845800037736,2,0.28391182091019146,1.805492391206668,,reconstructed
2024,147,4448.97129199977,453.8614242899957,,0.5207212517545065,5,0.5207212517545065,16.964435133559483,,reconstructed
2024,148,4073.58819500976,416.3579277864992,,0.1837212427680608,3,0.26006503153163013,6.677396135579804,,reconstructed
2024,149,4084.732436683796,417.47324104466963,,0.29038856852885575,0,0.29038856852885575,3.551940660336032,,reconstructed
2024,150,5104.362785664362,519.4362780077065,,0.34313996305689376,5,0.34313996305689376,3.8964600366309283,,reconstructed
271828,1,4347.874675562002,443.786641929499,,0.3082706881607344,6,0.3082706881607344,7.62670027592113,,reconstructed
271828,2,4941.041841561914,503.104181532753,,0.44276935763372166,0,0.44276935763372166,4.296557410676733,,reconstructed
271828,3,3849.9917669852266,393.99828742685884,,0.4881062809644623,2,0.4881062809644623,6.310878497334122,,reconstructed
271828,4,5487.422577430107,557.7422577422577,,0.08788594337497747,1,0.252710147912692,2.9033981889960363,,reconstructed
271828,5,4111.1976208792685,420.11973740545164,,0.40403799413315433,2,0.40403799413315433,4.282491224784674,,reconstructed
271828,6,4372.341949288668,446.2341943770515,,0.1841851137477679,4,0.27230495743034794,3.337665520118561,,reconstructed
271828,7,4872.085057799345,496.20850577993434,,0.21035017364249975,0,0.21035017364249975,1.4674954993371516,,reconstructed
271828,8,4773.320964749649,486.3320964749536,,0.17994051730021152,2,0.2568491681910734,1.9972054245811048,,reconstructed
271828,9,4592.035107752851,468.2035107749394,,0.26333887371218323,3,0.26333887371218323,2.2845945809464028,,reconstructed
271828,10,4575.984016122109,466.59840159840155,,0.32136172990502393,3,0.32136172990502393,2.7566168757132354,,reconstructed
271828,11,4898.891152173974,498.853860425289,,0.47638004640553777,3,0.47638004640553777,18.680030893179374,,reconstructed
271828,12,3912.367195460798,400.1992293420865,,0.6392427818556428,4,0.6392427818556428,14.91830249060285,,reconstructed
271828,13,5581.321536383627,567.132153560725,,0.23334703718605157,6,0.23334703718605157,3.8491872450134283,,reconstructed
271828,14,5220.03425150101,531.0034251462822,,0.2566403581207111,0,0.2566403581207111,2.9491718930409325,,reconstructed
271828,15,5623.683459397746,571.3683459397745,,0.10236858328309112,3,0.22421460114725314,1.8808305884273389,,reconstructed
271828,16,3823.277314041285,391.3268160411018,,0.3899586427428216,4,0.3899586427428216,6.26708836040508,,reconstructed
271828,17,4012.8935090755226,410.289282146425,,0.3690157282433217,0,0.3690157282433217,4.777225753001486,,reconstructed
271828,18,3655.042977976367,374.4686741829599,,0.48589159591773085,5,0.48589159591773085,13.93709589040328,,reconstructed
271828,19,4683.208221127455,477.32082203510777,,0.1917486196968982,2,0.2106292292622548,3.22979875518621,,reconstructed
271828,20,4723.923220637337,481.3923219637505,,0.28019550148589895,1,0.28019550148589895,3.235563833629241,,reconstructed
271828,21,4202.2234917972455,429.2223490794919,,0.1872573633439637,2,0.21778766028030508,2.878235254012436,,reconstructed
271828,22,3984.536901979503,407.406450692165,,0.29346413296864904,0,0.29346413296864904,17.833197008846085,,reconstructed
271828,23,4116.910248309374,420.64378478664196,,0.223710004689127,2,0.25855253948748885,18.42564727895101,,reconstructed
271828,24,5143.011274579705,523.3011274439846,,0.3698976730567771,5,0.3698976730567771,3.098199561349065,,reconstructed
271828,25,5003.90535365634,509.39046667618095,,0.3458923555339937,1,0.3458923555339937,5.956994738835265,,reconstructed
271828,26,4383.055737511127,447.30555159126584,,0.34669900262221987,2,0.34669900262221987,4.565676346548153,,reconstructed
271828,27,4434.2594779496585,452.4241472812902,,0.2874908619355749,1,0.2874908619355749,8.36445984255833,,reconstructed
271828,28,4591.100328244644,468.1100328243185,,0.13030332720667023,2,0.24900902799693583,2.207259773183302,,reconstructed
271828,29,5539.069501926646,562.9069501926645,,0.08177608940696864,5,0.20550280010687866,1.3542957217424558,,reconstructed
271828,30,5164.846581989441,525.4846581989439,,0.20649828701280373,2,0.20649828701280373,1.5146177659793079,,reconstructed
271828,31,5636.189524761697,572.6189524760954,,0.11233612280748916,0,0.20057578474724927,2.671179869545533,,reconstructed
271828,32,4492.043670618558,458.2043670615099,,0.2673561837129817,3,0.2673561837129817,2.2348475972980486,,reconstructed
271828,33,5311.885257599704,540.1885257599542,,0.1112086306966046,5,0.2650174755415517,2.27977908051415,,reconstructed
271828,34,4542.491794060479,463.2491793920365,,0.2575595375858919,4,0.2575595375858919,2.7364408383374617,,reconstructed
271828,35,4689.660419855835,477.966033966034,,0.14740250302539878,3,0.29291431706312443,4.643224306547553,,reconstructed
271828,36,4764.467775564238,485.4466961609819,,0.12547940787907527,1,0.2818050242577884,6.030907251977126,,reconstructed
271828,37,4450.793184760722,454.0784929356358,,0.1398299394822882,2,0.2939825661825088,7.807231841588167,,reconstructed
271828,38,4169.980907360118,425.9152276295133,,0.2539260173577418,5,0.45485715450996944,18.66317036921805,,reconstructed
271828,39,5450.015698587129,554.0015698587127,,0.2419553557687766,2,0.2419553557687766,1.5982450728994508,,reconstructed
271828,40,4952.305817004451,504.19537605251895,,0.560239530690554,2,0.560239530690554,18.883707104425532,,reconstructed
271828,41,3217.69411173315,330.76851719708856,,0.4055902541635911,4,0.4055902541635911,5.274420780550535,,reconstructed
271828,42,4791.494220065653,488.1494220065648,,0.27036448621777204,3,0.27036448621777204,1.7680790479946966,,reconstructed
271828,43,4911.782503211133,500.1782503211075,,0.2133296939060034,0,0.2133296939060034,2.0551391226821343,,reconstructed
271828,44,4536.193816356924,462.5721421435708,,0.3484160871037505,0,0.3484160871037505,20.302193200222128,,reconstructed
271828,45,5459.570429570432,554.9570429570431,,0.23991338126518202,3,0.23991338126518202,1.6010470467948477,,reconstructed
271828,46,4340.414550823762,442.9563293849008,,0.14775794313221355,0,0.21225203814332902,31.256824964223384,,reconstructed
271828,47,3899.2452694053495,398.9245040673611,,0.3339552823454598,5,0.3339552823454598,4.061707849972006,,reconstructed
271828,48,5330.191245217916,542.0191237334095,,0.21496342604358584,6,0.21496342604358584,4.333488528058323,,reconstructed
271828,49,3940.6140425552394,403.0605109176538,,0.4567391782789745,4,0.4567391782789745,6.459425872208671,,reconstructed
271828,50,4616.204483811612,470.6203796203796,,0.3389654180331394,0,0.3389654180331394,5.495448830454057,,reconstructed
271828,51,4739.717425431802,482.9717425431711,,0.25300198108267363,5,0.25300198108267363,2.00835484128419,,reconstructed
271828,52,3832.9890147999276,392.2979877265592,,0.2962614724199309,3,0.3175694951004655,6.283007709640015,,reconstructed
271828,53,5047.497476533183,513.7496788925359,,0.33322704861125213,0,0.33322704861125213,6.008889814437017,,reconstructed
271828,54,4385.365513906464,447.53475096332244,,0.30835047149612477,1,0.30835047149612477,8.272229877032746,,reconstructed
271828,55,5229.823034885126,531.9823034108748,,0.20257388647487884,6,0.20257388647487884,3.606774486710666,,reconstructed
271828,56,4444.872351644827,453.4872270586556,,0.08865349602531919,0,0.265004486261093,4.400860082592694,,reconstructed
271828,57,3473.4020036588236,356.3036963036963,,0.4106176591025092,5,0.4106176591025092,13.244478131338928,,reconstructed
271828,58,5447.301270158421,553.7301270158413,,0.18445898388473675,6,0.18445898388473675,2.136196576532651,,reconstructed
271828,59,5095.862708719853,518.5862708719852,,0.20868219576940503,5,0.20868219576940503,1.494387891120191,,reconstructed
271828,60,4198.209157674217,428.82089339232186,,0.329716543731561,4,0.329716543731561,4.37312810900716,,reconstructed
271828,61,4575.349813995946,466.49935778507205,,0.4043448595431042,5,0.4043448595431042,17.446330856855006,,reconstructed
271828,62,5009.948315206206,509.994005994006,,0.25143240405772865,6,0.25143240405772865,8.788057855645267,,reconstructed
271828,63,4509.437705153535,459.94377051519905,,0.20228165766356654,4,0.261607698174873,2.167998896697392,,reconstructed
271828,64,4446.178786587958,453.5327529613244,,0.22818064089754359,6,0.22818064089754359,32.01846977165979,,reconstructed
271828,65,3803.279819176274,389.3271014699586,,0.4607479790413252,3,0.4607479790413252,6.234308612295912,,reconstructed
271828,66,4393.527900810619,448.35279006707583,,0.25228875074247464,5,0.25228875074247464,2.6467035532949974,,reconstructed
271828,67,4468.677037248554,455.86770372484654,,0.21430022285388067,4,0.21430022285388067,1.8935072191726712,,reconstructed
271828,68,3078.677741492095,316.86770372484654,,0.20110706572156042,3,0.22441907809664438,3.665070742242736,,reconstructed
271828,69,3367.7972067737355,345.74140145568714,,0.32922895731651164,5,0.32922895731651164,12.84179499203179,,reconstructed
271828,70,4796.259454838414,488.6259454830883,,0.14772128873897603,2,0.252935877215978,2.5377034151531657,,reconstructed
271828,71,4587.172832690266,467.7172827172827,,0.35440350589612923,3,0.35440350589612923,3.5016585564598235,,reconstructed
271828,72,5159.746781271987,524.9745968317397,,0.20114390896553772,6,0.20114390896553772,6.531255062975776,,reconstructed
271828,73,4487.9044022648195,457.7548166119595,,0.5677421502613258,5,0.5677421502613258,17.11289152500144,,reconstructed
271828,74,5562.447552447555,565.2447552447552,,0.2479237662928029,2,0.2479237662928029,1.6312162910403383,,reconstructed
271828,75,4084.801860642067,417.4329955758527,,0.38420921202061176,1,0.38420921202061176,18.281942949691814,,reconstructed
271828,76,4326.9825003461665,441.69815898387327,,0.2123708074655949,4,0.2874449650391471,5.151138994017954,,reconstructed
271828,77,5180.580847731235,527.0580847723705,,0.11955643914840824,4,0.1942539022451592,2.7410480674689754,,reconstructed
271828,78,4446.814834688439,453.68146139574714,,0.40746668541886705,2,0.40746668541886705,4.632091975117143,,reconstructed
271828,79,4303.469393390667,439.3469387755102,,0.27651152882150587,4,0.27651152882150587,3.2850910513854847,,reconstructed
271828,80,5349.140859140861,543.914085914086,,0.23963991194279347,2,0.23963991194279347,1.7480852480852478,,reconstructed
271828,81,4138.799771797029,422.8799771656914,,0.2876598783203774,4,0.2876598783203774,2.4932528732480894,,reconstructed
271828,82,4200.271167575677,428.97987726559154,,0.34639107577618705,0,0.34639107577618705,18.798737485588568,,reconstructed
271828,83,4742.363350972966,483.2363350934779,,0.18238663546896822,5,0.20373919557933573,2.67930132781317,,reconstructed
271828,84,5055.611531329283,514.5611531325817,,0.30593526945146754,3,0.30593526945146754,2.5152296175490525,,reconstructed
271828,85,4657.761687836446,474.74054516911656,,0.5447429057596688,5,0.5447429057596688,17.7605767344394,,reconstructed
271828,86,4990.032210128844,508.0031397174255,,0.3305315491004476,6,0.3305315491004476,6.316428793581571,,reconstructed
271828,87,4233.03420184808,432.26773226773224,,0.5747816183741712,4,0.5747816183741712,16.141042371867524,,reconstructed
271828,88,4484.7067218496695,457.4706721849579,,0.13739737403932614,3,0.2211905289708632,1.9002994584104302,,reconstructed
271828,89,5490.7546517268265,558.0746396460682,,0.1573758468054784,1,0.16692439518057206,9.631450568875314,,reconstructed
271828,90,3799.2587630358385,388.8906807478236,,0.4523998921068857,3,0.4523998921068857,14.48700713286874,,reconstructed
271828,91,5345.914772808616,543.5914085914086,,0.4200840229051118,1,0.4200840229051118,6.36414638670437,,reconstructed
271828,92,4560.137229502382,465.0137005851292,,0.4330557413727894,4,0.4330557413727894,4.750135962810078,,reconstructed
271828,93,4128.946467247784,421.85814185814183,,0.20963962171941383,2,0.42878656551822836,15.74414396413872,,reconstructed
271828,94,5003.441065266602,509.3440844869416,,0.29670002832878545,3,0.29670002832878545,5.211910112739566,,reconstructed
271828,95,5767.022977022978,585.7022977022978,,0.09756699534474444,0,0.18788677920972152,1.5800062950747882,,reconstructed
271828,96,4947.347159374149,503.734693877551,,0.40591097879866694,2,0.40591097879866694,5.153479046685156,,reconstructed
271828,97,4489.2211495956835,457.9212216355073,,0.46354590590796957,4,0.46354590590796957,7.358698651178098,,reconstructed
271828,98,4063.345606714989,415.3336663336663,,0.16242240079795348,0,0.2899493517328363,6.660606559357636,,reconstructed
271828,99,3647.4265599109194,373.7399743114029,,0.216707328024543,2,0.35394425921658174,6.880236292162676,,reconstructed
271828,100,4869.065220493795,495.9065220493792,,0.18715960355046715,5,0.21631174054854357,1.803357489071765,,reconstructed
271828,101,3829.2838232282274,391.9275010703582,,0.4409374828786092,2,0.4409374828786092,6.27693418656943,,reconstructed
271828,102,3924.049928346473,401.40231197374055,,0.29861362010691817,1,0.29861362010691817,7.40203820030502,,reconstructed
271828,103,5269.409162266306,535.9409162266304,,0.18182002403260566,2,0.18182002403260566,1.2820946866827991,,reconstructed
271828,104,4714.8068425406755,480.48066219494785,,0.3799259255143114,2,0.3799259255143114,4.911249906156754,,reconstructed
271828,105,4019.9133091341478,410.95604395604397,,0.1972337930038541,5,0.2681084163013708,15.328388092314583,,reconstructed
271828,106,4557.261310260128,464.7261310118453,,0.2428735895843026,2,0.2428735895843026,2.745338137248172,,reconstructed
271828,107,4740.155558867841,483.01555587269877,,0.33493688806194655,4,0.33493688806194655,2.855515395386886,,reconstructed
271828,108,4750.378193238794,484.0378193235336,,0.26588086931480315,3,0.26588086931480315,2.3633722354161533,,reconstructed
271828,109,3996.4009847230705,408.63921792493215,,0.36011346749054013,3,0.36011346749054013,6.550871421983099,,reconstructed
271828,110,4522.045107921049,461.15727130012846,,0.3422165907131947,0,0.3422165907131947,20.238869227784495,,reconstructed
271828,111,4157.1973392485825,424.71970886256605,,0.4012696334872679,4,0.4012696334872679,4.330407527630029,,reconstructed
271828,112,4028.4826387911367,411.8464392750107,,0.2553731442905223,0,0.2553731442905223,7.5990323584294375,,reconstructed
271828,113,4509.5347564800195,459.9534750963322,,0.37762572049264875,3,0.37762572049264875,3.4423928510276505,,reconstructed
271828,114,4469.860145420065,455.986013986014,,0.2544462368918595,2,0.2544462368918595,3.4121068892033546,,reconstructed
271828,115,4834.130156335104,492.4130155558727,,0.14417646108343432,5,0.2092086704314033,3.3338828478526286,,reconstructed
271828,116,4816.97017268446,490.69701726844585,,0.2104632003639589,3,0.2104632003639589,1.5741732590472084,,reconstructed
271828,117,5230.429570429572,532.042957042957,,0.2041841441479995,3,0.2041841441479995,1.709290709290709,,reconstructed
271828,118,5098.413015555873,518.8413015555873,,0.1887839343817308,5,0.20381323707376883,1.5356665709505637,,reconstructed
271828,119,4252.218006204156,434.22177822177827,,0.36137059934283666,5,0.36137059934283666,4.429387243502554,,reconstructed
271828,120,5111.576994434141,520.1576994434138,,0.25477941480759636,3,0.25477941480759636,1.8861907728539165,,reconstructed
271828,121,4528.460191378159,461.8460111317254,,0.12706912039108867,5,0.26313549183442553,4.483620251652769,,reconstructed
271828,122,5733.208220351079,582.3208220351077,,0.08212639373117239,0,0.176183852378505,1.481449152545498,,reconstructed
271828,123,4468.716337809362,455.8715570144141,,0.32942984791172475,0,0.32942984791172475,5.319868748961511,,reconstructed
271828,124,4213.654916650154,430.36549165120596,,0.25483697803072003,3,0.25483697803072003,2.538346333978957,,reconstructed
271828,125,4780.1250399564715,487.0107035821321,,0.34452672002649165,1,0.34452672002649165,9.016875114762367,,reconstructed
271828,126,4901.108891108893,499.1108891108891,,0.19700130881945824,5,0.22437766614356022,1.4372753346360385,,reconstructed
271828,127,4878.163345501618,496.81632653061223,,0.1293505030109285,3,0.279713786723891,4.82986071256706,,reconstructed
271828,128,4169.6296356811945,425.96289424860856,,0.27496575440034055,5,0.30674785549784556,4.9638152697063065,,reconstructed
271828,129,4232.416525649658,432.24075924075925,,0.30123350298209034,4,0.30123350298209034,6.937746379753885,,reconstructed
271828,130,4966.024654967112,505.5173398030541,,0.2685492358351247,6,0.2685492358351247,35.76205949702786,,reconstructed
271828,131,4380.151278301582,447.0151277294134,,0.27342854051392435,1,0.27342854051392435,3.000103600325962,,reconstructed
271828,132,4255.106322252728,434.5106322249179,,0.2674918200035751,2,0.2674918200035751,2.116968319505402,,reconstructed
271828,133,5226.978735550252,531.6978735550164,,0.25278200414737206,3,0.25278200414737206,2.214821498113993,,reconstructed
271828,134,5896.0325388896845,598.6032538889682,,0.10304953765391385,1,0.199360230438553,2.1285316024872443,,reconstructed
271828,135,4250.345542073886,433.9988582845725,,0.5372729747043702,4,0.5372729747043702,16.207052487253918,,reconstructed
271828,136,4962.350506636224,505.2350506636221,,0.23416617872237727,0,0.23416617872237727,1.8379075950504422,,reconstructed
271828,137,4507.21347482411,459.72127872127874,,0.30327659639586846,0,0.30327659639586846,5.365698401292866,,reconstructed
271828,138,3909.8432346584977,399.98430141287287,,0.3482944403992213,3,0.3482944403992213,4.072747380878203,,reconstructed
271828,139,4399.308897633603,448.9299272156415,,0.3405854560445075,2,0.3405854560445075,7.211315141836541,,reconstructed
271828,140,4262.332932825814,435.198087626659,,0.3667536570281924,2,0.3667536570281924,16.252761775870233,,reconstructed
271828,141,3869.1572152040053,395.88054802340514,,0.2702668518601322,3,0.2702668518601322,14.75353790592079,,reconstructed
271828,142,3408.358239748061,349.8001998001997,,0.4419265001790341,5,0.4419265001790341,12.996458838499052,,reconstructed
271828,143,4640.281157585668,472.9808762665906,,0.4724660311395979,0,0.4724660311395979,20.768046599982842,,reconstructed
271828,144,4434.108748609223,452.4108748394463,,0.30920594486376973,2,0.30920594486376973,2.6711498471365527,,reconstructed
271828,145,4052.8157667819314,414.2815755672898,,0.36057793723221987,5,0.36057793723221987,3.0937524102801714,,reconstructed
271828,146,4602.31935107018,469.23105465962607,,0.40986198053687584,3,0.40986198053687584,7.544088400292151,,reconstructed
271828,147,4520.348232228272,461.03482232053653,,0.1571822683030425,0,0.2761211770967014,3.675079618346617,,reconstructed
271828,148,4744.388973685987,483.3948908234622,,0.5465026152269034,5,0.5465026152269034,18.090896458963922,,reconstructed
271828,149,4620.021407202452,471.0021407164264,,0.2872493597400282,0,0.2872493597400282,2.6101815855807806,,reconstructed
271828,150,4699.901312544508,478.95361781076065,,0.5365972154534703,4,0.5365972154534703,17.92125993129391,,reconstructed
31337,1,4679.4412383836925,476.8589981447125,,0.6638823169937221,6,0.6638823169937221,33.69827328838174,,reconstructed
31337,2,4910.450987755497,499.9978592835735,,0.8087818188860968,0,0.8087818188860968,21.97721893940113,,reconstructed
31337,3,4289.609182855768,437.96089624661056,,0.5014586105895841,3,0.5014586105895841,4.468336328577344,,reconstructed
31337,4,4807.104686409977,489.70957613814755,,0.3956729098549197,5,0.3956729098549197,7.879771032251982,,reconstructed
31337,5,4961.757037823956,505.1756814613957,,0.19051018627582628,3,0.25385219115428564,5.168489314665978,,reconstructed
31337,6,4960.499500637719,505.04995004995004,,0.3743786895671999,2,0.3743786895671999,2.9882527096353657,,reconstructed
31337,7,4215.038189698493,430.5029256457828,,0.4542943977452206,4,0.4542943977452206,6.909259937882988,,reconstructed
31337,8,5982.902811474242,607.290281147424,,0.11008735175302099,2,0.1854712788878428,1.3881445038223295,,reconstructed
31337,9,4389.012509254959,447.86556300842017,,0.5424504050380892,4,0.5424504050380892,16.735805454066917,,reconstructed
31337,10,4186.792700199527,427.5932638789781,,0.3852349544497155,6,0.3852349544497155,30.150540935493808,,reconstructed
31337,11,5412.7600970458125,550.2760097045812,,0.1827161934662604,0,0.2038198105594625,1.5873196765530238,,reconstructed
31337,12,4981.033252465332,507.1033252461824,,0.37625983311347305,4,0.37625983311347305,2.4781259962241124,,reconstructed
31337,13,4576.075701577283,466.60396746111024,,0.2949732392777695,0,0.3026948376442857,8.63197150114648,,reconstructed
31337,14,4318.174902926597,440.81746824603965,,0.34669889799936426,3,0.34669889799936426,4.498092243231433,,reconstructed
31337,15,4766.478162185355,485.6469245040674,,0.5054606051939712,5,0.5054606051939712,7.813176329284252,,reconstructed
31337,16,3871.831027120164,396.18310261167403,,0.2725021924622486,1,0.2725021924622486,2.6519390464571058,,reconstructed
31337,17,5881.034679606109,597.1034679606108,,0.10312660269613158,1,0.1710506093750711,1.9669012306374936,,reconstructed
31337,18,3468.1784449861216,355.8177536748965,,0.2283673958935776,2,0.3014396234275337,4.128759296981516,,reconstructed
31337,19,4659.315708273504,474.89638932496075,,0.3592456433413034,3,0.3592456433413034,17.766502391668997,,reconstructed
31337,20,4786.7989153738545,487.67989153703445,,0.31618423609017704,4,0.31618423609017704,2.3814919976722027,,reconstructed
31337,21,4226.436644411583,431.64364207221354,,0.26953986896578613,4,0.26953986896578613,4.402531697790286,,reconstructed
31337,22,5114.973818220396,520.4973597830741,,0.44596116789308293,3,0.44596116789308293,5.328089892902639,,reconstructed
31337,23,4660.266876121024,475.02668759811615,,0.31808445559485765,5,0.31808445559485765,2.8073896829144456,,reconstructed
31337,24,3630.603949733259,372.0122734408448,,0.23995504903846818,2,0.37706397838830996,16.24913436352484,,reconstructed
31337,25,3653.1120631051454,374.26216640502355,,0.288637121898708,0,0.288637121898708,16.34987169635237,,reconstructed
31337,26,4095.693100142,418.56928785500213,,0.4192392446009824,2,0.4192392446009824,4.266340706097702,,reconstructed
31337,27,5545.754246530623,563.5754245754246,,0.21455054957944397,6,0.21455054957944397,3.824658079734306,,reconstructed
31337,28,4283.011494829558,437.30112744398457,,0.38833214637116165,3,0.38833214637116165,4.461463746988802,,reconstructed
31337,29,4446.316540602312,453.63165406022546,,0.21394929292978415,0,0.21394929292978415,1.8603834897914473,,reconstructed
31337,30,4412.964399346084,450.2964178678464,,0.3508486098933921,2,0.3508486098933921,4.596831156816277,,reconstructed
31337,31,4685.432766221868,477.5348936777508,,0.24692343014133025,6,0.24692343014133025,13.353650710091438,,reconstructed
31337,32,4444.041914221317,453.4033109747395,,0.469002411670001,3,0.469002411670001,7.284641177212808,,reconstructed
31337,33,4252.086491531789,434.2086484943628,,0.316827275139584,5,0.316827275139584,3.2458674632381954,,reconstructed
31337,34,3902.918035791714,399.24461253032683,,0.3266803495315445,1,0.3266803495315445,17.467903536562673,,reconstructed
31337,35,5277.031539896214,536.7031539888683,,0.16657516139896342,2,0.17351731867426853,2.7920801797234613,,reconstructed
31337,36,4460.349650349652,455.034965034965,,0.20202029841890945,2,0.20315250803260612,1.308020425322478,,reconstructed
31337,37,4859.759033005612,494.97588126159553,,0.3732391898391295,3,0.3732391898391295,5.0622415492066555,,reconstructed
31337,38,5398.247466826426,548.8247466818896,,0.15108257586213045,4,0.2016932362931081,2.8562155907949873,,reconstructed
31337,39,5003.10842651501,509.3108320251177,,0.09961857950210314,1,0.3215395761978366,4.9535686114777375,,reconstructed
31337,40,5224.830883402313,531.4830883402311,,0.22552483329418896,2,0.22552483329418896,1.5322084702059564,,reconstructed
31337,41,4191.577236041696,428.1568431568431,,0.4316832152698722,3,0.4316832152698722,6.870802913317563,,reconstructed
31337,42,5248.334522658423,533.8334522620237,,0.2977228244321412,0,0.2977228244321412,2.965160746799676,,reconstructed
31337,43,5603.463679177966,569.3463679177966,,0.24363061712992068,4,0.24363061712992068,1.6432444806973503,,reconstructed
31337,44,4763.878978241235,485.3878978164692,,0.1009960967871186,2,0.24781177958730463,2.852622141299694,,reconstructed
31337,45,4500.99539851074,459.01441415727123,,0.18561555803324853,0,0.2225280563416698,32.41322313540865,,reconstructed
31337,46,4596.980162832541,468.6980162694448,,0.28185241905862074,3,0.28185241905862074,2.7692651568573594,,reconstructed
31337,47,4982.814328528776,507.28143285286137,,0.11258567707272865,4,0.28651351139902625,2.1385469221146565,,reconstructed
31337,48,4640.164363207694,473.01555587269866,,0.4704137111124947,3,0.4704137111124947,7.606123668881051,,reconstructed
31337,49,5263.654916512061,535.365491651206,,0.23028991540017635,5,0.23028991540017635,1.3999082224766115,,reconstructed
31337,50,5259.576138224023,534.9576138147567,,0.11670111187930442,3,0.1790879796880279,3.1494467878544903,,reconstructed
31337,51,5326.362209219409,541.6362209219352,,0.23523912119242196,0,0.23523912119242196,2.228603434819459,,reconstructed
31337,52,4449.610613226796,453.96103896103887,,0.38189702614016857,4,0.38189702614016857,4.6350042401457445,,reconstructed
31337,53,4959.408790059674,504.93249607535313,,0.3226945833410132,6,0.3226945833410132,14.134492162271716,,reconstructed
31337,54,5282.3162551734085,537.2316255173398,,0.05014474294639126,2,0.25684234720029603,2.071496570656177,,reconstructed
31337,55,3679.639067461729,376.9269302126445,,0.39629616932866585,3,0.39629616932866585,14.030883585856376,,reconstructed
31337,56,5566.330197855404,565.6329384900813,,0.35729407647571604,6,0.35729407647571604,7.045912101519011,,reconstructed
31337,57,4101.345802785542,419.13457970600825,,0.3459239977572426,5,0.3459239977572426,3.1307982382913395,,reconstructed
31337,58,4397.866642505065,448.7866419294991,,0.257244504646107,5,0.257244504646107,4.581104349898207,,reconstructed
31337,59,4872.5264236419125,496.25174825174827,,0.426353092365345,4,0.426353092365345,7.987009868006315,,reconstructed
31337,60,4194.155849753228,428.4155844155844,,0.1608815911810807,2,0.2124967082449636,3.2016456004778733,,reconstructed
31337,61,4903.700586906456,499.37005851291565,,0.10915647014333911,0,0.2859115112583302,3.381862454875744,,reconstructed
31337,62,5062.274495782523,515.2190666476381,,0.19761268271941043,3,0.21975417172897152,14.427663097125963,,reconstructed
31337,63,4585.403468908822,467.54031682603113,,0.4078352537694907,2,0.4078352537694907,4.776454923492452,,reconstructed
31337,64,3804.5842907120386,389.45839874411297,,0.32921429142812936,5,0.32921429142812936,3.9631028088217506,,reconstructed
31337,65,5092.197802197861,518.2197802197802,,0.2655201491474295,1,0.2655201491474295,2.130626695479916,,reconstructed
31337,66,4172.957042957188,426.2957042957042,,0.20152588150258588,4,0.20152588150258588,1.7682021368458503,,reconstructed
31337,67,4490.382026547417,458.002997002997,,0.5073633058299355,2,0.5073633058299355,17.12233898907095,,reconstructed
31337,68,5029.591836736152,511.9591836734694,,0.24464714924787245,0,0.24464714924787245,2.418072998418531,,reconstructed
31337,69,3768.6016222178073,385.86013986013984,,0.3781757569164648,4,0.3781757569164648,3.925620917586874,,reconstructed
31337,70,4623.290994720394,471.3290994719566,,0.14227742131315108,2,0.25014599207283256,2.1911331728452503,,reconstructed
31337,71,4165.947991380208,425.5864135864136,,0.12450700307959882,1,0.26363340212139663,11.873100549932007,,reconstructed
31337,72,4958.792635973679,504.8792635935493,,0.22919068685848087,0,0.22919068685848087,2.8015777599977887,,reconstructed
31337,73,4649.939327574125,473.99386327957757,,0.27108834383535246,1,0.27108834383535246,5.5356091197892425,,reconstructed
31337,74,4027.269724390434,411.7185671471386,,0.14827578396326405,4,0.3540746415236213,11.47786253652743,,reconstructed
31337,75,4978.9650127943305,506.8956757528186,,0.21288538251677894,6,0.21288538251677894,8.733709379967767,,reconstructed
31337,76,4610.729958400176,470.07292707292714,,0.3648692229445434,1,0.3648692229445434,5.488931577075211,,reconstructed
31337,77,5359.656058227488,544.9656058227487,,0.20429854833956523,5,0.20429854833956523,1.5717466446414916,,reconstructed
31337,78,4300.711665126755,439.023976023976,,0.3623165130047119,1,0.3623165130047119,19.248269068444543,,reconstructed
31337,79,4915.7571055595845,500.57571000428135,,0.2824820871423208,3,0.2824820871423208,3.7524862389075735,,reconstructed
31337,80,4508.999577444011,459.8999571856715,,0.36522784183518064,5,0.36522784183518064,3.441984317423396,,reconstructed
31337,81,3834.157635740838,392.3676323676324,,0.27914537152765345,5,0.2956530448876288,17.16015942710163,,reconstructed
31337,82,4946.357927824685,503.6357927786499,,0.22290463356872112,0,0.22290463356872112,2.794552501157651,,reconstructed
31337,83,4708.786619798397,479.8778364492651,,0.14941756206472287,1,0.19157456237058593,8.259783662653096,,reconstructed
31337,84,4854.698379373532,494.4698158983873,,0.4376543571662953,3,0.4376543571662953,5.056970042757782,,reconstructed
31337,85,4460.518053375359,455.05180533751957,,0.12343961198359392,4,0.22443075346151173,1.9143854306325763,,reconstructed
31337,86,4329.217951165855,441.921792493221,,0.2814141176947761,0,0.2814141176947761,3.76453672463468,,reconstructed
31337,87,4554.0223500657685,464.3670615099186,,0.47904698690601283,3,0.47904698690601283,17.365006803571625,,reconstructed
31337,88,3785.8558488917574,387.5847010132724,,0.15361053913078368,0,0.2641113453545003,6.205747366957756,,reconstructed
31337,89,3236.082003932606,332.6072498929642,,0.3532871513714335,2,0.3532871513714335,5.304562079679523,,reconstructed
31337,90,4018.5893674354757,410.858855430284,,0.24602334127015532,6,0.24602334127015532,5.0867674838906085,,reconstructed
31337,91,4512.283523992697,460.1926644783788,,0.5540831572303451,4,0.5540831572303451,17.205851897640716,,reconstructed
31337,92,4656.417867984658,474.64178678464395,,0.3189877002613871,2,0.3189877002613871,2.80507100331546,,reconstructed
31337,93,4051.7111617458163,414.12387612387613,,0.3401217465999561,0,0.3401217465999561,18.133842187396432,,reconstructed
31337,94,5707.760810617954,579.7760810617954,,0.12114712247554249,3,0.17490859086276722,1.3243064525795711,,reconstructed
31337,95,4548.594920352539,463.82431853860425,,0.5413828696904915,3,0.5413828696904915,17.34431139484251,,reconstructed
31337,96,4642.344318184522,473.1872413300985,,0.5067530773242421,1,0.5067530773242421,20.777280483449193,,reconstructed
31337,97,5142.449059649328,523.2448979591836,,0.04169725302208499,5,0.3054922459312123,5.091529520527711,,reconstructed
31337,98,4556.480662409677,464.6480662194948,,0.3290734613633921,2,0.3290734613633921,2.7448678674589946,,reconstructed
31337,99,4608.631597106299,469.8631368631368,,0.3387795604634612,2,0.3387795604634612,4.800650854787185,,reconstructed
31337,100,4903.570714999374,499.3570714999286,,0.17157857233137336,4,0.19844336969419968,2.0777842012704326,,reconstructed
31337,101,4803.973392897455,489.39731696874554,,0.4195825441979811,5,0.4195825441979811,5.004131592872062,,reconstructed
31337,102,4696.631389563236,478.62751534180103,,0.3559788253356693,5,0.3559788253356693,17.908791341890495,,reconstructed
31337,103,4152.725931200276,424.27258455829883,,0.15867345589018259,2,0.3042998071840885,4.111606439677393,,reconstructed
31337,104,4755.2790068492195,484.5279006707578,,0.3255136746422619,4,0.3255136746422619,2.8646259062141874,,reconstructed
31337,105,4540.752923514148,463.07521050378193,,0.1460798451268604,2,0.32533427264231146,5.74772692897786,,reconstructed
31337,106,5064.104094754979,515.4020265448837,,0.19583760833379357,4,0.23241471483020099,14.432877519536172,,reconstructed
31337,107,3946.33827724035,403.6337947766519,,0.3367057305883886,5,0.3367057305883886,4.110762994336235,,reconstructed
31337,108,5527.876409304982,561.7876409304981,,0.12933312994239432,2,0.1835754651921342,1.6116257753075744,,reconstructed
31337,109,5291.165984764084,538.1165976880262,,0.12119945961297593,2,0.23700088826181634,4.3017606761481515,,reconstructed
31337,110,4802.186385043529,489.21863850435284,,0.19622045522072923,5,0.201569587529548,1.5954107591506734,,reconstructed
31337,111,4960.911945337772,505.09119451976596,,0.30116369208646415,4,0.30116369208646415,2.9885011702979156,,reconstructed
31337,112,4488.555427901436,457.85471671185957,,0.15820982322775656,3,0.3367524130117145,7.873471402677507,,reconstructed
31337,113,4521.189031578468,461.1188811188811,,0.33881219110470584,3,0.33881219110470584,4.709564982961469,,reconstructed
31337,114,5219.436278008451,530.9436278007706,,0.14340043011785916,0,0.19450242005641835,2.4736664824594095,,reconstructed
31337,115,5042.311225539394,513.1459968602826,,0.16759796003988922,0,0.17392433487481615,36.31142545172594,,reconstructed
31337,116,4191.728510463841,428.1375767090053,,0.47883843029830586,2,0.47883843029830586,15.983539057922837,,reconstructed
31337,117,5120.665272849384,521.0665049236477,,0.43422622965806695,4,0.43422622965806695,5.334018482757116,,reconstructed
31337,118,4366.134092322354,445.6133866133866,,0.44187811842582175,2,0.44187811842582175,4.548049658728087,,reconstructed
31337,119,4522.981721634934,461.2491793920366,,0.3348986920291244,1,0.3348986920291244,20.243061136980415,,reconstructed
31337,120,4838.639937018815,492.8639931497074,,0.4425625726477692,2,0.4425625726477692,3.693618172907023,,reconstructed
31337,121,5589.7688026259475,567.9768802625945,,0.09872511689871803,5,0.21068442702674883,1.3666916387838497,,reconstructed
31337,122,3648.8473213810644,373.8374482660197,,0.27339126290789034,0,0.27339126290789034,16.330784414385022,,reconstructed
31337,123,5344.062339527611,543.4061652633081,,0.33564298782525126,1,0.33564298782525126,6.3619411221102,,reconstructed
31337,124,3864.268942833367,395.42600256885976,,0.4735931901382362,5,0.4735931901382362,6.334281540123806,,reconstructed
31337,125,4572.539868667074,466.2187812187812,,0.45849545010866954,2,0.45849545010866954,17.435616214720493,,reconstructed
31337,126,3721.7438243638308,381.17339803054085,,0.3625867265681902,4,0.3625867265681902,6.1006554027402125,,reconstructed
31337,127,4097.948479647367,418.7947766519195,,0.31623412587179345,1,0.31623412587179345,4.878481067880301,,reconstructed
31337,128,4141.869109028661,423.18510061367203,,0.3128049382088393,0,0.3128049382088393,7.812916228263267,,reconstructed
31337,129,5105.812979261011,519.5812758669902,,0.4016959998652958,2,0.4016959998652958,5.318547366351253,,reconstructed
31337,130,4503.826832299601,459.3475096332239,,0.4096934033135977,3,0.4096934033135977,17.173605567364316,,reconstructed
31337,131,4579.7794501084945,466.9427715142001,,0.24972633406897068,3,0.24972633406897068,17.463221564743307,,reconstructed
31337,132,4361.6343135771685,445.11616954474096,,0.3275282732098675,5,0.3633527290459866,19.52093452966217,,reconstructed
31337,133,4090.909461284,418.09005280433854,,0.3092249044303162,4,0.3092249044303162,6.705789029251443,,reconstructed
31337,134,4639.208020577059,472.92079349222206,,0.09512391650696832,4,0.26847061617477075,4.593271477199184,,reconstructed
31337,135,4316.99819964658,440.69972884258596,,0.26459861507539656,4,0.26843964243775187,5.139252992478192,,reconstructed
31337,136,4426.241256235693,451.62323390894824,,0.33469497293878636,5,0.33469497293878636,7.255462468135246,,reconstructed
31337,137,4078.7741761636807,416.8417296988726,,0.3847177903573783,4,0.3847177903573783,15.552831293920127,,reconstructed
31337,138,4625.991151709028,471.59911517054377,,0.15923020067825175,1,0.17049398034490718,2.30148813515327,,reconstructed
31337,139,3369.187253412702,345.9169402026545,,0.28862484749987954,4,0.28862484749987954,5.522747236341303,,reconstructed
31337,140,4984.522172077948,507.4170115598687,,0.5747110640700874,2,0.5747110640700874,19.006551741986325,,reconstructed
31337,141,4475.134875300035,456.4662480376766,,0.34958159611132317,0,0.34958159611132317,20.028917747690095,,reconstructed
31337,142,5126.175932261244,521.5324675324675,,0.3915814118533704,6,0.3915814118533704,36.915364183380795,,reconstructed
31337,143,4601.576444508345,469.1220208363066,,0.5733906327311626,5,0.5733906327311626,17.546335991277765,,reconstructed
31337,144,5094.071642643159,518.4071642643071,,0.28924588766919684,2,0.28924588766919684,2.158504933322865,,reconstructed
31337,145,4627.956329385044,471.7956329384901,,0.20793197158801832,1,0.21433009116234206,1.9609984446542188,,reconstructed
31337,146,3414.4975891159365,350.4145854145854,,0.4290764833335191,3,0.4290764833335191,13.019868878096492,,reconstructed
31337,147,4863.731987820109,495.373198230341,,0.2122633684225974,0,0.21394667336382148,3.7127724096432804,,reconstructed
31337,148,5153.269587555304,524.3269587555302,,0.2464019626353139,4,0.2464019626353139,1.6840750286128436,,reconstructed
31337,149,5324.669616105718,541.4669616098188,,0.11253575227367175,4,0.2191000394927429,2.817285511050196,,reconstructed
31337,150,4470.782755049935,455.99314970743535,,0.14019077449919332,0,0.24873384348880775,32.195651450192166,,reconstructed
42,1,4945.089875460988,503.4238618524332,,0.6542836744460998,6,0.6542836744460998,35.61130091601552,,reconstructed
42,2,4077.727216631197,416.73754816611955,,0.7737586340448841,3,0.7737586340448841,15.548839117771852,,reconstructed
42,3,5026.489225099582,511.64892250606533,,0.38543774141482245,0,0.38543774141482245,2.8398244205149,,reconstructed
42,4,4396.84208397859,448.68331668331666,,0.38756069915598396,5,0.38756069915598396,7.2072715588383,,reconstructed
42,5,4913.277077563227,500.3268160411018,,0.1497174845909348,1,0.1885215274224175,8.053808043469873,,reconstructed
42,6,3844.511901794436,393.45112030826317,,0.24536983548131888,5,0.26088826450177316,4.576772651314194,,reconstructed
42,7,4765.602974047406,485.56029684601117,,0.34951445590713875,5,0.34951445590713875,3.637864767562433,,reconstructed
42,8,5451.134579707466,554.1134579706008,,0.28511997784462356,0,0.28511997784462356,2.6207377786921695,,reconstructed
42,9,5458.611081011828,554.8602825745683,,0.14340718802966385,4,0.16281394400074808,9.57506684166738,,reconstructed
42,10,3672.8235490067937,376.2471813900385,,0.6250368970325937,3,0.6250368970325937,14.004895236383716,,reconstructed
42,11,4274.420985432765,436.4412730127016,,0.2687805919985402,6,0.2687805919985402,7.497853581713305,,reconstructed
42,12,4960.621028354774,505.0620807763665,,0.47032537749682646,2,0.47032537749682646,5.1673059732088955,,reconstructed
42,13,5086.340807653282,517.6340802055088,,0.21590857990538437,2,0.21590857990538437,3.8827028018790353,,reconstructed
42,14,4733.5348877984525,482.3450834879406,,0.11925774537545127,4,0.41856482332568506,13.490743474409559,,reconstructed
42,15,5092.177822177824,518.2177822177822,,0.24882070922421026,3,0.24882070922421026,1.3543026122813357,,reconstructed
42,16,4183.851414264419,427.34993577850713,,0.6075650126301337,2,0.6075650126301337,15.953502791391694,,reconstructed
42,17,4557.152112490387,464.71514200085636,,0.4083655643116284,1,0.4083655643116284,5.42514880668977,,reconstructed
42,18,4430.913947405035,452.03582132153554,,0.5487254637320303,1,0.5487254637320303,19.831002522291197,,reconstructed
42,19,4763.652062223495,485.36520622234906,,0.24929531065730487,3,0.24929531065730487,1.7578051890123503,,reconstructed
42,20,5018.933175018573,510.8081918081918,,0.5647062516166383,6,0.5647062516166383,36.14307203189064,,reconstructed
42,21,4148.981025568142,423.8981018981019,,0.3018360159014621,1,0.3387035667966765,3.167161002793443,,reconstructed
42,22,4758.110461107463,484.81104609676044,,0.25614904634765934,5,0.25614904634765934,2.86633160154957,,reconstructed
42,23,4810.0628874481945,489.9706008277436,,0.43036340734005785,4,0.43036340734005785,18.341318585083137,,reconstructed
42,24,5170.3431935713625,525.9491936634794,,0.5616283189597105,6,0.5616283189597105,37.233427893598865,,reconstructed
42,25,3978.08707805862,406.8069073783359,,0.480730343352559,1,0.480730343352559,7.503969891722989,,reconstructed
42,26,5043.876123876127,513.3876123876124,,0.22649102785826963,3,0.22649102785826963,1.861208901799299,,reconstructed
42,27,4788.5914187605995,487.811902383331,,0.6611747460016286,0,0.6611747460016286,21.43182414076858,,reconstructed
42,28,4431.515627368117,452.1515627229913,,0.3309829780873749,3,0.3309829780873749,2.669587725907803,,reconstructed
42,29,4496.3593866539095,458.6359354930783,,0.25111903881888475,3,0.2659392422792562,3.909877079220776,,reconstructed
42,30,4277.007437518882,436.615527329813,,0.3316676918092233,6,0.3316676918092233,30.800208431666338,,reconstructed
42,31,5252.350506636226,534.2350506636221,,0.2627407388829676,4,0.2627407388829676,1.9381367183159401,,reconstructed
42,32,4859.108127922006,494.87512487512487,,0.5142154539624202,4,0.5142154539624202,18.52833368273593,,reconstructed
42,33,4836.617668046983,492.661766804624,,0.1388304003637345,3,0.25035438023283846,2.2922358616252545,,reconstructed
42,34,4019.4334238627516,410.9433423719139,,0.28776432002637303,4,0.28776432002637303,2.4213454347717773,,reconstructed
42,35,4699.406313499476,478.9406307977736,,0.3486478150222529,2,0.3486478150222529,3.5873329669804215,,reconstructed
42,36,5008.593514678913,509.7742257742258,,0.2531804593182257,6,0.2531804593182257,36.06861256502591,,reconstructed
42,37,5467.548166119603,555.7548166119595,,0.013354148985564631,3,0.23259402536857732,2.144136535733114,,reconstructed
42,38,4440.291143030274,453.0291137433994,,0.2680222763619004,5,0.2680222763619004,3.389535132262714,,reconstructed
42,39,5109.255038567423,519.9255030683602,,0.058028343687285405,5,0.19545249329819311,4.153865607809147,,reconstructed
42,40,4770.518053380156,486.0518053375197,,0.23500696871660037,5,0.23500696871660037,2.3733920663321433,,reconstructed
42,41,4503.352361927304,459.3352361923791,,0.2590737038436831,3,0.2590737038436831,2.2404738118794523,,reconstructed
42,42,4969.951487255997,505.94790923362353,,0.5685276765886503,0,0.5685276765886503,22.24351942947565,,reconstructed
42,43,4308.341108492266,439.7984872270587,,0.7552889617874962,5,0.7552889617874962,16.428196198904264,,reconstructed
42,44,4452.831455078088,454.2831454260026,,0.1703499262699051,0,0.28865421132774427,3.0709182277620126,,reconstructed
42,45,3881.8096245498605,397.1809618952476,,0.271874950118525,4,0.271874950118525,2.9632133739293365,,reconstructed
42,46,4890.896246686991,498.0896246610532,,0.1316239600916176,2,0.20896631761197962,2.9286803858417367,,reconstructed
42,47,5675.288996717571,576.5288996717568,,0.06430818297160174,2,0.17288575466288972,1.5548736977308408,,reconstructed
42,48,4523.235336168818,461.32353360924793,,0.2614292581188219,1,0.2653844861701532,2.5555001895251555,,reconstructed
42,49,5059.693164756712,514.9693163978877,,0.18473408931621368,6,0.18473408931621368,3.4894435424486026,,reconstructed
42,50,4355.358074706305,444.4802340516626,,0.7009652794803177,1,0.7009652794803177,19.492844589221896,,reconstructed
42,51,4418.21892493654,450.8218923933209,,0.11147880538985323,5,0.30370299829401837,3.026177330767929,,reconstructed
42,52,4097.858734647551,418.75024975024974,,0.4965545988412242,5,0.4965545988412242,15.625602892836582,,reconstructed
42,53,5103.477470746247,519.3005565862709,,0.5283102250959089,1,0.5283102250959089,22.841128443511533,,reconstructed
42,54,4549.239581751912,463.9230769230769,,0.5278020349395226,2,0.5278020349395226,7.457080428559156,,reconstructed
42,55,5209.425539796565,529.8574282859997,,0.4985150895384463,6,0.4985150895384463,37.51487337325253,,reconstructed
42,56,4082.7533212007443,417.2744398458684,,0.4414077514538076,5,0.4414077514538076,6.692419543759538,,reconstructed
42,57,4212.625952005696,430.2625945483088,,0.3398759605986928,2,0.3398759605986928,3.2157449147941186,,reconstructed
42,58,4075.998287566723,416.59982874268593,,0.3489923088146928,5,0.3489923088146928,2.4554206538523995,,reconstructed
42,59,4210.679352473044,430.0679320679321,,0.2615176589634328,1,0.2615176589634328,3.661459699384508,,reconstructed
42,60,5816.96731839589,590.6967318395889,,0.19083294957263347,1,0.19083294957263347,1.7520985898782795,,reconstructed
42,61,4429.883215779668,451.9874411302983,,0.45807287541799135,3,0.45807287541799135,7.261432341725969,,reconstructed
42,62,4182.225366879864,427.1855287569573,,0.22310662336706583,0,0.32794136408977465,15.947302487193511,,reconstructed
42,63,3709.6313496200632,379.9279292136435,,0.46504450080283977,2,0.46504450080283977,14.145247579640156,,reconstructed
42,64,4214.740671230994,430.47324104466963,,0.32235897137140146,6,0.32235897137140146,7.393167061803237,,reconstructed
42,65,4477.4682562013395,456.69958612815753,,0.43346903717767016,0,0.43346903717767016,20.039361029389653,,reconstructed
42,66,4675.720364666327,476.5711431425717,,0.43769050104161383,4,0.43769050104161383,7.664406807816744,,reconstructed
42,67,4242.741785917447,433.27329813044105,,0.4811613843307668,3,0.4811613843307668,6.954671471272818,,reconstructed
42,68,4976.571999429887,506.6571999429142,,0.16164250984548933,5,0.20523838943073872,2.358564928631127,,reconstructed
42,69,4729.079492937502,481.90794919366346,,0.29489925848493775,0,0.29489925848493775,3.2390955269679207,,reconstructed
42,70,4622.0372217882095,471.2036534893678,,0.257431440341263,1,0.257431440341263,5.502392524825536,,reconstructed
42,71,4131.350975592643,422.1332952761523,,0.2710059390835283,0,0.2710059390835283,7.793075597560049,,reconstructed
42,72,4799.922934208736,488.9922934208648,,0.2434388060142727,2,0.2434388060142727,2.0338656500879693,,reconstructed
42,73,5348.276906804202,543.8258883973169,,0.3843898471478833,0,0.3843898471478833,10.088594868275704,,reconstructed
42,74,4300.484789781348,439.01327244184387,,0.4566275379970344,2,0.4566275379970344,16.398239159307355,,reconstructed
42,75,4148.097616807264,423.8097616669045,,0.1456397243718159,5,0.22654562134551623,2.4988539846970537,,reconstructed
42,76,4217.845372007821,430.78364492650206,,0.41629140882092547,5,0.41629140882092547,6.913861450703342,,reconstructed
42,77,4174.552362497573,426.4200085628657,,0.44454604696535727,2,0.44454604696535727,15.91804444604657,,reconstructed
42,78,5947.405451691167,603.7405451691166,,0.10043777693008243,4,0.26025297350849985,1.8527742840159396,,reconstructed
42,79,4337.061740704283,442.58584272869984,,0.07881976401320911,2,0.5020225715920714,31.232680220025404,,reconstructed
42,80,4465.233844289044,455.51320108462966,,0.3178504825862428,6,0.3178504825862428,12.726075918830334,,reconstructed
42,81,3601.33497067037,369.13258170401025,,0.3760993128334018,4,0.3760993128334018,5.903282085690823,,reconstructed
42,82,5291.461395747111,538.146139574711,,0.18092961586715936,3,0.18092961586715936,1.2874601936124352,,reconstructed
42,83,3454.4515308638925,354.4442700156986,,0.3847526614130929,3,0.3847526614130929,5.662511819676713,,reconstructed
42,84,4028.2156828697644,411.7386898815471,,0.2885299554115118,4,0.3985199748354287,18.028685800613903,,reconstructed
42,85,4995.183388078717,508.5183388040531,,0.25496865946145997,0,0.25496865946145997,2.8221375069465635,,reconstructed
42,86,4068.5004256362763,415.8491508491508,,0.39951909660592705,5,0.39951909660592705,6.669056301034221,,reconstructed
42,87,3701.5458444546484,379.1537034394177,,0.41641136426873165,3,0.41641136426873165,6.067547021005085,,reconstructed
42,88,2986.2034411861637,307.54945054945057,,0.2764784586511816,4,0.35810770045920237,11.386734426610323,,reconstructed
42,89,4671.348656946031,476.1348651348651,,0.2809451318409263,4,0.2809451318409263,3.565914909120378,,reconstructed
42,90,3920.204081774466,401.0204081632653,,0.2896880269127926,2,0.2896880269127926,2.36156872270225,,reconstructed
42,91,4116.655899940601,420.66476380762094,,0.17872382819444094,4,0.253617733463792,7.221114459535576,,reconstructed
42,92,4614.965982238218,470.449407735122,,0.3658890962776225,1,0.3658890962776225,20.65474597800585,,reconstructed
42,93,4775.979734551164,486.59797345511635,,0.2244620416891659,4,0.2244620416891659,1.5607776910297915,,reconstructed
42,94,5181.243939771235,527.1225916940202,,0.40254119199997235,0,0.40254119199997235,9.773516205856826,,reconstructed
42,95,4245.570144141663,433.55701441415727,,0.23613803574972503,5,0.23613803574972503,1.7989704000596038,,reconstructed
42,96,4256.646511380439,434.6646210931925,,0.39053944144900954,3,0.39053944144900954,4.434000262944876,,reconstructed
42,97,3875.0017272224304,396.3784786641929,,0.16255741280662717,4,0.39915172181288183,27.905226403055796,,reconstructed
42,98,4085.974713006647,417.5974025974026,,0.30267914615409547,1,0.30267914615409547,4.86422666859781,,reconstructed
42,99,4366.644793672158,445.6644783787641,,0.11903296775997906,1,0.2085111547387389,3.5501174815182965,,reconstructed
42,100,4063.7414478560304,415.3723419437705,,0.2455505250976515,5,0.29854792121322754,7.665541973842405,,reconstructed
42,101,4293.181328222584,438.31811046096755,,0.3090928900631674,4,0.3090928900631674,4.472057307863126,,reconstructed
42,102,4240.208363203734,433.0208363065506,,0.30685980519033107,2,0.30685980519033107,2.5543423861111454,,reconstructed
42,103,3910.1750150547646,399.98187526758954,,0.458054588871283,5,0.458054588871283,14.909943456601868,,reconstructed
42,104,4563.760525190556,465.3760525189096,,0.22010138675800742,1,0.22010138675800742,2.194115637099673,,reconstructed
42,105,4972.087142416188,506.1735407449693,,0.5691668008738094,3,0.5691668008738094,18.959135555134285,,reconstructed
42,106,5217.591060505528,530.7590980448123,,0.28811196773682834,6,0.28811196773682834,5.165927479778852,,reconstructed
42,107,3735.2073231804197,382.4850863422292,,0.45578215858288684,5,0.45578215858288684,14.242771684869272,,reconstructed
42,108,3981.2060401830245,407.03767660910523,,0.4146437673104474,0,0.4146437673104474,17.81828940073827,,reconstructed
42,109,4204.397401994708,429.4388468674183,,0.46294024905181147,4,0.46294024905181147,6.891817636086302,,reconstructed
42,110,5898.204652490368,598.8204652490367,,0.11909795144209531,4,0.18483188082561414,1.3684929588144699,,reconstructed
42,111,4430.3125447365655,452.03125445982585,,0.2656849058254061,2,0.2656849058254061,2.6688629773349657,,reconstructed
42,112,4749.166547877836,483.91665477379763,,0.2918222480496629,5,0.2918222480496629,2.8609437020165207,,reconstructed
42,113,4912.648779795099,500.26487797916366,,0.30579128841186026,2,0.30579128841186026,2.4441038705179032,,reconstructed
42,114,4359.67858540296,444.9651776794634,,0.2844493054785945,3,0.3645537243113528,8.223775950731264,,reconstructed
42,115,5048.096189672402,513.8096189524761,,0.3278538194156279,4,0.3278538194156279,3.041021799387179,,reconstructed
42,116,4791.9623335525575,488.1489938632796,,0.4280109278729453,0,0.4280109278729453,21.446911010099655,,reconstructed
42,117,3809.397975864889,389.89253603539316,,0.20018438351580595,2,0.2958033566138461,17.04934507067781,,reconstructed
42,118,3610.1629160775333,370.0162694448409,,0.2885402117005581,2,0.2885402117005581,3.760580841365277,,reconstructed
42,119,4821.722563151192,491.1722563151135,,0.18231375835936342,4,0.22518887367425977,2.0174571393934624,,reconstructed
42,120,4616.76916593157,470.67689453403744,,0.3994410771671361,2,0.3994410771671361,4.809127476516172,,reconstructed
42,121,3467.5119389118877,355.74939346367916,,0.295976977539325,1,0.295976977539325,6.540858628334275,,reconstructed
42,122,3843.185633442289,393.31853860425286,,0.3345054032896571,3,0.3345054032896571,4.003312481708225,,reconstructed
42,123,4092.1093194304367,418.21093192521766,,0.2935024344838214,4,0.2935024344838214,2.4651260947289835,,reconstructed
42,124,4510.078723688407,459.96061081775366,,0.2803419877487131,2,0.3562598527194043,20.18531246755014,,reconstructed
42,125,4554.876579252882,464.48765520194087,,0.22616342176298573,0,0.22616342176298573,3.960761586086971,,reconstructed
42,126,5011.6269707669735,510.16269444840873,,0.23888515123730575,1,0.23888515123730575,4.357935773721257,,reconstructed
42,127,4140.706353643526,423.03539317825033,,0.4817902076584659,3,0.4817902076584659,15.788985752688207,,reconstructed
42,128,4063.0820817663976,415.2725845582989,,0.49958289067661404,5,0.49958289067661404,15.492995547622751,,reconstructed
42,129,4552.9842314032785,464.29827315541604,,0.09167840171858999,1,0.34848564768990936,5.76320943131066,,reconstructed
42,130,4563.674282480439,465.3673469387755,,0.15854877125958022,3,0.29480660943726406,5.776740996556185,,reconstructed
42,131,4304.382280225992,439.39103753389463,,0.37523101221402483,1,0.37523101221402483,19.26469727674544,,reconstructed
42,132,4150.828114097977,424.08191808191805,,0.3288747044658189,4,0.3288747044658189,6.804007249060537,,reconstructed
42,133,5377.862145745959,546.7862137862137,,0.15859313224119873,3,0.2147887221311652,4.372245355169513,,reconstructed
42,134,5060.00285428857,515.0002854288568,,0.07076234713392995,0,0.20228780347238223,1.6923086469192532,,reconstructed
42,135,4163.98195294282,425.39817325531607,,0.38596889191828443,3,0.38596889191828443,4.337474823169792,,reconstructed
42,136,4354.222371198857,444.42043670615107,,0.29151100322217915,1,0.29151100322217915,8.213483750910852,,reconstructed
42,137,4575.827030112748,466.58270301127436,,0.2248503365521952,2,0.2251541049197118,1.6884970590821857,,reconstructed
42,138,4985.917996140138,507.5834165834166,,0.17810861216516793,1,0.257838287620489,14.210044346298847,,reconstructed
42,139,3726.26012625488,381.5899814471243,,0.4851512806361401,2,0.4851512806361401,14.208655002178277,,reconstructed
42,140,4970.418966368104,506.0418153275296,,0.29091607363666616,6,0.29091607363666616,6.2916021687404715,,reconstructed
42,141,4172.156500659765,426.2156415013558,,0.04401733765319428,5,0.3557958629472885,4.130844611384319,,reconstructed
42,142,4658.772125870937,474.87541030398177,,0.28874513174018873,0,0.28874513174018873,8.787963933156183,,reconstructed
42,143,4739.920300511189,482.992007992008,,0.4264207017516136,2,0.4264207017516136,4.937409719744047,,reconstructed
42,144,4511.6255275014655,460.1153132581703,,0.3715666430950838,0,0.3715666430950838,20.192235344112934,,reconstructed
42,145,5420.184101612676,551.0184101612673,,0.17276087646950097,3,0.17419899127878843,2.007475593189868,,reconstructed
42,146,4854.583987581243,494.458398744113,,0.31616846810443044,4,0.31616846810443044,2.924448183731725,,reconstructed
42,147,4901.108891108893,499.11088911088905,,0.22182670815334615,3,0.22182670815334615,1.4372753346360385,,reconstructed
42,148,4279.206535014916,436.9206507777936,,0.2563502009186191,0,0.2563502009186191,3.7210485438882017,,reconstructed
42,149,4633.978576262411,472.39703153988864,,0.21825177139880345,4,0.2734444268630385,8.128561268069408,,reconstructed
42,150,4386.991585446917,447.6991579848723,,0.3738513467442948,2,0.3738513467442948,3.3488484481820042,,reconstructed
456,1,4584.5582148573585,467.45497359783076,,0.3069406745552389,6,0.3069406745552389,8.04187195154367,,reconstructed
456,2,4465.053145707531,455.4969316397888,,1.3013917259432005e-09,5,0.3274356684056143,12.725560921419907,,reconstructed
456,3,3898.1387760839884,398.77864992150705,,0.5050258465448949,2,0.5050258465448949,14.86404790415384,,reconstructed
456,4,3731.0841817498317,382.0732125017839,,0.4059273154723183,2,0.4059273154723183,14.22704967617223,,reconstructed
456,5,5398.163265306865,548.8163265306123,,0.13091867577486846,1,0.16272470183259766,2.558371215775883,,reconstructed
456,6,4523.702940775442,461.3693449407735,,0.48463414656599424,3,0.48463414656599424,7.415220952439095,,reconstructed
456,7,5946.018267446841,603.6018267446839,,0.0848545430365827,4,0.20375175364405057,1.453794197419765,,reconstructed
456,8,4414.326729264785,450.42428999571854,,0.11261713124758972,4,0.18677378483556525,12.580988823014303,,reconstructed
456,9,4444.5863618551375,453.41144569716,,0.6176150771168544,1,0.6176150771168544,19.89219479292976,,reconstructed
456,10,4929.636078207594,501.96360782075067,,0.2912210248012788,2,0.2912210248012788,2.088828846697642,,reconstructed
456,11,4497.7111102248955,458.7702297702298,,0.3007744132125204,2,0.3007744132125204,7.372615332880526,,reconstructed
456,12,4295.998293024297,438.5998287426859,,0.3757945897600014,4,0.3757945897600014,3.2793879214886483,,reconstructed
456,13,5390.580847723706,548.0580847723704,,0.02265784040491197,3,0.21774939568557655,1.250714813857008,,reconstructed
456,14,3822.2942403455013,391.22934208648496,,0.06350916605627993,2,0.24003607990305148,4.838295301632119,,reconstructed
456,15,5789.646068217498,587.9646068217496,,0.01879391267567736,2,0.17505734100860793,1.3433053522546394,,reconstructed
456,16,5215.995433138292,530.599543313829,,0.02349889921235998,3,0.1981098439762766,1.6249206956817106,,reconstructed
456,17,3434.312164252069,352.4201512772941,,0.08337119521252544,1,0.2679008805391279,9.787912314409397,,reconstructed
456,18,4736.225203371618,482.622520336806,,0.31615076420018556,5,0.31615076420018556,2.3563309469250986,,reconstructed
456,19,4763.248180391201,485.3248180391038,,0.018243224036254346,5,0.2086681575327652,2.04431252377238,,reconstructed
456,20,3983.349517801796,407.2877122877123,,0.50079100424038,0,0.50079100424038,17.827882751132545,,reconstructed
456,21,5692.273440844871,578.227344084487,,0.0679264895822453,4,0.1972608268831783,1.3207130953236355,,reconstructed
456,22,4293.0311948663175,438.2179249322106,,0.12464747867076352,0,0.2640429514813233,30.91560104516288,,reconstructed
456,23,3786.1730859241597,387.61723990295417,,0.25505935877105385,1,0.25505935877105385,4.5073220932705285,,reconstructed
456,24,4721.065003915053,481.1056086770372,,0.4374415800836815,5,0.4374415800836815,7.738735410609637,,reconstructed
456,25,3632.8584103351227,372.28314542600253,,0.3777997322863514,0,0.3777997322863514,6.852756009893882,,reconstructed
456,26,4074.0941047450797,416.4010275438847,,0.2730729350789572,6,0.2730729350789572,11.611313692732281,,reconstructed
456,27,5386.046810332527,547.6046810332524,,0.17406131456532964,3,0.22256911765978996,1.4837594518822383,,reconstructed
456,28,3836.735284843619,392.6726131011845,,0.3827782081528966,4,0.3827782081528966,6.289148568243059,,reconstructed
456,29,5275.52304852031,536.5523048380192,,0.30528695590767163,4,0.30528695590767163,3.178025931150271,,reconstructed
456,30,4625.8402447862945,471.5831311545596,,0.45310975372248596,4,0.45310975372248596,7.582643678166769,,reconstructed
456,31,5133.673469387756,522.3673469387754,,0.1497316836230844,3,0.245511818941813,1.3653386886669558,,reconstructed
456,32,4449.911069033507,453.9559012416156,,0.5984394826050752,2,0.5984394826050752,16.96801861061125,,reconstructed
456,33,4123.5088177539055,421.3490794919366,,0.5662644198065611,0,0.5662644198065611,7.778282729743605,,reconstructed
456,34,4679.430097439828,476.89581846724707,,0.40722572137125906,1,0.40722572137125906,20.94326163105957,,reconstructed
456,35,4480.7651699274875,457.0764949336377,,0.5501712827244182,2,0.5501712827244182,4.667456855657385,,reconstructed
456,36,5021.685677789399,511.1685457399743,,0.16663913941468736,1,0.1935130416171303,5.230914889506236,,reconstructed
456,37,3658.3782843601625,374.79063793349513,,0.48436434995521976,1,0.48436434995521976,16.37344120102586,,reconstructed
456,38,5184.437678474378,527.443699157985,,0.24365320191477666,1,0.24365320191477666,6.171912894380501,,reconstructed
456,39,3779.619609952237,386.926787498216,,0.48506574421178456,3,0.48506574421178456,14.412120801468062,,reconstructed
456,40,4475.5275796595915,456.55273298130436,,0.3397701200109006,4,0.3397701200109006,4.662001040483878,,reconstructed
456,41,4913.091194519822,500.3091194519766,,0.20833647435838953,1,0.20833647435838953,2.05568669226736,,reconstructed
456,42,5255.080633652064,534.5080633652062,,0.17203497328472325,5,0.18462916588986958,1.745873964668459,,reconstructed
456,43,4352.625331469757,444.2624518338804,,0.11760207672534966,2,0.2896394876907384,5.509593287907499,,reconstructed
456,44,4530.937103888946,462.09190809190807,,0.31674193762107217,0,0.31674193762107217,8.546825381576575,,reconstructed
456,45,4233.29550014025,432.3295276152419,,0.377610659499571,5,0.377610659499571,4.409676328668866,,reconstructed
456,46,4111.79482642108,420.1437134294277,,0.4247881312919434,4,0.4247881312919434,15.678742800781707,,reconstructed
456,47,5079.016697588128,516.9016697588125,,0.20421126885342528,2,0.232743878560823,1.6873809626538625,,reconstructed
456,48,4969.12764263567,505.90438133295277,,0.1716011114303247,1,0.1788542416044116,14.16219123919335,,reconstructed
456,49,4549.035934994248,463.81846724703865,,0.11682062888833734,5,0.33938662085093835,32.75917963851903,,reconstructed
456,50,4931.0732125052455,502.10732125017836,,0.3008933960106749,2,0.3008933960106749,2.453270254950711,,reconstructed
456,51,4583.382412011165,467.338233195376,,0.14007368361858064,4,0.19259010480122765,4.537998643046101,,reconstructed
456,52,5477.179962894254,556.7179962894248,,0.23006980537276475,1,0.23006980537276475,2.028585171442304,,reconstructed
456,53,4616.290878211568,470.62908520051377,,0.2744547685450382,1,0.2744547685450382,4.014165315456939,,reconstructed
456,54,4839.670329673834,492.967032967033,,0.2518258252720546,5,0.2518258252720546,2.4077961838908086,,reconstructed
456,55,5124.894797295547,521.4886542029399,,0.17618121943128792,5,0.20365161769841422,8.989687946685924,,reconstructed
456,56,4505.434919713541,459.542600256886,,0.46820308602585325,5,0.46820308602585325,7.385276145206774,,reconstructed
456,57,5392.9256457827905,548.2925645782789,,0.14764512529322854,1,0.18441719909555604,1.8036540621347115,,reconstructed
456,58,4460.000000138307,455.0,,0.31056916599301104,2,0.31056916599301104,2.6867469866035942,,reconstructed
456,59,5347.155701441419,543.7155701441416,,0.2070252579423773,3,0.2070252579423773,1.9731201850337234,,reconstructed
456,60,4347.437536473237,443.74368488654204,,0.32728714588360447,0,0.32728714588360447,5.175490082613706,,reconstructed
456,61,4818.151848291708,490.8151848151848,,0.29000551356829474,5,0.29000551356829474,2.9025011118822532,,reconstructed
456,62,4460.011648651001,455.0011417154274,,0.323480337073094,4,0.323480337073094,4.645838636115089,,reconstructed
456,63,4196.700355406331,428.6691879549022,,0.1553519243409622,2,0.3645125994363912,7.3615221566611915,,reconstructed
456,64,5105.7222998394445,519.5704295704296,,0.380051232778485,1,0.380051232778485,9.631057757587195,,reconstructed
456,65,4681.198811367993,477.0726416440702,,0.2674553619106628,0,0.2674553619106628,20.95117768873683,,reconstructed
456,66,4112.142835986984,420.2142143570715,,0.19581391013256225,2,0.30947678200191475,4.8953790105990755,,reconstructed
456,67,5314.534047552843,540.4061652633081,,0.34327273732491587,0,0.34327273732491587,23.78573345202202,,reconstructed
456,68,5402.438375392153,549.2437562437561,,0.19057904911738335,3,0.2164855864253877,6.838456321105781,,reconstructed
456,69,4135.262859961548,422.4910803482232,,0.5282247944292597,2,0.5282247944292597,15.768229090213465,,reconstructed
456,70,4733.961752537432,482.396175253318,,0.27160960652016564,4,0.27160960652016564,2.35520485198273,,reconstructed
456,71,4062.9494273645696,415.24775224775226,,0.3926710793838914,1,0.3926710793838914,18.184140179295415,,reconstructed
456,72,4718.538824642546,480.853860425289,,0.40674306562598117,3,0.40674306562598117,4.915137381796735,,reconstructed
456,73,3799.020142641254,388.9010989010989,,0.44364747464005655,4,0.44364747464005655,6.227326181507104,,reconstructed
456,74,3562.3668514873298,365.2349079491936,,0.2818865603079976,2,0.2818865603079976,5.839405828203039,,reconstructed
456,75,4279.675488359765,436.9319252176395,,0.5059930882266209,5,0.5059930882266209,16.31889091878804,,reconstructed
456,76,3334.5236310260393,342.4171542742971,,0.4442257500243486,2,0.4442257500243486,12.71491905141864,,reconstructed
456,77,4688.0942323358995,477.80762095047805,,0.3982721244942866,0,0.3982721244942866,8.843274990897621,,reconstructed
456,78,4158.554552495459,424.8545739974311,,0.3339187216446592,2,0.3339187216446592,6.8166723706750245,,reconstructed
456,79,4748.833283583268,483.8832595975453,,0.3228262455370393,0,0.3228262455370393,5.653339319306028,,reconstructed
456,80,4061.469478738257,415.09975738547166,,0.2796409928985772,1,0.2796409928985772,18.177516519867666,,reconstructed
456,81,4507.901357652344,459.79006707578134,,0.20544376558739022,1,0.20544376558739022,5.366517304549245,,reconstructed
456,82,4938.862566005427,502.8862566005423,,0.16803326734629367,3,0.20339156723102098,1.8292083577797766,,reconstructed
456,83,4566.397887826464,465.63978878264595,,0.22329495857988432,5,0.22329495857988432,1.685017670784664,,reconstructed
456,84,4515.780996961388,460.5771371485657,,0.42845538993791416,2,0.42845538993791416,7.402235359767984,,reconstructed
456,85,4647.9177966274465,473.7917796489225,,0.13381508415683735,4,0.2713960919414642,2.7999504784042055,,reconstructed
456,86,4432.648411728226,452.2296275153418,,0.4702190161327709,2,0.4702190161327709,16.9021941287552,,reconstructed
456,87,5530.627943485095,562.0627943485086,,0.1629150035473404,5,0.2025517564445663,2.168873703327424,,reconstructed
456,88,4596.995861281666,468.69958612815753,,0.23727322612610144,3,0.23727322612610144,1.9478796022375362,,reconstructed
456,89,5343.419437705153,543.3419437705153,,0.09774942892287879,1,0.19333236848351593,1.6646166472601718,,reconstructed
456,90,4039.9252452733663,412.99072356215214,,0.2953897459906347,1,0.2953897459906347,7.620616846863358,,reconstructed
456,91,5087.589553303928,517.7589553303839,,0.2860066566931941,4,0.2860066566931941,2.155758285297768,,reconstructed
456,92,5794.368488654204,588.4368488654202,,0.07973021133926138,3,0.18266258632209154,1.344401041451091,,reconstructed
456,93,5292.6601969459125,538.2660196945911,,0.0827403438622837,2,0.20692159821103087,1.6488037996716234,,reconstructed
456,94,5447.3126873126885,553.7312687312688,,0.2032140243281567,4,0.2032140243281567,1.3253802158911645,,reconstructed
456,95,4246.004001639521,433.60039960039956,,0.2957548784158142,4,0.2957548784158142,3.2412243413082664,,reconstructed
456,96,3918.9427357409545,400.89339232196374,,0.3983023414382542,2,0.3983023414382542,6.4239024237285465,,reconstructed
456,97,4915.2005137734,500.52005137719414,,0.25833131582652524,0,0.25833131582652524,2.363077170071334,,reconstructed
456,98,4209.006800677909,429.86499215070637,,0.5077446229923497,4,0.5077446229923497,16.049423149843694,,reconstructed
456,99,5238.20045111492,532.8200371057513,,0.30197706266385077,6,0.30197706266385077,5.186332800175932,,reconstructed
456,100,4234.975904295249,432.4957899243614,,0.3797469712096443,1,0.3797469712096443,7.98854601581841,,reconstructed
456,101,4712.644718824896,480.2644498358784,,0.38096642668299224,3,0.38096642668299224,4.90899769726446,,reconstructed
456,102,3708.3078769274343,379.82988440131294,,0.31717070465328917,2,0.31717070465328917,6.078631295443468,,reconstructed
456,103,4040.5091238901578,413.04252889967177,,0.3069062325921776,6,0.3069062325921776,11.515595297907598,,reconstructed
456,104,5248.478664196452,533.847866419295,,0.25243085973426627,5,0.25243085973426627,2.6111834149943483,,reconstructed
456,105,4788.652775795711,487.8652775795632,,0.1065296356841517,0,0.19595734698808248,2.0552157836026383,,reconstructed
456,106,4944.758125250243,503.4758099043813,,0.30345264664370497,1,0.30345264664370497,4.299788961174232,,reconstructed
456,107,4731.744063415084,482.1387184244327,,0.5202001569333642,4,0.5202001569333642,18.04267997340328,,reconstructed
456,108,4445.34917838498,453.5340373911802,,0.49099162106171634,3,0.49099162106171634,7.286784035120076,,reconstructed
456,109,5368.598544320361,545.859854431283,,0.12005333175204341,5,0.2042366401465685,2.8405283302104185,,reconstructed
456,110,4083.7120022869412,417.371200228343,,0.25518399361216343,4,0.25518399361216343,2.031697513553213,,reconstructed
456,111,4866.469940532309,495.64692450406733,,0.3158803816126559,0,0.3158803816126559,5.7933821252770805,,reconstructed
456,112,4515.3946053946065,460.5394605394605,,0.22076817671365712,3,0.22076817671365712,1.47561915208974,,reconstructed
456,113,4266.729664245091,435.58784073069785,,0.1790745244086874,5,0.20098294525790011,30.726194634947337,,reconstructed
456,114,4626.042770507145,471.6033966033965,,0.5043178105415986,3,0.5043178105415986,7.582975656855096,,reconstructed
456,115,4960.546690136944,505.018981018981,,0.4802984121824362,4,0.4802984121824362,18.915130493906933,,reconstructed
456,116,5025.067789353506,511.5067789353503,,0.10638859587888629,1,0.21085248140791266,1.473626917698975,,reconstructed
456,117,5026.802716928635,511.6330812045097,,0.40968396367889687,1,0.40968396367889687,22.497962845081528,,reconstructed
456,118,4877.257121785293,496.69002426145283,,0.482880390989788,4,0.482880390989788,18.597537867012583,,reconstructed
456,119,4339.139437658173,442.91394319965747,,0.3892657659596927,2,0.3892657659596927,3.312320092076624,,reconstructed
456,120,4514.838019123735,460.48380191237334,,0.16258741834891646,4,0.2028601423356606,1.4754372611515467,,reconstructed
456,121,4487.225259444576,457.71414299985724,,0.16778475158367182,5,0.23249433383984833,12.788752237381882,,reconstructed
456,122,4837.715142004365,492.7715142000857,,0.24919288107593587,4,0.24919288107593587,2.4068234537070032,,reconstructed
456,123,3023.650398844151,311.2937062937063,,0.28920959458542855,4,0.2947644599247032,11.529523948601714,,reconstructed
456,124,4704.208649495287,479.42086484943627,,0.2900757711703813,0,0.2900757711703813,3.222060702777313,,reconstructed
456,125,3838.007185489127,392.76494933637787,,0.5299236359323601,4,0.5299236359323601,14.63475928861284,,reconstructed
456,126,4882.667332668845,497.26673326673324,,0.23639913739580407,1,0.23639913739580407,2.3474362176173007,,reconstructed
456,127,3738.908049492302,382.8198943913229,,0.3622614365781881,5,0.3889517825337974,14.256882976524013,,reconstructed
456,128,5087.404025546712,517.7404024546881,,0.3151774015436163,1,0.3151774015436163,3.484523287806091,,reconstructed
456,129,4820.543434410938,491.05351791066084,,0.09310325454214564,0,0.22812975551658166,8.455818689520875,,reconstructed
456,130,3905.8244050625594,399.5824175824176,,0.31793070639591986,4,0.31793070639591986,4.068561106204589,,reconstructed
456,131,5286.082116733001,537.5998287426859,,0.36544588253700677,6,0.36544588253700677,15.065522809461381,,reconstructed
456,132,5077.616669046698,516.761666904524,,0.2687472612605884,0,0.2687472612605884,2.4411618601061758,,reconstructed
456,133,4876.637648066224,496.66376480662194,,0.23029870738219044,3,0.23029870738219044,1.799497287109298,,reconstructed
456,134,4189.958610809247,427.9606108177536,,0.44083542620347355,3,0.44083542620347355,15.976790228606436,,reconstructed
456,135,5292.670186955902,538.2670186955902,,0.1378709649917773,5,0.23369870220937827,1.5430525326402043,,reconstructed
456,136,3891.714911506148,398.1714000285429,,0.25922849451696156,4,0.3400663715446268,4.632966376142421,,reconstructed
456,137,4687.503924646858,477.75039246467816,,0.13962314790888758,2,0.21481457222175038,2.0118042595044323,,reconstructed
456,138,4156.406674308626,424.6406450692165,,0.3831289163304207,4,0.3831289163304207,4.329583919528606,,reconstructed
456,139,4266.189556554677,435.61895247609533,,0.29705429681375256,1,0.29705429681375256,3.70972943406049,,reconstructed
456,140,4608.370450882781,469.8361638361638,,0.4961389249068698,2,0.4961389249068698,7.554007319085702,,reconstructed
456,141,4084.5428469183303,417.45426002568865,,0.13887264401370447,0,0.2696318075530792,4.254725876068131,,reconstructed
456,142,3676.1542060302863,376.614528328814,,0.40845086589774315,5,0.40845086589774315,6.0259252320136065,,reconstructed
456,143,3994.5856349751584,408.45854145854145,,0.39295002048936156,3,0.39295002048936156,4.16102058474469,,reconstructed
456,144,4865.811332526579,495.5811331525617,,0.29763658648659513,0,0.29763658648659513,3.332747471425291,,reconstructed
456,145,4500.005734787024,459.0005708577137,,0.24585158254474465,1,0.24585158254474465,3.9130478162020865,,reconstructed
456,146,4813.502217660937,490.35022120736403,,0.3734508785367221,5,0.3734508785367221,3.6744290746781316,,reconstructed
456,147,5029.596118167549,511.95961181675466,,0.22632979355983282,1,0.22632979355983282,1.8628133770990811,,reconstructed
456,148,3889.296647069508,397.92964178678466,,0.3162191944474454,4,0.3162191944474454,4.05134471694343,,reconstructed
456,149,4127.411817740951,421.7060082774368,,0.5035160360877402,3,0.5035160360877402,15.738292170476162,,reconstructed
456,150,5415.089196517771,550.5089196517768,,0.2975374955613768,4,0.2975374955613768,1.9981878953940007,,reconstructed
789,1,3523.727156599624,361.3370914799486,,0.5262869265336934,5,0.5262869265336934,13.436373681257598,,reconstructed
789,2,4580.615099186531,467.06150991865275,,0.18693175461797276,3,0.22955586155647448,1.6902638742385632,,reconstructed
789,3,3254.5414894257447,334.418438704153,,0.5375272720086989,4,0.5375272720086989,12.409938020081961,,reconstructed
789,4,3385.785273191922,347.577565291851,,0.15669701844877454,1,0.346693967132796,5.549954589619627,,reconstructed
789,5,4530.525105109961,462.0516626230912,,0.11397741714046293,4,0.41002188163098635,7.947091314158788,,reconstructed
789,6,4705.7530422228665,479.5752818609961,,0.37318825936758054,4,0.37318825936758054,4.901818878026397,,reconstructed
789,7,4569.783079585646,465.97830740687886,,0.2743159886563376,3,0.2743159886563376,3.4883839361273252,,reconstructed
789,8,4089.5140307005545,417.9513343799058,,0.34558019610818574,1,0.34558019610818574,4.868440116972941,,reconstructed
789,9,3861.423841842458,395.10717853574994,,0.6206653189678519,2,0.6206653189678519,14.724049670968256,,reconstructed
789,10,4122.631747161367,421.2274867989153,,0.7551679230773055,4,0.7551679230773055,15.720065215982881,,reconstructed
789,11,4927.202027531072,501.6850292564578,,0.7827818353124352,3,0.7827818353124352,18.78798349099304,,reconstructed
789,12,4273.176375018024,436.28243185386043,,0.47675651900690613,2,0.47675651900690613,16.294109058111648,,reconstructed
789,13,4419.274638500408,450.9190809190809,,0.40879516010917305,6,0.40879516010917305,12.595090541035757,,reconstructed
789,14,4707.448297823504,479.7448266019694,,0.27747063402947353,4,0.3843920690750088,4.093432623715154,,reconstructed
789,15,4527.499866423928,461.74996432139284,,0.3538134293882995,5,0.3538134293882995,4.716138759592759,,reconstructed
789,16,4467.582417620567,455.7582417582418,,0.2426868073616082,1,0.2426868073616082,2.524057862666667,,reconstructed
789,17,5461.100328246694,555.1100328243185,,0.2589081464712702,4,0.2589081464712702,2.7169653374062386,,reconstructed
789,18,4698.240411292969,478.8240331097474,,0.1581346087950032,3,0.29958159600510814,4.6517193405637025,,reconstructed
789,19,4838.35772730369,492.8348794063079,,0.5784428840687418,4,0.5784428840687418,7.931000789531926,,reconstructed
789,20,4902.0514939443365,499.205080633652,,0.44238770312197134,0,0.44238770312197134,5.835740865399964,,reconstructed
789,21,5441.768231768234,553.1768231768232,,0.04511129675502549,4,0.20401525009522165,1.9645372677863602,,reconstructed
789,22,5032.771514203594,512.2771514200085,,0.2548989152038545,4,0.2548989152038545,2.503866424949332,,reconstructed
789,23,4391.7731706736995,448.142143570715,,0.60132290286715,3,0.60132290286715,16.74633217102914,,reconstructed
789,24,4608.027906988771,469.80276865991146,,0.21613999769575354,5,0.21802862597598838,4.80002201183941,,reconstructed
789,25,4085.9597601193054,417.5959754531183,,0.2829509324917365,5,0.2829509324917365,3.119053167870549,,reconstructed
789,26,4444.754630570508,453.47538176109606,,0.1313207767913677,5,0.2308516415126672,5.626211404398064,,reconstructed
789,27,4973.414607531753,506.3396603396603,,0.5092923401792665,1,0.5092923401792665,9.38148229077645,,reconstructed
789,28,5047.537427908456,513.6686170971884,,0.5691080046263441,6,0.5691080046263441,36.34906114084379,,reconstructed
789,29,4578.958873280122,466.895818467247,,0.378953287867682,0,0.378953287867682,5.451109081737854,,reconstructed
789,30,4808.260531708564,489.82603111174535,,0.4416916098728003,2,0.4416916098728003,5.008597355900521,,reconstructed
789,31,4028.624233050148,411.8624232909947,,0.29901906175512255,4,0.29901906175512255,2.4268820668094278,,reconstructed
789,32,5321.234479806651,541.1234479805908,,0.03939566212956114,5,0.19328432037565232,2.5219120757285216,,reconstructed
789,33,4031.371486664037,412.13714856571994,,0.19401133330511927,5,0.22256554376084237,2.761213333271425,,reconstructed
789,34,4373.165627413071,446.3165406022549,,0.41717148158500894,3,0.41717148158500894,4.55537416367765,,reconstructed
789,35,4609.900341507571,469.9891537034394,,0.2995460831400312,3,0.2995460831400312,7.556515104668532,,reconstructed
789,36,4093.148985442243,418.2297702297702,,0.15437649484744967,1,0.24651513462121574,29.476180187944344,,reconstructed
789,37,5145.490229659033,523.5490224061652,,0.4188955989614361,4,0.4188955989614361,3.9278550311999036,,reconstructed
789,38,4568.141858281718,465.8141858141858,,0.23902052138202284,5,0.23902052138202284,2.7518926842456377,,reconstructed
789,39,4530.2184461766365,461.9861567004424,,0.6220157337462722,4,0.6220157337462722,17.274239802179906,,reconstructed
789,40,4318.091460071042,440.77394034536894,,0.7068458122016396,2,0.7068458122016396,16.465375401922493,,reconstructed
789,41,4913.425226339693,500.3425146282289,,0.13240773403067005,4,0.26275761341849807,4.864773437059585,,reconstructed
789,42,5789.272156415014,587.9272156415013,,0.04461249273189456,1,0.17249051936335294,1.9362114235501708,,reconstructed
789,43,5431.25445982589,552.1254459825889,,0.19133200731484706,4,0.19133200731484706,1.321473104580508,,reconstructed
789,44,4980.504836870008,507.04210075638645,,0.22593312252407405,6,0.22593312252407405,14.194616649064022,,reconstructed
789,45,4533.6478070243365,462.3647780790638,,0.2723571205233276,0,0.2723571205233276,3.942301787209961,,reconstructed
789,46,5226.733266809723,531.6733266733266,,0.1154352304093866,3,0.1990863234424096,3.1297803977954213,,reconstructed
789,47,3914.803861761463,400.4446981589839,,0.6499373576505251,4,0.6499373576505251,14.927593777214227,,reconstructed
789,48,4258.6570573683475,434.86570572284853,,0.2366433670386902,5,0.2366433670386902,2.565456057288726,,reconstructed
789,49,4827.553394822171,491.70814899386335,,0.5706519836111992,1,0.5706519836111992,21.606202396523912,,reconstructed
789,50,3793.5632541502227,388.35450264021694,,0.27909995993982883,4,0.3363743419262718,7.15589776767337,,reconstructed
789,51,5199.560439560441,528.9560439560439,,0.20869886156828157,0,0.20869886156828157,1.7274287174619398,,reconstructed
789,52,5563.378050520909,565.3378050520907,,0.18883041606347614,1,0.18883041606347614,1.5326110332013518,,reconstructed
789,53,4615.291111469668,470.52904238618527,,0.3255260117011678,0,0.3255260117011678,5.494361488897611,,reconstructed
789,54,4079.7802252970037,416.97802197802196,,0.25641720769154597,3,0.25641720769154597,3.1143359658433556,,reconstructed
789,55,4966.360782078576,505.6360782075068,,0.2814046674473538,4,0.2814046674473538,2.4708262597133688,,reconstructed
789,56,5139.510489513948,522.951048951049,,0.29710703291928925,3,0.29710703291928925,2.556970392764844,,reconstructed
789,57,4638.4958000860315,472.80234051662626,,0.5461296658852407,0,0.5461296658852407,20.760056052321854,,reconstructed
789,58,4821.767054279384,491.1758241758241,,0.4440009165924157,2,0.4440009165924157,7.9038054790008125,,reconstructed
789,59,4336.173085925538,442.61723990295417,,0.3313613731117478,1,0.3313613731117478,5.16208010222719,,reconstructed
789,60,4972.59740267736,506.2597402597403,,0.08888127759282524,5,0.3001457373279939,2.977603233716842,,reconstructed
789,61,4907.45562213078,499.74554017411157,,0.44380110206804246,3,0.44380110206804246,5.111925423156993,,reconstructed
789,62,3353.6527554221425,344.36520622234906,,0.2482150934555279,5,0.27481756994759216,3.9924200015758586,,reconstructed
789,63,3877.3250336823235,396.73155416012554,,0.3898887438869581,3,0.3898887438869581,6.35568298926572,,reconstructed
789,64,4709.277891974959,479.927786499215,,0.24536558036619563,1,0.24536558036619563,4.095023574887404,,reconstructed
789,65,5024.7466818895955,511.47466818895396,,0.20215878150529476,4,0.2181053029303047,2.1024044694095165,,reconstructed
789,66,4654.765234841691,474.4765234765234,,0.1146559573083233,2,0.22138288011274782,2.7872845704329072,,reconstructed
789,67,4723.37091479949,481.3370914799486,,0.24885994522229246,4,0.24885994522229246,1.742941296973972,,reconstructed
789,68,4577.426089260161,466.7074354217212,,0.5268507035745668,3,0.5268507035745668,17.45424793132625,,reconstructed
789,69,5377.162837162838,546.7162837162837,,0.20638481586481838,0,0.20638481586481838,1.4813120763533985,,reconstructed
789,70,4766.669045240477,485.66690452404737,,0.23244599256929188,5,0.23244599256929188,1.7589184668783955,,reconstructed
789,71,5011.256941907826,510.1173112601683,,0.20344807018401426,6,0.20344807018401426,14.282261246642188,,reconstructed
789,72,4360.827194982532,445.08091908091916,,0.3716471837812386,1,0.3716471837812386,8.225942603077813,,reconstructed
789,73,4693.956043959554,478.3956043956044,,0.2852093924406858,4,0.2852093924406858,2.335301514382015,,reconstructed
789,74,5001.0546651428585,509.10546596260883,,0.3737978543366491,3,0.3737978543366491,3.81759887805458,,reconstructed
789,75,4201.989444719595,429.1989439132296,,0.32212686165502086,5,0.32212686165502086,3.2076254438023577,,reconstructed
789,76,3909.061294340781,399.90523761952335,,0.295014972818247,5,0.295014972818247,6.407704836868808,,reconstructed
789,77,5513.971742543172,560.3971742543171,,0.24112113002290206,3,0.24112113002290206,1.4664818464210558,,reconstructed
789,78,5455.4631083584445,554.5463108320251,,0.27434061742010085,0,0.27434061742010085,3.0821825466118464,,reconstructed
789,79,4874.626061519904,496.4625374625375,,0.2993267770624968,1,0.2993267770624968,5.803091735347325,,reconstructed
789,80,3541.662875000439,363.11816754673896,,0.2069994785438687,3,0.3507631137094569,15.851069607969201,,reconstructed
789,81,5031.116026830425,512.1116026830312,,0.20113916398752082,0,0.201767651592913,2.1050694672927084,,reconstructed
789,82,5261.982303487387,535.1982303410874,,0.11111086878708935,1,0.19071284337409192,3.150887605376776,,reconstructed
789,83,4861.029649972104,495.01783930355356,,0.1708521843344883,2,0.19098300375128727,35.00595418615984,,reconstructed
789,84,4344.565434568943,443.4565434565434,,0.2902563248739696,4,0.2902563248739696,2.1614753405577547,,reconstructed
789,85,3074.9302636260895,316.4569715998287,,0.36014876129636525,3,0.36014876129636525,11.725059923696728,,reconstructed
789,86,4964.15021563611,505.4150135578707,,0.2744522095148616,6,0.2744522095148616,4.914996157291796,,reconstructed
789,87,4977.476809043606,506.74768089053805,,0.3684111538119115,2,0.3684111538119115,2.9984800038503305,,reconstructed
789,88,3189.677564082186,327.932067932068,,0.4271001456340152,4,0.4271001456340152,12.162604472217184,,reconstructed
789,89,5824.369915798488,591.4369915798487,,0.20671495902301978,1,0.20671495902301978,1.370439980187879,,reconstructed
789,90,4182.997821677104,427.2997002997003,,0.09773430682928645,5,0.2890948738235337,5.294877221573694,,reconstructed
789,91,3589.4240456915236,367.9406307977737,,0.29609281084892236,3,0.31565178670588506,5.883757784112584,,reconstructed
789,92,4178.423015727614,426.79506208077635,,0.38029849835452917,0,0.38029849835452917,18.70095387716167,,reconstructed
789,93,4643.306701193972,473.33066933066925,,0.09545543437080174,3,0.260428861832258,3.7750458466069112,,reconstructed
789,94,4075.023620766533,416.50064221492795,,0.09962913696289324,5,0.43899556851021504,7.148086385187264,,reconstructed
789,95,3833.5514139261204,392.27001569858714,,0.33940972154290583,6,0.33940972154290583,27.60672837429744,,reconstructed
789,96,4782.1150278342775,487.21150278293135,,0.269653574200882,4,0.269653574200882,2.3791617053639813,,reconstructed
789,97,4678.815471383983,476.8815470244042,,0.23419015588222955,4,0.2352472350945115,3.2046681151165095,,reconstructed
789,98,5478.74554017412,556.8745540174111,,0.11201738344622608,4,0.20535164944662931,2.1485276628133168,,reconstructed
789,99,4760.935458452848,485.0084201512773,,0.16358079210426904,4,0.24019810411432987,34.28514132655428,,reconstructed
789,100,3982.974389283151,407.29741686884546,,0.38178762339432515,2,0.38178762339432515,4.148925554933351,,reconstructed
789,101,4386.715401465389,447.67147138575706,,0.32853401819387934,0,0.32853401819387934,5.222249167483279,,reconstructed
789,102,4706.898507875598,479.68902526045383,,0.1488642996073926,3,0.2571574703541726,8.256471685009508,,reconstructed
789,103,3973.7736166925615,406.3764806621949,,0.369422295541381,3,0.369422295541381,6.513780804912293,,reconstructed
789,104,4139.6876970127205,422.96788925360346,,0.2682941273203917,3,0.2682941273203917,6.785745958416341,,reconstructed
789,105,4975.926935807468,506.5926930212645,,0.34493966971203865,5,0.34493966971203865,3.7984174057968465,,reconstructed
789,106,4157.155707042351,424.71557014414157,,0.22506994688416,4,0.22506994688416,3.1734012174909365,,reconstructed
789,107,4698.547177283717,478.8074782360497,,0.3363978102710813,0,0.3363978102710813,21.028822051122575,,reconstructed
789,108,3742.5786195060887,383.2097902097902,,0.2027026251404684,2,0.32124014890858593,16.750288298143268,,reconstructed
789,109,4811.796026452768,490.0944769516198,,0.3522187129616268,6,0.3522187129616268,34.65140585104602,,reconstructed
789,110,4166.988751766587,425.69887255601543,,0.30047031877545083,1,0.30047031877545083,3.623467878982739,,reconstructed
789,111,5190.777793635024,528.0777793634936,,0.24745245715840608,2,0.24745245715840608,2.199482115946527,,reconstructed
789,112,5297.929901251315,538.7929213643499,,0.35798660896700246,0,0.35798660896700246,6.3070218795028765,,reconstructed
789,113,4131.029899530971,422.1020408163265,,0.42357356425412657,3,0.42357356425412657,6.771554159766177,,reconstructed
789,114,5046.322249317485,513.6322249179392,,0.20555962138024372,3,0.20555962138024372,3.0399531606197265,,reconstructed
789,115,4225.801351677292,431.5328956757528,,0.37378615285570255,0,0.37378615285570255,18.913000400942675,,reconstructed
789,116,3756.8171691617576,384.6790352504638,,0.14948186717911835,2,0.3570367090025055,7.086582664715215,,reconstructed
789,117,4479.788808888554,456.97887826459254,,0.27258871466393747,0,0.27258871466393747,3.895467883553162,,reconstructed
789,118,4334.7440508491545,442.474382760097,,0.4063092697232365,5,0.4063092697232365,4.5153517469391,,reconstructed
789,119,4395.220503953585,448.4748109033823,,0.3385514127626556,0,0.3385514127626556,19.671252914080114,,reconstructed
789,120,4592.447578661511,468.24475524475525,,0.206225260970866,2,0.21069451168780384,3.9934320149381963,,reconstructed
789,121,4900.684289720045,499.06836021121734,,0.2953083939469687,0,0.2953083939469687,5.834113251007724,,reconstructed
789,122,4866.136721422265,495.6136720422435,,0.17322196854745386,3,0.20162287170772833,3.332970340530815,,reconstructed
789,123,3450.297095454862,354.02968460111316,,0.3310803365324538,5,0.3310803365324538,3.594054189743707,,reconstructed
789,124,4896.11785994718,498.61096046810337,,0.2655498576051675,6,0.2655498576051675,8.588385411218145,,reconstructed
789,125,4358.990239459143,444.863850435279,,0.536215261140579,3,0.536215261140579,16.621327114000035,,reconstructed
789,126,4283.110644635192,437.30926216640506,,0.39260178265120255,0,0.39260178265120255,8.079343837778886,,reconstructed
789,127,5203.890087719406,529.3881832453261,,0.0649734280726394,3,0.30856705234553705,9.128255280896001,,reconstructed
789,128,4312.8685863559385,440.28685600114176,,0.25878033791055083,3,0.26973224385455713,3.7503198880268562,,reconstructed
789,129,4664.579706008476,475.45797060082776,,0.2075420853868933,3,0.2075420853868933,1.976516824579398,,reconstructed
789,130,3593.658749824187,368.33066933066925,,0.4499184526047079,2,0.4499184526047079,13.703030824938853,,reconstructed
789,131,4961.066076780373,505.10660767803626,,0.14617595066413092,4,0.24521186548589416,1.945516108541265,,reconstructed
789,132,5363.991414963591,545.3983159697444,,0.14933852336653633,3,0.17324684037429613,9.409092454867839,,reconstructed
789,133,4458.463185996936,454.8462965605823,,0.3877221674879029,3,0.3877221674879029,4.644225656555492,,reconstructed
789,134,5066.4863970057295,515.6486370772085,,0.29231624626878355,0,0.29231624626878355,4.405639614714656,,reconstructed
789,135,3517.400902873991,360.73911802483235,,0.35611045864108837,2,0.35611045864108837,5.765697972344852,,reconstructed
789,136,5285.386042532357,537.53860425289,,0.23524171641712976,3,0.23524171641712976,2.629545294763253,,reconstructed
789,137,3914.9125849090397,400.49036677608103,,0.446529271571206,5,0.446529271571206,6.417296229802563,,reconstructed
789,138,3471.0711389241715,356.07135721421434,,0.17769279122260542,0,0.2785459975864411,13.235590278169992,,reconstructed
789,139,4575.261881983528,466.5261880976166,,0.24530887378247074,1,0.24530887378247074,3.13374099944222,,reconstructed
789,140,4816.80319680334,490.68031968031966,,0.2587006615110687,2,0.2587006615110687,2.041018303729749,,reconstructed
789,141,5150.539486745891,524.053946053946,,0.2949059344959544,1,0.2949059344959544,4.478729245847835,,reconstructed
789,142,3990.9848282431362,408.06279434850865,,0.46140430011360084,4,0.46140430011360084,15.218080494135545,,reconstructed
789,143,3911.3503017425373,400.1350078492935,,0.15218874138826008,1,0.2370075223127445,4.074317240115761,,reconstructed
789,144,4909.674616624922,499.96746111031825,,0.38357901274814643,2,0.38357901274814643,3.7478431177086406,,reconstructed
789,145,4336.65784868484,442.66576280861995,,0.2595038678807123,2,0.2595038678807123,4.5173452834199805,,reconstructed
789,146,3796.896863942893,388.68788354502635,,0.30036227331591664,0,0.30036227331591664,7.162186043174659,,reconstructed
789,147,3948.443669264831,403.8091908091908,,0.39081932132989267,3,0.39081932132989267,15.055866201296288,,reconstructed
789,148,4515.07580348012,460.5057799343514,,0.3316327743197228,1,0.3316327743197228,8.516905795007473,,reconstructed
789,149,4795.049941654584,488.4198658484373,,0.22721131020843524,6,0.22721131020843524,34.53081150798412,,reconstructed
789,150,3895.3876902643815,398.5387469673184,,0.3960350397231438,2,0.3960350397231438,4.0576895442753385,,reconstructed
8675309,1,4202.774374124306,429.27743684886536,,0.2502496230829524,4,0.2502496230829524,3.2082246265378838,,reconstructed
8675309,2,4658.564514016041,474.85642928500073,,0.4298866940878401,3,0.4298866940878401,4.852664233421156,,reconstructed
8675309,3,5963.519337805053,605.3519337805053,,0.04834989537275643,5,0.20061404130064703,1.5409610692002715,,reconstructed
8675309,4,4547.000124786772,463.69073783359494,,0.13633298818974035,5,0.39077971998228694,12.959112738289482,,reconstructed
8675309,5,4839.4763311473525,492.9119451976594,,0.5045962924210721,4,0.5045962924210721,18.453475401780572,,reconstructed
8675309,6,4451.761096050326,454.176109604681,,0.22905145727889037,3,0.22905145727889037,2.2148065154235272,,reconstructed
8675309,7,3948.257131298339,403.82389039531904,,0.2974007258095794,5,0.3368101104001602,7.447700881525734,,reconstructed
8675309,8,5187.508206079636,527.7508206079634,,0.04174635081608747,3,0.22442224952715403,1.6160461701182662,,reconstructed
8675309,9,4714.128728414446,480.41287284144425,,0.1887628854305898,3,0.1887628854305898,1.7395308960938822,,reconstructed
8675309,10,4199.627554975961,428.96275153418014,,0.28348819944442305,0,0.28348819944442305,3.651849442284888,,reconstructed
8675309,11,4325.607473505932,441.56072498929643,,0.41624797491039695,4,0.41624797491039695,4.50583449286739,,reconstructed
8675309,12,5241.545225053253,533.146139574711,,0.2551690996950244,6,0.2551690996950244,14.938591077670871,,reconstructed
8675309,13,4639.556158127589,472.9556158127586,,0.16779416350327356,5,0.26324530745434815,1.541380783431092,,reconstructed
8675309,14,4322.451285139946,441.243328100471,,0.3993895091458839,1,0.3993895091458839,8.153553118791617,,reconstructed
8675309,15,4045.543398775078,413.5534465534465,,0.5227742339882714,4,0.5227742339882714,6.631425309606281,,reconstructed
8675309,16,4145.500214075145,423.5500214071642,,0.2040944090484251,5,0.2040944090484251,2.062437917427603,,reconstructed
8675309,17,4634.071648240524,472.40716426430714,,0.37625823640792044,4,0.37625823640792044,3.5374591780516376,,reconstructed
8675309,18,4185.576510331128,427.5224775224775,,0.6770462604304602,3,0.6770462604304602,15.960080779515705,,reconstructed
8675309,19,4722.371365059938,481.235336092479,,0.5871749203824601,1,0.5871749203824601,8.907932844506323,,reconstructed
8675309,20,4345.468268160343,443.54502640216924,,0.26578355176055213,1,0.26578355176055213,8.196970656968697,,reconstructed
8675309,21,5732.274867989155,582.2274867989154,,0.048141464089283124,4,0.19128420083285202,1.9171487852806526,,reconstructed
8675309,22,5156.245183392243,524.624518338804,,0.29936386016140426,2,0.29936386016140426,2.5652961111121626,,reconstructed
8675309,23,5397.847866457441,548.7847866419295,,0.2569227246759378,1,0.2569227246759378,3.04963156249209,,reconstructed
8675309,24,4196.023527865021,428.5671471385757,,0.6902094979215718,2,0.6902094979215718,15.999916449305612,,reconstructed
8675309,25,4439.979489938888,452.9961467104324,,0.5895393353851055,0,0.5895393353851055,8.375249651053027,,reconstructed
8675309,26,5114.395604399069,520.4395604395605,,0.32750232752584946,3,0.32750232752584946,2.5444754250461363,,reconstructed
8675309,27,4799.180289136155,488.91622663051237,,0.42172564686646724,0,0.42172564686646724,9.052819530587826,,reconstructed
8675309,28,3551.245923197501,364.12458969601823,,0.2125562987693636,5,0.22346139964776862,3.088039421181364,,reconstructed
8675309,29,4352.112420669955,444.2103610675039,,0.4041377736952024,3,0.4041377736952024,7.133951020132705,,reconstructed
8675309,30,5683.376623376626,577.3376623376623,,0.25135530434100917,1,0.25135530434100917,2.104954304954293,,reconstructed
8675309,31,4898.63931730738,498.863850435279,,0.08947001969809693,2,0.2337787773579929,6.200742826951047,,reconstructed
8675309,32,4777.697643687222,486.76880262594545,,0.48762901095042627,3,0.48762901095042627,7.831567221744994,,reconstructed
8675309,33,5221.088911088915,531.1088911088912,,0.2458440234453692,0,0.2458440234453692,1.9337366337366233,,reconstructed
8675309,34,5153.801172123586,524.3800485229057,,0.39974423339257215,1,0.39974423339257215,6.135441080017624,,reconstructed
8675309,35,3697.3021482235363,378.69501926644784,,0.6024372994075595,3,0.6024372994075595,14.098234928037732,,reconstructed
8675309,36,4376.57020007823,446.64863707720855,,0.49363251754239346,6,0.49363251754239346,12.473381366469967,,reconstructed
8675309,37,3370.863549723348,346.04937919223636,,0.5646085455968137,3,0.5646085455968137,12.8534873075474,,reconstructed
8675309,38,4672.593121168011,476.25931211645496,,0.15638212936135404,0,0.21101703682736456,2.324673194585344,,reconstructed
8675309,39,4722.805235618244,481.27872127872126,,0.328600773289812,0,0.328600773289812,8.90875126590901,,reconstructed
8675309,40,4704.170115602195,479.4170115598687,,0.26476114966449965,4,0.26476114966449965,2.340383142064865,,reconstructed
8675309,41,4223.697838387299,431.29898672755814,,0.3297121696742113,3,0.4109535682247772,16.105441752776418,,reconstructed
8675309,42,4169.40125701327,425.90495219066645,,0.6327055508644281,3,0.6327055508644281,15.898402693129054,,reconstructed
8675309,43,4935.245652344375,502.5227629513343,,0.40067689251081595,0,0.40067689251081595,9.309483190479133,,reconstructed
8675309,44,5280.1613473615835,537.0161267304125,,0.12367671016589088,0,0.16350748598985823,5.227878207718045,,reconstructed
8675309,45,4933.223918938215,502.3223918938205,,0.025310479600948052,3,0.2557803478619026,1.934597615269831,,reconstructed
8675309,46,4731.357214252544,482.1357214214357,,0.2528870093537609,0,0.2528870093537609,2.6730831714749237,,reconstructed
8675309,47,5235.931898540028,532.5931211645498,,0.4201624849142447,1,0.4201624849142447,6.233215172567549,,reconstructed
8675309,48,5027.188525759955,511.71885257599536,,0.14167207608302632,3,0.20185105265625736,1.670162300916928,,reconstructed
8675309,49,4125.184815328134,421.5184815184815,,0.33872021642531347,5,0.33872021642531347,2.485051092247101,,reconstructed
8675309,50,5381.674040245471,547.1674040245468,,0.2527323316698448,5,0.2527323316698448,1.7587170066161661,,reconstructed
8675309,51,5428.194662480451,551.8194662480378,,0.03538463381273733,5,0.2264508279735553,2.3296972800337676,,reconstructed
8675309,52,4083.212501783936,417.32125017839303,,0.23055887490030952,4,0.23055887490030952,1.506720480363068,,reconstructed
8675309,53,4845.962614336451,493.5962608819751,,0.3676095677097359,3,0.3676095677097359,3.6992080027697143,,reconstructed
8675309,54,4227.20016350534,431.71999429142284,,0.35611363562035064,2,0.35611363562035064,4.403327029010162,,reconstructed
8675309,55,4615.578707007336,470.5578707007278,,0.2608679187912725,1,0.2608679187912725,1.9312044799190602,,reconstructed
8675309,56,5393.766233766322,548.3766233766233,,0.2030291681130505,1,0.37749884140182277,2.2854941668495994,,reconstructed
8675309,57,4196.293157213089,428.59412016554876,,0.6253740681437078,3,0.6253740681437078,16.00094457677266,,reconstructed
8675309,58,4033.779518740834,412.24475524475525,,0.3549793142587261,1,0.45144327447806915,29.04864014374441,,reconstructed
8675309,59,4536.286663672056,462.5929784501213,,0.7461343195972959,4,0.7461343195972959,17.297378607832012,,reconstructed
8675309,60,4671.649784321904,476.1649778792636,,0.3499163151180073,2,0.3499163151180073,3.566144777340035,,reconstructed
8675309,61,4967.311939111539,505.6460682174968,,0.21293965099268283,6,0.21293965099268283,35.77132967495913,,reconstructed
8675309,62,3587.8989869489683,367.742685885543,,0.3763965718189306,1,0.3763965718189306,16.058003992964245,,reconstructed
8675309,63,5558.95104895105,564.8951048951049,,0.09381383903535534,2,0.23585925309805472,1.2897798257427024,,reconstructed
8675309,64,5306.414641351243,539.6330812045097,,0.22024962984674865,6,0.22024962984674865,15.123471230739288,,reconstructed
8675309,65,4087.4513435258796,417.7451120308263,,0.4459008602746011,5,0.4459008602746011,4.257755555579494,,reconstructed
8675309,66,5255.648637077212,534.5648637077209,,0.3003454078696661,0,0.3003454078696661,1.9465365322508075,,reconstructed
8675309,67,5078.428714146462,516.8428714142999,,0.27367189625556304,2,0.27367189625556304,2.52658144979628,,reconstructed
8675309,68,5537.997716607332,562.7997716569145,,0.29880080260495556,0,0.29880080260495556,3.128812268779047,,reconstructed
8675309,69,4206.873132474007,429.6873126873127,,0.31845000133109014,4,0.31845000133109014,3.211353449621203,,reconstructed
8675309,70,5297.02012273441,538.7020122734409,,0.111698428050505,3,0.21318275656548863,1.6501620320044885,,reconstructed
8675309,71,4003.4070846695017,409.33894676751817,,0.34500103703440077,3,0.3534361326598232,6.562355770048791,,reconstructed
8675309,72,4516.857651898905,460.6857428285999,,0.4460903749394295,4,0.4460903749394295,4.7050531357628005,,reconstructed
8675309,73,5423.390894819468,551.3390894819466,,0.18936260892180157,3,0.233058196026232,1.3764951509694077,,reconstructed
8675309,74,4646.450692203125,473.6450692164978,,0.22963452868909887,1,0.22963452868909887,2.6251133850138477,,reconstructed
8675309,75,4294.843425618008,438.48351648351644,,0.15449408854642954,3,0.29213238587078105,7.533677022317799,,reconstructed
8675309,76,4374.170491560884,446.4161552732981,,0.43252469938407023,4,0.43252469938407023,7.170108449473715,,reconstructed
8675309,77,4708.602832109353,479.8602825745684,,0.1400638231966623,6,0.22029920108158255,3.594353210004714,,reconstructed
8675309,78,4633.439417725135,472.3439417725132,,0.2372364646219345,3,0.2372364646219345,1.7097562427029926,,reconstructed
8675309,79,4512.198025810708,460.2197802197802,,0.37975628466106215,4,0.37975628466106215,4.700199365724567,,reconstructed
8675309,80,4996.901695965243,508.69016697588125,,0.3187493439405191,1,0.3187493439405191,4.345131189060297,,reconstructed
8675309,81,4460.665057123756,455.06650492364776,,0.1254691337371911,3,0.25653359570009854,3.626556714995718,,reconstructed
8675309,82,3984.504152935396,407.450406736121,,0.1104531338842713,3,0.25355064942038613,3.9450503610276404,,reconstructed
8675309,83,3962.7474732770197,405.27472527472526,,0.2383582316000059,4,0.2766551979731109,4.127855881741093,,reconstructed
8675309,84,4967.857882664384,505.7857856429285,,0.3060830652098896,0,0.3060830652098896,4.319875703421125,,reconstructed
8675309,85,4101.1825526892835,419.08263165406015,,0.4927559919297029,5,0.4927559919297029,15.638276990254592,,reconstructed
8675309,86,4263.586419103113,435.35864135864136,,0.30127683901109337,3,0.30127683901109337,3.254646033666548,,reconstructed
8675309,87,5476.196661258754,556.6196660482375,,0.11976715713146598,1,0.24679116844443297,3.7766873315383704,,reconstructed
8675309,88,4870.300819844424,496.02925645782784,,0.13659777143291316,5,0.20263899296162982,8.54309918712759,,reconstructed
8675309,89,4119.348108627876,420.89910089910086,,0.457133323033337,4,0.457133323033337,15.707544327614007,,reconstructed
8675309,90,4443.80851818819,453.3790495219066,,0.3963682601307248,0,0.3963682601307248,8.382472447370331,,reconstructed
8675309,91,4924.1601311860795,501.4160125588696,,0.464337588581197,4,0.464337588581197,3.758900762113561,,reconstructed
8675309,92,4579.469107925081,466.94691023262453,,0.23597684716112796,4,0.23597684716112796,3.495777850690819,,reconstructed
8675309,93,4522.144384673964,461.2143570714999,,0.14000403080525456,0,0.22688736650150376,5.724172068891379,,reconstructed
8675309,94,5295.511631225991,538.5511631225917,,0.10571036205792281,3,0.1870969242259762,2.2727517730576228,,reconstructed
8675309,95,5621.087483944628,571.1087483944626,,0.07884796838690639,3,0.20600905328335883,1.5400239682040073,,reconstructed
8675309,96,4638.718424436256,472.871842443271,,0.24523076231443394,3,0.24523076231443394,2.307820111634408,,reconstructed
8675309,97,3404.1398621851213,349.32795775652914,,0.14379289647191165,3,0.2941994739650367,24.514387411649846,,reconstructed
8675309,98,4848.4695525867055,493.8451548451548,,0.3747279768412732,1,0.3747279768412732,9.145795159743393,,reconstructed
8675309,99,4723.428687465387,481.34280005708575,,0.27818642090730755,1,0.27818642090730755,5.623095932447028,,reconstructed
8675309,100,5338.471528471529,542.8471528471528,,0.21726699036217703,4,0.21726699036217703,1.5655341725722955,,reconstructed
8675309,101,4167.9420579837115,425.79420579420577,,0.21541135812452475,4,0.22572957090897533,2.354769523915329,,reconstructed
8675309,102,5412.282003710576,550.2282003710575,,0.20488403191218668,5,0.20488403191218668,1.5871794732289075,,reconstructed
8675309,103,5132.2634509737145,522.2263450834879,,0.329507506654111,3,0.329507506654111,3.091724968818786,,reconstructed
8675309,104,4088.814515965192,417.88054802340514,,0.32014164469303097,2,0.32014164469303097,6.70235501012472,,reconstructed
8675309,105,4388.333121709738,447.83330954759526,,0.27910992324678824,0,0.27910992324678824,3.815941212236317,,reconstructed
8675309,106,4163.3718173555235,425.25203368060505,,0.11497235938560331,4,0.409605287691295,29.981879065299026,,reconstructed
8675309,107,4422.06103795544,451.20522334808044,,0.4312833229316963,3,0.4312833229316963,7.248610284739625,,reconstructed
8675309,108,4583.246758911959,467.32467532467535,,0.3531088814466941,5,0.3531088814466941,3.4986615536564565,,reconstructed
8675309,109,4886.611959469901,497.6611959469102,,0.10004082217405885,0,0.21729685515651997,2.315929838602854,,reconstructed
8675309,110,4298.401899050165,438.8401598401598,,0.39970957170773735,2,0.39970957170773735,4.47749539447904,,reconstructed
8675309,111,5334.231482802912,542.4231482802911,,0.24691216350305795,5,0.24691216350305795,1.5642907574202085,,reconstructed
8675309,112,4693.177193551728,478.31682603111176,,0.48683559359046435,4,0.48683559359046435,7.693021914734436,,reconstructed
8675309,113,4247.739403591783,433.7739403453689,,0.2934606676717296,3,0.2934606676717296,2.55887915742683,,reconstructed
8675309,114,4741.809312353783,483.18010560867697,,0.15778527995616834,0,0.266186172731328,8.317709476347638,,reconstructed
8675309,115,3790.5332776785845,388.0061367204225,,0.27632344648168805,1,0.27632344648168805,16.964914210192703,,reconstructed
8675309,116,4852.861504347403,494.2861424289996,,0.23247603659489138,6,0.23247603659489138,4.804809405365744,,reconstructed
8675309,117,5351.384330093977,544.1384329955758,,0.37117967662279555,2,0.37117967662279555,3.223725498338974,,reconstructed
8675309,118,4322.674688983443,441.2674468388754,,0.2721226698570264,2,0.2721226698570264,4.502779513481832,,reconstructed
8675309,119,4319.770917381602,440.97702297702295,,0.29773824867980925,0,0.29773824867980925,5.142553827284695,,reconstructed
8675309,120,3978.1106845805957,406.8110460967603,,0.31905657488882805,4,0.31905657488882805,4.1438592033177395,,reconstructed
8675309,121,3858.153932908551,394.78021978021974,,0.46116740107369886,3,0.46116740107369886,14.711581135129046,,reconstructed
8675309,122,4571.611245897135,466.16112458969604,,0.1412897639886947,0,0.21089989050685007,1.9371234092779914,,reconstructed
8675309,123,5159.646148274901,524.9646068217496,,0.1409736247790253,2,0.1745196697604728,5.108556326897322,,reconstructed
8675309,124,4960.005972791179,504.99871557014416,,0.39751245019271164,1,0.39751245019271164,9.356189231723686,,reconstructed
8675309,125,4292.316947589667,438.2316255173398,,0.1853957672214606,2,0.3186451340627761,5.109870724377643,,reconstructed
8675309,126,4226.929688952294,431.6573426573426,,0.49558955201852617,5,0.49558955201852617,16.117765167712765,,reconstructed
8675309,127,4177.540539803854,426.7531040388183,,0.40772142208355067,2,0.40772142208355067,6.84779406295569,,reconstructed
8675309,128,4075.2204995554534,416.52204937919225,,0.3805374680868595,5,0.3805374680868595,3.1108552592643,,reconstructed
8675309,129,5593.275296132528,568.3275296132439,,0.24710698228192207,5,0.24710698228192207,2.3700319051403445,,reconstructed
8675309,130,4897.170287572157,498.7085771371486,,0.14468168564155326,1,0.3356175231071603,13.957110207518445,,reconstructed
8675309,131,4659.753104040279,474.9753104038819,,0.1717797140590562,3,0.2308620962269407,2.240265915392574,,reconstructed
8675309,132,4539.67200746988,462.9663193948908,,0.4344483652353199,2,0.4344483652353199,7.44139733039622,,reconstructed
8675309,133,4378.777307726729,446.87683744826603,,0.45199728561675845,4,0.45199728561675845,7.177659909020074,,reconstructed
8675309,134,4431.782205773231,452.130155558727,,0.34601542897511633,0,0.34601542897511633,19.83488850023933,,reconstructed
8675309,135,5290.67789353504,538.0677893535036,,0.27761045209497864,5,0.27761045209497864,1.9522796655110746,,reconstructed
8675309,136,4185.976110594377,427.56243756243754,,0.5182054836202131,3,0.5182054836202131,15.961604500911129,,reconstructed
8675309,137,5571.3358070500935,566.1335807050093,,0.13329762994083477,5,0.17321598733349533,1.439621655568499,,reconstructed
8675309,138,4418.393035675753,450.8393035535892,,0.2901862041852965,5,0.2901862041852965,2.661682550193724,,reconstructed
8675309,139,3762.6631000390826,385.2310546596261,,0.4152685556291247,3,0.4152685556291247,14.347463694547516,,reconstructed
8675309,140,4449.641047311265,453.964035964036,,0.32622470864497566,1,0.32622470864497566,5.297160204912833,,reconstructed
8675309,141,5191.026116878496,528.1026116740403,,0.3801233211119793,3,0.3801233211119793,3.1271241651281065,,reconstructed
8675309,142,4250.757289086989,434.07392607392603,,0.31354928714454094,0,0.31354928714454094,8.018314855465002,,reconstructed
8675309,143,4402.307697905072,449.2307692307692,,0.36320603062119244,4,0.36320603062119244,3.360540136766004,,reconstructed
8675309,144,4512.172120196375,460.2172113600685,,0.24701332752547925,0,0.2501381564384428,3.444406105718657,,reconstructed
8675309,145,4453.978138728124,454.39774511203075,,0.27903217047122864,0,0.27903217047122864,5.302323378259667,,reconstructed
8675309,146,4931.525003053709,502.15241900956187,,0.17705526804536578,5,0.27522077744858736,6.242369831266401,,reconstructed
8675309,147,5504.0373919566255,559.4037391180249,,0.11305788944702504,2,0.17457967119701964,3.7958878353609,,reconstructed
8675309,148,4339.235093946486,442.8882546025403,,0.537404647978495,3,0.537404647978495,16.545998490233426,,reconstructed
8675309,149,4806.603115237478,489.65948337376915,,0.29804959671284714,6,0.29804959671284714,8.43136567649264,,reconstructed
8675309,150,4373.373769228239,446.3373769088055,,0.33579969686113026,4,0.33579969686113026,2.634562510179551,,reconstructed
999,1,4372.547368560796,446.2538889681747,,0.30767791109856985,6,0.30767791109856985,7.669979176198377,,reconstructed
999,2,4453.933219812665,454.3460824889396,,0.7550958827392362,0,0.7550958827392362,19.93402759896739,,reconstructed
999,3,3869.19214245511,395.8831168831169,,0.5928572077018793,2,0.5928572077018793,14.753671087514213,,reconstructed
999,4,4362.764247879505,445.2671614100186,,0.46361255612117463,6,0.46361255612117463,12.434033909664892,,reconstructed
999,5,4031.463519947586,412.09904381332956,,0.6830213410778857,0,0.6830213410778857,18.043221823214836,,reconstructed
999,6,5108.090480947698,519.8090480947624,,0.15830930650613453,5,0.20437357853855947,2.192313511135635,,reconstructed
999,7,3893.335459943502,398.3335236192379,,0.3256441932878086,4,0.3256441932878086,4.055551807501078,,reconstructed
999,8,4319.400841008159,440.93920365348936,,0.49447611776342715,3,0.49447611776342715,7.080330436714389,,reconstructed
999,9,5177.713715632949,526.7713714856571,,0.15185189522249862,5,0.2628187440782127,3.5708370253577812,,reconstructed
999,10,4372.196375133436,446.2196375053518,,0.08638488612806149,2,0.2546220420496763,2.618081660508616,,reconstructed
999,11,3618.8644369508147,370.8863993149708,,0.2678513632974324,5,0.3531174321258104,3.769644912280491,,reconstructed
999,12,4582.40045668763,467.2400456686171,,0.2779049775533166,1,0.2779049775533166,2.203077142627067,,reconstructed
999,13,5496.32082203511,558.6320822035108,,0.07767635728603058,2,0.1857563027855505,1.9842313436949797,,reconstructed
999,14,3549.8148517285354,363.9805908377337,,0.4701454600933231,5,0.4701454600933231,5.818830681509063,,reconstructed
999,15,5238.33309547741,532.8333095475953,,0.29186438193033076,1,0.29186438193033076,2.5184293728128555,,reconstructed
999,16,5148.931068931143,523.8931068931068,,0.1030710604259342,2,0.20919712404355914,2.2098416604847477,,reconstructed
999,17,4902.00010808542,499.1148851148851,,0.2463227641282914,6,0.2463227641282914,35.30099661193663,,reconstructed
999,18,5174.3898959585795,526.4389895818467,,0.31319707130521346,4,0.31319707130521346,3.117102345302171,,reconstructed
999,19,5342.959897245613,543.2959897245612,,0.09740617218018914,3,0.18870548968074502,1.6644734882385084,,reconstructed
999,20,4895.864359074135,498.5864135864135,,0.3491079542719882,5,0.3491079542719882,5.099851208560216,,reconstructed
999,21,4328.536000396134,441.85271870986156,,0.4526263018790395,2,0.4526263018790395,7.095304723528628,,reconstructed
999,22,4597.204913451878,468.5881261595547,,0.21684673844402924,0,0.4686574093503841,33.10606109666681,,reconstructed
999,23,4453.134026893864,454.26616240901956,,0.3329252380238207,0,0.3329252380238207,19.93045073040784,,reconstructed
999,24,4044.3591910554405,413.4358498644213,,0.3009540145581099,1,0.3009540145581099,4.814684675335273,,reconstructed
999,25,4402.135034221155,449.2135007849294,,0.22098909381176451,2,0.27698527812416013,3.8279428732997043,,reconstructed
999,26,4592.486742815788,468.2135007849294,,0.6173021025684803,3,0.6173021025684803,17.511675921651314,,reconstructed
999,27,4510.722135011308,460.0722135007849,,0.15321263521399997,1,0.19898189184727652,2.244140365652548,,reconstructed
999,28,4257.93778680896,434.74653917511057,,0.6163405723849293,0,0.6163405723849293,19.056830259459062,,reconstructed
999,29,4764.859519387684,485.45026402169253,,0.5208537465691806,4,0.5208537465691806,18.168952985273602,,reconstructed
999,30,4156.884898420977,424.6875981161696,,0.22165310114463854,1,0.25755101385048684,6.8139354858621815,,reconstructed
999,31,4126.4759923566135,421.56158127586696,,0.17865704989190875,5,0.3446420496937786,29.716179480524875,,reconstructed
999,32,4956.2537462537475,504.62537462537455,,0.2264878763034068,2,0.2264878763034068,1.4534468464087231,,reconstructed
999,33,4767.088625669042,485.70886256600545,,0.08328315319027062,0,0.2884885638825898,2.5222691140059896,,reconstructed
999,34,3651.459418680488,374.11031825317536,,0.6694318360934106,5,0.6694318360934106,13.923431369948512,,reconstructed
999,35,4750.311117454032,484.0311117453974,,0.2508296258014537,1,0.2508296258014537,1.9875778734113922,,reconstructed
999,36,3917.337611835458,400.69858712715853,,0.45805244191493255,3,0.45805244191493255,14.937255255329905,,reconstructed
999,37,4028.0335942482798,411.6710432424718,,0.43720171185566603,6,0.43720171185566603,29.007261756030886,,reconstructed
999,38,5201.070358213219,529.1070358213216,,0.31903961149693644,3,0.31903961149693644,1.9192141543222108,,reconstructed
999,39,4841.2537195768755,493.1253032681604,,0.3173966516413672,1,0.3173966516413672,5.763362993229536,,reconstructed
999,40,3968.2577705196795,405.7900670757814,,0.5201852820362488,4,0.5201852820362488,15.131419630034321,,reconstructed
999,41,4156.7732268546815,424.6773226773227,,0.17935190474770635,1,0.24590617004008203,2.4890857633971963,,reconstructed
999,42,4948.66990156519,503.86699015270455,,0.25687956085615204,1,0.25687956085615204,2.7958587010108387,,reconstructed
999,43,4585.38400119638,467.5383188240331,,0.09802377179899877,5,0.2590385411562012,5.80422135873092,,reconstructed
999,44,4527.1709518703265,461.6818895390324,,0.750389958914025,2,0.750389958914025,17.26261935869171,,reconstructed
999,45,4011.159825660863,410.0807763664906,,0.2691828936628043,2,0.2691828936628043,15.295010061118415,,reconstructed
999,46,4645.619564223316,473.5601541315827,,0.48040203873245807,0,0.48040203873245807,8.763153911488445,,reconstructed
999,47,4640.542314828086,473.05423148280295,,0.13887720880029739,2,0.24499883343489126,1.9416495041118411,,reconstructed
999,48,5539.661766804626,562.9661766804625,,0.0816461606550011,5,0.24088807935729456,1.8527296878945225,,reconstructed
999,49,4162.109020243521,425.2082203510775,,0.3316898284653719,2,0.43488921617950665,7.851095303126951,,reconstructed
999,50,5874.748109033824,596.4748109033823,,0.0879356277677696,5,0.2891431600331033,1.4363687308151154,,reconstructed
999,51,4130.665498177138,422.0295418866847,,0.6197211568162009,2,0.6197211568162009,15.750698825202004,,reconstructed
999,52,5154.224347119677,524.4224347081489,,0.31879508652983357,0,0.31879508652983357,2.911991156108157,,reconstructed
999,53,5558.150421007653,564.8150421007564,,0.30041740205518913,4,0.30041740205518913,2.355148483477265,,reconstructed
999,54,4509.649609404052,459.9648922506065,,0.38542613139795195,1,0.38542613139795195,5.368598544251246,,reconstructed
999,55,4672.614533926194,476.26145283288145,,0.4395146529929715,4,0.4395146529929715,3.5668812273997816,,reconstructed
999,56,3680.600984733408,377.0582274867989,,0.4301228756839133,0,0.4301228756839133,6.942814078962826,,reconstructed
999,57,4746.577093820042,483.65762808619945,,0.25379237106215813,3,0.3169888541997443,6.00826106202339,,reconstructed
999,58,4008.0386555958876,409.76865991151703,,0.6455118324429718,2,0.6455118324429718,15.283108683556529,,reconstructed
999,59,4174.667003417167,426.4658198943913,,0.3556761344177538,3,0.3556761344177538,6.843083783014428,,reconstructed
999,60,4745.972691929427,483.56158127586696,,0.7817477326499436,4,0.7817477326499436,18.096935357317566,,reconstructed
999,61,4291.641309164708,438.1284429855858,,0.5529898877492105,4,0.5529898877492105,16.364517958735515,,reconstructed
999,62,5162.681604113684,525.2681604110176,,0.382771677899073,4,0.382771677899073,2.5684983104760284,,reconstructed
999,63,5151.56843170665,524.1568431568431,,0.3096502911802769,2,0.3096502911802769,3.103354475278213,,reconstructed
999,64,5462.510346796804,555.2510346796062,,0.0871401270327691,0,0.21724983544144327,2.5888674629274013,,reconstructed
999,65,3813.0465840234783,390.30369630369637,,0.4218018608668702,4,0.4218018608668702,6.250318222184249,,reconstructed
999,66,3549.1375360161633,363.8665620094191,,0.5120343407034244,1,0.5120343407034244,15.884523207658924,,reconstructed
999,67,4837.518201606322,492.7518196089625,,0.30832442333004284,3,0.30832442333004284,3.6927618863556977,,reconstructed
999,68,3693.5036448792107,378.3503639217925,,0.22042276341275108,2,0.22042276341275108,2.8194683551571598,,reconstructed
999,69,4640.598273902175,473.0597973455116,,0.207393116052109,3,0.207393116052109,4.833949427487417,,reconstructed
999,70,5142.870644628261,523.2518909661767,,0.6834198313682764,3,0.6834198313682764,19.610352534297245,,reconstructed
999,71,5319.61128671001,540.9593263878978,,0.606416289694948,0,0.606416289694948,10.034522157977126,,reconstructed
999,72,4535.68453930475,462.56843156843155,,0.49667965190901103,4,0.49667965190901103,4.72466444797413,,reconstructed
999,73,4639.467680703789,472.94676751819605,,0.3530164797023703,2,0.3530164797023703,3.541578286691118,,reconstructed
999,74,4780.476666190955,487.04766661909514,,0.21487566959008608,0,0.21487566959008608,1.7705469134040468,,reconstructed
999,75,4438.262615487704,452.7906379334951,,0.6951164279837758,5,0.6951164279837758,16.923601728232303,,reconstructed
999,76,4124.931137782643,421.4922220636506,,0.29725628496038514,5,0.29725628496038514,6.761557113874304,,reconstructed
999,77,2806.130550962365,289.6103896103896,,0.19527297683349842,5,0.3395774661322748,4.599788785690849,,reconstructed
999,78,4656.651919647284,474.66519195090626,,0.29498645041516175,2,0.29498645041516175,2.8052119982928705,,reconstructed
999,79,3497.9077237021274,358.7555301841016,,0.46746658268548275,3,0.46746658268548275,13.337921237798923,,reconstructed
999,80,4231.2989439834955,432.1290138432996,,0.2328300075352386,0,0.26172835850479526,6.935914448016659,,reconstructed
999,81,3853.576522205377,394.3219637505352,,0.6461049617214645,4,0.6461049617214645,14.694126945866623,,reconstructed
999,82,4629.100900101768,471.9100899100899,,0.3281868562876178,0,0.3281868562876178,3.170617039065486,,reconstructed
999,83,3846.172627875111,393.6172399029542,,0.39661019772124095,5,0.39661019772124095,4.006423929667348,,reconstructed
999,84,3543.060018874855,363.30597973455116,,0.3655844779993367,3,0.3655844779993367,3.6906820928914352,,reconstructed
999,85,4445.584118146517,453.51034679606107,,0.6226964048228565,0,0.6226964048228565,19.896660351901527,,reconstructed
999,86,5139.95663700738,522.9938632795776,,0.3376176752732281,1,0.3376176752732281,9.69563488481706,,reconstructed
999,87,5234.334237229574,532.433423719138,,0.22247630714341754,0,0.22247630714341754,2.957250981021905,,reconstructed
999,88,4421.04048128293,451.0683602112173,,0.6595822952121354,4,0.6595822952121354,16.8579317655819,,reconstructed
999,89,4455.057956969754,454.5039246467818,,0.458907898642523,0,0.458907898642523,8.403692558508983,,reconstructed
999,90,4653.436576917763,474.34365634365633,,0.05816219514471079,4,0.5043953571113713,3.7832815173774654,,reconstructed
999,91,4328.254295407241,441.82274867989156,,0.3290000348208775,3,0.3777633799419173,8.164499489113002,,reconstructed
999,92,4792.170936111837,488.21621235906946,,0.29042751304737047,2,0.29042751304737047,7.855291737400168,,reconstructed
999,93,4156.647736692664,424.62908520051377,,0.7165496338745936,4,0.7165496338745936,15.84977206505723,,reconstructed
999,94,5190.947623804768,528.0947623804767,,0.23156324422228336,3,0.24764935295329915,1.7245673168786597,,reconstructed
999,95,4121.300247776313,421.09433423719133,,0.6465286846156079,4,0.6465286846156079,15.714988056912707,,reconstructed
999,96,4294.1903453122495,438.4181532752961,,0.4673752911693889,2,0.4673752911693889,7.0390055755656515,,reconstructed
999,97,4203.9289283945545,429.3928928214642,,0.15772074887271553,4,0.3756829455704074,2.532487304912441,,reconstructed
999,98,4461.188816824336,455.1188811188812,,0.3047436580144976,4,0.3047436580144976,3.405487554575995,,reconstructed
999,99,5414.591123162553,550.4591123162552,,0.22467851643120915,3,0.22467851643120915,1.3174187647597446,,reconstructed
999,100,4256.513728124461,434.6504923647781,,0.4212891207894702,3,0.4212891207894702,6.977246338753336,,reconstructed
999,101,4738.541086336287,482.84572570286855,,0.12671596126997678,0,0.2533906545398267,13.505011319023946,,reconstructed
999,102,4580.074565781759,467.00656486370775,,0.5312711220322626,5,0.5312711220322626,7.507624910069043,,reconstructed
999,103,4655.678607110683,474.5678607107178,,0.18143725335605237,1,0.21892372786204012,2.316258013462388,,reconstructed
999,104,4859.644890728649,494.96360782075067,,0.5699700105358124,2,0.5699700105358124,7.965894552962753,,reconstructed
999,105,5172.491793920454,526.2491793920365,,0.27965119880258715,4,0.27965119880258715,2.1917338109827282,,reconstructed
999,106,4134.931153877259,422.4922220636506,,0.40381669058489633,4,0.40381669058489633,6.77794906751059,,reconstructed
999,107,3442.3593303378075,353.2350506636221,,0.4156313094781842,2,0.4156313094781842,5.6426903725401445,,reconstructed
999,108,4679.707440938419,476.9707435421721,,0.17612851900380488,5,0.19168492449938365,3.5722956600874993,,reconstructed
999,109,4865.660054231486,495.5660054231482,,0.1726061998994069,4,0.21413885493335907,1.802096316382021,,reconstructed
999,110,4107.189427914542,419.63379477665194,,0.2137425378213457,5,0.3256376029574639,29.577290265711824,,reconstructed
999,111,5506.419294990725,559.6419294990724,,0.3239570925770293,2,0.3239570925770293,1.7994834297355302,,reconstructed
999,112,3852.2414947521274,394.18852575995436,,0.5444588968935018,5,0.5444588968935018,14.68903633386989,,reconstructed
999,113,4667.57038637856,475.75695732838597,,0.20036128143996362,2,0.2061384811496091,5.908253643081986,,reconstructed
999,114,5302.897103673479,539.2897102897103,,0.0037345290560448522,3,0.21463405371508973,3.657170395938934,,reconstructed
999,115,2701.4632558179856,279.0759240759241,,0.3534588200037623,3,0.35430002739931704,10.300987612895794,,reconstructed
999,116,4910.166826884629,500.00827743684886,,0.46482514320915724,6,0.46482514320915724,13.994150808691913,,reconstructed
999,117,4418.527197260279,450.80548023405163,,0.7083604706845195,0,0.7083604706845195,19.775564371995472,,reconstructed
999,118,4880.266902214806,497.0266875981162,,0.19478560614168555,0,0.19478560614168555,4.243709646094212,,reconstructed
999,119,4466.80462394757,455.6804623947481,,0.2713023986030101,4,0.2713023986030101,1.8927138237061525,,reconstructed
999,120,5359.2617941983935,544.917796489225,,0.27948850308629636,6,0.27948850308629636,15.274087503633266,,reconstructed
999,121,4065.7311677689972,415.5721421435707,,0.5647388863102449,4,0.5647388863102449,6.66451695368339,,reconstructed
999,122,3776.8931386519457,386.6893106893107,,0.2658464449819031,2,0.27297703680803875,3.284254358606969,,reconstructed
999,123,4755.737120099293,484.57371200228346,,0.034410708459578304,5,0.24582306403023493,2.8477467771451663,,reconstructed
999,124,4304.99072928828,439.4990723562152,,0.32845014555760443,5,0.32845014555760443,3.286252376466842,,reconstructed
999,125,3869.576148449427,395.9103753389467,,0.5911367238320476,0,0.5911367238320476,17.31867855502809,,reconstructed
999,126,4538.938204790709,462.893820465249,,0.34956112847923837,2,0.34956112847923837,2.73430012191103,,reconstructed
999,127,4591.052924882243,468.1044669616098,,0.04825052796859566,0,0.22452069501221605,8.053264461777975,,reconstructed
999,128,5182.641644070218,527.2641644070216,,0.20086179961803094,5,0.21246401917122631,1.3783621393803767,,reconstructed
999,129,5682.090766376482,577.2090766376481,,0.026423864505865542,4,0.18320699001257942,1.6565862292642801,,reconstructed
999,130,4347.440516112035,443.7439703153989,,0.06641207176777952,3,0.2559256069743085,5.503030300809251,,reconstructed
999,131,4305.538004353548,439.46867418295983,,0.1328174339877101,5,0.2897468850552895,31.005666901874438,,reconstructed
999,132,5723.433717031817,581.3433709147995,,0.026574419172730592,2,0.19242790234425422,4.653197833400737,,reconstructed
999,133,4526.911659770349,461.69116597688026,,0.2039588101868626,4,0.22198010072692187,2.176399836416971,,reconstructed
999,134,5076.076780362583,516.6076780362495,,0.2529881765965236,3,0.2529881765965236,2.150879991678555,,reconstructed
999,135,5891.916654773799,598.1916654773797,,0.020279346140557014,5,0.17743195949110374,1.367034026629651,,reconstructed
999,136,4374.595430832507,446.4595404595405,,0.24435398776838235,0,0.24435398776838235,3.803995396062962,,reconstructed
999,137,4962.608819762714,505.2608819751677,,0.06474407514880101,4,0.3041091037556062,2.625718952146499,,reconstructed
999,138,4282.004368047699,437.1652633081204,,0.7215716304134396,3,0.7215716304134396,16.32777120274736,,reconstructed
999,139,4313.021618728813,440.301270158413,,0.6504677454317771,5,0.6504677454317771,7.069873661960306,,reconstructed
999,140,4878.246039676155,496.82460396746114,,0.21396457171451763,3,0.2565530816930508,2.3453105959862106,,reconstructed
999,141,5485.972598829743,557.5972598829742,,0.0454688641434963,2,0.19599674190395283,1.417563979025773,,reconstructed
999,142,4635.233338128761,472.5233338090481,,0.2244695949985207,0,0.2244695949985207,2.6187758968372346,,reconstructed
999,143,5662.009419152277,575.2009419152276,,0.023635556318929433,5,0.1980463582170238,1.76386586266426,,reconstructed
999,144,4939.623233909006,502.9623233908948,,0.2148774608401753,0,0.2148774608401753,2.0667879639783133,,reconstructed
999,145,3901.1445680223624,399.105180533752,,0.15170570610995096,4,0.37319211345242154,11.118401336691884,,reconstructed
999,146,4618.988812175,470.86370772085064,,0.7515713764425226,3,0.7515713764425226,17.612731335822655,,reconstructed
999,147,4414.123707732702,450.4123019837306,,0.4131470535668664,1,0.4131470535668664,5.254877909374945,,reconstructed
999,148,5420.127015841375,551.0127015841301,,0.03025069121186263,5,0.22867849673671575,2.326234770746612,,reconstructed
999,149,4487.268800118924,457.72598829741685,,0.41763418345918846,5,0.41763418345918846,7.3554983741183335,,reconstructed
999,150,4804.445555225388,489.4445554445555,,0.0510252818408565,3,0.3094632072498608,3.3134107092703977,,reconstructed
