round,cid,tau,a_i,a_eff,p_i,raw_update_norm,contribution_norm,amp_vs_fedavg
1,6,22,138.8629381196525,4679.4412383836925,0.09604681033252462,1.933384833318855,6.257615900708498,33.69827328838174
1,2,315,3060.0000000000014,4679.4412383836925,0.156272299129442,2.8676521926886207,0.6853005011305388,1.529229162870487
1,0,310,3010.0000000000014,4679.4412383836925,0.13757670900528043,2.8781433757967325,0.6155804850957041,1.5546316406590333
1,3,700,6910.000000000002,4679.4412383836925,0.15612958470101326,3.9805312633281167,0.42086440303249933,0.6771984426025602
1,4,700,6910.000000000002,4679.4412383836925,0.1584130155558727,4.36287987595568,0.46803687135118505,0.6771984426025602
1,1,620,6110.000000000002,4679.4412383836925,0.1374339945768517,3.945836797512176,0.4153230895196114,0.7658659964621426
1,5,490,4810.000000000001,4679.4412383836925,0.15812758669901528,3.7548611145168085,0.5776309331770106,0.9728568063167758
2,4,700,6910.000000000002,4910.450987755497,0.1584130155558727,11.656181156778066,1.3121711442368098,0.7106296653770616
2,6,330,3210.000000000001,4910.450987755497,0.09604681033252462,0.0,0.0,1.5297355102042043
2,0,31,223.43368382029254,4910.450987755497,0.13757670900528043,10.418181242491476,31.499927888168944,21.97721893940113
2,2,525,5160.000000000001,4910.450987755497,0.156272299129442,10.68562280916329,1.5891083902380068,0.9516377883247086
2,5,700,6910.000000000002,4910.450987755497,0.15812758669901528,11.31561945073503,1.271537900542527,0.7106296653770616
2,1,372,3630.000000000001,4910.450987755497,0.1374339945768517,10.173250031669614,1.8913358022154132,1.352741318940908
2,3,700,6910.000000000002,4910.450987755497,0.15612958470101326,12.358840047487348,1.3712171905137223,0.7106296653770616
3,4,315,3060.0000000000014,4289.609182855769,0.1584130155558727,5.2550891572908744,1.1669903095729288,1.4018330662927343
3,3,105,960.0014115816389,4289.609182855769,0.15612958470101326,5.298736640260256,3.6966079553605273,4.468336328577346
3,6,264,2550.0000000000755,4289.609182855769,0.09604681033252462,4.239661253274403,0.6850017022291789,1.6821996795512322
3,5,420,4110.000000000002,4289.609182855769,0.15812758669901528,5.870336723677253,0.9688277294657464,1.0437005311084593
3,0,620,6110.000000000002,4289.609182855769,0.13757670900528043,2.8455643318311985,0.2748462659214451,0.7020636960484072
3,2,700,6910.000000000002,4289.609182855769,0.156272299129442,5.867650897822894,0.569227597800934,0.6207828050442501
3,1,620,6110.000000000002,4289.609182855769,0.1374339945768517,2.966843071433832,0.28626302815332755,0.7020636960484072
4,4,700,6910.000000000002,4807.104686409976,0.1584130155558727,2.0982720295346993,0.23123745740012594,0.6956736159782887
4,3,700,6910.000000000002,4807.104686409976,0.15612958470101326,1.9035225915209504,0.20675154932320225,0.6956736159782887
4,2,700,6910.000000000002,4807.104686409976,0.156272299129442,1.5587771449723564,0.16946170195193658,0.6956736159782887
4,1,589,5800.000000000002,4807.104686409976,0.1374339945768517,2.6841061878157886,0.30573802048206106,0.828811152829306
4,5,70,610.0563920873398,4807.104686409976,0.15812758669901528,1.1389678931579712,1.4191644472638427,7.8797710322519805
4,0,403,3940.000000000001,4807.104686409976,0.13757670900528043,2.5354706856054063,0.4255894644328776,1.2200773315761357
4,6,132,1230.0000820831015,4807.104686409976,0.09604681033252462,0.7271673484441995,0.27295795524034994,3.908214931391523
5,3,525,5160.000000000001,4961.757037823956,0.15612958470101326,4.585336393430054,0.6884021206439108,0.9615808212837123
5,6,440,4310.000000000002,4961.757037823956,0.09604681033252462,0.8375805053367715,0.09261209989405819,1.1512197303535856
5,0,589,5800.000000000002,4961.757037823956,0.13757670900528043,3.928245470204643,0.4623288933282676,0.8554753513489577
5,5,105,960.0014115816389,4961.757037823956,0.15812758669901528,0.512676749245992,0.4190008341364355,5.168489314665978
5,2,700,6910.000000000002,4961.757037823956,0.156272299129442,4.805072950204375,0.5391870267026297,0.7180545640845086
5,4,560,5510.000000000002,4961.757037823956,0.1584130155558727,1.0698667593158797,0.15261754071834607,0.9005003698410081
5,1,620,6110.000000000002,4961.757037823956,0.1374339945768517,3.8853284156085572,0.4336268723751871,0.8120715282854263
6,5,560,5510.000000000002,4960.499500637719,0.15812758669901528,3.808901547948969,0.5422270776423378,0.9002721416765368
6,2,175,1660.0000008844675,4960.499500637719,0.156272299129442,2.150217016455079,1.0041107534137188,2.9882527096353657
6,4,665,6560.000000000001,4960.499500637719,0.1584130155558727,4.028226429213918,0.4825322078081793,0.7561737043655059
6,1,620,6110.000000000002,4960.499500637719,0.1374339945768517,3.2451975034097162,0.36209247785449716,0.8118657120519996
6,6,440,4310.000000000002,4960.499500637719,0.09604681033252462,2.900604052568585,0.3206413558020852,1.1509279583846213
6,3,455,4460.000000000002,4960.499500637719,0.15612958470101326,3.056088684687071,0.5306909834354788,1.1122196189770668
6,0,620,6110.000000000002,4960.499500637719,0.13757670900528043,3.2416184116857765,0.36206872010332464,0.8118657120519996
7,2,700,6910.000000000002,4215.038189698494,0.156272299129442,2.852913812745292,0.27195316646430917,0.6099910549491306
7,1,248,2390.0000000004047,4215.038189698494,0.1374339945768517,2.750476612846054,0.6666620585860698,1.7636143053128785
7,5,420,4110.000000000002,4215.038189698494,0.15812758669901528,3.395546602004766,0.5506517580926181,1.0255567371529177
7,4,70,610.0563920873398,4215.038189698494,0.1584130155558727,1.9510158185535615,2.135419399310975,6.9092599378829895
7,3,525,5160.000000000001,4215.038189698494,0.15612958470101326,2.568146720441465,0.3275343464600247,0.8168678662206381
7,6,440,4310.000000000002,4215.038189698494,0.09604681033252462,2.080798056697116,0.19545065221226735,0.9779670973778404
7,0,620,6110.000000000002,4215.038189698494,0.13757670900528043,3.7887377707053074,0.35958351015554624,0.689858950850817
8,1,620,6110.000000000002,5982.902811474242,0.1374339945768517,4.2206532243427315,0.567995086387014,0.9791984961496302
8,4,700,6910.000000000002,5982.902811474242,0.1584130155558727,2.750115505313378,0.37720348506912404,0.865832534222032
8,2,595,5860.000000000002,5982.902811474242,0.156272299129442,4.18767525724556,0.6681428568208133,1.0209731760194949
8,6,440,4310.000000000002,5982.902811474242,0.09604681033252462,3.3080440512690754,0.44105109921211616,1.3881445038223295
8,0,527,5180.000000000002,5982.902811474242,0.13757670900528043,4.018800760143145,0.6385921571373218,1.155000542755645
8,5,630,6210.000000000002,5982.902811474242,0.15812758669901528,2.6095377743143415,0.3975498360012568,0.9634304044241934
8,3,665,6560.000000000001,5982.902811474242,0.15612958470101326,4.321085766052659,0.6152989862729067,0.9120278676027808
9,3,700,6910.000000000002,4389.012509254959,0.15612958470101326,3.5395467899940494,0.3510117329721046,0.6351682357821936
9,4,35,262.252839954494,4389.012509254959,0.1584130155558727,1.0349163048119872,2.7437384489536902,16.735805454066917
9,2,560,5510.000000000002,4389.012509254959,0.156272299129442,3.3284696837975107,0.41432565648909475,0.7965539944201374
9,6,440,4310.000000000002,4389.012509254959,0.09604681033252462,1.8623554529040924,0.18215247226710438,1.018332368736649
9,0,496,4870.000000000001,4389.012509254959,0.13757670900528043,3.29617844723011,0.40868950861033576,0.9012346014897245
9,1,620,6110.000000000002,4389.012509254959,0.1374339945768517,3.544076956282255,0.3498830644542342,0.718332652905885
9,5,315,3060.0000000000014,4389.012509254959,0.15812758669901528,2.663925330173421,0.6041921556697426,1.434317813482012
10,0,310,3010.0000000000014,4186.792700199527,0.13757670900528043,3.9534742782870302,0.7565520226239545,1.3909610299666195
10,4,700,6910.000000000002,4186.792700199527,0.1584130155558727,2.761412392456322,0.2650486165507857,0.6059034298407417
10,5,420,4110.000000000002,4186.792700199527,0.15812758669901528,2.1715304534527538,0.34979468285141574,1.0186843552796898
10,3,70,610.0563920873398,4186.792700199527,0.15612958470101326,2.3108792871099144,2.4761328438835926,6.862960136970612
10,6,22,138.8629381196525,4186.792700199527,0.09604681033252462,1.0334693842082552,2.99278604761001,30.150540935493808
10,1,620,6110.000000000002,4186.792700199527,0.1374339945768517,4.876274037380368,0.45922182675293277,0.6852361211455852
10,2,700,6910.000000000002,4186.792700199527,0.156272299129442,4.919128867893187,0.4657722524488612,0.6059034298407417
11,0,372,3630.000000000001,5412.7600970458125,0.13757670900528043,4.241759587717021,0.8701680241954253,1.4911184840346587
11,4,700,6910.000000000002,5412.7600970458125,0.1584130155558727,6.215417123119395,0.7712618906310287,0.7833227347389018
11,2,700,6910.000000000002,5412.7600970458125,0.156272299129442,3.4505829911031447,0.4223915391769271,0.7833227347389018
11,3,350,3410.000000000001,5412.7600970458125,0.15612958470101326,3.149954044836672,0.7806454309910226,1.5873196765530238
11,6,352,3430.000000000001,5412.7600970458125,0.09604681033252462,0.4507931265453139,0.06832582606445822,1.5780641682349303
11,5,665,6560.000000000001,5412.7600970458125,0.15812758669901528,6.199503148954971,0.8088713764223591,0.8251158684521055
11,1,620,6110.000000000002,5412.7600970458125,0.1374339945768517,4.492476216247892,0.5469624658302951,0.8858854495983324
12,3,385,3760.0000000000014,4981.033252465332,0.15612958470101326,2.3249946757581625,0.4808822680427986,1.3247428862939707
12,6,374,3650.000000000001,4981.033252465332,0.09604681033252462,1.798604665160819,0.235746491912126,1.3646666445110496
12,5,700,6910.000000000002,4981.033252465332,0.15812758669901528,4.744209356103572,0.5407703632283616,0.7208441754653157
12,4,210,2010.0000000221403,4981.033252465332,0.1584130155558727,3.638946472834538,1.428531799208111,2.4781259962241124
12,1,527,5180.000000000002,4981.033252465332,0.1374339945768517,3.161443721196294,0.41780083727460193,0.961589430977863
12,2,700,6910.000000000002,4981.033252465332,0.156272299129442,2.8399810399798278,0.3199181177759412,0.7208441754653157
12,0,620,6110.000000000002,4981.033252465332,0.13757670900528043,3.336008886550565,0.3741539599383266,0.8152263915655206
13,2,560,5510.000000000002,4576.075701577282,0.156272299129442,3.22562602027579,0.41863700714288604,0.8305037570920655
13,6,440,4310.000000000002,4576.075701577282,0.09604681033252462,2.1778888298842367,0.2220928536637143,1.061734501526051
13,5,700,6910.000000000002,4576.075701577282,0.15812758669901528,3.3711840520983722,0.3530248357472224,0.6622396094901999
13,4,630,6210.000000000002,4576.075701577282,0.1584130155558727,3.2523887925232953,0.3796600646043264,0.7368881967113174
13,1,62,530.1310020508638,4576.075701577282,0.1374339945768517,1.0703745845642,1.2698135467186842,8.631971501146479
13,3,700,6910.000000000002,4576.075701577282,0.15612958470101326,3.4666100009553777,0.35843081773890917,0.6622396094901999
13,0,62,530.1310020508638,4576.075701577282,0.13757670900528043,1.097254850250855,1.3030540293097137,8.631971501146479
14,4,245,2360.000000000555,4318.174902926596,0.1584130155558727,3.187447186066416,0.923893868361225,1.8297351283582968
14,3,105,960.0014115816389,4318.174902926596,0.15612958470101326,2.2478957731404567,1.5786640986994231,4.498092243231432
14,5,700,6910.000000000002,4318.174902926596,0.15812758669901528,4.376402232274647,0.4324611067090548,0.6249167732165839
14,2,560,5510.000000000002,4318.174902926596,0.156272299129442,4.063679556154559,0.49767988259731294,0.7836978045238828
14,0,620,6110.000000000002,4318.174902926596,0.13757670900528043,2.6157855943793775,0.254334970517041,0.7067389366491971
14,1,620,6110.000000000002,4318.174902926596,0.1374339945768517,2.6101546147039136,0.25352420075653814,0.7067389366491971
14,6,176,1670.0000007960207,4318.174902926596,0.09604681033252462,2.4670038792207847,0.6126839967444064,2.5857334735738315
15,3,490,4810.000000000001,4766.478162185354,0.15612958470101326,2.4930498883469037,0.385716933139575,0.9909518008701359
15,0,527,5180.000000000002,4766.478162185354,0.13757670900528043,3.8779226564164895,0.49092133582966124,0.9201695293794118
15,2,700,6910.000000000002,4766.478162185354,0.156272299129442,2.8442915384618357,0.3066024855429619,0.689794234759096
15,1,620,6110.000000000002,4766.478162185354,0.1374339945768517,4.051068768735952,0.43433035469002473,0.7801109921743622
15,5,70,610.0563920873398,4766.478162185354,0.15812758669901528,1.908930817187668,2.3584433976312056,7.81317632928425
15,6,440,4310.000000000002,4766.478162185354,0.09604681033252462,1.9930274653780253,0.21169790872741004,1.105911406539525
15,4,560,5510.000000000002,4766.478162185354,0.1584130155558727,3.49042529431492,0.4783163400178123,0.8650595575653998
16,2,700,6910.000000000002,3871.8310271201644,0.156272299129442,4.361396615159193,0.38189672341478026,0.5603228693372161
16,3,245,2360.000000000555,3871.8310271201644,0.15612958470101326,3.246617274984172,0.8316118946018145,1.6406063674234128
16,5,420,4110.000000000002,3871.8310271201644,0.15812758669901528,1.9918939233807438,0.2967210953234345,0.9420513447980932
16,6,440,4310.000000000002,3871.8310271201644,0.09604681033252462,3.377757087398014,0.2914408911748236,0.8983366652250958
16,0,620,6110.000000000002,3871.8310271201644,0.13757670900528043,4.526092145487115,0.39458765448915856,0.6336875658134473
16,1,155,1460.0000072749747,3871.8310271201644,0.1374339945768517,2.6678888928636213,0.972356331341554,2.651939046457106
16,4,210,2010.0000000221403,3871.8310271201644,0.1584130155558727,1.3095703693469327,0.3996133971840871,1.926284093073391
17,4,700,6910.000000000002,5881.034679606109,0.1584130155558727,3.4110866201850243,0.4598956504809611,0.8510904022584816
17,1,465,4560.000000000002,5881.034679606109,0.1374339945768517,3.1793270082884146,0.5635315904330962,1.2897005876329182
17,3,700,6910.000000000002,5881.034679606109,0.15612958470101326,3.5225900405620956,0.46808314209039587,0.8510904022584816
17,6,308,2990.000000000002,5881.034679606109,0.09604681033252462,1.7984636888304055,0.3397560294014686,1.9669012306374936
17,2,595,5860.000000000002,5881.034679606109,0.156272299129442,3.3570980740025056,0.5265045818314336,1.0035895357689604
17,0,620,6110.000000000002,5881.034679606109,0.13757670900528043,3.4913694889211517,0.46233126009113734,0.9625261341417525
17,5,665,6560.000000000001,5881.034679606109,0.15812758669901528,3.34674956531684,0.47443941262144185,0.8964991889643458
18,0,93,840.0049979958054,3468.178444986122,0.13757670900528043,1.6416184671096694,0.9324739543144388,4.128759296981517
18,3,700,6910.000000000002,3468.178444986122,0.15612958470101326,3.5064262198845033,0.2747725201654441,0.5019071555696268
18,4,245,2360.000000000555,3468.178444986122,0.1584130155558727,2.637110734768969,0.6139155864822384,1.4695671377056385
18,6,440,4310.000000000002,3468.178444986122,0.09604681033252462,1.8278936300639697,0.14127263013743938,0.8046817737786822
18,5,700,6910.000000000002,3468.178444986122,0.15812758669901528,3.546163908011062,0.28144260091349826,0.5019071555696268
18,1,186,1770.0000002775555,3468.178444986122,0.1374339945768517,2.259611661170947,0.6084937828280184,1.959422849967386
18,2,105,960.0014115816389,3468.178444986122,0.156272299129442,2.1801880323679264,1.230851094422471,3.612680568117255
19,6,110,1010.0008335248422,4659.315708273504,0.09604681033252462,2.0373608451771634,0.9027163502287762,4.613180062448833
19,0,589,5800.000000000002,4659.315708273504,0.13757670900528043,3.398875430636815,0.37564214287661757,0.8033302945299142
19,5,700,6910.000000000002,4659.315708273504,0.15812758669901528,4.102545228282665,0.43742652212481004,0.674285920155355
19,2,700,6910.000000000002,4659.315708273504,0.156272299129442,3.555293258444153,0.3746291114429,0.674285920155355
19,1,341,3320.0000000000014,4659.315708273504,0.1374339945768517,2.7279302167883563,0.5261523093980098,1.4034083458655127
19,3,35,262.252839954494,4659.315708273504,0.15612958470101326,0.6176055411041085,1.7131615832037645,17.766502391668997
19,4,700,6910.000000000002,4659.315708273504,0.1584130155558727,4.11017982537967,0.43903159525784485,0.674285920155355
20,1,527,5180.000000000002,4786.7989153738545,0.1374339945768517,3.8537883239040482,0.489437735664594,0.9240924547053769
20,4,210,2010.0000000221403,4786.7989153738545,0.1584130155558727,3.280624469093003,1.237646185495789,2.3814919976722027
20,5,280,2710.0000000000146,4786.7989153738545,0.15812758669901528,3.487207882988028,0.9740054203289035,1.7663464632375752
20,2,700,6910.000000000002,4786.7989153738545,0.156272299129442,2.5191970145858065,0.27271640997105984,0.6927350094607603
20,6,440,4310.000000000002,4786.7989153738545,0.09604681033252462,1.8611459484378652,0.19853235386212492,1.1106261984626107
20,0,558,5490.000000000002,4786.7989153738545,0.13757670900528043,3.922171001738674,0.47048337342439656,0.8719123707420497
20,3,700,6910.000000000002,4786.7989153738545,0.15612958470101326,2.510311299808377,0.27150630670647885,0.6927350094607603
21,1,403,3940.000000000001,4226.436644411583,0.1374339945768517,3.4034015086654605,0.50174782434209,1.0726996559420259
21,0,620,6110.000000000002,4226.436644411583,0.13757670900528043,3.919702645740707,0.37301920433688257,0.6917244917203899
21,2,700,6910.000000000002,4226.436644411583,0.156272299129442,3.835526663551923,0.36660916989546793,0.6116406142419076
21,5,245,2360.000000000555,4226.436644411583,0.15812758669901528,1.8238614476067907,0.5164899157134838,1.7908629849197413
21,4,105,960.0014115816389,4226.436644411583,0.1584130155558727,1.3313017147996853,0.928474208447021,4.402531697790286
21,6,176,1670.0000007960207,4226.436644411583,0.09604681033252462,1.610280760880058,0.3914194863390137,2.5308003846688703
21,3,700,6910.000000000002,4226.436644411583,0.15612958470101326,3.8421707995664267,0.3669088500654815,0.6116406142419076
22,1,403,3940.000000000001,5114.973818220396,0.1374339945768517,3.4636432367990895,0.6179801353984593,1.29821670513208
22,5,700,6910.000000000002,5114.973818220396,0.15812758669901528,2.6030259710660983,0.30468530718169784,0.740227759510911
22,6,440,4310.000000000002,5114.973818220396,0.09604681033252462,2.398209999090704,0.2733608404373169,1.1867688673365184
22,0,589,5800.000000000002,5114.973818220396,0.13757670900528043,3.9365947831444936,0.47761840119911864,0.881892037624206
22,3,105,960.0014115816389,5114.973818220396,0.15612958470101326,2.3878243840219033,1.9863653497056841,5.328089892902639
22,4,665,6560.000000000001,5114.973818220396,0.1584130155558727,2.5558366652200433,0.3156919684221605,0.7797216186311579
22,2,700,6910.000000000002,5114.973818220396,0.156272299129442,4.135801309355701,0.47841747624122954,0.740227759510911
23,6,440,4310.000000000002,4660.266876121023,0.09604681033252462,2.653412076683867,0.2755631660254711,1.0812684167334157
23,0,310,3010.0000000000014,4660.266876121023,0.13757670900528043,3.1469177639980632,0.670308308644809,1.548261420638213
23,5,175,1660.0000008844675,4660.266876121023,0.15812758669901528,2.8080578942471175,1.2465692221435831,2.807389682914445
23,1,279,2700.0000000000164,4660.266876121023,0.1374339945768517,3.026942499933098,0.718034587276836,1.7260247689337018
23,2,665,6560.000000000001,4660.266876121023,0.156272299129442,2.5617385879349746,0.2843961810807806,0.7104065359940583
23,3,700,6910.000000000002,4660.266876121023,0.15612958470101326,2.6163384399612446,0.27549382379270615,0.674423571073954
23,4,700,6910.000000000002,4660.266876121023,0.1584130155558727,4.199127064609483,0.4486241187442574,0.674423571073954
24,2,70,610.0563920873398,3630.6039497332586,0.156272299129442,1.856623570642738,1.7266915163291645,5.951259583250915
24,6,132,1230.0000820831015,3630.6039497332586,0.09604681033252462,1.2755334290723837,0.3616167403893864,2.951710331258309
24,1,620,6110.000000000002,3630.6039497332586,0.1374339945768517,3.3631400901717834,0.2746482228590496,0.5942068657501239
24,4,700,6910.000000000002,3630.6039497332586,0.1584130155558727,3.2045286770790207,0.26672016558923006,0.5254130173275336
24,5,245,2360.000000000555,3630.6039497332586,0.15812758669901528,2.171810485622652,0.5283192576011406,1.5383915041239005
24,0,31,223.43368382029254,3630.6039497332586,0.13757670900528043,0.4915349481130282,1.098827570896469,16.249134363524835
24,3,700,6910.000000000002,3630.6039497332586,0.15612958470101326,3.9311551075493547,0.32248254501273244,0.5254130173275336
25,4,700,6910.000000000002,3653.1120631051454,0.1584130155558727,4.199624598895796,0.351711265865428,0.5286703419833784
25,0,31,223.43368382029254,3653.1120631051454,0.13757670900528043,0.5327740953008463,1.198401559820454,16.34987169635237
25,2,315,3060.0000000000014,3653.1120631051454,0.156272299129442,2.3628676389032295,0.44082169937168253,1.1938274716029882
25,5,315,3060.0000000000014,3653.1120631051454,0.15812758669901528,3.2743779815913783,0.6181274389344926,1.1938274716029882
25,6,440,4310.000000000002,3653.1120631051454,0.09604681033252462,3.3544583014736435,0.27308073875337735,0.8475898058248593
25,3,700,6910.000000000002,3653.1120631051454,0.15612958470101326,3.2926831167554944,0.2717816236420091,0.5286703419833784
25,1,62,530.1310020508638,3653.1120631051454,0.1374339945768517,1.053803926712791,0.9980074299102086,6.890961005813135
26,4,630,6210.000000000002,4095.693100142,0.1584130155558727,3.8461203497721312,0.40183664328664126,0.6595319001838967
26,2,105,960.0014115816389,4095.693100142,0.156272299129442,2.773553285247062,1.8491581266036399,4.266340706097702
26,0,155,1460.0000072749747,4095.693100142,0.13757670900528043,1.6195846949883181,0.6250620457354096,2.8052692326943407
26,3,700,6910.000000000002,4095.693100142,0.15612958470101326,4.264632801645984,0.39465372526032416,0.5927196961131691
26,5,280,2710.0000000000146,4095.693100142,0.15812758669901528,3.1261248458283637,0.7470885435626962,1.5113258672110619
26,1,620,6110.000000000002,4095.693100142,0.1374339945768517,2.5626478575709926,0.23608549131154893,0.6703262029692305
26,6,440,4310.000000000002,4095.693100142,0.09604681033252462,1.7186373531143144,0.15686184889489413,0.9502768213786539
27,3,525,5160.000000000001,5545.754246530623,0.15612958470101326,2.9360134994557114,0.4926677920565219,1.0747585749090354
27,1,527,5180.000000000002,5545.754246530623,0.1374339945768517,3.4268011807172867,0.5042128831890618,1.0706089279016644
27,5,700,6910.000000000002,5545.754246530623,0.15812758669901528,4.024032741682252,0.5106833770988526,0.8025693555037079
27,4,700,6910.000000000002,5545.754246530623,0.1584130155558727,4.027073140305416,0.511991736721442,0.8025693555037079
27,6,154,1450.0000080833054,5545.754246530623,0.09604681033252462,2.19195072976277,0.8052047912679579,3.824658079734306
27,0,620,6110.000000000002,5545.754246530623,0.13757670900528043,3.656098487570453,0.45654355136338093,0.9076520861752245
27,2,560,5510.000000000002,5545.754246530623,0.156272299129442,2.9988592711168773,0.4716796169506107,1.0064889739620002
28,1,248,2390.0000000004047,4283.011494829558,0.1374339945768517,2.6262361877180034,0.6468138190719493,1.7920550187568336
28,3,105,960.0014115816389,4283.011494829558,0.15612958470101326,2.222146711034025,1.5478729169394836,4.461463746988802
28,0,620,6110.000000000002,4283.011494829558,0.13757670900528043,3.4727119365775474,0.3349050574737416,0.7009838780408439
28,5,700,6910.000000000002,4283.011494829558,0.15812758669901528,3.720530033871155,0.36465624049998097,0.6198280021461008
28,2,525,5160.000000000001,4283.011494829558,0.156272299129442,3.12133013926301,0.4048752655941912,0.8300409873700691
28,6,440,4310.000000000002,4283.011494829558,0.09604681033252462,1.5872161748826237,0.1514924527568066,0.9937381658537253
28,4,420,4110.000000000002,4283.011494829558,0.1584130155558727,3.2428538667647793,0.5353350240312584,1.042095254216437
29,2,385,3760.0000000000014,4446.316540602312,0.156272299129442,2.2179390547212128,0.4098681227600281,1.1825309948410399
29,3,385,3760.0000000000014,4446.316540602312,0.15612958470101326,2.214778426223633,0.4089102732227612,1.1825309948410399
29,6,440,4310.000000000002,4446.316540602312,0.09604681033252462,2.9174041771235046,0.2890697551619961,1.0316279676571485
29,1,620,6110.000000000002,4446.316540602312,0.1374339945768517,3.857616740786034,0.38580905352193856,0.72771138144064
29,0,248,2390.0000000004047,4446.316540602312,0.13757670900528043,2.709336026051407,0.693442195912849,1.8603834897914473
29,4,700,6910.000000000002,4446.316540602312,0.1584130155558727,4.0942904839975,0.41734176028936704,0.6434611491464993
29,5,385,3760.0000000000014,4446.316540602312,0.15812758669901528,3.4050383867071634,0.6367107580194756,1.1825309948410399
30,4,490,4810.000000000001,4412.964399346084,0.1584130155558727,3.307805854860658,0.4807465988115825,0.9174562160802667
30,6,176,1670.0000007960207,4412.964399346084,0.09604681033252462,1.3461964120605883,0.34166880442518655,2.6424936510434756
30,2,105,960.0014115816389,4412.964399346084,0.156272299129442,1.8769674519682,1.3483334091014048,4.596831156816277
30,1,248,2390.0000000004047,4412.964399346084,0.1374339945768517,2.472737200147992,0.6274868877423786,1.8464286189729442
30,5,700,6910.000000000002,4412.964399346084,0.15812758669901528,3.690419444265957,0.37267971032130676,0.6386345006289555
30,3,700,6910.000000000002,4412.964399346084,0.15612958470101326,3.294641571896176,0.32850785241488895,0.6386345006289555
30,0,620,6110.000000000002,4412.964399346084,0.13757670900528043,3.4583556896881995,0.34364006158607985,0.7222527658504228
31,2,175,1660.0000008844675,4685.432766221868,0.156272299129442,1.582482564198187,0.6980114671454741,2.8225498576659125
31,4,455,4460.000000000002,4685.432766221868,0.1584130155558727,3.539433998968437,0.5890328709163198,1.0505454632784454
31,5,595,5860.000000000002,4685.432766221868,0.15812758669901528,3.836818631598949,0.485099701709189,0.7995619054986121
31,6,44,350.8727963568088,4685.432766221868,0.09604681033252462,0.7318529885610744,0.9386567544450551,13.353650710091438
31,3,700,6910.000000000002,4685.432766221868,0.15612958470101326,2.8875501000901327,0.3056936346113691,0.678065523331674
31,1,620,6110.000000000002,4685.432766221868,0.1374339945768517,3.7308589705850004,0.3931981831321652,0.766846606582957
31,0,620,6110.000000000002,4685.432766221868,0.13757670900528043,3.712935826047226,0.3917155927033934,0.766846606582957
32,3,70,610.0563920873398,4444.041914221317,0.15612958470101326,1.9106664693652944,2.1730926908366075,7.284641177212808
32,1,279,2700.0000000000164,4444.041914221317,0.1374339945768517,2.995141370668268,0.6775258624987749,1.6459414497115887
32,4,490,4810.000000000001,4444.041914221317,0.1584130155558727,3.3711468823218205,0.4934027964574333,0.9239172378838495
32,5,700,6910.000000000002,4444.041914221317,0.15812758669901528,3.712212851793635,0.37752056285110813,0.6431319702201614
32,6,220,2110.0000000077202,4444.041914221317,0.09604681033252462,1.0700849963013175,0.21646959899908735,2.1061810019929177
32,2,700,6910.000000000002,4444.041914221317,0.156272299129442,3.179609977773389,0.3195626043018562,0.6431319702201614
32,0,620,6110.000000000002,4444.041914221317,0.13757670900528043,3.7561808826305834,0.37586193955060776,0.7273391021638814
33,6,440,4310.000000000002,4252.086491531789,0.09604681033252462,3.4004163782490844,0.32221063128094907,0.9865629910746606
33,0,155,1460.0000072749747,4252.086491531789,0.13757670900528043,2.438755165407249,0.9771525070771813,2.912387993386466
33,3,595,5860.000000000002,4252.086491531789,0.15612958470101326,2.5750791636512473,0.2917294432302648,0.7256120292716361
33,4,385,3760.0000000000014,4252.086491531789,0.1584130155558727,3.690490217984537,0.661133501732109,1.1308740668967519
33,1,620,6110.000000000002,4252.086491531789,0.1374339945768517,4.227582451757685,0.4043403994710533,0.6959225027056936
33,5,140,1310.0000353340838,4252.086491531789,0.15812758669901528,2.641920407079223,1.3559952086059988,3.2458674632381954
33,2,700,6910.000000000002,4252.086491531789,0.156272299129442,2.7802696668581968,0.2673578657671321,0.6153526036949042
34,2,700,6910.000000000002,3902.918035791714,0.156272299129442,4.186769448907291,0.36954934053453237,0.5648217128497414
34,1,31,223.43368382029254,3902.918035791714,0.1374339945768517,0.5135326008595262,1.2328293750693098,17.467903536562673
34,5,315,3060.0000000000014,3902.918035791714,0.15812758669901528,2.111867454950117,0.4259339960539927,1.2754634103894484
34,3,700,6910.000000000002,3902.918035791714,0.15612958470101326,4.172393573881255,0.3679441105581067,0.5648217128497414
34,4,140,1310.0000353340838,3902.918035791714,0.1584130155558727,1.628462380518282,0.7685758164140332,2.979326664519035
34,6,198,1890.0000000783903,3902.918035791714,0.09604681033252462,1.5131262275497936,0.3001136387574968,2.0650359976877435
34,0,620,6110.000000000002,3902.918035791714,0.13757670900528043,3.514575800740186,0.3088631180546084,0.6387754559397238
35,4,385,3760.0000000000014,5277.031539896213,0.1584130155558727,2.49895375698036,0.5555855295723848,1.4034658350787796
35,0,620,6110.000000000002,5277.031539896213,0.13757670900528043,3.3244892837465048,0.39501931669965973,0.8636712831254029
35,2,560,5510.000000000002,5277.031539896213,0.156272299129442,4.088696431076985,0.6119345297202275,0.957718972757933
35,5,700,6910.000000000002,5277.031539896213,0.15812758669901528,3.1888564814510483,0.38508292248442405,0.7636803965117528
35,1,465,4560.000000000002,5277.031539896213,0.1374339945768517,2.9764646242506214,0.4733907222061236,1.157243758749169
35,3,700,6910.000000000002,5277.031539896213,0.15612958470101326,4.34596704884898,0.5181831374292348,0.7636803965117528
35,6,198,1890.0000000783903,5277.031539896213,0.09604681033252462,2.1905924106418158,0.5874520330427576,2.792080179723461
36,0,620,6110.000000000002,4460.349650349652,0.13757670900528043,3.420256325884796,0.3435035784744794,0.7300081260801392
36,3,350,3410.000000000001,4460.349650349652,0.15612958470101326,3.11428947834483,0.6360023330038338,1.308020425322478
36,1,620,6110.000000000002,4460.349650349652,0.1374339945768517,3.4264314831667884,0.34376678772660785,0.7300081260801392
36,6,440,4310.000000000002,4460.349650349652,0.09604681033252462,1.749255930706533,0.17387131403892703,1.0348839095938862
36,5,490,4810.000000000001,4460.349650349652,0.15812758669901528,3.019995144079932,0.4428306943347613,0.927307619615312
36,4,350,3410.000000000001,4460.349650349652,0.1584130155558727,2.744440710688933,0.5686685887385622,1.308020425322478
36,2,350,3410.000000000001,4460.349650349652,0.156272299129442,3.1288833852547513,0.6395667899414962,1.308020425322478
37,4,665,6560.000000000001,4859.759033005612,0.1584130155558727,3.327340759174406,0.39048021848397635,0.7408169257630505
37,2,700,6910.000000000002,4859.759033005612,0.156272299129442,3.3111433484666684,0.36391224824440876,0.7032936371932866
37,0,589,5800.000000000002,4859.759033005612,0.13757670900528043,3.7043189871950952,0.42701195709280765,0.8378894884492432
37,5,350,3410.000000000001,4859.759033005612,0.15812758669901528,2.7006525604928044,0.6086066806615261,1.4251492765412348
37,3,105,960.0014115816389,4859.759033005612,0.15612958470101326,1.8340556667982573,1.4495746372522214,5.0622415492066555
37,1,620,6110.000000000002,4859.759033005612,0.1374339945768517,3.77174314966314,0.412296649261602,0.79537791047555
37,6,440,4310.000000000002,4859.759033005612,0.09604681033252462,2.1411854841058284,0.23188609269312424,1.1275543000013015
38,4,385,3760.0000000000014,5398.247466826425,0.1584130155558727,3.1571671885975974,0.7180478508496015,1.4357041135176656
38,3,700,6910.000000000002,5398.247466826425,0.15612958470101326,2.7958330544161174,0.34101319358368526,0.781222498817138
38,1,620,6110.000000000002,5398.247466826425,0.1374339945768517,4.112581477799829,0.49936748873053843,0.8835102237031789
38,5,700,6910.000000000002,5398.247466826425,0.15812758669901528,3.8036570974264547,0.4698765195579993,0.781222498817138
38,2,665,6560.000000000001,5398.247466826425,0.156272299129442,2.73967168007994,0.352313652138057,0.8229035772601256
38,6,198,1890.0000000783903,5398.247466826425,0.09604681033252462,1.960660835564638,0.537868865633933,2.856215590794987
38,0,434,4250.000000000002,5398.247466826425,0.13757670900528043,3.6716660809305175,0.6416112252144729,1.2701758745473934
39,3,700,6910.000000000002,5003.108426515011,0.15612958470101326,3.528680433682262,0.39889574284686563,0.7240388460947916
39,4,700,6910.000000000002,5003.108426515011,0.1584130155558727,3.3923196945883376,0.3890894924150645,0.7240388460947916
39,2,665,6560.000000000001,5003.108426515011,0.156272299129442,3.50212828000695,0.41739777256152005,0.7626689674565564
39,5,700,6910.000000000002,5003.108426515011,0.15812758669901528,3.376828356672601,0.38661481900421646,0.7240388460947916
39,6,110,1010.0008335248422,5003.108426515011,0.09604681033252462,0.7969031690179134,0.37914617881322493,4.953568611477738
39,0,341,3320.0000000000014,5003.108426515011,0.13757670900528043,2.947392395735236,0.6110611968505095,1.5069603694322316
39,1,124,1150.0001906837483,5003.108426515011,0.1374339945768517,2.0467484585429254,1.2237723716989464,4.3505283451651815
40,3,490,4810.000000000001,5224.830883402313,0.15612958470101326,3.4804998945545758,0.5902744577249147,1.0862434269027674
40,5,700,6910.000000000002,5224.830883402313,0.15812758669901528,3.865207612038671,0.4621411699975157,0.7561260323302911
40,1,620,6110.000000000002,5224.830883402313,0.1374339945768517,2.808142194310363,0.3300230642289825,0.8551278041574978
40,0,620,6110.000000000002,5224.830883402313,0.13757670900528043,2.8155808874837933,0.331240897342533,0.8551278041574978
40,2,350,3410.000000000001,5224.830883402313,0.156272299129442,3.1413738098964332,0.752176012240486,1.5322084702059564
40,6,374,3650.000000000001,5224.830883402313,0.09604681033252462,2.19261306346398,0.301456267349263,1.4314605160006333
40,4,525,5160.000000000001,5224.830883402313,0.1584130155558727,3.540530994073938,0.5679129842041531,1.0125641246903705
41,0,620,6110.000000000002,4191.577236041696,0.13757670900528043,3.495938410189273,0.32994758357933945,0.6860191875681988
41,4,490,4810.000000000001,4191.577236041696,0.1584130155558727,3.338901844949931,0.46092144009846464,0.8714297788028472
41,2,245,2360.000000000555,4191.577236041696,0.156272299129442,2.3760297847844734,0.6594765423482541,1.7760920491697927
41,3,70,610.0563920873398,4191.577236041696,0.15612958470101326,1.6838918951501436,1.8063707916036715,6.870802913317563
41,6,440,4310.000000000002,4191.577236041696,0.09604681033252462,1.9504202082246556,0.18218446334336338,0.9725237206593258
41,5,560,5510.000000000002,4191.577236041696,0.15812758669901528,3.447317702594253,0.41468165838875065,0.760721821423175
41,1,620,6110.000000000002,4191.577236041696,0.1374339945768517,3.509670154207862,0.33089997549773326,0.6860191875681988
42,2,700,6910.000000000002,5248.334522658423,0.156272299129442,2.5243347185541603,0.2996211064084906,0.7595274273022319
42,1,527,5180.000000000002,5248.334522658423,0.1374339945768517,4.250922555146164,0.5919283101384573,1.013191992791201
42,3,455,4460.000000000002,5248.334522658423,0.15612958470101326,2.02267351558294,0.37161877073763827,1.1767566194301393
42,5,700,6910.000000000002,5248.334522658423,0.15812758669901528,4.38944770111955,0.5271824973651494,0.7595274273022319
42,4,700,6910.000000000002,5248.334522658423,0.1584130155558727,4.397012191845762,0.5290442425084868,0.7595274273022319
42,0,186,1770.0000002775555,5248.334522658423,0.13757670900528043,2.8829634183437047,1.1760676129414882,2.965160746799676
42,6,352,3430.000000000001,5248.334522658423,0.09604681033252462,3.0942796902172756,0.454747062258218,1.5301266829907936
43,4,350,3410.000000000001,5603.463679177967,0.1584130155558727,3.1177455542827532,0.8115844403405392,1.6432444806973505
43,2,700,6910.000000000002,5603.463679177967,0.156272299129442,3.5850641222785637,0.45431538429318463,0.8109209376523828
43,1,620,6110.000000000002,5603.463679177967,0.1374339945768517,3.1171233850020528,0.3928832501969479,0.917097165168243
43,0,589,5800.000000000002,5603.463679177967,0.13757670900528043,3.0731788134702818,0.40847108088727924,0.9661144274444767
43,6,418,4090.0000000000014,5603.463679177967,0.09604681033252462,1.855524351142604,0.24416468986546558,1.3700400193589155
43,5,700,6910.000000000002,5603.463679177967,0.15812758669901528,3.797084302967439,0.4868962124938933,0.8109209376523828
43,3,560,5510.000000000002,5603.463679177967,0.15612958470101326,3.3562202595240316,0.5328937436941897,1.0169625552047123
44,4,700,6910.000000000002,4763.878978241236,0.1584130155558727,3.378810158491563,0.369009311567315,0.6894180865761556
44,5,630,6210.000000000002,4763.878978241236,0.15812758669901528,3.2548086907324594,0.39482280515837465,0.7671302702481859
44,0,620,6110.000000000002,4763.878978241236,0.13757670900528043,3.530115262507699,0.3786633843546008,0.7796855938201693
44,2,245,2360.000000000555,4763.878978241236,0.156272299129442,2.6614458346183527,0.8395534501982935,2.0185927873898795
44,6,176,1670.0000007960207,4763.878978241236,0.09604681033252462,1.248831179016879,0.34216133247638425,2.8526221412996944
44,3,315,3060.0000000000014,4763.878978241236,0.15612958470101326,2.8365511932648197,0.6894696032598355,1.556823195503671
44,1,620,6110.000000000002,4763.878978241236,0.1374339945768517,3.4920105966851125,0.37418746290020743,0.7796855938201693
45,3,490,4810.000000000001,4500.99539851074,0.15612958470101326,2.545351477620695,0.37187455032254374,0.9357578791082619
45,5,700,6910.000000000002,4500.99539851074,0.15812758669901528,3.8139680285627375,0.3928395570041655,0.6513741531853458
45,2,280,2710.0000000000146,4500.99539851074,0.156272299129442,2.0809991470876423,0.5401236352447812,1.6608839108895632
45,0,217,2080.00000001059,4500.99539851074,0.13757670900528043,2.635299210048812,0.7845490163557488,2.1639400954268386
45,4,700,6910.000000000002,4500.99539851074,0.1584130155558727,3.834580131814647,0.39567553712889253,0.6513741531853458
45,6,22,138.8629381196525,4500.99539851074,0.09604681033252462,0.2102057124945818,0.654409627299079,32.41322313540865
45,1,620,6110.000000000002,4500.99539851074,0.1374339945768517,3.8140867399698974,0.3861464920881946,0.7366604580213976
46,0,620,6110.000000000002,4596.980162832541,0.13757670900528043,3.4324777510213207,0.35529088573572637,0.7523699120838854
46,6,440,4310.000000000002,4596.980162832541,0.09604681033252462,1.7856299098540775,0.18292360768963367,1.0665847245551134
46,3,175,1660.0000008844675,4596.980162832541,0.15612958470101326,2.233544120305098,0.9657045588809755,2.7692651568573594
46,1,434,4250.000000000002,4596.980162832541,0.1374339945768517,3.045023417853485,0.45265623432316887,1.081642391254715
46,4,595,5860.000000000002,4596.980162832541,0.1584130155558727,3.7177883969881496,0.46200911367339387,0.7844676045789317
46,2,315,3060.0000000000014,4596.980162832541,0.156272299129442,2.5574980493844217,0.6004108282220064,1.502281098964882
46,5,700,6910.000000000002,4596.980162832541,0.15812758669901528,3.8716230033665897,0.40728206571270625,0.6652648571392967
47,6,242,2330.000000000761,4982.814328528776,0.09604681033252462,1.8972433232826218,0.38969493708852715,2.1385469221146565
47,2,665,6560.000000000001,4982.814328528776,0.156272299129442,2.7259677453128326,0.3235739717337324,0.7595753549586548
47,5,700,6910.000000000002,4982.814328528776,0.15812758669901528,4.038176109001693,0.460457504227802,0.7211019288753654
47,4,245,2360.000000000555,4982.814328528776,0.1584130155558727,2.9650575522986564,0.9917145623576202,2.111362003613392
47,1,620,6110.000000000002,4982.814328528776,0.1374339945768517,3.8068478466140725,0.42667105643390796,0.8155178933762315
47,0,620,6110.000000000002,4982.814328528776,0.13757670900528043,3.787972280024148,0.4249963527486558,0.8155178933762315
47,3,385,3760.0000000000014,4982.814328528776,0.15612958470101326,2.1469232154332527,0.4442102509026838,1.3252165767363762
48,1,620,6110.000000000002,4640.164363207695,0.1374339945768517,3.771192938532835,0.3936090503416299,0.7594377026526503
48,4,700,6910.000000000002,4640.164363207695,0.1584130155558727,3.3025026094393026,0.3513090580841516,0.6715143796248472
48,6,198,1890.0000000783903,4640.164363207695,0.09604681033252462,1.3461429052547145,0.31742832212812966,2.455113419584782
48,2,490,4810.000000000001,4640.164363207695,0.156272299129442,3.0553183729316022,0.4606029989731793,0.9646911358020154
48,3,70,610.0563920873398,4640.164363207695,0.15612958470101326,1.7773474406704466,2.1106728319283086,7.606123668881053
48,5,700,6910.000000000002,4640.164363207695,0.15812758669901528,3.2900506954607387,0.34935386294845855,0.6715143796248472
48,0,434,4250.000000000002,4640.164363207695,0.13757670900528043,3.354494113291714,0.5038675440729723,1.0918033795782807
49,3,700,6910.000000000002,5263.6549165120605,0.15612958470101326,2.504264048840098,0.29783428189706107,0.761744561000298
49,6,440,4310.000000000002,5263.6549165120605,0.09604681033252462,3.1648549459720146,0.37123327423276137,1.2212656418821481
49,4,525,5160.000000000001,5263.6549165120605,0.1584130155558727,4.071468131669419,0.657929877598568,1.0200881621147402
49,1,527,5180.000000000002,5263.6549165120605,0.1374339945768517,4.12009579956592,0.5753857917853261,1.0161495977822508
49,2,525,5160.000000000001,5263.6549165120605,0.156272299129442,2.1627638673958867,0.3447694807114516,1.0200881621147402
49,0,620,6110.000000000002,5263.6549165120605,0.13757670900528043,4.331822775003674,0.5134070119315136,0.8614819830625301
49,5,385,3760.0000000000014,5263.6549165120605,0.15812758669901528,3.731106711247942,0.8259331120489707,1.3999082224766113
50,2,700,6910.000000000002,5259.576138224023,0.156272299129442,3.402129977058,0.404674279677024,0.761154289178585
50,4,700,6910.000000000002,5259.576138224023,0.1584130155558727,3.376812643268442,0.4071650812281486,0.761154289178585
50,0,465,4560.000000000002,5259.576138224023,0.13757670900528043,3.3734816106355057,0.5353146972164036,1.1534158197859696
50,5,525,5160.000000000001,5259.576138224023,0.15812758669901528,3.0669994947298,0.49433617415629766,1.0192977012062059
50,1,620,6110.000000000002,5259.576138224023,0.1374339945768517,3.726320187152325,0.44084292477125103,0.8608144252412474
50,3,420,4110.000000000002,5259.576138224023,0.15612958470101326,2.905016418409042,0.5804204696499902,1.2797022234121707
50,6,176,1670.0000007960207,5259.576138224023,0.09604681033252462,1.2503568788996662,0.3782258516962639,3.1494467878544903
51,4,700,6910.000000000002,5326.362209219408,0.1584130155558727,3.530654649673873,0.43112057479028626,0.7708194224630112
51,0,248,2390.0000000004047,5326.362209219408,0.13757670900528043,2.614215216066167,0.8015286492830865,2.2286034348194588
51,2,630,6210.000000000002,5326.362209219408,0.156272299129442,3.3013852688859924,0.4425041082456411,0.8577072800675373
51,6,440,4310.000000000002,5326.362209219408,0.09604681033252462,1.8282505110603595,0.2170061672543211,1.2358148977307206
51,5,700,6910.000000000002,5326.362209219408,0.15812758669901528,3.514215298264868,0.4283400243376735,0.7708194224630112
51,3,630,6210.000000000002,5326.362209219408,0.15612958470101326,3.2931723786094587,0.4410001781752281,0.8577072800675373
51,1,341,3320.0000000000014,5326.362209219408,0.1374339945768517,2.9289157357270397,0.6457934854938635,1.6043259666323513
52,4,105,960.0014115816389,4449.610613226797,0.1584130155558727,2.154275992148057,1.58176637326045,4.635004240145745
52,2,665,6560.000000000001,4449.610613226797,0.156272299129442,3.592401776516936,0.38078959441216864,0.6782943007967677
52,3,560,5510.000000000002,4449.610613226797,0.15612958470101326,3.407069017902918,0.4295725722421312,0.8075518354313603
52,0,620,6110.000000000002,4449.610613226797,0.13757670900528043,3.057274550306593,0.306309280158118,0.7282505095297538
52,6,440,4310.000000000002,4449.610613226797,0.09604681033252462,2.12223232480014,0.21043627673149373,1.0323922536489083
52,5,210,2010.0000000221403,4449.610613226797,0.15812758669901528,2.6436195124092787,0.92540649138347,2.2137366234715343
52,1,620,6110.000000000002,4449.610613226797,0.1374339945768517,3.073203709122662,0.307585823730011,0.7282505095297538
53,4,385,3760.0000000000014,4959.408790059675,0.1584130155558727,1.8049454216791965,0.3771351380662531,1.3189916994839557
53,2,350,3410.000000000001,4959.408790059675,0.156272299129442,3.594939352568813,0.8170508728064151,1.4543720791963852
53,1,620,6110.000000000002,4959.408790059675,0.1374339945768517,4.2436692417896555,0.47339579265400256,0.8116871996824343
53,6,44,350.8727963568088,4959.408790059675,0.09604681033252462,1.0287347029529603,1.3965823415258098,14.13449216227172
53,3,665,6560.000000000001,4959.408790059675,0.15612958470101326,4.280961707982464,0.505303859950545,0.7560074375090967
53,0,620,6110.000000000002,4959.408790059675,0.13757670900528043,4.262876828583605,0.4760322739522096,0.8116871996824343
53,5,700,6910.000000000002,4959.408790059675,0.15812758669901528,2.4881048727408914,0.2823762618923215,0.7177147308335273
54,6,264,2550.0000000000755,5282.3162551734085,0.09604681033252462,0.8586195246672558,0.17083148862135014,2.071496570656177
54,2,280,2710.0000000000146,5282.3162551734085,0.156272299129442,2.872579561237363,0.8750022625297852,1.9491941901008782
54,0,620,6110.000000000002,5282.3162551734085,0.13757670900528043,3.783913833289061,0.45005888864390287,0.8645362119760077
54,1,620,6110.000000000002,5282.3162551734085,0.1374339945768517,3.799297312650554,0.4514198362917229,0.8645362119760077
54,5,665,6560.000000000001,5282.3162551734085,0.15812758669901528,3.707600761163329,0.4720860477364987,0.805231136459361
54,3,700,6910.000000000002,5282.3162551734085,0.15612958470101326,3.47784265048514,0.41508924925722945,0.7644451888818244
54,4,525,5160.000000000001,5282.3162551734085,0.1584130155558727,3.5289303636234064,0.5722801038299642,1.0237047006150015
55,5,700,6910.000000000002,3679.639067461729,0.15812758669901528,3.5881641511659383,0.3021392310838673,0.5325092717021315
55,4,700,6910.000000000002,3679.639067461729,0.1584130155558727,3.595342328283006,0.30329013393417303,0.5325092717021315
55,3,35,262.252839954494,3679.639067461729,0.15612958470101326,0.9392586427021815,2.057573821607474,14.030883585856376
55,6,440,4310.000000000002,3679.639067461729,0.09604681033252462,2.0212536006590196,0.16574166766871012,0.8537445632161781
55,1,62,530.1310020508638,3679.639067461729,0.1374339945768517,1.2256705991831733,1.1692030965883,6.940999589208487
55,0,124,1150.0001906837483,3679.639067461729,0.13757670900528043,1.9873900743672503,0.8748535163296135,3.1996856150727675
55,2,525,5160.000000000001,3679.639067461729,0.156272299129442,2.8644278620967736,0.31920920803145897,0.7131083464073117
56,6,88,790.008464149783,5566.330197855404,0.09604681033252462,2.8314424295299707,1.9161429405385009,7.045912101519011
56,3,455,4460.000000000002,5566.330197855404,0.15612958470101326,3.106539363311078,0.6053355393003693,1.2480560981738569
56,2,700,6910.000000000002,5566.330197855404,0.156272299129442,3.6063177242572153,0.4539801938911936,0.8055470619182926
56,4,700,6910.000000000002,5566.330197855404,0.1584130155558727,5.099815152285988,0.6507830219206377,0.8055470619182926
56,0,589,5800.000000000002,5566.330197855404,0.13757670900528043,3.9883837124500148,0.5266023856456924,0.9597121030785176
56,5,630,6210.000000000002,5566.330197855404,0.15812758669901528,4.963862849784369,0.7035658991129454,0.8963494682536879
56,1,620,6110.000000000002,5566.330197855404,0.1374339945768517,4.045519635296844,0.5065195800651747,0.9110196723167597
57,4,420,4110.000000000002,4101.345802785542,0.1584130155558727,3.5354967056387205,0.5588893892906244,0.9978943559088906
57,0,620,6110.000000000002,4101.345802785542,0.13757670900528043,3.6819547011294294,0.3400231883846998,0.6712513588847039
57,1,620,6110.000000000002,4101.345802785542,0.1374339945768517,3.688867578936311,0.3403081992618492,0.6712513588847039
57,2,700,6910.000000000002,4101.345802785542,0.156272299129442,3.8203126522478805,0.35434739896200046,0.5935377428054329
57,6,242,2330.000000000761,4101.345802785542,0.09604681033252462,0.6123219793556565,0.10352214512210348,1.7602342501219757
57,3,175,1660.0000008844675,4101.345802785542,0.15612958470101326,3.130912166074698,1.207742609372594,2.4706902413254803
57,5,140,1310.0000353340838,4101.345802785542,0.15812758669901528,3.1032081516380385,1.5362915119927592,3.1307982382913395
58,2,700,6910.000000000002,4397.866642505065,0.156272299129442,3.5764112669254557,0.35570786238170254,0.6364495864696185
58,6,242,2330.000000000761,4397.866642505065,0.09604681033252462,2.5091121170884216,0.4548719425526142,1.8874964130916863
58,4,700,6910.000000000002,4397.866642505065,0.1584130155558727,3.157774021015774,0.3183727710178954,0.6364495864696185
58,3,280,2710.0000000000146,4397.866642505065,0.15612958470101326,2.5827845285596545,0.6544043022705334,1.622829019374554
58,5,105,960.0014115816389,4397.866642505065,0.15812758669901528,1.3049009166917067,0.9452688868748294,4.581104349898207
58,0,620,6110.000000000002,4397.866642505065,0.13757670900528043,4.201785088028084,0.41608264124044786,0.719781774550747
58,1,434,4250.000000000002,4397.866642505065,0.1374339945768517,3.7259250620269455,0.5298847386455466,1.0347921511776619
59,1,620,6110.000000000002,4872.5264236419125,0.1374339945768517,3.9105903029070204,0.42859734988843384,0.7974674997777269
59,0,620,6110.000000000002,4872.5264236419125,0.13757670900528043,3.922138979879253,0.43030945410114596,0.7974674997777269
59,4,70,610.0563920873398,4872.5264236419125,0.1584130155558727,1.4699152166472964,1.8598048163192527,7.987009868006315
59,6,132,1230.0000820831015,4872.5264236419125,0.09604681033252462,1.1295594448765556,0.4297749520904872,3.9614033320956428
59,2,700,6910.000000000002,4872.5264236419125,0.156272299129442,3.625644431798709,0.39952445497138717,0.705141305881608
59,5,665,6560.000000000001,4872.5264236419125,0.15812758669901528,2.938559176248253,0.3451377371527681,0.7427631743356573
59,3,560,5510.000000000002,4872.5264236419125,0.15612958470101326,3.3967328168802986,0.46897446401939147,0.884306065996717
60,1,620,6110.000000000002,4194.155849753227,0.1374339945768517,4.3303365634962825,0.4085255051543791,0.6864412192722137
60,5,280,2710.0000000000146,4194.155849753227,0.15812758669901528,1.525307701806939,0.37328486315948506,1.5476589851487839
60,0,620,6110.000000000002,4194.155849753227,0.13757670900528043,4.306636604091236,0.40671154242067126,0.6864412192722137
60,6,286,2770.000000000008,4194.155849753227,0.09604681033252462,2.546253346316211,0.37029628475001664,1.5141356858314854
60,4,140,1310.0000353340838,4194.155849753227,0.1584130155558727,0.9908692063479259,0.5025513570743043,3.2016456004778724
60,3,700,6910.000000000002,4194.155849753227,0.15612958470101326,4.205967119414043,0.39858191979510227,0.6069690086473554
60,2,350,3410.000000000001,4194.155849753227,0.156272299129442,3.4534580581735765,0.663783377981043,1.2299577272003595
61,0,155,1460.0000072749747,4903.700586906456,0.13757670900528043,2.360916471989907,1.0909293489394227,3.358699015391785
61,5,700,6910.000000000002,4903.700586906456,0.15812758669901528,2.851480674330773,0.3199808391225313,0.7096527622151164
61,6,154,1450.0000080833054,4903.700586906456,0.09604681033252462,1.2822584095601677,0.4164994603188476,3.381862454875744
61,2,700,6910.000000000002,4903.700586906456,0.156272299129442,3.7273438511069696,0.4133589619425763,0.7096527622151164
61,4,630,6210.000000000002,4903.700586906456,0.1584130155558727,2.7334525766675712,0.3419280658375248,0.789645827199107
61,1,248,2390.0000000004047,4903.700586906456,0.1374339945768517,2.9092466708797695,0.820352979176881,2.0517575677429396
61,3,700,6910.000000000002,4903.700586906456,0.15612958470101326,3.7236223908949224,0.41256913560271635,0.7096527622151164
62,6,44,350.8727963568088,5062.2744957825225,0.09604681033252462,0.5162629382348999,0.7154015685208265,14.42766309712596
62,5,700,6910.000000000002,5062.2744957825225,0.15812758669901528,3.7730625621952707,0.43708841178645647,0.7326012294909582
62,2,700,6910.000000000002,5062.2744957825225,0.156272299129442,3.8668093489735993,0.4426927451370606,0.7326012294909582
62,1,620,6110.000000000002,5062.2744957825225,0.1374339945768517,2.8689781491168302,0.32668251508701507,0.8285228307336369
62,4,665,6560.000000000001,5062.2744957825225,0.1584130155558727,3.7320257942605717,0.45622318198864414,0.7716881853327014
62,0,372,3630.000000000001,5062.2744957825225,0.13757670900528043,2.3276052928573963,0.4465738803310152,1.3945659767995926
62,3,315,3060.0000000000014,5062.2744957825225,0.15612958470101326,3.080085242506832,0.7955586543693668,1.6543380705171635
63,0,620,6110.000000000002,4585.403468908823,0.13757670900528043,3.3739326100250557,0.3483514841785299,0.7504751994940788
63,1,620,6110.000000000002,4585.403468908823,0.1374339945768517,3.380881676669456,0.34870685604197277,0.7504751994940788
63,5,350,3410.000000000001,4585.403468908823,0.15812758669901528,3.1762722961295013,0.6753805442733761,1.3446930993867512
63,4,700,6910.000000000002,4585.403468908823,0.1584130155558727,3.8039835546226115,0.39987937056974204,0.6635895034600321
63,3,665,6560.000000000001,4585.403468908823,0.15612958470101326,3.3671404066317363,0.3674685255327037,0.6989944312361009
63,6,110,1010.0008335248422,4585.403468908823,0.09604681033252462,0.6868759344962163,0.2995139608208173,4.539999687828019
63,2,105,960.0014115816389,4585.403468908823,0.156272299129442,2.2507117638149583,1.6799933634610804,4.7764549234924525
64,2,315,3060.0000000000014,3804.5842907120386,0.156272299129442,1.913134798885838,0.3717177989625628,1.243328199579097
64,5,105,960.0014115816389,3804.5842907120386,0.15812758669901528,2.0940455362567048,1.3122878354739365,3.9631028088217506
64,4,210,2010.0000000221403,3804.5842907120386,0.1584130155558727,2.6851782613462127,0.8051469216037039,1.892828005308523
64,0,620,6110.000000000002,3804.5842907120386,0.13757670900528043,4.041417259454421,0.3462139862312484,0.6226815533080258
64,6,110,1010.0008335248422,3804.5842907120386,0.09604681033252462,1.5665221398232863,0.5667675305730088,3.766912030591369
64,3,700,6910.000000000002,3804.5842907120386,0.15612958470101326,2.7723039998581958,0.23831710745634085,0.5505910695675886
64,1,620,6110.000000000002,3804.5842907120386,0.1374339945768517,4.039248790126276,0.34566927066256,0.6226815533080258
65,0,620,6110.000000000002,5092.197802197861,0.13757670900528043,4.198151121321745,0.481356719978891,0.8334202622255089
65,5,280,2710.0000000000146,5092.197802197861,0.15812758669901528,1.663424763264847,0.49425011569187405,1.8790397794087947
65,2,700,6910.000000000002,5092.197802197861,0.156272299129442,3.99925545938516,0.46056227930589666,0.7369316645727728
65,4,700,6910.000000000002,5092.197802197861,0.1584130155558727,2.5697466151701125,0.2999911077806181,0.7369316645727728
65,3,630,6210.000000000002,5092.197802197861,0.15612958470101326,3.8904154321680173,0.49807512053566255,0.8199996460866119
65,1,248,2390.0000000004047,5092.197802197861,0.1374339945768517,3.115994599790314,0.912427214217921,2.130626695479916
65,6,374,3650.000000000001,5092.197802197861,0.09604681033252462,2.162091717340942,0.28971398539516796,1.3951226855336603
66,1,248,2390.0000000004047,4172.957042957187,0.1374339945768517,2.461753273805703,0.5907241239009992,1.7460071309441338
66,3,700,6910.000000000002,4172.957042957187,0.15612958470101326,3.790395283027299,0.3573843857391132,0.6039011639590718
66,0,310,3010.0000000000014,4172.957042957187,0.13757670900528043,2.6747248157624934,0.5101541711550789,1.3863644660987324
66,6,440,4310.000000000002,4172.957042957187,0.09604681033252462,2.075228062884773,0.1929813864752992,0.9682034902452865
66,4,245,2360.000000000555,4172.957042957187,0.1584130155558727,2.2909606863080403,0.6417123668995691,1.7682021368458498
66,5,315,3060.0000000000014,4172.957042957187,0.15812758669901528,2.480105959170566,0.5348110431864025,1.3637114519467926
66,2,700,6910.000000000002,4172.957042957187,0.156272299129442,3.777565468296206,0.35650027410347707,0.6039011639590718
67,0,186,1770.0000002775555,4490.382026547416,0.13757670900528043,2.0298751677809603,0.7084745786301909,2.5369389976515677
67,6,286,2770.000000000008,4490.382026547416,0.09604681033252462,1.9559249913797683,0.304536017725406,1.6210765438799288
67,1,620,6110.000000000002,4490.382026547416,0.1374339945768517,3.371656429255061,0.34054896444971955,0.7349234086002315
67,2,35,262.252839954494,4490.382026547416,0.156272299129442,0.9414168185322793,2.5189934918124735,17.122338989070947
67,3,700,6910.000000000002,4490.382026547416,0.15612958470101326,4.03542442753885,0.4094300049111207,0.6498382093411599
67,5,595,5860.000000000002,4490.382026547416,0.15812758669901528,2.9603299237490783,0.35870169831963994,0.7662767963391492
67,4,700,6910.000000000002,4490.382026547416,0.1584130155558727,3.149189974532013,0.32418652933591663,0.6498382093411599
68,3,700,6910.000000000002,5029.591836736152,0.15612958470101326,2.8131007676452735,0.3196871565608293,0.7278714669661578
68,5,700,6910.000000000002,5029.591836736152,0.15812758669901528,4.606806293120496,0.5302275500070812,0.7278714669661578
68,2,315,3060.0000000000014,5029.591836736152,0.156272299129442,1.8910559441588555,0.4857330949074391,1.6436574629856697
68,6,308,2990.000000000002,5029.591836736152,0.09604681033252462,3.194653492853697,0.5161408828019163,1.6821377380388458
68,1,527,5180.000000000002,5029.591836736152,0.1374339945768517,3.9225235578613624,0.5234349446687299,0.9709636750455888
68,0,217,2080.00000001059,5029.591836736152,0.13757670900528043,2.8305011839336034,0.9416243155996168,2.418072998418531
68,4,700,6910.000000000002,5029.591836736152,0.1584130155558727,4.614396778946057,0.5320598552087159,0.7278714669661578
69,6,440,4310.000000000002,3768.6016222178073,0.09604681033252462,1.8111048833621963,0.1521001032567939,0.8743855271967067
69,0,403,3940.000000000001,3768.6016222178073,0.13757670900528043,2.7578644322536,0.36291242650789346,0.9564978736593417
69,4,105,960.0014115816389,3768.6016222178073,0.1584130155558727,2.439800670368535,1.5172374948535363,3.925620917586874
69,1,620,6110.000000000002,3768.6016222178073,0.1374339945768517,3.2030415948201583,0.271516213585581,0.6167924095282825
69,2,700,6910.000000000002,3768.6016222178073,0.156272299129442,3.439454744021227,0.2931391231677176,0.5453837369345595
69,3,280,2710.0000000000146,3768.6016222178073,0.15612958470101326,2.655486754179307,0.5765543907014604,1.3906279048774122
69,5,210,2010.0000000221403,3768.6016222178073,0.15812758669901528,2.828310648776477,0.8385306177610063,1.874926180187212
70,0,372,3630.000000000001,4623.290994720395,0.13757670900528043,3.479958562697214,0.6097665453735993,1.2736338828430838
70,6,220,2110.0000000077202,4623.290994720395,0.09604681033252462,2.439566434488234,0.5134100550797456,2.1911331728452508
70,1,620,6110.000000000002,4623.290994720395,0.1374339945768517,4.129113228631262,0.4293989527396996,0.7566761038822248
70,2,245,2360.000000000555,4623.290994720395,0.156272299129442,2.9484971046864663,0.9026552940218329,1.9590216079319103
70,4,700,6910.000000000002,4623.290994720395,0.1584130155558727,2.826069136779672,0.29953448225310086,0.6690725028538921
70,3,700,6910.000000000002,4623.290994720395,0.15612958470101326,4.073168850735367,0.4254914133857254,0.6690725028538921
70,5,350,3410.000000000001,4623.290994720395,0.15812758669901528,1.997561482441883,0.42825717552647,1.355803810768444
71,2,420,4110.000000000002,4165.947991380208,0.156272299129442,2.8138023590422696,0.4457051097301505,1.013612649970853
71,3,700,6910.000000000002,4165.947991380208,0.15612958470101326,3.3245119743150395,0.31293122663977746,0.6028868294327362
71,5,210,2010.0000000221403,4165.947991380208,0.15812758669901528,2.4749665584043603,0.8111380314472676,2.072610940962348
71,1,124,1150.0001906837483,4165.947991380208,0.1374339945768517,1.9456466788209175,0.9686660486088353,3.6225628701011665
71,0,620,6110.000000000002,4165.947991380208,0.13757670900528043,3.656392658933216,0.3429812496053322,0.6818245485073988
71,6,44,350.8727963568088,4165.947991380208,0.09604681033252462,0.4011625019057294,0.4574750609245908,11.873100549932007
71,4,700,6910.000000000002,4165.947991380208,0.1584130155558727,3.511802030834633,0.335395076791997,0.6028868294327362
72,2,420,4110.000000000002,4958.792635973679,0.156272299129442,3.1893055642393247,0.6013291510600182,1.2065188895313084
72,3,700,6910.000000000002,4958.792635973679,0.15612958470101326,3.7441973809116456,0.4195095384191099,0.7176255623695627
72,5,700,6910.000000000002,4958.792635973679,0.15812758669901528,3.3938336349973874,0.3851200174341859,0.7176255623695627
72,1,341,3320.0000000000014,4958.792635973679,0.1374339945768517,2.6448420210285772,0.542914911298435,1.4936122397511076
72,4,700,6910.000000000002,4958.792635973679,0.1584130155558727,3.3945192237936954,0.38589311849773916,0.7176255623695627
72,0,186,1770.0000002775555,4958.792635973679,0.13757670900528043,2.013485098029141,0.7760612827428705,2.8015777599977887
72,6,374,3650.000000000001,4958.792635973679,0.09604681033252462,2.10953635748902,0.2752662995636125,1.3585733249242953
73,1,93,840.0049979958054,4649.939327574126,0.1374339945768517,1.2803668105250547,0.974078580830069,5.535609119789243
73,0,620,6110.000000000002,4649.939327574126,0.13757670900528043,2.982123014001247,0.31223137871012363,0.7610375331545212
73,5,700,6910.000000000002,4649.939327574126,0.15812758669901528,3.835838079852675,0.4081663032154617,0.6729289909658647
73,4,490,4810.000000000001,4649.939327574126,0.1584130155558727,3.454133662590723,0.528971422875309,0.9667233529260135
73,6,132,1230.0000820831015,4649.939327574126,0.09604681033252462,1.1882623780004593,0.43145692065242414,3.7804382254179116
73,3,700,6910.000000000002,4649.939327574126,0.15612958470101326,3.6581705792521886,0.3843424869594467,0.6729289909658647
73,2,420,4110.000000000002,4649.939327574126,0.156272299129442,3.1332625278126263,0.5539674546378479,1.1313720991664535
74,0,620,6110.000000000002,4027.2697243904345,0.13757670900528043,2.92172551078815,0.2649438457647927,0.6591276144665194
74,1,310,3010.0000000000014,4027.2697243904345,0.1374339945768517,2.1706169672806004,0.39913662871257727,1.3379633635848613
74,6,44,350.8727963568088,4027.2697243904345,0.09604681033252462,0.5460084984961847,0.6019263678383849,11.477862536527432
74,4,105,960.0014115816389,4027.2697243904345,0.1584130155558727,2.1629090442419368,1.4373679721618917,4.195066461157962
74,5,280,2710.0000000000146,4027.2697243904345,0.15812758669901528,2.889228347856877,0.6789392817098234,1.4860773890739531
74,3,700,6910.000000000002,4027.2697243904345,0.15612958470101326,3.7038531467780595,0.33703238485555426,0.5828176156860251
74,2,700,6910.000000000002,4027.2697243904345,0.156272299129442,3.7348002724316007,0.34015906834267196,0.5828176156860251
75,5,700,6910.000000000002,4978.9650127943305,0.15812758669901528,2.6488443025317134,0.301804076472683,0.7205448643696569
75,0,620,6110.000000000002,4978.9650127943305,0.13757670900528043,3.849141671580925,0.4315257109141702,0.8148878908010359
75,3,665,6560.000000000001,4978.9650127943305,0.15612958470101326,4.170144165605853,0.49416446091697463,0.7589885690235258
75,4,315,3060.0000000000014,4978.9650127943305,0.1584130155558727,1.8302772426037326,0.47176464309023397,1.6271127492791924
75,1,620,6110.000000000002,4978.9650127943305,0.1374339945768517,3.8431867097603707,0.43041115432167354,0.8148878908010359
75,2,420,4110.000000000002,4978.9650127943305,0.156272299129442,3.6875871673832537,0.698106287157176,1.2114270104122453
75,6,66,570.0859504455718,4978.9650127943305,0.09604681033252462,0.9117404787337754,0.7648088765272827,8.733709379967767
76,0,620,6110.000000000002,4610.729958400176,0.13757670900528043,3.6881141929758603,0.3828932874460287,0.7546202877905359
76,2,700,6910.000000000002,4610.729958400176,0.156272299129442,3.6082210139584174,0.37624156563960964,0.6672546973082741
76,5,315,3060.0000000000014,4610.729958400176,0.15812758669901528,2.680281407297682,0.6386108564628651,1.5067744962092071
76,3,700,6910.000000000002,4610.729958400176,0.15612958470101326,3.5900294524359535,0.3740028019238701,0.6672546973082741
76,1,93,840.0049979958054,4610.729958400176,0.1374339945768517,1.867811876457225,1.4090133866047445,5.488931577075211
76,6,154,1450.0000080833054,4610.729958400176,0.09604681033252462,0.8640173581271162,0.26388037755960947,3.1798137466874277
76,4,560,5510.000000000002,4610.729958400176,0.1584130155558727,3.1461632228826284,0.41705199178823704,0.8367930958983982
77,3,630,6210.000000000002,5359.656058227489,0.15612958470101326,3.8638974438281117,0.5206622801960461,0.8630686084102234
77,0,620,6110.000000000002,5359.656058227489,0.13757670900528043,3.1450526647752044,0.3795496097951961,0.8771941175495069
77,5,350,3410.000000000001,5359.656058227489,0.15812758669901528,2.7334843457172173,0.6793706425297098,1.5717466446414918
77,4,490,4810.000000000001,5359.656058227489,0.1584130155558727,3.09004986520103,0.5454415193679858,1.1142736087791034
77,6,440,4310.000000000002,5359.656058227489,0.09604681033252462,2.6374276453920706,0.3150091374940607,1.2435396886838717
77,1,558,5490.000000000002,5359.656058227489,0.1374339945768517,3.003945201760246,0.40304241463785695,0.9762579341033674
77,2,700,6910.000000000002,5359.656058227489,0.156272299129442,3.979072254606578,0.4823060399080374,0.7756376350546291
78,3,210,2010.0000000221403,4300.711665126755,0.15612958470101326,2.711174250392092,0.9057052914994166,2.139657544815613
78,5,700,6910.000000000002,4300.711665126755,0.15812758669901528,3.1948953586313276,0.31443187165118086,0.6223895318562597
78,6,440,4310.000000000002,4300.711665126755,0.09604681033252462,1.97682441798007,0.18945850253470486,0.9978449339041191
78,2,420,4110.000000000002,4300.711665126755,0.156272299129442,3.261408460531026,0.5333173349066301,1.0464018649943438
78,1,31,223.43368382029254,4300.711665126755,0.1374339945768517,0.5667445201652463,1.4992469715385317,19.248269068444543
78,0,527,5180.000000000002,4300.711665126755,0.13757670900528043,3.332584223397555,0.3806594515847707,0.830253217205937
78,4,700,6910.000000000002,4300.711665126755,0.1584130155558727,3.196207419771959,0.31512880035324453,0.6223895318562597
79,2,700,6910.000000000002,4915.7571055595845,0.156272299129442,3.527212567119336,0.39212632854846924,0.7113975550737458
79,5,490,4810.000000000001,4915.7571055595845,0.15812758669901528,3.7603016675388274,0.6076810164147319,1.0219869242327617
79,4,700,6910.000000000002,4915.7571055595845,0.1584130155558727,4.196598705106938,0.4729341465487345,0.7113975550737458
79,0,527,5180.000000000002,4915.7571055595845,0.13757670900528043,3.0419519020594152,0.39715306196659306,0.9489878582161356
79,3,140,1310.0000353340838,4915.7571055595845,0.15612958470101326,1.8465962060621484,1.081872923670823,3.7524862389075735
79,1,620,6110.000000000002,4915.7571055595845,0.1374339945768517,3.249697348970274,0.35932405423093083,0.8045428978002591
79,6,242,2330.000000000761,4915.7571055595845,0.09604681033252462,2.5602014579425747,0.5187899829323446,2.109766998093553
80,5,140,1310.0000353340838,4508.999577444011,0.15812758669901528,2.5414830272017728,1.383259762047934,3.441984317423396
80,3,385,3760.0000000000014,4508.999577444011,0.15612958470101326,2.3787328358209354,0.4453723197249656,1.1992020152776621
80,6,440,4310.000000000002,4508.999577444011,0.09604681033252462,1.9314856127685809,0.19407846503347356,1.0461715956946658
80,4,700,6910.000000000002,4508.999577444011,0.1584130155558727,3.8773653443482563,0.4008018641722386,0.6525325003536918
80,2,700,6910.000000000002,4508.999577444011,0.156272299129442,2.9350152937487954,0.29929159279089745,0.6525325003536918
80,0,558,5490.000000000002,4508.999577444011,0.13757670900528043,3.6391336538773227,0.4111977908046078,0.8213113984415318
80,1,279,2700.0000000000164,4508.999577444011,0.1374339945768517,2.846818342316791,0.6533867985227071,1.6699998434977719
81,3,700,6910.000000000002,3834.157635740838,0.15612958470101326,3.769895915728624,0.32659270605548213,0.554870859007357
81,6,242,2330.000000000761,3834.157635740838,0.09604681033252462,2.035284416489324,0.3216785462077256,1.6455612170556164
81,5,70,610.0563920873398,3834.157635740838,0.15812758669901528,1.2149103387190667,1.2074018948598437,6.284923304585118
81,4,315,3060.0000000000014,3834.157635740838,0.1584130155558727,2.2190175011105198,0.4404535620427774,1.252992691418574
81,2,700,6910.000000000002,3834.157635740838,0.156272299129442,3.7565727712094894,0.32573597441568425,0.554870859007357
81,1,620,6110.000000000002,3834.157635740838,0.1374339945768517,3.7336160536678413,0.3219975586385698,0.6275217079772237
81,0,31,223.43368382029254,3834.157635740838,0.13757670900528043,0.482873857383339,1.1399870772578904,17.16015942710163
82,1,341,3320.0000000000014,4946.357927824685,0.1374339945768517,2.844526003790598,0.5824404567468773,1.4898668457303264
82,6,418,4090.0000000000014,4946.357927824685,0.09604681033252462,2.9606382106810027,0.34389868740011825,1.209378466460803
82,0,186,1770.0000002775555,4946.357927824685,0.13757670900528043,2.142785973433186,0.8238269297915121,2.794552501157651
82,2,385,3760.0000000000014,4946.357927824685,0.156272299129442,3.7511829427131964,0.7711661199254435,1.315520725485288
82,3,700,6910.000000000002,4946.357927824685,0.15612958470101326,4.414087427715976,0.4933255712317543,0.7158260387589991
82,4,700,6910.000000000002,4946.357927824685,0.1584130155558727,3.01260327829864,0.3416176476199726,0.7158260387589991
82,5,700,6910.000000000002,4946.357927824685,0.15812758669901528,3.000183474059636,0.3395962997829662,0.7158260387589991
83,3,700,6910.000000000002,4708.786619798398,0.15612958470101326,3.6757681553499415,0.3910788044018782,0.6814452416495509
83,4,700,6910.000000000002,4708.786619798398,0.1584130155558727,3.835676800802981,0.41406052688713674,0.6814452416495509
83,2,700,6910.000000000002,4708.786619798398,0.156272299129442,3.6884453702002102,0.3927862899293475,0.6814452416495509
83,5,560,5510.000000000002,4708.786619798398,0.15812758669901528,3.592095034538971,0.4854146426955195,0.8545892231939013
83,1,186,1770.0000002775555,4708.786619798398,0.1374339945768517,1.825889992113847,0.667581852152677,2.6603314231977446
83,6,66,570.0859504455718,4708.786619798398,0.09604681033252462,0.656321614066902,0.5206769186524343,8.259783662653097
83,0,217,2080.00000001059,4708.786619798398,0.13757670900528043,1.968560239589968,0.6131112728075999,2.2638397210453958
84,4,595,5860.000000000002,4854.698379373531,0.1584130155558727,3.680815275136073,0.4830582685375042,0.828446822418691
84,0,279,2700.0000000000164,4854.698379373531,0.13757670900528043,2.030822294585021,0.5023603186778326,1.7980364368050006
84,2,700,6910.000000000002,4854.698379373531,0.156272299129442,3.906356085027274,0.42888221367190654,0.7025612705316251
84,1,620,6110.000000000002,4854.698379373531,0.1374339945768517,2.7755647627661806,0.303086489257488,0.7945496529252912
84,3,105,960.0014115816389,4854.698379373531,0.15612958470101326,2.333725853560169,1.842576054236141,5.056970042757781
84,6,418,4090.0000000000014,4854.698379373531,0.09604681033252462,1.9399132038919804,0.2211587824257888,1.1869678189177333
84,5,700,6910.000000000002,4854.698379373531,0.15812758669901528,3.8615375792019826,0.4289948846321585,0.7025612705316251
85,1,279,2700.0000000000164,4460.518053375359,0.1374339945768517,2.777526961866766,0.6306290755979016,1.6520437234723453
85,4,315,3060.0000000000014,4460.518053375359,0.1584130155558727,3.330455699511009,0.7690567662372939,1.45768563835796
85,0,620,6110.000000000002,4460.518053375359,0.13757670900528043,3.7482244088981775,0.3764563196637071,0.7300356879501404
85,2,245,2360.000000000555,4460.518053375359,0.156272299129442,1.7296088604948647,0.510861532204315,1.8900500226162333
85,6,242,2330.000000000761,4460.518053375359,0.09604681033252462,2.30047888130359,0.422990465225922,1.9143854306325763
85,5,700,6910.000000000002,4460.518053375359,0.15812758669901528,4.216123075585734,0.4303563120370241,0.6455163608357971
85,3,700,6910.000000000002,4460.518053375359,0.15612958470101326,2.841210175791368,0.2863490983920149,0.6455163608357971
86,4,700,6910.000000000002,4329.217951165855,0.1584130155558727,3.6376578329209006,0.36103068082285855,0.6265148988662597
86,0,124,1150.0001906837483,4329.217951165855,0.13757670900528043,1.8785759462763887,0.9729381028601384,3.76453672463468
86,6,440,4310.000000000002,4329.217951165855,0.09604681033252462,1.9700846030020038,0.19006406083373548,1.0044589213841888
86,1,620,6110.000000000002,4329.217951165855,0.1374339945768517,3.4887249479019418,0.33972627784432463,0.7085463095197797
86,5,315,3060.0000000000014,4329.217951165855,0.15812758669901528,2.8490725636688685,0.6373810943577803,1.414777108224135
86,2,560,5510.000000000002,4329.217951165855,0.156272299129442,3.104369974308206,0.38116527420517576,0.7857019875074145
86,3,315,3060.0000000000014,4329.217951165855,0.15612958470101326,2.6031793246692403,0.5750125385694275,1.414777108224135
87,0,558,5490.000000000002,4554.0223500657685,0.13757670900528043,3.1347081285303457,0.35773780647254555,0.8295122677715423
87,6,396,3870.0000000000014,4554.0223500657685,0.09604681033252462,2.372658986844892,0.2681652272841028,1.176749961257304
87,1,620,6110.000000000002,4554.0223500657685,0.1374339945768517,3.2545298292824056,0.33337756755734355,0.7453391734968522
87,4,245,2360.000000000555,4554.0223500657685,0.1584130155558727,2.5876399994742454,0.7910025286212031,1.92967048731555
87,3,35,262.252839954494,4554.0223500657685,0.15612958470101326,0.8479242429235017,2.2988848309582184,17.365006803571625
87,5,700,6910.000000000002,4554.0223500657685,0.15812758669901528,3.6777215790326268,0.38326891849525274,0.6590480969704439
87,2,700,6910.000000000002,4554.0223500657685,0.156272299129442,3.5579278373670133,0.36643440838597297,0.6590480969704439
88,5,700,6910.000000000002,3785.855848891758,0.15812758669901528,4.25434116973996,0.3685750928812816,0.5478807306645089
88,3,700,6910.000000000002,3785.855848891758,0.15612958470101326,2.707320156903374,0.23158522463299971,0.5478807306645089
88,6,220,2110.0000000077202,3785.855848891758,0.09604681033252462,2.820260232132314,0.4860195607948834,1.7942444781411877
88,4,210,2010.0000000221403,3785.855848891758,0.1584130155558727,2.945518519876499,0.8788618952597773,1.883510372562217
88,0,124,1150.0001906837483,3785.855848891758,0.13757670900528043,2.3526890321203475,1.0655543480101504,3.2920480183927845
88,1,620,6110.000000000002,3785.855848891758,0.1374339945768517,4.511148611820859,0.38415294544273815,0.6196163418808113
88,2,70,610.0563920873398,3785.855848891758,0.156272299129442,0.6390479825591915,0.6197400480895353,6.205747366957757
89,2,70,610.0563920873398,3236.082003932606,0.156272299129442,1.903425805991651,1.5778564557416421,5.304562079679523
89,1,93,840.0049979958054,3236.082003932606,0.1374339945768517,1.667950839879838,0.8831105320254163,3.8524556540183412
89,4,315,3060.0000000000014,3236.082003932606,0.1584130155558727,2.7821143970619557,0.46608372345989874,1.0575431385400669
89,0,620,6110.000000000002,3236.082003932606,0.13757670900528043,3.4432823526464733,0.2508972269219461,0.5296369891870057
89,3,700,6910.000000000002,3236.082003932606,0.15612958470101326,3.5218032363043257,0.25750861537448,0.4683186691653553
89,6,440,4310.000000000002,3236.082003932606,0.09604681033252462,1.815816550081452,0.13094748599391126,0.7508310913996762
89,5,140,1310.0000353340838,3236.082003932606,0.15812758669901528,2.30353882109555,0.8998111896992929,2.4702915394252805
90,1,620,6110.000000000002,4018.5893674354757,0.1374339945768517,4.1135407416028835,0.37182825910375383,0.6577069341138256
90,4,700,6910.000000000002,4018.5893674354757,0.1584130155558727,3.887500343087239,0.3581433446549661,0.5815614135217764
90,0,186,1770.0000002775555,4018.5893674354757,0.13757670900528043,2.541425240950429,0.7938210659091296,2.2703894727713654
90,2,280,2710.0000000000146,4018.5893674354757,0.156272299129442,2.559389366565521,0.5930928697391319,1.482874305326736
90,3,700,6910.000000000002,4018.5893674354757,0.15612958470101326,3.6022675959869788,0.3270820864130771,0.5815614135217764
90,5,175,1660.0000008844675,4018.5893674354757,0.15812758669901528,2.3205001158363303,0.8882900140420552,2.4208369670447736
90,6,88,790.008464149783,4018.5893674354757,0.09604681033252462,2.2255233239624115,1.087319015833916,5.0867674838906085
91,3,700,6910.000000000002,4512.283523992697,0.15612958470101326,3.7805033837710402,0.385436792384825,0.6530077458744856
91,0,620,6110.000000000002,4512.283523992697,0.13757670900528043,3.531153217528022,0.35877043608054915,0.7385079417336654
91,5,700,6910.000000000002,4512.283523992697,0.15812758669901528,3.4727437866758377,0.35859044956294994,0.6530077458744856
91,6,264,2550.0000000000755,4512.283523992697,0.09604681033252462,1.0254112565391937,0.1742758570363791,1.769522950585319
91,1,186,1770.0000002775555,4512.283523992697,0.1374339945768517,2.4958297195697496,0.8744444693063136,2.5493127250198424
91,2,630,6210.000000000002,4512.283523992697,0.156272299129442,3.6842158353742502,0.4183423643760766,0.7266157043466499
91,4,35,262.252839954494,4512.283523992697,0.1584130155558727,1.1715573628244205,3.1932329308585317,17.205851897640716
92,0,310,3010.0000000000014,4656.417867984658,0.13757670900528043,3.8451107174274326,0.8183502462437465,1.5469826803935733
92,2,175,1660.0000008844675,4656.417867984658,0.156272299129442,3.587668554430638,1.5726720721473362,2.80507100331546
92,3,700,6910.000000000002,4656.417867984658,0.15612958470101326,5.1441005814363026,0.541213418732366,0.6738665510831631
92,5,700,6910.000000000002,4656.417867984658,0.15812758669901528,3.2316359702871336,0.34435308338865134,0.6738665510831631
92,4,630,6210.000000000002,4656.417867984658,0.1584130155558727,3.1169176418841054,0.37023420128947154,0.7498257436368208
92,6,440,4310.000000000002,4656.417867984658,0.09604681033252462,4.503645201460454,0.467327989655283,1.0803753754024725
92,1,310,3010.0000000000014,4656.417867984658,0.1374339945768517,3.8382635791074313,0.8160455787522553,1.5469826803935733
93,6,440,4310.000000000002,4051.711161745816,0.09604681033252462,1.7698583888941253,0.15980217023915677,0.9400721953006529
93,3,700,6910.000000000002,4051.711161745816,0.15612958470101326,3.1518639822228045,0.2885447004911971,0.586354726736008
93,2,420,4110.000000000002,4051.711161745816,0.156272299129442,2.6561966122840013,0.40920306320901356,0.9858178009113903
93,0,31,223.43368382029254,4051.711161745816,0.13757670900528043,0.6220755924613977,1.5519506607567262,18.13384218739643
93,1,434,4250.000000000002,4051.711161745816,0.1374339945768517,2.9862995797216048,0.3912704866869027,0.953343802763721
93,5,140,1310.0000353340838,4051.711161745816,0.15812758669901528,2.819939665070785,1.3791599267395105,3.0929092003516816
93,4,700,6910.000000000002,4051.711161745816,0.1584130155558727,4.12327977344699,0.38299587400390134,0.586354726736008
94,6,440,4310.000000000002,5707.760810617955,0.09604681033252462,3.494344858055952,0.44446462925368246,1.3243064525795714
94,5,525,5160.000000000001,5707.760810617955,0.15812758669901528,3.3671944584158977,0.588968278487726,1.1061551958561926
94,3,560,5510.000000000002,5707.760810617955,0.15612958470101326,3.9676730006885257,0.6417047339015285,1.0358912541956358
94,2,630,6210.000000000002,5707.760810617955,0.156272299129442,4.116826795485616,0.5913148181212687,0.9191241240930682
94,4,700,6910.000000000002,5707.760810617955,0.1584130155558727,3.7331346946449706,0.4884861324544092,0.8260145890908761
94,1,527,5180.000000000002,5707.760810617955,0.1374339945768517,3.16809408752534,0.4797646511203594,1.1018843263741223
94,0,620,6110.000000000002,5707.760810617955,0.13757670900528043,3.377673116427167,0.4340973040567113,0.9341670721142313
95,3,35,262.252839954494,4548.594920352539,0.15612958470101326,1.0179915828396329,2.7566806240971213,17.34431139484251
95,2,560,5510.000000000002,4548.594920352539,0.156272299129442,3.33404173988187,0.4301091656045707,0.8255163194832191
95,1,279,2700.0000000000164,4548.594920352539,0.1374339945768517,2.5621667634491665,0.5932190112788818,1.6846647853157448
95,6,440,4310.000000000002,4548.594920352539,0.09604681033252462,1.8925521733654875,0.19183630440256902,1.0553584501978044
95,4,595,5860.000000000002,4548.594920352539,0.1584130155558727,3.3128801838734674,0.40735798753841995,0.7762107372615251
95,0,620,6110.000000000002,4548.594920352539,0.13757670900528043,3.395504591129229,0.34776453468381846,0.7444508871280748
95,5,700,6910.000000000002,4548.594920352539,0.15812758669901528,3.5061825665708786,0.3649567357811359,0.6582626512811197
96,5,700,6910.000000000002,4642.344318184522,0.15812758669901528,4.800047754626519,0.5099322769052512,0.6718298579138235
96,6,440,4310.000000000002,4642.344318184522,0.09604681033252462,3.977679615043146,0.41150282851339914,1.0771100506228586
96,0,620,6110.000000000002,4642.344318184522,0.13757670900528043,4.539649665298466,0.47452969346196755,0.7597944874279084
96,2,350,3410.000000000001,4642.344318184522,0.156272299129442,2.1167655289776843,0.4503370988828664,1.3613912956552847
96,1,31,223.43368382029254,4642.344318184522,0.1374339945768517,1.021055611498541,2.915629049895909,20.777280483449193
96,4,490,4810.000000000001,4642.344318184522,0.1584130155558727,4.378633085418695,0.6694554596669783,0.9651443488949109
96,3,630,6210.000000000002,4642.344318184522,0.15612958470101326,2.7602294970217507,0.32216335953644604,0.7475594715272981
97,2,560,5510.000000000002,5142.449059649329,0.156272299129442,4.723104385060498,0.688855206380865,0.9332938402267381
97,1,589,5800.000000000002,5142.449059649329,0.1374339945768517,3.049342612432732,0.3715715012821846,0.8866291482154013
97,4,700,6910.000000000002,5142.449059649329,0.1584130155558727,3.979244857479844,0.469119489416154,0.7442039160129272
97,0,620,6110.000000000002,5142.449059649329,0.13757670900528043,3.041675029069265,0.35219770112628135,0.8416446906136379
97,5,245,2360.000000000555,5142.449059649329,0.15812758669901528,3.3218421973378143,1.1445760018837827,2.179003838833949
97,3,700,6910.000000000002,5142.449059649329,0.15612958470101326,4.855022664662259,0.5641159991486011,0.7442039160129272
97,6,110,1010.0008335248422,5142.449059649329,0.09604681033252462,0.3194630816119019,0.15622548784528204,5.091529520527712
98,3,700,6910.000000000002,4556.480662409677,0.15612958470101326,4.117978476166412,0.42395597556442827,0.6594038585252787
98,2,175,1660.0000008844675,4556.480662409677,0.156272299129442,2.8684497987525748,1.2304123978602257,2.7448678674589946
98,4,700,6910.000000000002,4556.480662409677,0.1584130155558727,3.1080781924566283,0.324664109533557,0.6594038585252787
98,6,176,1670.0000007960207,4556.480662409677,0.09604681033252462,1.3086074809608519,0.34292994164601287,2.7284315330765208
98,5,700,6910.000000000002,4556.480662409677,0.15812758669901528,3.083595670980737,0.3215263380908821,0.6594038585252787
98,1,248,2390.0000000004047,4556.480662409677,0.1374339945768517,2.4262252358982286,0.6357068860803314,1.9064772646062367
98,0,403,3940.000000000001,4556.480662409677,0.13757670900528043,2.8901085514738774,0.4598247898903693,1.1564671732004255
99,5,455,4460.000000000002,4608.631597106298,0.15812758669901528,3.430331573630274,0.5605067898946825,1.0333254702032053
99,0,620,6110.000000000002,4608.631597106298,0.13757670900528043,3.352962762470867,0.3479400563506278,0.7542768571368734
99,1,620,6110.000000000002,4608.631597106298,0.1374339945768517,3.3383818748724066,0.3460676200266744,0.7542768571368734
99,4,700,6910.000000000002,4608.631597106298,0.1584130155558727,3.907156320664186,0.41280561329127086,0.6669510270776117
99,3,560,5510.000000000002,4608.631597106298,0.15612958470101326,2.975273252471541,0.3885370663449572,0.8364122680773677
99,6,132,1230.0000820831015,4608.631597106298,0.09604681033252462,1.2601468420824287,0.453493383227526,3.7468547069535307
99,2,105,960.0014115816389,4608.631597106298,0.156272299129442,1.7137605405787775,1.2856781467693605,4.800650854787183
100,0,620,6110.000000000002,4903.570714999374,0.13757670900528043,3.9244089033787675,0.4333017082447235,0.8025483985269022
100,4,420,4110.000000000002,4903.570714999374,0.1584130155558727,3.430131598868579,0.6482943914290294,1.1930828990266111
100,1,403,3940.000000000001,4903.570714999374,0.1374339945768517,3.417659452793454,0.5845735706902266,1.244561095177506
100,6,352,3430.000000000001,4903.570714999374,0.09604681033252462,2.147217986473656,0.29483389224812295,1.429612453352587
100,2,700,6910.000000000002,4903.570714999374,0.156272299129442,2.705952847278281,0.3000797031416139,0.7096339674384041
100,5,700,6910.000000000002,4903.570714999374,0.15812758669901528,3.968228314529225,0.44528564001929366,0.7096339674384041
100,3,245,2360.000000000555,4903.570714999374,0.15612958470101326,1.727878007702406,0.5605298191783359,2.0777842012704326
101,6,440,4310.000000000002,4803.973392897454,0.09604681033252462,2.034674182467682,0.21782170060257114,1.1146109960318913
101,3,700,6910.000000000002,4803.973392897454,0.15612958470101326,3.1629961803998574,0.34332578202797903,0.6952204620690958
101,4,595,5860.000000000002,4803.973392897454,0.1584130155558727,3.465447213996839,0.4500420835549111,0.8197906813818178
101,1,434,4250.000000000002,4803.973392897454,0.1374339945768517,3.2451225839881235,0.5041234965308069,1.1303466806817533
101,2,525,5160.000000000001,4803.973392897454,0.156272299129442,2.8693791107797746,0.4174657260801867,0.9310025955227622
101,5,105,960.0014115816389,4803.973392897454,0.15812758669901528,2.129279771681106,1.6848804570415838,5.004131592872061
101,0,620,6110.000000000002,4803.973392897454,0.13757670900528043,3.6789728794409866,0.39795217792002,0.7862476911452458
102,4,700,6910.000000000002,4696.631389563235,0.1584130155558727,2.7463328290100804,0.2957007722010795,0.6796861634679064
102,2,700,6910.000000000002,4696.631389563235,0.156272299129442,4.0283642796412655,0.42787722152093316,0.6796861634679064
102,6,396,3870.0000000000014,4696.631389563235,0.09604681033252462,2.663180887961353,0.31042673960841116,1.2135998422644012
102,5,35,262.252839954494,4696.631389563235,0.15812758669901528,0.5076047459251138,1.4374726597188856,17.908791341890492
102,0,620,6110.000000000002,4696.631389563235,0.13757670900528043,4.031898644374261,0.42638290935924483,0.7686794418270431
102,1,465,4560.000000000002,4696.631389563235,0.1374339945768517,3.660366210006058,0.5181319112641822,1.0299630240270248
102,3,420,4110.000000000002,4696.631389563235,0.15612958470101326,3.486784604354034,0.622092518932987,1.1427326981905677
103,2,140,1310.0000353340838,4152.725931200276,0.156272299129442,2.5347134319255136,1.2556622281471757,3.1700197093057514
103,1,186,1770.0000002775555,4152.725931200276,0.1374339945768517,2.6459991237792257,0.8531862918443623,2.346172842118126
103,4,385,3760.0000000000014,4152.725931200276,0.1584130155558727,1.9199523607184261,0.33591294382203274,1.1044483859575198
103,0,620,6110.000000000002,4152.725931200276,0.13757670900528043,4.195148486711903,0.3922692934231531,0.6796605452046276
103,3,700,6910.000000000002,4152.725931200276,0.15612958470101326,4.128916691292902,0.38741510291232967,0.6009733619682018
103,5,700,6910.000000000002,4152.725931200276,0.15812758669901528,2.6012985760701106,0.2472026195268014,0.6009733619682018
103,6,110,1010.0008335248422,4152.725931200276,0.09604681033252462,1.657986345574741,0.6547498896387646,4.111606439677393
104,2,700,6910.000000000002,4755.2790068492195,0.156272299129442,3.085304561342685,0.33180123559026176,0.6881735176337508
104,4,175,1660.0000008844675,4755.2790068492195,0.1584130155558727,2.702233278019156,1.2262573244842319,2.8646259062141874
104,3,630,6210.000000000002,4755.2790068492195,0.15612958470101326,2.9559038789490555,0.35339460498192155,0.765745411730953
104,0,620,6110.000000000002,4755.2790068492195,0.13757670900528043,3.5551564377329448,0.3806610361006152,0.7782780698607559
104,6,242,2330.000000000761,4755.2790068492195,0.09604681033252462,1.5002073149176287,0.2940724283636782,2.0408922776170244
104,1,217,2080.00000001059,4755.2790068492195,0.1374339945768517,2.413754861956466,0.758402925593918,2.286191830204331
104,5,700,6910.000000000002,4755.2790068492195,0.15812758669901528,3.883098962627167,0.42255579087393547,0.6881735176337508
105,2,140,1310.0000353340838,4540.752923514147,0.156272299129442,2.3889103812289934,1.2940123560158046,3.4662235122429887
105,1,558,5490.000000000002,4540.752923514147,0.1374339945768517,3.3585212271089935,0.3817664802721176,0.8270952501847261
105,6,88,790.008464149783,4540.752923514147,0.09604681033252462,1.0524944939896206,0.5810304675980462,5.747726928977859
105,3,315,3060.0000000000014,4540.752923514147,0.15612958470101326,3.0449071606227167,0.7054491341534689,1.4839061841549495
105,0,620,6110.000000000002,4540.752923514147,0.13757670900528043,3.4887199496120926,0.35669554572956613,0.7431674179237555
105,4,700,6910.000000000002,4540.752923514147,0.1584130155558727,3.1720318198995883,0.3302008754787643,0.657127774748791
105,5,700,6910.000000000002,4540.752923514147,0.15812758669901528,3.1597590284217,0.3283306528258573,0.657127774748791
106,2,700,6910.000000000002,5064.104094754979,0.156272299129442,2.6707807331600586,0.3058755851023582,0.7328660050296639
106,1,620,6110.000000000002,5064.104094754979,0.1374339945768517,3.913776331464522,0.4458118273710855,0.828822274100651
106,4,315,3060.0000000000014,5064.104094754979,0.1584130155558727,3.2640743867542277,0.8557208356059013,1.654935978678097
106,3,630,6210.000000000002,5064.104094754979,0.15612958470101326,2.548314064911325,0.32445104685464116,0.8154756996384827
106,5,525,5160.000000000001,5064.104094754979,0.15812758669901528,3.7443185929140754,0.5810765641677053,0.9814155222393368
106,6,44,350.8727963568088,5064.104094754979,0.09604681033252462,0.5201501276578285,0.721048673569952,14.432877519536172
106,0,620,6110.000000000002,5064.104094754979,0.13757670900528043,3.9279045949102342,0.4478857664231421,0.828822274100651
107,0,620,6110.000000000002,3946.3382772403493,0.13757670900528043,3.7772100051111894,0.3356364720402128,0.6458818784354089
107,3,700,6910.000000000002,3946.3382772403493,0.15612958470101326,3.6102912387139283,0.3219168463335411,0.571105394680224
107,6,110,1010.0008335248422,3946.3382772403493,0.09604681033252462,0.6856757973048739,0.25732047513847145,3.907262396475324
107,5,105,960.0014115816389,3946.3382772403493,0.15812758669901528,2.1629122307697397,1.4059470915564423,4.110762994336234
107,1,124,1150.0001906837483,3946.3382772403493,0.1374339945768517,2.2058430209732203,1.04031574085717,3.4315979329481676
107,2,700,6910.000000000002,3946.3382772403493,0.156272299129442,3.625534079733853,0.3235714954086828,0.571105394680224
107,4,350,3410.000000000001,3946.3382772403493,0.1584130155558727,2.6776356966714783,0.490887848177401,1.1572839522698968
108,5,420,4110.000000000002,5527.876409304981,0.15812758669901528,2.3236775442604443,0.4941968884769013,1.344982094721406
108,1,620,6110.000000000002,5527.876409304981,0.1374339945768517,3.7656221747236542,0.46821791508767613,0.9047260899026153
108,0,620,6110.000000000002,5527.876409304981,0.13757670900528043,3.7798656028514914,0.4704769913294011,0.9047260899026153
108,6,352,3430.000000000001,5527.876409304981,0.09604681033252462,2.8987115407091686,0.448695951421266,1.6116257753075742
108,3,700,6910.000000000002,5527.876409304981,0.15612958470101326,4.338506867635322,0.5418833050996672,0.7999821142264805
108,4,595,5860.000000000002,5527.876409304981,0.1584130155558727,2.7366721780823857,0.40895389316381847,0.9433236193353207
108,2,560,5510.000000000002,5527.876409304981,0.156272299129442,4.062265205432016,0.6368791047481338,1.0032443574056225
109,1,620,6110.000000000002,5291.165984764084,0.1374339945768517,3.5781703650620655,0.4258585387104107,0.8659846128910118
109,6,132,1230.0000820831015,5291.165984764084,0.09604681033252462,0.9851941339254258,0.4070530462715673,4.3017606761481515
109,2,315,3060.0000000000014,5291.165984764084,0.156272299129442,2.9456988055491737,0.7959765979493785,1.7291392107072163
109,0,558,5490.000000000002,5291.165984764084,0.13757670900528043,3.464839785740511,0.45941705679063677,0.9637825108859894
109,5,700,6910.000000000002,5291.165984764084,0.15812758669901528,3.2326207992347067,0.3914134491046091,0.7657259022813434
109,4,595,5860.000000000002,5291.165984764084,0.1584130155558727,3.0735801093084985,0.43963186992580466,0.9029293489358502
109,3,700,6910.000000000002,5291.165984764084,0.15612958470101326,3.6735996373281923,0.43918789984635637,0.7657259022813434
110,0,620,6110.000000000002,4802.186385043529,0.13757670900528043,3.6637975375058858,0.39616324897194843,0.7859552185013957
110,2,385,3760.0000000000014,4802.186385043529,0.156272299129442,2.7662160771856437,0.5521019359221556,1.277177230064768
110,6,440,4310.000000000002,4802.186385043529,0.09604681033252462,1.8176092188271857,0.1945114652731941,1.1141963770402616
110,3,700,6910.000000000002,4802.186385043529,0.15612958470101326,3.290548181869423,0.35703798562536426,0.694961850223376
110,5,350,3410.000000000001,4802.186385043529,0.15812758669901528,2.9204511913553115,0.6503426381677048,1.4082658020655507
110,4,595,5860.000000000002,4802.186385043529,0.1584130155558727,3.413654980952926,0.4431511515001981,0.8194857312360969
110,1,310,3010.0000000000014,4802.186385043529,0.1374339945768517,2.8873193013756486,0.6330842369363416,1.5954107591506734
111,1,496,4870.000000000001,4960.911945337772,0.1374339945768517,3.2876194464637987,0.46026533548852405,1.0186677505827044
111,3,700,6910.000000000002,4960.911945337772,0.15612958470101326,3.49589854805065,0.3918568982017466,0.7179322641588669
111,4,175,1660.0000008844675,4960.911945337772,0.1584130155558727,2.2124007452064154,1.0473891908093709,2.9885011702979156
111,2,700,6910.000000000002,4960.911945337772,0.156272299129442,3.485156184356587,0.3910098682843913,0.7179322641588669
111,5,560,5510.000000000002,4960.911945337772,0.15812758669901528,3.1768862768623003,0.45229233852720596,0.9003469955240961
111,0,434,4250.000000000002,4960.911945337772,0.13757670900528043,3.122091542872845,0.5013755342208981,1.1672733989030046
111,6,440,4310.000000000002,4960.911945337772,0.09604681033252462,2.1131910555440543,0.2336178156250248,1.1510236532106193
112,3,140,1310.0000353340838,4488.555427901436,0.15612958470101326,2.4607462112796568,1.3163983060732352,3.4263780968194695
112,1,620,6110.000000000002,4488.555427901436,0.1374339945768517,3.6673571297560583,0.3702650804430373,0.7346244562850138
112,2,630,6210.000000000002,4488.555427901436,0.156272299129442,3.7780794310187233,0.4267446433522845,0.7227947548955611
112,6,66,570.0859504455718,4488.555427901436,0.09604681033252462,0.81782586667359,0.618457760817648,7.873471402677507
112,0,620,6110.000000000002,4488.555427901436,0.13757670900528043,3.6565290298517263,0.36955520579836826,0.7346244562850138
112,4,700,6910.000000000002,4488.555427901436,0.1584130155558727,2.970710752304933,0.30568897420341995,0.649573868003102
112,5,315,3060.0000000000014,4488.555427901436,0.15812758669901528,2.1642173033892944,0.5019883912217163,1.466848179052756
113,0,620,6110.000000000002,4521.189031578468,0.13757670900528043,3.912308919360156,0.3982809287995348,0.7399654716167703
113,1,620,6110.000000000002,4521.189031578468,0.1374339945768517,3.9018345682467266,0.3968025703973403,0.7399654716167703
113,2,350,3410.000000000001,4521.189031578468,0.156272299129442,2.297904396343004,0.4761154164995587,1.325861886093392
113,4,560,5510.000000000002,4521.189031578468,0.1584130155558727,3.4270588297478994,0.44546489752688784,0.8205424739706835
113,5,560,5510.000000000002,4521.189031578468,0.15812758669901528,3.4112560860696415,0.44261184573968,0.8205424739706835
113,6,440,4310.000000000002,4521.189031578468,0.09604681033252462,2.040330081080666,0.20556954490043453,1.0489997753082287
113,3,105,960.0014115816389,4521.189031578468,0.15612958470101326,1.6480520030066628,1.2118166341922219,4.709564982961469
114,6,220,2110.0000000077202,5219.436278008451,0.09604681033252462,2.062418456316664,0.4900054131177462,2.4736664824594095
114,1,620,6110.000000000002,5219.436278008451,0.1374339945768517,4.188938247881015,0.4917909328409773,0.8542448900177495
114,4,700,6910.000000000002,5219.436278008451,0.1584130155558727,3.9991158207907294,0.4785203326019002,0.7553453369042619
114,0,403,3940.000000000001,5219.436278008451,0.13757670900528043,3.6467260439373548,0.6646231019935904,1.324730019799099
114,3,665,6560.000000000001,5219.436278008451,0.15612958470101326,2.542694304750136,0.31586326135797077,0.795645774086654
114,2,280,2710.0000000000146,5219.436278008451,0.156272299129442,1.6553785425455958,0.49823431110719096,1.925991246497573
114,5,700,6910.000000000002,5219.436278008451,0.15812758669901528,4.002023986958244,0.47800548789132685,0.7553453369042619
115,0,372,3630.000000000001,5042.3112255393935,0.13757670900528043,3.0517531593243796,0.5831997676143025,1.389066453316637
115,3,560,5510.000000000002,5042.3112255393935,0.15612958470101326,2.9263394174436725,0.4181074932114867,0.9151200046350983
115,1,620,6110.000000000002,5042.3112255393935,0.1374339945768517,3.640646382019792,0.4129154234081909,0.8252555197282148
115,5,700,6910.000000000002,5042.3112255393935,0.15812758669901528,3.7564485870311466,0.4334476899869203,0.7297121889347891
115,6,22,138.8629381196525,5042.3112255393935,0.09604681033252462,0.16113855859300588,0.5619862879926849,36.31142545172593
115,4,700,6910.000000000002,5042.3112255393935,0.1584130155558727,3.755909718829139,0.4341677955799582,0.7297121889347891
115,2,420,4110.000000000002,5042.3112255393935,0.156272299129442,2.6567581645795273,0.5093564989372479,1.2268397142431609
116,0,589,5800.000000000002,4191.728510463841,0.13757670900528043,3.4349276933900192,0.341529064713346,0.722711812148938
116,4,700,6910.000000000002,4191.728510463841,0.1584130155558727,3.7841756127262,0.36364468388666704,0.6066177294448394
116,6,440,4310.000000000002,4191.728510463841,0.09604681033252462,1.6595453382412295,0.1550200757599685,0.9725588191331415
116,5,420,4110.000000000002,4191.728510463841,0.15812758669901528,3.2876338037681174,0.5302032735675587,1.0198852823512992
116,3,700,6910.000000000002,4191.728510463841,0.15612958470101326,3.3382958415115196,0.3161732512188664,0.6066177294448394
116,2,35,262.252839954494,4191.728510463841,0.156272299129442,1.060911375683417,2.6499278805769153,15.983539057922837
116,1,93,840.0049979958054,4191.728510463841,0.1374339945768517,1.7170536162580532,1.1775769674701617,4.990123297438728
117,3,595,5860.000000000002,5120.665272849383,0.15612958470101326,3.2457395032275964,0.4428204180370797,0.8738336643087681
117,6,440,4310.000000000002,5120.665272849383,0.09604681033252462,4.464329290940662,0.5094344205869844,1.1880893904522924
117,5,700,6910.000000000002,5120.665272849383,0.15812758669901528,4.996362100921224,0.5854770673620578,0.741051414305265
117,2,700,6910.000000000002,5120.665272849383,0.156272299129442,3.439135773065095,0.3982718980071932,0.741051414305265
117,4,105,960.0014115816389,5120.665272849383,0.1584130155558727,2.7950539976745126,2.3617590051561317,5.3340184827571155
117,0,558,5490.000000000002,5120.665272849383,0.13757670900528043,4.357014373101971,0.5590980176388151,0.9327259149088126
117,1,527,5180.000000000002,5120.665272849383,0.1374339945768517,4.284897074571693,0.5821450274087722,0.9885454194689924
118,2,105,960.0014115816389,4366.134092322354,0.156272299129442,2.9486861082483067,2.095731993564276,4.548049658728087
118,6,286,2770.000000000008,4366.134092322354,0.09604681033252462,1.3450120234293892,0.20362280412227476,1.5762216939791847
118,1,620,6110.000000000002,4366.134092322354,0.1374339945768517,3.9177750827557056,0.3847596568673435,0.7145882311493212
118,0,620,6110.000000000002,4366.134092322354,0.13757670900528043,3.934262802594587,0.3867801188370576,0.7145882311493212
118,4,140,1310.0000353340838,4366.134092322354,0.1584130155558727,1.761834609689617,0.9302116205578392,3.3329266981346892
118,3,630,6210.000000000002,4366.134092322354,0.15612958470101326,4.322728718477774,0.47451359023285783,0.7030811742870133
118,5,700,6910.000000000002,4366.134092322354,0.15812758669901528,2.6739289918228506,0.26716313756668697,0.6318573216096025
119,1,31,223.43368382029254,4522.981721634933,0.1374339945768517,0.5944808203755844,1.6538960272206493,20.243061136980412
119,5,700,6910.000000000002,4522.981721634933,0.15812758669901528,3.591235047002551,0.37170487662144613,0.6545559655043317
119,6,374,3650.000000000001,4522.981721634933,0.09604681033252462,3.1068297846587307,0.3697705974224271,1.2391730744205292
119,3,700,6910.000000000002,4522.981721634933,0.15612958470101326,3.186390826558829,0.3256349664055775,0.6545559655043317
119,2,700,6910.000000000002,4522.981721634933,0.156272299129442,3.1827874395351086,0.32556403503647197,0.6545559655043317
119,0,62,530.1310020508638,4522.981721634933,0.13757670900528043,1.2275519265294081,1.440875373684565,8.531818935578817
119,4,525,5160.000000000001,4522.981721634933,0.1584130155558727,3.248323847561544,0.45105064982646387,0.8765468452780876
120,5,560,5510.000000000002,4838.639937018815,0.15812758669901528,4.074426456558601,0.5657777092249401,0.878156068424467
120,1,620,6110.000000000002,4838.639937018815,0.1374339945768517,2.2670293963408366,0.2467365095375935,0.7919214299539793
120,6,440,4310.000000000002,4838.639937018815,0.09604681033252462,1.6813782408125704,0.18129858104175844,1.122654277730583
120,0,372,3630.000000000001,4838.639937018815,0.13757670900528043,1.9215835244333663,0.3523877993486084,1.3329586603357613
120,2,140,1310.0000353340838,4838.639937018815,0.156272299129442,3.3066754373210503,1.9086468036931312,3.693618172907023
120,3,595,5860.000000000002,4838.639937018815,0.15612958470101326,4.4949510990436226,0.5794765496239574,0.8257064738939954
120,4,700,6910.000000000002,4838.639937018815,0.1584130155558727,4.312688286237097,0.4783923088126892,0.7002373280779759
121,3,630,6210.000000000002,5589.768802625947,0.15612958470101326,2.8542682619305575,0.4011273165583462,0.9001238007449187
121,0,620,6110.000000000002,5589.768802625947,0.13757670900528043,3.555414986195065,0.4474946528919745,0.9148557778438535
121,5,455,4460.000000000002,5589.768802625947,0.15812758669901528,3.6269750608194107,0.718805181477738,1.253311390723306
121,2,700,6910.000000000002,5589.768802625947,0.156272299129442,2.98756536571103,0.3776723720021498,0.8089390452425391
121,1,620,6110.000000000002,5589.768802625947,0.1374339945768517,3.5618784522356814,0.44784311316842274,0.9148557778438535
121,6,418,4090.0000000000014,5589.768802625947,0.09604681033252462,2.5659780444046776,0.33682663009442165,1.3666916387838495
121,4,490,4810.000000000001,5589.768802625947,0.1584130155558727,3.7045912494677222,0.6819930155368503,1.1621140961800303
122,6,440,4310.000000000002,3648.8473213810644,0.09604681033252462,1.9187171468616817,0.15601714445252898,0.8466003065849333
122,1,620,6110.000000000002,3648.8473213810644,0.1374339945768517,3.5730894120573686,0.29325980062074153,0.5971926876237419
122,0,31,223.43368382029254,3648.8473213810644,0.13757670900528043,0.5877381070514053,1.3204921140165171,16.330784414385022
122,2,105,960.0014115816389,3648.8473213810644,0.156272299129442,2.109421120042928,1.25293664566565,3.8008770376383607
122,5,105,960.0014115816389,3648.8473213810644,0.15812758669901528,2.0145276362186197,1.2107784775629928,3.8008770376383607
122,3,700,6910.000000000002,3648.8473213810644,0.15612958470101326,3.524367260071234,0.29056547281336814,0.5280531579422668
122,4,630,6210.000000000002,3648.8473213810644,0.1584130155558727,3.287455834026425,0.305995387168661,0.587576058193408
123,5,700,6910.000000000002,5344.062339527612,0.15812758669901528,3.881033232073535,0.4746226639940391,0.7733809463860507
123,6,396,3870.0000000000014,5344.062339527612,0.09604681033252462,3.805701691129024,0.5047522232984936,1.3808946613766433
123,3,700,6910.000000000002,5344.062339527612,0.15612958470101326,3.9160764080403334,0.47285700772883243,0.7733809463860507
123,2,560,5510.000000000002,5344.062339527612,0.156272299129442,3.636242072381886,0.5511308299292603,0.9698842721465717
123,0,620,6110.000000000002,5344.062339527612,0.13757670900528043,4.062144880730867,0.4887993623800849,0.8746419540961718
123,1,93,840.0049979958054,5344.062339527612,0.1374339945768517,1.7355969087379681,1.5175139185583628,6.361941122110201
123,4,630,6210.000000000002,5344.062339527612,0.1584130155558727,3.7523857767890574,0.5115384201618574,0.8605575425970386
124,1,465,4560.000000000002,3864.2689428333674,0.1374339945768517,2.6807484320780457,0.3122142579216579,0.8474273997441591
124,5,70,610.0563920873398,3864.2689428333674,0.15812758669901528,2.266564127780374,2.270246508923861,6.334281540123807
124,4,700,6910.000000000002,3864.2689428333674,0.1584130155558727,3.955155737569813,0.35038358134823316,0.5592285011336275
124,3,280,2710.0000000000146,3864.2689428333674,0.15612958470101326,3.115068474195761,0.6935070107246222,1.425929499200497
124,0,620,6110.000000000002,3864.2689428333674,0.13757670900528043,2.940912452527952,0.2558899014092157,0.6324499088106983
124,6,440,4310.000000000002,3864.2689428333674,0.09604681033252462,1.4985752912609729,0.12904809227021252,0.8965821213070454
124,2,245,2360.000000000555,3864.2689428333674,0.156272299129442,3.0575761923618647,0.7823743997488122,1.6374020944205334
125,2,35,262.252839954494,4572.539868667075,0.156272299129442,0.8163233104206733,2.2242392525545,17.435616214720497
125,4,665,6560.000000000001,4572.539868667075,0.1584130155558727,3.1989419565000725,0.3532245518712508,0.6970335165651028
125,5,280,2710.0000000000146,4572.539868667075,0.15812758669901528,2.186410991827182,0.5833479216513164,1.6872840843789854
125,0,620,6110.000000000002,4572.539868667075,0.13757670900528043,4.298171040749283,0.44253222443009405,0.7483698639389647
125,3,630,6210.000000000002,4572.539868667075,0.15612958470101326,3.8295756898828777,0.44025243100911127,0.7363188194310908
125,1,620,6110.000000000002,4572.539868667075,0.1374339945768517,4.299096615526451,0.44216836282300265,0.7483698639389647
125,6,440,4310.000000000002,4572.539868667075,0.09604681033252462,3.5860083847975814,0.36540499360976086,1.0609141226605738
126,3,665,6560.000000000001,3721.7438243638308,0.15612958470101326,2.2860792666809626,0.20249724847663259,0.5673389976164376
126,1,620,6110.000000000002,3721.7438243638308,0.1374339945768517,4.214377214591961,0.3528034643445219,0.6091233755096285
126,0,93,840.0049979958054,3721.7438243638308,0.13757670900528043,1.9228780715913394,1.1720908334932567,4.4306210477838315
126,2,700,6910.000000000002,3721.7438243638308,0.156272299129442,2.361244416901578,0.1987427865689538,0.538602579502725
126,5,105,960.0014115816389,3721.7438243638308,0.15812758669901528,2.844094113922641,1.7435171000772347,3.876810783259283
126,4,70,610.0563920873398,3721.7438243638308,0.1584130155558727,2.255440586643685,2.179710152493044,6.1006554027402125
126,6,440,4310.000000000002,3721.7438243638308,0.09604681033252462,1.955608101976946,0.1621936998805956,0.8635136483442759
127,2,420,4110.000000000002,4097.948479647367,0.156272299129442,4.790128234494386,0.746369379451591,0.9970677566051984
127,3,700,6910.000000000002,4097.948479647367,0.15612958470101326,5.375401696881332,0.49771940726390057,0.5930460896740037
127,0,124,1150.0001906837483,4097.948479647367,0.13757670900528043,2.8998081268275873,1.4216174992936856,3.563432869703157
127,1,93,840.0049979958054,4097.948479647367,0.1374339945768517,2.598021599470525,1.7418933091256594,4.878481067880301
127,6,440,4310.000000000002,4097.948479647367,0.09604681033252462,4.4957791242110465,0.4105604748482428,0.9508001112870917
127,5,385,3760.0000000000014,4097.948479647367,0.15812758669901528,2.3600060585507596,0.40672363462802763,1.0898799147998313
127,4,700,6910.000000000002,4097.948479647367,0.1584130155558727,3.0161491893590657,0.2833558135737576,0.5930460896740037
128,4,210,2010.0000000221403,4141.869109028662,0.1584130155558727,3.672979471912564,1.1989737509139238,2.0606313975039994
128,3,700,6910.000000000002,4141.869109028662,0.15612958470101326,3.909905080772978,0.36590617755568516,0.5994021865453923
128,6,110,1010.0008335248422,4141.869109028662,0.09604681033252462,0.5762197863895694,0.22695813387909727,4.100857119665721
128,5,700,6910.000000000002,4141.869109028662,0.15812758669901528,4.624839618765567,0.4383516468874129,0.5994021865453923
128,1,620,6110.000000000002,4141.869109028662,0.1374339945768517,2.636018534761953,0.245582710989714,0.6778836512321867
128,2,420,4110.000000000002,4141.869109028662,0.156272299129442,3.4833861910192274,0.548577733599126,1.0077540411261947
128,0,62,530.1310020508638,4141.869109028662,0.13757670900528043,1.2807594177536332,1.3766566664831619,7.812916228263269
129,2,105,960.0014115816389,5105.812979261012,0.156272299129442,2.033050596234545,1.6897529761976573,5.318547366351254
129,3,700,6910.000000000002,5105.812979261012,0.15612958470101326,4.036765559165005,0.46569930307284296,0.7389020230479031
129,5,560,5510.000000000002,5105.812979261012,0.15812758669901528,3.6158106620595807,0.5298179014103532,0.9266448238223248
129,4,665,6560.000000000001,5105.812979261012,0.1584130155558727,3.8295792570007254,0.4721749978638169,0.7783251492775931
129,6,440,4310.000000000002,5105.812979261012,0.09604681033252462,2.9686739762946988,0.3377793417165925,1.184643382659167
129,1,527,5180.000000000002,5105.812979261012,0.1374339945768517,2.7444944286429425,0.37178483100158255,0.9856781813245192
129,0,620,6110.000000000002,5105.812979261012,0.13757670900528043,2.9533772386583355,0.3395373327078609,0.8356486054437005
130,0,155,1460.0000072749747,4503.826832299601,0.13757670900528043,2.318724303180477,0.9840628945227754,3.084812883464154
130,2,700,6910.000000000002,4503.826832299601,0.156272299129442,2.67951321542639,0.27292388304825077,0.6517839120549348
130,6,286,2770.000000000008,4503.826832299601,0.09604681033252462,1.941415062847191,0.3031818903662006,1.6259302643680822
130,4,630,6210.000000000002,4503.826832299601,0.1584130155558727,3.9288455747750497,0.4513837331932638,0.725253918244702
130,1,620,6110.000000000002,4503.826832299601,0.1374339945768517,3.9229038401725975,0.39741321646770733,0.7371238678068085
130,3,35,262.252839954494,4503.826832299601,0.15612958470101326,0.7315262534919276,1.9614471262406858,17.173605567364316
130,5,700,6910.000000000002,4503.826832299601,0.15812758669901528,4.047782644598539,0.4171847873307995,0.6517839120549348
131,5,665,6560.000000000001,4579.7794501084945,0.15812758669901528,4.52976983166589,0.500062747400109,0.6981371112970265
131,4,700,6910.000000000002,4579.7794501084945,0.1584130155558727,4.605411771458111,0.48353269453587316,0.6627756078304621
131,6,440,4310.000000000002,4579.7794501084945,0.09604681033252462,3.4771072801468854,0.35486921916620584,1.062593839932365
131,2,700,6910.000000000002,4579.7794501084945,0.156272299129442,2.8324602225434083,0.2933677283414779,0.6627756078304621
131,3,35,262.252839954494,4579.7794501084945,0.15612958470101326,0.3535008142771666,0.9638289951598448,17.463221564743307
131,0,372,3630.000000000001,4579.7794501084945,0.13757670900528043,3.4305947123739027,0.5954595560844959,1.2616472314348466
131,1,310,3010.0000000000014,4579.7794501084945,0.1374339945768517,3.1965180311531745,0.6684199393444918,1.5215214119961769
132,0,31,223.43368382029254,4361.634313577169,0.13757670900528043,0.6302020347348576,1.6924869251805845,19.520934529662174
132,5,105,960.0014115816389,4361.634313577169,0.15812758669901528,2.6134845144508065,1.87760811337642,4.543362396093992
132,2,665,6560.000000000001,4361.634313577169,0.156272299129442,3.0023909404956424,0.31195694172941013,0.6648832795087147
132,4,700,6910.000000000002,4361.634313577169,0.1584130155558727,4.081534611107874,0.4081178108053958,0.6312061235278101
132,1,620,6110.000000000002,4361.634313577169,0.1374339945768517,3.512861642171471,0.3446380744783016,0.7138517698162304
132,6,440,4310.000000000002,4361.634313577169,0.09604681033252462,1.708124242515038,0.16602534211855227,1.0119801191594355
132,3,525,5160.000000000001,4361.634313577169,0.15612958470101326,2.7779922813325477,0.3666196921594779,0.8452779677475133
133,5,280,2710.0000000000146,4090.9094612839995,0.15812758669901528,2.5327450214575937,0.604574311982232,1.509560686820656
133,4,70,610.0563920873398,4090.9094612839995,0.1584130155558727,1.1862812510190048,1.2601679030320838,6.705789029251442
133,2,700,6910.000000000002,4090.9094612839995,0.156272299129442,4.54163296826563,0.4201804637602449,0.5920274184202603
133,0,620,6110.000000000002,4090.9094612839995,0.13757670900528043,3.8016426697756325,0.35018284571221797,0.6695432833525365
133,6,440,4310.000000000002,4090.9094612839995,0.09604681033252462,3.924280527711824,0.35775489927759946,0.9491669283721572
133,3,560,5510.000000000002,4090.9094612839995,0.15612958470101326,4.275088827230971,0.4955627068362456,0.742451807855535
133,1,279,2700.0000000000164,4090.9094612839995,0.1374339945768517,2.81810772521016,0.5868239952855849,1.515151652327398
134,5,700,6910.000000000002,4639.208020577058,0.15812758669901528,2.818015893449059,0.2991692001193507,0.6713759798230183
134,4,140,1310.0000353340838,4639.208020577058,0.1584130155558727,1.7745731394091553,0.995536767324922,3.5413800728592655
134,6,110,1010.0008335248422,4639.208020577058,0.09604681033252462,0.7995492246475505,0.3527363913560843,4.593271477199183
134,0,248,2390.0000000004047,4639.208020577058,0.13757670900528043,2.8801015042660385,0.7691280601474353,1.9410912219984404
134,1,558,5490.000000000002,4639.208020577058,0.1374339945768517,3.685479459935379,0.428015667730829,0.8450287833473691
134,2,700,6910.000000000002,4639.208020577058,0.156272299129442,4.1218354838310525,0.4324525422585788,0.6713759798230183
134,3,700,6910.000000000002,4639.208020577058,0.15612958470101326,4.113073169210257,0.4311391281281804,0.6713759798230183
135,0,93,840.0049979958054,4316.998199646579,0.13757670900528043,1.4521158534803538,1.026706190750488,5.13925299247819
135,2,700,6910.000000000002,4316.998199646579,0.156272299129442,4.064251272334398,0.39679516557473765,0.6247464833063066
135,4,105,960.0014115816389,4316.998199646579,0.1584130155558727,1.4621920167623146,1.041610299642549,4.496866512450394
135,6,440,4310.000000000002,4316.998199646579,0.09604681033252462,2.3331273817124503,0.22445329987898677,1.0016237122149831
135,5,700,6910.000000000002,4316.998199646579,0.15812758669901528,2.9619735078720666,0.29261233712287515,0.6247464833063066
135,3,490,4810.000000000001,4316.998199646579,0.15612958470101326,3.6737954834020337,0.5147981429192027,0.897504823211347
135,1,527,5180.000000000002,4316.998199646579,0.1374339945768517,3.3462058116210054,0.38326479310076156,0.8333973358391077
136,3,525,5160.000000000001,4426.241256235693,0.15612958470101326,3.8224203464853272,0.5119281707246012,0.8577986930689326
136,4,700,6910.000000000002,4426.241256235693,0.1584130155558727,3.2024762725536142,0.3249629259650604,0.6405558981527774
136,6,242,2330.000000000761,4426.241256235693,0.09604681033252462,2.2516273260765307,0.4108266595087159,1.8996743588988187
136,5,70,610.0563920873398,4426.241256235693,0.15812758669901528,1.1517830178269095,1.3214277223725972,7.255462468135246
136,2,700,6910.000000000002,4426.241256235693,0.156272299129442,4.1601837814039415,0.41643915129766124,0.6405558981527774
136,0,217,2080.00000001059,4426.241256235693,0.13757670900528043,2.1437439859406076,0.6276096062378079,2.1280006039486334
136,1,620,6110.000000000002,4426.241256235693,0.1374339945768517,3.3643893651149406,0.3349610372453265,0.7244257375181165
137,6,220,2110.0000000077202,4078.7741761636807,0.09604681033252462,1.8871371367518344,0.3503754056517582,1.933068329928321
137,1,620,6110.000000000002,4078.7741761636807,0.1374339945768517,3.725128137136178,0.3417620504361582,0.6675571483082945
137,0,620,6110.000000000002,4078.7741761636807,0.13757670900528043,3.6967332755006708,0.33950915047886726,0.6675571483082945
137,4,35,262.252839954494,4078.7741761636807,0.1584130155558727,0.6775902386323301,1.6694271159297616,15.552831293920127
137,5,490,4810.000000000001,4078.7741761636807,0.15812758669901528,2.3834199147076935,0.3195897126859743,0.8479779992024282
137,2,700,6910.000000000002,4078.7741761636807,0.156272299129442,4.16008697222589,0.38373907604977925,0.5902712266517626
137,3,210,2010.0000000221403,4078.7741761636807,0.15612958470101326,2.9510107583653435,0.9349526154931126,2.0292408836411706
138,4,245,2360.000000000555,4625.991151709027,0.1584130155558727,1.5792096734683718,0.4903695017774878,1.9601657422491268
138,3,700,6910.000000000002,4625.991151709027,0.15612958470101326,4.05050896164044,0.4233714345694551,0.669463263633723
138,5,210,2010.0000000221403,4625.991151709027,0.15812758669901528,1.43372199568933,0.5217726747115005,2.3014881351532694
138,0,620,6110.000000000002,4625.991151709027,0.13757670900528043,4.385468180124639,0.4567982885819622,0.7571180281029501
138,2,700,6910.000000000002,4625.991151709027,0.156272299129442,4.0503619151171515,0.42374304477212943,0.669463263633723
138,6,330,3210.000000000001,4625.991151709027,0.09604681033252462,2.905090177081692,0.4021076448521255,1.4411187388501636
138,1,465,4560.000000000002,4625.991151709027,0.1374339945768517,4.007105843860169,0.5586823339281426,1.0144717437958388
139,6,440,4310.000000000002,3369.187253412702,0.09604681033252462,2.000008165840161,0.15016288182596654,0.7817139799101394
139,0,155,1460.0000072749747,3369.187253412702,0.13757670900528043,2.3348429805749054,0.7412673760258335,2.3076624908387093
139,1,620,6110.000000000002,3369.187253412702,0.1374339945768517,3.8601840165270613,0.292540578927524,0.5514218090691818
139,5,70,610.0563920873398,3369.187253412702,0.15812758669901528,1.4532244967070018,1.269099052783368,5.522747236341303
139,2,700,6910.000000000002,3369.187253412702,0.156272299129442,3.8846086777694957,0.29598955056919307,0.48758136807709135
139,3,420,4110.000000000002,3369.187253412702,0.15612958470101326,3.3978211827818425,0.434879615529908,0.8197535896381266
139,4,70,610.0563920873398,3369.187253412702,0.1584130155558727,1.4765689875819652,1.2918133577755797,5.522747236341303
140,2,35,262.252839954494,4984.522172077947,0.156272299129442,1.2714586167827167,3.77648325481721,19.00655174198632
140,5,595,5860.000000000002,4984.522172077947,0.15812758669901528,2.551022593308868,0.34312144644785675,0.8506010532556222
140,1,620,6110.000000000002,4984.522172077947,0.1374339945768517,4.602187258843794,0.515989396803485,0.8157974095053921
140,0,620,6110.000000000002,4984.522172077947,0.13757670900528043,4.608011233928144,0.5171788635673403,0.8157974095053921
140,4,595,5860.000000000002,4984.522172077947,0.1584130155558727,2.560816123341925,0.3450604409585513,0.8506010532556222
140,6,352,3430.000000000001,4984.522172077947,0.09604681033252462,3.7561360709230245,0.5242683927307651,1.4532134612472145
140,3,700,6910.000000000002,4984.522172077947,0.15612958470101326,4.8746044866154445,0.5489971288407267,0.7213490842370399
141,0,31,223.43368382029254,4475.134875300035,0.13757670900528043,0.6833406218819962,1.8829536859417757,20.028917747690095
141,1,465,4560.000000000002,4475.134875300035,0.1374339945768517,4.113678447547752,0.5548374885951947,0.981389227039481
141,4,210,2010.0000000221403,4475.134875300035,0.1584130155558727,4.697531934573911,1.6568022437191472,2.2264352613187763
141,6,440,4310.000000000002,4475.134875300035,0.09604681033252462,1.6153608772231285,0.16109474211427977,1.038314356218105
141,3,700,6910.000000000002,4475.134875300035,0.15612958470101326,2.280005427112626,0.23054152777557563,0.6476316751519585
141,2,700,6910.000000000002,4475.134875300035,0.156272299129442,2.305690565363541,0.2333517734173198,0.6476316751519585
141,5,595,5860.000000000002,4475.134875300035,0.15812758669901528,5.521164993850007,0.6667252172990432,0.7636748933959101
142,0,620,6110.000000000002,5126.175932261243,0.13757670900528043,3.1282789977766856,0.36107938359326724,0.8389813309756533
142,2,350,3410.000000000001,5126.175932261243,0.156272299129442,3.129073598346983,0.7350838955046555,1.5032773994901003
142,6,22,138.8629381196525,5126.175932261243,0.09604681033252462,0.5422460421421869,1.9225891840389222,36.91536418338079
142,4,630,6210.000000000002,5126.175932261243,0.1584130155558727,3.9398728920219552,0.5151989618554692,0.8254711646153369
142,5,700,6910.000000000002,5126.175932261243,0.15812758669901528,4.071324985589048,0.47759401223384423,0.7418489048134937
142,3,700,6910.000000000002,5126.175932261243,0.15612958470101326,3.923072652578749,0.4543881694015025,0.7418489048134937
142,1,434,4250.000000000002,5126.175932261243,0.1374339945768517,2.677690847292213,0.4438734624546817,1.206159042884998
143,4,700,6910.000000000002,4601.576444508345,0.1584130155558727,4.01863552970976,0.42393383002691304,0.6659300209129296
143,1,248,2390.0000000004047,4601.576444508345,0.1374339945768517,3.251294856559851,0.8603185098540982,1.9253457926809898
143,6,330,3210.000000000001,4601.576444508345,0.09604681033252462,0.6681915560877575,0.09199951518291742,1.4335129110617892
143,2,700,6910.000000000002,4601.576444508345,0.156272299129442,3.7477669671226295,0.39001667412559893,0.6659300209129296
143,5,35,262.252839954494,4601.576444508345,0.15812758669901528,1.2765558552758887,3.5418805147310537,17.546335991277765
143,3,700,6910.000000000002,4601.576444508345,0.15612958470101326,3.728545750177762,0.3876620381095215,0.6659300209129296
143,0,496,4870.000000000001,4601.576444508345,0.13757670900528043,3.7022549937591505,0.4812701476726576,0.9448822267984279
144,3,525,5160.000000000001,5094.071642643159,0.15612958470101326,4.739856874621949,0.7305766360369307,0.9872231865587516
144,2,245,2360.000000000555,5094.071642643159,0.156272299129442,3.9113690545313173,1.3193616088591695,2.158504933322865
144,1,558,5490.000000000002,5094.071642643159,0.1374339945768517,4.630552053467995,0.5904996497350228,0.9278819021207937
144,6,440,4310.000000000002,5094.071642643159,0.09604681033252462,4.5728197439026195,0.5191045163539199,1.1819191746271827
144,5,525,5160.000000000001,5094.071642643159,0.15812758669901528,2.9851848506827205,0.46600890829738273,0.9872231865587516
144,0,620,6110.000000000002,5094.071642643159,0.13757670900528043,4.76282071733151,0.5463022494635671,0.8337269464227753
144,4,700,6910.000000000002,5094.071642643159,0.1584130155558727,3.3355211732505756,0.3895305860672647,0.7372028426401096
145,4,700,6910.000000000002,4627.956329385045,0.1584130155558727,3.7123992141686766,0.3938734781625599,0.6697476598241743
145,3,245,2360.000000000555,4627.956329385045,0.15612958470101326,2.256608022929891,0.6909053912568524,1.9609984446542192
145,5,420,4110.000000000002,4627.956329385045,0.15812758669901528,3.1976934116280997,0.5693664796748279,1.1260234378065799
145,2,700,6910.000000000002,4627.956329385045,0.156272299129442,3.1164887549394176,0.32618108324325495,0.6697476598241743
145,0,620,6110.000000000002,4627.956329385045,0.13757670900528043,3.7036332455312313,0.3859410128156519,0.7574396611104818
145,6,286,2770.000000000008,4627.956329385045,0.09604681033252462,1.5225020324300205,0.24431510075629048,1.6707423571787117
145,1,248,2390.0000000004047,4627.956329385045,0.1374339945768517,2.6760544009834217,0.7121647256153257,1.936383401416009
146,2,385,3760.0000000000014,3414.4975891159365,0.156272299129442,2.6692288520648257,0.37879721535267835,0.9081110609350892
146,1,620,6110.000000000002,3414.4975891159365,0.1374339945768517,3.48754257836711,0.2678547104968925,0.5588375759600549
146,6,440,4310.000000000002,3414.4975891159365,0.09604681033252462,2.1673629308013647,0.1649165071858675,0.7922268188204026
146,4,245,2360.000000000555,3414.4975891159365,0.1584130155558727,2.660181163791044,0.6097009654458829,1.4468210123369212
146,5,210,2010.0000000221403,3414.4975891159365,0.15812758669901528,2.550284977942002,0.6850576314076375,1.698755019441953
146,0,620,6110.000000000002,3414.4975891159365,0.13757670900528043,3.491474492565971,0.2684351541089854,0.5588375759600549
146,3,35,262.252839954494,3414.4975891159365,0.15612958470101326,0.8779809438378168,1.7847480037479573,13.019868878096492
147,4,595,5860.000000000002,4863.731987820109,0.1584130155558727,3.702925533018611,0.4868642199691792,0.8299883938259569
147,2,630,6210.000000000002,4863.731987820109,0.156272299129442,2.8739550261571023,0.35175477746414974,0.7832096598744134
147,0,310,3010.0000000000014,4863.731987820109,0.13757670900528043,3.594275347597207,0.7990232202453771,1.615857803262494
147,1,620,6110.000000000002,4863.731987820109,0.1374339945768517,4.53332433573639,0.4959517037397415,0.7960281485793956
147,3,140,1310.0000353340838,4863.731987820109,0.15612958470101326,1.3675568259330202,0.7927366081955388,3.7127724096432804
147,5,700,6910.000000000002,4863.731987820109,0.15812758669901528,3.8971415790074224,0.433755919334778,0.70386859447469
147,6,440,4310.000000000002,4863.731987820109,0.09604681033252462,3.4561265373472323,0.3745975621768431,1.1284760992622058
148,0,620,6110.000000000002,5153.269587555304,0.13757670900528043,3.6500495278503027,0.42353111963658646,0.843415644444403
148,4,315,3060.0000000000014,5153.269587555304,0.1584130155558727,3.0551536905874705,0.8150520798017596,1.6840750286128436
148,5,700,6910.000000000002,5153.269587555304,0.15812758669901528,3.838147613198735,0.4526204079020148,0.7457698390094504
148,3,525,5160.000000000001,5153.269587555304,0.15612958470101326,2.747219695785997,0.428362808211662,0.9986956565029657
148,2,700,6910.000000000002,5153.269587555304,0.156272299129442,3.044157543487411,0.3547757620712118,0.7457698390094504
148,1,403,3940.000000000001,5153.269587555304,0.1374339945768517,3.19998352761296,0.5752128152907768,1.307936443541955
148,6,330,3210.000000000001,5153.269587555304,0.09604681033252462,1.6749281778788987,0.25825989250584963,1.6053799338178512
149,1,620,6110.000000000002,5324.669616105718,0.1374339945768517,3.574781857170118,0.42814923310343483,0.8714680222758947
149,5,700,6910.000000000002,5324.669616105718,0.15812758669901528,3.3961260742305326,0.41381484437561683,0.7705744741108128
149,2,665,6560.000000000001,5324.669616105718,0.156272299129442,3.460774719786032,0.43897941754459496,0.8116874414795301
149,3,560,5510.000000000002,5324.669616105718,0.15612958470101326,3.278913400841626,0.4947162982694716,0.9663647216162824
149,4,315,3060.0000000000014,5324.669616105718,0.1584130155558727,2.6174339411173886,0.721502483793474,1.740088109838469
149,6,198,1890.0000000783903,5324.669616105718,0.09604681033252462,1.3695316857106459,0.3705833416050599,2.817285511050196
149,0,620,6110.000000000002,5324.669616105718,0.13757670900528043,3.547158878710949,0.42528201135298715,0.8714680222758947
150,0,155,1460.0000072749747,4470.782755049935,0.13757670900528043,2.2286311775002354,0.9388880843019711,3.0621799539538723
150,2,700,6910.000000000002,4470.782755049935,0.156272299129442,3.573738081441986,0.36133517528999415,0.647001845882769
150,6,22,138.8629381196525,4470.782755049935,0.09604681033252462,0.17112687429952086,0.5291738585315587,32.195651450192166
150,4,490,4810.000000000001,4470.782755049935,0.1584130155558727,2.901924563074993,0.42728285867049964,0.9294766642515456
150,5,700,6910.000000000002,4470.782755049935,0.15812758669901528,3.261878698851006,0.33371902746341264,0.647001845882769
150,3,700,6910.000000000002,4470.782755049935,0.15612958470101326,3.5756361062084805,0.3611969199441456,0.647001845882769
150,1,186,1770.0000002775555,4470.782755049935,0.1374339945768517,2.371014752030685,0.8230737031111888,2.5258659629089646
