round,cid,tau,a_i,a_eff,p_i,raw_update_norm,contribution_norm,amp_vs_fedavg
1,3,245,2360.000000000555,4945.089875460987,0.15612958470101326,2.587525965604975,0.846510028093747,2.095377065872807
1,1,620,6110.000000000002,4945.089875460987,0.1374339945768517,3.9250668640896826,0.4365904261495565,0.8093436784715198
1,0,620,6110.000000000002,4945.089875460987,0.13757670900528043,3.776808002662813,0.4205356353949744,0.8093436784715198
1,2,525,5160.000000000001,4945.089875460987,0.156272299129442,3.6106882297762595,0.5407499394382318,0.9583507510583307
1,5,630,6210.000000000002,4945.089875460987,0.15812758669901528,3.875820293280019,0.4880382533977873,0.7963107689953278
1,4,700,6910.000000000002,4945.089875460987,0.1584130155558727,4.115050311765642,0.4665112834949748,0.7156425290102729
1,6,22,138.8629381196525,4945.089875460987,0.09604681033252462,1.7662973263108368,6.041358353794371,35.611300916015516
2,3,35,262.252839954494,4077.7272166311977,0.15612958470101326,10.074124802184611,24.456285815165828,15.548839117771854
2,5,420,4110.000000000002,4077.7272166311977,0.15812758669901528,10.172989283874431,1.5959988640940674,0.992147741272797
2,4,210,2010.0000000221403,4077.7272166311977,0.1584130155558727,9.022711573494549,2.8996798348217454,2.0287200082518813
2,6,330,3210.000000000001,4077.7272166311977,0.09604681033252462,0.0,0.0,1.2703200051810581
2,2,700,6910.000000000002,4077.7272166311977,0.156272299129442,9.788144880780353,0.9026564986564535,0.5901197129712297
2,1,620,6110.000000000002,4077.7272166311977,0.1374339945768517,9.44865667338201,0.8666449246797301,0.6673857965026508
2,0,620,6110.000000000002,4077.7272166311977,0.13757670900528043,9.108924383296243,0.8363517556236266,0.6673857965026508
3,4,525,5160.000000000001,5026.489225099582,0.1584130155558727,4.932421104213758,0.7611426586349006,0.9741258188177482
3,2,490,4810.000000000001,5026.489225099582,0.156272299129442,2.179797447375184,0.35597362478428535,1.0450081549063577
3,6,220,2110.0000000077202,5026.489225099582,0.09604681033252462,0.1499705940630661,0.03431400096634706,2.3822223815550667
3,5,700,6910.000000000002,5026.489225099582,0.15812758669901528,5.2003460564734265,0.5981727106669488,0.727422463834961
3,1,620,6110.000000000002,5026.489225099582,0.1374339945768517,5.478000475145947,0.6193551895839783,0.8226659942879837
3,0,186,1770.0000002775555,5026.489225099582,0.13757670900528043,4.642839609235397,1.8139281758153667,2.8398244205149
3,3,700,6910.000000000002,5026.489225099582,0.15612958470101326,2.433710857037858,0.27640181632508637,0.727422463834961
4,4,280,2710.0000000000146,4396.842083978591,0.1584130155558727,3.732236998904826,0.9592496560700732,1.6224509534976264
4,3,700,6910.000000000002,4396.842083978591,0.15612958470101326,3.454825962182795,0.3432212744167507,0.6363013146133994
4,6,220,2110.0000000077202,4396.842083978591,0.09604681033252462,0.20843665612571224,0.041717229309987905,2.083811414200239
4,0,496,4870.000000000001,4396.842083978591,0.13757670900528043,3.1581476141626594,0.392273751160009,0.902842317038725
4,2,700,6910.000000000002,4396.842083978591,0.156272299129442,3.5422834489338233,0.35223145122626187,0.6363013146133994
4,1,620,6110.000000000002,4396.842083978591,0.1374339945768517,3.4443735379561553,0.3406466099534466,0.7196140890308658
4,5,70,610.0563920873398,4396.842083978591,0.15812758669901528,2.847596815187057,3.245316272177382,7.207271558838301
5,4,700,6910.000000000002,4913.277077563227,0.1584130155558727,2.3677264188094287,0.26669544003277534,0.7110386508774567
5,6,198,1890.0000000783903,4913.277077563227,0.09604681033252462,2.1867025093878674,0.5459867484426074,2.599617501248382
5,5,70,610.0563920873398,4913.277077563227,0.15812758669901528,0.5227690695594427,0.6657616904414116,8.053808043469873
5,2,700,6910.000000000002,4913.277077563227,0.156272299129442,4.020373456813433,0.4467263887595255,0.7110386508774567
5,0,527,5180.000000000002,4913.277077563227,0.13757670900528043,4.900750071482458,0.6395123971856654,0.948509088332669
5,3,700,6910.000000000002,4913.277077563227,0.15612958470101326,4.031546826071491,0.4475588217608287,0.7110386508774567
5,1,496,4870.000000000001,4913.277077563227,0.1374339945768517,4.8145403944668805,0.6675615271688796,1.0088864635653443
6,6,440,4310.000000000002,3844.511901794436,0.09604681033252462,1.4500150768416473,0.12422797449585495,0.8919981210659941
6,1,620,6110.000000000002,3844.511901794436,0.1374339945768517,4.3547873426233625,0.3765833556918836,0.6292163505391875
6,3,140,1310.0000353340838,3844.511901794436,0.15612958470101326,2.110009030012576,0.9668061865413237,2.9347418306091773
6,5,140,1310.0000353340838,3844.511901794436,0.15812758669901528,0.8018521910601499,0.37211044913848834,2.9347418306091773
6,4,630,6210.000000000002,3844.511901794436,0.1584130155558727,1.3846157378978157,0.13579060849372943,0.6190840421569138
6,2,700,6910.000000000002,3844.511901794436,0.156272299129442,5.153680867229595,0.4480873527581643,0.5563693056142454
6,0,93,840.0049979958054,3844.511901794436,0.13757670900528043,1.4403469366674295,0.9069249909077346,4.576772651314194
7,2,700,6910.000000000002,4765.602974047406,0.156272299129442,4.799370766826532,0.51725668753284,0.6896675794569327
7,3,525,5160.000000000001,4765.602974047406,0.15612958470101326,4.482809852956686,0.6464034695168976,0.9235664678386444
7,4,455,4460.000000000002,4765.602974047406,0.1584130155558727,1.834013686191698,0.3104391123248394,1.0685208461989695
7,0,620,6110.000000000002,4765.602974047406,0.13757670900528043,3.2768067421583376,0.3516190472468672,0.7799677535265801
7,5,140,1310.0000353340838,4765.602974047406,0.15812758669901528,1.3589114140239742,0.7817094103739716,3.637864767562433
7,6,440,4310.000000000002,4765.602974047406,0.09604681033252462,1.3445475174520363,0.14279062346498256,1.1057083466467295
7,1,527,5180.000000000002,4765.602974047406,0.1374339945768517,3.189020542908994,0.40321769707382277,0.9200005741404256
8,1,465,4560.000000000002,5451.134579707467,0.1374339945768517,3.5016393448846332,0.5752910857243609,1.1954242499358476
8,3,700,6910.000000000002,5451.134579707467,0.15612958470101326,3.6934697107408834,0.45491326747467964,0.7888762054569415
8,0,217,2080.00000001059,5451.134579707467,0.13757670900528043,2.602505009182134,0.9383396320414527,2.62073777869217
8,5,665,6560.000000000001,5451.134579707467,0.15812758669901528,2.971925023254368,0.3905067601152389,0.8309656371505284
8,6,440,4310.000000000002,5451.134579707467,0.09604681033252462,1.9890746971124331,0.2416260050798769,1.2647644036444234
8,2,700,6910.000000000002,5451.134579707467,0.156272299129442,3.6882943796955585,0.45469108091541655,0.7888762054569415
8,4,595,5860.000000000002,5451.134579707467,0.1584130155558727,2.8606153292833563,0.4215407957760064,0.9302277439773832
9,4,595,5860.000000000002,5458.611081011828,0.1584130155558727,4.613683603198406,0.680805735687485,0.9315035974422912
9,3,700,6910.000000000002,5458.611081011828,0.15612958470101326,3.3839312166369657,0.41736001219266383,0.7899581882795697
9,0,527,5180.000000000002,5458.611081011828,0.13757670900528043,2.739360852011122,0.39714267265050185,1.053785922975256
9,6,66,570.0859504455718,5458.611081011828,0.09604681033252462,0.7485125834549821,0.6883730621364814,9.57506684166738
9,1,620,6110.000000000002,5458.611081011828,0.1374339945768517,2.904964905974226,0.3566777366087369,0.8933897022932613
9,5,700,6910.000000000002,5458.611081011828,0.15812758669901528,4.780995939620902,0.5972141964925756,0.7899581882795697
9,2,490,4810.000000000001,5458.611081011828,0.156272299129442,2.987356258332676,0.529792853189517,1.1348463785887375
10,6,440,4310.000000000002,3672.823549006793,0.09604681033252462,1.8477361927279634,0.1512327002687501,0.8521632364284899
10,5,175,1660.0000008844675,3672.823549006793,0.15812758669901528,4.292988536430427,1.5019633926545957,2.2125443054517286
10,1,248,2390.0000000004047,3672.823549006793,0.1374339945768517,1.9377811196699695,0.40926165217717747,1.5367462548142976
10,2,700,6910.000000000002,3672.823549006793,0.156272299129442,3.3797487481298396,0.28072974714109467,0.531522944863501
10,0,620,6110.000000000002,3672.823549006793,0.13757670900528043,2.7001833655404237,0.22330427014500404,0.6011167837981657
10,4,455,4460.000000000002,3672.823549006793,0.1584130155558727,5.182473014166008,0.6760722592800681,0.8235030378938994
10,3,35,262.252839954494,3672.823549006793,0.15612958470101326,1.029511417849792,2.251107508135012,14.004895236383714
11,6,66,570.0859504455718,4274.4209854327655,0.09604681033252462,1.7832832586637664,1.2842223811882616,7.497853581713307
11,5,700,6910.000000000002,4274.4209854327655,0.15812758669901528,5.185638195836165,0.5072348698577697,0.6185848025228313
11,1,186,1770.0000002775555,4274.4209854327655,0.1374339945768517,2.408776981756756,0.7994564099283987,2.4149271100353045
11,4,700,6910.000000000002,4274.4209854327655,0.1584130155558727,5.188505274707895,0.5084314067255139,0.6185848025228313
11,2,700,6910.000000000002,4274.4209854327655,0.156272299129442,2.79702588782386,0.27038197353867455,0.6185848025228313
11,3,280,2710.0000000000146,4274.4209854327655,0.15612958470101326,1.8575354498244305,0.45743597613028963,1.577277116395846
11,0,217,2080.00000001059,4274.4209854327655,0.13757670900528043,2.5925363321684713,0.7329658255432463,2.055010089139905
12,2,105,960.0014115816389,4960.621028354774,0.156272299129442,1.4881239760627185,1.201670207202906,5.1673059732088955
12,5,595,5860.000000000002,4960.621028354774,0.15812758669901528,3.5481897634270663,0.4749554937110377,0.8465223597875039
12,4,700,6910.000000000002,4960.621028354774,0.1584130155558727,3.7580524656696035,0.42737754774511955,0.7178901632930207
12,0,372,3630.000000000001,4960.621028354774,0.13757670900528043,3.1478215799913776,0.5918129303195216,1.3665622667644004
12,1,589,5800.000000000002,4960.621028354774,0.1374339945768517,3.7322776694259647,0.4387086246822313,0.8552794876473746
12,3,700,6910.000000000002,4960.621028354774,0.15612958470101326,3.1090100875760194,0.3484699541655286,0.7178901632930207
12,6,440,4310.000000000002,4960.621028354774,0.09604681033252462,2.681460409781179,0.29642383094682806,1.1509561550707128
13,4,700,6910.000000000002,5086.340807653283,0.1584130155558727,3.116794143468463,0.36343469921614513,0.7360840532059743
13,0,496,4870.000000000001,5086.340807653283,0.13757670900528043,3.9908326309561626,0.5734359630431805,1.044423163789175
13,1,620,6110.000000000002,5086.340807653283,0.1374339945768517,4.283079568066833,0.49002084894468184,0.8324616706470183
13,2,140,1310.0000353340838,5086.340807653283,0.156272299129442,2.38980603773618,1.45003606758084,3.8827028018790357
13,6,176,1670.0000007960207,5086.340807653283,0.09604681033252462,0.6547574591086797,0.19153687019108376,3.045713057023253
13,3,665,6560.000000000001,5086.340807653283,0.15612958470101326,3.4761976330153272,0.42081506708977706,0.7753568304349516
13,5,700,6910.000000000002,5086.340807653283,0.15812758669901528,3.1074181023867684,0.36168853579078075,0.7360840532059743
14,6,44,350.8727963568088,4733.5348877984525,0.09604681033252462,0.36099948661051595,0.46776251436225214,13.490743474409559
14,0,620,6110.000000000002,4733.5348877984525,0.13757670900528043,4.401242199664564,0.46909905375661376,0.774719294238699
14,4,105,960.0014115816389,4733.5348877984525,0.1584130155558727,1.959871027498115,1.5308479779105235,4.930758257948573
14,2,700,6910.000000000002,4733.5348877984525,0.156272299129442,3.1142003649972856,0.33337734835897426,0.6850267565554922
14,1,620,6110.000000000002,4733.5348877984525,0.1374339945768517,4.430904412840434,0.47177065440150523,0.774719294238699
14,5,630,6210.000000000002,4733.5348877984525,0.15812758669901528,3.289717830834119,0.3965155959425591,0.7622439432847747
14,3,525,5160.000000000001,4733.5348877984525,0.15612958470101326,2.832503996004461,0.40568749065158854,0.9173517224415604
15,2,700,6910.000000000002,5092.177822177824,0.156272299129442,3.392790567306819,0.39071903300207383,0.7369287731082232
15,4,700,6910.000000000002,5092.177822177824,0.1584130155558727,3.05538385940933,0.3566827900052799,0.7369287731082232
15,0,465,4560.000000000002,5092.177822177824,0.13757670900528043,4.02294940691881,0.618056539158454,1.1167056627582943
15,5,455,4460.000000000002,5092.177822177824,0.15812758669901528,2.5202719317675406,0.455012940396527,1.1417439063178974
15,3,385,3760.0000000000014,5092.177822177824,0.15612958470101326,2.7578527196107707,0.5831388688235938,1.3543026122813357
15,1,434,4250.000000000002,5092.177822177824,0.1374339945768517,3.916522088910276,0.6449252503843511,1.1981594875712522
15,6,440,4310.000000000002,5092.177822177824,0.09604681033252462,2.3450027380825746,0.266104728542931,1.181479773127105
16,2,35,262.252839954494,4183.851414264419,0.156272299129442,0.8253891833076324,2.057769981542984,15.953502791391694
16,3,245,2360.000000000555,4183.851414264419,0.15612958470101326,2.594522207704278,0.7181362448929599,1.772818395874337
16,0,620,6110.000000000002,4183.851414264419,0.13757670900528043,3.6416720176297264,0.34306845585750195,0.6847547322855021
16,6,440,4310.000000000002,4183.851414264419,0.09604681033252462,2.5667739013016493,0.23931479244255802,0.9707311866042732
16,1,372,3630.000000000001,4183.851414264419,0.1374339945768517,3.019580887737124,0.4783111060620574,1.1525761471802805
16,5,700,6910.000000000002,4183.851414264419,0.15812758669901528,3.2143760398884074,0.30775316658604923,0.6054777734101907
16,4,595,5860.000000000002,4183.851414264419,0.1584130155558727,3.038335117895825,0.3436411558899326,0.7139678181338597
17,0,620,6110.000000000002,4557.152112490387,0.13757670900528043,4.009236344393763,0.41139488710446637,0.7458514095728944
17,3,595,5860.000000000002,4557.152112490387,0.15612958470101326,2.70433185126494,0.3283530818304211,0.7776710089574036
17,4,700,6910.000000000002,4557.152112490387,0.1584130155558727,4.912350641233034,0.5132106946848348,0.6595010293039631
17,6,440,4310.000000000002,4557.152112490387,0.09604681033252462,3.5591587140176415,0.3614486080701016,1.0573438776079778
17,1,93,840.0049979958054,4557.152112490387,0.1374339945768517,1.7603913613793756,1.3125475731461411,5.42514880668977
17,2,630,6210.000000000002,4557.152112490387,0.156272299129442,2.771857213072568,0.317873834808222,0.7338409198857303
17,5,140,1310.0000353340838,4557.152112490387,0.15812758669901528,3.1577069589280735,1.7370074647059124,3.4787419767726915
18,5,700,6910.000000000002,4430.913947405035,0.15812758669901528,4.27586715710656,0.433557911210795,0.6412321197402365
18,2,420,4110.000000000002,4430.913947405035,0.156272299129442,2.8117954369985223,0.4737150879310474,1.0780812524099839
18,3,455,4460.000000000002,4430.913947405035,0.15612958470101326,2.892653212346304,0.4486834314042391,0.9934784635437295
18,0,620,6110.000000000002,4430.913947405035,0.13757670900528043,3.120441447659836,0.31132432826296547,0.7251904987569614
18,1,31,223.43368382029254,4430.913947405035,0.1374339945768517,0.3953154014612635,1.0774138999158205,19.831002522291197
18,6,44,350.8727963568088,4430.913947405035,0.09604681033252462,0.7459271248980702,0.9047382769116817,12.628262987077402
18,4,700,6910.000000000002,4430.913947405035,0.1584130155558727,4.280050293535044,0.4347654276827902,0.6412321197402365
19,6,440,4310.000000000002,4763.652062223495,0.09604681033252462,1.336951539069408,0.1419258079179593,1.1052556988917617
19,5,385,3760.0000000000014,4763.652062223495,0.15812758669901528,3.498865798601751,0.70095012278236,1.2669287399530567
19,1,558,5490.000000000002,4763.652062223495,0.1374339945768517,2.565654159559249,0.30595670346296017,0.8676961861973576
19,2,420,4110.000000000002,4763.652062223495,0.156272299129442,4.16826158943068,0.754979534488257,1.1590394311979302
19,4,700,6910.000000000002,4763.652062223495,0.1584130155558727,4.025059484433238,0.4395670699795928,0.6893852477892176
19,3,280,2710.0000000000146,4763.652062223495,0.15612958470101326,3.8904757947115685,1.06772316289425,1.7578051890123503
19,0,620,6110.000000000002,4763.652062223495,0.13757670900528043,2.6727950000056753,0.2866879171514779,0.7796484553557272
20,3,245,2360.000000000555,5018.933175018573,0.15612958470101326,3.9773101570771887,1.3206084569660994,2.126666599583641
20,6,22,138.8629381196525,5018.933175018573,0.09604681033252462,0.06388548065679142,0.221773768678701,36.14307203189064
20,1,434,4250.000000000002,5018.933175018573,0.1374339945768517,3.0296842502991685,0.4917156400000815,1.180925452945546
20,0,620,6110.000000000002,5018.933175018573,0.13757670900528043,3.2929134019273074,0.3721306393405977,0.82142932488029
20,2,665,6560.000000000001,5018.933175018573,0.156272299129442,4.607247958089682,0.5508472197776136,0.7650812766796604
20,4,700,6910.000000000002,5018.933175018573,0.1584130155558727,3.6000509799827394,0.41422172984478356,0.7263289688883606
20,5,700,6910.000000000002,5018.933175018573,0.15812758669901528,3.5700960975968683,0.41003498685301587,0.7263289688883606
21,4,700,6910.000000000002,4148.981025568142,0.1584130155558727,3.3053952078053825,0.31439646603343147,0.600431407462828
21,5,140,1310.0000353340838,4148.981025568142,0.15812758669901528,2.006052278179846,1.0046621269984153,3.167161002793443
21,3,700,6910.000000000002,4148.981025568142,0.15612958470101326,3.49239042326438,0.32739451143026455,0.600431407462828
21,0,341,3320.0000000000014,4148.981025568142,0.13757670900528043,3.1853231493083407,0.5476483445873861,1.2496930799904038
21,2,455,4460.000000000002,4148.981025568142,0.156272299129442,3.0717337810171794,0.44655213026804935,0.930264803939045
21,1,155,1460.0000072749747,4148.981025568142,0.1374339945768517,2.344295317508826,0.9155774345757218,2.841767811571475
21,6,440,4310.000000000002,4148.981025568142,0.09604681033252462,1.8065196852409187,0.16702820872411225,0.9626406091805431
22,2,700,6910.000000000002,4758.110461107464,0.156272299129442,3.3741777212656046,0.3630834287263827,0.6885832794656241
22,1,465,4560.000000000002,4758.110461107464,0.1374339945768517,4.135356620746184,0.5930302061494857,1.043445276558654
22,0,620,6110.000000000002,4758.110461107464,0.13757670900528043,4.509791868989301,0.4831641752206684,0.7787414829963114
22,6,352,3430.000000000001,4758.110461107464,0.09604681033252462,3.432426801152591,0.4573246715885944,1.3872042160663158
22,4,350,3410.000000000001,4758.110461107464,0.1584130155558727,2.8659064651383668,0.6334801554075048,1.3953403111752092
22,3,700,6910.000000000002,4758.110461107464,0.15612958470101326,3.3893298067742843,0.3643808194508226,0.6885832794656241
22,5,175,1660.0000008844675,4758.110461107464,0.15812758669901528,2.135301028592154,0.9678168610416861,2.866331601549571
23,1,558,5490.000000000002,4810.0628874481945,0.1374339945768517,4.26752113712856,0.513864079623421,0.8761498884240788
23,3,455,4460.000000000002,4810.0628874481945,0.15612958470101326,3.2472799395482,0.5467903355542322,1.0784894366475768
23,2,630,6210.000000000002,4810.0628874481945,0.156272299129442,3.615251043232707,0.43760232026287255,0.7745672926647654
23,6,440,4310.000000000002,4810.0628874481945,0.09604681033252462,3.5393625883116595,0.3793861628208817,1.1160238717977244
23,5,700,6910.000000000002,4810.0628874481945,0.15812758669901528,3.3284279016330656,0.36636966208686994,0.6961017203253536
23,4,35,262.252839954494,4810.0628874481945,0.1584130155558727,0.5156553285594999,1.49823840644186,18.341318585083137
23,0,620,6110.000000000002,4810.0628874481945,0.13757670900528043,4.412722883593449,0.47792650394420716,0.7872443350979039
24,3,700,6910.000000000002,5170.3431935713625,0.15612958470101326,4.498113198920608,0.5254808686119796,0.7482406937151029
24,0,620,6110.000000000002,5170.3431935713625,0.13757670900528043,4.090565443251778,0.4762186753688104,0.8462100153144617
24,5,595,5860.000000000002,5170.3431935713625,0.15812758669901528,2.283297201701221,0.31856044008292583,0.8823111251828261
24,4,525,5160.000000000001,5170.3431935713625,0.1584130155558727,2.1713250110065974,0.34465562111684095,1.0020044948781708
24,1,310,3010.0000000000014,5170.3431935713625,0.1374339945768517,3.3537159024377385,0.7917230983698492,1.717721991219721
24,6,22,138.8629381196525,5170.3431935713625,0.09604681033252462,0.18007116625936764,0.6439618590065596,37.233427893598865
24,2,700,6910.000000000002,5170.3431935713625,0.156272299129442,4.505045799649566,0.5267718225790169,0.7482406937151029
25,1,62,530.1310020508638,3978.087078058619,0.1374339945768517,1.8011756179512777,1.857553418775495,7.503969891722988
25,6,440,4310.000000000002,3978.087078058619,0.09604681033252462,0.5557183219208167,0.049264567854874534,0.9229900413129043
25,2,700,6910.000000000002,3978.087078058619,0.156272299129442,5.367427612245335,0.4828858013440677,0.5757000112964715
25,5,700,6910.000000000002,3978.087078058619,0.15812758669901528,3.663147182647703,0.33347113641636367,0.5757000112964715
25,4,175,1660.0000008844675,3978.087078058619,0.1584130155558727,3.301039627972013,1.253163671107713,2.3964379975536434
25,3,420,4110.000000000002,3978.087078058619,0.15612958470101326,5.046940417815515,0.7626861249653705,0.9679043985544081
25,0,310,3010.0000000000014,3978.087078058619,0.13757670900528043,3.706062253447008,0.6738533881839699,1.3216236139729627
26,5,455,4460.000000000002,5043.876123876127,0.15812758669901528,3.280459279737668,0.5866402368275446,1.1309139291202075
26,6,440,4310.000000000002,5043.876123876127,0.09604681033252462,2.1304595368175185,0.23946573465313015,1.1702728825698665
26,4,700,6910.000000000002,5043.876123876127,0.1584130155558727,3.6847942516140235,0.4260793326849766,0.7299386575797577
26,3,280,2710.0000000000146,5043.876123876127,0.15612958470101326,4.289047541178787,1.246353350861609,1.861208901799299
26,1,620,6110.000000000002,5043.876123876127,0.1374339945768517,2.411328827889374,0.27357336321472814,0.825511640568924
26,0,403,3940.000000000001,5043.876123876127,0.13757670900528043,1.9971561939755498,0.35174273654252153,1.280171605044702
26,2,665,6560.000000000001,5043.876123876127,0.156272299129442,5.147238849511431,0.6184675184342545,0.7688835554689217
27,0,31,223.43368382029254,4788.5914187606,0.13757670900528043,0.587343028791461,1.7317925693226535,21.431824140768583
27,2,700,6910.000000000002,4788.5914187606,0.156272299129442,4.575429900219509,0.49549998216128155,0.6929944166079015
27,3,700,6910.000000000002,4788.5914187606,0.15612958470101326,4.578287797916783,0.49535668652047576,0.6929944166079015
27,6,198,1890.0000000783903,4788.5914187606,0.09604681033252462,3.1896611328716125,0.7761997023543408,2.5336462532074004
27,1,620,6110.000000000002,4788.5914187606,0.1374339945768517,3.0176402742144344,0.3250335637730346,0.7837301831032076
27,5,525,5160.000000000001,4788.5914187606,0.15812758669901528,4.25128490788296,0.6238582680576075,0.928021592783062
27,4,490,4810.000000000001,4788.5914187606,0.1584130155558727,4.170968508721458,0.6577948647654852,0.9955491515094801
28,4,700,6910.000000000002,4431.515627368117,0.1584130155558727,4.1927200509830875,0.4259522969090745,0.6413191935409719
28,1,248,2390.0000000004047,4431.515627368117,0.1374339945768517,2.4396447363739835,0.6216918045977101,1.8541906390658436
28,2,700,6910.000000000002,4431.515627368117,0.156272299129442,2.9650141459446964,0.2971549773942821,0.6413191935409719
28,3,175,1660.0000008844675,4431.515627368117,0.15612958470101326,1.7023407037207872,0.7095383681568566,2.669587725907803
28,0,248,2390.0000000004047,4431.515627368117,0.13757670900528043,2.477088905917756,0.631889145036826,1.8541906390658436
28,6,440,4310.000000000002,4431.515627368117,0.09604681033252462,2.2633047208810986,0.2235120753152799,1.0281938810598874
28,5,595,5860.000000000002,4431.515627368117,0.15812758669901528,4.002176661259271,0.47858443182821847,0.7562313357283473
29,4,525,5160.000000000001,4496.3593866539095,0.1584130155558727,4.246778091470157,0.5862215025679192,0.8713874780337032
29,5,630,6210.000000000002,4496.3593866539095,0.15812758669901528,4.412729036046977,0.5052244031368908,0.7240514310231736
29,3,140,1310.0000353340838,4496.3593866539095,0.15612958470101326,2.0395997672682618,1.0929992583717787,3.4323353170805233
29,2,700,6910.000000000002,4496.3593866539095,0.156272299129442,2.6883978263276824,0.2733748176076134,0.6507032397473095
29,0,620,6110.000000000002,4496.3593866539095,0.13757670900528043,4.412134334163097,0.4466974253234003,0.7359016999433565
29,1,124,1150.0001906837483,4496.3593866539095,0.1374339945768517,2.8230132775592653,1.5169462561237461,3.909877079220776
29,6,440,4310.000000000002,4496.3593866539095,0.09604681033252462,1.2368337064255885,0.12393044387167348,1.0432388368106513
30,6,22,138.8629381196525,4277.0074375188815,0.09604681033252462,0.22357583934783748,0.6613958599014341,30.800208431666334
30,2,630,6210.000000000002,4277.0074375188815,0.156272299129442,2.2697549712026763,0.24429207755739388,0.6887290559611723
30,5,700,6910.000000000002,4277.0074375188815,0.15812758669901528,4.293716874120295,0.420245435312585,0.618959108179288
30,0,620,6110.000000000002,4277.0074375188815,0.13757670900528043,4.207643237751706,0.4052123011682642,0.7000012172698659
30,4,700,6910.000000000002,4277.0074375188815,0.1584130155558727,4.309384063264085,0.4225401874448369,0.618959108179288
30,1,93,840.0049979958054,4277.0074375188815,0.1374339945768517,1.8585703384239942,1.3005627373813826,5.091645225592145
30,3,105,960.0014115816389,4277.0074375188815,0.15612958470101326,1.2927913584484931,0.899252758665583,4.4552095298197
31,3,700,6910.000000000002,5252.350506636225,0.15612958470101326,3.380683948544221,0.4012041614082636,0.760108611669497
31,1,589,5800.000000000002,5252.350506636225,0.1374339945768517,3.4409614859129296,0.4282522841470853,0.9055776735579696
31,4,280,2710.0000000000146,5252.350506636225,0.1584130155558727,3.1434670272646934,0.9651263656167323,1.9381367183159397
31,6,286,2770.000000000008,5252.350506636225,0.09604681033252462,2.950572784434972,0.5373573705839074,1.8961554175581983
31,0,620,6110.000000000002,5252.350506636225,0.13757670900528043,3.5086747610006666,0.41495453881763067,0.8596318341466814
31,5,490,4810.000000000001,5252.350506636225,0.15812758669901528,3.8338573965164207,0.6619912082444487,1.0919647622944333
31,2,700,6910.000000000002,5252.350506636225,0.156272299129442,3.371006748411691,0.4004213970476336,0.760108611669497
32,0,620,6110.000000000002,4859.108127922006,0.13757670900528043,3.1483022606553748,0.34445832923600006,0.7952713793653036
32,1,527,5180.000000000002,4859.108127922006,0.1374339945768517,2.956442649014907,0.3811451799402402,0.9380517621471051
32,3,700,6910.000000000002,4859.108127922006,0.15612958470101326,4.570373497901428,0.5017823871054232,0.70319943964139
32,4,35,262.252839954494,4859.108127922006,0.1584130155558727,0.6170995065794501,1.8112667884151392,18.52833368273593
32,5,700,6910.000000000002,4859.108127922006,0.15812758669901528,3.588760530114283,0.3990530538478835,0.70319943964139
32,6,308,2990.000000000002,4859.108127922006,0.09604681033252462,2.9124235034006354,0.45459310984093765,1.6251197752247502
32,2,525,5160.000000000001,4859.108127922006,0.156272299129442,4.266722089818975,0.6278894987878954,0.9416876216903111
33,0,620,6110.000000000002,4836.617668046983,0.13757670900528043,4.321156625468447,0.47059301025880745,0.7915904530355126
33,5,315,3060.0000000000014,4836.617668046983,0.15812758669901528,1.2157047753713224,0.3038478006039035,1.5805940091656803
33,6,220,2110.0000000077202,4836.617668046983,0.09604681033252462,1.979211953559251,0.43574714938148507,2.2922358616252545
33,3,280,2710.0000000000146,4836.617668046983,0.15612958470101326,4.606010380391376,1.283460726748182,1.7847297668069955
33,2,700,6910.000000000002,4836.617668046983,0.156272299129442,5.5047862977655235,0.6021243300822033,0.6999446697607788
33,4,700,6910.000000000002,4836.617668046983,0.1584130155558727,1.9407544701863222,0.21519152688178478,0.6999446697607788
33,1,527,5180.000000000002,4836.617668046983,0.1374339945768517,4.121382560021699,0.5288702002200262,0.9337099745264443
34,2,700,6910.000000000002,4019.4334238627507,0.156272299129442,4.998876060038261,0.45440297188080275,0.5816835635112517
34,5,210,2010.0000000221403,4019.4334238627507,0.15812758669901528,1.8313203989186166,0.5790829232328832,1.9997181213027246
34,6,440,4310.000000000002,4019.4334238627507,0.09604681033252462,1.3816030774162664,0.12375245068628024,0.9325831609890369
34,3,315,3060.0000000000014,4019.4334238627507,0.15612958470101326,4.372737549977542,0.896771978889571,1.3135403345956695
34,0,465,4560.000000000002,4019.4334238627507,0.13757670900528043,4.644969845521883,0.563284514862579,0.8814546982155151
34,4,175,1660.0000008844675,4019.4334238627507,0.1584130155558727,1.827957503276941,0.701154470761131,2.421345434771777
34,1,620,6110.000000000002,4019.4334238627507,0.1374339945768517,4.9828658195331625,0.45050227810659327,0.6578450775552781
35,4,315,3060.0000000000014,4699.406313499477,0.1584130155558727,2.2421336639500566,0.5454738434602294,1.5357536972220505
35,5,700,6910.000000000002,4699.406313499477,0.15812758669901528,2.6344643243875727,0.28331196305900896,0.6800877443559299
35,0,465,4560.000000000002,4699.406313499477,0.13757670900528043,4.736032443788449,0.6714872001324423,1.030571559977955
35,6,440,4310.000000000002,4699.406313499477,0.09604681033252462,1.5474238543526158,0.16205333012798748,1.0903494926912933
35,2,140,1310.0000353340838,4699.406313499477,0.156272299129442,2.579977324903656,1.4463372761951312,3.5873329669804224
35,3,700,6910.000000000002,4699.406313499477,0.15612958470101326,3.728503973003909,0.39589932686793955,0.6800877443559299
35,1,589,5800.000000000002,4699.406313499477,0.1374339945768517,5.018169655592326,0.5587975740938639,0.8102424678447371
36,1,434,4250.000000000002,5008.593514678914,0.1374339945768517,4.76233575380782,0.7713314458418649,1.1784925916891558
36,5,700,6910.000000000002,5008.593514678914,0.15812758669901528,4.473500876245877,0.5127349351941525,0.7248326359882653
36,6,22,138.8629381196525,5008.593514678914,0.09604681033252462,0.7047305528470357,2.4413805698561744,36.06861256502591
36,3,665,6560.000000000001,5008.593514678914,0.15612958470101326,2.292368754953112,0.27326350364717905,0.7635051089449564
36,2,700,6910.000000000002,5008.593514678914,0.156272299129442,2.3588971083701313,0.26719525359613183,0.7248326359882653
36,4,245,2360.000000000555,5008.593514678914,0.1584130155558727,3.507466487182415,1.1792019136869787,2.122285387575312
36,0,620,6110.000000000002,5008.593514678914,0.13757670900528043,5.212838654688991,0.5878868908342274,0.8197370727788728
37,5,700,6910.000000000002,5467.548166119604,0.15812758669901528,4.129508646096586,0.5166787412883581,0.7912515435773665
37,3,420,4110.000000000002,5467.548166119604,0.15612958470101326,2.47016227066461,0.5130521173345663,1.3303036900534309
37,2,700,6910.000000000002,5467.548166119604,0.156272299129442,2.9465643578300633,0.364344739266374,0.7912515435773665
37,4,630,6210.000000000002,5467.548166119604,0.1584130155558727,4.034603172767672,0.5627204580075479,0.8804425388276331
37,0,620,6110.000000000002,5467.548166119604,0.13757670900528043,3.6154421884975023,0.4451001547520388,0.894852400346907
37,6,264,2550.0000000000755,5467.548166119604,0.09604681033252462,1.3988692069398827,0.28807959257668725,2.1441365357331144
37,1,434,4250.000000000002,5467.548166119604,0.1374339945768517,3.213630797840732,0.5681903297318728,1.2864819214399061
38,1,217,2080.00000001059,4440.291143030273,0.1374339945768517,2.2472879898179365,0.6593272302949775,2.134755357215224
38,6,198,1890.0000000783903,4440.291143030273,0.09604681033252462,0.6543298592355798,0.14764859840129071,2.349360393040268
38,4,700,6910.000000000002,4440.291143030273,0.1584130155558727,4.356609024616655,0.44347878371107297,0.6425891668640046
38,2,490,4810.000000000001,4440.291143030273,0.156272299129442,4.353274330503284,0.6280068897820823,0.9231374517734453
38,3,700,6910.000000000002,4440.291143030273,0.15612958470101326,4.649956617303382,0.46651703340108736,0.6425891668640046
38,5,140,1310.0000353340838,4440.291143030273,0.15812758669901528,3.268056121465788,1.7516094862293816,3.389535132262713
38,0,620,6110.000000000002,4440.291143030273,0.13757670900528043,2.7141912451046033,0.27136610337681155,0.7267252279918611
39,2,700,6910.000000000002,5109.255038567423,0.156272299129442,5.687117362619035,0.6571336804331641,0.7394001502991927
39,1,558,5490.000000000002,5109.255038567423,0.1374339945768517,2.489386657590964,0.31839905096930904,0.9306475480086378
39,3,700,6910.000000000002,5109.255038567423,0.15612958470101326,5.683860273194361,0.6561575526567426,0.7394001502991927
39,6,132,1230.0000820831015,5109.255038567423,0.09604681033252462,1.336770958847185,0.5333255503670021,4.153865607809147
39,5,315,3060.0000000000014,5109.255038567423,0.15812758669901528,2.536847608638338,0.6697892574548029,1.6696911890743205
39,4,700,6910.000000000002,5109.255038567423,0.1584130155558727,3.570074629362146,0.4181650101980838,0.7394001502991927
39,0,372,3630.000000000001,5109.255038567423,0.13757670900528043,2.128791464989283,0.4122199379482308,1.407508275087444
40,6,396,3870.0000000000014,4770.518053380156,0.09604681033252462,2.926557335964933,0.3464930775936217,1.2326920034574043
40,0,217,2080.00000001059,4770.518053380156,0.13757670900528043,2.329877791041078,0.7351572876272405,2.2935182948826283
40,3,700,6910.000000000002,4770.518053380156,0.15612958470101326,5.766121431542774,0.6215219700198454,0.6903788789262163
40,2,700,6910.000000000002,4770.518053380156,0.156272299129442,5.778835098366944,0.623461729398815,0.6903788789262163
40,5,210,2010.0000000221403,4770.518053380156,0.15812758669901528,1.464713689011618,0.5497052308598077,2.3733920663321433
40,4,700,6910.000000000002,4770.518053380156,0.1584130155558727,3.0377891163630877,0.33222780697468257,0.6903788789262163
40,1,403,3940.000000000001,4770.518053380156,0.1374339945768517,2.9824945351901486,0.49629871199633085,1.2107913841066382
41,4,350,3410.000000000001,4503.352361927304,0.1584130155558727,2.016844502607372,0.42193429588623677,1.3206311911810271
41,3,210,2010.0000000221403,4503.352361927304,0.15612958470101326,3.436601461707712,1.2021377823667927,2.2404738118794523
41,2,700,6910.000000000002,4503.352361927304,0.156272299129442,4.619017135624006,0.47042398559900056,0.6517152477463535
41,1,620,6110.000000000002,4503.352361927304,0.1374339945768517,3.577239484173422,0.36235720778317776,0.7370462130813915
41,5,700,6910.000000000002,4503.352361927304,0.15812758669901528,2.8490525000151163,0.2936067103076651,0.6517152477463535
41,6,330,3210.000000000001,4503.352361927304,0.09604681033252462,2.370723271184369,0.31944397877957703,1.4029135083885678
41,0,248,2390.0000000004047,4503.352361927304,0.13757670900528043,2.5735013171282515,0.6671251903179782,1.8842478501784692
42,1,341,3320.0000000000014,4969.951487255997,0.1374339945768517,3.454911606365755,0.7107963285668225,1.496973339534938
42,6,440,4310.000000000002,4969.951487255997,0.09604681033252462,2.1496003419965812,0.2380759624017716,1.1531209947229686
42,3,700,6910.000000000002,4969.951487255997,0.15612958470101326,2.573771668945746,0.28902094897709435,0.7192404467808966
42,5,630,6210.000000000002,4969.951487255997,0.15812758669901528,4.001039875977003,0.5063386414151332,0.8003142491555548
42,2,700,6910.000000000002,4969.951487255997,0.156272299129442,2.5610401705916623,0.287854149534692,0.7192404467808966
42,0,31,223.43368382029254,4969.951487255997,0.13757670900528043,0.5725840960660442,1.752216239343952,22.24351942947565
42,4,595,5860.000000000002,4969.951487255997,0.1584130155558727,3.9488187268264334,0.5305332315117317,0.8481145882689411
43,5,35,262.252839954494,4308.341108492266,0.15812758669901528,1.0573251192083863,2.746667405574256,16.428196198904264
43,4,385,3760.0000000000014,4308.341108492266,0.1584130155558727,4.7350593400145975,0.8594854383597409,1.1458354011947514
43,3,700,6910.000000000002,4308.341108492266,0.15612958470101326,2.5293646090284776,0.24622303234591508,0.6234936481175493
43,2,490,4810.000000000001,4308.341108492266,0.156272299129442,2.094582339950575,0.29318682043713423,0.8957050121605542
43,0,620,6110.000000000002,4308.341108492266,0.13757670900528043,3.823580031668412,0.3709231778017045,0.7051294776583085
43,6,176,1670.0000007960207,4308.341108492266,0.09604681033252462,2.008676397781707,0.4977216506612844,2.579844973915363
43,1,620,6110.000000000002,4308.341108492266,0.1374339945768517,3.8244602996572814,0.37062370840097797,0.7051294776583085
44,1,372,3630.000000000001,4452.831455078088,0.1374339945768517,2.756134407416132,0.4646481307109352,1.2266753319774344
44,3,700,6910.000000000002,4452.831455078088,0.15612958470101326,4.119483795575281,0.414463426254179,0.6444039732385075
44,0,186,1770.0000002775555,4452.831455078088,0.13757670900528043,1.9098528287708902,0.6610096642837857,2.5157239855253306
44,5,210,2010.0000000221403,4452.831455078088,0.15812758669901528,2.2850394589049525,0.8004635237600152,2.215339032352756
44,2,700,6910.000000000002,4452.831455078088,0.156272299129442,4.111824674759803,0.4140709851083929,0.6444039732385075
44,4,700,6910.000000000002,4452.831455078088,0.1584130155558727,3.4497021772343794,0.3521524170606956,0.6444039732385075
44,6,154,1450.0000080833054,4452.831455078088,0.09604681033252462,2.0781188414686484,0.6129451018984924,3.0709182277620126
45,4,140,1310.0000353340838,3881.80962454986,0.1584130155558727,0.8153757626151497,0.3827468138519392,2.963213373929336
45,6,440,4310.000000000002,3881.80962454986,0.09604681033252462,2.7930666151076387,0.2416135035174702,0.9006518850463708
45,0,620,6110.000000000002,3881.80962454986,0.13757670900528043,3.8841055762402084,0.3394915467022293,0.635320724148913
45,5,700,6910.000000000002,3881.80962454986,0.15812758669901528,2.1359146956571884,0.189735122410855,0.5617669500072154
45,1,279,2700.0000000000164,3881.80962454986,0.1374339945768517,3.0110020809499605,0.594943458322017,1.4377072683517913
45,3,280,2710.0000000000146,3881.80962454986,0.15612958470101326,4.899305307138156,1.095682310381951,1.4324020754796454
45,2,350,3410.000000000001,3881.80962454986,0.156272299129442,5.147402135798688,0.9156931251249033,1.1383605937096362
46,1,434,4250.000000000002,4890.896246686991,0.1374339945768517,3.666067990172991,0.5798213524568422,1.1507991168675267
46,2,280,2710.0000000000146,4890.896246686991,0.156272299129442,4.9695465527930915,1.4015801045637075,1.804758762615116
46,3,700,6910.000000000002,4890.896246686991,0.15612958470101326,5.853939166722191,0.646909921877749,0.7077997462643979
46,4,700,6910.000000000002,4890.896246686991,0.1584130155558727,2.253468185913066,0.2526694267627543,0.7077997462643979
46,6,176,1670.0000007960207,4890.896246686991,0.09604681033252462,1.4569396255298528,0.40982314394548414,2.9286803858417367
46,0,341,3320.0000000000014,4890.896246686991,0.13757670900528043,3.468926383331486,0.7030567239667276,1.4731615200864423
46,5,700,6910.000000000002,4890.896246686991,0.15812758669901528,2.2373445218536783,0.25040956307128215,0.7077997462643979
47,4,700,6910.000000000002,5675.28899671757,0.1584130155558727,3.5989685033254135,0.46825113783396577,0.8213153396118044
47,2,420,4110.000000000002,5675.28899671757,0.156272299129442,3.53493320757566,0.7627976977179519,1.3808489043108436
47,0,589,5800.000000000002,5675.28899671757,0.13757670900528043,3.345279138374117,0.4503366228132648,0.9784981028823393
47,5,560,5510.000000000002,5675.28899671757,0.15812758669901528,3.373369184449258,0.5494243448002103,1.0299980030340414
47,6,374,3650.000000000001,5675.28899671757,0.09604681033252462,1.161891716272371,0.17351767475391894,1.5548736977308406
47,3,700,6910.000000000002,5675.28899671757,0.15612958470101326,3.9735054542891994,0.5095290529346291,0.8213153396118044
47,1,620,6110.000000000002,5675.28899671757,0.1374339945768517,3.3837469576448327,0.431955312094301,0.9288525362876543
48,4,350,3410.000000000001,4523.235336168817,0.1584130155558727,4.653679895855869,0.9778723654414537,1.3264619754160751
48,6,264,2550.0000000000755,4523.235336168817,0.09604681033252462,1.5860050385749924,0.27020694850043736,1.7738177788896798
48,1,186,1770.0000002775555,4523.235336168817,0.1374339945768517,2.742406013189126,0.9631675439218961,2.555500189525155
48,3,700,6910.000000000002,4523.235336168817,0.15612958470101326,2.2183955806931457,0.22672287102044167,0.6545926680417968
48,2,700,6910.000000000002,4523.235336168817,0.156272299129442,2.2047353466320496,0.22553274357090516,0.6545926680417968
48,5,700,6910.000000000002,4523.235336168817,0.15812758669901528,5.357282138302066,0.5545277679559161,0.6545926680417968
48,0,186,1770.0000002775555,4523.235336168817,0.13757670900528043,2.7237153423573406,0.9575965022059245,2.555500189525155
49,5,700,6910.000000000002,5059.693164756712,0.15812758669901528,5.951435820193818,0.6890893387578843,0.732227664943084
49,1,620,6110.000000000002,5059.693164756712,0.1374339945768517,3.531711844725425,0.4019410863689405,0.8281003542973339
49,0,217,2080.00000001059,5059.693164756712,0.13757670900528043,2.405838341309264,0.8051414844616377,2.432544790736034
49,2,560,5510.000000000002,5059.693164756712,0.156272299129442,2.2394502676992993,0.32136309833434257,0.9182746215529419
49,3,700,6910.000000000002,5059.693164756712,0.15612958470101326,2.4808201830216685,0.2836133203531965,0.732227664943084
49,6,154,1450.0000080833054,5059.693164756712,0.09604681033252462,2.1994195365566434,0.7371352863149346,3.4894435424486026
49,4,490,4810.000000000001,5059.693164756712,0.1584130155558727,5.527264710431843,0.9210436862644931,1.051911260864181
50,0,372,3630.000000000001,4355.358074706305,0.13757670900528043,1.9662190428152013,0.32455929813259915,1.1998231610761168
50,2,700,6910.000000000002,4355.358074706305,0.156272299129442,3.669254612253008,0.36141458057085124,0.6302978400443277
50,5,700,6910.000000000002,4355.358074706305,0.15812758669901528,4.9488751162477485,0.4932418935968953,0.6302978400443277
50,1,31,223.43368382029254,4355.358074706305,0.1374339945768517,0.27812766914321263,0.7450983233395229,19.492844589221896
50,6,44,350.8727963568088,4355.358074706305,0.09604681033252462,0.7871484539827557,0.9384556680156181,12.412926051631725
50,4,350,3410.000000000001,4355.358074706305,0.1584130155558727,4.192240659572239,0.8482161835079808,1.2772311069519953
50,3,700,6910.000000000002,4355.358074706305,0.15612958470101326,3.678354588623372,0.3619800333418495,0.6302978400443277
51,5,210,2010.0000000221403,4418.21892493654,0.15812758669901528,2.5063724511764645,0.8711730369018936,2.1981188681034194
51,3,700,6910.000000000002,4418.21892493654,0.15612958470101326,5.313875242448204,0.5304760030555431,0.6393949240139709
51,1,155,1460.0000072749747,4418.21892493654,0.1374339945768517,1.6276683788906054,0.6769466909731543,3.026177330767929
51,2,420,4110.000000000002,4418.21892493654,0.156272299129442,4.851131611291499,0.814949070190871,1.0749924391573085
51,6,440,4310.000000000002,4418.21892493654,0.09604681033252462,1.8030674588236473,0.17752719192910135,1.02510879928922
51,4,700,6910.000000000002,4418.21892493654,0.1584130155558727,3.483856413085478,0.35287451380585355,0.6393949240139709
51,0,496,4870.000000000001,4418.21892493654,0.13757670900528043,2.462651058300044,0.30737324795736937,0.9072318121019588
52,5,35,262.252839954494,4097.858734647551,0.15812758669901528,0.7443193312423132,1.8390931399119625,15.625602892836582
52,0,620,6110.000000000002,4097.858734647551,0.13757670900528043,3.795317727414081,0.3501941025456845,0.6706806439685024
52,2,700,6910.000000000002,4097.858734647551,0.156272299129442,6.2736303422285005,0.5814064730175096,0.5930331019750433
52,4,315,3060.0000000000014,4097.858734647551,0.1584130155558727,1.5943799620832675,0.33823476606990766,1.3391695211266499
52,1,155,1460.0000072749747,4097.858734647551,0.1374339945768517,2.41956114470098,0.9333292922076933,2.806752543992121
52,3,700,6910.000000000002,4097.858734647551,0.15612958470101326,6.272808969330911,0.5807994572755856,0.5930331019750433
52,6,396,3870.0000000000014,4097.858734647551,0.09604681033252462,1.9938572524097702,0.20277902332251982,1.0588782260071186
53,2,700,6910.000000000002,5103.477470746247,0.156272299129442,6.918976248724361,0.7985681705014541,0.7385640333930891
53,4,525,5160.000000000001,5103.477470746247,0.1584130155558727,1.8686432569888372,0.2927748449453067,0.9890460214624507
53,0,620,6110.000000000002,5103.477470746247,0.13757670900528043,5.143404732675433,0.5910450823386969,0.8352663618242627
53,6,352,3430.000000000001,5103.477470746247,0.09604681033252462,3.9798297737468036,0.5687475322901532,1.4878943063400132
53,5,595,5860.000000000002,5103.477470746247,0.15812758669901528,1.955725487539138,0.2693296237842896,0.8709005922775163
53,1,31,223.43368382029254,5103.477470746247,0.1374339945768517,1.4544791571428002,4.565824642868683,22.841128443511533
53,3,700,6910.000000000002,5103.477470746247,0.15612958470101326,6.920196351666835,0.7979795766403541,0.7385640333930891
54,1,403,3940.000000000001,4549.239581751912,0.1374339945768517,2.2694277789512016,0.360124877471138,1.154629335470028
54,0,620,6110.000000000002,4549.239581751912,0.13757670900528043,2.5422074474830114,0.26040750828059234,0.7445563963587415
54,5,700,6910.000000000002,4549.239581751912,0.15812758669901528,4.525300052433013,0.4711029083085231,0.6583559452607686
54,4,385,3760.0000000000014,4549.239581751912,0.1584130155558727,4.0539551124464115,0.7769995390934017,1.2099041440829548
54,2,70,610.0563920873398,4549.239581751912,0.156272299129442,2.502831451806857,2.9166373485942736,7.457080428559156
54,6,440,4310.000000000002,4549.239581751912,0.09604681033252462,1.3253243234812329,0.13435896642997422,1.0555080236083318
54,3,630,6210.000000000002,4549.239581751912,0.15612958470101326,4.4907792885133375,0.5136344262152596,0.7325667603465235
55,5,455,4460.000000000002,5209.425539796566,0.15812758669901528,7.606083143275801,1.404829723547176,1.168032632241382
55,0,620,6110.000000000002,5209.425539796566,0.13757670900528043,3.9639840123028636,0.46497053774204544,0.8526064713251333
55,3,700,6910.000000000002,5209.425539796566,0.15612958470101326,2.32581564760515,0.27376144216397774,0.7538966048909646
55,1,620,6110.000000000002,5209.425539796566,0.1374339945768517,3.986616992406717,0.4671402704300186,0.8526064713251333
55,6,22,138.8629381196525,5209.425539796566,0.09604681033252462,0.5081275135869645,1.8308768900920598,37.514873373252534
55,4,455,4460.000000000002,5209.425539796566,0.1584130155558727,7.623413335327598,1.410572149942442,1.168032632241382
55,2,665,6560.000000000001,5209.425539796566,0.156272299129442,2.230314259702827,0.2767795878460362,0.7941197469202081
56,3,560,5510.000000000002,4082.753321200744,0.15612958470101326,1.7512795521359457,0.20260129795458298,0.7409715646462327
56,1,434,4250.000000000002,4082.753321200744,0.1374339945768517,4.132327325497459,0.5455732841042047,0.9606478402825276
56,2,700,6910.000000000002,4082.753321200744,0.156272299129442,1.9680291512054235,0.18171409778701111,0.590847079768559
56,6,440,4310.000000000002,4082.753321200744,0.09604681033252462,2.340659593213843,0.21295952787484618,0.9472745524827708
56,0,620,6110.000000000002,4082.753321200744,0.13757670900528043,4.4810528159390355,0.4119427934503654,0.6682083995418564
56,5,70,610.0563920873398,4082.753321200744,0.15812758669901528,2.6415003396759125,2.795383984000106,6.692419543759537
56,4,140,1310.0000353340838,4082.753321200744,0.1584130155558727,5.385977623670246,2.6591157322500556,3.1166055046399572
57,0,155,1460.0000072749747,4212.625952005696,0.13757670900528043,1.8411918996001777,0.7308765248041367,2.8853602267224474
57,1,620,6110.000000000002,4212.625952005696,0.1374339945768517,3.4473171061902805,0.326653332138895,0.6894641492644344
57,5,700,6910.000000000002,4212.625952005696,0.15812758669901528,3.9167392157909644,0.3775784077941663,0.6096419612164536
57,4,595,5860.000000000002,4212.625952005696,0.1584130155558727,3.7381892390761067,0.4257037022525226,0.7188781488064324
57,6,440,4310.000000000002,4212.625952005696,0.09604681033252462,2.4616031510860084,0.23108758536399074,0.9774074134583977
57,3,350,3410.000000000001,4212.625952005696,0.15612958470101326,2.7052858148450305,0.5217913553117473,1.2353741794738107
57,2,140,1310.0000353340838,4212.625952005696,0.156272299129442,2.0045420965148066,1.0073462506675128,3.2157449147941186
58,1,465,4560.000000000002,4075.9982875667233,0.1374339945768517,5.296907283085713,0.6507073180482597,0.8938592735891934
58,0,620,6110.000000000002,4075.9982875667233,0.13757670900528043,5.654671757596345,0.5189734005599004,0.6671028293889889
58,2,700,6910.000000000002,4075.9982875667233,0.156272299129442,6.624284865310491,0.610628327125818,0.5898695061601624
58,5,175,1660.0000008844675,4075.9982875667233,0.15812758669901528,1.8035068288466962,0.7002471317169598,2.4554206538524
58,3,280,2710.0000000000146,4075.9982875667233,0.15612958470101326,5.686237574966626,1.3352878809318236,1.5040584086961999
58,4,280,2710.0000000000146,4075.9982875667233,0.1584130155558727,1.992878377426071,0.474828041101033,1.5040584086961999
58,6,440,4310.000000000002,4075.9982875667233,0.09604681033252462,4.719003004283625,0.4286372631245641,0.9457072592962231
59,0,496,4870.000000000001,4210.679352473044,0.13757670900528043,5.494894243001644,0.6536232079636682,0.8646158834646905
59,4,700,6910.000000000002,4210.679352473044,0.1584130155558727,2.225493087266064,0.21482817262748,0.6093602536140438
59,6,440,4310.000000000002,4210.679352473044,0.09604681033252462,4.130890576664724,0.3876158597174175,0.9769557662350445
59,1,124,1150.0001906837483,4210.679352473044,0.1374339945768517,3.5131161324881535,1.7678317699790935,3.661459699384508
59,2,700,6910.000000000002,4210.679352473044,0.156272299129442,6.886257508917172,0.6557516378169678,0.6093602536140438
59,3,385,3760.0000000000014,4210.679352473044,0.15612958470101326,6.305408214789214,1.102459739490979,1.1198615299130432
59,5,140,1310.0000353340838,4210.679352473044,0.15812758669901528,1.2799739549286446,0.6505634182886755,3.2142589609924794
60,0,620,6110.000000000002,5816.967318395891,0.13757670900528043,3.3665612771924547,0.4409474686060405,0.9520404776425351
60,1,341,3320.0000000000014,5816.967318395891,0.1374339945768517,2.976684626772832,0.7167794311986633,1.7520985898782797
60,2,595,5860.000000000002,5816.967318395891,0.156272299129442,4.730110459305478,0.7337570586368743,0.9926565389754077
60,5,700,6910.000000000002,5816.967318395891,0.15812758669901528,3.6013888443594744,0.4793980181280341,0.8418187146737901
60,3,665,6560.000000000001,5816.967318395891,0.15612958470101326,4.842969644526238,0.6704860336513352,0.8867328229262028
60,4,700,6910.000000000002,5816.967318395891,0.1584130155558727,3.60873374739976,0.48124283735806406,0.8418187146737901
60,6,418,4090.0000000000014,5816.967318395891,0.09604681033252462,0.9522451701185565,0.1300783564904053,1.4222413981408042
61,3,70,610.0563920873398,4429.883215779668,0.15612958470101326,2.613969356800531,2.9635208820837295,7.261432341725969
61,5,595,5860.000000000002,4429.883215779668,0.15812758669901528,6.660005914675527,0.7961170386805585,0.7559527671978953
61,2,700,6910.000000000002,4429.883215779668,0.156272299129442,3.9001332168662555,0.3907290243555729,0.6410829545267246
61,1,620,6110.000000000002,4429.883215779668,0.1374339945768517,3.1873889283041703,0.3175998555846138,0.725021802909929
61,6,352,3430.000000000001,4429.883215779668,0.09604681033252462,0.6718174245777695,0.0833359455807509,1.2915111416267249
61,0,620,6110.000000000002,4429.883215779668,0.13757670900528043,3.1554165430291383,0.3147405369607942,0.725021802909929
61,4,210,2010.0000000221403,4429.883215779668,0.1584130155558727,5.905010969299346,2.0616160647868487,2.203921997876056
62,2,35,262.252839954494,4182.225366879865,0.156272299129442,1.143404521486321,2.8495031336459253,15.947302487193515
62,4,700,6910.000000000002,4182.225366879865,0.1584130155558727,8.312435717745986,0.7969820600412652,0.6052424554095317
62,3,700,6910.000000000002,4182.225366879865,0.15612958470101326,2.866907320385107,0.2709120000667131,0.6052424554095317
62,1,372,3630.000000000001,4182.225366879865,0.1374339945768517,4.3370674850937325,0.6867381217298952,1.1521282002423867
62,6,440,4310.000000000002,4182.225366879865,0.09604681033252462,4.536429347265237,0.4227924854983101,0.9703539134292025
62,5,630,6210.000000000002,4182.225366879865,0.15812758669901528,8.178580542335007,0.8709664167491051,0.6734662426537622
62,0,62,530.1310020508638,4182.225366879865,0.13757670900528043,2.4788767662254294,2.6904447797115845,7.889041294888463
63,0,155,1460.0000072749747,3709.6313496200632,0.13757670900528043,1.4027784671010155,0.4903564613391442,2.540843377490063
63,6,440,4310.000000000002,3709.6313496200632,0.09604681033252462,2.0977996775926675,0.17342050396820533,0.8607033293782046
63,3,700,6910.000000000002,3709.6313496200632,0.15612958470101326,3.502539696734151,0.2935762889611807,0.5368496888017457
63,2,35,262.252839954494,3709.6313496200632,0.156272299129442,0.9594200311170784,2.1208079193597493,14.145247579640156
63,1,620,6110.000000000002,3709.6313496200632,0.1374339945768517,2.404183754277999,0.2006094423319863,0.6071409737512377
63,4,525,5160.000000000001,3709.6313496200632,0.1584130155558727,6.189802239208692,0.7049343713405615,0.7189208041899346
63,5,210,2010.0000000221403,3709.6313496200632,0.15812758669901528,5.268878675908645,1.5376607787886818,1.8455877361090554
64,4,700,6910.000000000002,4214.740671230994,0.1584130155558727,3.786980368284081,0.3659120618701098,0.6099479987309686
64,1,620,6110.000000000002,4214.740671230994,0.1374339945768517,2.6134545077788305,0.24776431856926234,0.689810257157282
64,5,700,6910.000000000002,4214.740671230994,0.15812758669901528,3.767170671516294,0.36334212342829364,0.6099479987309686
64,2,420,4110.000000000002,4214.740671230994,0.156272299129442,4.102861222995778,0.6575031916692843,1.025484348231385
64,6,66,570.0859504455718,4214.740671230994,0.09604681033252462,0.674815671133269,0.47917993720954627,7.393167061803237
64,3,140,1310.0000353340838,4214.740671230994,0.15612958470101326,3.165976534633686,1.5903490246956726,3.2173592042355375
64,0,217,2080.00000001059,4214.740671230994,0.13757670900528043,1.6774382450920196,0.46762635551334253,2.0263176303891997
65,2,280,2710.0000000000146,4477.4682562013395,0.156272299129442,4.057082745884955,1.0475122048322127,1.652202308561371
65,3,595,5860.000000000002,4477.4682562013395,0.15612958470101326,4.778833167686089,0.5700880968893667,0.764073081263027
65,5,700,6910.000000000002,4477.4682562013395,0.15812758669901528,2.099967033593838,0.2151664665919186,0.6479693569032328
65,0,31,223.43368382029254,4477.4682562013395,0.13757670900528043,0.6950649341840881,1.9162588122455373,20.039361029389653
65,6,440,4310.000000000002,4477.4682562013395,0.09604681033252462,2.981912016498241,0.2975315448538739,1.0388557438982222
65,4,490,4810.000000000001,4477.4682562013395,0.1584130155558727,1.696652051222837,0.2501906566346557,0.9308665813308397
65,1,620,6110.000000000002,4477.4682562013395,0.1374339945768517,4.599737070711424,0.4632532579019428,0.732809861898746
66,2,560,5510.000000000002,4675.720364666327,0.156272299129442,3.4513502347144143,0.4576863554636924,0.8485880879612206
66,4,70,610.0563920873398,4675.720364666327,0.1584130155558727,0.9458197999543112,1.1483593495431481,7.664406807816744
66,1,620,6110.000000000002,4675.720364666327,0.1374339945768517,4.493294272240288,0.47257022132475496,0.7652570154936704
66,3,595,5860.000000000002,4675.720364666327,0.15612958470101326,3.50070432013309,0.4361054849945742,0.7979044990898168
66,5,700,6910.000000000002,4675.720364666327,0.15812758669901528,2.771770076683704,0.29657553832243416,0.6766599659430284
66,0,341,3320.0000000000014,4675.720364666327,0.13757670900528043,3.7086466069915653,0.7185728671026621,1.4083495074296162
66,6,440,4310.000000000002,4675.720364666327,0.09604681033252462,2.565215086599786,0.26728709562794883,1.0848539129156207
67,0,403,3940.000000000001,4242.741785917447,0.13757670900528043,3.673840233509587,0.5442714601008122,1.0768380167303162
67,5,175,1660.0000008844675,4242.741785917447,0.15812758669901528,2.2099151590253308,0.8931445591375139,2.555868544371605
67,2,700,6910.000000000002,4242.741785917447,0.156272299129442,2.8566416298104875,0.2740982839190199,0.6140002584540442
67,6,440,4310.000000000002,4242.741785917447,0.09604681033252462,2.4758134699912073,0.23408317496822073,0.9843948459205208
67,3,70,610.0563920873398,4242.741785917447,0.15612958470101326,1.170646823891188,1.2711234039593386,6.954671471272818
67,1,558,5490.000000000002,4242.741785917447,0.1374339945768517,4.110617797835856,0.4365917499266803,0.7728127114603726
67,4,700,6910.000000000002,4242.741785917447,0.1584130155558727,3.6421319155628336,0.3542542643930393,0.6140002584540442
68,5,350,3410.000000000001,4976.571999429887,0.15812758669901528,3.7749935861207935,0.871163705821514,1.4594052784251865
68,3,700,6910.000000000002,4976.571999429887,0.15612958470101326,2.4014981826827917,0.2700347843640194,0.7201985527394914
68,6,220,2110.0000000077202,4976.571999429887,0.09604681033252462,2.355616450279224,0.5336240094393235,2.358564928631127
68,0,620,6110.000000000002,4976.571999429887,0.13757670900528043,4.197721017353581,0.4703786156520702,0.814496235585906
68,2,280,2710.0000000000146,4976.571999429887,0.156272299129442,1.4075203515149146,0.4039221650844988,1.8363734315239337
68,4,700,6910.000000000002,4976.571999429887,0.1584130155558727,4.57652204000604,0.5221300200185437,0.7201985527394914
68,1,589,5800.000000000002,4976.571999429887,0.1374339945768517,4.134739709750011,0.4875786075866809,0.8580296550741182
69,1,403,3940.000000000001,4729.079492937502,0.1374339945768517,3.1394159434375264,0.5178731818677594,1.2002739829790612
69,4,350,3410.000000000001,4729.079492937502,0.1584130155558727,3.662187047550607,0.8045510739415141,1.3868268307734608
69,3,700,6910.000000000002,4729.079492937502,0.15612958470101326,2.74685526828924,0.29350773332004726,0.6843819816117946
69,6,440,4310.000000000002,4729.079492937502,0.09604681033252462,2.192367375632732,0.23104449308866612,1.0972342210991881
69,5,700,6910.000000000002,4729.079492937502,0.15812758669901528,4.3627298735780435,0.47213319215882377,0.6843819816117946
69,2,560,5510.000000000002,4729.079492937502,0.156272299129442,2.483595803418337,0.3331102025028891,0.8582721402790383
69,0,155,1460.0000072749747,4729.079492937502,0.13757670900528043,2.133578500304808,0.9507740048534933,3.2390955269679207
70,6,440,4310.000000000002,4622.0372217882095,0.09604681033252462,1.8021275417329998,0.1856199447834113,1.0723984273290506
70,2,455,4460.000000000002,4622.0372217882095,0.156272299129442,3.817555841389898,0.6182526406552841,1.0363312156475801
70,5,665,6560.000000000001,4622.0372217882095,0.15812758669901528,3.763020591656266,0.41925073913494504,0.7045788447847879
70,1,93,840.0049979958054,4622.0372217882095,0.1374339945768517,1.400398438811366,1.0590034039014942,5.502392524825536
70,4,700,6910.000000000002,4622.0372217882095,0.1584130155558727,3.811521887803287,0.40387286067595524,0.6688910595930837
70,0,620,6110.000000000002,4622.0372217882095,0.13757670900528043,2.71515194291315,0.2825734037439943,0.7564709037296576
70,3,280,2710.0000000000146,4622.0372217882095,0.15612958470101326,3.388883182322245,0.9024142628394294,1.7055487903277435
71,4,455,4460.000000000002,4131.3509755926425,0.1584130155558727,3.3022769125289346,0.4845756449867029,0.9263118779355697
71,0,62,530.1310020508638,4131.3509755926425,0.13757670900528043,0.6403909123894954,0.686592359029697,7.7930755975600485
71,6,440,4310.000000000002,4131.3509755926425,0.09604681033252462,2.4867016491161595,0.22893987988108833,0.9585501103463203
71,2,700,6910.000000000002,4131.3509755926425,0.156272299129442,5.005322490876618,0.4676577222992761,0.5978800254113809
71,1,620,6110.000000000002,4131.3509755926425,0.1374339945768517,2.3521533717607577,0.2185801338119943,0.6761621891313652
71,3,245,2360.000000000555,4131.3509755926425,0.15612958470101326,3.8804138803818353,1.0605797790244844,1.7505724472846065
71,5,420,4110.000000000002,4131.3509755926425,0.15812758669901528,3.233695011880106,0.5139927218643966,1.0051948845724186
72,4,490,4810.000000000001,4799.9229342087365,0.1584130155558727,3.2546123709155257,0.5144928223792767,0.997904975926972
72,5,700,6910.000000000002,4799.9229342087365,0.15812758669901528,3.6613801682209917,0.4021690867630092,0.6946342885975014
72,1,310,3010.0000000000014,4799.9229342087365,0.1374339945768517,1.9714774876901577,0.4320696497221297,1.5946587821291476
72,3,700,6910.000000000002,4799.9229342087365,0.15612958470101326,4.6866436114821,0.5082803861799987,0.6946342885975014
72,0,496,4870.000000000001,4799.9229342087365,0.13757670900528043,2.502526021625441,0.3393351292604888,0.9856104587697609
72,2,245,2360.000000000555,4799.9229342087365,0.156272299129442,3.522844564981416,1.1196898592392899,2.0338656500879697
72,6,440,4310.000000000002,4799.9229342087365,0.09604681033252462,3.012606822953767,0.32224218708639424,1.113671214433581
73,5,700,6910.000000000002,5348.276906804202,0.15812758669901528,3.6701484085085605,0.4491869250321674,0.7739908692914906
73,4,700,6910.000000000002,5348.276906804202,0.1584130155558727,3.6752981933537594,0.4506291480481015,0.7739908692914906
73,6,330,3210.000000000001,5348.276906804202,0.09604681033252462,2.314441557205361,0.3703718900505696,1.6661298775090967
73,1,620,6110.000000000002,5348.276906804202,0.1374339945768517,3.6589523306875544,0.44017319864939936,0.8753317359745009
73,3,630,6210.000000000002,5348.276906804202,0.15612958470101326,3.096710996206499,0.41639754980274574,0.8612362168766828
73,0,62,530.1310020508638,5348.276906804202,0.13757670900528043,1.0020989062556382,1.3908688693252085,10.088594868275704
73,2,630,6210.000000000002,5348.276906804202,0.156272299129442,3.102004664054882,0.41749062993533254,0.8612362168766828
74,0,620,6110.000000000002,4300.484789781348,0.13757670900528043,3.86598137431114,0.37435262213311904,0.7038436644486655
74,1,155,1460.0000072749747,4300.484789781348,0.1374339945768517,2.3006592577759646,0.931345947761761,2.9455375125702994
74,3,700,6910.000000000002,4300.484789781348,0.15612958470101326,2.6576514768765875,0.25823945724763925,0.6223566989553324
74,5,595,5860.000000000002,4300.484789781348,0.15812758669901528,3.9952598660590692,0.4636310093615225,0.733871124536066
74,6,132,1230.0000820831015,4300.484789781348,0.09604681033252462,1.1757101944499497,0.3948166927134762,3.496328864058399
74,4,700,6910.000000000002,4300.484789781348,0.1584130155558727,4.197460290780862,0.41382509760650465,0.6223566989553324
74,2,35,262.252839954494,4300.484789781348,0.156272299129442,0.831523029959711,2.130853046291937,16.398239159307355
75,5,350,3410.000000000001,4148.097616807264,0.15812758669901528,4.2548689069446315,0.8184429572345785,1.216450914019725
75,3,385,3760.0000000000014,4148.097616807264,0.15612958470101326,1.5668506724321298,0.2698820099728607,1.1032174512785273
75,1,620,6110.000000000002,4148.097616807264,0.1374339945768517,4.285299098476399,0.399837079813371,0.6789030469406322
75,0,310,3010.0000000000014,4148.097616807264,0.13757670900528043,3.448890436956299,0.6538931486591121,1.378105520533974
75,6,440,4310.000000000002,4148.097616807264,0.09604681033252462,3.2231652222849982,0.2979457624448084,0.9624356419506409
75,4,700,6910.000000000002,4148.097616807264,0.1584130155558727,5.064391418186929,0.4816028476241558,0.6003035624901972
75,2,175,1660.0000008844675,4148.097616807264,0.156272299129442,0.9041949146599791,0.3530896127669169,2.4988539846970537
76,1,527,5180.000000000002,4217.845372007821,0.1374339945768517,3.7020945694757645,0.41428820864944443,0.814255863321973
76,3,700,6910.000000000002,4217.845372007821,0.15612958470101326,2.532136226078661,0.24131531099312917,0.6103973041979479
76,5,70,610.0563920873398,4217.845372007821,0.15812758669901528,1.985127598676273,2.1702848686414185,6.913861450703342
76,6,220,2110.0000000077202,4217.845372007821,0.09604681033252462,2.4173772105649167,0.46412564871826634,1.9989788492854923
76,0,620,6110.000000000002,4217.845372007821,0.13757670900528043,3.90053738976977,0.37044079345914005,0.6903183914906416
76,2,700,6910.000000000002,4217.845372007821,0.156272299129442,2.5270012992069013,0.24104608033551622,0.6103973041979479
76,4,140,1310.0000353340838,4217.845372007821,0.1584130155558727,2.9075100497856563,1.4829668149978659,3.2197292047646107
77,6,396,3870.0000000000014,4174.552362497572,0.09604681033252462,2.976882858743407,0.30842078624879105,1.078695700903765
77,0,620,6110.000000000002,4174.552362497572,0.13757670900528043,4.5801875526121325,0.43052351877197254,0.6832327925527939
77,5,700,6910.000000000002,4174.552362497572,0.15812758669901528,2.077046958097976,0.1984201728564695,0.604132035093715
77,1,434,4250.000000000002,4174.552362497572,0.1374339945768517,4.172657379259673,0.5632846005028106,0.9822476147053106
77,3,105,960.0014115816389,4174.552362497572,0.15612958470101326,3.337584528101395,2.2659771141908838,4.348485650265699
77,4,700,6910.000000000002,4174.552362497572,0.1584130155558727,2.090548316402421,0.20007044410210176,0.604132035093715
77,2,35,262.252839954494,4174.552362497572,0.156272299129442,1.149580383918724,2.85963799798003,15.918044446046567
78,3,665,6560.000000000001,5947.4054516911665,0.15612958470101326,3.715982395469545,0.5259961429942257,0.9066166847090191
78,5,665,6560.000000000001,5947.4054516911665,0.15812758669901528,2.6871597176143314,0.3852341956029084,0.9066166847090191
78,2,700,6910.000000000002,5947.4054516911665,0.156272299129442,3.7699746037922353,0.5070723451637806,0.8606954343981426
78,6,330,3210.000000000001,5947.4054516911665,0.09604681033252462,2.1035076804018358,0.3743256289781729,1.8527742840159391
78,4,525,5160.000000000001,5947.4054516911665,0.1584130155558727,2.425969358061501,0.44294929760730584,1.1525979557541017
78,0,620,6110.000000000002,5947.4054516911665,0.13757670900528043,4.205058798171632,0.5631230774036452,0.9733887809641841
78,1,620,6110.000000000002,5947.4054516911665,0.1374339945768517,4.226948395929226,0.5654672431709028,0.9733887809641841
79,1,620,6110.000000000002,4337.061740704283,0.1374339945768517,4.194486079611678,0.4091921762871657,0.7098300721283604
79,2,35,262.252839954494,4337.061740704283,0.156272299129442,0.8782013798048438,2.2696114906127685,16.53771124635618
79,0,217,2080.00000001059,4337.061740704283,0.13757670900528043,3.089528930619927,0.8862769458385343,2.085125836866443
79,5,700,6910.000000000002,4337.061740704283,0.15812758669901528,4.567555304029001,0.45332431571492066,0.6276500348341941
79,6,22,138.8629381196525,4337.061740704283,0.09604681033252462,0.18214050997451625,0.5463849767400508,31.232680220025404
79,4,700,6910.000000000002,4337.061740704283,0.1584130155558727,4.5679336052690065,0.45418020436403445,0.6276500348341941
79,3,630,6210.000000000002,4337.061740704283,0.15612958470101326,2.307400957258492,0.2516009504858179,0.6983996361842644
80,1,62,530.1310020508638,4465.233844289044,0.1374339945768517,1.786279821855549,2.067781604118092,8.422887601394464
80,2,525,5160.000000000001,4465.233844289044,0.156272299129442,1.6680343453346824,0.2255700815349189,0.8653553961800472
80,5,700,6910.000000000002,4465.233844289044,0.15812758669901528,6.472087925464676,0.6613299815996132,0.6461988197234505
80,4,700,6910.000000000002,4465.233844289044,0.1584130155558727,6.483399799722889,0.6636816727840112,0.6461988197234505
80,6,44,350.8727963568088,4465.233844289044,0.09604681033252462,1.5908007669861817,1.944434186771083,12.726075918830334
80,0,217,2080.00000001059,4465.233844289044,0.13757670900528043,3.4954892870280028,1.0323661703891076,2.1467470405126488
80,3,700,6910.000000000002,4465.233844289044,0.15612958470101326,1.9577396557170716,0.1975178287435538,0.6461988197234505
81,2,280,2710.0000000000146,3601.3349706703702,0.156272299129442,3.4717084552321507,0.7209737889543476,1.3289058932362918
81,1,434,4250.000000000002,3601.3349706703702,0.1374339945768517,1.8557338730775084,0.2161147719345142,0.8473729342753809
81,3,105,960.0014115816389,3601.3349706703702,0.15612958470101326,2.7839540297795815,1.6305679842042844,3.7513850784209097
81,0,620,6110.000000000002,3601.3349706703702,0.13757670900528043,2.0844894845620896,0.16903122272128557,0.5894165254779655
81,5,700,6910.000000000002,3601.3349706703702,0.15812758669901528,6.114368396424392,0.5039004144997488,0.5211772750608349
81,4,70,610.0563920873398,3601.3349706703702,0.1584130155558727,2.563152608921565,2.396949378599057,5.903282085690824
81,6,440,4310.000000000002,3601.3349706703702,0.09604681033252462,1.7934126324494675,0.14392936831300515,0.8355765593202712
82,1,620,6110.000000000002,5291.461395747112,0.1374339945768517,1.8692890488343183,0.22248721160396406,0.8660329616607382
82,5,490,4810.000000000001,5291.461395747112,0.15812758669901528,4.0465041284037575,0.7039117041130301,1.1000959242717487
82,3,420,4110.000000000002,5291.461395747112,0.15612958470101326,4.816693586918134,0.9682065900151311,1.2874601936124355
82,2,700,6910.000000000002,5291.461395747112,0.156272299129442,5.341503887854509,0.639209373870035,0.7657686535089885
82,0,465,4560.000000000002,5291.461395747112,0.13757670900528043,1.589897314317187,0.253819381510801,1.1604082008217347
82,6,440,4310.000000000002,5291.461395747112,0.09604681033252462,2.7186114796824725,0.32057411725110796,1.227717261194225
82,4,595,5860.000000000002,5291.461395747112,0.1584130155558727,4.263666394322915,0.6098908162581792,0.902979760366401
83,1,620,6110.000000000002,3454.451530863893,0.1374339945768517,3.942042659357677,0.3063045038495053,0.5653766826291149
83,3,70,610.0563920873398,3454.451530863893,0.15612958470101326,2.3633206069203982,2.0893777611227766,5.6625118196767135
83,5,315,3060.0000000000014,3454.451530863893,0.15812758669901528,1.59513775793706,0.28474985730365227,1.1289057290404874
83,2,245,2360.000000000555,3454.451530863893,0.156272299129442,4.486650877407686,1.026293029073864,1.463750648670797
83,4,700,6910.000000000002,3454.451530863893,0.1584130155558727,2.5305856641013467,0.2004070341212271,0.4999206267530958
83,6,440,4310.000000000002,3454.451530863893,0.09604681033252462,3.299462473566281,0.2539966410381348,0.8014968749104157
83,0,124,1150.0001906837483,3454.451530863893,0.13757670900528043,2.122473540851476,0.8771389417342729,3.0038703983257617
84,1,31,223.43368382029254,4028.2156828697644,0.1374339945768517,0.6600143032541561,1.6353532822721437,18.028685800613903
84,4,35,262.252839954494,4028.2156828697644,0.1584130155558727,0.44338274619606777,1.078852733558925,15.36004599061249
84,3,525,5160.000000000001,4028.2156828697644,0.15612958470101326,3.133202069275986,0.381888537876435,0.7806619540445279
84,5,525,5160.000000000001,4028.2156828697644,0.15812758669901528,2.613509633687238,0.32262258193288323,0.7806619540445279
84,6,440,4310.000000000002,4028.2156828697644,0.09604681033252462,3.116537972518554,0.27976334713703876,0.9346208080904321
84,2,700,6910.000000000002,4028.2156828697644,0.156272299129442,3.4473089449492824,0.3140486107140203,0.5829545127163188
84,0,620,6110.000000000002,4028.2156828697644,0.13757670900528043,5.086718034841446,0.46137503032956106,0.6592824358215652
85,3,490,4810.000000000001,4995.183388078717,0.15612958470101326,1.8897295715798546,0.30640173802214943,1.03849966488123
85,0,186,1770.0000002775555,4995.183388078717,0.13757670900528043,3.4504394228122854,1.3396689579256802,2.8221375069465635
85,4,385,3760.0000000000014,4995.183388078717,0.1584130155558727,3.377220731076689,0.7107451420942946,1.3285062202337008
85,1,620,6110.000000000002,4995.183388078717,0.1374339945768517,5.081382712136571,0.5709345199384663,0.8175422893745852
85,2,700,6910.000000000002,4995.183388078717,0.156272299129442,2.2577614168425972,0.2550547631901826,0.7228919519650819
85,6,418,4090.0000000000014,4995.183388078717,0.09604681033252462,2.2841076018157884,0.2679338811029859,1.2213162318040869
85,5,700,6910.000000000002,4995.183388078717,0.15812758669901528,3.9927273227062163,0.45640530560250553,0.7228919519650819
86,3,665,6560.000000000001,4068.5004256362763,0.15612958470101326,2.7017407217185805,0.2616130473237644,0.620198235615286
86,2,245,2360.000000000555,4068.5004256362763,0.156272299129442,2.0210715957322622,0.5444851794081463,1.7239408583200508
86,5,70,610.0563920873398,4068.5004256362763,0.15812758669901528,2.416139680205044,2.54796855812229,6.669056301034221
86,6,440,4310.000000000002,4068.5004256362763,0.09604681033252462,1.534870707308862,0.1391591733022163,0.9439676161569083
86,1,620,6110.000000000002,4068.5004256362763,0.1374339945768517,3.8368565932742245,0.3511259218587443,0.6658756834101923
86,0,620,6110.000000000002,4068.5004256362763,0.13757670900528043,3.8129859139093436,0.3493037698890451,0.6658756834101923
86,4,315,3060.0000000000014,4068.5004256362763,0.1584130155558727,3.8284131777915267,0.8063481669649467,1.3295753024955146
87,0,620,6110.000000000002,3701.5458444546484,0.13757670900528043,3.2611044654847645,0.2718013126918887,0.6058176504835757
87,6,440,4310.000000000002,3701.5458444546484,0.09604681033252462,3.0030280358123314,0.24771265599356967,0.8588273421008461
87,2,700,6910.000000000002,3701.5458444546484,0.156272299129442,4.356039699310041,0.3646522654263311,0.535679572279978
87,4,420,4110.000000000002,3701.5458444546484,0.1584130155558727,2.80091373865831,0.3996059129298689,0.9006194268746099
87,3,70,610.0563920873398,3701.5458444546484,0.15612958470101326,1.7651626588792773,1.6721802384936173,6.067547021005085
87,5,140,1310.0000353340838,3701.5458444546484,0.15812758669901528,1.7741134490041361,0.7926853945496023,2.825607438636945
87,1,310,3010.0000000000014,3701.5458444546484,0.1374339945768517,2.3987531303276377,0.4054117775069581,1.2297494499849324
88,5,700,6910.000000000002,2986.2034411861637,0.15812758669901528,3.1938209666115682,0.21825266464812848,0.43215679322520445
88,0,186,1770.0000002775555,2986.2034411861637,0.13757670900528043,2.8035872487410716,0.6507364258466182,1.6871205879762114
88,4,35,262.252839954494,2986.2034411861637,0.1584130155558727,0.6976688990060705,1.258460000351562,11.386734426610323
88,1,620,6110.000000000002,2986.2034411861637,0.1374339945768517,4.289054571963531,0.2880938072895103,0.48874033407302175
88,3,210,2010.0000000221403,2986.2034411861637,0.15612958470101326,3.693125103903333,0.8566483016564753,1.4856733538075972
88,2,35,262.252839954494,2986.2034411861637,0.156272299129442,1.2670893465572604,2.2546982764404215,11.386734426610323
88,6,440,4310.000000000002,2986.2034411861637,0.09604681033252462,4.207332821579548,0.2799831765106286,0.6928546267253277
89,3,700,6910.000000000002,4671.348656946031,0.15612958470101326,2.712028524458519,0.2862488121973027,0.6760273020182388
89,4,140,1310.0000353340838,4671.348656946031,0.1584130155558727,2.676013207030328,1.5116459661862789,3.565914909120378
89,5,385,3760.0000000000014,4671.348656946031,0.15812758669901528,3.351851321102237,0.65848642668737,1.2423799619537312
89,1,527,5180.000000000002,4671.348656946031,0.1374339945768517,4.017684397806757,0.49794630204174456,0.901804760028191
89,2,700,6910.000000000002,4671.348656946031,0.156272299129442,2.70241755697179,0.2854951212663284,0.6760273020182388
89,6,440,4310.000000000002,4671.348656946031,0.09604681033252462,1.8274209446842513,0.19023330705741648,1.0838395955791251
89,0,434,4250.000000000002,4671.348656946031,0.13757670900528043,3.8184451233542656,0.5774106939330703,1.0991408604578892
90,2,175,1660.0000008844675,3920.2040817744655,0.156272299129442,2.3736923685800386,0.8760058844264915,2.3615687227022497
90,4,210,2010.0000000221403,3920.2040817744655,0.1584130155558727,3.7684539024374275,1.1643047990295448,1.9503502894185494
90,3,245,2360.000000000555,3920.2040817744655,0.15612958470101326,2.4531406809244385,0.6362156275270756,1.6611034244803153
90,0,620,6110.000000000002,3920.2040817744655,0.13757670900528043,4.991172354534421,0.4405700290953053,0.6416045960351006
90,1,465,4560.000000000002,3920.2040817744655,0.1374339945768517,4.700484311504273,0.5553676914018837,0.8596938775821192
90,5,700,6910.000000000002,3920.2040817744655,0.15812758669901528,4.483749934157459,0.40223481276305634,0.5673233114000672
90,6,440,4310.000000000002,3920.2040817744655,0.09604681033252462,0.9422581215158422,0.0823159969701061,0.909560111780618
91,0,155,1460.0000072749747,4116.6558999406,0.13757670900528043,3.158302131852886,1.2251529185743937,2.819627314676632
91,2,420,4110.000000000002,4116.6558999406,0.156272299129442,2.045658552684283,0.32019746758066436,1.0016194403748413
91,4,140,1310.0000353340838,4116.6558999406,0.1584130155558727,2.6895885595957254,1.338905636144473,3.1424853350410378
91,1,620,6110.000000000002,4116.6558999406,0.1374339945768517,4.9468867714860005,0.4580675177394836,0.6737571030999343
91,5,700,6910.000000000002,4116.6558999406,0.15812758669901528,3.891173323824096,0.3665681590748062,0.5957533863879303
91,6,66,570.0859504455718,4116.6558999406,0.09604681033252462,0.5495235704504582,0.38113032112074174,7.221114459535575
91,3,700,6910.000000000002,4116.6558999406,0.15612958470101326,2.4926734093067626,0.23185534115605747,0.5957533863879303
92,5,595,5860.000000000002,4614.965982238218,0.15812758669901528,2.8320571344218926,0.35267976409997087,0.7875368570372383
92,4,700,6910.000000000002,4614.965982238218,0.1584130155558727,3.045612963874807,0.3222226243451401,0.6678677253600893
92,0,620,6110.000000000002,4614.965982238218,0.13757670900528043,4.445437935979405,0.4619412674319172,0.7553135813810502
92,3,700,6910.000000000002,4614.965982238218,0.15612958470101326,4.07164617958456,0.42456646970724704,0.6678677253600893
92,1,31,223.43368382029254,4614.965982238218,0.1374339945768517,0.7313523209260777,2.0760636851740375,20.65474597800585
92,2,210,2010.0000000221403,4614.965982238218,0.156272299129442,2.7958693258202234,1.0031625661534735,2.296002976212629
92,6,352,3430.000000000001,4614.965982238218,0.09604681033252462,3.3433494605489553,0.4320550682255692,1.3454711318478767
93,6,374,3650.000000000001,4775.979734551164,0.09604681033252462,2.9437846051452925,0.36996325124111795,1.308487598507168
93,2,420,4110.000000000002,4775.979734551164,0.156272299129442,4.219447881880935,0.7662284654681328,1.1620388648542974
93,3,700,6910.000000000002,4775.979734551164,0.15612958470101326,4.767306381902694,0.5144494369221823,0.6911692814111668
93,1,620,6110.000000000002,4775.979734551164,0.1374339945768517,2.537582405324015,0.27260611222552494,0.781666077667948
93,5,350,3410.000000000001,4775.979734551164,0.15812758669901528,3.2289845994845408,0.7151245918484572,1.4005805673170566
93,4,315,3060.0000000000014,4775.979734551164,0.1584130155558727,3.1212161390850763,0.7717128893721137,1.5607776910297915
93,0,620,6110.000000000002,4775.979734551164,0.13757670900528043,2.540045664021983,0.27315408879220415,0.781666077667948
94,0,62,530.1310020508638,5181.243939771234,0.13757670900528043,0.9630854714502127,1.2949726174085248,9.773516205856824
94,4,560,5510.000000000002,5181.243939771234,0.1584130155558727,4.229955196650025,0.6300994053455727,0.9403346533160132
94,5,700,6910.000000000002,5181.243939771234,0.15812758669901528,4.437357628726832,0.5261239445537285,0.7498182257266618
94,2,700,6910.000000000002,5181.243939771234,0.156272299129442,4.9144365402408,0.5758531219236971,0.7498182257266618
94,6,330,3210.000000000001,5181.243939771234,0.09604681033252462,1.653403821831798,0.2563249559493547,1.6140946852869884
94,3,595,5860.000000000002,5181.243939771234,0.15612958470101326,4.772679397400041,0.6588459645534738,0.8841713207800738
94,1,620,6110.000000000002,5181.243939771234,0.1374339945768517,2.129178808162196,0.24814134635553742,0.8479940981622311
95,2,700,6910.000000000002,4245.570144141663,0.156272299129442,4.518196302907881,0.4338155056696795,0.6144095722346834
95,3,700,6910.000000000002,4245.570144141663,0.15612958470101326,4.517400481216425,0.43334298593134984,0.6144095722346834
95,5,245,2360.000000000555,4245.570144141663,0.15812758669901528,3.6107690368874703,1.0271440864341388,1.7989704000596038
95,0,341,3320.0000000000014,4245.570144141663,0.13757670900528043,1.9051275047481158,0.3351713590438735,1.2787861879944764
95,4,280,2710.0000000000146,4245.570144141663,0.1584130155558727,3.705448650950704,0.9195987881949422,1.5666310494987603
95,6,440,4310.000000000002,4245.570144141663,0.09604681033252462,1.6035484210461195,0.15171334213105767,0.9850510775270676
95,1,310,3010.0000000000014,4245.570144141663,0.1374339945768517,1.8338013216976632,0.35548065851778465,1.4104884199806182
96,4,700,6910.000000000002,4256.64651138044,0.1584130155558727,3.2941567393930256,0.3214583117910047,0.616012519736677
96,2,700,6910.000000000002,4256.64651138044,0.156272299129442,3.923116957559549,0.3776615716656913,0.616012519736677
96,5,700,6910.000000000002,4256.64651138044,0.15812758669901528,3.2919840988739972,0.3206674738127492,0.616012519736677
96,6,110,1010.0008335248422,4256.64651138044,0.09604681033252462,1.051118371421177,0.42548125095373307,4.214498018308559
96,1,217,2080.00000001059,4256.64651138044,0.1374339945768517,2.2267016682763026,0.6262683373113962,2.0464646689224844
96,3,105,960.0014115816389,4256.64651138044,0.15612958470101326,2.2769205825176564,1.5762634378446057,4.434000262944877
96,0,341,3320.0000000000014,4256.64651138044,0.13757670900528043,2.6659400633388297,0.4702456643715489,1.282122443186879
97,0,527,5180.000000000002,3875.001727222431,0.13757670900528043,4.572284196648272,0.4705657064839951,0.7480698315101215
97,6,22,138.8629381196525,3875.001727222431,0.09604681033252462,0.6528801386706401,1.7498545626238022,27.9052264030558
97,1,620,6110.000000000002,3875.001727222431,0.1374339945768517,4.7631616334366695,0.415164469690054,0.6342065020003976
97,5,700,6910.000000000002,3875.001727222431,0.15812758669901528,3.699095329840177,0.32801750405597196,0.5607817260813936
97,3,70,610.0563920873398,3875.001727222431,0.15612958470101326,0.8493889420481777,0.8423522217952527,6.351874642217764
97,2,700,6910.000000000002,3875.001727222431,0.156272299129442,3.044910821868732,0.2668396930732626,0.5607817260813936
97,4,35,262.252839954494,3875.001727222431,0.1584130155558727,0.7692732655915088,1.8006246929418204,14.775823697065853
98,3,175,1660.0000008844675,4085.974713006647,0.15612958470101326,2.1062968380610214,0.809454359884223,2.461430548692525
98,5,700,6910.000000000002,4085.974713006647,0.15812758669901528,2.9635626432033275,0.27710182227857416,0.5913132725045798
98,1,93,840.0049979958054,4085.974713006647,0.1374339945768517,2.121796386546472,1.4184423179290975,4.86422666859781
98,0,434,4250.000000000002,4085.974713006647,0.13757670900528043,4.685574935817655,0.6197471650472997,0.961405814825093
98,6,440,4310.000000000002,4085.974713006647,0.09604681033252462,1.9181331741531729,0.17465463186473987,0.9480219751755558
98,2,700,6910.000000000002,4085.974713006647,0.156272299129442,3.250768698173855,0.3003901571848916,0.5913132725045798
98,4,350,3410.000000000001,4085.974713006647,0.1584130155558727,2.2951959106202167,0.4356642445083789,1.1982330536676382
99,2,700,6910.000000000002,4366.644793672158,0.156272299129442,3.566219881427716,0.35217614613559867,0.6319312291855509
99,1,155,1460.0000072749747,4366.644793672158,0.1374339945768517,2.817767108403338,1.1582285675109614,2.9908525835025896
99,3,700,6910.000000000002,4366.644793672158,0.15612958470101326,3.569265844117813,0.35215504838971445,0.6319312291855509
99,6,132,1230.0000820831015,4366.644793672158,0.09604681033252462,0.6832396081211264,0.23296930642563698,3.5501174815182965
99,0,155,1460.0000072749747,4366.644793672158,0.13757670900528043,2.808023031597048,1.155421885656869,2.9908525835025896
99,4,385,3760.0000000000014,4366.644793672158,0.1584130155558727,2.607424352208184,0.4796921364894561,1.1613417004447224
99,5,700,6910.000000000002,4366.644793672158,0.15812758669901528,3.115523433215483,0.31132104758109586,0.6319312291855509
100,5,140,1310.0000353340838,4063.7414478560304,0.15812758669901528,2.6074672324258503,1.2790315679554238,3.102092624615595
100,4,700,6910.000000000002,4063.7414478560304,0.1584130155558727,4.1851347898127695,0.3898955982688241,0.5880957232787307
100,6,440,4310.000000000002,4063.7414478560304,0.09604681033252462,2.5779322089940098,0.233455031150328,0.942863444978197
100,1,372,3630.000000000001,4063.7414478560304,0.1374339945768517,1.822037543632194,0.2803308763114273,1.1194880021641955
100,0,62,530.1310020508638,4063.7414478560304,0.13757670900528043,0.5457685056195108,0.5755674864943359,7.665541973842405
100,3,455,4460.000000000002,4063.7414478560304,0.15612958470101326,4.088044010300822,0.5815565840482073,0.9111527909991096
100,2,700,6910.000000000002,4063.7414478560304,0.156272299129442,4.546377851243242,0.41782608547797906,0.5880957232787307
101,3,420,4110.000000000002,4293.181328222584,0.15612958470101326,5.038309510715607,0.8216889711271794,1.0445696662342048
101,2,700,6910.000000000002,4293.181328222584,0.156272299129442,5.633911844286115,0.5470074399972907,0.6212997580640496
101,1,403,3940.000000000001,4293.181328222584,0.1374339945768517,1.8830406268582471,0.2819920532589389,1.0896399310209601
101,4,105,960.0014115816389,4293.181328222584,0.1584130155558727,2.784328824850961,1.9725078715887314,4.472057307863126
101,5,700,6910.000000000002,4293.181328222584,0.15812758669901528,4.95203043914809,0.48651040497438525,0.6212997580640496
101,0,279,2700.0000000000164,4293.181328222584,0.13757670900528043,1.6410708592722145,0.3589944362278032,1.5900671586009474
101,6,440,4310.000000000002,4293.181328222584,0.09604681033252462,3.956062186048953,0.37848442988636344,0.9960977559681164
102,5,280,2710.0000000000146,4240.208363203734,0.15812758669901528,2.1678651230674344,0.5363617619197892,1.564652532547495
102,6,264,2550.0000000000755,4240.208363203734,0.09604681033252462,2.53252101546443,0.404466933599133,1.6628268090994542
102,0,620,6110.000000000002,4240.208363203734,0.13757670900528043,3.175393594049755,0.3031715671957458,0.6939784555161592
102,3,350,3410.000000000001,4240.208363203734,0.15612958470101326,4.120335674500622,0.7999274907802424,1.243462863109599
102,4,700,6910.000000000002,4240.208363203734,0.1584130155558727,3.196487957371661,0.31072277353403965,0.6136336270917124
102,2,175,1660.0000008844675,4240.208363203734,0.156272299129442,3.3782329632722967,1.3484992428753377,2.5543423861111454
102,1,620,6110.000000000002,4240.208363203734,0.1374339945768517,3.179428466243737,0.30324190477238555,0.6939784555161592
103,3,490,4810.000000000001,3910.1750150547646,0.15612958470101326,2.911166512592001,0.36949058055245254,0.812926198556084
103,4,700,6910.000000000002,3910.1750150547646,0.1584130155558727,2.9193865920492086,0.2616981300234503,0.5658719269254361
103,5,35,262.252839954494,3910.1750150547646,0.15812758669901528,0.9834038768381682,2.3185451388776155,14.909943456601868
103,6,440,4310.000000000002,3910.1750150547646,0.09604681033252462,1.8220248876081184,0.15876551547359705,0.9072331821472768
103,0,124,1150.0001906837483,3910.1750150547646,0.13757670900528043,2.839722478086191,1.3283701243889903,3.400151623218355
103,2,700,6910.000000000002,3910.1750150547646,0.156272299129442,3.255478925578017,0.28788234983399014,0.5658719269254361
103,1,279,2700.0000000000164,3910.1750150547646,0.1374339945768517,4.319916443584551,0.8598089243597562,1.448212968538793
104,4,280,2710.0000000000146,4563.760525190555,0.1584130155558727,2.0165461232718123,0.5379632118025055,1.6840444742400482
104,5,700,6910.000000000002,4563.760525190555,0.15812758669901528,3.012644124221101,0.3146301053560626,0.6604573842533363
104,3,700,6910.000000000002,4563.760525190555,0.15612958470101326,3.3734705345778053,0.34786194897738254,0.6604573842533363
104,6,440,4310.000000000002,4563.760525190555,0.09604681033252462,3.359284090719347,0.34164514798699896,1.0588771520163696
104,2,525,5160.000000000001,4563.760525190555,0.156272299129442,3.0346116452844436,0.41942881911709035,0.8844497141842159
104,1,217,2080.00000001059,4563.760525190555,0.1374339945768517,4.641977817069887,1.3997701982630566,2.1941156370996726
104,0,341,3320.0000000000014,4563.760525190555,0.13757670900528043,5.558725002409661,1.0512472426831794,1.3746266642140221
105,3,35,262.252839954494,4972.087142416188,0.15612958470101326,0.6377589884806542,1.8878188769568134,18.959135555134285
105,1,620,6110.000000000002,4972.087142416188,0.1374339945768517,5.12222994287107,0.5728629849175573,0.8137622164347277
105,4,490,4810.000000000001,4972.087142416188,0.1584130155558727,2.6753817300570653,0.43809699424987897,1.0336979506062758
105,5,665,6560.000000000001,4972.087142416188,0.15812758669901528,3.016664019756402,0.36155092632253055,0.7579401131731992
105,2,700,6910.000000000002,4972.087142416188,0.156272299129442,3.3691969082843722,0.3788515595961669,0.7195495140978562
105,0,620,6110.000000000002,4972.087142416188,0.13757670900528043,5.1245261499415955,0.5737149294516689,0.8137622164347277
105,6,396,3870.0000000000014,4972.087142416188,0.09604681033252462,3.2073979620695625,0.3957888563611169,1.2847770393840274
106,4,420,4110.000000000002,5217.591060505527,0.1584130155558727,4.36946520481608,0.87871362828831,1.2694868760354074
106,5,700,6910.000000000002,5217.591060505527,0.15812758669901528,4.89254193962844,0.5841631938619147,0.7550783010861831
106,1,403,3940.000000000001,5217.591060505527,0.1374339945768517,2.8150968528929554,0.5123436128653578,1.324261690483636
106,6,110,1010.0008335248422,5217.591060505527,0.09604681033252462,1.2346740910418323,0.6126093016727153,5.165927479778851
106,3,595,5860.000000000002,5217.591060505527,0.15612958470101326,2.6922083763322506,0.3742538675113759,0.8903739011101579
106,0,620,6110.000000000002,5217.591060505527,0.13757670900528043,3.3240729496016743,0.3905209073667219,0.8539428904264362
106,2,700,6910.000000000002,5217.591060505527,0.156272299129442,2.869599093346476,0.33860644341112417,0.7550783010861831
107,5,35,262.252839954494,3735.20732318042,0.15812758669901528,1.2299348130888004,2.7700285784139473,14.242771684869274
107,2,700,6910.000000000002,3735.20732318042,0.156272299129442,4.077708705378438,0.34445688119711726,0.5405509874356612
107,0,620,6110.000000000002,3735.20732318042,0.13757670900528043,2.49924543360506,0.2101973932443492,0.6113268941375481
107,1,341,3320.0000000000014,3735.20732318042,0.1374339945768517,2.1324655881781163,0.3297257235613608,1.12506244674109
107,6,440,4310.000000000002,3735.20732318042,0.09604681033252462,1.4080606894977805,0.11720381895386853,0.8666374299722549
107,3,490,4810.000000000001,3735.20732318042,0.15612958470101326,3.7684285018701105,0.4568936480908861,0.7765503790395882
107,4,105,960.0014115816389,3735.20732318042,0.1584130155558727,3.884676221318003,2.3943549315723787,3.8908352405717026
108,2,700,6910.000000000002,3981.2060401830245,0.156272299129442,4.958587025265106,0.4464538251547022,0.5761513806343015
108,5,700,6910.000000000002,3981.2060401830245,0.15812758669901528,4.041528745249971,0.3682052036571254,0.5761513806343015
108,6,396,3870.0000000000014,3981.2060401830245,0.09604681033252462,3.2973038135562573,0.3257958897140205,1.028735410900006
108,1,217,2080.00000001059,3981.2060401830245,0.1374339945768517,1.541478704735631,0.4054926797009962,1.9140413654628627
108,4,35,262.252839954494,3981.2060401830245,0.1584130155558727,0.8210154770510683,1.9744068987712844,15.180792859569573
108,3,700,6910.000000000002,3981.2060401830245,0.15612958470101326,4.949314976984694,0.44521204437834033,0.5761513806343015
108,0,31,223.43368382029254,3981.2060401830245,0.13757670900528043,0.3395064649876483,0.8322599067354013,17.81828940073827
109,5,700,6910.000000000002,4204.397401994708,0.15812758669901528,2.6467606874514003,0.2546525503417156,0.6084511435592919
109,3,560,5510.000000000002,4204.397401994708,0.15612958470101326,6.325643886450926,0.7536021062168047,0.7630485303075693
109,0,620,6110.000000000002,4204.397401994708,0.13757670900528043,5.670982766857016,0.53686586651852,0.6881174144017523
109,4,70,610.0563920873398,4204.397401994708,0.1584130155558727,1.7655365054394683,1.927530861157345,6.891817636086302
109,2,210,2010.0000000221403,4204.397401994708,0.156272299129442,5.234069208098965,1.710917876953436,2.0917400009693514
109,6,176,1670.0000007960207,4204.397401994708,0.09604681033252462,4.0455244611206105,0.9782392090333628,2.5176032335273315
109,1,620,6110.000000000002,4204.397401994708,0.1374339945768517,5.66273158259295,0.5355286312412728,0.6881174144017523
110,0,465,4560.000000000002,5898.204652490368,0.13757670900528043,5.324750281875718,0.9475434990453165,1.2934659325636766
110,1,620,6110.000000000002,5898.204652490368,0.1374339945768517,5.619129692651686,0.7454900524069705,0.9653362770033332
110,6,440,4310.000000000002,5898.204652490368,0.09604681033252462,1.696794720860714,0.22302565230178772,1.3684929588144699
110,2,595,5860.000000000002,5898.204652490368,0.156272299129442,4.519818544906184,0.710927350882316,1.0065195652713936
110,3,630,6210.000000000002,5898.204652490368,0.15612958470101326,4.570119772211947,0.6777055211402628,0.9497914094187385
110,4,665,6560.000000000001,5898.204652490368,0.1584130155558727,2.2669466957434956,0.3228852214431467,0.8991165628796292
110,5,700,6910.000000000002,5898.204652490368,0.15812758669901528,2.273016884070647,0.3067976965557211,0.8535752029653207
111,4,245,2360.000000000555,4430.3125447365655,0.1584130155558727,4.6866721990244855,1.393727285209074,1.8772510782777645
111,2,175,1660.0000008844675,4430.3125447365655,0.156272299129442,3.3187220907293993,1.3841372769248563,2.6688629773349657
111,5,700,6910.000000000002,4430.3125447365655,0.15812758669901528,5.140504281526205,0.5211583328812404,0.6411450860689674
111,0,310,3010.0000000000014,4430.3125447365655,0.13757670900528043,5.540378645008866,1.1218950526969331,1.471864632802845
111,1,620,6110.000000000002,4430.3125447365655,0.1374339945768517,6.008774720199903,0.5987882183424679,0.725092069514986
111,6,396,3870.0000000000014,4430.3125447365655,0.09604681033252462,0.3388334232614763,0.037255688235107824,1.1447836032911018
111,3,700,6910.000000000002,4430.3125447365655,0.15612958470101326,3.7088512322126785,0.37126237281125,0.6411450860689674
112,1,620,6110.000000000002,4749.166547877836,0.1374339945768517,5.3148480177658906,0.567755316270041,0.7772776674104476
112,2,700,6910.000000000002,4749.166547877836,0.156272299129442,1.8550603965163244,0.19924131901743097,0.6872889360170528
112,6,374,3650.000000000001,4749.166547877836,0.09604681033252462,1.9376905786019958,0.2421541464708018,1.3011415199665302
112,4,385,3760.0000000000014,4749.166547877836,0.1584130155558727,5.722486230646379,1.1449991724376616,1.2630762095419772
112,0,403,3940.000000000001,4749.166547877836,0.13757670900528043,4.866718872812466,0.8070535542707462,1.2053722202735622
112,5,175,1660.0000008844675,4749.166547877836,0.15812758669901528,5.023305975303549,2.2725141026727673,2.8609437020165207
112,3,700,6910.000000000002,4749.166547877836,0.15612958470101326,1.8491602714989959,0.19842624385653818,0.6872889360170528
113,4,420,4110.000000000002,4912.648779795099,0.1584130155558727,4.567444708971895,0.864844552760646,1.195291673916082
113,2,210,2010.0000000221403,4912.648779795099,0.156272299129442,2.092073227699992,0.7990584385878599,2.4441038705179032
113,5,700,6910.000000000002,4912.648779795099,0.15812758669901528,5.126973952908708,0.5763767087956166,0.7109477250065264
113,3,700,6910.000000000002,4912.648779795099,0.15612958470101326,3.322547532587392,0.36880268657254817,0.7109477250065264
113,6,286,2770.000000000008,4912.648779795099,0.09604681033252462,3.7984725970535402,0.6470351757853849,1.773519415088478
113,0,620,6110.000000000002,4912.648779795099,0.13757670900528043,4.249873455271276,0.4701055960902883,0.8040341701792303
113,1,496,4870.000000000001,4912.648779795099,0.1374339945768517,3.9569790149676756,0.5485859388122055,1.0087574496499174
114,2,595,5860.000000000002,4359.67858540296,0.156272299129442,5.279413086610855,0.6137966342294192,0.7439724548469213
114,6,440,4310.000000000002,4359.67858540296,0.09604681033252462,4.569756362292545,0.4439695606183915,1.0115263539218
114,5,595,5860.000000000002,4359.67858540296,0.15812758669901528,3.7732253674937675,0.44389192510265124,0.7439724548469213
114,0,620,6110.000000000002,4359.67858540296,0.13757670900528043,3.951628422336405,0.3879129506723773,0.7135316833720063
114,4,700,6910.000000000002,4359.67858540296,0.1584130155558727,3.9648544187357384,0.3962730447761619,0.6309230948484745
114,1,62,530.1310020508638,4359.67858540296,0.1374339945768517,1.7071055191133477,1.9294156901452113,8.223775950731264
114,3,70,610.0563920873398,4359.67858540296,0.15612958470101326,2.4590641052584155,2.7437184609176284,7.146353422322308
115,6,198,1890.0000000783903,5048.096189672402,0.09604681033252462,0.4752815523631638,0.12192695336127318,2.6709503647952517
115,3,630,6210.000000000002,5048.096189672402,0.15612958470101326,4.466415087592159,0.5668658676445526,0.8128979371453141
115,1,620,6110.000000000002,5048.096189672402,0.1374339945768517,3.608671857629314,0.4097585023362966,0.8262023223686417
115,5,700,6910.000000000002,5048.096189672402,0.15812758669901528,3.6721036598019934,0.424201450862274,0.7305493762188713
115,4,175,1660.0000008844675,5048.096189672402,0.1584130155558727,2.9259171623969005,1.4095238247745905,3.041021799387179
115,0,620,6110.000000000002,5048.096189672402,0.13757670900528043,3.6141043605983003,0.4108014963654386,0.8262023223686417
115,2,560,5510.000000000002,5048.096189672402,0.156272299129442,4.401250242314046,0.6301357020716434,0.9161699073815609
116,1,527,5180.000000000002,4791.9623335525575,0.1374339945768517,5.198153885661318,0.6608865869929087,0.9250892535815745
116,3,420,4110.000000000002,4791.9623335525575,0.15612958470101326,4.784899343514929,0.8710229229170723,1.1659275750736144
116,2,525,5160.000000000001,4791.9623335525575,0.156272299129442,4.816626765288255,0.6990185331633051,0.9286748708435187
116,5,700,6910.000000000002,4791.9623335525575,0.15812758669901528,4.7337600292499316,0.5190978492236829,0.6934822479815567
116,4,700,6910.000000000002,4791.9623335525575,0.1584130155558727,4.748254473859177,0.5216271595600946,0.6934822479815567
116,6,440,4310.000000000002,4791.9623335525575,0.09604681033252462,0.18418161526542506,0.0196682332325103,1.1118242073207785
116,0,31,223.43368382029254,4791.9623335525575,0.13757670900528043,0.8130303094085521,2.398923519537697,21.446911010099655
117,5,700,6910.000000000002,3809.3979758648893,0.15812758669901528,3.8603451181133153,0.3365209257152087,0.5512876954941951
117,4,245,2360.000000000555,3809.3979758648893,0.1584130155558727,2.852231866874031,0.7293232066604601,1.614151684688133
117,3,700,6910.000000000002,3809.3979758648893,0.15612958470101326,3.111406234932755,0.26780594983082195,0.5512876954941951
117,1,496,4870.000000000001,3809.3979758648893,0.1374339945768517,3.7712492259377983,0.4054215121505659,0.782217243504084
117,6,440,4310.000000000002,3809.3979758648893,0.09604681033252462,1.611439166659148,0.1367968000212784,0.8838510384837327
117,2,105,960.0014115816389,3809.3979758648893,0.156272299129442,1.9532191293647303,1.2112044165135945,3.9681170568163657
117,0,31,223.43368382029254,3809.3979758648893,0.13757670900528043,0.640531492416995,1.5024260475111841,17.049345070677813
118,2,105,960.0014115816389,3610.162916077534,0.156272299129442,3.1387885636631982,1.844586358024982,3.760580841365278
118,3,700,6910.000000000002,3610.162916077534,0.15612958470101326,4.905478039488265,0.4001430643937377,0.5224548359012349
118,4,700,6910.000000000002,3610.162916077534,0.1584130155558727,6.08717598333932,0.5037968785100622,0.5224548359012349
118,0,186,1770.0000002775555,3610.162916077534,0.13757670900528043,4.254353962078783,1.1938013649655503,2.0396400652606896
118,1,155,1460.0000072749747,3610.162916077534,0.1374339945768517,4.090585137587472,1.3901240230873704,2.4727143137593153
118,6,440,4310.000000000002,3610.162916077534,0.09604681033252462,6.176515637002511,0.4969080387397514,0.8376248065145088
118,5,280,2710.0000000000146,3610.162916077534,0.15812758669901528,5.002654263712693,1.053818072835567,1.3321634376669795
119,1,248,2390.0000000004047,4821.722563151192,0.1374339945768517,2.6350545927837903,0.7306141918038778,2.0174571393934624
119,3,665,6560.000000000001,4821.722563151192,0.15612958470101326,4.408051786049105,0.5058599200326475,0.7350186834071938
119,4,315,3060.0000000000014,4821.722563151192,0.1584130155558727,4.025916226235793,1.0049313304338683,1.5757263278271862
119,0,620,6110.000000000002,4821.722563151192,0.13757670900528043,3.606005750160875,0.3915005161782593,0.7891526289936482
119,5,420,4110.000000000002,4821.722563151192,0.15812758669901528,4.3606015900037525,0.8089365299830834,1.173168506849438
119,2,700,6910.000000000002,4821.722563151192,0.156272299129442,4.468175005422822,0.48723260949371444,0.6977890829451795
119,6,440,4310.000000000002,4821.722563151192,0.09604681033252462,4.558134632980602,0.4897732293444664,1.1187291329817146
120,0,527,5180.000000000002,4616.76916593157,0.13757670900528043,3.2377281609091315,0.39700291912938884,0.891268178751268
120,1,620,6110.000000000002,4616.76916593157,0.1374339945768517,3.306567244201861,0.3433748473476578,0.7556087014617952
120,3,245,2360.000000000555,4616.76916593157,0.15612958470101326,4.452601832914499,1.3599571449313124,1.956258121156985
120,5,665,6560.000000000001,4616.76916593157,0.15812758669901528,3.813185286898248,0.4243555367159325,0.7037757874895685
120,2,105,960.0014115816389,4616.76916593157,0.156272299129442,3.7767136032155193,2.8383264436093882,4.809127476516172
120,4,700,6910.000000000002,4616.76916593157,0.1584130155558727,3.8347184111852495,0.40586766531126656,0.6681286781377089
120,6,440,4310.000000000002,4616.76916593157,0.09604681033252462,0.9028297301879231,0.09288587772390884,1.0711761405873708
121,1,62,530.1310020508638,3467.511938911888,0.1374339945768517,1.8739950968300714,1.6846022733852555,6.540858628334276
121,0,620,6110.000000000002,3467.511938911888,0.13757670900528043,4.585443900046807,0.3580165108623563,0.5675142289544823
121,2,700,6910.000000000002,3467.511938911888,0.156272299129442,4.130260611670032,0.3238913689174742,0.5018107002766841
121,6,440,4310.000000000002,3467.511938911888,0.09604681033252462,0.5579570440817243,0.04311460448765734,0.8045271319981175
121,4,280,2710.0000000000146,3467.511938911888,0.1584130155558727,3.601997187402915,0.7301009353789967,1.2795247007054869
121,5,175,1660.0000008844675,3467.511938911888,0.15812758669901528,3.523878770907681,1.1639611341156422,2.088862612689372
121,3,245,2360.000000000555,3467.511938911888,0.15612958470101326,3.6607318667371302,0.8397675453874913,1.4692847198775734
122,0,124,1150.0001906837483,3843.185633442289,0.13757670900528043,2.5217182198037698,1.159404342292884,3.3418999966924097
122,1,620,6110.000000000002,3843.185633442289,0.1374339945768517,5.198635230331777,0.4494006200061677,0.6289992853424367
122,2,245,2360.000000000555,3843.185633442289,0.156272299129442,1.9032811810188286,0.484355587872391,1.6284684887463499
122,5,700,6910.000000000002,3843.185633442289,0.15812758669901528,3.4108215382140465,0.2999714721904294,0.5561773709757291
122,3,105,960.0014115816389,3843.185633442289,0.15612958470101326,1.2027609799188248,0.7517683287429979,4.003312481708225
122,4,700,6910.000000000002,3843.185633442289,0.1584130155558727,3.411395148375106,0.3005634752862441,0.5561773709757291
122,6,154,1450.0000080833054,3843.185633442289,0.09604681033252462,2.3590820779511157,0.6005502548286719,2.650472835874281
123,3,700,6910.000000000002,4092.1093194304367,0.15612958470101326,3.3620055667384645,0.3108513891921693,0.592201059251872
123,2,700,6910.000000000002,4092.1093194304367,0.156272299129442,3.356992307550126,0.3106715810578807,0.592201059251872
123,6,440,4310.000000000002,4092.1093194304367,0.09604681033252462,4.813441196380851,0.4389434516479818,0.9494453177332796
123,0,434,4250.000000000002,4092.1093194304367,0.13757670900528043,5.045637088947632,0.6683735023362245,0.9628492516306906
123,1,186,1770.0000002775555,4092.1093194304367,0.1374339945768517,3.817011505167444,1.212806733320065,2.3119261688072026
123,5,280,2710.0000000000146,4092.1093194304367,0.15812758669901528,3.858733541163079,0.9213621544176074,1.510003438904212
123,4,175,1660.0000008844675,4092.1093194304367,0.1584130155558727,3.388175282387842,1.3231097510153154,2.4651260947289835
124,3,700,6910.000000000002,4510.078723688407,0.15612958470101326,3.8400352739183083,0.3913149979542984,0.6526886720243713
124,5,700,6910.000000000002,4510.078723688407,0.15812758669901528,3.624783824412218,0.37410699550877463,0.6526886720243713
124,2,105,960.0014115816389,4510.078723688407,0.156272299129442,1.9028690483248405,1.3970217083180336,4.697991762593224
124,1,589,5800.000000000002,4510.078723688407,0.1374339945768517,3.2621596037686613,0.34862257317092327,0.7775997799462768
124,4,700,6910.000000000002,4510.078723688407,0.1584130155558727,3.6293054220486543,0.37524978668181,0.6526886720243713
124,0,31,223.43368382029254,4510.078723688407,0.13757670900528043,0.376017129044169,1.0442104190328239,20.18531246755014
124,6,286,2770.000000000008,4510.078723688407,0.09604681033252462,2.563062027269796,0.4008172616825031,1.6281872648694562
125,6,308,2990.000000000002,4554.876579252881,0.09604681033252462,0.9656050822700069,0.14128235159624816,1.5233700933956116
125,2,700,6910.000000000002,4554.876579252881,0.156272299129442,4.934521041806896,0.5083063945328321,0.6591717191393459
125,1,155,1460.0000072749747,4554.876579252881,0.1374339945768517,1.9871895695043267,0.8520345863311786,3.1197784633949124
125,4,700,6910.000000000002,4554.876579252881,0.1584130155558727,4.638185673478194,0.4843257477839671,0.6591717191393459
125,5,700,6910.000000000002,4554.876579252881,0.15812758669901528,4.628707037856035,0.48246509994203435,0.6591717191393459
125,3,420,4110.000000000002,4554.876579252881,0.15612958470101326,4.47752795066183,0.7747441433015774,1.1082424767038634
125,0,124,1150.0001906837483,4554.876579252881,0.13757670900528043,1.9040524238105414,1.0375344342788777,3.9607615860869703
126,0,620,6110.000000000002,5011.6269707669735,0.13757670900528043,1.6006264757921056,0.18062274584942956,0.8202335467703719
126,4,630,6210.000000000002,5011.6269707669735,0.1584130155558727,5.345009461422688,0.6833236896348729,0.8070252770961308
126,2,700,6910.000000000002,5011.6269707669735,0.156272299129442,5.497962446487897,0.6231383230122279,0.7252716310806038
126,6,176,1670.0000007960207,5011.6269707669735,0.09604681033252462,0.9219354636482293,0.26573314912829066,3.000974232561758
126,1,124,1150.0001906837483,5011.6269707669735,0.1374339945768517,1.410712869880514,0.8449161734070966,4.357935773721257
126,5,700,6910.000000000002,5011.6269707669735,0.15812758669901528,5.478948330171718,0.6283556696973358,0.7252716310806038
126,3,455,4460.000000000002,5011.6269707669735,0.15612958470101326,5.105527575246634,0.895714716658549,1.1236831773020115
127,0,310,3010.0000000000014,4140.706353643525,0.13757670900528043,0.9242028203963613,0.17491221644105964,1.3756499513765859
127,3,35,262.252839954494,4140.706353643525,0.15612958470101326,1.0155801089929726,2.503534748042573,15.788985752688204
127,4,630,6210.000000000002,4140.706353643525,0.1584130155558727,5.040393391345342,0.5324000987246293,0.6667804112147382
127,1,93,840.0049979958054,4140.706353643525,0.1374339945768517,0.5008575757829842,0.3393133753699433,4.929382995961891
127,6,440,4310.000000000002,4140.706353643525,0.09604681033252462,2.4547251480419328,0.22650770573160692,0.9607207317038338
127,5,700,6910.000000000002,4140.706353643525,0.15812758669901528,5.177010139102355,0.4905497331622427,0.5992339151437807
127,2,700,6910.000000000002,4140.706353643525,0.156272299129442,4.796600963647345,0.44917127764201065,0.5992339151437807
128,1,527,5180.000000000002,4063.0820817663976,0.1374339945768517,4.3442969305144965,0.46831655164044705,0.784378780263783
128,2,700,6910.000000000002,4063.0820817663976,0.156272299129442,3.262863738786079,0.29981854192068413,0.5880003012686537
128,3,315,3060.0000000000014,4063.0820817663976,0.15612958470101326,2.402893947799885,0.49814293764114265,1.3278046018844432
128,4,700,6910.000000000002,4063.0820817663976,0.1584130155558727,5.409294632912933,0.503859030957917,0.5880003012686537
128,6,440,4310.000000000002,4063.0820817663976,0.09604681033252462,4.525942860265191,0.4097984762637461,0.9427104598065884
128,5,35,262.252839954494,4063.0820817663976,0.15812758669901528,1.5401468541923202,3.773159568573281,15.492995547622751
128,0,186,1770.0000002775555,4063.0820817663976,0.13757670900528043,3.164669359864165,0.9994373793669958,2.295526599508057
129,0,620,6110.000000000002,4552.9842314032785,0.13757670900528043,5.40882797885258,0.5545018785786919,0.7451692686421075
129,5,700,6910.000000000002,4552.9842314032785,0.15812758669901528,2.3622915294817344,0.246126986529045,0.6588978627211689
129,6,88,790.008464149783,4552.9842314032785,0.09604681033252462,1.638696893393897,0.9070808095030991,5.76320943131066
129,3,700,6910.000000000002,4552.9842314032785,0.15612958470101326,3.8554715422187424,0.39662565764115015,0.6588978627211689
129,4,490,4810.000000000001,4552.9842314032785,0.1584130155558727,1.9637657707281544,0.29446359975062714,0.9465663682751096
129,1,93,840.0049979958054,4552.9842314032785,0.1374339945768517,2.1564562407645167,1.6063829854204403,5.420187073013123
129,2,385,3760.0000000000014,4552.9842314032785,0.156272299129442,3.24879927686151,0.6147707310549094,1.2109000615434247
130,0,620,6110.000000000002,4563.674282480439,0.13757670900528043,5.750123535527331,0.5908748727953224,0.7469188678364055
130,4,700,6910.000000000002,4563.674282480439,0.1584130155558727,2.604648540086385,0.2725063232941262,0.6604449033980373
130,6,88,790.008464149783,4563.674282480439,0.09604681033252462,0.3132866491125483,0.17382319585018702,5.776740996556185
130,3,175,1660.0000008844675,4563.674282480439,0.15612958470101326,4.458669656405546,1.913802216835185,2.7492013735234093
130,1,620,6110.000000000002,4563.674282480439,0.1374339945768517,5.7779609724965955,0.5931195018502682,0.7469188678364055
130,5,280,2710.0000000000146,4563.674282480439,0.15812758669901528,2.2711974166367352,0.6047945626719645,1.6840126503617765
130,2,665,6560.000000000001,4563.674282480439,0.156272299129442,5.259522016456932,0.5717933237121188,0.6956820552561643
131,6,440,4310.000000000002,4304.382280225992,0.09604681033252462,0.6858944978094897,0.06579211237639149,0.9986965847392089
131,0,620,6110.000000000002,4304.382280225992,0.13757670900528043,5.127721013860497,0.49698002014547166,0.7044815515918151
131,2,700,6910.000000000002,4304.382280225992,0.156272299129442,4.75454687118424,0.46283257979560566,0.6229207351991304
131,4,210,2010.0000000221403,4304.382280225992,0.1584130155558727,2.952356759388049,1.001554241995507,2.14148372148188
131,5,490,4810.000000000001,4304.382280225992,0.15812758669901528,3.0800800334789398,0.43584834663125305,0.8948819709409545
131,1,31,223.43368382029254,4304.382280225992,0.1374339945768517,0.7755006609535999,2.0532343954264567,19.26469727674544
131,3,560,5510.000000000002,4304.382280225992,0.15612958470101326,4.635494607874434,0.5653801031775669,0.7811946062116135
132,2,700,6910.000000000002,4150.828114097976,0.156272299129442,4.160328726644361,0.39054074599118277,0.6006987140518054
132,1,620,6110.000000000002,4150.828114097976,0.1374339945768517,3.6956361058850318,0.34504593112324133,0.6793499368409124
132,3,350,3410.000000000001,4150.828114097976,0.15612958470101326,3.4438417691131336,0.6544986637953262,1.2172516463630425
132,4,70,610.0563920873398,4150.828114097976,0.1584130155558727,1.4892434408616453,1.605171074016658,6.804007249060536
132,6,286,2770.000000000008,4150.828114097976,0.09604681033252462,2.872243527522642,0.4133892575305173,1.498493904006485
132,5,700,6910.000000000002,4150.828114097976,0.15812758669901528,3.7890716101974204,0.3599126889703068,0.6006987140518054
132,0,186,1770.0000002775555,4150.828114097976,0.13757670900528043,2.0341511790458853,0.6562806904596388,2.345100629066147
133,0,620,6110.000000000002,5377.862145745959,0.13757670900528043,4.17428559599273,0.5054701698232075,0.8801738372742975
133,3,385,3760.0000000000014,5377.862145745959,0.15612958470101326,4.225717673946008,0.9436425226123549,1.4302824855707335
133,5,630,6210.000000000002,5377.862145745959,0.15812758669901528,4.791416899067788,0.6561296573017602,0.86600034553075
133,6,132,1230.0000820831015,5377.862145745959,0.09604681033252462,3.8826625761198135,1.6304861777807511,4.372245355169513
133,2,595,5860.000000000002,5377.862145745959,0.156272299129442,4.71126065029825,0.6756646276548824,0.9177239156563067
133,4,700,6910.000000000002,5377.862145745959,0.1584130155558727,4.919240891821286,0.6064857059315241,0.7782723799921791
133,1,620,6110.000000000002,5377.862145745959,0.1374339945768517,4.159675186564684,0.5031784632160274,0.8801738372742975
134,2,700,6910.000000000002,5060.002854288571,0.156272299129442,3.3694272517588253,0.3855767161261934,0.7322724825309074
134,1,341,3320.0000000000014,5060.002854288571,0.1374339945768517,2.60080450349927,0.5447717221393156,1.5240972452676413
134,5,700,6910.000000000002,5060.002854288571,0.15812758669901528,4.043077597518382,0.46815798374412293,0.7322724825309074
134,3,700,6910.000000000002,5060.002854288571,0.15612958470101326,3.362312707933293,0.3844111897545,0.7322724825309074
134,6,308,2990.000000000002,5060.002854288571,0.09604681033252462,2.380716228064744,0.3869636336874362,1.6923086469192534
134,4,420,4110.000000000002,5060.002854288571,0.1584130155558727,3.407275788843191,0.6645185190462412,1.2311442467855398
134,0,310,3010.0000000000014,5060.002854288571,0.13757670900528043,2.4919735122863966,0.5763318283008578,1.6810640711922156
135,0,403,3940.000000000001,4163.981952942819,0.13757670900528043,4.029318337627777,0.5858536141988558,1.0568482114068065
135,1,341,3320.0000000000014,4163.981952942819,0.1374339945768517,3.9473323558603925,0.680406758751719,1.2542114316092823
135,6,440,4310.000000000002,4163.981952942819,0.09604681033252462,0.49288735384049115,0.045736422447615104,0.9661211027709552
135,3,105,960.0014115816389,4163.981952942819,0.15612958470101326,3.430526731489228,2.32318063663219,4.337474823169791
135,2,700,6910.000000000002,4163.981952942819,0.156272299129442,4.143205371143674,0.3901658496577212,0.6026023086747927
135,5,700,6910.000000000002,4163.981952942819,0.15812758669901528,4.612787280237974,0.4395434995094634,0.6026023086747927
135,4,280,2710.0000000000146,4163.981952942819,0.1584130155558727,3.9189166087269784,0.9538859041616204,1.5365247058829508
136,6,220,2110.0000000077202,4354.222371198857,0.09604681033252462,0.7504235956618913,0.1487365067598362,2.06361249819096
136,1,62,530.1310020508638,4354.222371198857,0.1374339945768517,1.6013172154695863,1.807585898519861,8.213483750910852
136,5,350,3410.000000000001,4354.222371198857,0.15812758669901528,3.4944787074703294,0.7055800085557455,1.2768980560700458
136,4,700,6910.000000000002,4354.222371198857,0.1584130155558727,4.298886054349197,0.4291205893606307,0.6301334835309488
136,0,217,2080.00000001059,4354.222371198857,0.13757670900528043,3.43033873983451,0.9879368711755429,2.0933761399887922
136,2,700,6910.000000000002,4354.222371198857,0.156272299129442,3.245564855775594,0.31959858741430974,0.6301334835309488
136,3,700,6910.000000000002,4354.222371198857,0.15612958470101326,3.226901132467263,0.31747053319010227,0.6301334835309488
137,2,315,3060.0000000000014,4575.827030112749,0.156272299129442,2.9812869571602527,0.6966809810260062,1.4953683104943616
137,3,385,3760.0000000000014,4575.827030112749,0.15612958470101326,3.2175791285210957,0.6113588383238308,1.2169752739661561
137,1,620,6110.000000000002,4575.827030112749,0.1374339945768517,3.8797346280235954,0.39932323419142285,0.7489078609022499
137,0,620,6110.000000000002,4575.827030112749,0.13757670900528043,3.8747911937605233,0.3992285667653824,0.7489078609022499
137,4,280,2710.0000000000146,4575.827030112749,0.1584130155558727,3.268944639697851,0.8743770209190594,1.688497059082186
137,5,700,6910.000000000002,4575.827030112749,0.15812758669901528,4.504056186878818,0.4716317072618067,0.6622036223028578
137,6,330,3210.000000000001,4575.827030112749,0.09604681033252462,3.892885851410649,0.5329901500640464,1.425491286639485
138,1,155,1460.0000072749747,4985.917996140137,0.1374339945768517,2.6486897549798787,1.2431328265962367,3.415012309106855
138,4,560,5510.000000000002,4985.917996140137,0.1584130155558727,4.388337323403511,0.6290488857167984,0.9048852987550154
138,2,700,6910.000000000002,4985.917996140137,0.156272299129442,4.820274215996376,0.5435266345408559,0.721551084824911
138,0,465,4560.000000000002,4985.917996140137,0.13757670900528043,3.7517001503090586,0.5643562327681051,1.093403069328977
138,3,700,6910.000000000002,4985.917996140137,0.15612958470101326,4.825111509572614,0.5435752107723437,0.721551084824911
138,5,700,6910.000000000002,4985.917996140137,0.15812758669901528,4.672335122475195,0.5331000359250124,0.721551084824911
138,6,44,350.8727963568088,4985.917996140137,0.09604681033252462,2.319795955808116,3.1661258016991414,14.210044346298845
139,5,245,2360.000000000555,3726.26012625488,0.15812758669901528,3.9436702263622396,0.9846216952582707,1.5789237823110187
139,0,620,6110.000000000002,3726.26012625488,0.13757670900528043,3.870418494580424,0.3247392637378191,0.6098625411219114
139,4,700,6910.000000000002,3726.26012625488,0.1584130155558727,4.354137660572028,0.37195306242617865,0.5392561687778407
139,2,35,262.252839954494,3726.26012625488,0.156272299129442,1.3265369587809757,2.94546811252728,14.208655002178277
139,1,186,1770.0000002775555,3726.26012625488,0.1374339945768517,3.3629826334652506,0.9730131217498551,2.1052317094183963
139,3,700,6910.000000000002,3726.26012625488,0.15612958470101326,4.855007529412849,0.4087617352804944,0.5392561687778407
139,6,66,570.0859504455718,3726.26012625488,0.09604681033252462,0.08367568574479928,0.052530926192273786,6.536312854829141
140,6,88,790.008464149783,4970.418966368104,0.09604681033252462,0.09049858449254057,0.05468723760245398,6.2916021687404715
140,5,700,6910.000000000002,4970.418966368104,0.15812758669901528,4.752027216282407,0.5405072362947019,0.719308099329682
140,3,700,6910.000000000002,4970.418966368104,0.15612958470101326,4.432397272496557,0.49778159380099896,0.719308099329682
140,0,434,4250.000000000002,4970.418966368104,0.13757670900528043,4.426659095379891,0.71223787015037,1.1695103450277886
140,4,665,6560.000000000001,4970.418966368104,0.1584130155558727,4.7433474659471155,0.5693311669120853,0.7576858180439181
140,2,175,1660.0000008844675,4970.418966368104,0.156272299129442,4.0818183733361835,1.909943796046695,2.9942282913974734
140,1,620,6110.000000000002,4970.418966368104,0.1374339945768517,4.694210058030074,0.5248177038878888,0.8134891925316042
141,0,248,2390.0000000004047,4172.156500659766,0.13757670900528043,3.5421852710816437,0.8507047918185758,1.7456721760079745
141,4,700,6910.000000000002,4172.156500659766,0.1584130155558727,4.564865340474607,0.4366177380906527,0.6037853112387503
141,1,217,2080.00000001059,4172.156500659766,0.1374339945768517,3.3591913949976178,0.9260323840687988,2.005844471460829
141,5,140,1310.0000353340838,4172.156500659766,0.15812758669901528,3.167674731474765,1.595282152743844,3.1848522046762833
141,2,700,6910.000000000002,4172.156500659766,0.156272299129442,2.2672418518045623,0.21392542075412377,0.6037853112387503
141,6,110,1010.0008335248422,4172.156500659766,0.09604681033252462,1.3371474893890505,0.5305192152542633,4.13084461138432
141,3,700,6910.000000000002,4172.156500659766,0.15612958470101326,2.2674661642850116,0.21375120073018697,0.6037853112387503
142,1,620,6110.000000000002,4658.772125870936,0.1374339945768517,5.057504750576214,0.5299815209009336,0.762483162990333
142,3,525,5160.000000000001,4658.772125870936,0.15612958470101326,3.507263554387554,0.49439648401649705,0.9028628150912665
142,4,700,6910.000000000002,4658.772125870936,0.1584130155558727,4.430974232384774,0.4732422458905177,0.6742072541057793
142,6,418,4090.0000000000014,4658.772125870936,0.09604681033252462,4.63527215390432,0.5071148698814588,1.1390640894549962
142,2,700,6910.000000000002,4658.772125870936,0.156272299129442,3.8164371503686603,0.402099504027542,0.6742072541057793
142,0,62,530.1310020508638,4658.772125870936,0.13757670900528043,2.073243570752108,2.5065911937117784,8.787963933156181
142,5,245,2360.000000000555,4658.772125870936,0.15812758669901528,3.307480366910236,1.0324389565015653,1.9740559855380682
143,6,440,4310.000000000002,4739.920300511189,0.09604681033252462,2.982219933119284,0.3150042291637482,1.0997494896777698
143,3,455,4460.000000000002,4739.920300511189,0.15612958470101326,4.527831793854354,0.7512970261534531,1.062762399217755
143,0,620,6110.000000000002,4739.920300511189,0.13757670900528043,3.143976281699256,0.3355474992597235,0.7757643699690979
143,1,620,6110.000000000002,4739.920300511189,0.1374339945768517,3.1477542214614203,0.3356022112635496,0.7757643699690979
143,5,665,6560.000000000001,4739.920300511189,0.15812758669901528,3.119989822728092,0.3564741319816074,0.7225488262974373
143,2,105,960.0014115816389,4739.920300511189,0.156272299129442,2.8168634975707714,2.173436575888035,4.937409719744047
143,4,490,4810.000000000001,4739.920300511189,0.1584130155558727,2.7147078394666133,0.4237794776073817,0.985430415906692
144,1,620,6110.000000000002,4511.6255275014655,0.1374339945768517,2.96939876514626,0.301338434891484,0.7384002500002397
144,6,308,2990.000000000002,4511.6255275014655,0.09604681033252462,0.8914782366282592,0.1291979280886367,1.5089048586961413
144,4,350,3410.000000000001,4511.6255275014655,0.1584130155558727,3.2467157615576148,0.6804775425047097,1.3230573394432448
144,3,700,6910.000000000002,4511.6255275014655,0.15612958470101326,4.779583158738738,0.48722574081740583,0.6529125220696764
144,2,420,4110.000000000002,4511.6255275014655,0.156272299129442,4.29330323218612,0.7364864965865142,1.0977191064480447
144,5,700,6910.000000000002,4511.6255275014655,0.15812758669901528,3.988447907213416,0.41178124748457196,0.6529125220696764
144,0,31,223.43368382029254,4511.6255275014655,0.13757670900528043,0.7329311155832136,2.0360689230928823,20.192235344112934
145,0,279,2700.0000000000164,5420.184101612676,0.13757670900528043,1.8457372820992914,0.5097592027437924,2.007475593189868
145,2,700,6910.000000000002,5420.184101612676,0.156272299129442,4.1504935984713525,0.5087656019982946,0.784397120349157
145,1,620,6110.000000000002,5420.184101612676,0.1374339945768517,2.385404430558605,0.2908231800260593,0.8871005076289157
145,4,595,5860.000000000002,5420.184101612676,0.1584130155558727,4.354132257206833,0.6379826966033195,0.9249460924253711
145,3,560,5510.000000000002,5420.184101612676,0.15612958470101326,3.867835752704312,0.5940399695916208,0.983699473976892
145,5,595,5860.000000000002,5420.184101612676,0.15812758669901528,4.344235160236862,0.6353856338418861,0.9249460924253711
145,6,440,4310.000000000002,5420.184101612676,0.09604681033252462,1.6930460188683274,0.2044977233651122,1.2575833182395995
146,4,175,1660.0000008844675,4854.583987581243,0.1584130155558727,3.1208447187439354,1.4457957789464517,2.924448183731725
146,6,440,4310.000000000002,4854.583987581243,0.09604681033252462,2.6945492457434113,0.29150353172505,1.1263535934063202
146,3,560,5510.000000000002,4854.583987581243,0.15612958470101326,3.0931501675053394,0.4254873272474242,0.8810497255138369
146,0,620,6110.000000000002,4854.583987581243,0.13757670900528043,2.7883693244172707,0.30479372493587237,0.7945309308643602
146,1,310,3010.0000000000014,4854.583987581243,0.1374339945768517,2.062557778484354,0.4571785189746324,1.612818600525329
146,2,630,6210.000000000002,4854.583987581243,0.156272299129442,3.270077557348964,0.39948499699335144,0.7817365519454494
146,5,700,6910.000000000002,4854.583987581243,0.15812758669901528,4.758937629566269,0.5286784737929919,0.702544716003074
147,1,620,6110.000000000002,4901.108891108893,0.1374339945768517,3.8838956876324993,0.4281686526329341,0.8021454813598841
147,6,440,4310.000000000002,4901.108891108893,0.09604681033252462,3.1714977608283093,0.3463892753921137,1.1371482345960304
147,4,560,5510.000000000002,4901.108891108893,0.1584130155558727,3.49538119090383,0.4925248631103001,0.8894934466622307
147,5,420,4110.000000000002,4901.108891108893,0.15812758669901528,3.1409222690808583,0.5922667628400695,1.1924839151116522
147,3,350,3410.000000000001,4901.108891108893,0.15612958470101326,2.543151700364921,0.5706862961356343,1.4372753346360385
147,0,620,6110.000000000002,4901.108891108893,0.13757670900528043,3.8952148060436906,0.42986241090233723,0.8021454813598841
147,2,490,4810.000000000001,4901.108891108893,0.156272299129442,2.9323389269304574,0.46692318857985826,1.018941557403096
148,6,374,3650.000000000001,4279.206535014916,0.09604681033252462,2.5664091204039714,0.2889876080608321,1.1723853520588807
148,3,700,6910.000000000002,4279.206535014916,0.15612958470101326,3.569361965761681,0.3451127440348539,0.6192773567315362
148,0,124,1150.0001906837483,4279.206535014916,0.13757670900528043,2.3647275005600097,1.210574033542995,3.7210485438882017
148,1,155,1460.0000072749747,4279.206535014916,0.1374339945768517,2.7815164802298726,1.1204337886044198,2.9309633655426244
148,2,700,6910.000000000002,4279.206535014916,0.156272299129442,3.570316025810298,0.34552053359786616,0.6192773567315362
148,5,700,6910.000000000002,4279.206535014916,0.15812758669901528,2.660570791025173,0.2605359528363675,0.6192773567315362
148,4,210,2010.0000000221403,4279.206535014916,0.1584130155558727,1.5967729422494963,0.5385192307593252,2.1289584751083486
149,4,140,1310.0000353340838,4633.97857626241,0.1584130155558727,1.6923686652629872,0.9483497874366361,3.537388130742016
149,2,560,5510.000000000002,4633.97857626241,0.156272299129442,4.057865570191459,0.5333128893091345,0.8410124457826512
149,6,66,570.0859504455718,4633.97857626241,0.09604681033252462,0.663211092065588,0.5177837438252962,8.128561268069406
149,5,700,6910.000000000002,4633.97857626241,0.15812758669901528,2.614544953439661,0.2772552193188895,0.6706191861450663
149,1,620,6110.000000000002,4633.97857626241,0.1374339945768517,4.247721544324264,0.44275453704249484,0.7584252988972845
149,3,700,6910.000000000002,4633.97857626241,0.15612958470101326,4.251545445603328,0.44515166741382306,0.6706191861450663
149,0,372,3630.000000000001,4633.97857626241,0.13757670900528043,3.6111015078866493,0.634208428776356,1.2765781201824817
150,4,700,6910.000000000002,4386.991585446918,0.1584130155558727,3.0918728248974285,0.31095764424468814,0.6348757721341414
150,3,700,6910.000000000002,4386.991585446918,0.15612958470101326,4.786256676054446,0.47442759707569965,0.6348757721341414
150,2,140,1310.0000353340838,4386.991585446918,0.156272299129442,3.5278405152743346,1.8462327019175133,3.348848448182005
150,1,620,6110.000000000002,4386.991585446918,0.1374339945768517,3.5252556844838843,0.34786471757089443,0.7180018961451582
150,0,310,3010.0000000000014,4386.991585446918,0.13757670900528043,2.8619461646294533,0.5738609623651694,1.4574722875238924
150,6,176,1670.0000007960207,4386.991585446918,0.09604681033252462,0.9323117117745131,0.2352309251699953,2.626941067877736
150,5,385,3760.0000000000014,4386.991585446918,0.15812758669901528,2.656443720006435,0.4901028394684624,1.1667530812358822
