round,cid,tau,a_i,a_eff,p_i,raw_update_norm,contribution_norm,amp_vs_fedavg
1,2,315,3060.0000000000014,4347.874675562002,0.156272299129442,2.9080154367124895,0.6457052241596423,1.420874076981046
1,3,385,3760.0000000000014,4347.874675562002,0.15612958470101326,2.9919472898480612,0.5401673313862635,1.1563496477558513
1,4,700,6910.000000000002,4347.874675562002,0.1584130155558727,4.22183477396107,0.42081485669395147,0.6292148589814763
1,1,620,6110.000000000002,4347.874675562002,0.1374339945768517,3.737287277630592,0.3654992239803878,0.71159978323437
1,0,155,1460.0000072749747,4347.874675562002,0.13757670900528043,2.250259007937998,0.921937721527587,2.977996338285722
1,5,700,6910.000000000002,4347.874675562002,0.15812758669901528,4.174871302817584,0.41538394353354385,0.6292148589814763
1,6,66,570.0859504455718,4347.874675562002,0.09604681033252462,2.019141510759842,1.4790620136862789,7.62670027592113
2,1,620,6110.000000000002,4941.041841561914,0.1374339945768517,3.8984053207490534,0.43326986327669714,0.8086811524651248
2,3,700,6910.000000000002,4941.041841561914,0.15612958470101326,4.426367034072327,0.4941662845172002,0.7150567064489021
2,2,525,5160.000000000001,4941.041841561914,0.156272299129442,4.088732531160508,0.6118423485259,0.9575662483647119
2,5,490,4810.000000000001,4941.041841561914,0.15812758669901528,5.316562754403503,0.8635988246164135,1.0272436261043478
2,0,124,1150.0001906837483,4941.041841561914,0.13757670900528043,3.9481223771660523,2.3337597284698255,4.296557410676733
2,4,700,6910.000000000002,4941.041841561914,0.1584130155558727,4.85835982123016,0.5503272552431699,0.7150567064489021
2,6,220,2110.0000000077202,4941.041841561914,0.09604681033252462,3.075179070575128e-06,6.916548605221063e-07,2.3417259912530026
3,0,279,2700.0000000000164,3849.991766985227,0.13757670900528043,0.9782450033916098,0.19190601682035607,1.4259228766611867
3,1,620,6110.000000000002,3849.991766985227,0.1374339945768517,1.2567685415982524,0.10883486964864471,0.6301132188191859
3,4,700,6910.000000000002,3849.991766985227,0.1584130155558727,2.2795903061073948,0.20120066703567693,0.5571623396505392
3,5,700,6910.000000000002,3849.991766985227,0.15812758669901528,2.148345346630125,0.18927510327301475,0.5571623396505392
3,3,175,1660.0000008844675,3849.991766985227,0.15612958470101326,1.9900114002542713,0.7205970525511725,2.319272147550546
3,2,70,610.0563920873398,3849.991766985227,0.156272299129442,1.8111768884441897,1.7862107066883546,6.310878497334123
3,6,110,1010.0008335248422,3849.991766985227,0.09604681033252462,0.3923171999656226,0.14363436680923086,3.811869890789087
4,2,700,6910.000000000002,5487.4225774301085,0.156272299129442,0.890784295140784,0.1105464783054323,0.7941277246642702
4,6,198,1890.0000000783903,5487.4225774301085,0.09604681033252462,0.6814816558468222,0.19003942963428677,2.903398188996037
4,0,465,4560.000000000002,5487.4225774301085,0.13757670900528043,2.807021777090561,0.46472310104202547,1.2033821441732688
4,1,372,3630.000000000001,5487.4225774301085,0.1374339945768517,3.278624549179686,0.6811576473209616,1.5116866604490653
4,4,595,5860.000000000002,5487.4225774301085,0.1584130155558727,2.916702458221553,0.432667006377066,0.9364202350563322
4,5,700,6910.000000000002,5487.4225774301085,0.15812758669901528,2.9470192897603833,0.37006752864506814,0.7941277246642702
4,3,700,6910.000000000002,5487.4225774301085,0.15612958470101326,0.8209564804889218,0.10178779310369143,0.7941277246642702
5,6,440,4310.000000000002,4111.1976208792685,0.09604681033252462,0.7642789630328175,0.07002061737017648,0.953874157976628
5,3,350,3410.000000000001,4111.1976208792685,0.15612958470101326,1.6570728103193562,0.3119182389532157,1.20562980084436
5,0,124,1150.0001906837483,4111.1976208792685,0.13757670900528043,1.5117465323422037,0.7435228819384637,3.5749538601684057
5,1,496,4870.000000000001,4111.1976208792685,0.1374339945768517,2.23143654553427,0.25889168567745635,0.8441884231784944
5,4,700,6910.000000000002,4111.1976208792685,0.1584130155558727,2.223608431194333,0.20957500217837727,0.5949634762488086
5,2,105,960.0014115816389,4111.1976208792685,0.156272299129442,1.3082452056874059,0.8755231527728151,4.282491224784674
5,5,700,6910.000000000002,4111.1976208792685,0.15812758669901528,2.2299837641752798,0.20979718177277545,0.5949634762488086
6,0,558,5490.000000000002,4372.341949288668,0.13757670900528043,1.577670302432167,0.17286335677941994,0.7964192985953855
6,4,350,3410.000000000001,4372.341949288668,0.1584130155558727,3.3890471116772627,0.6883799429936347,1.2822117153339199
6,2,700,6910.000000000002,4372.341949288668,0.156272299129442,2.1411485104083385,0.2117214526145402,0.6327557090142788
6,1,217,2080.00000001059,4372.341949288668,0.1374339945768517,0.8335723209009088,0.2408176086993208,2.1020874756088492
6,6,440,4310.000000000002,4372.341949288668,0.09604681033252462,1.1361226877150206,0.1106993392743993,1.014464489394122
6,3,140,1310.0000353340838,4372.341949288668,0.15612958470101326,1.2923231485500053,0.6734403597346157,3.337665520118561
6,5,700,6910.000000000002,4372.341949288668,0.15812758669901528,4.158964036877024,0.41612985979938083,0.6327557090142788
7,4,490,4810.000000000001,4872.085057799345,0.1584130155558727,3.3129609442595864,0.5315901959666687,1.0129074964239801
7,3,700,6910.000000000002,4872.085057799345,0.15612958470101326,1.761323398386253,0.19389255044904746,0.7050774323877488
7,2,700,6910.000000000002,4872.085057799345,0.156272299129442,1.7744976843831206,0.1955213795969356,0.7050774323877488
7,5,350,3410.000000000001,4872.085057799345,0.15812758669901528,2.93336914530814,0.662727275736701,1.4287639465687225
7,6,440,4310.000000000002,4872.085057799345,0.09604681033252462,1.132383731309815,0.12294593089268939,1.130414166542771
7,1,403,3940.000000000001,4872.085057799345,0.1374339945768517,2.792796499029932,0.47462662917138426,1.236569811624199
7,0,341,3320.0000000000014,4872.085057799345,0.13757670900528043,2.6333568719113702,0.5316568489798872,1.4674954993371516
8,1,248,2390.0000000004047,4773.320964749649,0.1374339945768517,2.2884722240441895,0.6281488257013362,1.9972054245811048
8,3,700,6910.000000000002,4773.320964749649,0.15612958470101326,4.668692622071447,0.5035273636384449,0.6907845100940155
8,4,700,6910.000000000002,4773.320964749649,0.1584130155558727,2.993664703936849,0.32759450528659717,0.6907845100940155
8,2,315,3060.0000000000014,4773.320964749649,0.156272299129442,3.6563910880271226,0.8913204171274561,1.5599088120096885
8,0,248,2390.0000000004047,4773.320964749649,0.13757670900528043,2.3012084490842586,0.632300628184565,1.9972054245811048
8,6,396,3870.0000000000014,4773.320964749649,0.09604681033252462,2.5869257007879978,0.30646196022012495,1.233416269961149
8,5,700,6910.000000000002,4773.320964749649,0.15812758669901528,2.9796836712342785,0.32547706752906086,0.6907845100940155
9,0,620,6110.000000000002,4592.035107752851,0.13757670900528043,3.0134826724373815,0.3115857621969705,0.7515605741003027
9,6,440,4310.000000000002,4592.035107752851,0.09604681033252462,1.3819060685436697,0.14141302104373926,1.0654373799890602
9,5,315,3060.0000000000014,4592.035107752851,0.15812758669901528,1.8079472554884541,0.429019638407651,1.500665067893088
9,4,700,6910.000000000002,4592.035107752851,0.1584130155558727,2.271542960842116,0.2391327006196408,0.6645492196458538
9,1,434,4250.000000000002,4592.035107752851,0.1374339945768517,2.64577075427609,0.3928824694514086,1.0804788488830233
9,2,560,5510.000000000002,4592.035107752851,0.156272299129442,4.126663217623731,0.5374457458189869,0.8334002010440743
9,3,210,2010.0000000221403,4592.035107752851,0.15612958470101326,3.117189638734209,1.1118791101383312,2.2845945809464028
10,5,490,4810.000000000001,4575.984016122109,0.15812758669901528,2.385803462956024,0.3589068357066711,0.9513480282998146
10,6,440,4310.000000000002,4575.984016122109,0.09604681033252462,1.1497589114261186,0.11724570967404337,1.0617132287986328
10,0,620,6110.000000000002,4575.984016122109,0.13757670900528043,3.3301183262857093,0.34312145129817756,0.748933554193471
10,1,620,6110.000000000002,4575.984016122109,0.1374339945768517,3.3182534362988987,0.3415442757515109,0.748933554193471
10,2,315,3060.0000000000014,4575.984016122109,0.156272299129442,2.503333977952065,0.5850107789402849,1.4954196131117996
10,4,630,6210.000000000002,4575.984016122109,0.1584130155558727,2.467265001587432,0.2880046887547637,0.7368734325478434
10,3,175,1660.0000008844675,4575.984016122109,0.15612958470101326,2.0869041059188778,0.8981815061438725,2.7566168757132354
11,6,88,790.008464149783,4898.891152173973,0.09604681033252462,1.2062249133556888,0.7184181348022902,6.201061601847799
11,3,35,262.252839954494,4898.891152173973,0.15612958470101326,0.29272299876865293,0.8537282258021895,18.68003089317937
11,1,620,6110.000000000002,4898.891152173973,0.1374339945768517,3.053105122296585,0.33642828932759,0.8017825126307645
11,4,700,6910.000000000002,4898.891152173973,0.1584130155558727,4.066847965682835,0.45673946733678966,0.7089567513999959
11,0,620,6110.000000000002,4898.891152173973,0.13757670900528043,3.0188037428878,0.3329939752116047,0.8017825126307645
11,5,630,6210.000000000002,4898.891152173973,0.15812758669901528,3.9069563290021305,0.48736281435663786,0.7888713610586106
11,2,665,6560.000000000001,4898.891152173973,0.156272299129442,2.1842182137171604,0.25490125669948255,0.7467821878313982
12,4,35,262.252839954494,3912.3671954607976,0.1584130155558727,1.1379293188444408,2.6892152003005845,14.918302490602848
12,1,186,1770.0000002775555,3912.3671954607976,0.1374339945768517,2.3355696740609853,0.7095015352392209,2.21037694624141
12,3,700,6910.000000000002,3912.3671954607976,0.15612958470101326,1.7511872787848906,0.15480299528697755,0.5661891744516349
12,6,440,4310.000000000002,3912.3671954607976,0.09604681033252462,2.3381621716254504,0.20385431810980242,0.9077418086915999
12,2,700,6910.000000000002,3912.3671954607976,0.156272299129442,1.6737382373880119,0.1480918303993098,0.5661891744516349
12,5,630,6210.000000000002,3912.3671954607976,0.15812758669901528,4.339011770834397,0.43226142393900735,0.630010820525088
12,0,62,530.1310020508638,3912.3671954607976,0.13757670900528043,1.6072969222778442,1.6319146296769222,7.3800007551443345
13,4,385,3760.0000000000014,5581.321536383627,0.1584130155558727,5.532502778769597,1.300953278077029,1.4843940256339427
13,6,154,1450.0000080833054,5581.321536383627,0.09604681033252462,6.511884594123916,2.4074577822508805,3.8491872450134283
13,5,700,6910.000000000002,5581.321536383627,0.15812758669901528,5.7241509010473335,0.7311015630077994,0.8077165754534914
13,1,589,5800.000000000002,5581.321536383627,0.1374339945768517,6.487097530496527,0.8579335393873315,0.9622968166178665
13,2,700,6910.000000000002,5581.321536383627,0.156272299129442,7.462565700621489,0.9419528504244226,0.8077165754534914
13,3,700,6910.000000000002,5581.321536383627,0.15612958470101326,7.515131041290215,0.9477215533292633,0.8077165754534914
13,0,589,5800.000000000002,5581.321536383627,0.13757670900528043,6.338628696356576,0.8391687022181294,0.9622968166178665
14,0,186,1770.0000002775555,5220.034251501009,0.13757670900528043,1.6849085143243885,0.6836303380634182,2.949171893040932
14,4,700,6910.000000000002,5220.034251501009,0.1584130155558727,2.226502229157646,0.26644605892233353,0.7554318743127363
14,2,700,6910.000000000002,5220.034251501009,0.156272299129442,3.927250658798656,0.4636240198443065,0.7554318743127363
14,3,560,5510.000000000002,5220.034251501009,0.15612958470101326,3.6657908316711465,0.5422188842523034,0.9473746372960086
14,5,700,6910.000000000002,5220.034251501009,0.15812758669901528,2.3042425471616994,0.27525241601699096,0.7554318743127363
14,1,341,3320.0000000000014,5220.034251501009,0.1374339945768517,1.9667756585511362,0.42499543311495436,1.5722994733436768
14,6,418,4090.0000000000014,5220.034251501009,0.09604681033252462,1.1717109592838435,0.14363275257874764,1.2762919930320311
15,2,700,6910.000000000002,5623.683459397746,0.156272299129442,4.025750334842574,0.5120020025218204,0.8138470997681252
15,5,525,5160.000000000001,5623.683459397746,0.15812758669901528,2.4048889867429772,0.4144516207327885,1.0898611355421988
15,3,490,4810.000000000001,5623.683459397746,0.15612958470101326,3.7292796571901325,0.6807473318492572,1.1691649603737517
15,1,558,5490.000000000002,5623.683459397746,0.1374339945768517,2.330555898443022,0.3280969677461925,1.02435035690305
15,0,620,6110.000000000002,5623.683459397746,0.13757670900528043,2.415311648694427,0.30584243986090176,0.9204064581665703
15,6,308,2990.000000000002,5623.683459397746,0.09604681033252462,1.2299323048597846,0.22218453894026316,1.8808305884273389
15,4,700,6910.000000000002,5623.683459397746,0.1584130155558727,2.4303687072785967,0.31333279026721017,0.8138470997681252
16,4,70,610.0563920873398,3823.277314041284,0.1584130155558727,1.6435071808132766,1.631654808428704,6.267088360405079
16,0,620,6110.000000000002,3823.277314041284,0.13757670900528043,2.291461037451032,0.19726588409201687,0.6257409679281969
16,6,440,4310.000000000002,3823.277314041284,0.09604681033252462,0.7924600086460252,0.06751788527212592,0.8870713025617825
16,2,700,6910.000000000002,3823.277314041284,0.156272299129442,3.490568220405757,0.3018115700251559,0.5532962827845562
16,5,560,5510.000000000002,3823.277314041284,0.15812758669901528,2.397099122365871,0.2630133765898885,0.6938797303160223
16,3,105,960.0014115816389,3823.277314041284,0.15612958470101326,2.4173975617535497,1.503132318218465,3.9825746794916577
16,1,279,2700.0000000000164,3823.277314041284,0.1374339945768517,1.8497385963301094,0.35997850079031984,1.4160286348300966
17,5,700,6910.000000000002,4012.893509075522,0.15812758669901528,1.6371308920259176,0.15033864581914977,0.5807371214291637
17,6,440,4310.000000000002,4012.893509075522,0.09604681033252462,1.2984810461320204,0.1161178339993173,0.9310657793678702
17,3,210,2010.0000000221403,4012.893509075522,0.15612958470101326,1.424409781904608,0.44399873163071873,1.9964644323538905
17,0,93,840.0049979958054,4012.893509075522,0.13757670900528043,1.8463860703596244,1.2135095439181138,4.777225753001485
17,2,455,4460.000000000002,4012.893509075522,0.156272299129442,1.8702501164445144,0.26296894761636763,0.8997519078644665
17,4,350,3410.000000000001,4012.893509075522,0.1584130155558727,1.4229936961126963,0.2652754704411837,1.176801615564669
17,1,620,6110.000000000002,4012.893509075522,0.1374339945768517,2.7624063341085203,0.249343559807342,0.6567747150696434
18,1,217,2080.00000001059,3655.0429779763667,0.1374339945768517,1.9003990473303454,0.4589529087747199,1.7572322009412296
18,4,700,6910.000000000002,3655.0429779763667,0.1584130155558727,2.9085624865756103,0.2437158084988335,0.5289497797360877
18,5,35,262.252839954494,3655.0429779763667,0.15812758669901528,2.3429202236141426,5.163419756335598,13.937095890403278
18,0,279,2700.0000000000164,3655.0429779763667,0.13757670900528043,2.0698559012444746,0.3854905642127671,1.3537196214727203
18,3,700,6910.000000000002,3655.0429779763667,0.15612958470101326,1.8602393963524073,0.15362733003267537,0.5289497797360877
18,2,245,2360.000000000555,3655.0429779763667,0.156272299129442,1.172905655488036,0.2838739671352642,1.548747024565893
18,6,440,4310.000000000002,3655.0429779763667,0.09604681033252462,1.285768788768047,0.10472757414772522,0.8480378139156299
19,3,420,4110.000000000002,4683.208221127455,0.15612958470101326,3.429131327489232,0.6100577771377129,1.1394667204689666
19,5,700,6910.000000000002,4683.208221127455,0.15812758669901528,1.2197275849164162,0.13071815479463425,0.6777435920589657
19,2,315,3060.0000000000014,4683.208221127455,0.156272299129442,3.376830280967102,0.8076315500479492,1.5304602029828276
19,4,420,4110.000000000002,4683.208221127455,0.1584130155558727,1.0051913384406457,0.18144342891694287,1.1394667204689666
19,1,620,6110.000000000002,4683.208221127455,0.1374339945768517,2.8539845975652436,0.30064089236617936,0.7664825239161135
19,0,620,6110.000000000002,4683.208221127455,0.13757670900528043,2.810178110570056,0.2963336840378455,0.7664825239161135
19,6,154,1450.0000080833054,4683.208221127455,0.09604681033252462,0.9101529858026818,0.2823402583026471,3.22979875518621
20,4,700,6910.000000000002,4723.923220637337,0.1584130155558727,2.4640581117595297,0.26684962086840386,0.6836357772268215
20,6,440,4310.000000000002,4723.923220637337,0.09604681033252462,0.15964448374765497,0.016805925099505906,1.0960378702174791
20,0,279,2700.0000000000164,4723.923220637337,0.13757670900528043,2.8631241693242666,0.6891665113799117,1.7496011928286328
20,1,155,1460.0000072749747,4723.923220637337,0.1374339945768517,2.823119463982696,1.2553747760749427,3.235563833629241
20,2,665,6560.000000000001,4723.923220637337,0.156272299129442,2.717392094407297,0.3057970561170083,0.7201102470483745
20,5,350,3410.000000000001,4723.923220637337,0.15812758669901528,2.180115458452649,0.477568406706122,1.3853147274596294
20,3,700,6910.000000000002,4723.923220637337,0.15612958470101326,2.759255849461043,0.2945112976783309,0.6836357772268215
21,2,280,2710.0000000000146,4202.2234917972455,0.156272299129442,1.6859213369118213,0.4085349010918377,1.5506359748329237
21,4,455,4460.000000000002,4202.2234917972455,0.1584130155558727,3.029457753234829,0.45216823462368105,0.9422025766361534
21,1,217,2080.00000001059,4202.2234917972455,0.1374339945768517,1.2250646809886105,0.3401488446226578,2.0202997556614664
21,5,700,6910.000000000002,4202.2234917972455,0.15812758669901528,3.1061811480391324,0.2987002054838917,0.6081365400574883
21,3,700,6910.000000000002,4202.2234917972455,0.15612958470101326,1.9570182322353458,0.18581517346362803,0.6081365400574883
21,0,155,1460.0000072749747,4202.2234917972455,0.13757670900528043,1.1791649252168173,0.46692352675382304,2.878235254012436
21,6,440,4310.000000000002,4202.2234917972455,0.09604681033252462,0.9398257307037673,0.08801002693063406,0.974993849604929
22,2,700,6910.000000000002,3984.5369019795035,0.156272299129442,2.4436964115745035,0.22020595467016096,0.576633415626556
22,4,700,6910.000000000002,3984.5369019795035,0.1584130155558727,3.782897896843027,0.34555349252142886,0.576633415626556
22,3,175,1660.0000008844675,3984.5369019795035,0.15612958470101326,1.8448430124459658,0.6913761361651689,2.400323433648491
22,6,440,4310.000000000002,3984.5369019795035,0.09604681033252462,1.4678550753445396,0.13033669634432893,0.9244865201808589
22,1,341,3320.0000000000014,3984.5369019795035,0.1374339945768517,1.1520273657009061,0.19001887163390188,1.2001617174637054
22,0,31,223.43368382029254,3984.5369019795035,0.13757670900528043,0.3330538562912328,0.8171251737663421,17.83319700884609
22,5,420,4110.000000000002,3984.5369019795035,0.15812758669901528,3.3538166113521815,0.5141418853599758,0.9694736987784676
23,2,140,1310.0000353340838,4116.910248309375,0.156272299129442,1.4105989411039188,0.6927645356683022,3.1426794940959346
23,6,352,3430.000000000001,4116.910248309375,0.09604681033252462,1.508295230785264,0.17387877972313448,1.2002653785158524
23,1,217,2080.00000001059,4116.910248309375,0.1374339945768517,1.4719334850923385,0.40039663507791895,1.9792837732155837
23,5,700,6910.000000000002,4116.910248309375,0.15812758669901528,3.0934783300096305,0.29143927159942584,0.5957901951243667
23,0,31,223.43368382029254,4116.910248309375,0.13757670900528043,0.6373811931205439,1.6157230268297076,18.425647278951015
23,4,700,6910.000000000002,4116.910248309375,0.1584130155558727,3.1254054136182132,0.29497864283670694,0.5957901951243667
23,3,700,6910.000000000002,4116.910248309375,0.15612958470101326,2.0476010714627098,0.1904688257803013,0.5957901951243667
24,1,620,6110.000000000002,5143.011274579705,0.1374339945768517,1.3722898521732312,0.1587509334480032,0.8417367061505243
24,5,175,1660.0000008844675,5143.011274579705,0.15812758669901528,2.547745494806672,1.2481680838702027,3.098199561349065
24,2,665,6560.000000000001,5143.011274579705,0.156272299129442,3.4835205443135195,0.42678978362501463,0.7839956211249549
24,3,490,4810.000000000001,5143.011274579705,0.15612958470101326,3.44361853168219,0.5748739651666913,1.0692331132182338
24,6,352,3430.000000000001,5143.011274579705,0.09604681033252462,1.9333525466417647,0.27843085298970305,1.4994201966704674
24,0,620,6110.000000000002,5143.011274579705,0.13757670900528043,1.3840963051390878,0.16028301083874738,0.8417367061505243
24,4,700,6910.000000000002,5143.011274579705,0.1584130155558727,3.305075025840747,0.38968313709375496,0.7442852785209412
25,3,385,3760.0000000000014,5003.90535365634,0.15612958470101326,2.8894470119973374,0.6003730385666433,1.330825891929877
25,0,620,6110.000000000002,5003.90535365634,0.13757670900528043,2.334849699027261,0.26307024049654737,0.8189697796491552
25,6,440,4310.000000000002,5003.90535365634,0.09604681033252462,1.1121767831194027,0.12401910362704283,1.1609989219620274
25,5,700,6910.000000000002,5003.90535365634,0.15812758669901528,1.8677265152202118,0.21387103269303276,0.7241541756376756
25,1,93,840.0049979958054,5003.90535365634,0.1374339945768517,1.8045402374542296,1.4773655120039564,5.956994738835265
25,2,630,6210.000000000002,5003.90535365634,0.156272299129442,3.081944601700347,0.38808272945991373,0.8057818604921639
25,4,630,6210.000000000002,5003.90535365634,0.1584130155558727,1.7959947699343133,0.22925214898509666,0.8057818604921639
26,5,700,6910.000000000002,4383.055737511126,0.15812758669901528,2.332054729669135,0.23390813561624266,0.6343061848785998
26,0,434,4250.000000000002,4383.055737511126,0.13757670900528043,2.167878558214221,0.3075869670130572,1.0313072323555585
26,3,700,6910.000000000002,4383.055737511126,0.15612958470101326,2.196772959365512,0.21755512806338986,0.6343061848785998
26,1,155,1460.0000072749747,4383.055737511126,0.1374339945768517,1.6879929209422382,0.6964483696736281,3.002092955939024
26,4,700,6910.000000000002,4383.055737511126,0.1584130155558727,2.3450229003319785,0.23563342480268365,0.6343061848785998
26,6,198,1890.0000000783903,4383.055737511126,0.09604681033252462,1.0098308133494298,0.2249296742670232,2.3190771096980596
26,2,105,960.0014115816389,4383.055737511126,0.156272299129442,1.4726429183323575,1.050714139911538,4.565676346548152
27,2,700,6910.000000000002,4434.2594779496585,0.156272299129442,1.8606942807420161,0.18659503342826228,0.6417162775614554
27,0,155,1460.0000072749747,4434.2594779496585,0.13757670900528043,1.6439321482735276,0.686905588836539,3.0371640108591555
27,6,220,2110.0000000077202,4434.2594779496585,0.09604681033252462,1.4706271925511687,0.29684120535135755,2.1015447762717696
27,4,455,4460.000000000002,4434.2594779496585,0.1584130155558727,3.084597477080622,0.48582024043313593,0.9942285824999231
27,3,700,6910.000000000002,4434.2594779496585,0.15612958470101326,1.8986084135276506,0.1902232779365423,0.6417162775614554
27,5,700,6910.000000000002,4434.2594779496585,0.15812758669901528,3.2802066756337256,0.3328525639235138,0.6417162775614554
27,1,62,530.1310020508638,4434.2594779496585,0.1374339945768517,1.144207594569235,1.3153365738119904,8.36445984255833
28,5,700,6910.000000000002,4591.100328244644,0.15812758669901528,3.4666361691968426,0.36421232882001703,0.6644139404116703
28,0,620,6110.000000000002,4591.100328244644,0.13757670900528043,1.710002123652671,0.17677349127369205,0.7514075823640985
28,2,280,2710.0000000000146,4591.100328244644,0.156272299129442,2.5939685629631257,0.6867429388407834,1.6941329624518888
28,3,700,6910.000000000002,4591.100328244644,0.15612958470101326,2.7966291061803004,0.2901074046741972,0.6644139404116703
28,6,352,3430.000000000001,4591.100328244644,0.09604681033252462,1.7544810607008217,0.225555953421354,1.338513215231674
28,1,217,2080.00000001059,4591.100328244644,0.1374339945768517,0.9680591686659407,0.29366319577543437,2.207259773183302
28,4,350,3410.000000000001,4591.100328244644,0.1584130155558727,3.192662396715414,0.680935949223096,1.3463637326230622
29,6,418,4090.0000000000014,5539.069501926646,0.09604681033252462,1.46223867929872,0.19020184307332963,1.3542957217424558
29,0,620,6110.000000000002,5539.069501926646,0.13757670900528043,1.9434567545158474,0.24239039249062824,0.906558019955261
29,4,700,6910.000000000002,5539.069501926646,0.1584130155558727,2.5845524542546223,0.3281972813168947,0.8016019539691237
29,5,420,4110.000000000002,5539.069501926646,0.15812758669901528,2.324988017685632,0.4954768347740881,1.3477054749213244
29,2,595,5860.000000000002,5539.069501926646,0.156272299129442,3.1522226609273156,0.46562692653141297,0.9452337034004512
29,3,525,5160.000000000001,5539.069501926646,0.15612958470101326,2.8709932246044136,0.481176584369255,1.0734630817687296
29,1,620,6110.000000000002,5539.069501926646,0.1374339945768517,1.9563381432844698,0.24374386674724993,0.906558019955261
30,1,527,5180.000000000002,5164.84658198944,0.1374339945768517,3.360472734286884,0.4604921291966432,0.9970746297276908
30,0,465,4560.000000000002,5164.84658198944,0.13757670900528043,3.199145377793157,0.49850724611447866,1.1326417942959293
30,6,440,4310.000000000002,5164.84658198944,0.09604681033252462,1.1390578320162483,0.13110186709558266,1.198340274243489
30,3,700,6910.000000000002,5164.84658198944,0.15612958470101326,2.883936421684078,0.3365505189912339,0.7474452361779217
30,2,350,3410.000000000001,5164.84658198944,0.156272299129442,2.573641738445404,0.6091624707928115,1.5146177659793074
30,5,455,4460.000000000002,5164.84658198944,0.15812758669901528,1.331325720915881,0.24378923939286887,1.158037350221847
30,4,700,6910.000000000002,5164.84658198944,0.1584130155558727,1.5571878706849207,0.1843789136453559,0.7474452361779217
31,6,220,2110.0000000077202,5636.189524761697,0.09604681033252462,0.6863355331943379,0.17608508194593306,2.671179869545533
31,1,589,5800.000000000002,5636.189524761697,0.1374339945768517,2.3619726411194537,0.31544716406052287,0.9717568146140854
31,4,595,5860.000000000002,5636.189524761697,0.1584130155558727,1.9126143431125735,0.2914112018496292,0.961807086136808
31,3,700,6910.000000000002,5636.189524761697,0.15612958470101326,3.2879209134314302,0.4187107471630433,0.815656950037872
31,2,700,6910.000000000002,5636.189524761697,0.156272299129442,3.271169371408759,0.41695825255200875,0.815656950037872
31,5,700,6910.000000000002,5636.189524761697,0.15812758669901528,1.9975067678637313,0.2576341584094418,0.815656950037872
31,0,341,3320.0000000000014,5636.189524761697,0.13757670900528043,2.0545561280328726,0.4798554495713876,1.697647447217378
32,2,700,6910.000000000002,4492.043670618558,0.156272299129442,2.7544565797568428,0.27982328759464536,0.6500786788159996
32,6,286,2770.000000000008,4492.043670618558,0.09604681033252462,0.6545882341802844,0.10195659949766309,1.6216764153857564
32,4,700,6910.000000000002,4492.043670618558,0.1584130155558727,4.420474693035073,0.4552245677877066,0.6500786788159996
32,1,620,6110.000000000002,4492.043670618558,0.1374339945768517,1.9768488158554973,0.1997424561929825,0.7351953634400257
32,3,210,2010.0000000221403,4492.043670618558,0.15612958470101326,2.1274117415494165,0.7423089017921386,2.2348475972980486
32,5,315,3060.0000000000014,4492.043670618558,0.15812758669901528,3.687847284456921,0.8560578509262268,1.467988127653123
32,0,310,3010.0000000000014,4492.043670618558,0.13757670900528043,1.7393870330741121,0.3571236557566875,1.4923733124978593
33,2,595,5860.000000000002,5311.885257599705,0.156272299129442,2.0330664477018097,0.2879947985203068,0.9064650610238402
33,3,665,6560.000000000001,5311.885257599705,0.15612958470101326,2.15368810200883,0.2722781926677478,0.8097386063414184
33,4,700,6910.000000000002,5311.885257599705,0.1584130155558727,3.9117237507600273,0.47635384613414156,0.7687243498697112
33,6,242,2330.000000000761,5311.885257599705,0.09604681033252462,1.2721161325037311,0.278549556392351,2.2797790805141505
33,0,620,6110.000000000002,5311.885257599705,0.13757670900528043,2.6376433961294485,0.31547755831168706,0.8693756559082985
33,5,245,2360.000000000555,5311.885257599705,0.15812758669901528,2.932711517564872,1.0437912933940021,2.2507988379654478
33,1,620,6110.000000000002,5311.885257599705,0.1374339945768517,2.653116208901056,0.31699901847790274,0.8693756559082985
34,1,279,2700.0000000000164,4542.491794060479,0.1374339945768517,3.1629288114981553,0.7313309853683311,1.6824043681705376
34,5,700,6910.000000000002,4542.491794060479,0.15812758669901528,2.733220027522153,0.2841177333600924,0.6573794202692442
34,3,385,3760.0000000000014,4542.491794060479,0.15612958470101326,3.1501153480450372,0.5941799155255599,1.2081095196969356
34,6,330,3210.000000000001,4542.491794060479,0.09604681033252462,2.2001665599094595,0.2990388578969632,1.4151064779004603
34,0,620,6110.000000000002,4542.491794060479,0.13757670900528043,4.119420895361722,0.42134129446371404,0.7434520121211912
34,4,175,1660.0000008844675,4542.491794060479,0.1584130155558727,1.5935852782207656,0.6907998482251037,2.7364408383374617
34,2,700,6910.000000000002,4542.491794060479,0.156272299129442,3.836715177367604,0.3941464922141514,0.6573794202692442
35,5,700,6910.000000000002,4689.660419855834,0.15812758669901528,2.521306449696164,0.2705805820873731,0.6786773400659671
35,4,420,4110.000000000002,4689.660419855834,0.1584130155558727,2.1381003721440717,0.3864724363125445,1.1410365985050688
35,6,110,1010.0008335248422,4689.660419855834,0.09604681033252462,0.8832594443455235,0.39390446242538996,4.643224306547552
35,2,700,6910.000000000002,4689.660419855834,0.156272299129442,4.019866690242427,0.42634090393393714,0.6786773400659671
35,0,620,6110.000000000002,4689.660419855834,0.13757670900528043,4.319155241209587,0.45608303345391077,0.7675385302546371
35,1,496,4870.000000000001,4689.660419855834,0.1374339945768517,4.050113377203989,0.5360111028357123,0.9629692853913415
35,3,175,1660.0000008844675,4689.660419855834,0.15612958470101326,2.791706771009833,1.231369273971702,2.8250966369621255
36,1,155,1460.0000072749747,4764.467775564239,0.1374339945768517,2.7227628399734,1.221140177267047,3.2633340765914833
36,6,88,790.008464149783,4764.467775564239,0.09604681033252462,0.5508937213265838,0.31910486027665896,6.030907251977127
36,4,700,6910.000000000002,4764.467775564239,0.1584130155558727,3.321015517898788,0.3627422251733605,0.6895032960295568
36,0,434,4250.000000000002,4764.467775564239,0.13757670900528043,3.780389371049552,0.5830514956405914,1.1210512413092322
36,3,700,6910.000000000002,4764.467775564239,0.15612958470101326,3.3116558158233214,0.35650591904613105,0.6895032960295568
36,2,700,6910.000000000002,4764.467775564239,0.156272299129442,3.32291361987639,0.3580448242032643,0.6895032960295568
36,5,420,4110.000000000002,4764.467775564239,0.15812758669901528,2.9114447292874854,0.533689630809699,1.159237901597138
37,4,700,6910.000000000002,4450.793184760722,0.1584130155558727,4.206818395183202,0.42924376209930754,0.6441089992417831
37,6,66,570.0859504455718,4450.793184760722,0.09604681033252462,0.6765569590129474,0.5073228090831032,7.807231841588167
37,5,700,6910.000000000002,4450.793184760722,0.15812758669901528,4.207104759408237,0.4284995165130387,0.6441089992417831
37,1,279,2700.0000000000164,4450.793184760722,0.1374339945768517,2.3654544488900253,0.5358983367955996,1.648441920281739
37,3,700,6910.000000000002,4450.793184760722,0.15612958470101326,3.2142150717627205,0.3232358369378779,0.6441089992417831
37,2,175,1660.0000008844675,4450.793184760722,0.156272299129442,2.12360455527085,0.8897847867258316,2.6812007122827035
37,0,372,3630.000000000001,4450.793184760722,0.13757670900528043,2.6497989944539873,0.44698056144970966,1.2261138250029535
38,4,455,4460.000000000002,4169.980907360118,0.1584130155558727,3.3240494356377543,0.49233140903686234,0.9349732976143759
38,5,35,262.252839954494,4169.980907360118,0.15812758669901528,1.4414899867004856,3.624375111348361,15.900612966035721
38,0,31,223.43368382029254,4169.980907360118,0.13757670900528043,0.15638742927952184,0.40154310942526555,18.66317036921805
38,2,700,6910.000000000002,4169.980907360118,0.156272299129442,3.5676871236767207,0.3364532918422754,0.6034704641621009
38,6,418,4090.0000000000014,4169.980907360118,0.09604681033252462,2.1482562276359203,0.2103680516518333,1.0195552340733782
38,3,700,6910.000000000002,4169.980907360118,0.15612958470101326,3.5255088928046936,0.3321720128179846,0.6034704641621009
38,1,620,6110.000000000002,4169.980907360118,0.1374339945768517,2.038348782853091,0.1911901545561689,0.682484600222605
39,3,525,5160.000000000001,5450.015698587128,0.15612958470101326,5.168115598196067,0.8522469886054154,1.0562045927494432
39,2,350,3410.000000000001,5450.015698587128,0.156272299129442,4.922191117261605,1.2293735025875436,1.5982450728994506
39,5,700,6910.000000000002,5450.015698587128,0.15812758669901528,3.522847656401361,0.43936070409803263,0.7887142834424207
39,6,396,3870.0000000000014,5450.015698587128,0.09604681033252462,4.1246203570881885,0.5578966015149529,1.4082727903325907
39,1,527,5180.000000000002,5450.015698587128,0.1374339945768517,4.360619426736732,0.6305366693709449,1.0521265827388275
39,0,620,6110.000000000002,5450.015698587128,0.13757670900528043,4.522238216531866,0.5549513282842186,0.8919829293923284
39,4,700,6910.000000000002,5450.015698587128,0.1584130155558727,3.526604549361489,0.44062316996563644,0.7887142834424207
40,6,374,3650.000000000001,4952.30581700445,0.09604681033252462,0.9271894689032402,0.12082756631282017,1.356796114247794
40,4,560,5510.000000000002,4952.30581700445,0.1584130155558727,1.8205872076653247,0.2592138514055871,0.8987850847557982
40,0,620,6110.000000000002,4952.30581700445,0.13757670900528043,2.3996986794151716,0.2675887644475497,0.8105246836341159
40,3,595,5860.000000000002,4952.30581700445,0.15612958470101326,2.029755598849113,0.2678174015757505,0.8451033817413734
40,5,700,6910.000000000002,4952.30581700445,0.15812758669901528,2.046953542885722,0.23197705851784098,0.71668680419746
40,2,35,262.252839954494,4952.30581700445,0.156272299129442,1.106445907510852,3.2651222329864598,18.88370710442553
40,1,620,6110.000000000002,4952.30581700445,0.1374339945768517,2.3656197325754564,0.26351500463630695,0.8105246836341159
41,2,140,1310.0000353340838,3217.69411173315,0.156272299129442,0.5797105779589947,0.2225187825119621,2.4562549808730005
41,1,155,1460.0000072749747,3217.69411173315,0.1374339945768517,2.359193301767338,0.7145779221244544,2.2039000655478307
41,4,70,610.0563920873398,3217.69411173315,0.1584130155558727,2.323886887311566,1.9416932484650173,5.274420780550535
41,5,700,6910.000000000002,3217.69411173315,0.15812758669901528,4.527939405502618,0.33340718721869944,0.4656576138542907
41,0,620,6110.000000000002,3217.69411173315,0.13757670900528043,3.354267003607173,0.24302228050104768,0.5266275141952781
41,6,440,4310.000000000002,3217.69411173315,0.09604681033252462,2.082620736548542,0.14933466108600868,0.7465647591028187
41,3,245,2360.000000000555,3217.69411173315,0.15612958470101326,0.8136030578834137,0.17319307755749028,1.3634297083611837
42,5,595,5860.000000000002,4791.494220065652,0.15812758669901528,3.2386274407876408,0.41873762627269934,0.817661129704036
42,3,280,2710.0000000000146,4791.494220065652,0.15612958470101326,2.3737779390427187,0.6552800885176433,1.7680790479946962
42,6,440,4310.000000000002,4791.494220065652,0.09604681033252462,1.5297618353426887,0.1633429771983992,1.111715596302935
42,2,700,6910.000000000002,4791.494220065652,0.156272299129442,3.011757574351431,0.3263585043377026,0.6934145036274459
42,1,341,3320.0000000000014,4791.494220065652,0.1374339945768517,2.0548207384703523,0.4075688601011987,1.443221150622184
42,0,620,6110.000000000002,4791.494220065652,0.13757670900528043,2.8503226654094287,0.3075166968143539,0.7842052733331671
42,4,420,4110.000000000002,4791.494220065652,0.1584130155558727,2.5797190953578357,0.47642267845564457,1.1658136788480902
43,2,700,6910.000000000002,4911.782503211133,0.156272299129442,3.908375882705462,0.434149601544338,0.7108223593648526
43,4,630,6210.000000000002,4911.782503211133,0.1584130155558727,3.8073123285581367,0.4770423041057355,0.7909472629969616
43,6,440,4310.000000000002,4911.782503211133,0.09604681033252462,0.8003115560155909,0.08759995683877776,1.1396247107218402
43,3,420,4110.000000000002,4911.782503211133,0.15612958470101326,3.545487546850278,0.661543603618541,1.1950809010246062
43,0,248,2390.0000000004047,4911.782503211133,0.13757670900528043,2.036543913169009,0.5758109536830742,2.0551391226821343
43,5,700,6910.000000000002,4911.782503211133,0.15812758669901528,3.928859259954689,0.4416062334409837,0.7108223593648526
43,1,279,2700.0000000000164,4911.782503211133,0.1374339945768517,2.12603637858729,0.5315452293193864,1.8191787048930013
44,4,700,6910.000000000002,4536.193816356924,0.1584130155558727,3.9033890862091125,0.4059254302369851,0.6564679907897139
44,2,700,6910.000000000002,4536.193816356924,0.156272299129442,3.3461464977750226,0.34327368128574787,0.6564679907897139
44,5,385,3760.0000000000014,4536.193816356924,0.15812758669901528,3.1275788700925293,0.5966500351926185,1.206434525626841
44,6,396,3870.0000000000014,4536.193816356924,0.09604681033252462,1.0881696452650462,0.12250679862651424,1.1721431050017888
44,0,31,223.43368382029254,4536.193816356924,0.13757670900528043,1.0877242277272723,3.038132249574106,20.302193200222128
44,3,700,6910.000000000002,4536.193816356924,0.15612958470101326,3.3409132923483438,0.34242381679107153,0.6564679907897139
44,1,217,2080.00000001059,4536.193816356924,0.1374339945768517,1.688772544360049,0.5061667308462379,2.1808624116989557
45,1,620,6110.000000000002,5459.570429570432,0.1374339945768517,5.286531384502795,0.6492055846005728,0.8935467151506432
45,5,700,6910.000000000002,5459.570429570432,0.15812758669901528,6.7899651488586965,0.8483120060119989,0.7900970230926817
45,4,560,5510.000000000002,5459.570429570432,0.1584130155558727,6.614429517359187,1.0382217631891508,0.9908476278712214
45,0,527,5180.000000000002,5459.570429570432,0.13757670900528043,5.212203702350059,0.7557793296285338,1.0539711253996968
45,2,700,6910.000000000002,5459.570429570432,0.156272299129442,6.220080232602075,0.7679950375793214,0.7900970230926817
45,3,350,3410.000000000001,5459.570429570432,0.15612958470101326,5.750717806075133,1.437511590957849,1.6010470467948477
45,6,352,3430.000000000001,5459.570429570432,0.09604681033252462,6.0150744246601136,0.9195774328105563,1.5917114955015832
46,4,315,3060.0000000000014,4340.414550823762,0.1584130155558727,4.011673280798176,0.9014179490001732,1.418436127720183
46,3,700,6910.000000000002,4340.414550823762,0.15612958470101326,4.334823369354034,0.4251182740721976,0.6281352461394732
46,1,620,6110.000000000002,4340.414550823762,0.1374339945768517,3.5914931612963006,0.35063818848780237,0.7103788135554436
46,0,186,1770.0000002775555,4340.414550823762,0.13757670900528043,2.1723976692425233,0.7328957257428046,2.4522116102503597
46,6,22,138.8629381196525,4340.414550823762,0.09604681033252462,0.8478107177858757,2.545228103811203,31.256824964223384
46,5,700,6910.000000000002,4340.414550823762,0.15812758669901528,4.790753949618486,0.47584408216949986,0.6281352461394732
46,2,385,3760.0000000000014,4340.414550823762,0.156272299129442,3.6361759206327884,0.6559492714132427,1.1543655720275958
47,4,350,3410.000000000001,3899.2452694053495,0.1584130155558727,3.9670495401540373,0.7185957762290472,1.1434736860426242
47,0,496,4870.000000000001,3899.2452694053495,0.13757670900528043,3.821609399429329,0.4209619142031097,0.8006663797546918
47,5,105,960.0014115816389,3899.2452694053495,0.15812758669901528,3.6217868878227084,2.3261580388725926,4.061707849972006
47,3,700,6910.000000000002,3899.2452694053495,0.15612958470101326,3.9438430325332092,0.347462013879098,0.5642901981773297
47,1,620,6110.000000000002,3899.2452694053495,0.1374339945768517,3.9600924105439814,0.34732723084928724,0.6381743485115137
47,2,140,1310.0000353340838,3899.2452694053495,0.156272299129442,2.9031184073940994,1.350380001709597,2.9765230261317828
47,6,440,4310.000000000002,3899.2452694053495,0.09604681033252462,0.7021224496360153,0.06100972815427307,0.9046972782843035
48,5,700,6910.000000000002,5330.191245217915,0.15812758669901528,2.880567311543948,0.35135846021044737,0.7713735521299441
48,1,558,5490.000000000002,5330.191245217915,0.1374339945768517,4.964413953839002,0.6624187311516964,0.9708909371981627
48,3,315,3060.0000000000014,5330.191245217915,0.15612958470101326,3.1149747389102,0.8471515284044167,1.7418925637967035
48,0,527,5180.000000000002,5330.191245217915,0.13757670900528043,4.952735501468381,0.7011373189153284,1.028994448883767
48,4,700,6910.000000000002,5330.191245217915,0.1584130155558727,2.8883897556520592,0.3529485495912527,0.7713735521299441
48,2,700,6910.000000000002,5330.191245217915,0.156272299129442,3.8740295232611013,0.46699224864899924,0.7713735521299441
48,6,132,1230.0000820831015,5330.191245217915,0.09604681033252462,0.3058935072500596,0.1273183075513227,4.333488528058322
49,6,440,4310.000000000002,3940.6140425552394,0.09604681033252462,2.1390487109446354,0.1878409395100461,0.9142956015209368
49,1,341,3320.0000000000014,3940.6140425552394,0.1374339945768517,4.5598275110527515,0.7438209410977085,1.186931940528686
49,3,175,1660.0000008844675,3940.6140425552394,0.15612958470101326,1.6945826956565206,0.6280638312943221,2.3738638797925504
49,5,700,6910.000000000002,3940.6140425552394,0.15812758669901528,2.1475076111950986,0.19365477407190668,0.5702769960282544
49,4,70,610.0563920873398,3940.6140425552394,0.1584130155558727,1.0570819615593061,1.0816666554032843,6.459425872208671
49,0,403,3940.000000000001,3940.6140425552394,0.13757670900528043,4.7390835688514406,0.6520891322922713,1.0001558483642736
49,2,700,6910.000000000002,3940.6140425552394,0.156272299129442,3.2955285078036676,0.2936925484576206,0.5702769960282544
50,4,525,5160.000000000001,4616.204483811612,0.1584130155558727,2.6339423888455986,0.3732780646456112,0.8946132720565138
50,2,700,6910.000000000002,4616.204483811612,0.156272299129442,3.6589146871671803,0.3819805733100866,0.6680469585834458
50,3,700,6910.000000000002,4616.204483811612,0.15612958470101326,3.6273544772692867,0.3783399429300283,0.6680469585834458
50,0,93,840.0049979958054,4616.204483811612,0.13757670900528043,2.5964578359576787,1.963040949840327,5.495448830454057
50,5,315,3060.0000000000014,4616.204483811612,0.15812758669901528,2.1692781624214867,0.517471575606708,1.5085635568011797
50,1,465,4560.000000000002,4616.204483811612,0.1374339945768517,4.561439989487452,0.6346237647697386,1.0123255446955284
50,6,440,4310.000000000002,4616.204483811612,0.09604681033252462,3.6863251694472403,0.379213994896096,1.0710451238542018
51,0,620,6110.000000000002,4739.717425431802,0.13757670900528043,2.212497466107126,0.23612335135646942,0.7757311661917842
51,1,620,6110.000000000002,4739.717425431802,0.1374339945768517,2.242182339684584,0.23904316890174884,0.7757311661917842
51,3,700,6910.000000000002,4739.717425431802,0.15612958470101326,3.7716211190930813,0.40391284680338313,0.6859214798019972
51,6,396,3870.0000000000014,4739.717425431802,0.09604681033252462,2.8636704223802485,0.3368584655989999,1.2247331848660983
51,5,245,2360.000000000555,4739.717425431802,0.15812758669901528,2.902341083578452,0.9217147551047762,2.00835484128419
51,4,280,2710.0000000000146,4739.717425431802,0.1584130155558727,3.036635147331637,0.8413305039694017,1.7489732197165229
51,2,525,5160.000000000001,4739.717425431802,0.156272299129442,3.4801377031902394,0.49955254876935684,0.918549888649574
52,0,310,3010.0000000000014,3832.989014799928,0.13757670900528043,1.103211290896921,0.19327456007147778,1.2734182773421683
52,4,700,6910.000000000002,3832.989014799928,0.1584130155558727,4.56049547079847,0.400739744774412,0.5547017387554164
52,6,440,4310.000000000002,3832.989014799928,0.09604681033252462,1.8690662003417988,0.15964963687015604,0.889324597401375
52,1,434,4250.000000000002,3832.989014799928,0.1374339945768517,1.1737603031072528,0.14548634441017985,0.901879768188218
52,5,70,610.0563920873398,3832.989014799928,0.15812758669901528,2.660114825950076,2.642868892771374,6.283007709640016
52,3,105,960.0014115816389,3832.989014799928,0.15612958470101326,2.9802653748346155,1.8578294569808267,3.992691019573537
52,2,700,6910.000000000002,3832.989014799928,0.156272299129442,5.09451660742,0.4416157066045911,0.5547017387554164
53,5,595,5860.000000000002,5047.497476533183,0.15812758669901528,3.2173743759752433,0.43821550123517866,0.8613476922411571
53,2,700,6910.000000000002,5047.497476533183,0.156272299129442,3.9585357775582493,0.4518711758791297,0.7304627317703591
53,6,264,2550.0000000000755,5047.497476533183,0.09604681033252462,1.6719235236574321,0.3178595652489422,1.9794107751109935
53,0,93,840.0049979958054,5047.497476533183,0.13757670900528043,1.4983621169102221,1.2386709175945592,6.008889814437017
53,1,620,6110.000000000002,5047.497476533183,0.1374339945768517,3.4347686519094798,0.3899658353612206,0.8261043333114862
53,4,490,4810.000000000001,5047.497476533183,0.1584130155558727,3.0497019799285203,0.5069665405320214,1.0493757747470231
53,3,700,6910.000000000002,5047.497476533183,0.15612958470101326,3.9495058289527205,0.4504286710081316,0.7304627317703591
54,5,700,6910.000000000002,4385.365513906464,0.15812758669901528,3.078470536511865,0.3089373336452065,0.6346404506376936
54,2,700,6910.000000000002,4385.365513906464,0.156272299129442,3.502055258582119,0.3473223620056805,0.6346404506376936
54,0,341,3320.0000000000014,4385.365513906464,0.13757670900528043,3.5589783506520676,0.6467522911871461,1.3208932270802598
54,1,62,530.1310020508638,4385.365513906464,0.1374339945768517,1.1713594240354102,1.331701656993343,8.272229877032746
54,3,175,1660.0000008844675,4385.365513906464,0.15612958470101326,1.8861292409092274,0.7779547938336038,2.6417864527529455
54,6,352,3430.000000000001,4385.365513906464,0.09604681033252462,1.778386081585894,0.21838392860860384,1.2785322197978026
54,4,700,6910.000000000002,4385.365513906464,0.1584130155558727,3.0794574691840224,0.30959420384164993,0.6346404506376936
55,5,700,6910.000000000002,5229.823034885126,0.15812758669901528,2.3473683962703302,0.2809298208856458,0.7568484855115954
55,2,490,4810.000000000001,5229.823034885126,0.156272299129442,1.3792393854826317,0.2343492506945258,1.0872812962339136
55,6,154,1450.0000080833054,5229.823034885126,0.09604681033252462,1.0651427444654225,0.3689858814860922,3.606774486710666
55,1,496,4870.000000000001,5229.823034885126,0.1374339945768517,2.525460384321506,0.37272863799810385,1.0738856334466376
55,3,420,4110.000000000002,5229.823034885126,0.15612958470101326,1.2984876295160197,0.2579693995194846,1.2724630255194946
55,4,700,6910.000000000002,5229.823034885126,0.1584130155558727,2.7814752469738813,0.33348400374736575,0.7568484855115954
55,0,620,6110.000000000002,5229.823034885126,0.13757670900528043,2.682487077068998,0.31588451597514894,0.8559448502266979
56,5,700,6910.000000000002,4444.872351644827,0.15812758669901528,2.2081470462575834,0.22460368624012716,0.6432521492973698
56,0,155,1460.0000072749747,4444.872351644827,0.13757670900528043,1.28490178494836,0.5381722301178726,3.0444331023949682
56,2,385,3760.0000000000014,4444.872351644827,0.156272299129442,2.7969451726242776,0.5166987409329351,1.1821469020331983
56,1,620,6110.000000000002,4444.872351644827,0.1374339945768517,1.7922805281677276,0.1791918442534899,0.7274750166358144
56,3,350,3410.000000000001,4444.872351644827,0.15612958470101326,2.740873602731118,0.5578007926706374,1.3034816280483361
56,6,110,1010.0008335248422,4444.872351644827,0.09604681033252462,0.5728257826468203,0.2421269130185099,4.400860082592694
56,4,700,6910.000000000002,4444.872351644827,0.1584130155558727,2.3070402472719573,0.23508627705241567,0.6432521492973698
57,1,620,6110.000000000002,3473.4020036588245,0.1374339945768517,1.199671209993401,0.09372819348749303,0.5684782330047174
57,5,35,262.252839954494,3473.4020036588245,0.15812758669901528,1.3514903761801589,2.8304497621082803,13.244478131338932
57,4,595,5860.000000000002,3473.4020036588245,0.1584130155558727,2.4863578736759604,0.23345970622418197,0.592730717347922
57,6,440,4310.000000000002,3473.4020036588245,0.09604681033252462,1.0468430953912409,0.08102934344732275,0.8058937363477547
57,2,210,2010.0000000221403,3473.4020036588245,0.156272299129442,2.2035976501587755,0.5950771786914144,1.7280606983186888
57,3,70,610.0563920873398,3473.4020036588245,0.15612958470101326,1.7220004257270416,1.5307473896155306,5.693575296825263
57,0,620,6110.000000000002,3473.4020036588245,0.13757670900528043,1.1515070548815312,0.09005863490807253,0.5684782330047174
58,0,620,6110.000000000002,5447.301270158421,0.13757670900528043,5.679887814120574,0.6966663904359505,0.8915386694203633
58,2,525,5160.000000000001,5447.301270158421,0.156272299129442,4.572929452152295,0.7544113204706198,1.055678540728376
58,5,700,6910.000000000002,5447.301270158421,0.15812758669901528,1.955038997412837,0.24370610878698185,0.7883214573311751
58,4,525,5160.000000000001,5447.301270158421,0.1584130155558727,1.8054092631615848,0.3019244064721885,1.055678540728376
58,3,525,5160.000000000001,5447.301270158421,0.15612958470101326,4.343415407631252,0.7158932468388758,1.055678540728376
58,6,264,2550.0000000000755,5447.301270158421,0.09604681033252462,2.070693490460216,0.42485426237101653,2.136196576532651
58,1,620,6110.000000000002,5447.301270158421,0.1374339945768517,5.866039344290325,0.7187524301470503,0.8915386694203633
59,5,350,3410.000000000001,5095.862708719853,0.15812758669901528,2.775989559892473,0.6559773004239694,1.494387891120191
59,3,420,4110.000000000002,5095.862708719853,0.15612958470101326,1.1707054481778922,0.22662548207696992,1.239869272194611
59,4,490,4810.000000000001,5095.862708719853,0.1584130155558727,3.217847111627286,0.5400437067933179,1.0594309165737739
59,0,620,6110.000000000002,5095.862708719853,0.13757670900528043,4.953411203638898,0.5683630120165022,0.8340200832602048
59,6,418,4090.0000000000014,5095.862708719853,0.09604681033252462,1.8517652072796709,0.2215966943081283,1.2459322026209905
59,1,620,6110.000000000002,5095.862708719853,0.1374339945768517,4.937168802694643,0.5659116757906419,0.8340200832602048
59,2,700,6910.000000000002,5095.862708719853,0.156272299129442,1.4477038813623508,0.16684047280860992,0.7374620417829019
60,4,105,960.0014115816389,4198.209157674217,0.1584130155558727,1.3464354931003921,0.9327572058006119,4.37312810900716
60,5,700,6910.000000000002,4198.209157674217,0.15812758669901528,2.9891199361642373,0.28716863793319614,0.6075555944535768
60,2,420,4110.000000000002,4198.209157674217,0.156272299129442,2.173249703650579,0.34690765281008895,1.0214620821591764
60,0,620,6110.000000000002,4198.209157674217,0.13757670900528043,4.327248361700548,0.40905301680866696,0.6871046084573185
60,6,396,3870.0000000000014,4198.209157674217,0.09604681033252462,0.9661842857165098,0.10066906224330079,1.0848085678744743
60,3,175,1660.0000008844675,4198.209157674217,0.15612958470101326,1.9130072614241274,0.7553666498446343,2.5290416599020253
60,1,620,6110.000000000002,4198.209157674217,0.1374339945768517,4.334727092439651,0.4093349159469293,0.6871046084573185
61,5,35,262.252839954494,4575.349813995945,0.15812758669901528,0.9296959910747316,2.5647952780208763,17.446330856855003
61,3,700,6910.000000000002,4575.349813995945,0.15612958470101326,3.342996947325824,0.34559499265429666,0.6621345606361713
61,4,700,6910.000000000002,4575.349813995945,0.1584130155558727,3.9815814045068314,0.41763098984450003,0.6621345606361713
61,1,620,6110.000000000002,4575.349813995945,0.1374339945768517,3.5805841631261224,0.3684946186995131,0.7488297567914801
61,6,308,2990.000000000002,4575.349813995945,0.09604681033252462,1.7947067426721777,0.26377252520673794,1.5302173290956327
61,0,558,5490.000000000002,4575.349813995945,0.13757670900528043,3.4612105351887914,0.3968486370552494,0.83339705172968
61,2,315,3060.0000000000014,4575.349813995945,0.156272299129442,2.6349912302027345,0.6156927696632489,1.495212357515014
62,3,560,5510.000000000002,5009.948315206206,0.15612958470101326,5.253858006064791,0.7458391603212373,0.9092465181862439
62,1,310,3010.0000000000014,5009.948315206206,0.1374339945768517,3.995060713133763,0.9138697526688443,1.6644346562146854
62,4,700,6910.000000000002,5009.948315206206,0.1584130155558727,3.4045763415560364,0.39102915220132806,0.7250286997404058
62,0,310,3010.0000000000014,5009.948315206206,0.13757670900528043,4.007397157344806,0.9176436255665017,1.6644346562146854
62,6,66,570.0859504455718,5009.948315206206,0.09604681033252462,2.697140487398287,2.2765616860488067,8.788057855645267
62,5,700,6910.000000000002,5009.948315206206,0.15812758669901528,3.378211108865832,0.3873018993209968,0.7250286997404058
62,2,700,6910.000000000002,5009.948315206206,0.156272299129442,5.520171343608011,0.6254459117314685,0.7250286997404058
63,4,245,2360.000000000555,4509.437705153535,0.1584130155558727,1.9618046675200322,0.5938229984920305,1.91077868862393
63,6,440,4310.000000000002,4509.437705153535,0.09604681033252462,2.210502166953234,0.2221360338095853,1.046273249455576
63,0,620,6110.000000000002,4509.437705153535,0.13757670900528043,3.019130917427302,0.3065547455862156,0.7380421776028696
63,5,700,6910.000000000002,4509.437705153535,0.15812758669901528,3.1696090580848773,0.32708278476977903,0.6525959052320599
63,2,385,3760.0000000000014,4509.437705153535,0.156272299129442,4.1045106605553405,0.7692684774053687,1.199318538604663
63,3,595,5860.000000000002,4509.437705153535,0.15612958470101326,4.6115081791420565,0.554055108556678,0.7695286186268828
63,1,217,2080.00000001059,4509.437705153535,0.1374339945768517,2.048586215914192,0.6103900881437805,2.167998896697392
64,5,350,3410.000000000001,4446.178786587958,0.15812758669901528,4.218179610330958,0.8696915575932349,1.3038647467999873
64,0,620,6110.000000000002,4446.178786587958,0.13757670900528043,2.911803165696866,0.29150945283997237,0.727688835775443
64,6,22,138.8629381196525,4446.178786587958,0.09604681033252462,0.0538507961019219,0.16560583968386933,32.01846977165979
64,3,700,6910.000000000002,4446.178786587958,0.15612958470101326,4.4246856549153915,0.4445048477436995,0.643441213688561
64,2,700,6910.000000000002,4446.178786587958,0.156272299129442,4.433618220045751,0.44580934693150576,0.643441213688561
64,4,420,4110.000000000002,4446.178786587958,0.1584130155558727,4.299389394990689,0.7367883369619811,1.081795325203882
64,1,186,1770.0000002775555,4446.178786587958,0.1374339945768517,2.3969889511112044,0.8275111564578022,2.511965415757485
65,2,700,6910.000000000002,3803.279819176273,0.156272299129442,4.070504087224076,0.3501147668426503,0.5504022893163925
65,3,70,610.0563920873398,3803.279819176273,0.15612958470101326,2.318562231172344,2.2567957670358627,6.23430861229591
65,6,440,4310.000000000002,3803.279819176273,0.09604681033252462,1.3087051577797617,0.11091895507069671,0.8824315125699006
65,4,210,2010.0000000221403,3803.279819176273,0.1584130155558727,4.505541119697585,1.3505169537255066,1.8921790144947164
65,5,280,2710.0000000000146,3803.279819176273,0.15812758669901528,4.686568639464782,1.0400437609753488,1.4034242875189125
65,1,465,4560.000000000002,3803.279819176273,0.1374339945768517,2.9948467735192814,0.3432908383698621,0.834052591924621
65,0,620,6110.000000000002,3803.279819176273,0.13757670900528043,3.2149590902926715,0.2753197941313836,0.6224680555116648
66,3,385,3760.0000000000014,4393.52790081062,0.15612958470101326,2.597253990101096,0.4738328544887845,1.1684914629815475
66,0,279,2700.0000000000164,4393.52790081062,0.13757670900528043,3.699664404634936,0.8282412798378883,1.6272325558557752
66,4,700,6910.000000000002,4393.52790081062,0.1584130155558727,4.972380473065484,0.5008302530519637,0.6358216933155744
66,6,440,4310.000000000002,4393.52790081062,0.09604681033252462,4.113522338227174,0.40274756682193297,1.0193800233899346
66,2,700,6910.000000000002,4393.52790081062,0.156272299129442,3.354254890497034,0.3332831863272753,0.6358216933155744
66,5,175,1660.0000008844675,4393.52790081062,0.15812758669901528,3.62684719795384,1.5178966487254657,2.646703553294998
66,1,434,4250.000000000002,4393.52790081062,0.1374339945768517,4.3010154534233225,0.611068126319562,1.033771270778969
67,0,310,3010.0000000000014,4468.677037248554,0.13757670900528043,4.548216448878192,0.9289632072217654,1.4846103113782565
67,1,620,6110.000000000002,4468.677037248554,0.1374339945768517,5.539642478636809,0.5568185107554002,0.7313710371928892
67,6,440,4310.000000000002,4468.677037248554,0.09604681033252462,4.74720499027019,0.4727403041655702,1.036816017923098
67,3,700,6910.000000000002,4468.677037248554,0.15612958470101326,4.117309202396472,0.41571874572137363,0.6466971110345229
67,5,490,4810.000000000001,4468.677037248554,0.15812758669901528,3.508166768182405,0.5153731217411998,0.9290388850828594
67,2,385,3760.0000000000014,4468.677037248554,0.156272299129442,3.4622415922847902,0.6430289032180072,1.188477935438445
67,4,245,2360.000000000555,4468.677037248554,0.1584130155558727,2.8540997369700216,0.8561048788886298,1.8935072191726712
68,5,700,6910.000000000002,3078.677741492094,0.15812758669901528,2.449792851100692,0.17259300500865213,0.44553947054878335
68,3,140,1310.0000353340838,3078.677741492094,0.15612958470101326,3.154537334278209,1.1574808129158183,2.3501356171390877
68,6,440,4310.000000000002,3078.677741492094,0.09604681033252462,3.0532432154481577,0.20947457072959585,0.714310380856634
68,4,140,1310.0000353340838,3078.677741492094,0.1584130155558727,0.6590238297632786,0.24534934581215892,2.3501356171390877
68,2,140,1310.0000353340838,3078.677741492094,0.156272299129442,3.144932366449369,1.1550113082396698,2.3501356171390877
68,1,620,6110.000000000002,3078.677741492094,0.1374339945768517,4.9650088516030415,0.34382481523491853,0.5038752441067256
68,0,93,840.0049979958054,3078.677741492094,0.13757670900528043,2.1857686449030083,1.1021265631789248,3.6650707422427353
69,3,700,6910.000000000002,3367.7972067737355,0.15612958470101326,4.076927234369853,0.31023161214288775,0.4873802035852004
69,1,434,4250.000000000002,3367.7972067737355,0.1374339945768517,3.6653594751245664,0.39917905517228136,0.7924228721820551
69,5,35,262.252839954494,3367.7972067737355,0.15812758669901528,1.2670151015932258,2.5728541445136495,12.84179499203179
69,4,70,610.0563920873398,3367.7972067737355,0.1584130155558727,2.3219130122720064,2.0305456477674144,5.520468682002727
69,6,440,4310.000000000002,3367.7972067737355,0.09604681033252462,0.9714330915960255,0.07290620669007032,0.7813914632885693
69,2,700,6910.000000000002,3367.7972067737355,0.156272299129442,4.063861823271259,0.30952007335964554,0.4873802035852004
69,0,62,530.1310020508638,3367.7972067737355,0.13757670900528043,1.6670249592539796,1.456967112006479,6.3527641163129145
70,3,700,6910.000000000002,4796.259454838414,0.15612958470101326,4.954737500733625,0.5369458328119036,0.6941041179216227
70,4,700,6910.000000000002,4796.259454838414,0.1584130155558727,4.09135462676942,0.4498654152552241,0.6941041179216227
70,0,310,3010.0000000000014,4796.259454838414,0.13757670900528043,3.056843968949598,0.6701227478582563,1.5934416793483095
70,6,198,1890.0000000783903,4796.259454838414,0.09604681033252462,3.372683090547072,0.8220521056451348,2.5377034151531657
70,2,315,3060.0000000000014,4796.259454838414,0.156272299129442,4.116955867184983,1.0084153666565274,1.5674050506007882
70,5,700,6910.000000000002,4796.259454838414,0.15812758669901528,4.067928092964962,0.4464836206558478,0.6941041179216227
70,1,341,3320.0000000000014,4796.259454838414,0.1374339945768517,3.1681844618217254,0.6290268937833366,1.4446564623007265
71,0,620,6110.000000000002,4587.172832690266,0.13757670900528043,3.6235725355413035,0.3742706479070196,0.7507647844010252
71,6,220,2110.0000000077202,4587.172832690266,0.09604681033252462,3.9359401897772046,0.821852887339005,2.174015560508759
71,3,140,1310.0000353340838,4587.172832690266,0.15612958470101326,3.00923839188782,1.6451882328441891,3.5016585564598235
71,2,700,6910.000000000002,4587.172832690266,0.156272299129442,4.796600334388031,0.4976025430798208,0.6638455618943943
71,5,700,6910.000000000002,4587.172832690266,0.15812758669901528,4.904331368507708,0.5148189272516027,0.6638455618943943
71,1,465,4560.000000000002,4587.172832690266,0.1374339945768517,3.3003929689547697,0.4562890888781896,1.0059589545373386
71,4,350,3410.000000000001,4587.172832690266,0.1584130155558727,3.8081400641686005,0.8115111648481914,1.345211974395972
72,0,372,3630.000000000001,5159.746781271988,0.13757670900528043,2.945111673167308,0.5759283368725551,1.421417846080437
72,5,700,6910.000000000002,5159.746781271988,0.15812758669901528,4.884703937021657,0.5767614573042755,0.7467072042361775
72,2,595,5860.000000000002,5159.746781271988,0.156272299129442,2.4209187782271204,0.3331140829350497,0.8805028636982911
72,3,420,4110.000000000002,5159.746781271988,0.15612958470101326,2.0939995397429376,0.4104387471888543,1.255412842158634
72,4,700,6910.000000000002,5159.746781271988,0.1584130155558727,4.8986580768718335,0.5794531522149036,0.7467072042361775
72,1,620,6110.000000000002,5159.746781271988,0.1374339945768517,3.451154859705789,0.4005399096441017,0.8444757416157097
72,6,88,790.008464149783,5159.746781271988,0.09604681033252462,0.8806317038440626,0.5524257420631588,6.531255062975777
73,1,620,6110.000000000002,4487.904402264819,0.1374339945768517,5.110755363124611,0.5159191516414856,0.7345179054443236
73,5,35,262.252839954494,4487.904402264819,0.15812758669901528,1.3553719218048386,3.6676638508145936,17.112891525001437
73,4,350,3410.000000000001,4487.904402264819,0.1584130155558727,5.471742689474629,1.1407901062327037,1.316100997731618
73,0,527,5180.000000000002,4487.904402264819,0.13757670900528043,5.053001465733616,0.6022935027437724,0.8663908112480342
73,3,700,6910.000000000002,4487.904402264819,0.15612958470101326,3.5904583506268763,0.36408320682195533,0.6494796530050387
73,2,560,5510.000000000002,4487.904402264819,0.156272299129442,3.424049046298569,0.43582684474864325,0.8145017064001483
73,6,440,4310.000000000002,4487.904402264819,0.09604681033252462,0.45622733878092697,0.0456279104086477,1.041277123495317
74,5,630,6210.000000000002,5562.447552447554,0.15812758669901528,2.8381817985739564,0.40199641715445394,0.8957242435503304
74,2,350,3410.000000000001,5562.447552447554,0.156272299129442,2.568114332558989,0.6546480919786251,1.6312162910403378
74,0,620,6110.000000000002,5562.447552447554,0.13757670900528043,5.149084543184624,0.6449108118175454,0.9103842148032
74,6,440,4310.000000000002,5562.447552447554,0.09604681033252462,1.9217989087751908,0.23822072833715524,1.2905910794541882
74,3,630,6210.000000000002,5562.447552447554,0.15612958470101326,3.1639072037283644,0.44246942986656135,0.8957242435503304
74,4,630,6210.000000000002,5562.447552447554,0.1584130155558727,2.8348058870923034,0.40224301959452435,0.8957242435503304
74,1,620,6110.000000000002,5562.447552447554,0.1374339945768517,5.13758138929228,0.6428025685903361,0.9103842148032
75,6,440,4310.000000000002,4084.8018606420674,0.09604681033252462,4.478820065769378,0.40769960163023505,0.9477498516570918
75,0,620,6110.000000000002,4084.8018606420674,0.13757670900528043,6.043250032501048,0.555834199326753,0.6685436760461647
75,2,700,6910.000000000002,4084.8018606420674,0.156272299129442,5.15663532285764,0.4763666713646149,0.5911435398903135
75,5,280,2710.0000000000146,4084.8018606420674,0.15812758669901528,1.8858527885026635,0.4494869999344313,1.5073069596465112
75,1,31,223.43368382029254,4084.8018606420674,0.1374339945768517,1.3751408217277012,3.455124439381373,18.281942949691814
75,3,490,4810.000000000001,4084.8018606420674,0.15612958470101326,4.727747784714053,0.6268525880037732,0.8492311560586417
75,4,350,3410.000000000001,4084.8018606420674,0.1584130155558727,2.024627797573754,0.38419585308060106,1.1978891086926882
76,2,700,6910.000000000002,4326.982500346167,0.156272299129442,4.365789058099532,0.427220261148535,0.6261913893409792
76,4,105,960.0014115816389,4326.982500346167,0.1584130155558727,1.7001787228302205,1.2139441463312755,4.507266810386558
76,6,286,2770.000000000008,4326.982500346167,0.09604681033252462,1.8988198831825762,0.28488664265752534,1.5620875452513194
76,0,403,3940.000000000001,4326.982500346167,0.13757670900528043,2.965874752920609,0.4481120685173481,1.098218908717301
76,5,700,6910.000000000002,4326.982500346167,0.15812758669901528,2.988262138130789,0.29589213845443263,0.6261913893409792
76,3,700,6910.000000000002,4326.982500346167,0.15612958470101326,4.355522249268256,0.4258263505438662,0.6261913893409792
76,1,93,840.0049979958054,4326.982500346167,0.1374339945768517,1.4135867032153373,1.0007368445252705,5.151138994017955
77,5,490,4810.000000000001,5180.580847731235,0.15812758669901528,4.584206869331028,0.7807378417453668,1.0770438352871587
77,0,558,5490.000000000002,5180.580847731235,0.13757670900528043,1.8251578303009186,0.23694713047953503,0.9436394986759987
77,2,700,6910.000000000002,5180.580847731235,0.156272299129442,5.0629723690169515,0.5931820044300584,0.7497222645052436
77,1,620,6110.000000000002,5180.580847731235,0.1374339945768517,1.8620810961559686,0.21698514677074798,0.8478855724601037
77,4,315,3060.0000000000014,5180.580847731235,0.1584130155558727,4.214276039090061,1.1302405104713444,1.6930002770363506
77,3,700,6910.000000000002,5180.580847731235,0.15612958470101326,5.048314281921281,0.5909245005311184,0.7497222645052436
77,6,198,1890.0000000783903,5180.580847731235,0.09604681033252462,1.1420791793871712,0.300673956507068,2.7410480674689754
78,0,620,6110.000000000002,4446.814834688439,0.13757670900528043,1.938399732592325,0.19408684179359423,0.72779293530089
78,2,105,960.0014115816389,4446.814834688439,0.156272299129442,3.3945125280268456,2.4571778497725125,4.632091975117143
78,4,700,6910.000000000002,4446.814834688439,0.1584130155558727,5.263241041478138,0.536556079012624,0.643533261170541
78,6,330,3210.000000000001,4446.814834688439,0.09604681033252462,1.2834789671768967,0.17077162705888443,1.3853005715540305
78,3,700,6910.000000000002,4446.814834688439,0.15612958470101326,4.963734779431372,0.4987291712046894,0.643533261170541
78,5,175,1660.0000008844675,4446.814834688439,0.15812758669901528,3.8971458234479637,1.6508030285869189,2.678804115854894
78,1,527,5180.000000000002,4446.814834688439,0.1374339945768517,1.886908615801787,0.22262007422098598,0.8584584622950652
79,0,186,1770.0000002775555,4303.4693933906665,0.13757670900528043,2.388655048453748,0.7989945285311055,2.431338639952449
79,5,700,6910.000000000002,4303.4693933906665,0.15812758669901528,4.362864558588013,0.4296551729786601,0.6227886242244088
79,1,620,6110.000000000002,4303.4693933906665,0.1374339945768517,3.842810293676273,0.3719808849919093,0.7043321429444623
79,6,330,3210.000000000001,4303.4693933906665,0.09604681033252462,2.9390650495971227,0.378447666048345,1.3406446708382134
79,2,350,3410.000000000001,4303.4693933906665,0.156272299129442,2.282611416165997,0.45017184161835516,1.2620144848652977
79,4,140,1310.0000353340838,4303.4693933906665,0.1584130155558727,2.246451891403005,1.1690562147075452,3.285091051385484
79,3,700,6910.000000000002,4303.4693933906665,0.15612958470101326,3.0388843717146417,0.29548813801037777,0.6227886242244088
80,6,374,3650.000000000001,5349.14085914086,0.09604681033252462,4.315399278547907,0.6074284111486498,1.4655180436002353
80,0,589,5800.000000000002,5349.14085914086,0.13757670900528043,5.9124192190595215,0.7501812016821479,0.9222656653691135
80,3,700,6910.000000000002,5349.14085914086,0.15612958470101326,3.6196178245858497,0.4374756747565766,0.7741158985732067
80,2,315,3060.0000000000014,5349.14085914086,0.156272299129442,2.8375485182129254,0.7751538450732859,1.7480852480852476
80,5,700,6910.000000000002,5349.14085914086,0.15812758669901528,4.22800220949979,0.5175458559113298,0.7741158985732067
80,1,341,3320.0000000000014,5349.14085914086,0.1374339945768517,5.119948750045544,1.1337198066356826,1.6111870057653186
80,4,700,6910.000000000002,5349.14085914086,0.1584130155558727,4.245576138516842,0.5206351457180124,0.7741158985732067
81,2,280,2710.0000000000146,4138.799771797029,0.156272299129442,2.2172749909313487,0.5291839769610082,1.5272323881169767
81,1,310,3010.0000000000014,4138.799771797029,0.1374339945768517,4.435647341502658,0.8382220876041997,1.37501653548074
81,5,455,4460.000000000002,4138.799771797029,0.15812758669901528,2.6618699881987844,0.3906016201888828,0.9279820116136833
81,0,620,6110.000000000002,4138.799771797029,0.13757670900528043,5.420948993220606,0.5051884857636271,0.6773813047130979
81,4,175,1660.0000008844675,4138.799771797029,0.1584130155558727,1.613506462719884,0.6372764924847425,2.4932528732480894
81,6,440,4310.000000000002,4138.799771797029,0.09604681033252462,2.846258229979372,0.26251516234036254,0.9602783693264565
81,3,700,6910.000000000002,4138.799771797029,0.15612958470101326,3.084390028526543,0.28843692970955775,0.5989579988128839
82,6,440,4310.000000000002,4200.271167575677,0.09604681033252462,0.981324278331923,0.09185346614509388,0.9745408741474885
82,4,350,3410.000000000001,4200.271167575677,0.1584130155558727,2.905291138969003,0.5668961022601741,1.2317510755353889
82,3,700,6910.000000000002,4200.271167575677,0.15612958470101326,3.8510723727055254,0.36548214627932657,0.6078540039906912
82,2,385,3760.0000000000014,4200.271167575677,0.156272299129442,3.4517901706427248,0.6025816102456653,1.1170933956318287
82,1,341,3320.0000000000014,4200.271167575677,0.1374339945768517,3.8397904946082297,0.6676378413232562,1.2651419179444805
82,0,31,223.43368382029254,4200.271167575677,0.13757670900528043,0.7495394436708065,1.938510205243581,18.798737485588568
82,5,700,6910.000000000002,4200.271167575677,0.15812758669901528,3.333832150480687,0.32044290127062386,0.6078540039906912
83,6,440,4310.000000000002,4742.363350972966,0.09604681033252462,1.967563429666003,0.20793578879872904,1.1003163227315462
83,0,186,1770.0000002775555,4742.363350972966,0.13757670900528043,1.6272668529736356,0.5998259545087756,2.67930132781317
83,5,350,3410.000000000001,4742.363350972966,0.15812758669901528,3.5853258981270466,0.7884546663957621,1.3907223903146524
83,1,341,3320.0000000000014,4742.363350972966,0.1374339945768517,2.070877080472079,0.4065418257594838,1.428422696076194
83,4,700,6910.000000000002,4742.363350972966,0.1584130155558727,4.106412986932394,0.44644736539123986,0.6863043923260441
83,3,595,5860.000000000002,4742.363350972966,0.15612958470101326,4.727960806981352,0.5973877076876373,0.8092770223503353
83,2,700,6910.000000000002,4742.363350972966,0.156272299129442,4.8821404188715505,0.5236113433280067,0.6863043923260441
84,4,700,6910.000000000002,5055.611531329282,0.1584130155558727,5.137455738029469,0.59543533420625,0.7316369799318786
84,1,620,6110.000000000002,5055.611531329282,0.1374339945768517,2.2163056637301755,0.2520323630798941,0.8274323291864616
84,2,630,6210.000000000002,5055.611531329282,0.156272299129442,5.742000156883081,0.7305119039140235,0.8141081370900612
84,5,700,6910.000000000002,5055.611531329282,0.15812758669901528,5.138253265029769,0.5944547452339455,0.7316369799318786
84,3,210,2010.0000000221403,5055.611531329282,0.15612958470101326,4.468498663159843,1.7547872699889298,2.515229617549052
84,6,264,2550.0000000000755,5055.611531329282,0.09604681033252462,3.155708493373049,0.6009154092582251,1.9825927573839734
84,0,372,3630.000000000001,5055.611531329282,0.13757670900528043,1.757817727741709,0.3368106590642558,1.3927304494020059
85,4,665,6560.000000000001,4657.761687836446,0.1584130155558727,4.5554487631455745,0.5123838735103818,0.7100246475360436
85,0,248,2390.0000000004047,4657.761687836446,0.13757670900528043,1.5614033425116731,0.4186387109579643,1.9488542626927436
85,2,595,5860.000000000002,4657.761687836446,0.156272299129442,3.9481659048848026,0.4904074326075929,0.7948398784703831
85,1,620,6110.000000000002,4657.761687836446,0.1374339945768517,2.538314580827708,0.26593510355028305,0.762317788516603
85,3,700,6910.000000000002,4657.761687836446,0.15612958470101326,4.143321375363574,0.4360467379931029,0.6740610257360992
85,6,440,4310.000000000002,4657.761687836446,0.09604681033252462,3.0080826967586836,0.31222862202486473,1.080687166551379
85,5,35,262.252839954494,4657.761687836446,0.15812758669901528,0.9283016384725586,2.6070767961952126,17.7605767344394
86,3,700,6910.000000000002,4990.032210128844,0.15612958470101326,3.556480408430654,0.40098758511037635,0.7221464848232768
86,6,88,790.008464149783,4990.032210128844,0.09604681033252462,1.543177210317767,0.9362036982080876,6.316428793581571
86,2,700,6910.000000000002,4990.032210128844,0.156272299129442,3.54834426291817,0.4004359423959,0.7221464848232768
86,5,350,3410.000000000001,4990.032210128844,0.15812758669901528,2.010976523513407,0.46533274391165874,1.4633525542899832
86,4,455,4460.000000000002,4990.032210128844,0.1584130155558727,2.335986210435153,0.4140279176320774,1.1188413027194712
86,0,496,4870.000000000001,4990.032210128844,0.13757670900528043,4.915178425938118,0.6928809035510977,1.0246472710736845
86,1,620,6110.000000000002,4990.032210128844,0.1374339945768517,5.186263105325482,0.5821177655120946,0.816699216060367
87,5,385,3760.0000000000014,4233.03420184808,0.15812758669901528,1.996904539428751,0.35549122064319294,1.1258069685766166
87,2,490,4810.000000000001,4233.03420184808,0.156272299129442,3.6733741759800296,0.5051889833601005,0.8800486906129062
87,3,490,4810.000000000001,4233.03420184808,0.15612958470101326,3.6818861520353225,0.5058971829984898,0.8800486906129062
87,0,620,6110.000000000002,4233.03420184808,0.13757670900528043,6.860567945541217,0.6539063480897347,0.692804288354841
87,1,620,6110.000000000002,4233.03420184808,0.1374339945768517,6.8820795660057845,0.6552762479508052,0.692804288354841
87,6,440,4310.000000000002,4233.03420184808,0.09604681033252462,2.1308775653302856,0.20100920737260314,0.9821425062292524
87,4,35,262.252839954494,4233.03420184808,0.1584130155558727,0.6784044276869606,1.7346470129783251,16.141042371867524
88,0,620,6110.000000000002,4484.7067218496695,0.13757670900528043,7.417600415120728,0.749033407410595,0.7339945534942174
88,3,315,3060.0000000000014,4484.7067218496695,0.15612958470101326,3.6828398904891864,0.8427148832836632,1.4655904319770154
88,6,440,4310.000000000002,4484.7067218496695,0.09604681033252462,2.7556871152551072,0.27540361064469815,1.0405352022853056
88,2,700,6910.000000000002,4484.7067218496695,0.156272299129442,4.51475273069223,0.45790139984292993,0.6490168917293297
88,4,595,5860.000000000002,4484.7067218496695,0.1584130155558727,2.5854998021616993,0.3134525459846363,0.7653083143088171
88,5,245,2360.000000000555,4484.7067218496695,0.15812758669901528,1.1722539376925634,0.3522503130286389,1.9002994584104302
88,1,279,2700.0000000000164,4484.7067218496695,0.1374339945768517,6.066446534158207,1.3848375385540377,1.6610024895739417
89,2,595,5860.000000000002,5490.7546517268265,0.156272299129442,3.1729055265002524,0.46459396595938207,0.9369888484175469
89,3,700,6910.000000000002,5490.7546517268265,0.15612958470101326,3.3207605208863757,0.41198058747943106,0.7946099351268922
89,1,434,4250.000000000002,5490.7546517268265,0.1374339945768517,5.146809389024592,0.9138509387536015,1.291942270994547
89,0,496,4870.000000000001,5490.7546517268265,0.13757670900528043,5.314757992907973,0.8243876690677101,1.1274650208884651
89,5,700,6910.000000000002,5490.7546517268265,0.15812758669901528,2.868325585648223,0.3604043967958458,0.7946099351268922
89,4,700,6910.000000000002,5490.7546517268265,0.1584130155558727,2.88995589212505,0.36377769473337845,0.7946099351268922
89,6,66,570.0859504455718,5490.7546517268265,0.09604681033252462,1.0076821027863678,0.9321765896548636,9.631450568875314
90,3,35,262.252839954494,3799.258763035838,0.15612958470101326,0.9907549906820025,2.24093957912479,14.487007132868738
90,5,700,6910.000000000002,3799.258763035838,0.15812758669901528,5.0016413252502145,0.4348515415749665,0.5498203709169084
90,2,105,960.0014115816389,3799.258763035838,0.156272299129442,2.035745095133492,1.2590193387463673,3.957555392315949
90,4,315,3060.0000000000014,3799.258763035838,0.1584130155558727,4.227149004867961,0.8314111900395181,1.2415878310574628
90,0,620,6110.000000000002,3799.258763035838,0.13757670900528043,2.9090794302714715,0.2488617550133861,0.6218099448503824
90,1,620,6110.000000000002,3799.258763035838,0.1374339945768517,2.911789009038895,0.24883515437287676,0.6218099448503824
90,6,374,3650.000000000001,3799.258763035838,0.09604681033252462,1.9167878221548034,0.1916297785199519,1.0408928117906402
91,2,700,6910.000000000002,5345.914772808616,0.156272299129442,3.7002187215754203,0.4473561181281172,0.7736490264556606
91,0,589,5800.000000000002,5345.914772808616,0.13757670900528043,3.6788481591281346,0.4664991069731738,0.9217094435876921
91,6,330,3210.000000000001,5345.914772808616,0.09604681033252462,4.205596416304623,0.672709466190021,1.6653940102207523
91,4,560,5510.000000000002,5345.914772808616,0.1584130155558727,7.476611793910841,1.1491219612117627,0.9702204669344128
91,5,700,6910.000000000002,5345.914772808616,0.15812758669901528,7.732720592195684,0.9459843339332753,0.7736490264556606
91,3,700,6910.000000000002,5345.914772808616,0.15612958470101326,3.700307685333333,0.44695831961594373,0.7736490264556606
91,1,93,840.0049979958054,5345.914772808616,0.1374339945768517,1.9964825286268506,1.746223563445676,6.36414638670437
92,6,396,3870.0000000000014,4560.137229502382,0.09604681033252462,2.863448635967688,0.32407034475492963,1.1783300334631475
92,1,403,3940.000000000001,4560.137229502382,0.1374339945768517,2.226437836528812,0.3541493376467349,1.1573952359143098
92,3,700,6910.000000000002,4560.137229502382,0.15612958470101326,3.4104893949744994,0.3514000126184713,0.6599330288715457
92,2,700,6910.000000000002,4560.137229502382,0.156272299129442,3.4248184828501533,0.3531989673214209,0.6599330288715457
92,0,186,1770.0000002775555,4560.137229502382,0.13757670900528043,1.482227991399193,0.5253691567113598,2.5763487168289845
92,5,700,6910.000000000002,4560.137229502382,0.15812758669901528,7.303102167800183,0.7621051282717619,0.6599330288715457
92,4,105,960.0014115816389,4560.137229502382,0.1584130155558727,3.647449440353788,2.7446450182193782,4.750135962810078
93,3,630,6210.000000000002,4128.946467247784,0.15612958470101326,4.238236966806459,0.4399649622356297,0.6648867097017364
93,1,620,6110.000000000002,4128.946467247784,0.1374339945768517,3.0195602912707216,0.28043739038105747,0.6757686525773786
93,6,440,4310.000000000002,4128.946467247784,0.09604681033252462,1.1449916500728161,0.1053530828086515,0.9579922197790679
93,4,595,5860.000000000002,4128.946467247784,0.1584130155558727,3.9513271098501415,0.4410374633504796,0.7045983732504749
93,0,620,6110.000000000002,4128.946467247784,0.13757670900528043,3.0339020069683387,0.2820619523239575,0.6757686525773786
93,2,70,610.0563920873398,4128.946467247784,0.156272299129442,2.5738518765846776,2.7222927204622374,6.76813901272369
93,5,35,262.252839954494,4128.946467247784,0.15812758669901528,1.2388871438545863,3.08431297893097,15.74414396413872
94,0,620,6110.000000000002,5003.441065266602,0.13757670900528043,6.866100264473667,0.7735397502364649,0.818893791369329
94,3,105,960.0014115816389,5003.441065266602,0.15612958470101326,4.425804932491797,3.601425124621851,5.211910112739566
94,5,595,5860.000000000002,5003.441065266602,0.15812758669901528,2.9626292290694027,0.39999643327030254,0.8538295333219454
94,6,198,1890.0000000783903,5003.441065266602,0.09604681033252462,4.836255303445263,1.229699935289617,2.647323314846073
94,4,700,6910.000000000002,5003.441065266602,0.1584130155558727,3.0792670405297082,0.35320671863332465,0.7240869848432129
94,2,630,6210.000000000002,5003.441065266602,0.156272299129442,6.362520605400471,0.8011030625425613,0.8057070958561353
94,1,620,6110.000000000002,5003.441065266602,0.1374339945768517,6.868889962853396,0.7730512864913797,0.818893791369329
95,6,374,3650.000000000001,5767.022977022978,0.09604681033252462,4.362487233687742,0.6620273522361853,1.5800062950747882
95,5,595,5860.000000000002,5767.022977022978,0.15812758669901528,3.217229259617313,0.5006609492243627,0.9841336138264465
95,2,700,6910.000000000002,5767.022977022978,0.156272299129442,4.2611095186903025,0.5557485427448018,0.8345908794533975
95,3,525,5160.000000000001,5767.022977022978,0.15612958470101326,3.9091872559690066,0.6821402230926487,1.1176401118261583
95,1,620,6110.000000000002,5767.022977022978,0.1374339945768517,6.828824443927098,0.8858304178318507,0.9438662810184903
95,0,496,4870.000000000001,5767.022977022978,0.13757670900528043,6.482820309034091,1.0561646340077877,1.1841936297788453
95,4,700,6910.000000000002,5767.022977022978,0.1584130155558727,3.415574865197588,0.4515733509274203,0.8345908794533975
96,2,105,960.0014115816389,4947.347159374149,0.156272299129442,0.9546960545402556,0.7688606670135131,5.153479046685156
96,1,620,6110.000000000002,4947.347159374149,0.1374339945768517,5.568767197701016,0.6197041552653999,0.8097131193738375
96,0,620,6110.000000000002,4947.347159374149,0.13757670900528043,5.5676131072224635,0.6202191064594259,0.8097131193738375
96,5,560,5510.000000000002,4947.347159374149,0.15812758669901528,4.9582808515166334,0.7039787551891222,0.8978851468918597
96,6,198,1890.0000000783903,4947.347159374149,0.09604681033252462,1.5228094909896617,0.3828592142395598,2.6176439995602916
96,3,630,6210.000000000002,4947.347159374149,0.15612958470101326,1.9090728019160255,0.23745891602154173,0.7966742607687838
96,4,700,6910.000000000002,4947.347159374149,0.1584130155558727,5.15984074760656,0.585223150773119,0.7159691981728143
97,6,308,2990.000000000002,4489.2211495956835,0.09604681033252462,0.6998264621961515,0.10091904193311048,1.501411755717619
97,0,620,6110.000000000002,4489.2211495956835,0.13757670900528043,4.788275618272153,0.48400945702223025,0.734733412372452
97,5,385,3760.0000000000014,4489.2211495956835,0.15812758669901528,6.843079112901786,1.2919400430136212,1.1939417951052345
97,2,490,4810.000000000001,4489.2211495956835,0.156272299129442,2.6318156280076557,0.38385162817882473,0.9333100103109527
97,3,700,6910.000000000002,4489.2211495956835,0.15612958470101326,2.830846436334942,0.2871405106867107,0.6496702097822985
97,4,70,610.0563920873398,4489.2211495956835,0.1584130155558727,2.944536675204749,3.4324865772502813,7.358698651178098
97,1,620,6110.000000000002,4489.2211495956835,0.1374339945768517,4.758259926726383,0.48047646759822676,0.734733412372452
98,0,124,1150.0001906837483,4063.345606714989,0.13757670900528043,1.203123839579786,0.5848454278171841,3.5333434199685407
98,1,589,5800.000000000002,4063.345606714989,0.1374339945768517,2.6328689695255227,0.2535007127759869,0.7005768287439634
98,4,700,6910.000000000002,4063.345606714989,0.1584130155558727,5.805808288377785,0.5408281240824581,0.5880384380195351
98,2,700,6910.000000000002,4063.345606714989,0.156272299129442,3.554889917413788,0.3266734759857715,0.5880384380195351
98,3,280,2710.0000000000146,4063.345606714989,0.15612958470101326,2.757671604021684,0.6455683399299043,1.4993895227730507
98,5,70,610.0563920873398,4063.345606714989,0.15812758669901528,2.312751456115788,2.4358491352641307,6.660606559357636
98,6,440,4310.000000000002,4063.345606714989,0.09604681033252462,2.4273058270276247,0.21979304094107743,0.9427716024860759
99,0,620,6110.000000000002,3647.4265599109185,0.13757670900528043,4.5293143563526606,0.37198268619878705,0.5969601571048965
99,6,220,2110.0000000077202,3647.4265599109185,0.09604681033252462,4.8686806850393864,0.8083479471138008,1.7286381800462431
99,1,62,530.1310020508638,3647.4265599109185,0.1374339945768517,2.4399546337593665,2.307168294390192,6.8802362921626745
99,2,70,610.0563920873398,3647.4265599109185,0.156272299129442,3.173907318935975,2.9654650964781486,5.978835083476559
99,4,700,6910.000000000002,3647.4265599109185,0.1584130155558727,4.638799250241265,0.38788675344670986,0.5278475484675713
99,5,175,1660.0000008844675,3647.4265599109185,0.15812758669901528,3.2525304072135355,1.130075543471785,2.197244914438269
99,3,700,6910.000000000002,3647.4265599109185,0.15612958470101326,6.52001980299578,0.5373319048172749,0.5278475484675713
100,6,330,3210.000000000001,4869.065220493796,0.09604681033252462,2.1532225457260887,0.3136984875076592,1.5168427478173816
100,5,315,3060.0000000000014,4869.065220493796,0.15812758669901528,1.3028917119992653,0.3278235355134821,1.591197784475096
100,4,455,4460.000000000002,4869.065220493796,0.1584130155558727,1.6340042673972408,0.28258869307693596,1.0917186593035413
100,1,279,2700.0000000000164,4869.065220493796,0.1374339945768517,3.6379245889720866,0.9016327737647628,1.8033574890717654
100,2,700,6910.000000000002,4869.065220493796,0.156272299129442,5.008200617893468,0.5514819006339015,0.7046404081756577
100,0,620,6110.000000000002,4869.065220493796,0.13757670900528043,4.533754424281556,0.49705825458268965,0.7969010180840908
100,3,700,6910.000000000002,4869.065220493796,0.15612958470101326,4.983804944803639,0.5482943689921909,0.7046404081756577
101,5,210,2010.0000000221403,3829.2838232282274,0.15812758669901528,3.5174682720981965,1.059642408979131,1.9051163299433074
101,6,440,4310.000000000002,3829.2838232282274,0.09604681033252462,0.3135474430939318,0.026756327135352333,0.888464924182883
101,4,700,6910.000000000002,3829.2838232282274,0.1584130155558727,4.111015375270431,0.36089384230939187,0.5541655315815089
101,1,620,6110.000000000002,3829.2838232282274,0.1374339945768517,6.12760388760207,0.527790051136449,0.626724029988253
101,3,455,4460.000000000002,3829.2838232282274,0.15612958470101326,4.685098126178895,0.6280389721907242,0.8585838168673152
101,2,70,610.0563920873398,3829.2838232282274,0.156272299129442,2.9985598002870364,2.9413201028085454,6.27693418656943
101,0,279,2700.0000000000164,3829.2838232282274,0.13757670900528043,5.59378121430754,1.0914508550549533,1.4182532678622979
102,0,620,6110.000000000002,3924.049928346473,0.13757670900528043,6.290876095225464,0.5558394437603686,0.6422340308259364
102,1,62,530.1310020508638,3924.049928346473,0.1374339945768517,1.5029358595499014,1.5289241423050883,7.40203820030502
102,2,700,6910.000000000002,3924.049928346473,0.156272299129442,2.6262325637719974,0.23306210298986296,0.5678798738562187
102,4,350,3410.000000000001,3924.049928346473,0.1584130155558727,3.8108960925101205,0.6947013044773704,1.1507477795737453
102,5,700,6910.000000000002,3924.049928346473,0.15812758669901528,4.54167661591419,0.407831087778668,0.5678798738562187
102,3,70,610.0563920873398,3924.049928346473,0.15612958470101326,0.9573868913529171,0.9614732899286964,6.432274096694785
102,6,220,2110.0000000077202,3924.049928346473,0.09604681033252462,1.5605689236972209,0.2787519860747118,1.8597393025270688
103,3,700,6910.000000000002,5269.409162266306,0.15612958470101326,3.577344126076486,0.425921731080425,0.7625773027881773
103,6,440,4310.000000000002,5269.409162266306,0.09604681033252462,5.501563430049064,0.646031543049109,1.2226007337044789
103,4,560,5510.000000000002,5269.409162266306,0.1584130155558727,5.921782810090996,0.8971264468498447,0.9563356011372603
103,1,434,4250.000000000002,5269.409162266306,0.1374339945768517,6.113866334307253,1.0417969975420192,1.2398609793567774
103,2,420,4110.000000000002,5269.409162266306,0.156272299129442,3.0192137407618853,0.6049172391914671,1.2820946866827991
103,0,434,4250.000000000002,5269.409162266306,0.13757670900528043,6.111092998455793,1.0424057575289765,1.2398609793567774
103,5,700,6910.000000000002,5269.409162266306,0.15812758669901528,6.167156245632905,0.7436635051006347,0.7625773027881773
104,0,589,5800.000000000002,4714.8068425406755,0.13757670900528043,4.2958148801776534,0.4804258708104964,0.81289773147253
104,6,440,4310.000000000002,4714.8068425406755,0.09604681033252462,5.099040150738401,0.5357448604279469,1.093922701285539
104,2,105,960.0014115816389,4714.8068425406755,0.156272299129442,2.332410753853143,1.7901073276863675,4.911249906156754
104,3,245,2360.000000000555,4714.8068425406755,0.15612958470101326,3.1365699622158405,0.9783451259899598,1.997799509550664
104,1,589,5800.000000000002,4714.8068425406755,0.1374339945768517,4.284956571644594,0.4787144158578444,0.81289773147253
104,5,700,6910.000000000002,4714.8068425406755,0.15812758669901528,5.467291133395801,0.5898827569712344,0.6823164750420657
104,4,700,6910.000000000002,4714.8068425406755,0.1584130155558727,5.470493432466007,0.591293656785341,0.6823164750420657
105,6,88,790.008464149783,4019.9133091341473,0.09604681033252462,0.6582504601655084,0.3217059262352677,5.088443341503218
105,5,175,1660.0000008844675,4019.9133091341473,0.15812758669901528,3.2598008421815887,1.2482664836250266,2.421634522284512
105,3,700,6910.000000000002,4019.9133091341473,0.15612958470101326,5.225191359965052,0.474598154006872,0.5817530114521196
105,2,35,262.252839954494,4019.9133091341473,0.156272299129442,1.1524275704350133,2.7605278246699916,15.328388092314581
105,0,465,4560.000000000002,4019.9133091341473,0.13757670900528043,1.9503956991336249,0.23654811511734966,0.8815599362136285
105,4,700,6910.000000000002,4019.9133091341473,0.1584130155558727,4.336022651045202,0.39959591848392545,0.5817530114521196
105,1,620,6110.000000000002,4019.9133091341473,0.1374339945768517,2.1435722604330567,0.1938240995952797,0.6579236185162268
106,4,700,6910.000000000002,4557.261310260129,0.1584130155558727,3.7748880991327534,0.3943853985183804,0.6595168321649968
106,2,175,1660.0000008844675,4557.261310260129,0.156272299129442,4.607864666826227,1.976867493680954,2.7453381372481727
106,1,465,4560.000000000002,4557.261310260129,0.1374339945768517,3.2789136390925155,0.45036355296448843,0.9993994101447647
106,0,620,6110.000000000002,4557.261310260129,0.13757670900528043,3.4602635392316814,0.3550723170965374,0.7458692815483023
106,5,700,6910.000000000002,4557.261310260129,0.15812758669901528,3.7620127991005408,0.3923320574169078,0.6595168321649968
106,3,210,2010.0000000221403,4557.261310260129,0.15612958470101326,4.705076565171338,1.665558048978858,2.267294184184045
106,6,352,3430.000000000001,4557.261310260129,0.09604681033252462,0.7601006909021373,0.09699824697086976,1.328647612320737
107,5,630,6210.000000000002,4740.155558867842,0.15812758669901528,3.287375677303064,0.39678749308357614,0.7633100738917618
107,4,175,1660.0000008844675,4740.155558867842,0.1584130155558727,2.1945853114487095,0.9927224317251612,2.8555153953868864
107,0,620,6110.000000000002,4740.155558867842,0.13757670900528043,4.618934747155693,0.49299001970528605,0.7758028737917906
107,3,350,3410.000000000001,4740.155558867842,0.15612958470101326,2.402797150283368,0.5214834475122606,1.3900749439495135
107,1,620,6110.000000000002,4740.155558867842,0.1374339945768517,4.615669952762247,0.49213052138087016,0.7758028737917906
107,6,220,2110.0000000077202,4740.155558867842,0.09604681033252462,1.639896123783782,0.3538420357795417,2.2465192222040278
107,2,700,6910.000000000002,4740.155558867842,0.156272299129442,2.9473301280218736,0.3159550724802776,0.6859848855090942
108,0,465,4560.000000000002,4750.378193238795,0.13757670900528043,5.922172348672216,0.8487685960653327,1.041749603780437
108,3,210,2010.0000000221403,4750.378193238795,0.15612958470101326,1.686678938007523,0.6223715838918386,2.3633722354161537
108,1,341,3320.0000000000014,4750.378193238795,0.1374339945768517,5.396976071767848,1.061291693480767,1.4308368051924074
108,4,700,6910.000000000002,4750.378193238795,0.1584130155558727,4.35821393929573,0.4746238369684223,0.6874642826684216
108,5,700,6910.000000000002,4750.378193238795,0.15812758669901528,4.350765417785221,0.47295895194974913,0.6874642826684216
108,2,490,4810.000000000001,4750.378193238795,0.156272299129442,2.3068389082064646,0.3560265449762699,0.9876046139789592
108,6,440,4310.000000000002,4750.378193238795,0.09604681033252462,4.157404861174079,0.4401048785314711,1.1021759149045922
109,6,220,2110.0000000077202,3996.40098472307,0.09604681033252462,3.000550276715455,0.5458464081753458,1.8940289027054253
109,1,155,1460.0000072749747,3996.40098472307,0.1374339945768517,3.427263113832356,1.2893113797190245,2.7372609348010726
109,0,620,6110.000000000002,3996.40098472307,0.13757670900528043,5.757009872199432,0.5180476854245774,0.654075447581517
109,4,315,3060.0000000000014,3996.40098472307,0.1584130155558727,3.377668430084398,0.698804200396411,1.306013393700349
109,2,700,6910.000000000002,3996.40098472307,0.156272299129442,2.3167800599767894,0.20939090708382838,0.5783503595836569
109,5,700,6910.000000000002,3996.40098472307,0.15812758669901528,4.269916463113205,0.3904972963881459,0.5783503595836569
109,3,70,610.0563920873398,3996.40098472307,0.15612958470101326,0.6207355515588368,0.634878908396657,6.550871421983098
110,5,700,6910.000000000002,4522.045107921049,0.15812758669901528,3.8833049119501526,0.40185185534854145,0.6544204208279374
110,4,700,6910.000000000002,4522.045107921049,0.1584130155558727,3.8815248775393907,0.4023926858331546,0.6544204208279374
110,2,700,6910.000000000002,4522.045107921049,0.156272299129442,3.6014226908406313,0.36830951697538655,0.6544204208279374
110,6,286,2770.000000000008,4522.045107921049,0.09604681033252462,0.9468401899785258,0.1484618102386399,1.6325072591772691
110,0,31,223.43368382029254,4522.045107921049,0.13757670900528043,0.7000986311772264,1.949352543998962,20.238869227784495
110,1,279,2700.0000000000164,4522.045107921049,0.1374339945768517,2.8426528410303296,0.6543183806398327,1.6748315214522302
110,3,385,3760.0000000000014,4522.045107921049,0.15612958470101326,3.1203566275885986,0.5859175173039387,1.2026715712555978
111,6,154,1450.0000080833054,4157.197339248583,0.09604681033252462,1.4924937501334612,0.41098701803472254,2.867032631774816
111,0,124,1150.0001906837483,4157.197339248583,0.13757670900528043,0.6891329165988105,0.3427288307176252,3.614953608639721
111,5,700,6910.000000000002,4157.197339248583,0.15812758669901528,5.088577109309033,0.48409054032743926,0.6016204543051494
111,4,105,960.0014115816389,4157.197339248583,0.1584130155558727,3.1292086533700703,2.146614965886606,4.33040752763003
111,1,341,3320.0000000000014,4157.197339248583,0.1374339945768517,0.9865968006510389,0.16978387032839315,1.2521678732676451
111,3,700,6910.000000000002,4157.197339248583,0.15612958470101326,5.899319568550323,0.5541275214644238,0.6016204543051494
111,2,700,6910.000000000002,4157.197339248583,0.156272299129442,5.916376726360409,0.5562376927471002,0.6016204543051494
112,0,62,530.1310020508638,4028.4826387911367,0.13757670900528043,0.7868680526745382,0.8226310982590268,7.5990323584294375
112,3,700,6910.000000000002,4028.4826387911367,0.15612958470101326,7.156009192031361,0.6513576875818448,0.582993145990034
112,5,105,960.0014115816389,4028.4826387911367,0.15812758669901528,2.534572322296954,1.6818294602315669,4.19632991180092
112,4,525,5160.000000000001,4028.4826387911367,0.1584130155558727,4.302234350618354,0.5320797362194659,0.7807136896882046
112,6,440,4310.000000000002,4028.4826387911367,0.09604681033252462,3.6602628597845506,0.3285938629970751,0.9346827468192889
112,1,310,3010.0000000000014,4028.4826387911367,0.1374339945768517,1.3250771807496087,0.24373076151437081,1.338366325179779
112,2,700,6910.000000000002,4028.4826387911367,0.156272299129442,7.154674310456741,0.6518314632284918,0.582993145990034
113,6,418,4090.0000000000014,4509.5347564800195,0.09604681033252462,3.0371247613756163,0.321628118256542,1.102575735080689
113,1,620,6110.000000000002,4509.5347564800195,0.1374339945768517,3.912871144693679,0.39689921892259744,0.7380580616170243
113,2,700,6910.000000000002,4509.5347564800195,0.156272299129442,6.858549428912908,0.699468185245543,0.6526099502865439
113,0,310,3010.0000000000014,4509.5347564800195,0.13757670900528043,3.2080194741757,0.6612217875528699,1.498184304478411
113,4,700,6910.000000000002,4509.5347564800195,0.1584130155558727,2.219279306194938,0.22943333395654286,0.6526099502865439
113,3,140,1310.0000353340838,4509.5347564800195,0.15612958470101326,4.631169636982089,2.489065497897295,3.4423928510276505
113,5,315,3060.0000000000014,4509.5347564800195,0.15812758669901528,1.3823797180239075,0.32214048503647136,1.4737041687843195
114,5,700,6910.000000000002,4469.860145420065,0.15812758669901528,1.9567252674916824,0.2001489811382914,0.6468683278466084
114,3,665,6560.000000000001,4469.860145420065,0.15612958470101326,4.108944484751754,0.43712492795088564,0.6813811197286684
114,6,440,4310.000000000002,4469.860145420065,0.09604681033252462,2.2082389935373707,0.21996100030184312,1.037090520979133
114,4,420,4110.000000000002,4469.860145420065,0.1584130155558727,1.5723956574563553,0.2708973833648545,1.0875572129975823
114,2,140,1310.0000353340838,4469.860145420065,0.156272299129442,2.7568075707257766,1.4699788360479689,3.4121068892033546
114,1,620,6110.000000000002,4469.860145420065,0.1374339945768517,5.407713575903127,0.5437015550574671,0.7315646719181774
114,0,186,1770.0000002775555,4469.860145420065,0.13757670900528043,3.735804451289555,1.2979253661571146,2.5253447145305885
115,0,620,6110.000000000002,4834.130156335104,0.13757670900528043,6.868953926476355,0.7476746376137622,0.7911833316424064
115,6,154,1450.0000080833054,4834.130156335104,0.09604681033252462,2.4832234105203317,0.7951500220835525,3.3338828478526286
115,4,700,6910.000000000002,4834.130156335104,0.1584130155558727,5.302586665129913,0.5876502545620234,0.6995846825376415
115,3,420,4110.000000000002,4834.130156335104,0.15612958470101326,1.2695027424048095,0.23312849787426573,1.1761873859696113
115,1,372,3630.000000000001,4834.130156335104,0.1374339945768517,6.1582298198849985,1.1270982522442563,1.3317162965110476
115,2,700,6910.000000000002,4834.130156335104,0.156272299129442,1.764089743889992,0.19286035806688634,0.6995846825376415
115,5,350,3410.000000000001,4834.130156335104,0.15812758669901528,4.67972998330723,1.0490408464630738,1.4176334769311152
116,6,440,4310.000000000002,4816.97017268446,0.09604681033252462,3.0602417909297337,0.3285000010635271,1.1176264901820088
116,4,700,6910.000000000002,4816.97017268446,0.1584130155558727,6.2358846414813796,0.688628263473797,0.6971013274507175
116,2,455,4460.000000000002,4816.97017268446,0.156272299129442,1.0699577338504325,0.1805875151926771,1.0800381553104166
116,0,434,4250.000000000002,4816.97017268446,0.13757670900528043,6.027777884433661,0.9399119781366916,1.13340474651399
116,1,341,3320.0000000000014,4816.97017268446,0.1374339945768517,5.679069795374412,1.1324192653230603,1.450894630326644
116,5,700,6910.000000000002,4816.97017268446,0.15812758669901528,6.226048773131453,0.6863032747097637,0.6971013274507175
116,3,315,3060.0000000000014,4816.97017268446,0.15612958470101326,0.8077684203772372,0.1985292973976812,1.5741732590472084
117,6,440,4310.000000000002,5230.429570429572,0.09604681033252462,1.7309034387758448,0.20175108353725282,1.2135567448792506
117,5,560,5510.000000000002,5230.429570429572,0.15812758669901528,5.215901143710607,0.7829296750690202,0.9492612650507387
117,2,665,6560.000000000001,5230.429570429572,0.156272299129442,2.442782532731833,0.30436893643585766,0.7973215808581663
117,3,315,3060.0000000000014,5230.429570429572,0.15612958470101326,2.0480770108513036,0.5465720498325476,1.709290709290709
117,0,620,6110.000000000002,5230.429570429572,0.13757670900528043,3.928686010301873,0.462688158787486,0.8560441195465746
117,4,490,4810.000000000001,5230.429570429572,0.1584130155558727,5.110376504650513,0.8803108227800513,1.087407395099703
117,1,620,6110.000000000002,5230.429570429572,0.1374339945768517,3.9314790155222417,0.4625367876610965,0.8560441195465746
118,0,341,3320.0000000000014,5098.413015555874,0.13757670900528043,1.7095692356619288,0.3611840311400022,1.535666570950564
118,3,700,6910.000000000002,5098.413015555874,0.15612958470101326,5.30223723140809,0.6108032317387074,0.7378311165782739
118,6,418,4090.0000000000014,5098.413015555874,0.09604681033252462,2.0512226309815964,0.24558817526903237,1.246555749524663
118,1,341,3320.0000000000014,5098.413015555874,0.1374339945768517,1.7196506070853843,0.3629370604864108,1.535666570950564
118,4,700,6910.000000000002,5098.413015555874,0.1584130155558727,4.681365091510457,0.5471675587503186,0.7378311165782739
118,2,700,6910.000000000002,5098.413015555874,0.156272299129442,5.325519691607013,0.6140460801709285,0.7378311165782739
118,5,350,3410.000000000001,5098.413015555874,0.15812758669901528,3.9954212178832416,0.9446063259819982,1.4951357816879391
119,5,105,960.0014115816389,4252.218006204157,0.15812758669901528,1.764541364565605,1.2358994445568925,4.429387243502555
119,6,154,1450.0000080833054,4252.218006204157,0.09604681033252462,1.9343005222428462,0.5448217204896368,2.9325641258616177
119,4,700,6910.000000000002,4252.218006204157,0.1584130155558727,3.7213331380024646,0.3627662590027939,0.615371636208995
119,2,700,6910.000000000002,4252.218006204157,0.156272299129442,7.148214294778481,0.6874118906197583,0.615371636208995
119,1,310,3010.0000000000014,4252.218006204157,0.1374339945768517,1.6322870512709773,0.31691276432405396,1.4126970120279585
119,0,620,6110.000000000002,4252.218006204157,0.13757670900528043,2.2875797370682784,0.21902589787206667,0.6959440272019894
119,3,350,3410.000000000001,4252.218006204157,0.15612958470101326,6.396479628926388,1.2453383685755433,1.2469847525525384
120,4,700,6910.000000000002,5111.576994434141,0.1584130155558727,2.440551424759292,0.28599318468076673,0.7397361786445933
120,0,589,5800.000000000002,5111.576994434141,0.13757670900528043,4.029283044848522,0.4885394127431986,0.8813063783507137
120,2,700,6910.000000000002,5111.576994434141,0.156272299129442,7.245385660799694,0.8375685631755808,0.7397361786445933
120,5,490,4810.000000000001,5111.576994434141,0.15812758669901528,1.9568932827614576,0.3288399820754415,1.0626979198407775
120,3,280,2710.0000000000146,5111.576994434141,0.15612958470101326,6.216800882063642,1.830786823419134,1.8861907728539165
120,6,440,4310.000000000002,5111.576994434141,0.09604681033252462,3.1418627560656742,0.3578885412613836,1.1859807411680137
120,1,403,3940.000000000001,5111.576994434141,0.1374339945768517,3.645763830356674,0.6500419532991587,1.297354567115264
121,6,110,1010.0008335248422,4528.460191378159,0.09604681033252462,1.2656901510514582,0.5450535461215643,4.483620251652769
121,2,455,4460.000000000002,4528.460191378159,0.156272299129442,4.356601337884461,0.6912665112755435,1.0153498186946541
121,1,620,6110.000000000002,4528.460191378159,0.1374339945768517,4.5116488944564965,0.4595563890546844,0.741155514137178
121,5,210,2010.0000000221403,4528.460191378159,0.15812758669901528,1.1454890740907853,0.40808731085238453,2.252965269317551
121,3,420,4110.000000000002,4528.460191378159,0.15612958470101326,4.2718159523824335,0.7348631501578807,1.1018151317221794
121,4,700,6910.000000000002,4528.460191378159,0.1584130155558727,2.160491948835251,0.22429315527027716,0.6553487975945236
121,0,620,6110.000000000002,4528.460191378159,0.13757670900528043,4.5327404685695365,0.4621842202234135,0.741155514137178
122,0,496,4870.000000000001,5733.208220351079,0.13757670900528043,5.335127119305435,0.8640889309976373,1.1772501479160324
122,1,620,6110.000000000002,5733.208220351079,0.1374339945768517,5.616204613429722,0.7242584922672379,0.9383319509576231
122,4,595,5860.000000000002,5733.208220351079,0.1584130155558727,4.287375910373292,0.6644809330729473,0.9783631775343136
122,2,700,6910.000000000002,5733.208220351079,0.156272299129442,2.3596754721210242,0.30595245857031017,0.8296972822505178
122,6,396,3870.0000000000014,5733.208220351079,0.09604681033252462,2.045498250210439,0.2910508077613791,1.481449152545498
122,3,490,4810.000000000001,5733.208220351079,0.15612958470101326,1.8728429207612711,0.3485292219225953,1.19193518094617
122,5,700,6910.000000000002,5733.208220351079,0.15812758669901528,4.441236222201752,0.5826814383787402,0.8296972822505178
123,1,620,6110.000000000002,4468.716337809362,0.1374339945768517,6.009032996343676,0.6040047247576891,0.7313774693632341
123,0,93,840.0049979958054,4468.716337809362,0.13757670900528043,2.54171137160951,1.8602532242751724,5.319868748961511
123,2,280,2710.0000000000146,4468.716337809362,0.156272299129442,0.9796620457656509,0.25244791104740955,1.6489728183798296
123,5,700,6910.000000000002,4468.716337809362,0.15812758669901528,6.038848044192784,0.6175419783778078,0.646702798525233
123,3,525,5160.000000000001,4468.716337809362,0.15612958470101326,1.6715458285420535,0.22601464382303293,0.86603029802507
123,4,700,6910.000000000002,4468.716337809362,0.1584130155558727,6.031463548808239,0.6179001620381214,0.646702798525233
123,6,110,1010.0008335248422,4468.716337809362,0.09604681033252462,1.6959669933769053,0.7207114106184328,4.424467970203362
124,0,341,3320.0000000000014,4213.654916650154,0.13757670900528043,3.1324659860377877,0.5469557120155413,1.2691731676657083
124,3,175,1660.0000008844675,4213.654916650154,0.15612958470101326,1.6401984365126652,0.6500286152450429,2.538346333978957
124,6,440,4310.000000000002,4213.654916650154,0.09604681033252462,1.9577527139185416,0.18383257765104472,0.9776461523550236
124,2,700,6910.000000000002,4213.654916650154,0.156272299129442,2.6278065744628094,0.2504126791397034,0.6097908707163752
124,5,700,6910.000000000002,4213.654916650154,0.15812758669901528,5.630885314607469,0.5429567581646326,0.6097908707163752
124,4,350,3410.000000000001,4213.654916650154,0.1584130155558727,5.030396707018827,0.984685819296999,1.2356759286364083
124,1,279,2700.0000000000164,4213.654916650154,0.1374339945768517,2.8803076297294523,0.6177720362426902,1.56061293209264
125,6,440,4310.000000000002,4780.125039956471,0.09604681033252462,2.854325295866646,0.30405237500833865,1.1090777354887398
125,0,527,5180.000000000002,4780.125039956471,0.13757670900528043,1.9104253604893366,0.24254062283408254,0.9228040617676581
125,4,700,6910.000000000002,4780.125039956471,0.1584130155558727,5.211366257506005,0.5710888325500516,0.6917691808909507
125,5,700,6910.000000000002,4780.125039956471,0.15812758669901528,5.1906987574679215,0.5677990714852901,0.6917691808909507
125,2,490,4810.000000000001,4780.125039956471,0.156272299129442,4.751160298013553,0.7378632249476952,0.9937889895959396
125,3,420,4110.000000000002,4780.125039956471,0.15612958470101326,4.612099522066038,0.8374932394316094,1.163047454977243
125,1,62,530.1310020508638,4780.125039956471,0.1374339945768517,0.4248501737210417,0.5264850268941634,9.016875114762366
126,4,630,6210.000000000002,4901.108891108892,0.1584130155558727,4.317099636509221,0.5397413423395357,0.7892284848806587
126,5,350,3410.000000000001,4901.108891108892,0.15812758669901528,3.656544523334273,0.8310334049882431,1.4372753346360383
126,0,620,6110.000000000002,4901.108891108892,0.13757670900528043,2.032587513242464,0.2243093159988855,0.8021454813598838
126,3,490,4810.000000000001,4901.108891108892,0.15612958470101326,5.867149845237192,0.9333868109177549,1.0189415574030958
126,6,440,4310.000000000002,4901.108891108892,0.09604681033252462,3.1611303713234027,0.3452569547003991,1.1371482345960302
126,2,350,3410.000000000001,4901.108891108892,0.156272299129442,5.544720876797256,1.2453793572513363,1.4372753346360383
126,1,620,6110.000000000002,4901.108891108892,0.1374339945768517,2.0328997784383467,0.22411105474419168,0.8021454813598838
127,1,589,5800.000000000002,4878.163345501617,0.1374339945768517,3.481810600553114,0.40246457326506185,0.8410626457761406
127,6,110,1010.0008335248422,4878.163345501617,0.09604681033252462,1.3674344114303036,0.6343428627864409,4.829860712567059
127,4,700,6910.000000000002,4878.163345501617,0.1584130155558727,2.861629094481907,0.32002396021192175,0.7059570688135479
127,2,455,4460.000000000002,4878.163345501617,0.156272299129442,5.034446637202367,0.860508616632582,1.0937585976461022
127,5,700,6910.000000000002,4878.163345501617,0.15812758669901528,2.8523461399578243,0.31841107229749394,0.7059570688135479
127,3,175,1660.0000008844675,4878.163345501617,0.15612958470101326,4.066406043295576,1.865710247596737,2.93865261620631
127,0,620,6110.000000000002,4878.163345501617,0.13757670900528043,3.567228254965052,0.3918239189416035,0.7983900729135214
128,4,350,3410.000000000001,4169.6296356811945,0.1584130155558727,2.590303225164528,0.5017467515007705,1.2227652890560685
128,1,620,6110.000000000002,4169.6296356811945,0.1374339945768517,5.381035970296198,0.5046802800069752,0.6824271089494588
128,3,700,6910.000000000002,4169.6296356811945,0.15612958470101326,2.972757603088855,0.28006841685253453,0.6034196288974231
128,6,330,3210.000000000001,4169.6296356811945,0.09604681033252462,1.602125755132143,0.19988122257388422,1.2989500422682845
128,5,140,1310.0000353340838,4169.6296356811945,0.15812758669901528,1.9687247410824897,0.9908748728131878,3.182923300164516
128,0,93,840.0049979958054,4169.6296356811945,0.13757670900528043,2.161049940869236,1.4757926071159668,4.9638152697063065
128,2,700,6910.000000000002,4169.6296356811945,0.156272299129442,2.988096955829115,0.28177088768867375,0.6034196288974231
129,5,420,4110.000000000002,4232.416525649658,0.15812758669901528,3.6889839688237624,0.600704645283706,1.0297850427371427
129,6,440,4310.000000000002,4232.416525649658,0.09604681033252462,3.016661299558983,0.2845251295900729,0.9819991938862311
129,4,70,610.0563920873398,4232.416525649658,0.1584130155558727,1.9343848212705388,2.1259456447567873,6.937746379753885
129,0,465,4560.000000000002,4232.416525649658,0.13757670900528043,5.943914555234978,0.7589987015416761,0.9281615187828194
129,2,700,6910.000000000002,4232.416525649658,0.156272299129442,2.3043444481287505,0.22056660205080905,0.6125060095006739
129,3,700,6910.000000000002,4232.416525649658,0.15612958470101326,2.3029642961819974,0.22023318700702124,0.6125060095006739
129,1,217,2080.00000001059,4232.416525649658,0.1374339945768517,4.662144047142239,1.3037818291676824,2.034815637321206
130,5,490,4810.000000000001,4966.024654967112,0.15812758669901528,2.4288752430419946,0.3965305442876293,1.0324375582052205
130,6,22,138.8629381196525,4966.024654967112,0.09604681033252462,0.6417085456093097,2.204160883889039,35.76205949702786
130,0,620,6110.000000000002,4966.024654967112,0.13757670900528043,5.1936847673102555,0.5807485898909277,0.8127699926296417
130,3,700,6910.000000000002,4966.024654967112,0.15612958470101326,3.6884897722317005,0.4138706337378836,0.7186721642499436
130,4,700,6910.000000000002,4966.024654967112,0.1584130155558727,2.8760053070268343,0.3274246473267849,0.7186721642499436
130,2,280,2710.0000000000146,4966.024654967112,0.156272299129442,2.6646813814355705,0.7630743749890421,1.8324814224970793
130,1,558,5490.000000000002,4966.024654967112,0.1374339945768517,5.033091485385429,0.6256990867593324,0.9045582249484718
131,5,245,2360.000000000555,4380.151278301583,0.15812758669901528,2.699186162797149,0.792168536261111,1.8559963043646412
131,6,198,1890.0000000783903,4380.151278301583,0.09604681033252462,0.8010796489214637,0.17831420902383785,2.3175403587936034
131,4,700,6910.000000000002,4380.151278301583,0.1584130155558727,3.3330100244684298,0.334686768934741,0.6338858579307645
131,3,700,6910.000000000002,4380.151278301583,0.15612958470101326,5.017619240693699,0.4965854256614524,0.6338858579307645
131,0,279,2700.0000000000164,4380.151278301583,0.13757670900528043,2.6116036960404765,0.5828778297889479,1.6222782512227987
131,2,700,6910.000000000002,4380.151278301583,0.156272299129442,5.016043361960954,0.4968832382127039,0.6338858579307645
131,1,155,1460.0000072749747,4380.151278301583,0.1374339945768517,2.246236048935657,0.9261595612762749,3.000103600325963
132,2,210,2010.0000000221403,4255.106322252728,0.156272299129442,5.594712189643462,1.850862304286766,2.116968319505402
132,3,700,6910.000000000002,4255.106322252728,0.15612958470101326,6.718048310598112,0.6458931757626301,0.615789626954085
132,1,620,6110.000000000002,4255.106322252728,0.1374339945768517,2.028095933654685,0.1941117701036448,0.6964167466862073
132,6,440,4310.000000000002,4255.106322252728,0.09604681033252462,1.6294346256831775,0.1545087338785994,0.9872636478544609
132,4,245,2360.000000000555,4255.106322252728,0.1584130155558727,4.093210138095904,1.1691044557124226,1.8030111534964948
132,0,434,4250.000000000002,4255.106322252728,0.13757670900528043,1.8667357173902628,0.25712792185067923,1.0012014875888768
132,5,420,4110.000000000002,4255.106322252728,0.15812758669901528,4.476865514751352,0.7329093895783952,1.0353056745140454
133,4,700,6910.000000000002,5226.978735550252,0.1584130155558727,4.5250142132075375,0.5422299409966357,0.7564368647684878
133,6,374,3650.000000000001,5226.978735550252,0.09604681033252462,2.390734307375654,0.3288305276505498,1.4320489686439044
133,1,620,6110.000000000002,5226.978735550252,0.1374339945768517,1.825699615374352,0.21465104975881355,0.8554793347872751
133,3,245,2360.000000000555,5226.978735550252,0.15612958470101326,4.90819597363692,1.6972500481729904,2.214821498113993
133,5,595,5860.000000000002,5226.978735550252,0.15812758669901528,4.371702044794218,0.6166110666014002,0.8919758934386093
133,0,620,6110.000000000002,5226.978735550252,0.13757670900528043,1.831534315686277,0.21556065744748426,0.8554793347872751
133,2,525,5160.000000000001,5226.978735550252,0.156272299129442,5.7322749579782215,0.9074235522586195,1.0129803751066377
134,2,700,6910.000000000002,5896.032538889684,0.156272299129442,3.399096349025107,0.45323902954513134,0.853260859463051
134,3,700,6910.000000000002,5896.032538889684,0.15612958470101326,3.3962851870816237,0.45245061169911793,0.853260859463051
134,0,589,5800.000000000002,5896.032538889684,0.13757670900528043,3.7207066027892814,0.5203579804085036,1.0165573342913243
134,1,403,3940.000000000001,5896.032538889684,0.1374339945768517,3.2402213054400004,0.6663961705743482,1.4964549591090563
134,5,700,6910.000000000002,5896.032538889684,0.15812758669901528,3.8873206573028654,0.5244931654181614,0.853260859463051
134,4,665,6560.000000000001,5896.032538889684,0.1584130155558727,3.839269974592375,0.5466326220015716,0.8987854480014761
134,6,286,2770.000000000008,5896.032538889684,0.09604681033252462,2.674995154779002,0.5468724546710539,2.1285316024872443
135,1,620,6110.000000000002,4250.345542073886,0.1374339945768517,5.861953910124106,0.5604277058447337,0.6956375682608649
135,5,700,6910.000000000002,4250.345542073886,0.15812758669901528,4.365035608569517,0.42456249314018524,0.6151006573189413
135,0,620,6110.000000000002,4250.345542073886,0.13757670900528043,5.8686645770412555,0.5616519005737742,0.6956375682608649
135,2,560,5510.000000000002,4250.345542073886,0.156272299129442,1.815502337004973,0.21885247057483914,0.7713875756939899
135,4,35,262.252839954494,4250.345542073886,0.1584130155558727,1.083889316212822,2.7827861641845026,16.207052487253918
135,3,315,3060.0000000000014,4250.345542073886,0.15612958470101326,1.272655186017733,0.2759934454134812,1.389001811135256
135,6,110,1010.0008335248422,4250.345542073886,0.09604681033252462,2.179561642090761,0.8809567940139951,4.208259439985247
136,0,279,2700.0000000000164,4962.350506636224,0.13757670900528043,5.415401032271588,1.3693019047677384,1.8379075950504422
136,3,700,6910.000000000002,4962.350506636224,0.15612958470101326,3.863604079838297,0.43319876491818954,0.7181404495855604
136,6,440,4310.000000000002,4962.350506636224,0.09604681033252462,1.9578103187321123,0.21650290416279047,1.1513574261336943
136,2,455,4460.000000000002,4962.350506636224,0.156272299129442,3.4693480623900497,0.6032293337998655,1.1126346427435476
136,5,385,3760.0000000000014,4962.350506636224,0.15812758669901528,2.023570442166476,0.4223043565955313,1.319774070913889
136,1,527,5180.000000000002,4962.350506636224,0.1374339945768517,6.340896086211269,0.8348385259643395,0.957982723288846
136,4,700,6910.000000000002,4962.350506636224,0.1584130155558727,2.828992382793431,0.32183407826962673,0.7181404495855604
137,2,560,5510.000000000002,4507.213474824111,0.156272299129442,5.003676480217684,0.6396284211135219,0.8180060752856823
137,1,465,4560.000000000002,4507.213474824111,0.1374339945768517,5.520848471342285,0.749968948515885,0.988424007636866
137,5,700,6910.000000000002,4507.213474824111,0.15812758669901528,2.728863699451222,0.2814618693428632,0.6522740195114486
137,0,93,840.0049979958054,4507.213474824111,0.13757670900528043,2.4490293551384994,1.8078615372263238,5.365698401292867
137,6,440,4310.000000000002,4507.213474824111,0.09604681033252462,1.5070706773341702,0.15137265369487657,1.045757186734132
137,4,210,2010.0000000221403,4507.213474824111,0.1584130155558727,1.7292854581952903,0.6142845908881006,2.2423947635693846
137,3,700,6910.000000000002,4507.213474824111,0.15612958470101326,5.186533309662845,0.528192775306242,0.6522740195114486
138,6,330,3210.000000000001,3909.8432346584977,0.09604681033252462,2.126857262392165,0.2488144528366918,1.2180196992705596
138,3,105,960.0014115816389,3909.8432346584977,0.15612958470101326,3.2678844363125528,2.077970451010564,4.072747380878203
138,0,620,6110.000000000002,3909.8432346584977,0.13757670900528043,3.115794138428509,0.2743037891251901,0.639908876376186
138,2,700,6910.000000000002,3909.8432346584977,0.156272299129442,5.42654878174786,0.47982957234698304,0.5658239123963092
138,4,175,1660.0000008844675,3909.8432346584977,0.1584130155558727,1.7418636553181002,0.6499145729953268,2.35532724853933
138,1,620,6110.000000000002,3909.8432346584977,0.1374339945768517,3.0955002724318055,0.2722344928516221,0.639908876376186
138,5,280,2710.0000000000146,3909.8432346584977,0.15812758669901528,2.096613804838702,0.47831735375844536,1.4427465810547884
139,1,620,6110.000000000002,4399.308897633603,0.1374339945768517,2.9264729792883593,0.28958891582250557,0.72001782285329
139,2,70,610.0563920873398,4399.308897633603,0.156272299129442,2.4255757327444147,2.7334511424412886,7.211315141836541
139,4,700,6910.000000000002,4399.308897633603,0.1584130155558727,5.335822601790367,0.5381441868356664,0.6366583064592767
139,0,217,2080.00000001059,4399.308897633603,0.13757670900528043,2.0601894904382,0.5994779394803049,2.1150523546207713
139,5,700,6910.000000000002,4399.308897633603,0.15812758669901528,5.3398111057018705,0.5375760932879119,0.6366583064592767
139,3,595,5860.000000000002,4399.308897633603,0.15612958470101326,5.034506935845749,0.5901045850035465,0.7507353067634133
139,6,88,790.008464149783,4399.308897633603,0.09604681033252462,2.973475421238231,1.5903767292479094,5.568685776510248
140,3,630,6210.000000000002,4262.332932825813,0.15612958470101326,1.9346647012092213,0.20732261680151,0.6863660117271839
140,1,620,6110.000000000002,4262.332932825813,0.1374339945768517,4.421630718752231,0.42391891780995755,0.6975994980074979
140,0,620,6110.000000000002,4262.332932825813,0.13757670900528043,4.427998306644039,0.42497024370497877,0.6975994980074979
140,6,176,1670.0000007960207,4262.332932825813,0.09604681033252462,2.131348392895725,0.5224783399226339,2.5522951681401995
140,2,35,262.252839954494,4262.332932825813,0.156272299129442,0.21537072940845664,0.5470107362116889,16.25276177587023
140,4,210,2010.0000000221403,4262.332932825813,0.1584130155558727,4.819233502610737,1.6189004465691494,2.1205636481486883
140,5,700,6910.000000000002,4262.332932825813,0.15812758669901528,6.011274370505935,0.5863318903789283,0.6168354461397703
141,1,465,4560.000000000002,3869.1572152040053,0.1374339945768517,6.342801516977332,0.739650959711373,0.8484993892991236
141,2,210,2010.0000000221403,3869.1572152040053,0.156272299129442,1.2666291289108071,0.3810235265941891,1.9249538383887494
141,6,440,4310.000000000002,3869.1572152040053,0.09604681033252462,1.8682557178956265,0.16108621362294864,0.8977162912306274
141,4,350,3410.000000000001,3869.1572152040053,0.1584130155558727,5.660731939804953,1.0174789864236151,1.1346502097372446
141,0,620,6110.000000000002,3869.1572152040053,0.13757670900528043,6.638760411838631,0.5783717584395265,0.6332499533885441
141,5,700,6910.000000000002,3869.1572152040053,0.15812758669901528,6.203375526596015,0.5492550322636346,0.5599359211583219
141,3,35,262.252839954494,3869.1572152040053,0.15612958470101326,0.7537125895474472,1.7361496250183288,14.75353790592079
142,4,140,1310.0000353340838,3408.358239748061,0.1584130155558727,3.833116007248411,1.5798532671319478,2.6018001128365174
142,0,620,6110.000000000002,3408.358239748061,0.13757670900528043,7.52144513774185,0.5772317803233508,0.5578327724628576
142,3,490,4810.000000000001,3408.358239748061,0.15612958470101326,1.6480021852713411,0.18232370893311822,0.7085983866420084
142,1,620,6110.000000000002,3408.358239748061,0.1374339945768517,7.523347491901038,0.5767788365053692,0.5578327724628576
142,6,440,4310.000000000002,3408.358239748061,0.09604681033252462,2.5150926858151923,0.1910314650498735,0.7908023758116147
142,2,210,2010.0000000221403,3408.358239748061,0.156272299129442,0.8099785274147612,0.21463704751207913,1.6957006167714017
142,5,35,262.252839954494,3408.358239748061,0.15812758669901528,1.1449645940886075,2.3530152165293834,12.996458838499052
143,3,560,5510.000000000002,4640.281157585667,0.15612958470101326,5.035341461305987,0.6620744491383492,0.842156289942952
143,1,341,3320.0000000000014,4640.281157585667,0.1374339945768517,6.943482948781874,1.3337602032530993,1.3976750474655617
143,5,700,6910.000000000002,4640.281157585667,0.15812758669901528,2.3956248085335505,0.25438569920732085,0.6715312818503134
143,2,700,6910.000000000002,4640.281157585667,0.156272299129442,5.280381911671357,0.5541324516933414,0.6715312818503134
143,4,455,4460.000000000002,4640.281157585667,0.1584130155558727,2.090762960420285,0.34459192463334426,1.0404217842120325
143,0,31,223.43368382029254,4640.281157585667,0.13757670900528043,1.6813316715681188,4.803900017549336,20.76804659998284
143,6,440,4310.000000000002,4640.281157585667,0.09604681033252462,4.44017449278142,0.4591451590411786,1.0766313590685996
144,3,245,2360.000000000555,4434.108748609224,0.15612958470101326,4.651744112609301,1.364568552332184,1.8788596392407548
144,4,560,5510.000000000002,4434.108748609224,0.1584130155558727,1.9956178319033537,0.25440343946768257,0.804738429874632
144,0,620,6110.000000000002,4434.108748609224,0.13757670900528043,4.7747121566042,0.4767132703547252,0.7257133794777778
144,5,700,6910.000000000002,4434.108748609224,0.15812758669901528,2.127885037854651,0.21591563734846217,0.6416944643428687
144,2,175,1660.0000008844675,4434.108748609224,0.156272299129442,4.388403117044093,1.831836753991175,2.6711498471365536
144,6,176,1670.0000007960207,4434.108748609224,0.09604681033252462,1.0692743659380972,0.27268545353617674,2.6551549380213566
144,1,620,6110.000000000002,4434.108748609224,0.1374339945768517,4.772127249755589,0.4759609418796277,0.7257133794777778
145,5,140,1310.0000353340838,4052.8157667819314,0.15812758669901528,4.4121784313623,2.158471232128948,3.0937524102801714
145,4,385,3760.0000000000014,4052.8157667819314,0.1584130155558727,5.288961725365416,0.9030884803729136,1.0778765337185985
145,1,527,5180.000000000002,4052.8157667819314,0.1374339945768517,2.256751484752241,0.24266380814842223,0.7823968661741177
145,0,620,6110.000000000002,4052.8157667819314,0.13757670900528043,2.3570151471683207,0.21509134815504927,0.6633086361345222
145,6,440,4310.000000000002,4052.8157667819314,0.09604681033252462,1.3372169440018449,0.1207714858656774,0.9403284841721414
145,2,140,1310.0000353340838,4052.8157667819314,0.156272299129442,4.007870150987902,1.9376761729671914,3.0937524102801714
145,3,700,6910.000000000002,4052.8157667819314,0.15612958470101326,5.185262614530737,0.4748263108094742,0.5865145827470232
146,2,700,6910.000000000002,4602.31935107018,0.156272299129442,4.167664011569683,0.43378387579921607,0.666037532716379
146,0,620,6110.000000000002,4602.31935107018,0.13757670900528043,2.47025472511153,0.2559895256253922,0.7532437563126316
146,5,455,4460.000000000002,4602.31935107018,0.15812758669901528,6.552169345830055,1.0691401729326782,1.0319101684013854
146,1,434,4250.000000000002,4602.31935107018,0.1374339945768517,2.133437826880016,0.31751334358890415,1.0828986708400419
146,3,70,610.0563920873398,4602.31935107018,0.15612958470101326,1.8141469795312397,2.1368027960709424,7.544088400292151
146,4,700,6910.000000000002,4602.31935107018,0.1584130155558727,7.052114979060492,0.7440616982738822,0.666037532716379
146,6,220,2110.0000000077202,4602.31935107018,0.09604681033252462,2.9927231969393304,0.6269657143351116,2.18119400523855
147,0,155,1460.0000072749747,4520.3482322282725,0.13757670900528043,3.467301888123505,1.476915360052185,3.0961289107561734
147,2,175,1660.0000008844675,4520.3482322282725,0.156272299129442,1.5694579166207459,0.6678754520105267,2.7231013432649265
147,3,595,5860.000000000002,4520.3482322282725,0.15612958470101326,2.2329013910393987,0.2689236675115022,0.7713904833154046
147,4,700,6910.000000000002,4520.3482322282725,0.1584130155558727,7.076404827263053,0.7333264956484422,0.6541748527103143
147,5,700,6910.000000000002,4520.3482322282725,0.15812758669901528,7.059025732361491,0.7302074393564226,0.6541748527103143
147,6,132,1230.0000820831015,4520.3482322282725,0.09604681033252462,3.453767452682094,1.2191097131814432,3.6750796183466172
147,1,620,6110.000000000002,4520.3482322282725,0.1374339945768517,5.092370877794531,0.5177795311203535,0.7398278612484895
148,2,700,6910.000000000002,4744.388973685988,0.156272299129442,1.9330070601263019,0.20740426481564395,0.686597535989289
148,3,700,6910.000000000002,4744.388973685988,0.15612958470101326,1.958234723119919,0.20991921429233446,0.686597535989289
148,4,560,5510.000000000002,4744.388973685988,0.1584130155558727,4.770087205557861,0.650647655355843,0.8610506304330284
148,6,44,350.8727963568088,4744.388973685988,0.09604681033252462,0.5326110050403735,0.6917093916477401,13.521678006810578
148,1,620,6110.000000000002,4744.388973685988,0.1374339945768517,5.0865225409126085,0.5428179751878494,0.7764957403741386
148,0,589,5800.000000000002,4744.388973685988,0.13757670900528043,5.039912731545276,0.5671791105883093,0.817998098911377
148,5,35,262.252839954494,4744.388973685988,0.15812758669901528,1.1304117034115042,3.2337346195689687,18.090896458963925
149,1,496,4870.000000000001,4620.021407202453,0.1374339945768517,6.2034979778337895,0.8088087506279419,0.9486696934707294
149,2,700,6910.000000000002,4620.021407202453,0.156272299129442,5.957224832542059,0.6224320304045609,0.6685993353404416
149,5,455,4460.000000000002,4620.021407202453,0.15812758669901528,1.8492683635942533,0.3029121629694523,1.0358792392830607
149,4,280,2710.0000000000146,4620.021407202453,0.1584130155558727,1.273789952231159,0.34400390862810976,1.704804947307169
149,0,186,1770.0000002775555,4620.021407202453,0.13757670900528043,4.5891703472881975,1.6479719548988083,2.610181585580781
149,3,700,6910.000000000002,4620.021407202453,0.15612958470101326,5.96125061982454,0.6222838437591631,0.6685993353404416
149,6,440,4310.000000000002,4620.021407202453,0.09604681033252462,2.5876790176087066,0.266415856040013,1.0719307209286428
150,6,66,570.0859504455718,4699.901312544508,0.09604681033252462,2.508396975516822,1.9862212130501824,8.244197754516009
150,4,35,262.252839954494,4699.901312544508,0.1584130155558727,0.8666368604982589,2.4603480992954303,17.92125993129391
150,3,630,6210.000000000002,4699.901312544508,0.15612958470101326,8.216360748807231,0.9708717007955961,0.7568279086223039
150,2,560,5510.000000000002,4699.901312544508,0.156272299129442,8.095102646536091,1.0790498324914142,0.8529766447449195
150,0,620,6110.000000000002,4699.901312544508,0.13757670900528043,6.50091791034117,0.6879662401020191,0.7692146174377261
150,5,700,6910.000000000002,4699.901312544508,0.15812758669901528,2.4100175320544053,0.2592021122328325,0.6801593795288722
150,1,620,6110.000000000002,4699.901312544508,0.1374339945768517,6.499781026436995,0.6871323950877086,0.7692146174377261
