round,cid,tau,a_i,a_eff,p_i,raw_update_norm,contribution_norm,amp_vs_fedavg
1,2,315,3060.0000000000014,4679.441238383693,0.156272299129442,2.892072717888406,0.6911364243990413,1.5292291628704873
1,3,700,6910.000000000002,4679.441238383693,0.15612958470101326,3.979646506038921,0.42077085701471617,0.6771984426025603
1,1,620,6110.000000000002,4679.441238383693,0.1374339945768517,3.8682039975728237,0.40715176972777456,0.7658659964621427
1,6,22,138.8629381196525,4679.441238383693,0.09604681033252462,1.9333959485574177,6.25765187641927,33.69827328838174
1,4,700,6910.000000000002,4679.441238383693,0.1584130155558727,4.428210897864985,0.47504539048670436,0.6771984426025603
1,0,310,3010.0000000000014,4679.441238383693,0.13757670900528043,2.8473553443540447,0.6089955069149751,1.5546316406590337
1,5,490,4810.000000000001,4679.441238383693,0.15812758669901528,3.562298804831598,0.5480080141805775,0.972856806316776
2,2,525,5160.000000000001,4910.450987755497,0.156272299129442,10.69818221156581,1.590976157058028,0.9516377883247086
2,3,700,6910.000000000002,4910.450987755497,0.15612958470101326,12.349600051618628,1.3701920100658174,0.7106296653770616
2,6,330,3210.000000000001,4910.450987755497,0.09604681033252462,0.0,0.0,1.5297355102042043
2,5,700,6910.000000000002,4910.450987755497,0.15812758669901528,11.36416885949202,1.2769934050822658,0.7106296653770616
2,1,372,3630.000000000001,4910.450987755497,0.1374339945768517,10.218523332156366,1.8997526811703678,1.352741318940908
2,0,31,223.43368382029254,4910.450987755497,0.13757670900528043,10.46852183480379,31.65213535997007,21.97721893940113
2,4,700,6910.000000000002,4910.450987755497,0.1584130155558727,11.689630441408623,1.3159366301620228,0.7106296653770616
3,2,700,6910.000000000002,4289.609182855769,0.156272299129442,6.335009574567149,0.6145666033940008,0.6207828050442501
3,0,620,6110.000000000002,4289.609182855769,0.13757670900528043,1.763676848161683,0.17034933654000317,0.7020636960484072
3,5,420,4110.000000000002,4289.609182855769,0.15812758669901528,5.867976404868589,0.9684381875331703,1.0437005311084593
3,4,315,3060.0000000000014,4289.609182855769,0.1584130155558727,5.309962241992963,1.1791758988535348,1.4018330662927343
3,3,105,960.0014115816389,4289.609182855769,0.15612958470101326,4.933645357175935,3.4419058568965437,4.468336328577346
3,1,620,6110.000000000002,4289.609182855769,0.1374339945768517,1.5303343199776487,0.14765800751033595,0.7020636960484072
3,6,264,2550.0000000000755,4289.609182855769,0.09604681033252462,2.1730734851833207,0.3511032951677484,1.6821996795512322
4,6,132,1230.0000820831015,4807.104686409977,0.09604681033252462,0.8918660572357137,0.3347811694958335,3.908214931391524
4,2,700,6910.000000000002,4807.104686409977,0.156272299129442,2.7866418281490017,0.3029484159757554,0.6956736159782888
4,5,70,610.0563920873398,4807.104686409977,0.15812758669901528,1.0368897004492998,1.2919740823700352,7.879771032251982
4,3,700,6910.000000000002,4807.104686409977,0.15612958470101326,2.7839547429752147,0.30237989237411583,0.6956736159782888
4,0,403,3940.000000000001,4807.104686409977,0.13757670900528043,3.0429101386946553,0.5107653200633283,1.220077331576136
4,1,589,5800.000000000002,4807.104686409977,0.1374339945768517,3.492084761790423,0.3977722965178932,0.8288111528293062
4,4,700,6910.000000000002,4807.104686409977,0.1584130155558727,2.883585248815742,0.3177819232907213,0.6956736159782888
5,0,589,5800.000000000002,4961.757037823957,0.13757670900528043,5.6535992261248476,0.6653917870869926,0.8554753513489578
5,2,700,6910.000000000002,4961.757037823957,0.156272299129442,5.2678188462821085,0.591112686606375,0.7180545640845087
5,3,525,5160.000000000001,4961.757037823957,0.15612958470101326,4.6362981571722885,0.6960530721165608,0.9615808212837125
5,4,560,5510.000000000002,4961.757037823957,0.1584130155558727,2.9019128112682613,0.4139607037777518,0.9005003698410082
5,6,440,4310.000000000002,4961.757037823957,0.09604681033252462,0.9482247257542401,0.10484614011910227,1.1512197303535858
5,1,620,6110.000000000002,4961.757037823957,0.1374339945768517,5.099593219646624,0.569146394250103,0.8120715282854264
5,5,105,960.0014115816389,4961.757037823957,0.15812758669901528,0.852837680270641,0.6970078123143497,5.168489314665979
6,6,440,4310.000000000002,4960.499500637719,0.09604681033252462,2.662080622513889,0.29427426997540185,1.1509279583846213
6,3,455,4460.000000000002,4960.499500637719,0.15612958470101326,2.0073166212019857,0.34857130851919055,1.1122196189770668
6,2,175,1660.0000008844675,4960.499500637719,0.156272299129442,1.141286032944007,0.5329590314047737,2.9882527096353657
6,4,665,6560.000000000001,4960.499500637719,0.1584130155558727,4.348530128597909,0.5209006694497572,0.7561737043655059
6,0,620,6110.000000000002,4960.499500637719,0.13757670900528043,4.219940846752766,0.4713412830416822,0.8118657120519996
6,1,620,6110.000000000002,4960.499500637719,0.1374339945768517,4.224113362337441,0.47131790052839473,0.8118657120519996
6,5,560,5510.000000000002,4960.499500637719,0.15812758669901528,4.0432752801423275,0.5755920208637675,0.9002721416765368
7,5,420,4110.000000000002,4215.038189698494,0.15812758669901528,3.123346948336711,0.5065094636661416,1.0255567371529177
7,4,70,610.0563920873398,4215.038189698494,0.1584130155558727,1.5063068252178058,1.6486779785667447,6.9092599378829895
7,6,440,4310.000000000002,4215.038189698494,0.09604681033252462,2.4637599690075707,0.2314225021919556,0.9779670973778404
7,0,620,6110.000000000002,4215.038189698494,0.13757670900528043,3.8993005483895673,0.3700768602099239,0.689858950850817
7,3,525,5160.000000000001,4215.038189698494,0.15612958470101326,2.708093370479075,0.3453827560522379,0.8168678662206381
7,1,248,2390.0000000004047,4215.038189698494,0.1374339945768517,2.8281172281904747,0.6854806343244187,1.7636143053128785
7,2,700,6910.000000000002,4215.038189698494,0.156272299129442,3.047037040172077,0.2904579057757939,0.6099910549491306
8,1,620,6110.000000000002,5982.902811474241,0.1374339945768517,3.951200225007183,0.5317334056708332,0.9791984961496301
8,5,630,6210.000000000002,5982.902811474241,0.15812758669901528,2.745911131207002,0.41832562480234553,0.9634304044241931
8,6,440,4310.000000000002,5982.902811474241,0.09604681033252462,2.9918747782535005,0.39889724538205035,1.3881445038223292
8,4,700,6910.000000000002,5982.902811474241,0.1584130155558727,2.943238984927843,0.40369213597069814,0.8658325342220318
8,2,595,5860.000000000002,5982.902811474241,0.156272299129442,4.650008455426945,0.7419080379440495,1.0209731760194949
8,3,665,6560.000000000001,5982.902811474241,0.15612958470101326,4.780357524833881,0.6806967735193301,0.9120278676027805
8,0,527,5180.000000000002,5982.902811474241,0.13757670900528043,3.7789069693146975,0.6004727522421333,1.1550005427556447
9,4,35,262.252839954494,4389.012509254959,0.1584130155558727,0.6381981183782338,1.6919713287949127,16.735805454066917
9,6,440,4310.000000000002,4389.012509254959,0.09604681033252462,2.443527040689343,0.2389954564361064,1.018332368736649
9,2,560,5510.000000000002,4389.012509254959,0.156272299129442,5.079254598563691,0.6322621793040133,0.7965539944201374
9,5,315,3060.0000000000014,4389.012509254959,0.15812758669901528,1.7812903156842395,0.40400593196688206,1.434317813482012
9,0,496,4870.000000000001,4389.012509254959,0.13757670900528043,3.3088263434875023,0.4102577072346341,0.9012346014897245
9,3,700,6910.000000000002,4389.012509254959,0.15612958470101326,5.2906899013964805,0.5246700611945616,0.6351682357821936
9,1,620,6110.000000000002,4389.012509254959,0.1374339945768517,3.5472887732772524,0.35020014571023905,0.718332652905885
10,1,620,6110.000000000002,4186.792700199527,0.1374339945768517,3.9548498930332006,0.3724469499642848,0.6852361211455852
10,5,420,4110.000000000002,4186.792700199527,0.15812758669901528,1.786423616898824,0.28776086539234835,1.0186843552796898
10,2,700,6910.000000000002,4186.792700199527,0.156272299129442,5.458926762796746,0.5168835138385361,0.6059034298407417
10,6,22,138.8629381196525,4186.792700199527,0.09604681033252462,0.44467508022371405,1.2877182393099504,30.150540935493808
10,4,700,6910.000000000002,4186.792700199527,0.1584130155558727,2.279607682237229,0.21880356012962943,0.6059034298407417
10,0,310,3010.0000000000014,4186.792700199527,0.13757670900528043,3.08980715331955,0.591277364367907,1.3909610299666195
10,3,70,610.0563920873398,4186.792700199527,0.15612958470101326,2.2406191226527086,2.4008482966553686,6.862960136970612
11,3,350,3410.000000000001,5412.7600970458125,0.15612958470101326,2.3604193894288716,0.5849769823152488,1.5873196765530238
11,5,665,6560.000000000001,5412.7600970458125,0.15812758669901528,4.031987636871216,0.5260678656327018,0.8251158684521055
11,0,372,3630.000000000001,5412.7600970458125,0.13757670900528043,3.4376485625113804,0.7052101364209449,1.4911184840346587
11,4,700,6910.000000000002,5412.7600970458125,0.1584130155558727,4.055803266758259,0.503278610845277,0.7833227347389018
11,6,352,3430.000000000001,5412.7600970458125,0.09604681033252462,1.9902257008253859,0.30165458844887827,1.5780641682349303
11,2,700,6910.000000000002,5412.7600970458125,0.156272299129442,3.0106111280032857,0.3685338597852261,0.7833227347389018
11,1,620,6110.000000000002,5412.7600970458125,0.1374339945768517,4.052004010508078,0.49333463294164925,0.8858854495983324
12,3,385,3760.0000000000014,4981.033252465331,0.15612958470101326,1.3439424407835143,0.27796970710576124,1.3247428862939705
12,6,374,3650.000000000001,4981.033252465331,0.09604681033252462,2.2197611793294922,0.2909482673130181,1.3646666445110494
12,0,620,6110.000000000002,4981.033252465331,0.13757670900528043,4.873071435370357,0.5465449993124675,0.8152263915655205
12,2,700,6910.000000000002,4981.033252465331,0.156272299129442,1.9096106866989366,0.21511377997716694,0.7208441754653155
12,4,210,2010.0000000221403,4981.033252465331,0.1584130155558727,4.990848603263219,1.9592445198132689,2.478125996224112
12,5,700,6910.000000000002,4981.033252465331,0.15812758669901528,6.050806393087832,0.6897032836050849,0.7208441754653155
12,1,527,5180.000000000002,4981.033252465331,0.1374339945768517,4.6814494010866365,0.6186773043970429,0.9615894309778629
13,3,700,6910.000000000002,4576.075701577283,0.15612958470101326,2.1247440065550873,0.21968832131260824,0.6622396094902
13,4,630,6210.000000000002,4576.075701577283,0.1584130155558727,5.157173498845193,0.6020106908031236,0.7368881967113176
13,0,62,530.1310020508638,4576.075701577283,0.13757670900528043,1.374879021933672,1.6327488996147856,8.63197150114648
13,2,560,5510.000000000002,4576.075701577283,0.156272299129442,1.889146241778062,0.24518233785997925,0.8305037570920657
13,6,440,4310.000000000002,4576.075701577283,0.09604681033252462,2.0816104971223286,0.21227475396290763,1.0617345015260513
13,1,62,530.1310020508638,4576.075701577283,0.1374339945768517,1.3441655943150632,1.5946190289910271,8.63197150114648
13,5,700,6910.000000000002,4576.075701577283,0.15812758669901528,5.267449322395582,0.5515986084141741,0.6622396094902
14,2,560,5510.000000000002,4318.174902926596,0.156272299129442,4.586004919558619,0.5616492044752717,0.7836978045238828
14,3,105,960.0014115816389,4318.174902926596,0.15612958470101326,2.665173776501711,1.8717122955751548,4.498092243231432
14,0,620,6110.000000000002,4318.174902926596,0.13757670900528043,2.349076516559235,0.22840262897124727,0.7067389366491971
14,5,700,6910.000000000002,4318.174902926596,0.15812758669901528,4.40551539518467,0.4353379699368039,0.6249167732165839
14,4,245,2360.000000000555,4318.174902926596,0.1584130155558727,3.158159586158855,0.9154047444968686,1.8297351283582968
14,6,176,1670.0000007960207,4318.174902926596,0.09604681033252462,2.5735462301096703,0.639143944341151,2.5857334735738315
14,1,620,6110.000000000002,4318.174902926596,0.1374339945768517,2.3472762615742577,0.22799083809750226,0.7067389366491971
15,4,560,5510.000000000002,4766.478162185354,0.1584130155558727,3.2894169320630464,0.45077081875944613,0.8650595575653998
15,1,620,6110.000000000002,4766.478162185354,0.1374339945768517,3.1396651673042784,0.3366153387094145,0.7801109921743622
15,2,700,6910.000000000002,4766.478162185354,0.156272299129442,5.658237906819934,0.6099338912925137,0.689794234759096
15,0,527,5180.000000000002,4766.478162185354,0.13757670900528043,2.9685495973402505,0.37580025774664705,0.9201695293794118
15,3,490,4810.000000000001,4766.478162185354,0.15612958470101326,5.249525579331291,0.8121902880331229,0.9909518008701359
15,5,70,610.0563920873398,4766.478162185354,0.15812758669901528,1.0684739227557074,1.3200767916654028,7.81317632928425
15,6,440,4310.000000000002,4766.478162185354,0.09604681033252462,3.675584026320062,0.39041782676900694,1.105911406539525
16,4,210,2010.0000000221403,3871.831027120164,0.1584130155558727,1.112136990379676,0.3393669032702215,1.9262840930733909
16,5,420,4110.000000000002,3871.831027120164,0.15812758669901528,1.7392897280586164,0.2590920867504968,0.942051344798093
16,2,700,6910.000000000002,3871.831027120164,0.156272299129442,5.243425475465933,0.45912976627486457,0.5603228693372161
16,0,620,6110.000000000002,3871.831027120164,0.13757670900528043,4.526493559352053,0.39462265001075947,0.6336875658134473
16,1,155,1460.0000072749747,3871.831027120164,0.1374339945768517,2.959504516490257,1.0786404793471018,2.6519390464571058
16,3,245,2360.000000000555,3871.831027120164,0.15612958470101326,4.265565208397875,1.0926125453209243,1.6406063674234126
16,6,440,4310.000000000002,3871.831027120164,0.09604681033252462,2.387467218866835,0.2059963330439571,0.8983366652250957
17,6,308,2990.000000000002,5881.034679606109,0.09604681033252462,1.090534143649121,0.20601781001979164,1.9669012306374936
17,0,620,6110.000000000002,5881.034679606109,0.13757670900528043,5.077222322666401,0.6723317602590818,0.9625261341417525
17,4,700,6910.000000000002,5881.034679606109,0.1584130155558727,2.910060689417376,0.3923454320330584,0.8510904022584816
17,2,595,5860.000000000002,5881.034679606109,0.156272299129442,3.7603310591651007,0.5897449190374756,1.0035895357689604
17,5,665,6560.000000000001,5881.034679606109,0.15812758669901528,2.851732100903873,0.40426511649623725,0.8964991889643458
17,1,465,4560.000000000002,5881.034679606109,0.1374339945768517,4.8111436696414716,0.852768978116148,1.2897005876329182
17,3,700,6910.000000000002,5881.034679606109,0.15612958470101326,3.881674506564605,0.5157984263519406,0.8510904022584816
18,2,105,960.0014115816389,3468.178444986122,0.156272299129442,1.8560073111974298,1.047831011053793,3.612680568117255
18,0,93,840.0049979958054,3468.178444986122,0.13757670900528043,2.356973248204801,1.3388105756610325,4.128759296981517
18,3,700,6910.000000000002,3468.178444986122,0.15612958470101326,2.4470400631317366,0.191756313388126,0.5019071555696268
18,1,186,1770.0000002775555,3468.178444986122,0.1374339945768517,3.6808322571018266,0.9912161379617869,1.959422849967386
18,4,245,2360.000000000555,3468.178444986122,0.1584130155558727,3.551258274582406,0.8267278190656485,1.4695671377056385
18,6,440,4310.000000000002,3468.178444986122,0.09604681033252462,1.3956042611663528,0.10786223080119198,0.8046817737786822
18,5,700,6910.000000000002,3468.178444986122,0.15812758669901528,4.2806053085052325,0.33973181239260475,0.5019071555696268
19,1,341,3320.0000000000014,4659.315708273504,0.1374339945768517,3.791077114193297,0.7312078463235488,1.4034083458655127
19,0,589,5800.000000000002,4659.315708273504,0.13757670900528043,4.475204388891486,0.49459752225725856,0.8033302945299142
19,2,700,6910.000000000002,4659.315708273504,0.156272299129442,2.652397771361203,0.27948901765504924,0.674285920155355
19,5,700,6910.000000000002,4659.315708273504,0.15812758669901528,5.678987449414816,0.6055118447110539,0.674285920155355
19,6,110,1010.0008335248422,4659.315708273504,0.09604681033252462,2.724092783077785,1.2069943822890599,4.613180062448833
19,4,700,6910.000000000002,4659.315708273504,0.1584130155558727,5.680968565338357,0.6068164405969217,0.674285920155355
19,3,35,262.252839954494,4659.315708273504,0.15612958470101326,0.5548326371360303,1.5390372912616963,17.766502391668997
20,0,558,5490.000000000002,4786.7989153738545,0.13757670900528043,3.022576425616889,0.3625726549216985,0.8719123707420497
20,3,700,6910.000000000002,4786.7989153738545,0.15612958470101326,4.120206852579704,0.44562686129645884,0.6927350094607603
20,1,527,5180.000000000002,4786.7989153738545,0.1374339945768517,3.194643770447551,0.4057252453551677,0.9240924547053769
20,6,440,4310.000000000002,4786.7989153738545,0.09604681033252462,1.7967733622421234,0.19166559466338506,1.1106261984626107
20,4,210,2010.0000000221403,4786.7989153738545,0.1584130155558727,4.478873601196479,1.68969684889632,2.3814919976722027
20,5,280,2710.0000000000146,4786.7989153738545,0.15812758669901528,5.2092539504172555,1.4549868415726963,1.7663464632375752
20,2,700,6910.000000000002,4786.7989153738545,0.156272299129442,3.908425877346501,0.4231077870196572,0.6927350094607603
21,0,620,6110.000000000002,4226.436644411583,0.13757670900528043,2.764266717782183,0.26306193730345684,0.6917244917203899
21,4,105,960.0014115816389,4226.436644411583,0.1584130155558727,2.18824324342159,1.5261209316710804,4.402531697790286
21,2,700,6910.000000000002,4226.436644411583,0.156272299129442,5.359868398453883,0.5123095409500934,0.6116406142419076
21,5,245,2360.000000000555,4226.436644411583,0.15812758669901528,2.5717455458329406,0.7282793558396158,1.7908629849197413
21,1,403,3940.000000000001,4226.436644411583,0.1374339945768517,2.428901467017934,0.3580817671716416,1.0726996559420259
21,3,700,6910.000000000002,4226.436644411583,0.15612958470101326,5.360801206751721,0.511930757066,0.6116406142419076
21,6,176,1670.0000007960207,4226.436644411583,0.09604681033252462,1.0103168096154345,0.24558306617488063,2.5308003846688703
22,1,403,3940.000000000001,5114.973818220396,0.1374339945768517,4.658460272627105,0.8311583246913459,1.29821670513208
22,5,700,6910.000000000002,5114.973818220396,0.15812758669901528,2.149306036222711,0.2515771940630266,0.740227759510911
22,2,700,6910.000000000002,5114.973818220396,0.156272299129442,7.303549643153621,0.8448533975691465,0.740227759510911
22,4,665,6560.000000000001,5114.973818220396,0.1584130155558727,2.113523731344748,0.26105833605674833,0.7797216186311579
22,6,440,4310.000000000002,5114.973818220396,0.09604681033252462,2.976777133283574,0.3393090260058615,1.1867688673365184
22,0,589,5800.000000000002,5114.973818220396,0.13757670900528043,5.073196184175056,0.615519753475785,0.881892037624206
22,3,105,960.0014115816389,5114.973818220396,0.15612958470101326,4.097655124904431,3.4087264581177075,5.328089892902639
23,2,665,6560.000000000001,4660.266876121023,0.156272299129442,4.948339115824494,0.5493490841965855,0.7104065359940583
23,5,175,1660.0000008844675,4660.266876121023,0.15812758669901528,0.7362152735983818,0.3268249215302667,2.807389682914445
23,6,440,4310.000000000002,4660.266876121023,0.09604681033252462,3.11101611388001,0.323086435548462,1.0812684167334157
23,1,279,2700.0000000000164,4660.266876121023,0.1374339945768517,3.8652165587207725,0.916885331167673,1.7260247689337018
23,3,700,6910.000000000002,4660.266876121023,0.15612958470101326,4.999669014633241,0.5264525083993438,0.674423571073954
23,0,310,3010.0000000000014,4660.266876121023,0.13757670900528043,3.991019673230237,0.8501059918173206,1.548261420638213
23,4,700,6910.000000000002,4660.266876121023,0.1584130155558727,2.1904412743679114,0.2340212075639444,0.674423571073954
24,0,31,223.43368382029254,3630.603949733259,0.13757670900528043,0.6870126858919268,1.5358185286961408,16.24913436352484
24,5,245,2360.000000000555,3630.603949733259,0.15812758669901528,3.6455616123923176,0.886827104551041,1.5383915041239007
24,4,700,6910.000000000002,3630.603949733259,0.1584130155558727,4.785885937507856,0.3983401050125118,0.5254130173275338
24,6,132,1230.0000820831015,3630.603949733259,0.09604681033252462,2.1672074718873033,0.6144084379672784,2.951710331258309
24,3,700,6910.000000000002,3630.603949733259,0.15612958470101326,2.4409967795821617,0.20024110784533744,0.5254130173275338
24,1,620,6110.000000000002,3630.603949733259,0.1374339945768517,4.248401767650772,0.34694243004814307,0.594206865750124
24,2,70,610.0563920873398,3630.603949733259,0.156272299129442,0.4744215952647541,0.44122015720365465,5.951259583250916
25,1,62,530.1310020508638,3653.112063105145,0.1374339945768517,1.161231998083474,1.0997474317180462,6.890961005813134
25,6,440,4310.000000000002,3653.112063105145,0.09604681033252462,2.4361956241232328,0.19832653769792127,0.8475898058248592
25,2,315,3060.0000000000014,3653.112063105145,0.156272299129442,1.5542006341035226,0.28995503320197635,1.193827471602988
25,0,31,223.43368382029254,3653.112063105145,0.13757670900528043,0.5352639340761219,1.20400210740396,16.349871696352366
25,4,700,6910.000000000002,3653.112063105145,0.1584130155558727,6.439468359013589,0.5392942904097977,0.5286703419833783
25,3,700,6910.000000000002,3653.112063105145,0.15612958470101326,2.395085801116647,0.19769297096248367,0.5286703419833783
25,5,315,3060.0000000000014,3653.112063105145,0.15812758669901528,5.6405446592325985,1.0648054207573703,1.193827471602988
26,0,155,1460.0000072749747,4095.693100142,0.13757670900528043,0.8916392407998772,0.344118989045126,2.8052692326943407
26,4,630,6210.000000000002,4095.693100142,0.1584130155558727,6.901675622663233,0.7210762828647689,0.6595319001838967
26,2,105,960.0014115816389,4095.693100142,0.156272299129442,2.648333455063808,1.7656727045542608,4.266340706097702
26,3,700,6910.000000000002,4095.693100142,0.15612958470101326,4.406364168074106,0.40776969897921167,0.5927196961131691
26,5,280,2710.0000000000146,4095.693100142,0.15812758669901528,6.065254527631556,1.4494885504755342,1.5113258672110619
26,1,620,6110.000000000002,4095.693100142,0.1374339945768517,1.7237612513844371,0.1588025528886508,0.6703262029692305
26,6,440,4310.000000000002,4095.693100142,0.09604681033252462,2.467977713624529,0.22525493612077177,0.9502768213786539
27,6,154,1450.0000080833054,5545.754246530623,0.09604681033252462,1.8272777414901218,0.6712435514389403,3.824658079734306
27,2,560,5510.000000000002,5545.754246530623,0.156272299129442,4.329444817675116,0.6809625556217761,1.0064889739620002
27,0,620,6110.000000000002,5545.754246530623,0.13757670900528043,1.821264281663987,0.22742452533730623,0.9076520861752245
27,3,525,5160.000000000001,5545.754246530623,0.15612958470101326,4.282790614925734,0.7186591602821353,1.0747585749090354
27,4,700,6910.000000000002,5545.754246530623,0.1584130155558727,5.705322367857934,0.7253600334295733,0.8025693555037079
27,5,700,6910.000000000002,5545.754246530623,0.15812758669901528,5.708498445147681,0.7244561491596735,0.8025693555037079
27,1,527,5180.000000000002,5545.754246530623,0.1374339945768517,1.635327382560879,0.2406189011369635,1.0706089279016644
28,4,420,4110.000000000002,4283.011494829558,0.1584130155558727,2.749907712162241,0.4539587572112132,1.042095254216437
28,2,525,5160.000000000001,4283.011494829558,0.156272299129442,3.614110704160589,0.468795021977177,0.8300409873700691
28,0,620,6110.000000000002,4283.011494829558,0.13757670900528043,3.5095054331456272,0.3384533875131565,0.7009838780408439
28,6,440,4310.000000000002,4283.011494829558,0.09604681033252462,2.002766004174553,0.1911547645945511,0.9937381658537253
28,3,105,960.0014115816389,4283.011494829558,0.15612958470101326,2.3840186046786136,1.660627452426286,4.461463746988802
28,5,700,6910.000000000002,4283.011494829558,0.15812758669901528,3.2409741585935583,0.3176540550596303,0.6198280021461008
28,1,248,2390.0000000004047,4283.011494829558,0.1374339945768517,2.5460106685155672,0.6270551337316765,1.7920550187568336
29,2,385,3760.0000000000014,4446.316540602312,0.156272299129442,2.861157746586512,0.5287329027447646,1.1825309948410399
29,1,620,6110.000000000002,4446.316540602312,0.1374339945768517,5.901466359331451,0.5902191180405589,0.72771138144064
29,5,385,3760.0000000000014,4446.316540602312,0.15812758669901528,2.0253580312047617,0.3787232626637993,1.1825309948410399
29,6,440,4310.000000000002,4446.316540602312,0.09604681033252462,3.0167970207350527,0.2989180529031659,1.0316279676571485
29,3,385,3760.0000000000014,4446.316540602312,0.15612958470101326,2.8575597033826075,0.5275857418626259,1.1825309948410399
29,0,248,2390.0000000004047,4446.316540602312,0.13757670900528043,4.474894596339267,1.145328857523251,1.8603834897914473
29,4,700,6910.000000000002,4446.316540602312,0.1584130155558727,2.7266193660251647,0.2779314585283137,0.6434611491464993
30,6,176,1670.0000007960207,4412.964399346084,0.09604681033252462,2.386641914806901,0.605737084364188,2.6424936510434756
30,1,248,2390.0000000004047,4412.964399346084,0.1374339945768517,4.917335737466639,1.2478332504168443,1.8464286189729442
30,2,105,960.0014115816389,4412.964399346084,0.156272299129442,1.2847113758014208,0.9228818897361641,4.596831156816277
30,5,700,6910.000000000002,4412.964399346084,0.15812758669901528,3.276667470393026,0.3308966642213794,0.6386345006289555
30,0,620,6110.000000000002,4412.964399346084,0.13757670900528043,6.447305090224918,0.6406374928048215,0.7222527658504228
30,3,700,6910.000000000002,4412.964399346084,0.15612958470101326,3.0087962601276237,0.3000062908814723,0.6386345006289555
30,4,490,4810.000000000001,4412.964399346084,0.1584130155558727,2.8521760943474006,0.41452673365165715,0.9174562160802667
31,2,175,1660.0000008844675,4685.432766221868,0.156272299129442,1.3036288146960522,0.5750128830140757,2.8225498576659125
31,6,44,350.8727963568088,4685.432766221868,0.09604681033252462,0.5074023579371627,0.6507818618538295,13.353650710091438
31,0,620,6110.000000000002,4685.432766221868,0.13757670900528043,5.104244939387732,0.5384990275644292,0.766846606582957
31,4,455,4460.000000000002,4685.432766221868,0.1584130155558727,3.65133139224349,0.6076548434769232,1.0505454632784454
31,1,620,6110.000000000002,4685.432766221868,0.1374339945768517,5.132822245579946,0.5409522035580825,0.766846606582957
31,3,700,6910.000000000002,4685.432766221868,0.15612958470101326,2.215303945289767,0.2345255636545998,0.678065523331674
31,5,595,5860.000000000002,4685.432766221868,0.15812758669901528,3.9131846509342423,0.4947548709411083,0.7995619054986121
32,1,279,2700.0000000000164,4444.041914221318,0.1374339945768517,2.8991034574478713,0.655801288619074,1.6459414497115892
32,0,620,6110.000000000002,4444.041914221318,0.13757670900528043,3.4320784275145586,0.34343065330549233,0.7273391021638815
32,5,700,6910.000000000002,4444.041914221318,0.15812758669901528,4.952131731345618,0.5036164770635732,0.6431319702201616
32,6,220,2110.0000000077202,4444.041914221318,0.09604681033252462,0.7344031872819141,0.1485638654911135,2.106181001992918
32,2,700,6910.000000000002,4444.041914221318,0.156272299129442,3.1888848213775214,0.3204947605088589,0.6431319702201616
32,4,490,4810.000000000001,4444.041914221318,0.1584130155558727,4.646412310376968,0.6800513022604588,0.9239172378838496
32,3,70,610.0563920873398,4444.041914221318,0.15612958470101326,2.1957014525428926,2.497276659366571,7.2846411772128095
33,5,140,1310.0000353340838,4252.086491531789,0.15812758669901528,3.8577747494143746,1.9800460536471542,3.2458674632381954
33,2,700,6910.000000000002,4252.086491531789,0.156272299129442,3.658897253224997,0.3518489491664661,0.6153526036949042
33,6,440,4310.000000000002,4252.086491531789,0.09604681033252462,3.0999218316871326,0.2937369013684776,0.9865629910746606
33,3,595,5860.000000000002,4252.086491531789,0.15612958470101326,3.4727546841597503,0.393426658405608,0.7256120292716361
33,0,155,1460.0000072749747,4252.086491531789,0.13757670900528043,1.1974268219842716,0.47978109395331714,2.912387993386466
33,1,620,6110.000000000002,4252.086491531789,0.1374339945768517,2.56056528721067,0.24490119422082834,0.6959225027056936
33,4,385,3760.0000000000014,4252.086491531789,0.1584130155558727,5.130860470572612,0.9191688771528782,1.1308740668967519
34,1,31,223.43368382029254,3902.9180357917135,0.1374339945768517,0.673555010264509,1.6169925745499887,17.46790353656267
34,3,700,6910.000000000002,3902.9180357917135,0.15612958470101326,4.667955057224636,0.41164538801118744,0.5648217128497413
34,4,140,1310.0000353340838,3902.9180357917135,0.1584130155558727,2.6896705185119263,1.2694279827281838,2.979326664519035
34,6,198,1890.0000000783903,3902.9180357917135,0.09604681033252462,3.3288418071593524,0.6602428861552454,2.065035997687743
34,2,700,6910.000000000002,3902.9180357917135,0.156272299129442,4.673986370735989,0.4125540233469694,0.5648217128497413
34,0,620,6110.000000000002,3902.9180357917135,0.13757670900528043,3.1519074615138645,0.2769915977278773,0.6387754559397237
34,5,315,3060.0000000000014,3902.9180357917135,0.15812758669901528,3.598799735296577,0.7258273470998341,1.2754634103894482
35,6,198,1890.0000000783903,5277.031539896213,0.09604681033252462,1.7145157427289854,0.4597823647416273,2.792080179723461
35,3,700,6910.000000000002,5277.031539896213,0.15612958470101326,5.369505583195184,0.6402228130746604,0.7636803965117528
35,4,385,3760.0000000000014,5277.031539896213,0.1584130155558727,1.4455617042839068,0.3213877658843151,1.4034658350787796
35,1,465,4560.000000000002,5277.031539896213,0.1374339945768517,4.339635360834523,0.6901957109918295,1.157243758749169
35,2,560,5510.000000000002,5277.031539896213,0.156272299129442,5.150674855784667,0.7708754730871936,0.957718972757933
35,0,620,6110.000000000002,5277.031539896213,0.13757670900528043,4.657944587902627,0.553461879794248,0.8636712831254029
35,5,700,6910.000000000002,5277.031539896213,0.15812758669901528,1.9656136087756946,0.23736541212982754,0.7636803965117528
36,1,620,6110.000000000002,4460.349650349653,0.1374339945768517,6.235478630688503,0.6255926812896825,0.7300081260801393
36,0,620,6110.000000000002,4460.349650349653,0.13757670900528043,6.221813974681121,0.624869939931361,0.7300081260801393
36,5,490,4810.000000000001,4460.349650349653,0.15812758669901528,2.761483920438454,0.40492443978899095,0.9273076196153123
36,2,350,3410.000000000001,4460.349650349653,0.156272299129442,5.550607604397825,1.134585042222831,1.3080204253224785
36,6,440,4310.000000000002,4460.349650349653,0.09604681033252462,1.0180699792088794,0.10119340569972204,1.0348839095938864
36,4,350,3410.000000000001,4460.349650349653,0.1584130155558727,2.5261636414404665,0.5234399516468339,1.3080204253224785
36,3,350,3410.000000000001,4460.349650349653,0.15612958470101326,5.532336784311757,1.1298176120914893,1.3080204253224785
37,4,665,6560.000000000001,4859.759033005612,0.1584130155558727,3.126785992048674,0.3669441051269873,0.7408169257630505
37,0,589,5800.000000000002,4859.759033005612,0.13757670900528043,6.0315819692604,0.6952850523841583,0.8378894884492432
37,2,700,6910.000000000002,4859.759033005612,0.156272299129442,4.428435936296584,0.4867086405456619,0.7032936371932866
37,3,105,960.0014115816389,4859.759033005612,0.15612958470101326,3.4898983755693296,2.7582958703998237,5.0622415492066555
37,6,440,4310.000000000002,4859.759033005612,0.09604681033252462,0.741916877397029,0.08034810953079377,1.1275543000013015
37,5,350,3410.000000000001,4859.759033005612,0.15812758669901528,2.8504681090076494,0.6423684258881938,1.4251492765412348
37,1,620,6110.000000000002,4859.759033005612,0.1374339945768517,6.076788580567174,0.6642656911202388,0.79537791047555
38,3,700,6910.000000000002,5398.247466826426,0.15612958470101326,2.2711034730820816,0.2770109063169588,0.7812224988171381
38,2,665,6560.000000000001,5398.247466826426,0.156272299129442,2.2190553001074083,0.28536392983203784,0.8229035772601258
38,6,198,1890.0000000783903,5398.247466826426,0.09604681033252462,3.5984503114156086,0.987164302939624,2.8562155907949873
38,5,700,6910.000000000002,5398.247466826426,0.15812758669901528,5.256316357032193,0.6493276266173266,0.7812224988171381
38,1,620,6110.000000000002,5398.247466826426,0.1374339945768517,6.27536364378121,0.7619818842695453,0.8835102237031791
38,4,385,3760.0000000000014,5398.247466826426,0.1584130155558727,4.669549692882495,1.0620153831318213,1.435704113517666
38,0,434,4250.000000000002,5398.247466826426,0.13757670900528043,5.786680075013327,1.0112027649073518,1.2701758745473937
39,1,124,1150.0001906837483,5003.10842651501,0.1374339945768517,3.6581959765384964,2.1872737451748607,4.3505283451651815
39,0,341,3320.0000000000014,5003.10842651501,0.13757670900528043,4.891506726891546,1.014120128443586,1.5069603694322313
39,4,700,6910.000000000002,5003.10842651501,0.1584130155558727,6.312797835611791,0.7240600906499107,0.7240388460947914
39,6,110,1010.0008335248422,5003.10842651501,0.09604681033252462,4.015513766144518,1.9104789133689244,4.9535686114777375
39,5,700,6910.000000000002,5003.10842651501,0.15812758669901528,6.310153229072381,0.7224526955082131,0.7240388460947914
39,3,700,6910.000000000002,5003.10842651501,0.15612958470101326,3.2287353462706454,0.3649887850747018,0.7240388460947914
39,2,665,6560.000000000001,5003.10842651501,0.156272299129442,3.169525187502153,0.37775679460216893,0.7626689674565563
40,0,620,6110.000000000002,5224.830883402313,0.13757670900528043,1.7505075232905032,0.20593962879815822,0.8551278041574978
40,4,525,5160.000000000001,5224.830883402313,0.1584130155558727,5.004223120485095,0.8026940847954515,1.0125641246903705
40,2,350,3410.000000000001,5224.830883402313,0.156272299129442,4.894910869977059,1.1720459777352434,1.5322084702059564
40,1,620,6110.000000000002,5224.830883402313,0.1374339945768517,1.738509882734426,0.20431599220825358,0.8551278041574978
40,5,700,6910.000000000002,5224.830883402313,0.15812758669901528,5.280994557651097,0.6314188650622405,0.7561260323302911
40,3,490,4810.000000000001,5224.830883402313,0.15612958470101326,5.191857163382342,0.8805116404386293,1.0862434269027674
40,6,374,3650.000000000001,5224.830883402313,0.09604681033252462,1.8615095349786934,0.2559337647852877,1.4314605160006333
41,6,440,4310.000000000002,4191.577236041696,0.09604681033252462,0.564704312077773,0.05274778819955817,0.9725237206593258
41,2,245,2360.000000000555,4191.577236041696,0.156272299129442,7.578042850623608,2.1033160143442755,1.7760920491697927
41,3,70,610.0563920873398,4191.577236041696,0.15612958470101326,2.998686203433154,3.216797459900817,6.870802913317563
41,0,620,6110.000000000002,4191.577236041696,0.13757670900528043,3.0737831822277037,0.29010446250050903,0.6860191875681988
41,1,620,6110.000000000002,4191.577236041696,0.1374339945768517,3.080498929334862,0.2904367007297201,0.6860191875681988
41,4,490,4810.000000000001,4191.577236041696,0.1584130155558727,5.349189112743312,0.7384331926180504,0.8714297788028472
41,5,560,5510.000000000002,4191.577236041696,0.15812758669901528,5.41034454857759,0.6508163283500994,0.760721821423175
42,2,700,6910.000000000002,5248.334522658422,0.156272299129442,6.344134826213821,0.7530050123160952,0.7595274273022317
42,1,527,5180.000000000002,5248.334522658422,0.1374339945768517,2.328977343988847,0.3243031614182557,1.013191992791201
42,6,352,3430.000000000001,5248.334522658422,0.09604681033252462,1.537898903942144,0.22601544741700955,1.5301266829907934
42,0,186,1770.0000002775555,5248.334522658422,0.13757670900528043,1.727112402553889,0.7045531509796745,2.9651607467996755
42,3,455,4460.000000000002,5248.334522658422,0.15612958470101326,5.948864633248374,1.0929642106156905,1.176756619430139
42,5,700,6910.000000000002,5248.334522658422,0.15812758669901528,3.6789853996701014,0.4418543841571067,0.7595274273022317
42,4,700,6910.000000000002,5248.334522658422,0.1584130155558727,3.6919050885406275,0.44420643968246637,0.7595274273022317
43,0,589,5800.000000000002,5603.463679177967,0.13757670900528043,4.325103036105913,0.5748703929505726,0.9661144274444767
43,3,560,5510.000000000002,5603.463679177967,0.15612958470101326,4.16490874307323,0.6612956363464988,1.0169625552047123
43,4,350,3410.000000000001,5603.463679177967,0.1584130155558727,2.6837159106352915,0.698601613712192,1.6432444806973505
43,5,700,6910.000000000002,5603.463679177967,0.15812758669901528,3.552929279018806,0.45558846503907874,0.8109209376523828
43,6,418,4090.0000000000014,5603.463679177967,0.09604681033252462,4.084916832062795,0.5375259294294108,1.3700400193589155
43,1,620,6110.000000000002,5603.463679177967,0.1374339945768517,4.389921897346794,0.5533071906742073,0.917097165168243
43,2,700,6910.000000000002,5603.463679177967,0.156272299129442,4.426353863542904,0.5609273887282685,0.8109209376523828
44,3,315,3060.0000000000014,4763.878978241235,0.15612958470101326,2.630326009655815,0.6393432399977523,1.5568231955036709
44,2,245,2360.000000000555,4763.878978241235,0.156272299129442,2.430863394756535,0.7668161882096836,2.0185927873898795
44,4,700,6910.000000000002,4763.878978241235,0.1584130155558727,4.845525099067729,0.5291933542035352,0.6894180865761554
44,6,176,1670.0000007960207,4763.878978241235,0.09604681033252462,4.152041607293101,1.1375981899868899,2.852622141299694
44,5,630,6210.000000000002,4763.878978241235,0.15812758669901528,4.719984792698296,0.5725551985479788,0.7671302702481858
44,0,620,6110.000000000002,4763.878978241235,0.13757670900528043,6.27086017701477,0.6726537126598213,0.7796855938201692
44,1,620,6110.000000000002,4763.878978241235,0.1374339945768517,6.256751540173955,0.6704441238056676,0.7796855938201692
45,1,620,6110.000000000002,4500.99539851074,0.1374339945768517,6.03342176035552,0.6108368285479138,0.7366604580213976
45,3,490,4810.000000000001,4500.99539851074,0.15612958470101326,1.4577824968623678,0.2129812779316102,0.9357578791082619
45,4,700,6910.000000000002,4500.99539851074,0.1584130155558727,4.7899746837297466,0.4942590168070524,0.6513741531853458
45,0,217,2080.00000001059,4500.99539851074,0.13757670900528043,4.5331718936717795,1.3495604357145643,2.1639400954268386
45,2,280,2710.0000000000146,4500.99539851074,0.156272299129442,0.992922097127885,0.2577130766084828,1.6608839108895632
45,6,22,138.8629381196525,4500.99539851074,0.09604681033252462,0.4041510701767635,1.2581977343442408,32.41322313540865
45,5,700,6910.000000000002,4500.99539851074,0.15812758669901528,4.77023834825562,0.4913356130673172,0.6513741531853458
46,5,700,6910.000000000002,4596.980162832542,0.15812758669901528,5.472782263856913,0.5757187783214679,0.6652648571392968
46,2,315,3060.0000000000014,4596.980162832542,0.156272299129442,4.343759870788456,1.0197624440985817,1.5022810989648825
46,1,434,4250.000000000002,4596.980162832542,0.1374339945768517,5.361183499804728,0.7969637015953757,1.0816423912547153
46,6,440,4310.000000000002,4596.980162832542,0.09604681033252462,0.1632230133546533,0.0167209018487187,1.0665847245551137
46,4,595,5860.000000000002,4596.980162832542,0.1584130155558727,5.437995437105541,0.6757790341409524,0.7844676045789318
46,0,620,6110.000000000002,4596.980162832542,0.13757670900528043,5.544906402015259,0.5739453682715115,0.7523699120838856
46,3,175,1660.0000008844675,4596.980162832542,0.15612958470101326,4.3038542256628665,1.8608325703967044,2.76926515685736
47,0,620,6110.000000000002,4982.814328528776,0.13757670900528043,3.7659655760991737,0.4225272826993697,0.8155178933762315
47,5,700,6910.000000000002,4982.814328528776,0.15812758669901528,4.977570474052914,0.5675729873423015,0.7211019288753654
47,3,385,3760.0000000000014,4982.814328528776,0.15612958470101326,4.217356391834855,0.8725942909816382,1.3252165767363762
47,4,245,2360.000000000555,4982.814328528776,0.1584130155558727,4.506153062077829,1.5071604962306786,2.111362003613392
47,2,665,6560.000000000001,4982.814328528776,0.156272299129442,4.514156204818647,0.5358329916893481,0.7595753549586548
47,1,620,6110.000000000002,4982.814328528776,0.1374339945768517,3.7844295611564247,0.42415841765109996,0.8155178933762315
47,6,242,2330.000000000761,4982.814328528776,0.09604681033252462,0.3320493425922718,0.06820313772294481,2.1385469221146565
48,3,70,610.0563920873398,4640.164363207694,0.15612958470101326,1.9766561665151932,2.3473601014967547,7.606123668881051
48,1,620,6110.000000000002,4640.164363207694,0.1374339945768517,2.8867666061130386,0.30129921245348384,0.7594377026526502
48,0,434,4250.000000000002,4640.164363207694,0.13757670900528043,2.4618271659614903,0.3697829735727042,1.0918033795782804
48,2,490,4810.000000000001,4640.164363207694,0.156272299129442,4.43875264861352,0.6691619438958216,0.9646911358020152
48,4,700,6910.000000000002,4640.164363207694,0.1584130155558727,4.1023934665855695,0.43639874212890967,0.671514379624847
48,5,700,6910.000000000002,4640.164363207694,0.15812758669901528,4.095911188325095,0.4349241177071883,0.671514379624847
48,6,198,1890.0000000783903,4640.164363207694,0.09604681033252462,2.6754983043160907,0.6308980527108403,2.4551134195847815
49,0,620,6110.000000000002,5263.6549165120605,0.13757670900528043,4.908626323053694,0.5817696854426904,0.8614819830625301
49,5,385,3760.0000000000014,5263.6549165120605,0.15812758669901528,4.098155971708441,0.907184644483972,1.3999082224766113
49,1,527,5180.000000000002,5263.6549165120605,0.1374339945768517,4.706118615538276,0.6572259281258562,1.0161495977822508
49,3,700,6910.000000000002,5263.6549165120605,0.15612958470101326,4.274975640083976,0.5084265377213576,0.761744561000298
49,2,525,5160.000000000001,5263.6549165120605,0.156272299129442,3.946125615214494,0.6290578919361163,1.0200881621147402
49,6,440,4310.000000000002,5263.6549165120605,0.09604681033252462,5.099956982293717,0.5982181683848556,1.2212656418821481
49,4,525,5160.000000000001,5263.6549165120605,0.1584130155558727,4.450440024217296,0.7191699322456584,1.0200881621147402
50,2,700,6910.000000000002,5259.5761382240225,0.156272299129442,2.950294601434342,0.35092966780266577,0.7611542891785849
50,5,525,5160.000000000001,5259.5761382240225,0.15812758669901528,3.7275179028070102,0.6007979272050903,1.0192977012062057
50,4,700,6910.000000000002,5259.5761382240225,0.1584130155558727,4.108385724344628,0.4953757829899142,0.7611542891785849
50,0,465,4560.000000000002,5259.5761382240225,0.13757670900528043,4.874558823749413,0.7735103616905131,1.1534158197859694
50,1,620,6110.000000000002,5259.5761382240225,0.1374339945768517,5.277654503172802,0.6243737870762187,0.8608144252412473
50,3,420,4110.000000000002,5259.5761382240225,0.15612958470101326,2.3629726829154314,0.47212046916381817,1.2797022234121704
50,6,176,1670.0000007960207,5259.5761382240225,0.09604681033252462,3.025489792727081,0.9151934723305326,3.14944678785449
51,2,630,6210.000000000002,5326.362209219409,0.156272299129442,3.3923337742516457,0.4546944719824621,0.8577072800675375
51,6,440,4310.000000000002,5326.362209219409,0.09604681033252462,0.758908944784697,0.09007951613109716,1.2358148977307208
51,3,630,6210.000000000002,5326.362209219409,0.15612958470101326,3.38169795960892,0.4528549469226547,0.8577072800675375
51,1,341,3320.0000000000014,5326.362209219409,0.1374339945768517,4.701972178208232,1.0367327965843725,1.6043259666323515
51,0,248,2390.0000000004047,5326.362209219409,0.13757670900528043,4.426821183599594,1.3572807556554787,2.228603434819459
51,4,700,6910.000000000002,5326.362209219409,0.1584130155558727,4.0686540813897825,0.49681451748718375,0.7708194224630113
51,5,700,6910.000000000002,5326.362209219409,0.15812758669901528,4.040832028963448,0.49252818701382794,0.7708194224630113
52,1,620,6110.000000000002,4449.610613226796,0.1374339945768517,4.4334275901014175,0.44372570331108946,0.7282505095297537
52,6,440,4310.000000000002,4449.610613226796,0.09604681033252462,0.2721858053944169,0.026989395457331988,1.032392253648908
52,4,105,960.0014115816389,4449.610613226796,0.1584130155558727,3.9633002348654243,2.9100333761759347,4.6350042401457445
52,3,560,5510.000000000002,4449.610613226796,0.15612958470101326,4.696046889263989,0.5920904246408404,0.8075518354313601
52,5,210,2010.0000000221403,4449.610613226796,0.15812758669901528,4.194311545436686,1.4682306257810775,2.213736623471534
52,2,665,6560.000000000001,4449.610613226796,0.156272299129442,4.784412732868026,0.5071410987374679,0.6782943007967676
52,0,620,6110.000000000002,4449.610613226796,0.13757670900528043,4.408767251923519,0.44171575077742026,0.7282505095297537
53,5,700,6910.000000000002,4959.408790059675,0.15812758669901528,2.799022284798851,0.3176624339247109,0.7177147308335273
53,0,620,6110.000000000002,4959.408790059675,0.13757670900528043,3.540093156870425,0.3953195607642301,0.8116871996824343
53,3,665,6560.000000000001,4959.408790059675,0.15612958470101326,5.5947574875637835,0.6603779119728518,0.7560074375090967
53,6,44,350.8727963568088,4959.408790059675,0.09604681033252462,1.2841585562039604,1.7433388396111456,14.13449216227172
53,1,620,6110.000000000002,4959.408790059675,0.1374339945768517,3.5269372482908334,0.39344189171337024,0.8116871996824343
53,4,385,3760.0000000000014,4959.408790059675,0.1584130155558727,2.0950373744140305,0.43774853242849304,1.3189916994839557
53,2,350,3410.000000000001,4959.408790059675,0.156272299129442,4.8684620320369385,1.106494647721469,1.4543720791963852
54,1,620,6110.000000000002,5282.3162551734085,0.1374339945768517,3.967936592176866,0.4714569930845438,0.8645362119760077
54,4,525,5160.000000000001,5282.3162551734085,0.1584130155558727,3.0619180656099894,0.49654558405820776,1.0237047006150015
54,6,264,2550.0000000000755,5282.3162551734085,0.09604681033252462,3.8362964458509623,0.7632719892917519,2.071496570656177
54,2,280,2710.0000000000146,5282.3162551734085,0.156272299129442,4.606916042700011,1.4032899262539122,1.9491941901008782
54,5,665,6560.000000000001,5282.3162551734085,0.15812758669901528,3.3203832674914375,0.42278193222416965,0.805231136459361
54,0,620,6110.000000000002,5282.3162551734085,0.13757670900528043,3.960418400806775,0.4710523501753845,0.8645362119760077
54,3,700,6910.000000000002,5282.3162551734085,0.15612958470101326,5.679779436338481,0.6778959312168755,0.7644451888818244
55,2,525,5160.000000000001,3679.6390674617296,0.156272299129442,2.988107318462684,0.3329919329653746,0.7131083464073118
55,6,440,4310.000000000002,3679.6390674617296,0.09604681033252462,2.609878183232168,0.21400855506703717,0.8537445632161782
55,1,62,530.1310020508638,3679.6390674617296,0.1374339945768517,0.98296085504457,0.9376751602829606,6.940999589208488
55,5,700,6910.000000000002,3679.6390674617296,0.15812758669901528,3.7449153934666377,0.31533837633612255,0.5325092717021315
55,3,35,262.252839954494,3679.6390674617296,0.15612958470101326,0.7528568927420733,1.6492354326027845,14.030883585856378
55,4,700,6910.000000000002,3679.6390674617296,0.1584130155558727,3.748473110188925,0.3162076953547764,0.5325092717021315
55,0,124,1150.0001906837483,3679.6390674617296,0.13757670900528043,1.7045273456569379,0.7503367161088044,3.199685615072768
56,1,620,6110.000000000002,5566.330197855404,0.1374339945768517,4.640978496983101,0.5810740501351931,0.9110196723167597
56,5,630,6210.000000000002,5566.330197855404,0.15812758669901528,5.961111798925519,0.8449135500804601,0.8963494682536879
56,6,88,790.008464149783,5566.330197855404,0.09604681033252462,1.5727125311152168,1.0643133628866044,7.045912101519011
56,2,700,6910.000000000002,5566.330197855404,0.156272299129442,1.7594649069444739,0.22148969688019438,0.8055470619182926
56,4,700,6910.000000000002,5566.330197855404,0.1584130155558727,6.06401167213583,0.7738233098871484,0.8055470619182926
56,0,589,5800.000000000002,5566.330197855404,0.13757670900528043,4.592930774780266,0.6064231722626959,0.9597121030785176
56,3,455,4460.000000000002,5566.330197855404,0.15612958470101326,1.296600319560278,0.2526535678149259,1.2480560981738569
57,0,620,6110.000000000002,4101.345802785542,0.13757670900528043,4.498911480318601,0.4154679647007114,0.6712513588847039
57,4,420,4110.000000000002,4101.345802785542,0.1584130155558727,6.011383971785923,0.9502762967999772,0.9978943559088906
57,6,242,2330.000000000761,4101.345802785542,0.09604681033252462,1.1325917721595233,0.19148149789589194,1.7602342501219757
57,1,620,6110.000000000002,4101.345802785542,0.1374339945768517,4.503660811480795,0.4154751202218877,0.6712513588847039
57,3,175,1660.0000008844675,4101.345802785542,0.15612958470101326,1.610463729689197,0.6212329072243754,2.4706902413254803
57,2,700,6910.000000000002,4101.345802785542,0.156272299129442,2.2219250268519435,0.20609134006094773,0.5935377428054329
57,5,140,1310.0000353340838,4101.345802785542,0.15812758669901528,4.848874110695667,2.400510624803258,3.1307982382913395
58,6,242,2330.000000000761,4397.866642505065,0.09604681033252462,1.1025647960816012,0.19988177776835908,1.8874964130916863
58,5,105,960.0014115816389,4397.866642505065,0.15812758669901528,2.645562947498085,1.916443088168689,4.581104349898207
58,4,700,6910.000000000002,4397.866642505065,0.1584130155558727,3.9998205084544622,0.40326949628942216,0.6364495864696185
58,2,700,6910.000000000002,4397.866642505065,0.156272299129442,3.125073419962535,0.3108180528008385,0.6364495864696185
58,1,434,4250.000000000002,4397.866642505065,0.1374339945768517,3.2464564052890883,0.4616968068877197,1.0347921511776619
58,3,280,2710.0000000000146,4397.866642505065,0.15612958470101326,2.4615003562842985,0.6236743349594099,1.622829019374554
58,0,620,6110.000000000002,4397.866642505065,0.13757670900528043,3.6161182463346386,0.3580868605725883,0.719781774550747
59,6,132,1230.0000820831015,4872.5264236419125,0.09604681033252462,3.433763969032675,1.3064790454143265,3.9614033320956428
59,1,620,6110.000000000002,4872.5264236419125,0.1374339945768517,5.207771825178923,0.5707673343935075,0.7974674997777269
59,3,560,5510.000000000002,4872.5264236419125,0.15612958470101326,5.875319825519162,0.8111838977803396,0.884306065996717
59,5,665,6560.000000000001,4872.5264236419125,0.15812758669901528,2.6086311358955765,0.3063872439889884,0.7427631743356573
59,4,70,610.0563920873398,4872.5264236419125,0.1584130155558727,1.3976310025968997,1.7683474806088237,7.987009868006315
59,2,700,6910.000000000002,4872.5264236419125,0.156272299129442,6.105669212534109,0.6728084373025742,0.705141305881608
59,0,620,6110.000000000002,4872.5264236419125,0.13757670900528043,5.210229557859065,0.5716296766345113,0.7974674997777269
60,0,620,6110.000000000002,4194.155849753227,0.13757670900528043,4.438455975491675,0.4191603429097269,0.6864412192722137
60,3,700,6910.000000000002,4194.155849753227,0.15612958470101326,6.002156450948992,0.5687992733198302,0.6069690086473554
60,6,286,2770.000000000008,4194.155849753227,0.09604681033252462,2.5436464082569583,0.36991716321471796,1.5141356858314854
60,2,350,3410.000000000001,4194.155849753227,0.156272299129442,5.290909020559843,1.0169567439643317,1.2299577272003595
60,4,140,1310.0000353340838,4194.155849753227,0.1584130155558727,0.590365585830471,0.2994229959194966,3.2016456004778724
60,5,280,2710.0000000000146,4194.155849753227,0.15812758669901528,1.0586967984208493,0.2590923058067219,1.5476589851487839
60,1,620,6110.000000000002,4194.155849753227,0.1374339945768517,4.464067624845984,0.42114174146572214,0.6864412192722137
61,1,248,2390.0000000004047,4903.700586906456,0.1374339945768517,3.0917017414152785,0.8718018859258124,2.0517575677429396
61,6,154,1450.0000080833054,4903.700586906456,0.09604681033252462,0.4148647329549221,0.13475516018671896,3.381862454875744
61,4,630,6210.000000000002,4903.700586906456,0.1584130155558727,3.278682627526793,0.41013098924586516,0.789645827199107
61,3,700,6910.000000000002,4903.700586906456,0.15612958470101326,4.919731457820077,0.5450953780688012,0.7096527622151164
61,2,700,6910.000000000002,4903.700586906456,0.156272299129442,4.923560131889301,0.5460182334868809,0.7096527622151164
61,5,700,6910.000000000002,4903.700586906456,0.15812758669901528,3.357598213908036,0.37677516231974945,0.7096527622151164
61,0,155,1460.0000072749747,4903.700586906456,0.13757670900528043,2.840184960898741,1.31238913660053,3.358699015391785
62,4,665,6560.000000000001,5062.2744957825225,0.1584130155558727,5.195714243619177,0.6351524388103305,0.7716881853327014
62,2,700,6910.000000000002,5062.2744957825225,0.156272299129442,3.901424087517442,0.44665562311868207,0.7326012294909582
62,3,315,3060.0000000000014,5062.2744957825225,0.15612958470101326,3.2681326269823834,0.8441296231485585,1.6543380705171635
62,1,620,6110.000000000002,5062.2744957825225,0.1374339945768517,2.762131413508578,0.3145161762363389,0.8285228307336369
62,6,44,350.8727963568088,5062.2744957825225,0.09604681033252462,0.234569809207033,0.3250506612155607,14.42766309712596
62,5,700,6910.000000000002,5062.2744957825225,0.15812758669901528,5.225234283156947,0.6053144670647561,0.7326012294909582
62,0,372,3630.000000000001,5062.2744957825225,0.13757670900528043,2.395438060800333,0.45958826145775833,1.3945659767995926
63,2,105,960.0014115816389,4585.403468908823,0.156272299129442,1.2394661777510094,0.9251717551458817,4.7764549234924525
63,4,700,6910.000000000002,4585.403468908823,0.1584130155558727,6.515156483408075,0.6848811611140263,0.6635895034600321
63,1,620,6110.000000000002,4585.403468908823,0.1374339945768517,3.0662794301551117,0.31625852723981573,0.7504751994940788
63,0,620,6110.000000000002,4585.403468908823,0.13757670900528043,3.065180793517072,0.31647350499074334,0.7504751994940788
63,3,665,6560.000000000001,4585.403468908823,0.15612958470101326,2.9080290825730697,0.31736400331707953,0.6989944312361009
63,5,350,3410.000000000001,4585.403468908823,0.15812758669901528,5.817104823069103,1.236908884130352,1.3446930993867512
63,6,110,1010.0008335248422,4585.403468908823,0.09604681033252462,1.5550604639663643,0.6780879857437914,4.539999687828019
64,2,315,3060.0000000000014,3804.584290712039,0.156272299129442,1.3460270041108147,0.2615300268457985,1.2433281995790972
64,5,105,960.0014115816389,3804.584290712039,0.15812758669901528,3.593046786672671,2.251675767695076,3.963102808821751
64,0,620,6110.000000000002,3804.584290712039,0.13757670900528043,4.160115746668194,0.3563824676771477,0.6226815533080259
64,3,700,6910.000000000002,3804.584290712039,0.15612958470101326,2.2203423992792084,0.19086852602959803,0.5505910695675887
64,6,110,1010.0008335248422,3804.584290712039,0.09604681033252462,2.144525312683082,0.7758890122407145,3.7669120305913695
64,1,620,6110.000000000002,3804.584290712039,0.1374339945768517,4.1580489771345785,0.3558359071168725,0.6226815533080259
64,4,210,2010.0000000221403,3804.584290712039,0.1584130155558727,4.8478798953387345,1.4536299620121211,1.8928280053085231
65,4,700,6910.000000000002,5092.197802197861,0.1584130155558727,2.5737403761969917,0.3004573377145703,0.7369316645727728
65,5,280,2710.0000000000146,5092.197802197861,0.15812758669901528,1.5301796346324112,0.45465925369658794,1.8790397794087947
65,2,700,6910.000000000002,5092.197802197861,0.156272299129442,3.825051979782118,0.4405006572255383,0.7369316645727728
65,3,630,6210.000000000002,5092.197802197861,0.15612958470101326,3.7119807215163885,0.47523080183368044,0.8199996460866119
65,1,248,2390.0000000004047,5092.197802197861,0.1374339945768517,3.6118646213191785,1.0576281405572057,2.130626695479916
65,0,620,6110.000000000002,5092.197802197861,0.13757670900528043,4.8097323789769195,0.5514801480494781,0.8334202622255089
65,6,374,3650.000000000001,5092.197802197861,0.09604681033252462,2.611389665867057,0.34991860033049615,1.3951226855336603
66,1,248,2390.0000000004047,4172.957042957188,0.1374339945768517,4.889891262627329,1.1733818993245968,1.7460071309441343
66,2,700,6910.000000000002,4172.957042957188,0.156272299129442,6.464540785460108,0.610078258421047,0.6039011639590719
66,6,440,4310.000000000002,4172.957042957188,0.09604681033252462,3.3033776333579072,0.30719052384571494,0.9682034902452867
66,5,315,3060.0000000000014,4172.957042957188,0.15812758669901528,1.321212414994181,0.2849067747775485,1.3637114519467928
66,4,245,2360.000000000555,4172.957042957188,0.1584130155558727,1.0992735519296273,0.307913373238919,1.7682021368458503
66,0,310,3010.0000000000014,4172.957042957188,0.13757670900528043,5.185074818043932,0.9889568940280692,1.3863644660987329
66,3,700,6910.000000000002,4172.957042957188,0.15612958470101326,6.47513494632532,0.6105199992550945,0.6039011639590719
67,6,286,2770.000000000008,4490.382026547417,0.09604681033252462,2.0206121465292277,0.31460775806004193,1.621076543879929
67,0,186,1770.0000002775555,4490.382026547417,0.13757670900528043,3.397345848167739,1.185754280088516,2.536938997651568
67,2,35,262.252839954494,4490.382026547417,0.156272299129442,1.1165176710776759,2.9875191217882953,17.12233898907095
67,1,620,6110.000000000002,4490.382026547417,0.1374339945768517,4.75242542413343,0.480011410050679,0.7349234086002316
67,4,700,6910.000000000002,4490.382026547417,0.1584130155558727,2.1342613282636402,0.21970690187036848,0.64983820934116
67,3,700,6910.000000000002,4490.382026547417,0.15612958470101326,6.86454381866922,0.6964695436272756,0.64983820934116
67,5,595,5860.000000000002,4490.382026547417,0.15812758669901528,1.9591737176533979,0.23739210085593268,0.7662767963391494
68,0,217,2080.00000001059,5029.591836736153,0.13757670900528043,1.0804270479517923,0.35942623354394104,2.4180729984185314
68,2,315,3060.0000000000014,5029.591836736153,0.156272299129442,3.8498392139083815,0.9888625040649008,1.6436574629856702
68,1,527,5180.000000000002,5029.591836736153,0.1374339945768517,1.8164944136080956,0.24239922051517634,0.970963675045589
68,4,700,6910.000000000002,5029.591836736153,0.1584130155558727,4.846157370696007,0.5587828512571245,0.727871466966158
68,6,308,2990.000000000002,5029.591836736153,0.09604681033252462,2.242053445248565,0.36223504273884904,1.682137738038846
68,3,700,6910.000000000002,5029.591836736153,0.15612958470101326,4.6312061165868394,0.5263007752466905,0.727871466966158
68,5,700,6910.000000000002,5029.591836736153,0.15812758669901528,4.840163373769758,0.5570861468910521,0.727871466966158
69,1,620,6110.000000000002,3768.6016222178073,0.1374339945768517,3.1620708044912402,0.2680431916068136,0.6167924095282825
69,6,440,4310.000000000002,3768.6016222178073,0.09604681033252462,3.6509215443075065,0.306611477321367,0.8743855271967067
69,0,403,3940.000000000001,3768.6016222178073,0.13757670900528043,2.7152154562448927,0.3573001697231214,0.9564978736593417
69,5,210,2010.0000000221403,3768.6016222178073,0.15812758669901528,6.31116426486259,1.8711185322219719,1.874926180187212
69,4,105,960.0014115816389,3768.6016222178073,0.1584130155558727,3.8305107777178984,2.382077620921506,3.925620917586874
69,2,700,6910.000000000002,3768.6016222178073,0.156272299129442,3.2904815752621315,0.2804423827493508,0.5453837369345595
69,3,280,2710.0000000000146,3768.6016222178073,0.15612958470101326,2.2936488604031116,0.4979928139771552,1.3906279048774122
70,1,620,6110.000000000002,4623.290994720395,0.1374339945768517,4.2207429845278135,0.4389278077366879,0.7566761038822248
70,2,245,2360.000000000555,4623.290994720395,0.156272299129442,1.182153100488509,0.3619053085737203,1.9590216079319103
70,0,372,3630.000000000001,4623.290994720395,0.13757670900528043,3.6546203922734932,0.6403712030183768,1.2736338828430838
70,4,700,6910.000000000002,4623.290994720395,0.1584130155558727,6.869857443180852,0.7281347669861399,0.6690725028538921
70,6,220,2110.0000000077202,4623.290994720395,0.09604681033252462,2.84157003100017,0.5980122555813053,2.1911331728452508
70,3,700,6910.000000000002,4623.290994720395,0.15612958470101326,2.239661445062571,0.2339595407622601,0.6690725028538921
70,5,350,3410.000000000001,4623.290994720395,0.15812758669901528,6.121687567236796,1.3124285034749175,1.355803810768444
71,0,620,6110.000000000002,4165.947991380209,0.13757670900528043,4.590272081060798,0.4305821068052466,0.6818245485073989
71,2,420,4110.000000000002,4165.947991380209,0.156272299129442,2.245603318107142,0.35570262072280057,1.0136126499708533
71,6,44,350.8727963568088,4165.947991380209,0.09604681033252462,0.32744189645467625,0.37340604073973943,11.87310054993201
71,4,700,6910.000000000002,4165.947991380209,0.1584130155558727,3.8340129451514655,0.3661678690512548,0.6028868294327363
71,3,700,6910.000000000002,4165.947991380209,0.15612958470101326,2.6814181564854978,0.2523977893074246,0.6028868294327363
71,1,124,1150.0001906837483,4165.947991380209,0.1374339945768517,2.556821840785076,1.2729477229704211,3.622562870101167
71,5,210,2010.0000000221403,4165.947991380209,0.15812758669901528,2.9592442441096978,0.9698537309879192,2.0726109409623485
72,3,700,6910.000000000002,4958.792635973679,0.15612958470101326,5.55629897954252,0.6225420786066883,0.7176255623695627
72,2,420,4110.000000000002,4958.792635973679,0.156272299129442,5.076114930879557,0.957078530290312,1.2065188895313084
72,6,374,3650.000000000001,4958.792635973679,0.09604681033252462,2.2546436468800795,0.29420086139213075,1.3585733249242953
72,4,700,6910.000000000002,4958.792635973679,0.1584130155558727,1.832027923285051,0.20826718656826548,0.7176255623695627
72,5,700,6910.000000000002,4958.792635973679,0.15812758669901528,1.7997346244555386,0.20422740313485008,0.7176255623695627
72,1,341,3320.0000000000014,4958.792635973679,0.1374339945768517,4.997560326520965,1.0258646829599776,1.4936122397511076
72,0,186,1770.0000002775555,4958.792635973679,0.13757670900528043,4.088350469517686,1.5757804777308526,2.8015777599977887
73,5,700,6910.000000000002,4649.939327574126,0.15812758669901528,1.9356928701988363,0.20597444066771733,0.6729289909658647
73,1,93,840.0049979958054,4649.939327574126,0.1374339945768517,2.223195011540135,1.6913642433932234,5.535609119789243
73,0,620,6110.000000000002,4649.939327574126,0.13757670900528043,4.732438145768161,0.49549119200518543,0.7610375331545212
73,6,132,1230.0000820831015,4649.939327574126,0.09604681033252462,2.0727371906233607,0.7526088700148733,3.7804382254179116
73,4,490,4810.000000000001,4649.939327574126,0.1584130155558727,1.5686501483779793,0.24022553324086088,0.9667233529260135
73,2,420,4110.000000000002,4649.939327574126,0.156272299129442,5.870026379840658,1.0378331031736043,1.1313720991664535
73,3,700,6910.000000000002,4649.939327574126,0.15612958470101326,6.37824137231704,0.6701243417591238,0.6729289909658647
74,5,280,2710.0000000000146,4027.269724390434,0.15812758669901528,3.4784051262730027,0.8173898334063232,1.486077389073953
74,1,310,3010.0000000000014,4027.269724390434,0.1374339945768517,1.2019527169251836,0.22101704839544958,1.3379633635848611
74,0,620,6110.000000000002,4027.269724390434,0.13757670900528043,1.756671175382282,0.1592960102622341,0.6591276144665192
74,2,700,6910.000000000002,4027.269724390434,0.156272299129442,5.68449142992326,0.5177335246218342,0.5828176156860251
74,4,105,960.0014115816389,4027.269724390434,0.1584130155558727,2.548845142942886,1.6938430139814513,4.195066461157962
74,3,700,6910.000000000002,4027.269724390434,0.15612958470101326,5.6530163850513375,0.5143966346340516,0.5828176156860251
74,6,44,350.8727963568088,4027.269724390434,0.09604681033252462,0.8813922036058618,0.9716574178217735,11.47786253652743
75,4,315,3060.0000000000014,4978.965012794331,0.1584130155558727,4.397413233137913,1.1334589296976427,1.6271127492791926
75,3,665,6560.000000000001,4978.965012794331,0.15612958470101326,4.571748390560217,0.5417547905183783,0.7589885690235261
75,1,620,6110.000000000002,4978.965012794331,0.1374339945768517,1.7025103687982832,0.19066975102148429,0.814887890801036
75,6,66,570.0859504455718,4978.965012794331,0.09604681033252462,0.8528180855148836,0.7153821258113062,8.733709379967769
75,5,700,6910.000000000002,4978.965012794331,0.15812758669901528,5.188010480664129,0.5911116445579352,0.720544864369657
75,2,420,4110.000000000002,4978.965012794331,0.156272299129442,4.1110548767150865,0.7782740111658206,1.2114270104122455
75,0,620,6110.000000000002,4978.965012794331,0.13757670900528043,1.7093555980529056,0.19163516248336376,0.814887890801036
76,5,315,3060.0000000000014,4610.729958400176,0.15812758669901528,4.172939738135866,0.9942555333492626,1.5067744962092071
76,6,154,1450.0000080833054,4610.729958400176,0.09604681033252462,0.7806435382611734,0.23841709854343135,3.1798137466874277
76,4,560,5510.000000000002,4610.729958400176,0.1584130155558727,4.6416317621597445,0.6152896828355314,0.8367930958983982
76,3,700,6910.000000000002,4610.729958400176,0.15612958470101326,2.8332681035482175,0.2951647676900131,0.6672546973082741
76,2,700,6910.000000000002,4610.729958400176,0.156272299129442,2.851330580591882,0.2973180073082824,0.6672546973082741
76,0,620,6110.000000000002,4610.729958400176,0.13757670900528043,3.7147922219714093,0.38566295174876114,0.7546202877905359
76,1,93,840.0049979958054,4610.729958400176,0.1374339945768517,2.0063387140627706,1.5135132942509335,5.488931577075211
77,1,558,5490.000000000002,5359.656058227488,0.1374339945768517,4.656510525785259,0.6247688023734057,0.9762579341033673
77,3,630,6210.000000000002,5359.656058227488,0.15612958470101326,2.283502414400356,0.3077031911946772,0.8630686084102233
77,0,620,6110.000000000002,5359.656058227488,0.13757670900528043,4.806035680577878,0.5799994981500587,0.8771941175495067
77,5,350,3410.000000000001,5359.656058227488,0.15812758669901528,3.246087376100407,0.8067712075483947,1.5717466446414916
77,6,440,4310.000000000002,5359.656058227488,0.09604681033252462,2.308778988096978,0.2757559923873184,1.2435396886838714
77,2,700,6910.000000000002,5359.656058227488,0.156272299129442,2.3869490540074976,0.2893237096581496,0.775637635054629
77,4,490,4810.000000000001,5359.656058227488,0.1584130155558727,3.552118783745665,0.6270038190001023,1.1142736087791032
78,3,210,2010.0000000221403,4300.711665126755,0.15612958470101326,2.42403455769472,0.8097823020280037,2.139657544815613
78,2,420,4110.000000000002,4300.711665126755,0.156272299129442,3.055541733347488,0.49965326135798965,1.0464018649943438
78,1,31,223.43368382029254,4300.711665126755,0.1374339945768517,0.6558192161954381,1.7348821890171982,19.248269068444543
78,0,527,5180.000000000002,4300.711665126755,0.13757670900528043,5.121760016653149,0.5850253822243502,0.830253217205937
78,6,440,4310.000000000002,4300.711665126755,0.09604681033252462,3.004141106271615,0.28791635221642126,0.9978449339041191
78,4,700,6910.000000000002,4300.711665126755,0.1584130155558727,2.5825149370357363,0.2546220339043173,0.6223895318562597
78,5,700,6910.000000000002,4300.711665126755,0.15812758669901528,2.5769883293925404,0.2536193435710107,0.6223895318562597
79,5,490,4810.000000000001,4915.7571055595845,0.15812758669901528,2.429388975334509,0.3925997678702928,1.0219869242327617
79,6,242,2330.000000000761,4915.7571055595845,0.09604681033252462,1.9811598178235355,0.4014550749068328,2.109766998093553
79,0,527,5180.000000000002,4915.7571055595845,0.13757670900528043,3.76141141895011,0.4910847082561681,0.9489878582161356
79,1,620,6110.000000000002,4915.7571055595845,0.1374339945768517,3.9880093533321337,0.4409603526938419,0.8045428978002591
79,2,700,6910.000000000002,4915.7571055595845,0.156272299129442,3.855718808251531,0.428646936192377,0.7113975550737458
79,3,140,1310.0000353340838,4915.7571055595845,0.15612958470101326,2.3737023598593985,1.3906907766596974,3.7524862389075735
79,4,700,6910.000000000002,4915.7571055595845,0.1584130155558727,2.8314298940161344,0.3190869498218968,0.7113975550737458
80,3,385,3760.0000000000014,4508.999577444012,0.15612958470101326,2.9976274718953553,0.5612485272515144,1.1992020152776623
80,1,279,2700.0000000000164,4508.999577444012,0.1374339945768517,2.0463418773339312,0.469665643233859,1.669999843497772
80,2,700,6910.000000000002,4508.999577444012,0.156272299129442,3.553965131272645,0.3624076123648776,0.6525325003536919
80,6,440,4310.000000000002,4508.999577444012,0.09604681033252462,1.9944298902442605,0.20040319697781897,1.046171595694666
80,4,700,6910.000000000002,4508.999577444012,0.1584130155558727,4.373019940793318,0.452037501930824,0.6525325003536919
80,5,140,1310.0000353340838,4508.999577444012,0.15812758669901528,2.9431845785970183,1.6018949394030493,3.4419843174233966
80,0,558,5490.000000000002,4508.999577444012,0.13757670900528043,2.7344728723884986,0.3089771662943121,0.821311398441532
81,0,31,223.43368382029254,3834.157635740838,0.13757670900528043,0.44239634405520223,1.0444262151237085,17.16015942710163
81,6,242,2330.000000000761,3834.157635740838,0.09604681033252462,1.6935497052275588,0.2676670654452392,1.6455612170556164
81,4,315,3060.0000000000014,3834.157635740838,0.1584130155558727,3.7222742460366267,0.7388355205609844,1.252992691418574
81,3,700,6910.000000000002,3834.157635740838,0.15612958470101326,3.635886231241885,0.31498321166292764,0.554870859007357
81,2,700,6910.000000000002,3834.157635740838,0.156272299129442,3.620596142504037,0.3139453124621639,0.554870859007357
81,1,620,6110.000000000002,3834.157635740838,0.1374339945768517,2.5895515612741664,0.22333021626041025,0.6275217079772237
81,5,70,610.0563920873398,3834.157635740838,0.15812758669901528,2.132518911930869,2.119339422038762,6.284923304585118
82,5,700,6910.000000000002,4946.357927824686,0.15812758669901528,3.503510827408204,0.396568851046786,0.7158260387589993
82,3,700,6910.000000000002,4946.357927824686,0.15612958470101326,4.7873822038623475,0.5350456009538499,0.7158260387589993
82,2,385,3760.0000000000014,4946.357927824686,0.156272299129442,4.09056925576796,0.8409369709319642,1.3155207254852883
82,6,418,4090.0000000000014,4946.357927824686,0.09604681033252462,3.8194466069466104,0.44365524635367215,1.2093784664608032
82,0,186,1770.0000002775555,4946.357927824686,0.13757670900528043,2.3087523165250676,0.8876352356948048,2.7945525011576513
82,1,341,3320.0000000000014,4946.357927824686,0.1374339945768517,2.9817791196264896,0.6105441785517963,1.4898668457303266
82,4,700,6910.000000000002,4946.357927824686,0.1584130155558727,3.513556886780831,0.39842386386795825,0.7158260387589993
83,1,186,1770.0000002775555,4708.786619798397,0.1374339945768517,2.531340807261527,0.9255087611192382,2.660331423197744
83,4,700,6910.000000000002,4708.786619798397,0.1584130155558727,2.9541128071835208,0.3188958739094962,0.6814452416495507
83,3,700,6910.000000000002,4708.786619798397,0.15612958470101326,4.758651887376948,0.506290879083734,0.6814452416495507
83,5,560,5510.000000000002,4708.786619798397,0.15812758669901528,2.6431084588421823,0.35717416600005136,0.8545892231939011
83,6,66,570.0859504455718,4708.786619798397,0.09604681033252462,1.8146460854642805,1.4396056932660009,8.259783662653096
83,0,217,2080.00000001059,4708.786619798397,0.13757670900528043,2.7202483546881697,0.8472257528898544,2.2638397210453953
83,2,700,6910.000000000002,4708.786619798397,0.156272299129442,4.763579777003223,0.5072784437878232,0.6814452416495507
84,2,700,6910.000000000002,4854.698379373532,0.156272299129442,4.198590442527882,0.46096687657200497,0.7025612705316252
84,0,279,2700.0000000000164,4854.698379373532,0.13757670900528043,2.9518981066459657,0.7302049408819288,1.7980364368050008
84,3,105,960.0014115816389,4854.698379373532,0.15612958470101326,3.225470745061184,2.5466466634983926,5.056970042757782
84,5,700,6910.000000000002,4854.698379373532,0.15812758669901528,4.031868355209833,0.44791766606418465,0.7025612705316252
84,1,620,6110.000000000002,4854.698379373532,0.1374339945768517,3.3765188643529314,0.3687095549838632,0.7945496529252913
84,6,418,4090.0000000000014,4854.698379373532,0.09604681033252462,0.8391030327893838,0.09566149902437604,1.1869678189177335
84,4,595,5860.000000000002,4854.698379373532,0.1584130155558727,3.8948420217830417,0.5111464451853198,0.8284468224186912
85,1,279,2700.0000000000164,4460.518053375359,0.1374339945768517,3.1189305511544005,0.708143725455185,1.6520437234723453
85,3,700,6910.000000000002,4460.518053375359,0.15612958470101326,2.720427760838341,0.2741761391656612,0.6455163608357971
85,5,700,6910.000000000002,4460.518053375359,0.15812758669901528,5.500840393283292,0.5614924759825247,0.6455163608357971
85,6,242,2330.000000000761,4460.518053375359,0.09604681033252462,1.0060470188951323,0.18498248343860588,1.9143854306325763
85,0,620,6110.000000000002,4460.518053375359,0.13757670900528043,3.7628247530762127,0.3779227184796473,0.7300356879501404
85,2,245,2360.000000000555,4460.518053375359,0.156272299129442,2.041458916237018,0.6029703326002934,1.8900500226162333
85,4,315,3060.0000000000014,4460.518053375359,0.1584130155558727,4.826111220090515,1.114428121343658,1.45768563835796
86,1,620,6110.000000000002,4329.217951165854,0.1374339945768517,4.195702707171544,0.4085706052883159,0.7085463095197795
86,5,315,3060.0000000000014,4329.217951165854,0.15812758669901528,5.094126135110559,1.1396339048002941,1.4147771082241347
86,2,560,5510.000000000002,4329.217951165854,0.156272299129442,1.837524430979976,0.22561760015388407,0.7857019875074143
86,4,700,6910.000000000002,4329.217951165854,0.1584130155558727,5.92002408030742,0.5875512272920198,0.6265148988662594
86,0,124,1150.0001906837483,4329.217951165854,0.13757670900528043,2.2980093721900303,1.190167947888989,3.764536724634679
86,6,440,4310.000000000002,4329.217951165854,0.09604681033252462,2.9968540303488043,0.28912171886735005,1.0044589213841886
86,3,315,3060.0000000000014,4329.217951165854,0.15612958470101326,1.2356415139033512,0.2729390775879851,1.4147771082241347
87,6,396,3870.0000000000014,4554.022350065769,0.09604681033252462,3.397963413256069,0.38404829184095846,1.1767499612573042
87,3,35,262.252839954494,4554.022350065769,0.15612958470101326,0.5302115534019937,1.4375049510462028,17.365006803571628
87,5,700,6910.000000000002,4554.022350065769,0.15812758669901528,4.769429706189634,0.4970398454717324,0.659048096970444
87,1,620,6110.000000000002,4554.022350065769,0.1374339945768517,3.5874183243906157,0.3674769805565692,0.7453391734968524
87,2,700,6910.000000000002,4554.022350065769,0.156272299129442,3.273652157143557,0.33715658279120486,0.659048096970444
87,0,558,5490.000000000002,4554.022350065769,0.13757670900528043,3.4595888105909096,0.3948136992830637,0.8295122677715424
87,4,245,2360.000000000555,4554.022350065769,0.1584130155558727,3.6113929924393764,1.103948381322304,1.9296704873155504
88,1,620,6110.000000000002,3785.855848891758,0.1374339945768517,4.020527763936367,0.34237346530843893,0.6196163418808113
88,3,700,6910.000000000002,3785.855848891758,0.15612958470101326,4.038727291510926,0.3454743114334099,0.5478807306645089
88,6,220,2110.0000000077202,3785.855848891758,0.09604681033252462,2.1415943537375477,0.3690640797418061,1.7942444781411877
88,5,700,6910.000000000002,3785.855848891758,0.15812758669901528,2.755474081828278,0.23872065617715812,0.5478807306645089
88,4,210,2010.0000000221403,3785.855848891758,0.1584130155558727,1.5374462109285516,0.4587317586627444,1.883510372562217
88,0,124,1150.0001906837483,3785.855848891758,0.13757670900528043,1.9958836405014106,0.9039539277071009,3.2920480183927845
88,2,70,610.0563920873398,3785.855848891758,0.156272299129442,1.7843632454257752,1.7304512238671237,6.205747366957757
89,0,620,6110.000000000002,3236.0820039326054,0.13757670900528043,4.483535705090236,0.3266960301260453,0.5296369891870056
89,4,315,3060.0000000000014,3236.0820039326054,0.1584130155558727,1.7051893761602566,0.285667984926982,1.0575431385400667
89,6,440,4310.000000000002,3236.0820039326054,0.09604681033252462,2.2221221861503455,0.16024818907759666,0.7508310913996761
89,3,700,6910.000000000002,3236.0820039326054,0.15612958470101326,3.9924938235994274,0.29192475769461523,0.4683186691653552
89,1,93,840.0049979958054,3236.0820039326054,0.1374339945768517,1.9577645307618723,1.0365548162475584,3.852455654018341
89,5,140,1310.0000353340838,3236.0820039326054,0.15812758669901528,1.2510400630840985,0.4886828201965376,2.4702915394252805
89,2,70,610.0563920873398,3236.0820039326054,0.156272299129442,1.9827036791915758,1.6435743332823425,5.304562079679523
90,3,700,6910.000000000002,4018.5893674354757,0.15612958470101326,3.022595161710626,0.2744484426908626,0.5815614135217764
90,5,175,1660.0000008844675,4018.5893674354757,0.15812758669901528,2.001967542441943,0.7663553922067209,2.4208369670447736
90,6,88,790.008464149783,4018.5893674354757,0.09604681033252462,1.4503077686112154,0.708573663840543,5.0867674838906085
90,1,620,6110.000000000002,4018.5893674354757,0.1374339945768517,4.416219540665218,0.39918778657475407,0.6577069341138256
90,0,186,1770.0000002775555,4018.5893674354757,0.13757670900528043,2.8143900536086415,0.8790823653754846,2.2703894727713654
90,2,280,2710.0000000000146,4018.5893674354757,0.156272299129442,2.039043188434335,0.4725119170801985,1.482874305326736
90,4,700,6910.000000000002,4018.5893674354757,0.1584130155558727,3.487414432949954,0.3212846711218078,0.5815614135217764
91,4,35,262.252839954494,4512.283523992698,0.1584130155558727,0.9569397209707224,2.6082644579036667,17.20585189764072
91,6,264,2550.0000000000755,4512.283523992698,0.09604681033252462,2.0805306366826715,0.353600818682311,1.7695229505853194
91,0,620,6110.000000000002,4512.283523992698,0.13757670900528043,3.650552316103024,0.3709015626628633,0.7385079417336656
91,5,700,6910.000000000002,4512.283523992698,0.15812758669901528,4.2061634351335915,0.4343222909005777,0.6530077458744858
91,1,186,1770.0000002775555,4512.283523992698,0.1374339945768517,2.2577091933540046,0.7910160304408759,2.5493127250198433
91,3,700,6910.000000000002,4512.283523992698,0.15612958470101326,2.820407837946918,0.287551376079159,0.6530077458744858
91,2,630,6210.000000000002,4512.283523992698,0.156272299129442,2.6968784103630745,0.30623029188285245,0.72661570434665
92,1,310,3010.0000000000014,4656.417867984658,0.1374339945768517,2.3770574829592412,0.5053814594619218,1.5469826803935733
92,3,700,6910.000000000002,4656.417867984658,0.15612958470101326,4.504680840843331,0.4739397450681821,0.6738665510831631
92,2,175,1660.0000008844675,4656.417867984658,0.156272299129442,2.9709608743562645,1.302335241858491,2.80507100331546
92,5,700,6910.000000000002,4656.417867984658,0.15812758669901528,3.3007739182236056,0.3517202082040657,0.6738665510831631
92,4,630,6210.000000000002,4656.417867984658,0.1584130155558727,3.168545961072173,0.37636672441477237,0.7498257436368208
92,0,310,3010.0000000000014,4656.417867984658,0.13757670900528043,2.386698070305357,0.5079580529869944,1.5469826803935733
92,6,440,4310.000000000002,4656.417867984658,0.09604681033252462,3.000264749427278,0.3113272984578763,1.0803753754024725
93,3,700,6910.000000000002,4051.7111617458163,0.15612958470101326,4.782043368304171,0.4377832543618002,0.586354726736008
93,4,700,6910.000000000002,4051.7111617458163,0.1584130155558727,3.1896535373891894,0.2962748616256888,0.586354726736008
93,6,440,4310.000000000002,4051.7111617458163,0.09604681033252462,2.664677153004604,0.240596193858709,0.940072195300653
93,2,420,4110.000000000002,4051.7111617458163,0.156272299129442,4.199018992540051,0.6468841298395946,0.9858178009113904
93,1,434,4250.000000000002,4051.7111617458163,0.1374339945768517,2.5818639327114568,0.3382805812153475,0.9533438027637211
93,5,140,1310.0000353340838,4051.7111617458163,0.15812758669901528,1.643453435031915,0.8037707852878896,3.092909200351682
93,0,31,223.43368382029254,4051.7111617458163,0.13757670900528043,0.3881639362113332,0.9683891870785662,18.133842187396432
94,1,527,5180.000000000002,5707.760810617954,0.1374339945768517,2.594421749905547,0.3928897978767972,1.101884326374122
94,0,620,6110.000000000002,5707.760810617954,0.13757670900528043,2.7788885086553456,0.3571417269523902,0.9341670721142311
94,6,440,4310.000000000002,5707.760810617954,0.09604681033252462,2.2374213109913463,0.284589722500175,1.3243064525795711
94,4,700,6910.000000000002,5707.760810617954,0.1584130155558727,3.4027613073213203,0.4452562917333953,0.8260145890908759
94,3,560,5510.000000000002,5707.760810617954,0.15612958470101326,4.285143568333995,0.6930502873524176,1.0358912541956355
94,2,630,6210.000000000002,5707.760810617954,0.156272299129442,4.421912194829226,0.6351353445573442,0.919124124093068
94,5,525,5160.000000000001,5707.760810617954,0.15812758669901528,3.097225529202165,0.5417470272508756,1.1061551958561924
95,5,700,6910.000000000002,4548.594920352539,0.15812758669901528,3.7614813350216556,0.3915306529727512,0.6582626512811197
95,0,620,6110.000000000002,4548.594920352539,0.13757670900528043,3.288963874279824,0.33685273002397204,0.7444508871280748
95,6,440,4310.000000000002,4548.594920352539,0.09604681033252462,1.5639173432374687,0.15852462496938582,1.0553584501978044
95,3,35,262.252839954494,4548.594920352539,0.15612958470101326,1.1143046296720738,3.0174925153999337,17.34431139484251
95,2,560,5510.000000000002,4548.594920352539,0.156272299129442,3.438378563261755,0.4435691722712371,0.8255163194832191
95,4,595,5860.000000000002,4548.594920352539,0.1584130155558727,3.583348020894927,0.44061522223083505,0.7762107372615251
95,1,279,2700.0000000000164,4548.594920352539,0.1374339945768517,2.5651231282327394,0.5939034990409234,1.6846647853157448
96,6,440,4310.000000000002,4642.344318184523,0.09604681033252462,3.9257473914993053,0.4061302849836335,1.0771100506228588
96,2,350,3410.000000000001,4642.344318184523,0.156272299129442,1.5658739223039795,0.3331361502883503,1.361391295655285
96,3,630,6210.000000000002,4642.344318184523,0.15612958470101326,2.1134240050854713,0.246670712829478,0.7475594715272982
96,0,620,6110.000000000002,4642.344318184523,0.13757670900528043,5.107444934142895,0.5338813471663263,0.7597944874279087
96,4,490,4810.000000000001,4642.344318184523,0.1584130155558727,4.943738664244877,0.7558552578810094,0.9651443488949111
96,1,31,223.43368382029254,4642.344318184523,0.1374339945768517,1.203645252346445,3.437014618978569,20.7772804834492
96,5,700,6910.000000000002,4642.344318184523,0.15812758669901528,5.332733634298042,0.5665220729618349,0.6718298579138238
97,6,110,1010.0008335248422,5142.449059649328,0.09604681033252462,1.1161903320374118,0.545845167056184,5.091529520527711
97,3,700,6910.000000000002,5142.449059649328,0.15612958470101326,2.7909847622511212,0.32429079460854343,0.7442039160129271
97,0,620,6110.000000000002,5142.449059649328,0.13757670900528043,3.5509857728576253,0.4111711520725073,0.8416446906136377
97,2,560,5510.000000000002,5142.449059649328,0.156272299129442,2.59921888142432,0.37909080829465003,0.933293840226738
97,1,589,5800.000000000002,5142.449059649328,0.1374339945768517,3.5155693686754415,0.4283826234724918,0.8866291482154011
97,4,700,6910.000000000002,5142.449059649328,0.1584130155558727,4.292895959391262,0.5060963154355222,0.7442039160129271
97,5,245,2360.000000000555,5142.449059649328,0.15812758669901528,3.26690824994968,1.125647926998228,2.1790038388339488
98,3,700,6910.000000000002,4556.480662409677,0.15612958470101326,5.168776022110982,0.5321381579847605,0.6594038585252787
98,4,700,6910.000000000002,4556.480662409677,0.1584130155558727,3.465530503111835,0.3620029179397437,0.6594038585252787
98,1,248,2390.0000000004047,4556.480662409677,0.1374339945768517,2.8790287975591076,0.7543481144092231,1.9064772646062367
98,0,403,3940.000000000001,4556.480662409677,0.13757670900528043,3.12148328368187,0.49663719182220123,1.1564671732004255
98,2,175,1660.0000008844675,4556.480662409677,0.156272299129442,4.235033390844767,1.8166040736405813,2.7448678674589946
98,5,700,6910.000000000002,4556.480662409677,0.15812758669901528,3.4310199200487066,0.35775224397667893,0.6594038585252787
98,6,176,1670.0000007960207,4556.480662409677,0.09604681033252462,0.5325597360048618,0.13956108447207236,2.7284315330765208
99,2,105,960.0014115816389,4608.631597106298,0.156272299129442,3.561376495877417,2.6717757964139337,4.800650854787183
99,4,700,6910.000000000002,4608.631597106298,0.1584130155558727,3.0872185207923977,0.32617613175590426,0.6669510270776117
99,6,132,1230.0000820831015,4608.631597106298,0.09604681033252462,0.7935297589257388,0.2855702867709264,3.7468547069535307
99,5,455,4460.000000000002,4608.631597106298,0.15812758669901528,2.659736369314812,0.4345936427227322,1.0333254702032053
99,0,620,6110.000000000002,4608.631597106298,0.13757670900528043,3.157452878042472,0.327651814272153,0.7542768571368734
99,1,620,6110.000000000002,4608.631597106298,0.1374339945768517,3.1476295149472597,0.32629360444426286,0.7542768571368734
99,3,560,5510.000000000002,4608.631597106298,0.15612958470101326,5.353888482103107,0.6991573371106002,0.8364122680773677
100,0,620,6110.000000000002,4903.570714999374,0.13757670900528043,3.7237298185231724,0.41114433565236896,0.8025483985269022
100,6,352,3430.000000000001,4903.570714999374,0.09604681033252462,3.19940755919622,0.4393097438211412,1.429612453352587
100,1,403,3940.000000000001,4903.570714999374,0.1374339945768517,3.1788650209087606,0.5437289764186465,1.244561095177506
100,5,700,6910.000000000002,4903.570714999374,0.15812758669901528,3.692924847709937,0.4143930928406667,0.7096339674384041
100,4,420,4110.000000000002,4903.570714999374,0.1584130155558727,3.063363369750219,0.5789752475308131,1.1930828990266111
100,2,700,6910.000000000002,4903.570714999374,0.156272299129442,3.7658795701815446,0.41762147652491255,0.7096339674384041
100,3,245,2360.000000000555,4903.570714999374,0.15612958470101326,2.6055441634391245,0.845247866043354,2.0777842012704326
101,3,700,6910.000000000002,4803.973392897455,0.15612958470101326,2.703886643379949,0.29349197514240233,0.695220462069096
101,5,105,960.0014115816389,4803.973392897455,0.15812758669901528,3.110347615912186,2.4611908600995176,5.004131592872062
101,4,595,5860.000000000002,4803.973392897455,0.1584130155558727,4.99984720550235,0.6493077270755191,0.819790681381818
101,1,434,4250.000000000002,4803.973392897455,0.1374339945768517,4.6735702567838695,0.7260300707151618,1.1303466806817535
101,2,525,5160.000000000001,4803.973392897455,0.156272299129442,2.384911793512916,0.3469806167388955,0.9310025955227623
101,0,620,6110.000000000002,4803.973392897455,0.13757670900528043,5.127873002668775,0.554678791168307,0.7862476911452461
101,6,440,4310.000000000002,4803.973392897455,0.09604681033252462,4.2925503985904925,0.45953825718141833,1.1146109960318915
102,4,700,6910.000000000002,4696.631389563236,0.1584130155558727,3.460592355182023,0.3726059059161182,0.6796861634679066
102,1,465,4560.000000000002,4696.631389563236,0.1374339945768517,4.164710909396002,0.589522878188893,1.029963024027025
102,0,620,6110.000000000002,4696.631389563236,0.13757670900528043,4.5344889739571235,0.4795330368413362,0.7686794418270433
102,6,396,3870.0000000000014,4696.631389563236,0.09604681033252462,2.1648004379271324,0.2523343212946384,1.2135998422644017
102,2,700,6910.000000000002,4696.631389563236,0.156272299129442,2.8064079050332715,0.29808575727092707,0.6796861634679066
102,3,420,4110.000000000002,4696.631389563236,0.15612958470101326,2.2638488127302843,0.4039031859427814,1.1427326981905679
102,5,35,262.252839954494,4696.631389563236,0.15812758669901528,0.9011936610929926,2.552066857791473,17.908791341890495
103,5,700,6910.000000000002,4152.725931200276,0.15812758669901528,1.6632124012469638,0.15805585187335663,0.6009733619682018
103,6,110,1010.0008335248422,4152.725931200276,0.09604681033252462,1.5582537277118358,0.6153648122444836,4.111606439677393
103,1,186,1770.0000002775555,4152.725931200276,0.1374339945768517,3.6388856548819453,1.1733365028103515,2.346172842118126
103,4,385,3760.0000000000014,4152.725931200276,0.1584130155558727,1.2141434678034064,0.21242532618857363,1.1044483859575198
103,2,140,1310.0000353340838,4152.725931200276,0.156272299129442,3.9804459660463745,1.9718582731257268,3.1700197093057514
103,3,700,6910.000000000002,4152.725931200276,0.15612958470101326,5.535355083982813,0.5193808254934734,0.6009733619682018
103,0,620,6110.000000000002,4152.725931200276,0.13757670900528043,5.164069116910267,0.4828686636706953,0.6796605452046276
104,1,217,2080.00000001059,4755.279006849219,0.1374339945768517,2.942305729806704,0.9244738596480548,2.2861918302043307
104,2,700,6910.000000000002,4755.279006849219,0.156272299129442,5.467908475653429,0.5880323165006212,0.6881735176337507
104,4,175,1660.0000008844675,4755.279006849219,0.1584130155558727,1.08820948655284,0.4938229664749119,2.864625906214187
104,5,700,6910.000000000002,4755.279006849219,0.15812758669901528,1.9981864960503664,0.2174410910663287,0.6881735176337507
104,0,620,6110.000000000002,4755.279006849219,0.13757670900528043,4.128643981969809,0.44206603095907215,0.7782780698607557
104,6,242,2330.000000000761,4755.279006849219,0.09604681033252462,1.8394887929693933,0.3605787886229458,2.040892277617024
104,3,630,6210.000000000002,4755.279006849219,0.15612958470101326,5.351659095987768,0.6398203492655247,0.7657454117309529
105,5,700,6910.000000000002,4540.752923514148,0.15812758669901528,3.797839799856721,0.3946336444009881,0.6571277747487911
105,3,315,3060.0000000000014,4540.752923514148,0.15612958470101326,3.926457061562262,0.9096880752854856,1.4839061841549497
105,1,558,5490.000000000002,4540.752923514148,0.1374339945768517,2.408351250344877,0.27375970492065593,0.8270952501847262
105,4,700,6910.000000000002,4540.752923514148,0.1584130155558727,3.806915104558378,0.39629069686895524,0.6571277747487911
105,0,620,6110.000000000002,4540.752923514148,0.13757670900528043,2.526236567681974,0.2582888119900538,0.7431674179237556
105,2,140,1310.0000353340838,4540.752923514148,0.156272299129442,3.179391104180142,1.7221957783528363,3.4662235122429896
105,6,88,790.008464149783,4540.752923514148,0.09604681033252462,1.0069682253106456,0.5558976528141242,5.74772692897786
106,3,630,6210.000000000002,5064.10409475498,0.15612958470101326,2.5323059451745977,0.3224128949336234,0.8154756996384829
106,2,700,6910.000000000002,5064.10409475498,0.156272299129442,2.6577732927367803,0.3043858864532869,0.732866005029664
106,5,525,5160.000000000001,5064.10409475498,0.15812758669901528,5.572520231197406,0.8647931070361039,0.981415522239337
106,1,620,6110.000000000002,5064.10409475498,0.1374339945768517,3.3286438894004218,0.37916035289781397,0.8288222741006511
106,6,44,350.8727963568088,5064.10409475498,0.09604681033252462,0.8884755114690858,1.2316330516515777,14.432877519536175
106,4,315,3060.0000000000014,5064.10409475498,0.1584130155558727,5.035851212897718,1.3202158705007174,1.6549359786780973
106,0,620,6110.000000000002,5064.10409475498,0.13757670900528043,3.3370817954425926,0.38051622727936396,0.8288222741006511
107,0,620,6110.000000000002,3946.3382772403497,0.13757670900528043,4.385386470418176,0.38967800081867815,0.6458818784354089
107,3,700,6910.000000000002,3946.3382772403497,0.15612958470101326,1.9616206105469263,0.17491074234639578,0.5711053946802241
107,1,124,1150.0001906837483,3946.3382772403497,0.1374339945768517,2.5610620090281095,1.2078434847678927,3.431597932948168
107,5,105,960.0014115816389,3946.3382772403497,0.15812758669901528,3.7261599306526807,2.422097227362253,4.110762994336235
107,4,350,3410.000000000001,3946.3382772403497,0.1584130155558727,5.313164754893838,0.9740563351407407,1.157283952269897
107,2,700,6910.000000000002,3946.3382772403497,0.156272299129442,1.9689555663081055,0.1757252539825339,0.5711053946802241
107,6,110,1010.0008335248422,3946.3382772403497,0.09604681033252462,1.0746423192425263,0.4032918666202282,3.9072623964753244
108,6,352,3430.000000000001,5527.876409304983,0.09604681033252462,1.888981701201761,0.2923983396535988,1.611625775307575
108,4,595,5860.000000000002,5527.876409304983,0.1584130155558727,2.9590861282179466,0.4421902637932068,0.943323619335321
108,5,420,4110.000000000002,5527.876409304983,0.15812758669901528,2.574619494527143,0.5475669145015744,1.3449820947214064
108,3,700,6910.000000000002,5527.876409304983,0.15612958470101326,3.41593709179518,0.42665353260658,0.7999821142264807
108,0,620,6110.000000000002,5527.876409304983,0.13757670900528043,4.079423424163545,0.507762725085058,0.9047260899026156
108,1,620,6110.000000000002,5527.876409304983,0.1374339945768517,4.059655003707849,0.5047779924842926,0.9047260899026156
108,2,560,5510.000000000002,5527.876409304983,0.156272299129442,3.1594105285478307,0.49533017840950655,1.0032443574056227
109,3,700,6910.000000000002,5291.165984764084,0.15612958470101326,5.836128795001066,0.6977235958607476,0.7657259022813434
109,2,315,3060.0000000000014,5291.165984764084,0.156272299129442,5.046817961383393,1.363733788330353,1.7291392107072163
109,1,620,6110.000000000002,5291.165984764084,0.1374339945768517,5.065621899589508,0.6028886608872308,0.8659846128910118
109,6,132,1230.0000820831015,5291.165984764084,0.09604681033252462,2.409990024607498,0.9957365225997454,4.3017606761481515
109,4,595,5860.000000000002,5291.165984764084,0.1584130155558727,1.801633005012549,0.2576979479125768,0.9029293489358502
109,5,700,6910.000000000002,5291.165984764084,0.15812758669901528,1.956914888991537,0.2369479298300857,0.7657259022813434
109,0,558,5490.000000000002,5291.165984764084,0.13757670900528043,4.945749572305434,0.6557768476000407,0.9637825108859894
110,5,350,3410.000000000001,4802.18638504353,0.15812758669901528,1.3995007741241592,0.31164877134593366,1.408265802065551
110,1,310,3010.0000000000014,4802.18638504353,0.1374339945768517,3.5127754414056906,0.770224047888117,1.5954107591506739
110,4,595,5860.000000000002,4802.18638504353,0.1584130155558727,1.8947655430259658,0.24597316861250598,0.819485731236097
110,3,700,6910.000000000002,4802.18638504353,0.15612958470101326,5.519315580977142,0.5988683976489375,0.6949618502233761
110,0,620,6110.000000000002,4802.18638504353,0.13757670900528043,4.290624084892726,0.4639414596979938,0.7859552185013958
110,2,385,3760.0000000000014,4802.18638504353,0.156272299129442,4.980144439582485,0.9939741905711311,1.2771772300647681
110,6,440,4310.000000000002,4802.18638504353,0.09604681033252462,2.3470819664801166,0.2511729956513516,1.1141963770402619
111,5,560,5510.000000000002,4960.9119453377725,0.15812758669901528,3.599447118146524,0.5124521977158796,0.9003469955240964
111,4,175,1660.0000008844675,4960.9119453377725,0.1584130155558727,2.880519247097097,1.3636881699053853,2.988501170297916
111,6,440,4310.000000000002,4960.9119453377725,0.09604681033252462,1.4706692395744438,0.16258564712116977,1.1510236532106195
111,2,700,6910.000000000002,4960.9119453377725,0.156272299129442,4.174485796400346,0.46834777412045975,0.717932264158867
111,0,434,4250.000000000002,4960.9119453377725,0.13757670900528043,2.705673083556267,0.4345030467770552,1.1672733989030049
111,1,496,4870.000000000001,4960.9119453377725,0.1374339945768517,2.83231798744252,0.3965233233130432,1.0186677505827046
111,3,700,6910.000000000002,4960.9119453377725,0.15612958470101326,4.186252552052521,0.46923900038551103,0.717932264158867
112,5,315,3060.0000000000014,4488.555427901437,0.15812758669901528,4.121253097592252,0.955921204879913,1.4668481790527566
112,0,620,6110.000000000002,4488.555427901437,0.13757670900528043,2.977950494707085,0.30097316305826133,0.7346244562850139
112,6,66,570.0859504455718,4488.555427901437,0.09604681033252462,0.7245233549409464,0.5479003661004379,7.873471402677509
112,4,700,6910.000000000002,4488.555427901437,0.1584130155558727,4.860655639882395,0.5001661085175888,0.6495738680031021
112,2,630,6210.000000000002,4488.555427901437,0.156272299129442,3.1188712581805107,0.3522852356693443,0.7227947548955612
112,3,140,1310.0000353340838,4488.555427901437,0.15612958470101326,1.9529442484466442,1.0447450812791117,3.4263780968194704
112,1,620,6110.000000000002,4488.555427901437,0.1374339945768517,2.9869584899043597,0.3015704188094757,0.7346244562850139
113,0,620,6110.000000000002,4521.189031578468,0.13757670900528043,4.040575528951273,0.4113387280313685,0.7399654716167703
113,2,350,3410.000000000001,4521.189031578468,0.156272299129442,1.5385651960706828,0.31878376241618633,1.325861886093392
113,3,105,960.0014115816389,4521.189031578468,0.15612958470101326,0.7020007763985224,0.5161828731760868,4.709564982961469
113,5,560,5510.000000000002,4521.189031578468,0.15812758669901528,4.9078443267300695,0.636794770386132,0.8205424739706835
113,1,620,6110.000000000002,4521.189031578468,0.1374339945768517,4.031724142532103,0.41001187387824445,0.7399654716167703
113,6,440,4310.000000000002,4521.189031578468,0.09604681033252462,2.8705335974402915,0.2892151082410464,1.0489997753082287
113,4,560,5510.000000000002,4521.189031578468,0.1584130155558727,4.917775753824852,0.6392351520849009,0.8205424739706835
114,2,280,2710.0000000000146,5219.436278008451,0.156272299129442,1.0767717540784165,0.32408577212070794,1.925991246497573
114,6,220,2110.0000000077202,5219.436278008451,0.09604681033252462,2.4013954543667047,0.570542204018836,2.4736664824594095
114,5,700,6910.000000000002,5219.436278008451,0.15812758669901528,4.6465570691628315,0.5549891220287798,0.7553453369042619
114,3,665,6560.000000000001,5219.436278008451,0.15612958470101326,1.9712037785224654,0.2448705112219321,0.795645774086654
114,0,403,3940.000000000001,5219.436278008451,0.13757670900528043,4.2653282688639225,0.7773645924914425,1.324730019799099
114,4,700,6910.000000000002,5219.436278008451,0.1584130155558727,4.64333638401802,0.5556055314305635,0.7553453369042619
114,1,620,6110.000000000002,5219.436278008451,0.1374339945768517,4.805165309423158,0.5641373995359604,0.8542448900177495
115,4,700,6910.000000000002,5042.311225539394,0.1584130155558727,3.3359187744272965,0.38561856086849744,0.7297121889347892
115,0,372,3630.000000000001,5042.311225539394,0.13757670900528043,3.877172484623335,0.7409400347875749,1.3890664533166373
115,5,700,6910.000000000002,5042.311225539394,0.15812758669901528,3.330758296916885,0.38432829739443003,0.7297121889347892
115,6,22,138.8629381196525,5042.311225539394,0.09604681033252462,0.17424951070999806,0.6077119999303744,36.31142545172594
115,3,560,5510.000000000002,5042.311225539394,0.15612958470101326,2.778165464108906,0.39693679789885816,0.9151200046350985
115,2,420,4110.000000000002,5042.311225539394,0.156272299129442,2.5129838341046513,0.48179193149408367,1.226839714243161
115,1,620,6110.000000000002,5042.311225539394,0.1374339945768517,4.518698758841902,0.5125025106739761,0.8252555197282149
116,4,700,6910.000000000002,4191.728510463842,0.1584130155558727,3.089461017700363,0.29688529025545435,0.6066177294448395
116,3,700,6910.000000000002,4191.728510463842,0.15612958470101326,4.5495894239874675,0.43089604642163165,0.6066177294448395
116,2,35,262.252839954494,4191.728510463842,0.156272299129442,1.2375916787564116,3.091237184815745,15.98353905792284
116,0,589,5800.000000000002,4191.728510463842,0.13757670900528043,4.040237097122337,0.4017139573725751,0.7227118121489381
116,1,93,840.0049979958054,4191.728510463842,0.1374339945768517,2.2264740911152923,1.5269439367188624,4.99012329743873
116,5,420,4110.000000000002,4191.728510463842,0.15812758669901528,2.664587209874866,0.42972330426906247,1.0198852823512994
116,6,440,4310.000000000002,4191.728510463842,0.09604681033252462,1.1537723306043624,0.10777522612885987,0.9725588191331417
117,4,105,960.0014115816389,5120.665272849384,0.1584130155558727,1.7622327013023238,1.4890477804522353,5.334018482757116
117,5,700,6910.000000000002,5120.665272849384,0.15812758669901528,3.9477909258215944,0.46260479267153365,0.7410514143052652
117,3,595,5860.000000000002,5120.665272849384,0.15612958470101326,4.285371759731486,0.5846587849091248,0.8738336643087683
117,0,558,5490.000000000002,5120.665272849384,0.13757670900528043,3.397210246636963,0.4359346450915514,0.9327259149088127
117,1,527,5180.000000000002,5120.665272849384,0.1374339945768517,3.326159572335668,0.4518911940485399,0.9885454194689927
117,2,700,6910.000000000002,5120.665272849384,0.156272299129442,4.460845429257189,0.5165918105767515,0.7410514143052652
117,6,440,4310.000000000002,5120.665272849384,0.09604681033252462,3.877932527157283,0.4425193979433202,1.1880893904522927
118,6,286,2770.000000000008,4366.134092322354,0.09604681033252462,3.9931697955128076,0.6045302323956323,1.5762216939791847
118,2,105,960.0014115816389,4366.134092322354,0.156272299129442,2.283031054591098,1.622628197020842,4.548049658728087
118,0,620,6110.000000000002,4366.134092322354,0.13757670900528043,3.925398921632988,0.3859087045203973,0.7145882311493212
118,3,630,6210.000000000002,4366.134092322354,0.15612958470101326,4.2993359326636496,0.47194572268781393,0.7030811742870133
118,4,140,1310.0000353340838,4366.134092322354,0.1584130155558727,2.465801514582233,1.3018913411274164,3.3329266981346892
118,1,620,6110.000000000002,4366.134092322354,0.1374339945768517,3.9297251274661966,0.3859332554035626,0.7145882311493212
118,5,700,6910.000000000002,4366.134092322354,0.15812758669901528,4.321679285094539,0.431796581320476,0.6318573216096025
119,1,31,223.43368382029254,4522.981721634934,0.1374339945768517,0.6178384387691964,1.7188789012553818,20.243061136980415
119,2,700,6910.000000000002,4522.981721634934,0.156272299129442,2.8148548475600195,0.2879285907787385,0.6545559655043318
119,6,374,3650.000000000001,4522.981721634934,0.09604681033252462,1.678712939710838,0.19979809955562808,1.2391730744205296
119,5,700,6910.000000000002,4522.981721634934,0.15812758669901528,3.6778993690336432,0.3806749247264668,0.6545559655043318
119,3,700,6910.000000000002,4522.981721634934,0.15612958470101326,2.8137056168734285,0.2875481960307004,0.6545559655043318
119,0,62,530.1310020508638,4522.981721634934,0.13757670900528043,1.3562063469504004,1.5918873040917532,8.53181893557882
119,4,525,5160.000000000001,4522.981721634934,0.1584130155558727,3.3926189853736357,0.47108695739037904,0.8765468452780878
120,0,372,3630.000000000001,4838.639937018815,0.13757670900528043,3.1138028332070355,0.5710218234322391,1.3329586603357613
120,3,595,5860.000000000002,4838.639937018815,0.15612958470101326,3.1322710895603336,0.40380364624021936,0.8257064738939954
120,5,560,5510.000000000002,4838.639937018815,0.15812758669901528,3.789165433337406,0.5261661639019283,0.878156068424467
120,2,140,1310.0000353340838,4838.639937018815,0.156272299129442,2.2425722383123565,1.2944355791306683,3.693618172907023
120,1,620,6110.000000000002,4838.639937018815,0.1374339945768517,3.5898961463960086,0.39071325947245883,0.7919214299539793
120,4,700,6910.000000000002,4838.639937018815,0.1584130155558727,4.003462735489934,0.44409093682670603,0.7002373280779759
120,6,440,4310.000000000002,4838.639937018815,0.09604681033252462,1.4280064293284882,0.15397816688209606,1.122654277730583
121,3,630,6210.000000000002,5589.768802625947,0.15612958470101326,3.1741231061518405,0.4460784226130694,0.9001238007449187
121,1,620,6110.000000000002,5589.768802625947,0.1374339945768517,3.0957321791334875,0.3892334775681647,0.9148557778438535
121,6,418,4090.0000000000014,5589.768802625947,0.09604681033252462,2.2100818090133907,0.2901094222478713,1.3666916387838495
121,0,620,6110.000000000002,5589.768802625947,0.13757670900528043,3.0889969937173696,0.38878995640596864,0.9148557778438535
121,4,490,4810.000000000001,5589.768802625947,0.1584130155558727,3.897242535068919,0.7174589609992785,1.1621140961800303
121,2,700,6910.000000000002,5589.768802625947,0.156272299129442,3.3129377622755984,0.41880424687422274,0.8089390452425391
121,5,455,4460.000000000002,5589.768802625947,0.15812758669901528,3.8304120904942973,0.7591229638122301,1.253311390723306
122,4,630,6210.000000000002,3648.8473213810644,0.1584130155558727,3.693116820540376,0.3437541881669164,0.587576058193408
122,1,620,6110.000000000002,3648.8473213810644,0.1374339945768517,3.112126296079564,0.2554264480522343,0.5971926876237419
122,3,700,6910.000000000002,3648.8473213810644,0.15612958470101326,3.7411741009729766,0.3084400521597085,0.5280531579422668
122,6,440,4310.000000000002,3648.8473213810644,0.09604681033252462,2.6915687028354722,0.2188602232491855,0.8466003065849333
122,5,105,960.0014115816389,3648.8473213810644,0.15812758669901528,1.977627264015214,1.1886004862191704,3.8008770376383607
122,0,31,223.43368382029254,3648.8473213810644,0.13757670900528043,0.369095641604169,0.8292603086455028,16.330784414385022
122,2,105,960.0014115816389,3648.8473213810644,0.156272299129442,1.8435827621588734,1.0950361594840508,3.8008770376383607
123,0,620,6110.000000000002,5344.062339527612,0.13757670900528043,3.8596132108621677,0.4644286533088264,0.8746419540961718
123,5,700,6910.000000000002,5344.062339527612,0.15812758669901528,3.2361052820764398,0.3957525787852361,0.7733809463860507
123,4,630,6210.000000000002,5344.062339527612,0.1584130155558727,3.1073294504453846,0.42360207413519374,0.8605575425970386
123,1,93,840.0049979958054,5344.062339527612,0.1374339945768517,1.538657135307099,1.3453202220874536,6.361941122110201
123,2,560,5510.000000000002,5344.062339527612,0.156272299129442,3.9021645734743444,0.5914356517223677,0.9698842721465717
123,3,700,6910.000000000002,5344.062339527612,0.15612958470101326,4.179574599666211,0.5046737940863082,0.7733809463860507
123,6,396,3870.0000000000014,5344.062339527612,0.09604681033252462,3.3095984659303155,0.43895379078122676,1.3808946613766433
124,6,440,4310.000000000002,3864.268942833367,0.09604681033252462,2.3380910896893714,0.20134203228755285,0.8965821213070453
124,4,700,6910.000000000002,3864.268942833367,0.1584130155558727,3.2434581086978826,0.2873349479726956,0.5592285011336275
124,3,280,2710.0000000000146,3864.268942833367,0.15612958470101326,3.062703600199216,0.6818490303196516,1.4259294992004967
124,1,465,4560.000000000002,3864.268942833367,0.1374339945768517,2.9896174287752064,0.34818678837057376,0.847427399744159
124,0,620,6110.000000000002,3864.268942833367,0.13757670900528043,3.3282050915697203,0.2895883799666868,0.6324499088106982
124,2,245,2360.000000000555,3864.268942833367,0.156272299129442,2.9682270482322775,0.7595116880423681,1.6374020944205332
124,5,70,610.0563920873398,3864.268942833367,0.15812758669901528,1.391662730437667,1.3939237000408855,6.334281540123806
125,0,620,6110.000000000002,4572.539868667075,0.13757670900528043,3.795539420050987,0.39078214583439796,0.7483698639389647
125,6,440,4310.000000000002,4572.539868667075,0.09604681033252462,1.9691269462972119,0.2006489505933366,1.0609141226605738
125,2,35,262.252839954494,4572.539868667075,0.156272299129442,1.0048818332052136,2.7380053822573736,17.435616214720497
125,3,630,6210.000000000002,4572.539868667075,0.15612958470101326,3.449109887643051,0.39651364428283603,0.7363188194310908
125,5,280,2710.0000000000146,4572.539868667075,0.15812758669901528,2.2942567751015703,0.6121218409954549,1.6872840843789854
125,1,620,6110.000000000002,4572.539868667075,0.1374339945768517,3.7948422754206366,0.3903050678215066,0.7483698639389647
125,4,665,6560.000000000001,4572.539868667075,0.1584130155558727,3.1707213711588786,0.35010845794199624,0.6970335165651028
126,6,440,4310.000000000002,3721.7438243638308,0.09604681033252462,3.7231242004763163,0.3087874756602726,0.8635136483442759
126,2,700,6910.000000000002,3721.7438243638308,0.156272299129442,2.400445005066947,0.2020422476799516,0.538602579502725
126,4,70,610.0563920873398,3721.7438243638308,0.1584130155558727,2.061139022853698,1.9919326097165568,6.1006554027402125
126,3,665,6560.000000000001,3721.7438243638308,0.15612958470101326,2.349752114153312,0.20813728756177885,0.5673389976164376
126,0,93,840.0049979958054,3721.7438243638308,0.13757670900528043,2.3459732497102177,1.4299886104219472,4.4306210477838315
126,5,105,960.0014115816389,3721.7438243638308,0.15812758669901528,2.528817158265079,1.5502426367750675,3.876810783259283
126,1,620,6110.000000000002,3721.7438243638308,0.1374339945768517,5.169599411602237,0.4327691824480543,0.6091233755096285
127,6,440,4310.000000000002,4097.948479647367,0.09604681033252462,3.2174313477955674,0.2938200711037779,0.9508001112870917
127,5,385,3760.0000000000014,4097.948479647367,0.15812758669901528,1.9182226338039685,0.33058664354683803,1.0898799147998313
127,2,420,4110.000000000002,4097.948479647367,0.156272299129442,3.555541748824177,0.55400343347264,0.9970677566051984
127,1,93,840.0049979958054,4097.948479647367,0.1374339945768517,1.9201613841196123,1.2874089530745505,4.878481067880301
127,0,124,1150.0001906837483,4097.948479647367,0.13757670900528043,2.3621832030961536,1.1580493712640612,3.563432869703157
127,3,700,6910.000000000002,4097.948479647367,0.15612958470101326,4.112550091075867,0.3807894012573864,0.5930460896740037
127,4,700,6910.000000000002,4097.948479647367,0.1584130155558727,2.656876809340147,0.2496035317257652,0.5930460896740037
128,2,420,4110.000000000002,4141.869109028661,0.156272299129442,5.1490163176633645,0.8108878966940517,1.0077540411261945
128,3,700,6910.000000000002,4141.869109028661,0.15612958470101326,5.641564008636375,0.5279624643541886,0.5994021865453922
128,6,110,1010.0008335248422,4141.869109028661,0.09604681033252462,1.0788168262681839,0.4249181639897075,4.10085711966572
128,0,62,530.1310020508638,4141.869109028661,0.13757670900528043,0.9235272403195695,0.9926766217301356,7.812916228263267
128,4,210,2010.0000000221403,4141.869109028661,0.1584130155558727,2.0771792016211292,0.6780553383793485,2.060631397503999
128,1,620,6110.000000000002,4141.869109028661,0.1374339945768517,2.820758173937949,0.26279384240544945,0.6778836512321865
128,5,700,6910.000000000002,4141.869109028661,0.15812758669901528,3.126901527801995,0.2963740469626546,0.5994021865453922
129,6,440,4310.000000000002,5105.812979261011,0.09604681033252462,1.9699870141787665,0.22414752248075198,1.1846433826591667
129,1,527,5180.000000000002,5105.812979261011,0.1374339945768517,1.6082501115616816,0.21786271077653024,0.9856781813245191
129,4,665,6560.000000000001,5105.812979261011,0.1584130155558727,4.414617848014025,0.544308403891899,0.778325149277593
129,2,105,960.0014115816389,5105.812979261011,0.156272299129442,3.7771516997909766,3.139348001516989,5.318547366351253
129,5,560,5510.000000000002,5105.812979261011,0.15812758669901528,4.240134444667328,0.6212988851279568,0.9266448238223247
129,0,620,6110.000000000002,5105.812979261011,0.13757670900528043,1.731174235958317,0.19902580504645648,0.8356486054437003
129,3,700,6910.000000000002,5105.812979261011,0.15612958470101326,6.660486855402069,0.7683835093282383,0.738902023047903
130,3,35,262.252839954494,4503.826832299601,0.15612958470101326,0.9526639394481049,2.5543853516998025,17.173605567364316
130,5,700,6910.000000000002,4503.826832299601,0.15812758669901528,4.670951244942905,0.4814116697580996,0.6517839120549348
130,1,620,6110.000000000002,4503.826832299601,0.1374339945768517,2.1876662908530142,0.22162345360156052,0.7371238678068085
130,4,630,6210.000000000002,4503.826832299601,0.1584130155558727,4.557509313210553,0.5236106965028356,0.725253918244702
130,0,155,1460.0000072749747,4503.826832299601,0.13757670900528043,1.0386116235888476,0.44078511584664626,3.084812883464154
130,6,286,2770.000000000008,4503.826832299601,0.09604681033252462,2.135170910838884,0.33343985291516604,1.6259302643680822
130,2,700,6910.000000000002,4503.826832299601,0.156272299129442,4.295840737450802,0.4375561681398031,0.6517839120549348
131,4,700,6910.000000000002,4579.7794501084945,0.1584130155558727,6.61629433710185,0.6946598452907513,0.6627756078304621
131,6,440,4310.000000000002,4579.7794501084945,0.09604681033252462,5.139459992015761,0.5245268573437695,1.062593839932365
131,1,310,3010.0000000000014,4579.7794501084945,0.1374339945768517,5.313257154179096,1.1110486442139187,1.5215214119961769
131,3,35,262.252839954494,4579.7794501084945,0.15612958470101326,1.60483600372918,4.37562633634518,17.463221564743307
131,2,700,6910.000000000002,4579.7794501084945,0.156272299129442,2.8531887019636106,0.2955146488422775,0.6627756078304621
131,5,665,6560.000000000001,4579.7794501084945,0.15812758669901528,6.550717302364494,0.7231647110990421,0.6981371112970265
131,0,372,3630.000000000001,4579.7794501084945,0.13757670900528043,5.5475402790586825,0.9629047290297084,1.2616472314348466
132,5,105,960.0014115816389,4361.634313577169,0.15812758669901528,3.4159982363877046,2.454158793923026,4.543362396093992
132,6,440,4310.000000000002,4361.634313577169,0.09604681033252462,1.2105516978261526,0.11766255333268705,1.0119801191594355
132,2,665,6560.000000000001,4361.634313577169,0.156272299129442,2.4650120142679692,0.2561217458144688,0.6648832795087147
132,4,700,6910.000000000002,4361.634313577169,0.1584130155558727,4.703626266048412,0.47032154261834835,0.6312061235278101
132,0,31,223.43368382029254,4361.634313577169,0.13757670900528043,0.7492134497582081,2.012107067249796,19.520934529662174
132,3,525,5160.000000000001,4361.634313577169,0.15612958470101326,2.3380597185674854,0.30856051689982206,0.8452779677475133
132,1,620,6110.000000000002,4361.634313577169,0.1374339945768517,5.273414350557869,0.5173614997768803,0.7138517698162304
133,3,560,5510.000000000002,4090.909461284,0.15612958470101326,5.13275688489619,0.5949824666120576,0.7424518078555351
133,2,700,6910.000000000002,4090.909461284,0.156272299129442,5.301035575365416,0.4904384836974616,0.5920274184202603
133,1,279,2700.0000000000164,4090.909461284,0.1374339945768517,3.9451148890337864,0.8215044656856779,1.5151516523273982
133,6,440,4310.000000000002,4090.909461284,0.09604681033252462,1.5982157443653042,0.14570046881502416,0.9491669283721573
133,4,70,610.0563920873398,4090.909461284,0.1584130155558727,1.4812681272826578,1.573527819126043,6.705789029251443
133,5,280,2710.0000000000146,4090.909461284,0.15812758669901528,1.762586477258748,0.4207350119218211,1.5095606868206561
133,0,620,6110.000000000002,4090.909461284,0.13757670900528043,4.762581777858821,0.4386983693041793,0.6695432833525367
134,2,700,6910.000000000002,4639.208020577058,0.156272299129442,8.306127887108543,0.8714579063612617,0.6713759798230183
134,1,558,5490.000000000002,4639.208020577058,0.1374339945768517,5.50951194004814,0.6398509223904418,0.8450287833473691
134,4,140,1310.0000353340838,4639.208020577058,0.1584130155558727,1.8327497899034286,1.0281739087763835,3.5413800728592655
134,0,248,2390.0000000004047,4639.208020577058,0.13757670900528043,4.5437529975117155,1.2134044316107784,1.9410912219984404
134,6,110,1010.0008335248422,4639.208020577058,0.09604681033252462,3.666656269065207,1.6176153522797205,4.593271477199183
134,3,700,6910.000000000002,4639.208020577058,0.15612958470101326,8.303872191586036,0.8704256086588558,0.6713759798230183
134,5,700,6910.000000000002,4639.208020577058,0.15812758669901528,2.6984312040111593,0.28647372314605724,0.6713759798230183
135,6,440,4310.000000000002,4316.998199646579,0.09604681033252462,3.170906401657084,0.3050499561395372,1.0016237122149831
135,2,700,6910.000000000002,4316.998199646579,0.156272299129442,7.908589601638418,0.7721201053207344,0.6247464833063066
135,5,700,6910.000000000002,4316.998199646579,0.15812758669901528,3.0999387873988185,0.3062418793104879,0.6247464833063066
135,3,490,4810.000000000001,4316.998199646579,0.15612958470101326,7.52319249318984,1.0542028106396881,0.897504823211347
135,4,105,960.0014115816389,4316.998199646579,0.1584130155558727,1.2686672240144206,0.9037505554697265,4.496866512450394
135,0,93,840.0049979958054,4316.998199646579,0.13757670900528043,1.1843776505864996,0.8374041665678496,5.13925299247819
135,1,527,5180.000000000002,4316.998199646579,0.1374339945768517,2.905960950073875,0.33284041239215356,0.8333973358391077
136,1,620,6110.000000000002,4426.241256235693,0.1374339945768517,1.894367690752518,0.1886046166944827,0.7244257375181165
136,4,700,6910.000000000002,4426.241256235693,0.1584130155558727,5.192243412336082,0.526869356084291,0.6405558981527774
136,6,242,2330.000000000761,4426.241256235693,0.09604681033252462,1.1310199889843437,0.20636326381847678,1.8996743588988187
136,3,525,5160.000000000001,4426.241256235693,0.15612958470101326,6.352625496425665,0.8507928628712721,0.8577986930689326
136,5,70,610.0563920873398,4426.241256235693,0.15812758669901528,2.5793229830135416,2.959228293830507,7.255462468135246
136,2,700,6910.000000000002,4426.241256235693,0.156272299129442,6.612624007589987,0.6619312208947656,0.6405558981527774
136,0,217,2080.00000001059,4426.241256235693,0.13757670900528043,1.5837089354549918,0.4636518856238754,2.1280006039486334
137,1,620,6110.000000000002,4078.7741761636807,0.1374339945768517,2.35595369005404,0.21614707849070355,0.6675571483082945
137,3,210,2010.0000000221403,4078.7741761636807,0.15612958470101326,3.2744813153312453,1.037436024749746,2.0292408836411706
137,0,620,6110.000000000002,4078.7741761636807,0.13757670900528043,2.326572276044771,0.21367313195206514,0.6675571483082945
137,5,490,4810.000000000001,4078.7741761636807,0.15812758669901528,4.590135863129866,0.6154854176701678,0.8479779992024282
137,6,220,2110.0000000077202,4078.7741761636807,0.09604681033252462,1.447317439548222,0.26871626079141614,1.933068329928321
137,2,700,6910.000000000002,4078.7741761636807,0.156272299129442,4.373889146528707,0.4034608389292939,0.5902712266517626
137,4,35,262.252839954494,4078.7741761636807,0.1584130155558727,1.1056572222518686,2.7240860958630377,15.552831293920127
138,5,210,2010.0000000221403,4625.991151709028,0.15812758669901528,3.335880501678986,1.2140228699233455,2.30148813515327
138,4,245,2360.000000000555,4625.991151709028,0.1584130155558727,3.4727384992300894,1.0783400559666505,1.9601657422491272
138,0,620,6110.000000000002,4625.991151709028,0.13757670900528043,5.803787263693839,0.604532966711387,0.7571180281029503
138,1,465,4560.000000000002,4625.991151709028,0.1374339945768517,5.3973440920596705,0.7525133879319594,1.014471743795839
138,3,700,6910.000000000002,4625.991151709028,0.15612958470101326,3.611986601941095,0.37753575261567335,0.6694632636337231
138,2,700,6910.000000000002,4625.991151709028,0.156272299129442,3.613422442295511,0.3780310648368214,0.6694632636337231
138,6,330,3210.000000000001,4625.991151709028,0.09604681033252462,4.565446536638879,0.631925634883495,1.441118738850164
139,4,70,610.0563920873398,3369.187253412702,0.1584130155558727,1.9221550492911845,1.6816454830575898,5.522747236341303
139,3,420,4110.000000000002,3369.187253412702,0.15612958470101326,3.8719180402519977,0.49555822338170796,0.8197535896381266
139,5,70,610.0563920873398,3369.187253412702,0.15812758669901528,1.939250806676687,1.6935451937671069,5.522747236341303
139,0,155,1460.0000072749747,3369.187253412702,0.13757670900528043,4.475527861134029,1.4208933198310632,2.3076624908387093
139,6,440,4310.000000000002,3369.187253412702,0.09604681033252462,4.932260887490139,0.3703197424055968,0.7817139799101394
139,1,620,6110.000000000002,3369.187253412702,0.1374339945768517,7.2637579184785075,0.5504773703956382,0.5514218090691818
139,2,700,6910.000000000002,3369.187253412702,0.156272299129442,4.450384952035876,0.33909913483727294,0.48758136807709135
140,5,595,5860.000000000002,4984.522172077948,0.15812758669901528,3.1348015165373084,0.42164175005837934,0.8506010532556223
140,6,352,3430.000000000001,4984.522172077948,0.09604681033252462,0.6529206073832552,0.09113238470338396,1.4532134612472147
140,2,35,262.252839954494,4984.522172077948,0.156272299129442,1.3174029509525564,3.912947003110622,19.006551741986325
140,0,620,6110.000000000002,4984.522172077948,0.13757670900528043,6.383657964039791,0.7164680821384003,0.8157974095053923
140,3,700,6910.000000000002,4984.522172077948,0.15612958470101326,5.089201877672652,0.5731659310216228,0.72134908423704
140,1,620,6110.000000000002,4984.522172077948,0.1374339945768517,6.40268352529831,0.7178579715098943,0.8157974095053923
140,4,595,5860.000000000002,4984.522172077948,0.1584130155558727,3.138779320343173,0.4229388305068024,0.8506010532556223
141,6,440,4310.000000000002,4475.134875300035,0.09604681033252462,0.46828137670643505,0.04670019478689091,1.038314356218105
141,1,465,4560.000000000002,4475.134875300035,0.1374339945768517,4.827049858131879,0.6510543433958066,0.981389227039481
141,0,31,223.43368382029254,4475.134875300035,0.13757670900528043,0.8165051053604628,2.2498900965297177,20.028917747690095
141,5,595,5860.000000000002,4475.134875300035,0.15812758669901528,3.86243624054281,0.4664203378540736,0.7636748933959101
141,4,210,2010.0000000221403,4475.134875300035,0.1584130155558727,3.5382147701656166,1.2479153418469187,2.2264352613187763
141,2,700,6910.000000000002,4475.134875300035,0.156272299129442,4.085431712808379,0.4134738414948057,0.6476316751519585
141,3,700,6910.000000000002,4475.134875300035,0.15612958470101326,4.0520339219452435,0.40971924007511096,0.6476316751519585
142,1,434,4250.000000000002,5126.175932261244,0.1374339945768517,2.9101305464633254,0.48240435342267374,1.2061590428849982
142,5,700,6910.000000000002,5126.175932261244,0.15812758669901528,5.022020057937384,0.5891169870936108,0.7418489048134939
142,0,620,6110.000000000002,5126.175932261244,0.13757670900528043,3.3485003921892185,0.3864982817813897,0.8389813309756535
142,3,700,6910.000000000002,5126.175932261244,0.15612958470101326,3.9768606234230863,0.4606181375341892,0.7418489048134939
142,4,630,6210.000000000002,5126.175932261244,0.1584130155558727,4.89339494350206,0.6398866318621873,0.825471164615337
142,6,22,138.8629381196525,5126.175932261244,0.09604681033252462,0.8186728642676414,2.9026889488930716,36.915364183380795
142,2,350,3410.000000000001,5126.175932261244,0.156272299129442,3.2240578006795833,0.7573976427744338,1.5032773994901005
143,1,248,2390.0000000004047,4601.576444508345,0.1374339945768517,1.7186222094299284,0.4547611223988955,1.9253457926809898
143,0,496,4870.000000000001,4601.576444508345,0.13757670900528043,2.4384518031135882,0.3169835846951065,0.9448822267984279
143,2,700,6910.000000000002,4601.576444508345,0.156272299129442,4.0034561095419345,0.41662532664087715,0.6659300209129296
143,3,700,6910.000000000002,4601.576444508345,0.15612958470101326,4.000882154388968,0.4159772292273725,0.6659300209129296
143,4,700,6910.000000000002,4601.576444508345,0.1584130155558727,5.29302843819889,0.5583720647612667,0.6659300209129296
143,5,35,262.252839954494,4601.576444508345,0.15812758669901528,1.0041616520912695,2.786106518162149,17.546335991277765
143,6,330,3210.000000000001,4601.576444508345,0.09604681033252462,3.242049450029572,0.4463794474568182,1.4335129110617892
144,1,558,5490.000000000002,5094.071642643159,0.1374339945768517,3.721477663193575,0.4745721959796787,0.9278819021207937
144,2,245,2360.000000000555,5094.071642643159,0.156272299129442,3.565714457784345,1.2027672914946839,2.158504933322865
144,4,700,6910.000000000002,5094.071642643159,0.1584130155558727,2.9821067007258417,0.34825795146034566,0.7372028426401096
144,3,525,5160.000000000001,5094.071642643159,0.15612958470101326,4.164373053989161,0.6418745834448645,0.9872231865587516
144,0,620,6110.000000000002,5094.071642643159,0.13757670900528043,3.7976228862601262,0.4355926977953951,0.8337269464227753
144,6,440,4310.000000000002,5094.071642643159,0.09604681033252462,1.6309750438309611,0.18514758042717505,1.1819191746271827
144,5,525,5160.000000000001,5094.071642643159,0.15812758669901528,2.7180077844995743,0.4243006392414044,0.9872231865587516
145,6,286,2770.000000000008,4627.956329385045,0.09604681033252462,1.0127601949104652,0.162517096063636,1.6707423571787117
145,1,248,2390.0000000004047,4627.956329385045,0.1374339945768517,4.722119709903476,1.256673663394246,1.936383401416009
145,5,420,4110.000000000002,4627.956329385045,0.15812758669901528,2.322250384241954,0.41348914858168234,1.1260234378065799
145,3,245,2360.000000000555,4627.956329385045,0.15612958470101326,4.048504151936166,1.2395300010795673,1.9609984446542192
145,0,620,6110.000000000002,4627.956329385045,0.13757670900528043,5.7660995632351595,0.6008624930980898,0.7574396611104818
145,2,700,6910.000000000002,4627.956329385045,0.156272299129442,4.784234695319616,0.5007323876705763,0.6697476598241743
145,4,700,6910.000000000002,4627.956329385045,0.1584130155558727,2.7283082762654693,0.2894646314359319,0.6697476598241743
146,6,440,4310.000000000002,3414.4975891159365,0.09604681033252462,1.8105084977141623,0.1377631468315984,0.7922268188204026
146,3,35,262.252839954494,3414.4975891159365,0.15612958470101326,1.03089388207995,2.095587394044901,13.019868878096492
146,0,620,6110.000000000002,3414.4975891159365,0.13757670900528043,5.736037013287733,0.4410039319820817,0.5588375759600549
146,1,620,6110.000000000002,3414.4975891159365,0.1374339945768517,5.731780632396519,0.4402195550085857,0.5588375759600549
146,4,245,2360.000000000555,3414.4975891159365,0.1584130155558727,1.8243224805345957,0.4181261008860902,1.4468210123369212
146,5,210,2010.0000000221403,3414.4975891159365,0.15812758669901528,1.7361576091413535,0.4663667118599837,1.698755019441953
146,2,385,3760.0000000000014,3414.4975891159365,0.156272299129442,3.026536127737468,0.42950362104185286,0.9081110609350892
147,1,620,6110.000000000002,4863.731987820109,0.1374339945768517,6.426468714208823,0.7030642133228887,0.7960281485793956
147,4,595,5860.000000000002,4863.731987820109,0.1584130155558727,4.76173431605569,0.6260774198170392,0.8299883938259569
147,2,630,6210.000000000002,4863.731987820109,0.156272299129442,2.806783824313499,0.34353342711543183,0.7832096598744134
147,0,310,3010.0000000000014,4863.731987820109,0.13757670900528043,5.3968500475632855,1.1997435052014498,1.615857803262494
147,3,140,1310.0000353340838,4863.731987820109,0.15612958470101326,1.778069696814525,1.0307000878200088,3.7127724096432804
147,5,700,6910.000000000002,4863.731987820109,0.15812758669901528,4.936413096517088,0.5494279223597922,0.70386859447469
147,6,440,4310.000000000002,4863.731987820109,0.09604681033252462,4.674383091266415,0.5066401625482884,1.1284760992622058
148,6,330,3210.000000000001,5153.269587555304,0.09604681033252462,4.000256125442678,0.616805980457622,1.6053799338178512
148,2,700,6910.000000000002,5153.269587555304,0.156272299129442,2.6569637528034966,0.3096509713214669,0.7457698390094504
148,4,315,3060.0000000000014,5153.269587555304,0.1584130155558727,4.527103787475406,1.2077380489328975,1.6840750286128436
148,5,700,6910.000000000002,5153.269587555304,0.15812758669901528,5.399099046838491,0.6366983918179184,0.7457698390094504
148,3,525,5160.000000000001,5153.269587555304,0.15612958470101326,2.348791082370535,0.36623745290195664,0.9986956565029657
148,1,403,3940.000000000001,5153.269587555304,0.1374339945768517,4.408025367560846,0.792364291774727,1.307936443541955
148,0,620,6110.000000000002,5153.269587555304,0.13757670900528043,4.949120271889994,0.5742679473185665,0.843415644444403
149,3,560,5510.000000000002,5324.669616105718,0.15612958470101326,4.077785504295654,0.615248621480594,0.9663647216162824
149,1,620,6110.000000000002,5324.669616105718,0.1374339945768517,2.453878855287,0.2938994299505493,0.8714680222758947
149,5,700,6910.000000000002,5324.669616105718,0.15812758669901528,4.8143408316132605,0.5866230105890891,0.7705744741108128
149,4,315,3060.0000000000014,5324.669616105718,0.1584130155558727,4.093724198376275,1.1284457386660993,1.740088109838469
149,6,198,1890.0000000783903,5324.669616105718,0.09604681033252462,1.352352024824238,0.36593467505330857,2.817285511050196
149,2,665,6560.000000000001,5324.669616105718,0.156272299129442,4.2367433687250164,0.5374065886622695,0.8116874414795301
149,0,620,6110.000000000002,5324.669616105718,0.13757670900528043,2.3992375483286703,0.28765347286548004,0.8714680222758947
150,3,700,6910.000000000002,4470.782755049935,0.15612958470101326,6.513704611458071,0.6579892285458018,0.647001845882769
150,5,700,6910.000000000002,4470.782755049935,0.15812758669901528,4.57627358329041,0.4681932440222666,0.647001845882769
150,0,155,1460.0000072749747,4470.782755049935,0.13757670900528043,2.5846721552440175,1.0888826795951285,3.0621799539538723
150,1,186,1770.0000002775555,4470.782755049935,0.1374339945768517,2.6123117620461107,0.9068375107437461,2.5258659629089646
150,6,22,138.8629381196525,4470.782755049935,0.09604681033252462,0.03851531581506884,0.11910051162828149,32.195651450192166
150,4,490,4810.000000000001,4470.782755049935,0.1584130155558727,4.330864656732802,0.6376817146076867,0.9294766642515456
150,2,700,6910.000000000002,4470.782755049935,0.156272299129442,6.5136363274944555,0.6585837771359041,0.647001845882769
