{
  "loss": 0.6541003212369886,
  "accuracy": 0.7461346633416459,
  "balanced_accuracy": 0.39023701622811613,
  "per_class_f1": [
    0.4122137404580153,
    0.41509433962264153,
    0.5118279569892473,
    0.0,
    0.3532608695652174,
    0.8807923593915812,
    0.3783783783783784
  ],
  "macro_f1": 0.42165252062929737,
  "per_class_recall": [
    0.4090909090909091,
    0.32038834951456313,
    0.5409090909090909,
    0.0,
    0.2914798206278027,
    0.9284116331096197,
    0.2413793103448276
  ],
  "per_class_precision": [
    0.4153846153846154,
    0.5892857142857143,
    0.4857142857142857,
    0.0,
    0.4482758620689655,
    0.8378196500672948,
    0.875
  ],
  "per_class_accuracy": [
    0.4090909090909091,
    0.32038834951456313,
    0.5409090909090909,
    0.0,
    0.2914798206278027,
    0.9284116331096197,
    0.2413793103448276
  ],
  "worst_class_recall": 0.0,
  "worst_class_f1": 0.0,
  "confusion_matrix": [
    [
      27,
      7,
      15,
      0,
      8,
      9,
      0
    ],
    [
      16,
      33,
      23,
      0,
      7,
      23,
      1
    ],
    [
      10,
      4,
      119,
      0,
      23,
      64,
      0
    ],
    [
      3,
      2,
      8,
      0,
      0,
      10,
      0
    ],
    [
      6,
      0,
      29,
      0,
      65,
      123,
      0
    ],
    [
      3,
      8,
      49,
      0,
      36,
      1245,
      0
    ],
    [
      0,
      2,
      2,
      0,
      6,
      12,
      7
    ]
  ],
  "macro_auroc": 0.9242392369017579,
  "present_classes": [
    0,
    1,
    2,
    3,
    4,
    5,
    6
  ]
}