{
  "loss": 1.6176312058346527,
  "accuracy": 0.6688279301745635,
  "balanced_accuracy": 0.14285714285714285,
  "per_class_f1": [
    0.0,
    0.0,
    0.0,
    0.0,
    0.0,
    0.8015540944411237,
    0.0
  ],
  "macro_f1": 0.11450772777730338,
  "per_class_recall": [
    0.0,
    0.0,
    0.0,
    0.0,
    0.0,
    1.0,
    0.0
  ],
  "per_class_precision": [
    0.0,
    0.0,
    0.0,
    0.0,
    0.0,
    0.6688279301745635,
    0.0
  ],
  "per_class_accuracy": [
    0.0,
    0.0,
    0.0,
    0.0,
    0.0,
    1.0,
    0.0
  ],
  "worst_class_recall": 0.0,
  "worst_class_f1": 0.0,
  "confusion_matrix": [
    [
      0,
      0,
      0,
      0,
      0,
      66,
      0
    ],
    [
      0,
      0,
      0,
      0,
      0,
      103,
      0
    ],
    [
      0,
      0,
      0,
      0,
      0,
      220,
      0
    ],
    [
      0,
      0,
      0,
      0,
      0,
      23,
      0
    ],
    [
      0,
      0,
      0,
      0,
      0,
      223,
      0
    ],
    [
      0,
      0,
      0,
      0,
      0,
      1341,
      0
    ],
    [
      0,
      0,
      0,
      0,
      0,
      29,
      0
    ]
  ],
  "macro_auroc": 0.5596070824642935,
  "present_classes": [
    0,
    1,
    2,
    3,
    4,
    5,
    6
  ]
}