round,accuracy,balanced_accuracy,macro_f1,worst_class_f1,worst_class_recall,f1_actinic_keratoses_an,recall_actinic_keratoses_an,f1_basal_cell_carcinoma,recall_basal_cell_carcinoma,f1_benign_keratosis-lik,recall_benign_keratosis-lik,f1_dermatofibroma,recall_dermatofibroma,f1_melanoma,recall_melanoma,f1_melanocytic_nevi,recall_melanocytic_nevi,f1_vascular_lesions,recall_vascular_lesions,loss
0,0.08275174476570289,0.13357234785806213,0.02893280331703977,0.0,0.0,0.0,0.0,0.0,0.0,0.0,0.0,0.0,0.0,0.17297297297297298,0.7207207207207207,0.0,0.0,0.029556650246305417,0.21428571428571427,1.9491179534944438
1,0.6689930209371885,0.14285714285714285,0.11452466291175968,0.0,0.0,0.0,0.0,0.0,0.0,0.0,0.0,0.0,0.0,0.0,0.0,0.8016726403823178,1.0,0.0,0.0,1.6179195433290505
2,0.6689930209371885,0.14285714285714285,0.11452466291175968,0.0,0.0,0.0,0.0,0.0,0.0,0.0,0.0,0.0,0.0,0.0,0.0,0.8016726403823178,1.0,0.0,0.0,1.2784063794677065
3,0.6689930209371885,0.14285714285714285,0.11452466291175968,0.0,0.0,0.0,0.0,0.0,0.0,0.0,0.0,0.0,0.0,0.0,0.0,0.8016726403823178,1.0,0.0,0.0,1.0960217020209742
