round,cid,tau,a_i,a_eff,p_i,raw_update_norm,contribution_norm,amp_vs_fedavg
1,5,210,3110.000000000001,4717.5638647067235,0.15812758669901528,2.193033959139694,0.5260298616294615,1.5169015642143802
1,6,308,3110.000000000001,4717.5638647067235,0.09604681033252462,1.9900531864427542,0.289937927016125,1.5169015642143802
1,3,700,6910.000000000002,4717.5638647067235,0.15612958470101326,4.123176837461361,0.43949800378423687,0.6827154652252854
1,1,620,6110.000000000002,4717.5638647067235,0.1374339945768517,4.017410246189663,0.42630156841202277,0.7721053788390707
1,2,315,3110.000000000001,4717.5638647067235,0.156272299129442,2.7321111322186145,0.6476461105789327,1.5169015642143802
1,4,700,6910.000000000002,4717.5638647067235,0.1584130155558727,4.069121618857654,0.4400796357321398,0.6827154652252854
1,0,155,3110.000000000001,4717.5638647067235,0.13757670900528043,2.244170643516027,0.4683367011518438,1.5169015642143802
2,5,700,6910.000000000002,5263.432282003712,0.15812758669901528,3.9920089508466785,0.48082843372015754,0.7617123418239813
2,1,186,3110.000000000001,5263.432282003712,0.1374339945768517,2.3355640059179974,0.543243569245344,1.6924219556282027
2,2,140,3110.000000000001,5263.432282003712,0.156272299129442,2.497823636683803,0.6606210735823851,1.6924219556282027
2,0,620,6110.000000000002,5263.432282003712,0.13757670900528043,3.508489692207882,0.41580810544121855,0.8614455453361228
2,3,700,6910.000000000002,5263.432282003712,0.15612958470101326,3.6196835892442802,0.43047388094577616,0.7617123418239813
2,6,88,3110.000000000001,5263.432282003712,0.09604681033252462,0.09991850955921919,0.016241926645308012,1.6924219556282027
2,4,665,6560.000000000001,5263.432282003712,0.1584130155558727,3.8695540475309884,0.49183222301899593,0.8023524820127609
3,6,154,3110.000000000001,5366.80034251463,0.09604681033252462,1.1015766773969595,0.18257980082728323,1.7256592741204593
3,4,490,4810.000000000001,5366.80034251463,0.1584130155558727,3.0925162495490834,0.5466045141884075,1.1157589069676983
3,2,700,6910.000000000002,5366.80034251463,0.156272299129442,3.469080382643409,0.421050081930281,0.7766715401613066
3,1,124,3110.000000000001,5366.80034251463,0.1374339945768517,1.6801586001237803,0.3984735497782026,1.7256592741204593
3,0,465,4560.000000000002,5366.80034251463,0.13757670900528043,2.9512829975927746,0.47786626045177616,1.1769298996742605
3,3,700,6910.000000000002,5366.80034251463,0.15612958470101326,3.5923684020172857,0.4356156397582425,0.7766715401613066
3,5,700,6910.000000000002,5366.80034251463,0.15812758669901528,3.912135983509915,0.48046192450884684,0.7766715401613066
4,2,210,3110.000000000001,4631.113172541745,0.156272299129442,2.0856631528934106,0.48534568786428706,1.4891039140005609
4,5,420,4110.000000000002,4631.113172541745,0.15812758669901528,2.7310884885745246,0.486616674993223,1.1267915261658743
4,0,496,4870.000000000001,4631.113172541745,0.13757670900528043,3.0621982016437266,0.40062186323906457,0.9509472633555943
4,4,70,3110.000000000001,4631.113172541745,0.1584130155558727,1.5179062466465774,0.3580641283850041,1.4891039140005609
4,1,620,6110.000000000002,4631.113172541745,0.1374339945768517,3.721840446460034,0.38770027115612515,0.7579563293849008
4,3,700,6910.000000000002,4631.113172541745,0.15612958470101326,3.707404611025132,0.38793819166333304,0.6702045112216707
4,6,440,4310.000000000002,4631.113172541745,0.09604681033252462,0.35928772749173216,0.037079464513632095,1.0745042163669938
5,5,140,3110.000000000001,5004.953617810762,0.15812758669901528,1.4187383759411099,0.3610352670880755,1.6093098449552283
5,3,700,6910.000000000002,5004.953617810762,0.15612958470101326,3.904012572351065,0.4414875102502639,0.7243058781202258
5,4,350,3410.000000000001,5004.953617810762,0.1584130155558727,2.1321605949870657,0.49574284202742397,1.4677283336688447
5,6,440,4310.000000000002,5004.953617810762,0.09604681033252462,0.5969520540690358,0.06658021367490698,1.1612421387031926
5,0,496,4870.000000000001,5004.953617810762,0.13757670900528043,3.232503055183517,0.4570407843152031,1.0277112151562138
5,1,620,6110.000000000002,5004.953617810762,0.1374339945768517,3.830108297983384,0.43118542319132325,0.8191413449772112
5,2,630,6210.000000000002,5004.953617810762,0.156272299129442,3.489784469215584,0.4395305476215865,0.8059506630935201
6,0,620,6110.000000000002,4985.024975024977,0.13757670900528043,3.6543857497950416,0.41019034458139286,0.8158797013134166
6,4,490,4810.000000000001,4985.024975024977,0.1584130155558727,2.699497753995968,0.44319626715132326,1.0363877286954213
6,1,93,3110.000000000001,4985.024975024977,0.1374339945768517,1.3399012339179939,0.2951711491947421,1.6029019212298956
6,6,440,4310.000000000002,4985.024975024977,0.09604681033252462,0.39051762923362626,0.043382408469861446,1.1566183236716878
6,2,630,6210.000000000002,4985.024975024977,0.156272299129442,3.824815347262873,0.47980880481161003,0.8027415418719767
6,5,35,3110.000000000001,4985.024975024977,0.15812758669901528,0.8243088928904743,0.20893181523846732,1.6029019212298956
6,3,700,6910.000000000002,4985.024975024977,0.15612958470101326,4.313354451715397,0.4858359452563652,0.7214218487735131
7,3,700,6910.000000000002,5219.658912516056,0.15612958470101326,4.5183018783391,0.5328739932296259,0.7553775560804711
7,2,105,3110.000000000001,5219.658912516056,0.156272299129442,1.4077053231840653,0.36921172955696707,1.6783469172077345
7,5,700,6910.000000000002,5219.658912516056,0.15812758669901528,3.9925841286920436,0.47689832357177064,0.7553775560804711
7,4,700,6910.000000000002,5219.658912516056,0.1584130155558727,4.174433543465512,0.49951954944662263,0.7553775560804711
7,1,434,4250.000000000002,5219.658912516056,0.1374339945768517,2.983645322632821,0.5036102484663153,1.2281550382390716
7,6,110,3110.000000000001,5219.658912516056,0.09604681033252462,0.4367416472807266,0.07040269590452107,1.6783469172077345
7,0,434,4250.000000000002,5219.658912516056,0.13757670900528043,2.8980423136036455,0.4896692505804151,1.2281550382390716
8,1,620,6110.000000000002,5572.189239332098,0.1374339945768517,3.8689268650593838,0.4849191518645635,0.91197859890869
8,3,630,6210.000000000002,5572.189239332098,0.15612958470101326,4.179419291973925,0.585511466557393,0.8972929531935743
8,2,700,6910.000000000002,5572.189239332098,0.156272299129442,4.399072655691305,0.5543588005960559,0.8063949695126044
8,4,700,6910.000000000002,5572.189239332098,0.1584130155558727,4.3899844010792775,0.5607917916895586,0.8063949695126044
8,5,105,3110.000000000001,5572.189239332098,0.15812758669901528,1.622920359512161,0.45980143213845587,1.7917007200424746
8,6,22,3110.000000000001,5572.189239332098,0.09604681033252462,0.20826105351443444,0.03583904891244312,1.7917007200424746
8,0,589,5800.000000000002,5572.189239332098,0.13757670900528043,3.6347390066484997,0.4804143947610226,0.9607222826434648
9,5,455,4460.000000000002,5125.184815184816,0.15812758669901528,3.432298042123794,0.6236878842426963,1.1491445773956983
9,4,700,6910.000000000002,5125.184815184816,0.1584130155558727,4.796217046657075,0.5635353615460768,0.7417054725303639
9,0,620,6110.000000000002,5125.184815184816,0.13757670900528043,4.141800156387835,0.477971913131602,0.8388191186881857
9,1,620,6110.000000000002,5125.184815184816,0.1374339945768517,3.5888890925249113,0.4137352534025856,0.8388191186881857
9,6,44,3110.000000000001,5125.184815184816,0.09604681033252462,0.4315977930341906,0.06831424984293948,1.6479693939501012
9,2,140,3110.000000000001,5125.184815184816,0.156272299129442,1.9299368625369555,0.4970204346339518,1.6479693939501012
9,3,560,5510.000000000002,5125.184815184816,0.15612958470101326,4.095976001882626,0.5948405135176466,0.9301605835181151
10,1,310,3110.000000000001,4912.554588268876,0.1374339945768517,2.828507778106135,0.6140426640583936,1.5795995460671621
10,4,700,6910.000000000002,4912.554588268876,0.1584130155558727,4.616175077068429,0.5198792396597919,0.7109340938160456
10,0,248,3110.000000000001,4912.554588268876,0.13757670900528043,2.2967535215370445,0.49912153425522204,1.5795995460671621
10,2,630,6210.000000000002,4912.554588268876,0.156272299129442,4.2387634397884835,0.5240068576297777,0.7910715923138284
10,6,440,4310.000000000002,4912.554588268876,0.09604681033252462,0.30952021435180826,0.03388457815950732,1.1398038487862816
10,3,175,3110.000000000001,4912.554588268876,0.15612958470101326,2.147506143834303,0.5296227350642151,1.5795995460671621
10,5,700,6910.000000000002,4912.554588268876,0.15812758669901528,4.5092056085220555,0.506917195299321,0.7109340938160456
11,5,210,3110.000000000001,4534.479805908379,0.15812758669901528,2.325193702867107,0.5360852574457078,1.458032091931954
11,0,620,6110.000000000002,4534.479805908379,0.13757670900528043,3.4060213290419217,0.34775913068396624,0.742140721097934
11,6,440,4310.000000000002,4534.479805908379,0.09604681033252462,0.5249514414303829,0.0530459560657203,1.0520834816492755
11,3,315,3110.000000000001,4534.479805908379,0.15612958470101326,2.953514231664653,0.6723437242638539,1.458032091931954
11,1,341,3320.0000000000014,4534.479805908379,0.1374339945768517,2.9053523715695277,0.5453588570030066,1.3658071704543304
11,4,700,6910.000000000002,4534.479805908379,0.1584130155558727,4.460489866823999,0.46368478245726436,0.6562199429679273
11,2,490,4810.000000000001,4534.479805908379,0.156272299129442,3.7424216558734025,0.5513369698020598,0.9427192943676461
12,3,560,5510.000000000002,5254.671043242473,0.15612958470101326,3.8738143153103284,0.5767902872615567,0.9536608063960929
12,4,700,6910.000000000002,5254.671043242473,0.1584130155558727,4.130015887191045,0.4975194565309635,0.7604444346226443
12,2,700,6910.000000000002,5254.671043242473,0.156272299129442,4.754371765540227,0.5649924256328173,0.7604444346226443
12,6,440,4310.000000000002,5254.671043242473,0.09604681033252462,0.43552933601143756,0.05099981760877349,1.2191812165295757
12,5,385,3760.0000000000014,5254.671043242473,0.15812758669901528,3.1591413362622847,0.6981269239610645,1.3975188944793806
12,1,465,4560.000000000002,5254.671043242473,0.1374339945768517,3.4746054389985574,0.5502757258180281,1.1523401410619454
12,0,434,4250.000000000002,5254.671043242473,0.13757670900528043,3.125083976175789,0.5315733644281343,1.2363931866452873
13,2,665,6560.000000000001,5084.661053232483,0.156272299129442,4.35731832374867,0.5277879355214626,0.7751007703098296
13,1,620,6110.000000000002,5084.661053232483,0.1374339945768517,3.976396146265955,0.4547834076680385,0.8321867517565437
13,4,35,3110.000000000001,5084.661053232483,0.1584130155558727,1.1608005378386865,0.30064229691782046,1.6349392454123735
13,3,35,3110.000000000001,5084.661053232483,0.15612958470101326,1.2967819706806785,0.33101965917657894,1.6349392454123735
13,5,700,6910.000000000002,5084.661053232483,0.15812758669901528,3.621697423322995,0.42140896211786677,0.7358409628411695
13,0,620,6110.000000000002,5084.661053232483,0.13757670900528043,2.9789843159752105,0.3410624682907202,0.8321867517565437
13,6,330,3210.000000000001,5084.661053232483,0.09604681033252462,0.5563841878624799,0.08464761016346045,1.5840065586394023
14,0,279,3110.000000000001,5089.028114742403,0.13757670900528043,2.475352908956765,0.5572582441847134,1.6363434452547916
14,5,595,5860.000000000002,5089.028114742403,0.15812758669901528,3.254584389831531,0.4469309330239016,0.868434831867304
14,1,620,6110.000000000002,5089.028114742403,0.1374339945768517,3.7872451633697746,0.4335220874659582,0.8329014917745338
14,6,440,4310.000000000002,5089.028114742403,0.09604681033252462,0.3518204166706685,0.03989895906103185,1.1807489825388402
14,3,700,6910.000000000002,5089.028114742403,0.15612958470101326,3.622614033239207,0.4165470589454388,0.7364729543766139
14,4,385,3760.0000000000014,5089.028114742403,0.1584130155558727,3.2349511696686823,0.6935944288238981,1.3534649241336174
14,2,525,5160.000000000001,5089.028114742403,0.156272299129442,3.4873125862837293,0.5374747018529579,0.9862457586710082
15,5,700,6910.000000000002,4609.1380048522915,0.15812758669901528,2.5511548136245743,0.2690829134763249,0.6670243132926614
15,4,455,4460.000000000002,4609.1380048522915,0.1584130155558727,2.9949847369879334,0.49030952239547837,1.033439014540872
15,2,245,3110.000000000001,4609.1380048522915,0.156272299129442,2.897128126932995,0.670979152839667,1.4820379436824085
15,1,620,6110.000000000002,4609.1380048522915,0.1374339945768517,2.434211955847589,0.2523661267554778,0.7543597389283617
15,6,440,4310.000000000002,4609.1380048522915,0.09604681033252462,0.36401410927415273,0.037388978988724286,1.069405569571297
15,3,315,3110.000000000001,4609.1380048522915,0.15612958470101326,3.0789137177580495,0.7124297486535776,1.4820379436824085
15,0,434,4250.000000000002,4609.1380048522915,0.13757670900528043,2.2549748668560476,0.3364475761514343,1.0845030599652445
16,6,220,3110.000000000001,4881.856714713858,0.09604681033252462,0.4728199797059054,0.07128586210939684,1.5697288471748736
16,3,140,3110.000000000001,4881.856714713858,0.15612958470101326,1.9049997876676599,0.4668794682313322,1.5697288471748736
16,4,700,6910.000000000002,4881.856714713858,0.1584130155558727,3.0979190559782253,0.3467112298291891,0.7064915650816002
16,1,62,3110.000000000001,4881.856714713858,0.1374339945768517,1.9736631178989525,0.42578644802805177,1.5697288471748736
16,0,620,6110.000000000002,4881.856714713858,0.13757670900528043,1.929650257938228,0.21211302446184918,0.7989945523263268
16,5,700,6910.000000000002,4881.856714713858,0.15812758669901528,3.5966191081587064,0.40179920329667196,0.7064915650816002
16,2,420,4110.000000000002,4881.856714713858,0.156272299129442,2.7587621395013207,0.5120819470814226,1.1877996872783105
17,6,440,4310.000000000002,5160.589410589412,0.09604681033252462,0.33471195408098553,0.038492507823706265,1.19735253145926
17,4,455,4460.000000000002,5160.589410589412,0.1584130155558727,2.901886199298617,0.5319069764901323,1.1570828274864149
17,1,434,4250.000000000002,5160.589410589412,0.1374339945768517,2.79011187589282,0.46561414365304704,1.2142563319033906
17,0,589,5800.000000000002,5160.589410589412,0.13757670900528043,1.8310125253287945,0.22413389837524772,0.8897567949292087
17,2,700,6910.000000000002,5160.589410589412,0.156272299129442,2.8344249713590517,0.3308020762383112,0.7468291476974546
17,3,210,3110.000000000001,5160.589410589412,0.15612958470101326,2.390273883097121,0.6192582321644483,1.6593535082281063
17,5,700,6910.000000000002,5160.589410589412,0.15812758669901528,3.5683123765068365,0.4213973194631492,0.7468291476974546
18,5,700,6910.000000000002,4904.593977451122,0.15812758669901528,3.530770879653007,0.3962800344590983,0.7097820517295399
18,4,315,3110.000000000001,4904.593977451122,0.1584130155558727,2.7949011749736146,0.6982323864507004,1.577039864132193
18,2,700,6910.000000000002,4904.593977451122,0.156272299129442,2.6100892802054227,0.28950920569846206,0.7097820517295399
18,0,434,4250.000000000002,4904.593977451122,0.13757670900528043,3.3851518027628487,0.5374489214779601,1.1540221123414398
18,6,352,3430.000000000001,4904.593977451122,0.09604681033252462,0.5061656598628413,0.06951596644094332,1.4299107805979943
18,1,620,6110.000000000002,4904.593977451122,0.1374339945768517,2.8572331779715987,0.3152112464876593,0.8027158719232602
18,3,175,3110.000000000001,4904.593977451122,0.15612958470101326,1.9214369547439025,0.47310116246730427,1.577039864132193
19,3,700,6910.000000000002,4989.182246325105,0.15612958470101326,2.457763050696832,0.27706172655878836,0.722023479931274
19,2,315,3110.000000000001,4989.182246325105,0.156272299129442,2.797576114827901,0.7013469171114858,1.6042386644132165
19,4,175,3110.000000000001,4989.182246325105,0.1584130155558727,1.9200776940230286,0.48795373080152904,1.6042386644132165
19,6,396,3870.0000000000014,4989.182246325105,0.09604681033252462,0.5924831094625841,0.07336304079782677,1.2891943788953755
19,5,700,6910.000000000002,4989.182246325105,0.15812758669901528,2.7884944337736974,0.3183675136242669,0.722023479931274
19,0,620,6110.000000000002,4989.182246325105,0.13757670900528043,2.8335874931964797,0.3183242330627988,0.8165601057815226
19,1,465,4560.000000000002,4989.182246325105,0.1374339945768517,2.9990953881350664,0.45097137284065447,1.0941189136677856
20,6,286,3110.000000000001,5170.048522905667,0.09604681033252462,0.4299475481723829,0.0686487531263995,1.6623950234423361
20,0,465,4560.000000000002,5170.048522905667,0.13757670900528043,2.0176088306622617,0.314710811581753,1.1337825708126457
20,1,372,3630.000000000001,5170.048522905667,0.1374339945768517,3.440344807533145,0.6734170927704886,1.4242557914340677
20,2,700,6910.000000000002,5170.048522905667,0.156272299129442,3.2210601995399872,0.3766148280470827,0.7481980496245536
20,5,105,3110.000000000001,5170.048522905667,0.15812758669901528,1.8087887991813907,0.4754772399065021,1.6623950234423361
20,3,700,6910.000000000002,5170.048522905667,0.15612958470101326,2.8843918542133773,0.3369426883808885,0.7481980496245536
20,4,700,6910.000000000002,5170.048522905667,0.1584130155558727,2.300981641380285,0.27272225969686353,0.7481980496245536
21,0,310,3110.000000000001,5073.34522620237,0.13757670900528043,2.0221143742024323,0.4538210742925461,1.6313007158206974
21,6,176,3110.000000000001,5073.34522620237,0.09604681033252462,0.3215250007297001,0.050376932734040605,1.6313007158206974
21,1,372,3630.000000000001,5073.34522620237,0.1374339945768517,2.821566861709939,0.5419663298465031,1.397615764794041
21,5,385,3760.0000000000014,5073.34522620237,0.15812758669901528,1.8337818450674381,0.39125678552006354,1.3492939431389277
21,2,700,6910.000000000002,5073.34522620237,0.156272299129442,2.516012537143188,0.2886763270396519,0.7342033612449159
21,4,700,6910.000000000002,5073.34522620237,0.1584130155558727,2.328917458528078,0.2708702610226549,0.7342033612449159
21,3,700,6910.000000000002,5073.34522620237,0.15612958470101326,1.9287828456157246,0.2210980476821297,0.7342033612449159
22,5,35,3110.000000000001,5553.577850720709,0.15812758669901528,1.6453666952993606,0.46460386720048374,1.7857163507140537
22,4,700,6910.000000000002,5553.577850720709,0.1584130155558727,2.1267690177036322,0.27077340303799774,0.8037015702924323
22,2,700,6910.000000000002,5553.577850720709,0.156272299129442,2.345847851003872,0.29462979215973156,0.8037015702924323
22,0,527,5180.000000000002,5553.577850720709,0.13757670900528043,1.61438329474658,0.23811934312736663,1.0721192762009086
22,6,198,3110.000000000001,5553.577850720709,0.09604681033252462,0.36989972767676493,0.06344237512578157,1.7857163507140537
22,3,700,6910.000000000002,5553.577850720709,0.15612958470101326,2.897180740786661,0.36354285280513876,0.8037015702924323
22,1,589,5800.000000000002,5553.577850720709,0.1374339945768517,2.0991978959117867,0.27624372568986794,0.9575134225380529
23,2,700,6910.000000000002,4677.643784786644,0.156272299129442,2.2267177169213586,0.23555713578316426,0.676938319071873
23,3,560,5510.000000000002,4677.643784786644,0.15612958470101326,2.5822077642039325,0.34225668085055805,0.8489371660229841
23,0,372,3630.000000000001,4677.643784786644,0.13757670900528043,1.807863440700623,0.32050223308369546,1.288607103247009
23,6,440,4310.000000000002,4677.643784786644,0.09604681033252462,0.5984428723397137,0.06238145804879134,1.0853001820850676
23,5,315,3110.000000000001,4677.643784786644,0.15812758669901528,2.2706865540221624,0.5400470376685953,1.504065525654869
23,4,210,3110.000000000001,4677.643784786644,0.1584130155558727,2.2181668032649258,0.5285083092659559,1.504065525654869
23,1,620,6110.000000000002,4677.643784786644,0.1374339945768517,1.774734823046255,0.18672977604635407,0.7655718142040331
24,0,620,6110.000000000002,5055.420293991723,0.13757670900528043,1.6974938005036655,0.1932276048035125,0.8274010301132114
24,5,175,3110.000000000001,5055.420293991723,0.15812758669901528,1.9106078067849754,0.49110693771777125,1.6255370720230615
24,1,372,3630.000000000001,5055.420293991723,0.1374339945768517,1.9915450937690784,0.3811842575587565,1.3926777669398682
24,2,700,6910.000000000002,5055.420293991723,0.156272299129442,1.9795160492599557,0.22631860057337025,0.7316093044850538
24,3,490,4810.000000000001,5055.420293991723,0.15612958470101326,2.3295972029095915,0.3822770551752541,1.0510229301438092
24,4,700,6910.000000000002,5055.420293991723,0.1584130155558727,2.697535595886739,0.312634761903056,0.7316093044850538
24,6,198,3110.000000000001,5055.420293991723,0.09604681033252462,0.3549189499203451,0.055412661891468346,1.6255370720230615
25,1,279,3110.000000000001,5335.156272299131,0.1374339945768517,4.050070524196031,0.954868377900593,1.7154843319289805
25,6,88,3110.000000000001,5335.156272299131,0.09604681033252462,0.42160836419532655,0.06946706028691968,1.7154843319289805
25,4,700,6910.000000000002,5335.156272299131,0.1584130155558727,1.820981313140926,0.22272319495148393,0.7720920799275152
25,5,700,6910.000000000002,5335.156272299131,0.15812758669901528,1.6035726681934173,0.19577867538518778,0.7720920799275152
25,3,700,6910.000000000002,5335.156272299131,0.15612958470101326,1.7086252230190162,0.20596864656337363,0.7720920799275152
25,0,558,5490.000000000002,5335.156272299131,0.13757670900528043,1.8569778527244998,0.2482712558089392,0.9717953137156884
25,2,385,3760.0000000000014,5335.156272299131,0.156272299129442,2.0736853649145934,0.4598160901458688,1.4189245405050877
26,2,280,3110.000000000001,4725.156272299131,0.156272299129442,2.6493085278244237,0.629028504991478,1.5193428528293023
26,1,620,6110.000000000002,4725.156272299131,0.1374339945768517,1.6149312304746049,0.1716418429124652,0.7733479987396285
26,4,700,6910.000000000002,4725.156272299131,0.1584130155558727,2.3102608505455677,0.25025917516324464,0.6838142217509595
26,5,700,6910.000000000002,4725.156272299131,0.15812758669901528,1.8411090552155118,0.1990789244715185,0.6838142217509595
26,0,186,3110.000000000001,4725.156272299131,0.13757670900528043,2.630228669783293,0.5497866764714227,1.5193428528293023
26,3,315,3110.000000000001,4725.156272299131,0.15612958470101326,2.079433413669817,0.4932714843332496,1.5193428528293023
26,6,242,3110.000000000001,4725.156272299131,0.09604681033252462,0.4169873622709198,0.06085014631920807,1.5193428528293023
27,0,62,3110.000000000001,4873.151134579706,0.13757670900528043,1.5219590381249242,0.32809330781937895,1.5669296252667861
27,6,154,3110.000000000001,4873.151134579706,0.09604681033252462,0.47834364511690114,0.07199004533213417,1.5669296252667861
27,5,700,6910.000000000002,4873.151134579706,0.15812758669901528,2.300036881974172,0.2564922671662037,0.7052317126743423
27,4,210,3110.000000000001,4873.151134579706,0.1584130155558727,2.27217998367236,0.5640051669321263,1.5669296252667861
27,1,620,6110.000000000002,4873.151134579706,0.1374339945768517,1.779974907843152,0.195108738169409,0.7975697437937324
27,2,700,6910.000000000002,4873.151134579706,0.156272299129442,2.5206362388951997,0.27779473525112836,0.7052317126743423
27,3,420,4110.000000000002,4873.151134579706,0.15612958470101326,2.906591797750733,0.5380681765910188,1.1856815412602686
28,5,700,6910.000000000002,4725.584415584417,0.15812758669901528,2.0749387247257305,0.22438323090490275,0.6838761817054148
28,0,620,6110.000000000002,4725.584415584417,0.13757670900528043,1.6861600654006286,0.1794147032546,0.7734180712904117
28,3,35,3110.000000000001,4725.584415584417,0.15612958470101326,2.096833883585398,0.4974441948240327,1.5194805194805194
28,4,700,6910.000000000002,4725.584415584417,0.1584130155558727,2.54360061416629,0.2755606881886036,0.6838761817054148
28,1,124,3110.000000000001,4725.584415584417,0.1374339945768517,1.5303323400623126,0.3195766665378421,1.5194805194805194
28,2,105,3110.000000000001,4725.584415584417,0.156272299129442,2.612803336508391,0.6204172440857334,1.5194805194805194
28,6,220,3110.000000000001,4725.584415584417,0.09604681033252462,0.4584565778968272,0.06690772937669764,1.5194805194805194
29,4,700,6910.000000000002,4921.923790495221,0.1584130155558727,2.7411930893279193,0.3093052753238416,0.712289984152709
29,6,44,3110.000000000001,4921.923790495221,0.09604681033252462,0.47263889545072113,0.07184340399330248,1.5826121512846363
29,3,700,6910.000000000002,4921.923790495221,0.15612958470101326,1.8662322846507144,0.20754283281265729,0.712289984152709
29,0,310,3110.000000000001,4921.923790495221,0.13757670900528043,1.6281260001390534,0.3544928043304391,1.5826121512846363
29,5,385,3760.0000000000014,4921.923790495221,0.15812758669901528,2.4982264379467516,0.5171142229344919,1.3090222847061752
29,1,620,6110.000000000002,4921.923790495221,0.1374339945768517,1.6992349502719324,0.18812273172399638,0.8055521752038002
29,2,385,3760.0000000000014,4921.923790495221,0.156272299129442,1.370723102556219,0.28040049389345056,1.3090222847061752
30,1,527,5180.000000000002,5766.439275010705,0.1374339945768517,1.8261303513470915,0.279385528907468,1.1132122152530315
30,3,700,6910.000000000002,5766.439275010705,0.15612958470101326,1.8488293160381621,0.24088607706100465,0.8345064073821569
30,2,700,6910.000000000002,5766.439275010705,0.156272299129442,1.862917636140514,0.24294352656543547,0.8345064073821569
30,5,700,6910.000000000002,5766.439275010705,0.15812758669901528,2.193404508660709,0.2894383343850102,0.8345064073821569
30,0,589,5800.000000000002,5766.439275010705,0.13757670900528043,1.7421042037145273,0.2382861357806753,0.9942136681052938
30,4,455,4460.000000000002,5766.439275010705,0.1584130155558727,2.1313909318813384,0.43654280958639236,1.2929236042624894
30,6,220,3110.000000000001,5766.439275010705,0.09604681033252462,0.33648708321009585,0.059923707874179964,1.8541605385886506
31,3,700,6910.000000000002,4854.352790067077,0.15612958470101326,1.9107604504906979,0.20957753894739412,0.7025112576073915
31,0,403,3940.000000000001,4854.352790067077,0.13757670900528043,2.2522359822985196,0.381763077230098,1.2320692360576335
31,2,700,6910.000000000002,4854.352790067077,0.156272299129442,3.6971832146886268,0.4058880474643429,0.7025112576073915
31,4,35,3110.000000000001,4854.352790067077,0.1584130155558727,1.5376444048510567,0.38020490908126914,1.5608851415006675
31,5,70,3110.000000000001,4854.352790067077,0.15812758669901528,1.5242731262833074,0.3762195695790008,1.5608851415006675
31,1,620,6110.000000000002,4854.352790067077,0.1374339945768517,1.71026694705266,0.18674466236395704,0.7944930916640058
31,6,352,3430.000000000001,4854.352790067077,0.09604681033252462,0.40203338631358754,0.054649007899270435,1.4152632041011883
32,1,620,6110.000000000002,5102.329099471958,0.1374339945768517,2.077411361323573,0.2384206836455124,0.8350784123522024
32,0,310,3110.000000000001,5102.329099471958,0.13757670900528043,2.6991919201395085,0.6092376856921973,1.6406202892192787
32,4,525,5160.000000000001,5102.329099471958,0.1584130155558727,1.4898807121236806,0.2333786507112442,0.9888234688899142
32,2,665,6560.000000000001,5102.329099471958,0.156272299129442,1.9087274962787013,0.23200137520822933,0.777794070041457
32,5,700,6910.000000000002,5102.329099471958,0.15812758669901528,1.7349004183935104,0.2025688275238603,0.7383978436283585
32,3,210,3110.000000000001,5102.329099471958,0.15612958470101326,1.736083799178331,0.4446967617183163,1.6406202892192787
32,6,440,4310.000000000002,5102.329099471958,0.09604681033252462,0.5420236126050675,0.06163002588577283,1.1838350578821244
33,0,341,3320.0000000000014,4363.066933066934,0.13757670900528043,1.3657318663367681,0.24692448179245668,1.3141767870683532
33,2,700,6910.000000000002,4363.066933066934,0.156272299129442,1.7036206167656334,0.16810038841773992,0.6314134490690207
33,3,175,3110.000000000001,4363.066933066934,0.15612958470101326,1.8780509655493978,0.4113618994989799,1.4029154125617147
33,1,620,6110.000000000002,4363.066933066934,0.1374339945768517,1.7351181522921144,0.17028401758929432,0.714086241091151
33,4,140,3110.000000000001,4363.066933066934,0.1584130155558727,2.6421640531566766,0.5871947005403075,1.4029154125617147
33,6,440,4310.000000000002,4363.066933066934,0.09604681033252462,0.4901297194425184,0.0476550126515899,1.012312513472606
33,5,385,3760.0000000000014,4363.066933066934,0.15812758669901528,2.6124696264027767,0.47936124906189725,1.1603901417731204
34,0,496,4870.000000000001,5473.856143856145,0.13757670900528043,2.3093261446332507,0.357103911553084,1.1239951014078324
34,5,665,6560.000000000001,5473.856143856145,0.15812758669901528,1.8544742078416603,0.24469099150257942,0.8344292902219731
34,2,490,4810.000000000001,5473.856143856145,0.156272299129442,2.925208034639065,0.5202200214353722,1.1380158303235226
34,3,700,6910.000000000002,5473.856143856145,0.15612958470101326,3.299098291196146,0.40803347280777036,0.7921644202396734
34,1,93,3110.000000000001,5473.856143856145,0.1374339945768517,2.0478609830195853,0.4953676390669243,1.7600823613685348
34,6,440,4310.000000000002,5473.856143856145,0.09604681033252462,0.5541996753532564,0.06760289950211383,1.2700362282728868
34,4,700,6910.000000000002,5473.856143856145,0.1584130155558727,1.4433409700562274,0.18112363816976776,0.7921644202396734
35,6,88,3110.000000000001,5110.365348936779,0.09604681033252462,0.4526541858454824,0.07143993458468352,1.6432042922626293
35,5,700,6910.000000000002,5110.365348936779,0.15812758669901528,2.652037083318241,0.31014239602594773,0.7395608319734844
35,3,350,3410.000000000001,5110.365348936779,0.15612958470101326,1.5351588905016111,0.359199817453181,1.4986408647908438
35,4,700,6910.000000000002,5110.365348936779,0.1584130155558727,2.376589483276464,0.2784318638529508,0.7395608319734844
35,1,155,3110.000000000001,5110.365348936779,0.1374339945768517,2.0241964678510156,0.4571285994511893,1.6432042922626293
35,0,434,4250.000000000002,5110.365348936779,0.13757670900528043,1.2047121311376403,0.19929262138583537,1.2024389056321827
35,2,700,6910.000000000002,5110.365348936779,0.156272299129442,1.7109787907597613,0.1977427320239313,0.7395608319734844
36,6,418,4090.0000000000014,5534.673897531042,0.09604681033252462,0.34669704346630337,0.04506110259641308,1.35322100184133
36,3,700,6910.000000000002,5534.673897531042,0.15612958470101326,1.3896968478231995,0.17378779258422541,0.8009658317700492
36,1,620,6110.000000000002,5534.673897531042,0.1374339945768517,2.5472375536138383,0.3171132916286854,0.9058386084338854
36,5,560,5510.000000000002,5534.673897531042,0.15812758669901528,1.8201799812754718,0.2891095348867019,1.0044780213304974
36,2,595,5860.000000000002,5534.673897531042,0.156272299129442,1.915947231816878,0.2827873426090531,0.9444836002612697
36,0,620,6110.000000000002,5534.673897531042,0.13757670900528043,2.767433722149994,0.3448839407136243,0.9058386084338854
36,4,385,3760.0000000000014,5534.673897531042,0.1584130155558727,1.8120374759059399,0.42253455269508405,1.4719877387050637
37,6,440,4310.000000000002,4991.742543171116,0.09604681033252462,0.5800642848861965,0.0645258866322638,1.158176924169632
37,4,350,3410.000000000001,4991.742543171116,0.1584130155558727,1.565664190023036,0.363067419621847,1.4638541182319986
37,5,700,6910.000000000002,4991.742543171116,0.15812758669901528,2.1555186008026292,0.2462257949547509,0.7223940004589168
37,1,465,4560.000000000002,4991.742543171116,0.1374339945768517,2.048715532895312,0.30822166700736214,1.0946803822743671
37,0,403,3940.000000000001,4991.742543171116,0.13757670900528043,1.6807217501665985,0.2929521520557831,1.2669397317693185
37,2,700,6910.000000000002,4991.742543171116,0.156272299129442,2.0815082840604267,0.234981826810377,0.7223940004589168
37,3,455,4460.000000000002,4991.742543171116,0.15612958470101326,1.9841268413049995,0.34671446103800546,1.1192247854643753
38,1,434,4250.000000000002,5055.771371485658,0.1374339945768517,3.249873646080138,0.5313236434015783,1.189593263878978
38,0,186,3110.000000000001,5055.771371485658,0.13757670900528043,1.750761440916484,0.391560547248811,1.62564995867706
38,2,700,6910.000000000002,5055.771371485658,0.156272299129442,1.6489389983332912,0.1885367298879363,0.7316601116477072
38,5,35,3110.000000000001,5055.771371485658,0.15812758669901528,1.5651818903357575,0.4023458207340972,1.62564995867706
38,3,700,6910.000000000002,5055.771371485658,0.15612958470101326,1.488596387476734,0.17004800618969648,0.7316601116477072
38,6,176,3110.000000000001,5055.771371485658,0.09604681033252462,0.2720570149760075,0.04247857239593831,1.62564995867706
38,4,700,6910.000000000002,5055.771371485658,0.1584130155558727,2.7982015643327998,0.3243241102553879,0.7316601116477072
39,5,700,6910.000000000002,5188.137576709007,0.15812758669901528,1.3796948848164547,0.16380386078570744,0.7508158577002902
39,0,589,5800.000000000002,5188.137576709007,0.13757670900528043,1.2782104729044543,0.15730074460375873,0.8945064787429319
39,6,44,3110.000000000001,5188.137576709007,0.09604681033252462,0.4972828674447504,0.07967783752571812,1.6682114394562717
39,4,245,3110.000000000001,5188.137576709007,0.1584130155558727,1.3314148622724997,0.3518482188289766,1.6682114394562717
39,2,385,3760.0000000000014,5188.137576709007,0.156272299129442,1.9606202235310373,0.4227650906698126,1.3798238235928204
39,3,700,6910.000000000002,5188.137576709007,0.15612958470101326,2.2741813172381504,0.2665899225798976,0.7508158577002902
39,1,620,6110.000000000002,5188.137576709007,0.1374339945768517,3.2480771437137244,0.3790450057620856,0.8491223529801972
40,0,589,5800.000000000002,5517.394034536892,0.13757670900528043,1.5327504373262886,0.2005960479678378,0.9512748335408432
40,6,176,3110.000000000001,5517.394034536892,0.09604681033252462,0.2911253778918196,0.04960627584951591,1.7740816831308328
40,1,620,6110.000000000002,5517.394034536892,0.1374339945768517,1.667602144983073,0.20695665933370436,0.9030104802842701
40,3,700,6910.000000000002,5517.394034536892,0.15612958470101326,2.4569310024083246,0.3062909173277898,0.7984651280082331
40,4,700,6910.000000000002,5517.394034536892,0.1584130155558727,1.9352232940908012,0.244781108879293,0.7984651280082331
40,5,35,3110.000000000001,5517.394034536892,0.15812758669901528,1.5612015826156977,0.43796583952959356,1.7740816831308328
40,2,595,5860.000000000002,5517.394034536892,0.156272299129442,1.4344916965898524,0.2110650987882552,0.9415348181803567
41,3,420,4110.000000000002,4577.18995290424,0.15612958470101326,2.3379367772982396,0.40651360165614187,1.1136715213878925
41,0,62,3110.000000000001,4577.18995290424,0.13757670900528043,1.3937592445082956,0.2822092368607261,1.4717652581685656
41,5,105,3110.000000000001,4577.18995290424,0.15812758669901528,1.4261619817226256,0.3319059552162087,1.4717652581685656
41,1,31,3110.000000000001,4577.18995290424,0.1374339945768517,1.1661483965201838,0.23587751079210698,1.4717652581685656
41,4,700,6910.000000000002,4577.18995290424,0.1584130155558727,1.1902567019828572,0.12489710887911107,0.6624008614912068
41,2,700,6910.000000000002,4577.18995290424,0.156272299129442,2.580666713208738,0.26713747112687436,0.6624008614912068
41,6,440,4310.000000000002,4577.18995290424,0.09604681033252462,0.4067955643851449,0.041493571848690396,1.0619930285160646
42,2,700,6910.000000000002,5158.090480947625,0.156272299129442,1.3773051914119172,0.1606656719941998,0.746467508096617
42,4,700,6910.000000000002,5158.090480947625,0.1584130155558727,2.44742965265823,0.28940896997407295,0.746467508096617
42,6,352,3430.000000000001,5158.090480947625,0.09604681033252462,0.2852568391887851,0.041201577886778105,1.5038164667485783
42,5,245,3110.000000000001,5158.090480947625,0.15812758669901528,1.629586221751296,0.42737936943878485,1.658549993873834
42,1,403,3940.000000000001,5158.090480947625,0.1374339945768517,1.3339574840929072,0.2400097540191133,1.3091600205450822
42,3,700,6910.000000000002,5158.090480947625,0.15612958470101326,1.4504797520294757,0.16904712296417776,0.746467508096617
42,0,403,3940.000000000001,5158.090480947625,0.13757670900528043,2.2599323264814095,0.4070362467720978,1.3091600205450822
43,0,465,4560.000000000002,4667.984872270587,0.13757670900528043,1.3291091323968465,0.18718461726164365,1.023680893041795
43,4,700,6910.000000000002,4667.984872270587,0.1584130155558727,2.0103729887210253,0.21513887551063737,0.6755405024993613
43,3,175,3110.000000000001,4667.984872270587,0.15612958470101326,2.2324613046690835,0.5231644141044286,1.500959766003404
43,2,700,6910.000000000002,4667.984872270587,0.156272299129442,2.101696278082851,0.2218724348477028,0.6755405024993613
43,5,350,3410.000000000001,4667.984872270587,0.15812758669901528,2.0959753578057527,0.4537001012929766,1.3689105197274447
43,6,440,4310.000000000002,4667.984872270587,0.09604681033252462,0.32400578047208706,0.033704498916148705,1.0830591350975836
43,1,310,3110.000000000001,4667.984872270587,0.1374339945768517,1.0811136393281362,0.2230152527943503,1.500959766003404
44,0,465,4560.000000000002,5146.021121735409,0.13757670900528043,1.2586593023576196,0.19541586891244794,1.1285134038893436
44,4,700,6910.000000000002,5146.021121735409,0.1584130155558727,2.343417656786219,0.2764611283350768,0.744720856980522
44,5,350,3410.000000000001,5146.021121735409,0.15812758669901528,1.6825056631352864,0.40149612956655634,1.5090971031482134
44,6,176,3110.000000000001,5146.021121735409,0.09604681033252462,0.3397944785739221,0.054002074013767026,1.6546691709760153
44,3,700,6910.000000000002,5146.021121735409,0.15612958470101326,1.1863616179892789,0.13794177472192454,0.744720856980522
44,1,186,3110.000000000001,5146.021121735409,0.1374339945768517,3.3426017096236964,0.7601336805729568,1.6546691709760153
44,2,700,6910.000000000002,5146.021121735409,0.156272299129442,1.9146278684393128,0.22282293722652946,0.744720856980522
45,2,105,3110.000000000001,5323.346653346654,0.156272299129442,2.3397493119820147,0.625857828584943,1.7116870267995667
45,1,620,6110.000000000002,5323.346653346654,0.1374339945768517,1.077942064300359,0.1290723232137651,0.8712514980927418
45,3,630,6210.000000000002,5323.346653346654,0.15612958470101326,2.9691076682652335,0.39737843867654,0.8572216833086398
45,4,700,6910.000000000002,5323.346653346654,0.1584130155558727,1.5028845684627978,0.18341007446266713,0.7703830178504563
45,5,700,6910.000000000002,5323.346653346654,0.15812758669901528,1.728525106029997,0.21056686705807698,0.7703830178504563
45,6,198,3110.000000000001,5323.346653346654,0.09604681033252462,0.4314928511580403,0.07093832189534958,1.7116870267995667
45,0,403,3940.000000000001,5323.346653346654,0.13757670900528043,1.5415924152636864,0.28655171206358043,1.351103211509303
46,6,440,4310.000000000002,4722.473241044671,0.09604681033252462,0.35857869585055463,0.03773633039757916,1.0957014480382063
46,2,700,6910.000000000002,4722.473241044671,0.156272299129442,2.0540829875608506,0.21937717808937238,0.6834259393697062
46,4,630,6210.000000000002,4722.473241044671,0.1584130155558727,2.0989704269629526,0.25285706148774345,0.7604626797173382
46,3,175,3110.000000000001,4722.473241044671,0.15612958470101326,1.24624216802165,0.2954586868178238,1.5184801418150065
46,5,70,3110.000000000001,4722.473241044671,0.15812758669901528,1.9364927366999112,0.46497824291653705,1.5184801418150065
46,1,620,6110.000000000002,4722.473241044671,0.1374339945768517,1.4903003044385066,0.15830559168222014,0.7729088774213863
46,0,93,3110.000000000001,4722.473241044671,0.13757670900528043,2.6786519139931966,0.5595904763318145,1.5184801418150065
47,1,620,6110.000000000002,4792.894248608536,0.1374339945768517,2.6451536402644966,0.28516860337120387,0.7844344105742282
47,5,700,6910.000000000002,4792.894248608536,0.15812758669901528,1.4925209343096069,0.16369969625566144,0.6936171126785144
47,6,176,3110.000000000001,4792.894248608536,0.09604681033252462,0.4612999282631196,0.06828161609940712,1.541123552607246
47,2,35,3110.000000000001,4792.894248608536,0.156272299129442,1.745733644981711,0.42043362414184826,1.541123552607246
47,3,700,6910.000000000002,4792.894248608536,0.15612958470101326,2.484144629815832,0.2690183354953492,0.6936171126785144
47,0,341,3320.0000000000014,4792.894248608536,0.13757670900528043,0.9078870837532812,0.18031693512817737,1.443642845966426
47,4,350,3410.000000000001,4792.894248608536,0.1584130155558727,1.51630553226419,0.33761446730235817,1.4055408353690717
48,5,630,6210.000000000002,5622.921364349936,0.15812758669901528,1.7264696035118143,0.24719346728458969,0.9054623775120667
48,2,700,6910.000000000002,5622.921364349936,0.156272299129442,1.330022751193276,0.1691317078686867,0.8137368110491946
48,6,418,4090.0000000000014,5622.921364349936,0.09604681033252462,0.3414917304259304,0.04509224313130157,1.374797399596561
48,0,620,6110.000000000002,5622.921364349936,0.13757670900528043,1.4530604486948122,0.1839710122375701,0.9202817290261759
48,4,700,6910.000000000002,5622.921364349936,0.1584130155558727,1.6860174072782457,0.21733860646395808,0.8137368110491946
48,1,62,3110.000000000001,5622.921364349936,0.1374339945768517,1.6910920715983744,0.4202067689843356,1.8080133004340626
48,3,525,5160.000000000001,5622.921364349936,0.15612958470101326,1.8152560388781012,0.3088413222235562,1.0897134427034758
49,1,620,6110.000000000002,5189.534750963324,0.1374339945768517,0.8758965522706217,0.10224314519233002,0.8493510230709201
49,0,620,6110.000000000002,5189.534750963324,0.13757670900528043,0.8585710277369247,0.10032481322663933,0.8493510230709201
49,4,490,4810.000000000001,5189.534750963324,0.1584130155558727,2.2475318856813384,0.38413163181789967,1.0789053536306286
49,5,700,6910.000000000002,5189.534750963324,0.15812758669901528,1.7466248805588231,0.2074233587402746,0.751018053684996
49,2,140,3110.000000000001,5189.534750963324,0.156272299129442,1.598062647342152,0.4167195137726492,1.668660691628078
49,6,330,3210.000000000001,5189.534750963324,0.09604681033252462,0.4030315207262072,0.06258141118120561,1.6166774925119385
49,3,560,5510.000000000002,5189.534750963324,0.15612958470101326,1.890796254086655,0.27803966935646474,0.9418393377428896
50,0,620,6110.000000000002,4690.66219494791,0.13757670900528043,2.065720916935218,0.2181772738836435,0.7677024868981848
50,4,245,3110.000000000001,4690.66219494791,0.1584130155558727,1.597519944696809,0.3816901204167307,1.5082515096295528
50,6,440,4310.000000000002,4690.66219494791,0.09604681033252462,0.4285644930263059,0.04479773132751894,1.0883206948835054
50,2,490,4810.000000000001,4690.66219494791,0.156272299129442,1.6225015425186284,0.24726133024020217,0.9751896455193159
50,5,315,3110.000000000001,4690.66219494791,0.15812758669901528,1.7447503342508384,0.41611627468546125,1.5082515096295528
50,1,620,6110.000000000002,4690.66219494791,0.1374339945768517,1.7694064006293606,0.18668727264380577,0.7677024868981848
50,3,560,5510.000000000002,4690.66219494791,0.15612958470101326,1.4096725544819413,0.18736393883195135,0.8512998538925425
51,3,700,6910.000000000002,5540.535179106609,0.15612958470101326,1.844290477863158,0.23088100162733327,0.8018140635465423
51,6,132,3110.000000000001,5540.535179106609,0.09604681033252462,0.47358919775314623,0.08103563923128917,1.781522565629134
51,5,700,6910.000000000002,5540.535179106609,0.15812758669901528,1.1746540197684014,0.14893311788779434,0.8018140635465423
51,2,665,6560.000000000001,5540.535179106609,0.156272299129442,2.454552283379718,0.32396803841082367,0.8445937773028366
51,0,620,6110.000000000002,5540.535179106609,0.13757670900528043,1.4812812122359327,0.18479615784139458,0.9067979016541091
51,1,527,5180.000000000002,5540.535179106609,0.1374339945768517,1.6286978572779616,0.2394179190013485,1.0696013859279163
51,4,140,3110.000000000001,5540.535179106609,0.1584130155558727,1.909610748364581,0.538923398052687,1.781522565629134
52,6,440,4310.000000000002,5085.229056657629,0.09604681033252462,0.26236189766191714,0.02973150953854549,1.1798675305470132
52,1,186,3110.000000000001,5085.229056657629,0.1374339945768517,1.666827859378376,0.3745717768142711,1.6351218831696552
52,0,372,3630.000000000001,5085.229056657629,0.13757670900528043,2.1117113941892764,0.40698965890190375,1.4008895472886027
52,5,700,6910.000000000002,5085.229056657629,0.15812758669901528,1.8897349689022955,0.21990799301906072,0.7359231630474136
52,2,385,3760.0000000000014,5085.229056657629,0.156272299129442,1.564398474933466,0.33063746345258777,1.3524545363451137
52,3,630,6210.000000000002,5085.229056657629,0.15612958470101326,1.628928594547787,0.20826014730875464,0.8188774648401977
52,4,700,6910.000000000002,5085.229056657629,0.1584130155558727,1.792967152066506,0.20902376539826953,0.7359231630474136
53,4,560,5510.000000000002,5097.2127872127885,0.1584130155558727,1.9957874692141533,0.2924733623542013,0.9250839904197435
53,2,700,6910.000000000002,5097.2127872127885,0.156272299129442,2.1434297669487825,0.24708476948231273,0.7376574221726175
53,6,132,3110.000000000001,5097.2127872127885,0.09604681033252462,0.538849874592066,0.08482485145033171,1.6389751727372306
53,3,70,3110.000000000001,5097.2127872127885,0.15612958470101326,1.5434249934032909,0.3949509002734563,1.6389751727372306
53,0,93,3110.000000000001,5097.2127872127885,0.13757670900528043,1.1938150802543115,0.2691871670316227,1.6389751727372306
53,1,620,6110.000000000002,5097.2127872127885,0.1374339945768517,1.0960309414790386,0.12566332245436523,0.8342410453703416
53,5,700,6910.000000000002,5097.2127872127885,0.15812758669901528,1.4135281635923755,0.1648795621217257,0.7376574221726175
54,2,700,6910.000000000002,5877.23990295419,0.156272299129442,1.5244916190455335,0.20262937925863966,0.8505412305288261
54,5,700,6910.000000000002,5877.23990295419,0.15812758669901528,1.88548269883847,0.2535861707564522,0.8505412305288261
54,6,176,3110.000000000001,5877.23990295419,0.09604681033252462,0.2674304002708788,0.04854077998628234,1.8897877501460414
54,3,700,6910.000000000002,5877.23990295419,0.15612958470101326,2.073041438704756,0.27528881040919523,0.8505412305288261
54,1,589,5800.000000000002,5877.23990295419,0.1374339945768517,1.3677256005300422,0.19047525802092585,1.013317224647274
54,4,525,5160.000000000001,5877.23990295419,0.1584130155558727,1.7299560384752923,0.312140157523781,1.1389999811926723
54,0,527,5180.000000000002,5877.23990295419,0.13757670900528043,0.9893338751100351,0.15442992300385544,1.1346022978676038
55,3,245,3110.000000000001,4694.329955758529,0.15612958470101326,1.8079860509293322,0.42608230941531644,1.5094308539416488
55,5,700,6910.000000000002,4694.329955758529,0.15812758669901528,1.3609631557600963,0.146200741634451,0.6793531050301777
55,0,620,6110.000000000002,4694.329955758529,0.13757670900528043,1.056567193663534,0.11167975177726029,0.7683027750832288
55,6,176,3110.000000000001,4694.329955758529,0.09604681033252462,0.36077008836059854,0.052303011162644436,1.5094308539416488
55,2,105,3110.000000000001,4694.329955758529,0.156272299129442,1.6524475509443002,0.3897830131465145,1.5094308539416488
55,4,420,4110.000000000002,4694.329955758529,0.1584130155558727,1.3055316923827576,0.23621641307029434,1.1421727386273788
55,1,620,6110.000000000002,4694.329955758529,0.1374339945768517,1.7521081680404584,0.18500671239398767,0.7683027750832288
56,1,93,3110.000000000001,5444.536891679751,0.1374339945768517,1.4171794495113899,0.3409726709019202,1.7506549490931669
56,0,62,3110.000000000001,5444.536891679751,0.13757670900528043,1.6097203145363088,0.3877000858039163,1.7506549490931669
56,4,665,6560.000000000001,5444.536891679751,0.1584130155558727,2.022296704458961,0.2658843901050518,0.8299598920243522
56,5,700,6910.000000000002,5444.536891679751,0.15812758669901528,2.449873057163451,0.30523485316713045,0.7879214025585745
56,3,700,6910.000000000002,5444.536891679751,0.15612958470101326,2.394616450634003,0.29458054663857236,0.7879214025585745
56,6,176,3110.000000000001,5444.536891679751,0.09604681033252462,0.44884868659245414,0.07547158334384944,1.7506549490931669
56,2,700,6910.000000000002,5444.536891679751,0.156272299129442,1.573661626039405,0.1937654109773119,0.7879214025585745
57,6,440,4310.000000000002,4872.958470101329,0.09604681033252462,0.5251651196361298,0.05702880352887672,1.1306168144086606
57,1,620,6110.000000000002,4872.958470101329,0.1374339945768517,0.4793654105911693,0.052542697225961485,0.7975382111458802
57,3,700,6910.000000000002,4872.958470101329,0.15612958470101326,2.1948497816665062,0.24165994325261272,0.7052038306948376
57,0,124,3110.000000000001,4872.958470101329,0.13757670900528043,0.3805806234279663,0.0820396711180469,1.5668676752737387
57,2,665,6560.000000000001,4872.958470101329,0.156272299129442,2.638752463611821,0.3063158885762208,0.7428290350764221
57,4,385,3760.0000000000014,4872.958470101329,0.1584130155558727,1.4899994060505612,0.30590165157933374,1.2959995931120551
57,5,175,3110.000000000001,4872.958470101329,0.15812758669901528,1.5895661902619962,0.39383887375515036,1.5668676752737387
58,6,374,3650.000000000001,4761.29441986585,0.09604681033252462,0.4079888609241188,0.05111677260015502,1.3044642246207805
58,4,140,3110.000000000001,4761.29441986585,0.1584130155558727,1.2595486532310893,0.30547133121074566,1.530962835969726
58,5,245,3110.000000000001,4761.29441986585,0.15812758669901528,1.3087250181559056,0.3168259136225132,1.530962835969726
58,0,279,3110.000000000001,4761.29441986585,0.13757670900528043,2.0177945741782386,0.4249976363001949,1.530962835969726
58,1,620,6110.000000000002,4761.29441986585,0.1374339945768517,1.908216662475114,0.2043646051657273,0.7792625891760799
58,2,700,6910.000000000002,4761.29441986585,0.156272299129442,1.6012923611120726,0.1724247573797447,0.68904405497335
58,3,700,6910.000000000002,4761.29441986585,0.15612958470101326,1.7298027574982906,0.1860924611282704,0.68904405497335
59,1,31,3110.000000000001,4428.110460967605,0.1374339945768517,0.5860488820204177,0.11467957330973116,1.4238297302146636
59,2,140,3110.000000000001,4428.110460967605,0.156272299129442,1.6218640571247696,0.36087309802717255,1.4238297302146636
59,3,175,3110.000000000001,4428.110460967605,0.15612958470101326,2.2414871660236355,0.49828695549674545,1.4238297302146636
59,0,186,3110.000000000001,4428.110460967605,0.13757670900528043,2.06418650628417,0.40434484260975406,1.4238297302146636
59,4,700,6910.000000000002,4428.110460967605,0.1584130155558727,1.929528354551832,0.19587654040382357,0.6408264053498703
59,5,700,6910.000000000002,4428.110460967605,0.15812758669901528,2.1562811129801034,0.21850099571953502,0.6408264053498703
59,6,440,4310.000000000002,4428.110460967605,0.09604681033252462,0.4980019716998805,0.04914226672678038,1.0274038192500239
60,0,31,3110.000000000001,4437.144284287143,0.13757670900528043,1.3728701317523002,0.2694744132890085,1.426734496555351
60,2,700,6910.000000000002,4437.144284287143,0.156272299129442,1.2533381855202321,0.1257696281585916,0.6421337603888773
60,4,385,3760.0000000000014,4437.144284287143,0.1584130155558727,1.9108495023863148,0.35721776672747707,1.1800915649699844
60,3,245,3110.000000000001,4437.144284287143,0.15612958470101326,1.0067109490611739,0.22425036500065584,1.426734496555351
60,5,385,3760.0000000000014,4437.144284287143,0.15812758669901528,1.631485090883285,0.30444332637237387,1.1800915649699844
60,6,440,4310.000000000002,4437.144284287143,0.09604681033252462,0.43985471721136893,0.04349291153908247,1.029499833941332
60,1,620,6110.000000000002,4437.144284287143,0.1374339945768517,1.6051594963414266,0.160204497070193,0.7262101938276827
61,0,434,4250.000000000002,4777.1771086056815,0.13757670900528043,1.2935006592259684,0.20002946957609477,1.124041672613101
61,6,440,4310.000000000002,4777.1771086056815,0.09604681033252462,0.349753724721891,0.037233971961553064,1.1083937606973735
61,3,280,3110.000000000001,4777.1771086056815,0.15612958470101326,2.2680655225059856,0.5439409492784254,1.5360698098410548
61,4,700,6910.000000000002,4777.1771086056815,0.1584130155558727,1.5870032227503454,0.1738048796020414,0.6913425627504602
61,1,465,4560.000000000002,4777.1771086056815,0.1374339945768517,1.0313065500147387,0.1484870043210594,1.0476265589047542
61,2,700,6910.000000000002,4777.1771086056815,0.156272299129442,1.908897614761977,0.20623289211852083,0.6913425627504602
61,5,35,3110.000000000001,4777.1771086056815,0.15812758669901528,0.996044103389473,0.24193414447657244,1.5360698098410548
62,1,31,3110.000000000001,4858.91108891109,0.1374339945768517,1.0660691189387246,0.22890648470525485,1.5623508324472952
62,2,700,6910.000000000002,4858.91108891109,0.156272299129442,1.3465517607470012,0.14796737134861332,0.703170924589159
62,5,700,6910.000000000002,4858.91108891109,0.15812758669901528,1.651194144428168,0.18359746799498305,0.703170924589159
62,3,280,3110.000000000001,4858.91108891109,0.15612958470101326,1.2285477911129234,0.29967866341891514,1.5623508324472952
62,4,525,5160.000000000001,4858.91108891109,0.1584130155558727,1.6435064170201465,0.24516107439998686,0.9416494358354823
62,0,403,3940.000000000001,4858.91108891109,0.13757670900528043,0.9708803014165975,0.16472265603527517,1.2332261646982459
62,6,440,4310.000000000002,4858.91108891109,0.09604681033252462,0.39680225335157115,0.0429653900219667,1.127357561232271
63,6,440,4310.000000000002,4689.877265591552,0.09604681033252462,0.37742976020886404,0.03944602949040691,1.0881385767033758
63,3,70,3110.000000000001,4689.877265591552,0.15612958470101326,1.7529124263577318,0.4127114450006202,1.5079991207689873
63,1,310,3110.000000000001,4689.877265591552,0.1374339945768517,1.466960504862095,0.3040280677790893,1.5079991207689873
63,5,490,4810.000000000001,4689.877265591552,0.15812758669901528,1.4216419062790306,0.21918673159705898,0.975026458542942
63,2,700,6910.000000000002,4689.877265591552,0.156272299129442,1.7095380029975724,0.18131936575602994,0.6787087215038423
63,0,62,3110.000000000001,4689.877265591552,0.13757670900528043,0.7574395508639212,0.1571426177216877,1.5079991207689873
63,4,700,6910.000000000002,4689.877265591552,0.1584130155558727,1.4363889718179852,0.15443522079859168,0.6787087215038423
64,0,93,3110.000000000001,4577.7351220208375,0.13757670900528043,1.0374515555354664,0.21008885464263524,1.471940553704449
64,4,700,6910.000000000002,4577.7351220208375,0.1584130155558727,1.6667769975087827,0.17492060551192354,0.6624797571665465
64,5,175,3110.000000000001,4577.7351220208375,0.15812758669901528,1.8851948755027572,0.4387874163105832,1.471940553704449
64,2,700,6910.000000000002,4577.7351220208375,0.156272299129442,1.319832578153434,0.13663861718763584,0.6624797571665465
64,1,434,4250.000000000002,4577.7351220208375,0.1374339945768517,1.3947687568159426,0.20647054773603712,1.0771141463578437
64,3,140,3110.000000000001,4577.7351220208375,0.15612958470101326,1.1981156864512903,0.2753431201951342,1.471940553704449
64,6,440,4310.000000000002,4577.7351220208375,0.09604681033252462,0.3089326874453195,0.03151520952340074,1.0621195178702634
65,5,700,6910.000000000002,4945.598687027261,0.15812758669901528,1.6583685399253476,0.187684979961482,0.7157161631009059
65,2,385,3760.0000000000014,4945.598687027261,0.156272299129442,1.6756780362911707,0.344432089578257,1.3153187997412923
65,3,175,3110.000000000001,4945.598687027261,0.15612958470101326,2.0133929767691066,0.4998874541463518,1.590224658208122
65,1,403,3940.000000000001,4945.598687027261,0.1374339945768517,3.5543415002272,0.6131630454559814,1.2552280931541269
65,6,440,4310.000000000002,4945.598687027261,0.09604681033252462,0.339714038109709,0.03744018988851357,1.1474706930457677
65,0,620,6110.000000000002,4945.598687027261,0.13757670900528043,0.8865032981646448,0.09871949709725066,0.8094269536869492
65,4,630,6210.000000000002,4945.598687027261,0.1584130155558727,1.7009520426646778,0.21459035718543318,0.7963927032250016
66,0,186,3110.000000000001,4874.867989153705,0.13757670900528043,1.7988185592559995,0.38791336841162516,1.5674816685381683
66,1,341,3320.0000000000014,4874.867989153705,0.1374339945768517,2.2799214672091295,0.46008580402754257,1.468333731672802
66,5,490,4810.000000000001,4874.867989153705,0.15812758669901528,2.251997215924669,0.36090531288279504,1.0134860684311235
66,6,440,4310.000000000002,4874.867989153705,0.09604681033252462,0.47322176350462514,0.05140830037563844,1.1310598582723208
66,2,700,6910.000000000002,4874.867989153705,0.156272299129442,1.364545840345789,0.15043709683605225,0.7054801720917082
66,4,700,6910.000000000002,4874.867989153705,0.1584130155558727,2.069563787763435,0.23128873997890514,0.7054801720917082
66,3,420,4110.000000000002,4874.867989153705,0.15612958470101326,1.0319838860482637,0.19110812792673162,1.186099267433991
67,6,220,3110.000000000001,5333.947481090339,0.09604681033252462,0.3048793952092987,0.050222620239752824,1.7150956530837098
67,5,595,5860.000000000002,5333.947481090339,0.15812758669901528,1.3539183748298924,0.1948728086045748,0.910229945578556
67,4,700,6910.000000000002,5333.947481090339,0.1584130155558727,1.2938459257878987,0.15821370898319478,0.7719171463227696
67,3,700,6910.000000000002,5333.947481090339,0.15612958470101326,2.012578827980353,0.2425541960289389,0.7719171463227696
67,1,248,3110.000000000001,5333.947481090339,0.1374339945768517,0.7037042673370847,0.16587185459648035,1.7150956530837098
67,0,93,3110.000000000001,5333.947481090339,0.13757670900528043,0.744956947327724,0.17577796701881307,1.7150956530837098
67,2,700,6910.000000000002,5333.947481090339,0.156272299129442,2.0009963662450763,0.24137872531659382,0.7719171463227696
68,4,700,6910.000000000002,5486.891679748824,0.1584130155558727,1.5795667195333696,0.19869053326304714,0.7940508943196559
68,6,308,3110.000000000001,5486.891679748824,0.09604681033252462,0.2911586244415991,0.0493376662950619,1.7642738520092676
68,5,140,3110.000000000001,5486.891679748824,0.15812758669901528,1.853017541354655,0.5169555128076757,1.7642738520092676
68,0,527,5180.000000000002,5486.891679748824,0.13757670900528043,1.7932599313942008,0.26132730395073234,1.059245498021008
68,2,700,6910.000000000002,5486.891679748824,0.156272299129442,1.6360630080260303,0.20301604647946075,0.7940508943196559
68,3,630,6210.000000000002,5486.891679748824,0.15612958470101326,1.368942168225769,0.18884482685079906,0.8835574363524673
68,1,620,6110.000000000002,5486.891679748824,0.1374339945768517,0.7380739326419454,0.09109178514753045,0.8980182781912965
69,0,248,3110.000000000001,4278.231768231769,0.13757670900528043,1.4146570699862069,0.26773183217892765,1.3756372245118225
69,6,440,4310.000000000002,4278.231768231769,0.09604681033252462,0.3684249112983219,0.03512521348371734,0.9926291805642151
69,2,700,6910.000000000002,4278.231768231769,0.156272299129442,1.8295035203085668,0.17701151212525704,0.6191362906268839
69,4,210,3110.000000000001,4278.231768231769,0.1584130155558727,1.269904701220344,0.276736160728587,1.3756372245118225
69,3,350,3410.000000000001,4278.231768231769,0.15612958470101326,1.9517350827768825,0.38231030333443344,1.254613421768847
69,1,620,6110.000000000002,4278.231768231769,0.1374339945768517,1.8539219371145466,0.17840569393849956,0.7002015987286035
69,5,280,3110.000000000001,4278.231768231769,0.15812758669901528,1.0450732791075312,0.22733081336262487,1.3756372245118225
70,3,700,6910.000000000002,5237.388325959757,0.15612958470101326,1.5786097098367409,0.18680852989695762,0.7579433177944653
70,0,31,3110.000000000001,5237.388325959757,0.13757670900528043,0.7620298527683967,0.17655144991640603,1.684047693234648
70,2,560,5510.000000000002,5237.388325959757,0.156272299129442,1.8606029340649783,0.27637507927125077,0.9505241970888848
70,5,700,6910.000000000002,5237.388325959757,0.15812758669901528,1.7013163867581655,0.20390574233933406,0.7579433177944653
70,4,420,4110.000000000002,5237.388325959757,0.1584130155558727,1.8714545151998416,0.3777835919320262,1.2743037289439791
70,6,440,4310.000000000002,5237.388325959757,0.09604681033252462,0.3224912668245222,0.03763902896470642,1.2151713053270892
70,1,527,5180.000000000002,5237.388325959757,0.1374339945768517,0.9693600927996135,0.13469898468971186,1.0110788274053581
71,1,186,3110.000000000001,4978.6741829599,0.1374339945768517,1.206637325650405,0.26547537440323676,1.6008598659035043
71,0,620,6110.000000000002,4978.6741829599,0.13757670900528043,1.2839009050731447,0.14392920185127284,0.8148402918101306
71,6,66,3110.000000000001,4978.6741829599,0.09604681033252462,0.33762362903254256,0.05191215970839922,1.6008598659035043
71,4,70,3110.000000000001,4978.6741829599,0.1584130155558727,1.4286351837578701,0.36229765218384097,1.6008598659035043
71,3,700,6910.000000000002,4978.6741829599,0.15612958470101326,1.4845578126902095,0.16700057938209123,0.7205027761157595
71,5,490,4810.000000000001,4978.6741829599,0.15812758669901528,0.9410611067110506,0.15402602130033718,1.0350673977047606
71,2,700,6910.000000000002,4978.6741829599,0.156272299129442,1.7126655409062401,0.19283693493291218,0.7205027761157595
72,1,62,3110.000000000001,5330.127015841303,0.1374339945768517,0.9872382347786075,0.23253766419034022,1.7138672076660133
72,4,700,6910.000000000002,5330.127015841303,0.1584130155558727,1.287678470468095,0.1573467607750263,0.7713642569958468
72,2,665,6560.000000000001,5330.127015841303,0.156272299129442,1.4206442299968718,0.18038526234816799,0.8125193621709301
72,3,700,6910.000000000002,5330.127015841303,0.15612958470101326,2.325548730323123,0.2800723011716602,0.7713642569958468
72,6,396,3870.0000000000014,5330.127015841303,0.09604681033252462,0.2657977497313628,0.03516096937086771,1.3772938025429717
72,0,620,6110.000000000002,5330.127015841303,0.13757670900528043,2.4128305363057603,0.28957968078371527,0.8723612137219805
72,5,70,3110.000000000001,5330.127015841303,0.15812758669901528,1.58544611291881,0.4296712523930398,1.7138672076660133
73,6,374,3650.000000000001,5097.087198515772,0.09604681033252462,0.41132473398847696,0.05516923617512307,1.3964622461687042
73,5,700,6910.000000000002,5097.087198515772,0.15812758669901528,1.043971395844269,0.12176998661894041,0.7376392472526441
73,1,620,6110.000000000002,5097.087198515772,0.1374339945768517,1.7359290006794046,0.19902470155236723,0.8342204907554452
73,3,525,5160.000000000001,5097.087198515772,0.15612958470101326,1.6911210060620123,0.2608148110711806,0.9878075966115836
73,0,62,3110.000000000001,5097.087198515772,0.13757670900528043,1.520041130531809,0.3427377413076442,1.6389347905195404
73,2,70,3110.000000000001,5097.087198515772,0.156272299129442,1.7866696690046937,0.45760202829586377,1.6389347905195404
73,4,700,6910.000000000002,5097.087198515772,0.1584130155558727,0.9402283023257004,0.10986723560185653,0.7376392472526441
74,6,374,3650.000000000001,5531.955187669475,0.09604681033252462,0.32499555824990983,0.04730926067128465,1.5156041610053352
74,4,595,5860.000000000002,5531.955187669475,0.1584130155558727,2.0961694315210053,0.31347165878100064,0.9440196565988862
74,1,620,6110.000000000002,5531.955187669475,0.1374339945768517,0.784935014950891,0.09767092834234224,0.9053936477364114
74,2,700,6910.000000000002,5531.955187669475,0.156272299129442,1.6206966315994868,0.20276095925993937,0.8005723860592581
74,0,558,5490.000000000002,5531.955187669475,0.13757670900528043,1.6056903532665974,0.22259377948828166,1.0076421106866071
74,3,175,3110.000000000001,5531.955187669475,0.15612958470101326,1.5489404926634949,0.43016810092968844,1.7787637259387374
74,5,700,6910.000000000002,5531.955187669475,0.15812758669901528,2.1891582860900565,0.27713119411911175,0.8005723860592581
75,3,490,4810.000000000001,4695.214785214786,0.15612958470101326,1.1322892890628804,0.1725651094909344,0.9761361299822839
75,4,245,3110.000000000001,4695.214785214786,0.1584130155558727,1.5852952998184855,0.37913694679273763,1.5097153650208313
75,0,620,6110.000000000002,4695.214785214786,0.13757670900528043,1.5921538527097279,0.1683232865902986,0.7684475916881809
75,5,560,5510.000000000002,4695.214785214786,0.15812758669901528,1.3135479370766625,0.1769935478661293,0.8521260953202876
75,2,210,3110.000000000001,4695.214785214786,0.156272299129442,1.6590776920081376,0.3914207101912148,1.5097153650208313
75,6,440,4310.000000000002,4695.214785214786,0.09604681033252462,0.24691966805828483,0.025835497273729423,1.0893769803282563
75,1,620,6110.000000000002,4695.214785214786,0.1374339945768517,1.6313010648013502,0.17228304662566846,0.7684475916881809
76,1,527,5180.000000000002,5220.0685029256465,0.1374339945768517,1.277024443095636,0.1768641544658737,1.007735232225028
76,4,700,6910.000000000002,5220.0685029256465,0.1584130155558727,2.221930307750109,0.26590068068900863,0.7554368311035666
76,2,700,6910.000000000002,5220.0685029256465,0.156272299129442,1.6910248759385806,0.19963199780048463,0.7554368311035666
76,0,341,3320.0000000000014,5220.0685029256465,0.13757670900528043,1.0288623214675963,0.22255650775244207,1.5723097900378447
76,6,110,3110.000000000001,5220.0685029256465,0.09604681033252462,0.3261250575301731,0.05257544154409172,1.6784786183040659
76,5,700,6910.000000000002,5220.0685029256465,0.15812758669901528,1.1448385992062142,0.13675715624495544,0.7554368311035666
76,3,105,3110.000000000001,5220.0685029256465,0.15612958470101326,1.5092390617353422,0.3955114444933746,1.6784786183040659
77,6,440,4310.000000000002,4935.403168260313,0.09604681033252462,0.35145575918257,0.03865440355938465,1.1451051434478678
77,5,455,4460.000000000002,4935.403168260313,0.15812758669901528,1.6446696378161982,0.2877889367925898,1.106592638623388
77,4,630,6210.000000000002,4935.403168260313,0.1584130155558727,1.9758662441164088,0.24875936436718343,0.7947509127633351
77,0,310,3110.000000000001,4935.403168260313,0.13757670900528043,0.7600823769357617,0.1659463964745385,1.5869463563537978
77,1,620,6110.000000000002,4935.403168260313,0.1374339945768517,0.7576304802302406,0.08410717253792387,0.8077582926776287
77,3,700,6910.000000000002,4935.403168260313,0.15612958470101326,1.2854062468768128,0.1433409237297979,0.7142406900521435
77,2,280,3110.000000000001,4935.403168260313,0.156272299129442,1.2560283726606905,0.31148970546176763,1.5869463563537978
78,1,620,6110.000000000002,5956.95019266448,0.1374339945768517,1.2375333698185051,0.16581883007980117,0.9749509316963139
78,4,700,6910.000000000002,5956.95019266448,0.1584130155558727,1.258401689502229,0.17185258750490495,0.8620767283161329
78,3,665,6560.000000000001,5956.95019266448,0.15612958470101326,2.1444653276070182,0.30403554681854095,0.9080716757110486
78,0,434,4250.000000000002,5956.95019266448,0.13757670900528043,3.3514987148732573,0.6462774644625612,1.4016353394504653
78,5,700,6910.000000000002,5956.95019266448,0.15812758669901528,1.4140151646078847,0.19275587842431516,0.8620767283161329
78,6,374,3650.000000000001,5956.95019266448,0.09604681033252462,0.2769601097461834,0.043414147134391366,1.6320411486751996
78,2,630,6210.000000000002,5956.95019266448,0.156272299129442,1.7277962210902524,0.2590042498370929,0.9592512387543443
79,2,420,4110.000000000002,4744.75667189953,0.156272299129442,1.3433421572381725,0.24234874167208179,1.1544420126276225
79,5,70,3110.000000000001,4744.75667189953,0.15812758669901528,1.7829144851103171,0.43012205533135073,1.525645232122035
79,3,525,5160.000000000001,4744.75667189953,0.15612958470101326,1.218442155591797,0.17492599959542665,0.9195264868022344
79,0,341,3320.0000000000014,4744.75667189953,0.13757670900528043,0.8927873221359296,0.17553704873324877,1.429143575873352
79,4,700,6910.000000000002,4744.75667189953,0.1584130155558727,1.3812146286606697,0.15024081418634844,0.6866507484659232
79,6,440,4310.000000000002,4744.75667189953,0.09604681033252462,0.4118340017140928,0.04354535360910948,1.1008716176100994
79,1,620,6110.000000000002,4744.75667189953,0.1374339945768517,0.8236083783520168,0.08789975416993606,0.7765559201144892
80,0,186,3110.000000000001,5309.885828457258,0.13757670900528043,1.0772576577880777,0.2530400708405639,1.7073587872852916
80,3,700,6910.000000000002,5309.885828457258,0.15612958470101326,1.8588539742462058,0.22301681775477752,0.7684349968823816
80,6,88,3110.000000000001,5309.885828457258,0.09604681033252462,0.3315154302253166,0.054364010546934856,1.7073587872852916
80,2,350,3410.000000000001,5309.885828457258,0.156272299129442,1.8352010876961762,0.4465771150290999,1.557151269342304
80,1,620,6110.000000000002,5309.885828457258,0.1374339945768517,1.7301971779107204,0.20664920641280982,0.869048417096114
80,4,665,6560.000000000001,5309.885828457258,0.1584130155558727,1.0465198102569837,0.1341898473423028,0.8094338153136063
80,5,700,6910.000000000002,5309.885828457258,0.15812758669901528,1.0815252024573618,0.1314169618468706,0.7684349968823816
81,2,350,3410.000000000001,5445.493078350222,0.156272299129442,1.2537312309799196,0.3128738580544657,1.59691879130505
81,1,620,6110.000000000002,5445.493078350222,0.1374339945768517,0.6500774204743986,0.07962606451585484,0.8912427296808871
81,4,525,5160.000000000001,5445.493078350222,0.1584130155558727,1.9334800292131724,0.3232347621645152,1.0553281159593453
81,5,665,6560.000000000001,5445.493078350222,0.15812758669901528,1.7052867898229365,0.22384038372180562,0.8301056521875337
81,0,620,6110.000000000002,5445.493078350222,0.13757670900528043,0.6621459959518419,0.08118852917136168,0.8912427296808871
81,6,198,3110.000000000001,5445.493078350222,0.09604681033252462,0.2436855997564566,0.040981668312140986,1.750962404614219
81,3,700,6910.000000000002,5445.493078350222,0.15612958470101326,1.4721333578909273,0.18113047299648963,0.7880597797901912
82,0,186,3110.000000000001,4777.917796489226,0.13757670900528043,1.494556386956864,0.3158897293322348,1.5363079731476605
82,4,665,6560.000000000001,4777.917796489226,0.1584130155558727,2.311516118829879,0.2666997580194668,0.7283411275136015
82,2,700,6910.000000000002,4777.917796489226,0.156272299129442,1.538210488168329,0.16621047706586553,0.6914497534716678
82,5,70,3110.000000000001,4777.917796489226,0.15812758669901528,0.9382005272618401,0.2279195611662087,1.5363079731476605
82,3,210,3110.000000000001,4777.917796489226,0.15612958470101326,1.425047564677834,0.3418163633063735,1.5363079731476605
82,1,620,6110.000000000002,4777.917796489226,0.1374339945768517,1.5028617643641933,0.1615141842198712,0.7819832727478273
82,6,440,4310.000000000002,4777.917796489226,0.09604681033252462,0.2833022936047215,0.030164382597162333,1.1085656140346227
83,3,560,5510.000000000002,5101.337234194378,0.15612958470101326,1.7774084256392357,0.25692411818412747,0.9258325288919013
83,4,210,3110.000000000001,5101.337234194378,0.1584130155558727,1.4995738831954595,0.389656903280697,1.6403013614772914
83,1,620,6110.000000000002,5101.337234194378,0.1374339945768517,0.7674448332327065,0.08806111100848125,0.8349160776095542
83,5,700,6910.000000000002,5101.337234194378,0.15812758669901528,2.2063164575127394,0.25756178985370914,0.7382543030672035
83,6,330,3210.000000000001,5101.337234194378,0.09604681033252462,0.2724760149266221,0.04159012519163364,1.5892016305901484
83,0,310,3110.000000000001,5101.337234194378,0.13757670900528043,0.6297032363520095,0.1421034059057975,1.6403013614772914
83,2,700,6910.000000000002,5101.337234194378,0.156272299129442,1.994474105801027,0.23009987934997495,0.7382543030672035
84,6,198,3110.000000000001,5057.321250178395,0.09604681033252462,0.35484463729145227,0.05542189172855692,1.6261483119544673
84,1,620,6110.000000000002,5057.321250178395,0.1374339945768517,1.5308737584013656,0.17414574986118986,0.8277121522386895
84,2,210,3110.000000000001,5057.321250178395,0.156272299129442,2.3543757631943407,0.5982985256832255,1.6261483119544673
84,3,700,6910.000000000002,5057.321250178395,0.15612958470101326,1.8622327696321404,0.2127951196694823,0.7318844066828355
84,4,490,4810.000000000001,5057.321250178395,0.1584130155558727,1.0109969052093426,0.16838994409699531,1.0514181393302273
84,0,372,3630.000000000001,5057.321250178395,0.13757670900528043,1.7952237273327218,0.3440942478726281,1.3932014463301359
84,5,700,6910.000000000002,5057.321250178395,0.15812758669901528,1.4296681159286655,0.16545708509548152,0.7318844066828355
85,4,455,4460.000000000002,4588.307406878836,0.1584130155558727,1.8356634172707744,0.29915864852444185,1.0287684768786625
85,2,210,3110.000000000001,4588.307406878836,0.156272299129442,0.8551226192585129,0.19715260234795723,1.4753400022118441
85,1,620,6110.000000000002,4588.307406878836,0.1374339945768517,1.4372951335337607,0.1483376592194921,0.7509504757575834
85,0,620,6110.000000000002,4588.307406878836,0.13757670900528043,1.0216879358648518,0.10555394719837422,0.7509504757575834
85,5,525,5160.000000000001,4588.307406878836,0.15812758669901528,1.819438690985144,0.2558278813270796,0.889206861798224
85,6,440,4310.000000000002,4588.307406878836,0.09604681033252462,0.25124128500677356,0.02568911776048465,1.0645724841946251
85,3,175,3110.000000000001,4588.307406878836,0.15612958470101326,1.2551172284762078,0.28910900130897904,1.4753400022118441
86,6,418,4090.0000000000014,4810.605109176539,0.09604681033252462,0.48148373916631215,0.05439274435908169,1.1761870682583222
86,4,280,3110.000000000001,4810.605109176539,0.1584130155558727,0.9830788171872862,0.2408898597295983,1.5468183630792727
86,2,70,3110.000000000001,4810.605109176539,0.156272299129442,1.5955262302639022,0.38567835772267767,1.5468183630792727
86,3,700,6910.000000000002,4810.605109176539,0.15612958470101326,1.2007364293216631,0.1305132343163574,0.6961801894611488
86,5,700,6910.000000000002,4810.605109176539,0.15812758669901528,1.1404270728133505,0.12554424876046047,0.6961801894611488
86,1,620,6110.000000000002,4810.605109176539,0.1374339945768517,1.535486496403388,0.16614935858709776,0.7873330784249652
86,0,310,3110.000000000001,4810.605109176539,0.13757670900528043,1.5437872478780859,0.32852746667789934,1.5468183630792727
87,4,70,3110.000000000001,4278.23176823177,0.1584130155558727,1.7363903480652434,0.3783921722535413,1.3756372245118227
87,5,175,3110.000000000001,4278.23176823177,0.15812758669901528,1.679110220888441,0.3652504564713785,1.3756372245118227
87,3,350,3410.000000000001,4278.23176823177,0.15612958470101326,1.6516607302886757,0.3235310572497513,1.2546134217688472
87,6,440,4310.000000000002,4278.23176823177,0.09604681033252462,0.41595312489488173,0.03965649950125567,0.9926291805642153
87,0,31,3110.000000000001,4278.23176823177,0.13757670900528043,0.41986922122740017,0.07946261907548195,1.3756372245118227
87,2,700,6910.000000000002,4278.23176823177,0.156272299129442,1.7440153913646235,0.1687402063829352,0.619136290626884
87,1,620,6110.000000000002,4278.23176823177,0.1374339945768517,1.9899765570126666,0.19149843446361653,0.7002015987286037
88,3,175,3110.000000000001,5155.049236477808,0.15612958470101326,1.9826981459176485,0.513114436332016,1.6575721017613527
88,6,440,4310.000000000002,5155.049236477808,0.09604681033252462,0.43878702644452616,0.05040716500476408,1.1960671082315095
88,5,700,6910.000000000002,5155.049236477808,0.15812758669901528,0.782850311675789,0.09235090208201152,0.7460273858868027
88,1,620,6110.000000000002,5155.049236477808,0.1374339945768517,2.1938813036523044,0.2543893373907146,0.8437069126804921
88,2,280,3110.000000000001,5155.049236477808,0.156272299129442,1.8856676275425888,0.48844939454930475,1.6575721017613527
88,0,589,5800.000000000002,5155.049236477808,0.13757670900528043,1.728154410267222,0.21131595287790783,0.8888015924961735
88,4,665,6560.000000000001,5155.049236477808,0.1584130155558727,0.8267619855356756,0.10292013308851129,0.7858306762923487
89,1,93,3110.000000000001,4857.859283573571,0.1374339945768517,1.3324796643437604,0.2860482537868164,1.562012631374138
89,3,140,3110.000000000001,4857.859283573571,0.15612958470101326,0.7630152217681622,0.18608139279004904,1.562012631374138
89,5,700,6910.000000000002,4857.859283573571,0.15812758669901528,2.272084383842994,0.25258001391956314,0.7030187096343805
89,0,186,3110.000000000001,4857.859283573571,0.13757670900528043,1.6456602115258052,0.35364671385877416,1.562012631374138
89,2,595,5860.000000000002,4857.859283573571,0.156272299129442,0.9261954311428031,0.11998637991873161,0.8289862258657968
89,4,700,6910.000000000002,4857.859283573571,0.1584130155558727,2.177923489730026,0.2425494886813151,0.7030187096343805
89,6,440,4310.000000000002,4857.859283573571,0.09604681033252462,0.5111029869873721,0.055329790547661926,1.1271135228708977
90,6,440,4310.000000000002,4704.21721136007,0.09604681033252462,0.31503947256082704,0.03302615499878942,1.091465710292359
90,0,527,5180.000000000002,4704.21721136007,0.13757670900528043,0.6562542564269268,0.08199259966894182,0.908150040803102
90,1,62,3110.000000000001,4704.21721136007,0.1374339945768517,0.2993011307265035,0.06221992806977364,1.512610035807096
90,5,700,6910.000000000002,4704.21721136007,0.15812758669901528,1.8542078700499798,0.19960682290434553,0.680783966911732
90,3,700,6910.000000000002,4704.21721136007,0.15612958470101326,1.9741944646179386,0.20983815232640143,0.680783966911732
90,2,105,3110.000000000001,4704.21721136007,0.156272299129442,2.006765713453394,0.4743573688687161,1.512610035807096
90,4,280,3110.000000000001,4704.21721136007,0.1584130155558727,1.4709733091389876,0.35247038371441236,1.512610035807096
91,5,700,6910.000000000002,4979.661766804626,0.15812758669901528,1.5967738512984941,0.1819587114741634,0.7206456970773697
91,2,700,6910.000000000002,4979.661766804626,0.156272299129442,0.9094283966660587,0.10241706131565809,0.7206456970773697
91,4,35,3110.000000000001,4979.661766804626,0.1584130155558727,1.2817786912904117,0.3251197594413551,1.6011774169789788
91,6,374,3650.000000000001,4979.661766804626,0.09604681033252462,0.5153220938500822,0.06752563707014814,1.3642908950149655
91,3,455,4460.000000000002,4979.661766804626,0.15612958470101326,1.0144350614378448,0.17683753077290612,1.116516091211799
91,1,620,6110.000000000002,4979.661766804626,0.1374339945768517,2.048900750245253,0.22949526318816962,0.8150019258272707
91,0,31,3110.000000000001,4979.661766804626,0.13757670900528043,1.8708557784281126,0.41212094049113,1.6011774169789788
92,2,700,6910.000000000002,5524.157271300131,0.156272299129442,1.3997397486255112,0.17487079488168827,0.7994438887554456
92,0,620,6110.000000000002,5524.157271300131,0.13757670900528043,0.524246177674827,0.06520862056617598,0.9041173930114778
92,5,595,5860.000000000002,5524.157271300131,0.15812758669901528,1.7000471698152522,0.25341775123059407,0.9426889541467797
92,4,455,4460.000000000002,5524.157271300131,0.1584130155558727,1.733368760809575,0.340104988691529,1.2386002850448719
92,6,418,4090.0000000000014,5524.157271300131,0.09604681033252462,0.2891634545366804,0.037511901342872085,1.3506496995843835
92,1,372,3630.000000000001,5524.157271300131,0.1374339945768517,0.7960809875323471,0.1664986938490569,1.521806410826482
92,3,700,6910.000000000002,5524.157271300131,0.15612958470101326,1.5870628689056603,0.19809217589686637,0.7994438887554456
93,4,70,3110.000000000001,4605.91836734694,0.1584130155558727,1.5357454361449623,0.36030139379313114,1.4810026904652536
93,6,440,4310.000000000002,4605.91836734694,0.09604681033252462,0.21902991730641225,0.022481503500404707,1.0686585539088023
93,0,620,6110.000000000002,4605.91836734694,0.13757670900528043,2.0664170402389126,0.21430776997205833,0.7538327933464711
93,1,186,3110.000000000001,4605.91836734694,0.1374339945768517,1.1968810639761063,0.24361331027638847,1.4810026904652536
93,5,700,6910.000000000002,4605.91836734694,0.15812758669901528,1.3942894710463103,0.14695987701305183,0.6665583744351575
93,2,420,4110.000000000002,4605.91836734694,0.156272299129442,1.2848987642927896,0.22502217998921864,1.12066140324743
93,3,455,4460.000000000002,4605.91836734694,0.15612958470101326,2.481357082963914,0.4000882977311184,1.0327171227235286
94,5,525,5160.000000000001,4839.928642785787,0.15812758669901528,1.7842372169972516,0.264636347588538,0.9379706672065476
94,0,620,6110.000000000002,4839.928642785787,0.13757670900528043,0.5718905784532267,0.062324041306182236,0.7921323474281154
94,2,280,3110.000000000001,4839.928642785787,0.156272299129442,2.070662703063614,0.5035816916242175,1.556247152021153
94,4,245,3110.000000000001,4839.928642785787,0.1584130155558727,1.7519845473473568,0.4319164075975134,1.556247152021153
94,6,440,4310.000000000002,4839.928642785787,0.09604681033252462,0.43195788181261346,0.046589284215866625,1.1229532813888132
94,1,527,5180.000000000002,4839.928642785787,0.1374339945768517,2.909128382105788,0.3735650657163399,0.9343491588389546
94,3,700,6910.000000000002,4839.928642785787,0.15612958470101326,1.3096305408066666,0.1432171114457889,0.7004238267417924
95,1,372,3630.000000000001,4816.055373198231,0.1374339945768517,1.6593739613104113,0.30256820384893385,1.3267370174099806
95,2,455,4460.000000000002,4816.055373198231,0.156272299129442,1.7518962290669757,0.2956289714697755,1.0798330433179886
95,6,440,4310.000000000002,4816.055373198231,0.09604681033252462,0.42169870202286835,0.04525842250988564,1.1174142397211668
95,3,700,6910.000000000002,4816.055373198231,0.15612958470101326,2.158350163262365,0.23486620651870663,0.6969689396813646
95,4,35,3110.000000000001,4816.055373198231,0.1584130155558727,0.709064360744445,0.17394325835865485,1.54857085954927
95,0,403,3940.000000000001,4816.055373198231,0.13757670900528043,1.6865432349779939,0.283620517518189,1.2223490794919365
95,5,700,6910.000000000002,4816.055373198231,0.15812758669901528,1.105011466969837,0.12178333193669844,0.6969689396813646
96,1,434,4250.000000000002,4577.735122020837,0.1374339945768517,0.4979285285710857,0.07370940560940442,1.0771141463578435
96,6,440,4310.000000000002,4577.735122020837,0.09604681033252462,0.3400216446893041,0.03468669328418484,1.0621195178702632
96,3,105,3110.000000000001,4577.735122020837,0.15612958470101326,1.2857627209235323,0.2954855890905355,1.4719405537044485
96,4,700,6910.000000000002,4577.735122020837,0.1584130155558727,1.9707382506912545,0.2068199456985887,0.6624797571665464
96,2,700,6910.000000000002,4577.735122020837,0.156272299129442,2.033493806157018,0.21052199069192556,0.6624797571665464
96,0,124,3110.000000000001,4577.735122020837,0.13757670900528043,0.4104699239739698,0.08312210409519487,1.4719405537044485
96,5,210,3110.000000000001,4577.735122020837,0.15812758669901528,1.7341575690303566,0.40363281752892655,1.4719405537044485
97,4,560,5510.000000000002,5174.4783787640945,0.1584130155558727,0.9575751693396797,0.14245533390297507,0.9391067838047356
97,3,490,4810.000000000001,5174.4783787640945,0.15612958470101326,1.3336746336073935,0.22400442409277369,1.0757751307201857
97,6,176,3110.000000000001,5174.4783787640945,0.09604681033252462,0.4213598713013659,0.06733522366144502,1.663819414393599
97,1,620,6110.000000000002,5174.4783787640945,0.1374339945768517,3.463042375752163,0.40306709180099043,0.8468868050350398
97,0,620,6110.000000000002,5174.4783787640945,0.13757670900528043,2.414288674635561,0.2812933595117729,0.8468868050350398
97,5,140,3110.000000000001,5174.4783787640945,0.15812758669901528,1.0779323770198863,0.28359942578112646,1.663819414393599
97,2,700,6910.000000000002,5174.4783787640945,0.156272299129442,1.7671342613466225,0.20679502098777663,0.7488391286199846
98,3,700,6910.000000000002,5063.637790780649,0.15612958470101326,1.513054813770137,0.17311091469569856,0.7327985225442327
98,1,558,5490.000000000002,5063.637790780649,0.1374339945768517,1.1969055423615245,0.15172052457700108,0.922338395406311
98,6,440,4310.000000000002,5063.637790780649,0.09604681033252462,0.36893842100981705,0.041631512916244395,1.1748579560975978
98,0,186,3110.000000000001,5063.637790780649,0.13757670900528043,1.1038085983894501,0.24725263725801414,1.6281793539487612
98,5,525,5160.000000000001,5063.637790780649,0.15812758669901528,1.140145378815148,0.17692157830222796,0.9813251532520636
98,2,700,6910.000000000002,5063.637790780649,0.156272299129442,1.3483369630672906,0.1544063038672898,0.7327985225442327
98,4,245,3110.000000000001,5063.637790780649,0.1584130155558727,0.8983491178453344,0.23170651774059947,1.6281793539487612
99,4,210,3110.000000000001,4448.866847438278,0.1584130155558727,1.4403983888450755,0.32640928706352734,1.4305038094656837
99,1,186,3110.000000000001,4448.866847438278,0.1374339945768517,0.5666550001897112,0.11140428962130235,1.4305038094656837
99,0,341,3320.0000000000014,4448.866847438278,0.13757670900528043,0.5000665127060029,0.09219004205844511,1.340020134770565
99,2,700,6910.000000000002,4448.866847438278,0.156272299129442,1.9424571864031905,0.19543611340442354,0.6438302239418634
99,6,440,4310.000000000002,4448.866847438278,0.09604681033252462,0.28507008749932,0.028262249973119085,1.0322196861805744
99,5,700,6910.000000000002,4448.866847438278,0.15812758669901528,1.7983974572648613,0.18309002462012605,0.6438302239418634
99,3,35,3110.000000000001,4448.866847438278,0.15612958470101326,1.4043145324850075,0.31364517675441117,1.4305038094656837
100,3,700,6910.000000000002,4941.471385757101,0.15612958470101326,1.0755974441488017,0.12009175831782694,0.7151188691399566
100,6,418,4090.0000000000014,4941.471385757101,0.09604681033252462,0.597542543641695,0.06934014652943143,1.2081837128990465
100,1,341,3320.0000000000014,4941.471385757101,0.1374339945768517,3.367146357294038,0.6887702251837844,1.4883949957099698
100,0,620,6110.000000000002,4941.471385757101,0.13757670900528043,1.0638768329933594,0.11837264252677727,0.8087514542973977
100,5,700,6910.000000000002,4941.471385757101,0.15812758669901528,1.7040898286768855,0.19269851357863838,0.7151188691399566
100,4,280,3110.000000000001,4941.471385757101,0.1584130155558727,1.5509885687103113,0.39038700626105094,1.5888975516903858
100,2,385,3760.0000000000014,4941.471385757101,0.156272299129442,1.38233811313913,0.2838995629565239,1.314221113233271
101,4,630,6210.000000000002,5254.940773512204,0.1584130155558727,1.4128263241515073,0.1893894858054158,0.8462062437217718
101,1,620,6110.000000000002,5254.940773512204,0.1374339945768517,0.7248990997827253,0.08568372633197299,0.8600557730789202
101,0,124,3110.000000000001,5254.940773512204,0.13757670900528043,0.9581587315774999,0.22273569150945782,1.6896915670457242
101,6,154,3110.000000000001,5254.940773512204,0.09604681033252462,0.44989550486735747,0.07301330999591846,1.6896915670457242
101,3,350,3410.000000000001,5254.940773512204,0.15612958470101326,1.9838883140049972,0.47732685650951506,1.5410383500035785
101,5,700,6910.000000000002,5254.940773512204,0.15812758669901528,1.2491356998863516,0.15021283463380947,0.7604834693939512
101,2,700,6910.000000000002,5254.940773512204,0.156272299129442,2.4518711678853133,0.29138649978951936,0.7604834693939512
102,1,465,4560.000000000002,4641.875267589554,0.1374339945768517,1.0041324305503976,0.14047976983700775,1.0179551025415685
102,6,440,4310.000000000002,4641.875267589554,0.09604681033252462,0.2711694663123333,0.028050456227480057,1.0770012221785503
102,4,35,3110.000000000001,4641.875267589554,0.1584130155558727,1.7700195702980943,0.4185063064557397,1.4925643947233287
102,2,700,6910.000000000002,4641.875267589554,0.156272299129442,0.6865003222100897,0.07206728580930968,0.6717619779434953
102,0,620,6110.000000000002,4641.875267589554,0.13757670900528043,1.1915046045673083,0.12453542221104348,0.7597177197364243
102,5,70,3110.000000000001,4641.875267589554,0.15812758669901528,1.8663284051589508,0.4404826290355838,1.4925643947233287
102,3,455,4460.000000000002,4641.875267589554,0.15612958470101326,1.239946428444208,0.20148686244275574,1.0407792079797202
103,0,620,6110.000000000002,5421.398601398603,0.13757670900528043,1.6589116791156344,0.2025061934686604,0.8872992800979708
103,4,700,6910.000000000002,5421.398601398603,0.1584130155558727,0.5088261508509084,0.06324024981968095,0.7845728800866283
103,2,665,6560.000000000001,5421.398601398603,0.156272299129442,2.0970241221705,0.27082760421465596,0.8264327136278358
103,1,434,4250.000000000002,5421.398601398603,0.1374339945768517,3.9591341200476577,0.6940916074336535,1.2756232003290826
103,6,154,3110.000000000001,5421.398601398603,0.09604681033252462,0.40540019704843044,0.06787625187145686,1.7432149843725406
103,3,280,3110.000000000001,5421.398601398603,0.15612958470101326,2.0371413389825266,0.5544435259447117,1.7432149843725406
103,5,700,6910.000000000002,5421.398601398603,0.15812758669901528,0.8117035922231801,0.1007020711632568,0.7845728800866283
104,2,700,6910.000000000002,5389.738832595976,0.156272299129442,1.8778575177055183,0.22889394946297012,0.7799911479878401
104,3,455,4460.000000000002,5389.738832595976,0.15612958470101326,1.227943728797874,0.23168426139149104,1.2084616216582902
104,0,93,3110.000000000001,5389.738832595976,0.13757670900528043,0.982968260672798,0.23436445439494968,1.7330349944038503
104,1,465,4560.000000000002,5389.738832595976,0.1374339945768517,0.8565653064576619,0.13914177154171536,1.1819602703061347
104,4,700,6910.000000000002,5389.738832595976,0.1584130155558727,2.070933479356724,0.2558860936187516,0.7799911479878401
104,5,700,6910.000000000002,5389.738832595976,0.15812758669901528,1.9422566393455192,0.23955427833275417,0.7799911479878401
104,6,396,3870.0000000000014,5389.738832595976,0.09604681033252462,0.260186772518203,0.034803659972587546,1.3926973727638177
105,4,245,3110.000000000001,4848.682745825604,0.1584130155558727,1.3119821631196422,0.3240277250372764,1.5590619761497113
105,6,308,3110.000000000001,4848.682745825604,0.09604681033252462,0.21712906368564094,0.03251354216705294,1.5590619761497113
105,1,620,6110.000000000002,4848.682745825604,0.1374339945768517,0.6343569660753446,0.06918476043685003,0.7935650975164652
105,2,525,5160.000000000001,4848.682745825604,0.156272299129442,1.4077531559696546,0.20672003907820047,0.9396671988034114
105,5,140,3110.000000000001,4848.682745825604,0.15812758669901528,1.7999777344499994,0.44374978490315153,1.5590619761497113
105,0,620,6110.000000000002,4848.682745825604,0.13757670900528043,0.5618467254993057,0.06134021995944018,0.7935650975164652
105,3,700,6910.000000000002,4848.682745825604,0.15612958470101326,2.7273720751899795,0.2987963688808137,0.7016907012772218
106,3,455,4460.000000000002,5369.203653489369,0.15612958470101326,1.2311504725706464,0.23140426489467267,1.2038573214101718
106,5,700,6910.000000000002,5369.203653489369,0.15812758669901528,0.8327545499997245,0.10231904708334469,0.7770193420389823
106,4,700,6910.000000000002,5369.203653489369,0.1584130155558727,0.7725925366632936,0.0950983976591406,0.7770193420389823
106,0,496,4870.000000000001,5369.203653489369,0.13757670900528043,1.7740205195877508,0.2690818910262742,1.1025058836733814
106,1,279,3110.000000000001,5369.203653489369,0.1374339945768517,2.002709862665044,0.4751838743881213,1.726432042922626
106,2,700,6910.000000000002,5369.203653489369,0.156272299129442,1.4719819200682358,0.17873775841473452,0.7770193420389823
106,6,330,3210.000000000001,5369.203653489369,0.09604681033252462,0.6112253169450517,0.0981949437683696,1.672649113236563
107,0,589,5800.000000000002,5509.887255601542,0.13757670900528043,0.3845039496201515,0.05025282030575017,0.9499805613106104
107,1,620,6110.000000000002,5509.887255601542,0.1374339945768517,0.3847486104660749,0.047684005758024596,0.9017818748938692
107,6,110,3110.000000000001,5509.887255601542,0.09604681033252462,0.21967047195223385,0.03737979825757107,1.7716679278461545
107,3,700,6910.000000000002,5509.887255601542,0.15612958470101326,1.8011520385327906,0.22423336970634777,0.7973787634734502
107,2,525,5160.000000000001,5509.887255601542,0.156272299129442,1.5442889889193272,0.25769357303323936,1.0678076076747174
107,4,385,3760.0000000000014,5509.887255601542,0.1584130155558727,2.1763276954864503,0.5052077656023514,1.4653955467025372
107,5,700,6910.000000000002,5509.887255601542,0.15812758669901528,1.6590203468063716,0.20918185995816255,0.7973787634734502
108,3,700,6910.000000000002,4444.322820037108,0.15612958470101326,1.2684350014644692,0.12737405404767077,0.6431726222919112
108,5,455,4460.000000000002,4444.322820037108,0.15812758669901528,1.0420224873831336,0.16419331553113467,0.9964849372280506
108,0,310,3110.000000000001,4444.322820037108,0.13757670900528043,1.4608187040887335,0.2872013290351322,1.4290427074074297
108,4,140,3110.000000000001,4444.322820037108,0.1584130155558727,0.9295492022214035,0.2104303859794618,1.4290427074074297
108,6,440,4310.000000000002,4444.322820037108,0.09604681033252462,0.35063249283128195,0.034726693420053835,1.031165387479607
108,2,35,3110.000000000001,4444.322820037108,0.156272299129442,1.1307495849725442,0.2525187592262518,1.4290427074074297
108,1,620,6110.000000000002,4444.322820037108,0.1374339945768517,1.3164273473422559,0.13159986753923372,0.72738507692915
109,1,279,3110.000000000001,4875.320393891824,0.1374339945768517,0.5222775648434664,0.1125222254097226,1.5676271362996215
109,2,315,3110.000000000001,4875.320393891824,0.156272299129442,1.2099895744979257,0.2964192490833061,1.5676271362996215
109,5,700,6910.000000000002,4875.320393891824,0.15812758669901528,2.1911758146501756,0.24446122458127598,0.7055456431102494
109,6,220,3110.000000000001,4875.320393891824,0.09604681033252462,0.2717368285827287,0.040914214896461416,1.5676271362996215
109,4,420,4110.000000000002,4875.320393891824,0.1584130155558727,1.12092338602915,0.21063383313686634,1.1862093415795187
109,3,700,6910.000000000002,4875.320393891824,0.15612958470101326,2.1700697973522303,0.23904739833011365,0.7055456431102494
109,0,620,6110.000000000002,4875.320393891824,0.13757670900528043,0.44258291486167445,0.04858492231228986,0.7979247780510348
110,5,700,6910.000000000002,5450.960468103326,0.15812758669901528,1.5861686587794936,0.19785726081783947,0.7888510084085854
110,3,560,5510.000000000002,5450.960468103326,0.15612958470101326,0.8956514270315508,0.13833932753822656,0.9892850214343601
110,6,352,3430.000000000001,5450.960468103326,0.09604681033252462,0.2389337932977871,0.0364703085071788,1.5892013026540306
110,0,93,3110.000000000001,5450.960468103326,0.13757670900528043,1.1730117132324394,0.2828524264097823,1.7527204077502652
110,4,700,6910.000000000002,5450.960468103326,0.1584130155558727,1.2955845586988362,0.16190177480020942,0.7888510084085854
110,2,525,5160.000000000001,5450.960468103326,0.156272299129442,0.9212227020304549,0.15207925080292453,1.0563876876169234
110,1,620,6110.000000000002,5450.960468103326,0.1374339945768517,1.3153527164988166,0.1612754334712567,0.8921375561543903
111,6,440,4310.000000000002,5062.929927215642,0.09604681033252462,0.2897591438150603,0.03269224484926747,1.1746937186115174
111,3,70,3110.000000000001,5062.929927215642,0.15612958470101326,1.6867217544660298,0.42871648013132835,1.627951745085415
111,4,665,6560.000000000001,5062.929927215642,0.1584130155558727,1.7109969845358952,0.2091886815406844,0.771788098660921
111,5,455,4460.000000000002,5062.929927215642,0.15812758669901528,1.9570498353255974,0.35129873482690366,1.1351860823353452
111,0,372,3630.000000000001,5062.929927215642,0.13757670900528043,0.6485658750457132,0.1244498283971955,1.3947465364230416
111,1,620,6110.000000000002,5062.929927215642,0.1374339945768517,0.359139514169231,0.04089950641228683,0.828630102653951
111,2,700,6910.000000000002,5062.929927215642,0.156272299129442,2.0247634062949684,0.23183561515106263,0.7326960820861999
112,1,310,3110.000000000001,4899.096617668048,0.1374339945768517,1.884031420027167,0.4078851802772473,1.5752722243305615
112,0,186,3110.000000000001,4899.096617668048,0.13757670900528043,1.8674245553567328,0.4047096845861572,1.5752722243305615
112,4,700,6910.000000000002,4899.096617668048,0.1584130155558727,1.9010631114975869,0.21351350663100727,0.7089864859143338
112,5,70,3110.000000000001,4899.096617668048,0.15812758669901528,1.7886379992991817,0.44553898526094365,1.5752722243305615
112,6,66,3110.000000000001,4899.096617668048,0.09604681033252462,0.39589124932719727,0.05989829556780412,1.5752722243305615
112,2,700,6910.000000000002,4899.096617668048,0.156272299129442,0.7556835984130407,0.08372592514594641,0.7089864859143338
112,3,700,6910.000000000002,4899.096617668048,0.15612958470101326,0.7174300744711919,0.07941503650108699,0.7089864859143338
113,3,700,6910.000000000002,4832.062223490796,0.15612958470101326,2.2293369889761077,0.2433970987119394,0.6992854158452669
113,5,315,3110.000000000001,4832.062223490796,0.15812758669901528,1.4540488955965059,0.35723893246801836,1.5537177567494516
113,6,264,3110.000000000001,4832.062223490796,0.09604681033252462,0.13567557935944483,0.020246817144542618,1.5537177567494516
113,2,175,3110.000000000001,4832.062223490796,0.156272299129442,3.0176947599201394,0.732705479744081,1.5537177567494516
113,0,620,6110.000000000002,4832.062223490796,0.13757670900528043,0.49316195285961684,0.05365692595332585,0.7908448810950564
113,4,700,6910.000000000002,4832.062223490796,0.1584130155558727,1.326535565394144,0.14694818633837595,0.6992854158452669
113,1,403,3940.000000000001,4832.062223490796,0.1374339945768517,0.36572759176843855,0.06164362818118977,1.2264117318504555
114,4,700,6910.000000000002,5051.158841158843,0.1584130155558727,1.5369528675041702,0.17797720787179155,0.7309925964050422
114,1,217,3110.000000000001,5051.158841158843,0.1374339945768517,1.0478482324033263,0.23389621367859273,1.6241668299546113
114,5,665,6560.000000000001,5051.158841158843,0.15812758669901528,1.1977592411885183,0.14583587092841116,0.7699937257864089
114,0,620,6110.000000000002,5051.158841158843,0.13757670900528043,1.7746128583745504,0.20183587228205774,0.8267035746577481
114,3,70,3110.000000000001,5051.158841158843,0.15612958470101326,1.0542595400606791,0.2673396535453057,1.6241668299546113
114,6,440,4310.000000000002,5051.158841158843,0.09604681033252462,0.36958324707508855,0.041601498954577563,1.1719626081575036
114,2,490,4810.000000000001,5051.158841158843,0.156272299129442,0.8784777237421505,0.14416462422460752,1.0501369732138963
115,4,315,3110.000000000001,5200.05280433852,0.1584130155558727,1.62326395167729,0.42995932286143995,1.6720427023596522
115,5,630,6210.000000000002,5200.05280433852,0.15812758669901528,1.7185211386767036,0.2275509615406867,0.8373676013427567
115,3,700,6910.000000000002,5200.05280433852,0.15612958470101326,2.1534174082275275,0.2530131714559173,0.7525402032327813
115,1,93,3110.000000000001,5200.05280433852,0.1374339945768517,0.785283936693495,0.18045472091199638,1.6720427023596522
115,0,620,6110.000000000002,5200.05280433852,0.13757670900528043,0.7107477070053306,0.08321984971163025,0.8510724720684973
115,2,700,6910.000000000002,5200.05280433852,0.156272299129442,0.9973734177727883,0.11729229855689027,0.7525402032327813
115,6,242,3110.000000000001,5200.05280433852,0.09604681033252462,0.30669472138098686,0.049253445041559415,1.6720427023596522
116,0,620,6110.000000000002,5397.2056514913675,0.13757670900528043,0.8935615000010294,0.10859182228482937,0.8833397138283741
116,6,286,3110.000000000001,5397.2056514913675,0.09604681033252462,0.23178447346777603,0.038634550584752854,1.7354359008010822
116,1,465,4560.000000000002,5397.2056514913675,0.1374339945768517,0.9542821091969941,0.1552297918728745,1.1835977305902117
116,2,420,4110.000000000002,5397.2056514913675,0.156272299129442,1.6726015237560916,0.3432429567094999,1.3131887229905999
116,3,700,6910.000000000002,5397.2056514913675,0.15612958470101326,1.8060798197260393,0.22024855289049292,0.7810717295935407
116,5,700,6910.000000000002,5397.2056514913675,0.15812758669901528,0.8880120998749182,0.10967747546713545,0.7810717295935407
116,4,525,5160.000000000001,5397.2056514913675,0.1584130155558727,0.7142584296592984,0.1183492474533382,1.0459700874983269
117,3,175,3110.000000000001,5015.582988440133,0.15612958470101326,1.4977146164113166,0.377116300101467,1.6127276490161193
117,5,595,5860.000000000002,5015.582988440133,0.15812758669901528,2.191099854195627,0.29654705643898716,0.8559015338635036
117,0,620,6110.000000000002,5015.582988440133,0.13757670900528043,0.7530573539866838,0.08504586071941238,0.820881012837992
117,2,700,6910.000000000002,5015.582988440133,0.156272299129442,0.6916394534764104,0.07845220128856865,0.7258441372561696
117,1,620,6110.000000000002,5015.582988440133,0.1374339945768517,0.7987163521430227,0.0901087480886379,0.820881012837992
117,4,35,3110.000000000001,5015.582988440133,0.1584130155558727,1.62315620284885,0.4146791586380843,1.6127276490161193
117,6,374,3650.000000000001,5015.582988440133,0.09604681033252462,0.3202455413826983,0.042266335395405606,1.374132325600036
118,0,186,3110.000000000001,4769.676038247469,0.13757670900528043,1.3562471310095658,0.28616218429160845,1.5336578901117257
118,1,620,6110.000000000002,4769.676038247469,0.1374339945768517,2.0079225340713642,0.21542137585381363,0.7806343761452483
118,4,70,3110.000000000001,4769.676038247469,0.1584130155558727,0.7597361058725551,0.18457892867466302,1.5336578901117257
118,5,700,6910.000000000002,4769.676038247469,0.15812758669901528,0.7968209269692955,0.08697195035294786,0.6902570243484034
118,6,440,4310.000000000002,4769.676038247469,0.09604681033252462,0.5304119132447864,0.05637776159180993,1.1066533731432637
118,2,595,5860.000000000002,4769.676038247469,0.156272299129442,1.6019616099932668,0.2037630216294689,0.8139378904859159
118,3,385,3760.0000000000014,4769.676038247469,0.15612958470101326,1.5384734740262462,0.30470266627784454,1.2685308612360284
119,1,620,6110.000000000002,4667.028685600116,0.1374339945768517,0.595591367516119,0.06252329020526042,0.7638344820949451
119,4,595,5860.000000000002,4667.028685600116,0.1584130155558727,1.6508874111057834,0.20828172762884964,0.7964212774061629
119,2,700,6910.000000000002,4667.028685600116,0.156272299129442,0.7830525869667762,0.08264857180961521,0.6754021252677445
119,3,175,3110.000000000001,4667.028685600116,0.15612958470101326,1.5620951239614491,0.36599298597413515,1.500652310482352
119,5,140,3110.000000000001,4667.028685600116,0.15812758669901528,1.7215239725623657,0.4085082190794819,1.500652310482352
119,0,31,3110.000000000001,4667.028685600116,0.13757670900528043,0.5529378437852696,0.11415667539997613,1.500652310482352
119,6,440,4310.000000000002,4667.028685600116,0.09604681033252462,0.3715688848736365,0.03864430364692945,1.0828372820417898
120,6,176,3110.000000000001,4982.441843870416,0.09604681033252462,0.37402391240910804,0.057552496179897814,1.6020713324342168
120,2,700,6910.000000000002,4982.441843870416,0.156272299129442,1.4965768930044734,0.16863403355030737,0.7210480237149659
120,0,248,3110.000000000001,4982.441843870416,0.13757670900528043,1.1124319115861552,0.24518856071685977,1.6020713324342168
120,3,490,4810.000000000001,4982.441843870416,0.15612958470101326,1.460553038088159,0.2362107718816906,1.0358506951913544
120,4,315,3110.000000000001,4982.441843870416,0.1584130155558727,1.1013622062623853,0.2795135588954203,1.6020713324342168
120,5,700,6910.000000000002,4982.441843870416,0.15812758669901528,1.0403703898059793,0.11862051819028066,0.7210480237149659
120,1,620,6110.000000000002,4982.441843870416,0.1374339945768517,1.1869054556217915,0.13301827872282485,0.8154569302570237
121,0,248,3110.000000000001,5588.37162837163,0.13757670900528043,0.45239545212860294,0.111837651037,1.7969040605696556
121,2,700,6910.000000000002,5588.37162837163,0.156272299129442,1.6876968813157485,0.2132964765000484,0.8087368492578334
121,1,465,4560.000000000002,5588.37162837163,0.1374339945768517,0.6181297114779933,0.1041104264223528,1.2255200939411466
121,6,22,3110.000000000001,5588.37162837163,0.09604681033252462,0.13905193289847925,0.02399854252342537,1.7969040605696556
121,3,700,6910.000000000002,5588.37162837163,0.15612958470101326,1.5279262448741981,0.19292780667227566,0.8087368492578334
121,5,700,6910.000000000002,5588.37162837163,0.15812758669901528,1.5948176516179124,0.20395103259639707,0.8087368492578334
121,4,630,6210.000000000002,5588.37162837163,0.1584130155558727,1.6355354289150543,0.23315487284377734,0.8998988129422912
122,5,350,3410.000000000001,4837.438276009706,0.15812758669901528,1.0432773643048028,0.23402835785402248,1.418603600002846
122,6,198,3110.000000000001,4837.438276009706,0.09604681033252462,0.4431636715067633,0.06620673118647098,1.555446390999905
122,4,700,6910.000000000002,4837.438276009706,0.1584130155558727,0.7986354444943207,0.08856799870028842,0.7000634263400441
122,0,620,6110.000000000002,4837.438276009706,0.13757670900528043,0.5606051107325692,0.06106272698661057,0.7917247587577257
122,3,245,3110.000000000001,4837.438276009706,0.15612958470101326,1.3045877185154118,0.31682069170933513,1.555446390999905
122,2,700,6910.000000000002,4837.438276009706,0.156272299129442,1.6838610954141913,0.1842152814171989,0.7000634263400441
122,1,372,3630.000000000001,4837.438276009706,0.1374339945768517,0.5544455395753246,0.10154577890923171,1.3326276242450978
123,5,140,3110.000000000001,4449.921507064365,0.15812758669901528,1.4866156661105439,0.336355326442205,1.4308429283165156
123,1,341,3320.0000000000014,4449.921507064365,0.1374339945768517,2.244532589220018,0.4134608107004944,1.3403378033326394
123,2,700,6910.000000000002,4449.921507064365,0.156272299129442,0.8653155319835231,0.08708248304943972,0.6439828519630049
123,0,155,3110.000000000001,4449.921507064365,0.13757670900528043,1.00417417413766,0.1976723501201487,1.4308429283165156
123,3,35,3110.000000000001,4449.921507064365,0.15612958470101326,0.8830560534885241,0.19727199562275055,1.4308429283165156
123,6,440,4310.000000000002,4449.921507064365,0.09604681033252462,0.18095561849409755,0.017944447827001154,1.0324643867898755
123,4,700,6910.000000000002,4449.921507064365,0.1584130155558727,1.8570312909722402,0.18944554027526428,0.6439828519630049
124,0,341,3320.0000000000014,4797.235621521337,0.13757670900528043,0.32288571492987206,0.06418694621306638,1.4449504884100406
124,4,105,3110.000000000001,4797.235621521337,0.1584130155558727,1.2050590058596675,0.2944623914316755,1.54251949245059
124,3,700,6910.000000000002,4797.235621521337,0.15612958470101326,1.9620717567268837,0.21267336039082185,0.6942453866166911
124,1,620,6110.000000000002,4797.235621521337,0.1374339945768517,0.45117274965859994,0.04868406909049451,0.7851449462391711
124,2,70,3110.000000000001,4797.235621521337,0.156272299129442,1.9554253863054778,0.47136128770911556,1.54251949245059
124,5,700,6910.000000000002,4797.235621521337,0.15812758669901528,1.265719092505665,0.13894981617282615,0.6942453866166911
124,6,374,3650.000000000001,4797.235621521337,0.09604681033252462,0.34394220077555965,0.04341767845173365,1.3143111291839276
125,6,418,4090.0000000000014,5453.890395318968,0.09604681033252462,0.4716887150843436,0.060411765880649684,1.3334695343078158
125,0,620,6110.000000000002,5453.890395318968,0.13757670900528043,1.4179098620344592,0.1741240400649287,0.8926170859769176
125,5,700,6910.000000000002,5453.890395318968,0.15812758669901528,1.0217290283804081,0.12751807078653737,0.7892750210302413
125,2,630,6210.000000000002,5453.890395318968,0.156272299129442,0.7453428060522962,0.1022946383822718,0.8782432198581267
125,3,700,6910.000000000002,5453.890395318968,0.15612958470101326,1.1892646696352356,0.1465521115267218,0.7892750210302413
125,1,248,3110.000000000001,5453.890395318968,0.1374339945768517,1.6727454525151264,0.40315313781607254,1.75366250653343
125,4,420,4110.000000000002,5453.890395318968,0.1584130155558727,1.4047271202770564,0.29528909747703286,1.3269806314644685
126,6,88,3110.000000000001,4746.454973597833,0.09604681033252462,0.4594655064591882,0.067351122175757,1.526191309838531
126,5,175,3110.000000000001,4746.454973597833,0.15812758669901528,1.8495495669347142,0.4463572506918636,1.526191309838531
126,1,620,6110.000000000002,4746.454973597833,0.1374339945768517,0.371672219558583,0.039680983342921236,0.7768338745659298
126,3,700,6910.000000000002,4746.454973597833,0.15612958470101326,1.3946843005171994,0.1495727349115389,0.6868965229519293
126,4,700,6910.000000000002,4746.454973597833,0.1584130155558727,1.7635338766487474,0.19189602820829696,0.6868965229519293
126,0,341,3320.0000000000014,4746.454973597833,0.13757670900528043,0.319766986312062,0.06289408770578123,1.429655112529467
126,2,35,3110.000000000001,4746.454973597833,0.156272299129442,1.3242959491982162,0.31584647087286305,1.526191309838531
127,2,700,6910.000000000002,5012.828599971459,0.156272299129442,1.2315932828574314,0.13962208568494383,0.7254455282158405
127,0,558,5490.000000000002,5012.828599971459,0.13757670900528043,2.908795347632747,0.36540004309285734,0.913083533692433
127,6,440,4310.000000000002,5012.828599971459,0.09604681033252462,0.3556244564281669,0.03972648604891355,1.163069280735837
127,1,310,3110.000000000001,5012.828599971459,0.1374339945768517,1.7641799519230097,0.3908044663151082,1.6118419935599542
127,4,70,3110.000000000001,5012.828599971459,0.1584130155558727,1.113941590286111,0.2844302262439964,1.6118419935599542
127,3,490,4810.000000000001,5012.828599971459,0.15612958470101326,1.7972820932782476,0.2924416535310705,1.0421681081021743
127,5,700,6910.000000000002,5012.828599971459,0.15812758669901528,0.719582215882327,0.08254539922514506,0.7254455282158405
128,3,700,6910.000000000002,5201.351505637222,0.15612958470101326,1.825472658951283,0.21453526646334034,0.7527281484279624
128,1,279,3110.000000000001,5201.351505637222,0.1374339945768517,0.4182966010870149,0.09614668623061834,1.6724602912016784
128,6,242,3110.000000000001,5201.351505637222,0.09604681033252462,0.20744449842753518,0.03332273838234722,1.6724602912016784
128,5,700,6910.000000000002,5201.351505637222,0.15812758669901528,1.2808855203849359,0.15246007041632,0.7527281484279624
128,4,210,3110.000000000001,5201.351505637222,0.1584130155558727,0.981004201436836,0.25990674116878604,1.6724602912016784
128,0,620,6110.000000000002,5201.351505637222,0.13757670900528043,0.4432833715070766,0.05191601517647734,0.8512850254725401
128,2,630,6210.000000000002,5201.351505637222,0.156272299129442,2.0913945231913917,0.27374271615274226,0.8375767319866699
129,5,700,6910.000000000002,4689.277864992151,0.15812758669901528,1.545128276452949,0.16580594709159907,0.6786219775676049
129,1,62,3110.000000000001,4689.277864992151,0.1374339945768517,0.7707288260303622,0.15971339839464105,1.507806387457283
129,4,490,4810.000000000001,4689.277864992151,0.1584130155558727,2.2335080186789993,0.34493659241661323,0.9749018430337111
129,6,440,4310.000000000002,4689.277864992151,0.09604681033252462,0.39897802159757184,0.04169275722501262,1.0879995046385498
129,0,31,3110.000000000001,4689.277864992151,0.13757670900528043,0.8508507234138041,0.17649965776176513,1.507806387457283
129,2,700,6910.000000000002,4689.277864992151,0.156272299129442,1.1963472237718011,0.12687240375975728,0.6786219775676049
129,3,70,3110.000000000001,4689.277864992151,0.15612958470101326,0.9162335827776145,0.21569346600190728,1.507806387457283
130,0,310,3110.000000000001,5394.508348794065,0.13757670900528043,0.5919605670283825,0.14126324373998916,1.7345686008984125
130,4,700,6910.000000000002,5394.508348794065,0.1584130155558727,1.6575107878754332,0.20498451144855515,0.7806813818804722
130,3,700,6910.000000000002,5394.508348794065,0.15612958470101326,1.0762219056460358,0.13117795440754987,0.7806813818804722
130,5,595,5860.000000000002,5394.508348794065,0.15812758669901528,1.9566265434837986,0.2848195771200843,0.9205645646406251
130,6,440,4310.000000000002,5394.508348794065,0.09604681033252462,0.3161389790017945,0.03800454982073838,1.251626067005583
130,1,248,3110.000000000001,5394.508348794065,0.1374339945768517,0.5135839676681722,0.12243261012488675,1.7345686008984125
130,2,665,6560.000000000001,5394.508348794065,0.156272299129442,1.7896401989670798,0.22998301239610985,0.8223335897551927
131,6,264,3110.000000000001,4970.636506350794,0.09604681033252462,0.25996738803839087,0.0399073999540196,1.5982754039713158
131,2,700,6910.000000000002,4970.636506350794,0.156272299129442,2.1231902446579416,0.23867386695022932,0.7193395812374519
131,5,175,3110.000000000001,4970.636506350794,0.15812758669901528,1.5437895520910048,0.39016414499451435,1.5982754039713158
131,0,372,3630.000000000001,4970.636506350794,0.13757670900528043,0.628475211217791,0.11839638686382145,1.3693213516117886
131,3,700,6910.000000000002,4970.636506350794,0.15612958470101326,1.8421941571475984,0.20689717594909854,0.7193395812374519
131,1,62,3110.000000000001,4970.636506350794,0.1374339945768517,0.48330880453086283,0.10616234244850771,1.5982754039713158
131,4,700,6910.000000000002,4970.636506350794,0.1584130155558727,0.7486150843885172,0.08530674925879893,0.7193395812374519
132,6,66,3110.000000000001,4716.479235050665,0.09604681033252462,0.4837482892487917,0.07046280482539735,1.5165528086979625
132,2,280,3110.000000000001,4716.479235050665,0.156272299129442,1.1412193247179714,0.2704634954480331,1.5165528086979625
132,1,620,6110.000000000002,4716.479235050665,0.1374339945768517,0.5436275848969538,0.057672977286539445,0.7719278617104196
132,0,279,3110.000000000001,4716.479235050665,0.13757670900528043,0.5513366340231044,0.11503216790561585,1.5165528086979625
132,5,700,6910.000000000002,4716.479235050665,0.15812758669901528,1.3798547128250074,0.14892955213634715,0.682558500007332
132,4,315,3110.000000000001,4716.479235050665,0.1584130155558727,1.8869159458204718,0.4533159015165149,1.5165528086979625
132,3,700,6910.000000000002,4716.479235050665,0.15612958470101326,1.5632730890772184,0.16659422238503177,0.682558500007332
133,0,434,4250.000000000002,4881.99372056515,0.13757670900528043,1.537618045185194,0.24299742416030326,1.1487044048388584
133,3,35,3110.000000000001,4881.99372056515,0.15612958470101326,1.1845320426218242,0.2903145786374132,1.5697729005032632
133,4,700,6910.000000000002,4881.99372056515,0.1584130155558727,0.7352178404768801,0.08228602196450881,0.706511392267026
133,5,700,6910.000000000002,4881.99372056515,0.15812758669901528,1.8284607189217579,0.204273695972588,0.706511392267026
133,6,132,3110.000000000001,4881.99372056515,0.09604681033252462,0.3226450782242367,0.04864574050043246,1.5697729005032632
133,2,70,3110.000000000001,4881.99372056515,0.156272299129442,1.4826673636986183,0.3637161263813621,1.5697729005032632
133,1,620,6110.000000000002,4881.99372056515,0.1374339945768517,0.9888446411586717,0.10858710136221834,0.7990169755425776
134,2,70,3110.000000000001,4725.15627229913,0.156272299129442,0.56499905005251,0.13414840289212585,1.5193428528293018
134,4,700,6910.000000000002,4725.15627229913,0.1584130155558727,2.185340880758853,0.2367272103234915,0.6838142217509593
134,3,280,3110.000000000001,4725.15627229913,0.15612958470101326,1.747805761636571,0.41460464023570426,1.5193428528293018
134,6,264,3110.000000000001,4725.15627229913,0.09604681033252462,0.1784459815087348,0.02604027140234141,1.5193428528293018
134,0,31,3110.000000000001,4725.15627229913,0.13757670900528043,1.0925051309957923,0.2283621845881713,1.5193428528293018
134,5,700,6910.000000000002,4725.15627229913,0.15812758669901528,2.2484727814483865,0.2431271204528575,0.6838142217509593
134,1,620,6110.000000000002,4725.15627229913,0.1374339945768517,1.2961890228118276,0.13776454900370322,0.7733479987396283
135,3,700,6910.000000000002,4686.180961895248,0.15612958470101326,1.7395753208323206,0.1841914429748948,0.6781738005637116
135,0,124,3110.000000000001,4686.180961895248,0.13757670900528043,0.3659473770359877,0.07586163898545055,1.5068105986801437
135,5,175,3110.000000000001,4686.180961895248,0.15812758669901528,1.2879920007873347,0.3068876948143532,1.5068105986801437
135,4,700,6910.000000000002,4686.180961895248,0.1584130155558727,1.8801137395866927,0.20198354603924523,0.6781738005637116
135,1,31,3110.000000000001,4686.180961895248,0.1374339945768517,0.4499597061279069,0.09318080550423137,1.5068105986801437
135,6,440,4310.000000000002,4686.180961895248,0.09604681033252462,0.2786512942879102,0.02909951807130709,1.0872809656369482
135,2,490,4810.000000000001,4686.180961895248,0.156272299129442,3.245386355283242,0.49410857003331127,0.9742579962360182
136,1,465,4560.000000000002,5456.410732125019,0.1374339945768517,0.8544342708168555,0.14051252585599944,1.1965813009046091
136,2,665,6560.000000000001,5456.410732125019,0.156272299129442,2.5203914639491614,0.3276070332365391,0.8317699286775944
136,5,315,3110.000000000001,5456.410732125019,0.15812758669901528,0.832800187482088,0.23104422760555177,1.754472904220263
136,6,286,3110.000000000001,5456.410732125019,0.09604681033252462,0.5224349678278519,0.08803631380298053,1.754472904220263
136,4,700,6910.000000000002,5456.410732125019,0.1584130155558727,1.5322282374687166,0.1916652279884294,0.7896397586288014
136,3,700,6910.000000000002,5456.410732125019,0.15612958470101326,1.154315638116136,0.14231110502620853,0.7896397586288014
136,0,620,6110.000000000002,5456.410732125019,0.13757670900528043,1.2311487436253818,0.15125902158929716,0.8930295797258622
137,6,396,3870.0000000000014,4990.266875981164,0.09604681033252462,0.1847376072101092,0.022879739102971808,1.2894746449563728
137,1,465,4560.000000000002,4990.266875981164,0.1374339945768517,3.2127845159891697,0.4832086466247757,1.0943567710485005
137,3,700,6910.000000000002,4990.266875981164,0.15612958470101326,1.3433623116884654,0.1514691153879759,0.7221804451492276
137,0,620,6110.000000000002,4990.266875981164,0.13757670900528043,1.4687751304918313,0.16503755786434274,0.8167376229101739
137,5,210,3110.000000000001,4990.266875981164,0.15812758669901528,1.3641754852156203,0.3461316133789004,1.6045874199296342
137,4,700,6910.000000000002,4990.266875981164,0.1584130155558727,1.1666498286119364,0.1334679861198608,0.7221804451492276
137,2,105,3110.000000000001,4990.266875981164,0.156272299129442,1.8770850690516943,0.4706838962883141,1.6045874199296342
138,2,700,6910.000000000002,5092.160696446412,0.156272299129442,0.6799147927195578,0.07829978055723166,0.7369262947100449
138,0,620,6110.000000000002,5092.160696446412,0.13757670900528043,1.18103166538541,0.13541517913313716,0.8334141892710982
138,5,700,6910.000000000002,5092.160696446412,0.15812758669901528,1.4741255556228305,0.17177745783871995,0.7369262947100449
138,1,155,3110.000000000001,5092.160696446412,0.1374339945768517,0.8423988335361129,0.18956302825896632,1.637350706252865
138,6,198,3110.000000000001,5092.160696446412,0.09604681033252462,0.404389083867089,0.06359516257222769,1.637350706252865
138,4,175,3110.000000000001,5092.160696446412,0.1584130155558727,1.7312038368668963,0.4490356052101424,1.637350706252865
138,3,560,5510.000000000002,5092.160696446412,0.15612958470101326,0.8804501786940556,0.12704000204790922,0.924167095543813
139,6,440,4310.000000000002,5102.065077779364,0.09604681033252462,0.16018214769036504,0.018212341395472217,1.183773799948808
139,2,700,6910.000000000002,5102.065077779364,0.156272299129442,1.3260805261684867,0.15301001069349987,0.7383596349897775
139,4,315,3110.000000000001,5102.065077779364,0.1584130155558727,1.0444148963782893,0.27142479817710474,1.640535394784361
139,5,630,6210.000000000002,5102.065077779364,0.15812758669901528,1.1010046938507119,0.1430379268685145,0.8215885793525544
139,1,217,3110.000000000001,5102.065077779364,0.1374339945768517,0.46017871382382153,0.1037543467446857,1.640535394784361
139,3,700,6910.000000000002,5102.065077779364,0.15612958470101326,1.4591912567885246,0.16821525168752086,0.7383596349897775
139,0,465,4560.000000000002,5102.065077779364,0.13757670900528043,0.4483181653332249,0.06901005982419378,1.1188739205656497
140,4,700,6910.000000000002,5351.9009561866715,0.1584130155558727,0.6595520681332507,0.08092262610137303,0.7745153337462619
140,6,264,3110.000000000001,5351.9009561866715,0.09604681033252462,0.4942592415665197,0.08169310889281052,1.7208684746580931
140,2,35,3110.000000000001,5351.9009561866715,0.156272299129442,0.9814633745468381,0.2639391282170224,1.7208684746580931
140,0,465,4560.000000000002,5351.9009561866715,0.13757670900528043,0.759352826272054,0.12261165516176027,1.1736624903918134
140,3,700,6910.000000000002,5351.9009561866715,0.15612958470101326,0.9858953964419639,0.11921916163885844,0.7745153337462619
140,1,620,6110.000000000002,5351.9009561866715,0.1374339945768517,0.6416869447781139,0.0772474640000463,0.8759248700796514
140,5,595,5860.000000000002,5351.9009561866715,0.15812758669901528,1.087709333948015,0.15708363766525477,0.9132936785301484
141,2,595,5860.000000000002,5773.2153560725,0.156272299129442,0.6340159493798782,0.09761180125032212,0.9851903338007676
141,4,595,5860.000000000002,5773.2153560725,0.1584130155558727,1.3818942553098945,0.21566805159974184,0.9851903338007676
141,5,560,5510.000000000002,5773.2153560725,0.15812758669901528,1.6270926955038894,0.269579024586085,1.0477704820458253
141,1,620,6110.000000000002,5773.2153560725,0.1374339945768517,0.873254815529512,0.11339964806482747,0.9448797636779867
141,3,700,6910.000000000002,5773.2153560725,0.15612958470101326,0.9404500338593789,0.12267629231101497,0.8354870269280027
141,0,620,6110.000000000002,5773.2153560725,0.13757670900528043,0.7877873197946529,0.10240719022121693,0.9448797636779867
141,6,44,3110.000000000001,5773.2153560725,0.09604681033252462,0.18236953207261963,0.032515661939661836,1.8563393427885846
142,2,700,6910.000000000002,5446.49065220494,0.156272299129442,2.6061111246924606,0.32100636737199206,0.7882041464840721
142,4,595,5860.000000000002,5446.49065220494,0.1584130155558727,0.8342326787598321,0.12282795069773071,0.9294352648813887
142,6,418,4090.0000000000014,5446.49065220494,0.09604681033252462,0.18495532350054492,0.023656104896528786,1.3316603061625765
142,1,465,4560.000000000002,5446.49065220494,0.1374339945768517,1.023989767171091,0.16808993384877574,1.1944058447817845
142,5,700,6910.000000000002,5446.49065220494,0.15812758669901528,0.8958599948003597,0.11165714047787839,0.7882041464840721
142,3,315,3110.000000000001,5446.49065220494,0.15612958470101326,2.431580657841424,0.6648600810020994,1.7512831679115557
142,0,620,6110.000000000002,5446.49065220494,0.13757670900528043,1.1716952894090202,0.14369284802461582,0.8914059987242124
143,0,217,3110.000000000001,4497.2841444270025,0.13757670900528043,0.7187999597459305,0.14300225939191055,1.446072072163023
143,6,440,4310.000000000002,4497.2841444270025,0.09604681033252462,0.4176928167409394,0.04186132888542891,1.0434533977788865
143,5,315,3110.000000000001,4497.2841444270025,0.15812758669901528,1.8823939727412988,0.4304355226045994,1.446072072163023
143,3,385,3760.0000000000014,4497.2841444270025,0.15612958470101326,0.5051047855459044,0.09432551184305503,1.1960862086242023
143,1,620,6110.000000000002,4497.2841444270025,0.1374339945768517,0.6864852050446829,0.0694439585197131,0.7360530514610476
143,2,420,4110.000000000002,4497.2841444270025,0.156272299129442,0.4227168029402535,0.07228364076359692,1.0942297188386862
143,4,700,6910.000000000002,4497.2841444270025,0.1584130155558727,1.8357211361534262,0.1892647999246088,0.650837068658032
144,6,44,3110.000000000001,5617.7294134437,0.09604681033252462,0.203962065386076,0.0353861061320726,1.8063438628436328
144,4,525,5160.000000000001,5617.7294134437,0.1584130155558727,0.695343909762401,0.11992276458612294,1.0887072506673834
144,5,455,4460.000000000002,5617.7294134437,0.15812758669901528,0.6557548954849554,0.13060961297920812,1.2595805859739233
144,1,620,6110.000000000002,5617.7294134437,0.1374339945768517,0.947212807761162,0.11969095661563836,0.9194319825603434
144,3,700,6910.000000000002,5617.7294134437,0.15612958470101326,1.8333424667093727,0.23270813864164863,0.8129854433348334
144,2,700,6910.000000000002,5617.7294134437,0.156272299129442,1.7171686414519132,0.2181613036435487,0.8129854433348334
144,0,589,5800.000000000002,5617.7294134437,0.13757670900528043,0.7230786750882858,0.09635256785065617,0.9685740368006376
145,4,700,6910.000000000002,5093.04552590267,0.1584130155558727,1.0783852608027957,0.12591118624566416,0.737054345282586
145,0,620,6110.000000000002,5093.04552590267,0.13757670900528043,0.7168085116297206,0.08220238497283988,0.8335590058760506
145,5,35,3110.000000000001,5093.04552590267,0.15812758669901528,0.8948650333122389,0.23173004746521214,1.6376352173320479
145,1,124,3110.000000000001,5093.04552590267,0.1374339945768517,0.6867281923181783,0.1545596820884042,1.6376352173320479
145,2,560,5510.000000000002,5093.04552590267,0.156272299129442,1.066864203712535,0.15410513302131898,0.924327681652027
145,6,88,3110.000000000001,5093.04552590267,0.09604681033252462,0.2431114185882903,0.03823890729399046,1.6376352173320479
145,3,700,6910.000000000002,5093.04552590267,0.15612958470101326,0.8206219404451022,0.094433881253173,0.737054345282586
146,2,175,3110.000000000001,4639.784501213075,0.156272299129442,1.3495992546138695,0.31464747591979597,1.491892122576551
146,0,620,6110.000000000002,4639.784501213075,0.13757670900528043,0.6510687303758871,0.06801870410775346,0.7593755321134327
146,1,620,6110.000000000002,4639.784501213075,0.1374339945768517,0.61542769838284,0.06422850416828202,0.7593755321134327
146,3,245,3110.000000000001,4639.784501213075,0.15612958470101326,2.1078452143304633,0.49097721877152956,1.491892122576551
146,4,700,6910.000000000002,4639.784501213075,0.1584130155558727,1.8552145845202845,0.1973352969545784,0.6714594068325721
146,5,385,3760.0000000000014,4639.784501213075,0.15812758669901528,0.772620096281508,0.15075912494960902,1.2339852396843278
146,6,242,3110.000000000001,4639.784501213075,0.09604681033252462,0.2215948368245627,0.031752652069938846,1.491892122576551
147,5,700,6910.000000000002,5582.079349222207,0.15812758669901528,1.6056857493434642,0.20510967864320073,0.8078262444605219
147,4,665,6560.000000000001,5582.079349222207,0.1584130155558727,1.876289439890884,0.2529198187372786,0.8509267300643608
147,2,420,4110.000000000002,5582.079349222207,0.156272299129442,0.2889918602647095,0.0613368962399524,1.358170157961607
147,0,434,4250.000000000002,5582.079349222207,0.13757670900528043,1.3966618849715875,0.2523732226486661,1.313430435111107
147,3,630,6210.000000000002,5582.079349222207,0.15612958470101326,0.2919546567369548,0.04097368428550954,0.8988855634818367
147,1,620,6110.000000000002,5582.079349222207,0.1374339945768517,1.3732522076393514,0.17242461738225637,0.9135972748317849
147,6,440,4310.000000000002,5582.079349222207,0.09604681033252462,0.6881425645099926,0.085601249473307,1.2951460207012078
148,4,700,6910.000000000002,4899.096617668047,0.1584130155558727,1.0110504802640634,0.11355379635560206,0.7089864859143337
148,1,217,3110.000000000001,4899.096617668047,0.1374339945768517,0.3205922911080079,0.0694069340161004,1.5752722243305612
148,3,700,6910.000000000002,4899.096617668047,0.15612958470101326,1.7926365335334644,0.19843368825690144,0.7089864859143337
148,0,217,3110.000000000001,4899.096617668047,0.13757670900528043,0.292699587435302,0.06343407950251052,1.5752722243305612
148,5,140,3110.000000000001,4899.096617668047,0.15812758669901528,1.638426833262499,0.4081222857851026,1.5752722243305612
148,6,66,3110.000000000001,4899.096617668047,0.09604681033252462,0.1177558368442996,0.017816443106840392,1.5752722243305612
148,2,700,6910.000000000002,4899.096617668047,0.156272299129442,2.8703506181316265,0.3180203480676237,0.7089864859143337
149,5,70,3110.000000000001,4921.638361638363,0.15812758669901528,0.9455600760862333,0.2366170740614122,1.582520373517158
149,6,440,4310.000000000002,4921.638361638363,0.09604681033252462,0.3454201967293531,0.03788463458701012,1.141911452816325
149,2,245,3110.000000000001,4921.638361638363,0.156272299129442,0.8765350173904856,0.21677070113004385,1.582520373517158
149,4,630,6210.000000000002,4921.638361638363,0.1584130155558727,1.2279982106415797,0.15417242161297912,0.792534357751749
149,0,620,6110.000000000002,4921.638361638363,0.13757670900528043,1.07867733344459,0.11953771721200672,0.8055054601699446
149,1,465,4560.000000000002,4921.638361638363,0.1374339945768517,1.3218485899385441,0.19607432922853793,1.0793066582540265
149,3,700,6910.000000000002,4921.638361638363,0.15612958470101326,1.0253715621841626,0.11402448634318381,0.7122486775164054
150,2,140,3110.000000000001,5026.997288425861,0.156272299129442,0.7606447354574193,0.1921374963918414,1.6163978419375755
150,4,630,6210.000000000002,5026.997288425861,0.1584130155558727,1.3921966285481207,0.1785288838398868,0.8095003685065797
150,0,620,6110.000000000002,5026.997288425861,0.13757670900528043,1.2557137058939796,0.14213564075306895,0.8227491470418756
150,6,132,3110.000000000001,5026.997288425861,0.09604681033252462,0.3830107595526585,0.059462365629513035,1.6163978419375755
150,3,210,3110.000000000001,5026.997288425861,0.15612958470101326,0.7467800001137672,0.18846301943215685,1.6163978419375755
150,1,620,6110.000000000002,5026.997288425861,0.1374339945768517,0.5229450296335622,0.05913133034519936,0.8227491470418756
150,5,700,6910.000000000002,5026.997288425861,0.15812758669901528,2.4505063469009833,0.2818993524016793,0.727495989641948
