round,cid,tau,a_i,a_eff,p_i,raw_update_norm,contribution_norm,amp_vs_fedavg
1,6,396,3870.0000000000014,4789.4748109033835,0.09604681033252462,2.0258035647230255,0.24080040124653154,1.2375903904143106
1,4,140,3110.000000000001,4789.4748109033835,0.1584130155558727,1.8898751996096648,0.46105367885914983,1.5400240549528559
1,0,186,3110.000000000001,4789.4748109033835,0.13757670900528043,2.5497037235207163,0.5402094027122417,1.5400240549528559
1,2,245,3110.000000000001,4789.4748109033835,0.156272299129442,2.461582372274753,0.5924120440806886,1.5400240549528559
1,5,700,6910.000000000002,4789.4748109033835,0.15812758669901528,4.227480890765899,0.4633393042724843,0.693122259175598
1,1,620,6110.000000000002,4789.4748109033835,0.1374339945768517,4.108908089196265,0.4426569422432213,0.7838747644686387
1,3,700,6910.000000000002,4789.4748109033835,0.15612958470101326,3.877080802666986,0.41956562857374985,0.693122259175598
2,2,630,6210.000000000002,5210.028542885687,0.156272299129442,3.187809713946604,0.41794861822902923,0.8389740004646836
2,3,105,3110.000000000001,5210.028542885687,0.15612958470101326,1.7897204365932158,0.468112367509822,1.6752503353330177
2,1,279,3110.000000000001,5210.028542885687,0.1374339945768517,2.4246777982939793,0.5582489552966821,1.6752503353330177
2,5,700,6910.000000000002,5210.028542885687,0.15812758669901528,3.3446727311049056,0.3987707797350494,0.7539838701715897
2,4,700,6910.000000000002,5210.028542885687,0.1584130155558727,3.5590810554398384,0.42509969692632465,0.7539838701715897
2,6,154,3110.000000000001,5210.028542885687,0.09604681033252462,0.2042929426148099,0.032871235233103535,1.6752503353330177
2,0,620,6110.000000000002,5210.028542885687,0.13757670900528043,3.4570896447103996,0.4055593795538693,0.8527051625017488
3,3,700,6910.000000000002,5963.519337805054,0.15612958470101326,3.246228667741946,0.4374101915018568,0.8630274005506589
3,4,700,6910.000000000002,5963.519337805054,0.1584130155558727,3.809190411713016,0.5207726025599726,0.8630274005506589
3,1,527,5180.000000000002,5963.519337805054,0.1374339945768517,2.8757733848207923,0.45501079655142157,1.1512585594218248
3,0,558,5490.000000000002,5963.519337805054,0.13757670900528043,3.368570690713195,0.5034088769013326,1.086251245501831
3,5,560,5510.000000000002,5963.519337805054,0.15812758669901528,3.3708409231185743,0.5768952109049348,1.0823084097649822
3,2,700,6910.000000000002,5963.519337805054,0.156272299129442,3.3544817144115977,0.45240981153571835,0.8630274005506589
3,6,396,3870.0000000000014,5963.519337805054,0.09604681033252462,0.7483679067249493,0.11076173967881801,1.540961069200272
4,5,70,3110.000000000001,5207.315541601258,0.15812758669901528,1.4767380590591828,0.39098906966991465,1.674377987653137
4,1,403,3940.000000000001,5207.315541601258,0.1374339945768517,2.492085151521863,0.4526627111870913,1.3216536907617402
4,4,700,6910.000000000002,5207.315541601258,0.1584130155558727,3.661938098790934,0.4371572724025927,0.7535912505935248
4,0,620,6110.000000000002,5207.315541601258,0.13757670900528043,3.889406294725425,0.4560378755138933,0.8522611361049519
4,3,560,5510.000000000002,5207.315541601258,0.15612958470101326,3.0165017378459065,0.44509332411283015,0.9450663414884313
4,6,44,3110.000000000001,5207.315541601258,0.09604681033252462,0.35565091073283756,0.057195304671894064,1.674377987653137
4,2,700,6910.000000000002,5207.315541601258,0.156272299129442,3.5523598846646975,0.41834521538558567,0.7535912505935248
5,2,595,5860.000000000002,5290.596546310833,0.156272299129442,3.4409043548186764,0.4854691427999013,0.9028321751383671
5,0,496,4870.000000000001,5290.596546310833,0.13757670900528043,3.1300052319800034,0.4678058654434244,1.0863647939036616
5,3,700,6910.000000000002,5290.596546310833,0.15612958470101326,3.7300449643111135,0.44588808603657504,0.7656434944009887
5,4,35,3110.000000000001,5290.596546310833,0.1584130155558727,0.8228346789268715,0.2217418688189151,1.70115644575911
5,1,465,4560.000000000002,5290.596546310833,0.1374339945768517,2.6489648434291753,0.4223866326224913,1.1602185408576384
5,5,700,6910.000000000002,5290.596546310833,0.15812758669901528,3.832443714528011,0.4639915002478172,0.7656434944009887
5,6,440,4310.000000000002,5290.596546310833,0.09604681033252462,0.7013411470664616,0.08268745781750732,1.2275166000721185
6,6,440,4310.000000000002,4785.067789353505,0.09604681033252462,0.3901211988528016,0.04159999912161579,1.1102245450936201
6,5,665,6560.000000000001,4785.067789353505,0.15812758669901528,3.87968204270248,0.44749484108268645,0.7294310654502293
6,0,248,3110.000000000001,4785.067789353505,0.13757670900528043,1.9781503570340209,0.41872792104210566,1.5386070062229915
6,1,620,6110.000000000002,4785.067789353505,0.1374339945768517,3.5917664512586485,0.3865886896023023,0.7831534843459089
6,4,700,6910.000000000002,4785.067789353505,0.1584130155558727,3.844380414180266,0.42172297803098646,0.6924844847110714
6,3,210,3110.000000000001,4785.067789353505,0.15612958470101326,1.8032237597337497,0.43317414946516886,1.5386070062229915
6,2,280,3110.000000000001,4785.067789353505,0.156272299129442,2.1423729089935364,0.5151156864069025,1.5386070062229915
7,5,105,3110.000000000001,4705.3018410161285,0.15812758669901528,1.7546131885581462,0.41977457592312856,1.5129587913235136
7,1,62,3110.000000000001,4705.3018410161285,0.1374339945768517,1.216520691444121,0.25295354430916084,1.5129587913235136
7,3,700,6910.000000000002,4705.3018410161285,0.15612958470101326,4.048842817307884,0.4304528250975095,0.6809409321296855
7,4,700,6910.000000000002,4705.3018410161285,0.1584130155558727,4.221300227500944,0.4553512607395831,0.6809409321296855
7,0,527,5180.000000000002,4705.3018410161285,0.13757670900528043,3.178449417868121,0.39720796570121913,0.908359428767592
7,6,440,4310.000000000002,4705.3018410161285,0.09604681033252462,0.5400529080623047,0.05662777187470393,1.0917173645049016
7,2,280,3110.000000000001,4705.3018410161285,0.156272299129442,2.2107130185856643,0.5226867243807567,1.5129587913235136
8,5,455,4460.000000000002,5187.508206079636,0.15812758669901528,3.3218097975871035,0.6109509474219842,1.16311843185642
8,1,620,6110.000000000002,5187.508206079636,0.1374339945768517,3.5845522793551496,0.418260329168098,0.8490193463305457
8,0,465,4560.000000000002,5187.508206079636,0.13757670900528043,2.9126167519662323,0.45585026699860925,1.137611448701674
8,2,700,6910.000000000002,5187.508206079636,0.156272299129442,4.624393311175563,0.5425222014619656,0.7507247765672409
8,3,350,3410.000000000001,5187.508206079636,0.15612958470101326,2.8193156215186295,0.6696275604093893,1.5212634035424148
8,6,330,3210.000000000001,5187.508206079636,0.09604681033252462,0.4791574943014889,0.07437294796328482,1.6160461701182662
8,4,700,6910.000000000002,5187.508206079636,0.1584130155558727,4.2782646815923755,0.5087908120271427,0.7507247765672409
9,5,700,6910.000000000002,4798.15184815185,0.15812758669901528,4.469591860738981,0.49076259145805273,0.6943779809192255
9,4,700,6910.000000000002,4798.15184815185,0.1584130155558727,4.436968084512752,0.48805987773925774,0.6943779809192255
9,3,280,3110.000000000001,4798.15184815185,0.15612958470101326,2.6470643250258368,0.6376220078557042,1.5428140990841956
9,1,620,6110.000000000002,4798.15184815185,0.1374339945768517,3.7663251092701895,0.4064852143831246,0.7852949014978475
9,0,310,3110.000000000001,4798.15184815185,0.13757670900528043,2.5908178266501096,0.5499147796994922,1.5428140990841956
9,2,315,3110.000000000001,4798.15184815185,0.156272299129442,2.6831371709538945,0.6469019742473786,1.5428140990841956
9,6,396,3870.0000000000014,4798.15184815185,0.09604681033252462,0.5195536745897307,0.06186946926518282,1.2398325189022863
10,5,700,6910.000000000002,4930.879120879123,0.15812758669901528,4.647009469143327,0.524357529967375,0.7135859798667324
10,4,455,4460.000000000002,4930.879120879123,0.1584130155558727,3.5390711659796508,0.6198258068899124,1.105578278224018
10,2,700,6910.000000000002,4930.879120879123,0.156272299129442,4.1739331355761555,0.4654508180763416,0.7135859798667324
10,6,132,3110.000000000001,4930.879120879123,0.09604681033252462,0.47737944034752217,0.07269601836352131,1.5854916787392672
10,3,140,3110.000000000001,4930.879120879123,0.15612958470101326,1.6952516594154903,0.4196462530202912,1.5854916787392672
10,0,124,3110.000000000001,4930.879120879123,0.13757670900528043,1.7688081631138597,0.3858243358702156,1.5854916787392672
10,1,620,6110.000000000002,4930.879120879123,0.1374339945768517,3.9013363124785654,0.4327037963056153,0.8070178593910182
11,2,700,6910.000000000002,4818.933923219639,0.156272299129442,4.4985712641565225,0.4902634650773473,0.697385517108486
11,0,620,6110.000000000002,4818.933923219639,0.13757670900528043,3.9350691211001227,0.4269795181923445,0.7886962231128702
11,3,385,3760.0000000000014,4818.933923219639,0.15612958470101326,3.2143748208199168,0.6431982414771931,1.2816313625584141
11,4,105,3110.000000000001,4818.933923219639,0.1584130155558727,1.765203443725348,0.43328754936156855,1.5494964383342886
11,5,700,6910.000000000002,4818.933923219639,0.15812758669901528,4.306893185634272,0.4749464740952169,0.697385517108486
11,6,264,3110.000000000001,4818.933923219639,0.09604681033252462,0.3788020464496538,0.05637490793155885,1.5494964383342886
11,1,248,3110.000000000001,4818.933923219639,0.1374339945768517,2.1796135517890183,0.46415630203095043,1.5494964383342886
12,2,700,6910.000000000002,5506.550592264879,0.156272299129442,4.309930528986545,0.5367275128257604,0.7968958888950619
12,3,700,6910.000000000002,5506.550592264879,0.15612958470101326,4.482623245704494,0.5577236100111719,0.7968958888950619
12,1,341,3320.0000000000014,5506.550592264879,0.1374339945768517,3.132935973392541,0.7141463800201333,1.6585995759833967
12,6,44,3110.000000000001,5506.550592264879,0.09604681033252462,0.39114565572829296,0.06651823276902194,1.7705950457443336
12,4,560,5510.000000000002,5506.550592264879,0.1584130155558727,3.8475924422436125,0.6091271526039368,0.999373973187818
12,5,700,6910.000000000002,5506.550592264879,0.15812758669901528,4.076853045837291,0.5137292414011146,0.7968958888950619
12,0,465,4560.000000000002,5506.550592264879,0.13757670900528043,3.7675673971852377,0.6259227509646668,1.2075768842686134
13,4,700,6910.000000000002,4661.220208363067,0.1584130155558727,4.090760115211525,0.43713587271555077,0.6745615352189676
13,0,310,3110.000000000001,4661.220208363067,0.13757670900528043,2.5257274210611835,0.520799582356821,1.4987846329141692
13,5,315,3110.000000000001,4661.220208363067,0.15812758669901528,2.875701616392858,0.6815389738515236,1.4987846329141692
13,6,440,4310.000000000002,4661.220208363067,0.09604681033252462,0.5311562423605212,0.055173125508688574,1.0814896075088318
13,1,620,6110.000000000002,4661.220208363067,0.1374339945768517,2.9298932994571816,0.30718809773610983,0.7628838311559846
13,3,490,4810.000000000001,4661.220208363067,0.15612958470101326,3.615551336463701,0.5470339510078627,0.9690686503873319
13,2,420,4110.000000000002,4661.220208363067,0.156272299129442,3.255557303323542,0.5769858259033475,1.1341168390177774
14,6,352,3430.000000000001,4795.608677037249,0.09604681033252462,0.634448258720158,0.08519787716403361,1.3981366405356408
14,2,350,3410.000000000001,4795.608677037249,0.156272299129442,3.118784419562034,0.68541991056974,1.406336855436143
14,3,700,6910.000000000002,4795.608677037249,0.15612958470101326,4.041369830170063,0.4379045820377686,0.6940099387897609
14,0,620,6110.000000000002,4795.608677037249,0.13757670900528043,2.930502176870188,0.31643862724710664,0.7848786705461944
14,5,245,3110.000000000001,4795.608677037249,0.15812758669901528,2.7200477807383447,0.6632351337732229,1.541996359175964
14,1,62,3110.000000000001,4795.608677037249,0.1374339945768517,1.6647979630207337,0.3528085113493786,1.541996359175964
14,4,700,6910.000000000002,4795.608677037249,0.1584130155558727,3.78489103418921,0.41611170463958347,0.6940099387897609
15,6,440,4310.000000000002,4504.018838304553,0.09604681033252462,0.5521451029330015,0.05541905290745446,1.0450159717643972
15,1,403,3940.000000000001,4504.018838304553,0.1374339945768517,2.8129456715183054,0.4419361119195092,1.1431519894173992
15,2,700,6910.000000000002,4504.018838304553,0.156272299129442,2.772958692800555,0.2824538851325314,0.6518116987416139
15,3,280,3110.000000000001,4504.018838304553,0.15612958470101326,2.891046899395177,0.6537025073614414,1.4482375685866726
15,4,70,3110.000000000001,4504.018838304553,0.1584130155558727,1.5885819533039358,0.36445196414506215,1.4482375685866726
15,5,420,4110.000000000002,4504.018838304553,0.15812758669901528,2.982962301939646,0.5169086314899015,1.0958683304877255
15,0,620,6110.000000000002,4504.018838304553,0.13757670900528043,1.9281411036871956,0.19554319973165643,0.7371552926848693
16,1,620,6110.000000000002,4341.01184529756,0.1374339945768517,3.6649988397606252,0.35786380211968966,0.7104765704251325
16,0,310,3110.000000000001,4341.01184529756,0.13757670900528043,2.238163864224613,0.42980095677627955,1.3958237444686685
16,4,700,6910.000000000002,4341.01184529756,0.1584130155558727,4.018491175461921,0.39991418030229725,0.6282216852818465
16,5,210,3110.000000000001,4341.01184529756,0.15812758669901528,2.5135688626160877,0.5547904959027653,1.3958237444686685
16,2,315,3110.000000000001,4341.01184529756,0.156272299129442,2.479183865911937,0.540780870430019,1.3958237444686685
16,3,385,3760.0000000000014,4341.01184529756,0.15612958470101326,3.0427098421593155,0.548464938423243,1.1545244269408401
16,6,440,4310.000000000002,4341.01184529756,0.09604681033252462,0.4358765286923056,0.04216577927198896,1.0071953237349323
17,2,700,6910.000000000002,5001.938061938063,0.156272299129442,2.990181777235135,0.3382515959916514,0.7238694735076789
17,0,620,6110.000000000002,5001.938061938063,0.13757670900528043,2.358319505312545,0.26561014492600554,0.8186478006445272
17,5,700,6910.000000000002,5001.938061938063,0.15812758669901528,2.064307790777979,0.23628837565069605,0.7238694735076789
17,6,242,3110.000000000001,5001.938061938063,0.09604681033252462,0.5101422414709688,0.07880470604620883,1.6083402128418203
17,1,527,5180.000000000002,5001.938061938063,0.1374339945768517,3.9437556122568678,0.5233746869700646,0.9656251084822511
17,4,140,3110.000000000001,5001.938061938063,0.1584130155558727,2.48681541216161,0.6335958619261737,1.6083402128418203
17,3,315,3110.000000000001,5001.938061938063,0.15612958470101326,3.1042085579010243,0.7794962262417021,1.6083402128418203
18,0,620,6110.000000000002,4859.479092336236,0.13757670900528043,2.1502636073373194,0.23528006352599878,0.7953320936720515
18,5,175,3110.000000000001,4859.479092336236,0.15812758669901528,2.2469470345640157,0.5551748796331926,1.562533470204577
18,3,35,3110.000000000001,4859.479092336236,0.15612958470101326,1.6462426523984677,0.4016135740587064,1.562533470204577
18,6,440,4310.000000000002,4859.479092336236,0.09604681033252462,0.4207064579842298,0.04555904093327414,1.1274893485698918
18,1,620,6110.000000000002,4859.479092336236,0.1374339945768517,2.7207310037999504,0.2973913161416529,0.7953320936720515
18,2,630,6210.000000000002,4859.479092336236,0.156272299129442,2.5153989665241827,0.30760047203649216,0.7825248135807141
18,4,525,5160.000000000001,4859.479092336236,0.1584130155558727,3.386128269272515,0.5051661980498268,0.9417595140186502
19,2,700,6910.000000000002,5076.933066933068,0.156272299129442,1.704215402247886,0.1956725380075698,0.7347225856632514
19,3,350,3410.000000000001,5076.933066933068,0.15612958470101326,2.928933313211737,0.680834801445853,1.488836676519961
19,5,700,6910.000000000002,5076.933066933068,0.15812758669901528,2.2679632915708887,0.2634917696560169,0.7347225856632514
19,1,62,3110.000000000001,5076.933066933068,0.1374339945768517,1.5188823830905755,0.34076843782131233,1.6324543623578993
19,0,372,3630.000000000001,5076.933066933068,0.13757670900528043,2.4739260400247014,0.4760213603283474,1.3986041506702664
19,4,700,6910.000000000002,5076.933066933068,0.1584130155558727,3.701785506861633,0.4308494099159502,0.7347225856632514
19,6,374,3650.000000000001,5076.933066933068,0.09604681033252462,0.5682788129074472,0.07591943802326617,1.390940566283032
20,0,496,4870.000000000001,4873.9703153988885,0.13757670900528043,1.6888191409626916,0.2325315987658262,1.0008152598355005
20,4,700,6910.000000000002,4873.9703153988885,0.1584130155558727,3.3524572444231073,0.3745923824612025,0.7053502627205336
20,2,700,6910.000000000002,4873.9703153988885,0.156272299129442,2.197188065416734,0.2421888056530591,0.7053502627205336
20,1,62,3110.000000000001,4873.9703153988885,0.1374339945768517,1.5475958397751273,0.33332985546913935,1.5671930274594492
20,5,210,3110.000000000001,4873.9703153988885,0.15812758669901528,2.363483297404021,0.5857100435254692,1.5671930274594492
20,3,455,4460.000000000002,4873.9703153988885,0.15612958470101326,2.8423405146684964,0.4849638101954525,1.0928184563674634
20,6,440,4310.000000000002,4873.9703153988885,0.09604681033252462,0.6794096868182009,0.07379387071174447,1.1308515812990456
21,1,558,5490.000000000002,5743.800485229058,0.1374339945768517,2.1841627670579675,0.3140553316129787,1.0462295965808845
21,5,700,6910.000000000002,5743.800485229058,0.15812758669901528,2.3477446616182496,0.30858854675754854,0.8312301715237419
21,6,308,3110.000000000001,5743.800485229058,0.09604681033252462,0.6393553092086592,0.11341335020672183,1.8468811849611113
21,2,560,5510.000000000002,5743.800485229058,0.156272299129442,2.7534923155808126,0.4485528470918961,1.0424320299871246
21,4,525,5160.000000000001,5743.800485229058,0.1584130155558727,2.840095856020696,0.5008105900483422,1.11313962892036
21,0,620,6110.000000000002,5743.800485229058,0.13757670900528043,1.9514623851198578,0.25238482380732696,0.9400655458640026
21,3,700,6910.000000000002,5743.800485229058,0.15612958470101326,3.568412923174326,0.46310727842162386,0.8312301715237419
22,4,560,5510.000000000002,5424.191522762953,0.1584130155558727,2.916917657915487,0.45488168135353496,0.984426773641189
22,2,210,3110.000000000001,5424.191522762953,0.156272299129442,2.35391973706062,0.6415762498372701,1.7441130298273158
22,6,220,3110.000000000001,5424.191522762953,0.09604681033252462,0.3671000881426454,0.06149531948305572,1.7441130298273158
22,3,700,6910.000000000002,5424.191522762953,0.15612958470101326,2.2826755769132068,0.27976048032555917,0.7849770655228585
22,5,700,6910.000000000002,5424.191522762953,0.15812758669901528,2.3302696981272617,0.28924828922793705,0.7849770655228585
22,1,558,5490.000000000002,5424.191522762953,0.1374339945768517,2.4461102545649163,0.3321489386962771,0.9880130278256742
22,0,620,6110.000000000002,5424.191522762953,0.13757670900528043,2.6434354723437306,0.3228549395420026,0.8877563867042474
23,3,490,4810.000000000001,5582.009419152278,0.15612958470101326,2.392146690920359,0.43342953407205403,1.1605009187426771
23,2,665,6560.000000000001,5582.009419152278,0.156272299129442,2.586204764433036,0.3438995715442933,0.8509160699927252
23,0,620,6110.000000000002,5582.009419152278,0.13757670900528043,1.9207750258550778,0.24141862467869432,0.9135858296484903
23,1,186,3110.000000000001,5582.009419152278,0.1374339945768517,1.709539560625906,0.4216999027808958,1.7948583341325646
23,6,374,3650.000000000001,5582.009419152278,0.09604681033252462,0.44878369229385146,0.06592007830715677,1.5293176490828153
23,4,700,6910.000000000002,5582.009419152278,0.1584130155558727,1.834456278060684,0.2347527801473928,0.8078161243346275
23,5,700,6910.000000000002,5582.009419152278,0.15812758669901528,2.693321821513002,0.3440395811828298,0.8078161243346275
24,4,700,6910.000000000002,4705.301841016128,0.1584130155558727,3.055142737303515,0.3295579613379264,0.6809409321296854
24,0,527,5180.000000000002,4705.301841016128,0.13757670900528043,1.8814267088103211,0.23512020402820674,0.9083594287675919
24,3,700,6910.000000000002,4705.301841016128,0.15612958470101326,1.9861871654705634,0.21116153803117743,0.6809409321296854
24,5,315,3110.000000000001,4705.301841016128,0.15812758669901528,1.9397213426164897,0.46405994740925494,1.5129587913235132
24,2,35,3110.000000000001,4705.301841016128,0.156272299129442,1.636354067766736,0.38688899934886745,1.5129587913235132
24,1,279,3110.000000000001,4705.301841016128,0.1374339945768517,1.6405519132628912,0.34112319173987926,1.5129587913235132
24,6,440,4310.000000000002,4705.301841016128,0.09604681033252462,0.5311853242656384,0.05569795276842571,1.0917173645049014
25,5,525,5160.000000000001,5041.725417439704,0.15812758669901528,2.2412186418813644,0.3462751745496134,0.9770785692712602
25,2,210,3110.000000000001,5041.725417439704,0.156272299129442,1.4760395701662086,0.3739373125160945,1.6211335747394542
25,0,62,3110.000000000001,5041.725417439704,0.13757670900528043,1.8711050592178318,0.4173129768748135,1.6211335747394542
25,1,620,6110.000000000002,5041.725417439704,0.1374339945768517,1.787024461178284,0.20265748377297726,0.825159642788822
25,3,700,6910.000000000002,5041.725417439704,0.15612958470101326,3.1385219250545235,0.35752919696463675,0.7296274120752102
25,4,700,6910.000000000002,5041.725417439704,0.1584130155558727,2.24641696156679,0.2596464403399337,0.7296274120752102
25,6,242,3110.000000000001,5041.725417439704,0.09604681033252462,0.5117775889351586,0.07968618054593991,1.6211335747394542
26,0,620,6110.000000000002,5339.924361352933,0.13757670900528043,2.2104508979998077,0.265778400655008,0.8739647072590723
26,2,700,6910.000000000002,5339.924361352933,0.156272299129442,1.7831622712274309,0.21534258710791374,0.7727821072869655
26,4,700,6910.000000000002,5339.924361352933,0.1584130155558727,2.2126621819968895,0.27087132517863305,0.7727821072869655
26,6,264,3110.000000000001,5339.924361352933,0.09604681033252462,0.4283661091703844,0.07064359088607934,1.7170174795347048
26,5,560,5510.000000000002,5339.924361352933,0.15812758669901528,1.959439716714983,0.30027768302998065,0.9691332779224922
26,1,496,4870.000000000001,5339.924361352933,0.1374339945768517,4.030962542099143,0.6074479577436607,1.0964937086967006
26,3,210,3110.000000000001,5339.924361352933,0.15612958470101326,2.49693360458346,0.6693710342332372,1.7170174795347048
27,1,620,6110.000000000002,5154.110175538748,0.1374339945768517,1.7126050177409302,0.19854724689662467,0.8435532202191075
27,6,396,3870.0000000000014,5154.110175538748,0.09604681033252462,0.5224982148072996,0.06683600618927532,1.331811414867893
27,4,350,3410.000000000001,5154.110175538748,0.1584130155558727,2.901025799678088,0.6946111834926533,1.511469259688782
27,3,700,6910.000000000002,5154.110175538748,0.15612958470101326,1.276227561103331,0.14862400985680285,0.7458914870533642
27,2,700,6910.000000000002,5154.110175538748,0.156272299129442,2.8342602144058113,0.3303675424277401,0.7458914870533642
27,5,525,5160.000000000001,5154.110175538748,0.15812758669901528,1.9469680101552012,0.3075179387862691,0.99885856115092
27,0,62,3110.000000000001,5154.110175538748,0.13757670900528043,1.8119258486680632,0.41312230707280045,1.6572701529063494
28,3,700,6910.000000000002,4230.850577993436,0.15612958470101326,2.1231624511513125,0.20296355894443516,0.612279389000497
28,6,440,4310.000000000002,4230.850577993436,0.09604681033252462,0.4366677626549614,0.04117034393188364,0.9816358649636738
28,4,245,3110.000000000001,4230.850577993436,0.1584130155558727,1.7535864536897443,0.3779073526327476,1.360402115110429
28,1,620,6110.000000000002,4230.850577993436,0.1374339945768517,1.8298711717756655,0.1741410513518386,0.6924469031085817
28,0,124,3110.000000000001,4230.850577993436,0.13757670900528043,1.587350355748569,0.297087930534024,1.360402115110429
28,2,245,3110.000000000001,4230.850577993436,0.156272299129442,2.3641075887232392,0.5025931176869194,1.360402115110429
28,5,210,3110.000000000001,4230.850577993436,0.15812758669901528,2.1937762890669092,0.47191880081748405,1.360402115110429
29,6,374,3650.000000000001,5023.717710860569,0.09604681033252462,0.7315172872184743,0.09670299034143487,1.3763610166741282
29,3,70,3110.000000000001,5023.717710860569,0.15612958470101326,1.5723811153711917,0.39655904729717534,1.61534331538925
29,5,595,5860.000000000002,5023.717710860569,0.15812758669901528,1.7594657323069225,0.23851520372448468,0.8572897117509501
29,1,620,6110.000000000002,5023.717710860569,0.1374339945768517,2.209715174810983,0.24969766742605176,0.8222123913028753
29,0,620,6110.000000000002,5023.717710860569,0.13757670900528043,1.916958972652892,0.21684117507932033,0.8222123913028753
29,2,140,3110.000000000001,5023.717710860569,0.156272299129442,1.7158557383191604,0.43313932157662705,1.61534331538925
29,4,700,6910.000000000002,5023.717710860569,0.1584130155558727,1.6785046534298624,0.19331279112182426,0.7270213763908202
30,2,700,6910.000000000002,5739.724561153133,0.156272299129442,2.4950265456924123,0.3238695939953901,0.8306403127573273
30,0,527,5180.000000000002,5739.724561153133,0.13757670900528043,1.7435542485810578,0.2657918579790144,1.1080549345855466
30,6,330,3210.000000000001,5739.724561153133,0.09604681033252462,0.4175246155844898,0.07170526597628453,1.788076187275119
30,1,279,3110.000000000001,5739.724561153133,0.1374339945768517,1.7391168772558019,0.441116804025663,1.8455705984415214
30,3,665,6560.000000000001,5739.724561153133,0.15612958470101326,2.5839034134450496,0.35297885718512706,0.8749580123709043
30,4,700,6910.000000000002,5739.724561153133,0.1584130155558727,1.9001632326016904,0.2500315287310188,0.8306403127573273
30,5,700,6910.000000000002,5739.724561153133,0.15812758669901528,1.6889156460569243,0.22183425344245836,0.8306403127573273
31,4,665,6560.000000000001,5129.28071928072,0.1584130155558727,1.651877928655754,0.20460744889182808,0.7819025486708414
31,1,620,6110.000000000002,5129.28071928072,0.1374339945768517,2.111170769216047,0.2435750450939732,0.8394894794240129
31,2,315,3110.000000000001,5129.28071928072,0.156272299129442,1.9723252509319777,0.5083427284944136,1.6492864049134144
31,6,88,3110.000000000001,5129.28071928072,0.09604681033252462,0.5946237123945457,0.09419356838760641,1.6492864049134144
31,0,620,6110.000000000002,5129.28071928072,0.13757670900528043,1.2544532738046619,0.14488207707430506,0.8394894794240129
31,5,700,6910.000000000002,5129.28071928072,0.15812758669901528,1.8798792752731526,0.22065614355723387,0.7422982227613197
31,3,350,3410.000000000001,5129.28071928072,0.15612958470101326,2.26867690931563,0.5327947593996978,1.5041878942172198
32,5,700,6910.000000000002,5390.840587983446,0.15812758669901528,2.479402782799398,0.3058673844713339,0.7801505916039717
32,0,589,5800.000000000002,5390.840587983446,0.13757670900528043,2.384298786469797,0.3048836184453413,0.9294552737902491
32,3,70,3110.000000000001,5390.840587983446,0.15612958470101326,1.174780085672226,0.3179346639382379,1.7333892565863167
32,2,700,6910.000000000002,5390.840587983446,0.156272299129442,2.3379682623009415,0.2850355670999003,0.7801505916039717
32,6,88,3110.000000000001,5390.840587983446,0.09604681033252462,0.8651150130724514,0.14402997854815142,1.7333892565863167
32,1,403,3940.000000000001,5390.840587983446,0.1374339945768517,2.14620069660253,0.4035754770853056,1.368233651772448
32,4,700,6910.000000000002,5390.840587983446,0.1584130155558727,2.225946901833262,0.2750958911805501,0.7801505916039717
33,4,455,4460.000000000002,5277.495361781077,0.1584130155558727,1.5618269157143734,0.2927633889807203,1.1832949241661603
33,6,440,4310.000000000002,5277.495361781077,0.09604681033252462,0.336128795610633,0.039531132491731846,1.2244768820837761
33,0,279,3110.000000000001,5277.495361781077,0.13757670900528043,2.8122692932830162,0.6565522478408483,1.6969438462318571
33,1,558,5490.000000000002,5277.495361781077,0.1374339945768517,2.1198885146917696,0.28006749526921093,0.9612924156249681
33,3,700,6910.000000000002,5277.495361781077,0.15612958470101326,2.5478980583475055,0.30382049380494724,0.7637475197946564
33,2,700,6910.000000000002,5277.495361781077,0.156272299129442,2.141338327101281,0.25557425586121046,0.7637475197946564
33,5,525,5160.000000000001,5277.495361781077,0.15812758669901528,1.80845743553612,0.2924785985511325,1.022770418949821
34,6,374,3650.000000000001,5465.775652918512,0.09604681033252462,0.5434225235769068,0.0781590944424402,1.4974727816215097
34,4,455,4460.000000000002,5465.775652918512,0.1584130155558727,1.504808482037501,0.2921386613195477,1.2255102360803833
34,1,93,3110.000000000001,5465.775652918512,0.1374339945768517,1.3568285109496587,0.32772573276250394,1.7574841327712252
34,2,700,6910.000000000002,5465.775652918512,0.156272299129442,2.967387672621978,0.36680060577622847,0.7909950293659205
34,5,630,6210.000000000002,5465.775652918512,0.15812758669901528,1.7299479758051322,0.24076917653049174,0.8801571099707746
34,0,620,6110.000000000002,5465.775652918512,0.13757670900528043,1.3105260041717006,0.16128766360079028,0.8945622999866628
34,3,700,6910.000000000002,5465.775652918512,0.15612958470101326,2.3319970850739122,0.28799633572876726,0.7909950293659205
35,1,217,3110.000000000001,4619.461966604826,0.1374339945768517,0.9283748682616442,0.18951716524555057,1.4853575455320978
35,5,560,5510.000000000002,4619.461966604826,0.15812758669901528,1.6979087102865869,0.22509288944420933,0.838377852378371
35,4,700,6910.000000000002,4619.461966604826,0.1584130155558727,2.2781946914663607,0.24126540071510774,0.6685183743277604
35,6,440,4310.000000000002,4619.461966604826,0.09604681033252462,0.41605177289721823,0.042829642499298534,1.071800920325945
35,0,620,6110.000000000002,4619.461966604826,0.13757670900528043,1.1488588109389999,0.11949830943372307,0.7560494217029172
35,3,35,3110.000000000001,4619.461966604826,0.15612958470101326,1.586472441625072,0.3679160582659491,1.4853575455320978
35,2,105,3110.000000000001,4619.461966604826,0.156272299129442,1.6086017923768843,0.37338903197081363,1.4853575455320978
36,0,620,6110.000000000002,4725.584415584417,0.13757670900528043,1.7432456697515606,0.18548885776394575,0.7734180712904117
36,4,700,6910.000000000002,4725.584415584417,0.1584130155558727,2.06846662492914,0.22408710057944986,0.6838761817054148
36,2,315,3110.000000000001,4725.584415584417,0.156272299129442,1.2994657623460077,0.3085616723591043,1.5194805194805194
36,1,310,3110.000000000001,4725.584415584417,0.1374339945768517,2.06324737764632,0.4308643958764584,1.5194805194805194
36,6,44,3110.000000000001,4725.584415584417,0.09604681033252462,0.6371276225254742,0.09298320626549399,1.5194805194805194
36,5,700,6910.000000000002,4725.584415584417,0.15812758669901528,2.5307153863506375,0.27367077789979793,0.6838761817054148
36,3,280,3110.000000000001,4725.584415584417,0.15612958470101326,1.2319844248470089,0.2922708875754439,1.5194805194805194
37,4,700,6910.000000000002,4342.310546596263,0.1584130155558727,1.9450933944058533,0.19363067183620633,0.6284096304770277
37,0,62,3110.000000000001,4342.310546596263,0.13757670900528043,1.292637416543561,0.24830309312450966,1.3962413333106949
37,2,210,3110.000000000001,4342.310546596263,0.156272299129442,1.564325060726978,0.34132609716429896,1.3962413333106949
37,6,440,4310.000000000002,4342.310546596263,0.09604681033252462,0.3558675219800925,0.034436175319038316,1.0074966465420558
37,1,620,6110.000000000002,4342.310546596263,0.1374339945768517,2.118911148748224,0.20696008060340293,0.7106891238291754
37,3,35,3110.000000000001,4342.310546596263,0.15612958470101326,1.4992568222791394,0.3268298605535199,1.3962413333106949
37,5,385,3760.0000000000014,4342.310546596263,0.15812758669901528,1.815558507637186,0.3315514459738012,1.1548698262224097
38,2,210,3110.000000000001,4858.250321107465,0.156272299129442,1.2031488306035039,0.2937114342211945,1.5621383669155833
38,0,310,3110.000000000001,4858.250321107465,0.13757670900528043,1.0174815940689124,0.21867089231330927,1.5621383669155833
38,5,700,6910.000000000002,4858.250321107465,0.15812758669901528,1.6770556547170206,0.18644766933981488,0.7030752997261164
38,6,440,4310.000000000002,4858.250321107465,0.09604681033252462,0.5054328698981602,0.05472037269557474,1.1272042508369984
38,4,525,5160.000000000001,4858.250321107465,0.1584130155558727,2.0365182547821963,0.3037451520354747,0.9415213800595862
38,1,403,3940.000000000001,4858.250321107465,0.1374339945768517,1.378380759184788,0.23358612278145663,1.2330584571338743
38,3,700,6910.000000000002,4858.250321107465,0.15612958470101326,1.2643665659798706,0.13879059842442357,0.7030752997261164
39,1,620,6110.000000000002,5077.7351220208375,0.1374339945768517,1.8718062158516944,0.21378827685722554,0.8310532114600386
39,5,455,4460.000000000002,5077.7351220208375,0.15812758669901528,1.8637432479752924,0.33552810930037447,1.1385056327400975
39,3,700,6910.000000000002,5077.7351220208375,0.15612958470101326,2.3537039968639313,0.27004058757405885,0.7348386573112643
39,6,374,3650.000000000001,5077.7351220208375,0.09604681033252462,0.40733522670151173,0.054426711468196304,1.3911603074029688
39,4,385,3760.0000000000014,5077.7351220208375,0.1584130155558727,2.1601376050959407,0.46211969300573785,1.3504614686225627
39,2,700,6910.000000000002,5077.7351220208375,0.156272299129442,1.9270801916077485,0.22129611209971858,0.7348386573112643
39,0,62,3110.000000000001,5077.7351220208375,0.13757670900528043,1.5133401477564798,0.33993127518845406,1.6327122578845132
40,3,700,6910.000000000002,4889.950049950052,0.15612958470101326,2.5175026242448446,0.27815156765900945,0.7076628147539871
40,5,700,6910.000000000002,4889.950049950052,0.15812758669901528,2.5831524993075936,0.28905738164799194,0.7076628147539871
40,1,372,3630.000000000001,4889.950049950052,0.1374339945768517,1.6225005281040294,0.3003840125448644,1.3470936776721902
40,4,210,3110.000000000001,4889.950049950052,0.1584130155558727,1.4347305791043226,0.35735943258951486,1.5723312057717205
40,6,308,3110.000000000001,4889.950049950052,0.09604681033252462,0.548543503416271,0.08283961208240563,1.5723312057717205
40,0,620,6110.000000000002,4889.950049950052,0.13757670900528043,2.0243324963468097,0.22288968779941207,0.8003191571113012
40,2,385,3760.0000000000014,4889.950049950052,0.156272299129442,1.675094905070494,0.3404379740365633,1.3005186303058645
41,2,700,6910.000000000002,5118.622805765664,0.156272299129442,1.7573304937878291,0.20342790509744438,0.7407558329617457
41,3,35,3110.000000000001,5118.622805765664,0.15612958470101326,1.2635677917303738,0.3246956647132363,1.645859423075776
41,4,700,6910.000000000002,5118.622805765664,0.1584130155558727,1.6219243219208106,0.1903253020286506,0.7407558329617457
41,5,35,3110.000000000001,5118.622805765664,0.15812758669901528,1.651014726314029,0.4296861231046705,1.645859423075776
41,1,558,5490.000000000002,5118.622805765664,0.1374339945768517,2.6775658432062603,0.34309557094434745,0.9323538808316325
41,6,396,3870.0000000000014,5118.622805765664,0.09604681033252462,0.4985849538074679,0.06333799003173876,1.3226415518774322
41,0,620,6110.000000000002,5118.622805765664,0.13757670900528043,1.2138944455584648,0.13990645670172758,0.8377451400598467
42,2,525,5160.000000000001,4843.717710860569,0.156272299129442,1.5138429340880675,0.22207104842215739,0.9387049827249163
42,6,440,4310.000000000002,4843.717710860569,0.09604681033252462,0.5192558018361074,0.05604874067037712,1.1238324155128927
42,1,527,5180.000000000002,4843.717710860569,0.1374339945768517,1.6659707366805112,0.21409701055708028,0.9350806391622717
42,4,175,3110.000000000001,4843.717710860569,0.1584130155558727,1.090200606198235,0.2689773535120361,1.557465501884427
42,0,620,6110.000000000002,4843.717710860569,0.13757670900528043,1.8842112963252977,0.20550014569115424,0.792752489502548
42,5,700,6910.000000000002,4843.717710860569,0.15812758669901528,1.1757879380764371,0.13032790704734157,0.7009721723387219
42,3,35,3110.000000000001,4843.717710860569,0.15612958470101326,1.4002370077859714,0.340490651133559,1.557465501884427
43,2,525,5160.000000000001,5290.175538746969,0.156272299129442,1.8717860672377002,0.29988765854858757,1.0252278175866218
43,6,418,4090.0000000000014,5290.175538746969,0.09604681033252462,0.4066176278120592,0.05051448435702808,1.2934414520163735
43,4,700,6910.000000000002,5290.175538746969,0.1584130155558727,2.1350765542914942,0.25893833341684525,0.7655825671124411
43,1,620,6110.000000000002,5290.175538746969,0.1374339945768517,1.4730000167058446,0.17527734824548705,0.8658225104332189
43,0,62,3110.000000000001,5290.175538746969,0.13757670900528043,1.905759633114523,0.4459875487881814,1.7010210735520797
43,3,700,6910.000000000002,5290.175538746969,0.15612958470101326,2.5630507161639193,0.30636167831178085,0.7655825671124411
43,5,420,4110.000000000002,5290.175538746969,0.15812758669901528,1.8933873602359144,0.38536775912061316,1.287147333028459
44,1,620,6110.000000000002,5580.91479948623,0.1374339945768517,1.6829183146291968,0.2112620008116318,0.9134066774936543
44,4,700,6910.000000000002,5580.91479948623,0.1584130155558727,1.3185105922507705,0.1686948519354237,0.8076577133844035
44,6,110,3110.000000000001,5580.91479948623,0.09604681033252462,0.35144995663389306,0.06057472402860735,1.7945063663942855
44,5,525,5160.000000000001,5580.91479948623,0.15812758669901528,1.5147357763741311,0.25905991387734184,1.0815726355593467
44,3,665,6560.000000000001,5580.91479948623,0.15612958470101326,1.854391764891637,0.24631351824424835,0.8507492072387544
44,2,700,6910.000000000002,5580.91479948623,0.156272299129442,1.8558842488497462,0.23423955408329789,0.8076577133844035
44,0,248,3110.000000000001,5580.91479948623,0.13757670900528043,1.463996991987408,0.36143491555492535,1.7945063663942855
45,1,527,5180.000000000002,5049.461966604826,0.1374339945768517,0.8755929491757627,0.11730371622784333,0.9747996074526687
45,3,280,3110.000000000001,5049.461966604826,0.15612958470101326,1.8293372279427391,0.4637283992860942,1.623621211126953
45,5,700,6910.000000000002,5049.461966604826,0.15812758669901528,2.30786430556539,0.26667663787156237,0.7307470284522177
45,6,264,3110.000000000001,5049.461966604826,0.09604681033252462,0.3561383659004313,0.05553751259400281,1.623621211126953
45,2,700,6910.000000000002,5049.461966604826,0.156272299129442,1.551670494994747,0.17719381627987163,0.7307470284522177
45,0,620,6110.000000000002,5049.461966604826,0.13757670900528043,2.6692199683533873,0.3034821671458602,0.8264258537814769
45,4,350,3410.000000000001,5049.461966604826,0.1584130155558727,3.2517455176189975,0.7627779635984996,1.4807806353679838
46,3,350,3410.000000000001,4915.7100042814345,0.15612958470101326,1.7130006303291496,0.38554458040573775,1.4415571860062855
46,4,700,6910.000000000002,4915.7100042814345,0.1584130155558727,1.1549134115245248,0.1301512947736984,0.711390738680381
46,0,186,3110.000000000001,4915.7100042814345,0.13757670900528043,1.8933017842968691,0.41170925130877833,1.5806141492866344
46,5,700,6910.000000000002,4915.7100042814345,0.15812758669901528,1.4250672052158573,0.16030652345665278,0.711390738680381
46,2,420,4110.000000000002,4915.7100042814345,0.156272299129442,1.619857542762398,0.3027633184220126,1.196036497392076
46,6,440,4310.000000000002,4915.7100042814345,0.09604681033252462,0.5596595087186549,0.06130781212018605,1.140535963870402
46,1,527,5180.000000000002,4915.7100042814345,0.1374339945768517,1.7144104793720099,0.22359674493550685,0.9489787653052959
47,2,525,5160.000000000001,5547.906379334952,0.156272299129442,1.527625018669107,0.2566718177173072,1.0751756549098743
47,4,700,6910.000000000002,5547.906379334952,0.1584130155558727,2.509063702999544,0.31911970769920855,0.8028808074290812
47,5,700,6910.000000000002,5547.906379334952,0.15812758669901528,2.4677272864295667,0.31329674480913766,0.8028808074290812
47,1,93,3110.000000000001,5547.906379334952,0.1374339945768517,1.3323097903561922,0.3266390649183765,1.7838927264742608
47,3,595,5860.000000000002,5547.906379334952,0.15612958470101326,1.0956898947805371,0.16195873222307205,0.9467417029581827
47,6,440,4310.000000000002,5547.906379334952,0.09604681033252462,0.43713675843657424,0.05404457771759576,1.2872172573862992
47,0,589,5800.000000000002,5547.906379334952,0.13757670900528043,2.1251682076156846,0.27966579782207956,0.956535582643957
48,0,341,3320.0000000000014,5040.931925217641,0.13757670900528043,1.1000394529065045,0.229787249465584,1.5183529895233852
48,1,310,3110.000000000001,5040.931925217641,0.1374339945768517,1.2433420034513054,0.2769715865389898,1.6208784325458647
48,3,420,4110.000000000002,5040.931925217641,0.15612958470101326,2.474788645381125,0.4739061339491445,1.2265041180578196
48,2,700,6910.000000000002,5040.931925217641,0.156272299129442,1.968488988204795,0.22441287859677242,0.7295125796262865
48,5,595,5860.000000000002,5040.931925217641,0.15812758669901528,1.63459596958732,0.2223470046477336,0.8602272909927713
48,6,440,4310.000000000002,5040.931925217641,0.09604681033252462,0.3917360136912949,0.04400580893334585,1.1695897738323988
48,4,700,6910.000000000002,5040.931925217641,0.1584130155558727,1.6390752716035817,0.1894185661258735,0.7295125796262865
49,4,315,3110.000000000001,4534.289995718568,0.1584130155558727,1.9496449563347567,0.4502931032674332,1.457971059716581
49,6,440,4310.000000000002,4534.289995718568,0.09604681033252462,0.5519711711647483,0.05577394507494678,1.0520394421620805
49,3,630,6210.000000000002,4534.289995718568,0.15612958470101326,1.120352078967891,0.12771956220317954,0.7301594196004133
49,2,210,3110.000000000001,4534.289995718568,0.156272299129442,1.8944306652735254,0.43162801022495084,1.457971059716581
49,1,620,6110.000000000002,4534.289995718568,0.1374339945768517,1.4911992988164229,0.15208904842977344,0.7421096556004201
49,0,620,6110.000000000002,4534.289995718568,0.13757670900528043,2.088176903590363,0.21319660596788534,0.7421096556004201
49,5,175,3110.000000000001,4534.289995718568,0.15812758669901528,2.0238738581941678,0.4665948995647998,1.457971059716581
50,6,352,3430.000000000001,5389.58041958042,0.09604681033252462,0.5793306883825026,0.08743198085398651,1.5713062447756323
50,1,620,6110.000000000002,5389.58041958042,0.1374339945768517,2.287442603011706,0.2773052688983692,0.8820917216989229
50,4,700,6910.000000000002,5389.58041958042,0.1584130155558727,0.8675435133089618,0.1071911764281826,0.7799682228046916
50,5,315,3110.000000000001,5389.58041958042,0.15812758669901528,1.2570559983164826,0.3444743070198352,1.7329840577428999
50,3,700,6910.000000000002,5389.58041958042,0.15612958470101326,2.113941120090489,0.25742753632289245,0.7799682228046916
50,0,434,4250.000000000002,5389.58041958042,0.13757670900528043,2.312183424237496,0.4033975222558233,1.2681365693130395
50,2,630,6210.000000000002,5389.58041958042,0.156272299129442,2.120837455036382,0.28764229335768104,0.8678873461482156
51,5,315,3110.000000000001,5511.017553874697,0.15812758669901528,1.8315680189796426,0.5132182600180363,1.7720313678053683
51,3,700,6910.000000000002,5511.017553874697,0.15612958470101326,1.4857230178534857,0.1850021618025422,0.7975423377532121
51,0,558,5490.000000000002,5511.017553874697,0.13757670900528043,0.6783276936761562,0.09367935986345174,1.0038283340391065
51,2,700,6910.000000000002,5511.017553874697,0.156272299129442,1.4719658393901336,0.18345665890122498,0.7975423377532121
51,1,527,5180.000000000002,5511.017553874697,0.1374339945768517,0.8123881628384345,0.11878450466251922,1.0639030026785126
51,6,242,3110.000000000001,5511.017553874697,0.09604681033252462,0.381268709043922,0.06489115675299736,1.7720313678053683
51,4,700,6910.000000000002,5511.017553874697,0.1584130155558727,1.8193984388416935,0.2298647760071881,0.7975423377532121
52,2,700,6910.000000000002,4231.3928928214655,0.156272299129442,2.1587824930618753,0.20658376776473303,0.6123578716094739
52,0,310,3110.000000000001,4231.3928928214655,0.13757670900528043,1.9308788655761586,0.36142892719522074,1.360576492868638
52,5,280,3110.000000000001,4231.3928928214655,0.15812758669901528,1.131904554712954,0.24352324019969096,1.360576492868638
52,1,620,6110.000000000002,4231.3928928214655,0.1374339945768517,2.0997121241380414,0.19984627954612522,0.6925356616729074
52,3,315,3110.000000000001,4231.3928928214655,0.15612958470101326,2.199378188717524,0.46720564509373347,1.360576492868638
52,6,440,4310.000000000002,4231.3928928214655,0.09604681033252462,0.3945560702245876,0.03720469582358601,0.9817616920699451
52,4,280,3110.000000000001,4231.3928928214655,0.1584130155558727,1.395055993097272,0.30068063841764864,1.360576492868638
53,4,700,6910.000000000002,5183.343799058086,0.1584130155558727,2.3713003166656805,0.2817794964849873,0.7501221127435723
53,1,279,3110.000000000001,5183.343799058086,0.1374339945768517,1.8876684821839873,0.43238390626823536,1.6666700318514742
53,6,440,4310.000000000002,5183.343799058086,0.09604681033252462,0.5475314991297009,0.06324479671936813,1.2026319719392307
53,0,558,5490.000000000002,5183.343799058086,0.13757670900528043,1.1469160408408898,0.14897528136689983,0.9441427684987403
53,3,140,3110.000000000001,5183.343799058086,0.15612958470101326,1.3651411223565098,0.355232244738172,1.6666700318514742
53,5,595,5860.000000000002,5183.343799058086,0.15812758669901528,1.5101235192610862,0.21121877226493851,0.8845296585423352
53,2,700,6910.000000000002,5183.343799058086,0.156272299129442,1.7290890944727348,0.2026895420738112,0.7501221127435723
54,6,440,4310.000000000002,4633.290994719568,0.09604681033252462,0.3821483299169808,0.03945728688724065,1.075009511535862
54,1,279,3110.000000000001,4633.290994719568,0.1374339945768517,0.8033711936516974,0.16449004251769672,1.48980417836642
54,4,455,4460.000000000002,4633.290994719568,0.1584130155558727,1.6725553870973369,0.2752492143558122,1.038854483120979
54,5,700,6910.000000000002,4633.290994719568,0.15812758669901528,1.420353134846202,0.15059671779568606,0.6705196808566666
54,3,700,6910.000000000002,4633.290994719568,0.15612958470101326,2.566885375839035,0.2687219917690222,0.6705196808566666
54,2,105,3110.000000000001,4633.290994719568,0.156272299129442,1.2694332604218252,0.29554326219629634,1.48980417836642
54,0,310,3110.000000000001,4633.290994719568,0.13757670900528043,1.8781092822672043,0.38494170317240234,1.48980417836642
55,3,315,3110.000000000001,4730.151277294135,0.15612958470101326,1.5069715675415876,0.3578531992879764,1.5209489637601716
55,2,315,3110.000000000001,4730.151277294135,0.156272299129442,1.7619484466487918,0.4187837679779663,1.5209489637601716
55,6,440,4310.000000000002,4730.151277294135,0.09604681033252462,0.47958220800460105,0.05055263175673578,1.097482894963836
55,4,700,6910.000000000002,4730.151277294135,0.1584130155558727,1.4018631360992504,0.15201745579685327,0.6845370878862712
55,5,630,6210.000000000002,4730.151277294135,0.15812758669901528,1.5920895575707046,0.19176024103283815,0.7616990784692647
55,0,620,6110.000000000002,4730.151277294135,0.13757670900528043,0.8465113449541287,0.09015950515871578,0.7741655118321005
55,1,248,3110.000000000001,4730.151277294135,0.1374339945768517,3.967884083251886,0.8294071735274674,1.5209489637601716
56,1,620,6110.000000000002,5522.49607535322,0.1374339945768517,1.7939860874788314,0.22284733563440381,0.9038455115144383
56,3,700,6910.000000000002,5522.49607535322,0.15612958470101326,0.9773762414002046,0.12195633112515071,0.7992034841321589
56,6,308,3110.000000000001,5522.49607535322,0.09604681033252462,0.4878105709404553,0.08319729014479792,1.7757222107245074
56,2,245,3110.000000000001,5522.49607535322,0.156272299129442,0.820762914444396,0.22775858369132188,1.7757222107245074
56,5,595,5860.000000000002,5522.49607535322,0.15812758669901528,2.113540574799356,0.31496045735365524,0.9424054736097641
56,4,700,6910.000000000002,5522.49607535322,0.1584130155558727,2.0613140098079423,0.2609710811712747,0.7992034841321589
56,0,589,5800.000000000002,5522.49607535322,0.13757670900528043,1.8691179733921877,0.24484376687900813,0.9521544957505548
57,1,620,6110.000000000002,4976.895961181676,0.1374339945768517,1.7689464910447925,0.19802782508337377,0.8145492571492102
57,6,330,3210.000000000001,4976.895961181676,0.09604681033252462,0.3340651990281307,0.049747093533752805,1.550434878872796
57,0,496,4870.000000000001,4976.895961181676,0.13757670900528043,1.824994278277285,0.25658781269300723,1.021949889359687
57,5,700,6910.000000000002,4976.895961181676,0.15812758669901528,1.4642900739756342,0.166768981391275,0.7202454357715883
57,3,35,3110.000000000001,4976.895961181676,0.15612958470101326,1.6045935194909338,0.4009114054114481,1.6002880904121142
57,2,105,3110.000000000001,4976.895961181676,0.156272299129442,2.0556159857226493,0.5140698829102215,1.6002880904121142
57,4,700,6910.000000000002,4976.895961181676,0.1584130155558727,1.6662359492171441,0.19011127578847278,0.7202454357715883
58,6,22,3110.000000000001,5106.175253318112,0.09604681033252462,0.4974055468023617,0.07843843105104552,1.6418569946360482
58,5,700,6910.000000000002,5106.175253318112,0.15812758669901528,2.2192931614749307,0.25932237292679194,0.7389544505525485
58,0,465,4560.000000000002,5106.175253318112,0.13757670900528043,1.8666407343025984,0.287565332983293,1.1197752748504626
58,3,70,3110.000000000001,5106.175253318112,0.15612958470101326,0.838672766065513,0.21498743219779,1.6418569946360482
58,1,31,3110.000000000001,5106.175253318112,0.1374339945768517,1.6169565818494929,0.3648613457109872,1.6418569946360482
58,2,700,6910.000000000002,5106.175253318112,0.156272299129442,0.8078493583333075,0.09328891782424402,0.7389544505525485
58,4,700,6910.000000000002,5106.175253318112,0.1584130155558727,1.9328339245772679,0.22625754475914175,0.7389544505525485
59,4,35,3110.000000000001,5104.611103182533,0.1584130155558727,1.454516754528721,0.37819158499630307,1.6413540524702674
59,3,665,6560.000000000001,5104.611103182533,0.15612958470101326,1.7614662943172006,0.21400226171510522,0.7781419364607519
59,1,558,5490.000000000002,5104.611103182533,0.1374339945768517,0.6741063784280186,0.08614159768412658,0.9298016581388946
59,5,700,6910.000000000002,5104.611103182533,0.15812758669901528,1.756544526904935,0.20518774544378446,0.7387280901856051
59,2,245,3110.000000000001,5104.611103182533,0.156272299129442,2.274771390249755,0.5834747020998567,1.6413540524702674
59,6,440,4310.000000000002,5104.611103182533,0.09604681033252462,0.3762884624788135,0.042804481411257804,1.1843645251003552
59,0,620,6110.000000000002,5104.611103182533,0.13757670900528043,0.6373409266398752,0.07325515209820721,0.8354518990478775
60,3,700,6910.000000000002,5070.117025831313,0.15612958470101326,2.5334748899640958,0.2902296278559282,0.733736183188323
60,4,525,5160.000000000001,5070.117025831313,0.1584130155558727,1.9605578262908527,0.3051678651602144,0.9825808189595566
60,5,700,6910.000000000002,5070.117025831313,0.15812758669901528,2.2976955158832224,0.2665876681107483,0.733736183188323
60,0,341,3320.0000000000014,5070.117025831313,0.13757670900528043,1.7965330008219351,0.3774505091705818,1.5271436824793105
60,1,620,6110.000000000002,5070.117025831313,0.1374339945768517,1.9438305072599598,0.22168144150990562,0.829806387206434
60,6,198,3110.000000000001,5070.117025831313,0.09604681033252462,0.6324435606885516,0.09902898241373342,1.6302627092705182
60,2,140,3110.000000000001,5070.117025831313,0.156272299129442,1.9126929671615864,0.4872870358811229,1.6302627092705182
61,3,420,4110.000000000002,5309.086627658058,0.15612958470101326,1.7883866744999686,0.3606821248916044,1.2917485712063397
61,4,700,6910.000000000002,5309.086627658058,0.1584130155558727,1.770333674661665,0.21547046856160756,0.7683193383007318
61,6,22,3110.000000000001,5309.086627658058,0.09604681033252462,0.24625006135743185,0.04037557467603406,1.7071018095363526
61,1,620,6110.000000000002,5309.086627658058,0.1374339945768517,1.0281568535027497,0.12278127697390225,0.8689176150013186
61,0,279,3110.000000000001,5309.086627658058,0.13757670900528043,0.8043950938539833,0.18891817964456806,1.7071018095363526
61,2,700,6910.000000000002,5309.086627658058,0.156272299129442,2.181741510298068,0.2619552221951361,0.7683193383007318
61,5,595,5860.000000000002,5309.086627658058,0.15812758669901528,1.6334612215176656,0.23401229043450059,0.9059874791225353
62,6,440,4310.000000000002,4387.950620807765,0.09604681033252462,0.5014392230355468,0.049032688894165025,1.0180859909066735
62,2,700,6910.000000000002,4387.950620807765,0.156272299129442,1.2325805697217633,0.12231536151126704,0.6350145616219629
62,1,31,3110.000000000001,4387.950620807765,0.1374339945768517,0.8910796402658043,0.17278738545092184,1.4109165983304706
62,3,420,4110.000000000002,4387.950620807765,0.15612958470101326,1.033389587101943,0.17225395228354237,1.0676278882743948
62,5,105,3110.000000000001,4387.950620807765,0.15812758669901528,1.443192905904448,0.3219833176382153,1.4109165983304706
62,4,280,3110.000000000001,4387.950620807765,0.1584130155558727,1.3558256945434106,0.3030372833352936,1.4109165983304706
62,0,620,6110.000000000002,4387.950620807765,0.13757670900528043,0.9077824325725286,0.08969065834741989,0.7181588577426781
63,1,620,6110.000000000002,5558.95104895105,0.1374339945768517,1.446720859404404,0.18089666173632848,0.9098119556384695
63,5,525,5160.000000000001,5558.95104895105,0.15812758669901528,1.4042462283969426,0.2392181112663824,1.0773160947579552
63,6,440,4310.000000000002,5558.95104895105,0.09604681033252462,0.29128887119923264,0.03608464348762933,1.2897798257427024
63,0,620,6110.000000000002,5558.95104895105,0.13757670900528043,1.4129985372809755,0.17686352160229152,0.9098119556384695
63,4,560,5510.000000000002,5558.95104895105,0.1584130155558727,1.9365253970258385,0.30949619151136687,1.0088840379221504
63,3,665,6560.000000000001,5558.95104895105,0.15612958470101326,1.5397906059261348,0.2037210381245931,0.847401074535221
63,2,490,4810.000000000001,5558.95104895105,0.156272299129442,1.6416700577464727,0.29649382459084445,1.155707078784002
64,4,700,6910.000000000002,5633.928928214644,0.1584130155558727,2.1207230595758997,0.27391015689757714,0.8153298014782405
64,1,589,5800.000000000002,5633.928928214644,0.1374339945768517,1.268285711618183,0.16931469004418429,0.9713670565887313
64,2,280,3110.000000000001,5633.928928214644,0.156272299129442,1.068523542250507,0.30249421392590164,1.8115527100368625
64,5,700,6910.000000000002,5633.928928214644,0.15812758669901528,2.112797678847179,0.27239483638653333,0.8153298014782405
64,6,44,3110.000000000001,5633.928928214644,0.09604681033252462,0.7069063579993424,0.12299736556752477,1.8115527100368625
64,0,620,6110.000000000002,5633.928928214644,0.13757670900528043,4.5353990913838285,0.5753479618542716,0.9220832943068153
64,3,665,6560.000000000001,5633.928928214644,0.15612958470101326,1.2422261801139682,0.16656870413152716,0.8588306293010126
65,4,700,6910.000000000002,4718.106179534752,0.1584130155558727,1.449707889904693,0.15680540437041507,0.6827939478342621
65,2,700,6910.000000000002,4718.106179534752,0.156272299129442,2.0689539294051125,0.22076106712909518,0.6827939478342621
65,5,105,3110.000000000001,4718.106179534752,0.15812758669901528,1.7694588431369667,0.4244782378888233,1.5170759419725888
65,6,198,3110.000000000001,4718.106179534752,0.09604681033252462,0.22383176452834105,0.03261459473601296,1.5170759419725888
65,3,245,3110.000000000001,4718.106179534752,0.15612958470101326,2.1752059917206292,0.5152202412855927,1.5170759419725888
65,0,279,3110.000000000001,4718.106179534752,0.13757670900528043,1.7116731988668548,0.35725069990315994,1.5170759419725888
65,1,620,6110.000000000002,4718.106179534752,0.1374339945768517,1.4805109497368714,0.157120297751628,0.7721941374033963
66,4,490,4810.000000000001,5312.055087769375,0.1584130155558727,1.6868475889513328,0.29511018598479855,1.10437735712461
66,2,490,4810.000000000001,5312.055087769375,0.156272299129442,1.4386366750807889,0.24828508022715035,1.10437735712461
66,3,665,6560.000000000001,5312.055087769375,0.15612958470101326,0.8683496679508214,0.10978388056045657,0.8097644950867948
66,0,279,3110.000000000001,5312.055087769375,0.13757670900528043,0.8618561671156146,0.2025265157306471,1.7080562983181264
66,5,700,6910.000000000002,5312.055087769375,0.15812758669901528,1.5448103250693244,0.18778778058804677,0.7687489273182885
66,6,440,4310.000000000002,5312.055087769375,0.09604681033252462,0.5935396615256079,0.0702615928960801,1.232495379992894
66,1,620,6110.000000000002,5312.055087769375,0.1374339945768517,2.074592617550631,0.24788392129618317,0.8694034513534162
67,0,620,6110.000000000002,5250.328243185389,0.13757670900528043,1.0051452063422195,0.11882804929015255,0.8593008581318146
67,4,560,5510.000000000002,5250.328243185389,0.1584130155558727,1.2971967404028768,0.19580851189895981,0.9528726394165856
67,1,620,6110.000000000002,5250.328243185389,0.1374339945768517,1.4637760327599318,0.1728677769407802,0.8593008581318146
67,3,700,6910.000000000002,5250.328243185389,0.15612958470101326,2.0137246196335687,0.2388876469290293,0.7598159541512861
67,5,490,4810.000000000001,5250.328243185389,0.15812758669901528,0.9919578261512911,0.17121516568627462,1.0915443333025754
67,6,396,3870.0000000000014,5250.328243185389,0.09604681033252462,0.4097298864981255,0.053389527930227866,1.3566739646473867
67,2,210,3110.000000000001,5250.328243185389,0.156272299129442,1.6583192971927407,0.4374981519760018,1.6882084383232756
68,1,558,5490.000000000002,5722.350506636223,0.1374339945768517,1.6263642644209961,0.23297756619395707,1.0423224966550495
68,0,186,3110.000000000001,5722.350506636223,0.13757670900528043,1.642121787144004,0.4156849934062025,1.8399840857351195
68,3,630,6210.000000000002,5722.350506636223,0.15612958470101326,0.7789783344385124,0.11207104951652326,0.9214735115356234
68,4,700,6910.000000000002,5722.350506636223,0.1584130155558727,1.9637742291073252,0.2576195552408129,0.8281259778055313
68,2,700,6910.000000000002,5722.350506636223,0.156272299129442,0.6217199772107198,0.08045874099236502,0.8281259778055313
68,5,630,6210.000000000002,5722.350506636223,0.15812758669901528,1.9861226647736405,0.28939869334728097,0.9214735115356234
68,6,440,4310.000000000002,5722.350506636223,0.09604681033252462,0.5013386729118356,0.06393097670682517,1.3276915328622323
69,0,620,6110.000000000002,4665.956900242616,0.13757670900528043,0.4554314809294257,0.04784840619360236,0.7636590671428175
69,5,210,3110.000000000001,4665.956900242616,0.15812758669901528,1.5060474350857334,0.3572947439968719,1.5003076849654708
69,3,525,5160.000000000001,4665.956900242616,0.15612958470101326,2.8123318996676643,0.39704780434768094,0.904255213225313
69,2,700,6910.000000000002,4665.956900242616,0.156272299129442,2.3107111910260194,0.243831800094222,0.6752470188484248
69,4,140,3110.000000000001,4665.956900242616,0.1584130155558727,1.3363494435218342,0.3176078531904957,1.5003076849654708
69,6,440,4310.000000000002,4665.956900242616,0.09604681033252462,0.37216444587899183,0.03869735491079806,1.082588607944922
69,1,403,3940.000000000001,4665.956900242616,0.1374339945768517,0.4035373246505879,0.06567837228666464,1.1842530203661459
70,2,700,6910.000000000002,5297.02012273441,0.156272299129442,1.5985462741019896,0.1914964774782626,0.7665731002509998
70,0,620,6110.000000000002,5297.02012273441,0.13757670900528043,3.444899377918442,0.41087703687256344,0.866942736945075
70,4,700,6910.000000000002,5297.02012273441,0.1584130155558727,2.3056028987734742,0.27998124873514,0.7665731002509998
70,1,465,4560.000000000002,5297.02012273441,0.1374339945768517,1.5942298401913473,0.25451412136229085,1.1616272198978963
70,5,455,4460.000000000002,5297.02012273441,0.15812758669901528,1.4998459559706887,0.2816767903600131,1.1876726732588359
70,6,330,3210.000000000001,5297.02012273441,0.09604681033252462,0.5164269032854671,0.08184994574514547,1.6501620320044885
70,3,420,4110.000000000002,5297.02012273441,0.15612958470101326,1.237934780708468,0.24909945097606054,1.2888126819305128
71,5,700,6910.000000000002,4798.15184815185,0.15812758669901528,1.7808909223293017,0.19554238314769698,0.6943779809192255
71,3,70,3110.000000000001,4798.15184815185,0.15612958470101326,1.335971670514943,0.32180741923744627,1.5428140990841956
71,0,310,3110.000000000001,4798.15184815185,0.13757670900528043,0.6898359559883579,0.14642132837900915,1.5428140990841956
71,4,700,6910.000000000002,4798.15184815185,0.1584130155558727,1.831781991439353,0.20149328950718426,0.6943779809192255
71,6,396,3870.0000000000014,4798.15184815185,0.09604681033252462,0.46959644091173297,0.05592046402322177,1.2398325189022863
71,2,70,3110.000000000001,4798.15184815185,0.156272299129442,2.0005396552830903,0.48232832319292535,1.5428140990841956
71,1,620,6110.000000000002,4798.15184815185,0.1374339945768517,1.1695362111450485,0.12622361684762837,0.7852949014978475
72,0,620,6110.000000000002,4857.445411731128,0.13757670900528043,1.4361514658595207,0.15707674051102535,0.7949992490558309
72,1,465,4560.000000000002,4857.445411731128,0.1374339945768517,1.2807722963343873,0.187503414451233,1.0652292569585802
72,2,700,6910.000000000002,4857.445411731128,0.156272299129442,1.0799233942910154,0.11863281406620868,0.7029588150117405
72,4,105,3110.000000000001,4857.445411731128,0.1584130155558727,1.4528513792629079,0.35946746663542767,1.5618795536112946
72,6,440,4310.000000000002,4857.445411731128,0.09604681033252462,0.5348630693942011,0.05789702088598519,1.1270174969213749
72,3,350,3410.000000000001,4857.445411731128,0.15612958470101326,0.9015467279771934,0.20050582575772724,1.4244707952290694
72,5,560,5510.000000000002,4857.445411731128,0.15812758669901528,1.2596540191525465,0.17559625503759763,0.8815690402415838
73,4,630,6210.000000000002,5423.390894819468,0.1584130155558727,1.2458032135340091,0.17235330493222134,0.873331867120687
73,2,700,6910.000000000002,5423.390894819468,0.156272299129442,1.5257246361974979,0.1871332761604945,0.784861200408027
73,6,440,4310.000000000002,5423.390894819468,0.09604681033252462,0.4369082650023164,0.05280400269699673,1.2583273537864188
73,1,403,3940.000000000001,5423.390894819468,0.1374339945768517,1.834301801574023,0.34700812851087354,1.3764951509694077
73,0,496,4870.000000000001,5423.390894819468,0.13757670900528043,1.8027140909875077,0.27619366706310766,1.113632627272991
73,3,420,4110.000000000002,5423.390894819468,0.15612958470101326,1.449756341496891,0.29868217650774787,1.3195598284232275
73,5,700,6910.000000000002,5423.390894819468,0.15812758669901528,1.503958180379153,0.18665355394319486,0.784861200408027
74,3,700,6910.000000000002,4838.425859854432,0.15612958470101326,2.808323742693218,0.3070141692940533,0.7002063473016542
74,2,315,3110.000000000001,4838.425859854432,0.156272299129442,1.686487350271638,0.41002354047511874,1.5557639420753797
74,0,620,6110.000000000002,4838.425859854432,0.13757670900528043,1.0760049211560487,0.11722548937061023,0.7918863927748659
74,4,700,6910.000000000002,4838.425859854432,0.1584130155558727,1.5645322609159384,0.17354073295464795,0.7002063473016542
74,5,350,3410.000000000001,4838.425859854432,0.15812758669901528,1.6317643902896066,0.36611270981506344,1.4188932140335575
74,6,396,3870.0000000000014,4838.425859854432,0.09604681033252462,0.4546724513776326,0.05459774596022357,1.2502392402724627
74,1,186,3110.000000000001,4838.425859854432,0.1374339945768517,0.8833986873948078,0.18888376064300216,1.5557639420753797
75,2,700,6910.000000000002,4876.233766233769,0.156272299129442,1.3409618232339555,0.1478784485566898,0.7056778243464208
75,0,279,3110.000000000001,4876.233766233769,0.13757670900528043,1.0478055118348581,0.22602148476391823,1.567920825155552
75,4,700,6910.000000000002,4876.233766233769,0.1584130155558727,1.787187656025896,0.19978712051541003,0.7056778243464208
75,1,620,6110.000000000002,4876.233766233769,0.1374339945768517,0.8666938171748696,0.09506117438818491,0.7980742661593727
75,3,140,3110.000000000001,4876.233766233769,0.15612958470101326,1.3124820054521078,0.321294055755012,1.567920825155552
75,5,420,4110.000000000002,4876.233766233769,0.15812758669901528,1.2682497639691706,0.23793324555102868,1.1864315732928872
75,6,66,3110.000000000001,4876.233766233769,0.09604681033252462,0.45764134392584727,0.0689179463234526,1.567920825155552
76,2,700,6910.000000000002,5054.823747680892,0.156272299129442,1.36236734236785,0.15574144360531283,0.7315229736151795
76,6,440,4310.000000000002,5054.823747680892,0.09604681033252462,0.2968902535760487,0.03344318523861308,1.1728129344967262
76,0,527,5180.000000000002,5054.823747680892,0.13757670900528043,2.1935830888796812,0.29449319456422574,0.9758347003244962
76,5,140,3110.000000000001,5054.823747680892,0.15812758669901528,1.3371199190937204,0.34365576163613853,1.6253452564890323
76,3,665,6560.000000000001,5054.823747680892,0.15612958470101326,1.1995633265651982,0.1443146971022428,0.7705524005611114
76,4,70,3110.000000000001,5054.823747680892,0.1584130155558727,1.6070746807067495,0.4137829088215326,1.6253452564890323
76,1,620,6110.000000000002,5054.823747680892,0.1374339945768517,1.5110700830465003,0.17180807972496107,0.8273033956924534
77,2,700,6910.000000000002,5152.670186955902,0.156272299129442,2.347178214749726,0.2735157659297814,0.7456830950732128
77,6,154,3110.000000000001,5152.670186955902,0.09604681033252462,0.45970965272923164,0.07315407539590597,1.6568071340694213
77,4,700,6910.000000000002,5152.670186955902,0.1584130155558727,0.9344907370740408,0.11038756659110416,0.7456830950732128
77,5,140,3110.000000000001,5152.670186955902,0.15812758669901528,1.8602659604157783,0.4873653376976693,1.6568071340694213
77,1,403,3940.000000000001,5152.670186955902,0.1374339945768517,2.5092671619179887,0.45100067918877135,1.307784311410127
77,3,525,5160.000000000001,5152.670186955902,0.15612958470101326,1.6811151378964235,0.26209896542980277,0.9985794935961049
77,0,620,6110.000000000002,5152.670186955902,0.13757670900528043,0.8428247916550025,0.09778525057882682,0.8433175428733061
78,1,310,3110.000000000001,4709.634651063224,0.1374339945768517,1.8554392407847584,0.3861604003030809,1.5143519778338337
78,6,440,4310.000000000002,4709.634651063224,0.09604681033252462,0.2909744750894794,0.03053850609506899,1.092722656859216
78,2,700,6910.000000000002,4709.634651063224,0.156272299129442,1.3151672760378479,0.14007872065527288,0.6815679668687732
78,4,350,3410.000000000001,4709.634651063224,0.1584130155558727,1.5155544101342155,0.3315852726138194,1.3811245311035842
78,5,700,6910.000000000002,4709.634651063224,0.15812758669901528,1.4371104576174079,0.1548841452351473,0.6815679668687732
78,3,280,3110.000000000001,4709.634651063224,0.15612958470101326,1.5119825055139862,0.35748580351887177,1.5143519778338337
78,0,496,4870.000000000001,4709.634651063224,0.13757670900528043,1.4571936018056149,0.19387438314334476,0.9670707702388548
79,6,440,4310.000000000002,4852.78578564293,0.09604681033252462,0.3742914168568655,0.04047684610277701,1.1259363771793336
79,2,350,3410.000000000001,4852.78578564293,0.156272299129442,1.9684972841324444,0.43777762770403145,1.4231043359656683
79,0,620,6110.000000000002,4852.78578564293,0.13757670900528043,1.03297779318269,0.11287189390881869,0.7942366261281388
79,5,630,6210.000000000002,4852.78578564293,0.15812758669901528,1.0187266550776477,0.12588234751647578,0.7814469864159306
79,4,105,3110.000000000001,4852.78578564293,0.1584130155558727,1.079469961941104,0.26682846326587034,1.5603812815572118
79,3,490,4810.000000000001,4852.78578564293,0.15612958470101326,1.8776733072004113,0.29576806593400823,1.0088951737303387
79,1,620,6110.000000000002,4852.78578564293,0.1374339945768517,0.8418209201054435,0.09188905695950529,0.7942366261281388
80,2,420,4110.000000000002,5266.272299129443,0.156272299129442,1.4129408419827032,0.28292248877310183,1.2813314596421996
80,6,440,4310.000000000002,5266.272299129443,0.09604681033252462,0.6600782545251163,0.07746480167540852,1.2218729232318888
80,4,630,6210.000000000002,5266.272299129443,0.1584130155558727,1.9211225735122335,0.25808195938528716,0.8480309660433883
80,0,465,4560.000000000002,5266.272299129443,0.13757670900528043,2.355062058123643,0.37418445428531144,1.1548842761248774
80,5,700,6910.000000000002,5266.272299129443,0.15812758669901528,2.0337655357122353,0.24509462666420218,0.7621233428552014
80,3,700,6910.000000000002,5266.272299129443,0.15612958470101326,0.794098452382391,0.09448977565175906,0.7621233428552014
80,1,124,3110.000000000001,5266.272299129443,0.1374339945768517,1.5245620161070248,0.35479883650210015,1.6933351444146114
81,1,620,6110.000000000002,4826.7332667332685,0.1374339945768517,0.47451292444548837,0.05151744367750647,0.7899727114129733
81,2,385,3760.0000000000014,4826.7332667332685,0.156272299129442,1.9701436517985045,0.3952258571707634,1.2837056560460816
81,3,210,3110.000000000001,4826.7332667332685,0.15612958470101326,2.5378960073041985,0.6149671785286551,1.5520042658306326
81,0,310,3110.000000000001,4826.7332667332685,0.13757670900528043,0.48276135581981644,0.10307903054096698,1.5520042658306326
81,4,700,6910.000000000002,4826.7332667332685,0.1584130155558727,1.4938505580645152,0.16530015744836593,0.6985142209454801
81,5,700,6910.000000000002,4826.7332667332685,0.15812758669901528,1.611905825579727,0.1780420392932029,0.6985142209454801
81,6,132,3110.000000000001,4826.7332667332685,0.09604681033252462,0.27126196235612227,0.04043568051950582,1.5520042658306326
82,1,620,6110.000000000002,4584.439845868419,0.1374339945768517,1.4892128521227341,0.1535663328706723,0.7503174870488408
82,4,700,6910.000000000002,4584.439845868419,0.1584130155558727,1.7041496252158883,0.17910463124077097,0.6634500500533166
82,6,110,3110.000000000001,4584.439845868419,0.09604681033252462,0.5571069421786079,0.07887645917526942,1.4740964134625136
82,2,245,3110.000000000001,4584.439845868419,0.156272299129442,0.7357010843068285,0.16947642230399745,1.4740964134625136
82,5,350,3410.000000000001,4584.439845868419,0.15812758669901528,2.0109273307746935,0.4274998032400382,1.3444105119848733
82,3,140,3110.000000000001,4584.439845868419,0.15612958470101326,0.625067699540699,0.14385936908038305,1.4740964134625136
82,0,620,6110.000000000002,4584.439845868419,0.13757670900528043,1.7534913516048527,0.18100626750622228,0.7503174870488408
83,6,440,4310.000000000002,4528.124732410448,0.09604681033252462,0.37734353364310835,0.038076846231525734,1.0506089866381545
83,0,620,6110.000000000002,4528.124732410448,0.13757670900528043,1.0942734893677242,0.11157013677421239,0.7411006108691401
83,2,560,5510.000000000002,4528.124732410448,0.156272299129442,2.0248812973814805,0.26004490753583814,0.8218012218530756
83,1,620,6110.000000000002,4528.124732410448,0.1374339945768517,1.088500600483734,0.11086641742996634,0.7411006108691401
83,5,385,3760.0000000000014,4528.124732410448,0.15812758669901528,1.0114965406097518,0.19262053343803417,1.2042884926623527
83,4,175,3110.000000000001,4528.124732410448,0.1584130155558727,1.1875850583344765,0.273913589152182,1.4559886599390504
83,3,105,3110.000000000001,4528.124732410448,0.15612958470101326,1.3376814772024959,0.3040856391024093,1.4559886599390504
84,5,700,6910.000000000002,5390.5908377336955,0.15812758669901528,2.106479394207851,0.2598502742388718,0.7801144482972061
84,2,630,6210.000000000002,5390.5908377336955,0.156272299129442,0.7416070338014528,0.10060060917600518,0.8680500543854579
84,0,124,3110.000000000001,5390.5908377336955,0.13757670900528043,1.3601488484500908,0.32434509483508533,1.733308951039773
84,6,308,3110.000000000001,5390.5908377336955,0.09604681033252462,0.5909181504977062,0.09837534226969626,1.733308951039773
84,3,700,6910.000000000002,5390.5908377336955,0.15612958470101326,0.684799087028383,0.08340780622190747,0.7801144482972061
84,1,217,3110.000000000001,5390.5908377336955,0.1374339945768517,1.0193436927171509,0.24282354182131982,1.733308951039773
84,4,700,6910.000000000002,5390.5908377336955,0.1584130155558727,2.221058984354173,0.27447909614366484,0.7801144482972061
85,0,558,5490.000000000002,4723.2324818039115,0.13757670900528043,0.4385259080918576,0.0519047556642261,0.8603337853923333
85,6,440,4310.000000000002,4723.2324818039115,0.09604681033252462,0.3045184454283083,0.032052256023207666,1.095877605986986
85,1,620,6110.000000000002,4723.2324818039115,0.1374339945768517,0.3755459833007137,0.039898392938080236,0.7730331394114419
85,3,210,3110.000000000001,4723.2324818039115,0.15612958470101326,2.1518952268709053,0.5102526397670784,1.5187242706764985
85,2,420,4110.000000000002,4723.2324818039115,0.156272299129442,2.2248514946044478,0.3995586435435869,1.1492049834072773
85,4,700,6910.000000000002,4723.2324818039115,0.1584130155558727,1.7110450684237435,0.18527361920610824,0.6835358150222736
85,5,35,3110.000000000001,4723.2324818039115,0.15812758669901528,1.8452847123008644,0.44314919026667926,1.5187242706764985
86,4,700,6910.000000000002,4639.784501213074,0.1584130155558727,1.2619142565958887,0.1342271813915028,0.671459406832572
86,1,620,6110.000000000002,4639.784501213074,0.1374339945768517,2.946836664177838,0.30754369922858504,0.7593755321134324
86,2,280,3110.000000000001,4639.784501213074,0.156272299129442,0.7684940311774071,0.17916778357926866,1.4918921225765507
86,5,385,3760.0000000000014,4639.784501213074,0.15812758669901528,1.183827071625548,0.23099675282701718,1.2339852396843276
86,6,286,3110.000000000001,4639.784501213074,0.09604681033252462,0.5163082795293518,0.07398257737252034,1.4918921225765507
86,3,140,3110.000000000001,4639.784501213074,0.15612958470101326,0.8665932194753245,0.20185425657045186,1.4918921225765507
86,0,620,6110.000000000002,4639.784501213074,0.13757670900528043,2.066402467096422,0.21588199742877529,0.7593755321134324
87,5,595,5860.000000000002,5691.982303410876,0.15812758669901528,1.3561744687440604,0.20829993391988677,0.9713280381247226
87,6,154,3110.000000000001,5691.982303410876,0.09604681033252462,0.27380507845558,0.048131300667917064,1.8302193901642683
87,2,665,6560.000000000001,5691.982303410876,0.156272299129442,1.147149995906409,0.15554709742092765,0.8676802291784871
87,0,620,6110.000000000002,5691.982303410876,0.13757670900528043,1.153031993257266,0.14777759868504176,0.9315846650426962
87,4,700,6910.000000000002,5691.982303410876,0.1584130155558727,1.3295069269570257,0.17348700895046107,0.8237311582360165
87,3,700,6910.000000000002,5691.982303410876,0.15612958470101326,0.9677344104389666,0.12445916476846838,0.8237311582360165
87,1,279,3110.000000000001,5691.982303410876,0.1374339945768517,0.91110118592199,0.2291732552835266,1.8302193901642683
88,5,350,3410.000000000001,5114.251462822892,0.15812758669901528,1.6892162007076756,0.4006088875283341,1.499780487631346
88,3,700,6910.000000000002,5114.251462822892,0.15612958470101326,1.403428534846801,0.16217336854616451,0.7401232218267569
88,2,525,5160.000000000001,5114.251462822892,0.156272299129442,2.1423919824858357,0.3318282162674866,0.9911340044230409
88,4,700,6910.000000000002,5114.251462822892,0.1584130155558727,1.5367136210451495,0.1801722212385654,0.7401232218267569
88,0,341,3320.0000000000014,5114.251462822892,0.13757670900528043,0.7096350488780522,0.15039173441319234,1.540437187597256
88,6,66,3110.000000000001,5114.251462822892,0.09604681033252462,0.286371438631953,0.045230807063065114,1.6444538465668457
88,1,620,6110.000000000002,5114.251462822892,0.1374339945768517,1.5845192381194348,0.18227728613824026,0.8370296993163486
89,1,620,6110.000000000002,5044.454117311261,0.1374339945768517,1.4681070191974728,0.16658076441284728,0.8256062385124812
89,5,700,6910.000000000002,5044.454117311261,0.15812758669901528,1.0389741948603226,0.11993571617111404,0.730022303518272
89,4,35,3110.000000000001,5044.454117311261,0.1584130155558727,0.7826239622792732,0.20109338720062694,1.6220109701965466
89,6,176,3110.000000000001,5044.454117311261,0.09604681033252462,0.37857511139642785,0.05897783046228108,1.6220109701965466
89,3,105,3110.000000000001,5044.454117311261,0.15612958470101326,1.537600419568234,0.38938792559732066,1.6220109701965466
89,0,558,5490.000000000002,5044.454117311261,0.13757670900528043,1.4919879862252245,0.1886045103023292,0.9188441015138906
89,2,700,6910.000000000002,5044.454117311261,0.156272299129442,1.355804486558207,0.1546732450785508,0.730022303518272
90,4,630,6210.000000000002,5025.12630226916,0.1584130155558727,2.1065529746463207,0.27003411089992607,0.8091990824910078
90,5,700,6910.000000000002,5025.12630226916,0.15812758669901528,2.354320740674043,0.27073362978465293,0.7272252246409782
90,1,403,3940.000000000001,5025.12630226916,0.1374339945768517,0.8966060280355611,0.15716165156406892,1.2754127670733906
90,0,62,3110.000000000001,5025.12630226916,0.13757670900528043,0.9232540038550257,0.20523560643413094,1.6157962386717553
90,3,175,3110.000000000001,5025.12630226916,0.15612958470101326,0.6791700884933065,0.17133668031967994,1.6157962386717553
90,2,700,6910.000000000002,5025.12630226916,0.156272299129442,2.4979190453476656,0.2838764041790049,0.7272252246409782
90,6,440,4310.000000000002,5025.12630226916,0.09604681033252462,0.2559326216106102,0.028660139751411705,1.1659225759325194
91,1,279,3110.000000000001,5265.651491365778,0.1374339945768517,0.5982769451627249,0.139215682189637,1.6931355277703461
91,4,140,3110.000000000001,5265.651491365778,0.1584130155558727,1.7373094628039605,0.4659719445365421,1.6931355277703461
91,3,700,6910.000000000002,5265.651491365778,0.15612958470101326,2.859525006738208,0.34021477293150687,0.7620335009212412
91,5,700,6910.000000000002,5265.651491365778,0.15812758669901528,1.2687422811203268,0.15288156521361612,0.7620335009212412
91,0,620,6110.000000000002,5265.651491365778,0.13757670900528043,0.5993040607425154,0.07105637345273615,0.8618087547243497
91,2,665,6560.000000000001,5265.651491365778,0.156272299129442,1.8799000120911473,0.23581152386384283,0.8026907761228319
91,6,330,3210.000000000001,5265.651491365778,0.09604681033252462,0.5219244798952529,0.08223140170590966,1.640389872699619
92,3,595,5860.000000000002,5006.169544740975,0.15612958470101326,1.8300682428287824,0.24409586758535234,0.8542951441537497
92,1,217,3110.000000000001,5006.169544740975,0.1374339945768517,0.9295237404056022,0.20563631880475733,1.609700818244686
92,2,700,6910.000000000002,5006.169544740975,0.156272299129442,1.3419239732001211,0.1519278596937797,0.7244818443908789
92,5,700,6910.000000000002,5006.169544740975,0.15812758669901528,1.3001583369473257,0.1489468745292662,0.7244818443908789
92,4,140,3110.000000000001,5006.169544740975,0.1584130155558727,2.042334120277018,0.5207902189293909,1.609700818244686
92,0,434,4250.000000000002,5006.169544740975,0.13757670900528043,2.1555230527250724,0.34931256845997466,1.1779222458214054
92,6,440,4310.000000000002,5006.169544740975,0.09604681033252462,0.29476919956204434,0.03288465822490722,1.1615242563204113
93,6,88,3110.000000000001,5146.228057656631,0.09604681033252462,0.689799843387039,0.10963132863564184,1.6547357098574371
93,2,595,5860.000000000002,5146.228057656631,0.156272299129442,2.0820230954623304,0.2857320497459708,0.8781959142758753
93,5,700,6910.000000000002,5146.228057656631,0.15812758669901528,1.2968495194459582,0.15272432320527699,0.7447508042918422
93,3,700,6910.000000000002,5146.228057656631,0.15612958470101326,1.268316309890648,0.14747681939845134,0.7447508042918422
93,1,620,6110.000000000002,5146.228057656631,0.1374339945768517,0.526310541293034,0.06092338930372599,0.8422631845591865
93,0,155,3110.000000000001,5146.228057656631,0.13757670900528043,0.7120370269393563,0.1620974316810979,1.6547357098574371
93,4,210,3110.000000000001,5146.228057656631,0.1584130155558727,1.338333237042534,0.35081953145653644,1.6547357098574371
94,4,700,6910.000000000002,5370.428143285288,0.1584130155558727,1.1654590705249699,0.14348904668488002,0.7771965475087245
94,5,700,6910.000000000002,5370.428143285288,0.15812758669901528,1.5296915519856886,0.18799330101267964,0.7771965475087245
94,2,490,4810.000000000001,5370.428143285288,0.156272299129442,1.4064956210868778,0.24540545926444426,1.1165131275021385
94,0,403,3940.000000000001,5370.428143285288,0.13757670900528043,0.776360599390008,0.145586495269019,1.3630528282449965
94,3,490,4810.000000000001,5370.428143285288,0.15612958470101326,1.555233567328214,0.27110945219263616,1.1165131275021385
94,6,242,3110.000000000001,5370.428143285288,0.09604681033252462,0.19436006764054012,0.03223580420715009,1.7268257695451081
94,1,620,6110.000000000002,5370.428143285288,0.1374339945768517,1.5485382489739372,0.18706123891757867,0.8789571429272154
95,0,620,6110.000000000002,5621.087483944629,0.13757670900528043,1.0242974390849031,0.1296433180134881,0.9199815849336542
95,3,385,3760.0000000000014,5621.087483944629,0.15612958470101326,1.4811432518209542,0.3457122497352704,1.494970075517188
95,1,589,5800.000000000002,5621.087483944629,0.1374339945768517,1.0687433270443234,0.14235080803058647,0.9691530144732116
95,4,700,6910.000000000002,5621.087483944629,0.1584130155558727,1.622118674479871,0.2090334471448901,0.8134714159109446
95,5,560,5510.000000000002,5621.087483944629,0.15812758669901528,1.3653285968225186,0.22024881231484042,1.0201610678665385
95,2,700,6910.000000000002,5621.087483944629,0.156272299129442,0.7374256967321096,0.09374380256693499,0.8134714159109446
95,6,374,3650.000000000001,5621.087483944629,0.09604681033252462,0.4466012165501733,0.06605874651107373,1.5400239682040076
96,1,620,6110.000000000002,4929.270729270731,0.1374339945768517,0.7528783525264876,0.08347577137511543,0.8067546201752421
96,0,620,6110.000000000002,4929.270729270731,0.13757670900528043,0.7354612539068693,0.08162931939852588,0.8067546201752421
96,6,396,3870.0000000000014,4929.270729270731,0.09604681033252462,0.3447861314658898,0.04217979277907736,1.2737133667366225
96,4,245,3110.000000000001,4929.270729270731,0.1584130155558727,2.110905469107943,0.530007394564816,1.5849745110195272
96,3,210,3110.000000000001,4929.270729270731,0.15612958470101326,1.0466772206856862,0.25901222311408895,1.5849745110195272
96,5,700,6910.000000000002,4929.270729270731,0.15812758669901528,1.5299985731059678,0.17258509772053152,0.713353216971162
96,2,525,5160.000000000001,4929.270729270731,0.156272299129442,1.29594219827733,0.19346419609047524,0.955285025052467
97,1,620,6110.000000000002,4537.001569858714,0.1374339945768517,2.0307053586328077,0.20723771912530203,0.7425534484220478
97,6,22,3110.000000000001,4537.001569858714,0.09604681033252462,0.3970743995473092,0.05563695781330192,1.4588429485076246
97,2,245,3110.000000000001,4537.001569858714,0.156272299129442,3.5987375327801043,0.8204284567122093,1.4588429485076246
97,5,105,3110.000000000001,4537.001569858714,0.15812758669901528,2.1328241406021213,0.4920069426830394,1.4588429485076246
97,3,70,3110.000000000001,4537.001569858714,0.15612958470101326,1.0057402418829697,0.22907599022863528,1.4588429485076246
97,0,620,6110.000000000002,4537.001569858714,0.13757670900528043,1.3365939642429363,0.13654384598634153,0.7425534484220478
97,4,700,6910.000000000002,4537.001569858714,0.1584130155558727,2.0667075664919374,0.21496154405260248,0.656584887099669
98,2,595,5860.000000000002,5256.817468246041,0.156272299129442,1.247560861927032,0.1748916297302777,0.8970678273457405
98,3,385,3760.0000000000014,5256.817468246041,0.15612958470101326,1.1631795753863063,0.25390252776835376,1.3980897521930955
98,1,62,3110.000000000001,5256.817468246041,0.1374339945768517,1.7212847636806106,0.39986132656690737,1.6902950058668937
98,4,700,6910.000000000002,5256.817468246041,0.1584130155558727,2.1392745709960277,0.25781147293779166,0.7607550605276469
98,6,264,3110.000000000001,5256.817468246041,0.09604681033252462,0.407564859611655,0.06616711315472358,1.6902950058668937
98,0,620,6110.000000000002,5256.817468246041,0.13757670900528043,2.0666168682162924,0.2446169649266544,0.8603629244265204
98,5,700,6910.000000000002,5256.817468246041,0.15812758669901528,1.2958072149548354,0.15588089354068804,0.7607550605276469
99,1,93,3110.000000000001,5054.849436278009,0.1374339945768517,0.5437796389226648,0.1214688575467154,1.6253535164881054
99,3,700,6910.000000000002,5054.849436278009,0.15612958470101326,1.637293772586138,0.1870001656952953,0.7315266912124468
99,4,315,3110.000000000001,5054.849436278009,0.1584130155558727,2.02234873509047,0.5207085924419108,1.6253535164881054
99,2,700,6910.000000000002,5054.849436278009,0.156272299129442,1.9827688888161172,0.2266649007162444,0.7315266912124468
99,0,434,4250.000000000002,5054.849436278009,0.13757670900528043,0.5340530851050641,0.08738736391283247,1.1893763379477664
99,6,308,3110.000000000001,5054.849436278009,0.09604681033252462,0.20485541581759945,0.031979983249154714,1.6253535164881054
99,5,700,6910.000000000002,5054.849436278009,0.15812758669901528,2.0024819268265133,0.23163619634418295,0.7315266912124468
100,2,560,5510.000000000002,5338.471528471529,0.156272299129442,2.1180585615140464,0.3206899111330597,0.9688696058931993
100,6,440,4310.000000000002,5338.471528471529,0.09604681033252462,0.47141104557450114,0.05608185389318513,1.2386244845641594
100,5,665,6560.000000000001,5338.471528471529,0.15812758669901528,1.244893529118319,0.16019647070228682,0.813791391535294
100,4,350,3410.000000000001,5338.471528471529,0.1584130155558727,0.6142649221084163,0.15233830833398537,1.5655341725722955
100,1,620,6110.000000000002,5338.471528471529,0.1374339945768517,1.355368665746312,0.16275237370673215,0.8737269277367475
100,0,620,6110.000000000002,5338.471528471529,0.13757670900528043,1.1846560766851275,0.14240096209386638,0.8737269277367475
100,3,525,5160.000000000001,5338.471528471529,0.15612958470101326,1.7662881794422247,0.2853080307784345,1.034587505517738
101,3,315,3110.000000000001,4534.164407021552,0.15612958470101326,0.6497966745398291,0.14791069009669286,1.4579306774988907
101,1,186,3110.000000000001,4534.164407021552,0.1374339945768517,0.8404260665941075,0.16839552957113682,1.4579306774988907
101,2,700,6910.000000000002,4534.164407021552,0.156272299129442,0.7671758440112755,0.07866764286773167,0.656174299134812
101,4,210,3110.000000000001,4534.164407021552,0.1584130155558727,1.6421553462268386,0.3792643083625006,1.4579306774988907
101,6,440,4310.000000000002,4534.164407021552,0.09604681033252462,0.5752064775879558,0.058120147543817134,1.0520103032532597
101,0,403,3940.000000000001,4534.164407021552,0.13757670900528043,3.8199188581995807,0.6047837253419105,1.1508031489902413
101,5,700,6910.000000000002,4534.164407021552,0.15812758669901528,1.934100731533137,0.20068085752856155,0.656174299134812
102,2,560,5510.000000000002,5412.282003710577,0.156272299129442,1.9432611055059106,0.29829225571615814,0.9822653364266016
102,1,527,5180.000000000002,5412.282003710577,0.1374339945768517,0.8312410585216259,0.11936357393230027,1.0448420856584122
102,3,700,6910.000000000002,5412.282003710577,0.15612958470101326,1.897136963969644,0.23199907869764558,0.7832535461230934
102,4,700,6910.000000000002,5412.282003710577,0.1584130155558727,0.9889677824763453,0.12270870559654051,0.7832535461230934
102,6,440,4310.000000000002,5412.282003710577,0.09604681033252462,0.3267347040702064,0.03940772457540766,1.2557498848516413
102,5,350,3410.000000000001,5412.282003710577,0.15812758669901528,1.5118571777720424,0.37944116688269436,1.5871794732289077
102,0,527,5180.000000000002,5412.282003710577,0.13757670900528043,0.9950418149393173,0.14303321662479535,1.0448420856584122
103,6,220,3110.000000000001,5454.698158983875,0.09604681033252462,0.41144879354599706,0.06931210274795989,1.7539222376153933
103,5,630,6210.000000000002,5454.698158983875,0.15812758669901528,1.4433804203889529,0.20047839462502906,0.8783732945223629
103,4,595,5860.000000000002,5454.698158983875,0.1584130155558727,2.1443102202197792,0.3161925144986822,0.9308358633078282
103,1,620,6110.000000000002,5454.698158983875,0.1374339945768517,0.8357259394779358,0.10253864283895682,0.8927492895227289
103,2,700,6910.000000000002,5454.698158983875,0.156272299129442,0.8583536987317574,0.10588658958471509,0.7893919188109803
103,3,175,3110.000000000001,5454.698158983875,0.15612958470101326,1.2817471100754103,0.35099253985163653,1.7539222376153933
103,0,620,6110.000000000002,5454.698158983875,0.13757670900528043,0.9036959914416015,0.11099330554432466,0.8927492895227289
104,1,341,3320.0000000000014,4819.4605394605405,0.1374339945768517,0.6074000345402474,0.12117954763406746,1.451644740801367
104,2,70,3110.000000000001,4819.4605394605405,0.156272299129442,1.173014134005264,0.2840686363484606,1.549665768315286
104,6,440,4310.000000000002,4819.4605394605405,0.09604681033252462,0.29392693355775235,0.031567739866254746,1.1182043014989649
104,0,589,5800.000000000002,4819.4605394605405,0.13757670900528043,0.6917553966091781,0.07908022703374958,0.8309414723207826
104,3,700,6910.000000000002,4819.4605394605405,0.15612958470101326,1.4668931811448986,0.1597364673683139,0.6974617278524659
104,5,105,3110.000000000001,4819.4605394605405,0.15812758669901528,1.46409988376851,0.35877022151672006,1.549665768315286
104,4,700,6910.000000000002,4819.4605394605405,0.1584130155558727,1.287924411912323,0.14229892451834897,0.6974617278524659
105,5,700,6910.000000000002,4906.689025260454,0.15812758669901528,2.0029363975394436,0.22489784212959787,0.7100852424400077
105,1,248,3110.000000000001,4906.689025260454,0.1374339945768517,1.705371835833316,0.36977828271174634,1.5777135129454833
105,2,700,6910.000000000002,4906.689025260454,0.156272299129442,0.9145758095395886,0.10148741687799631,0.7100852424400077
105,4,700,6910.000000000002,4906.689025260454,0.1584130155558727,1.7775371061434002,0.19994936239870986,0.7100852424400077
105,6,286,3110.000000000001,4906.689025260454,0.09604681033252462,0.5283063698596222,0.08005656264120413,1.5777135129454833
105,0,124,3110.000000000001,4906.689025260454,0.13757670900528043,1.3763839509775269,0.2987532659275054,1.5777135129454833
105,3,245,3110.000000000001,4906.689025260454,0.15612958470101326,0.5871502834851985,0.14463141150342507,1.5777135129454833
106,4,105,3110.000000000001,4797.1414299985745,0.1584130155558727,2.0844289222615964,0.5093309712044456,1.5424892057873225
106,3,700,6910.000000000002,4797.1414299985745,0.15612958470101326,2.472708952576342,0.26801720936580864,0.694231755426711
106,6,22,3110.000000000001,4797.1414299985745,0.09604681033252462,0.32291894226268364,0.04784081852632144,1.5424892057873225
106,5,490,4810.000000000001,4797.1414299985745,0.15812758669901528,2.0024609675352334,0.31579783519138044,0.9973267006234041
106,0,620,6110.000000000002,4797.1414299985745,0.13757670900528043,0.24341037198718962,0.026292102021730233,0.7851295302779988
106,1,620,6110.000000000002,4797.1414299985745,0.1374339945768517,0.22829364535436128,0.024633680532103384,0.7851295302779988
106,2,315,3110.000000000001,4797.1414299985745,0.156272299129442,2.1781260332362167,0.5250336527967446,1.5424892057873225
107,4,700,6910.000000000002,4954.080205508779,0.1584130155558727,0.8966711406277356,0.101837807241026,0.7169435897986653
107,3,70,3110.000000000001,4954.080205508779,0.15612958470101326,0.7835458617479717,0.1948732688492295,1.5929518345687388
107,2,420,4110.000000000002,4954.080205508779,0.156272299129442,1.3288379702103488,0.2503082952355107,1.205372312775858
107,5,700,6910.000000000002,4954.080205508779,0.15812758669901528,1.0229652898076693,0.11597210148172826,0.7169435897986653
107,1,589,5800.000000000002,4954.080205508779,0.1374339945768517,2.3661481429575693,0.2777609197263163,0.8541517595704788
107,0,217,3110.000000000001,4954.080205508779,0.13757670900528043,2.5594228082504054,0.5609053684254791,1.5929518345687388
107,6,440,4310.000000000002,4954.080205508779,0.09604681033252462,0.4750968243657767,0.052450645523669445,1.1494385627630572
108,6,176,3110.000000000001,5147.740830597975,0.09604681033252462,0.476672193734478,0.07578077629568129,1.655222132025072
108,2,595,5860.000000000002,5147.740830597975,0.156272299129442,1.3548563131488063,0.18599201464684878,0.8784540666549443
108,4,700,6910.000000000002,5147.740830597975,0.1584130155558727,1.348857826867847,0.15918262564691024,0.7449697294642509
108,5,140,3110.000000000001,5147.740830597975,0.15812758669901528,1.8776740901251754,0.4914554336322812,1.655222132025072
108,1,217,3110.000000000001,5147.740830597975,0.1374339945768517,0.4712908291880102,0.10721102378792947,1.655222132025072
108,3,700,6910.000000000002,5147.740830597975,0.15612958470101326,1.0831046902092714,0.12597787178579253,0.7449697294642509
108,0,620,6110.000000000002,5147.740830597975,0.13757670900528043,0.5071837425884659,0.05878759640560434,0.8425107742386209
109,6,220,3110.000000000001,5089.620379620381,0.09604681033252462,0.2350302785186647,0.03694296629362143,1.6365338841223085
109,0,248,3110.000000000001,5089.620379620381,0.13757670900528043,1.335167341491136,0.30061151960783367,1.6365338841223085
109,4,560,5510.000000000002,5089.620379620381,0.1584130155558727,0.6789827910232991,0.09935355705145557,0.9237060580073283
109,3,700,6910.000000000002,5089.620379620381,0.15612958470101326,2.0362584006988342,0.2341668624177304,0.7365586656469435
109,2,700,6910.000000000002,5089.620379620381,0.156272299129442,1.5621642603528099,0.17981091156327345,0.7365586656469435
109,1,620,6110.000000000002,5089.620379620381,0.1374339945768517,1.5413199397494968,0.17645385341617267,0.8329984254697839
109,5,315,3110.000000000001,5089.620379620381,0.15812758669901528,0.95524679651554,0.2471998680203,1.6365338841223085
110,1,248,3110.000000000001,4935.037819323536,0.1374339945768517,0.9633634558111644,0.21009437920460644,1.5868288808114257
110,4,700,6910.000000000002,4935.037819323536,0.1584130155558727,2.0361003735354446,0.23035756688098288,0.714187817557675
110,6,110,3110.000000000001,4935.037819323536,0.09604681033252462,0.47579945684035846,0.07251652505825247,1.5868288808114257
110,3,700,6910.000000000002,4935.037819323536,0.15612958470101326,1.55055228674463,0.1728956465998366,0.714187817557675
110,5,700,6910.000000000002,4935.037819323536,0.15812758669901528,1.6950754984345118,0.19142961553749893,0.714187817557675
110,0,341,3320.0000000000014,4935.037819323536,0.13757670900528043,0.4896616657552114,0.10013673421950813,1.4864571744950403
110,2,105,3110.000000000001,4935.037819323536,0.156272299129442,1.7959644029565878,0.44535857870061873,1.5868288808114257
111,2,700,6910.000000000002,5334.231482802912,0.156272299129442,0.9935348868621467,0.11985576661658758,0.7719582464258915
111,0,620,6110.000000000002,5334.231482802912,0.13757670900528043,0.5409411423754779,0.06497190165949436,0.8730329759088233
111,6,396,3870.0000000000014,5334.231482802912,0.09604681033252462,0.3193314376154941,0.042275184939413145,1.3783543883211655
111,5,350,3410.000000000001,5334.231482802912,0.15812758669901528,1.44680347143815,0.357877722046094,1.5642907574202085
111,1,527,5180.000000000002,5334.231482802912,0.1374339945768517,2.01044673606324,0.2845305083187258,1.0297744175295194
111,3,455,4460.000000000002,5334.231482802912,0.15612958470101326,1.1216270088083757,0.20944532098165697,1.1960160275342848
111,4,700,6910.000000000002,5334.231482802912,0.1584130155558727,1.5035901410645505,0.18387138255883956,0.7719582464258915
112,6,440,4310.000000000002,5089.2007992008,0.09604681033252462,0.3948936333401463,0.044785290454561956,1.1807890485384682
112,3,455,4460.000000000002,5089.2007992008,0.15612958470101326,1.3340525575199265,0.23766918245257207,1.1410764123768606
112,2,700,6910.000000000002,5089.2007992008,0.156272299129442,0.999999734974511,0.11509419664941202,0.7364979448915773
112,5,630,6210.000000000002,5089.2007992008,0.15812758669901528,2.1284317791108727,0.2758197522770613,0.8195170369083412
112,0,434,4250.000000000002,5089.2007992008,0.13757670900528043,1.1285771377073397,0.1859245852304826,1.1974590115766583
112,4,70,3110.000000000001,5089.2007992008,0.1584130155558727,0.8565914024947439,0.22205153008144402,1.6363989708041153
112,1,620,6110.000000000002,5089.2007992008,0.1374339945768517,1.1750197871413206,0.13450787952108437,0.8329297543700162
113,4,490,4810.000000000001,4536.636220921937,0.1584130155558727,0.8952265895779705,0.13375582787141993,0.943167613497284
113,2,280,3110.000000000001,4536.636220921937,0.156272299129442,2.597996595803426,0.592235104211237,1.4587254729652526
113,3,175,3110.000000000001,4536.636220921937,0.15612958470101326,1.868837086668864,0.4256280245300087,1.4587254729652526
113,5,700,6910.000000000002,4536.636220921937,0.15812758669901528,0.7778564783755288,0.0807538105252354,0.6565320146052005
113,0,341,3320.0000000000014,4536.636220921937,0.13757670900528043,0.5211404081513694,0.09797054802084937,1.3664566930487756
113,1,620,6110.000000000002,4536.636220921937,0.1374339945768517,0.4744181060517295,0.04841145892489013,0.7424936531787129
113,6,440,4310.000000000002,4536.636220921937,0.09604681033252462,0.42657076317943965,0.04312515990448414,1.0525838099586857
114,0,155,3110.000000000001,5226.504923647782,0.13757670900528043,4.357447340805296,1.007460525782423,1.680548206960701
114,6,66,3110.000000000001,5226.504923647782,0.09604681033252462,0.4502224429002561,0.07267098749644757,1.680548206960701
114,3,700,6910.000000000002,5226.504923647782,0.15612958470101326,0.3119397434055575,0.036837422194115274,0.7563682957522113
114,5,700,6910.000000000002,5226.504923647782,0.15812758669901528,2.3168167362112575,0.2770975214475306,0.7563682957522113
114,2,525,5160.000000000001,5226.504923647782,0.156272299129442,0.3312168342313161,0.0524271278090951,1.0128885510945311
114,4,700,6910.000000000002,5226.504923647782,0.1584130155558727,2.2135822027536016,0.2652282820046562,0.7563682957522113
114,1,310,3110.000000000001,5226.504923647782,0.1374339945768517,3.6321661420413247,0.8389012667885615,1.680548206960701
115,5,140,3110.000000000001,4718.534322820038,0.15812758669901528,1.2453996893259676,0.2987879822117754,1.517213608623806
115,3,210,3110.000000000001,4718.534322820038,0.15612958470101326,1.8749270141432464,0.4441363308765203,1.517213608623806
115,4,700,6910.000000000002,4718.534322820038,0.1584130155558727,1.7125149584217614,0.1852483319186075,0.6828559077887173
115,0,620,6110.000000000002,4718.534322820038,0.13757670900528043,0.4673812772638576,0.04965718950357365,0.7722642099541795
115,1,31,3110.000000000001,4718.534322820038,0.1374339945768517,0.3335287525298485,0.06954632379106611,1.517213608623806
115,2,700,6910.000000000002,4718.534322820038,0.156272299129442,2.561543339679471,0.27334603650633366,0.6828559077887173
115,6,242,3110.000000000001,4718.534322820038,0.09604681033252462,0.5932065108703757,0.08644414541947948,1.517213608623806
116,2,700,6910.000000000002,5167.314114456973,0.156272299129442,0.9865855482475947,0.11529316629812356,0.7478023320487658
116,4,490,4810.000000000001,5167.314114456973,0.1584130155558727,1.3574613340369706,0.23101390185195556,1.074285678681283
116,6,110,3110.000000000001,5167.314114456973,0.09604681033252462,0.5488614997697843,0.0875891250841191,1.6615157924298942
116,5,700,6910.000000000002,5167.314114456973,0.15812758669901528,1.2644810660683188,0.14952258229790744,0.7478023320487658
116,0,279,3110.000000000001,5167.314114456973,0.13757670900528043,1.270558254103961,0.29043166984981217,1.6615157924298942
116,3,700,6910.000000000002,5167.314114456973,0.15612958470101326,0.9950268052104705,0.11617342682087062,0.7478023320487658
116,1,279,3110.000000000001,5167.314114456973,0.1374339945768517,1.540223653578242,0.35170814972105463,1.6615157924298942
117,2,175,3110.000000000001,5577.9791636934515,0.156272299129442,2.2487356319461433,0.6302848987079718,1.7935624320557717
117,3,700,6910.000000000002,5577.9791636934515,0.15612958470101326,1.6236031768218842,0.2046274711709284,0.8072328746300217
117,5,665,6560.000000000001,5577.9791636934515,0.15812758669901528,1.6352800943067032,0.2198734755765306,0.8503017017825382
117,6,440,4310.000000000002,5577.9791636934515,0.09604681033252462,0.3538705685381103,0.043987269899484184,1.2941947015530044
117,4,700,6910.000000000002,5577.9791636934515,0.1584130155558727,1.8108163038828398,0.23156029683964377,0.8072328746300217
117,0,558,5490.000000000002,5577.9791636934515,0.13757670900528043,0.45633385430552054,0.06378699584797111,1.0160253485780417
117,1,527,5180.000000000002,5577.9791636934515,0.1374339945768517,0.3980277448779692,0.05890533680890703,1.0768299543809747
118,4,210,3110.000000000001,4907.830740687884,0.1584130155558727,1.0608419707200114,0.2651983040731368,1.5780806240153964
118,1,620,6110.000000000002,4907.830740687884,0.1374339945768517,1.5550890309005458,0.17167133875236051,0.8032456204071821
118,5,560,5510.000000000002,4907.830740687884,0.15812758669901528,1.3014811474527421,0.18330887923989134,0.8907133830649514
118,6,242,3110.000000000001,4907.830740687884,0.09604681033252462,0.5357558835620002,0.081204310532556,1.5780806240153964
118,3,700,6910.000000000002,4907.830740687884,0.15612958470101326,0.6875794907570348,0.07624645346334173,0.7102504689852218
118,2,105,3110.000000000001,4907.830740687884,0.156272299129442,0.7088587551009001,0.1748118612693455,1.5780806240153964
118,0,620,6110.000000000002,4907.830740687884,0.13757670900528043,1.3053650057542348,0.14425313113234042,0.8032456204071821
119,5,210,3110.000000000001,4904.962180676468,0.15812758669901528,1.102710801267941,0.27500750477352254,1.57715825745224
119,3,700,6910.000000000002,4904.962180676468,0.15612958470101326,2.249803703197195,0.24933741209115767,0.7098353372903714
119,4,700,6910.000000000002,4904.962180676468,0.1584130155558727,1.6219040192876935,0.1823784948063215,0.7098353372903714
119,6,440,4310.000000000002,4904.962180676468,0.09604681033252462,0.30143781949619447,0.032948760331409394,1.138042269298484
119,2,630,6210.000000000002,4904.962180676468,0.156272299129442,1.0966860807929013,0.1353656260153007,0.7898489823955663
119,1,248,3110.000000000001,4904.962180676468,0.1374339945768517,0.9461130094375384,0.20507487617249304,1.57715825745224
119,0,93,3110.000000000001,4904.962180676468,0.13757670900528043,0.8086118542674069,0.1754527963411546,1.57715825745224
120,5,700,6910.000000000002,4449.646068217498,0.15812758669901528,2.2324937765896253,0.22732401623798654,0.6439429910589721
120,3,455,4460.000000000002,4449.646068217498,0.15612958470101326,1.5265006489167476,0.2377786225938938,0.9976784906317256
120,1,310,3110.000000000001,4449.646068217498,0.1374339945768517,0.38131596277117774,0.07497979258853626,1.4307543627708994
120,0,620,6110.000000000002,4449.646068217498,0.13757670900528043,0.47362518161514916,0.047453031135431575,0.728256312310556
120,6,440,4310.000000000002,4449.646068217498,0.09604681033252462,0.5714743848536796,0.056666698846902175,1.0324004798648483
120,4,105,3110.000000000001,4449.646068217498,0.1584130155558727,1.5755069521207936,0.3570888289293857,1.4307543627708994
120,2,245,3110.000000000001,4449.646068217498,0.156272299129442,1.4246633632217562,0.31853659740806084,1.4307543627708994
121,0,620,6110.000000000002,4532.056514913659,0.13757670900528043,3.442118354507917,0.35125686604160467,0.7417441104605005
121,4,560,5510.000000000002,4532.056514913659,0.1584130155558727,1.3173245691872872,0.17164350375073695,0.8225147939952192
121,2,385,3760.0000000000014,4532.056514913659,0.156272299129442,0.6261013751137164,0.11793267005062444,1.2053341794983132
121,1,620,6110.000000000002,4532.056514913659,0.1374339945768517,1.2651344294651394,0.128968886763622,0.7417441104605005
121,5,175,3110.000000000001,4532.056514913659,0.15812758669901528,1.5103702323738255,0.34803745830329924,1.4572528986860636
121,6,440,4310.000000000002,4532.056514913659,0.09604681033252462,0.2660036470624401,0.026865107613542046,1.0515212331586212
121,3,35,3110.000000000001,4532.056514913659,0.15612958470101326,1.073142195506787,0.24416162340008898,1.4572528986860636
122,2,245,3110.000000000001,4805.912658769803,0.156272299129442,1.6682936570370208,0.40287469064536957,1.5453095365819298
122,3,245,3110.000000000001,4805.912658769803,0.15612958470101326,2.615056841892048,0.630930936273539,1.5453095365819298
122,1,620,6110.000000000002,4805.912658769803,0.1374339945768517,1.1422506814398015,0.12347819120490064,0.7865650832683799
122,5,700,6910.000000000002,4805.912658769803,0.15812758669901528,0.722119656754344,0.07941721192788531,0.6955011083603186
122,6,374,3650.000000000001,4805.912658769803,0.09604681033252462,0.5234766667553414,0.06620080712904193,1.3166883996629595
122,0,341,3320.0000000000014,4805.912658769803,0.13757670900528043,1.2463978470937125,0.24822150054452863,1.4475640538463255
122,4,700,6910.000000000002,4805.912658769803,0.1584130155558727,1.0562478935351778,0.11637361988429205,0.6955011083603186
123,6,110,3110.000000000001,5369.157984872272,0.09604681033252462,0.5352788695519146,0.08875827239199788,1.7264173584798297
123,1,620,6110.000000000002,5369.157984872272,0.1374339945768517,1.1446353598582755,0.13823763664697813,0.8787492610265581
123,0,558,5490.000000000002,5369.157984872272,0.13757670900528043,0.892888004329435,0.12013671248742251,0.9779887039840202
123,5,525,5160.000000000001,5369.157984872272,0.15812758669901528,2.2402234353275667,0.36860010998473264,1.0405344931923006
123,3,700,6910.000000000002,5369.157984872272,0.15612958470101326,0.422555442345544,0.051262176287408444,0.7770127329771738
123,4,700,6910.000000000002,5369.157984872272,0.1584130155558727,2.2924347860673873,0.28217334526994736,0.7770127329771738
123,2,315,3110.000000000001,5369.157984872272,0.156272299129442,0.4486536476271563,0.12104281040440318,1.7264173584798297
124,3,700,6910.000000000002,5537.395461681177,0.15612958470101326,1.0581198763572632,0.13238767955578348,0.8013596905472035
124,6,88,3110.000000000001,5537.395461681177,0.09604681033252462,0.20180915457698437,0.034511907296463175,1.7805130101868731
124,0,589,5800.000000000002,5537.395461681177,0.13757670900528043,0.7705624873014111,0.10121160829810846,0.9547233554622716
124,4,490,4810.000000000001,5537.395461681177,0.1584130155558727,0.9399123802542737,0.17141100269394233,1.151225667709184
124,1,62,3110.000000000001,5537.395461681177,0.1374339945768517,0.7640184577950995,0.1869576204330502,1.7805130101868731
124,5,700,6910.000000000002,5537.395461681177,0.15812758669901528,1.8363387141160743,0.23269546862305818,0.8013596905472035
124,2,700,6910.000000000002,5537.395461681177,0.156272299129442,1.8277647782734479,0.2288915703918603,0.8013596905472035
125,3,455,4460.000000000002,4885.581561295849,0.15612958470101326,2.009457638990905,0.3436730435819594,1.0954218747300104
125,4,700,6910.000000000002,4885.581561295849,0.1584130155558727,0.8932037427610544,0.10004136667728322,0.7070306166853614
125,1,93,3110.000000000001,4885.581561295849,0.1374339945768517,0.4807579594442735,0.10379502352902928,1.5709265470404654
125,2,140,3110.000000000001,4885.581561295849,0.156272299129442,1.057786633555098,0.25967847703912,1.5709265470404654
125,5,595,5860.000000000002,4885.581561295849,0.15812758669901528,1.2566649401861445,0.16567073294902115,0.8337169899822264
125,0,620,6110.000000000002,4885.581561295849,0.13757670900528043,0.4736132896888604,0.05210073551648671,0.7996041835181419
125,6,440,4310.000000000002,4885.581561295849,0.09604681033252462,0.30058893824675464,0.03272615167581297,1.133545605869106
126,3,420,4110.000000000002,4946.887398315971,0.15612958470101326,0.590157397981904,0.11090299208747413,1.2036222380330825
126,5,35,3110.000000000001,4946.887398315971,0.15812758669901528,1.109004091209779,0.2789410473193803,1.590639034828286
126,2,700,6910.000000000002,4946.887398315971,0.156272299129442,0.5216367290587487,0.05835850291573295,0.7159026625638162
126,6,440,4310.000000000002,4946.887398315971,0.09604681033252462,0.5242476499894072,0.05779286092795699,1.1477696979851435
126,0,124,3110.000000000001,4946.887398315971,0.13757670900528043,1.15759486004417,0.2533221364849923,1.590639034828286
126,1,589,5800.000000000002,4946.887398315971,0.1374339945768517,1.1110752101991335,0.13023918174304738,0.8529116203993051
126,4,700,6910.000000000002,4946.887398315971,0.1584130155558727,1.373799109512805,0.15580022103098312,0.7159026625638162
127,5,525,5160.000000000001,4880.186955901243,0.15812758669901528,1.6694618155573395,0.2496726042348906,0.9457726658723338
127,0,620,6110.000000000002,4880.186955901243,0.13757670900528043,0.6064433875472676,0.0666393006914131,0.7987212693782719
127,1,93,3110.000000000001,4880.186955901243,0.1374339945768517,0.5193712661921411,0.11200777220183533,1.569191947235126
127,3,700,6910.000000000002,4880.186955901243,0.15612958470101326,1.5911492589268719,0.17545047074049974,0.7062499212592246
127,2,70,3110.000000000001,4880.186955901243,0.156272299129442,1.8603543546981172,0.4561983893640235,1.569191947235126
127,6,440,4310.000000000002,4880.186955901243,0.09604681033252462,0.12917392420029974,0.014048080578667048,1.1322939572856707
127,4,525,5160.000000000001,4880.186955901243,0.1584130155558727,1.2033378076371568,0.18028731938976728,0.9457726658723338
128,6,374,3650.000000000001,4770.399600399601,0.09604681033252462,0.511609486240206,0.06422194152263318,1.3069587946300272
128,4,700,6910.000000000002,4770.399600399601,0.1584130155558727,2.1972129472980018,0.24029222751652665,0.6903617366714326
128,0,620,6110.000000000002,4770.399600399601,0.13757670900528043,1.067518406737995,0.11466578227031213,0.780752798756072
128,5,140,3110.000000000001,4770.399600399601,0.15812758669901528,1.5784232657936448,0.3828472109321549,1.5338905467522828
128,3,175,3110.000000000001,4770.399600399601,0.15612958470101326,0.33821560554818997,0.0809977990302879,1.5338905467522828
128,2,700,6910.000000000002,4770.399600399601,0.156272299129442,0.3969434408322567,0.042824011228022464,0.6903617366714326
128,1,186,3110.000000000001,4770.399600399601,0.1374339945768517,2.514003013490022,0.5299737198506964,1.5338905467522828
129,2,700,6910.000000000002,5711.870986156701,0.156272299129442,1.9874736215218318,0.2567341949223395,0.8266094046536469
129,6,396,3870.0000000000014,5711.870986156701,0.09604681033252462,0.3381605715048156,0.04793727468132726,1.4759356553376484
129,3,700,6910.000000000002,5711.870986156701,0.15612958470101326,3.07933966699411,0.39741398244230547,0.8266094046536469
129,4,700,6910.000000000002,5711.870986156701,0.1584130155558727,0.8956641133122949,0.11728335396274168,0.8266094046536469
129,5,245,3110.000000000001,5711.870986156701,0.15812758669901528,0.5536583252821234,0.1607931258571819,1.8366144650021543
129,0,589,5800.000000000002,5711.870986156701,0.13757670900528043,0.8773027089784351,0.11886247873970701,0.9848053424408103
129,1,589,5800.000000000002,5711.870986156701,0.1374339945768517,0.8497308331123277,0.11500744168895817,0.9848053424408103
130,1,93,3110.000000000001,5474.150135578708,0.1374339945768517,0.8725255506764501,0.21107103437007246,1.7601768924690373
130,2,700,6910.000000000002,5474.150135578708,0.156272299129442,1.3025617507342935,0.16125714991847181,0.792206966075066
130,5,630,6210.000000000002,5474.150135578708,0.15812758669901528,1.4004732609108952,0.1952124752939129,0.8815056579031733
130,3,490,4810.000000000001,5474.150135578708,0.15612958470101326,0.6762158756894263,0.12015509607644531,1.1380769512637643
130,4,700,6910.000000000002,5474.150135578708,0.1584130155558727,1.1268242410868516,0.14141181601222938,0.792206966075066
130,0,620,6110.000000000002,5474.150135578708,0.13757670900528043,0.7808614217899885,0.09624859036855808,0.8959329190799846
130,6,44,3110.000000000001,5474.150135578708,0.09604681033252462,0.5653597031512234,0.09557935871094879,1.7601768924690373
131,2,700,6910.000000000002,4875.434565434567,0.156272299129442,1.0544618294398371,0.11626477343298985,0.7055621657647707
131,4,420,4110.000000000002,4875.434565434567,0.1584130155558727,1.210931624535833,0.22755269990663532,1.1862371205436897
131,0,217,3110.000000000001,4875.434565434567,0.13757670900528043,0.5682851335192146,0.12256434661318552,1.5676638474066127
131,5,700,6910.000000000002,4875.434565434567,0.15812758669901528,0.9531597743008214,0.10634293277301368,0.7055621657647707
131,1,620,6110.000000000002,4875.434565434567,0.1374339945768517,0.762535564000804,0.08362312536649376,0.7979434640645771
131,6,308,3110.000000000001,4875.434565434567,0.09604681033252462,0.17027205656294597,0.025637712392048775,1.5676638474066127
131,3,280,3110.000000000001,4875.434565434567,0.15612958470101326,0.9992319933174938,0.2445707291250027,1.5676638474066127
132,4,595,5860.000000000002,5157.110032824321,0.1584130155558727,1.3317060541919352,0.18565558441215507,0.8800529066253104
132,1,155,3110.000000000001,5157.110032824321,0.1374339945768517,0.7514403945534082,0.17125163069826246,1.6582347372425466
132,3,700,6910.000000000002,5157.110032824321,0.15612958470101326,0.47758809786868706,0.05565024105431969,0.7463256198009146
132,0,620,6110.000000000002,5157.110032824321,0.13757670900528043,0.8484922406862856,0.09852761698710513,0.8440441952249296
132,6,440,4310.000000000002,5157.110032824321,0.09604681033252462,0.47435160383430175,0.054514552018852344,1.1965452512353407
132,2,70,3110.000000000001,5157.110032824321,0.156272299129442,0.6969887177500681,0.18061497631611778,1.6582347372425466
132,5,630,6210.000000000002,5157.110032824321,0.15812758669901528,1.0331873039780681,0.13567552201960134,0.8304525012599548
133,2,210,3110.000000000001,4946.700442414729,0.156272299129442,1.1635970607197688,0.2892276705419146,1.5905789203905876
133,0,465,4560.000000000002,4946.700442414729,0.13757670900528043,0.4426243315253591,0.06605884395751918,1.0848027285997208
133,3,700,6910.000000000002,4946.700442414729,0.15612958470101326,1.2391093398217374,0.1384944593370052,0.7158756067170373
133,5,700,6910.000000000002,4946.700442414729,0.15812758669901528,0.8843895398722518,0.10011261473679416,0.7158756067170373
133,6,352,3430.000000000001,4946.700442414729,0.09604681033252462,0.21514111889109744,0.02980079577083178,1.4421867179051684
133,1,620,6110.000000000002,4946.700442414729,0.1374339945768517,0.4203305781547681,0.04676915852472616,0.8096072737176313
133,4,70,3110.000000000001,4946.700442414729,0.1584130155558727,1.0619068942722405,0.26756698455915756,1.5905789203905876
134,5,700,6910.000000000002,5171.809618952478,0.15812758669901528,1.8417788107297177,0.21797646102503673,0.7484529115705465
134,2,490,4810.000000000001,5171.809618952478,0.156272299129442,0.8815073367417579,0.14811716335506883,1.075220295000515
134,6,66,3110.000000000001,5171.809618952478,0.09604681033252462,0.5341863058937824,0.08532137343434174,1.6629612922676773
134,1,248,3110.000000000001,5171.809618952478,0.1374339945768517,1.3836364750754644,0.31622653721952915,1.6629612922676773
134,3,700,6910.000000000002,5171.809618952478,0.15612958470101326,0.40025221097319136,0.04677172917596467,0.7484529115705465
134,4,700,6910.000000000002,5171.809618952478,0.1584130155558727,1.2144045082688828,0.14398548522084345,0.7484529115705465
134,0,31,3110.000000000001,5171.809618952478,0.13757670900528043,1.4779284227103764,0.3381274725788544,1.6629612922676773
135,0,589,5800.000000000002,5353.928928214644,0.13757670900528043,0.23330342968487158,0.029628567046668348,0.9230911945197658
135,1,620,6110.000000000002,5353.928928214644,0.1374339945768517,0.23363955766221392,0.02813662072883649,0.8762567803951952
135,6,440,4310.000000000002,5353.928928214644,0.09604681033252462,0.11735163957842423,0.014001270304604489,1.242210888216854
135,2,665,6560.000000000001,5353.928928214644,0.156272299129442,2.286196550687269,0.2915844295925866,0.8161477024717444
135,3,700,6910.000000000002,5353.928928214644,0.15612958470101326,2.463742965602825,0.29804041276766585,0.7748088173971986
135,4,455,4460.000000000002,5353.928928214644,0.1584130155558727,2.1146028527100604,0.40212161500058724,1.2004324951153904
135,5,280,3110.000000000001,5353.928928214644,0.15812758669901528,2.2820974776000353,0.6212323264324089,1.7215205556960265
136,3,35,3110.000000000001,4804.848009133724,0.15612958470101326,1.4668405563097255,0.353824074125751,1.5449672055092356
136,5,560,5510.000000000002,4804.848009133724,0.15812758669901528,0.38376471723209904,0.05291767347057419,0.8720232321476811
136,6,440,4310.000000000002,4804.848009133724,0.09604681033252462,0.9042189762999427,0.09681863332121687,1.1148139232328822
136,4,210,3110.000000000001,4804.848009133724,0.1584130155558727,0.37007694542812664,0.09057371001336524,1.5449672055092356
136,2,560,5510.000000000002,4804.848009133724,0.156272299129442,1.9540948356883308,0.26629051284734306,0.8720232321476811
136,1,620,6110.000000000002,4804.848009133724,0.1374339945768517,1.902333966858208,0.20559823218987167,0.7863908361920986
136,0,620,6110.000000000002,4804.848009133724,0.13757670900528043,2.205889216137667,0.23865308789460685,0.7863908361920986
137,1,620,6110.000000000002,5571.335807050094,0.1374339945768517,1.1745762924699255,0.14719515871000388,0.911838920957462
137,6,396,3870.0000000000014,5571.335807050094,0.09604681033252462,0.1969203442590172,0.02722838633190137,1.4396216555684993
137,0,620,6110.000000000002,5571.335807050094,0.13757670900528043,0.7908737225112373,0.0992133668967205,0.911838920957462
137,4,560,5510.000000000002,5571.335807050094,0.1584130155558727,1.9492284815506478,0.31222045114018354,1.0111317254174397
137,3,700,6910.000000000002,5571.335807050094,0.15612958470101326,0.7250078840137506,0.09126604321359384,0.8062714626700569
137,5,525,5160.000000000001,5571.335807050094,0.15812758669901528,2.0660340833477124,0.35274003934029036,1.0797162416763748
137,2,490,4810.000000000001,5571.335807050094,0.156272299129442,0.9953448620729435,0.18016475698703457,1.158281872567587
138,5,175,3110.000000000001,4647.6780362494665,0.15812758669901528,0.5874724452033356,0.13882599351793948,1.4944302367361624
138,6,440,4310.000000000002,4647.6780362494665,0.09604681033252462,0.6676961787078647,0.06915452495538023,1.078347572215653
138,4,420,4110.000000000002,4647.6780362494665,0.1584130155558727,0.8052544060320833,0.14425078468019115,1.13082190663004
138,3,700,6910.000000000002,4647.6780362494665,0.15612958470101326,1.9158768901477259,0.20119203854017143,0.6726017418595464
138,1,620,6110.000000000002,4647.6780362494665,0.1374339945768517,0.9775914395964219,0.10219893836663656,0.7606674363747079
138,0,434,4250.000000000002,4647.6780362494665,0.13757670900528043,0.9122162852814314,0.1372428861910784,1.093571302646933
138,2,385,3760.0000000000014,4647.6780362494665,0.156272299129442,1.6296829028796929,0.3147989688872265,1.2360845841089
139,2,140,3110.000000000001,4725.156272299131,0.156272299129442,0.9241981589407742,0.2194334786336817,1.5193428528293023
139,3,35,3110.000000000001,4725.156272299131,0.15612958470101326,0.8105245615022374,0.19226807211642147,1.5193428528293023
139,5,700,6910.000000000002,4725.156272299131,0.15812758669901528,1.4915586366724871,0.16128207524361177,0.6838142217509595
139,1,620,6110.000000000002,4725.156272299131,0.1374339945768517,0.9451331976745568,0.1004528247304604,0.7733479987396285
139,4,700,6910.000000000002,4725.156272299131,0.1584130155558727,1.5388161995239458,0.16669237706632112,0.6838142217509595
139,0,310,3110.000000000001,4725.156272299131,0.13757670900528043,0.684063843702232,0.14298725865318138,1.5193428528293023
139,6,88,3110.000000000001,4725.156272299131,0.09604681033252462,0.4001583037698965,0.058394314884354065,1.5193428528293023
140,1,93,3110.000000000001,4928.959611816756,0.1374339945768517,0.7914852145763375,0.17239785046028844,1.5848744732529756
140,5,315,3110.000000000001,4928.959611816756,0.15812758669901528,1.4847450095640027,0.3720954741204635,1.5848744732529756
140,2,455,4460.000000000002,4928.959611816756,0.156272299129442,0.7284149826414029,0.12580018293492015,1.105147895026178
140,3,700,6910.000000000002,4928.959611816756,0.15612958470101326,0.6536841157208184,0.07279982721784779,0.713308192737591
140,4,700,6910.000000000002,4928.959611816756,0.1584130155558727,1.17933455081717,0.13326162219991403,0.713308192737591
140,0,620,6110.000000000002,4928.959611816756,0.13757670900528043,0.7274752398876759,0.08073785034855135,0.8067037007883394
140,6,154,3110.000000000001,4928.959611816756,0.09604681033252462,0.42375348387686457,0.06450466127245795,1.5848744732529756
141,6,330,3210.000000000001,5417.414014556874,0.09604681033252462,0.49029021542043094,0.07947365147888244,1.6876679173074367
141,5,700,6910.000000000002,5417.414014556874,0.15812758669901528,0.8527631515625156,0.10571827018540039,0.783996239443831
141,2,700,6910.000000000002,5417.414014556874,0.156272299129442,2.039944176672237,0.24992762618653938,0.783996239443831
141,4,630,6210.000000000002,5417.414014556874,0.1584130155558727,0.6034546041941936,0.08339420890130456,0.8723694065308972
141,3,175,3110.000000000001,5417.414014556874,0.15612958470101326,1.3320342209464031,0.36226987789097814,1.741933766738544
141,0,620,6110.000000000002,5417.414014556874,0.13757670900528043,0.6843091264980912,0.08347339267002468,0.8866471382253472
141,1,465,4560.000000000002,5417.414014556874,0.1374339945768517,0.4751730760712749,0.07758418080126715,1.1880293891572087
142,1,341,3320.0000000000014,4886.72042243471,0.1374339945768517,0.9191724280459184,0.1859390327771911,1.4719037416972012
142,3,140,3110.000000000001,4886.72042243471,0.15612958470101326,0.3213225443854767,0.07882854413303224,1.5712927403327037
142,6,440,4310.000000000002,4886.72042243471,0.09604681033252462,0.3397619923283218,0.03699967967975798,1.1338098427922756
142,2,595,5860.000000000002,4886.72042243471,0.156272299129442,0.5366165193505028,0.06993038458416023,0.833911334886469
142,4,700,6910.000000000002,4886.72042243471,0.1584130155558727,1.3777163299501773,0.1543441285556939,0.7071954301642125
142,5,700,6910.000000000002,4886.72042243471,0.15812758669901528,1.6271799947714818,0.18196283088962142,0.7071954301642125
142,0,62,3110.000000000001,4886.72042243471,0.13757670900528043,0.9873321047657637,0.21343482358345683,1.5712927403327037
143,2,350,3410.000000000001,4687.451120308265,0.156272299129442,2.4619505096487573,0.528863619777091,1.3746190968645935
143,6,440,4310.000000000002,4687.451120308265,0.09604681033252462,0.5648835606795122,0.05900670510805586,1.0875756659647942
143,0,620,6110.000000000002,4687.451120308265,0.13757670900528043,0.3187207840394784,0.03363960156625632,0.7671769427673099
143,5,560,5510.000000000002,4687.451120308265,0.15812758669901528,1.0787002637608263,0.1451087433154218,0.8507170817256376
143,3,455,4460.000000000002,4687.451120308265,0.15612958470101326,1.6378797869974293,0.26876277783989055,1.050998009037727
143,4,140,3110.000000000001,4687.451120308265,0.1584130155558727,2.206760339809293,0.5268929583081556,1.5072190097454223
143,1,620,6110.000000000002,4687.451120308265,0.1374339945768517,0.33881542673287557,0.03572340831501723,0.7671769427673099
144,0,155,3110.000000000001,5140.980448123307,0.13757670900528043,2.3981934132061826,0.5453994371259921,1.653048375602349
144,6,198,3110.000000000001,5140.980448123307,0.09604681033252462,0.5349845386305832,0.08493950793206188,1.653048375602349
144,1,496,4870.000000000001,5140.980448123307,0.1374339945768517,1.9358110927517618,0.28084981023290084,1.0556428024893851
144,4,700,6910.000000000002,5140.980448123307,0.1584130155558727,1.1443406969446457,0.1348696124089366,0.7439913817834016
144,2,700,6910.000000000002,5140.980448123307,0.156272299129442,0.430203943331507,0.05001776633957819,0.7439913817834016
144,5,140,3110.000000000001,5140.980448123307,0.15812758669901528,0.9908358246582406,0.25899710316646635,1.653048375602349
144,3,700,6910.000000000002,5140.980448123307,0.15612958470101326,0.5985898017067591,0.06953163195953059,0.7439913817834016
145,0,93,3110.000000000001,4774.083059797346,0.13757670900528043,0.44017169647967874,0.09296010626679341,1.53507493884159
145,3,315,3110.000000000001,4774.083059797346,0.15612958470101326,1.977261303997469,0.473891428169928,1.53507493884159
145,5,525,5160.000000000001,4774.083059797346,0.15812758669901528,1.2518341036241838,0.18314484149488391,0.9252098953095631
145,4,700,6910.000000000002,4774.083059797346,0.1584130155558727,1.7127563606314258,0.1874555804089277,0.6908947988129298
145,2,700,6910.000000000002,4774.083059797346,0.156272299129442,1.9051088423800675,0.20569025552423817,0.6908947988129298
145,6,440,4310.000000000002,4774.083059797346,0.09604681033252462,0.2711447649331045,0.028846748688181906,1.1076758839436993
145,1,341,3320.0000000000014,4774.083059797346,0.1374339945768517,0.49830438220970763,0.09847834991472085,1.437976825240164
146,2,700,6910.000000000002,5328.2931354359935,0.156272299129442,0.42623488132332915,0.051361896517811825,0.7710988618575966
146,0,372,3630.000000000001,5328.2931354359935,0.13757670900528043,0.8252332902747989,0.16664916430201468,1.4678493486049564
146,5,210,3110.000000000001,5328.2931354359935,0.15812758669901528,1.622782184728746,0.43963837568583847,1.7132775355099652
146,3,665,6560.000000000001,5328.2931354359935,0.15612958470101326,0.4033031236842655,0.05114475003169481,0.8122398072310965
146,6,88,3110.000000000001,5328.2931354359935,0.09604681033252462,0.6254706389337983,0.10292422247818862,1.7132775355099652
146,1,620,6110.000000000002,5328.2931354359935,0.1374339945768517,0.9397596397234296,0.11263097875512652,0.8720610696294586
146,4,700,6910.000000000002,5328.2931354359935,0.1584130155558727,1.8448091553923787,0.2253473050485181,0.7710988618575966
147,3,665,6560.000000000001,5663.47509633224,0.15612958470101326,2.0054907331269036,0.27032425815365596,0.8633346183433293
147,2,560,5510.000000000002,5663.47509633224,0.156272299129442,1.9539311064882194,0.31385036992801585,1.027853919479535
147,4,455,4460.000000000002,5663.47509633224,0.1584130155558727,0.8954867002469117,0.18013501408262073,1.2698374655453448
147,5,700,6910.000000000002,5663.47509633224,0.15812758669901528,0.5217824414085591,0.06762418610506421,0.819605657935201
147,0,620,6110.000000000002,5663.47509633224,0.13757670900528043,1.071804993131504,0.13667921544909906,0.9269190010363729
147,6,154,3110.000000000001,5663.47509633224,0.09604681033252462,0.23344831185845047,0.04083158988143389,1.821053085637376
147,1,620,6110.000000000002,5663.47509633224,0.1374339945768517,0.8903153044461438,0.11341742774628844,0.9269190010363729
148,4,350,3410.000000000001,5006.680462394749,0.1584130155558727,1.5068658363376155,0.3504781466496739,1.4682347397052047
148,0,496,4870.000000000001,5006.680462394749,0.13757670900528043,0.5893369437272193,0.0833545855287906,1.028065803366478
148,2,700,6910.000000000002,5006.680462394749,0.156272299129442,0.7017554589114932,0.07945836576767415,0.7245557832698623
148,5,700,6910.000000000002,5006.680462394749,0.15812758669901528,1.489176507306665,0.1706183141646858,0.7245557832698623
148,6,88,3110.000000000001,5006.680462394749,0.09604681033252462,0.30564474964759053,0.047259527171980356,1.6098651004484719
148,3,35,3110.000000000001,5006.680462394749,0.15612958470101326,0.47000082009720506,0.11813356382154651,1.6098651004484719
148,1,620,6110.000000000002,5006.680462394749,0.1374339945768517,0.5467646457855693,0.06157483532152278,0.8194239709320372
149,5,595,5860.000000000002,5333.947481090339,0.15812758669901528,0.4891778796491851,0.07040857786308159,0.910229945578556
149,3,700,6910.000000000002,5333.947481090339,0.15612958470101326,1.619285843198353,0.1951548780984459,0.7719171463227696
149,1,310,3110.000000000001,5333.947481090339,0.1374339945768517,1.0374297506420507,0.24453510478732407,1.7150956530837098
149,2,700,6910.000000000002,5333.947481090339,0.156272299129442,1.4496763041883423,0.174873390241727,0.7719171463227696
149,0,124,3110.000000000001,5333.947481090339,0.13757670900528043,1.1395951721642656,0.26889570371288224,1.7150956530837098
149,4,700,6910.000000000002,5333.947481090339,0.1584130155558727,0.4095068714719305,0.050075205786364686,0.7719171463227696
149,6,66,3110.000000000001,5333.947481090339,0.09604681033252462,0.5584283310237301,0.0919896012679718,1.7150956530837098
150,6,242,3110.000000000001,4677.98915370344,0.09604681033252462,0.3486569321679432,0.05037094199146689,1.5041765767535173
150,4,175,3110.000000000001,4677.98915370344,0.1584130155558727,2.330265245573394,0.5552582765828248,1.5041765767535173
150,2,350,3410.000000000001,4677.98915370344,0.156272299129442,1.9689378129099362,0.422103382907609,1.3718443265992488
150,3,700,6910.000000000002,4677.98915370344,0.15612958470101326,1.4242578644400863,0.15054106838104495,0.6769883001018001
150,5,385,3760.0000000000014,4677.98915370344,0.15812758669901528,2.462493371544324,0.484455709553792,1.2441460515168719
150,0,620,6110.000000000002,4677.98915370344,0.13757670900528043,0.22423929752943048,0.02361971434262233,0.7656283393949982
150,1,620,6110.000000000002,4677.98915370344,0.1374339945768517,0.21911709115505448,0.023056236793584248,0.7656283393949982
