round,cid,tau,a_i,a_eff,p_i,raw_update_norm,contribution_norm,amp_vs_fedavg
1,4,700,6910.000000000002,4986.380762095049,0.1584130155558727,4.401759992193595,0.5031814369695119,0.7216180552959548
1,3,700,6910.000000000002,4986.380762095049,0.15612958470101326,4.014530012900964,0.45230074652140717,0.7216180552959548
1,0,310,3110.000000000001,4986.380762095049,0.13757670900528043,2.8395213972931046,0.626347158295764,1.6033378656254174
1,5,490,4810.000000000001,4986.380762095049,0.15812758669901528,3.6444913522842306,0.5974271138973962,1.0366695971091577
1,1,620,6110.000000000002,4986.380762095049,0.1374339945768517,3.898679419089513,0.4372762834772349,0.8161015977242304
1,6,22,3110.000000000001,4986.380762095049,0.09604681033252462,1.9333813135298683,0.2977319986325539,1.6033378656254174
1,2,315,3110.000000000001,4986.380762095049,0.156272299129442,2.878843362455924,0.7213152043088096,1.6033378656254174
2,2,525,5160.000000000001,5307.575281860997,0.156272299129442,3.0651431346840003,0.49269621134765373,1.0285998608257745
2,1,372,3630.000000000001,5307.575281860997,0.1374339945768517,2.9641084022725477,0.5956316817608959,1.4621419509258942
2,0,31,3110.000000000001,5307.575281860997,0.13757670900528043,1.392294021457848,0.32689753706886165,1.706615846257555
2,6,330,3210.000000000001,5307.575281860997,0.09604681033252462,0.17639401987686923,0.028012891214833247,1.6534502435704037
2,5,700,6910.000000000002,5307.575281860997,0.15812758669901528,4.105895268263199,0.49869340593671585,0.7681006196615044
2,3,700,6910.000000000002,5307.575281860997,0.15612958470101326,3.5240377253805213,0.4226139893348615,0.7681006196615044
2,4,700,6910.000000000002,5307.575281860997,0.1584130155558727,4.104357016695187,0.4994064044951526,0.7681006196615044
3,0,620,6110.000000000002,4686.994434137293,0.13757670900528043,3.2356189299028726,0.34147232497425506,0.767102198713141
3,3,105,3110.000000000001,4686.994434137293,0.15612958470101326,1.321603053043876,0.31097128375568006,1.507072165317457
3,1,620,6110.000000000002,4686.994434137293,0.1374339945768517,3.207683418818559,0.3381729736302839,0.767102198713141
3,5,420,4110.000000000002,4686.994434137293,0.15812758669901528,2.8441392569047355,0.5128745107052295,1.1403879401793895
3,6,264,3110.000000000001,4686.994434137293,0.09604681033252462,0.7134922076139028,0.10327762205464462,1.507072165317457
3,2,700,6910.000000000002,4686.994434137293,0.156272299129442,3.3710862171865443,0.35732899019443537,0.6782915244771768
3,4,315,3110.000000000001,4686.994434137293,0.1584130155558727,2.459967799106726,0.5872923344295992,1.507072165317457
4,5,70,3110.000000000001,5382.982731554162,0.15812758669901528,0.9792012725251295,0.2680045761824874,1.7308626146476398
4,6,132,3110.000000000001,5382.982731554162,0.09604681033252462,0.3968956305869714,0.0659814510332086,1.7308626146476398
4,1,589,5800.000000000002,5382.982731554162,0.1374339945768517,3.3679143705129078,0.42958608329120607,0.9281004709576137
4,2,700,6910.000000000002,5382.982731554162,0.156272299129442,3.358965067741341,0.40891442228067754,0.7790134199065355
4,0,403,3940.000000000001,5382.982731554162,0.13757670900528043,2.4720200101952026,0.4646475623711813,1.366239271968061
4,4,700,6910.000000000002,5382.982731554162,0.1584130155558727,3.582391872466974,0.44208816781184823,0.7790134199065355
4,3,700,6910.000000000002,5382.982731554162,0.15612958470101326,3.530051935234006,0.4293497740235013,0.7790134199065355
5,5,105,3110.000000000001,5301.731126016842,0.15812758669901528,1.3143985711446422,0.35431703348675253,1.7047366964684374
5,4,560,5510.000000000002,5301.731126016842,0.1584130155558727,3.222463966782542,0.4911849271243704,0.9622016562643992
5,1,620,6110.000000000002,5301.731126016842,0.1374339945768517,3.4417537693878804,0.41044073352463006,0.867713768578861
5,0,589,5800.000000000002,5301.731126016842,0.13757670900528043,3.2094327247603522,0.40361091116433107,0.9140915734511793
5,6,440,4310.000000000002,5301.731126016842,0.09604681033252462,0.4578533715445035,0.05409408662367143,1.2301000292382458
5,2,700,6910.000000000002,5301.731126016842,0.156272299129442,3.5798430099780774,0.429225618250238,0.7672548662831896
5,3,525,5160.000000000001,5301.731126016842,0.15612958470101326,2.985559782445252,0.4789376442640532,1.0274672724838838
6,2,175,3110.000000000001,5187.094334237193,0.156272299129442,1.63776446183471,0.4268715410943509,1.6678759917161388
6,3,455,4460.000000000002,5187.094334237193,0.15612958470101326,2.931009214518863,0.5322205946362799,1.1630256354791908
6,5,560,5510.000000000002,5187.094334237193,0.15812758669901528,3.1073509670045136,0.46256258223867425,0.941396430896042
6,1,620,6110.000000000002,5187.094334237193,0.1374339945768517,3.8689018255614402,0.4514033888894214,0.8489516095314552
6,0,620,6110.000000000002,5187.094334237193,0.13757670900528043,3.37076565664208,0.3936918396026115,0.8489516095314552
6,6,440,4310.000000000002,5187.094334237193,0.09604681033252462,0.46121699275007694,0.05331324564116348,1.2035021657162857
6,4,665,6560.000000000001,5187.094334237193,0.1584130155558727,3.938618931512071,0.4933499997007745,0.7907155997312793
7,1,248,3110.000000000001,4710.014271442844,0.1374339945768517,2.114657859882211,0.4401453464950862,1.5144740422645795
7,4,70,3110.000000000001,4710.014271442844,0.1584130155558727,1.4668157990506479,0.35190729873195664,1.5144740422645795
7,5,420,4110.000000000002,4710.014271442844,0.15812758669901528,3.089259534250125,0.5598123043420231,1.1459888738303752
7,2,700,6910.000000000002,4710.014271442844,0.156272299129442,4.155493839264906,0.4426381276398693,0.6816229046950568
7,0,620,6110.000000000002,4710.014271442844,0.13757670900528043,3.588760123692487,0.38060138105988095,0.7708697661935913
7,6,440,4310.000000000002,4710.014271442844,0.09604681033252462,0.4441792441066235,0.046621491188508515,1.092810735833606
7,3,525,5160.000000000001,4710.014271442844,0.15612958470101326,3.625426302429635,0.5166742374240261,0.9127934634579153
8,0,527,5180.000000000002,5982.902811474241,0.13757670900528043,3.374364641262025,0.5361905015551626,1.1550005427556447
8,1,620,6110.000000000002,5982.902811474241,0.1374339945768517,3.7345867193810016,0.5025826083176825,0.9791984961496301
8,2,595,5860.000000000002,5982.902811474241,0.156272299129442,4.217348643077388,0.6728772403542357,1.0209731760194949
8,5,630,6210.000000000002,5982.902811474241,0.15812758669901528,4.0963421375537195,0.6240569349172991,0.9634304044241931
8,6,440,4310.000000000002,5982.902811474241,0.09604681033252462,0.36183777758569047,0.04824269177413594,1.3881445038223292
8,4,700,6910.000000000002,5982.902811474241,0.1584130155558727,4.383724853097865,0.6012679427383631,0.8658325342220318
8,3,665,6560.000000000001,5982.902811474241,0.15612958470101326,4.589624415966458,0.6535374217062295,0.9120278676027805
9,5,315,3110.000000000001,4848.039103753391,0.15812758669901528,2.8227689348839173,0.6958068458098039,1.558855017284048
9,3,700,6910.000000000002,4848.039103753391,0.15612958470101326,4.496630290389659,0.4925614884252927,0.7015975548123574
9,6,440,4310.000000000002,4848.039103753391,0.09604681033252462,0.30155839313954597,0.03257940970496986,1.1248350588754963
9,1,620,6110.000000000002,4848.039103753391,0.1374339945768517,3.9900191873907236,0.43510498364213007,0.793459755115121
9,0,496,4870.000000000001,4848.039103753391,0.13757670900528043,4.105376128459544,0.562257195493202,0.9954905757193819
9,2,560,5510.000000000002,4848.039103753391,0.156272299129442,4.078841056503934,0.5608326630387713,0.8798619063073302
9,4,35,3110.000000000001,4848.039103753391,0.1584130155558727,1.4237287033383887,0.35157972913085467,1.558855017284048
10,0,310,3110.000000000001,4876.233766233767,0.13757670900528043,2.749901265269908,0.5931795165326832,1.5679208251555516
10,3,70,3110.000000000001,4876.233766233767,0.15612958470101326,1.7337609242365568,0.42442264102938043,1.5679208251555516
10,1,620,6110.000000000002,4876.233766233767,0.1374339945768517,3.800270981617644,0.41682335254622405,0.7980742661593724
10,6,22,3110.000000000001,4876.233766233767,0.09604681033252462,0.35037763701049557,0.052764697728752696,1.5679208251555516
10,2,700,6910.000000000002,4876.233766233767,0.156272299129442,4.395157909948588,0.4846887671398417,0.7056778243464205
10,4,700,6910.000000000002,4876.233766233767,0.1584130155558727,4.560784420684386,0.5098434871278413,0.7056778243464205
10,5,420,4110.000000000002,4876.233766233767,0.15812758669901528,3.3741240475267436,0.6330111846481105,1.1864315732928867
11,2,700,6910.000000000002,5412.760097045813,0.156272299129442,4.49575148331635,0.5503323333161885,0.7833227347389019
11,5,665,6560.000000000001,5412.760097045813,0.15812758669901528,4.3211865357226245,0.5638006815944457,0.8251158684521056
11,0,372,3630.000000000001,5412.760097045813,0.13757670900528043,2.6051114578403465,0.5344208324870835,1.491118484034659
11,3,350,3410.000000000001,5412.760097045813,0.15612958470101326,3.288182129902782,0.8149021602973996,1.587319676553024
11,4,700,6910.000000000002,5412.760097045813,0.1584130155558727,4.710505721786853,0.5845196672802324,0.7833227347389019
11,1,620,6110.000000000002,5412.760097045813,0.1374339945768517,3.4898170340387966,0.4248879322568017,0.8858854495983325
11,6,352,3430.000000000001,5412.760097045813,0.09604681033252462,0.32397845746601434,0.04910477651488603,1.5780641682349306
12,4,210,3110.000000000001,5155.2875695732855,0.1584130155558727,2.6284716601104954,0.6902186135748062,1.6576487361971974
12,6,374,3650.000000000001,5155.2875695732855,0.09604681033252462,0.47830048058313246,0.06488492327061918,1.4124075533077491
12,5,700,6910.000000000002,5155.2875695732855,0.15812758669901528,3.754036076270257,0.4428747633564719,0.7460618769281164
12,2,700,6910.000000000002,5155.2875695732855,0.156272299129442,4.1908484217157165,0.48860600858740905,0.7460618769281164
12,1,527,5180.000000000002,5155.2875695732855,0.1374339945768517,2.450077172446232,0.33511747086663596,0.995229260535383
12,3,385,3760.0000000000014,5155.2875695732855,0.15612958470101326,3.428792796619876,0.7339922878817311,1.3710871195673626
12,0,620,6110.000000000002,5155.2875695732855,0.13757670900528043,3.025558942774207,0.3512062372507579,0.8437459197337617
13,2,560,5510.000000000002,5285.567289853006,0.156272299129442,4.342217830810978,0.6509289922544738,0.9592681106811259
13,0,62,3110.000000000001,5285.567289853006,0.13757670900528043,1.5983279348608352,0.3737162853831616,1.6995393214961427
13,5,700,6910.000000000002,5285.567289853006,0.15812758669901528,3.879220303507524,0.4692082567124656,0.7649156714693205
13,4,630,6210.000000000002,5285.567289853006,0.1584130155558727,3.9653021640569492,0.5346470246597719,0.8511380498958139
13,1,62,3110.000000000001,5285.567289853006,0.1374339945768517,1.5329365917990398,0.3580548640735276,1.6995393214961427
13,3,700,6910.000000000002,5285.567289853006,0.15612958470101326,3.706676252469177,0.4426733925370441,0.7649156714693205
13,6,440,4310.000000000002,5285.567289853006,0.09604681033252462,0.3888095165321686,0.04579669831351651,1.2263497192234347
14,4,245,3110.000000000001,4910.970458113317,0.1584130155558727,2.6128442662572504,0.6535989097533854,1.579090179457658
14,3,105,3110.000000000001,4910.970458113317,0.15612958470101326,2.091211001139507,0.5155727937848,1.579090179457658
14,0,620,6110.000000000002,4910.970458113317,0.13757670900528043,2.7928937795097726,0.30883424187323977,0.8037594857795934
14,2,560,5510.000000000002,4910.970458113317,0.156272299129442,3.078480117896414,0.42877956323665817,0.8912832047392587
14,1,620,6110.000000000002,4910.970458113317,0.1374339945768517,2.8514292230202494,0.3149799264233608,0.8037594857795934
14,5,700,6910.000000000002,4910.970458113317,0.15812758669901528,3.439297105558473,0.38651523011072253,0.710704841984561
14,6,176,3110.000000000001,4910.970458113317,0.09604681033252462,0.40544516337664627,0.06149247926518587,1.579090179457658
15,1,620,6110.000000000002,5161.7882117882145,0.1374339945768517,2.9955037508475426,0.3477947392649672,0.844809854629822
15,0,527,5180.000000000002,5161.7882117882145,0.13757670900528043,3.672979076800185,0.503539787767229,0.9964842107699252
15,5,70,3110.000000000001,5161.7882117882145,0.15812758669901528,1.5239640156962688,0.39996514631361996,1.6597389748515154
15,4,560,5510.000000000002,5161.7882117882145,0.1584130155558727,3.3807864335119557,0.5017151101575074,0.9368036682011276
15,6,440,4310.000000000002,5161.7882117882145,0.09604681033252462,0.38724140380606353,0.04454383899955179,1.1976306755889123
15,2,700,6910.000000000002,5161.7882117882145,0.156272299129442,3.0460253596451787,0.35558026601630244,0.7470026355699295
15,3,490,4810.000000000001,5161.7882117882145,0.15612958470101326,3.403253912469129,0.5702097802480608,1.073136842367612
16,4,210,3110.000000000001,4389.948622805767,0.1584130155558727,2.16781316414035,0.4847432374701152,1.4115590427028184
16,6,440,4310.000000000002,4389.948622805767,0.09604681033252462,0.4012607812483017,0.03925471499134394,1.018549564456094
16,3,245,3110.000000000001,4389.948622805767,0.15612958470101326,2.814471892916406,0.6202705603627378,1.4115590427028184
16,5,420,4110.000000000002,4389.948622805767,0.15812758669901528,2.9940778740464333,0.5056946400153769,1.068114020147388
16,2,700,6910.000000000002,4389.948622805767,0.156272299129442,3.135027210616938,0.31124666489905667,0.6353037080760876
16,1,155,3110.000000000001,4389.948622805767,0.1374339945768517,2.69332717151206,0.5224952307578944,1.4115590427028184
16,0,620,6110.000000000002,4389.948622805767,0.13757670900528043,2.3360485968095754,0.23091120992260394,0.718485862979667
17,3,700,6910.000000000002,5892.560296846012,0.15612958470101326,2.749810153916697,0.36611194919812245,0.8527583642324182
17,0,620,6110.000000000002,5892.560296846012,0.13757670900528043,3.74979487780957,0.4975253946716951,0.9644124872088395
17,1,465,4560.000000000002,5892.560296846012,0.1374339945768517,2.253002319088334,0.4001243677887873,1.2922281352732476
17,2,595,5860.000000000002,5892.560296846012,0.156272299129442,3.2251843710694046,0.5068074233322545,1.0055563646494898
17,4,700,6910.000000000002,5892.560296846012,0.1584130155558727,2.788010562463936,0.37662683782610107,0.8527583642324182
17,5,665,6560.000000000001,5892.560296846012,0.15812758669901528,2.9722879974700636,0.42218104106498705,0.8982561428118919
17,6,308,3110.000000000001,5892.560296846012,0.09604681033252462,0.4677291047650595,0.0851179171759457,1.8947139218154372
18,2,105,3110.000000000001,4419.433423719139,0.156272299129442,1.9084254677158194,0.42380240026746946,1.4210396860833239
18,1,186,3110.000000000001,4419.433423719139,0.1374339945768517,2.3277953017673894,0.4546164682758449,1.4210396860833239
18,4,245,3110.000000000001,4419.433423719139,0.1584130155558727,2.532722934936582,0.5701442533012888,1.4210396860833239
18,0,93,3110.000000000001,4419.433423719139,0.13757670900528043,1.629248275149079,0.31852123662062753,1.4210396860833239
18,3,700,6910.000000000002,4419.433423719139,0.15612958470101326,3.6083863692749776,0.3603186872816376,0.6395706836062428
18,5,700,6910.000000000002,4419.433423719139,0.15812758669901528,3.62212450346326,0.3663191018158851,0.6395706836062428
18,6,440,4310.000000000002,4419.433423719139,0.09604681033252462,0.25612301126963094,0.025224401568074876,1.0253905855496837
19,3,35,3110.000000000001,5305.631511345798,0.15612958470101326,1.3551289159814972,0.3609462314604379,1.7059908396610277
19,0,589,5800.000000000002,5305.631511345798,0.13757670900528043,1.9672369987937983,0.24757722487085876,0.9147640536803097
19,2,700,6910.000000000002,5305.631511345798,0.156272299129442,2.9410442466853994,0.3528926366060354,0.7678193214682774
19,6,110,3110.000000000001,5305.631511345798,0.09604681033252462,0.43219659745603545,0.07081756422972184,1.7059908396610277
19,5,700,6910.000000000002,5305.631511345798,0.15812758669901528,2.5847132054768633,0.3138188604963936,0.7678193214682774
19,4,700,6910.000000000002,5305.631511345798,0.1584130155558727,2.201220143147164,0.2677400722066578,0.7678193214682774
19,1,341,3320.0000000000014,5305.631511345798,0.1374339945768517,2.068082808948375,0.45421460477635744,1.598081780525842
20,3,700,6910.000000000002,5024.304267161411,0.15612958470101326,3.3153933380415683,0.3763727303465811,0.7271062615284241
20,0,558,5490.000000000002,5024.304267161411,0.13757670900528043,1.9771503591810293,0.2489362837771298,0.9151738191550837
20,6,440,4310.000000000002,5024.304267161411,0.09604681033252462,0.32071103887003183,0.03590835558455717,1.1657318485293293
20,4,210,3110.000000000001,5024.304267161411,0.1584130155558727,2.3293659182045974,0.5961343142894516,1.6155319187014179
20,5,280,3110.000000000001,5024.304267161411,0.15812758669901528,2.4516304243554994,0.6262939091442328,1.6155319187014179
20,1,527,5180.000000000002,5024.304267161411,0.1374339945768517,1.8779057736020541,0.2503307145679836,0.9699429087184188
20,2,700,6910.000000000002,5024.304267161411,0.156272299129442,2.47701841067727,0.28145509889759784,0.7271062615284241
21,2,700,6910.000000000002,4823.927501070359,0.156272299129442,3.934385825781509,0.4292217029066792,0.6981081767106161
21,0,620,6110.000000000002,4823.927501070359,0.13757670900528043,2.277130185565709,0.24733885082286958,0.7895135026301731
21,3,700,6910.000000000002,4823.927501070359,0.15612958470101326,3.073872622713265,0.33503779072625123,0.6981081767106161
21,4,105,3110.000000000001,4823.927501070359,0.1584130155558727,1.7081957802574517,0.4197289154470631,1.5511020903763206
21,1,403,3940.000000000001,4823.927501070359,0.1374339945768517,2.7298553219626864,0.45934432020413923,1.2243470814899384
21,6,176,3110.000000000001,4823.927501070359,0.09604681033252462,0.4334359233123666,0.0645725939467766,1.5511020903763206
21,5,245,3110.000000000001,4823.927501070359,0.15812758669901528,2.11852137807921,0.5196140395824903,1.5511020903763206
22,4,665,6560.000000000001,5450.652204937921,0.1584130155558727,1.7404594381382832,0.22908644866117603,0.8308921044112684
22,3,105,3110.000000000001,5450.652204937921,0.15612958470101326,1.797215061407368,0.491782801282559,1.752621287761389
22,2,700,6910.000000000002,5450.652204937921,0.156272299129442,2.5495016478726855,0.31427347146185985,0.7888063972413777
22,0,589,5800.000000000002,5450.652204937921,0.13757670900528043,2.919708095707168,0.37748945852999904,0.9397676215410206
22,6,440,4310.000000000002,5450.652204937921,0.09604681033252462,0.28178850440113545,0.03422767661246475,1.2646524837442967
22,5,700,6910.000000000002,5450.652204937921,0.15812758669901528,2.243490378011235,0.27983515842098056,0.7888063972413777
22,1,403,3940.000000000001,5450.652204937921,0.1374339945768517,1.7827777593352478,0.338956234788274,1.38341426521267
23,6,440,4310.000000000002,4959.657485371772,0.09604681033252462,0.38709399326930305,0.04278325211773142,1.1507325952138678
23,1,279,3110.000000000001,4959.657485371772,0.1374339945768517,2.40492838100286,0.527093442519757,1.594745172145264
23,5,175,3110.000000000001,4959.657485371772,0.15812758669901528,1.7241361175975551,0.4347809314433078,1.594745172145264
23,0,310,3110.000000000001,4959.657485371772,0.13757670900528043,1.9616763528988381,0.4303913847503155,1.594745172145264
23,2,665,6560.000000000001,4959.657485371772,0.156272299129442,2.3795484565234615,0.28114113932780127,0.7560453483798432
23,4,700,6910.000000000002,4959.657485371772,0.1584130155558727,3.0947797995354662,0.35187973193152106,0.7177507214720363
23,3,700,6910.000000000002,4959.657485371772,0.15612958470101326,2.2006883814715947,0.2466138100255149,0.7177507214720363
24,1,620,6110.000000000002,4717.5638647067235,0.1374339945768517,1.722782647828233,0.18281054206469527,0.7721053788390707
24,4,700,6910.000000000002,4717.5638647067235,0.1584130155558727,2.961793689295833,0.32032099553342375,0.6827154652252854
24,6,132,3110.000000000001,4717.5638647067235,0.09604681033252462,0.37348066025238985,0.05441372579983883,1.5169015642143802
24,5,245,3110.000000000001,4717.5638647067235,0.15812758669901528,2.2314480250102715,0.5352440124958038,1.5169015642143802
24,3,700,6910.000000000002,4717.5638647067235,0.15612958470101326,2.590861378156507,0.27616530861250804,0.6827154652252854
24,2,70,3110.000000000001,4717.5638647067235,0.156272299129442,1.94651079691335,0.46141979070855627,1.5169015642143802
24,0,31,3110.000000000001,4717.5638647067235,0.13757670900528043,1.1173297508729023,0.23317590894192147,1.5169015642143802
25,4,700,6910.000000000002,4420.518053375197,0.1584130155558727,1.9914924308637285,0.2018202048233019,0.6397276488241963
25,3,700,6910.000000000002,4420.518053375197,0.15612958470101326,2.5192256576261274,0.2516212969389129,0.6397276488241963
25,2,315,3110.000000000001,4420.518053375197,0.156272299129442,1.8909310314113033,0.42002048316566043,1.4213884415997415
25,0,31,3110.000000000001,4420.518053375197,0.13757670900528043,1.3941649527885847,0.2726288784633033,1.4213884415997415
25,6,440,4310.000000000002,4420.518053375197,0.09604681033252462,0.28585851441566296,0.028159826684429554,1.0256422397622262
25,1,62,3110.000000000001,4420.518053375197,0.1374339945768517,1.9260626303355635,0.3762507326410143,1.4213884415997415
25,5,315,3110.000000000001,4420.518053375197,0.15812758669901528,2.3642576668372026,0.5313922649966344,1.4213884415997415
26,1,620,6110.000000000002,4721.930926216642,0.1374339945768517,1.398992944872124,0.14858949733989185,0.7728201188570606
26,6,440,4310.000000000002,4721.930926216642,0.09604681033252462,0.4072332211675867,0.04285174441193724,1.095575620931935
26,5,280,3110.000000000001,4721.930926216642,0.15812758669901528,1.8594487403830153,0.4464276592642765,1.5183057640567974
26,4,630,6210.000000000002,4721.930926216642,0.1584130155558727,1.7454044670324407,0.2102398190288488,0.7603753504374622
26,2,105,3110.000000000001,4721.930926216642,0.156272299129442,2.2858440200204853,0.542360227730611,1.5183057640567974
26,3,700,6910.000000000002,4721.930926216642,0.15612958470101326,3.2605868035848915,0.3478744666128729,0.6833474567607294
26,0,155,3110.000000000001,4721.930926216642,0.13757670900528043,1.5227177606766553,0.31807063101992467,1.5183057640567974
27,0,620,6110.000000000002,5705.191950906237,0.13757670900528043,2.5984929351166755,0.333807052024652,0.9337466368095312
27,3,525,5160.000000000001,5705.191950906237,0.15612958470101326,2.0683649432783997,0.35705320190235684,1.10565735482679
27,1,527,5180.000000000002,5705.191950906237,0.1374339945768517,1.8401108040986276,0.27853427571962736,1.1013884075108562
27,2,560,5510.000000000002,5705.191950906237,0.156272299129442,2.6353357804997715,0.4264190735039535,1.0354250364621116
27,5,700,6910.000000000002,5705.191950906237,0.15812758669901528,1.8480451416893067,0.24127505969620922,0.8256428293641441
27,6,154,3110.000000000001,5705.191950906237,0.09604681033252462,0.2742225167541934,0.04831655162320563,1.8344668652431626
27,4,700,6910.000000000002,5705.191950906237,0.1584130155558727,2.553574334780364,0.33398855088101775,0.8256428293641441
28,4,420,4110.000000000002,4717.6423576423595,0.1584130155558727,1.9930591741214427,0.36240505490500274,1.1478448558740528
28,5,700,6910.000000000002,4717.6423576423595,0.15812758669901528,1.6115375534789962,0.17397828279085037,0.6827268245502689
28,6,440,4310.000000000002,4717.6423576423595,0.09604681033252462,0.3574026447397153,0.03757408838394575,1.0945805934205006
28,1,248,3110.000000000001,4717.6423576423595,0.1374339945768517,2.60428365575021,0.5429340511079463,1.5169268031004366
28,2,525,5160.000000000001,4717.6423576423595,0.156272299129442,2.4270486664508297,0.3467654331890169,0.9142717747368913
28,3,105,3110.000000000001,4717.6423576423595,0.15612958470101326,1.976118280874588,0.4680182252423047,1.5169268031004366
28,0,620,6110.000000000002,4717.6423576423595,0.13757670900528043,2.3009866383441064,0.2444234203103908,0.772118225473381
29,4,700,6910.000000000002,4545.371771086058,0.1584130155558727,2.422557922045318,0.25243896677812805,0.6577962042092702
29,2,385,3760.0000000000014,4545.371771086058,0.156272299129442,1.4800607882451822,0.27960383258030824,1.2088754710335257
29,3,385,3760.0000000000014,4545.371771086058,0.15612958470101326,1.5077253223891085,0.2845699246847131,1.2088754710335257
29,6,440,4310.000000000002,4545.371771086058,0.09604681033252462,0.4959784328230541,0.050238640557626335,1.0546106197415444
29,1,620,6110.000000000002,4545.371771086058,0.1374339945768517,2.868928522076052,0.2933202847879342,0.743923366789862
29,5,385,3760.0000000000014,4545.371771086058,0.15812758669901528,1.9138532425994845,0.3658456038349128,1.2088754710335257
29,0,248,3110.000000000001,4545.371771086058,0.13757670900528043,1.6018008798004537,0.32207904194453885,1.461534331538925
30,0,620,6110.000000000002,4986.209504780934,0.13757670900528043,2.153696986585845,0.24180140988482707,0.816073568703917
30,5,700,6910.000000000002,4986.209504780934,0.15812758669901528,1.845061238328524,0.21052850326993397,0.7215932713141726
30,1,248,3110.000000000001,4986.209504780934,0.1374339945768517,4.128244335230502,0.9096403077912509,1.60328279896493
30,6,176,3110.000000000001,4986.209504780934,0.09604681033252462,0.29518672630801135,0.045455862697278054,1.60328279896493
30,2,105,3110.000000000001,4986.209504780934,0.156272299129442,1.7576838554032859,0.44038538590954224,1.60328279896493
30,3,700,6910.000000000002,4986.209504780934,0.15612958470101326,1.6587714008024417,0.18688059938994783,0.7215932713141726
30,4,490,4810.000000000001,4986.209504780934,0.1584130155558727,1.952769856885336,0.3206766734710794,1.0366339926779486
31,5,595,5860.000000000002,5177.0329670329675,0.15812758669901528,2.226938434176165,0.31109939616028337,0.8834527247496529
31,1,620,6110.000000000002,5177.0329670329675,0.1374339945768517,1.3962080322365102,0.1625863277776894,0.8473049045880467
31,3,700,6910.000000000002,5177.0329670329675,0.15612958470101326,2.7966271397028897,0.3271317188749357,0.749208823014901
31,2,175,3110.000000000001,5177.0329670329675,0.156272299129442,1.9905655915509857,0.5178202569639143,1.6646408254125293
31,0,620,6110.000000000002,5177.0329670329675,0.13757670900528043,2.1220671183327684,0.24736813381592065,0.8473049045880467
31,6,44,3110.000000000001,5177.0329670329675,0.09604681033252462,0.47713252237139303,0.0762855897904245,1.6646408254125293
31,4,455,4460.000000000002,5177.0329670329675,0.1584130155558727,2.0865152380004615,0.3836705758179353,1.1607697235499923
32,4,490,4810.000000000001,4986.751819608964,0.1584130155558727,2.4162446498225267,0.39682995260090154,1.0367467400434436
32,5,700,6910.000000000002,4986.751819608964,0.15812758669901528,1.6229966904306228,0.18521023575846216,0.7216717539231494
32,1,279,3110.000000000001,4986.751819608964,0.1374339945768517,2.0107313780057146,0.443103918532927,1.6034571767231391
32,2,700,6910.000000000002,4986.751819608964,0.156272299129442,1.9875624800821512,0.22415193843739692,0.7216717539231494
32,0,620,6110.000000000002,4986.751819608964,0.13757670900528043,1.737393035644634,0.19508305017706756,0.8161623272682427
32,6,220,3110.000000000001,4986.751819608964,0.09604681033252462,0.36844213385435115,0.056742648302310864,1.6034571767231391
32,3,70,3110.000000000001,4986.751819608964,0.15612958470101326,1.5053402101164557,0.3768575607639984,1.6034571767231391
33,1,620,6110.000000000002,4763.717710860569,0.1374339945768517,1.3962879113040374,0.14961459300100388,0.7796591998135135
33,6,440,4310.000000000002,4763.717710860569,0.09604681033252462,0.2850550026826237,0.03026079698038527,1.105270930594099
33,2,700,6910.000000000002,4763.717710860569,0.156272299129442,1.7750349924964062,0.1912303814876846,0.689394748315567
33,3,595,5860.000000000002,4763.717710860569,0.15612958470101326,1.658995956923192,0.21056148468624855,0.8129211110683563
33,5,140,3110.000000000001,4763.717710860569,0.15812758669901528,1.796332619702563,0.4350909283046589,1.5317420292156168
33,4,385,3760.0000000000014,4763.717710860569,0.1584130155558727,1.7187376580901956,0.3449519680397748,1.2669461996969595
33,0,155,3110.000000000001,4763.717710860569,0.13757670900528043,2.816412887086416,0.5935083977603637,1.5317420292156168
34,1,31,3110.000000000001,4709.857285571572,0.1374339945768517,1.3618272792961477,0.2834415783646302,1.5144235644924664
34,6,198,3110.000000000001,4709.857285571572,0.09604681033252462,0.5662389220592229,0.08236259546005838,1.5144235644924664
34,0,620,6110.000000000002,4709.857285571572,0.13757670900528043,1.6158074966326765,0.17135669316732124,0.7708440729249706
34,2,700,6910.000000000002,4709.857285571572,0.156272299129442,2.2044948217684075,0.23481226891890938,0.6816001860450899
34,4,140,3110.000000000001,4709.857285571572,0.1584130155558727,1.5652822288434896,0.37551809970179467,1.5144235644924664
34,3,700,6910.000000000002,4709.857285571572,0.15612958470101326,2.6522482635111424,0.2822468336481483,0.6816001860450899
34,5,315,3110.000000000001,4709.857285571572,0.15812758669901528,1.5674702134430567,0.3753654518751316,1.5144235644924664
35,5,700,6910.000000000002,5394.208648494365,0.15812758669901528,1.8320310831492954,0.22614665813083226,0.7806380099123535
35,6,198,3110.000000000001,5394.208648494365,0.09604681033252462,0.19670781814458752,0.03276965883584122,1.7344722342425605
35,2,560,5510.000000000002,5394.208648494365,0.156272299129442,1.9411865128363135,0.2969787733161593,0.9789852356614089
35,1,465,4560.000000000002,5394.208648494365,0.1374339945768517,2.634282973431745,0.42827181383609764,1.182940493090869
35,0,620,6110.000000000002,5394.208648494365,0.13757670900528043,1.4343080156763932,0.17421031765678321,0.8828492059728908
35,3,700,6910.000000000002,5394.208648494365,0.15612958470101326,2.39197505478311,0.2915355660481394,0.7806380099123535
35,4,385,3760.0000000000014,5394.208648494365,0.1584130155558727,1.8210041321590273,0.41384878893470434,1.4346299597059475
36,1,620,6110.000000000002,4460.349650349652,0.1374339945768517,1.6701243212070667,0.167560120733775,0.7300081260801392
36,2,350,3410.000000000001,4460.349650349652,0.156272299129442,2.2541190729953824,0.46075852697341074,1.308020425322478
36,4,350,3410.000000000001,4460.349650349652,0.1584130155558727,1.3252154804607086,0.2745945336377515,1.308020425322478
36,6,440,4310.000000000002,4460.349650349652,0.09604681033252462,0.24060701057135717,0.02391568687042991,1.0348839095938862
36,0,620,6110.000000000002,4460.349650349652,0.13757670900528043,3.3190492223077634,0.3333391349552486,0.7300081260801392
36,5,490,4810.000000000001,4460.349650349652,0.15812758669901528,1.6963511420926027,0.2487409145544474,0.927307619615312
36,3,350,3410.000000000001,4460.349650349652,0.15612958470101326,1.7896600706670305,0.365485606955516,1.308020425322478
37,1,620,6110.000000000002,5195.4374197231355,0.1374339945768517,1.7373837533254763,0.2030349642772868,0.850317089971053
37,4,665,6560.000000000001,5195.4374197231355,0.1584130155558727,1.810757782696501,0.22717968886354686,0.7919874115431608
37,6,440,4310.000000000002,5195.4374197231355,0.09604681033252462,0.42438790385689995,0.049134980890056204,1.2054379164090796
37,3,105,3110.000000000001,5195.4374197231355,0.15612958470101326,1.6279708460700288,0.4246132642354554,1.6705586558595287
37,5,350,3410.000000000001,5195.4374197231355,0.15812758669901528,1.6106242015303291,0.38803384082538916,1.5235886861358166
37,0,589,5800.000000000002,5195.4374197231355,0.13757670900528043,1.7559559768106752,0.2163977119258465,0.8957650723660575
37,2,700,6910.000000000002,5195.4374197231355,0.156272299129442,1.6732846795242153,0.19660561048307176,0.7518722749237531
38,2,665,6560.000000000001,5515.424575424577,0.156272299129442,2.166006618271895,0.2845882017716441,0.8407659413756976
38,4,385,3760.0000000000014,5515.424575424577,0.1584130155558727,1.4875705527151384,0.345668288185087,1.4668682381448337
38,6,198,3110.000000000001,5515.424575424577,0.09604681033252462,0.31523465153558156,0.05369519921431329,1.773448416535233
38,0,434,4250.000000000002,5515.424575424577,0.13757670900528043,1.3776041461185393,0.24595710774104734,1.2977469589234292
38,3,700,6910.000000000002,5515.424575424577,0.15612958470101326,2.0015054321190244,0.24942666511659986,0.7981801122177388
38,1,620,6110.000000000002,5515.424575424577,0.1374339945768517,1.9955423242197856,0.24756705624930406,0.902688146550667
38,5,700,6910.000000000002,5515.424575424577,0.15812758669901528,2.0989787640264574,0.26492112470357126,0.7981801122177388
39,6,110,3110.000000000001,5474.1772513201095,0.09604681033252462,0.21821822918159922,0.036892020429007716,1.7601856113569478
39,0,341,3320.0000000000014,5474.1772513201095,0.13757670900528043,1.8475579904901434,0.41910589259460607,1.648848569674731
39,5,700,6910.000000000002,5474.1772513201095,0.15812758669901528,1.6196013630202528,0.2028881044718973,0.7922108902055149
39,1,124,3110.000000000001,5474.1772513201095,0.1374339945768517,1.4904201287477485,0.36054654931855434,1.7601856113569478
39,2,665,6560.000000000001,5474.1772513201095,0.156272299129442,1.620761039581474,0.2113566935657897,0.8344782395305044
39,4,700,6910.000000000002,5474.1772513201095,0.1584130155558727,1.6472899189721208,0.20672914579425952,0.7922108902055149
39,3,700,6910.000000000002,5474.1772513201095,0.15612958470101326,2.1627737874548494,0.2675082067268729,0.7922108902055149
40,1,620,6110.000000000002,5224.830883402314,0.1374339945768517,2.1031192338133176,0.24716620667866002,0.8551278041574979
40,6,374,3650.000000000001,5224.830883402314,0.09604681033252462,0.2812007130206589,0.03866150336130739,1.4314605160006335
40,3,490,4810.000000000001,5224.830883402314,0.15612958470101326,1.8106908314876273,0.3070836319621888,1.0862434269027677
40,0,620,6110.000000000002,5224.830883402314,0.13757670900528043,0.6631380680887795,0.0780153217093414,0.8551278041574979
40,4,525,5160.000000000001,5224.830883402314,0.1584130155558727,1.7088593487689407,0.27410674104220767,1.0125641246903707
40,2,350,3410.000000000001,5224.830883402314,0.156272299129442,2.0294424679242375,0.4859332365303798,1.5322084702059566
40,5,700,6910.000000000002,5224.830883402314,0.15812758669901528,1.66249564632448,0.19877526907356316,0.7561260323302912
41,0,620,6110.000000000002,4699.096617668048,0.13757670900528043,2.4857905768336246,0.26301627221326973,0.7690829161486165
41,6,440,4310.000000000002,4699.096617668048,0.09604681033252462,0.5083849406280575,0.05323689633868446,1.0902776375099874
41,3,70,3110.000000000001,4699.096617668048,0.15612958470101326,1.5641341349325246,0.3689887999371494,1.5109635426585357
41,1,620,6110.000000000002,4699.096617668048,0.1374339945768517,2.1639494174188783,0.2287254226912781,0.7690829161486165
41,5,560,5510.000000000002,4699.096617668048,0.15812758669901528,1.886384090525058,0.25439029775371885,0.8528306021176127
41,4,490,4810.000000000001,4699.096617668048,0.1584130155558727,1.8772723685071464,0.2905276340349853,0.9769431637563507
41,2,245,3110.000000000001,4699.096617668048,0.156272299129442,1.915014446126009,0.45217655599801726,1.5109635426585357
42,4,700,6910.000000000002,5432.687312687314,0.1584130155558727,1.5182080514010698,0.18908575561179808,0.7862065575524331
42,6,352,3430.000000000001,5432.687312687314,0.09604681033252462,0.35503505430296883,0.05401007384130972,1.5838738520954265
42,3,455,4460.000000000002,5432.687312687314,0.15612958470101326,1.646397996945942,0.3131121238642322,1.218091325714644
42,2,700,6910.000000000002,5432.687312687314,0.156272299129442,2.2684930847770257,0.2787122923106008,0.7862065575524331
42,5,700,6910.000000000002,5432.687312687314,0.15812758669901528,2.1091073916979326,0.26220622529245424,0.7862065575524331
42,0,186,3110.000000000001,5432.687312687314,0.13757670900528043,1.6850924957958626,0.4049701203803385,1.7468447950763064
42,1,527,5180.000000000002,5432.687312687314,0.1374339945768517,1.2815595679038003,0.18472169986711748,1.04878133449562
43,6,418,4090.0000000000014,5603.463679177967,0.09604681033252462,0.49044755286203107,0.06453699977911587,1.3700400193589155
43,4,350,3410.000000000001,5603.463679177967,0.1584130155558727,2.1190828738325775,0.551621246266289,1.6432444806973505
43,2,700,6910.000000000002,5603.463679177967,0.156272299129442,1.899604497782864,0.24072639093182335,0.8109209376523828
43,5,700,6910.000000000002,5603.463679177967,0.15812758669901528,1.7747428474053963,0.2275734488899824,0.8109209376523828
43,0,589,5800.000000000002,5603.463679177967,0.13757670900528043,0.8472964913234994,0.11261828050027842,0.9661144274444767
43,1,620,6110.000000000002,5603.463679177967,0.1374339945768517,2.4135220571544105,0.3042011088811053,0.917097165168243
43,3,560,5510.000000000002,5603.463679177967,0.15612958470101326,1.9020994885001938,0.30201144112318173,1.0169625552047123
44,1,620,6110.000000000002,5027.197088625661,0.1374339945768517,1.8338777679346188,0.20737158963901559,0.8227818475655745
44,2,245,3110.000000000001,5027.197088625661,0.156272299129442,2.0864024289350724,0.5270424594700693,1.6164620863748103
44,5,630,6210.000000000002,5027.197088625661,0.15812758669901528,1.3232107285109291,0.1693834475436063,0.8095325424517971
44,6,176,3110.000000000001,5027.197088625661,0.09604681033252462,0.23321333610552578,0.03620777610505285,1.6164620863748103
44,4,700,6910.000000000002,5027.197088625661,0.1584130155558727,2.1690047813329327,0.24997652996878217,0.7275249042873604
44,3,315,3110.000000000001,5027.197088625661,0.15612958470101326,2.0531303255009195,0.5181640100666646,1.6164620863748103
44,0,620,6110.000000000002,5027.197088625661,0.13757670900528043,1.9347847295275027,0.2190091547372365,0.8227818475655745
45,3,490,4810.000000000001,4990.576566290853,0.15612958470101326,0.688201371651341,0.11148241934033089,1.0375419056737738
45,5,700,6910.000000000002,4990.576566290853,0.15812758669901528,2.7159956594074957,0.3101768563361651,0.7222252628496169
45,4,700,6910.000000000002,4990.576566290853,0.1584130155558727,2.837364661579593,0.3246225555509611,0.7222252628496169
45,6,22,3110.000000000001,4990.576566290853,0.09604681033252462,0.5623145192406492,0.0866667634127398,1.604686998807348
45,0,217,3110.000000000001,4990.576566290853,0.13757670900528043,1.6181545074417718,0.3572360162905379,1.604686998807348
45,2,280,3110.000000000001,4990.576566290853,0.156272299129442,1.9153464481742584,0.480307840764776,1.604686998807348
45,1,620,6110.000000000002,4990.576566290853,0.1374339945768517,1.8173944476665072,0.20401066866192044,0.816788308721907
46,0,620,6110.000000000002,4831.181675467391,0.13757670900528043,1.2655819964663941,0.13767255223909133,0.7907007652156121
46,2,315,3110.000000000001,4831.181675467391,0.156272299129442,1.95381488862525,0.47430575774542066,1.5534346223367812
46,6,440,4310.000000000002,4831.181675467391,0.09604681033252462,0.16434915169257674,0.01769401995267194,1.1209238226142433
46,3,175,3110.000000000001,4831.181675467391,0.15612958470101326,2.1732724481190373,0.5270992023916838,1.5534346223367812
46,5,700,6910.000000000002,4831.181675467391,0.15812758669901528,1.85771023030824,0.20538131850115504,0.6991579848722705
46,1,434,4250.000000000002,4831.181675467391,0.1374339945768517,1.0087865927750885,0.15760061596614205,1.1367486295217386
46,4,595,5860.000000000002,4831.181675467391,0.1584130155558727,1.8723759875829222,0.24453423958984227,0.8244337330149129
47,3,385,3760.0000000000014,5176.54060225489,0.15612958470101326,2.2033108122998577,0.47360115188411916,1.3767395218762999
47,5,700,6910.000000000002,5176.54060225489,0.15812758669901528,2.1509461703161463,0.2547996118780549,0.7491375690672776
47,6,242,3110.000000000001,5176.54060225489,0.09604681033252462,0.623478091874093,0.09967434262097023,1.6644825087636297
47,1,620,6110.000000000002,5176.54060225489,0.1374339945768517,2.4378732787655353,0.2838596815923568,0.8472243211546462
47,4,245,3110.000000000001,5176.54060225489,0.1584130155558727,2.3752256497277524,0.6262892705374361,1.6644825087636297
47,2,665,6560.000000000001,5176.54060225489,0.156272299129442,0.8084974561963739,0.0997002953526929,0.7891067991242209
47,0,620,6110.000000000002,5176.54060225489,0.13757670900528043,2.126913550742822,0.2479094998104935,0.8472243211546462
48,3,70,3110.000000000001,5147.6566290852015,0.15612958470101326,2.029230508357823,0.5244037255738907,1.6551950575836656
48,4,700,6910.000000000002,5147.6566290852015,0.1584130155558727,1.4560348755190766,0.17182808948031442,0.7449575440065412
48,0,434,4250.000000000002,5147.6566290852015,0.13757670900528043,1.6644289924465148,0.27735169754249045,1.2112133244906351
48,6,198,3110.000000000001,5147.6566290852015,0.09604681033252462,0.15503026410275253,0.024646123164882225,1.6551950575836656
48,5,700,6910.000000000002,5147.6566290852015,0.15812758669901528,1.3586577421497945,0.16004762478792933,0.7449575440065412
48,2,490,4810.000000000001,5147.6566290852015,0.156272299129442,2.1387655354937345,0.35769236681326966,1.0701988833856966
48,1,620,6110.000000000002,5147.6566290852015,0.1374339945768517,1.9393940745455835,0.22455803205366376,0.8424969933036334
49,1,527,5180.000000000002,5263.6549165120605,0.1374339945768517,1.5072455456035159,0.2104921132570158,1.0161495977822508
49,0,620,6110.000000000002,5263.6549165120605,0.13757670900528043,1.4364500912706117,0.17024785810803844,0.8614819830625301
49,5,385,3760.0000000000014,5263.6549165120605,0.15812758669901528,2.3647128790217833,0.523462559080625,1.3999082224766113
49,2,525,5160.000000000001,5263.6549165120605,0.156272299129442,1.6982908394139626,0.27072712820321493,1.0200881621147402
49,4,525,5160.000000000001,5263.6549165120605,0.1584130155558727,2.288206632150493,0.36976330422454157,1.0200881621147402
49,6,440,4310.000000000002,5263.6549165120605,0.09604681033252462,0.3894395472070643,0.045680740726965666,1.2212656418821481
49,3,700,6910.000000000002,5263.6549165120605,0.15612958470101326,1.5215000080263479,0.18095330742250923,0.761744561000298
50,0,465,4560.000000000002,5397.883545026403,0.13757670900528043,1.6883129553503358,0.27495178125762126,1.183746391453158
50,3,420,4110.000000000002,5397.883545026403,0.15612958470101326,2.319852071952269,0.4756934657535266,1.313353660590365
50,2,700,6910.000000000002,5397.883545026403,0.156272299129442,1.8390417804898915,0.22450140381113767,0.7811698328547615
50,5,525,5160.000000000001,5397.883545026403,0.15812758669901528,1.4284165133600901,0.23628508811633386,1.0461014622144191
50,1,620,6110.000000000002,5397.883545026403,0.1374339945768517,1.4213281642855133,0.17257219856146702,0.883450662033781
50,6,176,3110.000000000001,5397.883545026403,0.09604681033252462,0.25522978197228,0.042547830255543886,1.7356538729988429
50,4,700,6910.000000000002,5397.883545026403,0.1584130155558727,1.5095527890630236,0.18680333679302974,0.7811698328547615
51,0,248,3110.000000000001,5425.417439703156,0.13757670900528043,0.9772816833170006,0.23455108460654514,1.7445072153386347
51,4,700,6910.000000000002,5425.417439703156,0.1584130155558727,2.3990313295406893,0.29838837034765053,0.785154477525782
51,5,700,6910.000000000002,5425.417439703156,0.15812758669901528,1.9123503646704219,0.23742706153450843,0.785154477525782
51,2,630,6210.000000000002,5425.417439703156,0.156272299129442,1.4737381298443857,0.2012073682833959,0.8736582028507495
51,3,630,6210.000000000002,5425.417439703156,0.15612958470101326,1.2822509023234328,0.1749040140868903,0.8736582028507495
51,1,341,3320.0000000000014,5425.417439703156,0.1374339945768517,2.128052792500821,0.47793808893001827,1.6341618794286608
51,6,440,4310.000000000002,5425.417439703156,0.09604681033252462,0.29019065224292967,0.03508506248055427,1.2587975498151167
52,6,440,4310.000000000002,4964.138718424434,0.09604681033252462,0.2886858195451565,0.031935596843322624,1.151772324460425
52,4,105,3110.000000000001,4964.138718424434,0.1584130155558727,1.6820407381875866,0.4253151875863537,1.5961860830946728
52,0,620,6110.000000000002,4964.138718424434,0.13757670900528043,0.7477180592596409,0.08357675119765116,0.8124613287110364
52,2,665,6560.000000000001,4964.138718424434,0.156272299129442,1.7673206566670467,0.20899573564713245,0.7567284631744563
52,5,210,3110.000000000001,4964.138718424434,0.15812758669901528,1.8423737450013489,0.4650170737043279,1.5961860830946728
52,3,560,5510.000000000002,4964.138718424434,0.15612958470101326,2.0032691035589365,0.28178431001505494,0.9009326167739442
52,1,620,6110.000000000002,4964.138718424434,0.1374339945768517,0.8196124702251386,0.09151776929263916,0.8124613287110364
53,4,385,3760.0000000000014,5224.4141572713015,0.1584130155558727,0.9879284049141511,0.21745334190711937,1.3894718503381116
53,2,350,3410.000000000001,5224.4141572713015,0.156272299129442,1.549791882371195,0.3710552682732939,1.5320862631294134
53,6,44,3110.000000000001,5224.4141572713015,0.09604681033252462,0.3480971583592848,0.056164336585154837,1.6798759348139227
53,5,700,6910.000000000002,5224.4141572713015,0.15812758669901528,2.350999590516785,0.281073399687637,0.756065724641288
53,1,620,6110.000000000002,5224.4141572713015,0.1374339945768517,1.6775691592155213,0.1971382924018841,0.8550596002080687
53,3,665,6560.000000000001,5224.4141572713015,0.15612958470101326,1.7159805731098183,0.21336900383011273,0.7964045971450153
53,0,620,6110.000000000002,5224.4141572713015,0.13757670900528043,1.9836403885473546,0.23334808767157353,0.8550596002080687
54,4,525,5160.000000000001,5398.61138861139,0.1584130155558727,1.8761700649247874,0.3109534850038374,1.0462425171727499
54,3,700,6910.000000000002,5398.61138861139,0.15612958470101326,1.7274347438724835,0.21071277856318105,0.7812751647773355
54,1,620,6110.000000000002,5398.61138861139,0.1374339945768517,1.2350333688720458,0.14997322055356216,0.8835697853701127
54,2,280,3110.000000000001,5398.61138861139,0.156272299129442,0.9982437793325685,0.2707947820717743,1.7358879063059127
54,6,264,3110.000000000001,5398.61138861139,0.09604681033252462,0.26703831045372595,0.044522361932023975,1.7358879063059127
54,0,620,6110.000000000002,5398.61138861139,0.13757670900528043,2.079461291005477,0.25277645163155654,0.8835697853701127
54,5,665,6560.000000000001,5398.61138861139,0.15812758669901528,1.740172865313211,0.2264530959046684,0.82295905314198
55,3,35,3110.000000000001,4748.468674182961,0.15612958470101326,1.7776532671113545,0.4237653551118777,1.5268388019880899
55,2,525,5160.000000000001,4748.468674182961,0.156272299129442,1.9916394350276607,0.28641555086409837,0.920245867089721
55,6,440,4310.000000000002,4748.468674182961,0.09604681033252462,0.25311445298569607,0.026784046987591917,1.1017328710401297
55,1,62,3110.000000000001,4748.468674182961,0.1374339945768517,1.8086140178015637,0.37951876180557187,1.5268388019880899
55,0,124,3110.000000000001,4748.468674182961,0.13757670900528043,1.1975514613343903,0.25155461526407064,1.5268388019880899
55,4,700,6910.000000000002,4748.468674182961,0.1584130155558727,1.8058977017703186,0.19658914620329532,0.6871879412710507
55,5,700,6910.000000000002,4748.468674182961,0.15812758669901528,1.4933087263580123,0.16226795979415548,0.6871879412710507
56,2,700,6910.000000000002,5789.157984872272,0.156272299129442,1.7177516189739586,0.2248949597767613,0.8377942090987367
56,1,620,6110.000000000002,5789.157984872272,0.1374339945768517,0.8083908124400094,0.10526639009915235,0.9474890318939886
56,5,630,6210.000000000002,5789.157984872272,0.15812758669901528,2.3845670406473727,0.3515126681186376,0.9322315595607521
56,3,455,4460.000000000002,5789.157984872272,0.15612958470101326,1.7220897609779082,0.34899686992484286,1.2980174853973698
56,0,589,5800.000000000002,5789.157984872272,0.13757670900528043,1.7054654438952053,0.2341937218525679,0.9981306870469432
56,4,700,6910.000000000002,5789.157984872272,0.1584130155558727,2.61963933532635,0.34767200202949683,0.8377942090987367
56,6,88,3110.000000000001,5789.157984872272,0.09604681033252462,0.4531636673436385,0.08102014983507878,1.8614655899910837
57,5,140,3110.000000000001,4687.27986299415,0.15812758669901528,1.3926006336128984,0.3318904278586048,1.5071639430849353
57,0,620,6110.000000000002,4687.27986299415,0.13757670900528043,1.4544033125877474,0.15350037679909542,0.7671489137469965
57,6,242,3110.000000000001,4687.27986299415,0.09604681033252462,0.2158437768700163,0.03124517591334545,1.5071639430849353
57,4,420,4110.000000000002,4687.27986299415,0.1584130155558727,1.6023005518750353,0.28947689548920913,1.140457387589817
57,1,620,6110.000000000002,4687.27986299415,0.1374339945768517,1.5469426091058271,0.16309777858468874,0.7671489137469965
57,3,175,3110.000000000001,4687.27986299415,0.15612958470101326,1.936591450230133,0.45570491252506373,1.5071639430849353
57,2,700,6910.000000000002,4687.27986299415,0.156272299129442,1.663323533751008,0.17631999758372555,0.6783328311134803
58,4,700,6910.000000000002,4875.209076637649,0.1584130155558727,1.6479820630511772,0.18418681575267154,0.7055295335220908
58,6,242,3110.000000000001,4875.209076637649,0.09604681033252462,0.34442248845078655,0.05185698981745209,1.5675913429703046
58,2,700,6910.000000000002,4875.209076637649,0.156272299129442,1.627648811071302,0.17945596767834293,0.7055295335220908
58,3,280,3110.000000000001,4875.209076637649,0.15612958470101326,1.4003842149562526,0.3427403751083588,1.5675913429703046
58,0,620,6110.000000000002,4875.209076637649,0.13757670900528043,1.3496399979194984,0.14815451534671878,0.7979065591878309
58,5,105,3110.000000000001,4875.209076637649,0.15812758669901528,1.2562340633706184,0.3113945911049641,1.5675913429703046
58,1,434,4250.000000000002,4875.209076637649,0.1374339945768517,1.2315578446719049,0.1941571104319903,1.1471080180323874
59,4,70,3110.000000000001,5449.118024832312,0.1584130155558727,1.5858028005900533,0.44015523076934765,1.752127982261193
59,2,700,6910.000000000002,5449.118024832312,0.156272299129442,2.2522594029929794,0.27755469471286576,0.788584374071246
59,5,665,6560.000000000001,5449.118024832312,0.15812758669901528,2.0128760815930375,0.2643912373876646,0.8306582354927303
59,1,620,6110.000000000002,5449.118024832312,0.1374339945768517,2.1031616351291875,0.2577815465815193,0.8918360106108527
59,6,132,3110.000000000001,5449.118024832312,0.09604681033252462,0.18369304736149936,0.030913024009227755,1.752127982261193
59,0,620,6110.000000000002,5449.118024832312,0.13757670900528043,1.6064391104907494,0.19710343352020857,0.8918360106108527
59,3,560,5510.000000000002,5449.118024832312,0.15612958470101326,2.135789191960853,0.32977536120018364,0.9889506397154827
60,5,280,3110.000000000001,4575.206222349081,0.15812758669901528,1.3774128297336503,0.32042179714037283,1.4711274026845915
60,3,700,6910.000000000002,4575.206222349081,0.15612958470101326,2.0575575874302534,0.2127011463392218,0.6621137803688972
60,1,620,6110.000000000002,4575.206222349081,0.1374339945768517,1.4200863785086613,0.14614312687365558,0.7488062557036137
60,2,350,3410.000000000001,4575.206222349081,0.156272299129442,2.233327672640442,0.46826397136704057,1.3417027045011964
60,0,620,6110.000000000002,4575.206222349081,0.13757670900528043,1.7208434495030958,0.17727836732293728,0.7488062557036137
60,6,286,3110.000000000001,4575.206222349081,0.09604681033252462,0.4716972141518542,0.06664944590030049,1.4711274026845915
60,4,140,3110.000000000001,4575.206222349081,0.1584130155558727,1.5310305814581107,0.3568001366393002,1.4711274026845915
61,0,155,3110.000000000001,5389.092336235194,0.13757670900528043,2.965558005615294,0.706979100255569,1.7328271177605121
61,3,700,6910.000000000002,5389.092336235194,0.15612958470101326,1.2410124689598772,0.15111199074843956,0.7798975884566125
61,6,154,3110.000000000001,5389.092336235194,0.09604681033252462,0.2879171626586398,0.047918778218089444,1.7328271177605121
61,2,700,6910.000000000002,5389.092336235194,0.156272299129442,0.970174862151758,0.11824140912428341,0.7798975884566125
61,5,700,6910.000000000002,5389.092336235194,0.15812758669901528,1.7293484813907722,0.21326900227536,0.7798975884566125
61,4,630,6210.000000000002,5389.092336235194,0.1584130155558727,2.025439659016315,0.27844164787919523,0.8678087497963273
61,1,248,3110.000000000001,5389.092336235194,0.1374339945768517,1.3690467253155925,0.3260375914566985,1.7328271177605121
62,4,665,6560.000000000001,5335.0863422291995,0.1584130155558727,1.5227307451348215,0.19617858190154833,0.8132753570471339
62,6,44,3110.000000000001,5335.0863422291995,0.09604681033252462,0.2501805569170512,0.041220909043071435,1.715461846375948
62,5,700,6910.000000000002,5335.0863422291995,0.15812758669901528,1.6748000307794781,0.20447207680381868,0.7720819598016205
62,1,620,6110.000000000002,5335.0863422291995,0.1374339945768517,0.436477028255228,0.05237883124011897,0.8731728874352206
62,2,700,6910.000000000002,5335.0863422291995,0.156272299129442,2.262725025039838,0.27300913988130404,0.7720819598016205
62,3,315,3110.000000000001,5335.0863422291995,0.15612958470101326,2.1755369081311144,0.5826835042160832,1.715461846375948
62,0,372,3630.000000000001,5335.0863422291995,0.13757670900528043,0.6768843884984365,0.13686557978494188,1.4697207554350409
63,6,110,3110.000000000001,5123.086913086915,0.09604681033252462,0.332242282268384,0.052566514670501364,1.6472948273591361
63,1,620,6110.000000000002,5123.086913086915,0.1374339945768517,2.0315008177975544,0.23410014603590013,0.8384757631893476
63,4,700,6910.000000000002,5123.086913086915,0.1584130155558727,1.6472224871678331,0.1934625020073316,0.7414018687535331
63,3,665,6560.000000000001,5123.086913086915,0.15612958470101326,1.0386781385581179,0.12664675886267235,0.7809583708973955
63,0,620,6110.000000000002,5123.086913086915,0.13757670900528043,2.065536693404635,0.23826944013182857,0.8384757631893476
63,2,105,3110.000000000001,5123.086913086915,0.156272299129442,1.2035116291945245,0.3098158466070193,1.6472948273591361
63,5,350,3410.000000000001,5123.086913086915,0.15812758669901528,1.9690600150850364,0.46778246799519196,1.5023715287644908
64,6,110,3110.000000000001,4528.324532610248,0.09604681033252462,0.22501299885476062,0.031467896236590874,1.456052904376285
64,5,105,3110.000000000001,4528.324532610248,0.15812758669901528,1.244255705963565,0.2864800863388262,1.456052904376285
64,1,620,6110.000000000002,4528.324532610248,0.1374339945768517,1.178198795829135,0.12000769047462848,0.741133311392839
64,2,315,3110.000000000001,4528.324532610248,0.156272299129442,1.398576770441141,0.31823318632945063,1.456052904376285
64,3,700,6910.000000000002,4528.324532610248,0.15612958470101326,1.4520414248045928,0.1485674630951438,0.6553291653560415
64,0,620,6110.000000000002,4528.324532610248,0.13757670900528043,1.0445563375890619,0.10650576559253067,0.741133311392839
64,4,210,3110.000000000001,4528.324532610248,0.1584130155558727,1.8330762602734756,0.42281321166162394,1.456052904376285
65,3,630,6210.000000000002,5254.401312972743,0.15612958470101326,2.8995727107028344,0.3830459260556681,0.8461193740696846
65,0,620,6110.000000000002,5254.401312972743,0.13757670900528043,1.7912637685016604,0.21192709614444902,0.8599674816649331
65,4,700,6910.000000000002,5254.401312972743,0.1584130155558727,1.7021444249516302,0.20503710452214594,0.7604053998513374
65,5,280,3110.000000000001,5254.401312972743,0.15812758669901528,1.671561054522965,0.4465732834164605,1.6895181070651901
65,6,374,3650.000000000001,5254.401312972743,0.09604681033252462,0.37183885933392924,0.051412425834051666,1.4395620035541756
65,1,248,3110.000000000001,5254.401312972743,0.1374339945768517,1.7484693726913785,0.40598973172727143,1.6895181070651901
65,2,700,6910.000000000002,5254.401312972743,0.156272299129442,2.160319121099037,0.25671136948322454,0.7604053998513374
66,5,315,3110.000000000001,4412.383330954761,0.15812758669901528,1.8877514984500905,0.4235116025535614,1.4187727752266108
66,2,700,6910.000000000002,4412.383330954761,0.156272299129442,1.8112521429144988,0.18074075905672712,0.6385504096895456
66,1,248,3110.000000000001,4412.383330954761,0.1374339945768517,2.3572768743772983,0.4596397835986002,1.4187727752266108
66,4,245,3110.000000000001,4412.383330954761,0.1584130155558727,1.6117486037971436,0.3622438410061862,1.4187727752266108
66,3,700,6910.000000000002,4412.383330954761,0.15612958470101326,1.950799521704836,0.1944880996410205,0.6385504096895456
66,6,440,4310.000000000002,4412.383330954761,0.09604681033252462,0.3399451385130511,0.03342625689654345,1.0237548331681576
66,0,310,3110.000000000001,4412.383330954761,0.13757670900528043,0.7836608685685018,0.15296283487132215,1.4187727752266108
67,0,186,3110.000000000001,5152.414728129015,0.13757670900528043,1.3975721059758361,0.31854409911466125,1.6567249929675285
67,3,700,6910.000000000002,5152.414728129015,0.15612958470101326,1.4228579175134752,0.16564544768262868,0.7456461256337212
67,2,35,3110.000000000001,5152.414728129015,0.156272299129442,1.2915266803827246,0.33437654643492465,1.6567249929675285
67,6,286,3110.000000000001,5152.414728129015,0.09604681033252462,0.34280336056890476,0.05454795096631727,1.6567249929675285
67,4,700,6910.000000000002,5152.414728129015,0.1584130155558727,1.1833372476904662,0.13977585640144125,0.7456461256337212
67,1,620,6110.000000000002,5152.414728129015,0.1374339945768517,1.021162825823227,0.1183474129657256,0.8432757329180055
67,5,595,5860.000000000002,5152.414728129015,0.15812758669901528,1.0828027820982522,0.1505463404068738,0.8792516600902753
68,3,700,6910.000000000002,5190.635079206509,0.15612958470101326,1.2938995395713202,0.1517498298877149,0.751177290767946
68,6,308,3110.000000000001,5190.635079206509,0.09604681033252462,0.233817358328864,0.03748174525828655,1.6690144949217065
68,5,700,6910.000000000002,5190.635079206509,0.15812758669901528,1.7019305699170095,0.20215846536329807,0.751177290767946
68,1,527,5180.000000000002,5190.635079206509,0.1374339945768517,1.9471184562375208,0.2681496785594761,1.0020531040939202
68,0,217,3110.000000000001,5190.635079206509,0.13757670900528043,1.2248801031795982,0.2812539334187268,1.6690144949217065
68,2,315,3110.000000000001,5190.635079206509,0.156272299129442,2.1615111717251416,0.5637669269039799,1.6690144949217065
68,4,700,6910.000000000002,5190.635079206509,0.1584130155558727,1.84267307105675,0.21927120357771956,0.751177290767946
69,2,700,6910.000000000002,4345.581561295849,0.156272299129442,1.2442850050447287,0.12228458873226453,0.6288830045290662
69,1,620,6110.000000000002,4345.581561295849,0.1374339945768517,1.0615946011746005,0.1037670728904354,0.7112244781171599
69,5,210,3110.000000000001,4345.581561295849,0.15812758669901528,1.470358210627914,0.32487650951225705,1.397293106525996
69,3,280,3110.000000000001,4345.581561295849,0.15612958470101326,1.596550355391451,0.3483014975818828,1.397293106525996
69,6,440,4310.000000000002,4345.581561295849,0.09604681033252462,0.21878337835932388,0.021186923882834552,1.00825558266725
69,0,403,3940.000000000001,4345.581561295849,0.13757670900528043,1.0439324668548897,0.158405043352275,1.102939482562398
69,4,105,3110.000000000001,4345.581561295849,0.1584130155558727,1.6477173882533196,0.3647212793494239,1.397293106525996
70,4,700,6910.000000000002,4836.542029399173,0.1584130155558727,1.2787822505574655,0.14178960077364516,0.6999337235020509
70,6,220,3110.000000000001,4836.542029399173,0.09604681033252462,0.2895678914254182,0.04325217261309643,1.5551582088100229
70,3,700,6910.000000000002,4836.542029399173,0.15612958470101326,1.4019293551049172,0.15320334681951228,0.6999337235020509
70,2,245,3110.000000000001,4836.542029399173,0.156272299129442,1.434171647185066,0.3485440804779335,1.5551582088100229
70,1,620,6110.000000000002,4836.542029399173,0.1374339945768517,1.3635651619050244,0.1483418948927889,0.7915780735514192
70,0,372,3630.000000000001,4836.542029399173,0.13757670900528043,1.9175808210908536,0.3515012994671823,1.3323807243523889
70,5,350,3410.000000000001,4836.542029399173,0.15812758669901528,1.2092627706388381,0.27121200701179565,1.418340771084801
71,1,124,3110.000000000001,4874.264307121452,0.1374339945768517,1.4757516529620822,0.3178748249777251,1.5672875585599517
71,5,210,3110.000000000001,4874.264307121452,0.15812758669901528,1.7284511709940407,0.42836447232654384,1.5672875585599517
71,4,700,6910.000000000002,4874.264307121452,0.1584130155558727,1.8268106723691082,0.20413403925780613,0.7053928085559262
71,3,700,6910.000000000002,4874.264307121452,0.15612958470101326,1.6028359386029407,0.1765246275378535,0.7053928085559262
71,6,44,3110.000000000001,4874.264307121452,0.09604681033252462,0.2544324891966818,0.038300478485524675,1.5672875585599517
71,2,420,4110.000000000002,4874.264307121452,0.156272299129442,1.317236827061862,0.2441254849752274,1.1859523861609367
71,0,620,6110.000000000002,4874.264307121452,0.13757670900528043,0.8420486328429461,0.0924165935180887,0.7977519324257693
72,4,700,6910.000000000002,5143.14542600257,0.1584130155558727,1.3495136296905723,0.1591178469158921,0.744304692619764
72,1,341,3320.0000000000014,5143.14542600257,0.1374339945768517,0.9973718441908904,0.21234497801039673,1.5491401885549905
72,3,700,6910.000000000002,5143.14542600257,0.15612958470101326,1.810396776468912,0.2103825570080032,0.744304692619764
72,2,420,4110.000000000002,5143.14542600257,0.156272299129442,2.0810344254398725,0.4069567430059577,1.2513735829689947
72,5,700,6910.000000000002,5143.14542600257,0.15812758669901528,1.0332980363677144,0.12161412069307141,0.744304692619764
72,0,186,3110.000000000001,5143.14542600257,0.13757670900528043,1.3801862582163282,0.3140154604193115,1.6537445099686716
72,6,374,3650.000000000001,5143.14542600257,0.09604681033252462,0.29433793838988787,0.0398350283332715,1.4090809386308407
73,1,93,3110.000000000001,5142.481803910377,0.1374339945768517,0.7708945864702457,0.17518686469529415,1.6535311266592847
73,6,132,3110.000000000001,5142.481803910377,0.09604681033252462,0.2790240634894053,0.04431359462635665,1.6535311266592847
73,0,620,6110.000000000002,5142.481803910377,0.13757670900528043,0.45008680967040743,0.05211620160688919,0.8416500497398323
73,2,420,4110.000000000002,5142.481803910377,0.156272299129442,1.2008593968670442,0.23480379089803835,1.2512121177397504
73,4,490,4810.000000000001,5142.481803910377,0.1584130155558727,2.2976310362916554,0.3891336947523766,1.0691230361560033
73,3,700,6910.000000000002,5142.481803910377,0.15612958470101326,2.068739809059243,0.24037306019745655,0.7442086546903582
73,5,700,6910.000000000002,5142.481803910377,0.15812758669901528,2.212887321606088,0.26041239980390307,0.7442086546903582
74,6,44,3110.000000000001,4709.857285571573,0.09604681033252462,0.16443779017962773,0.023918389681969132,1.5144235644924666
74,5,280,3110.000000000001,4709.857285571573,0.15812758669901528,2.1164169961736086,0.5068229145993756,1.5144235644924666
74,4,105,3110.000000000001,4709.857285571573,0.1584130155558727,1.2116128452431558,0.2906712571292393,1.5144235644924666
74,1,310,3110.000000000001,4709.857285571573,0.1374339945768517,1.7545362496772192,0.3651773844356393,1.5144235644924666
74,2,700,6910.000000000002,4709.857285571573,0.156272299129442,1.2539602512279089,0.13356586226351494,0.68160018604509
74,0,620,6110.000000000002,4709.857285571573,0.13757670900528043,3.6901164431850018,0.39133755253908614,0.7708440729249708
74,3,700,6910.000000000002,4709.857285571573,0.15612958470101326,1.419459610723448,0.1510559875295186,0.68160018604509
75,2,420,4110.000000000002,5230.836306550594,0.156272299129442,2.404921580664558,0.4783130486062145,1.2727095636376136
75,1,620,6110.000000000002,5230.836306550594,0.1374339945768517,1.1877662285918396,0.13975104427629859,0.8561106884698186
75,3,665,6560.000000000001,5230.836306550594,0.15612958470101326,1.809756428258239,0.22530593005112248,0.7973835833156392
75,4,315,3110.000000000001,5230.836306550594,0.1584130155558727,0.9082134812945972,0.24198561281531877,1.681940934582184
75,6,66,3110.000000000001,5230.836306550594,0.09604681033252462,0.37700396652838625,0.06090312912231405,1.681940934582184
75,0,620,6110.000000000002,5230.836306550594,0.13757670900528043,1.0615214269272841,0.12502693954694205,0.8561106884698186
75,5,700,6910.000000000002,5230.836306550594,0.15812758669901528,0.8668897907323576,0.10376827883681493,0.7569951239581175
76,4,560,5510.000000000002,5090.048522905667,0.1584130155558727,1.4917464569179795,0.2183012386379367,0.9237837609629156
76,2,700,6910.000000000002,5090.048522905667,0.156272299129442,1.4960127335822542,0.17221111033428366,0.7366206256013987
76,6,154,3110.000000000001,5090.048522905667,0.09604681033252462,0.16910370670861846,0.02658260925230953,1.6366715507735259
76,0,620,6110.000000000002,5090.048522905667,0.13757670900528043,1.8186235966358197,0.20843394592579625,0.8330684980205671
76,3,700,6910.000000000002,5090.048522905667,0.15612958470101326,1.2201178853551782,0.14032365006699857,0.7366206256013987
76,5,315,3110.000000000001,5090.048522905667,0.15812758669901528,1.7346542920764116,0.4489336003907047,1.6366715507735259
76,1,93,3110.000000000001,5090.048522905667,0.1374339945768517,2.002908504767134,0.45052284057630726,1.6366715507735259
77,0,620,6110.000000000002,5359.656058227487,0.13757670900528043,0.7235244913135703,0.08731600632034615,0.8771941175495066
77,6,440,4310.000000000002,5359.656058227487,0.09604681033252462,0.25549660067607405,0.030516008259885385,1.2435396886838712
77,5,350,3410.000000000001,5359.656058227487,0.15812758669901528,0.9771922039904183,0.2428679339393855,1.5717466446414914
77,4,490,4810.000000000001,5359.656058227487,0.1584130155558727,2.274804884780654,0.4015381908860407,1.1142736087791032
77,1,558,5490.000000000002,5359.656058227487,0.1374339945768517,1.049324301252043,0.1407889198068534,0.976257934103367
77,2,700,6910.000000000002,5359.656058227487,0.156272299129442,1.691696289942642,0.20505165177253773,0.7756376350546289
77,3,630,6210.000000000002,5359.656058227487,0.15612958470101326,1.7133666913380379,0.2308770927005232,0.863068608410223
78,1,31,3110.000000000001,4869.166547737977,0.1374339945768517,1.0593044089569497,0.2279340410192398,1.5656484076327897
78,4,700,6910.000000000002,4869.166547737977,0.1584130155558727,1.5657927505676583,0.17478401909745597,0.704655072031545
78,6,440,4310.000000000002,4869.166547737977,0.09604681033252462,0.3702157289585659,0.04017123396543679,1.1297370180366533
78,3,210,3110.000000000001,4869.166547737977,0.15612958470101326,1.9816919434923432,0.4844127761249867,1.5656484076327897
78,2,420,4110.000000000002,4869.166547737977,0.156272299129442,1.9673759968669993,0.36423542126592046,1.1847120554106996
78,5,700,6910.000000000002,4869.166547737977,0.15812758669901528,1.287383011350019,0.14344717471147408,0.704655072031545
78,0,527,5180.000000000002,4869.166547737977,0.13757670900528043,1.4436876500413727,0.1866994453139029,0.9399935420343583
79,6,242,3110.000000000001,5271.706864564008,0.09604681033252462,0.30951619220153,0.050391488228696185,1.6950825931073976
79,1,620,6110.000000000002,5271.706864564008,0.1374339945768517,1.1736235303444296,0.13916596029972697,0.8627998141675952
79,5,490,4810.000000000001,5271.706864564008,0.15812758669901528,1.4658100748464127,0.2540338101267941,1.0959889531318103
79,3,140,3110.000000000001,5271.706864564008,0.15612958470101326,1.396960689208689,0.3697091964893764,1.6950825931073976
79,0,527,5180.000000000002,5271.706864564008,0.13757670900528043,1.6220869218052565,0.2271122357294845,1.0177040279081093
79,4,700,6910.000000000002,5271.706864564008,0.1584130155558727,1.8114565524548323,0.2189233015507029,0.7629098212104207
79,2,700,6910.000000000002,5271.706864564008,0.156272299129442,1.2413145718781005,0.14799159847533402,0.7629098212104207
80,1,279,3110.000000000001,4849.977165691453,0.1374339945768517,1.3148230459103065,0.2817998659519187,1.5594781883252256
80,2,700,6910.000000000002,4849.977165691453,0.156272299129442,1.2561304024749789,0.13777752384481828,0.7018780268728584
80,3,385,3760.0000000000014,4849.977165691453,0.15612958470101326,1.4986670041026273,0.3018159583299306,1.2898875440668753
80,6,440,4310.000000000002,4849.977165691453,0.09604681033252462,0.23321710841304621,0.025206107076685427,1.125284725218434
80,4,700,6910.000000000002,4849.977165691453,0.1584130155558727,1.2268365118148234,0.13640779864864663,0.7018780268728584
80,5,140,3110.000000000001,4849.977165691453,0.15812758669901528,1.3530914506082399,0.3336676462492424,1.5594781883252256
80,0,558,5490.000000000002,4849.977165691453,0.13757670900528043,1.6065955401288703,0.1952624898780164,0.8834202487598272
81,0,31,3110.000000000001,4709.429142286286,0.13757670900528043,0.6712349035437891,0.13983868314920567,1.5142858978412492
81,6,242,3110.000000000001,4709.429142286286,0.09604681033252462,0.2923812991188505,0.04252461751483155,1.5142858978412492
81,2,700,6910.000000000002,4709.429142286286,0.156272299129442,2.0054282054051753,0.2135892250495283,0.6815382260906345
81,5,70,3110.000000000001,4709.429142286286,0.15812758669901528,1.7644472865525116,0.42249756372340297,1.5142858978412492
81,1,620,6110.000000000002,4709.429142286286,0.1374339945768517,1.2092107126933378,0.12809235560442433,0.7707740003741873
81,3,700,6910.000000000002,4709.429142286286,0.15612958470101326,1.1687343345696954,0.12436301054920938,0.6815382260906345
81,4,315,3110.000000000001,4709.429142286286,0.1584130155558727,1.9952373754917672,0.47862272025314606,1.5142858978412492
82,6,418,4090.0000000000014,5130.710717853576,0.09604681033252462,0.2917098139155322,0.03514699565454241,1.2544524982527077
82,1,341,3320.0000000000014,5130.710717853576,0.1374339945768517,2.016702095742955,0.4283269140594489,1.545394794534209
82,5,700,6910.000000000002,5130.710717853576,0.15812758669901528,0.6095398528062239,0.071566409661725,0.7425051690092004
82,2,385,3760.0000000000014,5130.710717853576,0.156272299129442,2.081071200768986,0.44377070020670895,1.3645507228333975
82,3,700,6910.000000000002,5130.710717853576,0.15612958470101326,1.9722484428343157,0.22863689192693867,0.7425051690092004
82,4,700,6910.000000000002,5130.710717853576,0.1584130155558727,0.5811831169005847,0.06836020122276501,0.7425051690092004
82,0,186,3110.000000000001,5130.710717853576,0.13757670900528043,2.284585936292298,0.5185248268232231,1.6497462115284807
83,0,217,3110.000000000001,5278.602825745685,0.13757670900528043,0.3969641811166874,0.0926946853435275,1.697299943969673
83,6,66,3110.000000000001,5278.602825745685,0.09604681033252462,0.21493511143159866,0.03503877469573974,1.697299943969673
83,4,700,6910.000000000002,5278.602825745685,0.1584130155558727,2.178962471065939,0.2636826472520313,0.7639077895435142
83,1,186,3110.000000000001,5278.602825745685,0.1374339945768517,0.3902854562291711,0.09104060484077668,1.697299943969673
83,2,700,6910.000000000002,5278.602825745685,0.156272299129442,2.3242522381877206,0.2774637158026294,0.7639077895435142
83,5,560,5510.000000000002,5278.602825745685,0.15812758669901528,2.2715830402796464,0.3441150345146793,0.9580041426035723
83,3,700,6910.000000000002,5278.602825745685,0.15612958470101326,1.9043199493847218,0.2271255856102756,0.7639077895435142
84,3,105,3110.000000000001,5246.783216783218,0.15612958470101326,1.8101442689673923,0.47679437787704415,1.687068558451195
84,4,595,5860.000000000002,5246.783216783218,0.1584130155558727,1.5130651065254292,0.21460704857229326,0.8953554977445762
84,6,418,4090.0000000000014,5246.783216783218,0.09604681033252462,0.29509821040553275,0.03635961995546117,1.2828320823430848
84,2,700,6910.000000000002,5246.783216783218,0.156272299129442,1.2577581848508732,0.14924308823028898,0.7593029257283961
84,0,279,3110.000000000001,5246.783216783218,0.13757670900528043,1.1706662487868207,0.27171320519774406,1.687068558451195
84,5,700,6910.000000000002,5246.783216783218,0.15812758669901528,1.5055925144482751,0.18077158380223854,0.7593029257283961
84,1,620,6110.000000000002,5246.783216783218,0.1374339945768517,0.9466990010008396,0.11172696431214722,0.8587206574113284
85,0,620,6110.000000000002,4716.907378335951,0.13757670900528043,1.2725907861571402,0.13516051228521747,0.7719979342612029
85,5,700,6910.000000000002,4716.907378335951,0.15812758669901528,1.427342545828579,0.1540689615346708,0.6826204599617872
85,6,242,3110.000000000001,4716.907378335951,0.09604681033252462,0.27357403740025504,0.03985242801271596,1.51669047534918
85,3,700,6910.000000000002,4716.907378335951,0.15612958470101326,0.897045558298433,0.09560464776136947,0.6826204599617872
85,2,245,3110.000000000001,4716.907378335951,0.156272299129442,1.6897051055650334,0.40048834102133674,1.51669047534918
85,1,279,3110.000000000001,4716.907378335951,0.1374339945768517,1.625520183338854,0.33883127919427003,1.51669047534918
85,4,315,3110.000000000001,4716.907378335951,0.1584130155558727,1.5845999979509182,0.3807215604088542,1.51669047534918
86,0,124,3110.000000000001,4614.581133152563,0.13757670900528043,1.0268578087920324,0.20961730041801732,1.4837881457082192
86,4,700,6910.000000000002,4614.581133152563,0.1584130155558727,1.089661587297026,0.11527542749809093,0.6678120308469698
86,2,560,5510.000000000002,4614.581133152563,0.156272299129442,1.9408620413853417,0.2540138256159318,0.8374920386846754
86,1,620,6110.000000000002,4614.581133152563,0.1374339945768517,0.7256538670657231,0.07532077145035786,0.7552505946239871
86,5,315,3110.000000000001,4614.581133152563,0.15812758669901528,1.089417360678653,0.25560764072757564,1.4837881457082192
86,3,315,3110.000000000001,4614.581133152563,0.15612958470101326,1.9862834744235816,0.4601488393695211,1.4837881457082192
86,6,440,4310.000000000002,4614.581133152563,0.09604681033252462,0.29453322928701503,0.030288116127435115,1.0706684763695038
87,5,700,6910.000000000002,5117.449693163981,0.15812758669901528,2.4945865641067915,0.2921337653816452,0.7405860626865383
87,3,35,3110.000000000001,5117.449693163981,0.15612958470101326,0.6079505817326515,0.15618764472246185,1.6454822164514402
87,0,558,5490.000000000002,5117.449693163981,0.13757670900528043,1.3727471701516716,0.17604216911466763,0.9321401991191218
87,6,396,3870.0000000000014,5117.449693163981,0.09604681033252462,0.302910751501626,0.038471600317614776,1.322338422006196
87,4,245,3110.000000000001,5117.449693163981,0.1584130155558727,2.06893607943964,0.539300878195931,1.6454822164514402
87,2,700,6910.000000000002,5117.449693163981,0.156272299129442,0.7317772017692901,0.0846908343515327,0.7405860626865383
87,1,620,6110.000000000002,5117.449693163981,0.1374339945768517,5.591607641926257,0.6436403038496348,0.8375531412707004
88,1,620,6110.000000000002,4716.479235050665,0.1374339945768517,1.1677606221609433,0.12388670793953419,0.7719278617104196
88,0,124,3110.000000000001,4716.479235050665,0.13757670900528043,0.9806053187721673,0.20459579269207934,1.5165528086979625
88,2,70,3110.000000000001,4716.479235050665,0.156272299129442,1.84388175821384,0.4369911153078522,1.5165528086979625
88,5,700,6910.000000000002,4716.479235050665,0.15812758669901528,0.7540527243289115,0.08138591221070038,0.682558500007332
88,6,220,3110.000000000001,4716.479235050665,0.09604681033252462,0.5159056997169194,0.07514685516286637,1.5165528086979625
88,4,210,3110.000000000001,4716.479235050665,0.1584130155558727,1.300979569488152,0.3125495482209469,1.5165528086979625
88,3,700,6910.000000000002,4716.479235050665,0.15612958470101326,2.5577504876380384,0.2725732672814834,0.682558500007332
89,1,93,3110.000000000001,4231.2787212787225,0.1374339945768517,1.0228441769354633,0.19125592209407452,1.3605397817616467
89,6,440,4310.000000000002,4231.2787212787225,0.09604681033252462,0.3132138379493264,0.02953372670150342,0.9817352021528354
89,3,700,6910.000000000002,4231.2787212787225,0.15612958470101326,1.194090063900157,0.11416050352926306,0.6123413489549524
89,0,620,6110.000000000002,4231.2787212787225,0.13757670900528043,0.7414084596676288,0.07063710264385217,0.6925169756593652
89,5,140,3110.000000000001,4231.2787212787225,0.15812758669901528,1.5314970568661896,0.32948454974185837,1.3605397817616467
89,4,315,3110.000000000001,4231.2787212787225,0.1584130155558727,1.9240249066959059,0.4146797193652951,1.3605397817616467
89,2,70,3110.000000000001,4231.2787212787225,0.156272299129442,0.8860988866815505,0.18839763102125384,1.3605397817616467
90,2,280,3110.000000000001,4717.5638647067235,0.156272299129442,1.817675048115351,0.43087931575181804,1.5169015642143802
90,6,88,3110.000000000001,4717.5638647067235,0.09604681033252462,0.5280855071894088,0.07693865585343769,1.5169015642143802
90,5,175,3110.000000000001,4717.5638647067235,0.15812758669901528,0.5635003041707098,0.1351634277233718,1.5169015642143802
90,4,700,6910.000000000002,4717.5638647067235,0.1584130155558727,0.6545177369817821,0.0707867579912812,0.6827154652252854
90,3,700,6910.000000000002,4717.5638647067235,0.15612958470101326,1.721794694220455,0.18352968132749217,0.6827154652252854
90,0,186,3110.000000000001,4717.5638647067235,0.13757670900528043,1.2208790176486934,0.2547856390881486,1.5169015642143802
90,1,620,6110.000000000002,4717.5638647067235,0.1374339945768517,1.2639240150380329,0.134119434398161,0.7721053788390707
91,6,264,3110.000000000001,5201.351505637221,0.09604681033252462,0.1872505078259764,0.03007888727608909,1.6724602912016782
91,4,35,3110.000000000001,5201.351505637221,0.1584130155558727,1.7800088517122652,0.4715946162335733,1.6724602912016782
91,2,630,6210.000000000002,5201.351505637221,0.156272299129442,1.155036819682918,0.15118281738346695,0.8375767319866697
91,0,620,6110.000000000002,5201.351505637221,0.13757670900528043,1.2515619903404387,0.14657917589804995,0.8512850254725399
91,5,700,6910.000000000002,5201.351505637221,0.15812758669901528,1.8630106044771253,0.22174872260213724,0.7527281484279623
91,1,186,3110.000000000001,5201.351505637221,0.1374339945768517,0.6549694160062874,0.15054661875750708,1.6724602912016782
91,3,700,6910.000000000002,5201.351505637221,0.15612958470101326,0.9242545206634617,0.10862128714893796,0.7527281484279623
92,5,700,6910.000000000002,4910.513771942345,0.15812758669901528,0.9662054615691009,0.10857404472561889,0.7106387513664751
92,6,440,4310.000000000002,4910.513771942345,0.09604681033252462,0.27484743722026483,0.03007629263559055,1.139330341517945
92,2,175,3110.000000000001,4910.513771942345,0.156272299129442,1.8020581592641072,0.4446490300124164,1.5789433350296924
92,4,630,6210.000000000002,4910.513771942345,0.1584130155558727,0.7065201333242901,0.08850152143178304,0.7907429584448218
92,3,700,6910.000000000002,4910.513771942345,0.15612958470101326,1.5424857489133268,0.17114146715991632,0.7106387513664751
92,0,310,3110.000000000001,4910.513771942345,0.13757670900528043,1.0649517343185828,0.23133502198965822,1.5789433350296924
92,1,310,3110.000000000001,4910.513771942345,0.1374339945768517,1.3263533614411926,0.28781932900584456,1.5789433350296924
93,1,434,4250.000000000002,4733.465106322251,0.1374339945768517,0.37833566360355153,0.05791108493675501,1.113756495605235
93,4,700,6910.000000000002,4733.465106322251,0.1584130155558727,1.9679677941061073,0.2135551163944929,0.6850166579337553
93,0,31,3110.000000000001,4733.465106322251,0.13757670900528043,0.5316957085495788,0.1113337563947807,1.5220145036405948
93,3,700,6910.000000000002,4733.465106322251,0.15612958470101326,2.7346646261214063,0.292476118181012,0.6850166579337553
93,6,440,4310.000000000002,4733.465106322251,0.09604681033252462,0.2517601711298147,0.026556563888307922,1.0982517648079464
93,5,140,3110.000000000001,4733.465106322251,0.15812758669901528,1.9250774136562114,0.46331315607121043,1.5220145036405948
93,2,420,4110.000000000002,4733.465106322251,0.156272299129442,3.0591253035652914,0.5505751757426331,1.1516946730711068
94,4,700,6910.000000000002,5707.760810617955,0.1584130155558727,1.7584131999168362,0.2300909379231081,0.8260145890908761
94,6,440,4310.000000000002,5707.760810617955,0.09604681033252462,0.24555101293319678,0.031232961931221034,1.3243064525795714
94,0,620,6110.000000000002,5707.760810617955,0.13757670900528043,1.2986315505225914,0.1668996482528624,0.9341670721142313
94,1,527,5180.000000000002,5707.760810617955,0.1374339945768517,1.5486617767248283,0.23452370936186107,1.1018843263741223
94,3,560,5510.000000000002,5707.760810617955,0.15612958470101326,1.2813367593619478,0.20723478574517581,1.0358912541956358
94,5,525,5160.000000000001,5707.760810617955,0.15812758669901528,0.9495916816981874,0.16609654860835096,1.1061551958561926
94,2,630,6210.000000000002,5707.760810617955,0.156272299129442,1.8288739023016982,0.2626878157934984,0.9191241240930682
95,5,700,6910.000000000002,5049.5604395604405,0.15812758669901528,1.3590434208763635,0.15704224777129028,0.7307612792417423
95,6,440,4310.000000000002,5049.5604395604405,0.09604681033252462,0.24445812568056818,0.027508298536753593,1.171591749317967
95,4,595,5860.000000000002,5049.5604395604405,0.1584130155558727,1.5592009371442568,0.2128378715428261,0.8616997337133855
95,3,35,3110.000000000001,5049.5604395604405,0.15612958470101326,0.9455711969472579,0.23970253386157245,1.623652874456733
95,1,279,3110.000000000001,5049.5604395604405,0.1374339945768517,0.6627476636336685,0.1478888939034755,1.623652874456733
95,0,620,6110.000000000002,5049.5604395604405,0.13757670900528043,0.6418789520306138,0.07298110182748113,0.8264419704681569
95,2,560,5510.000000000002,5049.5604395604405,0.156272299129442,1.0135239344078772,0.14515031632325062,0.9164356514628745
96,1,31,3110.000000000001,5039.056657628088,0.1374339945768517,0.9794549488484899,0.21810593671604528,1.6202754526135326
96,3,630,6210.000000000002,5039.056657628088,0.15612958470101326,3.02643512695069,0.38341951617332226,0.8114422959143457
96,2,350,3410.000000000001,5039.056657628088,0.156272299129442,0.5850287794712387,0.13509960993668851,1.4777292251108758
96,5,700,6910.000000000002,5039.056657628088,0.15812758669901528,1.691684744989026,0.19507349724379539,0.7292411950257723
96,4,490,4810.000000000001,5039.056657628088,0.1584130155558727,1.313009777506727,0.21790288812976188,1.047620926741806
96,0,620,6110.000000000002,5039.056657628088,0.13757670900528043,2.291356304420706,0.2599833733748327,0.8247228572222728
96,6,440,4310.000000000002,5039.056657628088,0.09604681033252462,0.2271459994904049,0.02550703689891094,1.1691546769438714
97,3,700,6910.000000000002,5462.742971314401,0.15612958470101326,1.6930227220476768,0.20896844492709732,0.7905561463551953
97,1,589,5800.000000000002,5462.742971314401,0.1374339945768517,0.45813102062276495,0.05930163157957121,0.9418522364335171
97,5,245,3110.000000000001,5462.742971314401,0.15812758669901528,0.9237632263920892,0.2565775716209544,1.7565089939917684
97,4,700,6910.000000000002,5462.742971314401,0.1584130155558727,1.267235052788897,0.15870140009183734,0.7905561463551953
97,6,110,3110.000000000001,5462.742971314401,0.09604681033252462,0.31980237517502924,0.05395292687347605,1.7565089939917684
97,2,560,5510.000000000002,5462.742971314401,0.156272299129442,1.8714793267371859,0.28995206347224656,0.9914234067721233
97,0,620,6110.000000000002,5462.742971314401,0.13757670900528043,0.42105680122040884,0.051791102945706144,0.8940659527519476
98,0,403,3940.000000000001,5020.335378906808,0.13757670900528043,2.1749971070441823,0.38127656202374,1.2741967966768546
98,1,248,3110.000000000001,5020.335378906808,0.1374339945768517,3.639973611100604,0.8075413071570593,1.6142557488446323
98,2,175,3110.000000000001,5020.335378906808,0.156272299129442,0.9380088451458537,0.23662535421214081,1.6142557488446323
98,5,700,6910.000000000002,5020.335378906808,0.15812758669901528,1.7198632100316649,0.19758602888085727,0.7265318927506232
98,4,700,6910.000000000002,5020.335378906808,0.1584130155558727,1.624489325618424,0.18696590095463939,0.7265318927506232
98,6,176,3110.000000000001,5020.335378906808,0.09604681033252462,0.3587450060463755,0.055621302237692856,1.6142557488446323
98,3,700,6910.000000000002,5020.335378906808,0.15612958470101326,0.9714714060477129,0.11019703518931293,0.7265318927506232
99,5,455,4460.000000000002,5125.184815184816,0.15812758669901528,1.8725510437033508,0.34026398181352135,1.1491445773956983
99,2,105,3110.000000000001,5125.184815184816,0.156272299129442,1.8323673564925675,0.47189316791215086,1.6479693939501012
99,0,620,6110.000000000002,5125.184815184816,0.13757670900528043,0.4852837861290725,0.05600270677234968,0.8388191186881857
99,6,132,3110.000000000001,5125.184815184816,0.09604681033252462,0.3685909932723207,0.058341394721329855,1.6479693939501012
99,3,560,5510.000000000002,5125.184815184816,0.15612958470101326,1.5939432784551402,0.23148134604266818,0.9301605835181151
99,4,700,6910.000000000002,5125.184815184816,0.1584130155558727,2.0842080624445485,0.24488569482600273,0.7417054725303639
99,1,620,6110.000000000002,5125.184815184816,0.1374339945768517,0.362178278003341,0.04175273121109531,0.8388191186881857
100,4,420,4110.000000000002,5020.667903525048,0.1584130155558727,1.2766605849089812,0.24705064114912953,1.2215736991545123
100,3,245,3110.000000000001,5020.667903525048,0.15612958470101326,1.1230985974529617,0.28307674678625616,1.614362669943745
100,5,700,6910.000000000002,5020.667903525048,0.15812758669901528,1.3343675415866771,0.1533086150278342,0.726580014981917
100,1,403,3940.000000000001,5020.667903525048,0.1374339945768517,2.2394617740913882,0.39219594321156986,1.274281193788083
100,2,700,6910.000000000002,5020.667903525048,0.156272299129442,0.5121103036925588,0.05814722103348368,0.726580014981917
100,0,620,6110.000000000002,5020.667903525048,0.13757670900528043,2.1472120155563776,0.24273931970341578,0.8217132411661288
100,6,352,3430.000000000001,5020.667903525048,0.09604681033252462,0.3845529422064868,0.05406378666388676,1.4637515753717338
101,1,434,4250.000000000002,5143.94748109034,0.1374339945768517,0.5876200058783234,0.09774585248231686,1.210340583785962
101,5,105,3110.000000000001,5143.94748109034,0.15812758669901528,1.1697257263437195,0.3059340538001418,1.6540024054952858
101,3,700,6910.000000000002,5143.94748109034,0.15612958470101326,1.9678642900309067,0.22871720114221789,0.7444207642677769
101,6,440,4310.000000000002,5143.94748109034,0.09604681033252462,0.2540755072322122,0.029124937609192488,1.1934912949165517
101,0,620,6110.000000000002,5143.94748109034,0.13757670900528043,0.7297028164662456,0.08451742454358013,0.8418899314386806
101,2,525,5160.000000000001,5143.94748109034,0.156272299129442,1.709162754207138,0.26626387376420846,0.996889046722934
101,4,595,5860.000000000002,5143.94748109034,0.1584130155558727,1.5639618755439597,0.21747830187244488,0.8778067373874298
102,0,620,6110.000000000002,5146.938775510205,0.13757670900528043,1.508392299109973,0.1748102986960008,0.8423795049934867
102,6,396,3870.0000000000014,5146.938775510205,0.09604681033252462,0.3217528864703596,0.04110015271741766,1.3299583399251171
102,5,35,3110.000000000001,5146.938775510205,0.15812758669901528,1.176042111238231,0.3077649292514169,1.6549642364984578
102,2,700,6910.000000000002,5146.938775510205,0.156272299129442,0.8903115895158101,0.1036322633411601,0.7448536578162379
102,4,700,6910.000000000002,5146.938775510205,0.1584130155558727,1.0244356536883317,0.12087778716573513,0.7448536578162379
102,3,420,4110.000000000002,5146.938775510205,0.15612958470101326,0.8884920936799447,0.17371845266700392,1.2522965390535774
102,1,465,4560.000000000002,5146.938775510205,0.1374339945768517,0.8482693772347517,0.1315867371796762,1.1287146437522375
103,5,700,6910.000000000002,4819.8758384472685,0.15812758669901528,0.8964578020234296,0.09887700376071276,0.6975218290082876
103,3,700,6910.000000000002,4819.8758384472685,0.15612958470101326,1.3194292505337724,0.14369085061550022,0.6975218290082876
103,4,385,3760.0000000000014,4819.8758384472685,0.1584130155558727,1.4256217931908028,0.28949641694545125,1.2818818719274645
103,1,186,3110.000000000001,4819.8758384472685,0.1374339945768517,0.9919074695533351,0.2112714398672478,1.549799304966967
103,6,110,3110.000000000001,4819.8758384472685,0.09604681033252462,0.32581912357526016,0.0484992451975522,1.549799304966967
103,0,620,6110.000000000002,4819.8758384472685,0.13757670900528043,0.6527347120576759,0.07083962700685734,0.7888503827245936
103,2,140,3110.000000000001,4819.8758384472685,0.156272299129442,1.28974993580351,0.31236544052061793,1.549799304966967
104,4,175,3110.000000000001,5201.451405737122,0.1584130155558727,1.4335022135414082,0.37979862283628063,1.6724924134202959
104,5,700,6910.000000000002,5201.451405737122,0.15812758669901528,1.5289672915769552,0.18199201599421308,0.7527426057506686
104,2,700,6910.000000000002,5201.451405737122,0.156272299129442,0.732290063654643,0.08614134352724237,0.7527426057506686
104,0,620,6110.000000000002,5201.451405737122,0.13757670900528043,0.9555989312493243,0.11191902214488926,0.8513013757343896
104,1,217,3110.000000000001,5201.451405737122,0.1374339945768517,0.8120745763402508,0.1866612802971784,1.6724924134202959
104,6,242,3110.000000000001,5201.451405737122,0.09604681033252462,0.20498314473751458,0.032927992542678905,1.6724924134202959
104,3,630,6210.000000000002,5201.451405737122,0.15612958470101326,1.0655091855484908,0.13933985293727966,0.8375928189592786
105,1,558,5490.000000000002,5052.677322677324,0.1374339945768517,1.2048510054901822,0.15239711078921964,0.9203419531288383
105,0,620,6110.000000000002,5052.677322677324,0.13757670900528043,1.0423308867007504,0.11858530562578647,0.8269520986378597
105,2,140,3110.000000000001,5052.677322677324,0.156272299129442,2.403369523460419,0.6101880895712682,1.6246550876775956
105,4,700,6910.000000000002,5052.677322677324,0.1584130155558727,0.713580730097827,0.08265659132845544,0.731212347710177
105,3,315,3110.000000000001,5052.677322677324,0.15612958470101326,2.4491912348316274,0.6212538253744607,1.6246550876775956
105,5,700,6910.000000000002,5052.677322677324,0.15812758669901528,0.40376460668576974,0.046685219623589486,0.731212347710177
105,6,88,3110.000000000001,5052.677322677324,0.09604681033252462,0.2533544833875964,0.039534178212320296,1.6246550876775956
106,2,700,6910.000000000002,5337.0301127444,0.156272299129442,0.3804597152264764,0.04592110035407223,0.7723632579948478
106,0,620,6110.000000000002,5337.0301127444,0.13757670900528043,1.5281166359364,0.18363686207909977,0.8734910168157771
106,1,620,6110.000000000002,5337.0301127444,0.1374339945768517,1.3492417424252385,0.16197290873198572,0.8734910168157771
106,4,315,3110.000000000001,5337.0301127444,0.1584130155558727,2.1371178163114877,0.5809765326796321,1.7160868529724753
106,6,44,3110.000000000001,5337.0301127444,0.09604681033252462,0.41530729487335066,0.06845288719548447,1.7160868529724753
106,3,630,6210.000000000002,5337.0301127444,0.15612958470101326,0.3256766423133363,0.04369984226644935,0.8594251389282445
106,5,525,5160.000000000001,5337.0301127444,0.15812758669901528,2.027949834095421,0.33167657645582865,1.0343081613845735
107,5,105,3110.000000000001,4757.381190238335,0.15812758669901528,0.8017675510421316,0.19393834295372012,1.5297045627775991
107,6,110,3110.000000000001,4757.381190238335,0.09604681033252462,0.19143408697852987,0.028126117072192765,1.5297045627775991
107,2,700,6910.000000000002,4757.381190238335,0.156272299129442,1.70048410199612,0.18295508365613206,0.6884777409896287
107,1,124,3110.000000000001,4757.381190238335,0.1374339945768517,0.9859705250243157,0.20728394424016636,1.5297045627775991
107,0,620,6110.000000000002,4757.381190238335,0.13757670900528043,0.9321995402005109,0.09985746612534482,0.7786221260619204
107,4,350,3410.000000000001,4757.381190238335,0.1584130155558727,0.6113910620527503,0.1351212078965629,1.3951264487502444
107,3,700,6910.000000000002,4757.381190238335,0.15612958470101326,1.7860710629194814,0.19198789306214498,0.6884777409896287
108,4,595,5860.000000000002,5527.876409304983,0.1584130155558727,1.768566204149231,0.2642852294466566,0.943323619335321
108,2,560,5510.000000000002,5527.876409304983,0.156272299129442,3.1943751289598756,0.5008119040680191,1.0032443574056227
108,5,420,4110.000000000002,5527.876409304983,0.15812758669901528,0.9454405073275725,0.2010751268459737,1.3449820947214064
108,1,620,6110.000000000002,5527.876409304983,0.1374339945768517,0.6132589489045023,0.07625269162485691,0.9047260899026156
108,0,620,6110.000000000002,5527.876409304983,0.13757670900528043,1.7483814789646035,0.21761971042006753,0.9047260899026156
108,6,352,3430.000000000001,5527.876409304983,0.09604681033252462,0.30110084486196975,0.04660785599454155,1.611625775307575
108,3,700,6910.000000000002,5527.876409304983,0.15612958470101326,1.835951582255356,0.22931195956311698,0.7999821142264807
109,2,315,3110.000000000001,5479.547595261882,0.156272299129442,1.1158859874993392,0.3072459311671486,1.7619124100520516
109,4,595,5860.000000000002,5479.547595261882,0.1584130155558727,1.1261584115462326,0.1668158965271206,0.9350763814440068
109,5,700,6910.000000000002,5479.547595261882,0.15812758669901528,0.6811547249664208,0.08541223231165462,0.7929880745675659
109,1,620,6110.000000000002,5479.547595261882,0.1374339945768517,1.07236607306786,0.13217238553481586,0.8968163003701931
109,6,132,3110.000000000001,5479.547595261882,0.09604681033252462,0.541591914547126,0.0916514696561499,1.7619124100520516
109,3,700,6910.000000000002,5479.547595261882,0.15612958470101326,1.2253077421505245,0.15170400219174246,0.7929880745675659
109,0,558,5490.000000000002,5479.547595261882,0.13757670900528043,0.9766360891166831,0.13410656665626688,0.9980961011405974
110,5,350,3410.000000000001,4815.929784501214,0.15812758669901528,2.2284688599010707,0.4976683018826159,1.4122961244871592
110,4,595,5860.000000000002,4815.929784501214,0.1584130155558727,2.017404260418944,0.26264329927253804,0.8218310212459408
110,1,310,3110.000000000001,4815.929784501214,0.1374339945768517,0.8621676136429436,0.18348714024852947,1.5485304773315798
110,3,700,6910.000000000002,4815.929784501214,0.15612958470101326,1.6009134927987092,0.17420281491885856,0.6969507647613912
110,6,440,4310.000000000002,4815.929784501214,0.09604681033252462,0.15874040611118728,0.01703622275344222,1.1173851008123463
110,2,385,3760.0000000000014,4815.929784501214,0.156272299129442,2.7699548510681122,0.5544303468391747,1.2808323894950033
110,0,620,6110.000000000002,4815.929784501214,0.13757670900528043,0.8363550914408339,0.0906931648911934,0.7882045473815406
111,0,434,4250.000000000002,5190.610817753677,0.13757670900528043,0.7955877083360521,0.13367879392567003,1.2213201924126293
111,5,560,5510.000000000002,5190.610817753677,0.15812758669901528,0.7755348478950553,0.11552496051265718,0.942034631171266
111,1,496,4870.000000000001,5190.610817753677,0.1374339945768517,1.064568842038188,0.15593996304256105,1.0658338434812478
111,4,175,3110.000000000001,5190.610817753677,0.1584130155558727,1.1408146149490723,0.30162269500645544,1.6690066938114712
111,6,440,4310.000000000002,5190.610817753677,0.09604681033252462,0.36121705967887385,0.041782305214680085,1.2043180551632657
111,3,700,6910.000000000002,5190.610817753677,0.15612958470101326,1.0443008532057876,0.12247607427448412,0.7511737797038605
111,2,700,6910.000000000002,5190.610817753677,0.156272299129442,1.1371395962675255,0.13348614902158168,0.7511737797038605
112,5,315,3110.000000000001,5021.445697159985,0.15812758669901528,1.7532963596701234,0.44764254426840405,1.6146127643601234
112,4,700,6910.000000000002,5021.445697159985,0.1584130155558727,1.081932044974498,0.12454937956731983,0.7266925755658442
112,0,620,6110.000000000002,5021.445697159985,0.13757670900528043,0.8917571288957524,0.10082751566610441,0.8218405396333851
112,2,630,6210.000000000002,5021.445697159985,0.156272299129442,1.108272210567872,0.14004435756851008,0.8086063924573242
112,1,620,6110.000000000002,5021.445697159985,0.1374339945768517,0.7780170273997394,0.08787611161658399,0.8218405396333851
112,6,66,3110.000000000001,5021.445697159985,0.09604681033252462,0.21839723954075005,0.03386869576945091,1.6146127643601234
112,3,140,3110.000000000001,5021.445697159985,0.15612958470101326,1.3006837072171586,0.32788782140409134,1.6146127643601234
113,4,560,5510.000000000002,4856.867418295991,0.1584130155558727,2.385076797299405,0.33304113525832013,0.8814641412515407
113,3,105,3110.000000000001,4856.867418295991,0.15612958470101326,0.7067166588966509,0.17231631259558017,1.561693703632151
113,5,560,5510.000000000002,4856.867418295991,0.15812758669901528,1.3967177265022481,0.19467982064067593,0.8814641412515407
113,2,350,3410.000000000001,4856.867418295991,0.156272299129442,0.8570134638243347,0.19075306103996104,1.4243012956879735
113,0,620,6110.000000000002,4856.867418295991,0.13757670900528043,1.0170671865495808,0.11122683963850238,0.7949046511122733
113,1,620,6110.000000000002,4856.867418295991,0.1374339945768517,1.7083022493286364,0.18662676174789583,0.7949046511122733
113,6,440,4310.000000000002,4856.867418295991,0.09604681033252462,0.4258400924869392,0.04609018723790193,1.1268833917160068
114,6,220,3110.000000000001,5377.992007992009,0.09604681033252462,0.32239174811952825,0.053545949905408466,1.7292578803832823
114,3,665,6560.000000000001,5377.992007992009,0.15612958470101326,1.375613653588773,0.1760751209414085,0.8198158548768306
114,4,700,6910.000000000002,5377.992007992009,0.1584130155558727,1.0922038902863271,0.1346594032449665,0.7782911733707681
114,1,620,6110.000000000002,5377.992007992009,0.1374339945768517,1.1910194644465653,0.14407610893183873,0.8801950913243876
114,2,280,3110.000000000001,5377.992007992009,0.156272299129442,0.9077041564995268,0.2452935278183811,1.7292578803832823
114,0,403,3940.000000000001,5377.992007992009,0.13757670900528043,1.401841856163628,0.2632496909963015,1.3649725908609158
114,5,700,6910.000000000002,5377.992007992009,0.15812758669901528,0.8645152572897032,0.1063952918715815,0.7782911733707681
115,4,700,6910.000000000002,5327.679463393752,0.1584130155558727,2.2590793925012282,0.2759195008634399,0.7710100525895441
115,3,560,5510.000000000002,5327.679463393752,0.15612958470101326,1.9017391513373225,0.2870930247796023,0.966910973392695
115,1,620,6110.000000000002,5327.679463393752,0.1374339945768517,0.5128002742888214,0.06145246329577927,0.8719606323066694
115,0,372,3630.000000000001,5327.679463393752,0.13757670900528043,0.6518315906772509,0.13161693824435078,1.4676802929459367
115,2,420,4110.000000000002,5327.679463393752,0.156272299129442,1.5730613997961742,0.3186573513804546,1.2962723755215935
115,5,700,6910.000000000002,5327.679463393752,0.15812758669901528,2.0270430894055433,0.24713295613699657,0.7710100525895441
115,6,22,3110.000000000001,5327.679463393752,0.09604681033252462,0.10520521214050262,0.017310033247123,1.7130802133098875
116,4,700,6910.000000000002,4948.726987298418,0.1584130155558727,1.3739951432148017,0.15588039825927405,0.7161688838347926
116,2,35,3110.000000000001,4948.726987298418,0.156272299129442,0.7328515876367845,0.1822347271569862,1.5912305425396838
116,1,93,3110.000000000001,4948.726987298418,0.1374339945768517,1.1670019096986302,0.2552106787332322,1.5912305425396838
116,3,700,6910.000000000002,4948.726987298418,0.15612958470101326,0.9150559825279144,0.10231712231893567,0.7161688838347926
116,6,440,4310.000000000002,4948.726987298418,0.09604681033252462,0.1582388170029525,0.017450673750733257,1.1481965167745745
116,5,420,4110.000000000002,4948.726987298418,0.15812758669901528,1.1063788872014688,0.21065084027742773,1.2040698265932885
116,0,589,5800.000000000002,4948.726987298418,0.13757670900528043,0.7896144822609366,0.09268842940313415,0.8532287909135201
117,6,440,4310.000000000002,5461.253032681605,0.09604681033252462,0.45042976490012127,0.05481823608513399,1.2671120725479357
117,5,700,6910.000000000002,5461.253032681605,0.15812758669901528,2.1870471081487994,0.2733254250072987,0.7903405257136908
117,3,595,5860.000000000002,5461.253032681605,0.15612958470101326,1.0980040063193617,0.15976579768579863,0.9319544424371337
117,4,105,3110.000000000001,5461.253032681605,0.1584130155558727,1.8606892147113856,0.5176027933738178,1.7560299140455315
117,0,558,5490.000000000002,5461.253032681605,0.13757670900528043,0.47949823350349535,0.06562236564732493,0.9947637582298002
117,1,527,5180.000000000002,5461.253032681605,0.1374339945768517,0.4364399673683603,0.06323845098214204,1.0542959522551356
117,2,700,6910.000000000002,5461.253032681605,0.156272299129442,0.7609252431094208,0.09398060682908088,0.7903405257136908
118,2,105,3110.000000000001,5019.918652775797,0.156272299129442,1.4594456153033846,0.36813423610545504,1.6141217533041146
118,6,286,3110.000000000001,5019.918652775797,0.09604681033252462,0.36653102960604017,0.056823762178342646,1.6141217533041146
118,0,620,6110.000000000002,5019.918652775797,0.13757670900528043,2.4597532892251355,0.2780301766684751,0.821590614202258
118,4,140,3110.000000000001,5019.918652775797,0.1584130155558727,0.4838720336155805,0.12372506016192282,1.6141217533041146
118,1,620,6110.000000000002,5019.918652775797,0.1374339945768517,1.3565607541006344,0.1531753521602886,0.821590614202258
118,3,630,6210.000000000002,5019.918652775797,0.15612958470101326,1.8785141865762311,0.23708537413218442,0.8083604915903053
118,5,700,6910.000000000002,5019.918652775797,0.15812758669901528,0.4601946989157967,0.052864957410162956,0.7264715850616202
119,2,700,6910.000000000002,5274.623947481091,0.156272299129442,0.6518748194575913,0.0777606105730255,0.7633319750334427
119,3,700,6910.000000000002,5274.623947481091,0.15612958470101326,0.9071264702541729,0.10811015731665354,0.7633319750334427
119,4,525,5160.000000000001,5274.623947481091,0.1584130155558727,1.8703875696409114,0.3028755874011864,1.0222139433102888
119,6,374,3650.000000000001,5274.623947481091,0.09604681033252462,0.285265644681665,0.03959415291399901,1.4451024513646822
119,0,62,3110.000000000001,5274.623947481091,0.13757670900528043,0.6029633617301521,0.14069120625332787,1.6960205618910256
119,1,31,3110.000000000001,5274.623947481091,0.1374339945768517,1.1755422745139852,0.274008184072612,1.6960205618910256
119,5,700,6910.000000000002,5274.623947481091,0.15812758669901528,1.7762852857374785,0.21440446036340724,0.7633319750334427
120,5,560,5510.000000000002,5119.930069930071,0.15812758669901528,0.959591369842085,0.14099587490301416,0.9292069092432068
120,3,595,5860.000000000002,5119.930069930071,0.15612958470101326,2.373441240869524,0.32376515189111166,0.8737082030597388
120,2,140,3110.000000000001,5119.930069930071,0.156272299129442,2.368267799158232,0.6092793399902938,1.6462797652508263
120,1,620,6110.000000000002,5119.930069930071,0.1374339945768517,0.5411167303774114,0.06231720269188593,0.8379590949149051
120,6,440,4310.000000000002,5119.930069930071,0.09604681033252462,0.1897127258472298,0.021645427617701284,1.1879188097285542
120,4,700,6910.000000000002,5119.930069930071,0.1584130155558727,0.9783409713654985,0.11483309882823561,0.7409450173560159
120,0,372,3630.000000000001,5119.930069930071,0.13757670900528043,0.761867592972322,0.14783655076980956,1.4104490550771542
121,4,490,4810.000000000001,5589.7688026259475,0.1584130155558727,1.8589456224743035,0.3422207324417867,1.1621140961800305
121,3,630,6210.000000000002,5589.7688026259475,0.15612958470101326,0.5305955126077436,0.07456774718375175,0.9001238007449188
121,6,418,4090.0000000000014,5589.7688026259475,0.09604681033252462,0.2616539766883457,0.034346368399729245,1.3666916387838497
121,1,620,6110.000000000002,5589.7688026259475,0.1374339945768517,1.5168370475224873,0.19071538645719105,0.9148557778438536
121,5,455,4460.000000000002,5589.7688026259475,0.15812758669901528,1.5549160576871597,0.30815809325580523,1.253311390723306
121,0,620,6110.000000000002,5589.7688026259475,0.13757670900528043,1.474478370862116,0.18558204578863927,0.9148557778438536
121,2,700,6910.000000000002,5589.7688026259475,0.156272299129442,0.38738256567915197,0.048970875794546564,0.8089390452425392
122,0,31,3110.000000000001,4721.930926216642,0.13757670900528043,1.0303111503032674,0.21521500975873448,1.5183057640567974
122,3,700,6910.000000000002,4721.930926216642,0.15612958470101326,1.8763711048918357,0.20019144914786194,0.6833474567607294
122,2,105,3110.000000000001,4721.930926216642,0.156272299129442,2.10442587838262,0.49931530263887397,1.5183057640567974
122,5,105,3110.000000000001,4721.930926216642,0.15812758669901528,0.4714780138474395,0.11319528285201723,1.5183057640567974
122,1,620,6110.000000000002,4721.930926216642,0.1374339945768517,0.8469261877741179,0.08995351762610207,0.7728201188570606
122,6,440,4310.000000000002,4721.930926216642,0.09604681033252462,0.3352439084785508,0.03527655784219493,1.095575620931935
122,4,630,6210.000000000002,4721.930926216642,0.1584130155558727,0.495465806496162,0.059680517301437405,0.7603753504374622
123,0,620,6110.000000000002,5656.036820322536,0.13757670900528043,0.9323523993266448,0.11873972177235181,0.9257016072540973
123,2,560,5510.000000000002,5656.036820322536,0.156272299129442,0.6060448016540276,0.09721815197112121,1.0265039601311314
123,5,700,6910.000000000002,5656.036820322536,0.15812758669901528,1.8042112927526395,0.23352276290637872,0.8185292069931309
123,3,700,6910.000000000002,5656.036820322536,0.15612958470101326,1.0691216232410323,0.13663013532882204,0.8185292069931309
123,4,630,6210.000000000002,5656.036820322536,0.1584130155558727,1.9590876371580654,0.2826606498885335,0.9107949791179605
123,6,396,3870.0000000000014,5656.036820322536,0.09604681033252462,0.2976257444262728,0.041778679048473044,1.4615082223055644
123,1,93,3110.000000000001,5656.036820322536,0.1374339945768517,0.8969191046742918,0.2241812484298265,1.8186613570168921
124,1,465,4560.000000000002,4439.235050663624,0.1374339945768517,0.5769717552750057,0.07719550654255233,0.9735164584788645
124,4,700,6910.000000000002,4439.235050663624,0.1584130155558727,0.9889246666531283,0.10064313683765833,0.6424363314998007
124,6,440,4310.000000000002,4439.235050663624,0.09604681033252462,0.15277972035753287,0.015114003839345783,1.0299849305484041
124,5,70,3110.000000000001,4439.235050663624,0.15812758669901528,1.2016060930383448,0.27121738018159736,1.4274067687021295
124,0,620,6110.000000000002,4439.235050663624,0.13757670900528043,0.43033730505580575,0.04301509068617214,0.7265523814506747
124,2,245,3110.000000000001,4439.235050663624,0.156272299129442,1.7235051227657177,0.3844521837520758,1.4274067687021295
124,3,280,3110.000000000001,4439.235050663624,0.15612958470101326,1.3680669511700014,0.3048879835299977,1.4274067687021295
125,2,35,3110.000000000001,5080.81489938633,0.156272299129442,0.2625621042546556,0.06703274902340893,1.633702539995604
125,5,280,3110.000000000001,5080.81489938633,0.15812758669901528,1.3435743489210177,0.34709018349761217,1.633702539995604
125,6,440,4310.000000000002,5080.81489938633,0.09604681033252462,0.7667173777070603,0.08681091955215339,1.1788433641267582
125,1,620,6110.000000000002,5080.81489938633,0.1374339945768517,2.2245512213414234,0.2542311387283629,0.8315572666753401
125,3,630,6210.000000000002,5080.81489938633,0.15612958470101326,0.28778734470591194,0.03676196098236407,0.8181666504647871
125,4,665,6560.000000000001,5080.81489938633,0.1584130155558727,1.909592131608141,0.23429391625291854,0.7745144663698672
125,0,620,6110.000000000002,5080.81489938633,0.13757670900528043,2.510432868867753,0.28720083082656306,0.8315572666753401
126,1,620,6110.000000000002,4770.039960039961,0.1374339945768517,0.8735642925992034,0.0937281079868889,0.7806939378134141
126,0,93,3110.000000000001,4770.039960039961,0.13757670900528043,0.9926431215624111,0.20945931657220548,1.5337749067652604
126,2,700,6910.000000000002,4770.039960039961,0.156272299129442,1.7595226901584664,0.18981076664094476,0.6903096903096904
126,4,70,3110.000000000001,4770.039960039961,0.1584130155558727,0.8659160444615926,0.2103915418010976,1.5337749067652604
126,6,440,4310.000000000002,4770.039960039961,0.09604681033252462,0.19869788235680738,0.021121313970220573,1.106737809754051
126,5,105,3110.000000000001,4770.039960039961,0.15812758669901528,1.3727322065614096,0.332931658490466,1.5337749067652604
126,3,665,6560.000000000001,4770.039960039961,0.15612958470101326,1.8322720604660536,0.20801437184375046,0.7271402378109696
127,0,124,3110.000000000001,4679.573283858999,0.13757670900528043,0.46401417963591907,0.09605545476366448,1.5046859433630217
127,4,700,6910.000000000002,4679.573283858999,0.1584130155558727,2.1909430930817906,0.23504453844632625,0.6772175519332848
127,2,420,4110.000000000002,4679.573283858999,0.156272299129442,0.7673860632115638,0.1365401388737286,1.1385823075082717
127,5,385,3760.0000000000014,4679.573283858999,0.15812758669901528,1.1347461960196918,0.223318543348849,1.2445673627284568
127,3,700,6910.000000000002,4679.573283858999,0.15612958470101326,0.7802471897065141,0.08249841848682211,0.6772175519332848
127,6,440,4310.000000000002,4679.573283858999,0.09604681033252462,0.4022396935337638,0.04194660868337562,1.0857478616842222
127,1,93,3110.000000000001,4679.573283858999,0.1374339945768517,0.5555358102705445,0.11488202776268969,1.5046859433630217
128,4,210,3110.000000000001,4872.751534180106,0.1584130155558727,1.5666511956265816,0.38884547876955927,1.5668011363923167
128,2,420,4110.000000000002,4872.751534180106,0.156272299129442,1.069587831824805,0.19816680172690834,1.1855843148856702
128,0,62,3110.000000000001,4872.751534180106,0.13757670900528043,1.253677947896552,0.2702369813373299,1.5668011363923167
128,3,700,6910.000000000002,4872.751534180106,0.15612958470101326,1.358220155050159,0.14953800928525374,0.7051738833835174
128,6,110,3110.000000000001,4872.751534180106,0.09604681033252462,0.13801905363312325,0.020769970027295873,1.5668011363923167
128,1,620,6110.000000000002,4872.751534180106,0.1374339945768517,5.254202522209494,0.5758827035754212,0.7975043427463346
128,5,700,6910.000000000002,4872.751534180106,0.15812758669901528,1.0219223711046932,0.11395195195929991,0.7051738833835174
129,3,700,6910.000000000002,5441.798201798203,0.15612958470101326,2.1801150465991768,0.2680581415170416,0.787525065383242
129,4,665,6560.000000000001,5441.798201798203,0.1584130155558727,2.3192576409111543,0.30477437602460555,0.8295424088107016
129,2,105,3110.000000000001,5441.798201798203,0.156272299129442,1.2445234679416934,0.3403040642905621,1.7497743414142126
129,5,560,5510.000000000002,5441.798201798203,0.15812758669901528,1.2930663028466602,0.20193856744379757,0.9876221781847915
129,0,620,6110.000000000002,5441.798201798203,0.13757670900528043,1.941696735041354,0.23791813088344443,0.8906380035676271
129,6,440,4310.000000000002,5441.798201798203,0.09604681033252462,0.3528540651736183,0.042790093416116344,1.2625981906724364
129,1,527,5180.000000000002,5441.798201798203,0.1374339945768517,0.6947842092574256,0.10031289913984455,1.0505401933973362
130,0,155,3110.000000000001,5208.1018981019,0.13757670900528043,1.408759054804021,0.324564279167342,1.6746308354025397
130,1,620,6110.000000000002,5208.1018981019,0.1374339945768517,1.1592110378590348,0.1357984897013452,0.8523898360232239
130,2,700,6910.000000000002,5208.1018981019,0.156272299129442,0.9937756300160115,0.11705009474185747,0.753705050376541
130,4,630,6210.000000000002,5208.1018981019,0.1584130155558727,0.6311152835206559,0.0838469812609245,0.83866375170723
130,6,286,3110.000000000001,5208.1018981019,0.09604681033252462,0.3206013409053744,0.051566465517280925,1.6746308354025397
130,3,35,3110.000000000001,5208.1018981019,0.15612958470101326,0.9737453280013095,0.25459488562830984,1.6746308354025397
130,5,700,6910.000000000002,5208.1018981019,0.15812758669901528,0.8911702324949364,0.10621105915715003,0.753705050376541
131,5,665,6560.000000000001,5038.140430997575,0.15812758669901528,2.002235473429251,0.24315837011629748,0.7680092120423132
131,3,35,3110.000000000001,5038.140430997575,0.15612958470101326,1.1794196559313368,0.29830700066607907,1.6199808459799272
131,1,310,3110.000000000001,5038.140430997575,0.1374339945768517,0.3241358324647725,0.07216574397108728,1.6199808459799272
131,4,700,6910.000000000002,5038.140430997575,0.1584130155558727,1.9474203765433997,0.2249276223484004,0.7291086007232379
131,0,372,3630.000000000001,5038.140430997575,0.13757670900528043,0.30288315898168416,0.057834060670736945,1.3879174741040148
131,6,440,4310.000000000002,5038.140430997575,0.09604681033252462,0.1316008445822578,0.014775242643420268,1.1689420953590657
131,2,700,6910.000000000002,5038.140430997575,0.156272299129442,1.0955192959811075,0.12482289601100481,0.7291086007232379
132,0,31,3110.000000000001,5098.732695875555,0.13757670900528043,1.1101239791034347,0.2503907352773945,1.6394638893490525
132,5,105,3110.000000000001,5098.732695875555,0.15812758669901528,0.640648822841997,0.16608466344658243,1.6394638893490525
132,3,525,5160.000000000001,5098.732695875555,0.15612958470101326,0.5481896645103895,0.08457238739063566,0.9881264914487508
132,4,700,6910.000000000002,5098.732695875555,0.1584130155558727,0.8536952702324094,0.09978791159594212,0.737877380010934
132,6,440,4310.000000000002,5098.732695875555,0.09604681033252462,0.49645575580694334,0.056409009144281014,1.1830006254931678
132,1,620,6110.000000000002,5098.732695875555,0.1374339945768517,3.4708006415234056,0.3980566400507276,0.8344898029256225
132,2,665,6560.000000000001,5098.732695875555,0.156272299129442,0.6995897495340276,0.0849735660020543,0.7772458377859076
133,2,700,6910.000000000002,4606.532039389183,0.156272299129442,2.7191251971032853,0.28327435200370327,0.6666471837032102
133,0,620,6110.000000000002,4606.532039389183,0.13757670900528043,0.441647481950772,0.04580929002715317,0.7539332306692605
133,5,280,3110.000000000001,4606.532039389183,0.15812758669901528,0.8587796203108262,0.20114214614030057,1.4812000126653317
133,4,70,3110.000000000001,4606.532039389183,0.1584130155558727,1.158304416266536,0.27178612427703386,1.4812000126653317
133,1,279,3110.000000000001,4606.532039389183,0.1374339945768517,0.37592884206192284,0.0765267947502952,1.4812000126653317
133,3,560,5510.000000000002,4606.532039389183,0.15612958470101326,1.6242036612634356,0.21200601698765156,0.8360312231196337
133,6,440,4310.000000000002,4606.532039389183,0.09604681033252462,0.20381522050912754,0.020922635339529025,1.0688009372132672
134,4,140,3110.000000000001,5225.104895104896,0.1584130155558727,0.5300421864158145,0.14107040801950663,1.6800980370112202
134,1,558,5490.000000000002,5225.104895104896,0.1374339945768517,3.33130977258415,0.43574444314067734,0.9517495255200172
134,6,110,3110.000000000001,5225.104895104896,0.09604681033252462,0.5077902736504146,0.08194113007679936,1.6800980370112202
134,0,248,3110.000000000001,5225.104895104896,0.13757670900528043,1.9288938748430176,0.44584907998694984,1.6800980370112202
134,2,700,6910.000000000002,5225.104895104896,0.156272299129442,0.8503163527021352,0.10047997051318282,0.7561656867011425
134,3,700,6910.000000000002,5225.104895104896,0.15612958470101326,0.9077270585528034,0.1071661064217441,0.7561656867011425
134,5,700,6910.000000000002,5225.104895104896,0.15812758669901528,0.5253683501245445,0.06281863783662245,0.7561656867011425
135,3,490,4810.000000000001,4969.884401312974,0.15612958470101326,1.397905771109245,0.22550922538872756,1.0332400002729674
135,1,527,5180.000000000002,4969.884401312974,0.1374339945768517,0.318947994137132,0.04205625258467903,0.9594371431106123
135,6,440,4310.000000000002,4969.884401312974,0.09604681033252462,0.19224276308052823,0.021291289429595156,1.1531054295389724
135,2,700,6910.000000000002,4969.884401312974,0.156272299129442,1.7207334067887825,0.19340327851502193,0.719230738250792
135,5,700,6910.000000000002,4969.884401312974,0.15812758669901528,2.0441285612293973,0.2324791928561701,0.719230738250792
135,4,105,3110.000000000001,4969.884401312974,0.1584130155558727,1.5126614869725554,0.38292922184451683,1.5980335695540104
135,0,93,3110.000000000001,4969.884401312974,0.13757670900528043,0.27819546918180177,0.06116188575694803,1.5980335695540104
136,1,620,6110.000000000002,5038.1718281718295,0.1374339945768517,1.2578041261993638,0.142540720475662,0.8245780406173204
136,2,700,6910.000000000002,5038.1718281718295,0.156272299129442,1.0040740845677125,0.1144043893683695,0.7291131444532313
136,3,525,5160.000000000001,5038.1718281718295,0.15612958470101326,1.5873980006203112,0.24198826567072912,0.9763898891805869
136,0,217,3110.000000000001,5038.1718281718295,0.13757670900528043,1.396779137889747,0.3113043880234264,1.6199909415343499
136,4,700,6910.000000000002,5038.1718281718295,0.1584130155558727,0.46417310860707317,0.05361246373822165,0.7291131444532313
136,5,70,3110.000000000001,5038.1718281718295,0.15812758669901528,0.640065961518837,0.1639626622073139,1.6199909415343499
136,6,242,3110.000000000001,5038.1718281718295,0.09604681033252462,0.3077137579320947,0.047878710688323514,1.6199909415343499
137,2,700,6910.000000000002,4797.683744826602,0.156272299129442,1.2676538898522438,0.13754229428302317,0.6943102380356876
137,1,620,6110.000000000002,4797.683744826602,0.1374339945768517,0.3333718543927388,0.03597605237668672,0.7852182888423243
137,5,490,4810.000000000001,4797.683744826602,0.15812758669901528,1.4231958368562072,0.2244702797548881,0.9974394479888984
137,3,210,3110.000000000001,4797.683744826602,0.15612958470101326,1.156967637236936,0.278661931552578,1.542663583545531
137,6,220,3110.000000000001,4797.683744826602,0.09604681033252462,0.21588014999028363,0.03198651206274307,1.542663583545531
137,0,620,6110.000000000002,4797.683744826602,0.13757670900528043,0.32965308883054933,0.03561168081739384,0.7852182888423243
137,4,35,3110.000000000001,4797.683744826602,0.1584130155558727,1.4546537133404205,0.35548535098699824,1.542663583545531
138,4,245,3110.000000000001,4918.74125874126,0.1584130155558727,0.42430004215179423,0.10630593829659686,1.5815888291772535
138,1,465,4560.000000000002,4918.74125874126,0.1374339945768517,3.0124507947385877,0.44658411048507457,1.0786713286713285
138,0,620,6110.000000000002,4918.74125874126,0.13757670900528043,2.15869158040134,0.23908277154518187,0.8050313025763107
138,3,700,6910.000000000002,4918.74125874126,0.15612958470101326,2.2016734915931275,0.2446887760175609,0.7118294151579245
138,6,330,3210.000000000001,4918.74125874126,0.09604681033252462,0.4067666512886229,0.05986558522391166,1.532318149140579
138,2,700,6910.000000000002,4918.74125874126,0.156272299129442,1.4614077865115218,0.1625658612427299,0.7118294151579245
138,5,210,3110.000000000001,4918.74125874126,0.15812758669901528,0.3318123383985085,0.0829838849830233,1.5815888291772535
139,1,620,6110.000000000002,4387.522477522479,0.1374339945768517,0.6057716452327155,0.05978348869847131,0.7180887851918948
139,6,440,4310.000000000002,4387.522477522479,0.09604681033252462,0.15560471272066273,0.015214152918779455,1.017986653717512
139,4,70,3110.000000000001,4387.522477522479,0.1584130155558727,1.2821883720419645,0.28655082336381116,1.4107789316792532
139,2,700,6910.000000000002,4387.522477522479,0.156272299129442,1.4339140025615023,0.1422808380206672,0.6349526016675077
139,5,70,3110.000000000001,4387.522477522479,0.15812758669901528,1.2115458466783016,0.2702753642964227,1.4107789316792532
139,0,155,3110.000000000001,4387.522477522479,0.13757670900528043,0.5334801231445774,0.10354332917750114,1.4107789316792532
139,3,420,4110.000000000002,4387.522477522479,0.15612958470101326,1.0202245597100552,0.17004290313461592,1.0675237171587535
140,5,595,5860.000000000002,5429.546168117598,0.15812758669901528,0.2828912962460912,0.04144700398839769,0.9265437146958356
140,1,620,6110.000000000002,5429.546168117598,0.1374339945768517,1.4170608681966341,0.1730633057111439,0.8886327607393776
140,6,352,3430.000000000001,5429.546168117598,0.09604681033252462,0.6255960360519611,0.09511441590919618,1.582958066506588
140,2,35,3110.000000000001,5429.546168117598,0.156272299129442,1.8442455104841988,0.5031574157696567,1.745834780745208
140,4,595,5860.000000000002,5429.546168117598,0.1584130155558727,0.29379560131263766,0.0431223147223739,0.9265437146958356
140,0,620,6110.000000000002,5429.546168117598,0.13757670900528043,1.4106481575566239,0.17245903135163787,0.8886327607393776
140,3,700,6910.000000000002,5429.546168117598,0.15612958470101326,2.1554781702061936,0.26443218666835666,0.7857519780199127
141,3,700,6910.000000000002,5046.513486513488,0.15612958470101326,0.44773419711795914,0.05105271719302407,0.7303203308992021
141,6,440,4310.000000000002,5046.513486513488,0.09604681033252462,0.18560684415523843,0.020873299342789444,1.170884799655101
141,2,700,6910.000000000002,5046.513486513488,0.156272299129442,0.49865816818980496,0.056911276901066836,0.7303203308992021
141,5,595,5860.000000000002,5046.513486513488,0.15812758669901528,1.9889548635800842,0.27084847375395993,0.8611797758555437
141,4,210,3110.000000000001,5046.513486513488,0.1584130155558727,2.1444676102401568,0.5512408599796993,1.6226731467889024
141,0,31,3110.000000000001,5046.513486513488,0.13757670900528043,1.0978199016119863,0.24507954486647374,1.6226731467889024
141,1,465,4560.000000000002,5046.513486513488,0.1374339945768517,0.9337494708216652,0.14202053158363842,1.1066915540599749
142,0,620,6110.000000000002,5411.5441701156005,0.13757670900528043,0.431352742409999,0.0525602566567855,0.8856864435541079
142,6,22,3110.000000000001,5411.5441701156005,0.09604681033252462,0.24209478039920396,0.04046030864437456,1.7400463569503533
142,2,350,3410.000000000001,5411.5441701156005,0.156272299129442,2.1226101296249906,0.526403857026027,1.586963099740645
142,3,700,6910.000000000002,5411.5441701156005,0.15612958470101326,2.049455508330602,0.2505918021356655,0.7831467684682488
142,5,700,6910.000000000002,5411.5441701156005,0.15812758669901528,0.6136218166255851,0.07598915150123493,0.7831467684682488
142,1,434,4250.000000000002,5411.5441701156005,0.1374339945768517,0.5145910486859655,0.09005102791320715,1.2733045106154348
142,4,630,6210.000000000002,5411.5441701156005,0.1584130155558727,0.6747002581323892,0.09313895158909921,0.8714241819831883
143,3,700,6910.000000000002,5150.836306550593,0.15612958470101326,0.5633209722415933,0.06556028389582991,0.7454176999349625
143,0,496,4870.000000000001,5150.836306550593,0.13757670900528043,1.1415883949310388,0.16611285732409847,1.0576665927208608
143,4,700,6910.000000000002,5150.836306550593,0.1584130155558727,1.2512576864009914,0.14775334459133674,0.7454176999349625
143,2,700,6910.000000000002,5150.836306550593,0.156272299129442,0.5713955484259955,0.06656080337227864,0.7454176999349625
143,5,35,3110.000000000001,5150.836306550593,0.15812758669901528,1.156916310479295,0.3029890587826642,1.6562174619133734
143,1,248,3110.000000000001,5150.836306550593,0.1374339945768517,1.068949648601276,0.24331494079985333,1.6562174619133734
143,6,330,3210.000000000001,5150.836306550593,0.09604681033252462,0.5102720200969693,0.07864251932556511,1.604621902352209
144,2,245,3110.000000000001,5211.275866990154,0.156272299129442,2.88196188475004,0.7546644797299052,1.675651404176898
144,6,440,4310.000000000002,5211.275866990154,0.09604681033252462,0.22525029278013248,0.026158636595713367,1.209112730160128
144,4,700,6910.000000000002,5211.275866990154,0.1584130155558727,0.8226969622182158,0.09828715662691301,0.7541643801722363
144,3,525,5160.000000000001,5211.275866990154,0.15612958470101326,3.33618505207743,0.5260532388645853,1.0099371835252235
144,1,558,5490.000000000002,5211.275866990154,0.1374339945768517,0.43671414826701493,0.05697222109861211,0.9492305768652373
144,0,620,6110.000000000002,5211.275866990154,0.13757670900528043,0.42016418396648086,0.049302256758516676,0.8529093071996976
144,5,525,5160.000000000001,5211.275866990154,0.15812758669901528,1.3726201168596914,0.21920596333915293,1.0099371835252235
145,4,700,6910.000000000002,4876.6619095190545,0.1584130155558727,2.010512192939948,0.2247719808664891,0.705739784300876
145,2,700,6910.000000000002,4876.6619095190545,0.156272299129442,0.401157331480824,0.044242670758675745,0.705739784300876
145,5,420,4110.000000000002,4876.6619095190545,0.15812758669901528,1.8193924525844818,0.3413617510108797,1.1865357444085285
145,3,245,3110.000000000001,4876.6619095190545,0.15612958470101326,0.5492489518333232,0.13446730475864158,1.5680584918067695
145,0,620,6110.000000000002,4876.6619095190545,0.13757670900528043,1.2598689849126101,0.1383412637509388,0.798144338710156
145,1,248,3110.000000000001,4876.6619095190545,0.1374339945768517,1.8655288028960886,0.40202993073939625,1.5680584918067695
145,6,286,3110.000000000001,4876.6619095190545,0.09604681033252462,0.5304585150343167,0.07989077435438385,1.5680584918067695
146,6,440,4310.000000000002,4151.8652775795645,0.09604681033252462,0.11242701170462524,0.010402065801107963,0.9633098091831932
146,1,620,6110.000000000002,4151.8652775795645,0.1374339945768517,0.448609759211451,0.041895263796352764,0.6795196853649039
146,2,385,3760.0000000000014,4151.8652775795645,0.156272299129442,1.327025334995559,0.22899005629119784,1.1042194887179688
146,4,245,3110.000000000001,4151.8652775795645,0.1584130155558727,2.103697546327918,0.444894488369339,1.3350049124050043
146,0,620,6110.000000000002,4151.8652775795645,0.13757670900528043,1.0635177927668784,0.09942411160093806,0.6795196853649039
146,5,210,3110.000000000001,4151.8652775795645,0.15812758669901528,1.1587456777830483,0.24461249302866087,1.3350049124050043
146,3,35,3110.000000000001,4151.8652775795645,0.15612958470101326,1.3637778046517406,0.28425733910247614,1.3350049124050043
147,2,630,6210.000000000002,5158.5229056657645,0.156272299129442,0.5636738258768117,0.0731717823149985,0.8306800170154207
147,3,140,3110.000000000001,5158.5229056657645,0.15612958470101326,0.5801131934736621,0.15023216346701546,1.6586890371915637
147,4,595,5860.000000000002,5158.5229056657645,0.1584130155558727,1.2480197427234894,0.17403638917917907,0.8802940112057616
147,5,700,6910.000000000002,5158.5229056657645,0.15812758669901528,0.7007219141172555,0.0827181206075134,0.7465300876506169
147,6,440,4310.000000000002,5158.5229056657645,0.09604681033252462,0.4771223976844526,0.05484800608794368,1.1968730639595737
147,0,310,3110.000000000001,5158.5229056657645,0.13757670900528043,1.7795131354909053,0.4060795216097578,1.6586890371915637
147,1,620,6110.000000000002,5158.5229056657645,0.1374339945768517,1.53319498196154,0.17789990323607408,0.8442754346425144
148,1,403,3940.000000000001,5161.190238333096,0.1374339945768517,0.29088861329335297,0.052369030785427165,1.3099467609982474
148,3,525,5160.000000000001,5161.190238333096,0.15612958470101326,1.1548064642170746,0.1803410426839923,1.0002306663436231
148,0,620,6110.000000000002,5161.190238333096,0.13757670900528043,0.32898225897080763,0.03823191498087711,0.8447119866338944
148,6,330,3210.000000000001,5161.190238333096,0.09604681033252462,0.16165785625111223,0.02496459913486927,1.6078474262719922
148,4,315,3110.000000000001,5161.190238333096,0.1584130155558727,2.344139303303644,0.6162596827769896,1.6595467004286477
148,2,700,6910.000000000002,5161.190238333096,0.156272299129442,1.206899849621668,0.14087212139012056,0.7469160981668733
148,5,700,6910.000000000002,5161.190238333096,0.15812758669901528,1.7298487699176346,0.2043090478320786,0.7469160981668733
149,6,198,3110.000000000001,5449.767375481662,0.09604681033252462,0.5742227631949475,0.09664534197052019,1.752336776682206
149,4,315,3110.000000000001,5449.767375481662,0.1584130155558727,0.36621588344440825,0.10165894854415998,1.752336776682206
149,0,620,6110.000000000002,5449.767375481662,0.13757670900528043,2.8359318004411542,0.347998565272705,0.8919422873128741
149,2,665,6560.000000000001,5449.767375481662,0.156272299129442,1.0392403846994631,0.13491869816770488,0.8307572218722045
149,5,700,6910.000000000002,5449.767375481662,0.15812758669901528,0.5052659754955688,0.06301263112223537,0.7886783466688366
149,3,560,5510.000000000002,5449.767375481662,0.15612958470101326,1.152748676527826,0.1780107387981809,0.9890684891981235
149,1,620,6110.000000000002,5449.767375481662,0.1374339945768517,0.9953925919788653,0.12201840069775287,0.8919422873128741
150,5,700,6910.000000000002,5167.314114456973,0.15812758669901528,2.1569552068001583,0.25505602343614014,0.7478023320487658
150,3,700,6910.000000000002,5167.314114456973,0.15612958470101326,0.8560027810550882,0.0999418065147805,0.7478023320487658
150,6,22,3110.000000000001,5167.314114456973,0.09604681033252462,0.05484690783134002,0.008752650117618724,1.6615157924298942
150,1,186,3110.000000000001,5167.314114456973,0.1374339945768517,0.703478938060606,0.1606385378501522,1.6615157924298942
150,4,490,4810.000000000001,5167.314114456973,0.1584130155558727,1.3826085844003935,0.23529348188980884,1.074285678681283
150,2,700,6910.000000000002,5167.314114456973,0.156272299129442,0.7006572814127016,0.08187936323149228,0.7478023320487658
150,0,155,3110.000000000001,5167.314114456973,0.13757670900528043,0.5434084598516012,0.12421549810521446,1.6615157924298942
