{
  "regime": "centralised",
  "seed": 456,
  "num_epochs": 50,
  "selected_epoch": 46,
  "best_val_macro_f1": 0.6080532590042221,
  "lr": 0.01,
  "momentum": 0.9,
  "batch_size": 32,
  "device": "cpu",
  "elapsed_s": 271.7149589061737,
  "loss": 0.7416022930953865,
  "accuracy": 0.7665835411471321,
  "balanced_accuracy": 0.5638629682413382,
  "macro_f1": 0.5620084677721948,
  "per_class_f1": [
    0.42,
    0.5263157894736842,
    0.5688073394495413,
    0.391304347826087,
    0.4777327935222672,
    0.8936490041337843,
    0.65625
  ],
  "n": 2005
}