{
  "regime": "centralised",
  "seed": 42,
  "num_epochs": 50,
  "selected_epoch": 48,
  "best_val_macro_f1": 0.6098290611559143,
  "lr": 0.01,
  "momentum": 0.9,
  "batch_size": 32,
  "device": "cuda",
  "elapsed_s": 86.86560368537903,
  "loss": 0.7665204055291459,
  "accuracy": 0.7670822942643392,
  "balanced_accuracy": 0.5446615697381106,
  "macro_f1": 0.5552430603211466,
  "per_class_f1": [
    0.4329896907216495,
    0.5478260869565217,
    0.5757575757575758,
    0.32,
    0.415,
    0.8914243651085756,
    0.7037037037037037
  ],
  "n": 2005
}