{
  "regime": "centralised",
  "seed": 123,
  "num_epochs": 50,
  "selected_epoch": 45,
  "best_val_macro_f1": 0.5944862171724556,
  "lr": 0.01,
  "momentum": 0.9,
  "batch_size": 32,
  "device": "cpu",
  "elapsed_s": 271.87119603157043,
  "loss": 0.7356489452637937,
  "accuracy": 0.7790523690773067,
  "balanced_accuracy": 0.5587258124456033,
  "macro_f1": 0.5675129973474529,
  "per_class_f1": [
    0.46153846153846156,
    0.6,
    0.5326633165829145,
    0.34285714285714286,
    0.4728132387706856,
    0.8960521550162984,
    0.6666666666666666
  ],
  "n": 2005
}