round,cid,tau,a_i,a_eff,p_i,raw_update_norm,contribution_norm,amp_vs_fedavg
1,0,620,6110.000000000002,4945.089875460988,0.13757670900528043,3.7223090175762095,0.41446734563663434,0.8093436784715199
1,2,525,5160.000000000001,4945.089875460988,0.156272299129442,3.6446599676390767,0.5458376717548679,0.9583507510583308
1,4,700,6910.000000000002,4945.089875460988,0.1584130155558727,4.151627839052799,0.47065797136243925,0.715642529010273
1,1,620,6110.000000000002,4945.089875460988,0.1374339945768517,3.8282407146588504,0.4258203243127738,0.8093436784715199
1,6,22,138.8629381196525,4945.089875460988,0.09604681033252462,1.766296668175703,6.04135610274064,35.61130091601552
1,5,630,6210.000000000002,4945.089875460988,0.15812758669901528,3.770828958996849,0.47481788105640144,0.7963107689953279
1,3,245,2360.000000000555,4945.089875460988,0.15612958470101326,2.5938578520671096,0.8485815069728758,2.0953770658728073
2,3,35,262.252839954494,4077.7272166311973,0.15612958470101326,10.046862762397897,24.390103566085116,15.548839117771852
2,6,330,3210.000000000001,4077.7272166311973,0.09604681033252462,0.0,0.0,1.270320005181058
2,2,700,6910.000000000002,4077.7272166311973,0.156272299129442,9.791300964775367,0.902947550716175,0.5901197129712296
2,5,420,4110.000000000002,4077.7272166311973,0.15812758669901528,10.230204864773718,1.6049751835981578,0.9921477412727969
2,0,620,6110.000000000002,4077.7272166311973,0.13757670900528043,9.162121167809905,0.8412361110369967,0.6673857965026507
2,4,210,2010.0000000221403,4077.7272166311973,0.1584130155558727,9.084680655263483,2.9195951890170027,2.028720008251881
2,1,620,6110.000000000002,4077.7272166311973,0.1374339945768517,9.444586677767663,0.8662716185935243,0.6673857965026507
3,1,620,6110.000000000002,5026.489225099582,0.1374339945768517,4.901860392188179,0.5542154817788725,0.8226659942879837
3,4,525,5160.000000000001,5026.489225099582,0.1584130155558727,4.666460023622272,0.7201010849943458,0.9741258188177482
3,2,490,4810.000000000001,5026.489225099582,0.156272299129442,1.9321512445568003,0.3155315568355053,1.0450081549063577
3,0,186,1770.0000002775555,5026.489225099582,0.13757670900528043,4.3513683489687685,1.7000521913022768,2.8398244205149
3,5,700,6910.000000000002,5026.489225099582,0.15812758669901528,4.734424183949079,0.5445797869614235,0.727422463834961
3,3,700,6910.000000000002,5026.489225099582,0.15612958470101326,2.0329284274413277,0.23088408722784595,0.727422463834961
3,6,220,2110.0000000077202,5026.489225099582,0.09604681033252462,0.21664662980032287,0.049569802071984456,2.3822223815550667
4,4,280,2710.0000000000146,4396.842083978591,0.1584130155558727,1.7724952572854553,0.45556203060947864,1.6224509534976264
4,6,220,2110.0000000077202,4396.842083978591,0.09604681033252462,1.0949410862974387,0.2191452752458678,2.083811414200239
4,3,700,6910.000000000002,4396.842083978591,0.15612958470101326,3.867876562051316,0.38425597626202296,0.6363013146133994
4,0,496,4870.000000000001,4396.842083978591,0.13757670900528043,2.2345694966443803,0.27755604416509616,0.902842317038725
4,5,70,610.0563920873398,4396.842083978591,0.15812758669901528,1.2704842776854137,1.4479308580232255,7.207271558838301
4,2,700,6910.000000000002,4396.842083978591,0.156272299129442,3.8618202690552446,0.38400500054667813,0.6363013146133994
4,1,620,6110.000000000002,4396.842083978591,0.1374339945768517,2.515851884519867,0.24881633950631984,0.7196140890308658
5,0,527,5180.000000000002,4913.277077563228,0.13757670900528043,3.833913818991949,0.5002979913736185,0.9485090883326691
5,5,70,610.0563920873398,4913.277077563228,0.15812758669901528,0.2956725355164344,0.37654761638520534,8.053808043469873
5,6,198,1890.0000000783903,4913.277077563228,0.09604681033252462,1.037847102612665,0.2591348217251075,2.5996175012483826
5,1,496,4870.000000000001,4913.277077563228,0.1374339945768517,3.858039641210462,0.5349376313727487,1.0088864635653443
5,2,700,6910.000000000002,4913.277077563228,0.156272299129442,4.351168529289756,0.4834828965153799,0.7110386508774569
5,4,700,6910.000000000002,4913.277077563228,0.1584130155558727,1.1683233138683153,0.13159734073049567,0.7110386508774569
5,3,700,6910.000000000002,4913.277077563228,0.15612958470101326,4.39974806072389,0.48843437594916744,0.7110386508774569
6,1,620,6110.000000000002,3844.511901794436,0.1374339945768517,3.182913601978393,0.27524473431308744,0.6292163505391875
6,0,93,840.0049979958054,3844.511901794436,0.13757670900528043,1.229601495568844,0.7742275814249855,4.576772651314194
6,6,440,4310.000000000002,3844.511901794436,0.09604681033252462,1.3605696634634925,0.11656486622244622,0.8919981210659941
6,3,140,1310.0000353340838,3844.511901794436,0.15612958470101326,1.482399015596443,0.6792352633641893,2.9347418306091773
6,2,700,6910.000000000002,3844.511901794436,0.156272299129442,2.9738763680508042,0.2585640095922889,0.5563693056142454
6,5,140,1310.0000353340838,3844.511901794436,0.15812758669901528,1.9404151918547823,0.9004761433670079,2.9347418306091773
6,4,630,6210.000000000002,3844.511901794436,0.1584130155558727,3.394423755838834,0.33289443032817984,0.6190840421569138
7,0,620,6110.000000000002,4765.602974047407,0.13757670900528043,2.878371980414212,0.30886484709461054,0.7799677535265803
7,2,700,6910.000000000002,4765.602974047407,0.156272299129442,2.7201121928933443,0.293162643807168,0.6896675794569328
7,1,527,5180.000000000002,4765.602974047407,0.1374339945768517,2.510404549126265,0.3174139292621132,0.9200005741404257
7,4,455,4460.000000000002,4765.602974047407,0.1584130155558727,2.63426892142811,0.44589640292770266,1.0685208461989697
7,6,440,4310.000000000002,4765.602974047407,0.09604681033252462,1.1858767511694315,0.12593982619000424,1.1057083466467297
7,3,525,5160.000000000001,4765.602974047407,0.15612958470101326,2.5949416580577402,0.3741803346524103,0.9235664678386446
7,5,140,1310.0000353340838,4765.602974047407,0.15812758669901528,1.5783224103825466,0.9079248787429786,3.6378647675624336
8,1,465,4560.000000000002,5451.134579707467,0.1374339945768517,2.8611930477528813,0.4700709275823432,1.1954242499358476
8,4,595,5860.000000000002,5451.134579707467,0.1584130155558727,2.394510245691428,0.3528554657907943,0.9302277439773832
8,3,700,6910.000000000002,5451.134579707467,0.15612958470101326,3.011841484116437,0.3709592220753204,0.7888762054569415
8,5,665,6560.000000000001,5451.134579707467,0.15812758669901528,2.7946946802564536,0.36721894279256595,0.8309656371505284
8,2,700,6910.000000000002,5451.134579707467,0.156272299129442,2.8496934868487034,0.35130878352497785,0.7888762054569415
8,6,440,4310.000000000002,5451.134579707467,0.09604681033252462,0.9129013779775373,0.11089614347457491,1.2647644036444234
8,0,217,2080.00000001059,5451.134579707467,0.13757670900528043,2.042584546990974,0.7364589214909494,2.62073777869217
9,0,527,5180.000000000002,5458.611081011828,0.13757670900528043,2.3162725476576527,0.33580485370826646,1.053785922975256
9,4,595,5860.000000000002,5458.611081011828,0.1584130155558727,2.897441944515994,0.42755317969366174,0.9315035974422912
9,2,490,4810.000000000001,5458.611081011828,0.156272299129442,2.3022545156902745,0.4082934485077979,1.1348463785887375
9,5,700,6910.000000000002,5458.611081011828,0.15812758669901528,3.34446001696339,0.4177704869355552,0.7899581882795697
9,3,700,6910.000000000002,5458.611081011828,0.15612958470101326,3.0235762459544104,0.37291532779177133,0.7899581882795697
9,6,66,570.0859504455718,5458.611081011828,0.09604681033252462,0.4996521286072152,0.4595073928948126,9.57506684166738
9,1,620,6110.000000000002,5458.611081011828,0.1374339945768517,2.650143798645059,0.32539026197681253,0.8933897022932613
10,2,700,6910.000000000002,3672.8235490067937,0.156272299129442,2.8563046866006596,0.23725127285601477,0.5315229448635012
10,3,35,262.252839954494,3672.8235490067937,0.15612958470101326,2.1044969679361416,4.601647775080451,14.004895236383716
10,4,455,4460.000000000002,3672.8235490067937,0.1584130155558727,2.902373458512886,0.37862506490775855,0.8235030378938996
10,1,248,2390.0000000004047,3672.8235490067937,0.1374339945768517,2.170582567934811,0.4584295919300097,1.5367462548142978
10,5,175,1660.0000008844675,3672.8235490067937,0.15812758669901528,2.4603271497119468,0.8607806150570779,2.212544305451729
10,6,440,4310.000000000002,3672.8235490067937,0.09604681033252462,0.37203342770051484,0.03045002857162261,0.85216323642849
10,0,620,6110.000000000002,3672.8235490067937,0.13757670900528043,2.9482134330484384,0.24381627459097183,0.6011167837981657
11,3,280,2710.0000000000146,4274.420985432765,0.15612958470101326,1.7632346434934996,0.43421349528991576,1.5772771163958457
11,2,700,6910.000000000002,4274.420985432765,0.156272299129442,2.5357021242282274,0.24512041438002335,0.6185848025228312
11,1,186,1770.0000002775555,4274.420985432765,0.1374339945768517,2.5901057892161887,0.8596381862099002,2.414927110035304
11,0,217,2080.00000001059,4274.420985432765,0.13757670900528043,2.5502242343677435,0.7210032847255301,2.0550100891399046
11,5,700,6910.000000000002,4274.420985432765,0.15812758669901528,3.4673349798087094,0.33915848750280386,0.6185848025228312
11,4,700,6910.000000000002,4274.420985432765,0.1584130155558727,3.370170331843913,0.3302493400318379,0.6185848025228312
11,6,66,570.0859504455718,4274.420985432765,0.09604681033252462,0.7129684711983756,0.5134406232695802,7.497853581713305
12,5,595,5860.000000000002,4960.621028354774,0.15812758669901528,2.9094137783886835,0.3894498743465238,0.8465223597875039
12,1,589,5800.000000000002,4960.621028354774,0.1374339945768517,2.5712384025041,0.30223487189424586,0.8552794876473746
12,6,440,4310.000000000002,4960.621028354774,0.09604681033252462,1.0084333890474708,0.11147794214889718,1.1509561550707128
12,2,105,960.0014115816389,4960.621028354774,0.156272299129442,2.2939220420021575,1.8523576125782875,5.1673059732088955
12,0,372,3630.000000000001,4960.621028354774,0.13757670900528043,2.003895935474326,0.37674674230795774,1.3665622667644004
12,4,700,6910.000000000002,4960.621028354774,0.1584130155558727,2.961623263713271,0.3368051136468499,0.7178901632930207
12,3,700,6910.000000000002,4960.621028354774,0.15612958470101326,3.421872284947348,0.38353676723692487,0.7178901632930207
13,2,140,1310.0000353340838,5086.340807653282,0.156272299129442,1.1246637234059385,0.6823997165825233,3.8827028018790353
13,3,665,6560.000000000001,5086.340807653282,0.15612958470101326,2.660853258310165,0.32211262437359434,0.7753568304349515
13,5,700,6910.000000000002,5086.340807653282,0.15812758669901528,2.7488054179796544,0.31994774248086694,0.7360840532059741
13,0,496,4870.000000000001,5086.340807653282,0.13757670900528043,4.44084638122908,0.6380976745538924,1.0444231637891748
13,4,700,6910.000000000002,5086.340807653282,0.1584130155558727,3.2297353493734247,0.3766042417998912,0.7360840532059741
13,1,620,6110.000000000002,5086.340807653282,0.1374339945768517,4.750323740978405,0.5434775691937348,0.8324616706470181
13,6,176,1670.0000007960207,5086.340807653282,0.09604681033252462,1.341408479078795,0.3924035964100226,3.0457130570232525
14,0,620,6110.000000000002,4733.5348877984525,0.13757670900528043,3.880298495587823,0.41357513856251493,0.774719294238699
14,5,630,6210.000000000002,4733.5348877984525,0.15812758669901528,2.625123491539917,0.3164108471293532,0.7622439432847747
14,2,700,6910.000000000002,4733.5348877984525,0.156272299129442,2.5229430251721894,0.2700828325776034,0.6850267565554922
14,4,105,960.0014115816389,4733.5348877984525,0.1584130155558727,1.6535748876735306,1.2916012011005045,4.930758257948573
14,1,620,6110.000000000002,4733.5348877984525,0.1374339945768517,3.864640989055667,0.41147902066000414,0.774719294238699
14,6,44,350.8727963568088,4733.5348877984525,0.09604681033252462,0.40830748777573656,0.5290615200264096,13.490743474409559
14,3,525,5160.000000000001,4733.5348877984525,0.15612958470101326,2.211200818860402,0.31670088119755696,0.9173517224415604
15,1,434,4250.000000000002,5092.177822177824,0.1374339945768517,3.481251342445005,0.5732501547825785,1.1981594875712522
15,5,455,4460.000000000002,5092.177822177824,0.15812758669901528,1.549717671055388,0.2797879012193868,1.1417439063178974
15,3,385,3760.0000000000014,5092.177822177824,0.15612958470101326,3.870778801173426,0.818463421027497,1.3543026122813357
15,6,440,4310.000000000002,5092.177822177824,0.09604681033252462,1.1651804350896868,0.1322216039869533,1.181479773127105
15,4,700,6910.000000000002,5092.177822177824,0.1584130155558727,1.7844388368418993,0.20831380023117282,0.7369287731082232
15,2,700,6910.000000000002,5092.177822177824,0.156272299129442,4.449833178081446,0.5124497023524346,0.7369287731082232
15,0,465,4560.000000000002,5092.177822177824,0.13757670900528043,3.5733502311842034,0.5489834083641367,1.1167056627582943
16,5,700,6910.000000000002,4183.851414264419,0.15812758669901528,3.6789570015963045,0.35223342039797134,0.6054777734101907
16,3,245,2360.000000000555,4183.851414264419,0.15612958470101326,2.4830701930263364,0.6872875086328096,1.772818395874337
16,1,372,3630.000000000001,4183.851414264419,0.1374339945768517,2.6558553696939504,0.4206958404651813,1.1525761471802805
16,4,595,5860.000000000002,4183.851414264419,0.1584130155558727,3.505622969548015,0.3964922507310737,0.7139678181338597
16,0,620,6110.000000000002,4183.851414264419,0.13757670900528043,3.2196573680657763,0.303312016102836,0.6847547322855021
16,2,35,262.252839954494,4183.851414264419,0.156272299129442,0.8851990663981419,2.2068814364932905,15.953502791391694
16,6,440,4310.000000000002,4183.851414264419,0.09604681033252462,2.263273021327581,0.2110176954289508,0.9707311866042732
17,0,620,6110.000000000002,4557.152112490386,0.13757670900528043,4.518302296429544,0.4636310517694246,0.7458514095728943
17,6,440,4310.000000000002,4557.152112490386,0.09604681033252462,3.629755337611338,0.36861801336576655,1.0573438776079778
17,1,93,840.0049979958054,4557.152112490386,0.1374339945768517,2.092972000195744,1.5605196547699511,5.425148806689769
17,2,630,6210.000000000002,4557.152112490386,0.156272299129442,2.444080101141692,0.2802846808502026,0.7338409198857302
17,5,140,1310.0000353340838,4557.152112490386,0.15812758669901528,3.0189570842537705,1.6606832296926388,3.478741976772691
17,3,595,5860.000000000002,4557.152112490386,0.15612958470101326,2.3796790378765524,0.28893456455372973,0.7776710089574035
17,4,700,6910.000000000002,4557.152112490386,0.1584130155558727,4.769047054055273,0.49823926066117,0.659501029303963
18,5,700,6910.000000000002,4430.913947405035,0.15812758669901528,3.04375833931265,0.3086264047351328,0.6412321197402365
18,6,44,350.8727963568088,4430.913947405035,0.09604681033252462,0.4262041306848128,0.5169448568599927,12.628262987077402
18,4,700,6910.000000000002,4430.913947405035,0.1584130155558727,3.051552649509301,0.30997523434816615,0.6412321197402365
18,3,455,4460.000000000002,4430.913947405035,0.15612958470101326,4.118752809963842,0.638865431913097,0.9934784635437295
18,2,420,4110.000000000002,4430.913947405035,0.156272299129442,4.051283462848569,0.6825368860707474,1.0780812524099839
18,0,620,6110.000000000002,4430.913947405035,0.13757670900528043,3.194370608298085,0.3187001905122022,0.7251904987569614
18,1,31,223.43368382029254,4430.913947405035,0.1374339945768517,0.5594611459471278,1.5247855582609622,19.831002522291197
19,1,558,5490.000000000002,4763.652062223495,0.1374339945768517,2.6449828133196047,0.3154167210199806,0.8676961861973576
19,5,385,3760.0000000000014,4763.652062223495,0.15812758669901528,3.264570287307641,0.6540122072228114,1.2669287399530567
19,3,280,2710.0000000000146,4763.652062223495,0.15612958470101326,2.9748041661435773,0.8164213018837955,1.7578051890123503
19,2,420,4110.000000000002,4763.652062223495,0.156272299129442,3.364208940868186,0.6093448900947716,1.1590394311979302
19,4,700,6910.000000000002,4763.652062223495,0.1584130155558727,3.9631839463357568,0.43280979121387275,0.6893852477892176
19,0,620,6110.000000000002,4763.652062223495,0.13757670900528043,2.7871226134888003,0.29895086488308725,0.7796484553557272
19,6,440,4310.000000000002,4763.652062223495,0.09604681033252462,2.6202638573627723,0.27815747545591,1.1052556988917617
20,5,700,6910.000000000002,5018.933175018573,0.15812758669901528,3.662465953574007,0.42064390931498974,0.7263289688883606
20,4,700,6910.000000000002,5018.933175018573,0.1584130155558727,3.6826042844030504,0.4237203099347656,0.7263289688883606
20,0,620,6110.000000000002,5018.933175018573,0.13757670900528043,3.583734347560068,0.4049961815588093,0.82142932488029
20,3,245,2360.000000000555,5018.933175018573,0.15612958470101326,2.288211561885564,0.7597676370741829,2.126666599583641
20,2,665,6560.000000000001,5018.933175018573,0.156272299129442,3.133256627592194,0.3746153273839805,0.7650812766796604
20,1,434,4250.000000000002,5018.933175018573,0.1374339945768517,3.165301151325982,0.5137261684162497,1.180925452945546
20,6,22,138.8629381196525,5018.933175018573,0.09604681033252462,0.2074612487320016,0.7201865355488138,36.14307203189064
21,2,455,4460.000000000002,4148.981025568142,0.156272299129442,2.782157560341078,0.40445509730998375,0.930264803939045
21,5,140,1310.0000353340838,4148.981025568142,0.15812758669901528,2.6248078106537283,1.3145445044962147,3.167161002793443
21,1,155,1460.0000072749747,4148.981025568142,0.1374339945768517,2.273041101705968,0.887748708552922,2.841767811571475
21,0,341,3320.0000000000014,4148.981025568142,0.13757670900528043,2.989930818235126,0.5140548026949248,1.2496930799904038
21,6,440,4310.000000000002,4148.981025568142,0.09604681033252462,1.6491414128955604,0.15247724028645857,0.9626406091805431
21,3,700,6910.000000000002,4148.981025568142,0.15612958470101326,3.205817487232244,0.30052970108249116,0.600431407462828
21,4,700,6910.000000000002,4148.981025568142,0.1584130155558727,3.8314469662624147,0.36443248394106714,0.600431407462828
22,5,175,1660.0000008844675,4758.110461107464,0.15812758669901528,1.8727734960086992,0.8488272810622033,2.866331601549571
22,3,700,6910.000000000002,4758.110461107464,0.15612958470101326,3.989846446479559,0.4289412953396876,0.6885832794656241
22,0,620,6110.000000000002,4758.110461107464,0.13757670900528043,3.4376825324298945,0.3683019291584805,0.7787414829963114
22,4,350,3410.000000000001,4758.110461107464,0.1584130155558727,2.5206074330256674,0.5571552344145745,1.3953403111752092
22,1,465,4560.000000000002,4758.110461107464,0.1374339945768517,3.101234450630512,0.44473206889795325,1.043445276558654
22,2,700,6910.000000000002,4758.110461107464,0.156272299129442,3.967660367633771,0.426946014497987,0.6885832794656241
22,6,352,3430.000000000001,4758.110461107464,0.09604681033252462,2.636504960465264,0.35127879923953403,1.3872042160663158
23,3,455,4460.000000000002,4810.0628874481945,0.15612958470101326,3.5360624484683716,0.5954167206809247,1.0784894366475768
23,5,700,6910.000000000002,4810.0628874481945,0.15812758669901528,2.8523096449289724,0.3139619519073936,0.6961017203253536
23,2,630,6210.000000000002,4810.0628874481945,0.156272299129442,3.882290056953944,0.4699256335287283,0.7745672926647654
23,0,620,6110.000000000002,4810.0628874481945,0.13757670900528043,3.738548477563197,0.4049090438810192,0.7872443350979039
23,1,558,5490.000000000002,4810.0628874481945,0.1374339945768517,3.622842181367599,0.4362364949882814,0.8761498884240788
23,4,35,262.252839954494,4810.0628874481945,0.1584130155558727,0.8563765001666351,2.4882049924863114,18.341318585083137
23,6,440,4310.000000000002,4810.0628874481945,0.09604681033252462,2.1156617975963217,0.22677891603066236,1.1160238717977244
24,3,700,6910.000000000002,5170.3431935713625,0.15612958470101326,4.645698689215183,0.5427221758456723,0.7482406937151029
24,0,620,6110.000000000002,5170.3431935713625,0.13757670900528043,4.692106921068192,0.5462494057700835,0.8462100153144617
24,1,310,3010.0000000000014,5170.3431935713625,0.1374339945768517,3.7751364184420684,0.8912092702322444,1.717721991219721
24,4,525,5160.000000000001,5170.3431935713625,0.1584130155558727,2.355260048568545,0.37385173146177453,1.0020044948781708
24,2,700,6910.000000000002,5170.3431935713625,0.156272299129442,4.648696522332634,0.543568800094415,0.7482406937151029
24,5,595,5860.000000000002,5170.3431935713625,0.15812758669901528,2.493546069379168,0.34789388461415943,0.8823111251828261
24,6,22,138.8629381196525,5170.3431935713625,0.09604681033252462,0.8833479189817448,3.1589864156137097,37.233427893598865
25,0,310,3010.0000000000014,3978.08707805862,0.13757670900528043,3.7474532320219307,0.6813792874391755,1.321623613972963
25,3,420,4110.000000000002,3978.08707805862,0.15612958470101326,4.045761978931113,0.6113895292583563,0.9679043985544084
25,4,175,1660.0000008844675,3978.08707805862,0.1584130155558727,4.492420155078509,1.7054438504741871,2.396437997553644
25,1,62,530.1310020508638,3978.08707805862,0.1374339945768517,1.8411244657822912,1.8987526878112635,7.503969891722989
25,2,700,6910.000000000002,3978.08707805862,0.156272299129442,4.271190167866828,0.38426174247750694,0.5757000112964716
25,6,440,4310.000000000002,3978.08707805862,0.09604681033252462,0.4099675972234813,0.03634372975486291,0.9229900413129045
25,5,700,6910.000000000002,3978.08707805862,0.15812758669901528,5.037033370486487,0.45854156507279453,0.5757000112964716
26,5,455,4460.000000000002,5043.876123876127,0.15812758669901528,3.5679233794726835,0.6380470653132961,1.1309139291202075
26,6,440,4310.000000000002,5043.876123876127,0.09604681033252462,3.656948716019603,0.41104461067521475,1.1702728825698665
26,4,700,6910.000000000002,5043.876123876127,0.1584130155558727,4.088804743218084,0.4727957865507482,0.7299386575797577
26,1,620,6110.000000000002,5043.876123876127,0.1374339945768517,3.229515333130809,0.366399373249919,0.825511640568924
26,0,403,3940.000000000001,5043.876123876127,0.13757670900528043,2.711994776412188,0.47764139180589565,1.280171605044702
26,3,280,2710.0000000000146,5043.876123876127,0.15612958470101326,3.234354907614249,0.9398704580161407,1.861208901799299
26,2,665,6560.000000000001,5043.876123876127,0.156272299129442,4.209793271076801,0.5058285565534276,0.7688835554689217
27,2,700,6910.000000000002,4788.5914187605995,0.156272299129442,3.335058561701716,0.36117293759669405,0.6929944166079013
27,5,525,5160.000000000001,4788.5914187605995,0.15812758669901528,3.35173013397128,0.4918523697385143,0.9280215927830617
27,0,31,223.43368382029254,4788.5914187605995,0.13757670900528043,0.5811581260095352,1.7135562608033172,21.43182414076858
27,3,700,6910.000000000002,4788.5914187605995,0.15612958470101326,3.3468558054706175,0.3621195248612628,0.6929944166079013
27,4,490,4810.000000000001,4788.5914187605995,0.1584130155558727,3.2855608862838963,0.5181590497153791,0.99554915150948
27,1,620,6110.000000000002,4788.5914187605995,0.1374339945768517,3.467442656467799,0.3734823045148288,0.7837301831032075
27,6,198,1890.0000000783903,4788.5914187605995,0.09604681033252462,1.3104923401361475,0.3189065301854009,2.5336462532074
28,1,248,2390.0000000004047,4431.515627368117,0.1374339945768517,1.874411169869176,0.47765399829733174,1.8541906390658436
28,4,700,6910.000000000002,4431.515627368117,0.1584130155558727,3.858012176068911,0.39194821688951303,0.6413191935409719
28,3,175,1660.0000008844675,4431.515627368117,0.15612958470101326,2.561321152139161,1.067562813156195,2.669587725907803
28,6,440,4310.000000000002,4431.515627368117,0.09604681033252462,2.9244521260756455,0.2888035171883023,1.0281938810598874
28,5,595,5860.000000000002,4431.515627368117,0.15812758669901528,3.6561630348943854,0.437207763881093,0.7562313357283473
28,0,248,2390.0000000004047,4431.515627368117,0.13757670900528043,1.8908977916993108,0.48235563370149404,1.8541906390658436
28,2,700,6910.000000000002,4431.515627368117,0.156272299129442,4.056186612760717,0.4065127456037379,0.6413191935409719
29,4,525,5160.000000000001,4496.35938665391,0.1584130155558727,3.66950682869356,0.5065354865422913,0.8713874780337034
29,5,630,6210.000000000002,4496.35938665391,0.15812758669901528,3.8585832174582237,0.4417788599910765,0.7240514310231738
29,1,124,1150.0001906837483,4496.35938665391,0.1374339945768517,1.6391883456917888,0.8808178990318738,3.909877079220777
29,6,440,4310.000000000002,4496.35938665391,0.09604681033252462,2.1247322570024645,0.21289766793287188,1.0432388368106515
29,0,620,6110.000000000002,4496.35938665391,0.13757670900528043,3.194119460046419,0.32338202577613595,0.7359016999433566
29,3,140,1310.0000353340838,4496.35938665391,0.15612958470101326,1.9562460820409782,1.0483309280463653,3.432335317080524
29,2,700,6910.000000000002,4496.35938665391,0.156272299129442,3.28808961308248,0.3343556111566164,0.6507032397473096
30,6,22,138.8629381196525,4277.007437518882,0.09604681033252462,0.3480484486143433,1.0296184222325735,30.800208431666338
30,0,620,6110.000000000002,4277.007437518882,0.13757670900528043,3.346515161740894,0.32228234024615154,0.700001217269866
30,4,700,6910.000000000002,4277.007437518882,0.1584130155558727,4.077243438475895,0.3997785255294524,0.6189591081792881
30,3,105,960.0014115816389,4277.007437518882,0.15612958470101326,1.4857977217535625,1.0335060575508654,4.455209529819701
30,1,93,840.0049979958054,4277.007437518882,0.1374339945768517,1.2350456862472445,0.8642419204100907,5.091645225592146
30,5,700,6910.000000000002,4277.007437518882,0.15812758669901528,4.0680903626624465,0.39816235105121534,0.6189591081792881
30,2,630,6210.000000000002,4277.007437518882,0.156272299129442,3.0730032964304725,0.33074511088214115,0.6887290559611725
31,1,589,5800.000000000002,5252.350506636226,0.1374339945768517,3.239793112479804,0.4032154402958578,0.9055776735579697
31,5,490,4810.000000000001,5252.350506636226,0.15812758669901528,3.772955157634102,0.6514752337225137,1.0919647622944335
31,4,280,2710.0000000000146,5252.350506636226,0.1584130155558727,3.278823844766824,1.0066844389810181,1.9381367183159401
31,3,700,6910.000000000002,5252.350506636226,0.15612958470101326,3.1686629077229824,0.37604247070356994,0.7601086116694971
31,2,700,6910.000000000002,5252.350506636226,0.156272299129442,3.146695630001978,0.3737768430284955,0.7601086116694971
31,0,620,6110.000000000002,5252.350506636226,0.13757670900528043,3.3102474136852313,0.3914874653489574,0.8596318341466815
31,6,286,2770.000000000008,5252.350506636226,0.09604681033252462,1.4716570446130777,0.2680177096685331,1.8961554175581987
32,0,620,6110.000000000002,4859.108127922005,0.13757670900528043,3.6010212828072867,0.393990688289524,0.7952713793653035
32,3,700,6910.000000000002,4859.108127922005,0.15612958470101326,3.670847440056595,0.40302320850083767,0.7031994396413899
32,2,525,5160.000000000001,4859.108127922005,0.156272299129442,3.3726884950726195,0.49632379240071267,0.941687621690311
32,4,35,262.252839954494,4859.108127922005,0.1584130155558727,0.9498346144873948,2.7878873234629897,18.528333682735926
32,6,308,2990.000000000002,4859.108127922005,0.09604681033252462,1.729872809257405,0.27001164462221633,1.62511977522475
32,1,527,5180.000000000002,4859.108127922005,0.1374339945768517,3.440994511966168,0.4436137034059242,0.938051762147105
32,5,700,6910.000000000002,4859.108127922005,0.15812758669901528,3.205610914996992,0.35644864413311006,0.7031994396413899
33,6,220,2110.0000000077202,4836.617668046985,0.09604681033252462,3.344669485437986,0.736368932737052,2.2922358616252554
33,3,280,2710.0000000000146,4836.617668046985,0.15612958470101326,3.7705121174535914,1.0506498732789689,1.7847297668069961
33,5,315,3060.0000000000014,4836.617668046985,0.15812758669901528,1.8509861591728205,0.46262718120947144,1.5805940091656807
33,2,700,6910.000000000002,4836.617668046985,0.156272299129442,4.770484626300613,0.5218049719649733,0.6999446697607792
33,4,700,6910.000000000002,4836.617668046985,0.1584130155558727,2.7374394231445507,0.30352823000650575,0.6999446697607792
33,0,620,6110.000000000002,4836.617668046985,0.13757670900528043,4.759088152106486,0.5182856845287407,0.7915904530355129
33,1,527,5180.000000000002,4836.617668046985,0.1374339945768517,4.538663652275925,0.5824171669464935,0.9337099745264447
34,3,315,3060.0000000000014,4019.433423862751,0.15612958470101326,2.6724174331460695,0.5480660667488945,1.3135403345956698
34,0,465,4560.000000000002,4019.433423862751,0.13757670900528043,3.420363527682715,0.4147794010335392,0.8814546982155153
34,6,440,4310.000000000002,4019.433423862751,0.09604681033252462,1.6959910086407881,0.15191269264809093,0.932583160989037
34,4,175,1660.0000008844675,4019.433423862751,0.1584130155558727,2.4338164858187614,0.9335453953304692,2.421345434771777
34,2,700,6910.000000000002,4019.433423862751,0.156272299129442,3.3435318960212057,0.30393048594980826,0.5816835635112518
34,1,620,6110.000000000002,4019.433423862751,0.1374339945768517,3.7708169964938896,0.3409206084948749,0.6578450775552782
34,5,210,2010.0000000221403,4019.433423862751,0.15812758669901528,2.5131282245751616,0.7946777852774434,1.9997181213027249
35,0,465,4560.000000000002,4699.406313499477,0.13757670900528043,3.6978119696284475,0.5242855566495674,1.030571559977955
35,2,140,1310.0000353340838,4699.406313499477,0.156272299129442,2.2543740059159423,1.2638038046955824,3.5873329669804224
35,5,700,6910.000000000002,4699.406313499477,0.15812758669901528,2.830433651821836,0.30438662872853234,0.6800877443559299
35,4,315,3060.0000000000014,4699.406313499477,0.1584130155558727,1.9978764374180773,0.4860501211855245,1.5357536972220505
35,1,589,5800.000000000002,4699.406313499477,0.1374339945768517,3.9985507419319872,0.44525805379911504,0.8102424678447371
35,6,440,4310.000000000002,4699.406313499477,0.09604681033252462,2.578568603062273,0.27003954211661896,1.0903494926912933
35,3,700,6910.000000000002,4699.406313499477,0.15612958470101326,3.777950092808279,0.40114960571664626,0.6800877443559299
36,5,700,6910.000000000002,5008.593514678913,0.15812758669901528,3.6487732135101822,0.4182079201328571,0.7248326359882651
36,1,434,4250.000000000002,5008.593514678913,0.1374339945768517,3.5035875881815848,0.5674583691132937,1.1784925916891555
36,6,22,138.8629381196525,5008.593514678913,0.09604681033252462,0.261527776955613,0.9060041892006621,36.06861256502591
36,0,620,6110.000000000002,5008.593514678913,0.13757670900528043,3.9003143285010786,0.4398646909579994,0.8197370727788726
36,3,665,6560.000000000001,5008.593514678913,0.15612958470101326,2.9139577606002,0.34736047829171596,0.7635051089449562
36,4,245,2360.000000000555,5008.593514678913,0.1584130155558727,2.6284591681092766,0.8836817379180124,2.122285387575312
36,2,700,6910.000000000002,5008.593514678913,0.156272299129442,2.977547613405473,0.337270577353897,0.7248326359882651
37,6,264,2550.0000000000755,5467.548166119604,0.09604681033252462,1.1620657773234413,0.23931289216879245,2.1441365357331144
37,1,434,4250.000000000002,5467.548166119604,0.1374339945768517,3.299365515444939,0.5833487721695464,1.2864819214399061
37,2,700,6910.000000000002,5467.548166119604,0.156272299129442,3.7730912663019147,0.4665453683358126,0.7912515435773665
37,5,700,6910.000000000002,5467.548166119604,0.15812758669901528,3.2270150783581677,0.40375992198991817,0.7912515435773665
37,0,620,6110.000000000002,5467.548166119604,0.13757670900528043,3.6899741471253322,0.4542758474030686,0.894852400346907
37,3,420,4110.000000000002,5467.548166119604,0.15612958470101326,3.323977342389887,0.6903893050825428,1.3303036900534309
37,4,630,6210.000000000002,5467.548166119604,0.1584130155558727,3.1382546185418394,0.43770353630063363,0.8804425388276331
38,3,700,6910.000000000002,4440.291143030274,0.15612958470101326,3.457617751027742,0.3468930376343683,0.6425891668640047
38,5,140,1310.0000353340838,4440.291143030274,0.15812758669901528,2.2746806126220642,1.2191810639481335,3.389535132262714
38,1,217,2080.00000001059,4440.291143030274,0.1374339945768517,2.4080418256124654,0.7064904696278622,2.1347553572152242
38,6,198,1890.0000000783903,4440.291143030274,0.09604681033252462,1.265681310537702,0.28559918042242227,2.3493603930402682
38,4,700,6910.000000000002,4440.291143030274,0.1584130155558727,3.530660158883083,0.359401742068509,0.6425891668640047
38,0,620,6110.000000000002,4440.291143030274,0.13757670900528043,3.5064742825101773,0.35057893004113516,0.7267252279918613
38,2,490,4810.000000000001,4440.291143030274,0.156272299129442,3.0880911349761173,0.445490534665148,0.9231374517734455
39,6,132,1230.0000820831015,5109.255038567423,0.09604681033252462,1.4673062263970111,0.5854046241586353,4.153865607809147
39,2,700,6910.000000000002,5109.255038567423,0.156272299129442,3.8938641455801513,0.44992728546636634,0.7394001502991927
39,0,372,3630.000000000001,5109.255038567423,0.13757670900528043,2.9878011129909674,0.5785588723247684,1.407508275087444
39,1,558,5490.000000000002,5109.255038567423,0.1374339945768517,3.461958613027093,0.4427935425465634,0.9306475480086378
39,3,700,6910.000000000002,5109.255038567423,0.15612958470101326,3.8901973251420894,0.4490930870090644,0.7394001502991927
39,4,700,6910.000000000002,5109.255038567423,0.1584130155558727,3.0732858670925602,0.3599758406686303,0.7394001502991927
39,5,315,3060.0000000000014,5109.255038567423,0.15812758669901528,2.2271255028639425,0.5880151144051464,1.6696911890743205
40,2,700,6910.000000000002,4770.518053380156,0.156272299129442,3.8045574779770925,0.41046265284280214,0.6903788789262163
40,0,217,2080.00000001059,4770.518053380156,0.13757670900528043,2.4113879478767912,0.760876570434189,2.2935182948826283
40,6,396,3870.0000000000014,4770.518053380156,0.09604681033252462,1.662922527888747,0.1968836001970751,1.2326920034574043
40,3,700,6910.000000000002,4770.518053380156,0.15612958470101326,3.789425824710412,0.4084567818732073,0.6903788789262163
40,5,210,2010.0000000221403,4770.518053380156,0.15812758669901528,2.352280745764865,0.8828080464451092,2.3733920663321433
40,4,700,6910.000000000002,4770.518053380156,0.1584130155558727,3.338395963339373,0.3651036748203321,0.6903788789262163
40,1,403,3940.000000000001,4770.518053380156,0.1374339945768517,3.0193259775651664,0.5024276075218754,1.2107913841066382
41,4,350,3410.000000000001,4503.352361927305,0.1584130155558727,2.521521452294988,0.5275153226541254,1.3206311911810273
41,3,210,2010.0000000221403,4503.352361927305,0.15612958470101326,2.8032052596623593,0.9805731016289859,2.2404738118794527
41,6,330,3210.000000000001,4503.352361927305,0.09604681033252462,2.119239817347711,0.2855577483336768,1.402913508388568
41,0,248,2390.0000000004047,4503.352361927305,0.13757670900528043,2.257544643045016,0.5852201782913187,1.8842478501784694
41,5,700,6910.000000000002,4503.352361927305,0.15812758669901528,3.255562224005644,0.3354992281774841,0.6517152477463536
41,2,700,6910.000000000002,4503.352361927305,0.156272299129442,3.989795944226774,0.40634092810230027,0.6517152477463536
41,1,620,6110.000000000002,4503.352361927305,0.1374339945768517,3.271904801221764,0.3314282684031828,0.7370462130813917
42,5,630,6210.000000000002,4969.951487255997,0.15812758669901528,3.4973268875182204,0.4425928757778695,0.8003142491555548
42,1,341,3320.0000000000014,4969.951487255997,0.1374339945768517,2.7947639351536204,0.574980830380138,1.496973339534938
42,6,440,4310.000000000002,4969.951487255997,0.09604681033252462,2.1674661063239937,0.24005466000113154,1.1531209947229686
42,2,700,6910.000000000002,4969.951487255997,0.156272299129442,3.3678687624105335,0.37853955181193916,0.7192404467808966
42,4,595,5860.000000000002,4969.951487255997,0.1584130155558727,3.4411153306674342,0.4623220670984725,0.8481145882689411
42,3,700,6910.000000000002,4969.951487255997,0.15612958470101326,3.3786024124716376,0.37939918573617526,0.7192404467808966
42,0,31,223.43368382029254,4969.951487255997,0.13757670900528043,0.5152330144768461,1.5767110215166271,22.24351942947565
43,4,385,3760.0000000000014,4308.341108492266,0.1584130155558727,3.3610861886981285,0.6100883703495837,1.1458354011947514
43,0,620,6110.000000000002,4308.341108492266,0.13757670900528043,2.7184234022635527,0.26371260405869856,0.7051294776583085
43,5,35,262.252839954494,4308.341108492266,0.15812758669901528,0.8417557334837723,2.1866718141966843,16.428196198904264
43,2,490,4810.000000000001,4308.341108492266,0.156272299129442,3.7177965395135053,0.5203944126053625,0.8957050121605542
43,1,620,6110.000000000002,4308.341108492266,0.1374339945768517,2.72010895429411,0.2636023880246661,0.7051294776583085
43,3,700,6910.000000000002,4308.341108492266,0.15612958470101326,4.120122951293983,0.40107668269117613,0.6234936481175493
43,6,176,1670.0000007960207,4308.341108492266,0.09604681033252462,2.117947780622776,0.5247975565153883,2.579844973915363
44,2,700,6910.000000000002,4452.831455078088,0.156272299129442,4.4262190435656255,0.44573128103566584,0.6444039732385075
44,0,186,1770.0000002775555,4452.831455078088,0.13757670900528043,2.9137282852081703,1.0084560059316854,2.5157239855253306
44,6,154,1450.0000080833054,4452.831455078088,0.09604681033252462,1.9667268111806515,0.5800898108568582,3.0709182277620126
44,3,700,6910.000000000002,4452.831455078088,0.15612958470101326,4.431503217044728,0.4458558639714912,0.6444039732385075
44,4,700,6910.000000000002,4452.831455078088,0.1584130155558727,2.297918173500929,0.2345760293008248,0.6444039732385075
44,5,210,2010.0000000221403,4452.831455078088,0.15812758669901528,1.0760658799282103,0.3769525653872242,2.215339032352756
44,1,372,3630.000000000001,4452.831455078088,0.1374339945768517,3.7853019481373127,0.6381522866395203,1.2266753319774344
45,3,280,2710.0000000000146,3881.8096245498596,0.15612958470101326,3.063549674722261,0.685133294444617,1.4324020754796454
45,2,350,3410.000000000001,3881.8096245498596,0.156272299129442,3.252940964545134,0.5786794190714549,1.138360593709636
45,6,440,4310.000000000002,3881.8096245498596,0.09604681033252462,1.8915713666103495,0.16362989073300088,0.9006518850463707
45,5,700,6910.000000000002,3881.8096245498596,0.15812758669901528,3.4001945640218207,0.3020421804003297,0.5617669500072154
45,1,279,2700.0000000000164,3881.8096245498596,0.1374339945768517,2.4139958092072242,0.4769810768950013,1.437707268351791
45,0,620,6110.000000000002,3881.8096245498596,0.13757670900528043,3.1951879175263294,0.2792764683742994,0.6353207241489129
45,4,140,1310.0000353340838,3881.8096245498596,0.1584130155558727,2.1721304216432467,1.0196231434306495,2.9632133739293356
46,2,280,2710.0000000000146,4890.896246686991,0.156272299129442,2.628880762774631,0.7414332344475766,1.804758762615116
46,0,341,3320.0000000000014,4890.896246686991,0.13757670900528043,2.9769178898483215,0.6033400273962244,1.4731615200864423
46,6,176,1670.0000007960207,4890.896246686991,0.09604681033252462,1.773553212480649,0.49888350948591853,2.9286803858417367
46,3,700,6910.000000000002,4890.896246686991,0.15612958470101326,3.5840531804172553,0.3960682707688028,0.7077997462643979
46,5,700,6910.000000000002,4890.896246686991,0.15812758669901528,3.2645541763130588,0.36537760587528556,0.7077997462643979
46,1,434,4250.000000000002,4890.896246686991,0.1374339945768517,3.237274215518236,0.5120037923319786,1.1507991168675267
46,4,700,6910.000000000002,4890.896246686991,0.1584130155558727,3.276538572624582,0.3673808789874986,0.7077997462643979
47,5,560,5510.000000000002,5675.28899671757,0.15812758669901528,3.5240173204974927,0.5739605722090664,1.0299980030340414
47,2,420,4110.000000000002,5675.28899671757,0.156272299129442,2.819860352438655,0.6084932468077757,1.3808489043108436
47,1,620,6110.000000000002,5675.28899671757,0.1374339945768517,3.3917581959694796,0.43297799404838944,0.9288525362876543
47,6,374,3650.000000000001,5675.28899671757,0.09604681033252462,1.7325914433446947,0.25874634816419734,1.5548736977308406
47,0,589,5800.000000000002,5675.28899671757,0.13757670900528043,3.3422186906517117,0.44992462978231124,0.9784981028823393
47,4,700,6910.000000000002,5675.28899671757,0.1584130155558727,3.761993338787534,0.489461816568664,0.8213153396118044
47,3,700,6910.000000000002,5675.28899671757,0.15612958470101326,3.3276239182268696,0.4267066153757325,0.8213153396118044
48,1,186,1770.0000002775555,4523.235336168818,0.1374339945768517,2.302331902078146,0.8086079715231089,2.5555001895251555
48,5,700,6910.000000000002,4523.235336168818,0.15812758669901528,3.5984229331168374,0.37246973105939307,0.6545926680417969
48,0,186,1770.0000002775555,4523.235336168818,0.13757670900528043,2.2870729644470327,0.8040829513221879,2.5555001895251555
48,2,700,6910.000000000002,4523.235336168818,0.156272299129442,3.3284841489385983,0.3404862915583643,0.6545926680417969
48,3,700,6910.000000000002,4523.235336168818,0.15612958470101326,3.3428658037817915,0.3416451687271458,0.6545926680417969
48,4,350,3410.000000000001,4523.235336168818,0.1584130155558727,2.9372665518008123,0.6172044178413085,1.3264619754160754
48,6,264,2550.0000000000755,4523.235336168818,0.09604681033252462,1.4930055832123017,0.25436267409111174,1.77381777888968
49,6,154,1450.0000080833054,5059.693164756712,0.09604681033252462,1.5076515614008537,0.5052893033387653,3.4894435424486026
49,3,700,6910.000000000002,5059.693164756712,0.15612958470101326,3.9216161701891123,0.4483285772947155,0.732227664943084
49,4,490,4810.000000000001,5059.693164756712,0.1584130155558727,3.2917479280224335,0.548525139416095,1.051911260864181
49,5,700,6910.000000000002,5059.693164756712,0.15812758669901528,3.6938581722113937,0.4276948222675552,0.732227664943084
49,1,620,6110.000000000002,5059.693164756712,0.1374339945768517,2.9065531080919067,0.3307923084382635,0.8281003542973339
49,2,560,5510.000000000002,5059.693164756712,0.156272299129442,3.6748900117305907,0.5273499738937921,0.9182746215529419
49,0,217,2080.00000001059,5059.693164756712,0.13757670900528043,1.7948935700503448,0.6006817867299147,2.432544790736034
50,5,700,6910.000000000002,4355.358074706304,0.15812758669901528,3.633414075176129,0.36213321139942206,0.6302978400443275
50,1,31,223.43368382029254,4355.358074706304,0.1374339945768517,0.5736901298615201,1.5369040958530005,19.492844589221892
50,3,700,6910.000000000002,4355.358074706304,0.15612958470101326,3.7387368084207178,0.36792213528142287,0.6302978400443275
50,2,700,6910.000000000002,4355.358074706304,0.156272299129442,3.7230349965965015,0.36671184584798283,0.6302978400443275
50,4,350,3410.000000000001,4355.358074706304,0.1584130155558727,2.979043292895943,0.6027499224395855,1.277231106951995
50,6,44,350.8727963568088,4355.358074706304,0.09604681033252462,0.3692035926196034,0.4401726286731505,12.412926051631723
50,0,372,3630.000000000001,4355.358074706304,0.13757670900528043,2.617381414576966,0.4320451874192589,1.1998231610761165
51,2,420,4110.000000000002,4418.21892493654,0.156272299129442,3.5727719257866073,0.6001954579312456,1.0749924391573085
51,1,155,1460.0000072749747,4418.21892493654,0.1374339945768517,1.303062812876625,0.541943353294257,3.026177330767929
51,3,700,6910.000000000002,4418.21892493654,0.15612958470101326,4.139727297587743,0.413262617274492,0.6393949240139709
51,0,496,4870.000000000001,4418.21892493654,0.13757670900528043,2.5289119023536344,0.31564352676138624,0.9072318121019588
51,4,700,6910.000000000002,4418.21892493654,0.1584130155558727,3.8555067730360637,0.3905184131298167,0.6393949240139709
51,6,440,4310.000000000002,4418.21892493654,0.09604681033252462,2.7946700948823104,0.27515883107134304,1.02510879928922
51,5,210,2010.0000000221403,4418.21892493654,0.15812758669901528,2.5579195635304304,0.8890899488085214,2.1981188681034194
52,0,620,6110.000000000002,4097.858734647551,0.13757670900528043,3.2203946173442137,0.2971459266026208,0.6706806439685024
52,6,396,3870.0000000000014,4097.858734647551,0.09604681033252462,2.047808413181362,0.208265957592843,1.0588782260071186
52,5,35,262.252839954494,4097.858734647551,0.15812758669901528,0.916981339053242,2.2657131412472884,15.625602892836582
52,2,700,6910.000000000002,4097.858734647551,0.156272299129442,3.8529174321051296,0.35706776026465686,0.5930331019750433
52,3,700,6910.000000000002,4097.858734647551,0.15612958470101326,3.8512127688842477,0.3565838361979263,0.5930331019750433
52,4,315,3060.0000000000014,4097.858734647551,0.1584130155558727,2.5958363599825947,0.5506856112436637,1.3391695211266499
52,1,155,1460.0000072749747,4097.858734647551,0.1374339945768517,1.8214657968716437,0.7026180705116382,2.806752543992121
53,3,700,6910.000000000002,5103.477470746247,0.15612958470101326,4.9013039144432815,0.565177666048609,0.7385640333930891
53,5,595,5860.000000000002,5103.477470746247,0.15812758669901528,2.6390983614409276,0.36343923180701293,0.8709005922775163
53,1,31,223.43368382029254,5103.477470746247,0.1374339945768517,0.9338201892085276,2.931399333540251,22.841128443511533
53,6,352,3430.000000000001,5103.477470746247,0.09604681033252462,3.6313214455473686,0.5189430775987688,1.4878943063400132
53,0,620,6110.000000000002,5103.477470746247,0.13757670900528043,4.315496295609533,0.49590747684445025,0.8352663618242627
53,2,700,6910.000000000002,5103.477470746247,0.156272299129442,4.899313080032704,0.5654645054977446,0.7385640333930891
53,4,525,5160.000000000001,5103.477470746247,0.1584130155558727,2.494901736144597,0.39089562238356895,0.9890460214624507
54,4,385,3760.0000000000014,4549.239581751912,0.1584130155558727,4.570203259622797,0.8759460151365985,1.2099041440829548
54,1,403,3940.000000000001,4549.239581751912,0.1374339945768517,2.727609567740277,0.4328316020814394,1.154629335470028
54,6,440,4310.000000000002,4549.239581751912,0.09604681033252462,0.9254564410834438,0.09382108869270638,1.0555080236083318
54,5,700,6910.000000000002,4549.239581751912,0.15812758669901528,5.050642424682849,0.5257932750371412,0.6583559452607686
54,0,620,6110.000000000002,4549.239581751912,0.13757670900528043,2.9508307942243976,0.30226427636439046,0.7445563963587415
54,3,630,6210.000000000002,4549.239581751912,0.15612958470101326,4.018038534089404,0.45956453977746725,0.7325667603465235
54,2,70,610.0563920873398,4549.239581751912,0.156272299129442,2.5989154099930163,3.028607357938774,7.457080428559156
55,6,22,138.8629381196525,5209.425539796565,0.09604681033252462,0.902351887883677,3.2513398193983334,37.51487337325253
55,3,700,6910.000000000002,5209.425539796565,0.15612958470101326,2.9615284420203722,0.34858837506401336,0.7538966048909644
55,2,665,6560.000000000001,5209.425539796565,0.156272299129442,2.8911116606371943,0.35878383073901554,0.794119746920208
55,5,455,4460.000000000002,5209.425539796565,0.15812758669901528,4.472385323112455,0.8260414353502016,1.1680326322413819
55,0,620,6110.000000000002,5209.425539796565,0.13757670900528043,4.2569788543099705,0.4993384788893522,0.8526064713251332
55,1,620,6110.000000000002,5209.425539796565,0.1374339945768517,4.251855257503093,0.4982201246325938,0.8526064713251332
55,4,455,4460.000000000002,5209.425539796565,0.1584130155558727,4.4793342641891805,0.8288182583604667,1.1680326322413819
56,5,70,610.0563920873398,4082.7533212007443,0.15812758669901528,2.897258458033778,3.066041586082148,6.692419543759538
56,1,434,4250.000000000002,4082.7533212007443,0.1374339945768517,4.103776870795822,0.5418038911913705,0.9606478402825277
56,2,700,6910.000000000002,4082.7533212007443,0.156272299129442,5.123834116909985,0.47309913737523657,0.5908470797685591
56,6,440,4310.000000000002,4082.7533212007443,0.09604681033252462,0.3850364195966652,0.03503165277413994,0.9472745524827709
56,0,620,6110.000000000002,4082.7533212007443,0.13757670900528043,4.274445572067622,0.392949407591414,0.6682083995418565
56,3,560,5510.000000000002,4082.7533212007443,0.15612958470101326,5.026070336061808,0.5814539274755968,0.7409715646462328
56,4,140,1310.0000353340838,4082.7533212007443,0.1584130155558727,3.6851729078067597,1.8194099455862494,3.1166055046399572
57,2,140,1310.0000353340838,4212.625952005696,0.156272299129442,4.117863297733649,2.0693574661991194,3.2157449147941186
57,1,620,6110.000000000002,4212.625952005696,0.1374339945768517,5.417725176109044,0.5133609490728175,0.6894641492644344
57,4,595,5860.000000000002,4212.625952005696,0.1584130155558727,2.8051396413372247,0.31944833561922775,0.7188781488064324
57,5,700,6910.000000000002,4212.625952005696,0.15812758669901528,2.9533936771948155,0.28471073022393717,0.6096419612164536
57,0,155,1460.0000072749747,4212.625952005696,0.13757670900528043,3.721597509805996,1.4773192600279201,2.8853602267224474
57,3,350,3410.000000000001,4212.625952005696,0.15612958470101326,5.154519157204008,0.9941957046678686,1.2353741794738107
57,6,440,4310.000000000002,4212.625952005696,0.09604681033252462,4.926825824173107,0.4625149601042807,0.9774074134583977
58,2,700,6910.000000000002,4075.9982875667233,0.156272299129442,2.827602331278613,0.26064912914109606,0.5898695061601624
58,4,280,2710.0000000000146,4075.9982875667233,0.1584130155558727,3.8572782477164584,0.9190444811340601,1.5040584086961999
58,1,465,4560.000000000002,4075.9982875667233,0.1374339945768517,3.1881615502905487,0.3916549678939462,0.8938592735891934
58,6,440,4310.000000000002,4075.9982875667233,0.09604681033252462,1.689245032393222,0.15343778479787498,0.9457072592962231
58,0,620,6110.000000000002,4075.9982875667233,0.13757670900528043,3.5002068688389585,0.32124132739344513,0.6671028293889889
58,3,280,2710.0000000000146,4075.9982875667233,0.15612958470101326,2.1386483047585245,0.5022145355817652,1.5040584086961999
58,5,175,1660.0000008844675,4075.9982875667233,0.15812758669901528,3.5111572039452037,1.3632761028369607,2.4554206538524
59,1,124,1150.0001906837483,4210.679352473044,0.1374339945768517,1.8773055097804698,0.9446770892245486,3.661459699384508
59,3,385,3760.0000000000014,4210.679352473044,0.15612958470101326,2.958388713774417,0.5172550831920762,1.1198615299130432
59,0,496,4870.000000000001,4210.679352473044,0.13757670900528043,3.564732511835577,0.42402852482299497,0.8646158834646905
59,4,700,6910.000000000002,4210.679352473044,0.1584130155558727,3.141348025234199,0.3032361950299447,0.6093602536140438
59,6,440,4310.000000000002,4210.679352473044,0.09604681033252462,2.5280886425097444,0.23721936817785325,0.9769557662350445
59,5,140,1310.0000353340838,4210.679352473044,0.15812758669901528,1.6522976813642656,0.8398017971222811,3.2142589609924794
59,2,700,6910.000000000002,4210.679352473044,0.156272299129442,3.5867387539136333,0.341551243074309,0.6093602536140438
60,2,595,5860.000000000002,5816.967318395891,0.156272299129442,3.6686458856859097,0.5690976642977625,0.9926565389754077
60,3,665,6560.000000000001,5816.967318395891,0.15612958470101326,3.8069301415226,0.5270513090789568,0.8867328229262028
60,6,418,4090.0000000000014,5816.967318395891,0.09604681033252462,2.395068807422674,0.32717059001957266,1.4222413981408042
60,0,620,6110.000000000002,5816.967318395891,0.13757670900528043,3.393352011144857,0.4444564813183418,0.9520404776425351
60,1,341,3320.0000000000014,5816.967318395891,0.1374339945768517,2.6862094794120908,0.64683362335932,1.7520985898782797
60,5,700,6910.000000000002,5816.967318395891,0.15812758669901528,3.2783702894686817,0.4363994801401792,0.8418187146737901
60,4,700,6910.000000000002,5816.967318395891,0.1584130155558727,3.285775035368432,0.4381746650276865,0.8418187146737901
61,1,620,6110.000000000002,4429.883215779668,0.1374339945768517,3.2968506622322336,0.32850691200903676,0.725021802909929
61,6,352,3430.000000000001,4429.883215779668,0.09604681033252462,1.7267866865384605,0.2142001622380904,1.2915111416267249
61,0,620,6110.000000000002,4429.883215779668,0.13757670900528043,3.277176173712782,0.3268855869150322,0.725021802909929
61,2,700,6910.000000000002,4429.883215779668,0.156272299129442,3.6002385243074992,0.3606845222533988,0.6410829545267246
61,4,210,2010.0000000221403,4429.883215779668,0.1584130155558727,2.5505005547129644,0.8904560794521126,2.203921997876056
61,5,595,5860.000000000002,4429.883215779668,0.15812758669901528,3.4103190690247884,0.4076592653176536,0.7559527671978953
61,3,70,610.0563920873398,4429.883215779668,0.15612958470101326,1.8849744220396825,2.137041525515703,7.261432341725969
62,3,700,6910.000000000002,4182.225366879864,0.15612958470101326,2.9507031772377,0.2788303945735123,0.6052424554095315
62,1,372,3630.000000000001,4182.225366879864,0.1374339945768517,3.7481420578353646,0.5934867385903849,1.1521282002423865
62,4,700,6910.000000000002,4182.225366879864,0.1584130155558727,3.9829945542480485,0.3818826770835491,0.6052424554095315
62,0,62,530.1310020508638,4182.225366879864,0.13757670900528043,1.332378807023533,1.4460951245322295,7.889041294888461
62,5,630,6210.000000000002,4182.225366879864,0.15812758669901528,3.8417925976728533,0.40912629219312524,0.6734662426537621
62,6,440,4310.000000000002,4182.225366879864,0.09604681033252462,3.39476276976811,0.31638984744083753,0.9703539134292024
62,2,35,262.252839954494,4182.225366879864,0.156272299129442,0.3947604998175173,0.9837911781277701,15.947302487193511
63,3,700,6910.000000000002,3709.6313496200632,0.15612958470101326,3.3705987726110873,0.2825172488874094,0.5368496888017457
63,5,210,2010.0000000221403,3709.6313496200632,0.15812758669901528,3.1408517211027283,0.9166209359902767,1.8455877361090554
63,1,620,6110.000000000002,3709.6313496200632,0.1374339945768517,3.0880255538372725,0.25767043935801687,0.6071409737512377
63,4,525,5160.000000000001,3709.6313496200632,0.1584130155558727,3.8684031987458383,0.440558562554065,0.7189208041899346
63,6,440,4310.000000000002,3709.6313496200632,0.09604681033252462,1.7007930872868107,0.1406008388186004,0.8607033293782046
63,2,35,262.252839954494,3709.6313496200632,0.156272299129442,1.0701171854385603,2.365505125923428,14.145247579640156
63,0,155,1460.0000072749747,3709.6313496200632,0.13757670900528043,1.954399671142373,0.6831816493193641,2.540843377490063
64,6,66,570.0859504455718,4214.740671230994,0.09604681033252462,2.262041586112653,1.6062533689807859,7.393167061803237
64,3,140,1310.0000353340838,4214.740671230994,0.15612958470101326,1.6380695126630271,0.8228431965143355,3.2173592042355375
64,0,217,2080.00000001059,4214.740671230994,0.13757670900528043,2.9900813108392197,0.8335572592120067,2.0263176303891997
64,2,420,4110.000000000002,4214.740671230994,0.156272299129442,2.718323104160638,0.43562431674667806,1.025484348231385
64,1,620,6110.000000000002,4214.740671230994,0.1374339945768517,4.335148380423573,0.4109867155427009,0.689810257157282
64,5,700,6910.000000000002,4214.740671230994,0.15812758669901528,4.519992268823291,0.4359514691625837,0.6099479987309686
64,4,700,6910.000000000002,4214.740671230994,0.1584130155558727,4.529065167656276,0.43761504224330433,0.6099479987309686
65,2,280,2710.0000000000146,4477.4682562013395,0.156272299129442,3.091304090256635,0.7981544785291862,1.652202308561371
65,6,440,4310.000000000002,4477.4682562013395,0.09604681033252462,0.9480912152792125,0.09459938535533155,1.0388557438982222
65,3,595,5860.000000000002,4477.4682562013395,0.15612958470101326,3.4843074125424383,0.4156584069988843,0.764073081263027
65,1,620,6110.000000000002,4477.4682562013395,0.1374339945768517,3.643700096182774,0.36696791891046565,0.732809861898746
65,4,490,4810.000000000001,4477.4682562013395,0.1584130155558727,3.8515526456779523,0.5679552768586791,0.9308665813308397
65,0,31,223.43368382029254,4477.4682562013395,0.13757670900528043,0.7403014786017797,2.0409736735666515,20.039361029389653
65,5,700,6910.000000000002,4477.4682562013395,0.15812758669901528,4.139668667176374,0.42415802997310026,0.6479693569032328
66,1,620,6110.000000000002,4675.720364666327,0.1374339945768517,3.248086806103775,0.3416088526241072,0.7652570154936704
66,6,440,4310.000000000002,4675.720364666327,0.09604681033252462,3.3904069773023955,0.3532694153772041,1.0848539129156207
66,0,341,3320.0000000000014,4675.720364666327,0.13757670900528043,2.5159066564314063,0.48747223746430673,1.4083495074296162
66,3,595,5860.000000000002,4675.720364666327,0.15612958470101326,3.540177003135022,0.44102285361253857,0.7979044990898168
66,4,70,610.0563920873398,4675.720364666327,0.1584130155558727,1.628610233405,1.9773637519352247,7.664406807816744
66,5,700,6910.000000000002,4675.720364666327,0.15812758669901528,4.26442212179876,0.4562872285278971,0.6766599659430284
66,2,560,5510.000000000002,4675.720364666327,0.156272299129442,3.4740181997309922,0.4606923727000377,0.8485880879612206
67,5,175,1660.0000008844675,4242.741785917446,0.15812758669901528,1.3866081857790025,0.5604023085348949,2.5558685443716045
67,1,558,5490.000000000002,4242.741785917446,0.1374339945768517,3.9030251732703163,0.41454318406909624,0.7728127114603723
67,6,440,4310.000000000002,4242.741785917446,0.09604681033252462,2.2737503848299037,0.21497851741152685,0.9843948459205206
67,0,403,3940.000000000001,4242.741785917446,0.13757670900528043,3.5036635918282513,0.5190601598384509,1.076838016730316
67,3,70,610.0563920873398,4242.741785917446,0.15612958470101326,2.0174631219620567,2.1906219182543216,6.954671471272817
67,4,700,6910.000000000002,4242.741785917446,0.1584130155558727,2.588139169777931,0.25173699333040384,0.614000258454044
67,2,700,6910.000000000002,4242.741785917446,0.156272299129442,4.183791093312527,0.4014399100627548,0.614000258454044
68,2,280,2710.0000000000146,4976.571999429887,0.156272299129442,1.84356086603319,0.5290545857270958,1.8363734315239337
68,0,620,6110.000000000002,4976.571999429887,0.13757670900528043,4.267854014242949,0.4782374185243843,0.814496235585906
68,5,350,3410.000000000001,4976.571999429887,0.15812758669901528,3.205329374283322,0.739701022631052,1.4594052784251865
68,6,220,2110.0000000077202,4976.571999429887,0.09604681033252462,2.571707441501079,0.5825756718060283,2.358564928631127
68,4,700,6910.000000000002,4976.571999429887,0.1584130155558727,3.9983102221792106,0.4561625133884472,0.7201985527394914
68,1,589,5800.000000000002,4976.571999429887,0.1374339945768517,4.204006201672006,0.4957466815295464,0.8580296550741182
68,3,700,6910.000000000002,4976.571999429887,0.15612958470101326,2.8691927441653218,0.32262437238405806,0.7201985527394914
69,4,350,3410.000000000001,4729.079492937503,0.1584130155558727,2.8188667383652324,0.6192808374347301,1.386826830773461
69,1,403,3940.000000000001,4729.079492937503,0.1374339945768517,3.3273746964593953,0.548878566066946,1.2002739829790614
69,2,560,5510.000000000002,4729.079492937503,0.156272299129442,3.0620975085362514,0.4107012581307263,0.8582721402790384
69,6,440,4310.000000000002,4729.079492937503,0.09604681033252462,1.8006943085031706,0.18976769511345662,1.0972342210991883
69,3,700,6910.000000000002,4729.079492937503,0.15612958470101326,3.2975164088046522,0.3523471286991751,0.6843819816117948
69,5,700,6910.000000000002,4729.079492937503,0.15812758669901528,3.4536282687134787,0.37375051545429544,0.6843819816117948
69,0,155,1460.0000072749747,4729.079492937503,0.13757670900528043,2.3414058674419405,1.0433868888616984,3.2390955269679216
70,5,665,6560.000000000001,4622.0372217882095,0.15812758669901528,3.5206448579631044,0.3922468461122637,0.7045788447847879
70,3,280,2710.0000000000146,4622.0372217882095,0.15612958470101326,2.834059448000379,0.754672123533585,1.7055487903277435
70,4,700,6910.000000000002,4622.0372217882095,0.1584130155558727,3.580878162211349,0.3794336093758762,0.6688910595930837
70,2,455,4460.000000000002,4622.0372217882095,0.156272299129442,3.3072800788440953,0.5356135514674042,1.0363312156475801
70,0,620,6110.000000000002,4622.0372217882095,0.13757670900528043,3.1604546332728427,0.3289172915104703,0.7564709037296576
70,6,440,4310.000000000002,4622.0372217882095,0.09604681033252462,2.386519574904047,0.24581258621253094,1.0723984273290506
70,1,93,840.0049979958054,4622.0372217882095,0.1374339945768517,1.2087580458414333,0.9140819138058345,5.502392524825536
71,1,620,6110.000000000002,4131.350975592643,0.1374339945768517,3.0977997333780056,0.28787131331391597,0.6761621891313653
71,2,700,6910.000000000002,4131.350975592643,0.156272299129442,3.436353056007498,0.32106563485526224,0.597880025411381
71,4,455,4460.000000000002,4131.350975592643,0.1584130155558727,3.508996722347731,0.5149096805106226,0.9263118779355699
71,3,245,2360.000000000555,4131.350975592643,0.15612958470101326,2.377899698837236,0.649918388830993,1.750572447284607
71,6,440,4310.000000000002,4131.350975592643,0.09604681033252462,2.375996839725516,0.21874776625412357,0.9585501103463205
71,5,420,4110.000000000002,4131.350975592643,0.15812758669901528,3.4337444239296393,0.5457903841142229,1.0051948845724188
71,0,62,530.1310020508638,4131.350975592643,0.13757670900528043,0.8801254627903975,0.9436227248831198,7.793075597560049
72,5,700,6910.000000000002,4799.922934208736,0.15812758669901528,3.818410986429362,0.4194174843210243,0.6946342885975013
72,1,310,3010.0000000000014,4799.922934208736,0.1374339945768517,2.285740760881587,0.5009436912550304,1.5946587821291474
72,6,440,4310.000000000002,4799.922934208736,0.09604681033252462,2.520069228679494,0.26955811613763486,1.113671214433581
72,0,496,4870.000000000001,4799.922934208736,0.13757670900528043,2.8413719816377077,0.38528163956509426,0.9856104587697607
72,2,245,2360.000000000555,4799.922934208736,0.156272299129442,2.5368056710080276,0.8062903520988568,2.0338656500879693
72,4,490,4810.000000000001,4799.922934208736,0.1584130155558727,3.408833307532214,0.5388722433078512,0.9979049759269719
72,3,700,6910.000000000002,4799.922934208736,0.15612958470101326,3.6119169518113727,0.39172309552596757,0.6946342885975013
73,5,700,6910.000000000002,5348.276906804202,0.15812758669901528,3.772588508301009,0.4617244979867328,0.7739908692914906
73,6,330,3210.000000000001,5348.276906804202,0.09604681033252462,1.8396081047197634,0.2943859734009043,1.6661298775090967
73,3,630,6210.000000000002,5348.276906804202,0.15612958470101326,3.186962398175917,0.4285331551893526,0.8612362168766828
73,2,630,6210.000000000002,5348.276906804202,0.156272299129442,3.1931533474583143,0.4297580909397696,0.8612362168766828
73,0,62,530.1310020508638,5348.276906804202,0.13757670900528043,1.1165585886838447,1.5497338357356498,10.088594868275704
73,4,700,6910.000000000002,5348.276906804202,0.1584130155558727,3.777368018517929,0.46314395254432567,0.7739908692914906
73,1,620,6110.000000000002,5348.276906804202,0.1374339945768517,3.3615255213234763,0.4043926532337474,0.8753317359745009
74,2,35,262.252839954494,4300.484789781348,0.156272299129442,0.8503869863713861,2.1791936424470237,16.398239159307355
74,1,155,1460.0000072749747,4300.484789781348,0.1374339945768517,1.327786418004777,0.5375104964901648,2.9455375125702994
74,3,700,6910.000000000002,4300.484789781348,0.15612958470101326,3.8968911005674385,0.3786542560299835,0.6223566989553324
74,0,620,6110.000000000002,4300.484789781348,0.13757670900528043,2.783250771511595,0.2695091164413709,0.7038436644486655
74,5,595,5860.000000000002,4300.484789781348,0.15812758669901528,3.8416956341605215,0.44581060662832567,0.733871124536066
74,4,700,6910.000000000002,4300.484789781348,0.1584130155558727,4.050820439581657,0.39936796245056366,0.6223566989553324
74,6,132,1230.0000820831015,4300.484789781348,0.09604681033252462,1.6745108639594362,0.5623195616931385,3.496328864058399
75,4,700,6910.000000000002,4148.097616807264,0.1584130155558727,4.494036913923025,0.42736447410066963,0.6003035624901972
75,2,175,1660.0000008844675,4148.097616807264,0.156272299129442,1.1762958926787395,0.45934549565724775,2.4988539846970537
75,3,385,3760.0000000000014,4148.097616807264,0.15612958470101326,1.8619627027867833,0.3207135469665277,1.1032174512785273
75,0,310,3010.0000000000014,4148.097616807264,0.13757670900528043,3.137122301268125,0.5947833997055809,1.378105520533974
75,6,440,4310.000000000002,4148.097616807264,0.09604681033252462,2.8855808765286297,0.26673984579170323,0.9624356419506409
75,5,350,3410.000000000001,4148.097616807264,0.15812758669901528,3.7146093201399504,0.7145216229774738,1.216450914019725
75,1,620,6110.000000000002,4148.097616807264,0.1374339945768517,3.971057817441248,0.37051699893253365,0.6789030469406322
76,4,140,1310.0000353340838,4217.845372007821,0.1584130155558727,2.400271758079664,1.22425143963686,3.2197292047646107
76,6,220,2110.0000000077202,4217.845372007821,0.09604681033252462,1.577798578879391,0.3029302939436687,1.9989788492854923
76,3,700,6910.000000000002,4217.845372007821,0.15612958470101326,3.0484579600913975,0.2905213286364803,0.6103973041979479
76,0,620,6110.000000000002,4217.845372007821,0.13757670900528043,3.6303154949483125,0.34477735195740344,0.6903183914906416
76,2,700,6910.000000000002,4217.845372007821,0.156272299129442,3.03851338072713,0.2898382920108364,0.6103973041979479
76,1,527,5180.000000000002,4217.845372007821,0.1374339945768517,3.4367380729102908,0.38459310887484044,0.814255863321973
76,5,70,610.0563920873398,4217.845372007821,0.15812758669901528,1.8506268514057036,2.0232389372781503,6.913861450703342
77,1,434,4250.000000000002,4174.552362497573,0.1374339945768517,4.292091805618864,0.579407556936381,0.9822476147053109
77,3,105,960.0014115816389,4174.552362497573,0.15612958470101326,2.8013762707853345,1.9019307119834914,4.3484856502657
77,5,700,6910.000000000002,4174.552362497573,0.15812758669901528,2.382017018109362,0.2275539446219959,0.6041320350937152
77,2,35,262.252839954494,4174.552362497573,0.156272299129442,1.205594132478271,2.9989749647819144,15.91804444604657
77,4,700,6910.000000000002,4174.552362497573,0.1584130155558727,2.3917375387440245,0.22889496874946794,0.6041320350937152
77,0,620,6110.000000000002,4174.552362497573,0.13757670900528043,4.744353016756138,0.4459545666214878,0.6832327925527941
77,6,396,3870.0000000000014,4174.552362497573,0.09604681033252462,3.507878681768283,0.3634347579108425,1.0786957009037652
78,5,665,6560.000000000001,5947.405451691167,0.15812758669901528,6.150775678118805,0.8817820188215948,0.9066166847090193
78,3,665,6560.000000000001,5947.405451691167,0.15612958470101326,1.745576493056065,0.2470858052956032,0.9066166847090193
78,4,525,5160.000000000001,5947.405451691167,0.1584130155558727,5.903888544577191,1.0779704513918227,1.152597955754102
78,0,620,6110.000000000002,5947.405451691167,0.13757670900528043,4.782549215739145,0.6404580676428141,0.9733887809641842
78,1,620,6110.000000000002,5947.405451691167,0.1374339945768517,4.803213935486797,0.6425581502427357,0.9733887809641842
78,2,700,6910.000000000002,5947.405451691167,0.156272299129442,1.7556607130715316,0.23614137723728784,0.8606954343981427
78,6,330,3210.000000000001,5947.405451691167,0.09604681033252462,2.3377756195820085,0.4160143256727752,1.8527742840159396
79,3,630,6210.000000000002,4337.061740704283,0.15612958470101326,2.9541084503465567,0.32211848209878124,0.6983996361842644
79,0,217,2080.00000001059,4337.061740704283,0.13757670900528043,2.5160023302681562,0.721752380724677,2.085125836866443
79,2,35,262.252839954494,4337.061740704283,0.156272299129442,1.0268371823736582,2.6537438014747687,16.53771124635618
79,4,700,6910.000000000002,4337.061740704283,0.1584130155558727,4.182760535351212,0.4158832415077882,0.6276500348341941
79,5,700,6910.000000000002,4337.061740704283,0.15812758669901528,4.181585661441841,0.41501729752551464,0.6276500348341941
79,1,620,6110.000000000002,4337.061740704283,0.1374339945768517,3.494852663996908,0.3409395907486926,0.7098300721283604
79,6,22,138.8629381196525,4337.061740704283,0.09604681033252462,0.13889244714144575,0.4166494675531839,31.232680220025404
80,0,217,2080.00000001059,4465.233844289044,0.13757670900528043,3.0221860914247394,0.89257967203216,2.1467470405126488
80,2,525,5160.000000000001,4465.233844289044,0.156272299129442,2.426671035547634,0.3281613384507835,0.8653553961800472
80,6,44,350.8727963568088,4465.233844289044,0.09604681033252462,1.6522074814576755,2.0194915524661425,12.726075918830334
80,1,62,530.1310020508638,4465.233844289044,0.1374339945768517,1.5830762212812213,1.832554926854459,8.422887601394464
80,4,700,6910.000000000002,4465.233844289044,0.1584130155558727,4.908311915259811,0.5024457480787409,0.6461988197234505
80,5,700,6910.000000000002,4465.233844289044,0.15812758669901528,4.8990341560902015,0.5005924217369769,0.6461988197234505
80,3,700,6910.000000000002,4465.233844289044,0.15612958470101326,2.753117725708935,0.2777641214292321,0.6461988197234505
81,0,620,6110.000000000002,3601.3349706703702,0.13757670900528043,3.1690346955982847,0.25697697849298007,0.5894165254779655
81,2,280,2710.0000000000146,3601.3349706703702,0.156272299129442,4.739932876528337,0.9843474500946818,1.3289058932362918
81,1,434,4250.000000000002,3601.3349706703702,0.1374339945768517,3.0381337338669905,0.35381451431521893,0.8473729342753809
81,3,105,960.0014115816389,3601.3349706703702,0.15612958470101326,3.9946680382897695,2.3396858357158803,3.7513850784209097
81,4,70,610.0563920873398,3601.3349706703702,0.1584130155558727,2.805524347996991,2.6236049383752067,5.903282085690824
81,6,440,4310.000000000002,3601.3349706703702,0.09604681033252462,0.6788347050907391,0.05447951493416739,0.8355765593202712
81,5,700,6910.000000000002,3601.3349706703702,0.15812758669901528,4.403711024737557,0.36292085573385324,0.5211772750608349
82,0,465,4560.000000000002,5291.461395747112,0.13757670900528043,4.338575056212712,0.6926324282012123,1.1604082008217347
82,5,490,4810.000000000001,5291.461395747112,0.15812758669901528,3.658892933375093,0.6364845995882301,1.1000959242717487
82,1,620,6110.000000000002,5291.461395747112,0.1374339945768517,4.712484863972735,0.560891114065532,0.8660329616607382
82,4,595,5860.000000000002,5291.461395747112,0.1584130155558727,3.8897092532109587,0.55639858564135,0.902979760366401
82,3,420,4110.000000000002,5291.461395747112,0.15612958470101326,3.8917214145068963,0.7822773552094392,1.2874601936124355
82,2,700,6910.000000000002,5291.461395747112,0.156272299129442,4.481082277324193,0.5362440722474161,0.7657686535089885
82,6,440,4310.000000000002,5291.461395747112,0.09604681033252462,4.738256881131782,0.5587273239776138,1.227717261194225
83,6,440,4310.000000000002,3454.4515308638925,0.09604681033252462,1.9190439058058,0.14773033789122872,0.8014968749104155
83,5,315,3060.0000000000014,3454.4515308638925,0.15812758669901528,2.7111620223651904,0.48397261938929687,1.1289057290404871
83,3,70,610.0563920873398,3454.4515308638925,0.15612958470101326,1.8055446485344162,1.5962560578176828,5.662511819676713
83,0,124,1150.0001906837483,3454.4515308638925,0.13757670900528043,1.9084786496180588,0.7887028558089241,3.0038703983257613
83,4,700,6910.000000000002,3454.4515308638925,0.1584130155558727,3.4761485648820996,0.27528988009981936,0.49992062675309573
83,1,620,6110.000000000002,3454.4515308638925,0.1374339945768517,3.5345933976350237,0.27464489112067186,0.5653766826291148
83,2,245,2360.000000000555,3454.4515308638925,0.156272299129442,2.5451571096632075,0.5821886014572968,1.4637506486707967
84,3,525,5160.000000000001,4028.2156828697644,0.15612958470101326,2.593904443447713,0.3161565559441676,0.7806619540445279
84,4,35,262.252839954494,4028.2156828697644,0.1584130155558727,0.9168331753625025,2.230867091566852,15.36004599061249
84,0,620,6110.000000000002,4028.2156828697644,0.13757670900528043,4.075803389490828,0.36968314334770735,0.6592824358215652
84,2,700,6910.000000000002,4028.2156828697644,0.156272299129442,2.9409828667779387,0.26792248626237836,0.5829545127163188
84,1,31,223.43368382029254,4028.2156828697644,0.1374339945768517,0.6518628909286962,1.6151560852782758,18.028685800613903
84,5,525,5160.000000000001,4028.2156828697644,0.15812758669901528,3.984298308163652,0.49183848063993946,0.7806619540445279
84,6,440,4310.000000000002,4028.2156828697644,0.09604681033252462,3.411667239549689,0.30625631860435165,0.9346208080904321
85,2,700,6910.000000000002,4995.183388078716,0.156272299129442,5.2368242977786315,0.5915935010557589,0.7228919519650817
85,4,385,3760.0000000000014,4995.183388078716,0.1584130155558727,2.0532028980939683,0.43210204536704216,1.3285062202337006
85,3,490,4810.000000000001,4995.183388078716,0.15612958470101326,4.89146852593476,0.7931052571580709,1.0384996648812297
85,0,186,1770.0000002775555,4995.183388078716,0.13757670900528043,2.4114048781129402,0.9362529997890684,2.822137506946563
85,1,620,6110.000000000002,4995.183388078716,0.1374339945768517,3.5586955803322238,0.39984828300992414,0.8175422893745851
85,5,700,6910.000000000002,4995.183388078716,0.15812758669901528,2.6045879425862535,0.2977282593640687,0.7228919519650817
85,6,418,4090.0000000000014,4995.183388078716,0.09604681033252462,1.8874220562115402,0.22140126690971917,1.2213162318040867
86,2,245,2360.000000000555,4068.5004256362763,0.156272299129442,3.2027082355262824,0.8628230548065581,1.7239408583200508
86,3,665,6560.000000000001,4068.5004256362763,0.15612958470101326,4.171407918263423,0.4039228221845065,0.620198235615286
86,4,315,3060.0000000000014,4068.5004256362763,0.1584130155558727,2.571328516907658,0.5415784399397681,1.3295753024955146
86,6,440,4310.000000000002,4068.5004256362763,0.09604681033252462,2.1431217932799127,0.19430630581366756,0.9439676161569083
86,5,70,610.0563920873398,4068.5004256362763,0.15812758669901528,1.6115416360778019,1.6994702137761863,6.669056301034221
86,0,620,6110.000000000002,4068.5004256362763,0.13757670900528043,3.0036685133717427,0.2751630241775708,0.6658756834101923
86,1,620,6110.000000000002,4068.5004256362763,0.1374339945768517,3.0216798916052907,0.27652587781409116,0.6658756834101923
87,5,140,1310.0000353340838,3701.5458444546484,0.15812758669901528,1.0858460001894017,0.4851630348461649,2.825607438636945
87,3,70,610.0563920873398,3701.5458444546484,0.15612958470101326,1.751603147096869,1.6593349930245336,6.067547021005085
87,1,310,3010.0000000000014,3701.5458444546484,0.1374339945768517,3.3837852793948127,0.5718914495523584,1.2297494499849324
87,6,440,4310.000000000002,3701.5458444546484,0.09604681033252462,3.1607022125720494,0.26071882464766416,0.8588273421008461
87,4,420,4110.000000000002,3701.5458444546484,0.1584130155558727,2.093262124212698,0.2986453708310994,0.9006194268746099
87,2,700,6910.000000000002,3701.5458444546484,0.156272299129442,4.181780567232774,0.35006470615930546,0.535679572279978
87,0,620,6110.000000000002,3701.5458444546484,0.13757670900528043,4.307650940210066,0.3590271923391147,0.6058176504835757
88,3,210,2010.0000000221403,2986.2034411861637,0.15612958470101326,1.7229519561376752,0.3996517381718447,1.4856733538075972
88,6,440,4310.000000000002,2986.2034411861637,0.09604681033252462,2.4112282362255564,0.1604587441734879,0.6928546267253277
88,1,620,6110.000000000002,2986.2034411861637,0.1374339945768517,3.9933704726036106,0.26823284340800585,0.48874033407302175
88,0,186,1770.0000002775555,2986.2034411861637,0.13757670900528043,2.5123478406882853,0.5831372842300848,1.6871205879762114
88,5,700,6910.000000000002,2986.2034411861637,0.15812758669901528,3.746848050337803,0.25604427410515096,0.43215679322520445
88,2,35,262.252839954494,2986.2034411861637,0.156272299129442,0.7090346699572564,1.2616783912142893,11.386734426610323
88,4,35,262.252839954494,2986.2034411861637,0.1584130155558727,0.9059639990491369,1.6341841469300742,11.386734426610323
89,2,700,6910.000000000002,4671.348656946031,0.156272299129442,3.5581908330630982,0.3759027248595882,0.6760273020182388
89,3,700,6910.000000000002,4671.348656946031,0.15612958470101326,3.564628545349215,0.3762389214672946,0.6760273020182388
89,4,140,1310.0000353340838,4671.348656946031,0.1584130155558727,2.035939680369554,1.1500765381664795,3.565914909120378
89,5,385,3760.0000000000014,4671.348656946031,0.15812758669901528,3.056684796544414,0.6004996213627545,1.2423799619537312
89,0,434,4250.000000000002,4671.348656946031,0.13757670900528043,4.184434233188541,0.6327541698910851,1.0991408604578892
89,1,527,5180.000000000002,4671.348656946031,0.1374339945768517,4.438645630668369,0.5501196607358227,0.901804760028191
89,6,440,4310.000000000002,4671.348656946031,0.09604681033252462,3.9193972182640633,0.4080066482059716,1.0838395955791251
90,3,245,2360.000000000555,3920.2040817744655,0.15612958470101326,3.0824157860999315,0.799416482267915,1.6611034244803153
90,6,440,4310.000000000002,3920.2040817744655,0.09604681033252462,1.8856379731381043,0.16472998867215757,0.909560111780618
90,5,700,6910.000000000002,3920.2040817744655,0.15812758669901528,2.844176973474807,0.2551495978121735,0.5673233114000672
90,1,465,4560.000000000002,3920.2040817744655,0.1374339945768517,3.458174633515675,0.4085873572601136,0.8596938775821192
90,2,175,1660.0000008844675,3920.2040817744655,0.156272299129442,2.8250146667840412,1.04256537386703,2.3615687227022497
90,4,210,2010.0000000221403,3920.2040817744655,0.1584130155558727,1.9187291661996138,0.5928122338976287,1.9503502894185494
90,0,620,6110.000000000002,3920.2040817744655,0.13757670900528043,3.802698149372674,0.33566359069683155,0.6416045960351006
91,6,66,570.0859504455718,4116.6558999406,0.09604681033252462,1.0241558695272337,0.7103186767960439,7.221114459535575
91,5,700,6910.000000000002,4116.6558999406,0.15812758669901528,3.5418550916820757,0.3336606192066708,0.5957533863879303
91,2,420,4110.000000000002,4116.6558999406,0.156272299129442,2.4618279592524477,0.38533853909175164,1.0016194403748413
91,0,155,1460.0000072749747,4116.6558999406,0.13757670900528043,2.2715158290816215,0.8811551686331548,2.819627314676632
91,1,620,6110.000000000002,4116.6558999406,0.1374339945768517,4.040673383130882,0.37415475876169496,0.6737571030999343
91,4,140,1310.0000353340838,4116.6558999406,0.1584130155558727,2.024818785858087,1.007976210667739,3.1424853350410378
91,3,700,6910.000000000002,4116.6558999406,0.15612958470101326,3.0294978767093026,0.2817879234052298,0.5957533863879303
92,1,31,223.43368382029254,4614.965982238218,0.1374339945768517,0.5492993719378542,1.5592764878698608,20.65474597800585
92,3,700,6910.000000000002,4614.965982238218,0.15612958470101326,3.8594988546953055,0.40244503851863195,0.6678677253600893
92,5,595,5860.000000000002,4614.965982238218,0.15812758669901528,2.9831268162900093,0.3714926683723914,0.7875368570372383
92,6,352,3430.000000000001,4614.965982238218,0.09604681033252462,1.792462813022943,0.23163676190919777,1.3454711318478767
92,4,700,6910.000000000002,4614.965982238218,0.1584130155558727,3.165588616612605,0.3349159212746063,0.6678677253600893
92,2,210,2010.0000000221403,4614.965982238218,0.156272299129442,2.7799209133331146,0.9974402492165226,2.296002976212629
92,0,620,6110.000000000002,4614.965982238218,0.13757670900528043,3.506785839539433,0.364402589499261,0.7553135813810502
93,4,315,3060.0000000000014,4775.979734551164,0.1584130155558727,3.186543484511575,0.7878649122528076,1.5607776910297915
93,2,420,4110.000000000002,4775.979734551164,0.156272299129442,3.0430148132777735,0.5525947081340012,1.1620388648542974
93,1,620,6110.000000000002,4775.979734551164,0.1374339945768517,3.17238765018273,0.3408016472584889,0.781666077667948
93,3,700,6910.000000000002,4775.979734551164,0.15612958470101326,3.6318706883346845,0.39192233116811936,0.6911692814111668
93,6,374,3650.000000000001,4775.979734551164,0.09604681033252462,2.9056370823620203,0.3651690208714685,1.308487598507168
93,0,620,6110.000000000002,4775.979734551164,0.13757670900528043,3.1753938869635214,0.34147883088701414,0.781666077667948
93,5,350,3410.000000000001,4775.979734551164,0.15812758669901528,3.296975465900929,0.7301825579357544,1.4005805673170566
94,4,560,5510.000000000002,5181.243939771235,0.1584130155558727,2.979619044105568,0.4438477715636661,0.9403346533160133
94,3,595,5860.000000000002,5181.243939771235,0.15612958470101326,3.449642394614531,0.4762069231137723,0.884171320780074
94,0,62,530.1310020508638,5181.243939771235,0.13757670900528043,1.2145225407191447,1.6330569612772192,9.773516205856826
94,5,700,6910.000000000002,5181.243939771235,0.15812758669901528,3.203262517166706,0.3798010554890532,0.7498182257266619
94,2,700,6910.000000000002,5181.243939771235,0.156272299129442,3.610773681923785,0.4230953600214467,0.7498182257266619
94,1,620,6110.000000000002,5181.243939771235,0.1374339945768517,3.6424671815694976,0.42450484056370635,0.8479940981622314
94,6,330,3210.000000000001,5181.243939771235,0.09604681033252462,1.782614147771132,0.2763562578414166,1.6140946852869886
95,5,245,2360.000000000555,4245.570144141664,0.15812758669901528,2.737742985464219,0.778797117447353,1.7989704000596043
95,4,280,2710.0000000000146,4245.570144141664,0.1584130155558727,2.8672951700925626,0.7115902586149238,1.5666310494987605
95,1,310,3010.0000000000014,4245.570144141664,0.1374339945768517,2.081167927920065,0.4034324420805989,1.4104884199806187
95,0,341,3320.0000000000014,4245.570144141664,0.13757670900528043,2.1997856198785604,0.38701091343350735,1.2787861879944766
95,2,700,6910.000000000002,4245.570144141664,0.156272299129442,3.9412377354796986,0.37841871546863787,0.6144095722346835
95,6,440,4310.000000000002,4245.570144141664,0.09604681033252462,2.759045998352915,0.26103613960741295,0.9850510775270678
95,3,700,6910.000000000002,4245.570144141664,0.15612958470101326,3.9381101911550638,0.37777311005693304,0.6144095722346835
96,5,700,6910.000000000002,4256.64651138044,0.15812758669901528,3.1196152860529542,0.3038772737050596,0.616012519736677
96,4,700,6910.000000000002,4256.64651138044,0.1584130155558727,3.1225300315055353,0.3047102223282288,0.616012519736677
96,1,217,2080.00000001059,4256.64651138044,0.1374339945768517,2.2544583034992898,0.6340749968375083,2.0464646689224844
96,2,700,6910.000000000002,4256.64651138044,0.156272299129442,4.044074768465356,0.38930565912627657,0.616012519736677
96,3,105,960.0014115816389,4256.64651138044,0.15612958470101326,2.360685250379954,1.6342519264850577,4.434000262944877
96,6,110,1010.0008335248422,4256.64651138044,0.09604681033252462,1.087909348936292,0.4403738373289259,4.214498018308559
96,0,341,3320.0000000000014,4256.64651138044,0.13757670900528043,2.7099441436120943,0.47800755228783043,1.282122443186879
97,2,700,6910.000000000002,3875.0017272224304,0.156272299129442,2.9681630038391686,0.2601139249292607,0.5607817260813935
97,0,527,5180.000000000002,3875.0017272224304,0.13757670900528043,3.311288499935636,0.3407878306179587,0.7480698315101214
97,6,22,138.8629381196525,3875.0017272224304,0.09604681033252462,0.33075779239220743,0.8864996771373035,27.905226403055796
97,5,700,6910.000000000002,3875.0017272224304,0.15812758669901528,4.158661051171255,0.36876952243318295,0.5607817260813935
97,1,620,6110.000000000002,3875.0017272224304,0.1374339945768517,3.4770463160610436,0.3030646870687245,0.6342065020003976
97,3,70,610.0563920873398,3875.0017272224304,0.15612958470101326,1.1267988549350167,1.1174639461188338,6.351874642217763
97,4,35,262.252839954494,3875.0017272224304,0.1584130155558727,0.9299663801279656,2.1767563004760913,14.775823697065851
98,3,175,1660.0000008844675,4085.974713006647,0.15612958470101326,2.288490506096091,0.8794717744619557,2.461430548692525
98,5,700,6910.000000000002,4085.974713006647,0.15812758669901528,2.9356678989829716,0.2744935816621044,0.5913132725045798
98,6,440,4310.000000000002,4085.974713006647,0.09604681033252462,3.0006195073242554,0.2732198694437601,0.9480219751755558
98,2,700,6910.000000000002,4085.974713006647,0.156272299129442,3.7066056584304987,0.3425121747308022,0.5913132725045798
98,1,93,840.0049979958054,4085.974713006647,0.1374339945768517,1.744798871459016,1.1664156708178062,4.86422666859781
98,0,434,4250.000000000002,4085.974713006647,0.13757670900528043,3.8964367161444406,0.5153701822496478,0.961405814825093
98,4,350,3410.000000000001,4085.974713006647,0.1584130155558727,2.118655362956201,0.4021540748678469,1.1982330536676382
99,1,155,1460.0000072749747,4366.644793672157,0.1374339945768517,1.793839214573194,0.7373483130113596,2.990852583502589
99,2,700,6910.000000000002,4366.644793672157,0.156272299129442,3.336459843821067,0.32948657362727485,0.6319312291855508
99,5,700,6910.000000000002,4366.644793672157,0.15812758669901528,3.881063729729533,0.3878182436976152,0.6319312291855508
99,4,385,3760.0000000000014,4366.644793672157,0.1584130155558727,3.2398438419541176,0.5960393877287421,1.1613417004447222
99,3,700,6910.000000000002,4366.644793672157,0.15612958470101326,3.339235925608755,0.32945956964941875,0.6319312291855508
99,6,132,1230.0000820831015,4366.644793672157,0.09604681033252462,1.2344826263387774,0.42093075084379167,3.5501174815182956
99,0,155,1460.0000072749747,4366.644793672157,0.13757670900528043,1.7866860680395265,0.7351706743790428,2.990852583502589
100,1,372,3630.000000000001,4063.7414478560304,0.1374339945768517,2.229897374876741,0.3430824394197751,1.1194880021641955
100,0,62,530.1310020508638,4063.7414478560304,0.13757670900528043,0.8996046944863533,0.9487231445432546,7.665541973842405
100,6,440,4310.000000000002,4063.7414478560304,0.09604681033252462,2.217723336991803,0.20083486637620643,0.942863444978197
100,3,455,4460.000000000002,4063.7414478560304,0.15612958470101326,3.497494914028189,0.49754630571566155,0.9111527909991096
100,2,700,6910.000000000002,4063.7414478560304,0.156272299129442,3.9569592723264635,0.3636567080978202,0.5880957232787307
100,5,140,1310.0000353340838,4063.7414478560304,0.15812758669901528,2.351528657847135,1.1534869351129482,3.102092624615595
100,4,700,6910.000000000002,4063.7414478560304,0.1584130155558727,3.8248116048611713,0.3563271636012476,0.5880957232787307
101,2,700,6910.000000000002,4293.181328222584,0.156272299129442,4.21035865086204,0.40879189641816654,0.6212997580640496
101,4,105,960.0014115816389,4293.181328222584,0.1584130155558727,1.5724512327571216,1.1139749036175182,4.472057307863126
101,1,403,3940.000000000001,4293.181328222584,0.1374339945768517,2.626938240879303,0.3933933754610087,1.0896399310209601
101,3,420,4110.000000000002,4293.181328222584,0.15612958470101326,3.6026289196031356,0.587546367289625,1.0445696662342048
101,5,700,6910.000000000002,4293.181328222584,0.15812758669901528,3.4617548345887497,0.34009882758062004,0.6212997580640496
101,6,440,4310.000000000002,4293.181328222584,0.09604681033252462,2.8939993874518675,0.2768747448192037,0.9960977559681164
101,0,279,2700.0000000000164,4293.181328222584,0.13757670900528043,2.2094610402518584,0.48333331618859804,1.5900671586009474
102,6,264,2550.0000000000755,4240.208363203734,0.09604681033252462,1.8743951348607881,0.29935816837091295,1.6628268090994542
102,4,700,6910.000000000002,4240.208363203734,0.1584130155558727,3.0205524909549983,0.2936205173025033,0.6136336270917124
102,2,175,1660.0000008844675,4240.208363203734,0.156272299129442,2.6836299056973365,1.0712324861353202,2.5543423861111454
102,1,620,6110.000000000002,4240.208363203734,0.1374339945768517,3.554121364701614,0.3389787013191214,0.6939784555161592
102,0,620,6110.000000000002,4240.208363203734,0.13757670900528043,3.5611415027562696,0.3400009537146893,0.6939784555161592
102,3,350,3410.000000000001,4240.208363203734,0.15612958470101326,3.273201639712316,0.635463753760835,1.243462863109599
102,5,280,2710.0000000000146,4240.208363203734,0.15812758669901528,2.07059709765131,0.5122962197716543,1.564652532547495
103,4,700,6910.000000000002,3910.1750150547646,0.1584130155558727,3.60505416327274,0.32316238477326953,0.5658719269254361
103,3,490,4810.000000000001,3910.1750150547646,0.15612958470101326,2.621044219280032,0.33266772822731927,0.812926198556084
103,6,440,4310.000000000002,3910.1750150547646,0.09604681033252462,2.258618975178104,0.19680895046573313,0.9072331821472768
103,1,279,2700.0000000000164,3910.1750150547646,0.1374339945768517,2.9344728147298116,0.5840589620993216,1.448212968538793
103,2,700,6910.000000000002,3910.1750150547646,0.156272299129442,3.0125760364217804,0.266402421347171,0.5658719269254361
103,5,35,262.252839954494,3910.1750150547646,0.15812758669901528,0.9492400166471728,2.237997915263038,14.909943456601868
103,0,124,1150.0001906837483,3910.1750150547646,0.13757670900528043,2.0196979042170984,0.9447776594215549,3.400151623218355
104,3,700,6910.000000000002,4563.760525190555,0.15612958470101326,4.695269096692684,0.48416176818725404,0.6604573842533363
104,4,280,2710.0000000000146,4563.760525190555,0.1584130155558727,2.0186391343013215,0.5385215739062921,1.6840444742400482
104,0,341,3320.0000000000014,4563.760525190555,0.13757670900528043,3.3100881652914085,0.6259926611394496,1.3746266642140221
104,1,217,2080.00000001059,4563.760525190555,0.1374339945768517,2.7636331491693236,0.8333627332111954,2.1941156370996726
104,6,440,4310.000000000002,4563.760525190555,0.09604681033252462,3.7455403171517565,0.3809280910417325,1.0588771520163696
104,2,525,5160.000000000001,4563.760525190555,0.156272299129442,4.349764575582462,0.6012026686211756,0.8844497141842159
104,5,700,6910.000000000002,4563.760525190555,0.15812758669901528,3.084151431505563,0.32209808056221334,0.6604573842533363
105,3,35,262.252839954494,4972.087142416188,0.15612958470101326,1.0235215852939055,3.0297077808244954,18.959135555134285
105,5,665,6560.000000000001,4972.087142416188,0.15812758669901528,3.4638999508902093,0.41515270767012813,0.7579401131731992
105,0,620,6110.000000000002,4972.087142416188,0.13757670900528043,3.125747003028136,0.3499421544266079,0.8137622164347277
105,1,620,6110.000000000002,4972.087142416188,0.1374339945768517,3.1263661157528086,0.34964838458841196,0.8137622164347277
105,2,700,6910.000000000002,4972.087142416188,0.156272299129442,3.8720235112623564,0.4353922272776099,0.7195495140978562
105,4,490,4810.000000000001,4972.087142416188,0.1584130155558727,3.1496892205613376,0.5157654195088391,1.0336979506062758
105,6,396,3870.0000000000014,4972.087142416188,0.09604681033252462,1.8432047116176338,0.22744913274804396,1.2847770393840274
106,3,595,5860.000000000002,5217.591060505527,0.15612958470101326,2.674745482534003,0.37182628590239275,0.8903739011101579
106,4,420,4110.000000000002,5217.591060505527,0.1584130155558727,4.120560785221625,0.8286581420018492,1.2694868760354074
106,0,620,6110.000000000002,5217.591060505527,0.13757670900528043,4.70565191534408,0.5528324689602044,0.8539428904264362
106,2,700,6910.000000000002,5217.591060505527,0.156272299129442,2.8718700487809645,0.338874411206556,0.7550783010861831
106,6,110,1010.0008335248422,5217.591060505527,0.09604681033252462,2.7781595229200264,1.378441790930703,5.165927479778851
106,5,700,6910.000000000002,5217.591060505527,0.15812758669901528,4.7099870860950945,0.5623663799335027,0.7550783010861831
106,1,403,3940.000000000001,5217.591060505527,0.1374339945768517,4.128585588548805,0.7513966897043658,1.324261690483636
107,3,490,4810.000000000001,3735.20732318042,0.15612958470101326,3.5133804398372117,0.42597098644481984,0.7765503790395882
107,4,105,960.0014115816389,3735.20732318042,0.1584130155558727,2.5408509059051463,1.5660761799293634,3.8908352405717026
107,0,620,6110.000000000002,3735.20732318042,0.13757670900528043,3.567990723537044,0.3000835128567933,0.6113268941375481
107,1,341,3320.0000000000014,3735.20732318042,0.1374339945768517,2.990877466833005,0.46245493587421577,1.12506244674109
107,2,700,6910.000000000002,3735.20732318042,0.156272299129442,3.8243138282910585,0.3230518188497946,0.5405509874356612
107,6,440,4310.000000000002,3735.20732318042,0.09604681033252462,1.2781685835259797,0.10639189089891686,0.8666374299722549
107,5,35,262.252839954494,3735.20732318042,0.15812758669901528,1.1840211172896347,2.6666228953233992,14.242771684869274
108,0,31,223.43368382029254,3981.2060401830245,0.13757670900528043,1.6721067128624754,4.098971655662556,17.81828940073827
108,5,700,6910.000000000002,3981.2060401830245,0.15812758669901528,3.1768009785467606,0.2894238108930282,0.5761513806343015
108,1,217,2080.00000001059,3981.2060401830245,0.1374339945768517,4.0508330720057275,1.06558926331112,1.9140413654628627
108,6,396,3870.0000000000014,3981.2060401830245,0.09604681033252462,4.856092708511503,0.4798147619878945,1.028735410900006
108,4,35,262.252839954494,3981.2060401830245,0.1584130155558727,1.2284242085732655,2.9541577471064495,15.180792859569573
108,3,700,6910.000000000002,3981.2060401830245,0.15612958470101326,5.5421248078024705,0.49853782338680297,0.5761513806343015
108,2,700,6910.000000000002,3981.2060401830245,0.156272299129442,5.542538007161432,0.49903072826078826,0.5761513806343015
109,3,560,5510.000000000002,4204.397401994708,0.15612958470101326,5.4581663725186385,0.6502556495825104,0.7630485303075693
109,6,176,1670.0000007960207,4204.397401994708,0.09604681033252462,0.039478849610159565,0.009546292201998428,2.5176032335273315
109,4,70,610.0563920873398,4204.397401994708,0.1584130155558727,3.19189148623283,3.4847590668467787,6.891817636086302
109,0,620,6110.000000000002,4204.397401994708,0.13757670900528043,4.7784257001972055,0.4523684446942034,0.6881174144017523
109,1,620,6110.000000000002,4204.397401994708,0.1374339945768517,4.775623339044652,0.45163416149620755,0.6881174144017523
109,5,700,6910.000000000002,4204.397401994708,0.15812758669901528,8.032964875896653,0.772874934311592,0.6084511435592919
109,2,210,2010.0000000221403,4204.397401994708,0.156272299129442,5.219056009562758,1.7060103473154822,2.0917400009693514
110,0,465,4560.000000000002,5898.204652490368,0.13757670900528043,3.0223109451581047,0.5378226088696999,1.2934659325636766
110,4,665,6560.000000000001,5898.204652490368,0.1584130155558727,4.866109486162402,0.6930885679651305,0.8991165628796292
110,2,595,5860.000000000002,5898.204652490368,0.156272299129442,3.1200939187781316,0.4907630875316483,1.0065195652713936
110,1,620,6110.000000000002,5898.204652490368,0.1374339945768517,3.3605139175418017,0.4458394508634957,0.9653362770033332
110,3,630,6210.000000000002,5898.204652490368,0.15612958470101326,3.1812231744692148,0.4717452970108188,0.9497914094187385
110,5,700,6910.000000000002,5898.204652490368,0.15812758669901528,4.9192958946723016,0.6639759958397956,0.8535752029653207
110,6,440,4310.000000000002,5898.204652490368,0.09604681033252462,3.397743811314884,0.4465973523824212,1.3684929588144699
111,2,175,1660.0000008844675,4430.3125447365655,0.156272299129442,2.3048100602484687,0.9612656418363079,2.6688629773349657
111,6,396,3870.0000000000014,4430.3125447365655,0.09604681033252462,1.7605749585233779,0.19358017027342733,1.1447836032911018
111,1,620,6110.000000000002,4430.3125447365655,0.1374339945768517,3.2977895129452937,0.32863230839502877,0.725092069514986
111,3,700,6910.000000000002,4430.3125447365655,0.15612958470101326,3.372471678902626,0.3375902022905218,0.6411450860689674
111,0,310,3010.0000000000014,4430.3125447365655,0.13757670900528043,2.605425131927331,0.5275837181840934,1.471864632802845
111,4,245,2360.000000000555,4430.3125447365655,0.1584130155558727,2.9497765674353715,0.8772075179827533,1.8772510782777645
111,5,700,6910.000000000002,4430.3125447365655,0.15812758669901528,3.868577038523596,0.3922068827498409,0.6411450860689674
112,0,403,3940.000000000001,4749.166547877836,0.13757670900528043,3.1482604511767396,0.5220796296836188,1.2053722202735622
112,5,175,1660.0000008844675,4749.166547877836,0.15812758669901528,2.265342835420018,1.0248277859621362,2.8609437020165207
112,2,700,6910.000000000002,4749.166547877836,0.156272299129442,3.2456806965639537,0.3485998107162575,0.6872889360170528
112,6,374,3650.000000000001,4749.166547877836,0.09604681033252462,2.2836961765497237,0.2853946365523513,1.3011415199665302
112,1,620,6110.000000000002,4749.166547877836,0.1374339945768517,3.667612602621559,0.39179042301809686,0.7772776674104476
112,4,385,3760.0000000000014,4749.166547877836,0.1584130155558727,2.950115903388345,0.5902819389734544,1.2630762095419772
112,3,700,6910.000000000002,4749.166547877836,0.15612958470101326,3.2509581564084202,0.348847758549332,0.6872889360170528
113,4,420,4110.000000000002,4912.648779795099,0.1584130155558727,2.3435508426110867,0.44375078616026475,1.195291673916082
113,6,286,2770.000000000008,4912.648779795099,0.09604681033252462,1.8774961790654918,0.31981435674969705,1.773519415088478
113,3,700,6910.000000000002,4912.648779795099,0.15612958470101326,3.9238680678636184,0.43554924978225956,0.7109477250065264
113,5,700,6910.000000000002,4912.648779795099,0.15812758669901528,2.8589633663039833,0.3214059425253469,0.7109477250065264
113,2,210,2010.0000000221403,4912.648779795099,0.156272299129442,2.7973322668335228,1.0684291179448,2.4441038705179032
113,1,496,4870.000000000001,4912.648779795099,0.1374339945768517,3.503741005184147,0.4857501243785261,1.0087574496499174
113,0,620,6110.000000000002,4912.648779795099,0.13757670900528043,3.7904149901750213,0.4192819661902267,0.8040341701792303
114,5,595,5860.000000000002,4359.67858540296,0.15812758669901528,3.3598908449896157,0.3952661900786072,0.7439724548469213
114,1,62,530.1310020508638,4359.67858540296,0.1374339945768517,1.1971794460030774,1.353083790764969,8.223775950731264
114,6,440,4310.000000000002,4359.67858540296,0.09604681033252462,2.0801103764836077,0.20209079361550075,1.0115263539218
114,0,620,6110.000000000002,4359.67858540296,0.13757670900528043,3.7442797089892417,0.3675584935685733,0.7135316833720063
114,4,700,6910.000000000002,4359.67858540296,0.1584130155558727,3.557829693222396,0.3555923765235845,0.6309230948484745
114,3,70,610.0563920873398,4359.67858540296,0.15612958470101326,1.5542170116828784,1.7341288086421873,7.146353422322308
114,2,595,5860.000000000002,4359.67858540296,0.156272299129442,3.0029811738600345,0.3491334561116647,0.7439724548469213
115,6,198,1890.0000000783903,5048.096189672402,0.09604681033252462,2.942237630339224,0.754790646824939,2.6709503647952517
115,0,620,6110.000000000002,5048.096189672402,0.13757670900528043,3.882272899761748,0.4412831942288176,0.8262023223686417
115,3,630,6210.000000000002,5048.096189672402,0.15612958470101326,3.0526043228580844,0.3874286567900089,0.8128979371453141
115,2,560,5510.000000000002,5048.096189672402,0.156272299129442,2.9143349206743134,0.4172510946220312,0.9161699073815609
115,1,620,6110.000000000002,5048.096189672402,0.1374339945768517,3.880312016708604,0.4406027766704682,0.8262023223686417
115,5,700,6910.000000000002,5048.096189672402,0.15812758669901528,4.598758327543051,0.5312486071849936,0.7305493762188713
115,4,175,1660.0000008844675,5048.096189672402,0.1584130155558727,3.0098393665059726,1.4499522920051635,3.041021799387179
116,0,31,223.43368382029254,4791.9623335525575,0.13757670900528043,0.618579299068526,1.8251772560781003,21.446911010099655
116,2,525,5160.000000000001,4791.9623335525575,0.156272299129442,3.543467846728756,0.5142498717945473,0.9286748708435187
116,3,420,4110.000000000002,4791.9623335525575,0.15612958470101326,3.3878378646697564,0.6167077356085197,1.1659275750736144
116,4,700,6910.000000000002,4791.9623335525575,0.1584130155558727,3.0612297533526003,0.3362963357994457,0.6934822479815567
116,1,527,5180.000000000002,4791.9623335525575,0.1374339945768517,3.588137578991967,0.4561911883336467,0.9250892535815745
116,5,700,6910.000000000002,4791.9623335525575,0.15812758669901528,3.050073390515364,0.3344670044970118,0.6934822479815567
116,6,440,4310.000000000002,4791.9623335525575,0.09604681033252462,1.6971568102103751,0.18123457071031043,1.1118242073207785
117,4,245,2360.000000000555,3809.3979758648893,0.1584130155558727,2.825082805114435,0.7223811200053412,1.614151684688133
117,1,496,4870.000000000001,3809.3979758648893,0.1374339945768517,2.8297127562503177,0.30420329070282226,0.782217243504084
117,3,700,6910.000000000002,3809.3979758648893,0.15612958470101326,3.863916566329859,0.3325762590867149,0.5512876954941951
117,0,31,223.43368382029254,3809.3979758648893,0.13757670900528043,0.3341762084597241,0.7838413036553071,17.049345070677813
117,6,440,4310.000000000002,3809.3979758648893,0.09604681033252462,3.121715804034836,0.2650058043786803,0.8838510384837327
117,2,105,960.0014115816389,3809.3979758648893,0.156272299129442,1.867818061104796,1.1582466354350047,3.9681170568163657
117,5,700,6910.000000000002,3809.3979758648893,0.15812758669901528,4.007422828993707,0.34934224761860705,0.5512876954941951
118,2,105,960.0014115816389,3610.1629160775337,0.156272299129442,1.800004847757268,1.057817154359992,3.7605808413652775
118,5,280,2710.0000000000146,3610.1629160775337,0.15812758669901528,2.9384774224408243,0.618995527404141,1.3321634376669795
118,1,155,1460.0000072749747,3610.1629160775337,0.1374339945768517,1.926750620081807,0.6547773077408371,2.472714313759315
118,3,700,6910.000000000002,3610.1629160775337,0.15612958470101326,3.2424323559826638,0.26448733611039815,0.5224548359012349
118,6,440,4310.000000000002,3610.1629160775337,0.09604681033252462,2.1065977779515688,0.16947830002798175,0.8376248065145087
118,4,700,6910.000000000002,3610.1629160775337,0.1584130155558727,3.857190500837166,0.31923514934661035,0.5224548359012349
118,0,186,1770.0000002775555,3610.1629160775337,0.13757670900528043,2.071612221636914,0.5813088238339832,2.0396400652606896
119,3,665,6560.000000000001,4821.722563151192,0.15612958470101326,3.278661798783535,0.37625320115244654,0.7350186834071938
119,1,248,2390.0000000004047,4821.722563151192,0.1374339945768517,2.2661314464155247,0.6283239063730779,2.0174571393934624
119,5,420,4110.000000000002,4821.722563151192,0.15812758669901528,3.410894762748767,0.6327561270079447,1.173168506849438
119,2,700,6910.000000000002,4821.722563151192,0.156272299129442,3.335116050847992,0.3636780776148824,0.6977890829451795
119,0,620,6110.000000000002,4821.722563151192,0.13757670900528043,3.350385078188502,0.3637480299215325,0.7891526289936482
119,6,440,4310.000000000002,4821.722563151192,0.09604681033252462,2.8435477631586332,0.3055402446168519,1.1187291329817146
119,4,315,3060.0000000000014,4821.722563151192,0.1584130155558727,3.1091338275967635,0.7760881792577977,1.5757263278271862
120,5,665,6560.000000000001,4616.76916593157,0.15812758669901528,3.268755638709991,0.36376793916204553,0.7037757874895685
120,4,700,6910.000000000002,4616.76916593157,0.1584130155558727,3.3203274052427973,0.3514243778902098,0.6681286781377089
120,1,620,6110.000000000002,4616.76916593157,0.1374339945768517,3.3540985606795837,0.34831079975219165,0.7556087014617952
120,3,245,2360.000000000555,4616.76916593157,0.15612958470101326,2.8149018567114865,0.8597548211063482,1.956258121156985
120,6,440,4310.000000000002,4616.76916593157,0.09604681033252462,2.048317750404687,0.21073718082389623,1.0711761405873708
120,2,105,960.0014115816389,4616.76916593157,0.156272299129442,2.2340904098981533,1.6789935785517944,4.809127476516172
120,0,527,5180.000000000002,4616.76916593157,0.13757670900528043,3.1836226510604173,0.39036862363470715,0.891268178751268
121,1,62,530.1310020508638,3467.511938911888,0.1374339945768517,1.2683382318639707,1.1401553144048728,6.540858628334276
121,5,175,1660.0000008844675,3467.511938911888,0.15812758669901528,2.920392272089744,0.9646254375000998,2.088862612689372
121,6,440,4310.000000000002,3467.511938911888,0.09604681033252462,2.931791386360332,0.2265461605046642,0.8045271319981175
121,2,700,6910.000000000002,3467.511938911888,0.156272299129442,2.4876741572733563,0.19508119801043247,0.5018107002766841
121,4,280,2710.0000000000146,3467.511938911888,0.1584130155558727,3.3741733949999997,0.6839225639697485,1.2795247007054869
121,3,245,2360.000000000555,3467.511938911888,0.15612958470101326,1.3651492520662583,0.31316361815842675,1.4692847198775734
121,0,620,6110.000000000002,3467.511938911888,0.13757670900528043,4.209722070478979,0.32868137528795277,0.5675142289544823
122,1,620,6110.000000000002,3843.18563344229,0.1374339945768517,3.398935384578328,0.29382397523838566,0.6289992853424368
122,6,154,1450.0000080833054,3843.18563344229,0.09604681033252462,1.4976820179976942,0.38126410520739523,2.650472835874282
122,0,124,1150.0001906837483,3843.18563344229,0.13757670900528043,1.6461403540336976,0.7568420053842216,3.3418999966924106
122,5,700,6910.000000000002,3843.18563344229,0.15812758669901528,3.195531515141299,0.2810373636639368,0.5561773709757293
122,3,105,960.0014115816389,3843.18563344229,0.15612958470101326,2.1970265739207857,1.3732196365331502,4.0033124817082255
122,2,245,2360.000000000555,3843.18563344229,0.156272299129442,2.8966928953441857,0.7371634859853807,1.6284684887463503
122,4,700,6910.000000000002,3843.18563344229,0.1584130155558727,3.1992639303883728,0.28187349851085786,0.5561773709757293
123,4,175,1660.0000008844675,4092.1093194304367,0.1584130155558727,2.8829119370335774,1.1258003430446324,2.4651260947289835
123,3,700,6910.000000000002,4092.1093194304367,0.15612958470101326,2.7639602062135524,0.2555560520998371,0.592201059251872
123,2,700,6910.000000000002,4092.1093194304367,0.156272299129442,2.7723013716235925,0.2565615799458821,0.592201059251872
123,0,434,4250.000000000002,4092.1093194304367,0.13757670900528043,3.2764994672988297,0.4340235704145827,0.9628492516306906
123,6,440,4310.000000000002,4092.1093194304367,0.09604681033252462,2.6774193338215144,0.24415706683615382,0.9494453177332796
123,1,186,1770.0000002775555,4092.1093194304367,0.1374339945768517,2.279164674346649,0.7241755126099864,2.3119261688072026
123,5,280,2710.0000000000146,4092.1093194304367,0.15812758669901528,3.3314893965076657,0.7954703829745453,1.510003438904212
124,6,286,2770.000000000008,4510.078723688407,0.09604681033252462,2.0061119643166294,0.31372018921540457,1.6281872648694562
124,0,31,223.43368382029254,4510.078723688407,0.13757670900528043,0.47843055250085365,1.3286154515751816,20.18531246755014
124,5,700,6910.000000000002,4510.078723688407,0.15812758669901528,3.0447853637230033,0.314246465325753,0.6526886720243713
124,1,589,5800.000000000002,4510.078723688407,0.1374339945768517,3.4094597733936127,0.3643643425508882,0.7775997799462768
124,2,105,960.0014115816389,4510.078723688407,0.156272299129442,2.299766499949255,1.6884103124805405,4.697991762593224
124,3,700,6910.000000000002,4510.078723688407,0.15612958470101326,4.066779896181884,0.41442118450416365,0.6526886720243713
124,4,700,6910.000000000002,4510.078723688407,0.1584130155558727,3.0513115901168875,0.3154884723492822,0.6526886720243713
125,2,700,6910.000000000002,4554.876579252881,0.156272299129442,3.1843928799147747,0.3280252024161586,0.6591717191393459
125,1,155,1460.0000072749747,4554.876579252881,0.1374339945768517,1.7886897991939308,0.7669251069545138,3.1197784633949124
125,6,308,2990.000000000002,4554.876579252881,0.09604681033252462,2.8044131643437025,0.410327259022403,1.5233700933956116
125,5,700,6910.000000000002,4554.876579252881,0.15812758669901528,4.49944740467701,0.46899195045770775,0.6591717191393459
125,4,700,6910.000000000002,4554.876579252881,0.1584130155558727,4.503547838225662,0.4702666792538802,0.6591717191393459
125,0,124,1150.0001906837483,4554.876579252881,0.13757670900528043,1.5499399856799123,0.844575541145201,3.9607615860869703
125,3,420,4110.000000000002,4554.876579252881,0.15612958470101326,2.573249982725864,0.44524799740737947,1.1082424767038634
126,3,455,4460.000000000002,5011.6269707669735,0.15612958470101326,3.4403912078731698,0.6035828796411534,1.1236831773020115
126,1,124,1150.0001906837483,5011.6269707669735,0.1374339945768517,1.4053781669988494,0.8417210676975827,4.357935773721257
126,0,620,6110.000000000002,5011.6269707669735,0.13757670900528043,2.6279969114373434,0.2965563955155303,0.8202335467703719
126,5,700,6910.000000000002,5011.6269707669735,0.15812758669901528,4.110828910474422,0.4714522746688082,0.7252716310806038
126,2,700,6910.000000000002,5011.6269707669735,0.156272299129442,3.861898896705716,0.43770710068659086,0.7252716310806038
126,6,176,1670.0000007960207,5011.6269707669735,0.09604681033252462,1.2612850345015723,0.3635452343271308,3.000974232561758
126,4,630,6210.000000000002,5011.6269707669735,0.1584130155558727,3.981230280536802,0.5089736480762705,0.8070252770961308
127,5,700,6910.000000000002,4140.706353643525,0.15812758669901528,3.9434286517635697,0.373661210020805,0.5992339151437807
127,2,700,6910.000000000002,4140.706353643525,0.156272299129442,3.705370397088255,0.3469844517004482,0.5992339151437807
127,3,35,262.252839954494,4140.706353643525,0.15612958470101326,0.9583683085794604,2.362500349017833,15.788985752688204
127,6,440,4310.000000000002,4140.706353643525,0.09604681033252462,2.1662670482511466,0.1998904763300064,0.9607207317038338
127,0,310,3010.0000000000014,4140.706353643525,0.13757670900528043,2.1426095423172073,0.4055046963108604,1.3756499513765859
127,4,630,6210.000000000002,4140.706353643525,0.1584130155558727,3.8164651013420725,0.40312059773399694,0.6667804112147382
127,1,93,840.0049979958054,4140.706353643525,0.1374339945768517,1.1984762186018667,0.811925446867167,4.929382995961891
128,4,700,6910.000000000002,4063.0820817663976,0.1584130155558727,4.8914439932665665,0.4556228487604154,0.5880003012686537
128,6,440,4310.000000000002,4063.0820817663976,0.09604681033252462,3.8914762730814196,0.35235112248674016,0.9427104598065884
128,1,527,5180.000000000002,4063.0820817663976,0.1374339945768517,3.7541302566905106,0.40469640182126126,0.784378780263783
128,2,700,6910.000000000002,4063.0820817663976,0.156272299129442,3.195695031583137,0.2936465330755414,0.5880003012686537
128,3,315,3060.0000000000014,4063.0820817663976,0.15612958470101326,2.283263871995876,0.4733424767444787,1.3278046018844432
128,0,186,1770.0000002775555,4063.0820817663976,0.13757670900528043,2.531314275814276,0.7994168800884379,2.295526599508057
128,5,35,262.252839954494,4063.0820817663976,0.15812758669901528,1.132485969230792,2.7744433976843146,15.492995547622751
129,4,490,4810.000000000001,4552.984231403278,0.1584130155558727,2.2615128381907748,0.33911030589406205,0.9465663682751095
129,2,385,3760.0000000000014,4552.984231403278,0.156272299129442,4.32272880423671,0.8179905622547328,1.2109000615434244
129,1,93,840.0049979958054,4552.984231403278,0.1374339945768517,1.9425734199484992,1.4470578306884467,5.420187073013121
129,5,700,6910.000000000002,4552.984231403278,0.15812758669901528,2.6039091055315438,0.27130110460186335,0.6588978627211688
129,0,620,6110.000000000002,4552.984231403278,0.13757670900528043,3.8584880148169263,0.39556422593850565,0.7451692686421074
129,6,88,790.008464149783,4552.984231403278,0.09604681033252462,0.6877340357757813,0.3806868423374606,5.763209431310659
129,3,700,6910.000000000002,4552.984231403278,0.15612958470101326,4.867207274269282,0.5007064025485984,0.6588978627211688
130,1,620,6110.000000000002,4563.674282480439,0.1374339945768517,2.915662269119482,0.29929869046459523,0.7469188678364055
130,2,665,6560.000000000001,4563.674282480439,0.156272299129442,3.9732885954637664,0.4319593843240805,0.6956820552561643
130,6,88,790.008464149783,4563.674282480439,0.09604681033252462,1.1089635124205082,0.6152945947624181,5.776740996556185
130,5,280,2710.0000000000146,4563.674282480439,0.15812758669901528,2.665337624641688,0.7097497079119519,1.6840126503617765
130,4,700,6910.000000000002,4563.674282480439,0.1584130155558727,3.649372038823744,0.3818085017333145,0.6604449033980373
130,3,175,1660.0000008844675,4563.674282480439,0.15612958470101326,2.665419723360488,1.1440825556643455,2.7492013735234093
130,0,620,6110.000000000002,4563.674282480439,0.13757670900528043,2.90580537821149,0.2985966079876958,0.7469188678364055
131,1,31,223.43368382029254,4304.382280225993,0.1374339945768517,0.5716782585847053,1.5135892498147696,19.264697276745448
131,4,210,2010.0000000221403,4304.382280225993,0.1584130155558727,2.5143613873683566,0.8529691763777429,2.1414837214818805
131,6,440,4310.000000000002,4304.382280225993,0.09604681033252462,1.9184760536707681,0.1840233337891298,0.9986965847392091
131,3,560,5510.000000000002,4304.382280225993,0.15612958470101326,2.950148240901048,0.35982246942890495,0.7811946062116137
131,0,620,6110.000000000002,4304.382280225993,0.13757670900528043,3.7450486487457675,0.3629710641176624,0.7044815515918154
131,5,490,4810.000000000001,4304.382280225993,0.15812758669901528,3.190027192985184,0.4514064773183553,0.8948819709409547
131,2,700,6910.000000000002,4304.382280225993,0.156272299129442,3.1739748405541404,0.3089713916931316,0.6229207351991305
132,5,700,6910.000000000002,4150.828114097977,0.15812758669901528,3.491946601333102,0.3316896644666577,0.6006987140518055
132,2,700,6910.000000000002,4150.828114097977,0.156272299129442,4.06210187151075,0.3813199387423311,0.6006987140518055
132,4,70,610.0563920873398,4150.828114097977,0.1584130155558727,1.2030913536425147,1.2967439622558805,6.804007249060537
132,3,350,3410.000000000001,4150.828114097977,0.15612958470101326,3.2804384691854107,0.6234440310239774,1.2172516463630427
132,0,186,1770.0000002775555,4150.828114097977,0.13757670900528043,1.8947738853089722,0.6113132231886167,2.3451006290661476
132,6,286,2770.000000000008,4150.828114097977,0.09604681033252462,2.6801665734076625,0.3857444743881908,1.4984939040064855
132,1,620,6110.000000000002,4150.828114097977,0.1374339945768517,3.3493797716878877,0.31271743994681855,0.6793499368409126
133,3,385,3760.0000000000014,5377.862145745959,0.15612958470101326,3.349774083499323,0.7480360758183435,1.4302824855707335
133,6,132,1230.0000820831015,5377.862145745959,0.09604681033252462,1.3152487721356931,0.5523258591926059,4.372245355169513
133,1,620,6110.000000000002,5377.862145745959,0.1374339945768517,3.7204098092792908,0.4500423726384811,0.8801738372742975
133,4,700,6910.000000000002,5377.862145745959,0.1584130155558727,2.9037898699665488,0.35800382373863443,0.7782723799921791
133,5,630,6210.000000000002,5377.862145745959,0.15812758669901528,2.7772622547198633,0.3803142514651545,0.86600034553075
133,2,595,5860.000000000002,5377.862145745959,0.156272299129442,3.7936940059907065,0.5440719667743283,0.9177239156563067
133,0,620,6110.000000000002,5377.862145745959,0.13757670900528043,3.71508981517317,0.44986550071868187,0.8801738372742975
134,4,420,4110.000000000002,5060.00285428857,0.1584130155558727,3.066103762045392,0.5979799867882901,1.2311442467855396
134,1,341,3320.0000000000014,5060.00285428857,0.1374339945768517,2.9889525024575025,0.6260742781572347,1.5240972452676411
134,6,308,2990.000000000002,5060.00285428857,0.09604681033252462,1.4375776900339443,0.23366509627891582,1.6923086469192532
134,0,310,3010.0000000000014,5060.00285428857,0.13757670900528043,2.88823272650646,0.6679767821041481,1.6810640711922153
134,5,700,6910.000000000002,5060.00285428857,0.15812758669901528,3.5232990738879555,0.40797153919859225,0.7322724825309073
134,2,700,6910.000000000002,5060.00285428857,0.156272299129442,3.3590675841116964,0.38439121890869027,0.7322724825309073
134,3,700,6910.000000000002,5060.00285428857,0.15612958470101326,3.3591716544886694,0.38405207500325117,0.7322724825309073
135,1,341,3320.0000000000014,4163.981952942819,0.1374339945768517,2.5696633994530824,0.4429361875518325,1.2542114316092823
135,0,403,3940.000000000001,4163.981952942819,0.13757670900528043,2.752221152002639,0.4001666222094949,1.0568482114068065
135,4,280,2710.0000000000146,4163.981952942819,0.1584130155558727,2.6525784185276082,0.6456522084400101,1.5365247058829508
135,6,440,4310.000000000002,4163.981952942819,0.09604681033252462,2.0455822299726774,0.1898154056751112,0.9661211027709552
135,3,105,960.0014115816389,4163.981952942819,0.15612958470101326,2.1942928705530855,1.485992999610299,4.337474823169791
135,5,700,6910.000000000002,4163.981952942819,0.15812758669901528,3.524120115407171,0.33580652956922147,0.6026023086747927
135,2,700,6910.000000000002,4163.981952942819,0.156272299129442,3.7131036363021894,0.3496631485407438,0.6026023086747927
136,6,220,2110.0000000077202,4354.222371198857,0.09604681033252462,2.1522481483609863,0.4265828968040208,2.06361249819096
136,5,350,3410.000000000001,4354.222371198857,0.15812758669901528,3.0796868069084002,0.6218282111498302,1.2768980560700458
136,2,700,6910.000000000002,4354.222371198857,0.156272299129442,3.061005478159352,0.30142458103904063,0.6301334835309488
136,0,217,2080.00000001059,4354.222371198857,0.13757670900528043,2.4700570460904303,0.7113759353857307,2.0933761399887922
136,3,700,6910.000000000002,4354.222371198857,0.15612958470101326,3.051623019869909,0.30022623794257774,0.6301334835309488
136,4,700,6910.000000000002,4354.222371198857,0.1584130155558727,3.859500497383752,0.3852605319462675,0.6301334835309488
136,1,62,530.1310020508638,4354.222371198857,0.1374339945768517,1.0011778624632248,1.1301414664227432,8.213483750910852
137,2,315,3060.0000000000014,4575.827030112748,0.156272299129442,3.2995516633796456,0.7710545555731816,1.4953683104943614
137,1,620,6110.000000000002,4575.827030112748,0.1374339945768517,2.700003567889713,0.2778989442397357,0.7489078609022498
137,6,330,3210.000000000001,4575.827030112748,0.09604681033252462,1.9545435087698344,0.26760415738068616,1.4254912866394849
137,0,620,6110.000000000002,4575.827030112748,0.13757670900528043,2.7164176909467312,0.2798787050097279,0.7489078609022498
137,5,700,6910.000000000002,4575.827030112748,0.15812758669901528,3.7857944861463912,0.3964206135005739,0.6622036223028577
137,4,280,2710.0000000000146,4575.827030112748,0.1584130155558727,2.8787742840357735,0.7700142889560396,1.6884970590821857
137,3,385,3760.0000000000014,4575.827030112748,0.15612958470101326,3.4824844459479776,0.6616923967722728,1.216975273966156
138,5,700,6910.000000000002,4985.917996140137,0.15812758669901528,3.488236876236852,0.39799782235048603,0.721551084824911
138,0,465,4560.000000000002,4985.917996140137,0.13757670900528043,3.275207020375139,0.49267889796637854,1.093403069328977
138,4,560,5510.000000000002,4985.917996140137,0.1584130155558727,3.248700111333843,0.4656868956185032,0.9048852987550154
138,1,155,1460.0000072749747,4985.917996140137,0.1374339945768517,2.058826378948302,0.9662870674532209,3.415012309106855
138,3,700,6910.000000000002,4985.917996140137,0.15612958470101326,3.3621542386939143,0.3787650700551483,0.721551084824911
138,6,44,350.8727963568088,4985.917996140137,0.09604681033252462,0.48906353994411483,0.6674883144832332,14.210044346298845
138,2,700,6910.000000000002,4985.917996140137,0.156272299129442,3.358893037772098,0.378743562460504,0.721551084824911
139,3,700,6910.000000000002,3726.260126254881,0.15612958470101326,3.7891539459717607,0.3190234274235338,0.5392561687778408
139,5,245,2360.000000000555,3726.260126254881,0.15812758669901528,2.79008415489361,0.6966042373777958,1.5789237823110192
139,2,35,262.252839954494,3726.260126254881,0.156272299129442,1.05794778734384,2.3490875634582156,14.208655002178281
139,4,700,6910.000000000002,3726.260126254881,0.1584130155558727,3.745082694288793,0.31992442264606663,0.5392561687778408
139,1,186,1770.0000002775555,3726.260126254881,0.1374339945768517,1.9267419569148063,0.5574650275170602,2.1052317094183968
139,0,620,6110.000000000002,3726.260126254881,0.13757670900528043,3.0186612022661197,0.2532743726990917,0.6098625411219116
139,6,66,570.0859504455718,3726.260126254881,0.09604681033252462,0.5520779806279968,0.3465901401895758,6.536312854829143
140,5,700,6910.000000000002,4970.418966368104,0.15812758669901528,4.301866120984613,0.48930480869220244,0.719308099329682
140,1,620,6110.000000000002,4970.418966368104,0.1374339945768517,4.119644259496183,0.46058063324311876,0.8134891925316042
140,6,88,790.008464149783,4970.418966368104,0.09604681033252462,2.1422084642643164,1.294511554364334,6.2916021687404715
140,4,665,6560.000000000001,4970.418966368104,0.1584130155558727,4.244581949920998,0.5094656910444096,0.7576858180439181
140,2,175,1660.0000008844675,4970.418966368104,0.156272299129442,1.6194005287693207,0.7577416999840039,2.9942282913974734
140,3,700,6910.000000000002,4970.418966368104,0.15612958470101326,3.1137886594414343,0.34969489113127256,0.719308099329682
140,0,434,4250.000000000002,4970.418966368104,0.13757670900528043,3.6574702613364476,0.5884773986303616,1.1695103450277886
141,3,700,6910.000000000002,4172.156500659766,0.15612958470101326,3.386163066946788,0.3192093592524762,0.6037853112387503
141,5,140,1310.0000353340838,4172.156500659766,0.15812758669901528,2.9342289382286237,1.4777158180762322,3.1848522046762833
141,0,248,2390.0000000004047,4172.156500659766,0.13757670900528043,2.912723801271214,0.6995309125174007,1.7456721760079745
141,1,217,2080.00000001059,4172.156500659766,0.1374339945768517,2.8232382556525923,0.7782855292406049,2.005844471460829
141,2,700,6910.000000000002,4172.156500659766,0.156272299129442,3.387306684120332,0.31960904702202086,0.6037853112387503
141,6,110,1010.0008335248422,4172.156500659766,0.09604681033252462,0.4607783141432172,0.18281584609423548,4.13084461138432
141,4,700,6910.000000000002,4172.156500659766,0.1584130155558727,3.932172040303312,0.3761022360940089,0.6037853112387503
142,0,62,530.1310020508638,4658.772125870936,0.13757670900528043,0.881100143906314,1.0652669530249894,8.787963933156181
142,2,700,6910.000000000002,4658.772125870936,0.156272299129442,4.083660480643943,0.4302541321098884,0.6742072541057793
142,3,525,5160.000000000001,4658.772125870936,0.15612958470101326,3.7399362068139514,0.5271948578776512,0.9028628150912665
142,6,418,4090.0000000000014,4658.772125870936,0.09604681033252462,2.7887446317749744,0.3050983467894072,1.1390640894549962
142,1,620,6110.000000000002,4658.772125870936,0.1374339945768517,3.414738081724462,0.35783418331430683,0.762483162990333
142,5,245,2360.000000000555,4658.772125870936,0.15812758669901528,2.0996756681210496,0.6554194478293199,1.9740559855380682
142,4,700,6910.000000000002,4658.772125870936,0.1584130155558727,3.2604891496228494,0.3482306885451532,0.6742072541057793
143,1,620,6110.000000000002,4739.920300511189,0.1374339945768517,2.978679353354373,0.3175760581354079,0.7757643699690979
143,5,665,6560.000000000001,4739.920300511189,0.15812758669901528,3.5406821717887373,0.40454029516914236,0.7225488262974373
143,0,620,6110.000000000002,4739.920300511189,0.13757670900528043,2.9722903383321073,0.3172239548709736,0.7757643699690979
143,3,455,4460.000000000002,4739.920300511189,0.15612958470101326,3.4646750238634443,0.5748888564168425,1.062762399217755
143,6,440,4310.000000000002,4739.920300511189,0.09604681033252462,2.175076875381741,0.2297477818092614,1.0997494896777698
143,4,490,4810.000000000001,4739.920300511189,0.1584130155558727,3.2103584883289993,0.5011530240336268,0.985430415906692
143,2,105,960.0014115816389,4739.920300511189,0.156272299129442,2.2595949086323865,1.7434590725987513,4.937409719744047
144,5,700,6910.000000000002,4511.625527501466,0.15812758669901528,4.0894799849618355,0.42221215092848063,0.6529125220696765
144,4,350,3410.000000000001,4511.625527501466,0.1584130155558727,3.3362657502158046,0.699246280111791,1.323057339443245
144,1,620,6110.000000000002,4511.625527501466,0.1374339945768517,4.031539979539461,0.4091259018143452,0.7384002500002398
144,3,700,6910.000000000002,4511.625527501466,0.15612958470101326,2.677926210933049,0.27298501535445807,0.6529125220696765
144,0,31,223.43368382029254,4511.625527501466,0.13757670900528043,0.5350380267019862,1.4863256255316828,20.192235344112937
144,6,308,2990.000000000002,4511.625527501466,0.09604681033252462,2.4252435049376544,0.3514796245991002,1.5089048586961418
144,2,420,4110.000000000002,4511.625527501466,0.156272299129442,2.0915116612484757,0.35878437013599546,1.097719106448045
145,6,440,4310.000000000002,5420.184101612676,0.09604681033252462,2.247303915035958,0.27144479784521375,1.2575833182395995
145,3,560,5510.000000000002,5420.184101612676,0.15612958470101326,3.705723428447637,0.5691420146811698,0.983699473976892
145,1,620,6110.000000000002,5420.184101612676,0.1374339945768517,2.899475833211125,0.35349761718422795,0.8871005076289157
145,5,595,5860.000000000002,5420.184101612676,0.15812758669901528,3.4957368074212005,0.5112846945897437,0.9249460924253711
145,2,700,6910.000000000002,5420.184101612676,0.156272299129442,3.955009835307879,0.4848032919531986,0.784397120349157
145,4,595,5860.000000000002,5420.184101612676,0.1584130155558727,3.498270579259291,0.5125788482676035,0.9249460924253711
145,0,279,2700.0000000000164,5420.184101612676,0.13757670900528043,2.0437379652846177,0.5644434047600619,2.007475593189868
146,1,310,3010.0000000000014,4854.583987581243,0.1374339945768517,2.43167518236289,0.5389956441932802,1.612818600525329
146,3,560,5510.000000000002,4854.583987581243,0.15612958470101326,3.4533187086427084,0.4750313654053707,0.8810497255138369
146,0,620,6110.000000000002,4854.583987581243,0.13757670900528043,3.1862137769266794,0.34828168457004216,0.7945309308643602
146,2,630,6210.000000000002,4854.583987581243,0.156272299129442,3.5941311495006714,0.4390726049372308,0.7817365519454494
146,6,440,4310.000000000002,4854.583987581243,0.09604681033252462,1.9723229167788316,0.21337115914712437,1.1263535934063202
146,4,175,1660.0000008844675,4854.583987581243,0.1584130155558727,2.409454303471181,1.1162294748599515,2.924448183731725
146,5,700,6910.000000000002,4854.583987581243,0.15812758669901528,3.5961967495781484,0.39950761220620845,0.702544716003074
147,1,620,6110.000000000002,4901.108891108893,0.1374339945768517,3.5362240925820894,0.38984062057854624,0.8021454813598841
147,3,350,3410.000000000001,4901.108891108893,0.15612958470101326,3.141406061990695,0.7049352934464165,1.4372753346360385
147,6,440,4310.000000000002,4901.108891108893,0.09604681033252462,2.3129295990468486,0.25261692369524646,1.1371482345960304
147,0,620,6110.000000000002,4901.108891108893,0.13757670900528043,3.5513170010024266,0.39191104058260723,0.8021454813598841
147,5,420,4110.000000000002,4901.108891108893,0.15812758669901528,2.551736281727071,0.48116714064442895,1.1924839151116522
147,4,560,5510.000000000002,4901.108891108893,0.1584130155558727,2.866643486529592,0.4039311061303547,0.8894934466622307
147,2,490,4810.000000000001,4901.108891108893,0.156272299129442,3.475818322342746,0.5534626843737487,1.018941557403096
148,2,700,6910.000000000002,4279.206535014916,0.156272299129442,3.353903584506615,0.3245770256126046,0.6192773567315362
148,1,155,1460.0000072749747,4279.206535014916,0.1374339945768517,2.1612241568252237,0.870571354606879,2.9309633655426244
148,5,700,6910.000000000002,4279.206535014916,0.15812758669901528,3.4013248605783115,0.33307417207092493,0.6192773567315362
148,3,700,6910.000000000002,4279.206535014916,0.15612958470101326,3.3517120574297694,0.32406871492716666,0.6192773567315362
148,4,210,2010.0000000221403,4279.206535014916,0.1584130155558727,2.337470201683717,0.7883228865089802,2.1289584751083486
148,0,124,1150.0001906837483,4279.206535014916,0.13757670900528043,1.9226366456776716,0.9842546334173392,3.7210485438882017
148,6,374,3650.000000000001,4279.206535014916,0.09604681033252462,1.906005138968972,0.21462356164616317,1.1723853520588807
149,0,372,3630.000000000001,4633.978576262411,0.13757670900528043,2.379894691393907,0.4179747563411607,1.276578120182482
149,2,560,5510.000000000002,4633.978576262411,0.156272299129442,3.885490005328856,0.5106580948234632,0.8410124457826513
149,4,140,1310.0000353340838,4633.978576262411,0.1584130155558727,1.971701034730924,1.1048787983114179,3.5373881307420167
149,6,66,570.0859504455718,4633.978576262411,0.09604681033252462,1.129553235350538,0.8818674929398461,8.128561268069408
149,3,700,6910.000000000002,4633.978576262411,0.15612958470101326,4.134783569958783,0.4329262909481227,0.6706191861450664
149,1,620,6110.000000000002,4633.978576262411,0.1374339945768517,2.978319774112097,0.3104404511904712,0.7584252988972846
149,5,700,6910.000000000002,4633.978576262411,0.15812758669901528,3.6008968515463966,0.3818513217784823,0.6706191861450664
150,5,385,3760.0000000000014,4386.991585446918,0.15812758669901528,2.499221707298645,0.46109603075096106,1.1667530812358822
150,2,140,1310.0000353340838,4386.991585446918,0.156272299129442,2.7113038599445467,1.4189127397885068,3.348848448182005
150,1,620,6110.000000000002,4386.991585446918,0.1374339945768517,3.6463934087094305,0.3598183300167587,0.7180018961451582
150,4,700,6910.000000000002,4386.991585446918,0.1584130155558727,3.0640208755411495,0.30815650168484227,0.6348757721341414
150,3,700,6910.000000000002,4386.991585446918,0.15612958470101326,3.943272064425934,0.39086852560601115,0.6348757721341414
150,0,310,3010.0000000000014,4386.991585446918,0.13757670900528043,2.967706852369811,0.595067486372214,1.4574722875238924
150,6,176,1670.0000007960207,4386.991585446918,0.09604681033252462,1.0363202831162508,0.2614732560914412,2.626941067877736
