round,cid,tau,a_i,a_eff,p_i,raw_update_norm,contribution_norm,amp_vs_fedavg
1,6,396,3870.0000000000014,4202.774374124305,0.09604681033252462,2.025797674055116,0.21130225187438165,1.085988210368037
1,5,700,6910.000000000002,4202.774374124305,0.15812758669901528,4.24014532500292,0.40779924063634615,0.6082162625360786
1,3,700,6910.000000000002,4202.774374124305,0.15612958470101326,3.846223032926286,0.36523946416090586,0.6082162625360786
1,4,140,1310.0000353340838,4202.774374124305,0.1584130155558727,1.884892578520304,0.9579486592769995,3.2082246265378833
1,2,245,2360.000000000555,4202.774374124305,0.156272299129442,2.4781547789135114,0.689659149139129,1.7808365992047952
1,1,620,6110.000000000002,4202.774374124305,0.1374339945768517,4.273000602581536,0.4039447694723078,0.6878517797257453
1,0,186,1770.0000002775555,4202.774374124305,0.13757670900528043,2.5625760980887278,0.8371137906095716,2.3744487985679457
2,4,700,6910.000000000002,4658.564514016041,0.1584130155558727,3.0452605014682734,0.32522908524105654,0.6741772089748249
2,1,279,2700.0000000000164,4658.564514016041,0.1374339945768517,2.331170522834687,0.5527853980763844,1.7253942644503752
2,3,105,960.0014115816389,4658.564514016041,0.15612958470101326,1.9508779768494426,1.478071874630625,4.852664233421156
2,0,620,6110.000000000002,4658.564514016041,0.13757670900528043,3.592965622046066,0.3768850254177295,0.7624491839633454
2,6,154,1450.0000080833054,4658.564514016041,0.09604681033252462,0.1779226187127129,0.0549032708565761,3.2128030952041193
2,5,700,6910.000000000002,4658.564514016041,0.15812758669901528,2.8366454989021896,0.3024034727834127,0.6741772089748249
2,2,630,6210.000000000002,4658.564514016041,0.156272299129442,3.1758843517026887,0.37231213794026946,0.7501714193262544
3,6,396,3870.0000000000014,5963.5193378050535,0.09604681033252462,1.0206021710192166,0.15105360741186133,1.5409610692002718
3,4,700,6910.000000000002,5963.5193378050535,0.1584130155558727,4.1318425540454236,0.5648839169661314,0.8630274005506587
3,2,700,6910.000000000002,5963.5193378050535,0.156272299129442,3.1296348290653664,0.42208532457045694,0.8630274005506587
3,1,527,5180.000000000002,5963.5193378050535,0.1374339945768517,3.050777994941862,0.4827003869314093,1.1512585594218245
3,0,558,5490.000000000002,5963.5193378050535,0.13757670900528043,3.4333653803385458,0.5130919813774811,1.086251245501831
3,3,700,6910.000000000002,5963.5193378050535,0.15612958470101326,2.9299574712946326,0.3947945107338196,0.8630274005506587
3,5,560,5510.000000000002,5963.5193378050535,0.15812758669901528,3.571319539652881,0.611205686066868,1.0823084097649822
4,0,620,6110.000000000002,4547.000124786772,0.13757670900528043,3.241219100893592,0.33184636276980795,0.7441898731238578
4,4,700,6910.000000000002,4547.000124786772,0.1584130155558727,3.657433321345479,0.3812538142671568,0.6580318559749306
4,6,44,350.8727963568088,4547.000124786772,0.09604681033252462,0.4136370908831199,0.5148464112630817,12.959112738289482
4,3,560,5510.000000000002,4547.000124786772,0.15612958470101326,2.9808348712024855,0.3840577116757017,0.8252268829014103
4,5,70,610.0563920873398,4547.000124786772,0.15812758669901528,1.3273926140852847,1.564451211291402,7.453409526993028
4,2,700,6910.000000000002,4547.000124786772,0.156272299129442,3.5186589179406966,0.36183126528545845,0.6580318559749306
4,1,403,3940.000000000001,4547.000124786772,0.1374339945768517,2.3568231598062797,0.3738091357255921,1.1540609453773532
5,2,595,5860.000000000002,4839.4763311473525,0.156272299129442,3.896910902519667,0.5029250087961946,0.825849203267466
5,4,35,262.252839954494,4839.4763311473525,0.1584130155558727,0.742832272689581,2.17149980728069,18.453475401780572
5,5,700,6910.000000000002,4839.4763311473525,0.15812758669901528,3.5730419241949716,0.39570002499364065,0.7003583691964329
5,0,496,4870.000000000001,4839.4763311473525,0.13757670900528043,3.3680803919634648,0.4604651583713902,0.9937323061904213
5,6,440,4310.000000000002,4839.4763311473525,0.09604681033252462,0.38872835003246414,0.041922798114397794,1.1228483366931208
5,3,700,6910.000000000002,4839.4763311473525,0.15612958470101326,4.2009553375728474,0.4593604405370043,0.7003583691964329
5,1,465,4560.000000000002,4839.4763311473525,0.1374339945768517,2.9665320002896642,0.4326898768260653,1.061288669111261
6,2,280,2710.0000000000146,4451.761096050326,0.156272299129442,2.2240346721954056,0.5709342727800092,1.6427162716052777
6,0,248,2390.0000000004047,4451.761096050326,0.13757670900528043,2.1182807329431,0.5428281751816669,1.8626615464642562
6,4,700,6910.000000000002,4451.761096050326,0.1584130155558727,3.6279305979378274,0.3702573037367416,0.6442490732344899
6,1,620,6110.000000000002,4451.761096050326,0.1374339945768517,3.3459884327385057,0.33504970855167254,0.7286024707120008
6,3,210,2010.0000000221403,4451.761096050326,0.15612958470101326,2.0678813574089014,0.7150668005197971,2.2148065154235272
6,5,665,6560.000000000001,4451.761096050326,0.15812758669901528,3.708207400184229,0.3979235749392264,0.6786221183003545
6,6,440,4310.000000000002,4451.761096050326,0.09604681033252462,1.4129226462344948,0.1401702708270281,1.0328912055801216
7,0,527,5180.000000000002,3948.2571312983387,0.13757670900528043,2.8614479777958097,0.30005884954376394,0.7622118014089454
7,3,700,6910.000000000002,3948.2571312983387,0.15612958470101326,3.4934607792179238,0.3116509516800604,0.5713830870185728
7,1,62,530.1310020508638,3948.2571312983387,0.1374339945768517,1.1355226045772433,1.1622837866544236,7.4477008815257335
7,4,700,6910.000000000002,3948.2571312983387,0.1584130155558727,3.938872863561528,0.35652517812652684,0.5713830870185728
7,6,440,4310.000000000002,3948.2571312983387,0.09604681033252462,0.4088358340362175,0.03597162516497545,0.9160689399764123
7,5,105,960.0014115816389,3948.2571312983387,0.15812758669901528,1.9605203618520635,1.2750069642673305,4.112761797707604
7,2,280,2710.0000000000146,3948.2571312983387,0.156272299129442,1.8762473445853256,0.42717736240463305,1.4569214506635857
8,1,620,6110.000000000002,5187.508206079637,0.1374339945768517,3.187513625946708,0.3719322231941638,0.8490193463305459
8,0,465,4560.000000000002,5187.508206079637,0.13757670900528043,2.9101958074326792,0.45547136777980074,1.1376114487016742
8,3,350,3410.000000000001,5187.508206079637,0.15612958470101326,2.925425976713644,0.6948302790199216,1.521263403542415
8,6,330,3210.000000000001,5187.508206079637,0.09604681033252462,0.5111784587310755,0.07934311653954297,1.6160461701182665
8,4,700,6910.000000000002,5187.508206079637,0.1584130155558727,3.81338182120103,0.4535048151009364,0.750724776567241
8,2,700,6910.000000000002,5187.508206079637,0.156272299129442,4.302238063382974,0.5047277574161736,0.750724776567241
8,5,455,4460.000000000002,5187.508206079637,0.15812758669901528,2.7922761883136564,0.5135585378648829,1.1631184318564203
9,3,280,2710.0000000000146,4714.1287284144455,0.15612958470101326,2.211803399438691,0.6007086316902432,1.739530896093882
9,0,310,3010.0000000000014,4714.1287284144455,0.13757670900528043,2.213035168825574,0.47683505343083443,1.5661557237257286
9,6,396,3870.0000000000014,4714.1287284144455,0.09604681033252462,0.43801956130744146,0.0512468204428471,1.2181211184533447
9,5,700,6910.000000000002,4714.1287284144455,0.15812758669901528,4.228147348744749,0.4561221334017065,0.6822183398573726
9,4,700,6910.000000000002,4714.1287284144455,0.1584130155558727,3.907248128173047,0.42226515311381146,0.6822183398573726
9,1,620,6110.000000000002,4714.1287284144455,0.1374339945768517,3.461329558440989,0.36702643731971435,0.7715431634066193
9,2,315,3060.0000000000014,4714.1287284144455,0.156272299129442,2.368449940487327,0.5701986998695866,1.5405649439262887
10,1,620,6110.000000000002,4199.62755497596,0.1374339945768517,3.638155737505964,0.3436726896763873,0.6873367520418918
10,4,455,4460.000000000002,4199.62755497596,0.1584130155558727,3.281984514604486,0.48955704733500033,0.9416205280215154
10,0,124,1150.0001906837483,4199.62755497596,0.13757670900528043,1.4688277707944448,0.7379529202322064,3.6518494422848873
10,6,132,1230.0000820831015,4199.62755497596,0.09604681033252462,0.3688414246172796,0.12095623878123245,3.4143311176561566
10,2,700,6910.000000000002,4199.62755497596,0.156272299129442,4.2967171282011085,0.40808581028328605,0.6077608617910216
10,3,140,1310.0000353340838,4199.62755497596,0.15612958470101326,1.4259747687046425,0.7137342123731314,3.2058224745810384
10,5,700,6910.000000000002,4199.62755497596,0.15812758669901528,4.525481825241596,0.43491581181879674,0.6077608617910216
11,0,620,6110.000000000002,4325.607473505932,0.13757670900528043,3.3790166246508684,0.32911004778157826,0.7079553966458152
11,3,385,3760.0000000000014,4325.607473505932,0.15612958470101326,2.97794710048929,0.5348862640223939,1.1504275195494496
11,6,264,2550.0000000000755,4325.607473505932,0.09604681033252462,0.33911245997456324,0.055250170238409405,1.6963166562767857
11,1,248,2390.0000000004047,4325.607473505932,0.1374339945768517,2.04518902591283,0.5087176775774279,1.809877603977071
11,4,105,960.0014115816389,4325.607473505932,0.1584130155558727,2.03134359292554,1.4499381776701399,4.50583449286739
11,5,700,6910.000000000002,4325.607473505932,0.15812758669901528,4.4923772614014235,0.4446854531977124,0.6259923984813214
11,2,700,6910.000000000002,4325.607473505932,0.156272299129442,4.289453261283479,0.4196169292206061,0.6259923984813214
12,5,700,6910.000000000002,5241.545225053252,0.15812758669901528,4.3345732110329855,0.5199185053268526,0.758544895087301
12,4,560,5510.000000000002,5241.545225053252,0.1584130155558727,3.708761020182122,0.5588914291304014,0.9512786252365245
12,3,700,6910.000000000002,5241.545225053252,0.15612958470101326,4.745880261179571,0.5620607663516206,0.758544895087301
12,6,44,350.8727963568088,5241.545225053252,0.09604681033252462,0.46444862048137886,0.666392749548574,14.93859107767087
12,0,465,4560.000000000002,5241.545225053252,0.13757670900528043,3.565452781695278,0.5638376864657271,1.1494616721608004
12,2,700,6910.000000000002,5241.545225053252,0.156272299129442,4.60165362406799,0.5454779717024324,0.758544895087301
12,1,341,3320.0000000000014,5241.545225053252,0.1374339945768517,3.035556202025315,0.6586484912166415,1.5787786822449548
13,1,620,6110.000000000002,4639.556158127588,0.1374339945768517,3.9214739090601314,0.40924061166888,0.759338160086348
13,5,315,3060.0000000000014,4639.556158127588,0.15812758669901528,4.217817185669127,1.0112310688830934,1.5161948229175117
13,3,490,4810.000000000001,4639.556158127588,0.15612958470101326,4.124359277358146,0.6211164823609954,0.9645646898394151
13,2,420,4110.000000000002,4639.556158127588,0.156272299129442,3.6249674109948935,0.639470805968068,1.1288457805663226
13,0,310,3010.0000000000014,4639.556158127588,0.13757670900528043,2.9222368489588684,0.6196839808147746,1.5413807834310915
13,4,700,6910.000000000002,4639.556158127588,0.1584130155558727,5.256059714689793,0.55904856938845,0.6714263615235292
13,6,440,4310.000000000002,4639.556158127588,0.09604681033252462,0.0039997418863106345,0.0004135367197601671,1.0764631457372589
14,1,62,530.1310020508638,4322.451285139947,0.1374339945768517,1.5331790735794333,1.718042715487198,8.153553118791619
14,5,245,2360.000000000555,4322.451285139947,0.15812758669901528,2.6247457720859444,0.7601739661774775,1.8315471547198858
14,4,700,6910.000000000002,4322.451285139947,0.1584130155558727,4.065127084022534,0.40282558676253144,0.6255356418436969
14,6,352,3430.000000000001,4322.451285139947,0.09604681033252462,1.0279829918389372,0.12442420178782466,1.260189879049547
14,0,620,6110.000000000002,4322.451285139947,0.13757670900528043,3.698586161606114,0.35997269041847796,0.7074388355384527
14,3,700,6910.000000000002,4322.451285139947,0.15612958470101326,4.799572885552784,0.4687484619181693,0.6255356418436969
14,2,350,3410.000000000001,4322.451285139947,0.156272299129442,3.3044115723255865,0.6545636207921066,1.2675810220351746
15,1,403,3940.000000000001,4045.5433987750785,0.1374339945768517,2.793943519734848,0.3942688215189311,1.0267876646637253
15,5,420,4110.000000000002,4045.5433987750785,0.15812758669901528,4.112688096328236,0.6401304105240696,0.9843171286557364
15,3,280,2710.0000000000146,4045.5433987750785,0.15612958470101326,3.6920132279041735,0.8605102076688563,1.4928204423524194
15,4,70,610.0563920873398,4045.5433987750785,0.1584130155558727,3.2502721669392947,3.4144241748472393,6.631425309606282
15,2,700,6910.000000000002,4045.5433987750785,0.156272299129442,4.65299031741418,0.42570913308691144,0.5854621416461762
15,0,620,6110.000000000002,4045.5433987750785,0.13757670900528043,3.187671570681676,0.29037160145783153,0.6621183958715348
15,6,440,4310.000000000002,4045.5433987750785,0.09604681033252462,0.22688341826205588,0.020454331853859985,0.9386411598086025
16,6,440,4310.000000000002,4145.500214075145,0.09604681033252462,2.2861171343514606,0.2111937672540354,0.9618329963051376
16,3,385,3760.0000000000014,4145.500214075145,0.15612958470101326,3.904026083237265,0.6720274487827383,1.1025266526795594
16,1,620,6110.000000000002,4145.500214075145,0.1374339945768517,5.568637040773616,0.5192527594216013,0.6784779401104981
16,2,315,3060.0000000000014,4145.500214075145,0.156272299129442,3.512431973131732,0.7436103722940672,1.3547386320507004
16,5,210,2010.0000000221403,4145.500214075145,0.15812758669901528,2.2526574251678277,0.7346554054822584,2.062437917427603
16,4,700,6910.000000000002,4145.500214075145,0.1584130155558727,3.9646546661193125,0.37678631501878534,0.5999276720803391
16,0,310,3010.0000000000014,4145.500214075145,0.13757670900528043,3.86839134027005,0.73296926673536,1.3772425960382535
17,4,140,1310.0000353340838,4634.071648240524,0.1584130155558727,2.5204268945630015,1.4123957540125425,3.5374591780516376
17,6,242,2330.000000000761,4634.071648240524,0.09604681033252462,0.256141520280982,0.048929384515468605,1.9888719520339102
17,5,700,6910.000000000002,4634.071648240524,0.15812758669901528,3.562283206330174,0.3777641869249103,0.6706326553170077
17,0,620,6110.000000000002,4634.071648240524,0.13757670900528043,3.8630538239676278,0.40308553139704817,0.7584405316269268
17,2,700,6910.000000000002,4634.071648240524,0.156272299129442,4.0020084541072904,0.4194157162860137,0.6706326553170077
17,3,315,3060.0000000000014,4634.071648240524,0.15612958470101326,2.924845939240809,0.691559445825087,1.5144024994250072
17,1,527,5180.000000000002,4634.071648240524,0.1374339945768517,4.824961371888013,0.5932271170506555,0.8946084263012591
18,3,35,262.252839954494,4185.576510331128,0.15612958470101326,2.0119891342727296,5.013556581545267,15.960080779515705
18,6,440,4310.000000000002,4185.576510331128,0.09604681033252462,1.1639947110196256,0.10857053266784147,0.9711314409120942
18,1,620,6110.000000000002,4185.576510331128,0.1374339945768517,3.562054450262166,0.3353580983529652,0.6850370720672875
18,5,175,1660.0000008844675,4185.576510331128,0.15812758669901528,2.2365778857759233,0.8917412695586721,2.5214316313861467
18,0,620,6110.000000000002,4185.576510331128,0.13757670900528043,3.441676843828443,0.32436133636170844,0.6850370720672875
18,4,525,5160.000000000001,4185.576510331128,0.1584130155558727,3.0107144672485577,0.3868708557861551,0.8111582384362649
18,2,630,6210.000000000002,4185.576510331128,0.156272299129442,4.212583331941693,0.4437048660328952,0.6740058792803747
19,1,62,530.1310020508638,4722.3713650599375,0.1374339945768517,3.1052910692668325,3.801661268487259,8.907932844506322
19,3,350,3410.000000000001,4722.3713650599375,0.15612958470101326,3.315246409424057,0.7168144898632259,1.3848596378474887
19,2,700,6910.000000000002,4722.3713650599375,0.156272299129442,4.291161543645942,0.4582884955489661,0.6834111961012932
19,5,700,6910.000000000002,4722.3713650599375,0.15812758669901528,5.635845831207302,0.6090442351544226,0.6834111961012932
19,4,700,6910.000000000002,4722.3713650599375,0.1584130155558727,6.027331596934211,0.6525263228936091,0.6834111961012932
19,6,374,3650.000000000001,4722.3713650599375,0.09604681033252462,1.4478249446851965,0.1799145446197551,1.2938003739890236
19,0,372,3630.000000000001,4722.3713650599375,0.13757670900528043,4.119142211310978,0.7372337593583771,1.3009287507052165
20,4,700,6910.000000000002,4345.468268160343,0.1584130155558727,5.282034502146915,0.5261997416611165,0.6288666089957079
20,2,700,6910.000000000002,4345.468268160343,0.156272299129442,5.48732551587927,0.5392637918711503,0.6288666089957079
20,1,62,530.1310020508638,4345.468268160343,0.1374339945768517,0.7520973685966849,0.8472695903085901,8.196970656968697
20,3,455,4460.000000000002,4345.468268160343,0.15612958470101326,4.698960762546502,0.7148069184611711,0.9743202394978343
20,5,210,2010.0000000221403,4345.468268160343,0.15812758669901528,3.297815035778919,1.1273907369124343,2.1619245114987446
20,0,496,4870.000000000001,4345.468268160343,0.13757670900528043,3.3868624841298383,0.4157670821137267,0.8922932788830271
20,6,440,4310.000000000002,4345.468268160343,0.09604681033252462,0.6495230984010973,0.06289800339242631,1.0082292965569237
21,4,525,5160.000000000001,5732.274867989156,0.1584130155558727,3.6831340687139114,0.6481651767902907,1.1109059821684408
21,1,558,5490.000000000002,5732.274867989156,0.1374339945768517,3.304923287557386,0.4742531405603788,1.0441302127484797
21,2,560,5510.000000000002,5732.274867989156,0.156272299129442,3.9470749855872893,0.641701104766014,1.040340266422714
21,3,700,6910.000000000002,5732.274867989156,0.15612958470101326,4.47000862835345,0.5789519561126414,0.8295622095498052
21,6,308,2990.000000000002,5732.274867989156,0.09604681033252462,0.7101892691910419,0.1307714295655845,1.9171487852806528
21,0,620,6110.000000000002,5732.274867989156,0.13757670900528043,3.8926803742060314,0.5024345067735986,0.9381791927969155
21,5,700,6910.000000000002,5732.274867989156,0.15812758669901528,3.3236103202798675,0.43598013489925563,0.8295622095498052
22,6,220,2110.0000000077202,5156.245183392243,0.09604681033252462,0.27546725553821727,0.06465528550829461,2.4437180963854868
22,0,620,6110.000000000002,5156.245183392243,0.13757670900528043,3.1609485798762638,0.36699039463925787,0.8439026486730347
22,5,700,6910.000000000002,5156.245183392243,0.15812758669901528,3.224108485609796,0.3804282875574456,0.7462004606935227
22,1,558,5490.000000000002,5156.245183392243,0.1374339945768517,3.8971185925575065,0.5030359312823429,0.9392067729311915
22,3,700,6910.000000000002,5156.245183392243,0.15612958470101326,3.5401354279225905,0.4124398247228811,0.7462004606935227
22,4,560,5510.000000000002,5156.245183392243,0.1584130155558727,3.205402456883592,0.47517697461587005,0.935797673936886
22,2,210,2010.0000000221403,5156.245183392243,0.156272299129442,2.648407140548301,1.0617059582457276,2.5652961111121626
23,2,665,6560.000000000001,5397.847866457441,0.156272299129442,2.4439913668053532,0.3142667758095779,0.8228426625697318
23,1,186,1770.0000002775555,5397.847866457441,0.1374339945768517,2.2783059354260624,0.9548905270686333,3.04963156249209
23,5,700,6910.000000000002,5397.847866457441,0.15812758669901528,2.930150316330067,0.36194296176862717,0.7811646695307438
23,6,374,3650.000000000001,5397.847866457441,0.09604681033252462,0.49365792714272055,0.07011918147033955,1.4788624291664219
23,0,620,6110.000000000002,5397.847866457441,0.13757670900528043,3.348603467519269,0.40699405826302476,0.883444822660792
23,4,700,6910.000000000002,5397.847866457441,0.1584130155558727,3.6148073465128583,0.44732030294622294,0.7811646695307438
23,3,490,4810.000000000001,5397.847866457441,0.15612958470101326,3.8916279231257347,0.6818550780134077,1.1222136936501954
24,1,279,2700.0000000000164,4196.023527865021,0.1374339945768517,2.168012363986934,0.4630523310095038,1.5540827880981465
24,6,440,4310.000000000002,4196.023527865021,0.09604681033252462,0.4858655342976594,0.0454317728193353,0.9735553428921158
24,0,527,5180.000000000002,4196.023527865021,0.13757670900528043,2.1732832925923122,0.2421973643182438,0.8100431520974941
24,4,700,6910.000000000002,4196.023527865021,0.1584130155558727,3.8748095762256574,0.37273578776199806,0.6072392949153429
24,5,315,3060.0000000000014,4196.023527865021,0.15812758669901528,3.026710910626914,0.6562889218104121,1.3712495189101368
24,2,35,262.252839954494,4196.023527865021,0.156272299129442,2.260612599617806,5.652308538084065,15.999916449305612
24,3,700,6910.000000000002,4196.023527865021,0.15612958470101326,3.144176183181934,0.2980931150920683,0.6072392949153429
25,5,525,5160.000000000001,4439.979489938888,0.15812758669901528,5.755987213221992,0.7831748376078572,0.8604611414610247
25,0,62,530.1310020508638,4439.979489938888,0.13757670900528043,4.834450360506284,5.570443622355978,8.375249651053027
25,2,210,2010.0000000221403,4439.979489938888,0.156272299129442,3.152299959308179,1.0881642271029413,2.208945019845762
25,6,242,2330.000000000761,4439.979489938888,0.09604681033252462,4.243615557615437,0.7766833990192268,1.905570596539673
25,1,620,6110.000000000002,4439.979489938888,0.1374339945768517,6.001913644070635,0.5994095607758114,0.7266742209392614
25,3,700,6910.000000000002,4439.979489938888,0.15612958470101326,4.994812941671872,0.5010803237843868,0.642544065114166
25,4,700,6910.000000000002,4439.979489938888,0.1584130155558727,6.473641811833794,0.6589347994454516,0.642544065114166
26,5,560,5510.000000000002,5114.395604399069,0.15812758669901528,5.501653177536427,0.8075019343518155,0.9282024690379433
26,6,264,2550.0000000000755,5114.395604399069,0.09604681033252462,0.2090790694901978,0.04027612156938196,2.005645335058399
26,1,496,4870.000000000001,5114.395604399069,0.1374339945768517,3.3776706842929434,0.48750248194527007,1.0501839023406712
26,0,620,6110.000000000002,5114.395604399069,0.13757670900528043,4.079743627293577,0.4698193471486004,0.8370532904090128
26,3,210,2010.0000000221403,5114.395604399069,0.15612958470101326,4.446959977252596,1.7666344132783718,2.5444754250461363
26,4,700,6910.000000000002,5114.395604399069,0.1584130155558727,6.0795829617116635,0.7128217149258212,0.7401440816785916
26,2,700,6910.000000000002,5114.395604399069,0.156272299129442,5.753646607002608,0.6654898808685862,0.7401440816785916
27,4,350,3410.000000000001,4799.180289136155,0.1584130155558727,3.7696520508823776,0.8404363210999719,1.4073842490135349
27,0,62,530.1310020508638,4799.180289136155,0.13757670900528043,1.7918906953844764,2.231723021669245,9.052819530587826
27,6,396,3870.0000000000014,4799.180289136155,0.09604681033252462,0.9322957499264517,0.11104340013047155,1.2400982659266546
27,2,700,6910.000000000002,4799.180289136155,0.156272299129442,4.598639908010008,0.4991147718040776,0.6945268146362017
27,5,525,5160.000000000001,4799.180289136155,0.15812758669901528,4.0746333542216435,0.59925758868964,0.9300736994449911
27,3,700,6910.000000000002,4799.180289136155,0.15612958470101326,4.7601668166716795,0.5161743206756105,0.6945268146362017
27,1,620,6110.000000000002,4799.180289136155,0.1374339945768517,4.245557648196558,0.4583051810965832,0.7854632224445423
28,4,245,2360.000000000555,3551.2459231975017,0.1584130155558727,3.8430917337320825,0.9160946726151828,1.504765221693503
28,5,210,2010.0000000221403,3551.2459231975017,0.15812758669901528,3.5643437730171215,0.9957995318306091,1.7667890164967086
28,2,245,2360.000000000555,3551.2459231975017,0.156272299129442,4.176451449158615,0.9821055923233795,1.504765221693503
28,0,124,1150.0001906837483,3551.2459231975017,0.13757670900528043,1.835635804564731,0.7798557387241984,3.088039421181365
28,6,440,4310.000000000002,3551.2459231975017,0.09604681033252462,0.5093269190862916,0.040307239415258156,0.8239549705794664
28,1,620,6110.000000000002,3551.2459231975017,0.1374339945768517,3.5396901783206456,0.282747620242351,0.5812186453678397
28,3,700,6910.000000000002,3551.2459231975017,0.15612958470101326,5.8133507357419845,0.4664600250248094,0.5139284982919683
29,2,140,1310.0000353340838,4352.112420669955,0.156272299129442,2.581161423250615,1.34006531131254,3.3222231322765223
29,6,374,3650.000000000001,4352.112420669955,0.09604681033252462,0.5140333264165742,0.05886829588855908,1.1923595673068368
29,0,620,6110.000000000002,4352.112420669955,0.13757670900528043,3.924935507345242,0.3846239612914396,0.712293358538454
29,1,620,6110.000000000002,4352.112420669955,0.1374339945768517,4.226441465316863,0.41374039348007047,0.712293358538454
29,4,700,6910.000000000002,4352.112420669955,0.1584130155558727,3.9565421499644207,0.39475597835033355,0.6298281361316865
29,5,595,5860.000000000002,4352.112420669955,0.15812758669901528,3.855574735004601,0.45279253462000085,0.7426813004556235
29,3,70,610.0563920873398,4352.112420669955,0.15612958470101326,2.0032841779863357,2.2312996058864694,7.133951020132705
30,3,665,6560.000000000001,5683.376623376627,0.15612958470101326,3.968900816424117,0.5368562923117467,0.8663683877098516
30,1,279,2700.0000000000164,5683.376623376627,0.1374339945768517,4.35821641461358,1.2607983569174221,2.1049543049542936
30,4,700,6910.000000000002,5683.376623376627,0.1584130155558727,5.226237556704968,0.6809392955064139,0.8224857631514654
30,6,330,3210.000000000001,5683.376623376627,0.09604681033252462,1.2692453225830658,0.21583900117262528,1.770522312578388
30,2,700,6910.000000000002,5683.376623376627,0.156272299129442,3.801292563895771,0.4885867520820173,0.8224857631514654
30,0,527,5180.000000000002,5683.376623376627,0.13757670900528043,4.552123115223442,0.6871247510404855,1.0971769543198118
30,5,700,6910.000000000002,5683.376623376627,0.15812758669901528,4.779675951846483,0.6216336076125655,0.8224857631514654
31,4,665,6560.000000000001,4898.63931730738,0.1584130155558727,4.409959945556734,0.5216715237404357,0.7467437983700274
31,3,350,3410.000000000001,4898.63931730738,0.15612958470101326,3.225060851835644,0.7233428665647271,1.4365511194449792
31,6,88,790.008464149783,4898.63931730738,0.09604681033252462,0.4943528867038462,0.294417581448592,6.200742826951047
31,2,315,3060.0000000000014,4898.63931730738,0.156272299129442,3.419720943986968,0.8555131852333149,1.6008625219958752
31,0,620,6110.000000000002,4898.63931730738,0.13757670900528043,2.8919267413078655,0.31898220601901156,0.8017412957949883
31,5,700,6910.000000000002,4898.63931730738,0.15812758669901528,3.9987660882516174,0.4482611075286566,0.7089203064120664
31,1,620,6110.000000000002,4898.63931730738,0.1374339945768517,2.63479479895572,0.2903188405603988,0.8017412957949883
32,6,88,790.008464149783,4777.697643687221,0.09604681033252462,0.405167510532595,0.2353447297971261,6.047653741063445
32,3,70,610.0563920873398,4777.697643687221,0.15612958470101326,1.600935141890863,1.9575263753990484,7.831567221744992
32,1,403,3940.000000000001,4777.697643687221,0.1374339945768517,2.5816374100741797,0.4302410606449546,1.2126136151490405
32,4,700,6910.000000000002,4777.697643687221,0.1584130155558727,3.3714462619768955,0.3692731386134696,0.6914178934424341
32,5,700,6910.000000000002,4777.697643687221,0.15812758669901528,3.0706963556906532,0.33572611980355554,0.6914178934424341
32,0,589,5800.000000000002,4777.697643687221,0.13757670900528043,3.438065755452917,0.38962764494020835,0.8237409730495207
32,2,700,6910.000000000002,4777.697643687221,0.156272299129442,3.16487592267107,0.3419631466517201,0.6914178934424341
33,4,455,4460.000000000002,5221.088911088915,0.1584130155558727,3.350785495557708,0.6213892252419664,1.1706477379123124
33,5,525,5160.000000000001,5221.088911088915,0.15812758669901528,4.3122861254791935,0.689964266975263,1.0118389362575415
33,1,558,5490.000000000002,5221.088911088915,0.1374339945768517,2.7303176155664106,0.35685853252675714,0.9510180165917874
33,0,279,2700.0000000000164,5221.088911088915,0.13757670900528043,3.1209300875508545,0.8302832589309732,1.9337366337366233
33,2,700,6910.000000000002,5221.088911088915,0.156272299129442,2.9019217936177166,0.34265000884514824,0.7555845023283522
33,3,700,6910.000000000002,5221.088911088915,0.15612958470101326,3.851071905296848,0.4543074657342504,0.7555845023283522
33,6,440,4310.000000000002,5221.088911088915,0.09604681033252462,0.7620011913292588,0.08865891576114635,1.2113895385357105
34,3,700,6910.000000000002,5153.801172123586,0.15612958470101326,3.0453902387003184,0.35463187515968514,0.74584676875884
34,4,455,4460.000000000002,5153.801172123586,0.1584130155558727,3.021936087571848,0.5531831430175682,1.1555608009245704
34,2,700,6910.000000000002,5153.801172123586,0.156272299129442,2.7305043468054357,0.31825445116893786,0.74584676875884
34,1,93,840.0049979958054,5153.801172123586,0.1374339945768517,1.572439019679269,1.3259091622303127,6.135441080017624
34,6,374,3650.000000000001,5153.801172123586,0.09604681033252462,0.6308870886498269,0.08555972533199988,1.4120003211297494
34,5,630,6210.000000000002,5153.801172123586,0.15812758669901528,2.6821414344909673,0.3519859902030315,0.8299196734498526
34,0,620,6110.000000000002,5153.801172123586,0.13757670900528043,2.5936414878527194,0.3009825453648014,0.8435026468287372
35,5,560,5510.000000000002,3697.3021482235363,0.15812758669901528,3.368992960064531,0.35747122669202674,0.6710167238155236
35,4,700,6910.000000000002,3697.3021482235363,0.1584130155558727,2.6776998643672667,0.22696539890775938,0.5350654338963148
35,2,105,960.0014115816389,3697.3021482235363,0.156272299129442,2.272831083280257,1.3679248318830055,3.851350741382859
35,6,440,4310.000000000002,3697.3021482235363,0.09604681033252462,0.7924398171296044,0.06529153948193353,0.8578427258059246
35,3,35,262.252839954494,3697.3021482235363,0.15612958470101326,1.9201367869426964,4.22651209231005,14.098234928037732
35,0,620,6110.000000000002,3697.3021482235363,0.13757670900528043,2.1142283412473493,0.1760112955168158,0.605123101182248
35,1,217,2080.00000001059,3697.3021482235363,0.1374339945768517,0.7139972758793203,0.17442644624810963,1.7775491097138036
36,2,315,3060.0000000000014,4376.570200078229,0.156272299129442,3.032750819346703,0.6778462579407564,1.4302516993719698
36,1,310,3010.0000000000014,4376.570200078229,0.1374339945768517,4.058096828220935,0.8109311409268966,1.4540100332485806
36,6,44,350.8727963568088,4376.570200078229,0.09604681033252462,2.661797606667389,3.188909378875257,12.473381366469965
36,5,700,6910.000000000002,4376.570200078229,0.15812758669901528,5.18837311994078,0.5196305727650611,0.6333676121676163
36,0,620,6110.000000000002,4376.570200078229,0.13757670900528043,5.205759950417213,0.5130051713196191,0.716296268425242
36,4,700,6910.000000000002,4376.570200078229,0.1584130155558727,5.47628203318512,0.5494554929578299,0.6333676121676163
36,3,280,2710.0000000000146,4376.570200078229,0.15612958470101326,3.1702897758280963,0.799371706827755,1.6149705535343932
37,4,700,6910.000000000002,3370.863549723348,0.1584130155558727,5.372391050744632,0.41516583181702815,0.48782395799180134
37,1,620,6110.000000000002,3370.863549723348,0.1374339945768517,4.674626507253722,0.354438630392354,0.5516961619841811
37,5,385,3760.0000000000014,3370.863549723348,0.15812758669901528,5.269758560627259,0.7470534727062447,0.8965062632242944
37,2,210,2010.0000000221403,3370.863549723348,0.156272299129442,5.689792848158188,1.4911576889527198,1.6770465421324467
37,3,35,262.252839954494,3370.863549723348,0.15612958470101326,4.80373687267449,9.640185441467187,12.8534873075474
37,0,62,530.1310020508638,3370.863549723348,0.13757670900528043,3.8710210624490604,3.3863233183071193,6.358548239365047
37,6,440,4310.000000000002,3370.863549723348,0.09604681033252462,0.0023243335296455037,0.0001746004250664906,0.7821029117687579
38,4,525,5160.000000000001,4672.593121168011,0.1584130155558727,3.3335951000631243,0.47820264513943744,0.9055413025519399
38,2,210,2010.0000000221403,4672.593121168011,0.156272299129442,1.3337527980171404,0.48452841710293193,2.324673194585344
38,0,310,3010.0000000000014,4672.593121168011,0.13757670900528043,2.681496866122052,0.5726821936429378,1.552356518660468
38,1,403,3940.000000000001,4672.593121168011,0.1374339945768517,2.590292507759349,0.4221868698483279,1.185937340397972
38,6,440,4310.000000000002,4672.593121168011,0.09604681033252462,1.9312527316233206,0.20109568549218418,1.0841283343777284
38,3,700,6910.000000000002,4672.593121168011,0.15612958470101326,2.0757317369471515,0.21914741285139558,0.6762073981429826
38,5,700,6910.000000000002,4672.593121168011,0.15812758669901528,3.608686391452165,0.38586616847573374,0.6762073981429826
39,3,700,6910.000000000002,4722.805235618245,0.15612958470101326,3.0704460301242245,0.32764886000724125,0.6834739848941018
39,6,374,3650.000000000001,4722.805235618245,0.09604681033252462,0.9363340743302532,0.11636461754776888,1.2939192426351354
39,2,700,6910.000000000002,4722.805235618245,0.156272299129442,3.0631884947366794,0.32717319301305714,0.6834739848941018
39,5,455,4460.000000000002,4722.805235618245,0.15812758669901528,1.6227077842242814,0.27171470309600426,1.0589249407215793
39,1,620,6110.000000000002,4722.805235618245,0.1374339945768517,1.8432036161571481,0.1958061413969629,0.7729632136854736
39,0,62,530.1310020508638,4722.805235618245,0.13757670900528043,1.0750938684692437,1.3176744801877152,8.908751265909011
39,4,385,3760.0000000000014,4722.805235618245,0.1584130155558727,1.4918344847304974,0.2968408690029101,1.2560652222388946
40,0,620,6110.000000000002,4704.170115602195,0.13757670900528043,1.103629742493286,0.11689881825929274,0.7699132758759728
40,4,210,2010.0000000221403,4704.170115602195,0.1584130155558727,2.225730818093535,0.8251833599027814,2.340383142064865
40,6,308,2990.000000000002,4704.170115602195,0.09604681033252462,0.9325116115282669,0.14091233949454418,1.5733010420074223
40,5,700,6910.000000000002,4704.170115602195,0.15812758669901528,2.6483572809795044,0.2850947291223634,0.6807771513172495
40,2,385,3760.0000000000014,4704.170115602195,0.156272299129442,3.118156474750244,0.6096422825730229,1.2511090732984558
40,1,372,3630.000000000001,4704.170115602195,0.1374339945768517,0.9264761642979561,0.1650079291022472,1.2959146323972988
40,3,700,6910.000000000002,4704.170115602195,0.15612958470101326,3.3979632677205767,0.3611676601292046,0.6807771513172495
41,6,396,3870.0000000000014,4223.697838387299,0.09604681033252462,3.025177337980104,0.3171141794222726,1.0913947902809555
41,5,35,262.252839954494,4223.697838387299,0.15812758669901528,0.8485913865296671,2.1611201049819835,16.105441752776418
41,1,558,5490.000000000002,4223.697838387299,0.1374339945768517,4.321289071918369,0.45690718330746183,0.7693438685587064
41,3,35,262.252839954494,4223.697838387299,0.15612958470101326,0.35560676795978313,0.8941859957994416,16.105441752776418
41,2,700,6910.000000000002,4223.697838387299,0.156272299129442,2.525450887546012,0.24123244737227018,0.6112442602586539
41,4,700,6910.000000000002,4223.697838387299,0.1584130155558727,4.184076728310187,0.40514016012190157,0.6112442602586539
41,0,620,6110.000000000002,4223.697838387299,0.13757670900528043,4.466352722337516,0.42476582250143946,0.6912762419619146
42,4,175,1660.0000008844675,4169.40125701327,0.1584130155558727,1.351638934841529,0.5377954944159609,2.511687502886605
42,5,700,6910.000000000002,4169.40125701327,0.15812758669901528,2.7702138501081954,0.26431181976161194,0.603386578438968
42,3,35,262.252839954494,4169.40125701327,0.15612958470101326,0.8882708026764625,2.2048755661653088,15.898402693129054
42,0,620,6110.000000000002,4169.40125701327,0.13757670900528043,4.402154888447244,0.4132784101786107,0.6823897310987347
42,1,527,5180.000000000002,4169.40125701327,0.1374339945768517,4.189079179989534,0.46340068576822363,0.804903717570129
42,2,525,5160.000000000001,4169.40125701327,0.156272299129442,3.4594990066264746,0.4368367861379128,0.8080234994211762
42,6,440,4310.000000000002,4169.40125701327,0.09604681033252462,2.5978352525679997,0.2413742711704894,0.9673784819056307
43,3,700,6910.000000000002,4935.245652344375,0.15612958470101326,2.465719824738482,0.2749537572447044,0.7142178946952784
43,1,620,6110.000000000002,4935.245652344375,0.1374339945768517,4.587407996437226,0.5092477293867836,0.8077325126586536
43,0,62,530.1310020508638,4935.245652344375,0.13757670900528043,1.381268586480808,1.7690846876886366,9.309483190479133
43,6,418,4090.0000000000014,4935.245652344375,0.09604681033252462,3.165756529152308,0.36689849015288123,1.206661528690556
43,2,525,5160.000000000001,4935.245652344375,0.156272299129442,2.128359801691548,0.3181164464390927,0.9564429558806927
43,5,420,4110.000000000002,4935.245652344375,0.15812758669901528,3.6696678095475725,0.6967890993157164,1.200789696434154
43,4,700,6910.000000000002,4935.245652344375,0.1584130155558727,4.26301913199625,0.48232399742329973,0.7142178946952784
44,0,248,2390.0000000004047,5280.1613473615835,0.13757670900528043,2.029072229276711,0.6167252305860786,2.209272530276439
44,3,665,6560.000000000001,5280.1613473615835,0.15612958470101326,4.02984245000136,0.5064267366878933,0.8049026444148755
44,1,620,6110.000000000002,5280.1613473615835,0.1374339945768517,2.9051004035812587,0.34503352862545694,0.8641835265730903
44,5,525,5160.000000000001,5280.1613473615835,0.15812758669901528,3.335794062429959,0.5397645600603892,1.0232870828220122
44,4,700,6910.000000000002,5280.1613473615835,0.1584130155558727,3.6467545110676003,0.44143476858158887,0.7641333353634706
44,2,700,6910.000000000002,5280.1613473615835,0.156272299129442,4.0760113837847864,0.48672823036530377,0.7641333353634706
44,6,110,1010.0008335248422,5280.1613473615835,0.09604681033252462,0.87669285683866,0.44020591733976794,5.227878207718045
45,1,527,5180.000000000002,4933.223918938215,0.1374339945768517,2.9744661338664167,0.38931780577359776,0.952359829910852
45,5,700,6910.000000000002,4933.223918938215,0.15812758669901528,3.609859562744973,0.4075216918113313,0.7139253138839673
45,4,350,3410.000000000001,4933.223918938215,0.1584130155558727,2.964718370338298,0.6794394432961233,1.4466932313601801
45,3,280,2710.0000000000146,4933.223918938215,0.15612958470101326,2.999706934386484,0.8525612101330953,1.8203778298664903
45,6,264,2550.0000000000755,4933.223918938215,0.09604681033252462,1.4166812424561226,0.2632362761723059,1.934597615269831
45,2,700,6910.000000000002,4933.223918938215,0.156272299129442,3.8060456166653434,0.42462814059230497,0.7139253138839673
45,0,620,6110.000000000002,4933.223918938215,0.13757670900528043,3.125441860641608,0.34717301357931035,0.807401623394143
46,6,440,4310.000000000002,4731.357214252543,0.09604681033252462,2.0479762605483463,0.2159316647088523,1.0977626947221673
46,5,700,6910.000000000002,4731.357214252543,0.15812758669901528,3.4862765913483886,0.3774654217129243,0.6847116084301796
46,2,420,4110.000000000002,4731.357214252543,0.156272299129442,2.8632081596159495,0.5150849267932867,1.1511818039543895
46,3,350,3410.000000000001,4731.357214252543,0.15612958470101326,2.723514543414216,0.589992189641795,1.3874947842382819
46,0,186,1770.0000002775555,4731.357214252543,0.13757670900528043,2.258654709086994,0.8306292714262654,2.673083171474923
46,4,700,6910.000000000002,4731.357214252543,0.1584130155558727,3.510785109973066,0.3808051383827095,0.6847116084301796
46,1,527,5180.000000000002,4731.357214252543,0.1374339945768517,3.3957285520108464,0.4262683760050886,0.9133894236008766
47,4,700,6910.000000000002,5235.931898540028,0.1584130155558727,3.8729192195377458,0.4648846878379328,0.757732546822001
47,1,93,840.0049979958054,5235.931898540028,0.1374339945768517,1.3717349426436354,1.17510450294134,6.233215172567549
47,0,589,5800.000000000002,5235.931898540028,0.13757670900528043,3.2077990714301863,0.39839884383716995,0.9027468790586252
47,3,595,5860.000000000002,5235.931898540028,0.15612958470101326,3.125276195132068,0.4359834279346382,0.8935037369522228
47,6,440,4310.000000000002,5235.931898540028,0.09604681033252462,2.2218330756235334,0.25924542052336114,1.2148333871322565
47,2,525,5160.000000000001,5235.931898540028,0.156272299129442,3.0131720294052684,0.4778044790559396,1.0147154842131836
47,5,700,6910.000000000002,5235.931898540028,0.15812758669901528,3.8669936516479693,0.46333706559357213,0.757732546822001
48,3,420,4110.000000000002,5027.188525759956,0.15612958470101326,3.160178422621068,0.6035040072849284,1.2231602252457308
48,1,310,3010.0000000000014,5027.188525759956,0.1374339945768517,2.098250906153028,0.48162637898568184,1.6701623009169282
48,2,700,6910.000000000002,5027.188525759956,0.156272299129442,3.720810905036532,0.4230256736794893,0.7275236650882713
48,6,440,4310.000000000002,5027.188525759956,0.09604681033252462,2.409491590444419,0.2699331753634292,1.1664010500603141
48,0,341,3320.0000000000014,5027.188525759956,0.13757670900528043,2.2088464662279392,0.4601479955595095,1.5142134113734802
48,5,595,5860.000000000002,5027.188525759956,0.15812758669901528,3.7983358982985105,0.5152625364532715,0.8578820009829274
48,4,700,6910.000000000002,5027.188525759956,0.1584130155558727,3.9895969916144414,0.45979793212167436,0.7275236650882713
49,3,630,6210.000000000002,4125.184815328134,0.15612958470101326,3.4656213993386373,0.35943315200597453,0.6642809686518732
49,0,620,6110.000000000002,4125.184815328134,0.13757670900528043,3.0902097874436056,0.28703514810306535,0.6751529975987125
49,6,440,4310.000000000002,4125.184815328134,0.09604681033252462,2.025400715795174,0.18619158378670578,0.9571194467118638
49,1,620,6110.000000000002,4125.184815328134,0.1374339945768517,3.081001934753081,0.2858830066015847,0.6751529975987125
49,4,315,3060.0000000000014,4125.184815328134,0.1584130155558727,3.022444822757988,0.6454628131760538,1.3480996128523308
49,5,175,1660.0000008844675,4125.184815328134,0.15812758669901528,2.570902046133025,1.01024915300213,2.485051092247101
49,2,210,2010.0000000221403,4125.184815328134,0.156272299129442,2.505123597193709,0.8034493663257203,2.0523307538719875
50,3,700,6910.000000000002,5381.67404024547,0.15612958470101326,3.5267948681848917,0.4288493409380662,0.7788240289790836
50,0,434,4250.000000000002,5381.67404024547,0.13757670900528043,3.484708692616777,0.607071514091085,1.2662762447636393
50,2,630,6210.000000000002,5381.67404024547,0.156272299129442,3.4135008046030095,0.4622828698746731,0.8666141771731832
50,6,352,3430.000000000001,5381.67404024547,0.09604681033252462,2.2921808063179276,0.34542605125954884,1.5690011779141306
50,1,620,6110.000000000002,5381.67404024547,0.1374339945768517,3.9122263522349274,0.4735810577173496,0.880797715261124
50,5,315,3060.0000000000014,5381.67404024547,0.15812758669901528,2.2649180190968035,0.6298774969837101,1.7587170066161657
50,4,700,6910.000000000002,5381.67404024547,0.1584130155558727,3.1313516941038815,0.3863332176727894,0.7788240289790836
51,4,700,6910.000000000002,5428.194662480451,0.1584130155558727,3.2490833275073676,0.40432358672392277,0.785556391097026
51,0,558,5490.000000000002,5428.194662480451,0.13757670900528043,3.472284790043278,0.4723275996557092,0.9887421971731238
51,2,700,6910.000000000002,5428.194662480451,0.156272299129442,3.6613569471387524,0.4494707539823056,0.785556391097026
51,5,315,3060.0000000000014,5428.194662480451,0.15812758669901528,2.5004844506516166,0.7014000432012363,1.773919824340016
51,6,242,2330.000000000761,5428.194662480451,0.09604681033252462,1.4723603264810254,0.3294553360341453,2.3296972800337676
51,1,527,5180.000000000002,5428.194662480451,0.1374339945768517,3.435177580087169,0.4947308769145998,1.0479140275058783
51,3,700,6910.000000000002,5428.194662480451,0.15612958470101326,3.6313293981897266,0.4453774417750169,0.785556391097026
52,5,280,2710.0000000000146,4083.212501783936,0.15812758669901528,2.402127965639354,0.5723167726171128,1.506720480363068
52,1,620,6110.000000000002,4083.212501783936,0.1374339945768517,3.5573738603535183,0.3267265683479628,0.6682835518467979
52,2,700,6910.000000000002,4083.212501783936,0.156272299129442,3.7031320261419283,0.34195986169019355,0.5909135313724942
52,3,315,3060.0000000000014,4083.212501783936,0.15612958470101326,2.9741520698510993,0.6196249985179103,1.3343831705176257
52,4,280,2710.0000000000146,4083.212501783936,0.1584130155558727,2.3838743477173994,0.5689929863811802,1.506720480363068
52,0,310,3010.0000000000014,4083.212501783936,0.13757670900528043,2.8282016956075333,0.5278260028681635,1.3565490039149284
52,6,440,4310.000000000002,4083.212501783936,0.09604681033252462,1.9167891342802184,0.1744142632588309,0.9473810909011449
53,5,595,5860.000000000002,4845.962614336451,0.15812758669901528,2.940458353348434,0.38450776878578596,0.8269560775318173
53,6,440,4310.000000000002,4845.962614336451,0.09604681033252462,2.2778203524289182,0.24598306293442812,1.1243532747880391
53,2,700,6910.000000000002,4845.962614336451,0.156272299129442,3.6825012284524723,0.4035774705336004,0.7012970498316136
53,1,279,2700.0000000000164,4845.962614336451,0.1374339945768517,2.737405203312226,0.6752266164706203,1.7948009682727488
53,0,558,5490.000000000002,4845.962614336451,0.13757670900528043,3.5697107111862763,0.4334965581644609,0.8826890007898816
53,3,140,1310.0000353340838,4845.962614336451,0.15612958470101326,2.2151624283657108,1.2793799288133412,3.6992080027697143
53,4,700,6910.000000000002,4845.962614336451,0.1584130155558727,3.1284994478903467,0.3475593336460566,0.7012970498316136
54,4,455,4460.000000000002,4227.20016350534,0.1584130155558727,3.464014732834253,0.52010202628807,0.9478027272433495
54,1,279,2700.0000000000164,4227.20016350534,0.1374339945768517,2.6952150975005247,0.579931433323569,1.5656296901871536
54,0,310,3010.0000000000014,4227.20016350534,0.13757670900528043,2.8275582794996583,0.5463145894376457,1.404385436380511
54,5,700,6910.000000000002,4227.20016350534,0.15812758669901528,3.9287181523953207,0.3800434761004647,0.6117511090456352
54,2,105,960.0014115816389,4227.20016350534,0.156272299129442,1.438097163464319,0.9895805995000262,4.403327029010162
54,3,700,6910.000000000002,4227.20016350534,0.15612958470101326,2.9906036324907377,0.28563986973711614,0.6117511090456352
54,6,440,4310.000000000002,4227.20016350534,0.09604681033252462,2.3722969015684514,0.22347427187264624,0.9807889010453221
55,5,630,6210.000000000002,4615.578707007336,0.15812758669901528,3.8786032779981454,0.45584538679093295,0.7432493892121311
55,1,248,2390.0000000004047,4615.578707007336,0.1374339945768517,2.4760537581502806,0.6571772176652801,1.9312044799190602
55,6,440,4310.000000000002,4615.578707007336,0.09604681033252462,2.4907761132308415,0.2561925697212122,1.070899932020263
55,2,315,3060.0000000000014,4615.578707007336,0.156272299129442,2.1956590174660726,0.5175491886594837,1.50835905457756
55,4,700,6910.000000000002,4615.578707007336,0.1584130155558727,4.007593047849472,0.4240553918520008,0.6679563975408588
55,3,315,3060.0000000000014,4615.578707007336,0.15612958470101326,2.182309778957038,0.5139328023678328,1.50835905457756
55,0,620,6110.000000000002,4615.578707007336,0.13757670900528043,3.5308700921793967,0.3669539835274393,0.7554138636673214
56,6,308,2990.000000000002,5393.766233766322,0.09604681033252462,1.829797927645605,0.31703485393025765,1.8039351952395717
56,2,245,2360.000000000555,5393.766233766322,0.156272299129442,2.16708225238096,0.7739938579071604,2.2854941668495994
56,4,700,6910.000000000002,5393.766233766322,0.1584130155558727,3.934733718136783,0.48654193838413534,0.7805739846260956
56,3,700,6910.000000000002,5393.766233766322,0.15612958470101326,3.1172030706773066,0.37989569547786656,0.7805739846260956
56,0,589,5800.000000000002,5393.766233766322,0.13757670900528043,3.367797496853722,0.4308786871637579,0.9299596954769518
56,1,620,6110.000000000002,5393.766233766322,0.1374339945768517,3.443588171580306,0.4177883128692883,0.8827767976704289
56,5,595,5860.000000000002,5393.766233766322,0.15812758669901528,3.74566831119705,0.5451693908208826,0.920437923850908
57,1,620,6110.000000000002,4196.293157213089,0.1374339945768517,3.6295365938339663,0.34258627480481296,0.6867910240937951
57,4,700,6910.000000000002,4196.293157213089,0.1584130155558727,3.7869924982285785,0.36431166692465294,0.6072783150814889
57,3,35,262.252839954494,4196.293157213089,0.15612958470101326,0.939493164700069,2.3470613951952433,16.00094457677266
57,6,330,3210.000000000001,4196.293157213089,0.09604681033252462,1.753718160832756,0.22019301319963677,1.3072564352688747
57,2,105,960.0014115816389,4196.293157213089,0.156272299129442,1.7700440180428167,1.209093865044554,4.37113227812815
57,0,496,4870.000000000001,4196.293157213089,0.13757670900528043,3.3942106716443714,0.40236534679754754,0.8616618392634678
57,5,700,6910.000000000002,4196.293157213089,0.15812758669901528,3.789562240413005,0.363902015307253,0.6072783150814889
58,1,31,223.43368382029254,4033.7795187408337,0.1374339945768517,1.465407608711034,3.6359350980775464,18.053587309535647
58,5,700,6910.000000000002,4033.7795187408337,0.15812758669901528,5.357005422921291,0.4944972014236318,0.5837596988047514
58,4,700,6910.000000000002,4033.7795187408337,0.1584130155558727,5.359791806476493,0.49564746684336103,0.5837596988047514
58,3,70,610.0563920873398,4033.7795187408337,0.15612958470101326,1.3441806848430562,1.3876662622993838,6.612142043031541
58,0,465,4560.000000000002,4033.7795187408337,0.13757670900528043,4.869590382821858,0.5926314039548268,0.8846007716536912
58,6,22,138.8629381196525,4033.7795187408337,0.09604681033252462,1.2403608349917703,3.4606429857512904,29.04864014374441
58,2,700,6910.000000000002,4033.7795187408337,0.156272299129442,2.6924891631001104,0.24562359010426485,0.5837596988047514
59,1,558,5490.000000000002,4536.286663672057,0.1374339945768517,5.400392522818687,0.6132642434953024,0.8262817238018316
59,4,35,262.252839954494,4536.286663672057,0.1584130155558727,1.3854130278566756,3.7962116704547486,17.297378607832012
59,5,700,6910.000000000002,4536.286663672057,0.15812758669901528,6.0572988876264295,0.6287950158440156,0.6564814274489228
59,6,440,4310.000000000002,4536.286663672057,0.09604681033252462,0.04564315937053923,0.004614045427873848,1.052502706188412
59,3,665,6560.000000000001,4536.286663672057,0.15612958470101326,8.585591835980772,0.9269410051044044,0.6915071133646428
59,0,620,6110.000000000002,4536.286663672057,0.13757670900528043,5.38979882629691,0.5505246290843633,0.7424364424995181
59,2,245,2360.000000000555,4536.286663672057,0.156272299129442,8.265194286573099,2.482696070469493,1.9221553659622843
60,6,198,1890.0000000783903,4671.649784321905,0.09604681033252462,3.4030950992109545,0.8079146923225204,2.4717723725545726
60,4,525,5160.000000000001,4671.649784321905,0.1584130155558727,2.4959380956491377,0.3579688589235884,0.9053584853337023
60,5,700,6910.000000000002,4671.649784321905,0.15812758669901528,2.818823261506949,0.3013475883322763,0.6760708805096821
60,0,341,3320.0000000000014,4671.649784321905,0.13757670900528043,3.5783040681369473,0.692714618631659,1.4071234290126213
60,3,700,6910.000000000002,4671.649784321905,0.15612958470101326,6.043304405767368,0.6378989768930975,0.6760708805096821
60,2,140,1310.0000353340838,4671.649784321905,0.156272299129442,4.070086250772249,2.268216915232462,3.5661447773400354
60,1,620,6110.000000000002,4671.649784321905,0.1374339945768517,4.265499173993343,0.4482219281595525,0.7645907993980202
61,2,700,6910.000000000002,4967.311939111539,0.156272299129442,3.0550916267675707,0.34320185620521415,0.7188584571796726
61,4,700,6910.000000000002,4967.311939111539,0.1584130155558727,4.1317008102892565,0.47050377589751924,0.7188584571796726
61,6,22,138.8629381196525,4967.311939111539,0.09604681033252462,0.13762211190006374,0.4728313335927918,35.77132967495913
61,0,279,2700.0000000000164,4967.311939111539,0.13757670900528043,2.719460598225113,0.6883120250118495,1.839745162633892
61,5,595,5860.000000000002,4967.311939111539,0.15812758669901528,3.9616726610790063,0.5310189861410727,0.847664153432003
61,3,420,4110.000000000002,4967.311939111539,0.15612958470101326,2.6351907862058406,0.4972523906975105,1.208591712679206
61,1,620,6110.000000000002,4967.311939111539,0.1374339945768517,3.4927493502217426,0.390249013376531,0.8129806774323302
62,2,700,6910.000000000002,3587.8989869489683,0.156272299129442,3.4042801475982674,0.276229116256492,0.519232849051949
62,5,105,960.0014115816389,3587.8989869489683,0.15812758669901528,2.4226133616611465,1.4317265775518113,3.737389282623833
62,1,31,223.43368382029254,3587.8989869489683,0.1374339945768517,0.5951199613628159,1.3133795466490825,16.058003992964245
62,6,440,4310.000000000002,3587.8989869489683,0.09604681033252462,1.7664475598303364,0.14123639804704563,0.8324591617050967
62,4,280,2710.0000000000146,3587.8989869489683,0.1584130155558727,2.9967015286360987,0.6284999786954124,1.323947965663819
62,0,620,6110.000000000002,3587.8989869489683,0.13757670900528043,3.3280773542744524,0.26886689122533064,0.5872175101389472
62,3,420,4110.000000000002,3587.8989869489683,0.15612958470101326,2.9375036420386382,0.40037043865150096,0.8729681233452474
63,2,490,4810.000000000001,5558.95104895105,0.156272299129442,3.998688666463392,0.7221831758905649,1.155707078784002
63,1,620,6110.000000000002,5558.95104895105,0.1374339945768517,3.7893112615921374,0.4738120370947672,0.9098119556384695
63,0,620,6110.000000000002,5558.95104895105,0.13757670900528043,3.8067463738834264,0.4764863881793923,0.9098119556384695
63,3,665,6560.000000000001,5558.95104895105,0.15612958470101326,4.363348023823855,0.5772900456017779,0.847401074535221
63,4,560,5510.000000000002,5558.95104895105,0.1584130155558727,3.078379911839746,0.49198779432624534,1.0088840379221504
63,5,525,5160.000000000001,5558.95104895105,0.15812758669901528,2.99371423819927,0.5099893816705127,1.0773160947579552
63,6,440,4310.000000000002,5558.95104895105,0.09604681033252462,3.6390472574759674,0.4508024023713593,1.2897798257427024
64,2,280,2710.0000000000146,5306.414641351243,0.156272299129442,2.730760458004993,0.8355982060973716,1.9580865835244332
64,0,620,6110.000000000002,5306.414641351243,0.13757670900528043,3.535381467118101,0.4224167878089116,0.8684803013668152
64,4,700,6910.000000000002,5306.414641351243,0.1584130155558727,3.381872671279701,0.41140659444858024,0.767932654320006
64,6,44,350.8727963568088,5306.414641351243,0.09604681033252462,0.41076226513111014,0.5966573176088475,15.123471230739288
64,1,589,5800.000000000002,5306.414641351243,0.1374339945768517,3.49384025994258,0.43930930647764466,0.9148990760950415
64,3,665,6560.000000000001,5306.414641351243,0.15612958470101326,3.510333798432708,0.4433339224027841,0.8089046709376894
64,5,700,6910.000000000002,5306.414641351243,0.15812758669901528,3.36054340168567,0.4080752795733948,0.767932654320006
65,2,700,6910.000000000002,4087.4513435258796,0.156272299129442,3.195768262208078,0.29541451453799356,0.5915269672251633
65,1,620,6110.000000000002,4087.4513435258796,0.1374339945768517,3.661609021052706,0.33664915188163086,0.6689773066327133
65,6,198,1890.0000000783903,4087.4513435258796,0.09604681033252462,1.1051157588892884,0.22955222699809816,2.1626726684425117
65,4,700,6910.000000000002,4087.4513435258796,0.1584130155558727,3.7246344920126355,0.3490190005767865,0.5915269672251633
65,0,279,2700.0000000000164,4087.4513435258796,0.13757670900528043,2.854490682497851,0.5945143994285392,1.5138708679725388
65,5,105,960.0014115816389,4087.4513435258796,0.15812758669901528,2.408208890564745,1.6213714541658566,4.257755555579494
65,3,245,2360.000000000555,4087.4513435258796,0.15612958470101326,2.377265721473362,0.6428409372748509,1.7319709082732706
66,5,700,6910.000000000002,5255.648637077212,0.15812758669901528,3.062410814698542,0.368314967824826,0.7605859098519842
66,3,665,6560.000000000001,5255.648637077212,0.15612958470101326,3.705109911081164,0.46345629337361494,0.8011659507739651
66,2,490,4810.000000000001,5255.648637077212,0.156272299129442,3.3563253170941376,0.5730958944031623,1.0926504442987963
66,4,490,4810.000000000001,5255.648637077212,0.1584130155558727,2.642266743568582,0.4573500875925391,1.0926504442987963
66,1,620,6110.000000000002,5255.648637077212,0.1374339945768517,3.962829632513358,0.4684731277905109,0.8601716263628822
66,0,279,2700.0000000000164,5255.648637077212,0.13757670900528043,2.9451760225061387,0.7887125137341946,1.9465365322508075
66,6,440,4310.000000000002,5255.648637077212,0.09604681033252462,2.877145415821303,0.3369719972763033,1.2194080364448283
67,2,210,2010.0000000221403,5078.428714146461,0.156272299129442,2.503622138762305,0.9885168762866077,2.5265814497962795
67,4,560,5510.000000000002,5078.428714146461,0.1584130155558727,3.2759530368107943,0.4783065082403235,0.9216749027489037
67,5,490,4810.000000000001,5078.428714146461,0.15812758669901528,3.1312206614751554,0.5227639143351756,1.0558063854774344
67,0,620,6110.000000000002,5078.428714146461,0.13757670900528043,3.4005184528307453,0.3888465075701079,0.8311667289928739
67,6,396,3870.0000000000014,5078.428714146461,0.09604681033252462,1.8907401120034393,0.23830501404850182,1.3122554816915915
67,3,700,6910.000000000002,5078.428714146461,0.15612958470101326,3.538084023442688,0.4059800196185728,0.7349390324379826
67,1,620,6110.000000000002,5078.428714146461,0.1374339945768517,3.402789833660777,0.38870260093631426,0.8311667289928739
68,0,186,1770.0000002775555,5537.997716607332,0.13757670900528043,2.3647387251892518,1.017905792570174,3.128812268779047
68,5,630,6210.000000000002,5537.997716607332,0.15812758669901528,3.4912811261769128,0.49232697945074555,0.8917870719174446
68,4,700,6910.000000000002,5537.997716607332,0.1584130155558727,3.6075231810719655,0.4580097430937237,0.80144684755533
68,3,630,6210.000000000002,5537.997716607332,0.15612958470101326,3.012292668151214,0.4194145971411616,0.8917870719174446
68,6,440,4310.000000000002,5537.997716607332,0.09604681033252462,2.1494437286043824,0.26526779591784616,1.2849182637139978
68,2,700,6910.000000000002,5537.997716607332,0.156272299129442,3.121429326780897,0.39094011199197376,0.80144684755533
68,1,558,5490.000000000002,5537.997716607332,0.1374339945768517,3.619283146399405,0.5017612955323685,1.008742753480388
69,6,440,4310.000000000002,4206.873132474007,0.09604681033252462,2.1121087239471446,0.19800737305676872,0.976072652546173
69,0,620,6110.000000000002,4206.873132474007,0.13757670900528043,3.0974746372818123,0.29340727657231486,0.6885226076062203
69,1,403,3940.000000000001,4206.873132474007,0.1374339945768517,2.62014073537941,0.38448728484852696,1.067734297582235
69,2,700,6910.000000000002,4206.873132474007,0.156272299129442,3.6460758682801533,0.34688783569348625,0.6088094258283656
69,3,525,5160.000000000001,4206.873132474007,0.15612958470101326,3.3338762479691306,0.4243697246702521,0.8152854907895362
69,5,210,2010.0000000221403,4206.873132474007,0.15812758669901528,2.5860818023103893,0.8558807505258684,2.092971707675457
69,4,140,1310.0000353340838,4206.873132474007,0.1584130155558727,2.3152967161504057,1.1778381713857478,3.211353449621203
70,0,620,6110.000000000002,5297.02012273441,0.13757670900528043,3.940979599778486,0.4700450848322402,0.866942736945075
70,5,455,4460.000000000002,5297.02012273441,0.15812758669901528,2.190192758039859,0.4113265525026149,1.1876726732588359
70,2,700,6910.000000000002,5297.02012273441,0.156272299129442,4.146506651442274,0.49672720174300095,0.7665731002509998
70,4,700,6910.000000000002,5297.02012273441,0.1584130155558727,2.7013324824029,0.3280367326369624,0.7665731002509998
70,6,330,3210.000000000001,5297.02012273441,0.09604681033252462,2.3826411157381155,0.3776314611276482,1.6501620320044885
70,3,420,4110.000000000002,5297.02012273441,0.15612958470101326,3.5811741946911124,0.720610277414342,1.2888126819305128
70,1,465,4560.000000000002,5297.02012273441,0.1374339945768517,3.5820003752263876,0.571855861204252,1.1616272198978963
71,0,310,3010.0000000000014,4003.4070846695013,0.13757670900528043,2.813466382504142,0.51481347334495,1.3300355763021592
71,4,700,6910.000000000002,4003.4070846695013,0.1584130155558727,3.3592757048792334,0.3083104295634392,0.5793642669565123
71,2,70,610.0563920873398,4003.4070846695013,0.156272299129442,1.825252405184669,1.8718226687584063,6.56235577004879
71,6,396,3870.0000000000014,4003.4070846695013,0.09604681033252462,1.8130233834287497,0.18013791866162823,1.0344721149016796
71,1,620,6110.000000000002,4003.4070846695013,0.1374339945768517,3.5925792106434464,0.3235110097467101,0.6552221087838789
71,3,70,610.0563920873398,4003.4070846695013,0.15612958470101326,1.8715820928388556,1.9175816148695295,6.56235577004879
71,5,700,6910.000000000002,4003.4070846695013,0.15812758669901528,3.3634875538514404,0.3081407773895216,0.5793642669565123
72,1,465,4560.000000000002,4516.857651898906,0.1374339945768517,4.836695398810031,0.6584373656107237,0.9905389587497596
72,5,560,5510.000000000002,4516.857651898906,0.15812758669901528,5.12060546340649,0.6637641055981918,0.8197563796549735
72,4,105,960.0014115816389,4516.857651898906,0.1584130155558727,3.2708473835896705,2.437898804056479,4.705053135762801
72,2,700,6910.000000000002,4516.857651898906,0.156272299129442,2.8084322893087443,0.2868826711639726,0.6536697036033147
72,0,620,6110.000000000002,4516.857651898906,0.13757670900528043,5.187574663563391,0.5275996158765787,0.739256571505549
72,6,440,4310.000000000002,4516.857651898906,0.09604681033252462,4.505147614554857,0.45347265760988964,1.0479948148257316
72,3,350,3410.000000000001,4516.857651898906,0.15612958470101326,2.1124912012723533,0.43687997463188405,1.3245916867738723
73,2,700,6910.000000000002,5423.390894819468,0.156272299129442,4.368563701243971,0.535813355919212,0.784861200408027
73,0,496,4870.000000000001,5423.390894819468,0.13757670900528043,3.671538684308995,0.5625161183645434,1.113632627272991
73,1,403,3940.000000000001,5423.390894819468,0.1374339945768517,3.4566527321841485,0.6539199789685285,1.3764951509694077
73,3,420,4110.000000000002,5423.390894819468,0.15612958470101326,3.9091229063342605,0.8053666016005585,1.3195598284232275
73,5,700,6910.000000000002,5423.390894819468,0.15812758669901528,2.6193080139011875,0.3250776225328909,0.784861200408027
73,4,630,6210.000000000002,5423.390894819468,0.1584130155558727,2.519568947474303,0.34857514444028986,0.873331867120687
73,6,440,4310.000000000002,5423.390894819468,0.09604681033252462,1.850522103016277,0.22365100856584957,1.2583273537864188
74,1,186,1770.0000002775555,4646.450692203124,0.1374339945768517,2.145859486082097,0.7741827963864627,2.6251133850138473
74,4,700,6910.000000000002,4646.450692203124,0.1584130155558727,3.4442964772400813,0.3668889858005484,0.6724241233289614
74,6,396,3870.0000000000014,4646.450692203124,0.09604681033252462,1.8702184991648765,0.2156679762072768,1.2006332537992566
74,0,620,6110.000000000002,4646.450692203124,0.13757670900528043,3.4019606776840643,0.355921586340447,0.760466561735372
74,3,700,6910.000000000002,4646.450692203124,0.15612958470101326,3.6085133436760253,0.3788408527581815,0.6724241233289614
74,5,350,3410.000000000001,4646.450692203124,0.15812758669901528,2.766827065306109,0.5961514602004648,1.3625955109100067
74,2,315,3060.0000000000014,4646.450692203124,0.156272299129442,2.8852048428494794,0.684634153564937,1.5184479386284713
75,0,279,2700.0000000000164,4294.843425618007,0.13757670900528043,2.4201219104348572,0.5296216517810797,1.5906827502288818
75,5,420,4110.000000000002,4294.843425618007,0.15812758669901528,3.0287312476015242,0.5004652124827397,1.044974069493432
75,2,700,6910.000000000002,4294.843425618007,0.156272299129442,3.5128951511032254,0.34120585711245877,0.6215402931429821
75,1,620,6110.000000000002,4294.843425618007,0.1374339945768517,3.3439017019148345,0.3230381373008021,0.7029203642582661
75,4,700,6910.000000000002,4294.843425618007,0.1584130155558727,3.584093836170557,0.3528901376166402,0.6215402931429821
75,3,140,1310.0000353340838,4294.843425618007,0.15612958470101326,2.1115076876012506,1.0808213121885923,3.2785063433396866
75,6,66,570.0859504455718,4294.843425618007,0.09604681033252462,0.7899347810550439,0.5715854704820021,7.533677022317797
76,0,527,5180.000000000002,4374.170491560884,0.13757670900528043,3.4219493169383046,0.39754329772931946,0.8444344578302863
76,5,140,1310.0000353340838,4374.170491560884,0.15812758669901528,2.4159036567199186,1.2755916073362878,3.3390613538764966
76,6,440,4310.000000000002,4374.170491560884,0.09604681033252462,2.0440861387088933,0.19925103053427584,1.014888745141736
76,3,665,6560.000000000001,4374.170491560884,0.15612958470101326,3.0052806148084774,0.31286868845148275,0.6667942822501347
76,1,620,6110.000000000002,4374.170491560884,0.1374339945768517,3.61159515566429,0.35534296981830993,0.7159035174404064
76,2,700,6910.000000000002,4374.170491560884,0.156272299129442,3.0793843308324154,0.3046236070927586,0.6330203316296502
76,4,70,610.0563920873398,4374.170491560884,0.1584130155558727,1.909244188522367,2.168593057790555,7.170108449473715
77,6,154,1450.0000080833054,4708.602832109353,0.09604681033252462,2.9624271908633526,0.9239632266843284,3.2473122799036798
77,0,620,6110.000000000002,4708.602832109353,0.13757670900528043,4.873218529442254,0.5166681050706988,0.7706387613926925
77,4,700,6910.000000000002,4708.602832109353,0.1584130155558727,2.485069516858336,0.26825227605194546,0.681418644299472
77,2,700,6910.000000000002,4708.602832109353,0.156272299129442,4.954516360494106,0.5275908812005929,0.681418644299472
77,5,140,1310.0000353340838,4708.602832109353,0.15812758669901528,1.0335576041120995,0.5874394134448605,3.594353210004714
77,1,403,3940.000000000001,4708.602832109353,0.1374339945768517,4.3200361579192466,0.709540825814418,1.1950768609414597
77,3,525,5160.000000000001,4708.602832109353,0.15612958470101326,4.637128522721307,0.6606579955333983,0.9125199287033627
78,3,280,2710.0000000000146,4633.439417725135,0.15612958470101326,3.009948373558132,0.8034862503159386,1.7097562427029926
78,4,350,3410.000000000001,4633.439417725135,0.1584130155558727,2.8227100765959228,0.6075838827455545,1.3587798878959336
78,5,700,6910.000000000002,4633.439417725135,0.15812758669901528,3.3800013066217214,0.358385106003329,0.6705411603075447
78,2,700,6910.000000000002,4633.439417725135,0.156272299129442,3.741352982990767,0.3920451878859028,0.6705411603075447
78,0,496,4870.000000000001,4633.439417725135,0.13757670900528043,3.4179973091440847,0.4473950355083299,0.9514249317710748
78,6,440,4310.000000000002,4633.439417725135,0.09604681033252462,1.4442122276596128,0.14912147242656937,1.0750439484281051
78,1,310,3010.0000000000014,4633.439417725135,0.1374339945768517,2.9722798385281455,0.628812054460262,1.5393486437625026
79,6,440,4310.000000000002,4512.198025810708,0.09604681033252462,2.21976251136786,0.22320316072762764,1.0469136950836904
79,3,490,4810.000000000001,4512.198025810708,0.15612958470101326,3.087243530972608,0.4521673176013982,0.9380869076529537
79,5,630,6210.000000000002,4512.198025810708,0.15812758669901528,3.3738274839834888,0.38763864397904996,0.7266019365234632
79,0,620,6110.000000000002,4512.198025810708,0.13757670900528043,3.512485267301346,0.356866982482313,0.738493948577857
79,4,105,960.0014115816389,4512.198025810708,0.1584130155558727,1.9245430352884876,1.432962310359293,4.700199365724567
79,2,350,3410.000000000001,4512.198025810708,0.156272299129442,2.726189357617321,0.5637308368205989,1.3232252275104712
79,1,620,6110.000000000002,4512.198025810708,0.1374339945768517,3.515570914920339,0.3568099637713409,0.738493948577857
80,5,700,6910.000000000002,4996.901695965244,0.15812758669901528,2.8681551992473895,0.32796919132112823,0.7231406217026399
80,3,700,6910.000000000002,4996.901695965244,0.15612958470101326,3.7624720400293734,0.424796807329986,0.7231406217026399
80,6,440,4310.000000000002,4996.901695965244,0.09604681033252462,2.6363623576213886,0.2935699401596972,1.1593739433794064
80,1,124,1150.0001906837483,4996.901695965244,0.1374339945768517,2.0095808285399577,1.2000588438176993,4.345131189060297
80,4,630,6210.000000000002,4996.901695965244,0.1584130155558727,2.7431853363113743,0.34966745883265643,0.804654057321295
80,0,465,4560.000000000002,4996.901695965244,0.13757670900528043,3.714286260695225,0.559959028315516,1.095811775430974
80,2,420,4110.000000000002,4996.901695965244,0.156272299129442,3.2047505979336828,0.6088849263099321,1.2157911669015187
81,5,700,6910.000000000002,4460.665057123756,0.15812758669901528,3.8106299159912917,0.3889788448635757,0.6455376348948993
81,3,210,2010.0000000221403,4460.665057123756,0.15612958470101326,2.529222291808031,0.8763463095195244,2.219236346803294
81,0,310,3010.0000000000014,4460.665057123756,0.13757670900528043,2.2719022652459238,0.46319907079454076,1.48194852396138
81,4,700,6910.000000000002,4460.665057123756,0.1584130155558727,3.8340291583998933,0.3920738158534349,0.6455376348948993
81,6,132,1230.0000820831015,4460.665057123756,0.09604681033252462,1.230525384155806,0.4286156234988165,3.626556714995718
81,2,385,3760.0000000000014,4460.665057123756,0.156272299129442,3.0338011550989012,0.562446065677424,1.186347089660573
81,1,620,6110.000000000002,4460.665057123756,0.1374339945768517,3.0342516165498687,0.30444171901346373,0.7300597474834296
82,5,350,3410.000000000001,3984.5041529353957,0.15812758669901528,3.2852445100144245,0.6070091615994075,1.1684762911834001
82,2,245,2360.000000000555,3984.5041529353957,0.156272299129442,2.102265914017464,0.554666493019558,1.6883492173451098
82,0,620,6110.000000000002,3984.5041529353957,0.13757670900528043,3.5062766784573003,0.3145749766514548,0.6521283392692954
82,3,140,1310.0000353340838,3984.5041529353957,0.15612958470101326,1.8101190631544022,0.8595978549825158,3.0416061415748317
82,6,110,1010.0008335248422,3984.5041529353957,0.09604681033252462,0.9882637171277652,0.37446251465856417,3.94505036102764
82,1,620,6110.000000000002,3984.5041529353957,0.1374339945768517,3.5115976200908467,0.31472554134115815,0.6521283392692954
82,4,700,6910.000000000002,3984.5041529353957,0.1584130155558727,3.998030874025178,0.3652020790753622,0.5766286762569313
83,3,105,960.0014115816389,3962.7474732770197,0.15612958470101326,1.3223853299219273,0.852251458809579,4.127855881741093
83,5,385,3760.0000000000014,3962.7474732770197,0.15812758669901528,3.2766099725600295,0.5460607288517564,1.0539222003396325
83,2,560,5510.000000000002,3962.7474732770197,0.156272299129442,2.4911218985218846,0.27997662888956903,0.7191919189250487
83,6,440,4310.000000000002,3962.7474732770197,0.09604681033252462,2.298078753962121,0.20293968500891915,0.9194309682777304
83,4,175,1660.0000008844675,3962.7474732770197,0.1584130155558727,2.6157533164067255,0.9891814314910615,2.387197271786519
83,0,620,6110.000000000002,3962.7474732770197,0.13757670900528043,3.964177662045985,0.3537147854108422,0.6485675079013123
83,1,620,6110.000000000002,3962.7474732770197,0.1374339945768517,3.942099553977459,0.35137992426545167,0.6485675079013123
84,5,700,6910.000000000002,4967.857882664384,0.15812758669901528,3.3255008178721144,0.3780557239055157,0.7189374649297225
84,4,700,6910.000000000002,4967.857882664384,0.1584130155558727,3.3408482787981986,0.3804860427321456,0.7189374649297225
84,2,630,6210.000000000002,4967.857882664384,0.156272299129442,3.0286758041813977,0.37862767344875053,0.7999771147607702
84,1,217,2080.00000001059,4967.857882664384,0.1374339945768517,2.822005992433918,0.9263133638295762,2.388393212807255
84,0,124,1150.0001906837483,4967.857882664384,0.13757670900528043,2.066130607458637,1.227930929706023,4.319875703421125
84,3,700,6910.000000000002,4967.857882664384,0.15612958470101326,3.140036984151913,0.3524610119471802,0.7189374649297225
84,6,308,2990.000000000002,4967.857882664384,0.09604681033252462,2.305309378062196,0.3678833552102102,1.6614909306569836
85,5,35,262.252839954494,4101.1825526892835,0.15812758669901528,0.9793311129322145,2.42173208788394,15.638276990254592
85,2,420,4110.000000000002,4101.1825526892835,0.156272299129442,3.3727077283764775,0.5259300535952408,0.9978546356908228
85,1,620,6110.000000000002,4101.1825526892835,0.1374339945768517,2.7122178397099654,0.25019961019641135,0.671224640374678
85,6,440,4310.000000000002,4101.1825526892835,0.09604681033252462,2.22980637094448,0.20378955908183385,0.9515504762620144
85,0,558,5490.000000000002,4101.1825526892835,0.13757670900528043,2.609056833947931,0.2681422274101896,0.7470277873750969
85,4,700,6910.000000000002,4101.1825526892835,0.1584130155558727,3.971464537131898,0.3733985300583974,0.5935141176106052
85,3,210,2010.0000000221403,4101.1825526892835,0.15612958470101326,2.735628965853229,0.8714760208576093,2.040389329673686
86,6,286,2770.000000000008,4263.586419103114,0.09604681033252462,3.251730585047547,0.4807206782359919,1.5392008733224194
86,1,620,6110.000000000002,4263.586419103114,0.1374339945768517,4.500657977936498,0.43162246439982926,0.697804651244372
86,2,280,2710.0000000000146,4263.586419103114,0.156272299129442,3.105875010176255,0.7636102606690609,1.573279121440255
86,4,700,6910.000000000002,4263.586419103114,0.1584130155558727,3.054115112348286,0.2985198990399338,0.6170168479165142
86,3,140,1310.0000353340838,4263.586419103114,0.15612958470101326,2.39485057442806,1.2169350178500435,3.2546460336665484
86,0,620,6110.000000000002,4263.586419103114,0.13757670900528043,4.49155751753977,0.43119701111692954,0.697804651244372
86,5,385,3760.0000000000014,4263.586419103114,0.15812758669901528,2.3236965184303524,0.41665277189570665,1.1339325582721045
87,5,595,5860.000000000002,5476.196661258754,0.15812758669901528,3.7567479982334833,0.5551382176182984,0.9345045497028588
87,1,279,2700.0000000000164,5476.196661258754,0.1374339945768517,3.1139101177649278,0.8679915838299572,2.028220985651378
87,2,665,6560.000000000001,5476.196661258754,0.156272299129442,2.669139710656421,0.3481997901763564,0.8347860764113954
87,4,700,6910.000000000002,5476.196661258754,0.1584130155558727,3.9294827336694937,0.49331830979688546,0.7925031347697181
87,0,620,6110.000000000002,5476.196661258754,0.13757670900528043,4.014449424212421,0.49500402824793316,0.8962678659997958
87,6,154,1450.0000080833054,5476.196661258754,0.09604681033252462,1.1612605363218254,0.42123422070552696,3.7766873315383704
87,3,700,6910.000000000002,5476.196661258754,0.15612958470101326,2.717327389245729,0.3362235733901959,0.7925031347697181
88,6,66,570.0859504455718,4870.300819844424,0.09604681033252462,0.5507776535943366,0.4519336788825043,8.54309918712759
88,0,341,3320.0000000000014,4870.300819844424,0.13757670900528043,2.744457230620156,0.5538843401652511,1.4669580782663922
88,4,700,6910.000000000002,4870.300819844424,0.1584130155558727,3.638701656864182,0.4062702760435826,0.7048192213957196
88,1,620,6110.000000000002,4870.300819844424,0.1374339945768517,3.342342932035162,0.36615060291064216,0.7971032438370577
88,3,700,6910.000000000002,4870.300819844424,0.15612958470101326,3.517179657921979,0.3870414665103387,0.7048192213957196
88,5,350,3410.000000000001,4870.300819844424,0.15812758669901528,2.968554518889746,0.6704309886120821,1.4282407096317955
88,2,525,5160.000000000001,4870.300819844424,0.156272299129442,3.205373567212943,0.47278831898925544,0.9438567480318649
89,1,620,6110.000000000002,4119.348108627876,0.1374339945768517,3.4104229626960243,0.3160019023274091,0.6741977264530074
89,3,105,960.0014115816389,4119.348108627876,0.15612958470101326,2.244012577590519,1.5033742716139742,4.290981303705682
89,4,35,262.252839954494,4119.348108627876,0.1584130155558727,1.045128710507838,2.6005723075044904,15.707544327614007
89,0,558,5490.000000000002,4119.348108627876,0.13757670900528043,3.306206994626333,0.341295927568777,0.7503366318083561
89,2,700,6910.000000000002,4119.348108627876,0.156272299129442,3.62705116995514,0.3378983964691933,0.5961429969070731
89,6,176,1670.0000007960207,4119.348108627876,0.09604681033252462,1.115156502047548,0.2641987692766188,2.4666755129726656
89,5,700,6910.000000000002,4119.348108627876,0.15812758669901528,3.4532796011493008,0.3255291113530219,0.5961429969070731
90,4,630,6210.000000000002,4443.80851818819,0.1584130155558727,3.3923449619416943,0.3845515859053601,0.7155891333636374
90,0,62,530.1310020508638,4443.80851818819,0.13757670900528043,1.9526251321341948,2.251831685576146,8.382472447370331
90,2,700,6910.000000000002,4443.80851818819,0.156272299129442,4.212997031941271,0.42339960116208336,0.643098193659651
90,3,175,1660.0000008844675,4443.80851818819,0.15612958470101326,2.745497230720522,1.147502032184417,2.676993081819564
90,5,700,6910.000000000002,4443.80851818819,0.15812758669901528,3.517671994413205,0.35771757158379563,0.643098193659651
90,6,440,4310.000000000002,4443.80851818819,0.09604681033252462,4.353881875366404,0.431159198329133,1.031046059904452
90,1,403,3940.000000000001,4443.80851818819,0.1374339945768517,4.419127956144099,0.6849988804401206,1.1278701822812662
91,6,330,3210.000000000001,4924.1601311860795,0.09604681033252462,0.893551882294938,0.13165272594800148,1.5340062713975322
91,3,700,6910.000000000002,4924.1601311860795,0.15612958470101326,3.6490577294689652,0.4059944144981571,0.7126136224581878
91,4,140,1310.0000353340838,4924.1601311860795,0.1584130155558727,3.653478333709784,2.1754958423249997,3.758900762113561
91,2,665,6560.000000000001,4924.1601311860795,0.156272299129442,3.607491315666252,0.42317073337536,0.7506341663393413
91,0,620,6110.000000000002,4924.1601311860795,0.13757670900528043,3.1410352891295226,0.3482640846338708,0.80591818841016
91,1,279,2700.0000000000164,4924.1601311860795,0.1374339945768517,2.6814177400085524,0.6720894083789293,1.8237630115503887
91,5,700,6910.000000000002,4924.1601311860795,0.15812758669901528,4.690047927195236,0.5284927620286046,0.7126136224581878
92,5,700,6910.000000000002,4579.469107925081,0.15812758669901528,3.153170990055478,0.330439724596032,0.6627306957923415
92,4,140,1310.0000353340838,4579.469107925081,0.1584130155558727,1.5043598307551052,0.8330794392982991,3.495777850690819
92,0,434,4250.000000000002,4579.469107925081,0.13757670900528043,3.169638198841171,0.4698733484047483,1.077522143041195
92,1,217,2080.00000001059,4579.469107925081,0.1374339945768517,2.319473515888253,0.7018355883155376,2.201667840337387
92,3,595,5860.000000000002,4579.469107925081,0.15612958470101326,3.8879579675613525,0.47437771992663785,0.7814793699530852
92,2,700,6910.000000000002,4579.469107925081,0.156272299129442,4.068542896885413,0.4213645426117703,0.6627306957923415
92,6,440,4310.000000000002,4579.469107925081,0.09604681033252462,2.9335423575262323,0.2993733751788011,1.062521834785401
93,3,700,6910.000000000002,4522.144384673964,0.15612958470101326,3.980300583259149,0.406693706572494,0.6544347879412392
93,5,700,6910.000000000002,4522.144384673964,0.15812758669901528,3.150794040850776,0.3260573807346272,0.6544347879412392
93,0,155,1460.0000072749747,4522.144384673964,0.13757670900528043,1.9077176770422888,0.8129252007515473,3.097359152151202
93,6,88,790.008464149783,4522.144384673964,0.09604681033252462,0.9123998222313833,0.5016269013909982,5.724172068891379
93,2,595,5860.000000000002,4522.144384673964,0.156272299129442,3.7859480198340263,0.4565658845913507,0.7716969939716659
93,1,620,6110.000000000002,4522.144384673964,0.1374339945768517,3.392800062300521,0.3451084962571163,0.7401218305522034
93,4,210,2010.0000000221403,4522.144384673964,0.1584130155558727,2.059388184171775,0.7339685397206368,2.2498230769274388
94,1,620,6110.000000000002,5295.511631225991,0.1374339945768517,3.244362782597476,0.38644731699604273,0.8666958479911603
94,5,700,6910.000000000002,5295.511631225991,0.15812758669901528,3.3032056606109195,0.40028852081710087,0.766354794678146
94,3,490,4810.000000000001,5295.511631225991,0.15612958470101326,3.5610132630343543,0.6120989656545768,1.1009379690698524
94,2,490,4810.000000000001,5295.511631225991,0.156272299129442,3.5549349041900538,0.6116127131277306,1.1009379690698524
94,4,700,6910.000000000002,5295.511631225991,0.1584130155558727,3.3296791150413894,0.4042249558373537,0.766354794678146
94,6,242,2330.000000000761,5295.511631225991,0.09604681033252462,1.5843008524954914,0.34583791789122376,2.2727517730576228
94,0,403,3940.000000000001,5295.511631225991,0.13757670900528043,2.7638034297406677,0.5110504467651233,1.3440384850827385
95,5,560,5510.000000000002,5621.087483944628,0.15812758669901528,3.4099365842748632,0.5500759923313103,1.0201610678665383
95,4,700,6910.000000000002,5621.087483944628,0.1584130155558727,3.6437000326228923,0.4695434373353324,0.8134714159109445
95,0,620,6110.000000000002,5621.087483944628,0.13757670900528043,3.3870614879314846,0.4286937298246453,0.919981584933654
95,1,589,5800.000000000002,5621.087483944628,0.1374339945768517,3.32431643486263,0.4427808985350775,0.9691530144732113
95,3,385,3760.0000000000014,5621.087483944628,0.15612958470101326,2.8747995059111404,0.6710042418277343,1.4949700755171877
95,6,374,3650.000000000001,5621.087483944628,0.09604681033252462,1.7362770553497573,0.256820361481164,1.5400239682040073
95,2,700,6910.000000000002,5621.087483944628,0.156272299129442,3.4473710647388462,0.43824031885512565,0.8134714159109445
96,3,210,2010.0000000221403,4638.718424436256,0.15612958470101326,2.3321593023117857,0.8403212973744807,2.307820111634408
96,5,700,6910.000000000002,4638.718424436256,0.15812758669901528,3.574766756169886,0.3794681388018119,0.6713051265464913
96,0,620,6110.000000000002,4638.718424436256,0.13757670900528043,3.544915755804974,0.37026071549362344,0.7592010514625621
96,4,245,2360.000000000555,4638.718424436256,0.1584130155558727,2.662199731545758,0.8289293266125463,1.9655586544216803
96,1,620,6110.000000000002,4638.718424436256,0.1374339945768517,3.549987864781949,0.37040585163347867,0.7592010514625621
96,2,525,5160.000000000001,4638.718424436256,0.156272299129442,3.034651252988948,0.4263233301438691,0.8989764388442355
96,6,396,3870.0000000000014,4638.718424436256,0.09604681033252462,1.8323260635422003,0.21094670789768805,1.1986352517923138
97,5,105,960.0014115816389,3404.1398621851213,0.15812758669901528,1.8497021217664662,1.0371580945522458,3.5459738091183337
97,2,245,2360.000000000555,3404.1398621851213,0.156272299129442,2.1731975289750305,0.4898652091721161,1.4424321449933564
97,1,620,6110.000000000002,3404.1398621851213,0.1374339945768517,3.9088795903015976,0.2993040869610607,0.5571423669697414
97,3,70,610.0563920873398,3404.1398621851213,0.15612958470101326,1.4375933070129285,1.2524449900955459,5.580041298375186
97,6,22,138.8629381196525,3404.1398621851213,0.09604681033252462,0.25998615110562073,0.6121448590981076,24.514387411649846
97,4,700,6910.000000000002,3404.1398621851213,0.1584130155558727,3.4410864886602472,0.26854421267496653,0.4926396327330131
97,0,620,6110.000000000002,3404.1398621851213,0.13757670900528043,3.8834694311294102,0.2976672068333336,0.5571423669697414
98,2,595,5860.000000000002,4848.4695525867055,0.156272299129442,2.694289088625696,0.3483639856051981,0.8273838826939768
98,1,62,530.1310020508638,4848.4695525867055,0.1374339945768517,1.187924411735685,1.493153466761595,9.145795159743393
98,0,620,6110.000000000002,4848.4695525867055,0.13757670900528043,4.387323658178562,0.4789697136568664,0.7935302050060072
98,6,264,2550.0000000000755,4848.4695525867055,0.09604681033252462,2.3325190270237455,0.42596374249262675,1.9013606088574753
98,4,700,6910.000000000002,4848.4695525867055,0.1584130155558727,3.561917361236369,0.3959144254755129,0.7016598484206519
98,5,700,6910.000000000002,4848.4695525867055,0.15812758669901528,3.5632168243537574,0.39534524389431985,0.7016598484206519
98,3,385,3760.0000000000014,4848.4695525867055,0.15612958470101326,2.219883343070321,0.4469224642490068,1.2894865831347617
99,4,315,3060.0000000000014,4723.428687465388,0.1584130155558727,3.0427181721875742,0.7440267088488153,1.5436041462305183
99,5,700,6910.000000000002,4723.428687465388,0.15812758669901528,3.8368143518653914,0.4147226399342344,0.6835642094740068
99,3,700,6910.000000000002,4723.428687465388,0.15612958470101326,3.6483636635861045,0.389370138574109,0.6835642094740068
99,0,434,4250.000000000002,4723.428687465388,0.13757670900528043,2.6097713140999144,0.39903942174816776,1.1113949852859732
99,1,93,840.0049979958054,4723.428687465388,0.1374339945768517,1.3011996940715078,1.00557302567069,5.623095932447029
99,6,308,2990.000000000002,4723.428687465388,0.09604681033252462,1.7992252680186456,0.27299498120960103,1.5797420359416003
99,2,700,6910.000000000002,4723.428687465388,0.156272299129442,3.6417349489497206,0.38901795922427324,0.6835642094740068
100,3,525,5160.000000000001,5338.471528471529,0.15612958470101326,3.677912674939167,0.5940921956423374,1.034587505517738
100,1,620,6110.000000000002,5338.471528471529,0.1374339945768517,2.889448423095201,0.3469643363069592,0.8737269277367475
100,4,350,3410.000000000001,5338.471528471529,0.1584130155558727,2.926713867493362,0.725827934340133,1.5655341725722955
100,6,440,4310.000000000002,5338.471528471529,0.09604681033252462,2.458529260691236,0.2924812222466607,1.2386244845641594
100,5,665,6560.000000000001,5338.471528471529,0.15812758669901528,3.6279435664635673,0.4668541860492659,0.813791391535294
100,0,620,6110.000000000002,5338.471528471529,0.13757670900528043,2.893463174948587,0.3478072227078669,0.8737269277367475
100,2,560,5510.000000000002,5338.471528471529,0.156272299129442,3.742825338056573,0.5666917557699297,0.9688696058931993
101,5,700,6910.000000000002,4167.9420579837115,0.15812758669901528,3.3808436070775,0.3224603713349966,0.6031754063652258
101,3,315,3060.0000000000014,4167.9420579837115,0.15612958470101326,2.8451985983224835,0.6050594342158051,1.3620725679685326
101,4,210,2010.0000000221403,4167.9420579837115,0.1584130155558727,2.321979565955754,0.7627370981958521,2.0736030138994037
101,6,440,4310.000000000002,4167.9420579837115,0.09604681033252462,1.9699345998578721,0.18296969225210924,0.9670399206458723
101,2,700,6910.000000000002,4167.9420579837115,0.156272299129442,3.5943947905834284,0.33880624227197015,0.6031754063652258
101,0,403,3940.000000000001,4167.9420579837115,0.13757670900528043,3.016995579156869,0.4390814009647553,1.0578533142090636
101,1,186,1770.0000002775555,4167.9420579837115,0.1374339945768517,2.2491190241607195,0.7278720033114068,2.354769523915329
102,6,440,4310.000000000002,5412.282003710576,0.09604681033252462,2.4076258523068956,0.290385610363429,1.255749884851641
102,0,527,5180.000000000002,5412.282003710576,0.13757670900528043,3.1666812685531918,0.45519756161631547,1.044842085658412
102,4,700,6910.000000000002,5412.282003710576,0.1584130155558727,3.4335790907275068,0.42603010254946955,0.7832535461230933
102,3,700,6910.000000000002,5412.282003710576,0.15612958470101326,3.6911696043518525,0.45138962752300527,0.7832535461230933
102,1,527,5180.000000000002,5412.282003710576,0.1374339945768517,3.172202369115036,0.4555181774676853,1.044842085658412
102,5,350,3410.000000000001,5412.282003710576,0.15812758669901528,2.6760350743138788,0.6716228795586517,1.5871794732289075
102,2,560,5510.000000000002,5412.282003710576,0.156272299129442,3.439195838614635,0.5279195274599515,0.9822653364266014
103,2,700,6910.000000000002,5132.263450973714,0.156272299129442,3.621878181133951,0.4203845389495692,0.7427298771307832
103,3,175,1660.0000008844675,5132.263450973714,0.15612958470101326,2.462109220205703,1.1884840901902953,3.0917249688187853
103,6,220,2110.0000000077202,5132.263450973714,0.09604681033252462,1.4207465029731787,0.33191434974905276,2.43235234642414
103,4,595,5860.000000000002,5132.263450973714,0.1584130155558727,3.166104773917321,0.4392658787476169,0.8758128755927836
103,5,630,6210.000000000002,5132.263450973714,0.15812758669901528,3.226676480946646,0.4216774800671395,0.82645144138063
103,0,620,6110.000000000002,5132.263450973714,0.13757670900528043,3.499057939136789,0.40435589744862993,0.8399776515505257
103,1,620,6110.000000000002,5132.263450973714,0.1374339945768517,3.4716080232423594,0.4007675820967316,0.8399776515505257
104,3,700,6910.000000000002,4088.814515965192,0.15612958470101326,2.9696958542867753,0.2743573122269151,0.5917242425419958
104,1,341,3320.0000000000014,4088.814515965192,0.1374339945768517,3.100713438953527,0.5248257405519176,1.2315706373389128
104,0,589,5800.000000000002,4088.814515965192,0.13757670900528043,3.7385568773778894,0.3625920893476174,0.7049680199939984
104,2,70,610.0563920873398,4088.814515965192,0.156272299129442,1.4251712947607806,1.4927136213300711,6.70235501012472
104,6,440,4310.000000000002,4088.814515965192,0.09604681033252462,2.1475536456852886,0.19568030094388533,0.948680862172898
104,4,700,6910.000000000002,4088.814515965192,0.1584130155558727,3.7420140694980706,0.3507645054016431,0.5917242425419958
104,5,105,960.0014115816389,4088.814515965192,0.15812758669901528,2.170374896757289,1.4617326195200684,4.259175524782526
105,6,286,2770.000000000008,4388.333121709738,0.09604681033252462,3.0570797960918266,0.46516768869383734,1.5842357840107313
105,1,248,2390.0000000004047,4388.333121709738,0.1374339945768517,3.153587629966025,0.7957941822664117,1.8361226450665251
105,2,700,6910.000000000002,4388.333121709738,0.156272299129442,3.354032794771531,0.33286708038773843,0.6350699163111052
105,4,700,6910.000000000002,4388.333121709738,0.1584130155558727,3.5881842101386194,0.36098331798289346,0.6350699163111052
105,5,700,6910.000000000002,4388.333121709738,0.15812758669901528,3.5819459596757146,0.3597064395451849,0.6350699163111052
105,3,245,2360.000000000555,4388.333121709738,0.15612958470101326,2.20513222781088,0.6401878474791839,1.8594631871647063
105,0,124,1150.0001906837483,4388.333121709738,0.13757670900528043,2.179084096552666,1.143985666311025,3.815941212236317
106,2,315,3060.0000000000014,4163.3718173555235,0.156272299129442,2.83711592085519,0.6032298920438934,1.3605790252795822
106,1,620,6110.000000000002,4163.3718173555235,0.1374339945768517,2.943513328161297,0.27565391443724496,0.6814029160974668
106,0,620,6110.000000000002,4163.3718173555235,0.13757670900528043,2.9527655637073016,0.2768075118165394,0.6814029160974668
106,6,22,138.8629381196525,4163.3718173555235,0.09604681033252462,0.16710873001425025,0.48121696917524037,29.981879065299026
106,3,700,6910.000000000002,4163.3718173555235,0.15612958470101326,3.5823851579591417,0.3369959116278062,0.602514011194721
106,4,105,960.0014115816389,4163.3718173555235,0.1584130155558727,2.4954498841283703,1.7144034821178864,4.3368392662008795
106,5,490,4810.000000000001,4163.3718173555235,0.15812758669901528,3.632602065266244,0.4971936692032119,0.8655658663940796
107,1,589,5800.000000000002,4422.06103795544,0.1374339945768517,3.907661258243159,0.4094565455583729,0.7624243168888687
107,4,700,6910.000000000002,4422.06103795544,0.1584130155558727,2.854261159449769,0.2893551753712712,0.6399509461585295
107,2,420,4110.000000000002,4422.06103795544,0.156272299129442,3.301385546099728,0.5550871301854607,1.0759272598431724
107,5,700,6910.000000000002,4422.06103795544,0.15812758669901528,2.845708977183287,0.2879683860288018,0.6399509461585295
107,3,70,610.0563920873398,4422.06103795544,0.15612958470101326,1.7228080306793343,1.9497406346134978,7.248610284739625
107,6,440,4310.000000000002,4422.06103795544,0.09604681033252462,2.5341368666438275,0.24972411144063208,1.0260002408249276
107,0,217,2080.00000001059,4422.06103795544,0.13757670900528043,2.6649280137826854,0.7794563446480163,2.125990883621599
108,2,595,5860.000000000002,4583.246758911958,0.156272299129442,2.3492095839040146,0.28713054124128223,0.7821240202921428
108,1,217,2080.00000001059,4583.246758911958,0.1374339945768517,2.725803637409721,0.8254649575097635,2.2034840186964533
108,3,700,6910.000000000002,4583.246758911958,0.15612958470101326,2.545687151657312,0.2636242928338703,0.6632773891334235
108,4,700,6910.000000000002,4583.246758911958,0.1584130155558727,4.523079928025236,0.4752480200524665,0.6632773891334235
108,5,140,1310.0000353340838,4583.246758911958,0.15812758669901528,2.811045515124654,1.5551685073832309,3.498661553656456
108,6,176,1670.0000007960207,4583.246758911958,0.09604681033252462,2.2061645616404872,0.5815373585284961,2.744459135764857
108,0,620,6110.000000000002,4583.246758911958,0.13757670900528043,4.03146548744721,0.4160446027753764,0.7501222191345265
109,2,700,6910.000000000002,4886.611959469901,0.156272299129442,4.075663352050593,0.45041216547354757,0.7071797336425325
109,4,560,5510.000000000002,4886.611959469901,0.1584130155558727,2.764657070636099,0.38840819535081855,0.8868624245861887
109,0,248,2390.0000000004047,4886.611959469901,0.13757670900528043,2.5341507881586236,0.7128322205449905,2.0446075144222067
109,3,700,6910.000000000002,4886.611959469901,0.15612958470101326,4.0826077235213525,0.45076756987020594,0.7071797336425325
109,6,220,2110.0000000077202,4886.611959469901,0.09604681033252462,1.475376033177256,0.3281792130240684,2.315929838602854
109,5,315,3060.0000000000014,4886.611959469901,0.15812758669901528,2.2341016266817864,0.5641531205580939,1.5969320128986597
109,1,620,6110.000000000002,4886.611959469901,0.1374339945768517,3.5090525111782167,0.3857009248112817,0.7997728247904909
110,5,700,6910.000000000002,4298.401899050166,0.15812758669901528,3.264381292759963,0.3210979222309584,0.6220552675904726
110,3,700,6910.000000000002,4298.401899050166,0.15612958470101326,3.907604282835886,0.37951133660769026,0.6220552675904726
110,1,248,2390.0000000004047,4298.401899050166,0.1374339945768517,2.3688978326858185,0.5855306301464226,1.7984945184307273
110,0,341,3320.0000000000014,4298.401899050166,0.13757670900528043,2.6752003758937333,0.4765079699363635,1.2946993671837845
110,4,700,6910.000000000002,4298.401899050166,0.1584130155558727,3.2640221240606317,0.3216421282920183,0.6220552675904726
110,6,110,1010.0008335248422,4298.401899050166,0.09604681033252462,0.9768881142121195,0.39931264166251446,4.255839952180041
110,2,105,960.0014115816389,4298.401899050166,0.156272299129442,2.3634590852575443,1.6537324104983488,4.477495394479041
111,2,700,6910.000000000002,5334.231482802913,0.156272299129442,2.945825894047791,0.35537173935099237,0.7719582464258917
111,3,455,4460.000000000002,5334.231482802913,0.15612958470101326,2.4466508148222736,0.45687163488056787,1.196016027534285
111,0,620,6110.000000000002,5334.231482802913,0.13757670900528043,3.569257492872879,0.42869996134141847,0.8730329759088234
111,1,527,5180.000000000002,5334.231482802913,0.1374339945768517,3.3666188286947523,0.4764641357868729,1.0297744175295196
111,4,700,6910.000000000002,5334.231482802913,0.1584130155558727,4.166085957052824,0.5094632931284849,0.7719582464258917
111,6,396,3870.0000000000014,5334.231482802913,0.09604681033252462,2.5202476924656634,0.3336468782644706,1.3783543883211657
111,5,350,3410.000000000001,5334.231482802913,0.15812758669901528,3.3939036457096865,0.83950759695315,1.5642907574202087
112,0,434,4250.000000000002,4693.177193551728,0.13757670900528043,3.1638939312267063,0.4806676048851752,1.1042769867180533
112,4,70,610.0563920873398,4693.177193551728,0.1584130155558727,1.8013324175753698,2.1952384241734064,7.693021914734436
112,6,440,4310.000000000002,4693.177193551728,0.09604681033252462,1.9478161254140063,0.20371386333447886,1.0889042212416997
112,2,700,6910.000000000002,4693.177193551728,0.156272299129442,3.418969667741864,0.3628826076703926,0.6791862798193526
112,3,455,4460.000000000002,4693.177193551728,0.15612958470101326,2.98810546987082,0.4909228195500412,1.0522818819622703
112,1,620,6110.000000000002,4693.177193551728,0.1374339945768517,3.5657270759811293,0.3764159431576563,0.7681141069642761
112,5,630,6210.000000000002,4693.177193551728,0.15812758669901528,3.3417873382879195,0.3993574618365783,0.7557451197345776
113,2,280,2710.0000000000146,4247.739403591784,0.156272299129442,3.341494410312489,0.8184861123881255,1.5674315142405024
113,1,620,6110.000000000002,4247.739403591784,0.1374339945768517,4.339358181701201,0.4146067076137865,0.6952110316844162
113,0,341,3320.0000000000014,4247.739403591784,0.13757670900528043,3.57491639768844,0.6292606691980698,1.2794395793951152
113,3,175,1660.0000008844675,4247.739403591784,0.15612958470101326,2.869061833559599,1.146238231030016,2.558879157426831
113,4,490,4810.000000000001,4247.739403591784,0.1584130155558727,2.2740481320819583,0.31812903106702617,0.8831059051126369
113,6,440,4310.000000000002,4247.739403591784,0.09604681033252462,3.3399903354346687,0.3161613314697295,0.9855543859841722
113,5,700,6910.000000000002,4247.739403591784,0.15812758669901528,2.706170986704825,0.26305265789525545,0.614723502690562
114,6,66,570.0859504455718,4741.809312353782,0.09604681033252462,0.7464298858127746,0.5963149717457031,8.317709476347636
114,2,525,5160.000000000001,4741.809312353782,0.156272299129442,2.5442329975467577,0.36537032054376034,0.918955293091818
114,4,700,6910.000000000002,4741.809312353782,0.1584130155558727,3.9223600675777592,0.426387395512855,0.6862242130758004
114,0,155,1460.0000072749747,4741.809312353782,0.13757670900528043,2.2514307322786915,1.0059924785106855,3.247814581319187
114,3,700,6910.000000000002,4741.809312353782,0.15612958470101326,2.8585295736681853,0.30626257666980494,0.6862242130758004
114,1,310,3010.0000000000014,4741.809312353782,0.1374339945768517,3.02526469103458,0.6549907063873187,1.5753519310145447
114,5,700,6910.000000000002,4741.809312353782,0.15812758669901528,3.907097435585316,0.42396296679958223,0.6862242130758004
115,5,140,1310.0000353340838,3790.5332776785854,0.15812758669901528,2.541498290405968,1.1628574274465124,2.8935367751435987
115,4,700,6910.000000000002,3790.5332776785854,0.1584130155558727,3.9019758961030426,0.33907651426503843,0.5485576378695491
115,6,242,2330.000000000761,3790.5332776785854,0.09604681033252462,1.4832808694325605,0.23176653871106248,1.62683831659972
115,3,210,2010.0000000221403,3790.5332776785854,0.15612958470101326,2.652674656137849,0.7810403104617335,1.885837451560613
115,2,700,6910.000000000002,3790.5332776785854,0.156272299129442,3.720313206115077,0.31892148077738064,0.5485576378695491
115,1,31,223.43368382029254,3790.5332776785854,0.1374339945768517,0.5046448363278556,1.176607659452949,16.964914210192706
115,0,620,6110.000000000002,3790.5332776785854,0.13757670900528043,2.903467338355463,0.24781121946298815,0.6203818785071332
116,0,279,2700.0000000000164,4852.861504347404,0.13757670900528043,2.4235585360522025,0.5992838347846421,1.7973561127212498
116,1,279,2700.0000000000164,4852.861504347404,0.1374339945768517,2.4322721943292036,0.6008146000167232,1.7973561127212498
116,6,110,1010.0008335248422,4852.861504347404,0.09604681033252462,1.9563898049602186,0.9028477138786111,4.804809405365745
116,5,700,6910.000000000002,4852.861504347404,0.15812758669901528,3.6555547211247026,0.4059576988602688,0.7022954420184374
116,4,490,4810.000000000001,4852.861504347404,0.1584130155558727,3.219062282590031,0.5144854079308991,1.0089109156647407
116,2,700,6910.000000000002,4852.861504347404,0.156272299129442,3.9212183933355744,0.4303510655422128,0.7022954420184374
116,3,700,6910.000000000002,4852.861504347404,0.15612958470101326,3.9204689677689917,0.4298758770348147,0.7022954420184374
117,5,665,6560.000000000001,5351.384330093977,0.15812758669901528,3.679044557357516,0.47457515012227053,0.8157598064167647
117,1,527,5180.000000000002,5351.384330093977,0.1374339945768517,2.9512784391698497,0.4190257745831769,1.03308577801042
117,6,440,4310.000000000002,5351.384330093977,0.09604681033252462,1.541752539195062,0.18385967645729137,1.2416204942213398
117,0,558,5490.000000000002,5351.384330093977,0.13757670900528043,2.985271067530051,0.4003340097486732,0.9747512440972632
117,3,700,6910.000000000002,5351.384330093977,0.15612958470101326,3.8418729830265868,0.4645327121557455,0.7744405687545551
117,2,175,1660.0000008844675,5351.384330093977,0.156272299129442,2.813104934694069,1.4171831779201838,3.223725498338974
117,4,700,6910.000000000002,5351.384330093977,0.1584130155558727,3.7376571743848084,0.4585412610551629,0.7744405687545551
118,6,242,2330.000000000761,4322.674688983444,0.09604681033252462,1.8722081223998324,0.3336058854901392,1.8552251884043058
118,2,105,960.0014115816389,4322.674688983444,0.156272299129442,1.4458545866796673,1.0173896148923318,4.5027795134818325
118,3,700,6910.000000000002,4322.674688983444,0.15612958470101326,2.9666436104069085,0.2897510956907223,0.6255679723565041
118,0,620,6110.000000000002,4322.674688983444,0.13757670900528043,3.637270969197871,0.35402335672106666,0.7074753991789595
118,1,620,6110.000000000002,4322.674688983444,0.1374339945768517,3.6370624098630593,0.3536358341069159,0.7074753991789595
118,5,560,5510.000000000002,4322.674688983444,0.15812758669901528,3.6752924091123584,0.4559324410721022,0.7845144626104251
118,4,210,2010.0000000221403,4322.674688983444,0.1584130155558727,2.742681535213371,0.9343782910626784,2.150584422356134
119,1,248,2390.0000000004047,4319.770917381601,0.1374339945768517,2.8900685423917833,0.7179019414077181,1.8074355302848826
119,2,630,6210.000000000002,4319.770917381601,0.156272299129442,2.9171229960667984,0.3171070216536099,0.6956152846025121
119,6,440,4310.000000000002,4319.770917381601,0.09604681033252462,2.436555571108465,0.2345539298323534,1.0022670341952666
119,3,700,6910.000000000002,4319.770917381601,0.15612958470101326,3.03870328928521,0.2965897714564333,0.6251477449177424
119,0,93,840.0049979958054,4319.770917381601,0.13757670900528043,1.618634027005009,1.1451765030067251,5.1425538272846945
119,4,700,6910.000000000002,4319.770917381601,0.1584130155558727,3.5059197816694163,0.34719663313317894,0.6251477449177424
119,5,210,2010.0000000221403,4319.770917381601,0.15812758669901528,2.3179460258592863,0.7877267991529621,2.149139759867671
120,6,440,4310.000000000002,3978.1106845805953,0.09604681033252462,2.5192407380144344,0.2233326450954132,0.9229955184641748
120,0,620,6110.000000000002,3978.1106845805953,0.13757670900528043,3.0166711100925676,0.2702144271026507,0.6510819451032069
120,3,455,4460.000000000002,3978.1106845805953,0.15612958470101326,3.570254729766816,0.49719460952093353,0.8919530682916129
120,2,245,2360.000000000555,3978.1106845805953,0.156272299129442,2.9585007869876176,0.7793248961814692,1.6856401205846017
120,4,105,960.0014115816389,3978.1106845805953,0.1584130155558727,1.7811827833575662,1.1692418215019504,4.1438592033177395
120,1,310,3010.0000000000014,3978.1106845805953,0.1374339945768517,2.223085032394013,0.40379469710423405,1.3216314566712934
120,5,700,6910.000000000002,3978.1106845805953,0.15812758669901528,3.5325249238903265,0.3215819710318439,0.5757034275804044
121,3,35,262.252839954494,3858.153932908551,0.15612958470101326,0.8663005449518163,1.9898170294540998,14.711581135129046
121,4,560,5510.000000000002,3858.153932908551,0.1584130155558727,2.85820402161162,0.31703852555559175,0.7002094252102631
121,2,385,3760.0000000000014,3858.153932908551,0.156272299129442,3.0078169860923394,0.4823087217920994,1.0261047693905716
121,6,440,4310.000000000002,3858.153932908551,0.09604681033252462,2.5174333198442933,0.2164428300414272,0.8951633255008234
121,5,175,1660.0000008844675,3858.153932908551,0.15812758669901528,1.7788676257051084,0.653766611686064,2.324189114971615
121,0,620,6110.000000000002,3858.153932908551,0.13757670900528043,3.773157127564082,0.32778430021674215,0.6314490888557365
121,1,620,6110.000000000002,3858.153932908551,0.1374339945768517,3.7747342816186777,0.32758114449222253,0.6314490888557365
122,3,245,2360.000000000555,4571.611245897135,0.15612958470101326,1.570029842990383,0.47484339502799516,1.9371234092779914
122,2,245,2360.000000000555,4571.611245897135,0.156272299129442,1.5717904305426014,0.4758104011765535,1.9371234092779914
122,1,620,6110.000000000002,4571.611245897135,0.1374339945768517,4.553040006887528,0.46819170843796926,0.7482178798522313
122,5,700,6910.000000000002,4571.611245897135,0.15812758669901528,4.091126486648034,0.4279980544380272,0.6615935232846792
122,6,374,3650.000000000001,4571.611245897135,0.09604681033252462,3.168769600223648,0.38119749464025254,1.2524962317526394
122,4,700,6910.000000000002,4571.611245897135,0.1584130155558727,4.096646937399589,0.4293491850826344,0.6615935232846792
122,0,341,3320.0000000000014,4571.611245897135,0.13757670900528043,3.7490692369218537,0.7102309373111056,1.3769913391256425
123,2,315,3060.0000000000014,5159.6461482749,0.156272299129442,2.195749464138372,0.5785798160949206,1.6861588719852607
123,3,700,6910.000000000002,5159.6461482749,0.15612958470101326,2.914179686705657,0.33973743394305966,0.7466926408502024
123,0,558,5490.000000000002,5159.6461482749,0.13757670900528043,3.6355003141412676,0.4700636591086866,0.939826256516375
123,1,620,6110.000000000002,5159.6461482749,0.1374339945768517,3.7588221763205114,0.4362391699166068,0.8444592714034204
123,6,110,1010.0008335248422,5159.6461482749,0.09604681033252462,0.9525233490266728,0.4673656213699554,5.108556326897321
123,4,700,6910.000000000002,5159.6461482749,0.1584130155558727,3.8738600457088554,0.4582227621626971,0.7466926408502024
123,5,525,5160.000000000001,5159.6461482749,0.15812758669901528,3.573697968791539,0.5650614831300647,0.9999314240842828
124,0,589,5800.000000000002,4960.005972791179,0.13757670900528043,3.614370980661403,0.4252377866589807,0.8551734435846858
124,3,700,6910.000000000002,4960.005972791179,0.15612958470101326,3.2060177916768122,0.35929840122204443,0.7178011538048015
124,2,700,6910.000000000002,4960.005972791179,0.156272299129442,3.218591053117001,0.36103720092061475,0.7178011538048015
124,1,62,530.1310020508638,4960.005972791179,0.1374339945768517,1.2863557058617447,1.6540713671223104,9.356189231723686
124,5,700,6910.000000000002,4960.005972791179,0.15812758669901528,3.6431398282236263,0.4135115411967502,0.7178011538048015
124,4,490,4810.000000000001,4960.005972791179,0.1584130155558727,3.2963741196920737,0.5384736798002091,1.031186272929559
124,6,88,790.008464149783,4960.005972791179,0.09604681033252462,0.6789558123015209,0.4094255229016153,6.278421305433986
125,0,620,6110.000000000002,4292.316947589667,0.13757670900528043,2.9156418430521684,0.28179265148639415,0.7025068653992905
125,6,440,4310.000000000002,4292.316947589667,0.09604681033252462,2.664699621580303,0.25488584626579647,0.9958972036170916
125,3,455,4460.000000000002,4292.316947589667,0.15612958470101326,3.418435751900598,0.5136526710019484,0.96240290304701
125,2,140,1310.0000353340838,4292.316947589667,0.156272299129442,2.320893918942878,1.1883866598268638,3.276577734209767
125,4,700,6910.000000000002,4292.316947589667,0.1584130155558727,3.8431698195766724,0.3781761813424908,0.621174666800241
125,1,93,840.0049979958054,4292.316947589667,0.1374339945768517,0.9845691168264714,0.6914332999384349,5.109870724377643
125,5,595,5860.000000000002,4292.316947589667,0.15812758669901528,3.6362790430135403,0.4211715363145217,0.732477294810523
126,1,589,5800.000000000002,4226.929688952293,0.1374339945768517,3.3010001520440118,0.3306258030322426,0.7287809808538434
126,0,124,1150.0001906837483,4226.929688952293,0.13757670900528043,1.6408161710446543,0.8297207579680275,3.675590424414725
126,5,35,262.252839954494,4226.929688952293,0.15812758669901528,0.9575296899526367,2.440420788014343,16.11776516771276
126,6,440,4310.000000000002,4226.929688952293,0.09604681033252462,2.416680053821461,0.2276406714828564,0.9807261459286059
126,2,700,6910.000000000002,4226.929688952293,0.156272299129442,3.066762187419946,0.29316294646356333,0.6117119665632839
126,4,700,6910.000000000002,4226.929688952293,0.1584130155558727,4.1357543047506145,0.4007675671285197,0.6117119665632839
126,3,420,4110.000000000002,4226.929688952293,0.15612958470101326,2.503181701587579,0.40193958693733167,1.0284500459737935
127,3,700,6910.000000000002,4177.540539803854,0.15612958470101326,4.609104368219925,0.43505520866079916,0.6045644775403549
127,5,525,5160.000000000001,4177.540539803854,0.15812758669901528,2.6099950429568426,0.334132174345819,0.8096008798069483
127,6,440,4310.000000000002,4177.540539803854,0.09604681033252462,3.588692477652659,0.334089321113773,0.9692669465902208
127,4,525,5160.000000000001,4177.540539803854,0.1584130155558727,2.618797265477554,0.3358641976430698,0.8096008798069483
127,0,620,6110.000000000002,4177.540539803854,0.13757670900528043,4.051111234183617,0.38106454876016743,0.6837218559417108
127,2,70,610.0563920873398,4177.540539803854,0.156272299129442,1.9382585247833126,2.0741702246668248,6.84779406295569
127,1,93,840.0049979958054,4177.540539803854,0.1374339945768517,1.7452283978005527,1.1928483761417918,4.973232956674282
128,0,620,6110.000000000002,4075.220499555453,0.13757670900528043,3.5126283625156525,0.32231982761860334,0.6669755318421361
128,1,186,1770.0000002775555,4075.220499555453,0.1374339945768517,2.304671751098681,0.7292578186548678,2.3023844626646404
128,2,700,6910.000000000002,4075.220499555453,0.156272299129442,2.697746180964767,0.2486315016489657,0.5897569463900799
128,5,140,1310.0000353340838,4075.220499555453,0.15812758669901528,3.198296721555761,1.5732806479304942,3.1108552592642997
128,3,175,1660.0000008844675,4075.220499555453,0.15612958470101326,1.628182751349158,0.6240672298126313,2.4549521068579083
128,4,700,6910.000000000002,4075.220499555453,0.1584130155558727,4.670586931366222,0.4363504075932741,0.5897569463900799
128,6,374,3650.000000000001,4075.220499555453,0.09604681033252462,1.8693062381185201,0.200457195381057,1.1164987670014936
129,2,700,6910.000000000002,5593.275296132529,0.156272299129442,3.5689007642746935,0.4514447657921348,0.8094464972695409
129,6,396,3870.0000000000014,5593.275296132529,0.09604681033252462,2.645649062167811,0.36725727958039667,1.4452907741944514
129,5,245,2360.000000000555,5593.275296132529,0.15812758669901528,2.3217837312594467,0.8701289116700613,2.370031905140345
129,4,700,6910.000000000002,5593.275296132529,0.1584130155558727,3.465184662634079,0.4443297505627277,0.8094464972695409
129,3,700,6910.000000000002,5593.275296132529,0.15612958470101326,3.569692146048266,0.4511325011446552,0.8094464972695409
129,0,589,5800.000000000002,5593.275296132529,0.13757670900528043,3.5367235575526053,0.4692283390888769,0.9643578096780219
129,1,589,5800.000000000002,5593.275296132529,0.1374339945768517,3.5291846538335263,0.46774241497924074,0.9643578096780219
130,1,93,840.0049979958054,4897.170287572156,0.1374339945768517,1.6751456644788851,1.3421778984274297,5.829929940008059
130,0,620,6110.000000000002,4897.170287572156,0.13757670900528043,3.6554016789184556,0.4030732888682456,0.8015008653964246
130,2,700,6910.000000000002,4897.170287572156,0.156272299129442,3.7425854059365697,0.4144965116189547,0.708707711660225
130,6,44,350.8727963568088,4897.170287572156,0.09604681033252462,0.4316190063080353,0.5786007803690123,13.957110207518442
130,4,700,6910.000000000002,4897.170287572156,0.1584130155558727,3.1273265421531016,0.3511003404319974,0.708707711660225
130,3,490,4810.000000000001,4897.170287572156,0.15612958470101326,3.3746264375141464,0.5364275057186955,1.0181227209089718
130,5,630,6210.000000000002,4897.170287572156,0.15812758669901528,2.9932440407932694,0.37325305851884333,0.788594249206466
131,0,217,2080.00000001059,4659.753104040279,0.13757670900528043,1.852278923502014,0.5708879454758432,2.240265915392574
131,5,700,6910.000000000002,4659.753104040279,0.15812758669901528,3.810525982812324,0.4063286349022268,0.6743492191085786
131,4,420,4110.000000000002,4659.753104040279,0.1584130155558727,3.2776886588513867,0.5886804919584414,1.1337598793285346
131,3,280,2710.0000000000146,4659.753104040279,0.15612958470101326,2.857938060050671,0.7672406985025849,1.7194660900517542
131,2,700,6910.000000000002,4659.753104040279,0.156272299129442,3.7549957995744196,0.3957093536881558,0.6743492191085786
131,1,620,6110.000000000002,4659.753104040279,0.1374339945768517,2.94195231079547,0.30835535448693124,0.7626437158822058
131,6,308,2990.000000000002,4659.753104040279,0.09604681033252462,1.9118296180522496,0.2861698330364555,1.5584458541940724
132,2,70,610.0563920873398,4539.67200746988,0.156272299129442,1.678541728362192,1.9519497717069234,7.44139733039622
132,5,630,6210.000000000002,4539.67200746988,0.15812758669901528,3.5951384941167044,0.41558144041072037,0.7310260881594007
132,3,700,6910.000000000002,4539.67200746988,0.15612958470101326,3.451812084848508,0.3540615596542493,0.6569713469565671
132,6,440,4310.000000000002,4539.67200746988,0.09604681033252462,2.1066480597760124,0.2131189856041246,1.0532881687865145
132,1,155,1460.0000072749747,4539.67200746988,0.1374339945768517,1.8449947897633008,0.7884259895083416,3.1093643731844742
132,0,620,6110.000000000002,4539.67200746988,0.13757670900528043,3.2777574171883983,0.33504642714544774,0.7429905085875415
132,4,595,5860.000000000002,4539.67200746988,0.1584130155558727,3.542632943378093,0.4347542920860589,0.7746880558822318
133,3,700,6910.000000000002,4378.77730772673,0.15612958470101326,2.90949029497989,0.2878570887102508,0.6336870199315092
133,6,352,3430.000000000001,4378.77730772673,0.09604681033252462,3.0946911276827707,0.3794538776653474,1.2766114599786382
133,4,70,610.0563920873398,4378.77730772673,0.1584130155558727,1.8190336431781544,2.068304465208564,7.177659909020075
133,1,620,6110.000000000002,4378.77730772673,0.1374339945768517,3.8965820116672414,0.38378645178624154,0.7166574971729507
133,5,700,6910.000000000002,4378.77730772673,0.15812758669901528,4.446734389615524,0.4455779011090227,0.6336870199315092
133,2,210,2010.0000000221403,4378.77730772673,0.156272299129442,1.59811226571812,0.5440591113259764,2.178496172974377
133,0,465,4560.000000000002,4378.77730772673,0.13757670900528043,3.534073011616404,0.4668834183879785,0.9602581815190194
134,1,248,2390.0000000004047,4431.78220577323,0.1374339945768517,2.945010300456402,0.7505186629449635,1.854302178147481
134,6,66,570.0859504455718,4431.78220577323,0.09604681033252462,0.8647213595355793,0.6456500732950456,7.773884275361296
134,2,490,4810.000000000001,4431.78220577323,0.156272299129442,3.703518086408263,0.5332486990806429,0.9213684419486963
134,5,700,6910.000000000002,4431.78220577323,0.15812758669901528,2.6232766748477965,0.2660431630465618,0.6413577721813646
134,0,31,223.43368382029254,4431.78220577323,0.13757670900528043,0.5564813704293635,1.518536760563642,19.834888500239327
134,3,700,6910.000000000002,4431.78220577323,0.15612958470101326,4.064584178436919,0.407006822171737,0.6413577721813646
134,4,700,6910.000000000002,4431.78220577323,0.1584130155558727,2.634214745675082,0.2676346870007353,0.6413577721813646
135,1,620,6110.000000000002,5290.67789353504,0.1374339945768517,2.635090564197518,0.31358828279110335,0.865904728892805
135,0,589,5800.000000000002,5290.67789353504,0.13757670900528043,2.564360394076466,0.3218157574806784,0.9121858437129376
135,5,280,2710.0000000000146,5290.67789353504,0.15812758669901528,3.1747543750393463,0.9800761121157202,1.9522796655110746
135,3,700,6910.000000000002,5290.67789353504,0.15612958470101326,3.8909770350485116,0.46513299321808094,0.7656552667923356
135,4,455,4460.000000000002,5290.67789353504,0.1584130155558727,3.641878980283541,0.6843729479753695,1.1862506487746722
135,2,665,6560.000000000001,5290.67789353504,0.156272299129442,3.8431966294999027,0.48437541151755137,0.8065057764535122
135,6,440,4310.000000000002,5290.67789353504,0.09604681033252462,2.383689977010562,0.28103911461738407,1.22753547413806
136,5,560,5510.000000000002,4185.976110594377,0.15812758669901528,2.910664803794202,0.34965921956629,0.7597052832294693
136,4,210,2010.0000000221403,4185.976110594377,0.1584130155558727,2.0826933901382905,0.6870951580157151,2.082575179377248
136,1,620,6110.000000000002,4185.976110594377,0.1374339945768517,3.5081784807312357,0.3303173495547394,0.6851024730923692
136,2,560,5510.000000000002,4185.976110594377,0.156272299129442,3.5996682688736628,0.42735582516081,0.7597052832294693
136,6,440,4310.000000000002,4185.976110594377,0.09604681033252462,2.0441749572353545,0.19068673627692972,0.9712241555903424
136,3,35,262.252839954494,4185.976110594377,0.15612958470101326,1.0001583873518838,2.492473395632189,15.961604500911129
136,0,620,6110.000000000002,4185.976110594377,0.13757670900528043,3.5248214634297454,0.33222902830595263,0.6851024730923692
137,4,560,5510.000000000002,5571.3358070500935,0.1584130155558727,3.93810840535035,0.6307921285755574,1.0111317254174395
137,3,700,6910.000000000002,5571.3358070500935,0.15612958470101326,2.9926384873413188,0.3767217978324449,0.8062714626700568
137,0,620,6110.000000000002,5571.3358070500935,0.13757670900528043,4.65741005241779,0.5842618349384276,0.9118389209574619
137,6,396,3870.0000000000014,5571.3358070500935,0.09604681033252462,3.6675847025676687,0.5071208541821918,1.439621655568499
137,1,620,6110.000000000002,5571.3358070500935,0.1374339945768517,4.653806748468705,0.5832041965584605,0.9118389209574619
137,5,525,5160.000000000001,5571.3358070500935,0.15812758669901528,3.859755005404935,0.6589872565143355,1.0797162416763746
137,2,490,4810.000000000001,5571.3358070500935,0.156272299129442,2.5597690643956454,0.46333706939451985,1.1582818725675867
138,0,434,4250.000000000002,4418.393035675753,0.13757670900528043,3.3329600100587182,0.47670579887173564,1.0396218907472354
138,2,385,3760.0000000000014,4418.393035675753,0.156272299129442,2.772071151449846,0.509052852831447,1.1751045307648273
138,6,440,4310.000000000002,4418.393035675753,0.09604681033252462,1.887512524843537,0.18584884412609534,1.0251491962124712
138,5,175,1660.0000008844675,4418.393035675753,0.15812758669901528,2.3018957998019656,0.968834422438762,2.661682550193724
138,3,700,6910.000000000002,4418.393035675753,0.15612958470101326,3.344745228753936,0.3339139366560807,0.6394201209371565
138,1,620,6110.000000000002,4418.393035675753,0.1374339945768517,3.727691187997452,0.3704735714877241,0.7231412497014323
138,4,420,4110.000000000002,4418.393035675753,0.1584130155558727,2.8998042377581954,0.49383522568208854,1.0750348018675793
139,6,88,790.008464149783,3762.663100039082,0.09604681033252462,1.0679583929758085,0.4885408344996556,4.762813654266992
139,0,310,3010.0000000000014,3762.663100039082,0.13757670900528043,3.029107401052705,0.5209408655327789,1.2500541860594951
139,2,140,1310.0000353340838,3762.663100039082,0.156272299129442,2.246952781412053,1.0085559008787564,2.8722618309544594
139,4,700,6910.000000000002,3762.663100039082,0.1584130155558727,2.987970768783298,0.2577415837175625,0.5445243270678843
139,5,700,6910.000000000002,3762.663100039082,0.15812758669901528,2.9720397305036936,0.25590545328569525,0.5445243270678843
139,3,35,262.252839954494,3762.663100039082,0.15612958470101326,0.9069578955156498,2.0316433214447036,14.347463694547514
139,1,620,6110.000000000002,3762.663100039082,0.1374339945768517,3.8876759514452317,0.3290321625547247,0.6158204746381475
140,5,315,3060.0000000000014,4449.641047311265,0.15812758669901528,3.9439328065337245,0.9068609502821776,1.4541310612128309
140,2,455,4460.000000000002,4449.641047311265,0.156272299129442,1.8128381880111095,0.28263839743827046,0.9976773648679962
140,0,620,6110.000000000002,4449.641047311265,0.13757670900528043,4.595698477438679,0.46044759722790773,0.7282554905583082
140,1,93,840.0049979958054,4449.641047311265,0.1374339945768517,2.0801366635451286,1.5143600571114155,5.297160204912833
140,3,700,6910.000000000002,4449.641047311265,0.15612958470101326,2.3220172403119785,0.23345198709109624,0.6439422644444665
140,6,154,1450.0000080833054,4449.641047311265,0.09604681033252462,2.5543876144646647,0.7528816629617728,3.0687179465557795
140,4,700,6910.000000000002,4449.641047311265,0.1584130155558727,4.817581277976849,0.4914358582827321,0.6439422644444665
141,6,330,3210.000000000001,5191.0261168784955,0.09604681033252462,1.4453218065661653,0.2244893194924989,1.6171420924855122
141,5,700,6910.000000000002,5191.0261168784955,0.15812758669901528,3.560881611794523,0.4229999776138485,0.7512338808796662
141,0,620,6110.000000000002,5191.0261168784955,0.13757670900528043,3.0506130612655453,0.35656937962372853,0.8495951091454164
141,1,465,4560.000000000002,5191.0261168784955,0.1374339945768517,2.7768124844861415,0.43443928884029714,1.1383829203680906
141,3,175,1660.0000008844675,5191.0261168784955,0.15612958470101326,2.982171582181813,1.4560053055806732,3.127124165128106
141,2,700,6910.000000000002,5191.0261168784955,0.156272299129442,4.059160111842042,0.47653340535243127,0.7512338808796662
141,4,630,6210.000000000002,5191.0261168784955,0.1584130155558727,3.4686176165819402,0.45931317238609726,0.8359140284828492
142,1,341,3320.0000000000014,4250.757289086989,0.1374339945768517,2.925579154604309,0.5147949133626489,1.2803485810502973
142,6,440,4310.000000000002,4250.757289086989,0.09604681033252462,2.319377782829377,0.21970678930317764,0.9862545914354958
142,4,700,6910.000000000002,4250.757289086989,0.1584130155558727,3.8957751076054654,0.3796409053667092,0.6151602444409533
142,5,700,6910.000000000002,4250.757289086989,0.15812758669901528,3.877318527061533,0.377161525884677,0.6151602444409533
142,3,140,1310.0000353340838,4250.757289086989,0.15612958470101326,1.6550918894068072,0.8384985497846481,3.244852804910754
142,0,62,530.1310020508638,4250.757289086989,0.13757670900528043,1.0975042649632556,1.210693577940658,8.018314855465002
142,2,595,5860.000000000002,4250.757289086989,0.156272299129442,2.8296130381732665,0.32075818089285396,0.7253852029158682
143,2,350,3410.000000000001,4402.307697905072,0.156272299129442,2.626802984013893,0.5299507581717733,1.2909993248988478
143,0,620,6110.000000000002,4402.307697905072,0.13757670900528043,3.1098156627113585,0.30826111637960485,0.7205086248617137
143,4,140,1310.0000353340838,4402.307697905072,0.1584130155558727,2.541018930496046,1.35271980529153,3.360540136766004
143,1,620,6110.000000000002,4402.307697905072,0.1374339945768517,3.0997600745096943,0.306945615176942,0.7205086248617137
143,5,560,5510.000000000002,4402.307697905072,0.15812758669901528,3.9816246134340934,0.5030333174205945,0.7989669143203395
143,6,440,4310.000000000002,4402.307697905072,0.09604681033252462,2.812406702180791,0.2759079376387503,1.021417099281919
143,3,455,4460.000000000002,4402.307697905072,0.15612958470101326,2.904214494697565,0.44756841281888465,0.9870645062567422
144,0,155,1460.0000072749747,4512.1721201963755,0.13757670900528043,2.201751331506254,0.9361511688757584,3.0905288340499015
144,5,140,1310.0000353340838,4512.1721201963755,0.15812758669901528,1.6973227487987783,0.9244563827581216,3.4444061057186577
144,1,496,4870.000000000001,4512.1721201963755,0.1374339945768517,3.578990035838149,0.4557339214911591,0.9265240493216376
144,4,700,6910.000000000002,4512.1721201963755,0.1584130155558727,3.078679205066389,0.318465880377697,0.6529916237621382
144,6,198,1890.0000000783903,4512.1721201963755,0.09604681033252462,1.6176368964389616,0.3709264853263155,2.387392656089538
144,2,700,6910.000000000002,4512.1721201963755,0.156272299129442,3.6097034839508257,0.3683503956781735,0.6529916237621382
144,3,700,6910.000000000002,4512.1721201963755,0.15612958470101326,3.61400177437985,0.3684522189671916,0.6529916237621382
145,2,700,6910.000000000002,4453.978138728125,0.156272299129442,4.0121003522994085,0.4041325420327004,0.6445699187739686
145,0,93,840.0049979958054,4453.978138728125,0.13757670900528043,1.36138476061869,0.9930977825439795,5.302323378259668
145,3,315,3060.0000000000014,4453.978138728125,0.15612958470101326,3.17399797153513,0.7213042713531964,1.4555484113490598
145,4,700,6910.000000000002,4453.978138728125,0.1584130155558727,3.1588372882078994,0.32254339355661305,0.6445699187739686
145,5,525,5160.000000000001,4453.978138728125,0.15812758669901528,2.8306656643121033,0.38636217242002263,0.8631740578930472
145,6,440,4310.000000000002,4453.978138728125,0.09604681033252462,2.3644059835729836,0.2346798529335033,1.033405600632975
145,1,341,3320.0000000000014,4453.978138728125,0.1374339945768517,2.6953622732121922,0.4969598606698196,1.341559680339796
146,5,210,2010.0000000221403,4931.525003053709,0.15812758669901528,2.6567916427496985,1.030742827228904,2.4534950263678548
146,6,88,790.008464149783,4931.525003053709,0.09604681033252462,1.10597552283463,0.6630983650750837,6.242369831266401
146,3,665,6560.000000000001,4931.525003053709,0.15612958470101326,3.671443907598466,0.4309228286049396,0.7517568602216019
146,4,700,6910.000000000002,4931.525003053709,0.1584130155558727,3.892478202131889,0.44006845895880015,0.7136794505142847
146,0,372,3630.000000000001,4931.525003053709,0.13757670900528043,2.3558460082619477,0.44031799005154215,1.3585468327971646
146,2,700,6910.000000000002,4931.525003053709,0.156272299129442,3.7314346718358475,0.4161606721303276,0.7136794505142847
146,1,620,6110.000000000002,4931.525003053709,0.1374339945768517,2.9193990163912504,0.32383788624806503,0.8071235684212288
147,6,154,1450.0000080833054,5504.0373919566255,0.09604681033252462,1.0078929096077691,0.36746053899038456,3.7958878353609
147,0,620,6110.000000000002,5504.0373919566255,0.13757670900528043,3.491779059393436,0.4327447800524915,0.900824450402066
147,3,665,6560.000000000001,5504.0373919566255,0.15612958470101326,3.7873825498052693,0.49613734083683775,0.8390300902372904
147,5,700,6910.000000000002,5504.0373919566255,0.15812758669901528,3.2245025938914784,0.406138071040841,0.7965321840747647
147,2,560,5510.000000000002,5504.0373919566255,0.156272299129442,3.634893799534856,0.5674185179697692,0.9989178569794235
147,1,620,6110.000000000002,5504.0373919566255,0.1374339945768517,3.5060049610625255,0.4340570968240748,0.900824450402066
147,4,455,4460.000000000002,5504.0373919566255,0.1584130155558727,2.794135908628783,0.5462417677269779,1.2340891013355657
148,3,35,262.252839954494,4339.235093946487,0.15612958470101326,1.054368346379288,2.7237707023935673,16.54599849023343
148,0,496,4870.000000000001,4339.235093946487,0.13757670900528043,3.312285580852268,0.4060288653440203,0.8910133663134469
148,6,88,790.008464149783,4339.235093946487,0.09604681033252462,0.6750761017356716,0.35613701682010274,5.4926438017552455
148,5,700,6910.000000000002,4339.235093946487,0.15812758669901528,3.3527054617603813,0.3329186905066211,0.6279645577346579
148,1,620,6110.000000000002,4339.235093946487,0.1374339945768517,3.565250446950712,0.34798152147984335,0.71018577642332
148,4,350,3410.000000000001,4339.235093946487,0.1584130155558727,2.7276447685147946,0.5498414452212396,1.2725029601016087
148,2,700,6910.000000000002,4339.235093946487,0.156272299129442,3.5839074880675206,0.3517012607925421,0.6279645577346579
149,0,124,1150.0001906837483,4806.603115237478,0.13757670900528043,2.415698899376662,1.3890825929907669,4.1796541897785655
149,3,700,6910.000000000002,4806.603115237478,0.15612958470101326,2.8227952269830534,0.30656657022682676,0.6956010297015162
149,6,66,570.0859504455718,4806.603115237478,0.09604681033252462,2.0135934627668473,1.6306196246669507,8.43136567649264
149,1,310,3010.0000000000014,4806.603115237478,0.1374339945768517,3.6589702297513442,0.8030171371013082,1.5968781113745767
149,4,700,6910.000000000002,4806.603115237478,0.1584130155558727,4.417133459716784,0.48673390424259994,0.6956010297015162
149,5,595,5860.000000000002,4806.603115237478,0.15812758669901528,4.224324628013787,0.5479053935776144,0.8202394394603202
149,2,700,6910.000000000002,4806.603115237478,0.156272299129442,2.82459253503957,0.3070421686980892,0.6956010297015162
150,2,350,3410.000000000001,4373.37376922824,0.156272299129442,4.00851767578292,0.8033929594556537,1.282514301826463
150,1,620,6110.000000000002,4373.37376922824,0.1374339945768517,3.0056616242365104,0.2956716204877016,0.7157731209866185
150,4,175,1660.0000008844675,4373.37376922824,0.1584130155558727,3.170268118951255,1.3231082035223534,2.6345625101795513
150,0,620,6110.000000000002,4373.37376922824,0.13757670900528043,3.021093487987034,0.2974982851662667,0.7157731209866185
150,6,242,2330.000000000761,4373.37376922824,0.09604681033252462,0.7057162233084696,0.12722537006507312,1.8769844503119366
150,3,700,6910.000000000002,4373.37376922824,0.15612958470101326,4.534714813077896,0.4480987501025642,0.6329050317262285
150,5,385,3760.0000000000014,4373.37376922824,0.15812758669901528,3.5078550145084866,0.6451757401501056,1.163131321603255
