round,cid,tau,a_i,a_eff,p_i,raw_update_norm,contribution_norm,amp_vs_fedavg
1,0,155,1460.0000072749747,4347.874675562003,0.13757670900528043,2.2511252517154516,0.9222926241461995,2.9779963382857226
1,1,620,6110.000000000002,4347.874675562003,0.1374339945768517,3.785399965491217,0.37020454866386204,0.7115997832343702
1,6,66,570.0859504455718,4347.874675562003,0.09604681033252462,2.019144785851343,1.4790644127570747,7.626700275921132
1,4,700,6910.000000000002,4347.874675562003,0.1584130155558727,4.156406259433858,0.41429321564483157,0.6292148589814764
1,2,315,3060.0000000000014,4347.874675562003,0.156272299129442,2.942173082194812,0.6532896990749003,1.4208740769810462
1,5,700,6910.000000000002,4347.874675562003,0.15812758669901528,4.186748784198748,0.416565708119203,0.6292148589814764
1,3,385,3760.0000000000014,4347.874675562003,0.15612958470101326,3.070283307006978,0.554310146496589,1.1563496477558515
2,3,700,6910.000000000002,4941.041841561914,0.15612958470101326,4.485389096233792,0.5007555964604622,0.7150567064489021
2,2,525,5160.000000000001,4941.041841561914,0.156272299129442,4.149728633035596,0.6209698710375245,0.9575662483647119
2,0,124,1150.0001906837483,4941.041841561914,0.13757670900528043,3.9143641000887244,2.3138050006221684,4.296557410676733
2,6,220,2110.0000000077202,4941.041841561914,0.09604681033252462,3.143219221099582e-06,7.069581322148643e-07,2.3417259912530026
2,5,490,4810.000000000001,4941.041841561914,0.15812758669901528,5.335562849544275,0.8666851156260665,1.0272436261043478
2,1,620,6110.000000000002,4941.041841561914,0.1374339945768517,3.9882562483955177,0.44325592063442404,0.8086811524651248
2,4,700,6910.000000000002,4941.041841561914,0.1584130155558727,4.889234213226756,0.553824530049894,0.7150567064489021
3,2,70,610.0563920873398,3849.991766985227,0.156272299129442,1.3572337764809161,1.3385249770450485,6.310878497334123
3,4,700,6910.000000000002,3849.991766985227,0.1584130155558727,1.886756615608762,0.16652847161939763,0.5571623396505392
3,1,620,6110.000000000002,3849.991766985227,0.1374339945768517,1.1693519231374134,0.10126467994353669,0.6301132188191859
3,5,700,6910.000000000002,3849.991766985227,0.15812758669901528,1.8303171519718966,0.16125594914489114,0.5571623396505392
3,0,279,2700.0000000000164,3849.991766985227,0.13757670900528043,0.8137523285174592,0.1596368675563376,1.4259228766611867
3,3,175,1660.0000008844675,3849.991766985227,0.15612958470101326,1.5182752729314135,0.5497781000128495,2.319272147550546
3,6,110,1010.0008335248422,3849.991766985227,0.09604681033252462,0.8194968263657069,0.3000324935218921,3.811869890789087
4,4,595,5860.000000000002,5487.4225774301085,0.1584130155558727,2.8372521608124135,0.4208812576323208,0.9364202350563322
4,0,465,4560.000000000002,5487.4225774301085,0.13757670900528043,2.6960751740039357,0.4463550748808833,1.2033821441732688
4,5,700,6910.000000000002,5487.4225774301085,0.15812758669901528,2.902222887467562,0.3644422875934419,0.7941277246642702
4,3,700,6910.000000000002,5487.4225774301085,0.15612958470101326,0.9268802540507428,0.11492094620536597,0.7941277246642702
4,6,198,1890.0000000783903,5487.4225774301085,0.09604681033252462,0.6549840075518178,0.1826502388535383,2.903398188996037
4,1,372,3630.000000000001,5487.4225774301085,0.1374339945768517,2.742902230824,0.5698575126105717,1.5116866604490653
4,2,700,6910.000000000002,5487.4225774301085,0.156272299129442,0.9619900376545125,0.11938312272423857,0.7941277246642702
5,4,700,6910.000000000002,4111.1976208792685,0.1584130155558727,1.4576060711808239,0.1373793115988773,0.5949634762488086
5,2,105,960.0014115816389,4111.1976208792685,0.156272299129442,1.3683216048515554,0.9157283667302376,4.282491224784674
5,3,350,3410.000000000001,4111.1976208792685,0.15612958470101326,1.6995592394505292,0.31991564985240967,1.20562980084436
5,1,496,4870.000000000001,4111.1976208792685,0.1374339945768517,1.3663107008604367,0.15851962325023808,0.8441884231784944
5,5,700,6910.000000000002,4111.1976208792685,0.15812758669901528,1.4921905269739224,0.14038549170466288,0.5949634762488086
5,6,440,4310.000000000002,4111.1976208792685,0.09604681033252462,1.0838879747054035,0.09930209886690776,0.953874157976628
5,0,124,1150.0001906837483,4111.1976208792685,0.13757670900528043,0.9089297814686201,0.4470392861098146,3.5749538601684057
6,5,700,6910.000000000002,4372.341949288668,0.15812758669901528,2.6354088757565544,0.26368882160522666,0.6327557090142788
6,2,700,6910.000000000002,4372.341949288668,0.156272299129442,1.238411858968727,0.12245687603702375,0.6327557090142788
6,0,558,5490.000000000002,4372.341949288668,0.13757670900528043,1.9614221557092546,0.21491056615233836,0.7964192985953855
6,3,140,1310.0000353340838,4372.341949288668,0.15612958470101326,0.591127954496601,0.3080417020866935,3.337665520118561
6,1,217,2080.00000001059,4372.341949288668,0.1374339945768517,1.7336815135633228,0.5008576051221464,2.1020874756088492
6,6,440,4310.000000000002,4372.341949288668,0.09604681033252462,0.718278203465824,0.06998621134728533,1.014464489394122
6,4,350,3410.000000000001,4372.341949288668,0.1584130155558727,2.4838836902834553,0.5045240319111187,1.2822117153339199
7,5,350,3410.000000000001,4872.085057799345,0.15812758669901528,1.3629437183886688,0.3079257784227111,1.4287639465687225
7,0,341,3320.0000000000014,4872.085057799345,0.13757670900528043,1.4300106126097867,0.28870942044254216,1.4674954993371516
7,3,700,6910.000000000002,4872.085057799345,0.15612958470101326,1.7864554421233347,0.19665917244625955,0.7050774323877488
7,6,440,4310.000000000002,4872.085057799345,0.09604681033252462,1.3359113346039653,0.14504346722908096,1.130414166542771
7,2,700,6910.000000000002,4872.085057799345,0.156272299129442,1.766552398223797,0.19464593561927643,0.7050774323877488
7,4,490,4810.000000000001,4872.085057799345,0.1584130155558727,1.5182318261034684,0.2436120339298324,1.0129074964239801
7,1,403,3940.000000000001,4872.085057799345,0.1374339945768517,1.4488928540842367,0.24623460091108387,1.236569811624199
8,4,700,6910.000000000002,4773.320964749649,0.1584130155558727,1.7614217746008407,0.1927510766628509,0.6907845100940155
8,5,700,6910.000000000002,4773.320964749649,0.15812758669901528,1.7286393253947916,0.18882288206514575,0.6907845100940155
8,3,700,6910.000000000002,4773.320964749649,0.15612958470101326,2.29545259514279,0.24756892071349298,0.6907845100940155
8,0,248,2390.0000000004047,4773.320964749649,0.13757670900528043,1.353388921578394,0.3718692522759446,1.9972054245811048
8,2,315,3060.0000000000014,4773.320964749649,0.156272299129442,1.824847882629299,0.4448441473521163,1.5599088120096885
8,6,396,3870.0000000000014,4773.320964749649,0.09604681033252462,0.6457260364824242,0.07649638597865283,1.233416269961149
8,1,248,2390.0000000004047,4773.320964749649,0.1374339945768517,1.4095922957382039,0.3869104182181702,1.9972054245811048
9,3,210,2010.0000000221403,4592.035107752851,0.15612958470101326,1.1469323605255817,0.4091025186802166,2.2845945809464028
9,5,315,3060.0000000000014,4592.035107752851,0.15812758669901528,2.3307189470523957,0.5530715549686376,1.500665067893088
9,2,560,5510.000000000002,4592.035107752851,0.156272299129442,1.545898383918852,0.2013337328709991,0.8334002010440743
9,6,440,4310.000000000002,4592.035107752851,0.09604681033252462,1.3109530179775832,0.13415226326778307,1.0654373799890602
9,0,620,6110.000000000002,4592.035107752851,0.13757670900528043,1.6399274396465329,0.1695639553210702,0.7515605741003027
9,1,434,4250.000000000002,4592.035107752851,0.1374339945768517,1.4635833588365823,0.21733411458206017,1.0804788488830233
9,4,700,6910.000000000002,4592.035107752851,0.1584130155558727,2.9348389972235376,0.3089600273418218,0.6645492196458538
10,4,630,6210.000000000002,4575.984016122109,0.1584130155558727,2.2702466576789235,0.26500666998505673,0.7368734325478434
10,3,175,1660.0000008844675,4575.984016122109,0.15612958470101326,1.2666916838662567,0.5451707345862772,2.7566168757132354
10,0,620,6110.000000000002,4575.984016122109,0.13757670900528043,1.9206491747694587,0.19789565045773785,0.748933554193471
10,2,315,3060.0000000000014,4575.984016122109,0.156272299129442,1.346177966455315,0.314591911300839,1.4954196131117996
10,1,620,6110.000000000002,4575.984016122109,0.1374339945768517,1.9338226584071232,0.19904629708881216,0.748933554193471
10,5,490,4810.000000000001,4575.984016122109,0.15812758669901528,2.045824744615264,0.3077623521388137,0.9513480282998146
10,6,440,4310.000000000002,4575.984016122109,0.09604681033252462,0.9140264728872608,0.09320709012083696,1.0617132287986328
11,2,665,6560.000000000001,4898.891152173973,0.156272299129442,1.1430171119382733,0.13339166225806748,0.7467821878313982
11,4,700,6910.000000000002,4898.891152173973,0.1584130155558727,2.6195849359055017,0.2942002844377456,0.7089567513999959
11,3,35,262.252839954494,4898.891152173973,0.15612958470101326,0.4573011644085507,1.3337213454018348,18.68003089317937
11,6,88,790.008464149783,4898.891152173973,0.09604681033252462,0.9150119821203928,0.5449739880499699,6.201061601847799
11,1,620,6110.000000000002,4898.891152173973,0.1374339945768517,2.161696976378119,0.23820208825972652,0.8017825126307645
11,5,630,6210.000000000002,4898.891152173973,0.15812758669901528,2.614263681475519,0.3261093285881873,0.7888713610586106
11,0,620,6110.000000000002,4898.891152173973,0.13757670900528043,2.122899526112734,0.2341698276479794,0.8017825126307645
12,5,630,6210.000000000002,3912.367195460798,0.15812758669901528,4.045245711123273,0.4029958349103648,0.6300108205250881
12,0,62,530.1310020508638,3912.367195460798,0.13757670900528043,2.9537516221513886,2.998991921038184,7.380000755144335
12,4,35,262.252839954494,3912.367195460798,0.1584130155558727,3.465626806482707,8.190153933309915,14.91830249060285
12,6,440,4310.000000000002,3912.367195460798,0.09604681033252462,0.8760560880241572,0.07637956794329388,0.9077418086916
12,2,700,6910.000000000002,3912.367195460798,0.156272299129442,1.1446386707118124,0.10127726791740158,0.5661891744516349
12,3,700,6910.000000000002,3912.367195460798,0.15612958470101326,1.2236669746248434,0.10817079086887786,0.5661891744516349
12,1,186,1770.0000002775555,3912.367195460798,0.1374339945768517,3.0500474188049758,0.9265462513185758,2.2103769462414102
13,0,589,5800.000000000002,5581.321536383627,0.13757670900528043,3.083656527622048,0.40824414401469256,0.9622968166178665
13,5,700,6910.000000000002,5581.321536383627,0.15812758669901528,1.3868709266012693,0.17713430684413725,0.8077165754534914
13,1,589,5800.000000000002,5581.321536383627,0.1374339945768517,3.0375010522637744,0.40171648667380844,0.9622968166178665
13,2,700,6910.000000000002,5581.321536383627,0.156272299129442,3.6843814429075663,0.4650563548014862,0.8077165754534914
13,4,385,3760.0000000000014,5581.321536383627,0.1584130155558727,1.439958013920389,0.33860228786358343,1.4843940256339427
13,3,700,6910.000000000002,5581.321536383627,0.15612958470101326,3.6706580567063294,0.4629010107912977,0.8077165754534914
13,6,154,1450.0000080833054,5581.321536383627,0.09604681033252462,2.231908181622998,0.8251412695437352,3.8491872450134283
14,3,560,5510.000000000002,5220.034251501009,0.15612958470101326,1.8417104320463078,0.27241329945842385,0.9473746372960086
14,0,186,1770.0000002775555,5220.034251501009,0.13757670900528043,1.2366839840053514,0.5017688989495042,2.949171893040932
14,1,341,3320.0000000000014,5220.034251501009,0.1374339945768517,1.495692647798979,0.3232003314127109,1.5722994733436768
14,4,700,6910.000000000002,5220.034251501009,0.1584130155558727,2.0122176860971845,0.24080257595666232,0.7554318743127363
14,5,700,6910.000000000002,5220.034251501009,0.15812758669901528,1.9297912776698842,0.23052248221066993,0.7554318743127363
14,6,418,4090.0000000000014,5220.034251501009,0.09604681033252462,0.673373223889131,0.08254463175725187,1.2762919930320311
14,2,700,6910.000000000002,5220.034251501009,0.156272299129442,2.004405647837439,0.23662625194728323,0.7554318743127363
15,2,700,6910.000000000002,5623.683459397747,0.156272299129442,2.04629294551413,0.2602511330078494,0.8138470997681253
15,5,525,5160.000000000001,5623.683459397747,0.15812758669901528,2.9564882278680344,0.5095126404885787,1.089861135542199
15,0,620,6110.000000000002,5623.683459397747,0.13757670900528043,1.3539661024253624,0.17144797710828183,0.9204064581665705
15,1,558,5490.000000000002,5623.683459397747,0.1374339945768517,1.2473565733273781,0.17560355865328306,1.02435035690305
15,4,700,6910.000000000002,5623.683459397747,0.1584130155558727,3.3171562973079025,0.4276609698253442,0.8138470997681253
15,3,490,4810.000000000001,5623.683459397747,0.15612958470101326,1.9109948384219075,0.3488353668851955,1.1691649603737517
15,6,308,2990.000000000002,5623.683459397747,0.09604681033252462,1.0123278234908124,0.18287477272527466,1.880830588427339
16,6,440,4310.000000000002,3823.277314041285,0.09604681033252462,0.9840551627291146,0.08384186312708368,0.8870713025617827
16,4,70,610.0563920873398,3823.277314041285,0.1584130155558727,1.280834121683959,1.2715972146900065,6.26708836040508
16,3,105,960.0014115816389,3823.277314041285,0.15612958470101326,1.3151475113683924,0.8177557381701179,3.9825746794916586
16,5,560,5510.000000000002,3823.277314041285,0.15812758669901528,2.510762825755075,0.27548473171457805,0.6938797303160225
16,2,700,6910.000000000002,3823.277314041285,0.156272299129442,2.223325961352297,0.19223961736390974,0.5532962827845563
16,0,620,6110.000000000002,3823.277314041285,0.13757670900528043,1.7521609372481355,0.15083894978298826,0.625740967928197
16,1,279,2700.0000000000164,3823.277314041285,0.1374339945768517,1.3911303568163795,0.2707285349639172,1.416028634830097
17,0,93,840.0049979958054,4012.893509075522,0.13757670900528043,1.996323579740742,1.3120537224873654,4.777225753001485
17,6,440,4310.000000000002,4012.893509075522,0.09604681033252462,3.3658010980850395,0.3009897867561339,0.9310657793678702
17,4,350,3410.000000000001,4012.893509075522,0.1584130155558727,1.6284162788682557,0.3035704906008572,1.176801615564669
17,3,210,2010.0000000221403,4012.893509075522,0.15612958470101326,3.125803713623041,0.9743354067110473,1.9964644323538905
17,2,455,4460.000000000002,4012.893509075522,0.156272299129442,3.920240901778614,0.5512105655168644,0.8997519078644665
17,5,700,6910.000000000002,4012.893509075522,0.15812758669901528,2.311722855962978,0.21228680331392194,0.5807371214291637
17,1,620,6110.000000000002,4012.893509075522,0.1374339945768517,4.741638252173271,0.42799531210063474,0.6567747150696434
18,2,245,2360.000000000555,3655.0429779763667,0.156272299129442,2.299111224160077,0.5564452869962244,1.548747024565893
18,1,217,2080.00000001059,3655.0429779763667,0.1374339945768517,2.2634269137611156,0.5466253876147498,1.7572322009412296
18,0,279,2700.0000000000164,3655.0429779763667,0.13757670900528043,2.539514341642435,0.472959888559184,1.3537196214727203
18,3,700,6910.000000000002,3655.0429779763667,0.15612958470101326,3.2989025612212943,0.27243890948236443,0.5289497797360877
18,6,440,4310.000000000002,3655.0429779763667,0.09604681033252462,2.0416981257685545,0.1662990218160222,0.8480378139156299
18,4,700,6910.000000000002,3655.0429779763667,0.1584130155558727,3.8360894455643395,0.32143563874409853,0.5289497797360877
18,5,35,262.252839954494,3655.0429779763667,0.15812758669901528,1.028489021747228,2.2666245655910577,13.937095890403278
19,6,154,1450.0000080833054,4683.208221127455,0.09604681033252462,2.7343417160727874,0.8482252527280774,3.22979875518621
19,3,420,4110.000000000002,4683.208221127455,0.15612958470101326,3.743574108727607,0.665998552173511,1.1394667204689666
19,0,620,6110.000000000002,4683.208221127455,0.13757670900528043,4.125145625808144,0.43499719675788034,0.7664825239161135
19,4,420,4110.000000000002,4683.208221127455,0.1584130155558727,2.5570296497889458,0.46156011274403896,1.1394667204689666
19,1,620,6110.000000000002,4683.208221127455,0.1374339945768517,4.120771341137668,0.43408516440260325,0.7664825239161135
19,5,700,6910.000000000002,4683.208221127455,0.15812758669901528,3.16187488402414,0.33885800046037073,0.6777435920589657
19,2,315,3060.0000000000014,4683.208221127455,0.156272299129442,3.4269142748201022,0.8196100654670024,1.5304602029828276
20,3,700,6910.000000000002,4723.923220637337,0.15612958470101326,3.2649735503254473,0.34848946587522706,0.6836357772268215
20,1,155,1460.0000072749747,4723.923220637337,0.1374339945768517,2.3335505276758832,1.037674993394694,3.235563833629241
20,5,350,3410.000000000001,4723.923220637337,0.15812758669901528,2.9631975309607985,0.6491076048884404,1.3853147274596294
20,0,279,2700.0000000000164,4723.923220637337,0.13757670900528043,2.8972795450635154,0.697387859722147,1.7496011928286328
20,6,440,4310.000000000002,4723.923220637337,0.09604681033252462,1.665509468415392,0.17532974971406196,1.0960378702174791
20,2,665,6560.000000000001,4723.923220637337,0.156272299129442,3.2070642183774623,0.3609014682777789,0.7201102470483745
20,4,700,6910.000000000002,4723.923220637337,0.1584130155558727,3.6027409678387734,0.39016533610416176,0.6836357772268215
21,3,700,6910.000000000002,4202.223491797245,0.15612958470101326,3.8819467486649755,0.3685834892073732,0.6081365400574882
21,4,455,4460.000000000002,4202.223491797245,0.1584130155558727,3.1646340767689125,0.4723442676150834,0.9422025766361531
21,0,155,1460.0000072749747,4202.223491797245,0.13757670900528043,1.5451300737989397,0.611837723394748,2.8782352540124356
21,5,700,6910.000000000002,4202.223491797245,0.15812758669901528,3.6333695814711566,0.34939631298370216,0.6081365400574882
21,2,280,2710.0000000000146,4202.223491797245,0.156272299129442,2.941543503446507,0.7127990837574351,1.5506359748329233
21,1,217,2080.00000001059,4202.223491797245,0.1374339945768517,1.8881544821561385,0.5242609435578643,2.020299755661466
21,6,440,4310.000000000002,4202.223491797245,0.09604681033252462,2.4736485282753504,0.23164493850089923,0.9749938496049287
22,1,341,3320.0000000000014,3984.536901979503,0.1374339945768517,2.306926467123257,0.3805114160273807,1.2001617174637051
22,3,175,1660.0000008844675,3984.536901979503,0.15612958470101326,2.374257021268437,0.889780124679131,2.400323433648491
22,6,440,4310.000000000002,3984.536901979503,0.09604681033252462,2.2816380219660233,0.20259572421811367,0.9244865201808588
22,0,31,223.43368382029254,3984.536901979503,0.13757670900528043,0.45320932130443486,1.1119185033533587,17.833197008846085
22,4,700,6910.000000000002,3984.536901979503,0.1584130155558727,3.878954996343495,0.3543279472170118,0.576633415626556
22,2,700,6910.000000000002,3984.536901979503,0.156272299129442,3.6629189354799863,0.33007232700688866,0.576633415626556
22,5,420,4110.000000000002,3984.536901979503,0.15812758669901528,3.297905234187999,0.5055706412523036,0.9694736987784675
23,6,352,3430.000000000001,4116.910248309375,0.09604681033252462,2.6989772226455715,0.31114257765690706,1.2002653785158524
23,3,700,6910.000000000002,4116.910248309375,0.15612958470101326,3.6377085042285695,0.3383813756438787,0.5957901951243667
23,2,140,1310.0000353340838,4116.910248309375,0.156272299129442,1.9603346893864726,0.962747320499539,3.1426794940959346
23,0,31,223.43368382029254,4116.910248309375,0.13757670900528043,0.3282452238988158,0.8320819196180571,18.425647278951015
23,4,700,6910.000000000002,4116.910248309375,0.1584130155558727,4.152153207895646,0.39188404575559255,0.5957901951243667
23,1,217,2080.00000001059,4116.910248309375,0.1374339945768517,1.8208064084030873,0.4952973530642739,1.9792837732155837
23,5,700,6910.000000000002,4116.910248309375,0.15812758669901528,4.147151289199764,0.39070671328518286,0.5957901951243667
24,2,665,6560.000000000001,5143.011274579705,0.156272299129442,3.386108009214573,0.41485511171813877,0.7839956211249549
24,6,352,3430.000000000001,5143.011274579705,0.09604681033252462,2.054295873102147,0.2958484489725302,1.4994201966704674
24,1,620,6110.000000000002,5143.011274579705,0.1374339945768517,2.8940086507769993,0.33478829125630605,0.8417367061505243
24,3,490,4810.000000000001,5143.011274579705,0.15612958470101326,3.0438804327222853,0.5081421178778397,1.0692331132182338
24,4,700,6910.000000000002,5143.011274579705,0.1584130155558727,4.245732975855326,0.5005909192251503,0.7442852785209412
24,0,620,6110.000000000002,5143.011274579705,0.13757670900528043,2.883962283477325,0.33397253950091516,0.8417367061505243
24,5,175,1660.0000008844675,5143.011274579705,0.15812758669901528,2.8632058763882906,1.4027155380088943,3.098199561349065
25,3,385,3760.0000000000014,5003.90535365634,0.15612958470101326,3.109729494529001,0.6461436177921536,1.330825891929877
25,2,630,6210.000000000002,5003.90535365634,0.156272299129442,3.6112472158316202,0.45473324715221847,0.8057818604921639
25,4,630,6210.000000000002,5003.90535365634,0.1584130155558727,2.9713085548810567,0.3792766454042612,0.8057818604921639
25,1,93,840.0049979958054,5003.90535365634,0.1374339945768517,1.6105032650823627,1.3185086879298789,5.956994738835265
25,0,620,6110.000000000002,5003.90535365634,0.13757670900528043,3.6808503406361877,0.41472570364866734,0.8189697796491552
25,5,700,6910.000000000002,5003.90535365634,0.15812758669901528,3.0956446892533056,0.35447841059495083,0.7241541756376756
25,6,440,4310.000000000002,5003.90535365634,0.09604681033252462,2.2011685571862363,0.24545284125478864,1.1609989219620274
26,1,155,1460.0000072749747,4383.055737511126,0.1374339945768517,1.5349963298617222,0.6333235632235102,3.002092955939024
26,6,198,1890.0000000783903,4383.055737511126,0.09604681033252462,1.811894736297183,0.40358135982174265,2.3190771096980596
26,5,700,6910.000000000002,4383.055737511126,0.15812758669901528,3.901798134013113,0.39135544953845375,0.6343061848785998
26,2,105,960.0014115816389,4383.055737511126,0.156272299129442,1.8981339986426673,1.354297234579556,4.565676346548152
26,4,700,6910.000000000002,4383.055737511126,0.1584130155558727,3.8982570474974345,0.39170605060316477,0.6343061848785998
26,3,700,6910.000000000002,4383.055737511126,0.15612958470101326,3.6658071397347642,0.36303940211055286,0.6343061848785998
26,0,434,4250.000000000002,4383.055737511126,0.13757670900528043,2.5926992565090567,0.3678621653712695,1.0313072323555585
27,5,700,6910.000000000002,4434.259477949659,0.15812758669901528,4.205941502212508,0.42678969685752544,0.6417162775614557
27,3,700,6910.000000000002,4434.259477949659,0.15612958470101326,2.971333561970921,0.2977005716259243,0.6417162775614557
27,4,455,4460.000000000002,4434.259477949659,0.1584130155558727,3.7312716582713112,0.5876706142735834,0.9942285824999232
27,1,62,530.1310020508638,4434.259477949659,0.1374339945768517,0.9746419494619023,1.1204104994437585,8.364459842558333
27,6,220,2110.0000000077202,4434.259477949659,0.09604681033252462,1.840619692971814,0.37152296042301597,2.10154477627177
27,2,700,6910.000000000002,4434.259477949659,0.156272299129442,2.9726214519814613,0.2981018456083253,0.6417162775614557
27,0,155,1460.0000072749747,4434.259477949659,0.13757670900528043,1.9045319597372443,0.7957954034996143,3.0371640108591564
28,6,352,3430.000000000001,4591.1003282446445,0.09604681033252462,2.317056162879941,0.29788056631426285,1.3385132152316743
28,0,620,6110.000000000002,4591.1003282446445,0.13757670900528043,2.504945293007091,0.2589516812696113,0.7514075823640988
28,2,280,2710.0000000000146,4591.1003282446445,0.156272299129442,3.1993013130645913,0.8470023952261705,1.6941329624518893
28,4,350,3410.000000000001,4591.1003282446445,0.1584130155558727,3.280686354698798,0.6997098344436111,1.3463637326230626
28,1,217,2080.00000001059,4591.1003282446445,0.1374339945768517,1.4610413551672303,0.4432105881603804,2.2072597731833024
28,5,700,6910.000000000002,4591.1003282446445,0.15812758669901528,4.057765578529123,0.4263176690688587,0.6644139404116706
28,3,700,6910.000000000002,4591.1003282446445,0.15612958470101326,4.12620485049662,0.42803050918918834,0.6644139404116706
29,4,700,6910.000000000002,5539.069501926646,0.1584130155558727,3.679828498585847,0.4672800147507958,0.8016019539691237
29,2,595,5860.000000000002,5539.069501926646,0.156272299129442,3.3452229248312904,0.4941357374143735,0.9452337034004512
29,0,620,6110.000000000002,5539.069501926646,0.13757670900528043,3.2369091184522794,0.40371141259255816,0.906558019955261
29,1,620,6110.000000000002,5539.069501926646,0.1374339945768517,3.2375090128878443,0.4033673668016856,0.906558019955261
29,3,525,5160.000000000001,5539.069501926646,0.15612958470101326,3.2188423818173164,0.5394758753285678,1.0734630817687296
29,6,418,4090.0000000000014,5539.069501926646,0.09604681033252462,2.03592688022545,0.26482478576420293,1.3542957217424558
29,5,420,4110.000000000002,5539.069501926646,0.15812758669901528,3.1224331709243365,0.665419904341372,1.3477054749213244
30,3,700,6910.000000000002,5164.84658198944,0.15612958470101326,3.4552073254178453,0.40321687047200583,0.7474452361779217
30,2,350,3410.000000000001,5164.84658198944,0.156272299129442,2.801924631924529,0.6631953881776046,1.5146177659793074
30,6,440,4310.000000000002,5164.84658198944,0.09604681033252462,1.9315285285650752,0.22231267748278177,1.198340274243489
30,0,465,4560.000000000002,5164.84658198944,0.13757670900528043,3.1955785869589812,0.4979514504671305,1.1326417942959293
30,4,700,6910.000000000002,5164.84658198944,0.1584130155558727,3.466485346791221,0.4104493840732172,0.7474452361779217
30,1,527,5180.000000000002,5164.84658198944,0.1374339945768517,3.3786890141154986,0.4629883415297275,0.9970746297276908
30,5,455,4460.000000000002,5164.84658198944,0.15812758669901528,3.011170964863634,0.5513985553445033,1.158037350221847
31,3,700,6910.000000000002,5636.189524761696,0.15612958470101326,3.3982483240607677,0.4327607422065561,0.8156569500378719
31,2,700,6910.000000000002,5636.189524761696,0.156272299129442,3.3837123190602023,0.43130349288103176,0.8156569500378719
31,5,700,6910.000000000002,5636.189524761696,0.15812758669901528,3.5317729643935816,0.4555205369080545,0.8156569500378719
31,0,341,3320.0000000000014,5636.189524761696,0.13757670900528043,2.8721298874544425,0.6708053187582808,1.6976474472173775
31,4,595,5860.000000000002,5636.189524761696,0.1584130155558727,3.3622070138068096,0.5122751433340195,0.9618070861368079
31,6,220,2110.0000000077202,5636.189524761696,0.09604681033252462,1.4643807227734538,0.3756990380047766,2.6711798695455324
31,1,589,5800.000000000002,5636.189524761696,0.1374339945768517,3.4896293012126542,0.46604844083558733,0.9717568146140851
32,2,700,6910.000000000002,4492.043670618558,0.156272299129442,3.605896678506407,0.36632048249435406,0.6500786788159996
32,4,700,6910.000000000002,4492.043670618558,0.1584130155558727,3.589065952193401,0.36960532755070136,0.6500786788159996
32,6,286,2770.000000000008,4492.043670618558,0.09604681033252462,1.5008749196048434,0.2337715453530332,1.6216764153857564
32,3,210,2010.0000000221403,4492.043670618558,0.15612958470101326,2.6077842894543846,0.9099232904514415,2.2348475972980486
32,5,315,3060.0000000000014,4492.043670618558,0.15812758669901528,2.8336605080455084,0.6577759700071697,1.467988127653123
32,0,310,3010.0000000000014,4492.043670618558,0.13757670900528043,2.581930943844416,0.5301112403646077,1.4923733124978593
32,1,620,6110.000000000002,4492.043670618558,0.1374339945768517,3.324221899936579,0.3358821584626283,0.7351953634400257
33,4,700,6910.000000000002,5311.885257599704,0.1584130155558727,3.594535542389524,0.43772795314353086,0.7687243498697109
33,3,665,6560.000000000001,5311.885257599704,0.15612958470101326,3.2383545171751913,0.4094062247599689,0.8097386063414183
33,0,620,6110.000000000002,5311.885257599704,0.13757670900528043,3.5532234520950365,0.4249862814843344,0.8693756559082984
33,2,595,5860.000000000002,5311.885257599704,0.156272299129442,3.1201074234822306,0.44198000011422767,0.9064650610238401
33,6,242,2330.000000000761,5311.885257599704,0.09604681033252462,1.7422961579049567,0.3815027649506676,2.27977908051415
33,5,245,2360.000000000555,5311.885257599704,0.15812758669901528,2.554392269697644,0.9091424079915035,2.2507988379654473
33,1,620,6110.000000000002,5311.885257599704,0.1374339945768517,3.5634519598560503,0.4257675445492157,0.8693756559082984
34,1,279,2700.0000000000164,4542.49179406048,0.1374339945768517,2.852983852091935,0.6596656504583329,1.682404368170538
34,6,330,3210.000000000001,4542.49179406048,0.09604681033252462,1.7180647320795974,0.23351328241952618,1.4151064779004607
34,4,175,1660.0000008844675,4542.49179406048,0.1584130155558727,2.043982396254109,0.8860415243566998,2.736440838337462
34,3,385,3760.0000000000014,4542.49179406048,0.15612958470101326,3.074507188183631,0.5799185805978172,1.2081095196969358
34,5,700,6910.000000000002,4542.49179406048,0.15812758669901528,3.155633292393968,0.32802751674676633,0.6573794202692445
34,2,700,6910.000000000002,4542.49179406048,0.156272299129442,3.626238776748056,0.37252421087113713,0.6573794202692445
34,0,620,6110.000000000002,4542.49179406048,0.13757670900528043,3.719707502367349,0.38045793665767863,0.7434520121211913
35,4,420,4110.000000000002,4689.660419855834,0.1584130155558727,2.5978840464109063,0.4695806566214194,1.1410365985050688
35,6,110,1010.0008335248422,4689.660419855834,0.09604681033252462,1.1999911918087616,0.5351563330012061,4.643224306547552
35,1,496,4870.000000000001,4689.660419855834,0.1374339945768517,3.3702900593304284,0.44604007921009714,0.9629692853913415
35,0,620,6110.000000000002,4689.660419855834,0.13757670900528043,3.649484342607817,0.38536885028772144,0.7675385302546371
35,5,700,6910.000000000002,4689.660419855834,0.15812758669901528,3.1475101457127437,0.3377832660744185,0.6786773400659671
35,2,700,6910.000000000002,4689.660419855834,0.156272299129442,3.707382871803376,0.3931993487820177,0.6786773400659671
35,3,175,1660.0000008844675,4689.660419855834,0.15612958470101326,2.411005643027992,1.0634491770506216,2.8250966369621255
36,1,155,1460.0000072749747,4764.467775564238,0.1374339945768517,2.285837543529738,1.0251822237800354,3.263334076591483
36,5,420,4110.000000000002,4764.467775564238,0.15812758669901528,3.136763744831829,0.5749922944016312,1.1592379015971377
36,4,700,6910.000000000002,4764.467775564238,0.1584130155558727,3.6672640968535104,0.4005616750724132,0.6895032960295566
36,6,88,790.008464149783,4764.467775564238,0.09604681033252462,0.7880600750139365,0.45648332952746706,6.030907251977126
36,2,700,6910.000000000002,4764.467775564238,0.156272299129442,3.0872625460013254,0.33265335846842925,0.6895032960295566
36,0,434,4250.000000000002,4764.467775564238,0.13757670900528043,3.3504476222409667,0.5167413473789108,1.121051241309232
36,3,700,6910.000000000002,4764.467775564238,0.15612958470101326,3.077510188662969,0.33129970600835446,0.6895032960295566
37,5,700,6910.000000000002,4450.793184760723,0.15812758669901528,3.6503906848696595,0.37179740771902386,0.6441089992417832
37,3,700,6910.000000000002,4450.793184760723,0.15612958470101326,3.7618293350080196,0.3783063753888534,0.6441089992417832
37,6,66,570.0859504455718,4450.793184760723,0.09604681033252462,0.6772238658275673,0.5078228956376534,7.807231841588169
37,0,372,3630.000000000001,4450.793184760723,0.13757670900528043,2.5170168178371806,0.4245822391698251,1.2261138250029537
37,1,279,2700.0000000000164,4450.793184760723,0.1374339945768517,2.2463406525754275,0.5089128730237837,1.6484419202817393
37,4,700,6910.000000000002,4450.793184760723,0.1584130155558727,3.652004158377696,0.3726331533444031,0.6441089992417832
37,2,175,1660.0000008844675,4450.793184760723,0.156272299129442,2.5481341253726018,1.0676615727094718,2.681200712282704
38,0,31,223.43368382029254,4169.980907360119,0.13757670900528043,0.552828603929583,1.4194524305680953,18.663170369218054
38,3,700,6910.000000000002,4169.980907360119,0.15612958470101326,3.187195084389062,0.3002962235000526,0.603470464162101
38,2,700,6910.000000000002,4169.980907360119,0.156272299129442,3.1908426975310316,0.300914708078107,0.603470464162101
38,4,455,4460.000000000002,4169.980907360119,0.1584130155558727,3.508283562426253,0.5196186828848385,0.9349732976143761
38,6,418,4090.0000000000014,4169.980907360119,0.09604681033252462,1.994491750499627,0.19531066089355228,1.0195552340733784
38,5,35,262.252839954494,4169.980907360119,0.15812758669901528,1.0112701304136924,2.542662332265623,15.900612966035725
38,1,620,6110.000000000002,4169.980907360119,0.1374339945768517,3.32388359392859,0.3117689295354136,0.6824846002226053
39,0,620,6110.000000000002,5450.015698587128,0.13757670900528043,4.349730875034024,0.5337819042691287,0.8919829293923284
39,1,527,5180.000000000002,5450.015698587128,0.1374339945768517,4.153057997687114,0.6005237103494877,1.0521265827388275
39,3,525,5160.000000000001,5450.015698587128,0.15612958470101326,4.822152968948309,0.7951960958101131,1.0562045927494432
39,2,350,3410.000000000001,5450.015698587128,0.156272299129442,4.361264032127311,1.0892755504927027,1.5982450728994506
39,5,700,6910.000000000002,5450.015698587128,0.15812758669901528,3.541912892041256,0.44173847236153335,0.7887142834424207
39,4,700,6910.000000000002,5450.015698587128,0.1584130155558727,3.5476288180801836,0.4432499969317384,0.7887142834424207
39,6,396,3870.0000000000014,5450.015698587128,0.09604681033252462,4.422610841496852,0.5982028270927057,1.4082727903325907
40,4,560,5510.000000000002,4952.30581700445,0.1584130155558727,3.4501580329415673,0.49123093247676547,0.8987850847557982
40,3,595,5860.000000000002,4952.30581700445,0.15612958470101326,3.1357781452323206,0.4137522543356099,0.8451033817413734
40,1,620,6110.000000000002,4952.30581700445,0.1374339945768517,3.5098414157580344,0.39097402858541597,0.8105246836341159
40,0,620,6110.000000000002,4952.30581700445,0.13757670900528043,3.5213475743033924,0.3926630683598416,0.8105246836341159
40,5,700,6910.000000000002,4952.30581700445,0.15812758669901528,3.6755888428323646,0.4165469661217655,0.71668680419746
40,6,374,3650.000000000001,4952.30581700445,0.09604681033252462,1.7111970684801872,0.22299625287015676,1.356796114247794
40,2,35,262.252839954494,4952.30581700445,0.156272299129442,1.0050827121537043,2.9659994105145207,18.88370710442553
41,3,245,2360.000000000555,3217.69411173315,0.15612958470101326,1.7034332918457824,0.3626127647506129,1.3634297083611837
41,2,140,1310.0000353340838,3217.69411173315,0.156272299129442,1.3143936731166663,0.5045229309306041,2.4562549808730005
41,4,70,610.0563920873398,3217.69411173315,0.1584130155558727,2.2822754497982856,1.9069253569124593,5.274420780550535
41,5,700,6910.000000000002,3217.69411173315,0.15812758669901528,4.873826603627264,0.3588760081312651,0.4656576138542907
41,0,620,6110.000000000002,3217.69411173315,0.13757670900528043,4.856837117148398,0.35188600995753294,0.5266275141952781
41,6,440,4310.000000000002,3217.69411173315,0.09604681033252462,4.095393669705734,0.2936608739874785,0.7465647591028187
41,1,155,1460.0000072749747,3217.69411173315,0.1374339945768517,3.047704305543863,0.9231215637454631,2.2039000655478307
42,1,341,3320.0000000000014,4791.494220065652,0.1374339945768517,3.047579321387253,0.6044801898439225,1.443221150622184
42,0,620,6110.000000000002,4791.494220065652,0.13757670900528043,3.677649865084909,0.39677568868793817,0.7842052733331671
42,5,595,5860.000000000002,4791.494220065652,0.15812758669901528,2.7837124633944192,0.359919493816189,0.817661129704036
42,3,280,2710.0000000000146,4791.494220065652,0.15612958470101326,3.2838941490299653,0.9065171654290117,1.7680790479946962
42,4,420,4110.000000000002,4791.494220065652,0.1584130155558727,2.4586132689125035,0.4540568471077683,1.1658136788480902
42,2,700,6910.000000000002,4791.494220065652,0.156272299129442,4.057842998296328,0.4397138677559043,0.6934145036274459
42,6,440,4310.000000000002,4791.494220065652,0.09604681033252462,1.793287051232549,0.19148133987408847,1.111715596302935
43,6,440,4310.000000000002,4911.782503211134,0.09604681033252462,2.1352672349812267,0.2337206256958858,1.1396247107218405
43,2,700,6910.000000000002,4911.782503211134,0.156272299129442,3.4510151857359554,0.3833451317823605,0.7108223593648528
43,4,630,6210.000000000002,4911.782503211134,0.1584130155558727,3.3366201976847716,0.41806630233356057,0.7909472629969618
43,1,279,2700.0000000000164,4911.782503211134,0.1374339945768517,2.657840736068672,0.6645053573762376,1.8191787048930017
43,0,248,2390.0000000004047,4911.782503211134,0.13757670900528043,2.524222460072256,0.7136968334656385,2.0551391226821347
43,3,420,4110.000000000002,4911.782503211134,0.15612958470101326,2.927095527105673,0.5461593920580684,1.1950809010246064
43,5,700,6910.000000000002,4911.782503211134,0.15812758669901528,3.4342994862398717,0.3860174061425113,0.7108223593648528
44,2,700,6910.000000000002,4536.193816356925,0.156272299129442,3.594766245722304,0.36877902487275077,0.656467990789714
44,4,700,6910.000000000002,4536.193816356925,0.1584130155558727,3.8034167558925054,0.39552900028872845,0.656467990789714
44,6,396,3870.0000000000014,4536.193816356925,0.09604681033252462,2.0675351716845847,0.23276436356493452,1.172143105001789
44,0,31,223.43368382029254,4536.193816356925,0.13757670900528043,0.4894081214006891,1.3669701923783237,20.30219320022213
44,5,385,3760.0000000000014,4536.193816356925,0.15812758669901528,3.164595601735554,0.6037117385596301,1.2064345256268412
44,3,700,6910.000000000002,4536.193816356925,0.15612958470101326,3.604079420563856,0.36939678561372025,0.656467990789714
44,1,217,2080.00000001059,4536.193816356925,0.1374339945768517,1.9559059793341638,0.586233201569098,2.180862411698956
45,4,560,5510.000000000002,5459.570429570431,0.1584130155558727,3.773389593314989,0.5922831570719025,0.9908476278712213
45,6,352,3430.000000000001,5459.570429570431,0.09604681033252462,2.770195577118508,0.4235042091492887,1.591711495501583
45,2,700,6910.000000000002,5459.570429570431,0.156272299129442,4.231820319592411,0.5225040327196414,0.7900970230926815
45,1,620,6110.000000000002,5459.570429570431,0.1374339945768517,2.680821402756094,0.32921477229623686,0.8935467151506431
45,5,700,6910.000000000002,5459.570429570431,0.15812758669901528,4.041253981764865,0.5048986551353908,0.7900970230926815
45,3,350,3410.000000000001,5459.570429570431,0.15612958470101326,3.451236521541078,0.8627083905267057,1.6010470467948474
45,0,527,5180.000000000002,5459.570429570431,0.13757670900528043,2.488262198439567,0.3608026937682367,1.0539711253996966
46,1,620,6110.000000000002,4340.414550823762,0.1374339945768517,3.3787610393525878,0.3298691092994164,0.7103788135554436
46,4,315,3060.0000000000014,4340.414550823762,0.1584130155558727,2.9195417144288625,0.6560173573550081,1.418436127720183
46,0,186,1770.0000002775555,4340.414550823762,0.13757670900528043,2.16642667378849,0.7308813077066185,2.4522116102503597
46,5,700,6910.000000000002,4340.414550823762,0.15812758669901528,3.667032327705642,0.3642298583090319,0.6281352461394732
46,3,700,6910.000000000002,4340.414550823762,0.15612958470101326,3.4234106920499596,0.33573558155414773,0.6281352461394732
46,6,22,138.8629381196525,4340.414550823762,0.09604681033252462,0.1694798263612499,0.5087984947987437,31.256824964223384
46,2,385,3760.0000000000014,4340.414550823762,0.156272299129442,2.8710703585004365,0.5179277765820473,1.1543655720275958
47,2,140,1310.0000353340838,3899.24526940535,0.156272299129442,2.33762112845228,1.0873400187177622,2.976523026131783
47,1,620,6110.000000000002,3899.24526940535,0.1374339945768517,3.303997029271687,0.2897831716895642,0.6381743485115137
47,0,496,4870.000000000001,3899.24526940535,0.13757670900528043,3.0714416616305176,0.33832865322035194,0.8006663797546918
47,6,440,4310.000000000002,3899.24526940535,0.09604681033252462,1.9389807728607138,0.16848441452045895,0.9046972782843036
47,5,105,960.0014115816389,3899.24526940535,0.15812758669901528,2.124755191964368,1.3646623955269386,4.061707849972007
47,4,350,3410.000000000001,3899.24526940535,0.1584130155558727,2.8690286476980993,0.5196990476796356,1.1434736860426242
47,3,700,6910.000000000002,3899.24526940535,0.15612958470101326,3.6101730393179445,0.3180648885733447,0.5642901981773298
48,1,558,5490.000000000002,5330.191245217916,0.1374339945768517,4.082647351651105,0.5447615979584495,0.9708909371981629
48,3,315,3060.0000000000014,5330.191245217916,0.15612958470101326,2.756819474772161,0.7497472780165696,1.7418925637967038
48,5,700,6910.000000000002,5330.191245217916,0.15812758669901528,3.1113620257780226,0.37950974662302933,0.7713735521299442
48,6,132,1230.0000820831015,5330.191245217916,0.09604681033252462,2.0145452222739384,0.8384894811639424,4.333488528058323
48,2,700,6910.000000000002,5330.191245217916,0.156272299129442,3.642311587269315,0.439059967975511,0.7713735521299442
48,0,527,5180.000000000002,5330.191245217916,0.13757670900528043,4.013888397944211,0.5682287998068078,1.0289944488837672
48,4,700,6910.000000000002,5330.191245217916,0.1584130155558727,3.116459816282511,0.3808177098897162,0.7713735521299442
49,2,700,6910.000000000002,3940.6140425552394,0.156272299129442,3.2965852383351177,0.29378672269464506,0.5702769960282544
49,1,341,3320.0000000000014,3940.6140425552394,0.1374339945768517,3.0779901848451403,0.5020965267724434,1.186931940528686
49,3,175,1660.0000008844675,3940.6140425552394,0.15612958470101326,2.3318947804788253,0.8642710525468639,2.3738638797925504
49,4,70,610.0563920873398,3940.6140425552394,0.1584130155558727,2.114503004819148,2.1636802785746934,6.459425872208671
49,0,403,3940.000000000001,3940.6140425552394,0.13757670900528043,3.2114325434601008,0.44188717718425735,1.0001558483642736
49,5,700,6910.000000000002,3940.6140425552394,0.15812758669901528,3.703928771450291,0.33400742594549837,0.5702769960282544
49,6,440,4310.000000000002,3940.6140425552394,0.09604681033252462,1.5658389885647614,0.13750442672414576,0.9142956015209368
50,4,525,5160.000000000001,4616.204483811613,0.1584130155558727,2.8631661399547124,0.4057632847275578,0.8946132720565139
50,3,700,6910.000000000002,4616.204483811613,0.15612958470101326,4.0258077943068225,0.419899378649073,0.668046958583446
50,0,93,840.0049979958054,4616.204483811613,0.13757670900528043,1.840128057659597,1.3912210243166108,5.495448830454058
50,1,465,4560.000000000002,4616.204483811613,0.1374339945768517,3.9501688176450926,0.549578863759565,1.0123255446955286
50,5,315,3060.0000000000014,4616.204483811613,0.15812758669901528,2.2787800732373378,0.543592765274045,1.50856355680118
50,2,700,6910.000000000002,4616.204483811613,0.156272299129442,4.025657775601829,0.42026753738419,0.668046958583446
50,6,440,4310.000000000002,4616.204483811613,0.09604681033252462,3.6355675822681612,0.37399253815511313,1.071045123854202
51,0,620,6110.000000000002,4739.717425431802,0.13757670900528043,2.99708524589779,0.31985655278854425,0.7757311661917842
51,4,280,2710.0000000000146,4739.717425431802,0.1584130155558727,2.852298837783145,0.7902582635823496,1.7489732197165229
51,5,245,2360.000000000555,4739.717425431802,0.15812758669901528,2.738178800636034,0.8695807039845155,2.00835484128419
51,2,525,5160.000000000001,4739.717425431802,0.156272299129442,3.620457243116136,0.5196945631924836,0.918549888649574
51,1,620,6110.000000000002,4739.717425431802,0.1374339945768517,2.97103296300896,0.3167472697555548,0.7757311661917842
51,6,396,3870.0000000000014,4739.717425431802,0.09604681033252462,1.7054090799103492,0.20061019640650557,1.2247331848660983
51,3,700,6910.000000000002,4739.717425431802,0.15612958470101326,3.9246712558832013,0.4203033893585721,0.6859214798019972
52,6,440,4310.000000000002,3832.9890147999276,0.09604681033252462,2.2467568354732936,0.19191075888765063,0.8893245974013749
52,1,434,4250.000000000002,3832.9890147999276,0.1374339945768517,3.2947381182315105,0.40837929459825795,0.9018797681882179
52,4,700,6910.000000000002,3832.9890147999276,0.1584130155558727,2.9147888298127214,0.25612825168006276,0.5547017387554163
52,2,700,6910.000000000002,3832.9890147999276,0.156272299129442,3.9107449163468213,0.33900103045447455,0.5547017387554163
52,0,310,3010.0000000000014,3832.9890147999276,0.13757670900528043,2.92798963251758,0.5129623969480918,1.273418277342168
52,5,70,610.0563920873398,3832.9890147999276,0.15812758669901528,1.3191901960045325,1.3106376832526938,6.283007709640015
52,3,105,960.0014115816389,3832.9890147999276,0.15612958470101326,2.2536960887636797,1.404902736562508,3.9926910195735363
53,3,700,6910.000000000002,5047.497476533183,0.15612958470101326,3.572534875741653,0.4074363239102278,0.7304627317703591
53,0,93,840.0049979958054,5047.497476533183,0.13757670900528043,1.6641993408971465,1.375765778769247,6.008889814437017
53,5,595,5860.000000000002,5047.497476533183,0.15812758669901528,3.169638948329304,0.43171380080866234,0.8613476922411571
53,2,700,6910.000000000002,5047.497476533183,0.156272299129442,3.5687748446722236,0.40737954034726837,0.7304627317703591
53,4,490,4810.000000000001,5047.497476533183,0.1584130155558727,2.9426412317033335,0.48916932050471734,1.0493757747470231
53,1,620,6110.000000000002,5047.497476533183,0.1374339945768517,4.205077548087106,0.47742271605014,0.8261043333114862
53,6,264,2550.0000000000755,5047.497476533183,0.09604681033252462,2.8389299318306978,0.5397262620780061,1.9794107751109935
54,2,700,6910.000000000002,4385.365513906465,0.156272299129442,3.895530168428822,0.3863459138879715,0.6346404506376937
54,6,352,3430.000000000001,4385.365513906465,0.09604681033252462,1.5981555317500917,0.19625180784136753,1.2785322197978028
54,1,62,530.1310020508638,4385.365513906465,0.1374339945768517,1.1394805267740014,1.295458997878616,8.272229877032748
54,5,700,6910.000000000002,4385.365513906465,0.15812758669901528,3.7318749490073615,0.3745091864838875,0.6346404506376937
54,3,175,1660.0000008844675,4385.365513906465,0.15612958470101326,2.7526441426368007,1.1353584155505647,2.6417864527529464
54,4,700,6910.000000000002,4385.365513906465,0.1584130155558727,3.7345944757173286,0.3754586043000283,0.6346404506376937
54,0,341,3320.0000000000014,4385.365513906465,0.13757670900528043,2.4095436787744857,0.43787226035735266,1.32089322708026
55,3,420,4110.000000000002,5229.823034885125,0.15612958470101326,3.024421838288705,0.6008592363777518,1.2724630255194944
55,2,490,4810.000000000001,5229.823034885125,0.156272299129442,3.184022047202956,0.5410033883971181,1.0872812962339136
55,6,154,1450.0000080833054,5229.823034885125,0.09604681033252462,2.1601604134833683,0.7483210099887198,3.6067744867106657
55,0,620,6110.000000000002,5229.823034885125,0.13757670900528043,3.055172223567231,0.35977120162559906,0.8559448502266978
55,1,496,4870.000000000001,5229.823034885125,0.1374339945768517,2.7880091099752473,0.41147778232386123,1.0738856334466373
55,5,700,6910.000000000002,5229.823034885125,0.15812758669901528,4.307212175819859,0.5154812286780891,0.7568484855115953
55,4,700,6910.000000000002,5229.823034885125,0.1584130155558727,4.313375835987673,0.5171506900941394,0.7568484855115953
56,1,620,6110.000000000002,4444.872351644827,0.1374339945768517,3.4365073924175626,0.3435813131706503,0.7274750166358144
56,3,350,3410.000000000001,4444.872351644827,0.15612958470101326,2.6941604657107603,0.5482941066154601,1.3034816280483361
56,6,110,1010.0008335248422,4444.872351644827,0.09604681033252462,0.710579992366584,0.30035404343961986,4.400860082592694
56,2,385,3760.0000000000014,4444.872351644827,0.156272299129442,2.7791623499886,0.5134135989301453,1.1821469020331983
56,4,700,6910.000000000002,4444.872351644827,0.1584130155558727,3.8532536983900365,0.3926446743025471,0.6432521492973698
56,0,155,1460.0000072749747,4444.872351644827,0.13757670900528043,2.1435789849521636,0.897823239316206,3.0444331023949682
56,5,700,6910.000000000002,4444.872351644827,0.15812758669901528,3.8523362999064017,0.39184389239931866,0.6432521492973698
57,3,70,610.0563920873398,3473.402003658824,0.15612958470101326,1.552429170588826,1.3800094732488375,5.693575296825262
57,4,595,5860.000000000002,3473.402003658824,0.1584130155558727,3.7854643463767825,0.3554409458042545,0.592730717347922
57,6,440,4310.000000000002,3473.402003658824,0.09604681033252462,2.1962791634490033,0.1699997443979865,0.8058937363477546
57,2,210,2010.0000000221403,3473.402003658824,0.156272299129442,2.1986872296543045,0.5937511293648603,1.7280606983186886
57,1,620,6110.000000000002,3473.402003658824,0.1374339945768517,3.2401147476930063,0.25314444446417966,0.5684782330047173
57,0,620,6110.000000000002,3473.402003658824,0.13757670900528043,3.2307125653257582,0.25267197641574907,0.5684782330047173
57,5,35,262.252839954494,3473.402003658824,0.15812758669901528,0.9996432696514375,2.0935702574332495,13.24447813133893
58,2,525,5160.000000000001,5447.301270158422,0.156272299129442,3.347633579758744,0.5522702013627028,1.0556785407283762
58,3,525,5160.000000000001,5447.301270158422,0.15612958470101326,3.3441858632052246,0.5511975832282423,1.0556785407283762
58,5,700,6910.000000000002,5447.301270158422,0.15812758669901528,3.8162145508472722,0.47571163527376803,0.7883214573311752
58,1,620,6110.000000000002,5447.301270158422,0.1374339945768517,4.9407876995674656,0.6053834550839338,0.8915386694203634
58,0,620,6110.000000000002,5447.301270158422,0.13757670900528043,4.931241272523714,0.6048411817496068,0.8915386694203634
58,6,264,2550.0000000000755,5447.301270158422,0.09604681033252462,3.7151334682067696,0.7622520167840309,2.1361965765326514
58,4,525,5160.000000000001,5447.301270158422,0.1584130155558727,3.47245501006836,0.5807098364391373,1.0556785407283762
59,4,490,4810.000000000001,5095.862708719853,0.1584130155558727,3.127632527803464,0.5249032055311571,1.0594309165737739
59,2,700,6910.000000000002,5095.862708719853,0.156272299129442,3.3132122427395316,0.38183077645253727,0.7374620417829019
59,3,420,4110.000000000002,5095.862708719853,0.15612958470101326,2.8408437218257823,0.5499313076283496,1.239869272194611
59,5,350,3410.000000000001,5095.862708719853,0.15812758669901528,2.815651050865868,0.6653494674361987,1.494387891120191
59,6,418,4090.0000000000014,5095.862708719853,0.09604681033252462,1.7066888334106367,0.2042357217910911,1.2459322026209905
59,1,620,6110.000000000002,5095.862708719853,0.1374339945768517,3.753058026943085,0.43018568783949307,0.8340200832602048
59,0,620,6110.000000000002,5095.862708719853,0.13757670900528043,3.7641252794006705,0.4319022777345791,0.8340200832602048
60,0,620,6110.000000000002,4198.209157674217,0.13757670900528043,3.788947880901496,0.35816769264532844,0.6871046084573185
60,6,396,3870.0000000000014,4198.209157674217,0.09604681033252462,1.9419018558907162,0.20233142030049825,1.0848085678744743
60,4,105,960.0014115816389,4198.209157674217,0.1584130155558727,1.8541787078176521,1.2845016039918287,4.37312810900716
60,2,420,4110.000000000002,4198.209157674217,0.156272299129442,2.9563792050054,0.4719156611880423,1.0214620821591764
60,3,175,1660.0000008844675,4198.209157674217,0.15612958470101326,2.3083627094982644,0.9114759999404962,2.5290416599020253
60,1,620,6110.000000000002,4198.209157674217,0.1374339945768517,3.7718603311683547,0.3561825459128026,0.6871046084573185
60,5,700,6910.000000000002,4198.209157674217,0.15812758669901528,3.239265922341626,0.311200487999138,0.6075555944535768
61,3,700,6910.000000000002,4575.349813995946,0.15612958470101326,3.394463045462422,0.3509154958099131,0.6621345606361714
61,1,620,6110.000000000002,4575.349813995946,0.1374339945768517,4.2614469639682655,0.438565385577943,0.7488297567914802
61,6,308,2990.000000000002,4575.349813995946,0.09604681033252462,2.5089718009409077,0.3687498418941221,1.5302173290956331
61,2,315,3060.0000000000014,4575.349813995946,0.156272299129442,2.5417794116896397,0.5939128707217031,1.4952123575150142
61,4,700,6910.000000000002,4575.349813995946,0.1584130155558727,3.150449048563532,0.33045290826327345,0.6621345606361714
61,0,558,5490.000000000002,4575.349813995946,0.13757670900528043,4.12176136096265,0.4725847681715201,0.8333970517296801
61,5,35,262.252839954494,4575.349813995946,0.15812758669901528,0.628734078375175,1.7345177464767982,17.446330856855006
62,6,66,570.0859504455718,5009.948315206206,0.09604681033252462,1.2691390950931714,1.0712357964500452,8.788057855645267
62,4,700,6910.000000000002,5009.948315206206,0.1584130155558727,2.518375510224024,0.2892454572592756,0.7250286997404058
62,1,310,3010.0000000000014,5009.948315206206,0.1374339945768517,3.4747698423045574,0.7948532661665467,1.6644346562146854
62,2,700,6910.000000000002,5009.948315206206,0.156272299129442,4.12213298440914,0.4670455067844015,0.7250286997404058
62,5,700,6910.000000000002,5009.948315206206,0.15812758669901528,2.5092257614709452,0.2876753026749544,0.7250286997404058
62,3,560,5510.000000000002,5009.948315206206,0.15612958470101326,3.8719550707405004,0.5496638309274928,0.9092465181862439
62,0,310,3010.0000000000014,5009.948315206206,0.13757670900528043,3.4971909557746224,0.8008128123945961,1.6644346562146854
63,3,595,5860.000000000002,4509.437705153536,0.15612958470101326,3.5328776371003197,0.42446176537092095,0.769528618626883
63,2,385,3760.0000000000014,4509.437705153536,0.156272299129442,3.1424247402005823,0.5889540788591822,1.1993185386046634
63,1,217,2080.00000001059,4509.437705153536,0.1374339945768517,2.3838323074783077,0.7102789235708806,2.1679988966973927
63,5,700,6910.000000000002,4509.437705153536,0.15812758669901528,3.860087058761307,0.39833556804519477,0.65259590523206
63,6,440,4310.000000000002,4509.437705153536,0.09604681033252462,1.426505515094421,0.1433512629247191,1.0462732494555762
63,0,620,6110.000000000002,4509.437705153536,0.13757670900528043,3.2240537531027633,0.32736208037010367,0.7380421776028698
63,4,245,2360.000000000555,4509.437705153536,0.1584130155558727,3.0347414276671296,0.9185926020368587,1.9107786886239304
64,1,186,1770.0000002775555,4446.178786587958,0.1374339945768517,1.9942734505106634,0.6884819091719744,2.511965415757485
64,5,350,3410.000000000001,4446.178786587958,0.15812758669901528,2.724465660736607,0.5617221178283102,1.3038647467999873
64,2,700,6910.000000000002,4446.178786587958,0.156272299129442,3.6431634962166575,0.3663275136478237,0.643441213688561
64,0,620,6110.000000000002,4446.178786587958,0.13757670900528043,3.363413537519782,0.33672153789361575,0.727688835775443
64,4,420,4110.000000000002,4446.178786587958,0.1584130155558727,2.891305001358891,0.49548426715735755,1.081795325203882
64,6,22,138.8629381196525,4446.178786587958,0.09604681033252462,0.2705346432829929,0.8319675846511234,32.01846977165979
64,3,700,6910.000000000002,4446.178786587958,0.15612958470101326,3.6371311926030523,0.36538696148863364,0.643441213688561
65,4,210,2010.0000000221403,3803.2798191762736,0.1584130155558727,2.4808456861064365,0.7436230343156678,1.8921790144947166
65,6,440,4310.000000000002,3803.2798191762736,0.09604681033252462,1.6384613161597954,0.1388673499388675,0.8824315125699007
65,0,620,6110.000000000002,3803.2798191762736,0.13757670900528043,3.3052580887520744,0.2830527390827453,0.6224680555116648
65,2,700,6910.000000000002,3803.2798191762736,0.156272299129442,3.887620074444073,0.33438443169947035,0.5504022893163926
65,5,280,2710.0000000000146,3803.2798191762736,0.15812758669901528,2.638910465150402,0.5856272629703061,1.4034242875189127
65,1,465,4560.000000000002,3803.2798191762736,0.1374339945768517,3.0254133560935292,0.346794599514104,0.8340525919246211
65,3,70,610.0563920873398,3803.2798191762736,0.15612958470101326,2.1351290005115477,2.078249194973538,6.234308612295911
66,3,385,3760.0000000000014,4393.527900810621,0.15612958470101326,2.572435426200559,0.4693050528097327,1.1684914629815477
66,4,700,6910.000000000002,4393.527900810621,0.1584130155558727,3.7677268126804035,0.3794946069084816,0.6358216933155745
66,6,440,4310.000000000002,4393.527900810621,0.09604681033252462,3.4838347471807194,0.3410959883692872,1.0193800233899348
66,1,434,4250.000000000002,4393.527900810621,0.1374339945768517,3.890924582844478,0.5528043366124322,1.0337712707789692
66,0,279,2700.0000000000164,4393.527900810621,0.13757670900528043,3.2883763076996244,0.7361665015523144,1.6272325558557756
66,2,700,6910.000000000002,4393.527900810621,0.156272299129442,3.267117604370332,0.3246251107437841,0.6358216933155745
66,5,175,1660.0000008844675,4393.527900810621,0.15812758669901528,2.2602177802582886,0.9459392157406884,2.6467035532949987
67,1,620,6110.000000000002,4468.677037248555,0.1374339945768517,3.5595719987590173,0.35779124499806303,0.7313710371928893
67,4,245,2360.000000000555,4468.677037248555,0.1584130155558727,2.273843275195512,0.6820533622239798,1.8935072191726716
67,3,700,6910.000000000002,4468.677037248555,0.15612958470101326,3.7277014383588973,0.3763806141827619,0.646697111034523
67,6,440,4310.000000000002,4468.677037248555,0.09604681033252462,2.0044647564239906,0.1996103561112726,1.0368160179230983
67,2,385,3760.0000000000014,4468.677037248555,0.156272299129442,3.1005916949959325,0.5758610495012786,1.1884779354384452
67,0,310,3010.0000000000014,4468.677037248555,0.13757670900528043,2.8042286769970315,0.5727575402021456,1.484610311378257
67,5,490,4810.000000000001,4468.677037248555,0.15812758669901528,2.8470185437491375,0.41824603318595366,0.9290388850828596
68,4,140,1310.0000353340838,3078.677741492094,0.1584130155558727,1.8341649422908106,0.6828450632267586,2.3501356171390877
68,6,440,4310.000000000002,3078.677741492094,0.09604681033252462,2.202073533493317,0.15107817346801505,0.714310380856634
68,3,140,1310.0000353340838,3078.677741492094,0.15612958470101326,2.277101901858531,0.8355272045174398,2.3501356171390877
68,5,700,6910.000000000002,3078.677741492094,0.15812758669901528,3.2068983043386954,0.22593265992032105,0.44553947054878335
68,1,620,6110.000000000002,3078.677741492094,0.1374339945768517,3.573744436709889,0.2474803283083523,0.5038752441067256
68,2,140,1310.0000353340838,3078.677741492094,0.156272299129442,2.263970478378075,0.8314682795546693,2.3501356171390877
68,0,93,840.0049979958054,3078.677741492094,0.13757670900528043,1.484912531265518,0.7487350267016041,3.6650707422427353
69,5,35,262.252839954494,3367.7972067737355,0.15812758669901528,0.7932010978259751,1.6107075041237597,12.84179499203179
69,3,700,6910.000000000002,3367.7972067737355,0.15612958470101326,3.175051998407821,0.24160389515899752,0.4873802035852004
69,2,700,6910.000000000002,3367.7972067737355,0.156272299129442,3.179579613465784,0.2421695810564158,0.4873802035852004
69,0,62,530.1310020508638,3367.7972067737355,0.13757670900528043,1.046131918942201,0.91431132584908,6.3527641163129145
69,4,70,610.0563920873398,3367.7972067737355,0.1584130155558727,1.467770888273832,1.2835863244453867,5.520468682002727
69,1,434,4250.000000000002,3367.7972067737355,0.1374339945768517,3.414381772271662,0.3718461174416029,0.7924228721820551
69,6,440,4310.000000000002,3367.7972067737355,0.09604681033252462,3.0398077902782066,0.22813805394666423,0.7813914632885693
70,2,315,3060.0000000000014,4796.259454838414,0.156272299129442,4.331824679120081,1.0610457612394892,1.5674050506007882
70,4,700,6910.000000000002,4796.259454838414,0.1584130155558727,2.32875176823618,0.25605819509982763,0.6941041179216227
70,3,700,6910.000000000002,4796.259454838414,0.15612958470101326,5.1983351681204,0.5633445577426719,0.6941041179216227
70,1,341,3320.0000000000014,4796.259454838414,0.1374339945768517,3.497532915882064,0.6944173524281578,1.4446564623007265
70,5,700,6910.000000000002,4796.259454838414,0.15812758669901528,2.3146141690186375,0.2540451283767736,0.6941041179216227
70,6,198,1890.0000000783903,4796.259454838414,0.09604681033252462,2.542394593438743,0.6196789834108357,2.5377034151531657
70,0,310,3010.0000000000014,4796.259454838414,0.13757670900528043,3.40447227987524,0.7463299868658998,1.5934416793483095
71,2,700,6910.000000000002,4587.172832690266,0.156272299129442,3.661936154801424,0.3798917183408843,0.6638455618943943
71,3,140,1310.0000353340838,4587.172832690266,0.15612958470101326,2.4162014212289025,1.3209675102853675,3.5016585564598235
71,1,465,4560.000000000002,4587.172832690266,0.1374339945768517,2.850794895615012,0.39413082555157813,1.0059589545373386
71,0,620,6110.000000000002,4587.172832690266,0.13757670900528043,3.1254218699536302,0.32281778735680017,0.7507647844010252
71,5,700,6910.000000000002,4587.172832690266,0.15812758669901528,3.7311528335290194,0.3916676820623705,0.6638455618943943
71,6,220,2110.0000000077202,4587.172832690266,0.09604681033252462,1.2510341321905507,0.2612250095595712,2.174015560508759
71,4,350,3410.000000000001,4587.172832690266,0.1584130155558727,3.081184297897235,0.6565975559106534,1.345211974395972
72,2,595,5860.000000000002,5159.746781271987,0.156272299129442,2.835129185206445,0.3901086922148024,0.880502863698291
72,0,372,3630.000000000001,5159.746781271987,0.13757670900528043,3.132391074310983,0.6125515708958569,1.4214178460804368
72,6,88,790.008464149783,5159.746781271987,0.09604681033252462,1.1284118316111944,0.7078597564789059,6.531255062975776
72,3,420,4110.000000000002,5159.746781271987,0.15612958470101326,2.463485748551875,0.482860662174431,1.2554128421586337
72,5,700,6910.000000000002,5159.746781271987,0.15812758669901528,3.763206008599726,0.44434058023577633,0.7467072042361773
72,4,700,6910.000000000002,5159.746781271987,0.1584130155558727,3.771549240033858,0.4461295443724683,0.7467072042361773
72,1,620,6110.000000000002,5159.746781271987,0.1374339945768517,3.7508283836651155,0.43531992128914,0.8444757416157096
73,3,700,6910.000000000002,4487.904402264819,0.15612958470101326,3.3911361173274455,0.3438713366918087,0.6494796530050387
73,2,560,5510.000000000002,4487.904402264819,0.156272299129442,3.1485858358847345,0.4007647705155732,0.8145017064001483
73,6,440,4310.000000000002,4487.904402264819,0.09604681033252462,1.615644297377262,0.16158276145825334,1.041277123495317
73,5,35,262.252839954494,4487.904402264819,0.15812758669901528,1.1187856337703328,3.0274565672911935,17.112891525001437
73,1,620,6110.000000000002,4487.904402264819,0.1374339945768517,3.4685041996507375,0.35013762487247957,0.7345179054443236
73,0,527,5180.000000000002,4487.904402264819,0.13757670900528043,3.3280851196842303,0.3966917598890945,0.8663908112480342
73,4,350,3410.000000000001,4487.904402264819,0.1584130155558727,3.127021923575824,0.6519450703063981,1.316100997731618
74,3,630,6210.000000000002,5562.447552447555,0.15612958470101326,4.788926560698955,0.669726849917821,0.8957242435503306
74,5,630,6210.000000000002,5562.447552447555,0.15812758669901528,2.773663098561375,0.3928580715215025,0.8957242435503306
74,0,620,6110.000000000002,5562.447552447555,0.13757670900528043,4.912864876818143,0.6153248503663364,0.9103842148032002
74,2,350,3410.000000000001,5562.447552447555,0.156272299129442,4.155436829485073,1.0592786922572206,1.6312162910403383
74,4,630,6210.000000000002,5562.447552447555,0.1584130155558727,2.781557742758007,0.39468740724647694,0.8957242435503306
74,1,620,6110.000000000002,5562.447552447555,0.1374339945768517,4.904125073955641,0.6135930422040887,0.9103842148032002
74,6,440,4310.000000000002,5562.447552447555,0.09604681033252462,4.252513701494879,0.5271295069469444,1.2905910794541884
75,0,620,6110.000000000002,4084.801860642067,0.13757670900528043,3.7367603434474,0.3436924142482413,0.6685436760461646
75,1,31,223.43368382029254,4084.801860642067,0.1374339945768517,0.5921344003662254,1.487773474380138,18.281942949691814
75,6,440,4310.000000000002,4084.801860642067,0.09604681033252462,1.8658213562997534,0.1698426399154575,0.9477498516570917
75,2,700,6910.000000000002,4084.801860642067,0.156272299129442,3.29963391711522,0.3048180698081443,0.5911435398903134
75,4,350,3410.000000000001,4084.801860642067,0.1584130155558727,2.8315446698216524,0.5373173880461498,1.197889108692688
75,5,280,2710.0000000000146,4084.801860642067,0.15812758669901528,2.6829066276267475,0.6394622414370102,1.507306959646511
75,3,490,4810.000000000001,4084.801860642067,0.15612958470101326,2.936826511643085,0.38939414350609375,0.8492311560586416
76,6,286,2770.000000000008,4326.982500346167,0.09604681033252462,2.654857765939492,0.3983176721343806,1.5620875452513194
76,2,700,6910.000000000002,4326.982500346167,0.156272299129442,4.0031927833899585,0.3917379066161924,0.6261913893409792
76,0,403,3940.000000000001,4326.982500346167,0.13757670900528043,2.83072467733254,0.42769233235943804,1.098218908717301
76,1,93,840.0049979958054,4326.982500346167,0.1374339945768517,1.1735995931545316,0.8308399837931245,5.151138994017955
76,5,700,6910.000000000002,4326.982500346167,0.15812758669901528,3.518396970534708,0.3483850999077067,0.6261913893409792
76,3,700,6910.000000000002,4326.982500346167,0.15612958470101326,3.996180441713604,0.39069457948368136,0.6261913893409792
76,4,105,960.0014115816389,4326.982500346167,0.1584130155558727,1.574973125675288,1.1245461320442092,4.507266810386558
77,3,700,6910.000000000002,5180.580847731235,0.15612958470101326,4.1638672436309765,0.48739659098325666,0.7497222645052436
77,5,490,4810.000000000001,5180.580847731235,0.15812758669901528,2.7355051945327906,0.46588482643551266,1.0770438352871587
77,0,558,5490.000000000002,5180.580847731235,0.13757670900528043,3.139093077361683,0.40752590523439375,0.9436394986759987
77,2,700,6910.000000000002,5180.580847731235,0.156272299129442,4.175495531130771,0.4892044886126475,0.7497222645052436
77,1,620,6110.000000000002,5180.580847731235,0.1374339945768517,3.2457664161754303,0.3782236464627099,0.8478855724601037
77,6,198,1890.0000000783903,5180.580847731235,0.09604681033252462,1.4746545175885142,0.3882307078938951,2.7410480674689754
77,4,315,3060.0000000000014,5180.580847731235,0.1584130155558727,2.352007886188455,0.6307927077534888,1.6930002770363506
78,2,105,960.0014115816389,4446.814834688439,0.156272299129442,2.411757332424202,1.7457931432952793,4.632091975117143
78,3,700,6910.000000000002,4446.814834688439,0.15612958470101326,3.895270042278548,0.39137562463129477,0.643533261170541
78,6,330,3210.000000000001,4446.814834688439,0.09604681033252462,1.651808787336415,0.21977927291170343,1.3853005715540305
78,0,620,6110.000000000002,4446.814834688439,0.13757670900528043,3.549590850640781,0.3554111498658564,0.72779293530089
78,5,175,1660.0000008844675,4446.814834688439,0.15812758669901528,2.0268615528671554,0.8585640213583765,2.678804115854894
78,1,527,5180.000000000002,4446.814834688439,0.1374339945768517,3.364477512573635,0.39694568528201624,0.8584584622950652
78,4,700,6910.000000000002,4446.814834688439,0.1584130155558727,3.10598162603439,0.31663632913955136,0.643533261170541
79,5,700,6910.000000000002,4303.4693933906665,0.15812758669901528,3.6186660037557026,0.3563664530303086,0.6227886242244088
79,1,620,6110.000000000002,4303.4693933906665,0.1374339945768517,4.177006253348077,0.40433077981862237,0.7043321429444623
79,3,700,6910.000000000002,4303.4693933906665,0.15612958470101326,3.0757238474749915,0.2990702513013689,0.6227886242244088
79,4,140,1310.0000353340838,4303.4693933906665,0.1584130155558727,2.003308003379685,1.042523848512829,3.285091051385484
79,6,330,3210.000000000001,4303.4693933906665,0.09604681033252462,2.7171329278379646,0.3498706553039167,1.3406446708382134
79,0,186,1770.0000002775555,4303.4693933906665,0.13757670900528043,2.5915180316052755,0.8668512974205657,2.431338639952449
79,2,350,3410.000000000001,4303.4693933906665,0.156272299129442,2.2881256277136375,0.4512593428679739,1.2620144848652977
80,3,700,6910.000000000002,5349.14085914086,0.15612958470101326,3.803249979753143,0.45966989660042773,0.7741158985732067
80,0,589,5800.000000000002,5349.14085914086,0.13757670900528043,3.519202091809836,0.44652436784010346,0.9222656653691135
80,5,700,6910.000000000002,5349.14085914086,0.15812758669901528,3.124409582657822,0.38245609901549976,0.7741158985732067
80,1,341,3320.0000000000014,5349.14085914086,0.1374339945768517,2.8988710297198677,0.6419024220206414,1.6111870057653186
80,4,700,6910.000000000002,5349.14085914086,0.1584130155558727,3.137983779674568,0.3848110572249362,0.7741158985732067
80,2,315,3060.0000000000014,5349.14085914086,0.156272299129442,2.9986013268504927,0.8191498166219544,1.7480852480852476
80,6,374,3650.000000000001,5349.14085914086,0.09604681033252462,2.0157897786793555,0.2837392100795143,1.4655180436002353
81,2,280,2710.0000000000146,4138.799771797029,0.156272299129442,2.507278028136066,0.5983972956456255,1.5272323881169767
81,0,620,6110.000000000002,4138.799771797029,0.13757670900528043,3.422158510827693,0.31891742170793674,0.6773813047130979
81,4,175,1660.0000008844675,4138.799771797029,0.1584130155558727,2.4432856667325105,0.9650091622247529,2.4932528732480894
81,1,310,3010.0000000000014,4138.799771797029,0.1374339945768517,2.6474129258556243,0.5002922501745316,1.37501653548074
81,5,455,4460.000000000002,4138.799771797029,0.15812758669901528,3.2211521694217016,0.4726704391383265,0.9279820116136833
81,6,440,4310.000000000002,4138.799771797029,0.09604681033252462,2.0124399998466096,0.1856107108257007,0.9602783693264565
81,3,700,6910.000000000002,4138.799771797029,0.15612958470101326,3.3555106406563127,0.3137907909983146,0.5989579988128839
82,6,440,4310.000000000002,4200.271167575677,0.09604681033252462,2.3766939414850445,0.2224622189746802,0.9745408741474885
82,1,341,3320.0000000000014,4200.271167575677,0.1374339945768517,2.9682615847112395,0.516102052880766,1.2651419179444805
82,2,385,3760.0000000000014,4200.271167575677,0.156272299129442,2.9636100691662937,0.5173596421957402,1.1170933956318287
82,4,350,3410.000000000001,4200.271167575677,0.1584130155558727,2.4393420085007165,0.4759775907309902,1.2317510755353889
82,5,700,6910.000000000002,4200.271167575677,0.15812758669901528,3.1870041799364177,0.3063300189342712,0.6078540039906912
82,0,31,223.43368382029254,4200.271167575677,0.13757670900528043,0.4878614222323072,1.2617405978134648,18.798737485588568
82,3,700,6910.000000000002,4200.271167575677,0.15612958470101326,3.6095418541210114,0.342559935585527,0.6078540039906912
83,1,341,3320.0000000000014,4742.363350972965,0.1374339945768517,2.2605912112010684,0.4437853347085299,1.4284226960761937
83,6,440,4310.000000000002,4742.363350972965,0.09604681033252462,2.663987956709183,0.281535237327861,1.100316322731546
83,3,595,5860.000000000002,4742.363350972965,0.15612958470101326,3.6801748409821844,0.46499776582279373,0.8092770223503352
83,4,700,6910.000000000002,4742.363350972965,0.1584130155558727,3.821640110379469,0.41548698686221314,0.686304392326044
83,5,350,3410.000000000001,4742.363350972965,0.15812758669901528,3.049114074797811,0.6705354796068084,1.3907223903146522
83,2,700,6910.000000000002,4742.363350972965,0.156272299129442,3.865201889372517,0.4145443145603102,0.686304392326044
83,0,186,1770.0000002775555,4742.363350972965,0.13757670900528043,1.6284473110164677,0.6002610825094505,2.6793013278131697
84,3,210,2010.0000000221403,5055.611531329282,0.15612958470101326,2.7454367603666734,1.0781378357276579,2.515229617549052
84,6,264,2550.0000000000755,5055.611531329282,0.09604681033252462,1.6788341834238214,0.31968647691235436,1.9825927573839734
84,1,620,6110.000000000002,5055.611531329282,0.1374339945768517,2.9970525857095933,0.3408168186421493,0.8274323291864616
84,5,700,6910.000000000002,5055.611531329282,0.15812758669901528,3.6157580275033125,0.4183142414749426,0.7316369799318786
84,4,700,6910.000000000002,5055.611531329282,0.1584130155558727,3.6231625667986087,0.41992751351134455,0.7316369799318786
84,2,630,6210.000000000002,5055.611531329282,0.156272299129442,3.751162012121109,0.4772323978569944,0.8141081370900612
84,0,372,3630.000000000001,5055.611531329282,0.13757670900528043,2.4527067593870284,0.4699564505938841,1.3927304494020059
85,2,595,5860.000000000002,4657.761687836446,0.156272299129442,2.956328015554201,0.3672098050034038,0.7948398784703831
85,4,665,6560.000000000001,4657.761687836446,0.1584130155558727,3.8151019704459146,0.4291117795613983,0.7100246475360436
85,5,35,262.252839954494,4657.761687836446,0.15812758669901528,1.0141553043766334,2.848191419902112,17.7605767344394
85,1,620,6110.000000000002,4657.761687836446,0.1374339945768517,3.4897920238394637,0.3656198527316,0.762317788516603
85,3,700,6910.000000000002,4657.761687836446,0.15612958470101326,3.125878431481458,0.3289701594269601,0.6740610257360992
85,0,248,2390.0000000004047,4657.761687836446,0.13757670900528043,2.5112260716172727,0.673302289627978,1.9488542626927436
85,6,440,4310.000000000002,4657.761687836446,0.09604681033252462,2.081961699251666,0.2161004526791579,1.080687166551379
86,1,620,6110.000000000002,4990.032210128844,0.1374339945768517,4.480902114502557,0.5029464709752608,0.816699216060367
86,4,455,4460.000000000002,4990.032210128844,0.1584130155558727,2.3931287166590183,0.42415579970366624,1.1188413027194712
86,6,88,790.008464149783,4990.032210128844,0.09604681033252462,2.514128555410026,1.525253506601972,6.316428793581571
86,3,700,6910.000000000002,4990.032210128844,0.15612958470101326,4.803172899345015,0.5415502071121606,0.7221464848232768
86,2,700,6910.000000000002,4990.032210128844,0.156272299129442,4.795494448505108,0.5411787009533845,0.7221464848232768
86,0,496,4870.000000000001,4990.032210128844,0.13757670900528043,4.203927739116176,0.5926176016258033,1.0246472710736845
86,5,350,3410.000000000001,4990.032210128844,0.15812758669901528,2.1039442048772514,0.4868451314300175,1.4633525542899832
87,0,620,6110.000000000002,4233.03420184808,0.13757670900528043,3.62898633148801,0.34589223780418155,0.692804288354841
87,6,440,4310.000000000002,4233.03420184808,0.09604681033252462,1.1708824128205788,0.11045127582968625,0.9821425062292524
87,2,490,4810.000000000001,4233.03420184808,0.156272299129442,3.5357298515816504,0.4862591403937076,0.8800486906129062
87,1,620,6110.000000000002,4233.03420184808,0.1374339945768517,3.657704439001011,0.34826781903840215,0.692804288354841
87,5,385,3760.0000000000014,4233.03420184808,0.15812758669901528,3.1175993994234017,0.554998596124456,1.1258069685766166
87,4,35,262.252839954494,4233.03420184808,0.1584130155558727,1.2331739268119604,3.1531655474604063,16.141042371867524
87,3,490,4810.000000000001,4233.03420184808,0.15612958470101326,3.5430076268788198,0.486815046355883,0.8800486906129062
88,3,315,3060.0000000000014,4484.7067218496695,0.15612958470101326,4.018907196802381,0.9196144850139902,1.4655904319770154
88,6,440,4310.000000000002,4484.7067218496695,0.09604681033252462,4.333945020828719,0.43313484338055736,1.0405352022853056
88,0,620,6110.000000000002,4484.7067218496695,0.13757670900528043,4.989112965106134,0.5038033966607246,0.7339945534942174
88,4,595,5860.000000000002,4484.7067218496695,0.1584130155558727,2.7662581134395032,0.33536674332108135,0.7653083143088171
88,2,700,6910.000000000002,4484.7067218496695,0.156272299129442,4.900982968996198,0.497074169057677,0.6490168917293297
88,1,279,2700.0000000000164,4484.7067218496695,0.1374339945768517,3.9308821709048614,0.8973347344694288,1.6610024895739417
88,5,245,2360.000000000555,4484.7067218496695,0.15812758669901528,1.901025844255357,0.5712388136930292,1.9002994584104302
89,3,700,6910.000000000002,5490.7546517268265,0.15612958470101326,3.509952445404566,0.4354521385651334,0.7946099351268922
89,4,700,6910.000000000002,5490.7546517268265,0.1584130155558727,3.418016282875128,0.43024811808846214,0.7946099351268922
89,6,66,570.0859504455718,5490.7546517268265,0.09604681033252462,0.5788761538573667,0.5355010250188837,9.631450568875314
89,1,434,4250.000000000002,5490.7546517268265,0.1374339945768517,3.1989301712223486,0.5679917632490342,1.291942270994547
89,5,700,6910.000000000002,5490.7546517268265,0.15812758669901528,3.396301143754114,0.42674439442170825,0.7946099351268922
89,0,496,4870.000000000001,5490.7546517268265,0.13757670900528043,3.330006515472669,0.516527057851745,1.1274650208884651
89,2,595,5860.000000000002,5490.7546517268265,0.156272299129442,3.347945489206677,0.49022426279486964,0.9369888484175469
90,0,620,6110.000000000002,3799.258763035838,0.13757670900528043,3.372050868989529,0.2884673716773822,0.6218099448503824
90,4,315,3060.0000000000014,3799.258763035838,0.1584130155558727,2.916109571019367,0.5735511395351374,1.2415878310574628
90,1,620,6110.000000000002,3799.258763035838,0.1374339945768517,3.375544727539511,0.28846670921636974,0.6218099448503824
90,5,700,6910.000000000002,3799.258763035838,0.15812758669901528,3.609731504925246,0.3138364403828859,0.5498203709169084
90,6,374,3650.000000000001,3799.258763035838,0.09604681033252462,1.5296085910294894,0.15292175384945864,1.0408928117906402
90,3,35,262.252839954494,3799.258763035838,0.15612958470101326,1.1140630880999776,2.519844049482595,14.487007132868738
90,2,105,960.0014115816389,3799.258763035838,0.156272299129442,2.3168346241212374,1.4328609232161913,3.957555392315949
91,5,700,6910.000000000002,5345.914772808615,0.15812758669901528,5.242339229956599,0.6413228986584435,0.7736490264556605
91,4,560,5510.000000000002,5345.914772808615,0.1584130155558727,4.984794322338671,0.7661407046154549,0.9702204669344127
91,0,589,5800.000000000002,5345.914772808615,0.13757670900528043,5.283412199443997,0.6699670565897771,0.921709443587692
91,1,93,840.0049979958054,5345.914772808615,0.1374339945768517,2.9147833492986757,2.5494154313412314,6.364146386704369
91,3,700,6910.000000000002,5345.914772808615,0.15612958470101326,3.015556319729878,0.36424754371535184,0.7736490264556605
91,2,700,6910.000000000002,5345.914772808615,0.156272299129442,3.027314971686644,0.3660021139259197,0.7736490264556605
91,6,330,3210.000000000001,5345.914772808615,0.09604681033252462,4.449522769656228,0.7117268969441161,1.665394010220752
92,0,186,1770.0000002775555,4560.137229502383,0.13757670900528043,2.268490399343772,0.8040563901279612,2.576348716828985
92,3,700,6910.000000000002,4560.137229502383,0.15612958470101326,4.648799524887141,0.47898938319915224,0.6599330288715458
92,4,105,960.0014115816389,4560.137229502383,0.1584130155558727,2.7469803556394417,2.067057013824156,4.750135962810079
92,5,700,6910.000000000002,4560.137229502383,0.15812758669901528,3.803139241175341,0.39687133667806124,0.6599330288715458
92,1,403,3940.000000000001,4560.137229502383,0.1374339945768517,2.613322368807767,0.41568930009454147,1.15739523591431
92,6,396,3870.0000000000014,4560.137229502383,0.09604681033252462,1.1379910379520775,0.1287919550449766,1.1783300334631477
92,2,700,6910.000000000002,4560.137229502383,0.156272299129442,4.67116626373313,0.4817338813133788,0.6599330288715458
93,0,620,6110.000000000002,4128.946467247784,0.13757670900528043,3.6071470266596526,0.3353565574373536,0.6757686525773786
93,4,595,5860.000000000002,4128.946467247784,0.1584130155558727,2.854369038342853,0.31859768759681967,0.7045983732504749
93,5,35,262.252839954494,4128.946467247784,0.15812758669901528,0.4151869969422294,1.0336426927218132,15.74414396413872
93,6,440,4310.000000000002,4128.946467247784,0.09604681033252462,3.369794278265635,0.310061838113546,0.9579922197790679
93,1,620,6110.000000000002,4128.946467247784,0.1374339945768517,3.6054023960558794,0.33484664709179424,0.6757686525773786
93,3,630,6210.000000000002,4128.946467247784,0.15612958470101326,4.661488158348,0.4839020275675558,0.6648867097017364
93,2,70,610.0563920873398,4128.946467247784,0.156272299129442,1.9988811354439595,2.114161896258353,6.76813901272369
94,4,700,6910.000000000002,5003.441065266602,0.1584130155558727,3.5643759748062323,0.4088510432730107,0.7240869848432129
94,2,630,6210.000000000002,5003.441065266602,0.156272299129442,2.697659997962654,0.3396615618395183,0.8057070958561353
94,5,595,5860.000000000002,5003.441065266602,0.15812758669901528,3.3829159259347743,0.4567410228556526,0.8538295333219454
94,0,620,6110.000000000002,5003.441065266602,0.13757670900528043,4.309044140922075,0.4854599845815502,0.818893791369329
94,6,198,1890.0000000783903,5003.441065266602,0.09604681033252462,1.6430138975790787,0.41776414948433915,2.647323314846073
94,1,620,6110.000000000002,5003.441065266602,0.1374339945768517,4.318356655918096,0.4860044616291004,0.818893791369329
94,3,105,960.0014115816389,5003.441065266602,0.15612958470101326,1.3450721039282179,1.0945300444562773,5.211910112739566
95,5,595,5860.000000000002,5767.022977022978,0.15812758669901528,3.6873551577979633,0.5738213178037774,0.9841336138264465
95,6,374,3650.000000000001,5767.022977022978,0.09604681033252462,2.1429554207355572,0.32520326757506074,1.5800062950747882
95,0,496,4870.000000000001,5767.022977022978,0.13757670900528043,3.843975001853643,0.626250652869436,1.1841936297788453
95,4,700,6910.000000000002,5767.022977022978,0.1584130155558727,3.8705051683023006,0.5117197126730404,0.8345908794533975
95,3,525,5160.000000000001,5767.022977022978,0.15612958470101326,2.3559022180965004,0.41109713078670534,1.1176401118261583
95,1,620,6110.000000000002,5767.022977022978,0.1374339945768517,4.133873569491794,0.53624324089683,0.9438662810184903
95,2,700,6910.000000000002,5767.022977022978,0.156272299129442,2.6743085468549332,0.3487925084407148,0.8345908794533975
96,5,560,5510.000000000002,4947.347159374149,0.15812758669901528,3.3447139009586215,0.4748838557098634,0.8978851468918597
96,1,620,6110.000000000002,4947.347159374149,0.1374339945768517,3.605483229051733,0.4012257757346154,0.8097131193738375
96,2,105,960.0014115816389,4947.347159374149,0.156272299129442,2.03387979375443,1.6379769953112335,5.153479046685156
96,3,630,6210.000000000002,4947.347159374149,0.15612958470101326,3.210433796953416,0.399327950520461,0.7966742607687838
96,6,198,1890.0000000783903,4947.347159374149,0.09604681033252462,1.2558730489224639,0.3157470264928623,2.6176439995602916
96,0,620,6110.000000000002,4947.347159374149,0.13757670900528043,3.602833810503875,0.4013472782032584,0.8097131193738375
96,4,700,6910.000000000002,4947.347159374149,0.1584130155558727,3.5690897068406,0.4048020134338512,0.7159691981728143
97,0,620,6110.000000000002,4489.221149595684,0.13757670900528043,4.122111090481054,0.41667207774664283,0.7347334123724523
97,1,620,6110.000000000002,4489.221149595684,0.1374339945768517,4.096922223211179,0.4136963402895614,0.7347334123724523
97,3,700,6910.000000000002,4489.221149595684,0.15612958470101326,2.638173410825926,0.26759715777639176,0.6496702097822986
97,4,70,610.0563920873398,4489.221149595684,0.1584130155558727,1.7834074386795817,2.07894238390164,7.3586986511780985
97,2,490,4810.000000000001,4489.221149595684,0.156272299129442,2.2207020465979506,0.323890506316346,0.933310010310953
97,5,385,3760.0000000000014,4489.221149595684,0.15812758669901528,3.4104478959749724,0.6438759699730011,1.1939417951052347
97,6,308,2990.000000000002,4489.221149595684,0.09604681033252462,2.3590863679242404,0.3401939608588939,1.5014117557176192
98,4,700,6910.000000000002,4063.345606714989,0.1584130155558727,2.3810948620470627,0.22180599212708577,0.5880384380195351
98,5,70,610.0563920873398,4063.345606714989,0.15812758669901528,0.5912218144577887,0.6226899746135951,6.660606559357636
98,0,124,1150.0001906837483,4063.345606714989,0.13757670900528043,2.2867428157741467,1.1115988532538863,3.5333434199685407
98,2,700,6910.000000000002,4063.345606714989,0.156272299129442,4.370305778208976,0.40160539787596716,0.5880384380195351
98,3,280,2710.0000000000146,4063.345606714989,0.15612958470101326,3.4261532394325207,0.8020592647435929,1.4993895227730507
98,6,440,4310.000000000002,4063.345606714989,0.09604681033252462,2.8610176596543133,0.2590657364225038,0.9427716024860759
98,1,589,5800.000000000002,4063.345606714989,0.1374339945768517,4.309624014445425,0.4149438396303127,0.7005768287439634
99,3,700,6910.000000000002,3647.426559910919,0.15612958470101326,3.737778931676513,0.30804014923709266,0.5278475484675713
99,1,62,530.1310020508638,3647.426559910919,0.1374339945768517,0.9916360874732215,0.9376696225971679,6.880236292162675
99,5,175,1660.0000008844675,3647.426559910919,0.15812758669901528,1.9578846502914766,0.680257302230333,2.1972449144382695
99,0,620,6110.000000000002,3647.426559910919,0.13757670900528043,3.4877301152502533,0.2864396495658422,0.5969601571048966
99,4,700,6910.000000000002,3647.426559910919,0.1584130155558727,3.292774974814311,0.2753350006997752,0.5278475484675713
99,6,220,2110.0000000077202,3647.426559910919,0.09604681033252462,1.8531144983408396,0.3076729400438223,1.7286381800462434
99,2,70,610.0563920873398,3647.426559910919,0.156272299129442,1.639126780256349,1.5314792673852695,5.97883508347656
100,6,330,3210.000000000001,4869.065220493795,0.09604681033252462,2.846552292292448,0.4147082476337744,1.5168427478173812
100,3,700,6910.000000000002,4869.065220493795,0.15612958470101326,3.2156314676940405,0.35376838500251584,0.7046404081756575
100,5,315,3060.0000000000014,4869.065220493795,0.15812758669901528,3.074061105539418,0.7734714794186852,1.5911977844750957
100,1,279,2700.0000000000164,4869.065220493795,0.1374339945768517,2.700227349343306,0.6692314299653446,1.803357489071765
100,0,620,6110.000000000002,4869.065220493795,0.13757670900528043,3.7132657735493306,0.40710396538395494,0.7969010180840906
100,2,700,6910.000000000002,4869.065220493795,0.156272299129442,3.2262757049813215,0.3552638549252954,0.7046404081756575
100,4,455,4460.000000000002,4869.065220493795,0.1584130155558727,3.4819588350221267,0.6021784741749291,1.091718659303541
101,5,210,2010.0000000221403,3829.283823228228,0.15812758669901528,2.2355692734364236,0.6734684799106457,1.9051163299433076
101,1,620,6110.000000000002,3829.283823228228,0.1374339945768517,3.4354501162145814,0.2959062670781052,0.6267240299882532
101,4,700,6910.000000000002,3829.283823228228,0.1584130155558727,3.2898445420438525,0.2888056912948631,0.5541655315815089
101,0,279,2700.0000000000164,3829.283823228228,0.13757670900528043,2.5990894014504224,0.5071307298042937,1.418253267862298
101,3,455,4460.000000000002,3829.283823228228,0.15612958470101326,3.3263457386160615,0.44589775978400886,0.8585838168673153
101,6,440,4310.000000000002,3829.283823228228,0.09604681033252462,1.9483304923178606,0.16625926687790504,0.8884649241828831
101,2,70,610.0563920873398,3829.283823228228,0.156272299129442,1.9116209524105583,1.8751298992726317,6.276934186569431
102,4,350,3410.000000000001,3924.0499283464724,0.1584130155558727,3.227891741258175,0.5884234439692558,1.1507477795737453
102,3,70,610.0563920873398,3924.0499283464724,0.15612958470101326,0.8146569618459775,0.8181341486329532,6.432274096694784
102,1,62,530.1310020508638,3924.0499283464724,0.1374339945768517,1.2044180881920858,1.2252444978039847,7.402038200305019
102,2,700,6910.000000000002,3924.0499283464724,0.156272299129442,2.997704343471639,0.26602795505204224,0.5678798738562187
102,0,620,6110.000000000002,3924.0499283464724,0.13757670900528043,4.169418208111518,0.36839496796956056,0.6422340308259363
102,5,700,6910.000000000002,3924.0499283464724,0.15812758669901528,4.013288920232016,0.3603832074201611,0.5678798738562187
102,6,220,2110.0000000077202,3924.0499283464724,0.09604681033252462,2.6676534459176433,0.4765016686650787,1.8597393025270685
103,0,434,4250.000000000002,5269.409162266307,0.13757670900528043,2.906391438771705,0.49576060619174156,1.2398609793567776
103,4,560,5510.000000000002,5269.409162266307,0.1584130155558727,3.6340812255435693,0.5505487928196297,0.9563356011372606
103,3,700,6910.000000000002,5269.409162266307,0.15612958470101326,3.384212445986706,0.40292730375913494,0.7625773027881774
103,5,700,6910.000000000002,5269.409162266307,0.15812758669901528,3.856593296421511,0.4650454073699413,0.7625773027881774
103,1,434,4250.000000000002,5269.409162266307,0.1374339945768517,2.921564569725099,0.49783181876016946,1.2398609793567776
103,6,440,4310.000000000002,5269.409162266307,0.09604681033252462,1.777503880228511,0.20872677178413684,1.222600733704479
103,2,420,4110.000000000002,5269.409162266307,0.156272299129442,2.906908668092035,0.5824162570352652,1.2820946866827994
104,2,105,960.0014115816389,4714.806842540675,0.156272299129442,2.008737815341023,1.5416908349879261,4.911249906156753
104,3,245,2360.000000000555,4714.806842540675,0.15612958470101326,2.489007120806597,0.7763601687606377,1.9977995095506635
104,0,589,5800.000000000002,4714.806842540675,0.13757670900528043,3.248513769851347,0.3633001188952956,0.8128977314725299
104,6,440,4310.000000000002,4714.806842540675,0.09604681033252462,1.994689716822938,0.20957763272007446,1.0939227012855388
104,4,700,6910.000000000002,4714.806842540675,0.1584130155558727,3.719824601011801,0.4020676961019287,0.6823164750420656
104,1,589,5800.000000000002,4714.806842540675,0.1374339945768517,3.259677166067743,0.36417042374839304,0.8128977314725299
104,5,700,6910.000000000002,4714.806842540675,0.15812758669901528,3.7139116376296455,0.40070528210408496,0.6823164750420656
105,2,35,262.252839954494,4019.913309134147,0.156272299129442,0.3454429520041265,0.8274748932668881,15.32838809231458
105,4,700,6910.000000000002,4019.913309134147,0.1584130155558727,4.390723013573576,0.4046369534057934,0.5817530114521196
105,5,175,1660.0000008844675,4019.913309134147,0.15812758669901528,2.937431204187303,1.1248223734083744,2.421634522284512
105,3,700,6910.000000000002,4019.913309134147,0.15612958470101326,2.4565352964680756,0.22312429088994554,0.5817530114521196
105,1,620,6110.000000000002,4019.913309134147,0.1374339945768517,4.198207714653832,0.379606437919823,0.6579236185162268
105,0,465,4560.000000000002,4019.913309134147,0.13757670900528043,3.853274537928864,0.4673332849234825,0.8815599362136284
105,6,88,790.008464149783,4019.913309134147,0.09604681033252462,1.5722483472272586,0.7684029733749626,5.0884433415032175
106,6,352,3430.000000000001,4557.261310260129,0.09604681033252462,1.911330171208805,0.24390936386302545,1.328647612320737
106,2,175,1660.0000008844675,4557.261310260129,0.156272299129442,1.9452738935054439,0.8345619944228544,2.7453381372481727
106,1,465,4560.000000000002,4557.261310260129,0.1374339945768517,3.6430649285063574,0.5003802617187961,0.9993994101447647
106,5,700,6910.000000000002,4557.261310260129,0.15812758669901528,3.457251493057991,0.36054916974323353,0.6595168321649968
106,4,700,6910.000000000002,4557.261310260129,0.1584130155558727,3.46970883948045,0.36250147486904916,0.6595168321649968
106,0,620,6110.000000000002,4557.261310260129,0.13757670900528043,3.9859032015471905,0.40901043213896876,0.7458692815483023
106,3,210,2010.0000000221403,4557.261310260129,0.15612958470101326,2.048879509400458,0.7252863393404774,2.267294184184045
107,4,175,1660.0000008844675,4740.155558867841,0.1584130155558727,2.696540876815656,1.2197824356673677,2.855515395386886
107,2,700,6910.000000000002,4740.155558867841,0.156272299129442,2.6264652120405296,0.281558213838146,0.6859848855090941
107,1,620,6110.000000000002,4740.155558867841,0.1374339945768517,4.025799259591967,0.429237512403168,0.7758028737917905
107,3,350,3410.000000000001,4740.155558867841,0.15612958470101326,1.915400130142277,0.4157027833640598,1.3900749439495133
107,6,220,2110.0000000077202,4740.155558867841,0.09604681033252462,1.8243082632888303,0.3936328285733971,2.2465192222040273
107,5,630,6210.000000000002,4740.155558867841,0.15812758669901528,3.909030150101084,0.4718214241090925,0.7633100738917616
107,0,620,6110.000000000002,4740.155558867841,0.13757670900528043,4.029633681409609,0.4300924989742542,0.7758028737917905
108,5,700,6910.000000000002,4750.378193238794,0.15812758669901528,3.0530170232634237,0.33188452903132215,0.6874642826684215
108,1,341,3320.0000000000014,4750.378193238794,0.1374339945768517,3.1999820561763523,0.6292624481462684,1.4308368051924072
108,4,700,6910.000000000002,4750.378193238794,0.1584130155558727,3.0691459672920347,0.3342400936489365,0.6874642826684215
108,3,210,2010.0000000221403,4750.378193238794,0.15612958470101326,2.476970701947877,0.9139831797781678,2.3633722354161533
108,6,440,4310.000000000002,4750.378193238794,0.09604681033252462,2.101156631895725,0.22242945181790955,1.102175914904592
108,2,490,4810.000000000001,4750.378193238794,0.156272299129442,3.182559541122685,0.4911811022331521,0.987604613978959
108,0,465,4560.000000000002,4750.378193238794,0.13757670900528043,3.590454951383477,0.5145857345750557,1.0417496037804368
109,6,220,2110.0000000077202,3996.40098472307,0.09604681033252462,1.6331191011388397,0.2970895713352249,1.8940289027054253
109,5,700,6910.000000000002,3996.40098472307,0.15812758669901528,3.8126642319916453,0.3486801410496474,0.5783503595836569
109,0,620,6110.000000000002,3996.40098472307,0.13757670900528043,3.6536247664931807,0.32877342504340534,0.654075447581517
109,1,155,1460.0000072749747,3996.40098472307,0.1374339945768517,2.0497033012268777,0.7710834282473277,2.7372609348010726
109,4,315,3060.0000000000014,3996.40098472307,0.1584130155558727,2.9988240958060244,0.6204252779029752,1.306013393700349
109,3,70,610.0563920873398,3996.40098472307,0.15612958470101326,1.4533054038718083,1.4864187270408666,6.550871421983098
109,2,700,6910.000000000002,3996.40098472307,0.156272299129442,3.0445776718760382,0.275169357426048,0.5783503595836569
110,1,279,2700.0000000000164,4522.045107921049,0.1374339945768517,2.8287173517060915,0.6511107266215691,1.6748315214522302
110,4,700,6910.000000000002,4522.045107921049,0.1584130155558727,4.102011045235909,0.4252502029192501,0.6544204208279374
110,6,286,2770.000000000008,4522.045107921049,0.09604681033252462,2.59796249055221,0.4073530236271594,1.6325072591772691
110,5,700,6910.000000000002,4522.045107921049,0.15812758669901528,4.101570268719581,0.4244383739364056,0.6544204208279374
110,0,31,223.43368382029254,4522.045107921049,0.13757670900528043,0.492440068422887,1.3711486602009566,20.238869227784495
110,3,385,3760.0000000000014,4522.045107921049,0.15612958470101326,2.2634616389945306,0.4250161062702835,1.2026715712555978
110,2,700,6910.000000000002,4522.045107921049,0.156272299129442,2.9564742262558497,0.3023520668628611,0.6544204208279374
111,4,105,960.0014115816389,4157.197339248583,0.1584130155558727,2.437532861619438,1.6721302732425638,4.33040752763003
111,6,154,1450.0000080833054,4157.197339248583,0.09604681033252462,1.1805319018216123,0.3250822899467005,2.867032631774816
111,2,700,6910.000000000002,4157.197339248583,0.156272299129442,4.019122734986616,0.3778643011381802,0.6016204543051494
111,3,700,6910.000000000002,4157.197339248583,0.15612958470101326,4.003292559015086,0.37603227925642374,0.6016204543051494
111,1,341,3320.0000000000014,4157.197339248583,0.1374339945768517,2.0627075030581117,0.3549722267430031,1.2521678732676451
111,5,700,6910.000000000002,4157.197339248583,0.15812758669901528,4.034470766940037,0.3838104624434906,0.6016204543051494
111,0,124,1150.0001906837483,4157.197339248583,0.13757670900528043,1.3616762944218195,0.6772071293683207,3.614953608639721
112,5,105,960.0014115816389,4028.4826387911367,0.15812758669901528,1.2911413713516044,0.8567439865732507,4.19632991180092
112,1,310,3010.0000000000014,4028.4826387911367,0.1374339945768517,2.5530758968990006,0.46960519854636584,1.338366325179779
112,3,700,6910.000000000002,4028.4826387911367,0.15612958470101326,4.354437534171318,0.3963516936417302,0.582993145990034
112,2,700,6910.000000000002,4028.4826387911367,0.156272299129442,4.354309875965333,0.39670235913499824,0.582993145990034
112,0,62,530.1310020508638,4028.4826387911367,0.13757670900528043,0.893817125973469,0.9344409923405628,7.5990323584294375
112,6,440,4310.000000000002,4028.4826387911367,0.09604681033252462,2.8808241418834335,0.25862107986758937,0.9346827468192889
112,4,525,5160.000000000001,4028.4826387911367,0.1584130155558727,2.802944418837661,0.34665473925161966,0.7807136896882046
113,3,140,1310.0000353340838,4509.5347564800195,0.15612958470101326,2.683287555086775,1.4421580287125877,3.4423928510276505
113,2,700,6910.000000000002,4509.5347564800195,0.156272299129442,4.257299571166802,0.43418008952990295,0.6526099502865439
113,1,620,6110.000000000002,4509.5347564800195,0.1374339945768517,3.0496067461676404,0.30933462688043006,0.7380580616170243
113,4,700,6910.000000000002,4509.5347564800195,0.1584130155558727,3.311044105367677,0.3423020643914107,0.6526099502865439
113,0,310,3010.0000000000014,4509.5347564800195,0.13757670900528043,2.2815206963687804,0.47025624542988964,1.498184304478411
113,5,315,3060.0000000000014,4509.5347564800195,0.15812758669901528,2.4651657931209487,0.5744656796806143,1.4737041687843195
113,6,418,4090.0000000000014,4509.5347564800195,0.09604681033252462,2.3259695014681974,0.24631757094512144,1.102575735080689
114,6,440,4310.000000000002,4469.860145420064,0.09604681033252462,2.395026997278757,0.23856681075423622,1.0370905209791328
114,1,620,6110.000000000002,4469.860145420064,0.1374339945768517,3.6401532518380217,0.3659877609810897,0.7315646719181772
114,3,665,6560.000000000001,4469.860145420064,0.15612958470101326,3.0650773354720755,0.32607442480768156,0.6813811197286682
114,4,420,4110.000000000002,4469.860145420064,0.1584130155558727,3.1608859943592726,0.5445676098926205,1.0875572129975821
114,0,186,1770.0000002775555,4469.860145420064,0.13757670900528043,2.261149282273779,0.7855879632880763,2.525344714530588
114,5,700,6910.000000000002,4469.860145420064,0.15812758669901528,3.72039007242531,0.38055024627319334,0.6468683278466083
114,2,140,1310.0000353340838,4469.860145420064,0.156272299129442,1.690580644135733,0.9014476722644882,3.4121068892033537
115,4,700,6910.000000000002,4834.1301563351035,0.1584130155558727,3.871242679125864,0.4290239631196952,0.6995846825376414
115,1,372,3630.000000000001,4834.1301563351035,0.1374339945768517,2.926661745221704,0.5356466767930897,1.3317162965110474
115,6,154,1450.0000080833054,4834.1301563351035,0.09604681033252462,1.5070462380154281,0.48256948785280906,3.3338828478526277
115,3,420,4110.000000000002,4834.1301563351035,0.15612958470101326,2.5927540943368466,0.4761272639908645,1.176187385969611
115,2,700,6910.000000000002,4834.1301563351035,0.156272299129442,3.136817797662994,0.3429348227567227,0.6995846825376414
115,0,620,6110.000000000002,4834.1301563351035,0.13757670900528043,3.4960183529740907,0.3805360005510823,0.7911833316424062
115,5,350,3410.000000000001,4834.1301563351035,0.15812758669901528,3.1237306116754997,0.700237196736474,1.417633476931115
116,1,341,3320.0000000000014,4816.97017268446,0.1374339945768517,2.8450971199424915,0.5673187522650653,1.450894630326644
116,3,315,3060.0000000000014,4816.97017268446,0.15612958470101326,2.7546941629442774,0.6770350052301105,1.5741732590472084
116,6,440,4310.000000000002,4816.97017268446,0.09604681033252462,1.8513531919478698,0.1987325077797435,1.1176264901820088
116,2,455,4460.000000000002,4816.97017268446,0.156272299129442,3.0659363593152342,0.5174688787706988,1.0800381553104166
116,4,700,6910.000000000002,4816.97017268446,0.1584130155558727,3.519578650150612,0.3886668008401296,0.6971013274507175
116,0,434,4250.000000000002,4816.97017268446,0.13757670900528043,3.085858141875646,0.4811781532079568,1.13340474651399
116,5,700,6910.000000000002,4816.97017268446,0.15812758669901528,3.5060986949183954,0.3864805920188573,0.6971013274507175
117,3,315,3060.0000000000014,5230.429570429572,0.15612958470101326,2.472302469380671,0.6597854579373386,1.709290709290709
117,6,440,4310.000000000002,5230.429570429572,0.09604681033252462,2.1130178618485407,0.24628967371109337,1.2135567448792506
117,0,620,6110.000000000002,5230.429570429572,0.13757670900528043,3.4055119601195827,0.40107304437786284,0.8560441195465746
117,1,620,6110.000000000002,5230.429570429572,0.1374339945768517,3.408411275187701,0.4009980966523773,0.8560441195465746
117,5,560,5510.000000000002,5230.429570429572,0.15812758669901528,3.5610470821369367,0.5345288106705811,0.9492612650507387
117,2,665,6560.000000000001,5230.429570429572,0.156272299129442,3.184200960594753,0.3967491361952752,0.7973215808581663
117,4,490,4810.000000000001,5230.429570429572,0.1584130155558727,3.436103448447667,0.5919014090464163,1.087407395099703
118,5,350,3410.000000000001,5098.413015555873,0.15812758669901528,2.880517828014846,0.6810183993286946,1.495135781687939
118,0,341,3320.0000000000014,5098.413015555873,0.13757670900528043,2.9639068439659386,0.6261903873185725,1.5356665709505637
118,4,700,6910.000000000002,5098.413015555873,0.1584130155558727,3.5705710503022265,0.4173356716999961,0.7378311165782738
118,3,700,6910.000000000002,5098.413015555873,0.15612958470101326,3.2486986033816962,0.37424119655310095,0.7378311165782738
118,2,700,6910.000000000002,5098.413015555873,0.156272299129442,3.260328394559502,0.3759242264946208,0.7378311165782738
118,1,341,3320.0000000000014,5098.413015555873,0.1374339945768517,2.9888243416911315,0.6307997196722127,1.5356665709505637
118,6,418,4090.0000000000014,5098.413015555873,0.09604681033252462,1.9700949018245335,0.23587493855524433,1.2465557495246629
119,5,105,960.0014115816389,4252.218006204157,0.15812758669901528,1.9695108271956159,1.3794617605799675,4.429387243502555
119,1,310,3010.0000000000014,4252.218006204157,0.1374339945768517,2.4936277054101685,0.48414428620336597,1.4126970120279585
119,6,154,1450.0000080833054,4252.218006204157,0.09604681033252462,1.2543356305924311,0.3533004765662903,2.9325641258616177
119,3,350,3410.000000000001,4252.218006204157,0.15612958470101326,3.0376699461574175,0.5914076420897755,1.2469847525525384
119,4,700,6910.000000000002,4252.218006204157,0.1584130155558727,3.4542557497134436,0.3367307869230619,0.615371636208995
119,2,700,6910.000000000002,4252.218006204157,0.156272299129442,3.722922814602498,0.3580168843688314,0.615371636208995
119,0,620,6110.000000000002,4252.218006204157,0.13757670900528043,3.282059689357912,0.3142430660155287,0.6959440272019894
120,1,403,3940.000000000001,5111.576994434141,0.1374339945768517,3.2681605001991865,0.5827150452136652,1.297354567115264
120,4,700,6910.000000000002,5111.576994434141,0.1584130155558727,2.9531137998641253,0.3460572114071148,0.7397361786445933
120,3,280,2710.0000000000146,5111.576994434141,0.15612958470101326,2.9515896280586906,0.8692141668524351,1.8861907728539165
120,5,490,4810.000000000001,5111.576994434141,0.15812758669901528,2.523222509983687,0.4240069973486284,1.0626979198407775
120,0,589,5800.000000000002,5111.576994434141,0.13757670900528043,3.7382995461918047,0.4532584692181557,0.8813063783507137
120,2,700,6910.000000000002,5111.576994434141,0.156272299129442,3.8840844983042886,0.44900122985837115,0.7397361786445933
120,6,440,4310.000000000002,5111.576994434141,0.09604681033252462,2.5228858455850243,0.2873810873190614,1.1859807411680137
121,4,700,6910.000000000002,4528.460191378159,0.1584130155558727,3.5406302533286445,0.367573288848687,0.6553487975945236
121,0,620,6110.000000000002,4528.460191378159,0.13757670900528043,3.5725805169430833,0.3642808036017533,0.741155514137178
121,3,420,4110.000000000002,4528.460191378159,0.15612958470101326,2.7949794396431145,0.4808089624032496,1.1018151317221794
121,5,210,2010.0000000221403,4528.460191378159,0.15812758669901528,2.460010811522069,0.8763935156157323,2.252965269317551
121,6,110,1010.0008335248422,4528.460191378159,0.09604681033252462,0.9827611514303248,0.4232137305742789,4.483620251652769
121,2,455,4460.000000000002,4528.460191378159,0.156272299129442,2.874171018869978,0.4560477351338993,1.0153498186946541
121,1,620,6110.000000000002,4528.460191378159,0.1374339945768517,3.5564597553355766,0.36226085877128383,0.741155514137178
122,6,396,3870.0000000000014,5733.208220351079,0.09604681033252462,1.8799220705621342,0.26749122719086316,1.481449152545498
122,4,595,5860.000000000002,5733.208220351079,0.1584130155558727,3.072187730513247,0.47614443249716387,0.9783631775343136
122,3,490,4810.000000000001,5733.208220351079,0.15612958470101326,3.081007306002627,0.5733641979234657,1.19193518094617
122,0,496,4870.000000000001,5733.208220351079,0.13757670900528043,3.543065834650867,0.5738427409610234,1.1772501479160324
122,2,700,6910.000000000002,5733.208220351079,0.156272299129442,3.4496034593595812,0.4472711065369671,0.8296972822505178
122,1,620,6110.000000000002,5733.208220351079,0.1374339945768517,3.82023868887426,0.4926530465590317,0.9383319509576231
122,5,700,6910.000000000002,5733.208220351079,0.15812758669901528,3.2492941130312434,0.4263009830533195,0.8296972822505178
123,2,280,2710.0000000000146,4468.716337809362,0.156272299129442,2.6073712662338897,0.6718903037336219,1.6489728183798296
123,1,620,6110.000000000002,4468.716337809362,0.1374339945768517,3.5665630320853774,0.3584971032504662,0.7313774693632341
123,3,525,5160.000000000001,4468.716337809362,0.15612958470101326,3.1218401542123355,0.4221132190806648,0.86603029802507
123,4,700,6910.000000000002,4468.716337809362,0.1584130155558727,3.476350735079054,0.3561387157734083,0.646702798525233
123,6,110,1010.0008335248422,4468.716337809362,0.09604681033252462,0.8839285476185096,0.3756307716647062,4.424467970203362
123,5,700,6910.000000000002,4468.716337809362,0.15812758669901528,3.4769466814389776,0.3555579667938129,0.646702798525233
123,0,93,840.0049979958054,4468.716337809362,0.13757670900528043,1.704814826371665,1.2477369826384979,5.319868748961511
124,4,350,3410.000000000001,4213.6549166501545,0.1584130155558727,3.212060966746382,0.6287517802044267,1.2356759286364085
124,0,341,3320.0000000000014,4213.6549166501545,0.13757670900528043,2.45447199335222,0.42857208433546706,1.2691731676657088
124,5,700,6910.000000000002,4213.6549166501545,0.15812758669901528,3.974195294315469,0.383210822588932,0.6097908707163753
124,2,700,6910.000000000002,4213.6549166501545,0.156272299129442,3.438912865234767,0.3277057726699205,0.6097908707163753
124,1,279,2700.0000000000164,4213.6549166501545,0.1374339945768517,2.2068534839915537,0.47332873628599015,1.5606129320926403
124,6,440,4310.000000000002,4213.6549166501545,0.09604681033252462,2.4574171308546093,0.2307509637540639,0.9776461523550238
124,3,175,1660.0000008844675,4213.6549166501545,0.15612958470101326,2.133436787591605,0.8455043791527815,2.5383463339789576
125,0,527,5180.000000000002,4780.1250399564715,0.13757670900528043,3.1866264007849945,0.40456244351151,0.9228040617676583
125,3,420,4110.000000000002,4780.1250399564715,0.15612958470101326,2.7416587769967835,0.4978471690772556,1.1630474549772432
125,5,700,6910.000000000002,4780.1250399564715,0.15812758669901528,3.799064795918745,0.4155713063740529,0.6917691808909509
125,1,62,530.1310020508638,4780.1250399564715,0.1374339945768517,1.0290755277420354,1.2752562913040828,9.016875114762367
125,6,440,4310.000000000002,4780.1250399564715,0.09604681033252462,2.2501002631342293,0.2396882829029917,1.10907773548874
125,2,490,4810.000000000001,4780.1250399564715,0.156272299129442,2.8916177173696966,0.44907311907500946,0.9937889895959399
125,4,700,6910.000000000002,4780.1250399564715,0.1584130155558727,3.827834879967412,0.4194742117091428,0.6917691808909509
126,3,490,4810.000000000001,4901.108891108893,0.15612958470101326,3.2608157381791276,0.5187531396219858,1.018941557403096
126,6,440,4310.000000000002,4901.108891108893,0.09604681033252462,2.6034555842399736,0.2843480151488136,1.1371482345960304
126,2,350,3410.000000000001,4901.108891108893,0.156272299129442,2.9329709119883334,0.6587638062168331,1.4372753346360385
126,4,630,6210.000000000002,4901.108891108893,0.1584130155558727,3.9433297514910595,0.49301111221936156,0.7892284848806588
126,5,350,3410.000000000001,4901.108891108893,0.15812758669901528,3.3013580582904267,0.7503091541094468,1.4372753346360385
126,0,620,6110.000000000002,4901.108891108893,0.13757670900528043,2.8920557664798334,0.31915725477171125,0.8021454813598841
126,1,620,6110.000000000002,4901.108891108893,0.1374339945768517,2.8992021721650754,0.3196140132494348,0.8021454813598841
127,4,700,6910.000000000002,4878.163345501617,0.1584130155558727,3.552310012695668,0.39726473299963067,0.7059570688135479
127,2,455,4460.000000000002,4878.163345501617,0.156272299129442,2.8963293744146648,0.49505269653128164,1.0937585976461022
127,5,700,6910.000000000002,4878.163345501617,0.15812758669901528,3.55335768055176,0.39666589319967716,0.7059570688135479
127,0,620,6110.000000000002,4878.163345501617,0.13757670900528043,3.5895359406169893,0.39427419242844686,0.7983900729135214
127,3,175,1660.0000008844675,4878.163345501617,0.15612958470101326,2.153809325180178,0.9881905757993156,2.93865261620631
127,6,110,1010.0008335248422,4878.163345501617,0.09604681033252462,0.9850933875422038,0.4569776468561279,4.829860712567059
127,1,589,5800.000000000002,4878.163345501617,0.1374339945768517,3.4988794960702845,0.40443757712383943,0.8410626457761406
128,6,330,3210.000000000001,4169.6296356811945,0.09604681033252462,1.7971327788703024,0.22421030048204313,1.2989500422682845
128,2,700,6910.000000000002,4169.6296356811945,0.156272299129442,2.849175858946335,0.2686709376649692,0.6034196288974231
128,5,140,1310.0000353340838,4169.6296356811945,0.15812758669901528,2.537732629234256,1.2772610836615725,3.182923300164516
128,3,700,6910.000000000002,4169.6296356811945,0.15612958470101326,2.8367244953480895,0.26725251249326215,0.6034196288974231
128,4,350,3410.000000000001,4169.6296356811945,0.1584130155558727,3.2150359128553516,0.6227586830615267,1.2227652890560685
128,0,93,840.0049979958054,4169.6296356811945,0.13757670900528043,1.6765489026508968,1.1449242468711163,4.9638152697063065
128,1,620,6110.000000000002,4169.6296356811945,0.1374339945768517,3.8256391429231535,0.3588016591068849,0.6824271089494588
129,2,700,6910.000000000002,4232.416525649658,0.156272299129442,4.191081219612924,0.40116074846347527,0.6125060095006739
129,3,700,6910.000000000002,4232.416525649658,0.15612958470101326,4.200101332747797,0.40165698782087594,0.6125060095006739
129,1,217,2080.00000001059,4232.416525649658,0.1374339945768517,2.299198402119109,0.6429773657833974,2.034815637321206
129,4,70,610.0563920873398,4232.416525649658,0.1584130155558727,0.993672787543652,1.0920755331424896,6.937746379753885
129,5,420,4110.000000000002,4232.416525649658,0.15812758669901528,2.4727002975739154,0.40264814585807573,1.0297850427371427
129,0,465,4560.000000000002,4232.416525649658,0.13757670900528043,3.2171031468228235,0.4108028620656431,0.9281615187828194
129,6,440,4310.000000000002,4232.416525649658,0.09604681033252462,2.9053224650149643,0.27402388560498386,0.9819991938862311
130,3,700,6910.000000000002,4966.024654967111,0.15612958470101326,4.2532975648203735,0.4772454493110701,0.7186721642499435
130,5,490,4810.000000000001,4966.024654967111,0.15812758669901528,2.3505309452172805,0.3837403002653146,1.0324375582052203
130,0,620,6110.000000000002,4966.024654967111,0.13757670900528043,3.674064588239787,0.4108273652298441,0.8127699926296414
130,1,558,5490.000000000002,4966.024654967111,0.1374339945768517,3.529432552814566,0.4387686437822852,0.9045582249484716
130,2,280,2710.0000000000146,4966.024654967111,0.156272299129442,3.3447769904314226,0.9578306919666896,1.8324814224970791
130,6,22,138.8629381196525,4966.024654967111,0.09604681033252462,0.31902127218474297,1.0957843932255207,35.762059497027856
130,4,700,6910.000000000002,4966.024654967111,0.1584130155558727,2.7773110643123045,0.31618860143527155,0.7186721642499435
131,6,198,1890.0000000783903,4380.151278301582,0.09604681033252462,0.8385895711856296,0.1866636311169912,2.317540358793603
131,0,279,2700.0000000000164,4380.151278301582,0.13757670900528043,2.973980512685393,0.6637558790779938,1.6222782512227985
131,2,700,6910.000000000002,4380.151278301582,0.156272299129442,3.413192080013392,0.3381067129961963,0.6338858579307642
131,4,700,6910.000000000002,4380.151278301582,0.1584130155558727,3.7452191643268327,0.3760790672272072,0.6338858579307642
131,1,155,1460.0000072749747,4380.151278301582,0.1374339945768517,2.527213539069377,1.0420111384576045,3.000103600325962
131,3,700,6910.000000000002,4380.151278301582,0.15612958470101326,3.414141840797311,0.33789193598646033,0.6338858579307642
131,5,245,2360.000000000555,4380.151278301582,0.15812758669901528,2.952118196121197,0.866400095896931,1.855996304364641
132,0,434,4250.000000000002,4255.106322252728,0.13757670900528043,2.689114060407234,0.3704039642733203,1.0012014875888768
132,5,420,4110.000000000002,4255.106322252728,0.15812758669901528,2.9577603847785863,0.48421609963140305,1.0353056745140454
132,6,440,4310.000000000002,4255.106322252728,0.09604681033252462,2.591520199531828,0.2457370787015134,0.9872636478544609
132,4,245,2360.000000000555,4255.106322252728,0.1584130155558727,2.4315377249605166,0.6944968600626442,1.8030111534964948
132,2,210,2010.0000000221403,4255.106322252728,0.156272299129442,2.7280814959228534,0.9025134864261248,2.116968319505402
132,3,700,6910.000000000002,4255.106322252728,0.15612958470101326,3.952466246855376,0.38000187826108955,0.615789626954085
132,1,620,6110.000000000002,4255.106322252728,0.1374339945768517,3.0990686549957447,0.2966159994265693,0.6964167466862073
133,2,525,5160.000000000001,5226.978735550251,0.156272299129442,3.1392023875254664,0.4969381620088574,1.0129803751066377
133,5,595,5860.000000000002,5226.978735550251,0.15812758669901528,3.1285311638295874,0.44126679221467535,0.8919758934386092
133,0,620,6110.000000000002,5226.978735550251,0.13757670900528043,3.6881874081456947,0.4340776449997997,0.8554793347872749
133,4,700,6910.000000000002,5226.978735550251,0.1584130155558727,3.318312280690608,0.3976315183531461,0.7564368647684877
133,6,374,3650.000000000001,5226.978735550251,0.09604681033252462,2.0784524773743605,0.28587811816773834,1.4320489686439042
133,1,620,6110.000000000002,5226.978735550251,0.1374339945768517,3.681199420881127,0.4328057657511466,0.8554793347872749
133,3,245,2360.000000000555,5226.978735550251,0.15612958470101326,2.4346113545208077,0.8418865629933427,2.2148214981139924
134,2,700,6910.000000000002,5896.0325388896845,0.156272299129442,3.06643610523847,0.4088817679143025,0.8532608594630511
134,6,286,2770.000000000008,5896.0325388896845,0.09604681033252462,1.6959529656067587,0.34671837055519666,2.1285316024872443
134,4,665,6560.000000000001,5896.0325388896845,0.1584130155558727,3.6370199691279383,0.5178364051378187,0.8987854480014762
134,5,700,6910.000000000002,5896.0325388896845,0.15812758669901528,3.6803330856740226,0.496565557634667,0.8532608594630511
134,0,589,5800.000000000002,5896.0325388896845,0.13757670900528043,3.6930953317723527,0.5164964167979491,1.0165573342913246
134,1,403,3940.000000000001,5896.0325388896845,0.1374339945768517,3.2614559176283384,0.6707633612419063,1.4964549591090566
134,3,700,6910.000000000002,5896.0325388896845,0.15612958470101326,3.057498546797996,0.4073177049529883,0.8532608594630511
135,3,315,3060.0000000000014,4250.345542073886,0.15612958470101326,2.778578810914916,0.6025744819198935,1.389001811135256
135,2,560,5510.000000000002,4250.345542073886,0.156272299129442,3.269490432877079,0.3941256610753617,0.7713875756939899
135,6,110,1010.0008335248422,4250.345542073886,0.09604681033252462,0.8325520712387027,0.33650913530695026,4.208259439985247
135,4,35,262.252839954494,4250.345542073886,0.1584130155558727,1.055229202522862,2.7092039573600597,16.207052487253918
135,0,620,6110.000000000002,4250.345542073886,0.13757670900528043,3.4097892239519347,0.32632885608775114,0.6956375682608649
135,5,700,6910.000000000002,4250.345542073886,0.15812758669901528,3.5871397360125936,0.34890093143199574,0.6151006573189413
135,1,620,6110.000000000002,4250.345542073886,0.1374339945768517,3.398031479516365,0.32486625034095923,0.6956375682608649
136,1,527,5180.000000000002,4962.350506636224,0.1374339945768517,4.402425045664445,0.5796206065863825,0.957982723288846
136,2,455,4460.000000000002,4962.350506636224,0.156272299129442,3.885261039870097,0.6755457759129602,1.1126346427435476
136,0,279,2700.0000000000164,4962.350506636224,0.13757670900528043,3.557610927746714,0.8995535862914072,1.8379075950504422
136,3,700,6910.000000000002,4962.350506636224,0.15612958470101326,4.3757998311018955,0.49062767384848066,0.7181404495855604
136,6,440,4310.000000000002,4962.350506636224,0.09604681033252462,3.753897195307651,0.41512174950583985,1.1513574261336943
136,5,385,3760.0000000000014,4962.350506636224,0.15812758669901528,2.1704986965268187,0.45296720906184756,1.319774070913889
136,4,700,6910.000000000002,4962.350506636224,0.1584130155558727,2.8839075452308993,0.3280813805930915,0.7181404495855604
137,4,210,2010.0000000221403,4507.21347482411,0.1584130155558727,2.4022782228935213,0.8533481203789139,2.242394763569384
137,2,560,5510.000000000002,4507.21347482411,0.156272299129442,3.3387112926147156,0.4267931072466399,0.818006075285682
137,6,440,4310.000000000002,4507.21347482411,0.09604681033252462,1.94258673095395,0.19511660131102956,1.0457571867341318
137,5,700,6910.000000000002,4507.21347482411,0.15812758669901528,3.4440779650149396,0.3552308685811651,0.6522740195114484
137,0,93,840.0049979958054,4507.21347482411,0.13757670900528043,1.543317935376283,1.139269780178088,5.365698401292866
137,3,700,6910.000000000002,4507.21347482411,0.15612958470101326,3.584473973437088,0.3650402191605326,0.6522740195114484
137,1,465,4560.000000000002,4507.21347482411,0.1374339945768517,3.104600154889829,0.4217383842014568,0.9884240076368658
138,0,620,6110.000000000002,3909.8432346584977,0.13757670900528043,3.1646651199861204,0.2786062220921773,0.639908876376186
138,5,280,2710.0000000000146,3909.8432346584977,0.15812758669901528,2.485548733031302,0.5670482040504606,1.4427465810547884
138,6,330,3210.000000000001,3909.8432346584977,0.09604681033252462,2.442079223613355,0.2856912951101332,1.2180196992705596
138,4,175,1660.0000008844675,3909.8432346584977,0.1584130155558727,2.070207972458819,0.7724245961067409,2.35532724853933
138,3,105,960.0014115816389,3909.8432346584977,0.15612958470101326,2.1315362117466106,1.355393481498506,4.072747380878203
138,2,700,6910.000000000002,3909.8432346584977,0.156272299129442,4.018072188671775,0.35528840474713086,0.5658239123963092
138,1,620,6110.000000000002,3909.8432346584977,0.1374339945768517,3.1504159647053784,0.27706406620647994,0.639908876376186
139,3,595,5860.000000000002,4399.308897633603,0.15612958470101326,3.0209024989210187,0.3540859985253942,0.7507353067634133
139,5,700,6910.000000000002,4399.308897633603,0.15812758669901528,3.3261287487053055,0.33485216295241704,0.6366583064592767
139,4,700,6910.000000000002,4399.308897633603,0.1584130155558727,3.3186469273456085,0.33470201042887865,0.6366583064592767
139,6,88,790.008464149783,4399.308897633603,0.09604681033252462,1.2018477109796533,0.64281366443781,5.568685776510248
139,0,217,2080.00000001059,4399.308897633603,0.13757670900528043,2.729124107983754,0.7941258337805324,2.1150523546207713
139,2,70,610.0563920873398,4399.308897633603,0.156272299129442,1.3123816461159241,1.4789606696121051,7.211315141836541
139,1,620,6110.000000000002,4399.308897633603,0.1374339945768517,4.0712138527801836,0.40286666374581576,0.72001782285329
140,5,700,6910.000000000002,4262.332932825813,0.15812758669901528,4.204363136700019,0.41008811673544115,0.6168354461397703
140,1,620,6110.000000000002,4262.332932825813,0.1374339945768517,3.8407864972928887,0.368231125355255,0.6975994980074979
140,0,620,6110.000000000002,4262.332932825813,0.13757670900528043,3.8384141347004497,0.36838582070293835,0.6975994980074979
140,3,630,6210.000000000002,4262.332932825813,0.15612958470101326,2.5366101194116366,0.27182831600375545,0.6863660117271839
140,6,176,1670.0000007960207,4262.332932825813,0.09604681033252462,1.6696202895904473,0.4092904004404329,2.5522951681401995
140,4,210,2010.0000000221403,4262.332932825813,0.1584130155558727,3.0205006369641922,1.0146613206010289,2.1205636481486883
140,2,35,262.252839954494,4262.332932825813,0.156272299129442,0.6481727786990966,1.646265812640402,16.25276177587023
141,4,350,3410.000000000001,3869.1572152040053,0.1584130155558727,3.1684493086573573,0.5695077289277846,1.1346502097372446
141,6,440,4310.000000000002,3869.1572152040053,0.09604681033252462,3.0715514629268927,0.2648377255701587,0.8977162912306274
141,2,210,2010.0000000221403,3869.1572152040053,0.156272299129442,1.500032049293476,0.4512350840356803,1.9249538383887494
141,3,35,262.252839954494,3869.1572152040053,0.15612958470101326,0.3981606778374791,0.9171486865300221,14.75353790592079
141,1,465,4560.000000000002,3869.1572152040053,0.1374339945768517,3.9658655156957496,0.4624701288411897,0.8484993892991236
141,5,700,6910.000000000002,3869.1572152040053,0.15812758669901528,3.9451577062392413,0.3493094548178361,0.5599359211583219
141,0,620,6110.000000000002,3869.1572152040053,0.13757670900528043,4.350118443839137,0.3789842527374242,0.6332499533885441
142,6,440,4310.000000000002,3408.3582397480604,0.09604681033252462,2.4699325843675473,0.1876013726361824,0.7908023758116146
142,0,620,6110.000000000002,3408.3582397480604,0.13757670900528043,4.200329743440707,0.3223534535384944,0.5578327724628576
142,4,140,1310.0000353340838,3408.3582397480604,0.1584130155558727,2.5412866147100206,1.0474141542745445,2.601800112836517
142,5,35,262.252839954494,3408.3582397480604,0.15812758669901528,0.9550588711905059,1.9627402176409336,12.99645883849905
142,2,210,2010.0000000221403,3408.3582397480604,0.156272299129442,1.381719756898894,0.3661433471038477,1.6957006167714015
142,3,490,4810.000000000001,3408.3582397480604,0.15612958470101326,2.103371230666743,0.23270263077669165,0.7085983866420082
142,1,620,6110.000000000002,3408.3582397480604,0.1374339945768517,4.204934629392065,0.3223720964281885,0.5578327724628576
143,4,455,4460.000000000002,4640.281157585668,0.1584130155558727,2.0084683210762257,0.3310284223638782,1.0404217842120327
143,5,700,6910.000000000002,4640.281157585668,0.15812758669901528,2.517973392278361,0.2673776042469089,0.6715312818503135
143,1,341,3320.0000000000014,4640.281157585668,0.1374339945768517,3.9936926321524093,0.7671406894899163,1.397675047465562
143,2,700,6910.000000000002,4640.281157585668,0.156272299129442,4.4288669002233005,0.46477298701059777,0.6715312818503135
143,3,560,5510.000000000002,4640.281157585668,0.15612958470101326,4.180915058961618,0.5497297563288395,0.8421562899429521
143,6,440,4310.000000000002,4640.281157585668,0.09604681033252462,3.5046403490078037,0.36240437240549106,1.0766313590685999
143,0,31,223.43368382029254,4640.281157585668,0.13757670900528043,0.8596445590996855,2.45617600761282,20.768046599982842
144,0,620,6110.000000000002,4434.108748609224,0.13757670900528043,2.7411373880980134,0.2736786063562775,0.7257133794777778
144,5,700,6910.000000000002,4434.108748609224,0.15812758669901528,4.6814950558600295,0.4750294168846625,0.6416944643428687
144,4,560,5510.000000000002,4434.108748609224,0.1584130155558727,4.476664553497462,0.5706898593237097,0.804738429874632
144,2,175,1660.0000008844675,4434.108748609224,0.156272299129442,2.876576003809685,1.2007597089159334,2.6711498471365536
144,6,176,1670.0000007960207,4434.108748609224,0.09604681033252462,0.7945175116236683,0.20261719059304295,2.6551549380213566
144,1,620,6110.000000000002,4434.108748609224,0.1374339945768517,2.7570548832432094,0.27498228156205884,0.7257133794777778
144,3,245,2360.000000000555,4434.108748609224,0.15612958470101326,3.0189937888441607,0.8856084694719186,1.8788596392407548
145,0,620,6110.000000000002,4052.8157667819314,0.13757670900528043,3.723238545765906,0.33976718362363745,0.6633086361345222
145,4,385,3760.0000000000014,4052.8157667819314,0.1584130155558727,3.7421472542343044,0.6389704166226763,1.0778765337185985
145,6,440,4310.000000000002,4052.8157667819314,0.09604681033252462,2.4640737394497356,0.22254417888645153,0.9403284841721414
145,2,140,1310.0000353340838,4052.8157667819314,0.156272299129442,1.293422925282903,0.6253283388615876,3.0937524102801714
145,3,700,6910.000000000002,4052.8157667819314,0.15612958470101326,2.6491554490384526,0.2425891998416328,0.5865145827470232
145,1,527,5180.000000000002,4052.8157667819314,0.1374339945768517,3.523637658230038,0.3788894517001561,0.7823968661741177
145,5,140,1310.0000353340838,4052.8157667819314,0.15812758669901528,2.821925193230273,1.3805072581633562,3.0937524102801714
146,1,434,4250.000000000002,4602.31935107018,0.1374339945768517,3.565921062799843,0.530705655144153,1.0828986708400419
146,4,700,6910.000000000002,4602.31935107018,0.1584130155558727,3.118742875251458,0.32905548578397126,0.666037532716379
146,2,700,6910.000000000002,4602.31935107018,0.156272299129442,3.467339593170497,0.36089185770786003,0.666037532716379
146,3,70,610.0563920873398,4602.31935107018,0.15612958470101326,1.4599152568193317,1.7195690525605825,7.544088400292151
146,6,220,2110.0000000077202,4602.31935107018,0.09604681033252462,1.9618620414072971,0.41100367634260754,2.18119400523855
146,5,455,4460.000000000002,4602.31935107018,0.15812758669901528,2.6141502208298157,0.42655994856859414,1.0319101684013854
146,0,620,6110.000000000002,4602.31935107018,0.13757670900528043,4.030708963220249,0.41769752120692005,0.7532437563126316
147,0,155,1460.0000072749747,4520.3482322282725,0.13757670900528043,2.3916377122322743,1.0187305826974171,3.0961289107561734
147,5,700,6910.000000000002,4520.3482322282725,0.15812758669901528,4.109035620822427,0.4250513445715005,0.6541748527103143
147,6,132,1230.0000820831015,4520.3482322282725,0.09604681033252462,1.6429088942484091,0.579913447645422,3.6750796183466172
147,1,620,6110.000000000002,4520.3482322282725,0.1374339945768517,4.144837484844661,0.4214367061973301,0.7398278612484895
147,4,700,6910.000000000002,4520.3482322282725,0.1584130155558727,4.132563234921877,0.4282567474708716,0.6541748527103143
147,3,595,5860.000000000002,4520.3482322282725,0.15612958470101326,2.36079183419743,0.2843263929304333,0.7713904833154046
147,2,175,1660.0000008844675,4520.3482322282725,0.156272299129442,1.2494974532695315,0.5317177781900644,2.7231013432649265
148,2,700,6910.000000000002,4744.388973685988,0.156272299129442,3.249069928695662,0.3486127773644603,0.686597535989289
148,0,589,5800.000000000002,4744.388973685988,0.13757670900528043,3.2589448840702375,0.3667534656372001,0.817998098911377
148,6,44,350.8727963568088,4744.388973685988,0.09604681033252462,0.4249346616692979,0.5518686124238599,13.521678006810578
148,5,35,262.252839954494,4744.388973685988,0.15812758669901528,1.0424128975634501,2.9819990933949354,18.090896458963925
148,1,620,6110.000000000002,4744.388973685988,0.1374339945768517,3.3086999913654997,0.35309424373352694,0.7764957403741386
148,4,560,5510.000000000002,4744.388973685988,0.1584130155558727,3.7061031394616153,0.5055184977306133,0.8610506304330284
148,3,700,6910.000000000002,4744.388973685988,0.15612958470101326,3.2525472089262597,0.3486671676716632,0.686597535989289
149,6,440,4310.000000000002,4620.021407202452,0.09604681033252462,3.6669123042725538,0.3775288874387563,1.0719307209286426
149,0,186,1770.0000002775555,4620.021407202452,0.13757670900528043,3.0209364790410635,1.0848188710040452,2.6101815855807806
149,4,280,2710.0000000000146,4620.021407202452,0.1584130155558727,1.5925008762690895,0.4300760301733331,1.7048049473071687
149,1,496,4870.000000000001,4620.021407202452,0.1374339945768517,4.311291949850593,0.5621039400690828,0.9486696934707292
149,3,700,6910.000000000002,4620.021407202452,0.15612958470101326,4.69816195808117,0.4904323720521378,0.6685993353404415
149,5,455,4460.000000000002,4620.021407202452,0.15812758669901528,2.0840538744324433,0.34137028420376336,1.0358792392830605
149,2,700,6910.000000000002,4620.021407202452,0.156272299129442,4.692078405205364,0.4902450336632898,0.6685993353404415
150,5,700,6910.000000000002,4699.901312544508,0.15812758669901528,3.346269503960433,0.35989784804074887,0.6801593795288722
150,4,35,262.252839954494,4699.901312544508,0.1584130155558727,1.009221905088832,2.8651414555861825,17.92125993129391
150,6,66,570.0859504455718,4699.901312544508,0.09604681033252462,0.6243250266091299,0.4943585978585698,8.244197754516009
150,3,630,6210.000000000002,4699.901312544508,0.15612958470101326,3.781153104384939,0.4467932528346781,0.7568279086223039
150,2,560,5510.000000000002,4699.901312544508,0.156272299129442,3.659668538268437,0.4878214515145678,0.8529766447449195
150,0,620,6110.000000000002,4699.901312544508,0.13757670900528043,3.2365948361945898,0.34251593558017196,0.7692146174377261
150,1,620,6110.000000000002,4699.901312544508,0.1374339945768517,3.243923136733541,0.3429353489537525,0.7692146174377261
