round,cid,tau,a_i,a_eff,p_i,raw_update_norm,contribution_norm,amp_vs_fedavg
1,3,700,6910.000000000002,4297.282718287086,0.15612958470101326,4.114827924689072,0.39953309764173506,0.6218933022123133
1,5,210,2010.0000000221403,4297.282718287086,0.15812758669901528,2.181658836006129,0.7375514984571309,2.1379516011143043
1,4,700,6910.000000000002,4297.282718287086,0.1584130155558727,3.929945078740556,0.38716244327235666,0.6218933022123133
1,0,155,1460.0000072749747,4297.282718287086,0.13757670900528043,2.2422584947370225,0.907970342829791,2.9433443129276236
1,6,308,2990.000000000002,4297.282718287086,0.09604681033252462,1.990050672151257,0.2747070594762691,1.4372183004304626
1,2,315,3060.0000000000014,4297.282718287086,0.156272299129442,2.745389403518204,0.6025019476501302,1.4043407576101583
1,1,620,6110.000000000002,4297.282718287086,0.1374339945768517,3.9604320399555357,0.3828154451171481,0.7033195938276734
2,1,186,1770.0000002775555,4575.15280938075,0.1374339945768517,2.0836402817482296,0.7402002918675279,2.584832095290009
2,6,88,790.008464149783,4575.15280938075,0.09604681033252462,0.08671101734796441,0.04823153546843087,5.791270621770599
2,0,620,6110.000000000002,4575.15280938075,0.13757670900528043,3.182856893583627,0.32788867944841493,0.7487975138102698
2,4,665,6560.000000000001,4575.15280938075,0.1584130155558727,3.7110730537783025,0.4100078101704525,0.697431830698285
2,2,140,1310.0000353340838,4575.15280938075,0.156272299129442,2.768370221866624,1.51091651202728,3.4924829663947055
2,5,700,6910.000000000002,4575.15280938075,0.15812758669901528,4.079563253877834,0.4271189800995864,0.6621060505616134
2,3,700,6910.000000000002,4575.15280938075,0.15612958470101326,3.419253000421769,0.35346303145116936,0.6621060505616134
3,1,124,1150.0001906837483,4937.992034974814,0.1374339945768517,1.836293619267352,1.0836493316739613,4.293905405388553
3,3,700,6910.000000000002,4937.992034974814,0.15612958470101326,3.2029794400520486,0.3573647344531139,0.7146153451483086
3,5,700,6910.000000000002,4937.992034974814,0.15812758669901528,3.8445429260128976,0.4344348882505061,0.7146153451483086
3,4,490,4810.000000000001,4937.992034974814,0.1584130155558727,3.030639273287926,0.4928677671464019,1.0266095706808342
3,2,700,6910.000000000002,4937.992034974814,0.156272299129442,3.1323042788654916,0.34979877410722576,0.7146153451483086
3,0,465,4560.000000000002,4937.992034974814,0.13757670900528043,2.989218323468186,0.4453362979843322,1.082892990126055
3,6,154,1450.0000080833054,4937.992034974814,0.09604681033252462,1.04309379597215,0.34118402591756797,3.4055117292738086
4,0,496,4870.000000000001,4063.1900378537457,0.13757670900528043,2.6591536870197783,0.3052295163473332,0.8343306032553891
4,5,420,4110.000000000002,4063.1900378537457,0.15812758669901528,2.8953682185556113,0.45262314613163274,0.9886107148062637
4,4,70,610.0563920873398,4063.1900378537457,0.1584130155558727,2.323269174876497,2.451249649584646,6.660351552011986
4,2,210,2010.0000000221403,4063.1900378537457,0.156272299129442,2.537934791212512,0.8017399756951329,2.021487580999497
4,1,620,6110.000000000002,4063.1900378537457,0.1374339945768517,3.1129998443884546,0.2845110859961578,0.66500655284022
4,6,440,4310.000000000002,4063.1900378537457,0.09604681033252462,0.3089833042225927,0.027977430446569997,0.9427355076226784
4,3,700,6910.000000000002,4063.1900378537457,0.15612958470101326,3.443053654761258,0.31609533226635106,0.5880159244361425
5,0,496,4870.000000000001,4720.3239673398275,0.13757670900528043,3.2541188499604656,0.43393149452012447,0.96926570171249
5,1,620,6110.000000000002,4720.3239673398275,0.1374339945768517,3.7746031207208457,0.400770789732847,0.7725571141309044
5,5,140,1310.0000353340838,4720.3239673398275,0.15812758669901528,0.7551935237993863,0.4302950983144468,3.6033006412370234
5,2,630,6210.000000000002,4720.3239673398275,0.156272299129442,2.768009543598446,0.3287984723022104,0.7601165808920815
5,3,700,6910.000000000002,4720.3239673398275,0.15612958470101326,2.5233202767917158,0.2691233257690638,0.6831149012069213
5,6,440,4310.000000000002,4720.3239673398275,0.09604681033252462,0.9318086784234348,0.09801763823836958,1.095202776644971
5,4,350,3410.000000000001,4720.3239673398275,0.1584130155558727,2.0348990265810416,0.4462221790517208,1.3842592279588932
6,6,440,4310.000000000002,4222.743108283081,0.09604681033252462,0.8536306158376068,0.08032862280020604,0.9797547815041947
6,1,93,840.0049979958054,4222.743108283081,0.1374339945768517,1.514047121153076,1.046035329906129,5.027045218014485
6,2,630,6210.000000000002,4222.743108283081,0.156272299129442,3.3111052232216807,0.3518503972348013,0.6799908386929274
6,3,700,6910.000000000002,4222.743108283081,0.15612958470101326,3.442240457669592,0.32843015375418755,0.6111060938181012
6,4,490,4810.000000000001,4222.743108283081,0.1584130155558727,2.743481921572742,0.3815421735523987,0.8779091701212225
6,0,620,6110.000000000002,4222.743108283081,0.13757670900528043,3.424037773764391,0.3255644043318056,0.6911199849890474
6,5,35,262.252839954494,4222.743108283081,0.15812758669901528,0.8448531207852432,2.1511134584988736,16.101801257960865
7,4,700,6910.000000000002,4681.975468337965,0.1584130155558727,3.2400654690822757,0.34777289728418964,0.6775651907869702
7,3,700,6910.000000000002,4681.975468337965,0.15612958470101326,4.704524691545097,0.49768212561531455,0.6775651907869702
7,5,700,6910.000000000002,4681.975468337965,0.15812758669901528,3.3106417904970242,0.35470794992681887,0.6775651907869702
7,2,105,960.0014115816389,4681.975468337965,0.156272299129442,3.519595601325901,2.6824524369881217,4.8770506083154945
7,1,434,4250.000000000002,4681.975468337965,0.1374339945768517,3.3569816794030563,0.5082569717144018,1.101641286667756
7,0,434,4250.000000000002,4681.975468337965,0.13757670900528043,3.3769973074980295,0.51181832898317,1.101641286667756
7,6,110,1010.0008335248422,4681.975468337965,0.09604681033252462,0.3580884973986948,0.1594339181210053,4.63561544993795
8,6,22,138.8629381196525,4946.846913284857,0.09604681033252462,0.5895222022235191,2.0170898004814557,35.623953952510796
8,0,589,5800.000000000002,4946.846913284857,0.13757670900528043,2.765878494068003,0.3245476666493314,0.8529046402215268
8,2,700,6910.000000000002,4946.846913284857,0.156272299129442,3.094376323367455,0.3461828543660656,0.7158968036591686
8,3,630,6210.000000000002,4946.846913284857,0.15612958470101326,3.020256765233696,0.37563490466119726,0.7965937058429718
8,1,620,6110.000000000002,4946.846913284857,0.1374339945768517,2.991073344903764,0.332819292274966,0.8096312460368011
8,5,105,960.0014115816389,4946.846913284857,0.15812758669901528,2.2391288817951214,1.824497757220279,5.152957957775018
8,4,700,6910.000000000002,4946.846913284857,0.1584130155558727,3.761101741527519,0.4265366624298697,0.7158968036591686
9,4,700,6910.000000000002,4578.889315061932,0.1584130155558727,5.142398823099834,0.5398072524460356,0.6626467894445631
9,5,455,4460.000000000002,4578.889315061932,0.15812758669901528,4.13873431819078,0.671893559130422,1.0266567970990876
9,2,140,1310.0000353340838,4578.889315061932,0.156272299129442,4.651089735470841,2.540537199767394,3.495335260730888
9,6,44,350.8727963568088,4578.889315061932,0.09604681033252462,4.398040123009442e-06,5.51255050264131e-06,13.049998069401704
9,0,620,6110.000000000002,4578.889315061932,0.13757670900528043,4.991481017032763,0.5146278385583939,0.7494090532016253
9,1,620,6110.000000000002,4578.889315061932,0.1374339945768517,4.62896146568851,0.47675655216555196,0.7494090532016253
9,3,560,5510.000000000002,4578.889315061932,0.15612958470101326,5.134640005863833,0.6661986547529769,0.8310143947480818
10,4,700,6910.000000000002,4573.368060649065,0.1584130155558727,3.357007015603705,0.3519664089814644,0.6618477656510946
10,0,248,2390.0000000004047,4573.368060649065,0.13757670900528043,2.1441097653191936,0.5644561181163394,1.9135431216101635
10,2,630,6210.000000000002,4573.368060649065,0.156272299129442,3.0601720275570323,0.3521862505325022,0.7364521836793984
10,1,310,3010.0000000000014,4573.368060649065,0.1374339945768517,2.3052208408123347,0.4813670573170305,1.5193913822754364
10,6,440,4310.000000000002,4573.368060649065,0.09604681033252462,0.7686797205505677,0.07834066514684172,1.0611062785728684
10,3,175,1660.0000008844675,4573.368060649065,0.15612958470101326,1.4646686652007737,0.630017569769929,2.755040998923085
10,5,700,6910.000000000002,4573.368060649065,0.15812758669901528,3.584412769953105,0.37513170057441175,0.6618477656510946
11,2,490,4810.000000000001,4352.732981307911,0.156272299129442,2.742778352171045,0.38787310296872535,0.9049340917480063
11,5,210,2010.0000000221403,4352.732981307911,0.15812758669901528,2.198967637340743,0.7529956189817434,2.165538796646749
11,0,620,6110.000000000002,4352.732981307911,0.13757670900528043,2.7648593287771495,0.2709809571078798,0.7123949232909836
11,6,440,4310.000000000002,4352.732981307911,0.09604681033252462,0.523342766887338,0.05076377714690718,1.0099148448510231
11,3,315,3060.0000000000014,4352.732981307911,0.15612958470101326,2.2784726110363867,0.5060222537446177,1.422461758597356
11,4,700,6910.000000000002,4352.732981307911,0.1584130155558727,3.4766454317864475,0.3469247157871669,0.6299179423021578
11,1,341,3320.0000000000014,4352.732981307911,0.1374339945768517,1.865206240939328,0.3360817825534395,1.3110641509963583
12,2,700,6910.000000000002,5254.671043242473,0.156272299129442,3.472899519869286,0.41270687705403675,0.7604444346226443
12,4,700,6910.000000000002,5254.671043242473,0.1584130155558727,3.237213215461089,0.38996861116833575,0.7604444346226443
12,6,440,4310.000000000002,5254.671043242473,0.09604681033252462,0.5280038991599427,0.06182844719596832,1.2191812165295757
12,1,465,4560.000000000002,5254.671043242473,0.1374339945768517,2.982005661624529,0.47226234997112376,1.1523401410619454
12,3,560,5510.000000000002,5254.671043242473,0.15612958470101326,3.062882788130085,0.4560469086584253,0.9536608063960929
12,0,434,4250.000000000002,5254.671043242473,0.13757670900528043,2.839862579294091,0.48305751694910715,1.2363931866452873
12,5,385,3760.0000000000014,5254.671043242473,0.15812758669901528,2.2520394567124344,0.49766984481097865,1.3975188944793806
13,6,330,3210.000000000001,4188.923256637607,0.09604681033252462,0.48371104309350094,0.06062703379003182,1.3049605160864814
13,4,35,262.252839954494,4188.923256637607,0.1584130155558727,1.1001900994643876,2.7838177380283375,15.972842305023148
13,3,35,262.252839954494,4188.923256637607,0.15612958470101326,1.1401293162275326,2.8432923816650857,15.972842305023148
13,0,620,6110.000000000002,4188.923256637607,0.13757670900528043,3.355633270944215,0.3165050194235635,0.685584821053618
13,2,665,6560.000000000001,4188.923256637607,0.156272299129442,3.7549889078161587,0.37470477255719564,0.6385553744874399
13,1,620,6110.000000000002,4188.923256637607,0.1374339945768517,3.805252356241207,0.3585410011782416,0.685584821053618
13,5,700,6910.000000000002,4188.923256637607,0.15812758669901528,3.337534898519119,0.31993209875344786,0.6062117592818532
14,3,700,6910.000000000002,5032.621664050239,0.15612958470101326,3.834208071905461,0.4359905910963049,0.7283099369103093
14,2,525,5160.000000000001,5032.621664050239,0.156272299129442,3.2822491833968197,0.5002627104389402,0.9753142759787283
14,6,440,4310.000000000002,5032.621664050239,0.09604681033252462,2.761923272881598,0.3097501810767991,1.1676616389907741
14,5,595,5860.000000000002,5032.621664050239,0.15812758669901528,4.3630872122301065,0.5925134369984489,0.8588091576877538
14,4,385,3760.0000000000014,5032.621664050239,0.1584130155558727,3.54250477500844,0.7511172629056682,1.3384632085239991
14,0,279,2700.0000000000164,5032.621664050239,0.13757670900528043,4.541267355668617,1.1645348925800199,1.8639339496482252
14,1,620,6110.000000000002,5032.621664050239,0.1374339945768517,5.098320343985079,0.577130946423492,0.8236696667839996
15,1,620,6110.000000000002,4484.127301270247,0.1374339945768517,3.6017429706465367,0.36328177432390985,0.7338997219754902
15,4,455,4460.000000000002,4484.127301270247,0.1584130155558727,2.489292724972452,0.3964696120817567,1.0054097088049876
15,5,700,6910.000000000002,4484.127301270247,0.15812758669901528,3.687715960632679,0.3784120800181946,0.6489330392576332
15,0,434,4250.000000000002,4484.127301270247,0.13757670900528043,2.708136220605766,0.39310125068650875,1.0550887767694694
15,2,245,2360.000000000555,4484.127301270247,0.156272299129442,2.4358973810800095,0.7232807733913872,1.9000539412157595
15,3,315,3060.0000000000014,4484.127301270247,0.15612958470101326,2.8249141980001355,0.6463190739057483,1.4654010788464853
15,6,440,4310.000000000002,4484.127301270247,0.09604681033252462,0.5680643251346393,0.05676506325033767,1.0404007659559733
16,1,62,530.1310020508638,4150.214955563818,0.1374339945768517,1.4347747852158625,1.5437084945971673,7.8286592172657405
16,0,620,6110.000000000002,4150.214955563818,0.13757670900528043,3.4778179218372176,0.3249983367501559,0.6792495835619995
16,6,220,2110.0000000077202,4150.214955563818,0.09604681033252462,0.42714660554806927,0.08069526310961553,1.9669265192173615
16,3,140,1310.0000353340838,4150.214955563818,0.15612958470101326,1.4035232849006787,0.6942311721405978,3.1681029340624454
16,5,700,6910.000000000002,4150.214955563818,0.15812758669901528,3.714609228118333,0.35278760652318897,0.6006099790975133
16,2,420,4110.000000000002,4150.214955563818,0.156272299129442,2.839216897633963,0.4480323177539083,1.0097846607211232
16,4,700,6910.000000000002,4150.214955563818,0.1584130155558727,3.52755388042198,0.3356271313326692,0.6006099790975133
17,2,700,6910.000000000002,4988.846867421755,0.156272299129442,4.3186224698536835,0.487247217686921,0.7219749446341177
17,4,455,4460.000000000002,4988.846867421755,0.1584130155558727,3.291941778498633,0.5833219537231329,1.1185755308120522
17,0,589,5800.000000000002,4988.846867421755,0.13757670900528043,3.1717006829655743,0.37532655452956404,0.8601460116244402
17,6,440,4310.000000000002,4988.846867421755,0.09604681033252462,0.678794975654883,0.07546480759772112,1.1575050736477384
17,1,434,4250.000000000002,4988.846867421755,0.1374339945768517,2.777275682658421,0.4480478571878333,1.1738463217462947
17,3,210,2010.0000000221403,4988.846867421755,0.15612958470101326,2.2241833430680824,0.8619060011236097,2.4820133668491553
17,5,700,6910.000000000002,4988.846867421755,0.15812758669901528,4.295769868402823,0.4904229399021481,0.7219749446341177
18,5,700,6910.000000000002,4670.28542899495,0.15812758669901528,4.127138533916599,0.4410847736902513,0.6758734340079521
18,6,352,3430.000000000001,4670.28542899495,0.09604681033252462,0.4500792949081915,0.058860139201201866,1.3615992504358452
18,2,700,6910.000000000002,4670.28542899495,0.156272299129442,4.473164341249662,0.4724569393323176,0.6758734340079521
18,0,434,4250.000000000002,4670.28542899495,0.13757670900528043,2.890006097599256,0.4369162214625939,1.0988906891752819
18,3,175,1660.0000008844675,4670.28542899495,0.15612958470101326,1.667456563940067,0.732445085925503,2.813424955726848
18,4,315,3060.0000000000014,4670.28542899495,0.1584130155558727,2.5614366552367325,0.6192934385853498,1.5262370682990025
18,1,620,6110.000000000002,4670.28542899495,0.1374339945768517,3.6223598187297625,0.3805291849051287,0.7643675006538377
19,6,396,3870.0000000000014,4751.669758952728,0.09604681033252462,0.6469335751284089,0.07629181067944547,1.2278216431402396
19,0,620,6110.000000000002,4751.669758952728,0.13757670900528043,3.701753636781623,0.39605679384428827,0.7776873582574021
19,1,465,4560.000000000002,4751.669758952728,0.1374339945768517,3.7669544496437757,0.5394683189830509,1.042032841875598
19,4,175,1660.0000008844675,4751.669758952728,0.1584130155558727,1.7480184547324766,0.7926382680804598,2.862451660494568
19,3,700,6910.000000000002,4751.669758952728,0.15612958470101326,4.321774807249622,0.46399739277330665,0.6876511952174714
19,5,700,6910.000000000002,4751.669758952728,0.15812758669901528,3.9780508406582884,0.43255981847548297,0.6876511952174714
19,2,315,3060.0000000000014,4751.669758952728,0.156272299129442,2.80942599267434,0.6817488608357103,1.5528332545597145
20,4,700,6910.000000000002,4797.418519199725,0.1584130155558727,4.01961053179172,0.44208359235881983,0.6942718551663855
20,2,700,6910.000000000002,4797.418519199725,0.156272299129442,4.334748967524957,0.4703005790015296,0.6942718551663855
20,1,372,3630.000000000001,4797.418519199725,0.1374339945768517,2.9176173497689777,0.5299360749446722,1.3216028978511636
20,5,105,960.0014115816389,4797.418519199725,0.15812758669901528,1.4437873636198697,1.1408974645806,4.997303609476777
20,0,465,4560.000000000002,4797.418519199725,0.13757670900528043,3.7082789001441085,0.5367351914561692,1.0520654647367813
20,3,700,6910.000000000002,4797.418519199725,0.15612958470101326,4.349086794746931,0.47142524927241725,0.6942718551663855
20,6,286,2770.000000000008,4797.418519199725,0.09604681033252462,0.49726629079898604,0.08271795800283972,1.7319200430323864
21,0,310,3010.0000000000014,4921.280148499462,0.13757670900528043,2.654920766392269,0.5971838766074825,1.634976793521415
21,3,700,6910.000000000002,4921.280148499462,0.15612958470101326,4.586426870104158,0.5099877197472072,0.7121968376989088
21,6,176,1670.0000007960207,4921.280148499462,0.09604681033252462,0.7175201768173401,0.20308539021525385,2.946874339014185
21,1,372,3630.000000000001,4921.280148499462,0.1374339945768517,3.298990652412331,0.6146766531820564,1.3557245588152784
21,2,700,6910.000000000002,4921.280148499462,0.156272299129442,4.39434439295028,0.48907575389737934,0.7121968376989088
21,5,385,3760.0000000000014,4921.280148499462,0.15812758669901528,2.754032268381705,0.569989572677737,1.3088511033243244
21,4,700,6910.000000000002,4921.280148499462,0.1584130155558727,4.0734320447445045,0.4595696899017788,0.7121968376989088
22,1,589,5800.000000000002,4986.093356175587,0.1374339945768517,3.354051324727886,0.3962746451705246,0.8596712683061355
22,5,35,262.252839954494,4986.093356175587,0.15812758669901528,2.4294012302611057,7.303770121153862,19.012542846211968
22,0,527,5180.000000000002,4986.093356175587,0.13757670900528043,3.0869336677933004,0.40879244395067443,0.9625662849759817
22,2,700,6910.000000000002,4986.093356175587,0.156272299129442,4.044763772921988,0.456097322238136,0.7215764625435002
22,4,700,6910.000000000002,4986.093356175587,0.1584130155558727,4.118150385468857,0.470733841869464,0.7215764625435002
22,3,700,6910.000000000002,4986.093356175587,0.15612958470101326,4.416353540950112,0.4975438877365129,0.7215764625435002
22,6,198,1890.0000000783903,4986.093356175587,0.09604681033252462,0.27201698251519413,0.06892512571265308,2.6381446327877156
23,6,440,4310.000000000002,4495.48308834374,0.09604681033252462,3.152809701686416,0.3158492158663781,1.0430355193372942
23,3,560,5510.000000000002,4495.48308834374,0.15612958470101326,5.424765917974549,0.691020572014737,0.8158771485197347
23,2,700,6910.000000000002,4495.48308834374,0.156272299129442,5.628275338167339,0.5722102825065029,0.6505764237834644
23,4,210,2010.0000000221403,4495.48308834374,0.1584130155558727,2.1760865154964164,0.7709874875144725,2.2365587503951354
23,0,372,3630.000000000001,4495.48308834374,0.13757670900528043,4.769726214236522,0.8126585529768698,1.2384250932076415
23,5,315,3060.0000000000014,4495.48308834374,0.15812758669901528,2.6481331679315674,0.6151802801450318,1.4691121203737705
23,1,620,6110.000000000002,4495.48308834374,0.1374339945768517,5.309467420986345,0.5368837854263431,0.7357582795979932
24,4,700,6910.000000000002,4708.958184819859,0.1584130155558727,4.320614910372364,0.4664264903935108,0.6814700701620633
24,1,372,3630.000000000001,4708.958184819859,0.1374339945768517,2.928801731448453,0.5221584988908402,1.2972336597299883
24,6,198,1890.0000000783903,4708.958184819859,0.09604681033252462,0.7746924447910033,0.18538530124880498,2.4915122669971157
24,3,490,4810.000000000001,4708.958184819859,0.15612958470101326,3.519124167991572,0.5378975333654122,0.978993385617434
24,2,700,6910.000000000002,4708.958184819859,0.156272299129442,4.2476432537552,0.45235232082848126,0.6814700701620633
24,5,175,1660.0000008844675,4708.958184819859,0.15812758669901528,2.4031423016023847,1.0779630556759785,2.8367217965728138
24,0,620,6110.000000000002,4708.958184819859,0.13757670900528043,3.6220455111135785,0.3840452898645841,0.770696920592448
25,5,700,6910.000000000002,5055.980547505756,0.15812758669901528,4.03764866065355,0.46715770438383475,0.731690383141209
25,6,88,790.008464149783,5055.980547505756,0.09604681033252462,0.38990033582403005,0.23966808511685217,6.3999068072606855
25,1,279,2700.0000000000164,5055.980547505756,0.1374339945768517,2.439946215685978,0.627936969968665,1.8725853879650833
25,2,385,3760.0000000000014,5055.980547505756,0.156272299129442,3.2725971083264143,0.687689025065987,1.344675677528126
25,4,700,6910.000000000002,5055.980547505756,0.1584130155558727,3.9984593676815585,0.4634585466036761,0.731690383141209
25,0,558,5490.000000000002,5055.980547505756,0.13757670900528043,3.318455198979724,0.42044958206492,0.920943633425456
25,3,700,6910.000000000002,5055.980547505756,0.15612958470101326,4.77675067146328,0.5456889063360149,0.731690383141209
26,3,315,3060.0000000000014,4395.571571324118,0.15612958470101326,2.9643853910723377,0.6648348830292966,1.4364612978183386
26,2,280,2710.0000000000146,4395.571571324118,0.156272299129442,2.8382522662850365,0.7194142897930701,1.6219821296398873
26,0,186,1770.0000002775555,4395.571571324118,0.13757670900528043,1.891368297169547,0.6461942824600347,2.483373768720251
26,6,242,2330.000000000761,4395.571571324118,0.09604681033252462,0.2272532900910735,0.04117679697687562,1.8865114040011515
26,4,700,6910.000000000002,4395.571571324118,0.1584130155558727,4.164536383610671,0.4196573467147666,0.6361174488168042
26,5,700,6910.000000000002,4395.571571324118,0.15812758669901528,3.980262027615168,0.40036547057298255,0.6361174488168042
26,1,620,6110.000000000002,4395.571571324118,0.1374339945768517,3.801345234851959,0.37584227557247135,0.7194061491528833
27,2,700,6910.000000000002,4184.529226693547,0.156272299129442,4.339849195415068,0.41070046861210363,0.6055758649339429
27,4,210,2010.0000000221403,4184.529226693547,0.1584130155558727,2.607700959540646,0.8600014751634598,2.0818553366405244
27,0,62,530.1310020508638,4184.529226693547,0.13757670900528043,1.3925002431685445,1.5121803805740914,7.893387126022218
27,1,620,6110.000000000002,4184.529226693547,0.1374339945768517,4.053487571008004,0.38152975231730873,0.6848656672166196
27,3,420,4110.000000000002,4184.529226693547,0.15612958470101326,3.3686545122142824,0.5354839525273879,1.018133631798916
27,6,154,1450.0000080833054,4184.529226693547,0.09604681033252462,0.45523647790689487,0.12618234733628855,2.8858822092179857
27,5,700,6910.000000000002,4184.529226693547,0.15812758669901528,4.02976167160257,0.3858829259329645,0.6055758649339429
28,2,105,960.0014115816389,3579.564198119846,0.156272299129442,2.6732437294593083,1.5576821477345129,3.7287072236929086
28,3,35,262.252839954494,3579.564198119846,0.15612958470101326,2.432725859574702,5.1842785974139,13.64928669119835
28,0,620,6110.000000000002,3579.564198119846,0.13757670900528043,3.8587722189984395,0.3110161958688619,0.5858533875809894
28,6,220,2110.0000000077202,3579.564198119846,0.09604681033252462,0.5895546571632382,0.0960626850771845,1.6964759232733406
28,1,124,1150.0001906837483,3579.564198119846,0.1374339945768517,1.701075628805878,0.7276960801147283,3.11266400398731
28,4,700,6910.000000000002,3579.564198119846,0.1584130155558727,4.044543500563921,0.3319039954198414,0.5180266567467214
28,5,700,6910.000000000002,3579.564198119846,0.15812758669901528,3.7317742496315987,0.3056856943632567,0.5180266567467214
29,1,620,6110.000000000002,4643.160752383065,0.1374339945768517,6.428408714543159,0.6713827217213281,0.759928110046328
29,2,385,3760.0000000000014,4643.160752383065,0.156272299129442,4.439566103920512,0.8567387363780078,1.234883178825283
29,3,700,6910.000000000002,4643.160752383065,0.15612958470101326,5.21011662880862,0.5465983571228743,0.6719480104751178
29,5,385,3760.0000000000014,4643.160752383065,0.15812758669901528,6.49245405626539,1.2677756403800404,1.234883178825283
29,4,700,6910.000000000002,4643.160752383065,0.1584130155558727,6.866316427042553,0.7308871850025243,0.6719480104751178
29,6,44,350.8727963568088,4643.160752383065,0.09604681033252462,5.126210178729764,6.515434408541015,13.23317396103103
29,0,310,3010.0000000000014,4643.160752383065,0.13757670900528043,5.8685021700226,1.2454302502852306,1.5425783230508516
30,1,527,5180.000000000002,5670.392464678922,0.1374339945768517,4.039663222281502,0.6077468115815062,1.0946703599766254
30,3,700,6910.000000000002,5670.392464678922,0.15612958470101326,4.5905379086413705,0.5881442480030895,0.8206067242661245
30,6,220,2110.0000000077202,5670.392464678922,0.09604681033252462,0.16408477510306402,0.042352777463858016,2.68738979367686
30,4,455,4460.000000000002,5670.392464678922,0.1584130155558727,4.473131672199981,0.9009087472934153,1.2713884449952735
30,2,700,6910.000000000002,5670.392464678922,0.156272299129442,4.559874902172795,0.5847496913309816,0.8206067242661245
30,5,700,6910.000000000002,5670.392464678922,0.15812758669901528,4.4519900622573285,0.5776927277652909,0.8206067242661245
30,0,589,5800.000000000002,5670.392464678922,0.13757670900528043,4.332681652712611,0.582756091227984,0.9776538732205035
31,4,35,262.252839954494,4007.922525300737,0.1584130155558727,0.9692205997514663,2.346457082818282,15.282665865491447
31,5,70,610.0563920873398,4007.922525300737,0.15812758669901528,1.1110377933732587,1.154212600218953,6.569757447483537
31,2,700,6910.000000000002,4007.922525300737,0.156272299129442,2.4588945393295045,0.22287593321732807,0.5800177315920023
31,3,700,6910.000000000002,4007.922525300737,0.15612958470101326,2.5779103399226067,0.2334502178000241,0.5800177315920023
31,0,403,3940.000000000001,4007.922525300737,0.13757670900528043,3.04603029153522,0.42628713908055144,1.0172392196194762
31,6,352,3430.000000000001,4007.922525300737,0.09604681033252462,1.0163758114715715,0.11406764237575333,1.168490532157649
31,1,620,6110.000000000002,4007.922525300737,0.1374339945768517,3.9709120094485906,0.3579831135471014,0.6559611334371089
32,0,310,3010.0000000000014,4916.828885403772,0.13757670900528043,5.222863290852885,1.1737407248486282,1.633497968572681
32,6,440,4310.000000000002,4916.828885403772,0.09604681033252462,3.6086321744504413,0.39539701637001007,1.1407955650588792
32,2,665,6560.000000000001,4916.828885403772,0.156272299129442,6.025321883942197,0.7057380112851129,0.7495165983847212
32,5,700,6910.000000000002,4916.828885403772,0.15812758669901528,1.789539542176666,0.20135201910971992,0.7115526606951911
32,1,620,6110.000000000002,4916.828885403772,0.1374339945768517,5.991648715754485,0.6626502969130923,0.8047183118500443
32,3,210,2010.0000000221403,4916.828885403772,0.15612958470101326,5.661813242095845,2.1623688734902498,2.4461835250495585
32,4,525,5160.000000000001,4916.828885403772,0.1584130155558727,1.5996365802322976,0.24146132581860227,0.9528738150007309
33,1,620,6110.000000000002,3851.535612985364,0.1374339945768517,3.506409309463628,0.30377322226349246,0.630365894105624
33,0,341,3320.0000000000014,3851.535612985364,0.13757670900528043,2.8192045841955102,0.4499531986728012,1.1601010882486031
33,6,440,4310.000000000002,3851.535612985364,0.09604681033252462,2.2575707795798543,0.1937675150354587,0.8936277524327987
33,4,140,1310.0000353340838,3851.535612985364,0.1584130155558727,2.4959929082394194,1.1625103251562585,2.940103442060689
33,2,700,6910.000000000002,3851.535612985364,0.156272299129442,2.995761549842078,0.2609426776544882,0.5573857616476647
33,5,385,3760.0000000000014,3851.535612985364,0.15812758669901528,3.371555831693098,0.5461149576670811,1.024344577921639
33,3,175,1660.0000008844675,3851.535612985364,0.15612958470101326,1.7949949794500442,0.6502408839670845,2.3202021752609765
34,5,665,6560.000000000001,5161.88166306122,0.15812758669901528,3.1169548071365174,0.38783085087412034,0.786872204734942
34,6,440,4310.000000000002,5161.88166306122,0.09604681033252462,2.5499328522691074,0.2933205325813478,1.197652358018844
34,1,93,840.0049979958054,5161.88166306122,0.1374339945768517,1.5237288058531198,1.2868502802867778,6.1450606548498135
34,4,700,6910.000000000002,5161.88166306122,0.1584130155558727,3.1895990787462805,0.3774478493757244,0.7470161596325932
34,0,496,4870.000000000001,5161.88166306122,0.13757670900528043,3.6199773401605793,0.5278734889448664,1.0599346330721189
34,3,700,6910.000000000002,5161.88166306122,0.15612958470101326,3.517515109667851,0.41025244009833384,0.7470161596325932
34,2,490,4810.000000000001,5161.88166306122,0.156272299129442,3.1263274946842814,0.5242994950238573,1.0731562709066984
35,3,350,3410.000000000001,4660.7714718679335,0.15612958470101326,3.0119148768104016,0.6427340797151987,1.3667951530404494
35,1,155,1460.0000072749747,4660.7714718679335,0.1374339945768517,1.5099221868948876,0.6624508892550366,3.192309211399976
35,4,700,6910.000000000002,4660.7714718679335,0.1584130155558727,3.9207034165289483,0.4189233946349023,0.6744965950604822
35,0,434,4250.000000000002,4660.7714718679335,0.13757670900528043,2.498704282498889,0.37698898108919215,1.0966521110277485
35,6,88,790.008464149783,4660.7714718679335,0.09604681033252462,1.0054925397173864,0.5697546313235653,5.8996475143895
35,2,700,6910.000000000002,4660.7714718679335,0.156272299129442,3.7313745664104943,0.39330603492698474,0.6744965950604822
35,5,700,6910.000000000002,4660.7714718679335,0.15812758669901528,3.918717276050484,0.41795674287832435,0.6744965950604822
36,2,595,5860.000000000002,5534.673897531042,0.156272299129442,3.3914694833421724,0.5005694451326603,0.9444836002612697
36,6,418,4090.0000000000014,5534.673897531042,0.09604681033252462,1.8510452270712552,0.24058508850758487,1.35322100184133
36,4,385,3760.0000000000014,5534.673897531042,0.1584130155558727,3.31675272219817,0.7734070881583427,1.4719877387050637
36,1,620,6110.000000000002,5534.673897531042,0.1374339945768517,3.035206579351849,0.3778620285280323,0.9058386084338854
36,5,560,5510.000000000002,5534.673897531042,0.15812758669901528,3.691706212287064,0.5863746865432267,1.0044780213304974
36,0,620,6110.000000000002,5534.673897531042,0.13757670900528043,3.0296605266388306,0.37756324680468073,0.9058386084338854
36,3,700,6910.000000000002,5534.673897531042,0.15612958470101326,3.5769336301147234,0.4473115131344119,0.8009658317700492
37,6,440,4310.000000000002,4991.742543171116,0.09604681033252462,1.9498429107580688,0.2168989642845918,1.158176924169632
37,3,455,4460.000000000002,4991.742543171116,0.15612958470101326,3.1645082131112314,0.5529791426225376,1.1192247854643753
37,0,403,3940.000000000001,4991.742543171116,0.13757670900528043,3.016471561142435,0.5257752125621928,1.2669397317693185
37,4,350,3410.000000000001,4991.742543171116,0.1584130155558727,2.7014119968365176,0.626440005000373,1.4638541182319986
37,5,700,6910.000000000002,4991.742543171116,0.15812758669901528,3.3762239603195328,0.3856674807934417,0.7223940004589168
37,2,700,6910.000000000002,4991.742543171116,0.156272299129442,3.6126309361556963,0.4078305253311709,0.7223940004589168
37,1,465,4560.000000000002,4991.742543171116,0.1374339945768517,3.14768071389162,0.47355690981241494,1.0946803822743671
38,2,700,6910.000000000002,4282.803788707417,0.156272299129442,3.5944842857820594,0.3481518616749873,0.619797943372998
38,5,35,262.252839954494,4282.803788707417,0.15812758669901528,0.9430296910673543,2.435235621572234,16.330819484931286
38,0,186,1770.0000002775555,4282.803788707417,0.13757670900528043,2.156580586687528,0.7179025890702158,2.4196631570823874
38,1,434,4250.000000000002,4282.803788707417,0.1374339945768517,3.04453556881159,0.42165229646351005,1.0077185385193919
38,3,700,6910.000000000002,4282.803788707417,0.15612958470101326,3.601392669300421,0.3485024307212538,0.619797943372998
38,6,176,1670.0000007960207,4282.803788707417,0.09604681033252462,1.321757979513005,0.3255716604736329,2.564553165668251
38,4,700,6910.000000000002,4282.803788707417,0.1584130155558727,3.4244388896569924,0.33622531767199476,0.619797943372998
39,0,589,5800.000000000002,4804.322447830564,0.13757670900528043,4.114644739557135,0.4689012761614395,0.8283314565225107
39,1,620,6110.000000000002,4804.322447830564,0.1374339945768517,4.181503965277941,0.4518742775002052,0.7863048196122033
39,6,44,350.8727963568088,4804.322447830564,0.09604681033252462,1.550720469789433,2.039383570427731,13.692490548469202
39,2,385,3760.0000000000014,4804.322447830564,0.156272299129442,4.0372412385771685,0.8061409918817842,1.2777453318698304
39,5,700,6910.000000000002,4804.322447830564,0.15812758669901528,2.908048285760477,0.3197152534831079,0.6952709765311957
39,3,700,6910.000000000002,4804.322447830564,0.15612958470101326,4.718879563575348,0.5122455548046735,0.6952709765311957
39,4,245,2360.000000000555,4804.322447830564,0.1584130155558727,1.7312113469313837,0.5582916033699605,2.035729850775184
40,1,620,6110.000000000002,4928.779241787543,0.1374339945768517,3.825854306225419,0.42415125227875017,0.8066741803252931
40,0,589,5800.000000000002,4928.779241787543,0.13757670900528043,3.842151334661354,0.4491907003186496,0.8497895244461278
40,3,700,6910.000000000002,4928.779241787543,0.15612958470101326,3.7841083012314947,0.4214150885604278,0.7132820899837252
40,2,595,5860.000000000002,4928.779241787543,0.156272299129442,3.6731703469612014,0.4827972881489266,0.8410886078135735
40,5,35,262.252839954494,4928.779241787543,0.15812758669901528,1.2955034370755998,3.850041219905427,18.793997588902307
40,4,700,6910.000000000002,4928.779241787543,0.1584130155558727,4.028973222482846,0.4552464434264796,0.7132820899837252
40,6,176,1670.0000007960207,4928.779241787543,0.09604681033252462,0.3995860970317057,0.11327034187269693,2.9513648140348474
41,4,700,6910.000000000002,3485.5736388651976,0.1584130155558727,3.107369956667547,0.24830189772910405,0.5044245497634149
41,2,700,6910.000000000002,3485.5736388651976,0.156272299129442,5.026618593976811,0.39623620010041144,0.5044245497634149
41,3,420,4110.000000000002,3485.5736388651976,0.15612958470101326,4.459582472456816,0.5904890451341076,0.8480714449793665
41,5,105,960.0014115816389,3485.5736388651976,0.15812758669901528,1.5265298018413807,0.8764261374733991,3.6308005350977375
41,1,31,223.43368382029254,3485.5736388651976,0.1374339945768517,1.374417965999772,2.946718228078393,15.600036571337384
41,0,62,530.1310020508638,3485.5736388651976,0.13757670900528043,2.229496091278418,2.016706469984379,6.574928886220413
41,6,440,4310.000000000002,3485.5736388651976,0.09604681033252462,4.544381822426245,0.3529837827909882,0.8087177816392567
42,4,700,6910.000000000002,5039.494790923451,0.1584130155558727,6.173582042573682,0.7132422125079049,0.7293046007125108
42,5,245,2360.000000000555,5039.494790923451,0.15812758669901528,5.575298718515978,1.8825684754455543,2.1353791486958755
42,3,700,6910.000000000002,5039.494790923451,0.15612958470101326,4.596479926608632,0.5233828956142239,0.7293046007125108
42,6,352,3430.000000000001,5039.494790923451,0.09604681033252462,0.3503687222784448,0.049442583618174475,1.4692404638260785
42,2,700,6910.000000000002,5039.494790923451,0.156272299129442,4.590130818985305,0.523137699294035,0.7293046007125108
42,0,403,3940.000000000001,5039.494790923451,0.13757670900528043,3.4758126899822117,0.6116346201788387,1.2790595916049363
42,1,403,3940.000000000001,5039.494790923451,0.1374339945768517,3.471783317782491,0.6102918361264602,1.2790595916049363
43,4,700,6910.000000000002,4427.853575134524,0.1584130155558727,3.980308664606624,0.4040385619197067,0.6407892293971814
43,3,175,1660.0000008844675,4427.853575134524,0.15612958470101326,2.5120139955929397,1.0461462959502699,2.6673816703465736
43,2,700,6910.000000000002,4427.853575134524,0.156272299129442,3.768895274414465,0.37740815055443727,0.6407892293971814
43,6,440,4310.000000000002,4427.853575134524,0.09604681033252462,2.230251642884913,0.22006592178446632,1.0273442169685667
43,1,310,3010.0000000000014,4427.853575134524,0.1374339945768517,2.097704213909383,0.42409697565450577,1.47104769938024
43,0,465,4560.000000000002,4427.853575134524,0.13757670900528043,2.5184950349792383,0.33644526725736906,0.9710205208628339
43,5,350,3410.000000000001,4427.853575134524,0.15812758669901528,3.277954203208846,0.6730532045034364,1.2984907844969276
44,1,186,1770.0000002775555,4823.552162238192,0.1374339945768517,2.077165920728039,0.7779632308383115,2.725170712701585
44,5,350,3410.000000000001,4823.552162238192,0.15812758669901528,3.0634685059154343,0.6852257315498891,1.4145314258763022
44,0,465,4560.000000000002,4823.552162238192,0.13757670900528043,3.1143914488565128,0.45323167250447527,1.0577965268066207
44,2,700,6910.000000000002,4823.552162238192,0.156272299129442,3.2300742532391467,0.3523574348950563,0.6980538585004618
44,3,700,6910.000000000002,4823.552162238192,0.15612958470101326,3.230382488054992,0.3520692408277016,0.6980538585004618
44,6,176,1670.0000007960207,4823.552162238192,0.09604681033252462,1.5315786602385646,0.4248863326852764,2.8883545867898217
44,4,700,6910.000000000002,4823.552162238192,0.1584130155558727,3.797232171138172,0.41990103485663566,0.6980538585004618
45,3,630,6210.000000000002,4870.184322211311,0.15612958470101326,3.663874310036414,0.4486209692373782,0.7842486831258147
45,2,105,960.0014115816389,4870.184322211311,0.156272299129442,2.272445244229981,1.8015609340844263,5.073101209494575
45,6,198,1890.0000000783903,4870.184322211311,0.09604681033252462,1.354189692770963,0.33515526389266914,2.5768171015922294
45,4,700,6910.000000000002,4870.184322211311,0.1584130155558727,3.561666061068602,0.3976595439879728,0.7048023621145166
45,5,700,6910.000000000002,4870.184322211311,0.15812758669901528,3.5502507782212556,0.3956708219102155,0.7048023621145166
45,1,620,6110.000000000002,4870.184322211311,0.1374339945768517,3.1523105338467907,0.34532446760807495,0.7970841771213273
45,0,403,3940.000000000001,4870.184322211311,0.13757670900528043,2.6961687516306183,0.45850192548551116,1.2360873914241903
46,5,70,610.0563920873398,3788.4768519292625,0.15812758669901528,1.8208427111484689,1.7880297106168495,6.210043696070115
46,3,175,1660.0000008844675,3788.4768519292625,0.15612958470101326,1.3569564447650928,0.48351245111159896,2.2822149698257337
46,1,620,6110.000000000002,3788.4768519292625,0.1374339945768517,3.879522238234566,0.3305946667043707,0.6200453112813848
46,4,630,6210.000000000002,3788.4768519292625,0.1584130155558727,4.065032740427063,0.3928510759491526,0.6100606846907023
46,0,93,840.0049979958054,3788.4768519292625,0.13757670900528043,1.5937535113220551,0.9888919439592793,4.5100646555298
46,2,700,6910.000000000002,3788.4768519292625,0.156272299129442,2.700927129760042,0.23140964681956055,0.5482600364586485
46,6,440,4310.000000000002,3788.4768519292625,0.09604681033252462,2.673571809743708,0.2257159077771177,0.8789969494035408
47,5,700,6910.000000000002,4209.562845766505,0.15812758669901528,3.012692712164949,0.2902160521302128,0.6091986752194651
47,3,700,6910.000000000002,4209.562845766505,0.15612958470101326,4.13668876764587,0.3934567513696797,0.6091986752194651
47,6,176,1670.0000007960207,4209.562845766505,0.09604681033252462,2.1403838980332406,0.5181973027579226,2.5206963136287297
47,2,35,262.252839954494,4209.562845766505,0.156272299129442,0.8661616079470056,2.1726898194423216,16.051543413207447
47,4,350,3410.000000000001,4209.562845766505,0.1584130155558727,2.1903174595868413,0.4283320235744395,1.2344759078494147
47,1,620,6110.000000000002,4209.562845766505,0.1374339945768517,3.7215754992726287,0.3523844948440202,0.6889628225477094
47,0,341,3320.0000000000014,4209.562845766505,0.13757670900528043,2.9822979126429874,0.5202293554336557,1.26794061619473
48,4,700,6910.000000000002,5268.359662476807,0.1584130155558727,4.375743997682864,0.528494090558941,0.7624254214872367
48,0,620,6110.000000000002,5268.359662476807,0.13757670900528043,4.061597706391312,0.48181024144861745,0.8622519905854019
48,3,525,5160.000000000001,5268.359662476807,0.15612958470101326,2.1312049433266824,0.3397317479460586,1.0209999345885283
48,6,418,4090.0000000000014,5268.359662476807,0.09604681033252462,2.5731577484089025,0.3183475165312675,1.2881074969380941
48,5,630,6210.000000000002,5268.359662476807,0.15812758669901528,4.234146774077957,0.5680118119991563,0.848367095406893
48,1,62,530.1310020508638,5268.359662476807,0.1374339945768517,1.1855710344169839,1.6192502143167677,9.93784487625821
48,2,700,6910.000000000002,5268.359662476807,0.156272299129442,2.4531796956318837,0.2922864830814252,0.7624254214872367
49,2,140,1310.0000353340838,4908.2446180520665,0.156272299129442,2.4641950498566345,1.442819403360008,3.746751515774072
49,0,620,6110.000000000002,4908.2446180520665,0.13757670900528043,2.761446385331017,0.3051873448487926,0.8033133581099943
49,4,490,4810.000000000001,4908.2446180520665,0.1584130155558727,3.510333702457784,0.5674405759950555,1.0204250765181009
49,3,560,5510.000000000002,4908.2446180520665,0.15612958470101326,3.662369045851549,0.509356566573995,0.8907884969241497
49,5,700,6910.000000000002,4908.2446180520665,0.15812758669901528,3.9010539943820013,0.4381650728453439,0.7103103644069559
49,1,620,6110.000000000002,4908.2446180520665,0.1374339945768517,2.7350075927386515,0.30195184998278674,0.8033133581099943
49,6,330,3210.000000000001,4908.2446180520665,0.09604681033252462,2.0387659630493493,0.2994135757501051,1.5290481676174656
50,6,440,4310.000000000002,4563.9460539461425,0.09604681033252462,2.336929037504874,0.23767948835241018,1.0589201981313552
50,3,560,5510.000000000002,4563.9460539461425,0.15612958470101326,2.5655280488363745,0.33178051366739963,0.8283023691372307
50,5,315,3060.0000000000014,4563.9460539461425,0.15812758669901528,3.1206901613105735,0.7359992479234372,1.4914856385444903
50,0,620,6110.000000000002,4563.9460539461425,0.13757670900528043,3.81259530499135,0.3918004381122393,0.7469633476180264
50,1,620,6110.000000000002,4563.9460539461425,0.1374339945768517,3.795834215703496,0.389673343592497,0.7469633476180264
50,4,245,2360.000000000555,4563.9460539461425,0.1584130155558727,2.8764556054424046,0.8812051697023202,1.933875446586894
50,2,490,4810.000000000001,4563.9460539461425,0.156272299129442,2.429841517508699,0.360292628015745,0.9488453334607363
51,0,620,6110.000000000002,5074.82376116209,0.13757670900528043,3.8909774020835415,0.4446142515320945,0.8305767203211274
51,2,665,6560.000000000001,5074.82376116209,0.156272299129442,3.516661038156567,0.42513771770578995,0.773601183103977
51,1,527,5180.000000000002,5074.82376116209,0.1374339945768517,3.713324527527331,0.49997499042681587,0.9796957067880478
51,3,700,6910.000000000002,5074.82376116209,0.15612958470101326,3.5802040300739235,0.4105214922125712,0.7344173315719376
51,4,140,1310.0000353340838,5074.82376116209,0.1584130155558727,1.7164980506251863,1.0533770038862886,3.8739111635732733
51,5,700,6910.000000000002,5074.82376116209,0.15812758669901528,3.047818099640197,0.35394811516008035,0.7344173315719376
51,6,132,1230.0000820831015,5074.82376116209,0.09604681033252462,1.2210507098455106,0.4838742056576035,4.125872701217611
52,5,700,6910.000000000002,4901.067503962794,0.15812758669901528,2.8538823175469568,0.3200783800533364,0.70927170824353
52,0,372,3630.000000000001,4901.067503962794,0.13757670900528043,3.2671008162290813,0.6068641906482893,1.3501563371798326
52,3,630,6210.000000000002,4901.067503962794,0.15612958470101326,3.7368471260007823,0.46045757274866816,0.7892218202838636
52,4,700,6910.000000000002,4901.067503962794,0.1584130155558727,2.8625333524957197,0.3216281507235446,0.70927170824353
52,1,186,1770.0000002775555,4901.067503962794,0.1374339945768517,2.4967519066465784,0.9501386343096203,2.7689646910701993
52,2,385,3760.0000000000014,4901.067503962794,0.156272299129442,3.258357863970955,0.6637180398822942,1.3034753999901043
52,6,440,4310.000000000002,4901.067503962794,0.09604681033252462,2.1000645973014542,0.22936598609478917,1.1371386320099286
53,3,70,610.0563920873398,4214.0311925579335,0.15612958470101326,1.6840629031879555,1.8162318099691375,6.907609275495673
53,4,560,5510.000000000002,4214.0311925579335,0.1584130155558727,3.5128957734682005,0.42560064063019976,0.7647969496475376
53,5,700,6910.000000000002,4214.0311925579335,0.15812758669901528,3.7492737774569136,0.3615551032715141,0.609845324538051
53,0,93,840.0049979958054,4214.0311925579335,0.13757670900528043,1.295825486184264,0.8943495846388183,5.016673951479246
53,1,620,6110.000000000002,4214.0311925579335,0.1374339945768517,3.114249522674053,0.2951916794603268,0.6896941395348498
53,6,132,1230.0000820831015,4214.0311925579335,0.09604681033252462,1.2442067604974871,0.40941910922571956,3.4260413913315695
53,2,700,6910.000000000002,4214.0311925579335,0.156272299129442,3.585411581921322,0.34169664711122144,0.609845324538051
54,6,176,1670.0000007960207,5738.9324961518105,0.09604681033252462,2.3186095481043894,0.7652885432261259,3.43648652300377
54,3,700,6910.000000000002,5738.9324961518105,0.15612958470101326,2.9670241151248202,0.38473292090594025,0.8305256868526496
54,5,700,6910.000000000002,5738.9324961518105,0.15812758669901528,4.41448240817771,0.5797496597458272,0.8305256868526496
54,0,527,5180.000000000002,5738.9324961518105,0.13757670900528043,3.4969115395449544,0.533004553547008,1.1079020262841328
54,2,700,6910.000000000002,5738.9324961518105,0.156272299129442,2.9574204026922084,0.383838148184315,0.8305256868526496
54,1,589,5800.000000000002,5738.9324961518105,0.1374339945768517,3.6234335281263377,0.4927397412092454,0.9894711200261739
54,4,525,5160.000000000001,5738.9324961518105,0.1584130155558727,4.071927727418221,0.7174181127874574,1.1121962201844593
55,4,420,4110.000000000002,4102.940137893283,0.1584130155558727,3.1682296824344167,0.5010267094892874,0.998282271993499
55,2,105,960.0014115816389,4102.940137893283,0.156272299129442,2.312269283950567,1.5443428465755815,4.273889692655277
55,0,620,6110.000000000002,4102.940137893283,0.13757670900528043,3.445886921933168,0.3183463747658945,0.6715122975275419
55,1,620,6110.000000000002,4102.940137893283,0.1374339945768517,3.4018001926435004,0.3139474366429684,0.6715122975275419
55,3,245,2360.000000000555,4102.940137893283,0.15612958470101326,2.697175829906971,0.7321121954799013,1.738533956734033
55,6,176,1670.0000007960207,4102.940137893283,0.09604681033252462,0.9600050519839923,0.22653492896858485,2.456850380800945
55,5,700,6910.000000000002,4102.940137893283,0.15812758669901528,3.6177335101847654,0.33967325174452584,0.5937684714751492
56,1,93,840.0049979958054,4639.325117679851,0.1374339945768517,1.6938240388513923,1.2856874362473363,5.52297323081287
56,5,700,6910.000000000002,4639.325117679851,0.15812758669901528,4.142181406807966,0.43975776707870273,0.6713929258581548
56,6,176,1670.0000007960207,4639.325117679851,0.09604681033252462,2.107049666555124,0.5622067512040714,2.7780389912984877
56,3,700,6910.000000000002,4639.325117679851,0.15612958470101326,2.6148365552866104,0.2740984080849495,0.6713929258581548
56,0,62,530.1310020508638,4639.325117679851,0.13757670900528043,1.1854961325033262,1.427304594417175,8.751280532042395
56,4,665,6560.000000000001,4639.325117679851,0.1584130155558727,4.083430239979991,0.4574745840240383,0.7072141947682699
56,2,700,6910.000000000002,4639.325117679851,0.156272299129442,2.6146592786598872,0.27433035519162113,0.6713929258581548
57,2,665,6560.000000000001,4374.023146110907,0.156272299129442,4.469838818704328,0.46574811089118956,0.6667718210534919
57,3,700,6910.000000000002,4374.023146110907,0.15612958470101326,4.527107762174772,0.44741348181567725,0.6329990081202469
57,1,620,6110.000000000002,4374.023146110907,0.1374339945768517,2.2574230971633025,0.22209920323043844,0.715879401982145
57,4,385,3760.0000000000014,4374.023146110907,0.1584130155558727,3.480289139238373,0.6413563802347962,1.1633040282209854
57,5,175,1660.0000008844675,4374.023146110907,0.15812758669901528,2.8125667941391495,1.1718809017230654,2.634953701072516
57,0,124,1150.0001906837483,4374.023146110907,0.13757670900528043,1.064481351501653,0.5570140353200721,3.8034977572571287
57,6,440,4310.000000000002,4374.023146110907,0.09604681033252462,2.1663888093912553,0.21116559335731444,1.014854558262391
58,5,245,2360.000000000555,4301.14885674632,0.15812758669901528,2.013085699191763,0.5801527787586961,1.8225207020107241
58,0,279,2700.0000000000164,4301.14885674632,0.13757670900528043,2.3752555247950835,0.5205661952806133,1.59301809509122
58,4,140,1310.0000353340838,4301.14885674632,0.1584130155558727,1.6093853374408205,0.8370744137445759,3.283319649414678
58,3,700,6910.000000000002,4301.14885674632,0.15612958470101326,4.31394373364486,0.41924327665077904,0.6224528012657481
58,6,374,3650.000000000001,4301.14885674632,0.09604681033252462,2.356387926625969,0.2666989736006034,1.178396947053786
58,1,620,6110.000000000002,4301.14885674632,0.1374339945768517,3.2649967164133313,0.31587858316573914,0.7039523497129818
58,2,700,6910.000000000002,4301.14885674632,0.156272299129442,4.333542631377669,0.42153292373121165,0.6224528012657481
59,1,31,223.43368382029254,3339.3673009055146,0.1374339945768517,0.50067895786004,1.0284165418106879,14.945675351221277
59,3,175,1660.0000008844675,3339.3673009055146,0.15612958470101326,2.926178287494579,0.9190562439825157,2.011667047666422
59,6,440,4310.000000000002,3339.3673009055146,0.09604681033252462,2.361847596368587,0.1757606852555108,0.7747951974258731
59,4,700,6910.000000000002,3339.3673009055146,0.1584130155558727,2.7656116081753233,0.211723075316112,0.48326589014551574
59,0,186,1770.0000002775555,3339.3673009055146,0.13757670900528043,2.332680336687759,0.6054678240879398,1.8866481923061384
59,2,140,1310.0000353340838,3339.3673009055146,0.156272299129442,2.7176127578297944,1.0825861264242116,2.54913527544592
59,5,700,6910.000000000002,3339.3673009055146,0.15812758669901528,2.7635789274614626,0.21118625957566647,0.48326589014551574
60,2,700,6910.000000000002,3922.922801655969,0.156272299129442,3.222354416064941,0.2858821380626561,0.5677167585609216
60,4,385,3760.0000000000014,3922.922801655969,0.1584130155558727,3.7805032695308474,0.6248307524668728,1.0433305323553106
60,5,385,3760.0000000000014,3922.922801655969,0.15812758669901528,3.7803460824576804,0.6236789986717934,1.0433305323553106
60,6,440,4310.000000000002,3922.922801655969,0.09604681033252462,3.0963830670892905,0.27068869740453344,0.910190905256605
60,1,620,6110.000000000002,3922.922801655969,0.1374339945768517,3.348953071585274,0.29550972863116187,0.6420495583724989
60,3,245,2360.000000000555,3922.922801655969,0.15612958470101326,2.0600094149908794,0.5346285765582374,1.6622554244301047
60,0,31,223.43368382029254,3922.922801655969,0.13757670900528043,0.4274354664381441,1.0324679692188494,17.557436884991663
61,5,35,262.252839954494,4264.417888778308,0.15812758669901528,1.0051685983746532,2.58455698594159,16.260711950796292
61,1,465,4560.000000000002,4264.417888778308,0.1374339945768517,2.707904591723611,0.3480346164210224,0.93517936157419
61,2,700,6910.000000000002,4264.417888778308,0.156272299129442,3.766405219344332,0.3632375634323739,0.6171371763789156
61,4,700,6910.000000000002,4264.417888778308,0.1584130155558727,3.710499261340599,0.36274791082928015,0.6171371763789156
61,6,440,4310.000000000002,4264.417888778308,0.09604681033252462,2.02651495425734,0.19258180192867486,0.9894241041248971
61,3,280,2710.0000000000146,4264.417888778308,0.15612958470101326,2.8599466181229984,0.7026411767508449,1.5735859368185554
61,0,434,4250.000000000002,4264.417888778308,0.13757670900528043,2.6306514418939906,0.36314414907804343,1.003392444418425
62,5,700,6910.000000000002,4399.746915587122,0.15812758669901528,2.9880581592975766,0.30084745178990135,0.6367216954539973
62,1,31,223.43368382029254,4399.746915587122,0.1374339945768517,0.8863973522826014,2.3988421396256108,19.69151132613395
62,4,525,5160.000000000001,4399.746915587122,0.1584130155558727,2.635995134456571,0.35605202447563605,0.8526641309277367
62,0,403,3940.000000000001,4399.746915587122,0.13757670900528043,3.879324306803574,0.5959810866399013,1.116687034412975
62,3,280,2710.0000000000146,4399.746915587122,0.15612958470101326,3.459313997009105,0.876866731618227,1.6235228470801102
62,2,700,6910.000000000002,4399.746915587122,0.156272299129442,4.480155433149122,0.44578426128227494,0.6367216954539973
62,6,440,4310.000000000002,4399.746915587122,0.09604681033252462,3.805600586675525,0.3731269150227169,1.0208229502522321
63,4,700,6910.000000000002,3930.888822451918,0.1584130155558727,4.823645691889622,0.4346893250728216,0.5688695835675711
63,1,310,3010.0000000000014,3930.888822451918,0.1374339945768517,2.4717354334020705,0.4436295006034049,1.3059431303826963
63,6,440,4310.000000000002,3930.888822451918,0.09604681033252462,1.189330211833644,0.10418348686651549,0.9120391699424399
63,0,62,530.1310020508638,3930.888822451918,0.13757670900528043,1.4535808571335143,1.4828310438687813,7.414938585453196
63,2,700,6910.000000000002,3930.888822451918,0.156272299129442,3.682003150701279,0.32732476965065566,0.5688695835675711
63,3,70,610.0563920873398,3930.888822451918,0.15612958470101326,2.309392314042269,2.323291478267771,6.443484362162286
63,5,490,4810.000000000001,3930.888822451918,0.15812758669901528,4.491908077263508,0.5804758920217128,0.817232603420357
64,2,700,6910.000000000002,3755.1184326678235,0.156272299129442,3.685294829091472,0.31296792527459716,0.5434324794020003
64,5,175,1660.0000008844675,3755.1184326678235,0.15812758669901528,3.719107012654285,1.3303376069744401,2.2621195365464173
64,4,700,6910.000000000002,3755.1184326678235,0.1584130155558727,5.375012429132173,0.4627175007292209,0.5434324794020003
64,0,93,840.0049979958054,3755.1184326678235,0.13757670900528043,2.007578760797681,1.2346938288234652,4.470352487934333
64,6,440,4310.000000000002,3755.1184326678235,0.09604681033252462,4.411649952659163,0.3691733656297912,0.8712571769530909
64,3,140,1310.0000353340838,3755.1184326678235,0.15612958470101326,2.015622927461111,0.9020836795534107,2.866502543040139
64,1,434,4250.000000000002,3755.1184326678235,0.1374339945768517,3.5011654122304816,0.42514933861433163,0.8835572782747816
65,6,440,4310.000000000002,4719.210789348882,0.09604681033252462,1.3378505902438693,0.14069629696225297,1.0949444986888353
65,5,700,6910.000000000002,4719.210789348882,0.15812758669901528,3.553802121879794,0.38378872686129184,0.682953804536741
65,2,385,3760.0000000000014,4719.210789348882,0.156272299129442,3.365113805828025,0.6600294124923817,1.2551092524864043
65,3,175,1660.0000008844675,4719.210789348882,0.15612958470101326,2.9272577890421294,1.2992940887063573,2.8428980643580912
65,4,630,6210.000000000002,4719.210789348882,0.1584130155558727,3.4529138573526135,0.4156754551325117,0.7599373251769533
65,1,403,3940.000000000001,4719.210789348882,0.1374339945768517,3.0604543181948736,0.503794271873936,1.1977692358753504
65,0,620,6110.000000000002,4719.210789348882,0.13757670900528043,3.406617733457676,0.36198992648818445,0.7723749246070181
66,1,341,3320.0000000000014,4690.515199124814,0.1374339945768517,3.0129647570172606,0.5850199619094258,1.4128057828689193
66,3,420,4110.000000000002,4690.515199124814,0.15612958470101326,2.3469552535441167,0.4181852781047756,1.1412445739963046
66,0,186,1770.0000002775555,4690.515199124814,0.13757670900528043,2.33744753416713,0.8521853602255973,2.6500085866606153
66,6,440,4310.000000000002,4690.515199124814,0.09604681033252462,2.4802408950441945,0.25925078982546196,1.0882865891240863
66,5,490,4810.000000000001,4690.515199124814,0.15812758669901528,3.55139796949247,0.5476239785958721,0.9751590850571337
66,2,700,6910.000000000002,4690.515199124814,0.156272299129442,2.9039022297219166,0.3080395583759836,0.6788010418415069
66,4,700,6910.000000000002,4690.515199124814,0.1584130155558727,3.960651015140874,0.42589244745933413,0.6788010418415069
67,1,248,2390.0000000004047,4826.649752829107,0.1374339945768517,2.1122641184879267,0.5862600160895725,2.019518725032757
67,3,700,6910.000000000002,4826.649752829107,0.15612958470101326,3.587190084820916,0.3912076447236776,0.6985021349969761
67,4,700,6910.000000000002,4826.649752829107,0.1584130155558727,3.8103600860587012,0.4216233148698992,0.6985021349969761
67,0,93,840.0049979958054,4826.649752829107,0.13757670900528043,1.294363870548801,1.0232110311483384,5.7459774219738735
67,2,700,6910.000000000002,4826.649752829107,0.156272299129442,3.587430908614475,0.39159152603958636,0.6985021349969761
67,6,220,2110.0000000077202,4826.649752829107,0.09604681033252462,1.589710941194681,0.3492725379613331,2.287511731190259
67,5,595,5860.000000000002,4826.649752829107,0.15812758669901528,3.6126753299363252,0.4705272125491325,0.8236603673769803
68,4,700,6910.000000000002,5190.736412037987,0.1584130155558727,4.004602620194632,0.4765420369663327,0.7511919554324147
68,5,140,1310.0000353340838,5190.736412037987,0.15812758669901528,2.4399627911315376,1.5287923990363852,3.9623941007865815
68,0,527,5180.000000000002,5190.736412037987,0.13757670900528043,2.451028472541285,0.3379033432299875,1.0020726664165995
68,1,620,6110.000000000002,5190.736412037987,0.1374339945768517,2.629499696267366,0.30701179450804283,0.8495476942779027
68,2,700,6910.000000000002,5190.736412037987,0.156272299129442,3.996965345566765,0.4692057362689347,0.7511919554324147
68,3,630,6210.000000000002,5190.736412037987,0.15612958470101326,3.864514102004812,0.5043331048095464,0.8358673771397722
68,6,308,2990.000000000002,5190.736412037987,0.09604681033252462,2.0972354117434864,0.34969378703499826,1.736032244828757
69,3,350,3410.000000000001,3941.6711859604666,0.15612958470101326,3.3133048275671606,0.597960658404141,1.155915303800723
69,6,440,4310.000000000002,3941.6711859604666,0.09604681033252462,2.2867794395292793,0.20086781156929592,0.9145408784131009
69,1,620,6110.000000000002,3941.6711859604666,0.1374339945768517,3.7421355698323104,0.33178203688833574,0.6451180337087504
69,5,280,2710.0000000000146,3941.6711859604666,0.15812758669901528,1.9265240461452362,0.44309125500222896,1.4544912125315297
69,2,700,6910.000000000002,3941.6711859604666,0.156272299129442,4.015188369744312,0.3579235478606793,0.5704299834964495
69,0,248,2390.0000000004047,3941.6711859604666,0.13757670900528043,2.6825178438969437,0.6086533653215626,1.64923480584092
69,4,210,2010.0000000221403,3941.6711859604666,0.1584130155558727,1.720420493591126,0.5344533501215738,1.9610304407547507
70,1,527,5180.000000000002,4840.264031854256,0.1374339945768517,3.461535595130058,0.4445312168624496,0.9344139057633696
70,2,560,5510.000000000002,4840.264031854256,0.156272299129442,3.5783288936124062,0.49122415097210725,0.8784508224780861
70,3,700,6910.000000000002,4840.264031854256,0.15612958470101326,3.8218530332095257,0.41797489015460054,0.7004723635100224
70,0,31,223.43368382029254,4840.264031854256,0.13757670900528043,0.5134484493878686,1.5302492304128896,21.663090135269286
70,5,700,6910.000000000002,4840.264031854256,0.15812758669901528,3.049806595338687,0.3378087911183905,0.7004723635100224
70,4,420,4110.000000000002,4840.264031854256,0.1584130155558727,2.504375546414067,0.46721582749247,1.177679813103225
70,6,440,4310.000000000002,4840.264031854256,0.09604681033252462,2.2966392805734923,0.24772367702324385,1.1230310978780171
71,4,70,610.0563920873398,4154.538381637521,0.1584130155558727,1.5710825261881007,1.6948944330630222,6.810089092620685
71,1,186,1770.0000002775555,4154.538381637521,0.1374339945768517,1.5693861359734507,0.5062598550633374,2.3471968254158435
71,5,490,4810.000000000001,4154.538381637521,0.15812758669901528,3.4379652660168563,0.4695553863084724,0.8637293932718336
71,3,700,6910.000000000002,4154.538381637521,0.15612958470101326,4.007734074416626,0.3762086957678061,0.6012356558086135
71,6,66,570.0859504455718,4154.538381637521,0.09604681033252462,1.1525943183515643,0.8067553583134751,7.287564933656736
71,2,700,6910.000000000002,4154.538381637521,0.156272299129442,4.018497975546267,0.3775639176443548,0.6012356558086135
71,0,620,6110.000000000002,4154.538381637521,0.13757670900528043,2.885857886789122,0.26996124497084745,0.6799571819374008
72,3,700,6910.000000000002,4580.255264365315,0.15612958470101326,4.310991106127156,0.446142880090082,0.6628444666230556
72,2,665,6560.000000000001,4580.255264365315,0.156272299129442,4.227654951541407,0.461282925224836,0.6982096439581272
72,4,700,6910.000000000002,4580.255264365315,0.1584130155558727,2.6382447598189884,0.27702411789839454,0.6628444666230556
72,6,396,3870.0000000000014,4580.255264365315,0.09604681033252462,2.18412110868904,0.24827808126516485,1.1835284920840603
72,0,620,6110.000000000002,4580.255264365315,0.13757670900528043,3.824631041768448,0.3944418020753058,0.749632612825747
72,5,70,610.0563920873398,4580.255264365315,0.15812758669901528,1.1105053950421178,1.318402495084227,7.507921109872701
72,1,62,530.1310020508638,4580.255264365315,0.1374339945768517,1.20223210140707,1.4275422472200139,8.639855519949123
73,1,620,6110.000000000002,4351.485376810714,0.1374339945768517,3.486632593873151,0.34126886928662276,0.7121907327022443
73,6,374,3650.000000000001,4351.485376810714,0.09604681033252462,3.1507805317318125,0.36078274955989575,1.1921877744686884
73,2,70,610.0563920873398,4351.485376810714,0.156272299129442,1.8055190704403274,2.012572935236888,7.132923174400124
73,5,700,6910.000000000002,4351.485376810714,0.15812758669901528,3.2429560976882668,0.32292985180410716,0.6297373917236921
73,0,62,530.1310020508638,4351.485376810714,0.13757670900528043,0.9661826450156841,1.0910847219572584,8.20832088668002
73,4,700,6910.000000000002,4351.485376810714,0.1584130155558727,3.244202846946931,0.3236371316334266,0.6297373917236921
73,3,525,5160.000000000001,4351.485376810714,0.15612958470101326,4.15980787253972,0.5477044932283207,0.8433111195369599
74,4,595,5860.000000000002,5305.567289991097,0.1584130155558727,4.5355984713528406,0.6505185309098265,0.9053869095547944
74,5,700,6910.000000000002,5305.567289991097,0.15812758669901528,4.6895204158147585,0.5693638027317438,0.7678100274950934
74,6,374,3650.000000000001,5305.567289991097,0.09604681033252462,2.038238579202266,0.2845620145906564,1.4535800794496152
74,0,558,5490.000000000002,5305.567289991097,0.13757670900528043,3.46168219997386,0.4602476650588235,0.9664056994519299
74,1,620,6110.000000000002,5305.567289991097,0.1374339945768517,3.580146731756275,0.4272534840847662,0.8683416186564804
74,2,700,6910.000000000002,5305.567289991097,0.156272299129442,2.621398575737583,0.31453489984321054,0.7678100274950934
74,3,175,1660.0000008844675,5305.567289991097,0.15612958470101326,1.4827169456067348,0.7398900624222816,3.19612487178568
75,0,620,6110.000000000002,4404.505494509043,0.13757670900528043,3.644330824136617,0.36142538858673545,0.7208683297068809
75,1,620,6110.000000000002,4404.505494509043,0.1374339945768517,3.607702684407748,0.3574216497338498,0.7208683297068809
75,2,210,2010.0000000221403,4404.505494509043,0.156272299129442,1.8604923191387475,0.6371049535427474,2.19129626590076
75,6,440,4310.000000000002,4404.505494509043,0.09604681033252462,2.1030653935820887,0.20642182324618036,1.0219270288884086
75,4,245,2360.000000000555,4404.505494509043,0.1584130155558727,3.0401556274038546,0.8988181433104598,1.8663158875033932
75,3,490,4810.000000000001,4404.505494509043,0.15612958470101326,2.5307254868122886,0.3618114637683114,0.9156976080060379
75,5,560,5510.000000000002,4404.505494509043,0.15812758669901528,3.8019698185522506,0.4805757640594871,0.7993657884771401
76,4,700,6910.000000000002,4682.691894567224,0.1584130155558727,3.4579533122018256,0.37121671466824885,0.6776688704149382
76,0,341,3320.0000000000014,4682.691894567224,0.13757670900528043,3.135260684438553,0.6083816029829967,1.4104493658335007
76,3,105,960.0014115816389,4682.691894567224,0.15612958470101326,1.6619862321021417,1.265716198660742,4.877796884540317
76,5,700,6910.000000000002,4682.691894567224,0.15812758669901528,3.4689600169103647,0.37172731376067486,0.6776688704149382
76,1,527,5180.000000000002,4682.691894567224,0.1374339945768517,3.6868688804086753,0.4580550611766839,0.9039945742407766
76,6,110,1010.0008335248422,4682.691894567224,0.09604681033252462,1.1632207112757742,0.5179870764018205,4.636324782252814
76,2,700,6910.000000000002,4682.691894567224,0.156272299129442,3.1636475096131442,0.3350330313233161,0.6776688704149382
77,0,310,3010.0000000000014,4859.13657770801,0.13757670900528043,2.9682860805798605,0.6592395927957303,1.6143310889395375
77,2,280,2710.0000000000146,4859.13657770801,0.156272299129442,1.8987501681737524,0.5320343126321218,1.7930393275675218
77,1,620,6110.000000000002,4859.13657770801,0.1374339945768517,3.7712627133680674,0.41219133012580644,0.7952760356314253
77,4,630,6210.000000000002,4859.13657770801,0.1584130155558727,3.9089235934561453,0.4845242843146209,0.7824696582460562
77,3,700,6910.000000000002,4859.13657770801,0.15612958470101326,2.786577379480934,0.30594078069846203,0.7032035568318392
77,6,440,4310.000000000002,4859.13657770801,0.09604681033252462,2.2732382067418895,0.24615560512771928,1.1274098788185634
77,5,455,4460.000000000002,4859.13657770801,0.15812758669901528,3.565118861565117,0.6141944732471704,1.0894925062125578
78,0,434,4250.000000000002,5956.95019266448,0.13757670900528043,3.1100035585641765,0.5997093793826523,1.4016353394504653
78,1,620,6110.000000000002,5956.95019266448,0.1374339945768517,3.5209092212279334,0.47177155955545974,0.9749509316963139
78,5,700,6910.000000000002,5956.95019266448,0.15812758669901528,3.6659919660936917,0.49974110561737,0.8620767283161329
78,4,700,6910.000000000002,5956.95019266448,0.1584130155558727,3.6866835838934167,0.5034688990719269,0.8620767283161329
78,2,630,6210.000000000002,5956.95019266448,0.156272299129442,3.157235399379434,0.4732834672247323,0.9592512387543443
78,3,665,6560.000000000001,5956.95019266448,0.15612958470101326,3.206753611905359,0.4546434373904895,0.9080716757110486
78,6,374,3650.000000000001,5956.95019266448,0.09604681033252462,1.9414984912442492,0.3043344445426521,1.6320411486751996
79,0,341,3320.0000000000014,4349.446622296671,0.13757670900528043,2.76040554098287,0.49752364848433256,1.310074283824298
79,6,440,4310.000000000002,4349.446622296671,0.09604681033252462,1.8612088837461456,0.1803992795488637,1.0091523485607121
79,5,70,610.0563920873398,4349.446622296671,0.15812758669901528,1.9213748354509002,2.1661262469649873,7.129581262831806
79,1,620,6110.000000000002,4349.446622296671,0.1374339945768517,3.397437354723151,0.33238270841077155,0.7118570576590294
79,4,700,6910.000000000002,4349.446622296671,0.1584130155558727,3.6419922990515032,0.3631498277395428,0.6294423476550898
79,3,525,5160.000000000001,4349.446622296671,0.15612958470101326,3.1657637682756015,0.41662757670440165,0.8429160120729982
79,2,420,4110.000000000002,4349.446622296671,0.156272299129442,2.9736199474131486,0.4917672995657724,1.0582595188069754
80,2,350,3410.000000000001,4902.7052514114985,0.156272299129442,3.440482886817196,0.7730059007044949,1.4377434754872425
80,3,700,6910.000000000002,4902.7052514114985,0.15612958470101326,4.21094767291322,0.4664689989509203,0.7095087194517362
80,5,700,6910.000000000002,4902.7052514114985,0.15812758669901528,2.874902744199044,0.32254368054233196,0.7095087194517362
80,1,620,6110.000000000002,4902.7052514114985,0.1374339945768517,4.216876655014475,0.4650285767123578,0.8024067514585101
80,0,186,1770.0000002775555,4902.7052514114985,0.13757670900528043,2.6619175358685556,1.014383162036103,2.76988997211452
80,6,88,790.008464149783,4902.7052514114985,0.09604681033252462,1.921870638159524,1.1455423214589244,6.205889523839281
80,4,665,6560.000000000001,4902.7052514114985,0.1584130155558727,2.8173966631463503,0.33355757072730613,0.7473636053980942
81,4,525,5160.000000000001,5328.315969752071,0.1584130155558727,3.763693487387232,0.6156662940229192,1.0326193739829594
81,0,620,6110.000000000002,5328.315969752071,0.13757670900528043,3.2847246214756693,0.39408748448652475,0.8720648068333993
81,3,700,6910.000000000002,5328.315969752071,0.15612958470101326,3.528450192253716,0.42479668509285,0.7711021663895904
81,1,620,6110.000000000002,5328.315969752071,0.1374339945768517,3.2752320612177694,0.392540983880807,0.8720648068333993
81,6,198,1890.0000000783903,5328.315969752071,0.09604681033252462,0.8551902611622166,0.23156550191208133,2.819214798693689
81,2,350,3410.000000000001,5328.315969752071,0.156272299129442,2.9858240450863534,0.7290911127758776,1.5625560028598446
81,5,665,6560.000000000001,5328.315969752071,0.15812758669901528,3.9555626916356474,0.5080448416564067,0.812243288071962
82,1,620,6110.000000000002,4026.5124136898194,0.1374339945768517,3.5290679206261415,0.3196259402716272,0.6590036683616723
82,0,186,1770.0000002775555,4026.5124136898194,0.13757670900528043,2.2938187006204642,0.7178931036989719,2.2748657700895016
82,5,70,610.0563920873398,4026.5124136898194,0.15812758669901528,1.916069571177249,1.9997604607272117,6.600229857297122
82,3,210,2010.0000000221403,4026.5124136898194,0.15612958470101326,2.300106307410177,0.7193928189680608,2.0032400067887894
82,2,700,6910.000000000002,4026.5124136898194,0.156272299129442,3.290248843448194,0.29961375102959126,0.5827080193472964
82,6,440,4310.000000000002,4026.5124136898194,0.09604681033252462,1.8960199735125556,0.17012871705847327,0.9342256180254798
82,4,665,6560.000000000001,4026.5124136898194,0.1584130155558727,3.611637998598609,0.35117232094937684,0.6137976240380821
83,6,330,3210.000000000001,4913.325246185897,0.09604681033252462,3.221530259102462,0.473604306980876,1.5306309178149209
83,4,210,2010.0000000221403,4913.325246185897,0.1584130155558727,1.7852173975858598,0.6912918366228956,2.444440420961083
83,0,310,3010.0000000000014,4913.325246185897,0.13757670900528043,3.2410252229382515,0.7278407142709128,1.6323339688325234
83,5,700,6910.000000000002,4913.325246185897,0.15812758669901528,3.1356456984461976,0.3525592346042021,0.7110456217345725
83,1,620,6110.000000000002,4913.325246185897,0.1374339945768517,4.146588393585431,0.45826786153930615,0.8041448848094757
83,3,560,5510.000000000002,4913.325246185897,0.15612958470101326,3.829875928029052,0.5332045227035755,0.8917105709956253
83,2,700,6910.000000000002,4913.325246185897,0.156272299129442,4.091525465933401,0.45463694723852716,0.7110456217345725
84,0,372,3630.000000000001,4768.244612541316,0.13757670900528043,2.991750340999309,0.5406574196169516,1.3135660089645496
84,1,620,6110.000000000002,4768.244612541316,0.1374339945768517,3.5088059360475636,0.37633172850003266,0.780400100252261
84,5,700,6910.000000000002,4768.244612541316,0.15812758669901528,3.2328947968151804,0.35276029290519556,0.6900498715689313
84,4,490,4810.000000000001,4768.244612541316,0.1584130155558727,2.8843844857646364,0.45295750792322986,0.9913190462663857
84,3,700,6910.000000000002,4768.244612541316,0.15612958470101326,3.7494503517660682,0.40395528195478,0.6900498715689313
84,6,198,1890.0000000783903,4768.244612541316,0.09604681033252462,1.254693147657487,0.30403052920654905,2.522880747271718
84,2,210,2010.0000000221403,4768.244612541316,0.156272299129442,2.7216558799037145,1.0089686773856754,2.372261001238206
85,4,455,4460.000000000002,4190.019980161533,0.1584130155558727,3.2109809933167126,0.4778700708288092,0.9394663632649173
85,5,525,5160.000000000001,4190.019980161533,0.15812758669901528,3.3446436362359133,0.42946115395905987,0.8120193760002968
85,3,175,1660.0000008844675,4190.019980161533,0.15612958470101326,2.03294049461288,0.8011574524690104,2.5241084204391813
85,2,210,2010.0000000221403,4190.019980161533,0.156272299129442,2.1146185687164305,0.6888649366485036,2.084587054783771
85,0,620,6110.000000000002,4190.019980161533,0.13757670900528043,3.594669170416081,0.3391397744844342,0.6857643175387121
85,1,620,6110.000000000002,4190.019980161533,0.1374339945768517,3.6106892673490383,0.3402978210933425,0.6857643175387121
85,6,440,4310.000000000002,4190.019980161533,0.09604681033252462,2.1040963134970556,0.1964659922306703,0.9721624083901463
86,5,700,6910.000000000002,4342.8102967512,0.15812758669901528,3.855394365076783,0.3831503818103489,0.6284819532201447
86,2,70,610.0563920873398,4342.8102967512,0.156272299129442,1.1314744591731054,1.2587156548922893,7.118703046274212
86,1,620,6110.000000000002,4342.8102967512,0.1374339945768517,4.020977786824691,0.39278554079569716,0.7107709159985596
86,6,418,4090.0000000000014,4342.8102967512,0.09604681033252462,2.3691603684143154,0.24161559190627271,1.0618118084966257
86,0,310,3010.0000000000014,4342.8102967512,0.13757670900528043,3.1768417230176853,0.630586774014723,1.4427941185219928
86,4,280,2710.0000000000146,4342.8102967512,0.1584130155558727,2.9276390642867915,0.7432072930573266,1.6025130246314307
86,3,700,6910.000000000002,4342.8102967512,0.15612958470101326,2.760714253306361,0.2708940545602309,0.6284819532201447
87,5,175,1660.0000008844675,3255.798867903483,0.15812758669901528,2.448131268568029,0.7592622775973734,1.9613246181739488
87,0,31,223.43368382029254,3255.798867903483,0.13757670900528043,0.49091119490919827,0.9841397516788656,14.571656395917985
87,4,70,610.0563920873398,3255.798867903483,0.1584130155558727,1.615966726650102,1.3661892426943694,5.336881819668502
87,3,350,3410.000000000001,3255.798867903483,0.15612958470101326,2.102696317079703,0.3134475988958696,0.9547797266579127
87,2,700,6910.000000000002,3255.798867903483,0.156272299129442,2.868186442451836,0.21118783632403426,0.4711720503478266
87,6,440,4310.000000000002,3255.798867903483,0.09604681033252462,2.7713622789004266,0.20107429092421814,0.7554057698151929
87,1,620,6110.000000000002,3255.798867903483,0.1374339945768517,4.023470061764182,0.29465329454427647,0.5328639718336304
88,6,440,4310.000000000002,4866.1524191476565,0.09604681033252462,2.8885375375790887,0.3132343633295009,1.1290376842569965
88,3,175,1660.0000008844675,4866.1524191476565,0.15612958470101326,2.997974978591868,1.372115998150688,2.9314171184065745
88,2,280,2710.0000000000146,4866.1524191476565,0.156272299129442,3.4565538208847975,0.9699330149274412,1.7956281989474652
88,4,665,6560.000000000001,4866.1524191476565,0.1584130155558727,2.6603354709608285,0.3126145121301606,0.7417915273090939
88,1,620,6110.000000000002,4866.1524191476565,0.1374339945768517,3.8241971885670556,0.4185804544678337,0.7964242911861956
88,0,589,5800.000000000002,4866.1524191476565,0.13757670900528043,3.7592921402506208,0.43391904044308016,0.8389917964047681
88,5,700,6910.000000000002,4866.1524191476565,0.15812758669901528,2.710974919773176,0.30188449172960535,0.7042188739721643
89,0,186,1770.0000002775555,4080.4987658046266,0.13757670900528043,2.5449258307528884,0.8071607414594631,2.3053665339913896
89,5,700,6910.000000000002,4080.4987658046266,0.15812758669901528,4.035735035417464,0.3768473723691665,0.5905208054710023
89,1,93,840.0049979958054,4080.4987658046266,0.1374339945768517,1.6885379694925746,1.1272918865095614,4.857707722621196
89,3,140,1310.0000353340838,4080.4987658046266,0.15612958470101326,1.4278535814091942,0.6944017763887889,3.114884470032853
89,4,700,6910.000000000002,4080.4987658046266,0.1584130155558727,4.035117304352401,0.37746981590083295,0.5905208054710023
89,6,440,4310.000000000002,4080.4987658046266,0.09604681033252462,2.2078469746892906,0.20076495078075218,0.9467514537829756
89,2,595,5860.000000000002,4080.4987658046266,0.156272299129442,2.4913009739676037,0.27109645234646684,0.6963308474069326
90,6,440,4310.000000000002,3950.305080727401,0.09604681033252462,2.811945880655945,0.24753879460561481,0.9165441022569373
90,1,62,530.1310020508638,3950.305080727401,0.1374339945768517,0.7166545968536226,0.7339246854674547,7.451563982195454
90,5,700,6910.000000000002,3950.305080727401,0.15812758669901528,4.259816963881956,0.38508018480783146,0.5716794617550507
90,2,105,960.0014115816389,3950.305080727401,0.156272299129442,1.633017710161855,1.0501024267112506,4.114895075226111
90,0,527,5180.000000000002,3950.305080727401,0.13757670900528043,2.849915114839909,0.2990044960035365,0.762607158441583
90,4,280,2710.0000000000146,3950.305080727401,0.1584130155558727,3.236964608236846,0.7474637902550021,1.4576771515599187
90,3,700,6910.000000000002,3950.305080727401,0.15612958470101326,3.475311257964146,0.31019264905185195,0.5716794617550507
91,1,620,6110.000000000002,4131.417257535644,0.1374339945768517,3.3135654232527885,0.3079268564677494,0.6761730372398761
91,2,700,6910.000000000002,4131.417257535644,0.156272299129442,3.257508719797581,0.3043607184007083,0.5978896175883709
91,4,35,262.252839954494,4131.417257535644,0.1584130155558727,0.9235262241791976,2.304724150805585,15.753565369406585
91,3,455,4460.000000000002,4131.417257535644,0.15612958470101326,2.7515040059257467,0.39794179494050247,0.9263267393577674
91,0,31,223.43368382029254,4131.417257535644,0.13757670900528043,0.4405886525909309,1.1208013294827088,18.490574862734388
91,5,700,6910.000000000002,4131.417257535644,0.15812758669901528,3.910809305237586,0.36973902757332006,0.5978896175883709
91,6,374,3650.000000000001,4131.417257535644,0.09604681033252462,2.2594552884000603,0.24563649580821997,1.1318951390508611
92,2,700,6910.000000000002,5524.157271300131,0.156272299129442,4.77855621315758,0.5969894933699293,0.7994438887554456
92,5,595,5860.000000000002,5524.157271300131,0.15812758669901528,2.987338486927561,0.44530799789752756,0.9426889541467797
92,6,418,4090.0000000000014,5524.157271300131,0.09604681033252462,3.803701712424241,0.4934374698310026,1.3506496995843835
92,4,455,4460.000000000002,5524.157271300131,0.1584130155558727,2.6579423516284892,0.5215159485285388,1.2386002850448719
92,1,372,3630.000000000001,5524.157271300131,0.1374339945768517,3.3823216161518546,0.7074055781841322,1.521806410826482
92,3,700,6910.000000000002,5524.157271300131,0.15612958470101326,4.761050532762654,0.5942592937356102,0.7994438887554456
92,0,620,6110.000000000002,5524.157271300131,0.13757670900528043,4.010183934543049,0.4988087156839348,0.9041173930114778
93,1,186,1770.0000002775555,4025.7332090030313,0.1374339945768517,2.1539200670861858,0.6732796310375682,2.2744255414529673
93,3,455,4460.000000000002,4025.7332090030313,0.15612958470101326,3.37637587608657,0.47582376011367267,0.9026307643504551
93,0,620,6110.000000000002,4025.7332090030313,0.13757670900528043,3.328435412268883,0.3017093924583157,0.6588761389530328
93,4,70,610.0563920873398,4025.7332090030313,0.1584130155558727,1.768527432677319,1.84874780058126,6.5989525906429325
93,2,420,4110.000000000002,4025.7332090030313,0.156272299129442,3.304920696085242,0.5058784890566572,0.9794971311442894
93,5,700,6910.000000000002,4025.7332090030313,0.15812758669901528,3.355099430375892,0.3090864603161876,0.5825952545590493
93,6,440,4310.000000000002,4025.7332090030313,0.09604681033252462,1.8806202071927798,0.16871424975915705,0.9340448280749488
94,5,525,5160.000000000001,4658.609961467196,0.15812758669901528,2.6482301620337045,0.3780680871101151,0.9028313878812393
94,1,527,5180.000000000002,4658.609961467196,0.1374339945768517,3.7704826711253294,0.46603411564684266,0.8993455524067943
94,2,280,2710.0000000000146,4658.609961467196,0.156272299129442,3.2174675060370586,0.8643372526725615,1.7190442662240482
94,6,440,4310.000000000002,4658.609961467196,0.09604681033252462,3.305057027007627,0.3431160115838776,1.0808839817789313
94,0,620,6110.000000000002,4658.609961467196,0.13757670900528043,3.9819591912962484,0.4176926777584895,0.7624566221713902
94,3,700,6910.000000000002,4658.609961467196,0.15612958470101326,4.21634362005755,0.44381247501659843,0.6741837860299847
94,4,245,2360.000000000555,4658.609961467196,0.1584130155558727,1.8193342759874955,0.5689154276293192,1.9739872718076696
95,0,403,3940.000000000001,4364.935158034751,0.13757670900528043,3.2608290866403937,0.49699786992314116,1.1078515629529821
95,3,700,6910.000000000002,4364.935158034751,0.15612958470101326,3.485258975005181,0.3437320339724935,0.631683814476809
95,4,35,262.252839954494,4364.935158034751,0.1584130155558727,0.978605786976538,2.580217031417938,16.643995766803336
95,2,455,4460.000000000002,4364.935158034751,0.156272299129442,3.0280924673601937,0.4631205714034194,0.9786850130122756
95,6,440,4310.000000000002,4364.935158034751,0.09604681033252462,2.019053162906512,0.19639536201309812,1.0127459763421691
95,5,700,6910.000000000002,4364.935158034751,0.15812758669901528,3.2549380590148256,0.32512481681414046,0.631683814476809
95,1,372,3630.000000000001,4364.935158034751,0.1374339945768517,3.138749404616049,0.5187068514411943,1.2024614760426309
96,1,434,4250.000000000002,3798.466066521191,0.1374339945768517,4.084269338255038,0.5016812439272529,0.8937567215343974
96,4,700,6910.000000000002,3798.466066521191,0.1584130155558727,2.860400833835573,0.2490852213614462,0.5497056536210115
96,0,124,1150.0001906837483,3798.466066521191,0.13757670900528043,2.460920730474767,1.1182859789906598,3.3030134232088786
96,2,700,6910.000000000002,3798.466066521191,0.156272299129442,4.667439851117607,0.4009506623568461,0.5497056536210115
96,6,440,4310.000000000002,3798.466066521191,0.09604681033252462,3.8743684621701666,0.32795544695089285,0.8813146326035242
96,3,105,960.0014115816389,3798.466066521191,0.15612958470101326,2.5862069554611735,1.597661829076746,3.9567296679940016
96,5,210,2010.0000000221403,3798.466066521191,0.15812758669901528,1.5686830534913403,0.46876485258202066,1.8897841126762938
97,3,490,4810.000000000001,4751.541321490779,0.15612958470101326,2.6822848825604773,0.413694303211276,0.9878464285843614
97,1,620,6110.000000000002,4751.541321490779,0.1374339945768517,3.4262740852006726,0.3661926062594035,0.7776663373961994
97,5,140,1310.0000353340838,4751.541321490779,0.15812758669901528,2.8362487165672574,1.6267288102646713,3.62713068193087
97,4,560,5510.000000000002,4751.541321490779,0.1584130155558727,3.950726920235723,0.5396979700279732,0.8623486971852591
97,0,620,6110.000000000002,4751.541321490779,0.13757670900528043,3.420358361341887,0.3659399525199246,0.7776663373961994
97,2,700,6910.000000000002,4751.541321490779,0.156272299129442,3.02174461922126,0.324710417579905,0.6876326080305033
97,6,176,1670.0000007960207,4751.541321490779,0.09604681033252462,1.1847555815671373,0.32376488880040855,2.8452343228897687
98,0,186,1770.0000002775555,4760.475239084942,0.13757670900528043,2.4116478469343297,0.8923512826158404,2.6895340329595743
98,6,440,4310.000000000002,4760.475239084942,0.09604681033252462,2.412216748039605,0.2559011959712334,1.1045186169570627
98,4,245,2360.000000000555,4760.475239084942,0.1584130155558727,1.8491821030870843,0.5908930072274181,2.017150525035518
98,2,700,6910.000000000002,4760.475239084942,0.156272299129442,3.8272439610933215,0.4120409799264355,0.6889255049326976
98,5,525,5160.000000000001,4760.475239084942,0.15812758669901528,2.5447824130287104,0.37124354112163754,0.9225727207528955
98,3,700,6910.000000000002,4760.475239084942,0.15612958470101326,3.822302825844122,0.4111332101191053,0.6889255049326976
98,1,558,5490.000000000002,4760.475239084942,0.1374339945768517,3.758480363792339,0.4479034641707195,0.8671175298879672
99,6,440,4310.000000000002,3645.833396204094,0.09604681033252462,2.1909359951036467,0.178004993620533,0.8459010200009495
99,1,186,1770.0000002775555,3645.833396204094,0.1374339945768517,2.050453628707159,0.5804538205986048,2.0597928788883544
99,4,210,2010.0000000221403,3645.833396204094,0.1584130155558727,2.1308782352166893,0.6122802575359381,1.813847460778077
99,2,700,6910.000000000002,3645.833396204094,0.156272299129442,3.9124960986198496,0.32259281524881533,0.5276169893204187
99,3,35,262.252839954494,3645.833396204094,0.15612958470101326,0.9627632651899144,2.0896874503419984,13.901978704355374
99,0,341,3320.0000000000014,3645.833396204094,0.13757670900528043,2.685100673305942,0.405661904251522,1.0981425892181
99,5,700,6910.000000000002,3645.833396204094,0.15812758669901528,3.233867779027823,0.2698041798523639,0.5276169893204187
100,3,700,6910.000000000002,4878.106179534754,0.15612958470101326,3.195595005904445,0.35221685921435597,0.705948795880572
100,4,280,2710.0000000000146,4878.106179534754,0.1584130155558727,3.148522982140615,0.8978001782772758,1.800039180640121
100,5,700,6910.000000000002,4878.106179534754,0.15812758669901528,4.191718455971017,0.4679214449982484,0.705948795880572
100,6,418,4090.0000000000014,4878.106179534754,0.09604681033252462,3.4792454523897414,0.39856206116538206,1.1926909974412598
100,0,620,6110.000000000002,4878.106179534754,0.13757670900528043,4.040279256607006,0.4437785830066002,0.7983807167814653
100,2,385,3760.0000000000014,4878.106179534754,0.156272299129442,2.482490036956429,0.5033069414989312,1.297368664769881
100,1,341,3320.0000000000014,4878.106179534754,0.1374339945768517,3.2622481069669464,0.6587556041948361,1.4693090902213108
101,2,700,6910.000000000002,4825.852745719881,0.156272299129442,3.5377986528980876,0.38611007352100235,0.698386793881314
101,0,124,1150.0001906837483,4825.852745719881,0.13757670900528043,1.9060839291702008,1.1004316925031394,4.196392996118204
101,4,630,6210.000000000002,4825.852745719881,0.1584130155558727,3.2866442355167185,0.40460013485644275,0.7771099429500611
101,1,620,6110.000000000002,4825.852745719881,0.1374339945768517,3.5384193200114322,0.3840929386049764,0.7898285999541537
101,3,350,3410.000000000001,4825.852745719881,0.15612958470101326,2.8678933138605744,0.6336769104586053,1.415206083788821
101,6,154,1450.0000080833054,4825.852745719881,0.09604681033252462,1.1503182958379594,0.36771134998937555,3.32817428883947
101,5,700,6910.000000000002,4825.852745719881,0.15812758669901528,3.3787971643464685,0.3731348236351921,0.698386793881314
102,6,440,4310.000000000002,3795.4450028232154,0.09604681033252462,2.257270484682919,0.19092024466375884,0.8806136897501656
102,0,620,6110.000000000002,3795.4450028232154,0.13757670900528043,3.0776909263183163,0.26302159863176694,0.6211857615095278
102,1,465,4560.000000000002,3795.4450028232154,0.1374339945768517,2.778609195116781,0.31784801114241795,0.8323344304436873
102,3,455,4460.000000000002,3795.4450028232154,0.15612958470101326,3.101977795939195,0.4121466112416023,0.8509966374043081
102,2,700,6910.000000000002,3795.4450028232154,0.156272299129442,3.571395813265717,0.3065523446959617,0.5492684519281062
102,4,35,262.252839954494,3795.4450028232154,0.1584130155558727,0.9669918551205039,2.2169514388097715,14.47246483005408
102,5,70,610.0563920873398,3795.4450028232154,0.15812758669901528,1.778884690465422,1.7500407489526841,6.221465838325048
103,5,700,6910.000000000002,5199.509063142585,0.15812758669901528,2.8487293506791476,0.33895584336367657,0.7524615142029788
103,0,620,6110.000000000002,5199.509063142585,0.13757670900528043,5.32939690198837,0.6239418421939418,0.8509834800560693
103,4,700,6910.000000000002,5199.509063142585,0.1584130155558727,2.8495281800573324,0.339662897236235,0.7524615142029788
103,1,434,4250.000000000002,5199.509063142585,0.1374339945768517,4.8782392890376585,0.8202206119223613,1.2234138972100195
103,3,280,2710.0000000000146,5199.509063142585,0.15612958470101326,4.444144104705921,1.3312707376998867,1.9186380306799102
103,6,154,1450.0000080833054,5199.509063142585,0.09604681033252462,3.7208428431329583,1.2814999948711143,3.585868299418563
103,2,665,6560.000000000001,5199.509063142585,0.156272299129442,5.379277075792826,0.6662917200410702,0.7926080888936866
104,1,465,4560.000000000002,5077.440390761804,0.1374339945768517,3.335010565749457,0.5103538256291946,1.1134737699039041
104,5,700,6910.000000000002,5077.440390761804,0.15812758669901528,3.988766645133663,0.46346085503589285,0.7347960044517805
104,4,700,6910.000000000002,5077.440390761804,0.1584130155558727,3.9982465592825904,0.46540090084159524,0.7347960044517805
104,2,700,6910.000000000002,5077.440390761804,0.156272299129442,3.264133442506242,0.3748147668971556,0.7347960044517805
104,0,93,840.0049979958054,5077.440390761804,0.13757670900528043,1.98899006370226,1.6540189972328099,6.04453592880546
104,3,455,4460.000000000002,5077.440390761804,0.15612958470101326,2.9217826363781527,0.5193296077735331,1.1384395494981618
104,6,396,3870.0000000000014,5077.440390761804,0.09604681033252462,1.2912379857718694,0.16271332088910037,1.312000100972042
105,1,620,6110.000000000002,4433.717716447951,0.1374339945768517,2.927051567920409,0.2919116127987183,0.7256493807607118
105,0,620,6110.000000000002,4433.717716447951,0.13757670900528043,2.921007502866679,0.29161134627788,0.7256493807607118
105,3,700,6910.000000000002,4433.717716447951,0.15612958470101326,3.756755673324453,0.3763467303544576,0.6416378750286469
105,6,308,2990.000000000002,4433.717716447951,0.09604681033252462,2.5514813428583336,0.36338934960026625,1.482848734597976
105,5,140,1310.0000353340838,4433.717716447951,0.15812758669901528,2.4051841750698166,1.2872198030943036,3.38451724951079
105,4,245,2360.000000000555,4433.717716447951,0.1584130155558727,2.972106467588371,0.8845273383740611,1.878693947646995
105,2,525,5160.000000000001,4433.717716447951,0.156272299129442,3.4446580469911003,0.46253697421084267,0.859247619466657
106,4,700,6910.000000000002,5312.855715712862,0.1584130155558727,2.6709925544099886,0.3253220594962035,0.7688647924331201
106,0,496,4870.000000000001,5312.855715712862,0.13757670900528043,3.726417893501843,0.5592880414645317,1.0909354652387804
106,6,330,3210.000000000001,5312.855715712862,0.09604681033252462,2.048528192331138,0.3256475995513746,1.6550952385398319
106,1,279,2700.0000000000164,5312.855715712862,0.1374339945768517,3.0362303367433454,0.8210944987252129,1.9677243391528998
106,3,455,4460.000000000002,5312.855715712862,0.15612958470101326,3.619370688368739,0.67314935251769,1.1912232546441388
106,5,700,6910.000000000002,5312.855715712862,0.15812758669901528,2.650503601837514,0.3222448727059229,0.7688647924331201
106,2,700,6910.000000000002,5312.855715712862,0.156272299129442,4.062706109712877,0.4881433566845255,0.7688647924331201
107,3,700,6910.000000000002,5308.189033960643,0.15612958470101326,3.5715188224800767,0.42835760416122237,0.7681894405152883
107,0,589,5800.000000000002,5308.189033960643,0.13757670900528043,3.245563945818583,0.40865185396250536,0.9152050058552831
107,2,525,5160.000000000001,5308.189033960643,0.156272299129442,3.295914279380343,0.5298520128259262,1.0287188050311322
107,5,700,6910.000000000002,5308.189033960643,0.15812758669901528,3.5783464995936742,0.434668699729687,0.7681894405152883
107,1,620,6110.000000000002,5308.189033960643,0.1374339945768517,3.3029011636550667,0.3943618705095323,0.8687707093225273
107,4,385,3760.0000000000014,5308.189033960643,0.1584130155558727,2.99027680906801,0.6687453719800645,1.4117524026491068
107,6,110,1010.0008335248422,5308.189033960643,0.09604681033252462,0.9286316853496642,0.4687605907608979,5.2556283695681545
108,5,455,4460.000000000002,3700.397730693737,0.15812758669901528,2.9945063355381594,0.39286779233000657,0.8296855898416446
108,2,35,262.252839954494,3700.397730693737,0.156272299129442,1.0671725120982085,2.353124133870724,14.110038737181371
108,0,310,3010.0000000000014,3700.397730693737,0.13757670900528043,2.816973743394842,0.47644154661535687,1.2293680168417724
108,4,140,1310.0000353340838,3700.397730693737,0.1584130155558727,2.261226134441322,1.0118402613925392,2.8247310159423313
108,1,620,6110.000000000002,3700.397730693737,0.1374339945768517,3.5532474391563844,0.2957514053940226,0.6056297431577309
108,6,440,4310.000000000002,3700.397730693737,0.09604681033252462,1.7480966290858735,0.14415161682635363,0.8585609583976184
108,3,700,6910.000000000002,3700.397730693737,0.15612958470101326,3.564549887023548,0.298030190407027,0.5355134197820167
109,6,220,2110.0000000077202,4715.112030827062,0.09604681033252462,3.3972691067238863,0.7291593637310065,2.23465025156863
109,1,279,2700.0000000000164,4715.112030827062,0.1374339945768517,3.567789031968824,0.8562914103636916,1.7463377891951974
109,4,420,4110.000000000002,4715.112030827062,0.1584130155558727,3.4866923873342373,0.6336576596110595,1.1472292045807932
109,0,620,6110.000000000002,4715.112030827062,0.13757670900528043,4.65646584045728,0.4943700399128168,0.7717040966983733
109,5,700,6910.000000000002,4715.112030827062,0.15812758669901528,4.0852248920628025,0.440795935204284,0.6823606412195456
109,2,315,3060.0000000000014,4715.112030827062,0.156272299129442,2.4978862844699847,0.6014856278333641,1.5408862845840066
109,3,700,6910.000000000002,4715.112030827062,0.15612958470101326,3.396036066789981,0.36180241970381477,0.6823606412195456
110,1,620,6110.000000000002,5138.662026269155,0.1374339945768517,3.4936434635037728,0.4038142086638813,0.8410248815497796
110,2,525,5160.000000000001,5138.662026269155,0.156272299129442,3.152794787704536,0.4906570672725751,0.9958647337730918
110,3,560,5510.000000000002,5138.662026269155,0.15612958470101326,3.2211071525081647,0.46901726797466486,0.932606538342859
110,5,700,6910.000000000002,5138.662026269155,0.15812758669901528,3.5682201969511413,0.4195959593683747,0.7436558648725259
110,4,700,6910.000000000002,5138.662026269155,0.1584130155558727,3.573961229029225,0.421029673749395,0.7436558648725259
110,0,93,840.0049979958054,5138.662026269155,0.13757670900528043,1.7117941654753932,1.4406704317729535,6.1174183945686655
110,6,352,3430.000000000001,5138.662026269155,0.09604681033252462,1.5334147074610578,0.2206472432764074,1.4981521942475666
111,1,620,6110.000000000002,4672.614769936286,0.1374339945768517,2.9674327143926553,0.31188451816247587,0.7647487348504558
111,2,700,6910.000000000002,4672.614769936286,0.156272299129442,3.728028017794928,0.3939518092546266,0.6762105311051064
111,0,372,3630.000000000001,4672.614769936286,0.13757670900528043,2.3739889941607077,0.4204138065956623,1.2872216997069656
111,4,665,6560.000000000001,4672.614769936286,0.1584130155558727,3.8803336135739146,0.4378406352385189,0.7122888368805314
111,5,455,4460.000000000002,4672.614769936286,0.15812758669901528,3.4422072644222648,0.5702558883606133,1.0476714730798844
111,3,70,610.0563920873398,4672.614769936286,0.15612958470101326,1.5545190650559855,1.858965169518982,7.659316139527186
111,6,440,4310.000000000002,4672.614769936286,0.09604681033252462,2.626080167741994,0.27344729644737903,1.0841333572938014
112,2,700,6910.000000000002,4061.7397356001447,0.156272299129442,2.6309108067194216,0.24166968210819476,0.5878060398842465
112,6,66,570.0859504455718,4061.7397356001447,0.09604681033252462,1.2289051596841432,0.840955601927073,7.124784837138227
112,0,186,1770.0000002775555,4061.7397356001447,0.13757670900528043,2.5468905076638335,0.8040702917790845,2.2947682118436266
112,5,70,610.0563920873398,4061.7397356001447,0.15812758669901528,1.8363252558381429,1.9333004849952602,6.657974227108236
112,4,700,6910.000000000002,4061.7397356001447,0.1584130155558727,4.218155514845789,0.3927783060603843,0.5878060398842465
112,1,310,3010.0000000000014,4061.7397356001447,0.1374339945768517,3.174851463431883,0.5887937307559317,1.3494151945515425
112,3,700,6910.000000000002,4061.7397356001447,0.15612958470101326,2.6227397909208316,0.24069909311002194,0.5878060398842465
113,6,264,2550.0000000000755,4543.774796770165,0.09604681033252462,1.8975648979319448,0.32475526640545355,1.7818724693215806
113,3,700,6910.000000000002,4543.774796770165,0.15612958470101326,4.554135791789914,0.46755201322129425,0.6575650935991555
113,5,315,3060.0000000000014,4543.774796770165,0.15812758669901528,1.8717602005653442,0.43949427612622277,1.4848937244346938
113,2,175,1660.0000008844675,4543.774796770165,0.156272299129442,3.2057868287367652,1.371277505659182,2.7372137315356557
113,0,620,6110.000000000002,4543.774796770165,0.13757670900528043,3.5830941899185142,0.3665884091106359,0.7436619961980628
113,4,700,6910.000000000002,4543.774796770165,0.1584130155558727,2.719267830630942,0.2832576169805493,0.6575650935991555
113,1,403,3940.000000000001,4543.774796770165,0.1374339945768517,3.0750683739282043,0.48738204157319787,1.1532423342056255
114,4,700,6910.000000000002,4519.286669466785,0.1584130155558727,3.557228915572881,0.3685483900514048,0.6540212256826026
114,1,217,2080.00000001059,4519.286669466785,0.1374339945768517,2.462606248312375,0.7353527185214402,2.1727339756941224
114,0,620,6110.000000000002,4519.286669466785,0.13757670900528043,3.6376547860705193,0.3701647665084357,0.7396541193889989
114,6,440,4310.000000000002,4519.286669466785,0.09604681033252462,2.1753986446528524,0.21908589634790182,1.0485583919876527
114,2,490,4810.000000000001,4519.286669466785,0.156272299129442,2.881953600429508,0.4231494690294841,0.9395606381427825
114,5,665,6560.000000000001,4519.286669466785,0.15812758669901528,3.484153183758632,0.3795516947733588,0.6889156508333513
114,3,70,610.0563920873398,4519.286669466785,0.15612958470101326,1.5252558558097966,1.7641187428197214,7.407981832636503
115,2,700,6910.000000000002,4805.241160706505,0.156272299129442,2.7170262187330794,0.29526568143387655,0.6954039306376996
115,0,620,6110.000000000002,4805.241160706505,0.13757670900528043,4.004492284770598,0.43327771860939857,0.7864551817850252
115,6,242,2330.000000000761,4805.241160706505,0.09604681033252462,2.5973886037633904,0.5144926145232935,2.062335262105123
115,5,630,6210.000000000002,4805.241160706505,0.15812758669901528,4.272747166641516,0.5228034274057481,0.7737908471347027
115,3,700,6910.000000000002,4805.241160706505,0.15612958470101326,2.7101558036485227,0.294250089960974,0.6954039306376996
115,1,93,840.0049979958054,4805.241160706505,0.1374339945768517,1.6449723086246986,1.2932606975525966,5.720491154423465
115,4,315,3060.0000000000014,4805.241160706505,0.1584130155558727,3.5071618555357507,0.8724497697019602,1.5703402485968965
116,2,420,4110.000000000002,5364.54973597831,0.156272299129442,3.537657528941665,0.721587902550627,1.3052432447635787
116,6,286,2770.000000000008,5364.54973597831,0.09604681033252462,1.5546414689159003,0.28917896683646527,1.9366605545047995
116,4,525,5160.000000000001,5364.54973597831,0.1584130155558727,3.2456030493357595,0.5345272354820995,1.0396414217012226
116,1,465,4560.000000000002,5364.54973597831,0.1374339945768517,2.6548651790416584,0.4292448313703951,1.1764363456092781
116,5,700,6910.000000000002,5364.54973597831,0.15812758669901528,3.52428776724642,0.4326475353985079,0.7763458373340534
116,3,700,6910.000000000002,5364.54973597831,0.15612958470101326,4.064877021902497,0.492705992381955,0.7763458373340534
116,0,620,6110.000000000002,5364.54973597831,0.13757670900528043,2.9839686828314314,0.3604385576290313,0.8779950468049605
117,4,35,262.252839954494,4338.074875598273,0.1584130155558727,1.021089839357595,2.6756645195247124,16.54157444529872
117,5,595,5860.000000000002,4338.074875598273,0.15812758669901528,3.3794503240527054,0.39559713487070886,0.7402858149485105
117,0,620,6110.000000000002,4338.074875598273,0.13757670900528043,3.379806020084716,0.33013572640221095,0.7099958879866238
117,6,374,3650.000000000001,4338.074875598273,0.09604681033252462,1.7500491978726955,0.19977327248583895,1.1885136645474719
117,1,620,6110.000000000002,4338.074875598273,0.1374339945768517,3.347925743302419,0.3266824619839012,0.7099958879866238
117,2,700,6910.000000000002,4338.074875598273,0.156272299129442,3.5608205540608378,0.3493422283605032,0.627796653487449
117,3,175,1660.0000008844675,4338.074875598273,0.15612958470101326,2.4137961704741784,0.9848605780543864,2.613298116437889
118,0,186,1770.0000002775555,4189.299642569505,0.13757670900528043,3.1973893530880555,1.0411387222427926,2.3668359558828116
118,6,440,4310.000000000002,4189.299642569505,0.09604681033252462,4.076604763158081,0.3805797783374208,0.9719952766982605
118,1,620,6110.000000000002,4189.299642569505,0.1374339945768517,4.826660938748254,0.4548216986314751,0.6856464226791331
118,4,70,610.0563920873398,4189.299642569505,0.1584130155558727,1.0507617614663483,1.1430535160852036,6.867069498666504
118,5,700,6910.000000000002,4189.299642569505,0.15812758669901528,3.1260971010629044,0.2996908502842493,0.6062662290259774
118,3,385,3760.0000000000014,4189.299642569505,0.15612958470101326,3.691394061184254,0.6421392159620777,1.1141754368535912
118,2,595,5860.000000000002,4189.299642569505,0.156272299129442,4.16482236612146,0.46528847287488545,0.7148975499265364
119,3,175,1660.0000008844675,3758.8868433453035,0.15612958470101326,2.755489535518596,0.9741708594357927,2.2643896634593523
119,1,620,6110.000000000002,3758.8868433453035,0.1374339945768517,3.487645536407935,0.29487947915952867,0.6152024293527499
119,0,31,223.43368382029254,3758.8868433453035,0.13757670900528043,0.6836600596428313,1.5823251503594964,16.82327739969848
119,5,140,1310.0000353340838,3758.8868433453035,0.15812758669901528,2.4831880551855448,1.1266919673060323,2.8693791923346708
119,2,700,6910.000000000002,3758.8868433453035,0.156272299129442,3.7163747707786197,0.3159240654476407,0.5439778355058325
119,6,440,4310.000000000002,3758.8868433453035,0.09604681033252462,1.4526717702419545,0.12168370527953533,0.8721315181775643
119,4,595,5860.000000000002,3758.8868433453035,0.1584130155558727,3.3380739810363487,0.3391942292244128,0.6414482667824748
120,1,620,6110.000000000002,4737.158555806496,0.1374339945768517,3.7944460777669,0.4043144527175371,0.7753123659257766
120,6,176,1670.0000007960207,4737.158555806496,0.09604681033252462,2.922140591678178,0.7961327756859987,2.8366218883523873
120,0,248,2390.0000000004047,4737.158555806496,0.13757670900528043,2.637672239224826,0.7192597621923005,1.9820747095421314
120,4,315,3060.0000000000014,4737.158555806496,0.1584130155558727,2.8457509847187135,0.6978856215539857,1.5480910313093117
120,5,700,6910.000000000002,4737.158555806496,0.15812758669901528,3.793908238572599,0.411276920691614,0.6855511658185955
120,2,700,6910.000000000002,4737.158555806496,0.156272299129442,4.067515956663582,0.43576379123072967,0.6855511658185955
120,3,490,4810.000000000001,4737.158555806496,0.15612958470101326,3.6447332027074433,0.5604331192381218,0.984856248608419
121,6,22,138.8629381196525,5203.9481600335275,0.09604681033252462,0.1305549994134096,0.46991906547198525,37.475428868929
121,1,465,4560.000000000002,5203.9481600335275,0.1374339945768517,3.0864520614477122,0.484085221630907,1.141216701761738
121,0,248,2390.0000000004047,5203.9481600335275,0.13757670900528043,2.49595249916505,0.7476809113539616,2.177384167377676
121,5,700,6910.000000000002,5203.9481600335275,0.15812758669901528,3.483739101909131,0.41486632118912503,0.7531039305403077
121,2,700,6910.000000000002,5203.9481600335275,0.156272299129442,3.698274324337146,0.4352472524921782,0.7531039305403077
121,3,700,6910.000000000002,5203.9481600335275,0.15612958470101326,3.708207088517796,0.4360176787470358,0.7531039305403077
121,4,630,6210.000000000002,5203.9481600335275,0.1584130155558727,3.4013468040354584,0.4515263896713092,0.837994872791228
122,4,700,6910.000000000002,4603.163978885881,0.1584130155558727,3.6801442431507754,0.3883596501300072,0.6661597653959305
122,0,620,6110.000000000002,4603.163978885881,0.13757670900528043,3.1117511712856043,0.32252621053047487,0.7533819932710114
122,2,700,6910.000000000002,4603.163978885881,0.156272299129442,3.744255614848252,0.3897856891618138,0.6661597653959305
122,1,372,3630.000000000001,4603.163978885881,0.1374339945768517,2.5843796559096437,0.4504019937667351,1.268089250381785
122,5,350,3410.000000000001,4603.163978885881,0.15812758669901528,3.0153811145937484,0.6436531818443917,1.3499014600838357
122,6,198,1890.0000000783903,4603.163978885881,0.09604681033252462,1.1929682557978092,0.2790657099812141,2.435536496663999
122,3,245,2360.000000000555,4603.163978885881,0.15612958470101326,2.8506294765024434,0.8681013251990931,1.950493211391864
123,3,35,262.252839954494,3493.6727063041903,0.15612958470101326,0.9340463293153454,1.9427442834198834,13.321772633274099
123,2,700,6910.000000000002,3493.6727063041903,0.156272299129442,3.362252715759055,0.2656541008401414,0.5055966289875817
123,0,155,1460.0000072749747,3493.6727063041903,0.13757670900528043,2.011536950717632,0.6622199958514466,2.3929264992436377
123,6,440,4310.000000000002,3493.6727063041903,0.09604681033252462,2.085399074586535,0.16235926256942754,0.810596915615821
123,4,700,6910.000000000002,3493.6727063041903,0.1584130155558727,3.5931736655878534,0.2877883697565106,0.5055966289875817
123,1,341,3320.0000000000014,3493.6727063041903,0.1374339945768517,2.816544803158105,0.40733803777100475,1.0523110561157196
123,5,140,1310.0000353340838,3493.6727063041903,0.15812758669901528,2.21764872914143,0.9352146653826143,2.666925658069325
124,1,620,6110.000000000002,4065.9759263866513,0.1374339945768517,4.1935971062672435,0.38353452669665095,0.6654625084102537
124,0,341,3320.0000000000014,4065.9759263866513,0.13757670900528043,3.420505425992574,0.5763176488015829,1.2246915440923642
124,5,700,6910.000000000002,4065.9759263866513,0.15812758669901528,4.161852670936145,0.3872407928698826,0.5884190920964761
124,4,105,960.0014115816389,4065.9759263866513,0.1584130155558727,2.0624676880355906,1.3837924156220665,4.235385362285875
124,3,700,6910.000000000002,4065.9759263866513,0.15612958470101326,3.357209180135274,0.3084255601058869,0.5884190920964761
124,6,374,3650.000000000001,4065.9759263866513,0.09604681033252462,3.6255906389640034,0.3879123907378089,1.1139660072292192
124,2,70,610.0563920873398,4065.9759263866513,0.156272299129442,1.0376785533340331,1.0807858833855728,6.66491816022893
125,5,700,6910.000000000002,5354.93791922369,0.15812758669901528,3.2457473270940844,0.397739518810467,0.7749548363565396
125,3,700,6910.000000000002,5354.93791922369,0.15612958470101326,3.488364136960071,0.4220689563076131,0.7749548363565396
125,6,418,4090.0000000000014,5354.93791922369,0.09604681033252462,1.6035298731771601,0.20164670700699758,1.3092757748713175
125,4,420,4110.000000000002,5354.93791922369,0.1584130155558727,2.782861500645235,0.5743743964365744,1.3029046032174423
125,1,248,2390.0000000004047,5354.93791922369,0.1374339945768517,2.92808524834122,0.9016426061779264,2.240559798837985
125,0,620,6110.000000000002,5354.93791922369,0.13757670900528043,3.9002703609702785,0.4702760472574278,0.8764219180398836
125,2,630,6210.000000000002,5354.93791922369,0.156272299129442,3.3788541438864863,0.45531744137144436,0.8623088436753121
126,2,35,262.252839954494,3849.3181899676,0.156272299129442,0.9773465450470904,2.241786222708883,14.677889439197426
126,5,175,1660.0000008844675,3849.3181899676,0.15812758669901528,2.201330616527727,0.807176743535145,2.318866378263035
126,6,88,790.008464149783,3849.3181899676,0.09604681033252462,0.8837471757816255,0.4135833562980401,4.872502466299883
126,0,341,3320.0000000000014,3849.3181899676,0.13757670900528043,2.6787008928742737,0.42728226497324306,1.1594331897492767
126,1,620,6110.000000000002,3849.3181899676,0.1374339945768517,3.3528265599267533,0.29030055058642634,0.63000297708144
126,4,700,6910.000000000002,3849.3181899676,0.1584130155558727,3.436543262571467,0.30326231191305925,0.5570648610662228
126,3,700,6910.000000000002,3849.3181899676,0.15612958470101326,3.654006755910714,0.31780469955804,0.5570648610662228
127,6,440,4310.000000000002,4603.061594864701,0.09604681033252462,3.4399188993936076,0.3528585673902457,1.0679957296669835
127,0,558,5490.000000000002,4603.061594864701,0.13757670900528043,4.223144963263523,0.48714174505969204,0.8384447349480327
127,5,700,6910.000000000002,4603.061594864701,0.15812758669901528,4.066382680576008,0.42833605140479725,0.6661449486056006
127,3,490,4810.000000000001,4603.061594864701,0.15612958470101326,2.5378619164382235,0.37918827784527337,0.9569774625498337
127,1,310,3010.0000000000014,4603.061594864701,0.1374339945768517,3.422628779413726,0.7193400788932016,1.52925634380887
127,2,700,6910.000000000002,4603.061594864701,0.156272299129442,2.972071540016879,0.3093926552573141,0.6661449486056006
127,4,70,610.0563920873398,4603.061594864701,0.1584130155558727,1.6071735835207686,1.9210136515317984,7.545305080920611
128,4,210,2010.0000000221403,4895.832738693465,0.1584130155558727,1.5154924743736546,0.5847566374657625,2.4357376809151927
128,2,630,6210.000000000002,4895.832738693465,0.156272299129442,4.265305200414151,0.5254931822392988,0.7883788629136013
128,1,279,2700.0000000000164,4895.832738693465,0.1374339945768517,2.974157628270341,0.741175337356796,1.8132713847012725
128,6,242,2330.000000000761,4895.832738693465,0.09604681033252462,1.701868920313839,0.34346279920841477,2.1012157676789127
128,5,700,6910.000000000002,4895.832738693465,0.15812758669901528,2.5631409936586675,0.28716312065917693,0.7085141445287213
128,0,620,6110.000000000002,4895.832738693465,0.13757670900528043,3.879820462425172,0.4277026169235718,0.8012819539596504
128,3,700,6910.000000000002,4895.832738693465,0.15612958470101326,4.3860145599456635,0.485181014569784,0.7085141445287213
129,2,700,6910.000000000002,3547.276711734166,0.156272299129442,3.950242569235487,0.316900399607571,0.5133540827401107
129,6,440,4310.000000000002,3547.276711734166,0.09604681033252462,2.0518095175516686,0.16219512035090175,0.8230340398455138
129,0,31,223.43368382029254,3547.276711734166,0.13757670900528043,0.5522282625935062,1.206174014514556,15.876194900797664
129,5,700,6910.000000000002,3547.276711734166,0.15812758669901528,3.12368338036855,0.25356637977473745,0.5133540827401107
129,1,62,530.1310020508638,3547.276711734166,0.1374339945768517,1.1258251387047025,1.0353256571354155,6.691321009356513
129,3,70,610.0563920873398,3547.276711734166,0.15612958470101326,1.9759108164494292,1.793814907483836,5.814670180894218
129,4,490,4810.000000000001,3547.276711734166,0.1584130155558727,2.7458028781958883,0.32078216085574596,0.7374795658490988
130,3,700,6910.000000000002,5281.798201798259,0.15612958470101326,3.938089980222848,0.4699748267901312,0.7643702173369402
130,2,665,6560.000000000001,5281.798201798259,0.156272299129442,3.876618378309776,0.4877676765237821,0.805152164908271
130,6,440,4310.000000000002,5281.798201798259,0.09604681033252462,4.258220559026939,0.5012052752815271,1.2254752208348623
130,0,310,3010.0000000000014,5281.798201798259,0.13757670900528043,2.8891659577517363,0.6974815343260092,1.7547502331555669
130,4,700,6910.000000000002,5281.798201798259,0.1584130155558727,4.9179615506732235,0.5954972322920674,0.7643702173369402
130,1,248,2390.0000000004047,5281.798201798259,0.1374339945768517,2.643219200331516,0.8028071900457211,2.209957406609776
130,5,595,5860.000000000002,5281.798201798259,0.15812758669901528,4.71302361537886,0.6717248996656386,0.9013307511601121
131,6,264,2550.0000000000755,4333.003590117743,0.09604681033252462,1.3722548807540595,0.22395800970084873,1.6992170941637708
131,5,175,1660.0000008844675,4333.003590117743,0.15812758669901528,2.6816802328101232,1.1068673940256126,2.610243125186186
131,2,700,6910.000000000002,4333.003590117743,0.156272299129442,3.783095754477826,0.3707151520605343,0.627062748208067
131,4,700,6910.000000000002,4333.003590117743,0.1584130155558727,3.8320181799576396,0.3806531461009474,0.627062748208067
131,1,62,530.1310020508638,4333.003590117743,0.1374339945768517,1.1728261601343777,1.3174485397331084,8.173458208169478
131,3,700,6910.000000000002,4333.003590117743,0.15612958470101326,3.7664811684221524,0.36874998081974164,0.627062748208067
131,0,372,3630.000000000001,4333.003590117743,0.13757670900528043,2.479571983984363,0.4071965230146269,1.1936649008588822
132,6,66,570.0859504455718,4345.692570950465,0.09604681033252462,1.3906377765078144,1.018159061980242,7.622872599392999
132,2,280,2710.0000000000146,4345.692570950465,0.156272299129442,3.292779584983695,0.8251527870844924,1.6035765944466573
132,0,279,2700.0000000000164,4345.692570950465,0.13757670900528043,2.1353042651514484,0.4728244427552916,1.609515767018681
132,3,700,6910.000000000002,4345.692570950465,0.15612958470101326,4.312117331785579,0.42340572517549047,0.6288990696020932
132,5,700,6910.000000000002,4345.692570950465,0.15812758669901528,3.600644468376016,0.35807074174277104,0.6288990696020932
132,1,620,6110.000000000002,4345.692570950465,0.1374339945768517,3.071206930065142,0.3002071544929643,0.7112426466367371
132,4,315,3060.0000000000014,4345.692570950465,0.1584130155558727,2.680074961960127,0.6029417760333187,1.420160970898844
133,2,70,610.0563920873398,3866.136208289966,0.156272299129442,2.1160698232264816,2.095651990571034,6.337342348076674
133,3,35,262.252839954494,3866.136208289966,0.15612958470101326,1.1224500639525723,2.583504273507867,14.742018461881353
133,1,620,6110.000000000002,3866.136208289966,0.1374339945768517,3.4456552711915487,0.2996414812413443,0.6327555169050679
133,6,132,1230.0000820831015,3866.136208289966,0.09604681033252462,0.707980278327011,0.21373523203022876,3.1431999595824105
133,5,700,6910.000000000002,3866.136208289966,0.15812758669901528,3.620977537782886,0.3203557894244598,0.559498727683063
133,0,434,4250.000000000002,3866.136208289966,0.13757670900528043,3.117342271853522,0.39013743624225694,0.9096791078329328
133,4,700,6910.000000000002,3866.136208289966,0.1584130155558727,3.635614442040708,0.32223134532345066,0.559498727683063
134,4,700,6910.000000000002,3821.1219952245574,0.1584130155558727,5.868812918697548,0.514107551405334,0.552984369786477
134,1,620,6110.000000000002,3821.1219952245574,0.1374339945768517,5.730952049924544,0.4925730396579527,0.6253882152577015
134,6,264,2550.0000000000755,3821.1219952245574,0.09604681033252462,4.83202809678447,0.6954455309831614,1.4984792138135075
134,5,700,6910.000000000002,3821.1219952245574,0.15812758669901528,5.869143821328069,0.513210166308465,0.552984369786477
134,2,70,610.0563920873398,3821.1219952245574,0.156272299129442,2.1139874657492372,2.069213633099072,6.26355537747976
134,0,31,223.43368382029254,3821.1219952245574,0.13757670900528043,1.9092786042013223,4.492173067101299,17.101817102464647
134,3,280,2710.0000000000146,3821.1219952245574,0.15612958470101326,2.5568922475485842,0.5628844399638597,1.4100081163190172
135,4,700,6910.000000000002,3790.5332984612633,0.1584130155558727,5.212845358243124,0.4529893290556098,0.5485576408771725
135,3,700,6910.000000000002,3790.5332984612633,0.15612958470101326,7.187643744077615,0.6155934870720938,0.5485576408771725
135,5,175,1660.0000008844675,3790.5332984612633,0.15812758669901528,4.799677985194901,1.7330535084801308,2.283453793037122
135,2,490,4810.000000000001,3790.5332984612633,0.156272299129442,7.045717159436384,0.8676857127814255,0.7880526608027573
135,0,124,1150.0001906837483,3790.5332984612633,0.13757670900528043,3.7506082145575723,1.7007834479243535,3.2961153651701136
135,1,31,223.43368382029254,3790.5332984612633,0.1374339945768517,0.8164816455414622,1.9036726308438756,16.964914303207678
135,6,440,4310.000000000002,3790.5332984612633,0.09604681033252462,0.14298779095105993,0.012078275998903492,0.8794740831696662
136,6,286,2770.000000000008,5415.848437277011,0.09604681033252462,3.6893721915966635,0.6928227654850466,1.9551799412552329
136,3,700,6910.000000000002,5415.848437277011,0.15612958470101326,6.327603596169143,0.774306532841461,0.7837696725437061
136,1,465,4560.000000000002,5415.848437277011,0.1374339945768517,2.5942535416687336,0.4234559576367779,1.1876860608063615
136,0,620,6110.000000000002,5415.848437277011,0.13757670900528043,2.8831238247044304,0.3515875623259963,0.8863909062646497
136,4,700,6910.000000000002,5415.848437277011,0.1584130155558727,4.116980600516096,0.5111615008163513,0.7837696725437061
136,5,315,3060.0000000000014,5415.848437277011,0.15812758669901528,3.207544359203389,0.8976879380497887,1.7698851102212445
136,2,665,6560.000000000001,5415.848437277011,0.156272299129442,6.261360848535578,0.807817761433077,0.8255866520239344
137,6,396,3870.0000000000014,4480.341308078554,0.09604681033252462,1.5917587970384723,0.1769947317708045,1.1577109323200394
137,1,465,4560.000000000002,4480.341308078554,0.1374339945768517,2.9584119441976466,0.3994837091487878,0.9825309886137176
137,3,700,6910.000000000002,4480.341308078554,0.15612958470101326,4.483770831865401,0.45390154809666117,0.6483851386510207
137,2,105,960.0014115816389,4480.341308078554,0.156272299129442,2.9322509515152975,2.138564559300832,4.667015333547292
137,0,620,6110.000000000002,4480.341308078554,0.13757670900528043,3.227128935869414,0.3255600623614858,0.733280083155246
137,4,700,6910.000000000002,4480.341308078554,0.1584130155558727,3.175237223016501,0.32613701385413646,0.6483851386510207
137,5,210,2010.0000000221403,4480.341308078554,0.15812758669901528,2.2709130611746935,0.8004296967549737,2.229025526382688
138,4,175,1660.0000008844675,4518.51862538038,0.1584130155558727,2.272397293090367,0.9798579330532079,2.721999170465579
138,5,700,6910.000000000002,4518.51862538038,0.15812758669901528,3.724458439797481,0.385113554861213,0.6539100760318928
138,3,560,5510.000000000002,4518.51862538038,0.15612958470101326,2.8904528964431897,0.3700799688180463,0.8200578267478001
138,0,620,6110.000000000002,4518.51862538038,0.13757670900528043,4.084238690333826,0.4155381462921634,0.7395284165925334
138,1,155,1460.0000072749747,4518.51862538038,0.1374339945768517,2.236222634370084,0.9511574796366257,3.094875755387149
138,6,198,1890.0000000783903,4518.51862538038,0.09604681033252462,2.4058478050440266,0.5524403217632723,2.390750595340195
138,2,700,6910.000000000002,4518.51862538038,0.156272299129442,3.1592594259184525,0.3228385001698953,0.6539100760318928
139,4,315,3060.0000000000014,4952.5874125888695,0.1584130155558727,2.495751375321071,0.6398864347355168,1.618492618493094
139,3,700,6910.000000000002,4952.5874125888695,0.15612958470101326,3.9239879609267376,0.43910357495275043,0.7167275560910085
139,1,217,2080.00000001059,4952.5874125888695,0.1374339945768517,2.341340307904704,0.7661742044748415,2.3810516406556026
139,0,465,4560.000000000002,4952.5874125888695,0.13757670900528043,3.0702563068142172,0.4587613852301173,1.086093730830892
139,2,700,6910.000000000002,4952.5874125888695,0.156272299129442,3.9038248494401664,0.43724658682781875,0.7167275560910085
139,5,630,6210.000000000002,4952.5874125888695,0.15812758669901528,3.110660192794364,0.39228415245595183,0.7975181018661623
139,6,440,4310.000000000002,4952.5874125888695,0.09604681033252462,1.9058018582408536,0.21033695001949193,1.149092207097185
140,5,595,5860.000000000002,4853.0907463608155,0.15812758669901528,3.190373207984996,0.41780143620312565,0.8281724823141321
140,4,700,6910.000000000002,4853.0907463608155,0.1584130155558727,3.376762131613294,0.37569178164174966,0.7023286174183523
140,3,700,6910.000000000002,4853.0907463608155,0.15612958470101326,3.934841553738863,0.4314721992362323,0.7023286174183523
140,2,35,262.252839954494,4853.0907463608155,0.156272299129442,0.9888027165785233,2.8594984456376356,18.505388720301074
140,0,465,4560.000000000002,4853.0907463608155,0.13757670900528043,2.8547836759719956,0.4179955811123595,1.0642742864826344
140,6,264,2550.0000000000755,4853.0907463608155,0.09604681033252462,1.7760938859039301,0.3246587391309134,1.9031728417100673
140,1,620,6110.000000000002,4853.0907463608155,0.1374339945768517,3.204861124157159,0.3498489594579592,0.7942865378659271
141,6,44,350.8727963568088,5508.209988860874,0.09604681033252462,1.612782174648933,2.431752952478845,15.698595177665117
141,4,595,5860.000000000002,5508.209988860874,0.1584130155558727,4.497961056879952,0.6697603363371106,0.9399675748909337
141,2,595,5860.000000000002,5508.209988860874,0.156272299129442,2.474691750493218,0.36350968369180997,0.9399675748909337
141,1,620,6110.000000000002,5508.209988860874,0.1374339945768517,4.536025346800361,0.5620033709649689,0.9015073631523522
141,3,700,6910.000000000002,5508.209988860874,0.15612958470101326,2.675377979705729,0.33296822715638935,0.797136033120242
141,5,560,5510.000000000002,5508.209988860874,0.15812758669901528,4.428134089290682,0.6999826827124671,0.9996751340945321
141,0,620,6110.000000000002,5508.209988860874,0.13757670900528043,4.531117337761943,0.5619782446326369,0.9015073631523522
142,0,620,6110.000000000002,5438.684172969889,0.13757670900528043,3.908766135515293,0.4786711281342753,0.8901283425482631
142,6,418,4090.0000000000014,5438.684172969889,0.09604681033252462,0.6379327822942026,0.08147575601214956,1.3297516315329798
142,2,700,6910.000000000002,5438.684172969889,0.156272299129442,4.424070630964681,0.5441515193138002,0.7870744099811704
142,5,700,6910.000000000002,5438.684172969889,0.15812758669901528,3.847129628939564,0.47880674031156045,0.7870744099811704
142,1,465,4560.000000000002,5438.684172969889,0.1374339945768517,3.737325518984926,0.612610016012002,1.1926938975811154
142,3,315,3060.0000000000014,5438.684172969889,0.15612958470101326,3.964275041633336,1.1000727227625995,1.7773477689444073
142,4,595,5860.000000000002,5438.684172969889,0.1584130155558727,3.735320208969767,0.5491802653870574,0.9281031011894005
143,2,420,4110.000000000002,4347.67375481807,0.156272299129442,2.8639755972573755,0.4734416273613646,1.057828164189311
143,4,700,6910.000000000002,4347.67375481807,0.1584130155558727,3.561834461061849,0.35501237583907364,0.6291857821733818
143,0,217,2080.00000001059,4347.67375481807,0.13757670900528043,2.380443805696847,0.684536267899554,2.0902277667288143
143,5,315,3060.0000000000014,4347.67375481807,0.15812758669901528,2.778320259906425,0.6242024513644023,1.4208084166072117
143,3,385,3760.0000000000014,4347.67375481807,0.15612958470101326,2.8032142107063818,0.5060700004101207,1.1562962113877842
143,1,620,6110.000000000002,4347.67375481807,0.1374339945768517,3.5149408388517758,0.34373830148168294,0.7115668993155595
143,6,440,4310.000000000002,4347.67375481807,0.09604681033252462,2.038601167282671,0.19751263945547198,1.0087410103986236
144,3,700,6910.000000000002,5352.724046232074,0.15612958470101326,3.426852153257817,0.41445499616046655,0.7746344495270727
144,6,44,350.8727963568088,5352.724046232074,0.09604681033252462,0.5356994373829804,0.7849270452704665,15.255454688452945
144,0,589,5800.000000000002,5352.724046232074,0.13757670900528043,3.395348077001791,0.4310980716426402,0.922883456246909
144,1,620,6110.000000000002,5352.724046232074,0.1374339945768517,3.457466994624093,0.4162802979693799,0.8760595820347091
144,5,455,4460.000000000002,5352.724046232074,0.15812758669901528,3.1045473451785246,0.5891771915381531,1.2001623422045005
144,2,700,6910.000000000002,5352.724046232074,0.156272299129442,3.432698125937812,0.41554151767952113,0.7746344495270727
144,4,525,5160.000000000001,5352.724046232074,0.1584130155558727,3.2574971967827855,0.5353034775049312,1.0373496213628048
145,1,124,1150.0001906837483,4150.539749774632,0.1374339945768517,2.203177931361973,1.092824461171182,3.609164401361422
145,6,88,790.008464149783,4150.539749774632,0.09604681033252462,0.5194899093837297,0.2621397591360461,5.253791494805685
145,2,560,5510.000000000002,4150.539749774632,0.156272299129442,3.477406379599381,0.4093458830018463,0.7532740017739801
145,3,700,6910.000000000002,4150.539749774632,0.15612958470101326,3.675131778435405,0.34465505348629766,0.600656982601249
145,4,700,6910.000000000002,4150.539749774632,0.1584130155558727,3.406889051658231,0.32417191160084957,0.600656982601249
145,0,620,6110.000000000002,4150.539749774632,0.13757670900528043,3.6164714807194507,0.33798181065614086,0.6793027413706433
145,5,35,262.252839954494,4150.539749774632,0.15812758669901528,1.1231542782172428,2.8108096520086487,15.826481614059286
146,3,245,2360.000000000555,4221.175967028631,0.15612958470101326,3.798457334231447,1.0607521262802084,1.7886338843337453
146,5,385,3760.0000000000014,4221.175967028631,0.15812758669901528,2.578419412840908,0.45772730160082153,1.1226531827203803
146,0,620,6110.000000000002,4221.175967028631,0.13757670900528043,4.47590111166416,0.4254197478937418,0.6908634970586955
146,1,620,6110.000000000002,4221.175967028631,0.1374339945768517,4.468917779638297,0.4243153867835412,0.6908634970586955
146,6,242,2330.000000000761,4221.175967028631,0.09604681033252462,3.785021528007704,0.6586107825074826,1.811663505161911
146,4,700,6910.000000000002,4221.175967028631,0.1584130155558727,3.272351565145077,0.3166694929740386,0.6108793005830144
146,2,175,1660.0000008844675,4221.175967028631,0.156272299129442,3.409922886652071,1.3550394150876395,2.54287708721659
147,3,630,6210.000000000002,5582.079349222207,0.15612958470101326,2.695418531056413,0.37828212484489554,0.8988855634818367
147,2,420,4110.000000000002,5582.079349222207,0.156272299129442,2.3112873938508143,0.49055774417826875,1.358170157961607
147,0,434,4250.000000000002,5582.079349222207,0.13757670900528043,3.5342103783341843,0.6386227563707764,1.313430435111107
147,1,620,6110.000000000002,5582.079349222207,0.1374339945768517,3.904287588329488,0.49021970605475357,0.9135972748317849
147,5,700,6910.000000000002,5582.079349222207,0.15812758669901528,3.9872860488497768,0.5093343828158727,0.8078262444605219
147,6,440,4310.000000000002,5582.079349222207,0.09604681033252462,1.8001887153828926,0.22393383474869383,1.2951460207012078
147,4,665,6560.000000000001,5582.079349222207,0.1584130155558727,3.950917271742053,0.5325752301164663,0.8509267300643608
148,4,700,6910.000000000002,4087.25529953196,0.1584130155558727,3.7415849773286185,0.3505905395045614,0.5914985961696033
148,0,217,2080.00000001059,4087.25529953196,0.13757670900528043,2.44643601221829,0.6613741373903145,1.9650265863034375
148,5,140,1310.0000353340838,4087.25529953196,0.15812758669901528,2.3977708038945615,1.182975550765844,3.1200421292275804
148,3,700,6910.000000000002,4087.25529953196,0.15612958470101326,3.2021421905796794,0.2957192087693582,0.5914985961696033
148,2,700,6910.000000000002,4087.25529953196,0.156272299129442,3.192168724546814,0.2950676230398201,0.5914985961696033
148,6,66,570.0859504455718,4087.25529953196,0.09604681033252462,0.618121507466263,0.4256456793501609,7.16954223540751
148,1,217,2080.00000001059,4087.25529953196,0.1374339945768517,2.4470306580637984,0.660848655554866,1.9650265863034375
149,1,465,4560.000000000002,4409.1240876885095,0.1374339945768517,2.9608277211233904,0.39345474457206564,0.9669131771246727
149,4,630,6210.000000000002,4409.1240876885095,0.1584130155558727,3.1023669793188935,0.34893517535775587,0.7100038788548322
149,2,245,2360.000000000555,4409.1240876885095,0.156272299129442,2.9835509970817964,0.8710754736815649,1.8682729185116411
149,0,620,6110.000000000002,4409.1240876885095,0.13757670900528043,3.291014386686234,0.32672758936826696,0.7216242369375627
149,3,700,6910.000000000002,4409.1240876885095,0.15612958470101326,4.037684353389858,0.40224610136750905,0.6380787391734455
149,6,440,4310.000000000002,4409.1240876885095,0.09604681033252462,2.411475078909779,0.2369413050638639,1.0229986282339925
149,5,70,610.0563920873398,4409.1240876885095,0.15812758669901528,1.3881802159310546,1.5864844988939415,7.22740412997307
150,2,140,1310.0000353340838,4393.3966168056195,0.156272299129442,2.332950479178727,1.222690747660817,3.353737784965166
150,3,210,2010.0000000221403,4393.3966168056195,0.15612958470101326,2.6984914303033043,0.9208960317256117,2.1857694610732468
150,1,620,6110.000000000002,4393.3966168056195,0.1374339945768517,4.139614145061374,0.4090846962002452,0.7190501827832436
150,5,700,6910.000000000002,4393.3966168056195,0.15812758669901528,2.812589343976584,0.28277195459462195,0.6358026941831575
150,6,132,1230.0000820831015,4393.3966168056195,0.09604681033252462,1.894528662780312,0.6499491764165383,3.571866929768865
150,4,630,6210.000000000002,4393.3966168056195,0.1584130155558727,2.6952856222814408,0.30206782394105275,0.7074712748479256
150,0,620,6110.000000000002,4393.3966168056195,0.13757670900528043,4.137937401995754,0.40934362751843056,0.7190501827832436
