round,cid,tau,a_i,a_eff,p_i,raw_update_norm,contribution_norm,amp_vs_fedavg
1,1,620,6110.000000000002,4202.774374124305,0.1374339945768517,4.332819639429143,0.4095997153281224,0.6878517797257453
1,0,186,1770.0000002775555,4202.774374124305,0.13757670900528043,2.5641838581772274,0.8376389957510222,2.3744487985679457
1,5,700,6910.000000000002,4202.774374124305,0.15812758669901528,4.183473545063586,0.4023487885755422,0.6082162625360786
1,4,140,1310.0000353340838,4202.774374124305,0.1584130155558727,1.884732326484485,0.9578672152601848,3.2082246265378833
1,3,700,6910.000000000002,4202.774374124305,0.15612958470101326,3.8977283342302482,0.3701304360282843,0.6082162625360786
1,2,245,2360.000000000555,4202.774374124305,0.156272299129442,2.465697544808978,0.6861923578207408,1.7808365992047952
1,6,396,3870.0000000000014,4202.774374124305,0.09604681033252462,2.025803414605632,0.21130285064654264,1.085988210368037
2,0,620,6110.000000000002,4658.56451401604,0.13757670900528043,3.4348537932806593,0.36029984568835605,0.7624491839633452
2,1,279,2700.0000000000164,4658.56451401604,0.1374339945768517,2.6497928950830785,0.6283396285173202,1.7253942644503748
2,6,154,1450.0000080833054,4658.56451401604,0.09604681033252462,0.168971289854077,0.052141074366845265,3.2128030952041184
2,5,700,6910.000000000002,4658.56451401604,0.15812758669901528,2.811228262840955,0.29969384253301734,0.6741772089748248
2,3,105,960.0014115816389,4658.56451401604,0.15612958470101326,1.997500843162124,1.5133954306034727,4.852664233421155
2,2,630,6210.000000000002,4658.56451401604,0.156272299129442,3.208946607762344,0.37618805969167046,0.7501714193262543
2,4,700,6910.000000000002,4658.56451401604,0.1584130155558727,2.951473329765802,0.31521276117110125,0.6741772089748248
3,1,527,5180.000000000002,5963.5193378050535,0.1374339945768517,3.1812643816331616,0.5033462121765111,1.1512585594218245
3,3,700,6910.000000000002,5963.5193378050535,0.15612958470101326,2.606767041365462,0.35124650401092306,0.8630274005506587
3,2,700,6910.000000000002,5963.5193378050535,0.156272299129442,2.6995796800836884,0.364084958056343,0.8630274005506587
3,5,560,5510.000000000002,5963.5193378050535,0.15812758669901528,3.717925799052034,0.6362962942756383,1.0823084097649822
3,4,700,6910.000000000002,5963.5193378050535,0.1584130155558727,4.075302079736975,0.5571539988541238,0.8630274005506587
3,0,558,5490.000000000002,5963.5193378050535,0.13757670900528043,3.3960460548483256,0.5075148742134427,1.086251245501831
3,6,396,3870.0000000000014,5963.5193378050535,0.09604681033252462,0.6002976093461213,0.08884668481735042,1.5409610692002718
4,5,70,610.0563920873398,4547.000124786772,0.15812758669901528,1.2851930937199711,1.5147152928819678,7.453409526993028
4,1,403,3940.000000000001,4547.000124786772,0.1374339945768517,2.1365121366283697,0.33886621995259686,1.1540609453773532
4,3,560,5510.000000000002,4547.000124786772,0.15612958470101326,2.5341303909094606,0.32650326538481594,0.8252268829014103
4,6,44,350.8727963568088,4547.000124786772,0.09604681033252462,0.570702821824293,0.7103432119364176,12.959112738289482
4,0,620,6110.000000000002,4547.000124786772,0.13757670900528043,2.804232695961475,0.287106299064581,0.7441898731238578
4,2,700,6910.000000000002,4547.000124786772,0.156272299129442,2.97938816118431,0.3063768933786732,0.6580318559749306
4,4,700,6910.000000000002,4547.000124786772,0.1584130155558727,3.4078219745766742,0.35523412513582914,0.6580318559749306
5,1,465,4560.000000000002,4839.4763311473525,0.1374339945768517,2.925718824903708,0.426736983741175,1.061288669111261
5,3,700,6910.000000000002,4839.4763311473525,0.15612958470101326,4.285918517560483,0.4686508806041664,0.7003583691964329
5,5,700,6910.000000000002,4839.4763311473525,0.15812758669901528,3.038026226308671,0.3364491878870209,0.7003583691964329
5,6,440,4310.000000000002,4839.4763311473525,0.09604681033252462,0.35523894466094336,0.03831109966162417,1.1228483366931208
5,0,496,4870.000000000001,4839.4763311473525,0.13757670900528043,3.160828117966942,0.43213078387238774,0.9937323061904213
5,4,35,262.252839954494,4839.4763311473525,0.1584130155558727,1.1036816137828291,3.2263601081184823,18.453475401780572
5,2,595,5860.000000000002,4839.4763311473525,0.156272299129442,4.017725716217559,0.5185170489432854,0.825849203267466
6,3,210,2010.0000000221403,4451.761096050326,0.15612958470101326,2.992959517931023,1.0349558880176197,2.2148065154235272
6,0,248,2390.0000000004047,4451.761096050326,0.13757670900528043,2.7947464149102514,0.7161784898989535,1.8626615464642562
6,2,280,2710.0000000000146,4451.761096050326,0.156272299129442,3.044060936143593,0.7814440748621916,1.6427162716052777
6,4,700,6910.000000000002,4451.761096050326,0.1584130155558727,3.1373555062294924,0.3201904665046349,0.6442490732344899
6,5,665,6560.000000000001,4451.761096050326,0.15812758669901528,3.2337903262258925,0.34701441110110626,0.6786221183003545
6,1,620,6110.000000000002,4451.761096050326,0.1374339945768517,3.2648806168497093,0.32692799784612697,0.7286024707120008
6,6,440,4310.000000000002,4451.761096050326,0.09604681033252462,2.5112491441610785,0.2491307458262517,1.0328912055801216
7,6,440,4310.000000000002,3948.257131298338,0.09604681033252462,0.7220889729059922,0.06353335913024553,0.9160689399764121
7,5,105,960.0014115816389,3948.257131298338,0.15812758669901528,2.2505678463981065,1.463636763763558,4.112761797707604
7,0,527,5180.000000000002,3948.257131298338,0.13757670900528043,2.427104587919738,0.25451247620953843,0.7622118014089453
7,4,700,6910.000000000002,3948.257131298338,0.1584130155558727,3.9682538279479953,0.3591845819520016,0.5713830870185727
7,2,280,2710.0000000000146,3948.257131298338,0.156272299129442,1.659071320961581,0.3777314931183416,1.4569214506635857
7,1,62,530.1310020508638,3948.257131298338,0.1374339945768517,1.0507547585973076,1.0755181928961386,7.447700881525733
7,3,700,6910.000000000002,3948.257131298338,0.15612958470101326,2.94364921481607,0.262602369738087,0.5713830870185727
8,2,700,6910.000000000002,5187.508206079636,0.156272299129442,3.6609699456088998,0.4294957934434287,0.7507247765672409
8,1,620,6110.000000000002,5187.508206079636,0.1374339945768517,2.4244687243080474,0.28289700014342345,0.8490193463305457
8,0,465,4560.000000000002,5187.508206079636,0.13757670900528043,2.5283804027591907,0.3957138819907436,1.137611448701674
8,4,700,6910.000000000002,5187.508206079636,0.1584130155558727,3.626528757409272,0.4312833937696635,0.7507247765672409
8,3,350,3410.000000000001,5187.508206079636,0.15612958470101326,3.0468035039250227,0.7236591681356775,1.5212634035424148
8,5,455,4460.000000000002,5187.508206079636,0.15812758669901528,3.217630941106474,0.5917902564292571,1.16311843185642
8,6,330,3210.000000000001,5187.508206079636,0.09604681033252462,0.3224663011606311,0.05005195519501243,1.6160461701182662
9,5,700,6910.000000000002,4714.1287284144455,0.15812758669901528,3.6930382094344885,0.3983958759907844,0.6822183398573726
9,3,280,2710.0000000000146,4714.1287284144455,0.15612958470101326,2.825479760012166,0.7673783668729877,1.739530896093882
9,0,310,3010.0000000000014,4714.1287284144455,0.13757670900528043,2.8586616477985882,0.6159459636116402,1.5661557237257286
9,6,396,3870.0000000000014,4714.1287284144455,0.09604681033252462,0.1409395591184386,0.016489455991138064,1.2181211184533447
9,1,620,6110.000000000002,4714.1287284144455,0.1374339945768517,3.281412989231527,0.34794875740024517,0.7715431634066193
9,2,315,3060.0000000000014,4714.1287284144455,0.156272299129442,2.7840190090998966,0.6702459664713651,1.5405649439262887
9,4,700,6910.000000000002,4714.1287284144455,0.1584130155558727,3.951699302151456,0.42706909214464495,0.6822183398573726
10,6,132,1230.0000820831015,4199.627554975961,0.09604681033252462,0.7750569235716874,0.2541687675506081,3.4143311176561575
10,0,124,1150.0001906837483,4199.627554975961,0.13757670900528043,1.8641929346536312,0.9365881060785136,3.651849442284888
10,2,700,6910.000000000002,4199.627554975961,0.156272299129442,2.700519896412556,0.25648508320002966,0.6077608617910217
10,3,140,1310.0000353340838,4199.627554975961,0.15612958470101326,1.0976917271628155,0.5494207594056877,3.205822474581039
10,1,620,6110.000000000002,4199.627554975961,0.1374339945768517,2.971089436790793,0.2806593152361776,0.6873367520418919
10,4,455,4460.000000000002,4199.627554975961,0.1584130155558727,2.7312071515805507,0.4074003709762,0.9416205280215155
10,5,700,6910.000000000002,4199.627554975961,0.15812758669901528,3.223582221407373,0.3097983668762568,0.6077608617910217
11,5,700,6910.000000000002,4325.607473505932,0.15812758669901528,3.3619970135222923,0.3327928797193522,0.6259923984813214
11,0,620,6110.000000000002,4325.607473505932,0.13757670900528043,2.5654718266458483,0.24987227031975498,0.7079553966458152
11,2,700,6910.000000000002,4325.607473505932,0.156272299129442,2.956001996007343,0.2891716973653275,0.6259923984813214
11,1,248,2390.0000000004047,4325.607473505932,0.1374339945768517,1.7142593206731986,0.4264026499893308,1.809877603977071
11,3,385,3760.0000000000014,4325.607473505932,0.15612958470101326,2.0632606559166167,0.370594153189056,1.1504275195494496
11,6,264,2550.0000000000755,4325.607473505932,0.09604681033252462,0.9096350702901476,0.14820302530944443,1.6963166562767857
11,4,105,960.0014115816389,4325.607473505932,0.1584130155558727,1.8498778495623227,1.3204110458949172,4.50583449286739
12,5,700,6910.000000000002,5241.545225053253,0.15812758669901528,2.9183363619175506,0.35004532290910045,0.7585448950873012
12,2,700,6910.000000000002,5241.545225053253,0.156272299129442,3.543538744356684,0.42004950498901544,0.7585448950873012
12,0,465,4560.000000000002,5241.545225053253,0.13757670900528043,2.389677406520471,0.37790156336084557,1.1494616721608006
12,3,700,6910.000000000002,5241.545225053253,0.15612958470101326,3.5598712960294385,0.4216001834530347,0.7585448950873012
12,1,341,3320.0000000000014,5241.545225053253,0.1374339945768517,2.207743547498465,0.47903147224978093,1.578778682244955
12,4,560,5510.000000000002,5241.545225053253,0.1584130155558727,2.4334421609376786,0.36670736120006076,0.9512786252365246
12,6,44,350.8727963568088,5241.545225053253,0.09604681033252462,0.45093049633447724,0.6469968906273956,14.938591077670871
13,2,420,4110.000000000002,4639.556158127588,0.156272299129442,4.02099800926098,0.7093335046210539,1.1288457805663226
13,3,490,4810.000000000001,4639.556158127588,0.15612958470101326,3.834198675345591,0.577419141678001,0.9645646898394151
13,4,700,6910.000000000002,4639.556158127588,0.1584130155558727,3.35189578729328,0.3565166010934627,0.6714263615235292
13,1,620,6110.000000000002,4639.556158127588,0.1374339945768517,3.6360768609906966,0.37945689635444585,0.759338160086348
13,0,310,3010.0000000000014,4639.556158127588,0.13757670900528043,2.8274436380362005,0.5995823130393848,1.5413807834310915
13,5,315,3060.0000000000014,4639.556158127588,0.15812758669901528,3.879163121874083,0.9300380024608139,1.5161948229175117
13,6,440,4310.000000000002,4639.556158127588,0.09604681033252462,0.03538116651763005,0.0036580889364550995,1.0764631457372589
14,5,245,2360.000000000555,4322.451285139946,0.15812758669901528,2.238925059241337,0.6484332922289212,1.8315471547198854
14,0,620,6110.000000000002,4322.451285139946,0.13757670900528043,2.8105225974759978,0.27354003305306995,0.7074388355384524
14,1,62,530.1310020508638,4322.451285139946,0.1374339945768517,1.432226648184654,1.6049179135321705,8.153553118791617
14,6,352,3430.000000000001,4322.451285139946,0.09604681033252462,0.3668239334891094,0.044399348513933005,1.2601898790495465
14,2,350,3410.000000000001,4322.451285139946,0.156272299129442,2.3920431489212306,0.47383456642081956,1.2675810220351744
14,3,700,6910.000000000002,4322.451285139946,0.15612958470101326,3.259156208387521,0.318304252536994,0.6255356418436968
14,4,700,6910.000000000002,4322.451285139946,0.1584130155558727,3.2323851152881113,0.3203066973788089,0.6255356418436968
15,6,440,4310.000000000002,4045.543398775078,0.09604681033252462,2.0074539860858573,0.18097898174880075,0.9386411598086024
15,5,420,4110.000000000002,4045.543398775078,0.15812758669901528,3.587973541966217,0.5584598011259028,0.9843171286557363
15,0,620,6110.000000000002,4045.543398775078,0.13757670900528043,2.721820027828986,0.24793622016451647,0.6621183958715346
15,4,70,610.0563920873398,4045.543398775078,0.1584130155558727,2.7790521156812504,2.91940558807968,6.631425309606281
15,1,403,3940.000000000001,4045.543398775078,0.1374339945768517,2.103885857902787,0.2968909686064084,1.026787664663725
15,2,700,6910.000000000002,4045.543398775078,0.156272299129442,3.7047219459689438,0.33895062322479963,0.5854621416461762
15,3,280,2710.0000000000146,4045.543398775078,0.15612958470101326,2.6869085169591536,0.6262469994529907,1.4928204423524194
16,0,310,3010.0000000000014,4145.500214075145,0.13757670900528043,3.1255190343185975,0.592212419385673,1.3772425960382535
16,5,210,2010.0000000221403,4145.500214075145,0.15812758669901528,1.4095143267882562,0.4596825543513486,2.062437917427603
16,6,440,4310.000000000002,4145.500214075145,0.09604681033252462,1.2864321198337005,0.11884187455746775,0.9618329963051376
16,2,315,3060.0000000000014,4145.500214075145,0.156272299129442,2.7208230102151396,0.5760203263861088,1.3547386320507004
16,4,700,6910.000000000002,4145.500214075145,0.1584130155558727,2.969257780326179,0.2821874265495714,0.5999276720803391
16,3,385,3760.0000000000014,4145.500214075145,0.15612958470101326,2.66460093504032,0.45867648684211354,1.1025266526795594
16,1,620,6110.000000000002,4145.500214075145,0.1374339945768517,3.885354210323934,0.3622934804816733,0.6784779401104981
17,1,527,5180.000000000002,4634.071648240524,0.1374339945768517,3.3987953972995024,0.41788056723779676,0.8946084263012591
17,3,315,3060.0000000000014,4634.071648240524,0.15612958470101326,2.3793842290502885,0.5625888245156876,1.5144024994250072
17,6,242,2330.000000000761,4634.071648240524,0.09604681033252462,0.4737509431794869,0.09049818255926127,1.9888719520339102
17,2,700,6910.000000000002,4634.071648240524,0.156272299129442,3.2446016524392713,0.34003849360287186,0.6706326553170077
17,4,140,1310.0000353340838,4634.071648240524,0.1584130155558727,1.400938583677609,0.7850573692444545,3.5374591780516376
17,0,620,6110.000000000002,4634.071648240524,0.13757670900528043,3.599882417263713,0.3756252393189005,0.7584405316269268
17,5,700,6910.000000000002,4634.071648240524,0.15812758669901528,2.9732943105524146,0.31530455122668577,0.6706326553170077
18,4,525,5160.000000000001,4185.576510331128,0.1584130155558727,2.714834113676967,0.3488508154130933,0.8111582384362649
18,0,620,6110.000000000002,4185.576510331128,0.13757670900528043,3.3102147352536044,0.31197167075590754,0.6850370720672875
18,3,35,262.252839954494,4185.576510331128,0.15612958470101326,1.2079238994388712,3.0099540364697983,15.960080779515705
18,1,620,6110.000000000002,4185.576510331128,0.1374339945768517,3.427970906581815,0.3227344838470837,0.6850370720672875
18,2,630,6210.000000000002,4185.576510331128,0.156272299129442,2.8143561604472813,0.29643176757396855,0.6740058792803747
18,6,440,4310.000000000002,4185.576510331128,0.09604681033252462,0.5719152119515623,0.05334486369618534,0.9711314409120942
18,5,175,1660.0000008844675,4185.576510331128,0.15812758669901528,1.8784215801280495,0.7489415214568629,2.5214316313861467
19,5,700,6910.000000000002,4722.371365059939,0.15812758669901528,5.57974596045461,0.6029817373682625,0.6834111961012935
19,1,62,530.1310020508638,4722.371365059939,0.1374339945768517,4.4893899782746765,5.496148225348582,8.907932844506325
19,0,372,3630.000000000001,4722.371365059939,0.13757670900528043,5.066725919556556,0.9068299188739051,1.3009287507052172
19,4,700,6910.000000000002,4722.371365059939,0.1584130155558727,5.357317776910943,0.5799898036667486,0.6834111961012935
19,3,350,3410.000000000001,4722.371365059939,0.15612958470101326,2.1115077088991905,0.45654504500610754,1.3848596378474891
19,2,700,6910.000000000002,4722.371365059939,0.156272299129442,2.9763134118967494,0.31786503070249233,0.6834111961012935
19,6,374,3650.000000000001,4722.371365059939,0.09604681033252462,3.2060622039829316,0.3984025994092927,1.2938003739890243
20,2,700,6910.000000000002,4345.468268160343,0.156272299129442,4.587076246406534,0.4507923073054472,0.6288666089957079
20,1,62,530.1310020508638,4345.468268160343,0.1374339945768517,0.7593707755633976,0.8554633918004539,8.196970656968697
20,4,700,6910.000000000002,4345.468268160343,0.1584130155558727,4.1169002876449685,0.4101283069852816,0.6288666089957079
20,0,496,4870.000000000001,4345.468268160343,0.13757670900528043,2.7740396714024627,0.3405377056940196,0.8922932788830271
20,5,210,2010.0000000221403,4345.468268160343,0.15812758669901528,2.9284548070966934,1.0011212839921173,2.1619245114987446
20,3,455,4460.000000000002,4345.468268160343,0.15612958470101326,3.8148879733472194,0.5803215762595807,0.9743202394978343
20,6,440,4310.000000000002,4345.468268160343,0.09604681033252462,0.9941655191262952,0.096272213180053,1.0082292965569237
21,4,525,5160.000000000001,5732.274867989156,0.1584130155558727,2.8444366858055976,0.5005695619349938,1.1109059821684408
21,6,308,2990.000000000002,5732.274867989156,0.09604681033252462,0.8438105350676786,0.15537591842100582,1.9171487852806528
21,2,560,5510.000000000002,5732.274867989156,0.156272299129442,3.692650443423305,0.6003376874551255,1.040340266422714
21,0,620,6110.000000000002,5732.274867989156,0.13757670900528043,2.9028831465909763,0.37467978918672795,0.9381791927969155
21,5,700,6910.000000000002,5732.274867989156,0.15812758669901528,3.6115582710574334,0.47375218827685983,0.8295622095498052
21,1,558,5490.000000000002,5732.274867989156,0.1374339945768517,2.630599969726062,0.3774884282178546,1.0441302127484797
21,3,700,6910.000000000002,5732.274867989156,0.15612958470101326,4.036484205914424,0.5228022183242984,0.8295622095498052
22,0,620,6110.000000000002,5156.245183392243,0.13757670900528043,4.075302044904223,0.47314806550637434,0.8439026486730347
22,4,560,5510.000000000002,5156.245183392243,0.1584130155558727,2.773100688616405,0.41109146612530456,0.935797673936886
22,3,700,6910.000000000002,5156.245183392243,0.15612958470101326,3.585602407227531,0.41773690822632575,0.7462004606935227
22,6,220,2110.0000000077202,5156.245183392243,0.09604681033252462,0.5452395464049316,0.12797389829272496,2.4437180963854868
22,1,558,5490.000000000002,5156.245183392243,0.1374339945768517,3.7080265541480797,0.4786281316785493,0.9392067729311915
22,5,700,6910.000000000002,5156.245183392243,0.15812758669901528,3.071064172407322,0.36236984248592047,0.7462004606935227
22,2,210,2010.0000000221403,5156.245183392243,0.156272299129442,2.3213553744568607,0.9305959021679513,2.5652961111121626
23,0,620,6110.000000000002,5397.847866457441,0.13757670900528043,3.4763053767427436,0.4225151310884382,0.883444822660792
23,6,374,3650.000000000001,5397.847866457441,0.09604681033252462,0.41272234239426114,0.058623089455302306,1.4788624291664219
23,3,490,4810.000000000001,5397.847866457441,0.15612958470101326,2.428323522199698,0.4254684048369574,1.1222136936501954
23,2,665,6560.000000000001,5397.847866457441,0.156272299129442,2.8976736575996065,0.37260465404692306,0.8228426625697318
23,1,186,1770.0000002775555,5397.847866457441,0.1374339945768517,2.653126594947888,1.1119865041987094,3.04963156249209
23,4,700,6910.000000000002,5397.847866457441,0.1584130155558727,3.304798791995784,0.4089577825601023,0.7811646695307438
23,5,700,6910.000000000002,5397.847866457441,0.15812758669901528,3.3344366694590635,0.41188190150104975,0.7811646695307438
24,4,700,6910.000000000002,4196.02352786502,0.1584130155558727,3.552717710289238,0.3417522870196246,0.6072392949153428
24,2,35,262.252839954494,4196.02352786502,0.156272299129442,1.6670209621705425,4.1681254095614175,15.99991644930561
24,1,279,2700.0000000000164,4196.02352786502,0.1374339945768517,1.980931439353396,0.4230948751951534,1.554082788098146
24,0,527,5180.000000000002,4196.02352786502,0.13757670900528043,2.47475619906108,0.27579443084379635,0.8100431520974939
24,6,440,4310.000000000002,4196.02352786502,0.09604681033252462,0.35465367642122114,0.03316256066609537,0.9735553428921155
24,3,700,6910.000000000002,4196.02352786502,0.15612958470101326,3.0857101658825457,0.2925500678172289,0.6072392949153428
24,5,315,3060.0000000000014,4196.02352786502,0.15812758669901528,2.7804020772575675,0.6028811919486701,1.3712495189101366
25,6,242,2330.000000000761,4439.979489938889,0.09604681033252462,3.9441331789195213,0.7218709428308979,1.9055705965396734
25,5,525,5160.000000000001,4439.979489938889,0.15812758669901528,5.894521080341484,0.802024121816702,0.8604611414610248
25,4,700,6910.000000000002,4439.979489938889,0.1584130155558727,6.074437257356131,0.618300828538752,0.6425440651141661
25,1,620,6110.000000000002,4439.979489938889,0.1374339945768517,5.694049190275719,0.5686632175307698,0.7266742209392615
25,0,62,530.1310020508638,4439.979489938889,0.13757670900528043,5.068593738913435,5.840232821066134,8.375249651053029
25,3,700,6910.000000000002,4439.979489938889,0.15612958470101326,3.1406190055542456,0.31506733216314775,0.6425440651141661
25,2,210,2010.0000000221403,4439.979489938889,0.156272299129442,2.134900353305531,0.7369610198536929,2.2089450198457623
26,0,620,6110.000000000002,5114.395604399069,0.13757670900528043,2.992322949115873,0.3445930290830575,0.8370532904090128
26,2,700,6910.000000000002,5114.395604399069,0.156272299129442,4.08677446646585,0.4726927527170432,0.7401440816785916
26,5,560,5510.000000000002,5114.395604399069,0.15812758669901528,3.5238379456600626,0.5172092579519909,0.9282024690379433
26,1,496,4870.000000000001,5114.395604399069,0.1374339945768517,2.331937938413061,0.3365708616903481,1.0501839023406712
26,4,700,6910.000000000002,5114.395604399069,0.1584130155558727,3.807543519622008,0.4464285985411607,0.7401440816785916
26,3,210,2010.0000000221403,5114.395604399069,0.15612958470101326,3.253215409951467,1.292398026163147,2.5444754250461363
26,6,264,2550.0000000000755,5114.395604399069,0.09604681033252462,0.7393664819307085,0.14242848116350346,2.005645335058399
27,4,350,3410.000000000001,4799.180289136156,0.1584130155558727,3.0766546556314522,0.6859339496515989,1.407384249013535
27,1,620,6110.000000000002,4799.180289136156,0.1374339945768517,3.49491275744326,0.37727355436975013,0.7854632224445425
27,2,700,6910.000000000002,4799.180289136156,0.156272299129442,3.656941985598424,0.39690730327971047,0.6945268146362018
27,5,525,5160.000000000001,4799.180289136156,0.15812758669901528,3.361895799130117,0.4944350558376538,0.9300736994449913
27,0,62,530.1310020508638,4799.180289136156,0.13757670900528043,2.4673550087643386,3.0729848588832636,9.052819530587827
27,6,396,3870.0000000000014,4799.180289136156,0.09604681033252462,0.2331347248033112,0.027768090257500107,1.2400982659266548
27,3,700,6910.000000000002,4799.180289136156,0.15612958470101326,3.5848456551612125,0.3887269799661267,0.6945268146362018
28,3,700,6910.000000000002,3551.2459231975013,0.15612958470101326,3.123346089007626,0.2506155504917569,0.5139284982919682
28,2,245,2360.000000000555,3551.2459231975013,0.156272299129442,2.1305414162654848,0.5010034631223695,1.5047652216935028
28,1,620,6110.000000000002,3551.2459231975013,0.1374339945768517,2.752390110882441,0.21985872057305636,0.5812186453678396
28,4,245,2360.000000000555,3551.2459231975013,0.1584130155558727,2.3552218567455783,0.5614245886595532,1.5047652216935028
28,0,124,1150.0001906837483,3551.2459231975013,0.13757670900528043,1.4725876299498482,0.625617516903342,3.0880394211813647
28,5,210,2010.0000000221403,3551.2459231975013,0.15812758669901528,2.2018194533811086,0.6151400988453151,1.7667890164967084
28,6,440,4310.000000000002,3551.2459231975013,0.09604681033252462,0.7854262793463714,0.06215725872381384,0.8239549705794663
29,6,374,3650.000000000001,4352.112420669956,0.09604681033252462,0.9082745865578846,0.10401772484731298,1.192359567306837
29,5,595,5860.000000000002,4352.112420669956,0.15812758669901528,2.732288752457485,0.32087562414672494,0.7426813004556236
29,3,70,610.0563920873398,4352.112420669956,0.15612958470101326,1.7676768302319528,1.9688752389567885,7.133951020132707
29,0,620,6110.000000000002,4352.112420669956,0.13757670900528043,3.280611336726172,0.3214834295819261,0.7122933585384541
29,1,620,6110.000000000002,4352.112420669956,0.1374339945768517,3.310762919104397,0.3241015790968217,0.7122933585384541
29,2,140,1310.0000353340838,4352.112420669956,0.156272299129442,2.100295269993844,1.0904133346639138,3.322223132276523
29,4,700,6910.000000000002,4352.112420669956,0.1584130155558727,2.7154727150249,0.2709307894806404,0.6298281361316866
30,4,700,6910.000000000002,5683.376623376626,0.1584130155558727,3.9466317015690335,0.5142163136158808,0.8224857631514653
30,1,279,2700.0000000000164,5683.376623376626,0.1374339945768517,2.898984200653328,0.8386537448341365,2.104954304954293
30,2,700,6910.000000000002,5683.376623376626,0.156272299129442,2.6389106780971257,0.33918378435061725,0.8224857631514653
30,0,527,5180.000000000002,5683.376623376626,0.13757670900528043,3.5226512101180267,0.5317300904406674,1.0971769543198118
30,5,700,6910.000000000002,5683.376623376626,0.15812758669901528,4.094001888588211,0.5324564236603893,0.8224857631514653
30,3,665,6560.000000000001,5683.376623376626,0.15612958470101326,2.5921273810263585,0.3506260194809722,0.8663683877098515
30,6,330,3210.000000000001,5683.376623376626,0.09604681033252462,1.022412116882458,0.1738642689228874,1.7705223125783878
31,0,620,6110.000000000002,4898.63931730738,0.13757670900528043,3.046868307717241,0.33607240472679484,0.8017412957949883
31,3,350,3410.000000000001,4898.63931730738,0.15612958470101326,2.2263689503060244,0.49934812784336674,1.4365511194449792
31,4,665,6560.000000000001,4898.63931730738,0.1584130155558727,3.68336784518516,0.43572008363257086,0.7467437983700274
31,6,88,790.008464149783,4898.63931730738,0.09604681033252462,0.2992488624428124,0.17822112240326834,6.200742826951047
31,5,700,6910.000000000002,4898.63931730738,0.15812758669901528,3.9327008845258415,0.44085520762412606,0.7089203064120664
31,1,620,6110.000000000002,4898.63931730738,0.1374339945768517,2.8924098449920104,0.31870454312281926,0.8017412957949883
31,2,315,3060.0000000000014,4898.63931730738,0.156272299129442,1.9857597866620516,0.4967784529853595,1.6008625219958752
32,4,700,6910.000000000002,4777.697643687222,0.1584130155558727,3.872010144268529,0.42409969716641205,0.6914178934424342
32,2,700,6910.000000000002,4777.697643687222,0.156272299129442,3.4600693212621243,0.3738586351067043,0.6914178934424342
32,1,403,3940.000000000001,4777.697643687222,0.1374339945768517,2.22574809071948,0.37093056350315146,1.2126136151490408
32,0,589,5800.000000000002,4777.697643687222,0.13757670900528043,2.7023786832519425,0.3062540151892378,0.8237409730495208
32,5,700,6910.000000000002,4777.697643687222,0.15812758669901528,3.77858580840449,0.41312126138733685,0.6914178934424342
32,3,70,610.0563920873398,4777.697643687222,0.15612958470101326,2.460746776214354,3.008851883861111,7.831567221744994
32,6,88,790.008464149783,4777.697643687222,0.09604681033252462,0.29199151731903816,0.16960556550097228,6.047653741063446
33,3,700,6910.000000000002,5221.088911088914,0.15612958470101326,2.7698008778343444,0.32675090165589304,0.7555845023283521
33,2,700,6910.000000000002,5221.088911088914,0.156272299129442,2.8638799946449227,0.33815815011098743,0.7555845023283521
33,6,440,4310.000000000002,5221.088911088914,0.09604681033252462,1.4860716482509067,0.17290458673361134,1.2113895385357103
33,1,558,5490.000000000002,5221.088911088914,0.1374339945768517,3.519580807323066,0.46001697196320135,0.9510180165917873
33,0,279,2700.0000000000164,5221.088911088914,0.13757670900528043,3.2302383308139344,0.859363309396221,1.933736633736623
33,5,525,5160.000000000001,5221.088911088914,0.15812758669901528,3.277737384398866,0.5244368314064208,1.0118389362575413
33,4,455,4460.000000000002,5221.088911088914,0.1584130155558727,3.141682582064716,0.5826119601548672,1.1706477379123121
34,2,700,6910.000000000002,5153.801172123587,0.156272299129442,3.158420625914133,0.3681303141073449,0.7458467687588402
34,4,455,4460.000000000002,5153.801172123587,0.1584130155558727,2.7649241557858355,0.5061355999530021,1.1555608009245706
34,3,700,6910.000000000002,5153.801172123587,0.15612958470101326,3.1447560701064106,0.36620290164770014,0.7458467687588402
34,0,620,6110.000000000002,5153.801172123587,0.13757670900528043,3.0111660281549626,0.3494347310199894,0.8435026468287374
34,1,93,840.0049979958054,5153.801172123587,0.1374339945768517,1.8882459603629784,1.5922033147589525,6.135441080017625
34,6,374,3650.000000000001,5153.801172123587,0.09604681033252462,1.3661605564134367,0.18527613588716907,1.4120003211297496
34,5,630,6210.000000000002,5153.801172123587,0.15812758669901528,3.153361298370985,0.4138256785424439,0.8299196734498527
35,1,217,2080.00000001059,3697.302148223536,0.1374339945768517,1.3885316246072794,0.3392122700819631,1.7775491097138034
35,6,440,4310.000000000002,3697.302148223536,0.09604681033252462,0.5814936314454259,0.047911038258445365,0.8578427258059245
35,4,700,6910.000000000002,3697.302148223536,0.1584130155558727,3.6170627876189867,0.3065870486049949,0.5350654338963148
35,0,620,6110.000000000002,3697.302148223536,0.13757670900528043,2.6533197233980306,0.22089110850726665,0.6051231011822479
35,3,35,262.252839954494,3697.302148223536,0.15612958470101326,2.4812052601289922,5.461508839761347,14.09823492803773
35,5,560,5510.000000000002,3697.302148223536,0.15812758669901528,3.0818127752398956,0.3269996127207886,0.6710167238155236
35,2,105,960.0014115816389,3697.302148223536,0.156272299129442,2.666308454938585,1.6047429005177678,3.8513507413828587
36,4,700,6910.000000000002,4376.570200078229,0.1584130155558727,4.3849172809109564,0.4399548583440886,0.6333676121676163
36,3,280,2710.0000000000146,4376.570200078229,0.15612958470101326,2.2403995817132882,0.5649048396979875,1.6149705535343932
36,1,310,3010.0000000000014,4376.570200078229,0.1374339945768517,4.084759674059372,0.8162591882632142,1.4540100332485806
36,6,44,350.8727963568088,4376.570200078229,0.09604681033252462,1.5030655039674077,1.8007153025682574,12.473381366469965
36,0,620,6110.000000000002,4376.570200078229,0.13757670900528043,4.7464939391253615,0.4677464884283398,0.716296268425242
36,2,315,3060.0000000000014,4376.570200078229,0.156272299129442,2.546472619893681,0.5691588393389191,1.4302516993719698
36,5,700,6910.000000000002,4376.570200078229,0.15812758669901528,4.664575896558983,0.4671707660189845,0.6333676121676163
37,4,700,6910.000000000002,3370.863549723348,0.1584130155558727,3.6361624892318716,0.2809941439863333,0.48782395799180134
37,1,620,6110.000000000002,3370.863549723348,0.1374339945768517,3.4589183406965582,0.2622614400130385,0.5516961619841811
37,6,440,4310.000000000002,3370.863549723348,0.09604681033252462,0.5914937694365284,0.04443211882055054,0.7821029117687579
37,3,35,262.252839954494,3370.863549723348,0.15612958470101326,1.8492748463308735,3.711142579910906,12.8534873075474
37,2,210,2010.0000000221403,3370.863549723348,0.156272299129442,2.1918024717881885,0.5744186468107543,1.6770465421324467
37,0,62,530.1310020508638,3370.863549723348,0.13757670900528043,1.6688665854984486,1.4599046976100885,6.358548239365047
37,5,385,3760.0000000000014,3370.863549723348,0.15812758669901528,2.9935863951337205,0.4243779077545859,0.8965062632242944
38,6,440,4310.000000000002,4672.593121168011,0.09604681033252462,3.8105981587691735,0.3967864155349727,1.0841283343777284
38,0,310,3010.0000000000014,4672.593121168011,0.13757670900528043,3.9642812065913895,0.8466440092810814,1.552356518660468
38,1,403,3940.000000000001,4672.593121168011,0.1374339945768517,3.892829972548728,0.6344849842397757,1.185937340397972
38,2,210,2010.0000000221403,4672.593121168011,0.156272299129442,2.856927264293383,1.0378703214000626,2.324673194585344
38,4,525,5160.000000000001,4672.593121168011,0.1584130155558727,4.633307926011985,0.6646458371391585,0.9055413025519399
38,3,700,6910.000000000002,4672.593121168011,0.15612958470101326,3.9315736099885523,0.41507973777526214,0.6762073981429826
38,5,700,6910.000000000002,4672.593121168011,0.15812758669901528,5.161509379243181,0.551904940378782,0.6762073981429826
39,2,700,6910.000000000002,4722.805235618244,0.156272299129442,3.4808252930036767,0.3717801654679172,0.6834739848941017
39,5,455,4460.000000000002,4722.805235618244,0.15812758669901528,4.500266237777978,0.7535481844227155,1.058924940721579
39,6,374,3650.000000000001,4722.805235618244,0.09604681033252462,1.0350259448273738,0.12862972898642486,1.2939192426351351
39,4,385,3760.0000000000014,4722.805235618244,0.1584130155558727,4.341610945790733,0.8638810667082052,1.2560652222388944
39,0,62,530.1310020508638,4722.805235618244,0.13757670900528043,1.1864449572402762,1.4541504590002607,8.90875126590901
39,1,620,6110.000000000002,4722.805235618244,0.1374339945768517,2.9152029145882614,0.30968615137853595,0.7729632136854735
39,3,700,6910.000000000002,4722.805235618244,0.15612958470101326,3.414365094581321,0.3643486385731473,0.6834739848941017
40,2,385,3760.0000000000014,4704.170115602195,0.156272299129442,2.9518527959222527,0.5771276364409336,1.2511090732984558
40,4,210,2010.0000000221403,4704.170115602195,0.1584130155558727,2.801885157470171,1.0387909398151696,2.340383142064865
40,1,372,3630.000000000001,4704.170115602195,0.1374339945768517,2.4267438165555073,0.4322096855399816,1.2959146323972988
40,3,700,6910.000000000002,4704.170115602195,0.15612958470101326,3.408482627851478,0.3622857571729913,0.6807771513172495
40,5,700,6910.000000000002,4704.170115602195,0.15812758669901528,4.05550189512573,0.43657335154510407,0.6807771513172495
40,6,308,2990.000000000002,4704.170115602195,0.09604681033252462,0.5639953444554939,0.08522564488071886,1.5733010420074223
40,0,620,6110.000000000002,4704.170115602195,0.13757670900528043,2.8881666412742315,0.30592077605494783,0.7699132758759728
41,1,558,5490.000000000002,4223.697838387299,0.1374339945768517,3.4999449971292265,0.37006318803371313,0.7693438685587064
41,2,700,6910.000000000002,4223.697838387299,0.156272299129442,3.8001831976591203,0.3629955734855235,0.6112442602586539
41,0,620,6110.000000000002,4223.697838387299,0.13757670900528043,3.6968929607520105,0.3515874980764546,0.6912762419619146
41,6,396,3870.0000000000014,4223.697838387299,0.09604681033252462,0.7450116896849135,0.0780958417440009,1.0913947902809555
41,4,700,6910.000000000002,4223.697838387299,0.1584130155558727,3.397593793195923,0.32898576741935115,0.6112442602586539
41,5,35,262.252839954494,4223.697838387299,0.15812758669901528,2.0702133212634193,5.272242567156306,16.105441752776418
41,3,35,262.252839954494,4223.697838387299,0.15612958470101326,1.9413577236555606,4.881613753555466,16.105441752776418
42,5,700,6910.000000000002,4169.40125701327,0.15812758669901528,7.536870396820238,0.7191083568559788,0.603386578438968
42,6,440,4310.000000000002,4169.40125701327,0.09604681033252462,11.640965240378158,1.081604192505941,0.9673784819056307
42,4,175,1660.0000008844675,4169.40125701327,0.1584130155558727,11.661685315569015,4.639997900582151,2.511687502886605
42,2,525,5160.000000000001,4169.40125701327,0.156272299129442,11.248220731408173,1.420331841306038,0.8080234994211762
42,1,527,5180.000000000002,4169.40125701327,0.1374339945768517,10.414152113434554,1.1520253076410518,0.804903717570129
42,0,620,6110.000000000002,4169.40125701327,0.13757670900528043,11.408402040533005,1.071031432892846,0.6823897310987347
42,3,35,262.252839954494,4169.40125701327,0.15612958470101326,10.727134037517654,26.62701021246752,15.898402693129054
43,2,525,5160.000000000001,4935.245652344376,0.156272299129442,4.45371518072821,0.6656769431649083,0.9564429558806928
43,6,418,4090.0000000000014,4935.245652344376,0.09604681033252462,2.650934625855748,0.30723269549124355,1.2066615286905562
43,1,620,6110.000000000002,4935.245652344376,0.1374339945768517,5.973242924246566,0.6630891341277411,0.8077325126586538
43,4,700,6910.000000000002,4935.245652344376,0.1584130155558727,4.0392432695405756,0.45700568071756975,0.7142178946952785
43,0,62,530.1310020508638,4935.245652344376,0.13757670900528043,2.7157071682535743,3.478191001102898,9.309483190479135
43,3,700,6910.000000000002,4935.245652344376,0.15612958470101326,5.097186483807901,0.5683900340333884,0.7142178946952785
43,5,420,4110.000000000002,4935.245652344376,0.15812758669901528,3.537804739010641,0.6717512062635491,1.2007896964341542
44,4,700,6910.000000000002,5280.1613473615835,0.1584130155558727,6.156252838768701,0.7452061933327202,0.7641333353634706
44,3,665,6560.000000000001,5280.1613473615835,0.15612958470101326,5.643326632040977,0.7091918668749511,0.8049026444148755
44,2,700,6910.000000000002,5280.1613473615835,0.156272299129442,6.5781942537625895,0.7855210760378315,0.7641333353634706
44,6,110,1010.0008335248422,5280.1613473615835,0.09604681033252462,8.152430935512236,4.093506991099749,5.227878207718045
44,1,620,6110.000000000002,5280.1613473615835,0.1374339945768517,6.829853147578475,0.8111693243364937,0.8641835265730903
44,5,525,5160.000000000001,5280.1613473615835,0.15812758669901528,6.839949474006074,1.106771656036455,1.0232870828220122
44,0,248,2390.0000000004047,5280.1613473615835,0.13757670900528043,7.446257618543139,2.263248631832266,2.209272530276439
45,0,620,6110.000000000002,4933.223918938216,0.13757670900528043,4.06158958105107,0.45115998237969496,0.8074016233941431
45,2,700,6910.000000000002,4933.223918938216,0.156272299129442,5.436247667008255,0.6065044855304323,0.7139253138839674
45,5,700,6910.000000000002,4933.223918938216,0.15812758669901528,7.066359258102857,0.7977303908241217,0.7139253138839674
45,4,350,3410.000000000001,4933.223918938216,0.1584130155558727,6.730744506608246,1.5425186237897244,1.4466932313601804
45,3,280,2710.0000000000146,4933.223918938216,0.15612958470101326,5.053602115836821,1.4363086893654198,1.8203778298664908
45,1,527,5180.000000000002,4933.223918938216,0.1374339945768517,3.9482749712031415,0.5167763488305545,0.9523598299108522
45,6,264,2550.0000000000755,4933.223918938216,0.09604681033252462,0.1775832421994948,0.03299708500844892,1.9345976152698314
46,6,440,4310.000000000002,4731.357214252544,0.09604681033252462,0.9929096847914523,0.10468902656379148,1.0977626947221675
46,1,527,5180.000000000002,4731.357214252544,0.1374339945768517,3.2869350032756746,0.4126114394658856,0.9133894236008768
46,2,420,4110.000000000002,4731.357214252544,0.156272299129442,2.704704293737307,0.4865704257157596,1.1511818039543897
46,0,186,1770.0000002775555,4731.357214252544,0.13757670900528043,1.9730226681651368,0.7255869499539306,2.6730831714749237
46,5,700,6910.000000000002,4731.357214252544,0.15812758669901528,4.096408842089951,0.44352553521577887,0.6847116084301798
46,3,350,3410.000000000001,4731.357214252544,0.15612958470101326,2.491346833806188,0.5396979344901243,1.3874947842382823
46,4,700,6910.000000000002,4731.357214252544,0.1584130155558727,4.050000113440192,0.43929229654856705,0.6847116084301798
47,1,93,840.0049979958054,5235.931898540027,0.1374339945768517,1.1575924131126354,0.9916580929241384,6.233215172567548
47,4,700,6910.000000000002,5235.931898540027,0.1584130155558727,4.166640015126145,0.5001413747524922,0.7577325468220008
47,0,589,5800.000000000002,5235.931898540027,0.13757670900528043,2.814357087208508,0.34953455148576845,0.902746879058625
47,2,525,5160.000000000001,5235.931898540027,0.156272299129442,3.1268632833990266,0.49583271967996595,1.0147154842131834
47,3,595,5860.000000000002,5235.931898540027,0.15612958470101326,3.264248117056642,0.45537034004234717,0.8935037369522227
47,5,700,6910.000000000002,5235.931898540027,0.15812758669901528,4.143855963373011,0.4965102700630092,0.7577325468220008
47,6,440,4310.000000000002,5235.931898540027,0.09604681033252462,1.0003623131217299,0.1167231469304616,1.2148333871322563
48,3,420,4110.000000000002,5027.188525759956,0.15612958470101326,2.682914008340977,0.5123601071523419,1.2231602252457308
48,0,341,3320.0000000000014,5027.188525759956,0.13757670900528043,1.6651959495069146,0.34689444924976065,1.5142134113734802
48,1,310,3010.0000000000014,5027.188525759956,0.1374339945768517,1.621429725998237,0.3721782392288043,1.6701623009169282
48,2,700,6910.000000000002,5027.188525759956,0.156272299129442,3.2405889148984133,0.3684283732311108,0.7275236650882713
48,6,440,4310.000000000002,5027.188525759956,0.09604681033252462,0.7243297491435701,0.08114601020892426,1.1664010500603141
48,5,595,5860.000000000002,5027.188525759956,0.15812758669901528,3.997371626394526,0.5422626904284681,0.8578820009829274
48,4,700,6910.000000000002,5027.188525759956,0.1584130155558727,4.143729268584828,0.4775615564609614,0.7275236650882713
49,0,620,6110.000000000002,4125.184815328135,0.13757670900528043,2.532693762134847,0.2352500895143037,0.6751529975987126
49,5,175,1660.0000008844675,4125.184815328135,0.15812758669901528,2.2393546203290433,0.8799658905175437,2.4850510922471014
49,1,620,6110.000000000002,4125.184815328135,0.1374339945768517,2.4416530155439276,0.22655847673703772,0.6751529975987126
49,2,210,2010.0000000221403,4125.184815328135,0.156272299129442,2.553320265711147,0.818907119716701,2.052330753871988
49,4,315,3060.0000000000014,4125.184815328135,0.1584130155558727,2.5650307418651646,0.5477790516012073,1.3480996128523313
49,3,630,6210.000000000002,4125.184815328135,0.15612958470101326,3.2287789270091483,0.33486929272967814,0.6642809686518735
49,6,440,4310.000000000002,4125.184815328135,0.09604681033252462,0.4784459884973258,0.04398271199372969,0.9571194467118639
50,0,434,4250.000000000002,5381.67404024547,0.13757670900528043,3.1497667030747194,0.5487212304203751,1.2662762447636393
50,3,700,6910.000000000002,5381.67404024547,0.15612958470101326,2.8657552353413545,0.34846859256049134,0.7788240289790836
50,6,352,3430.000000000001,5381.67404024547,0.09604681033252462,0.6760613893394705,0.10188080080109832,1.5690011779141306
50,5,315,3060.0000000000014,5381.67404024547,0.15812758669901528,1.8449099531420872,0.5130725499322386,1.7587170066161657
50,4,700,6910.000000000002,5381.67404024547,0.1584130155558727,2.745046063769936,0.33867242714164525,0.7788240289790836
50,2,630,6210.000000000002,5381.67404024547,0.156272299129442,2.7791773574596146,0.37637784733042107,0.8666141771731832
50,1,620,6110.000000000002,5381.67404024547,0.1374339945768517,3.6190944698502294,0.43809698946267955,0.880797715261124
51,1,527,5180.000000000002,5428.194662480451,0.1374339945768517,3.7695315267957445,0.5428842015677008,1.0479140275058783
51,0,558,5490.000000000002,5428.194662480451,0.13757670900528043,3.524747624964562,0.47946400878913015,0.9887421971731238
51,2,700,6910.000000000002,5428.194662480451,0.156272299129442,2.6572910249129036,0.3262109151776056,0.785556391097026
51,5,315,3060.0000000000014,5428.194662480451,0.15812758669901528,1.9358526940722263,0.5430176392017353,1.773919824340016
51,6,242,2330.000000000761,5428.194662480451,0.09604681033252462,0.728029590913017,0.16290389601185734,2.3296972800337676
51,3,700,6910.000000000002,5428.194662480451,0.15612958470101326,2.5888521944973726,0.31751907940207097,0.785556391097026
51,4,700,6910.000000000002,5428.194662480451,0.1584130155558727,2.8529067597049824,0.3550224409165225,0.785556391097026
52,4,280,2710.0000000000146,4083.212501783936,0.1584130155558727,2.2645910802472975,0.5405219628777368,1.506720480363068
52,2,700,6910.000000000002,4083.212501783936,0.156272299129442,2.59675231059736,0.23979297921513812,0.5909135313724942
52,1,620,6110.000000000002,4083.212501783936,0.1374339945768517,2.9880054144055914,0.2744329928698735,0.6682835518467979
52,3,315,3060.0000000000014,4083.212501783936,0.15612958470101326,1.7992580315569369,0.37485146319119494,1.3343831705176257
52,5,280,2710.0000000000146,4083.212501783936,0.15812758669901528,2.1852722429958775,0.5206500133594173,1.506720480363068
52,0,310,3010.0000000000014,4083.212501783936,0.13757670900528043,2.3066095912896865,0.430481504426887,1.3565490039149284
52,6,440,4310.000000000002,4083.212501783936,0.09604681033252462,0.6066311987296539,0.05519915138499851,0.9473810909011449
53,2,700,6910.000000000002,4845.962614336451,0.156272299129442,2.6572778731300093,0.2912198573775861,0.7012970498316136
53,0,558,5490.000000000002,4845.962614336451,0.13757670900528043,2.4038752984316942,0.29192048108021823,0.8826890007898816
53,1,279,2700.0000000000164,4845.962614336451,0.1374339945768517,1.914762324568152,0.4723080398178472,1.7948009682727488
53,3,140,1310.0000353340838,4845.962614336451,0.15612958470101326,1.899170583600074,1.0968770032106716,3.6992080027697143
53,4,700,6910.000000000002,4845.962614336451,0.1584130155558727,2.7260665467027256,0.30285121932360165,0.7012970498316136
53,5,595,5860.000000000002,4845.962614336451,0.15812758669901528,2.5472128065746795,0.33308518441123164,0.8269560775318173
53,6,440,4310.000000000002,4845.962614336451,0.09604681033252462,0.7982823894108002,0.08620695087937592,1.1243532747880391
54,1,279,2700.0000000000164,4227.20016350534,0.1374339945768517,2.0260256317929675,0.4359414392141132,1.5656296901871536
54,2,105,960.0014115816389,4227.20016350534,0.156272299129442,1.3924186872352051,0.9581484160290824,4.403327029010162
54,0,310,3010.0000000000014,4227.20016350534,0.13757670900528043,1.940952488623509,0.3750128404525629,1.404385436380511
54,3,700,6910.000000000002,4227.20016350534,0.15612958470101326,2.301404161590001,0.21981274207893906,0.6117511090456352
54,4,455,4460.000000000002,4227.20016350534,0.1584130155558727,2.7127347418982,0.40730162682908183,0.9478027272433495
54,5,700,6910.000000000002,4227.20016350534,0.15812758669901528,3.053919232674587,0.2954200418291876,0.6117511090456352
54,6,440,4310.000000000002,4227.20016350534,0.09604681033252462,0.6933334624883903,0.0653131530847143,0.9807889010453221
55,2,315,3060.0000000000014,4615.578707007336,0.156272299129442,1.1789137052591532,0.27788733441887836,1.50835905457756
55,0,620,6110.000000000002,4615.578707007336,0.13757670900528043,2.7608458737856854,0.2869274045326381,0.7554138636673214
55,6,440,4310.000000000002,4615.578707007336,0.09604681033252462,0.6726335873884558,0.0691847518203156,1.070899932020263
55,5,630,6210.000000000002,4615.578707007336,0.15812758669901528,3.2246682418364943,0.37898955799652606,0.7432493892121311
55,3,315,3060.0000000000014,4615.578707007336,0.15612958470101326,1.2545461768669113,0.29544496321929153,1.50835905457756
55,1,248,2390.0000000004047,4615.578707007336,0.1374339945768517,2.128149487829899,0.5648388507657593,1.9312044799190602
55,4,700,6910.000000000002,4615.578707007336,0.1584130155558727,3.302460681545835,0.34944322980603826,0.6679563975408588
56,0,589,5800.000000000002,5393.7662337663205,0.13757670900528043,2.4513186288387208,0.31362365272877535,0.9299596954769516
56,6,308,2990.000000000002,5393.7662337663205,0.09604681033252462,0.5880687287824636,0.10189009437254644,1.803935195239571
56,3,700,6910.000000000002,5393.7662337663205,0.15612958470101326,1.998041551614995,0.24350270663615373,0.7805739846260954
56,4,700,6910.000000000002,5393.7662337663205,0.1584130155558727,3.2484832090728535,0.40168495013152966,0.7805739846260954
56,2,245,2360.000000000555,5393.7662337663205,0.156272299129442,1.3680029927093424,0.48859516651586216,2.2854941668495985
56,5,595,5860.000000000002,5393.7662337663205,0.15812758669901528,3.138171970554908,0.4567503471581641,0.9204379238509076
56,1,620,6110.000000000002,5393.7662337663205,0.1374339945768517,2.355401945242362,0.2857657059439394,0.8827767976704286
57,6,330,3210.000000000001,4196.293157213089,0.09604681033252462,0.5995553666932151,0.07527885935189453,1.3072564352688747
57,5,700,6910.000000000002,4196.293157213089,0.15812758669901528,2.952747299431138,0.28354480670541365,0.6072783150814889
57,2,105,960.0014115816389,4196.293157213089,0.156272299129442,1.4847665238479237,1.0142245484906507,4.37113227812815
57,3,35,262.252839954494,4196.293157213089,0.15612958470101326,1.2122584689335618,3.028489360367825,16.00094457677266
57,4,700,6910.000000000002,4196.293157213089,0.1584130155558727,2.9108873323154034,0.280029658564608,0.6072783150814889
57,0,496,4870.000000000001,4196.293157213089,0.13757670900528043,2.035343437734421,0.24127897393574882,0.8616618392634678
57,1,620,6110.000000000002,4196.293157213089,0.1374339945768517,2.245214298184762,0.21192226133229788,0.6867910240937951
58,6,22,138.8629381196525,4033.779518740834,0.09604681033252462,1.952155069429929,5.446569705795598,29.04864014374441
58,5,700,6910.000000000002,4033.779518740834,0.15812758669901528,5.073315502968127,0.4683102069343797,0.5837596988047515
58,3,70,610.0563920873398,4033.779518740834,0.15612958470101326,1.239299757426939,1.2793923329273,6.612142043031542
58,0,465,4560.000000000002,4033.779518740834,0.13757670900528043,4.070141618040682,0.4953381191780337,0.8846007716536913
58,4,700,6910.000000000002,4033.779518740834,0.1584130155558727,5.047736857589142,0.4667901435523601,0.5837596988047515
58,1,31,223.43368382029254,4033.779518740834,0.1374339945768517,3.5353351091046106,8.771790817959385,18.05358730953565
58,2,700,6910.000000000002,4033.779518740834,0.156272299129442,2.0847761085995837,0.19018468091742846,0.5837596988047515
59,2,245,2360.000000000555,4536.286663672057,0.156272299129442,11.335938324336801,3.4050850539152173,1.9221553659622843
59,5,700,6910.000000000002,4536.286663672057,0.15812758669901528,8.805802325357881,0.9141111765185465,0.6564814274489228
59,0,620,6110.000000000002,4536.286663672057,0.13757670900528043,8.769490280771347,0.895732946566682,0.7424364424995181
59,4,35,262.252839954494,4536.286663672057,0.1584130155558727,8.402179296465622,23.023062769838358,17.297378607832012
59,6,440,4310.000000000002,4536.286663672057,0.09604681033252462,1.1495273188654829,0.11620517385242307,1.052502706188412
59,1,558,5490.000000000002,4536.286663672057,0.1374339945768517,10.155793865692953,1.1532838059126258,0.8262817238018316
59,3,665,6560.000000000001,4536.286663672057,0.15612958470101326,10.090544316303355,1.0894227758890767,0.6915071133646428
60,0,341,3320.0000000000014,4671.649784321904,0.13757670900528043,5.530395672251406,1.0706149773852005,1.407123429012621
60,4,525,5160.000000000001,4671.649784321904,0.1584130155558727,4.010999762009878,0.575259863396587,0.9053584853337021
60,2,140,1310.0000353340838,4671.649784321904,0.156272299129442,4.397996407028885,2.450957849274511,3.566144777340035
60,6,198,1890.0000000783903,4671.649784321904,0.09604681033252462,4.564535576955834,1.0836474587814242,2.471772372554572
60,1,620,6110.000000000002,4671.649784321904,0.1374339945768517,6.839995145474276,0.7187519414840806,0.7645907993980201
60,5,700,6910.000000000002,4671.649784321904,0.15812758669901528,4.103841083318043,0.43872300553376137,0.676070880509682
60,3,700,6910.000000000002,4671.649784321904,0.15612958470101326,5.788681968311683,0.6110223906016635,0.676070880509682
61,0,279,2700.0000000000164,4967.311939111539,0.13757670900528043,13.358967282230875,3.381235906892966,1.839745162633892
61,6,22,138.8629381196525,4967.311939111539,0.09604681033252462,11.756734512169013,40.39287278284166,35.77132967495913
61,1,620,6110.000000000002,4967.311939111539,0.1374339945768517,13.67837250337226,1.528300727820279,0.8129806774323302
61,5,595,5860.000000000002,4967.311939111539,0.15812758669901528,9.372021753348111,1.2562172383519257,0.847664153432003
61,3,420,4110.000000000002,4967.311939111539,0.15612958470101326,11.361602147793066,2.143899356250546,1.208591712679206
61,2,700,6910.000000000002,4967.311939111539,0.156272299129442,12.447158614954548,1.398284720400671,0.7188584571796726
61,4,700,6910.000000000002,4967.311939111539,0.1584130155558727,9.515151544046224,1.0835524969673287,0.7188584571796726
62,0,620,6110.000000000002,3587.8989869489687,0.13757670900528043,9.358510539087597,0.7560502257894561,0.5872175101389473
62,5,105,960.0014115816389,3587.8989869489687,0.15812758669901528,4.373891164860889,2.5849012174837864,3.7373892826238335
62,4,280,2710.0000000000146,3587.8989869489687,0.1584130155558727,4.846194107884859,1.016395147949796,1.323947965663819
62,2,700,6910.000000000002,3587.8989869489687,0.156272299129442,3.3905191202972067,0.27511252295472294,0.519232849051949
62,3,420,4110.000000000002,3587.8989869489687,0.15612958470101326,2.9162505917170023,0.39747372970510786,0.8729681233452475
62,6,440,4310.000000000002,3587.8989869489687,0.09604681033252462,0.1952408382266477,0.015610490438485584,0.8324591617050968
62,1,31,223.43368382029254,3587.8989869489687,0.1374339945768517,5.71679146302319,12.616476454257741,16.058003992964245
63,1,620,6110.000000000002,5558.95104895105,0.1374339945768517,9.060531555175729,1.1329206330533708,0.9098119556384695
63,3,665,6560.000000000001,5558.95104895105,0.15612958470101326,2.5032409749635534,0.33118973978209676,0.847401074535221
63,6,440,4310.000000000002,5558.95104895105,0.09604681033252462,1.8303037371383084,0.22673663280303674,1.2897798257427024
63,5,525,5160.000000000001,5558.95104895105,0.15812758669901528,1.9361593765564185,0.329831321462235,1.0773160947579552
63,2,490,4810.000000000001,5558.95104895105,0.156272299129442,2.2913750240785746,0.41383379154370437,1.155707078784002
63,0,620,6110.000000000002,5558.95104895105,0.13757670900528043,9.123778126214571,1.1420135882273654,0.9098119556384695
63,4,560,5510.000000000002,5558.95104895105,0.1584130155558727,2.0318898029725414,0.3247373654673492,1.0088840379221504
64,6,44,350.8727963568088,5306.414641351243,0.09604681033252462,1.105492729498023,1.6057958157569256,15.123471230739288
64,2,280,2710.0000000000146,5306.414641351243,0.156272299129442,8.189942673488638,2.50607898834417,1.9580865835244332
64,4,700,6910.000000000002,5306.414641351243,0.1584130155558727,17.930510563362063,2.1812560686401374,0.767932654320006
64,3,665,6560.000000000001,5306.414641351243,0.15612958470101326,8.39081436813175,1.0597090930891988,0.8089046709376894
64,1,589,5800.000000000002,5306.414641351243,0.1374339945768517,12.895668942686875,1.6214786476443481,0.9148990760950415
64,5,700,6910.000000000002,5306.414641351243,0.15812758669901528,14.32354867128627,1.7393276711100767,0.767932654320006
64,0,620,6110.000000000002,5306.414641351243,0.13757670900528043,12.374621574912636,1.4785527232755709,0.8684803013668152
65,3,245,2360.000000000555,4087.4513435258796,0.15612958470101326,1.9611354192860702,0.5303143521858465,1.7319709082732706
65,2,700,6910.000000000002,4087.4513435258796,0.156272299129442,2.9649330502618296,0.2740762739397033,0.5915269672251633
65,0,279,2700.0000000000164,4087.4513435258796,0.13757670900528043,3.0342033412826632,0.6319437608422068,1.5138708679725388
65,5,105,960.0014115816389,4087.4513435258796,0.15812758669901528,2.199679915241127,1.4809754406469118,4.257755555579494
65,6,198,1890.0000000783903,4087.4513435258796,0.09604681033252462,2.537672088145991,0.5271196927010654,2.1626726684425117
65,4,700,6910.000000000002,4087.4513435258796,0.1584130155558727,3.790999817036281,0.35523780123021387,0.5915269672251633
65,1,620,6110.000000000002,4087.4513435258796,0.1374339945768517,3.5115072315285696,0.32284875980025896,0.6689773066327133
66,3,665,6560.000000000001,5255.648637077212,0.15612958470101326,4.0134438427688215,0.5020244612635593,0.8011659507739651
66,1,620,6110.000000000002,5255.648637077212,0.1374339945768517,1.9298956415793076,0.22814613076023665,0.8601716263628822
66,0,279,2700.0000000000164,5255.648637077212,0.13757670900528043,1.4688301781874886,0.39334991634934935,1.9465365322508075
66,5,700,6910.000000000002,5255.648637077212,0.15812758669901528,4.329704604141775,0.5207319032154273,0.7605859098519842
66,2,490,4810.000000000001,5255.648637077212,0.156272299129442,3.814054686339402,0.6512536405924756,1.0926504442987963
66,6,440,4310.000000000002,5255.648637077212,0.09604681033252462,1.5860059961611424,0.18575342256938143,1.2194080364448283
66,4,490,4810.000000000001,5255.648637077212,0.1584130155558727,4.103334410365541,0.710246365765323,1.0926504442987963
67,6,396,3870.0000000000014,5078.428714146461,0.09604681033252462,0.8300729189917805,0.1046206918474988,1.3122554816915915
67,5,490,4810.000000000001,5078.428714146461,0.15812758669901528,5.136818633644451,0.8576027391467018,1.0558063854774344
67,3,700,6910.000000000002,5078.428714146461,0.15612958470101326,5.632408987660414,0.6462948579398655,0.7349390324379826
67,0,620,6110.000000000002,5078.428714146461,0.13757670900528043,1.6183777856057988,0.18506017790846027,0.8311667289928739
67,1,620,6110.000000000002,5078.428714146461,0.1374339945768517,1.6687137926336926,0.19061811722800617,0.8311667289928739
67,2,210,2010.0000000221403,5078.428714146461,0.156272299129442,4.912234439039353,1.9395205722486588,2.5265814497962795
67,4,560,5510.000000000002,5078.428714146461,0.1584130155558727,5.195958122579162,0.7586374281461729,0.9216749027489037
68,5,630,6210.000000000002,5537.997716607331,0.15812758669901528,4.783143041017685,0.6745003569058798,0.8917870719174444
68,0,186,1770.0000002775555,5537.997716607331,0.13757670900528043,1.6278325640866174,0.7007032864425717,3.1288122687790465
68,4,700,6910.000000000002,5537.997716607331,0.1584130155558727,4.902842828637795,0.6224630228726744,0.8014468475553299
68,3,630,6210.000000000002,5537.997716607331,0.15612958470101326,4.320523700218481,0.6015652882354688,0.8917870719174444
68,6,440,4310.000000000002,5537.997716607331,0.09604681033252462,1.0561787015198012,0.13034544357643768,1.2849182637139975
68,1,558,5490.000000000002,5537.997716607331,0.1374339945768517,1.750177695256735,0.24263684057366747,1.0087427534803879
68,2,700,6910.000000000002,5537.997716607331,0.156272299129442,4.408276420552155,0.5521099141205081,0.8014468475553299
69,5,210,2010.0000000221403,4206.873132474007,0.15812758669901528,3.9941273070672043,1.3218826543748465,2.092971707675457
69,6,440,4310.000000000002,4206.873132474007,0.09604681033252462,1.95731586808011,0.18349574947855296,0.976072652546173
69,0,620,6110.000000000002,4206.873132474007,0.13757670900528043,1.94054870462454,0.18381784426150174,0.6885226076062203
69,2,700,6910.000000000002,4206.873132474007,0.156272299129442,2.924515241991319,0.2782385225641255,0.6088094258283656
69,1,403,3940.000000000001,4206.873132474007,0.1374339945768517,1.6185597044039555,0.23751228997300283,1.067734297582235
69,3,525,5160.000000000001,4206.873132474007,0.15612958470101326,2.6498634299864703,0.33730160646549007,0.8152854907895362
69,4,140,1310.0000353340838,4206.873132474007,0.1584130155558727,3.590582357616093,1.8266017175267892,3.211353449621203
70,3,420,4110.000000000002,5297.02012273441,0.15612958470101326,3.0485188187286862,0.6134284098560587,1.2888126819305128
70,1,465,4560.000000000002,5297.02012273441,0.1374339945768517,5.056682390507354,0.807284522709521,1.1616272198978963
70,6,330,3210.000000000001,5297.02012273441,0.09604681033252462,3.6886449667996732,0.5846236679090406,1.6501620320044885
70,0,620,6110.000000000002,5297.02012273441,0.13757670900528043,5.465334463215452,0.6518566098497612,0.866942736945075
70,4,700,6910.000000000002,5297.02012273441,0.1584130155558727,3.5726766960744882,0.4338485535501348,0.7665731002509998
70,5,455,4460.000000000002,5297.02012273441,0.15812758669901528,2.966865371755875,0.557188631285541,1.1876726732588359
70,2,700,6910.000000000002,5297.02012273441,0.156272299129442,3.5571109806283703,0.42612105375069137,0.7665731002509998
71,5,700,6910.000000000002,4003.4070846695017,0.15812758669901528,2.7355311207859714,0.2506115074417336,0.5793642669565124
71,1,620,6110.000000000002,4003.4070846695017,0.1374339945768517,6.512544099526832,0.5864532398940631,0.655222108783879
71,3,70,610.0563920873398,4003.4070846695017,0.15612958470101326,2.3847458171355114,2.443357816134974,6.562355770048791
71,4,700,6910.000000000002,4003.4070846695017,0.1584130155558727,2.760447339474065,0.25335065644786015,0.5793642669565124
71,0,310,3010.0000000000014,4003.4070846695017,0.13757670900528043,5.430169431230012,0.9936228145917712,1.3300355763021594
71,6,396,3870.0000000000014,4003.4070846695017,0.09604681033252462,3.9770000721813994,0.3951457670474425,1.0344721149016796
71,2,70,610.0563920873398,4003.4070846695017,0.156272299129442,2.3700487236616294,2.4305191514391815,6.562355770048791
72,1,465,4560.000000000002,4516.857651898905,0.1374339945768517,5.453420307577848,0.7423944252873577,0.9905389587497594
72,4,105,960.0014115816389,4516.857651898905,0.1584130155558727,3.517442817512923,2.621696653036981,4.7050531357628005
72,0,620,6110.000000000002,4516.857651898905,0.13757670900528043,5.746937919375924,0.5844893684183654,0.7392565715055488
72,6,440,4310.000000000002,4516.857651898905,0.09604681033252462,1.636841067044799,0.16475878978077693,1.0479948148257314
72,2,700,6910.000000000002,4516.857651898905,0.156272299129442,1.9965484654563967,0.20394835903964129,0.6536697036033146
72,3,350,3410.000000000001,4516.857651898905,0.15612958470101326,1.6622003771390967,0.34375625240959923,1.324591686773872
72,5,560,5510.000000000002,4516.857651898905,0.15812758669901528,4.92603622875781,0.6385428549206223,0.8197563796549734
73,2,700,6910.000000000002,5423.390894819468,0.156272299129442,2.320587150165573,0.2846248043216471,0.784861200408027
73,0,496,4870.000000000001,5423.390894819468,0.13757670900528043,4.56875932841162,0.6999792142033746,1.113632627272991
73,5,700,6910.000000000002,5423.390894819468,0.15812758669901528,5.848089378318025,0.7257958901259611,0.784861200408027
73,1,403,3940.000000000001,5423.390894819468,0.1374339945768517,4.369971963157732,0.826699178553447,1.3764951509694077
73,6,440,4310.000000000002,5423.390894819468,0.09604681033252462,1.4074007082805169,0.1700960973933636,1.2583273537864188
73,3,420,4110.000000000002,5423.390894819468,0.15612958470101326,2.037976431910366,0.4198686489110194,1.3195598284232275
73,4,630,6210.000000000002,5423.390894819468,0.1584130155558727,5.7591363293599755,0.7967600092350513,0.873331867120687
74,1,186,1770.0000002775555,4646.450692203125,0.1374339945768517,1.6783802932055218,0.6055257379252608,2.6251133850138477
74,4,700,6910.000000000002,4646.450692203125,0.1584130155558727,5.454157569816917,0.5809808628291989,0.6724241233289615
74,0,620,6110.000000000002,4646.450692203125,0.13757670900528043,2.7515912220941496,0.28787831651096774,0.7604665617353721
74,6,396,3870.0000000000014,4646.450692203125,0.09604681033252462,1.9074133074669395,0.21995716970819962,1.2006332537992568
74,3,700,6910.000000000002,4646.450692203125,0.15612958470101326,3.6164513407178833,0.37967422575202114,0.6724241233289615
74,2,315,3060.0000000000014,4646.450692203125,0.156272299129442,2.898979895060363,0.6879028543069603,1.5184479386284715
74,5,350,3410.000000000001,4646.450692203125,0.15812758669901528,4.862355597574085,1.0476622936992255,1.362595510910007
75,1,620,6110.000000000002,4294.843425618007,0.1374339945768517,2.130228878886369,0.20579108789764144,0.7029203642582661
75,5,420,4110.000000000002,4294.843425618007,0.15812758669901528,4.238371355087816,0.7003452097258687,1.044974069493432
75,2,700,6910.000000000002,4294.843425618007,0.156272299129442,5.325433513560755,0.5172568574724637,0.6215402931429821
75,0,279,2700.0000000000164,4294.843425618007,0.13757670900528043,1.376247295013153,0.30117919370150203,1.5906827502288818
75,4,700,6910.000000000002,4294.843425618007,0.1584130155558727,4.76686854615849,0.4693462208711693,0.6215402931429821
75,3,140,1310.0000353340838,4294.843425618007,0.15612958470101326,3.451455270107124,1.766702738475601,3.2785063433396866
75,6,66,570.0859504455718,4294.843425618007,0.09604681033252462,1.7000776764198526,1.2301518072599944,7.533677022317797
76,4,70,610.0563920873398,4374.170491560884,0.1584130155558727,1.1176475325834925,1.2694670984402006,7.170108449473715
76,6,440,4310.000000000002,4374.170491560884,0.09604681033252462,2.651364913194045,0.25844663846212296,1.014888745141736
76,0,527,5180.000000000002,4374.170491560884,0.13757670900528043,3.0200319602067167,0.35085074427189855,0.8444344578302863
76,5,140,1310.0000353340838,4374.170491560884,0.15812758669901528,1.489968301565215,0.7866998567542759,3.3390613538764966
76,3,665,6560.000000000001,4374.170491560884,0.15612958470101326,4.64333364753385,0.4834003524290316,0.6667942822501347
76,2,700,6910.000000000002,4374.170491560884,0.156272299129442,4.724992250507874,0.4674129722696738,0.6330203316296502
76,1,620,6110.000000000002,4374.170491560884,0.1374339945768517,3.206855363668513,0.3155208320945232,0.7159035174404064
77,0,620,6110.000000000002,4708.602832109353,0.13757670900528043,5.899782360172995,0.6255063986857552,0.7706387613926925
77,1,403,3940.000000000001,4708.602832109353,0.1374339945768517,5.375599331299872,0.8829109408693154,1.1950768609414597
77,5,140,1310.0000353340838,4708.602832109353,0.15812758669901528,0.6005127276408196,0.3413112564679419,3.594353210004714
77,3,525,5160.000000000001,4708.602832109353,0.15612958470101326,4.842570546643607,0.689927599569126,0.9125199287033627
77,6,154,1450.0000080833054,4708.602832109353,0.09604681033252462,2.3961839574424704,0.7473553672056787,3.2473122799036798
77,2,700,6910.000000000002,4708.602832109353,0.156272299129442,5.140679990300595,0.5474148612524646,0.681418644299472
77,4,700,6910.000000000002,4708.602832109353,0.1584130155558727,2.2465081407008474,0.2425006293884615,0.681418644299472
78,6,440,4310.000000000002,4633.439417725135,0.09604681033252462,2.1138054302197906,0.21826001202639453,1.0750439484281051
78,3,280,2710.0000000000146,4633.439417725135,0.15612958470101326,3.383426642837852,0.9031838586849854,1.7097562427029926
78,5,700,6910.000000000002,4633.439417725135,0.15812758669901528,2.667867110706989,0.2828767655800571,0.6705411603075447
78,2,700,6910.000000000002,4633.439417725135,0.156272299129442,4.256197614169273,0.4459942167746651,0.6705411603075447
78,1,310,3010.0000000000014,4633.439417725135,0.1374339945768517,5.518782620244793,1.167547211595721,1.5393486437625026
78,0,496,4870.000000000001,4633.439417725135,0.13757670900528043,6.189119238316075,0.8101180226163198,0.9514249317710748
78,4,350,3410.000000000001,4633.439417725135,0.1584130155558727,1.783703866806156,0.3839394382186439,1.3587798878959336
79,3,490,4810.000000000001,4512.198025810707,0.15612958470101326,2.2539862946401246,0.33012586358441787,0.9380869076529534
79,1,620,6110.000000000002,4512.198025810707,0.1374339945768517,5.473859228539626,0.5555648172919592,0.7384939485778569
79,4,105,960.0014115816389,4512.198025810707,0.1584130155558727,2.6950915254445564,2.006691722719454,4.700199365724566
79,6,440,4310.000000000002,4512.198025810707,0.09604681033252462,1.5221656608969591,0.15305789917764567,1.0469136950836901
79,2,350,3410.000000000001,4512.198025810707,0.156272299129442,1.9638411662046409,0.4060898487898378,1.3232252275104708
79,5,630,6210.000000000002,4512.198025810707,0.15812758669901528,3.9363343229436905,0.45226832327315025,0.726601936523463
79,0,620,6110.000000000002,4512.198025810707,0.13757670900528043,5.471008972541093,0.5558521430224964,0.7384939485778569
80,6,440,4310.000000000002,4996.901695965243,0.09604681033252462,2.82842170031582,0.314956548711029,1.1593739433794061
80,4,630,6210.000000000002,4996.901695965243,0.1584130155558727,4.421484107276241,0.563596302296933,0.8046540573212949
80,5,700,6910.000000000002,4996.901695965243,0.15812758669901528,4.543743242181064,0.519570139405287,0.7231406217026398
80,3,700,6910.000000000002,4996.901695965243,0.15612958470101326,2.269885917197936,0.2562783936652064,0.7231406217026398
80,2,420,4110.000000000002,4996.901695965243,0.156272299129442,1.7378856150852682,0.3301886753242386,1.2157911669015184
80,0,465,4560.000000000002,4996.901695965243,0.13757670900528043,3.931071647783182,0.5926411982363808,1.0958117754309737
80,1,124,1150.0001906837483,4996.901695965243,0.1374339945768517,2.175825654789217,1.2993350566208972,4.345131189060297
81,1,620,6110.000000000002,4460.665057123756,0.1374339945768517,2.758680315507582,0.27679226497923143,0.7300597474834296
81,0,310,3010.0000000000014,4460.665057123756,0.13757670900528043,2.020055166767916,0.4118520811894721,1.48194852396138
81,2,385,3760.0000000000014,4460.665057123756,0.156272299129442,3.8881745941524817,0.7208410806596474,1.186347089660573
81,5,700,6910.000000000002,4460.665057123756,0.15812758669901528,5.256157679295463,0.5365344280569686,0.6455376348948993
81,6,132,1230.0000820831015,4460.665057123756,0.09604681033252462,2.7261837567912384,0.9495821587549406,3.626556714995718
81,4,700,6910.000000000002,4460.665057123756,0.1584130155558727,5.266751337242042,0.5385862257775484,0.6455376348948993
81,3,210,2010.0000000221403,4460.665057123756,0.15612958470101326,3.250902330842411,1.1264001070485588,2.219236346803294
82,3,140,1310.0000353340838,3984.504152935396,0.15612958470101326,3.204887505123376,1.521952053288402,3.041606141574832
82,4,700,6910.000000000002,3984.504152935396,0.1584130155558727,4.943262585357511,0.4515447305114143,0.5766286762569313
82,6,110,1010.0008335248422,3984.504152935396,0.09604681033252462,1.491604346874973,0.5651830629073241,3.9450503610276404
82,1,620,6110.000000000002,3984.504152935396,0.1374339945768517,1.9130997237936218,0.17146080256057103,0.6521283392692954
82,0,620,6110.000000000002,3984.504152935396,0.13757670900528043,1.9159754190777667,0.17189685184408637,0.6521283392692954
82,5,350,3410.000000000001,3984.504152935396,0.15812758669901528,4.2470491822127805,0.7847202104768483,1.1684762911834004
82,2,245,2360.000000000555,3984.504152935396,0.156272299129442,3.7639123201325324,0.9930789595743197,1.68834921734511
83,3,105,960.0014115816389,3962.7474732770197,0.15612958470101326,2.610857466753391,1.6826465285393242,4.127855881741093
83,0,620,6110.000000000002,3962.7474732770197,0.13757670900528043,3.6638993453278137,0.3269216168355775,0.6485675079013123
83,5,385,3760.0000000000014,3962.7474732770197,0.15812758669901528,3.6611619672045537,0.6101479239209089,1.0539222003396325
83,4,175,1660.0000008844675,3962.7474732770197,0.1584130155558727,3.280110753936848,1.2404169118996415,2.387197271786519
83,2,560,5510.000000000002,3962.7474732770197,0.156272299129442,3.269610428240979,0.3674707793401253,0.7191919189250487
83,1,620,6110.000000000002,3962.7474732770197,0.1374339945768517,3.6292321587235614,0.32349241910629806,0.6485675079013123
83,6,440,4310.000000000002,3962.7474732770197,0.09604681033252462,1.1039013919936544,0.09748377873728527,0.9194309682777304
84,4,700,6910.000000000002,4967.857882664384,0.1584130155558727,3.67285951181149,0.4182984872521615,0.7189374649297225
84,6,308,2990.000000000002,4967.857882664384,0.09604681033252462,2.3358074400819184,0.37275026352628865,1.6614909306569836
84,3,700,6910.000000000002,4967.857882664384,0.15612958470101326,2.6019492625724494,0.29206206001716856,0.7189374649297225
84,5,700,6910.000000000002,4967.857882664384,0.15812758669901528,3.652121170285199,0.41518718185319853,0.7189374649297225
84,2,630,6210.000000000002,4967.857882664384,0.156272299129442,2.4715591999332482,0.3089801517777545,0.7999771147607702
84,1,217,2080.00000001059,4967.857882664384,0.1374339945768517,4.367753247554626,1.433699366325716,2.388393212807255
84,0,124,1150.0001906837483,4967.857882664384,0.13757670900528043,2.961586268301937,1.7601130183699643,4.319875703421125
85,0,558,5490.000000000002,4101.1825526892835,0.13757670900528043,5.430763614034833,0.558139260539609,0.7470277873750969
85,3,210,2010.0000000221403,4101.1825526892835,0.15612958470101326,2.075981609924412,0.661335369442628,2.040389329673686
85,6,440,4310.000000000002,4101.1825526892835,0.09604681033252462,3.655478611934729,0.3340865755279524,0.9515504762620144
85,4,700,6910.000000000002,4101.1825526892835,0.1584130155558727,3.465413677742318,0.32581944550050795,0.5935141176106052
85,2,420,4110.000000000002,4101.1825526892835,0.156272299129442,2.7605326205071723,0.43046928046552796,0.9978546356908228
85,1,620,6110.000000000002,4101.1825526892835,0.1374339945768517,5.566450124757243,0.5134999228310364,0.671224640374678
85,5,35,262.252839954494,4101.1825526892835,0.15812758669901528,0.6735872360283904,1.6656754819061026,15.638276990254592
86,1,620,6110.000000000002,4263.586419103113,0.1374339945768517,3.9198465156441995,0.3759214366978287,0.6978046512443719
86,2,280,2710.0000000000146,4263.586419103113,0.156272299129442,3.4641675220389407,0.8517000381014473,1.5732791214402548
86,6,286,2770.000000000008,4263.586419103113,0.09604681033252462,2.278328502856863,0.3368174559645224,1.539200873322419
86,4,700,6910.000000000002,4263.586419103113,0.1584130155558727,2.617391970790663,0.255833050859564,0.617016847916514
86,5,385,3760.0000000000014,4263.586419103113,0.15812758669901528,1.8981641133201088,0.3403522504143581,1.1339325582721043
86,3,140,1310.0000353340838,4263.586419103113,0.15612958470101326,2.7950827936117935,1.4203116326573528,3.254646033666548
86,0,620,6110.000000000002,4263.586419103113,0.13757670900528043,3.9051215484854818,0.37489818023695054,0.6978046512443719
87,5,595,5860.000000000002,5476.196661258754,0.15812758669901528,3.734084943236139,0.551789276469484,0.9345045497028588
87,0,620,6110.000000000002,5476.196661258754,0.13757670900528043,2.6561718190935695,0.3275208157412286,0.8962678659997958
87,2,665,6560.000000000001,5476.196661258754,0.156272299129442,4.376134653117021,0.5708840050280053,0.8347860764113954
87,1,279,2700.0000000000164,5476.196661258754,0.1374339945768517,2.033716568979272,0.5668913998829831,2.028220985651378
87,6,154,1450.0000080833054,5476.196661258754,0.09604681033252462,0.934190512700117,0.3388671192204145,3.7766873315383704
87,3,700,6910.000000000002,5476.196661258754,0.15612958470101326,4.4166636400294434,0.5464878606053609,0.7925031347697181
87,4,700,6910.000000000002,5476.196661258754,0.1584130155558727,3.89391981319395,0.4888536407782094,0.7925031347697181
88,6,66,570.0859504455718,4870.300819844423,0.09604681033252462,0.3425711646719005,0.28109246211950545,8.543099187127588
88,0,341,3320.0000000000014,4870.300819844423,0.13757670900528043,2.160090036181242,0.4359477826941484,1.4669580782663918
88,1,620,6110.000000000002,4870.300819844423,0.1374339945768517,2.4724610759444814,0.27085584335265417,0.7971032438370576
88,5,350,3410.000000000001,4870.300819844423,0.15812758669901528,4.530364221398365,1.0231567398872885,1.4282407096317953
88,2,525,5160.000000000001,4870.300819844423,0.156272299129442,4.119096476224785,0.607561227392971,0.9438567480318648
88,3,700,6910.000000000002,4870.300819844423,0.15612958470101326,4.379927276289851,0.4819809168421676,0.7048192213957195
88,4,700,6910.000000000002,4870.300819844423,0.1584130155558727,5.095153471939815,0.5688868180837152,0.7048192213957195
89,3,105,960.0014115816389,4119.348108627877,0.15612958470101326,2.522522634055945,1.6899618413349322,4.290981303705683
89,5,700,6910.000000000002,4119.348108627877,0.15812758669901528,4.983654666773115,0.4697924472796991,0.5961429969070732
89,2,700,6910.000000000002,4119.348108627877,0.156272299129442,3.671225979769852,0.34201374987924943,0.5961429969070732
89,4,35,262.252839954494,4119.348108627877,0.1584130155558727,1.1977194155434188,2.9802606252288193,15.707544327614011
89,6,176,1670.0000007960207,4119.348108627877,0.09604681033252462,0.8820754315594654,0.2089780609262113,2.466675512972666
89,0,558,5490.000000000002,4119.348108627877,0.13757670900528043,2.7325862942456003,0.2820817255157021,0.7503366318083562
89,1,620,6110.000000000002,4119.348108627877,0.1374339945768517,2.8106789481554437,0.26043100933926194,0.6741977264530075
90,4,630,6210.000000000002,4443.808518188191,0.1584130155558727,4.342413145445378,0.49225001598348783,0.7155891333636376
90,5,700,6910.000000000002,4443.808518188191,0.15812758669901528,4.45966912565863,0.45351073443786294,0.6430981936596512
90,6,440,4310.000000000002,4443.808518188191,0.09604681033252462,4.86504131207292,0.4817786453554046,1.0310460599044522
90,3,175,1660.0000008844675,4443.808518188191,0.15612958470101326,2.5299762258350627,1.0574233432251903,2.676993081819565
90,1,403,3940.000000000001,4443.808518188191,0.1374339945768517,4.753824290821222,0.736879390988018,1.1278701822812665
90,0,62,530.1310020508638,4443.808518188191,0.13757670900528043,2.29349820326437,2.644937750687383,8.382472447370331
90,2,700,6910.000000000002,4443.808518188191,0.156272299129442,3.886460560000551,0.3905831973202632,0.6430981936596512
91,1,279,2700.0000000000164,4924.1601311860795,0.1374339945768517,3.7408220009352036,0.9376259461352726,1.8237630115503887
91,4,140,1310.0000353340838,4924.1601311860795,0.1584130155558727,1.4788880525800072,0.8806169123726599,3.758900762113561
91,6,330,3210.000000000001,4924.1601311860795,0.09604681033252462,3.348400719333936,0.49334133921174667,1.5340062713975322
91,3,700,6910.000000000002,4924.1601311860795,0.15612958470101326,3.7110952906904826,0.41289671783570636,0.7126136224581878
91,2,665,6560.000000000001,4924.1601311860795,0.156272299129442,3.645878384494716,0.4276736642619092,0.7506341663393413
91,5,700,6910.000000000002,4924.1601311860795,0.15812758669901528,3.152572279838441,0.35524405241270285,0.7126136224581878
91,0,620,6110.000000000002,4924.1601311860795,0.13757670900528043,4.853664998352214,0.5381528834204986,0.80591818841016
92,5,700,6910.000000000002,4579.4691079250815,0.15812758669901528,3.1068138505301097,0.3255816815447248,0.6627306957923416
92,0,434,4250.000000000002,4579.4691079250815,0.13757670900528043,3.892877960122156,0.5770878211659582,1.0775221430411952
92,6,440,4310.000000000002,4579.4691079250815,0.09604681033252462,1.0171450083184461,0.10380151266789404,1.0625218347854013
92,4,140,1310.0000353340838,4579.4691079250815,0.1584130155558727,2.3527831913298285,1.3029165374880274,3.49577785069082
92,3,595,5860.000000000002,4579.4691079250815,0.15612958470101326,4.557611621974444,0.5560835347454837,0.7814793699530853
92,2,700,6910.000000000002,4579.4691079250815,0.156272299129442,4.678173219570841,0.4845017906612522,0.6627306957923416
92,1,217,2080.00000001059,4579.4691079250815,0.1374339945768517,3.3449677332849497,1.0121337367749608,2.2016678403373873
93,5,700,6910.000000000002,4522.144384673963,0.15812758669901528,3.60631448288706,0.37319654637851213,0.6544347879412391
93,0,155,1460.0000072749747,4522.144384673963,0.13757670900528043,2.756214394100613,1.1744904220378918,3.097359152151201
93,1,620,6110.000000000002,4522.144384673963,0.1374339945768517,3.5207011031202966,0.35811832149188216,0.7401218305522033
93,4,210,2010.0000000221403,4522.144384673963,0.1584130155558727,2.9164793985622675,1.0394369268215242,2.2498230769274383
93,3,700,6910.000000000002,4522.144384673963,0.15612958470101326,5.696538031781971,0.5820530681830043,0.6544347879412391
93,2,595,5860.000000000002,4522.144384673963,0.156272299129442,5.529103161646109,0.6667814409412989,0.7716969939716658
93,6,88,790.008464149783,4522.144384673963,0.09604681033252462,0.21961862137327998,0.1207437856112418,5.724172068891377
94,5,700,6910.000000000002,5295.511631225992,0.15812758669901528,3.7004625867034235,0.4484288437846109,0.7663547946781462
94,4,700,6910.000000000002,5295.511631225992,0.1584130155558727,3.7243448774709234,0.45213760593865665,0.7663547946781462
94,2,490,4810.000000000001,5295.511631225992,0.156272299129442,5.393168426650499,0.9278736355736601,1.1009379690698524
94,0,403,3940.000000000001,5295.511631225992,0.13757670900528043,1.8035714797200215,0.333495501367924,1.3440384850827387
94,6,242,2330.000000000761,5295.511631225992,0.09604681033252462,2.0046433325730844,0.43759471262013505,2.272751773057623
94,3,490,4810.000000000001,5295.511631225992,0.15612958470101326,5.400438693824933,0.9282759412568089,1.1009379690698524
94,1,620,6110.000000000002,5295.511631225992,0.1374339945768517,2.1876572419440814,0.2605794506677839,0.8666958479911604
95,4,700,6910.000000000002,5621.087483944628,0.1584130155558727,4.264666266545018,0.5495639157870357,0.8134714159109445
95,1,589,5800.000000000002,5621.087483944628,0.1374339945768517,2.5597510724504513,0.3409449437482851,0.9691530144732113
95,5,560,5510.000000000002,5621.087483944628,0.15812758669901528,4.000997388037279,0.6454233250814565,1.0201610678665383
95,2,700,6910.000000000002,5621.087483944628,0.156272299129442,4.76633438763649,0.6059109572430669,0.8134714159109445
95,0,620,6110.000000000002,5621.087483944628,0.13757670900528043,2.619410579098647,0.33153365981014876,0.919981584933654
95,6,374,3650.000000000001,5621.087483944628,0.09604681033252462,3.3798672013013666,0.4999309952994181,1.5400239682040073
95,3,385,3760.0000000000014,5621.087483944628,0.15612958470101326,4.061831662239593,0.9480682981017627,1.4949700755171877
96,4,245,2360.000000000555,4638.718424436256,0.1584130155558727,3.41242929599579,1.0625283613864325,1.9655586544216803
96,1,620,6110.000000000002,4638.718424436256,0.1374339945768517,4.067187305268589,0.4243704584194175,0.7592010514625621
96,5,700,6910.000000000002,4638.718424436256,0.15812758669901528,4.482945439869582,0.4758729949251368,0.6713051265464913
96,0,620,6110.000000000002,4638.718424436256,0.13757670900528043,4.063219603049264,0.4243967137918934,0.7592010514625621
96,3,210,2010.0000000221403,4638.718424436256,0.15612958470101326,1.4805061842252911,0.5334545012709493,2.307820111634408
96,6,396,3870.0000000000014,4638.718424436256,0.09604681033252462,3.0371029503541793,0.34964675865880046,1.1986352517923138
96,2,525,5160.000000000001,4638.718424436256,0.156272299129442,2.381514399549548,0.33456732420291646,0.8989764388442355
97,2,245,2360.000000000555,3404.139862185121,0.156272299129442,1.1065355397332874,0.24942659670862127,1.4424321449933561
97,1,620,6110.000000000002,3404.139862185121,0.1374339945768517,5.611513706956726,0.42967529383543146,0.5571423669697414
97,0,620,6110.000000000002,3404.139862185121,0.13757670900528043,5.578550172735375,0.42759482919756614,0.5571423669697414
97,5,105,960.0014115816389,3404.139862185121,0.15812758669901528,2.8323981634397732,1.5881717643276656,3.5459738091183333
97,6,22,138.8629381196525,3404.139862185121,0.09604681033252462,0.29681014066143563,0.6988480000239364,24.514387411649846
97,4,700,6910.000000000002,3404.139862185121,0.1584130155558727,4.4209177537404285,0.3450107637199302,0.49263963273301303
97,3,70,610.0563920873398,3404.139862185121,0.15612958470101326,0.8683648982733658,0.7565277753533145,5.5800412983751855
98,2,595,5860.000000000002,4848.469552586705,0.156272299129442,2.4814684930145114,0.3208468824038481,0.8273838826939767
98,4,700,6910.000000000002,4848.469552586705,0.1584130155558727,3.329780244069932,0.37011190844502495,0.7016598484206517
98,0,620,6110.000000000002,4848.469552586705,0.13757670900528043,6.529788671159107,0.7128653488407934,0.793530205006007
98,3,385,3760.0000000000014,4848.469552586705,0.15612958470101326,2.1404249342678607,0.43092534080639183,1.2894865831347615
98,5,700,6910.000000000002,4848.469552586705,0.15812758669901528,3.3344986949468636,0.3699685606581486,0.7016598484206517
98,6,264,2550.0000000000755,4848.469552586705,0.09604681033252462,1.4349582018859952,0.26205152408800736,1.9013606088574748
98,1,62,530.1310020508638,4848.469552586705,0.1374339945768517,1.5134135946258336,1.9022748696257032,9.145795159743393
99,3,700,6910.000000000002,4723.428687465387,0.15612958470101326,3.7135966922482875,0.39633210721317724,0.6835642094740066
99,1,93,840.0049979958054,4723.428687465387,0.1374339945768517,2.1254225766713724,1.6425362079241095,5.623095932447028
99,4,315,3060.0000000000014,4723.428687465387,0.1584130155558727,1.5623378356873017,0.3820337646193097,1.543604146230518
99,2,700,6910.000000000002,4723.428687465387,0.156272299129442,3.7087799038573257,0.39617984549553015,0.6835642094740066
99,5,700,6910.000000000002,4723.428687465387,0.15812758669901528,2.3329502812751772,0.2521694329608002,0.6835642094740066
99,6,308,2990.000000000002,4723.428687465387,0.09604681033252462,2.168452410226574,0.32901751409684116,1.5797420359416001
99,0,434,4250.000000000002,4723.428687465387,0.13757670900528043,5.0531803864630715,0.7726417132831619,1.111394985285973
100,2,560,5510.000000000002,5338.47152847153,0.156272299129442,4.7956133159558005,0.7260917313934168,0.9688696058931994
100,3,525,5160.000000000001,5338.47152847153,0.15612958470101326,4.728918114936958,0.7638608075332264,1.0345875055177383
100,1,620,6110.000000000002,5338.47152847153,0.1374339945768517,3.181896372262857,0.38208142224497127,0.8737269277367478
100,6,440,4310.000000000002,5338.47152847153,0.09604681033252462,3.2219672632318654,0.38330433493552596,1.2386244845641596
100,4,350,3410.000000000001,5338.47152847153,0.1584130155558727,2.6342435192223794,0.6532949986476255,1.5655341725722958
100,5,665,6560.000000000001,5338.47152847153,0.15812758669901528,3.3596714994307013,0.43233216683922954,0.8137913915352941
100,0,620,6110.000000000002,5338.47152847153,0.13757670900528043,3.187501375546517,0.38315193032516776,0.8737269277367478
101,3,315,3060.0000000000014,4167.942057983712,0.15612958470101326,4.883722653055718,1.038571601668518,1.3620725679685328
101,1,186,1770.0000002775555,4167.942057983712,0.1374339945768517,0.9616219025416686,0.3112052555299155,2.3547695239153295
101,5,700,6910.000000000002,4167.942057983712,0.15812758669901528,4.944694583091208,0.4716183996396221,0.6031754063652259
101,6,440,4310.000000000002,4167.942057983712,0.09604681033252462,3.3567423223819803,0.3117779187898795,0.9670399206458725
101,0,403,3940.000000000001,4167.942057983712,0.13757670900528043,1.4011969416927328,0.2039245666902538,1.0578533142090638
101,2,700,6910.000000000002,4167.942057983712,0.156272299129442,5.742414246646121,0.5412777131694547,0.6031754063652259
101,4,210,2010.0000000221403,4167.942057983712,0.1584130155558727,3.646764058582282,1.1979098682132767,2.073603013899404
102,0,527,5180.000000000002,5412.282003710578,0.13757670900528043,1.5941825984441358,0.22915726909089257,1.0448420856584122
102,5,350,3410.000000000001,5412.282003710578,0.15812758669901528,4.067453346053406,1.020836668012388,1.587179473228908
102,2,560,5510.000000000002,5412.282003710578,0.156272299129442,4.564471028399854,0.7006502396176855,0.9822653364266017
102,6,440,4310.000000000002,5412.282003710578,0.09604681033252462,2.0666304178319663,0.2492578880986646,1.2557498848516415
102,4,700,6910.000000000002,5412.282003710578,0.1584130155558727,4.758144639620196,0.5903789588644939,0.7832535461230935
102,3,700,6910.000000000002,5412.282003710578,0.15612958470101326,4.808903908634416,0.5880762947205656,0.7832535461230935
102,1,527,5180.000000000002,5412.282003710578,0.1374339945768517,1.6046061615661527,0.23041634461484325,1.0448420856584122
103,3,175,1660.0000008844675,5132.263450973714,0.15612958470101326,2.6698354717410684,1.2887555741027852,3.0917249688187853
103,4,595,5860.000000000002,5132.263450973714,0.1584130155558727,3.8517235506570073,0.5343887366301113,0.8758128755927836
103,2,700,6910.000000000002,5132.263450973714,0.156272299129442,3.52836325542495,0.40953043868362,0.7427298771307832
103,5,630,6210.000000000002,5132.263450973714,0.15812758669901528,3.9020918165489067,0.5099439791714766,0.82645144138063
103,0,620,6110.000000000002,5132.263450973714,0.13757670900528043,3.769259333502346,0.4355807383089415,0.8399776515505257
103,1,620,6110.000000000002,5132.263450973714,0.1374339945768517,3.7259867292047915,0.4301334374130368,0.8399776515505257
103,6,220,2110.0000000077202,5132.263450973714,0.09604681033252462,0.7054771879192646,0.16481335804873948,2.43235234642414
104,0,589,5800.000000000002,4088.814515965192,0.13757670900528043,5.682278104091471,0.5511081301140485,0.7049680199939984
104,3,700,6910.000000000002,4088.814515965192,0.15612958470101326,2.5213986250692777,0.23294107671938197,0.5917242425419958
104,6,440,4310.000000000002,4088.814515965192,0.09604681033252462,2.1287477099478957,0.19396674600102376,0.948680862172898
104,1,341,3320.0000000000014,4088.814515965192,0.1374339945768517,4.988024889808493,0.844271458238542,1.2315706373389128
104,2,70,610.0563920873398,4088.814515965192,0.156272299129442,1.0356826912877366,1.0847662076441755,6.70235501012472
104,4,700,6910.000000000002,4088.814515965192,0.1584130155558727,3.8672119710909185,0.36250015877277786,0.5917242425419958
104,5,105,960.0014115816389,4088.814515965192,0.15812758669901528,2.3518396173594573,1.5839478652790357,4.259175524782526
105,3,245,2360.000000000555,4388.333121709739,0.15612958470101326,2.391177657041419,0.6942000383901475,1.8594631871647067
105,0,124,1150.0001906837483,4388.333121709739,0.13757670900528043,3.591227096658116,1.8853390420057847,3.815941212236318
105,6,286,2770.000000000008,4388.333121709739,0.09604681033252462,4.024639766030047,0.612392381835384,1.5842357840107315
105,1,248,2390.0000000004047,4388.333121709739,0.1374339945768517,5.375866677656504,1.356576676692824,1.8361226450665256
105,2,700,6910.000000000002,4388.333121709739,0.156272299129442,3.4987627895096947,0.347230640239665,0.6350699163111054
105,4,700,6910.000000000002,4388.333121709739,0.1584130155558727,3.9165444692913076,0.3940174569514948,0.6350699163111054
105,5,700,6910.000000000002,4388.333121709739,0.15812758669901528,3.9068487777642504,0.392333854142865,0.6350699163111054
106,3,700,6910.000000000002,4163.3718173555235,0.15612958470101326,3.6925183470020975,0.34735616961389953,0.602514011194721
106,2,315,3060.0000000000014,4163.3718173555235,0.156272299129442,2.834846966970495,0.6027474652255684,1.3605790252795822
106,5,490,4810.000000000001,4163.3718173555235,0.15812758669901528,2.5504316389056836,0.3490771743825836,0.8655658663940796
106,0,620,6110.000000000002,4163.3718173555235,0.13757670900528043,4.7463213169782,0.44494470207278897,0.6814029160974668
106,1,620,6110.000000000002,4163.3718173555235,0.1374339945768517,4.741392882125746,0.4440216034826913,0.6814029160974668
106,6,22,138.8629381196525,4163.3718173555235,0.09604681033252462,0.6258331518881778,1.802189104874025,29.981879065299026
106,4,105,960.0014115816389,4163.3718173555235,0.1584130155558727,1.1643184468291121,0.7999004957918184,4.3368392662008795
107,1,589,5800.000000000002,4422.06103795544,0.1374339945768517,2.9770819124954744,0.31194763188935,0.7624243168888687
107,0,217,2080.00000001059,4422.06103795544,0.13757670900528043,2.5475881882308453,0.7451359911400617,2.125990883621599
107,6,440,4310.000000000002,4422.06103795544,0.09604681033252462,0.9451588638819096,0.09313978284280296,1.0260002408249276
107,4,700,6910.000000000002,4422.06103795544,0.1584130155558727,4.327002500682263,0.4386566251205296,0.6399509461585295
107,2,420,4110.000000000002,4422.06103795544,0.156272299129442,5.179349546820154,0.8708435400913089,1.0759272598431724
107,5,700,6910.000000000002,4422.06103795544,0.15812758669901528,4.324301369186286,0.4375929147959769,0.6399509461585295
107,3,70,610.0563920873398,4422.06103795544,0.15612958470101326,2.851882214579182,3.227539307849629,7.248610284739625
108,4,700,6910.000000000002,4583.246758911959,0.1584130155558727,5.716148954763448,0.6006058960497654,0.6632773891334237
108,5,140,1310.0000353340838,4583.246758911959,0.15812758669901528,4.105386893858158,2.27124334116979,3.4986615536564565
108,2,595,5860.000000000002,4583.246758911959,0.156272299129442,5.043828977495769,0.6164785611976273,0.7821240202921429
108,3,700,6910.000000000002,4583.246758911959,0.15612958470101326,5.1606157330793945,0.5344190358719851,0.6632773891334237
108,0,620,6110.000000000002,4583.246758911959,0.13757670900528043,1.8159716254928262,0.18740708457805222,0.7501222191345266
108,1,217,2080.00000001059,4583.246758911959,0.1374339945768517,1.274284988902183,0.38589632421910236,2.2034840186964537
108,6,176,1670.0000007960207,4583.246758911959,0.09604681033252462,1.322504766795343,0.34860768869917036,2.744459135764858
109,3,700,6910.000000000002,4886.611959469901,0.15612958470101326,4.197244039003188,0.46342475783634507,0.7071797336425325
109,6,220,2110.0000000077202,4886.611959469901,0.09604681033252462,2.76190429105029,0.6143515661785082,2.315929838602854
109,0,248,2390.0000000004047,4886.611959469901,0.13757670900528043,1.6143885235595408,0.45411195002626,2.0446075144222067
109,4,560,5510.000000000002,4886.611959469901,0.1584130155558727,4.62717741556672,0.6500747049741047,0.8868624245861887
109,1,620,6110.000000000002,4886.611959469901,0.1374339945768517,2.586141348318853,0.2842582453701608,0.7997728247904909
109,5,315,3060.0000000000014,4886.611959469901,0.15812758669901528,3.9726058476170585,1.0031584771768818,1.5969320128986597
109,2,700,6910.000000000002,4886.611959469901,0.156272299129442,4.192410995943219,0.46331425147953614,0.7071797336425325
110,6,110,1010.0008335248422,4298.401899050165,0.09604681033252462,2.3054835930539728,0.9423891338819872,4.2558399521800405
110,0,341,3320.0000000000014,4298.401899050165,0.13757670900528043,3.7267726980110925,0.6638145346963987,1.2946993671837843
110,1,248,2390.0000000004047,4298.401899050165,0.1374339945768517,3.3042004195164023,0.8167133791396856,1.798494518430727
110,5,700,6910.000000000002,4298.401899050165,0.15812758669901528,3.4968734763329614,0.34396680622003156,0.6220552675904724
110,2,105,960.0014115816389,4298.401899050165,0.156272299129442,1.6402995315392341,1.1477315241681443,4.47749539447904
110,4,700,6910.000000000002,4298.401899050165,0.1584130155558727,3.5027127755660588,0.34516309911745613,0.6220552675904724
110,3,700,6910.000000000002,4298.401899050165,0.15612958470101326,3.5745071279592238,0.34716053102004824,0.6220552675904724
111,4,700,6910.000000000002,5334.231482802912,0.1584130155558727,3.350212329760259,0.40969154832483295,0.7719582464258915
111,0,620,6110.000000000002,5334.231482802912,0.13757670900528043,5.405814292760946,0.6492869687751728,0.8730329759088233
111,3,455,4460.000000000002,5334.231482802912,0.15612958470101326,2.4631526384123426,0.4599530779195301,1.1960160275342848
111,6,396,3870.0000000000014,5334.231482802912,0.09604681033252462,1.9347957200440766,0.2561409158322083,1.3783543883211655
111,1,527,5180.000000000002,5334.231482802912,0.1374339945768517,5.195774845334372,0.7353372916247878,1.0297744175295194
111,5,350,3410.000000000001,5334.231482802912,0.15812758669901528,2.5936101872783284,0.6415489899095057,1.5642907574202085
111,2,700,6910.000000000002,5334.231482802912,0.156272299129442,2.953709283647773,0.35632275749493214,0.7719582464258915
112,4,70,610.0563920873398,4693.177193551727,0.1584130155558727,2.5245335514169898,3.076585421498774,7.693021914734434
112,3,455,4460.000000000002,4693.177193551727,0.15612958470101326,3.1186434631000677,0.5123692110314223,1.0522818819622703
112,2,700,6910.000000000002,4693.177193551727,0.156272299129442,3.4891030848990505,0.37032642840473806,0.6791862798193525
112,6,440,4310.000000000002,4693.177193551727,0.09604681033252462,0.835393532004502,0.0873702818191326,1.0889042212416995
112,5,630,6210.000000000002,4693.177193551727,0.15812758669901528,3.656560667800277,0.436974181634286,0.7557451197345775
112,1,620,6110.000000000002,4693.177193551727,0.1374339945768517,5.62238836776088,0.5935273718802554,0.768114106964276
112,0,434,4250.000000000002,4693.177193551727,0.13757670900528043,5.265103790034758,0.7998892767074007,1.104276986718053
113,2,280,2710.0000000000146,4247.739403591784,0.156272299129442,3.2232366782852164,0.7895193390043008,1.5674315142405024
113,1,620,6110.000000000002,4247.739403591784,0.1374339945768517,5.086690955022337,0.4860110876313593,0.6952110316844162
113,5,700,6910.000000000002,4247.739403591784,0.15812758669901528,2.1240159173922937,0.20646442343327628,0.614723502690562
113,3,175,1660.0000008844675,4247.739403591784,0.15612958470101326,2.8092023347068436,1.1223233591814028,2.558879157426831
113,4,490,4810.000000000001,4247.739403591784,0.1584130155558727,1.7517453543535553,0.2450612387638663,0.8831059051126369
113,0,341,3320.0000000000014,4247.739403591784,0.13757670900528043,4.301439483104842,0.7571440522088113,1.2794395793951152
113,6,440,4310.000000000002,4247.739403591784,0.09604681033252462,2.7538524349289055,0.26067789575953093,0.9855543859841722
114,1,310,3010.0000000000014,4741.809312353782,0.1374339945768517,3.517138627739985,0.7614848119149933,1.5753519310145447
114,0,155,1460.0000072749747,4741.809312353782,0.13757670900528043,2.6195791130616333,1.1704898786455271,3.247814581319187
114,4,700,6910.000000000002,4741.809312353782,0.1584130155558727,3.4623918834229483,0.3763857045203034,0.6862242130758004
114,2,525,5160.000000000001,4741.809312353782,0.156272299129442,4.1171921218547105,0.5912586648914627,0.918955293091818
114,3,700,6910.000000000002,4741.809312353782,0.15612958470101326,4.469986627360407,0.47891392651160297,0.6862242130758004
114,5,700,6910.000000000002,4741.809312353782,0.15812758669901528,3.4578516541187145,0.37521486735418297,0.6862242130758004
114,6,66,570.0859504455718,4741.809312353782,0.09604681033252462,2.3566994414806195,1.8827423547348787,8.317709476347636
115,2,700,6910.000000000002,3790.533277678585,0.156272299129442,4.115735809663068,0.35281883169103156,0.548557637869549
115,3,210,2010.0000000221403,3790.533277678585,0.15612958470101326,2.9779622400406733,0.8768163661242513,1.8858374515606129
115,0,620,6110.000000000002,3790.533277678585,0.13757670900528043,2.1570989292657705,0.18410860322142628,0.6203818785071332
115,6,242,2330.000000000761,3790.533277678585,0.09604681033252462,1.845689971200496,0.2883939144462273,1.6268383165997198
115,1,31,223.43368382029254,3790.533277678585,0.1374339945768517,0.3192033332532893,0.7442404237437377,16.964914210192706
115,4,700,6910.000000000002,3790.533277678585,0.1584130155558727,5.093600620739857,0.44262711752361306,0.548557637869549
115,5,140,1310.0000353340838,3790.533277678585,0.15812758669901528,3.5153473057813662,1.6084400843444886,2.8935367751435983
116,2,700,6910.000000000002,4852.861504347404,0.156272299129442,4.231849047397141,0.4644425696503926,0.7022954420184374
116,4,490,4810.000000000001,4852.861504347404,0.1584130155558727,5.588518185714778,0.8931827986233756,1.0089109156647407
116,3,700,6910.000000000002,4852.861504347404,0.15612958470101326,4.238205620971464,0.4647154137291319,0.7022954420184374
116,6,110,1010.0008335248422,4852.861504347404,0.09604681033252462,0.6644713019937863,0.3066446136766865,4.804809405365745
116,1,279,2700.0000000000164,4852.861504347404,0.1374339945768517,1.725194004244007,0.42615367968590967,1.7973561127212498
116,0,279,2700.0000000000164,4852.861504347404,0.13757670900528043,1.7037626369440897,0.4212967796906784,1.7973561127212498
116,5,700,6910.000000000002,4852.861504347404,0.15812758669901528,5.920442474316739,0.6574786554880928,0.7022954420184374
117,1,527,5180.000000000002,5351.384330093978,0.1374339945768517,2.4995765490914303,0.3548926410032648,1.0330857780104201
117,5,665,6560.000000000001,5351.384330093978,0.15812758669901528,5.434821329266236,0.7010600464368342,0.8157598064167648
117,6,440,4310.000000000002,5351.384330093978,0.09604681033252462,1.2266924988866477,0.14628760467333998,1.24162049422134
117,0,558,5490.000000000002,5351.384330093978,0.13757670900528043,2.502598587749207,0.33560614924457666,0.9747512440972634
117,2,175,1660.0000008844675,5351.384330093978,0.156272299129442,3.1667008061521966,1.5953173508165759,3.2237254983389745
117,4,700,6910.000000000002,5351.384330093978,0.1584130155558727,5.4899728613904495,0.6735179181956251,0.7744405687545552
117,3,700,6910.000000000002,5351.384330093978,0.15612958470101326,3.9808906542619655,0.4813417675674817,0.7744405687545552
118,2,105,960.0014115816389,4322.674688983443,0.156272299129442,1.3514288897565963,0.9509460566579464,4.502779513481832
118,4,210,2010.0000000221403,4322.674688983443,0.1584130155558727,3.1156127765046833,1.0614287165122922,2.1505844223561335
118,1,620,6110.000000000002,4322.674688983443,0.1374339945768517,3.8068223718939427,0.37014179386387536,0.7074753991789594
118,3,700,6910.000000000002,4322.674688983443,0.15612958470101326,2.576426349061973,0.25163870543410505,0.6255679723565039
118,5,560,5510.000000000002,4322.674688983443,0.15812758669901528,4.070069853108633,0.5049059168355985,0.784514462610425
118,6,242,2330.000000000761,4322.674688983443,0.09604681033252462,1.7310485015396457,0.30845286978152664,1.8552251884043054
118,0,620,6110.000000000002,4322.674688983443,0.13757670900528043,3.8061650626387906,0.37046217978282536,0.7074753991789594
119,3,700,6910.000000000002,4319.770917381602,0.15612958470101326,3.244394435023083,0.3166660619320849,0.6251477449177425
119,5,210,2010.0000000221403,4319.770917381602,0.15812758669901528,2.4647335620401236,0.8376108235182043,2.1491397598676714
119,2,630,6210.000000000002,4319.770917381602,0.156272299129442,3.127185177066773,0.33994191502930166,0.6956152846025122
119,1,248,2390.0000000004047,4319.770917381602,0.1374339945768517,4.48622517685121,1.1143921733386584,1.807435530284883
119,0,93,840.0049979958054,4319.770917381602,0.13757670900528043,2.5891595399899887,1.8318190636449916,5.142553827284695
119,6,440,4310.000000000002,4319.770917381602,0.09604681033252462,4.04770703583494,0.3896507033628778,1.0022670341952669
119,4,700,6910.000000000002,4319.770917381602,0.1584130155558727,3.790443242128949,0.37537342942938867,0.6251477449177425
120,3,455,4460.000000000002,3978.1106845805953,0.15612958470101326,3.644106829458814,0.5074792722825349,0.8919530682916129
120,5,700,6910.000000000002,3978.1106845805953,0.15812758669901528,2.4609645689315394,0.2240329095385335,0.5757034275804044
120,2,245,2360.000000000555,3978.1106845805953,0.156272299129442,3.0446706697409196,0.8020236682169716,1.6856401205846017
120,6,440,4310.000000000002,3978.1106845805953,0.09604681033252462,3.1913223021391484,0.28291319695411965,0.9229955184641748
120,0,620,6110.000000000002,3978.1106845805953,0.13757670900528043,4.975817267135342,0.44570241936821403,0.6510819451032069
120,4,105,960.0014115816389,3978.1106845805953,0.1584130155558727,0.6981009749644836,0.45826226437082135,4.1438592033177395
120,1,310,3010.0000000000014,3978.1106845805953,0.1374339945768517,3.9933857906119146,0.7253469760461659,1.3216314566712934
121,6,440,4310.000000000002,3858.153932908551,0.09604681033252462,1.622511888547606,0.1394996491723664,0.8951633255008234
121,5,175,1660.0000008844675,3858.153932908551,0.15812758669901528,2.0454717028662768,0.7517485197655137,2.324189114971615
121,2,385,3760.0000000000014,3858.153932908551,0.156272299129442,4.180501625206766,0.6703507575847467,1.0261047693905716
121,0,620,6110.000000000002,3858.153932908551,0.13757670900528043,3.5643864657061606,0.3096478317397286,0.6314490888557365
121,1,620,6110.000000000002,3858.153932908551,0.1374339945768517,3.56314498083908,0.30921888104782264,0.6314490888557365
121,4,560,5510.000000000002,3858.153932908551,0.1584130155558727,2.675288725469997,0.2967491426592631,0.7002094252102631
121,3,35,262.252839954494,3858.153932908551,0.15612958470101326,1.1875968159373076,2.727806628136147,14.711581135129046
122,0,341,3320.0000000000014,4571.611245897135,0.13757670900528043,2.3277182548312236,0.44096745444005553,1.3769913391256425
122,1,620,6110.000000000002,4571.611245897135,0.1374339945768517,3.032084322766347,0.31179096538938605,0.7482178798522313
122,6,374,3650.000000000001,4571.611245897135,0.09604681033252462,2.4159209394713845,0.290631104675587,1.2524962317526394
122,3,245,2360.000000000555,4571.611245897135,0.15612958470101326,2.6560845244268285,0.8033122419239764,1.9371234092779914
122,4,700,6910.000000000002,4571.611245897135,0.1584130155558727,4.033716761035935,0.42275378636956096,0.6615935232846792
122,2,245,2360.000000000555,4571.611245897135,0.156272299129442,2.668690795078369,0.8078626852207434,1.9371234092779914
122,5,700,6910.000000000002,4571.611245897135,0.15812758669901528,4.031520639392281,0.42176231796254743,0.6615935232846792
123,3,700,6910.000000000002,5159.6461482749,0.15612958470101326,2.671912488114846,0.31149372723091107,0.7466926408502024
123,2,315,3060.0000000000014,5159.6461482749,0.156272299129442,1.735555380554524,0.45731871021898446,1.6861588719852607
123,6,110,1010.0008335248422,5159.6461482749,0.09604681033252462,2.2522859530035024,1.105107843292173,5.108556326897321
123,4,700,6910.000000000002,5159.6461482749,0.1584130155558727,5.477819470002587,0.6479484386519403,0.7466926408502024
123,0,558,5490.000000000002,5159.6461482749,0.13757670900528043,3.825783567986396,0.4946669419695425,0.939826256516375
123,5,525,5160.000000000001,5159.6461482749,0.15812758669901528,5.173645710548382,0.8180400089547958,0.9999314240842828
123,1,620,6110.000000000002,5159.6461482749,0.1374339945768517,3.946738258756296,0.4580482239155415,0.8444592714034204
124,6,88,790.008464149783,4960.005972791179,0.09604681033252462,1.0478886980591597,0.6319002950887667,6.278421305433986
124,0,589,5800.000000000002,4960.005972791179,0.13757670900528043,4.07324048943112,0.47922467824220755,0.8551734435846858
124,3,700,6910.000000000002,4960.005972791179,0.15612958470101326,2.1891986178332083,0.24534348043451942,0.7178011538048015
124,1,62,530.1310020508638,4960.005972791179,0.1374339945768517,1.30852032029206,1.6825719241031105,9.356189231723686
124,2,700,6910.000000000002,4960.005972791179,0.156272299129442,2.2098360848644094,0.24788269817632344,0.7178011538048015
124,5,700,6910.000000000002,4960.005972791179,0.15812758669901528,5.231895096997985,0.5938418800670198,0.7178011538048015
124,4,490,4810.000000000001,4960.005972791179,0.1584130155558727,4.886118049811924,0.7981636400137202,1.031186272929559
125,1,93,840.0049979958054,4292.316947589667,0.1374339945768517,2.0405657149904695,1.4330279732974436,5.109870724377643
125,3,455,4460.000000000002,4292.316947589667,0.15612958470101326,3.5590308858599937,0.534778434751631,0.96240290304701
125,0,620,6110.000000000002,4292.316947589667,0.13757670900528043,3.210585698619119,0.31029855707211806,0.7025068653992905
125,5,595,5860.000000000002,4292.316947589667,0.15812758669901528,3.9968511496717927,0.4629347525905654,0.732477294810523
125,4,700,6910.000000000002,4292.316947589667,0.1584130155558727,4.16820234880548,0.41016008173890406,0.621174666800241
125,2,140,1310.0000353340838,4292.316947589667,0.156272299129442,3.039620251340494,1.5564020949643094,3.276577734209767
125,6,440,4310.000000000002,4292.316947589667,0.09604681033252462,1.1572074084995168,0.1106900707425795,0.9958972036170916
126,4,700,6910.000000000002,4226.929688952293,0.1584130155558727,3.6163647721866115,0.35043709195532247,0.6117119665632839
126,5,35,262.252839954494,4226.929688952293,0.15812758669901528,0.7447260146740289,1.8980558688216482,16.11776516771276
126,2,700,6910.000000000002,4226.929688952293,0.156272299129442,4.734953781305065,0.4526314454998537,0.6117119665632839
126,6,440,4310.000000000002,4226.929688952293,0.09604681033252462,2.759069445834716,0.2598922519033825,0.9807261459286059
126,0,124,1150.0001906837483,4226.929688952293,0.13757670900528043,1.1761730418071383,0.5947620488945197,3.675590424414725
126,1,589,5800.000000000002,4226.929688952293,0.1374339945768517,2.6758462305589035,0.2680108355104193,0.7287809808538434
126,3,420,4110.000000000002,4226.929688952293,0.15612958470101326,4.19385464162612,0.6734134406868335,1.0284500459737935
127,2,70,610.0563920873398,4177.540539803854,0.156272299129442,2.913525901068629,3.11782385864534,6.84779406295569
127,6,440,4310.000000000002,4177.540539803854,0.09604681033252462,4.79523066631709,0.4464119920750922,0.9692669465902208
127,1,93,840.0049979958054,4177.540539803854,0.1374339945768517,2.6333017688490226,1.79983877343591,4.973232956674282
127,5,525,5160.000000000001,4177.540539803854,0.15812758669901528,3.1827251222677746,0.40745321272473345,0.8096008798069483
127,3,700,6910.000000000002,4177.540539803854,0.15612958470101326,5.962372012227335,0.5627906839728782,0.6045644775403549
127,4,525,5160.000000000001,4177.540539803854,0.1584130155558727,3.1991364530512585,0.4102934626208341,0.8096008798069483
127,0,620,6110.000000000002,4177.540539803854,0.13757670900528043,4.581512193683924,0.4309562921881098,0.6837218559417108
128,1,186,1770.0000002775555,4075.2204995554534,0.1374339945768517,2.369523763722814,0.7497786747113139,2.302384462664641
128,5,140,1310.0000353340838,4075.2204995554534,0.15812758669901528,2.5615690612568365,1.260066648991999,3.1108552592643
128,3,175,1660.0000008844675,4075.2204995554534,0.15612958470101326,1.6009922535920849,0.6136453661745217,2.4549521068579088
128,4,700,6910.000000000002,4075.2204995554534,0.1584130155558727,4.0878244741579985,0.3819057222743602,0.5897569463900799
128,0,620,6110.000000000002,4075.2204995554534,0.13757670900528043,3.7922633253201026,0.34797921532072706,0.6669755318421362
128,6,374,3650.000000000001,4075.2204995554534,0.09604681033252462,2.089107586703901,0.22402784473744458,1.1164987670014939
128,2,700,6910.000000000002,4075.2204995554534,0.156272299129442,2.7604576666279566,0.2544111598544313,0.5897569463900799
129,5,245,2360.000000000555,5593.275296132529,0.15812758669901528,4.908043873045148,1.8393749668342674,2.370031905140345
129,3,700,6910.000000000002,5593.275296132529,0.15612958470101326,2.3944723626471838,0.30260993432686056,0.8094464972695409
129,1,589,5800.000000000002,5593.275296132529,0.1374339945768517,4.901490950885781,0.6496217793183102,0.9643578096780219
129,0,589,5800.000000000002,5593.275296132529,0.13757670900528043,4.920835492288038,0.652862862307996,0.9643578096780219
129,4,700,6910.000000000002,5593.275296132529,0.1584130155558727,5.706918610646561,0.7317802569352271,0.8094464972695409
129,2,700,6910.000000000002,5593.275296132529,0.156272299129442,2.394209585603506,0.3028533033054844,0.8094464972695409
129,6,396,3870.0000000000014,5593.275296132529,0.09604681033252462,1.3605865170066271,0.18887059134751047,1.4452907741944514
130,1,93,840.0049979958054,4897.170287572157,0.1374339945768517,2.4340062448912607,1.9502001860498928,5.829929940008061
130,3,490,4810.000000000001,4897.170287572157,0.15612958470101326,2.464812003111104,0.39180424244775347,1.018122720908972
130,2,700,6910.000000000002,4897.170287572157,0.156272299129442,2.725495199850574,0.30185236413851796,0.7087077116602251
130,0,620,6110.000000000002,4897.170287572157,0.13757670900528043,4.696706611343896,0.5178957463420941,0.8015008653964247
130,5,630,6210.000000000002,4897.170287572157,0.15812758669901528,4.7182706956736435,0.5883613043503428,0.7885942492064663
130,6,44,350.8727963568088,4897.170287572157,0.09604681033252462,0.18676041931204204,0.2503590499415405,13.957110207518445
130,4,700,6910.000000000002,4897.170287572157,0.1584130155558727,4.818541044692363,0.540970499362141,0.7087077116602251
131,3,280,2710.0000000000146,4659.753104040279,0.15612958470101326,3.084844165229215,0.8281558040694986,1.7194660900517542
131,4,420,4110.000000000002,4659.753104040279,0.1584130155558727,2.9648089739674575,0.5324865742341696,1.1337598793285346
131,6,308,2990.000000000002,4659.753104040279,0.09604681033252462,2.4097936447418156,0.36070695759522964,1.5584458541940724
131,2,700,6910.000000000002,4659.753104040279,0.156272299129442,4.069963952318343,0.4289013599665053,0.6743492191085786
131,5,700,6910.000000000002,4659.753104040279,0.15812758669901528,3.4747237374722655,0.37052096200835877,0.6743492191085786
131,0,217,2080.00000001059,4659.753104040279,0.13757670900528043,2.0155031917640205,0.6211950379863591,2.240265915392574
131,1,620,6110.000000000002,4659.753104040279,0.1374339945768517,3.2542839232767613,0.3410918216046129,0.7626437158822058
132,1,155,1460.0000072749747,4539.67200746988,0.1374339945768517,2.007995653098451,0.85808153416287,3.1093643731844742
132,0,620,6110.000000000002,4539.67200746988,0.13757670900528043,3.413577699241799,0.34892973040555086,0.7429905085875415
132,5,630,6210.000000000002,4539.67200746988,0.15812758669901528,3.5693264750974762,0.4125976899762172,0.7310260881594007
132,4,595,5860.000000000002,4539.67200746988,0.1584130155558727,3.505506805754953,0.4301981475635483,0.7746880558822318
132,6,440,4310.000000000002,4539.67200746988,0.09604681033252462,4.115921483784123,0.41638706920203905,1.0532881687865145
132,3,700,6910.000000000002,4539.67200746988,0.15612958470101326,5.713326169725805,0.5860310830203654,0.6569713469565671
132,2,70,610.0563920873398,4539.67200746988,0.156272299129442,2.3667150935653494,2.7522157528295796,7.44139733039622
133,2,210,2010.0000000221403,4378.77730772673,0.156272299129442,2.516148482131179,0.8565940807277118,2.178496172974377
133,3,700,6910.000000000002,4378.77730772673,0.15612958470101326,3.699679573710998,0.3660362755245383,0.6336870199315092
133,0,465,4560.000000000002,4378.77730772673,0.13757670900528043,2.705596749481786,0.35743411497876815,0.9602581815190194
133,6,352,3430.000000000001,4378.77730772673,0.09604681033252462,2.241128465503891,0.2747947538203606,1.2766114599786382
133,1,620,6110.000000000002,4378.77730772673,0.1374339945768517,3.039857430887594,0.29940498976876645,0.7166574971729507
133,4,70,610.0563920873398,4378.77730772673,0.1584130155558727,1.636671168329229,1.860951994059367,7.177659909020075
133,5,700,6910.000000000002,4378.77730772673,0.15812758669901528,3.7883885391738934,0.37960940905591856,0.6336870199315092
134,3,700,6910.000000000002,4431.78220577323,0.15612958470101326,2.467519862999811,0.24708491053355586,0.6413577721813646
134,2,490,4810.000000000001,4431.78220577323,0.156272299129442,2.136292000312836,0.3075926466253594,0.9213684419486963
134,1,248,2390.0000000004047,4431.78220577323,0.1374339945768517,3.6214712232791406,0.9229107755473399,1.854302178147481
134,4,700,6910.000000000002,4431.78220577323,0.1584130155558727,3.9604748826447618,0.40238194601680577,0.6413577721813646
134,5,700,6910.000000000002,4431.78220577323,0.15812758669901528,3.947575435261724,0.40034871854409765,0.6413577721813646
134,6,66,570.0859504455718,4431.78220577323,0.09604681033252462,0.6276300061687891,0.4686242047989741,7.773884275361296
134,0,31,223.43368382029254,4431.78220577323,0.13757670900528043,0.6431699410060375,1.755094151586141,19.834888500239327
135,6,440,4310.000000000002,5290.677893535039,0.09604681033252462,2.1624443823304684,0.25495406721542707,1.2275354741380597
135,3,700,6910.000000000002,5290.677893535039,0.15612958470101326,2.495535132966481,0.29831986044171266,0.7656552667923354
135,0,589,5800.000000000002,5290.677893535039,0.13757670900528043,4.389522223082396,0.5508654019390576,0.9121858437129375
135,5,280,2710.0000000000146,5290.677893535039,0.15812758669901528,2.965611335568131,0.9155117166422994,1.9522796655110741
135,2,665,6560.000000000001,5290.677893535039,0.156272299129442,2.451927893664935,0.30902753540868383,0.806505776453512
135,4,455,4460.000000000002,5290.677893535039,0.1584130155558727,3.463355001776053,0.650825160660935,1.186250648774672
135,1,620,6110.000000000002,5290.677893535039,0.1374339945768517,4.464954956469301,0.5313508296688212,0.8659047288928049
136,3,35,262.252839954494,4185.976110594377,0.15612958470101326,0.8903347441648891,2.218784235678487,15.961604500911129
136,5,560,5510.000000000002,4185.976110594377,0.15812758669901528,3.0148167677468822,0.36217103280720947,0.7597052832294693
136,4,210,2010.0000000221403,4185.976110594377,0.1584130155558727,1.9759128996711905,0.6518675252216167,2.082575179377248
136,2,560,5510.000000000002,4185.976110594377,0.156272299129442,3.3917148487959783,0.40266740978632354,0.7597052832294693
136,0,620,6110.000000000002,4185.976110594377,0.13757670900528043,3.6657519726447436,0.34551231275622485,0.6851024730923692
136,1,620,6110.000000000002,4185.976110594377,0.1374339945768517,3.6532794808870066,0.34397953295060985,0.6851024730923692
136,6,440,4310.000000000002,4185.976110594377,0.09604681033252462,2.359013879199801,0.22005584985003718,0.9712241555903424
137,6,396,3870.0000000000014,5571.3358070500935,0.09604681033252462,3.552370013085959,0.49118999600640223,1.439621655568499
137,2,490,4810.000000000001,5571.3358070500935,0.156272299129442,3.399161198156761,0.6152732329880554,1.1582818725675867
137,4,560,5510.000000000002,5571.3358070500935,0.1584130155558727,3.4586768800164696,0.5539985004568616,1.0111317254174395
137,3,700,6910.000000000002,5571.3358070500935,0.15612958470101326,3.8072931309026257,0.47927282871476695,0.8062714626700568
137,1,620,6110.000000000002,5571.3358070500935,0.1374339945768517,3.9528769108399118,0.4953653057552143,0.9118389209574619
137,0,620,6110.000000000002,5571.3358070500935,0.13757670900528043,3.95363527474491,0.4959748388700696,0.9118389209574619
137,5,525,5160.000000000001,5571.3358070500935,0.15812758669901528,3.37251864386047,0.575799968015819,1.0797162416763746
138,1,620,6110.000000000002,4418.393035675753,0.1374339945768517,3.739581878098703,0.37165531809899066,0.7231412497014323
138,5,175,1660.0000008844675,4418.393035675753,0.15812758669901528,2.2833127218025875,0.9610130755114985,2.661682550193724
138,0,434,4250.000000000002,4418.393035675753,0.13757670900528043,3.2822802930615023,0.46945719255637647,1.0396218907472354
138,6,440,4310.000000000002,4418.393035675753,0.09604681033252462,3.057406317135883,0.30103928985087264,1.0251491962124712
138,2,385,3760.0000000000014,4418.393035675753,0.156272299129442,2.808351002051867,0.5157151498794857,1.1751045307648273
138,3,700,6910.000000000002,4418.393035675753,0.15612958470101326,3.4841283307752775,0.34782888596198686,0.6394201209371565
138,4,420,4110.000000000002,4418.393035675753,0.1584130155558727,3.1273561956209197,0.5325872114204134,1.0750348018675793
139,1,620,6110.000000000002,3762.663100039082,0.1374339945768517,3.8792968352670756,0.32832299884076577,0.6158204746381475
139,3,35,262.252839954494,3762.663100039082,0.15612958470101326,1.091474529307503,2.444972306827805,14.347463694547514
139,4,700,6910.000000000002,3762.663100039082,0.1584130155558727,3.2241875822210826,0.2781175847923528,0.5445243270678843
139,2,140,1310.0000353340838,3762.663100039082,0.156272299129442,2.5208186026859085,1.1314819331388448,2.8722618309544594
139,5,700,6910.000000000002,3762.663100039082,0.15812758669901528,3.2107100343904422,0.2764559969662206,0.5445243270678843
139,0,310,3010.0000000000014,3762.663100039082,0.13757670900528043,3.1222043200760687,0.5369515192182875,1.2500541860594951
139,6,88,790.008464149783,3762.663100039082,0.09604681033252462,0.6003614367195025,0.2746371761535487,4.762813654266992
140,1,93,840.0049979958054,4449.641047311265,0.1374339945768517,1.9415278663397446,1.413451482338085,5.297160204912833
140,0,620,6110.000000000002,4449.641047311265,0.13757670900528043,4.677991521435906,0.46869261908108456,0.7282554905583082
140,3,700,6910.000000000002,4449.641047311265,0.15612958470101326,2.3308931275008224,0.2343443549277595,0.6439422644444665
140,4,700,6910.000000000002,4449.641047311265,0.1584130155558727,4.225658203427901,0.43105447447337025,0.6439422644444665
140,2,455,4460.000000000002,4449.641047311265,0.156272299129442,1.8284236164390086,0.28506831122946386,0.9976773648679962
140,6,154,1450.0000080833054,4449.641047311265,0.09604681033252462,1.9076566998657298,0.5622638241831899,3.0687179465557795
140,5,315,3060.0000000000014,4449.641047311265,0.15812758669901528,3.468850543304984,0.7976213729800283,1.4541310612128309
141,4,630,6210.000000000002,5191.026116878495,0.1584130155558727,4.185405695966291,0.5542300075819568,0.8359140284828491
141,1,465,4560.000000000002,5191.026116878495,0.1374339945768517,3.702233770102646,0.5792237737297428,1.1383829203680904
141,5,700,6910.000000000002,5191.026116878495,0.15812758669901528,4.294822589430796,0.5101854139624534,0.7512338808796661
141,3,175,1660.0000008844675,5191.026116878495,0.15612958470101326,1.2509212358899768,0.6107455275885924,3.1271241651281056
141,0,620,6110.000000000002,5191.026116878495,0.13757670900528043,4.0565358046249385,0.47414615561781637,0.8495951091454162
141,6,330,3210.000000000001,5191.026116878495,0.09604681033252462,2.6980366128357645,0.4190626616368152,1.6171420924855118
141,2,700,6910.000000000002,5191.026116878495,0.156272299129442,2.6602012741971057,0.3122997706884625,0.7512338808796661
142,2,595,5860.000000000002,4250.757289086988,0.156272299129442,3.211485094909571,0.3640462858740302,0.725385202915868
142,3,140,1310.0000353340838,4250.757289086988,0.15612958470101326,2.011217576970968,1.0189180627282062,3.2448528049107535
142,6,440,4310.000000000002,4250.757289086988,0.09604681033252462,2.2014370925721205,0.2085346678072942,0.9862545914354957
142,4,700,6910.000000000002,4250.757289086988,0.1584130155558727,4.033312727311608,0.39304386242274814,0.6151602444409532
142,0,62,530.1310020508638,4250.757289086988,0.13757670900528043,0.9893084693162231,1.0913391853138306,8.018314855465
142,5,700,6910.000000000002,4250.757289086988,0.15812758669901528,4.012287040402685,0.39029042671726194,0.6151602444409532
142,1,341,3320.0000000000014,4250.757289086988,0.1374339945768517,2.446654413197374,0.430521677968627,1.280348581050297
143,4,140,1310.0000353340838,4402.307697905072,0.1584130155558727,2.6097803068832937,1.3893251507149018,3.360540136766004
143,3,455,4460.000000000002,4402.307697905072,0.15612958470101326,3.70587799468323,0.5711127519021383,0.9870645062567422
143,6,440,4310.000000000002,4402.307697905072,0.09604681033252462,2.441224074336066,0.2394934911589586,1.021417099281919
143,1,620,6110.000000000002,4402.307697905072,0.1374339945768517,2.308226635314062,0.22856609141155707,0.7205086248617137
143,0,620,6110.000000000002,4402.307697905072,0.13757670900528043,2.318432598685931,0.22981510759344564,0.7205086248617137
143,5,560,5510.000000000002,4402.307697905072,0.15812758669901528,4.006836979481609,0.5062186152234344,0.7989669143203395
143,2,350,3410.000000000001,4402.307697905072,0.156272299129442,3.4439179529141435,0.6948016053489372,1.2909993248988478
144,5,140,1310.0000353340838,4512.172120196375,0.15812758669901528,1.7189148375843522,0.9362166353730296,3.444406105718657
144,1,496,4870.000000000001,4512.172120196375,0.1374339945768517,2.822623074078253,0.3594212528004046,0.9265240493216373
144,3,700,6910.000000000002,4512.172120196375,0.15612958470101326,4.280346156760598,0.4363869023491993,0.6529916237621379
144,0,155,1460.0000072749747,4512.172120196375,0.13757670900528043,1.628642160565363,0.6924738686319147,3.090528834049901
144,4,700,6910.000000000002,4512.172120196375,0.1584130155558727,3.4091770772234975,0.35265336429815936,0.6529916237621379
144,2,700,6910.000000000002,4512.172120196375,0.156272299129442,4.277670071463673,0.4365127136924108,0.6529916237621379
144,6,198,1890.0000000783903,4512.172120196375,0.09604681033252462,1.838555362408114,0.42158340982278936,2.3873926560895375
145,0,93,840.0049979958054,4453.978138728124,0.13757670900528043,1.74776959545041,1.2749563237734403,5.302323378259667
145,2,700,6910.000000000002,4453.978138728124,0.156272299129442,4.4163579228652745,0.4448527696648718,0.6445699187739685
145,6,440,4310.000000000002,4453.978138728124,0.09604681033252462,2.491009064398962,0.24724588118566954,1.0334056006329748
145,1,341,3320.0000000000014,4453.978138728124,0.1374339945768517,3.347923586013627,0.6172764438287266,1.3415596803397958
145,5,525,5160.000000000001,4453.978138728124,0.15812758669901528,2.232818073117424,0.3047609798022476,0.863174057893047
145,3,315,3060.0000000000014,4453.978138728124,0.15612958470101326,3.6162138693966104,0.8217996777297484,1.4555484113490593
145,4,700,6910.000000000002,4453.978138728124,0.1584130155558727,2.6043839115712775,0.26592912148349923,0.6445699187739685
146,4,700,6910.000000000002,4931.52500305371,0.1584130155558727,3.1579029336890527,0.357020233744376,0.7136794505142849
146,5,210,2010.0000000221403,4931.52500305371,0.15812758669901528,2.014500993240811,0.7815563764268036,2.453495026367855
146,6,88,790.008464149783,4931.52500305371,0.09604681033252462,0.9816620752651594,0.5885650303509222,6.2423698312664015
146,2,700,6910.000000000002,4931.52500305371,0.156272299129442,3.7071313353020052,0.4134501616279537,0.7136794505142849
146,0,372,3630.000000000001,4931.52500305371,0.13757670900528043,3.055275477450004,0.571044436931197,1.358546832797165
146,3,665,6560.000000000001,4931.52500305371,0.15612958470101326,3.650322551158897,0.428443783605212,0.751756860221602
146,1,620,6110.000000000002,4931.52500305371,0.1374339945768517,3.6464602879431167,0.4044880419925282,0.8071235684212289
147,4,455,4460.000000000002,5504.0373919566255,0.1584130155558727,3.46080706969245,0.676573163700743,1.2340891013355657
147,3,665,6560.000000000001,5504.0373919566255,0.15612958470101326,3.2691697596424474,0.4282528025526762,0.8390300902372904
147,1,620,6110.000000000002,5504.0373919566255,0.1374339945768517,3.445785678603505,0.42660171464199426,0.900824450402066
147,2,560,5510.000000000002,5504.0373919566255,0.156272299129442,3.118143818433553,0.4867521974090614,0.9989178569794235
147,5,700,6910.000000000002,5504.0373919566255,0.15812758669901528,3.863643291548466,0.4866402143983484,0.7965321840747647
147,0,620,6110.000000000002,5504.0373919566255,0.13757670900528043,3.431882474313334,0.42532164872158573,0.900824450402066
147,6,154,1450.0000080833054,5504.0373919566255,0.09604681033252462,1.0025677135634248,0.36551906347246893,3.7958878353609
148,4,350,3410.000000000001,4339.235093946487,0.1584130155558727,3.686688193025574,0.7431664077126203,1.2725029601016087
148,1,620,6110.000000000002,4339.235093946487,0.1374339945768517,3.531669123665408,0.34470386114601714,0.71018577642332
148,5,700,6910.000000000002,4339.235093946487,0.15812758669901528,4.204076105367015,0.4174585354283034,0.6279645577346579
148,0,496,4870.000000000001,4339.235093946487,0.13757670900528043,3.3004962852021897,0.4045837018099101,0.8910133663134469
148,2,700,6910.000000000002,4339.235093946487,0.156272299129442,3.2773493798673976,0.3216176513469491,0.6279645577346579
148,3,35,262.252839954494,4339.235093946487,0.15612958470101326,1.1129893884837752,2.875207605423036,16.54599849023343
148,6,88,790.008464149783,4339.235093946487,0.09604681033252462,0.490226013615009,0.25861918324109295,5.4926438017552455
149,6,66,570.0859504455718,4806.603115237478,0.09604681033252462,1.97996721723079,1.6033888966730185,8.43136567649264
149,1,310,3010.0000000000014,4806.603115237478,0.1374339945768517,3.6776107557318056,0.8071080864304885,1.5968781113745767
149,3,700,6910.000000000002,4806.603115237478,0.15612958470101326,2.5638492451376855,0.27844402673889657,0.6956010297015162
149,0,124,1150.0001906837483,4806.603115237478,0.13757670900528043,2.446944749214738,1.407049677433482,4.1796541897785655
149,5,595,5860.000000000002,4806.603115237478,0.15812758669901528,4.670719427910024,0.605803907556912,0.8202394394603202
149,4,700,6910.000000000002,4806.603115237478,0.1584130155558727,4.837791180694983,0.5330871278317827,0.6956010297015162
149,2,700,6910.000000000002,4806.603115237478,0.156272299129442,2.5663063243816695,0.2789656382670894,0.6956010297015162
150,0,620,6110.000000000002,4373.373769228239,0.13757670900528043,3.322020586875297,0.32713169314761603,0.7157731209866184
150,3,700,6910.000000000002,4373.373769228239,0.15612958470101326,3.3806577616413995,0.3340603720320485,0.6329050317262284
150,1,620,6110.000000000002,4373.373769228239,0.1374339945768517,3.310303337183719,0.3256397007961863,0.7157731209866184
150,2,350,3410.000000000001,4373.373769228239,0.156272299129442,2.6145357837279617,0.5240090753701508,1.2825143018264629
150,5,385,3760.0000000000014,4373.373769228239,0.15812758669901528,3.2522686589925436,0.5981674928279535,1.1631313216032546
150,6,242,2330.000000000761,4373.373769228239,0.09604681033252462,2.1408493241537516,0.3859488254954983,1.8769844503119362
150,4,175,1660.0000008844675,4373.373769228239,0.1584130155558727,2.524121560138809,1.0534395885771606,2.634562510179551
