round,cid,tau,a_i,a_eff,p_i,raw_update_norm,contribution_norm,amp_vs_fedavg
1,3,700,6910.000000000002,4297.282718287086,0.15612958470101326,4.073629294339008,0.3955328777774739,0.6218933022123133
1,1,620,6110.000000000002,4297.282718287086,0.1374339945768517,3.977333933595056,0.38444918251540644,0.7033195938276734
1,2,315,3060.0000000000014,4297.282718287086,0.156272299129442,2.7418579064130593,0.6017269268529917,1.4043407576101583
1,4,700,6910.000000000002,4297.282718287086,0.1584130155558727,4.080832783576879,0.4020272953997331,0.6218933022123133
1,0,155,1460.0000072749747,4297.282718287086,0.13757670900528043,2.2492210394684276,0.9107897252255228,2.9433443129276236
1,6,308,2990.000000000002,4297.282718287086,0.09604681033252462,1.990056413061224,0.27470785195282155,1.4372183004304626
1,5,210,2010.0000000221403,4297.282718287086,0.15812758669901528,2.207712017354362,0.7463592747353603,2.1379516011143043
2,1,186,1770.0000002775555,4575.152809380751,0.1374339945768517,2.0508631069192074,0.7285564037225557,2.5848320952900092
2,6,88,790.008464149783,4575.152809380751,0.09604681033252462,0.103235234117805,0.057422851308081974,5.791270621770601
2,5,700,6910.000000000002,4575.152809380751,0.15812758669901528,3.9892966631123716,0.41766831791211756,0.6621060505616135
2,4,665,6560.000000000001,4575.152809380751,0.1584130155558727,3.7655227526465103,0.416023537016537,0.6974318306982851
2,3,700,6910.000000000002,4575.152809380751,0.15612958470101326,2.753994187158513,0.28469233890322615,0.6621060505616135
2,0,620,6110.000000000002,4575.152809380751,0.13757670900528043,3.1698658844388246,0.3265503833906254,0.74879751381027
2,2,140,1310.0000353340838,4575.152809380751,0.156272299129442,2.6502692291010255,1.4464595479092222,3.4924829663947063
3,6,154,1450.0000080833054,4937.992034974814,0.09604681033252462,0.5378724548710542,0.17593191551104898,3.4055117292738086
3,3,700,6910.000000000002,4937.992034974814,0.15612958470101326,3.0797332184002424,0.34361383342571566,0.7146153451483086
3,2,700,6910.000000000002,4937.992034974814,0.156272299129442,3.0127813244070127,0.33645109801159667,0.7146153451483086
3,1,124,1150.0001906837483,4937.992034974814,0.1374339945768517,1.2625812280178241,0.7450852573737579,4.293905405388553
3,5,700,6910.000000000002,4937.992034974814,0.15812758669901528,3.351456069763713,0.37871587628604214,0.7146153451483086
3,0,465,4560.000000000002,4937.992034974814,0.13757670900528043,2.8987974200985027,0.43186531460017646,1.082892990126055
3,4,490,4810.000000000001,4937.992034974814,0.1584130155558727,2.5918254451538902,0.4215042124100611,1.0266095706808342
4,0,496,4870.000000000001,4063.1900378537457,0.13757670900528043,2.64760363040595,0.3039037493519046,0.8343306032553891
4,4,70,610.0563920873398,4063.1900378537457,0.1584130155558727,1.471453304552948,1.5525103316353013,6.660351552011986
4,5,420,4110.000000000002,4063.1900378537457,0.15812758669901528,2.875665589987833,0.4495431006741124,0.9886107148062637
4,6,440,4310.000000000002,4063.1900378537457,0.09604681033252462,0.7024808441177414,0.06360734928963463,0.9427355076226784
4,3,700,6910.000000000002,4063.1900378537457,0.15612958470101326,3.2626255179225994,0.2995308236693542,0.5880159244361425
4,2,210,2010.0000000221403,4063.1900378537457,0.156272299129442,2.1437627201303004,0.6772200283019335,2.021487580999497
4,1,620,6110.000000000002,4063.1900378537457,0.1374339945768517,3.002603364448316,0.2744214541400753,0.66500655284022
5,1,620,6110.000000000002,4720.3239673398275,0.1374339945768517,3.314150224455178,0.3518819224879307,0.7725571141309044
5,5,140,1310.0000353340838,4720.3239673398275,0.15812758669901528,1.355235198706894,0.7721875846245911,3.6033006412370234
5,6,440,4310.000000000002,4720.3239673398275,0.09604681033252462,0.8012450073568033,0.08428354992816489,1.095202776644971
5,3,700,6910.000000000002,4720.3239673398275,0.15612958470101326,3.3592027301921967,0.35827390561426764,0.6831149012069213
5,4,350,3410.000000000001,4720.3239673398275,0.1584130155558727,2.0783036845112615,0.45574015551621333,1.3842592279588932
5,2,630,6210.000000000002,4720.3239673398275,0.156272299129442,3.332796912836123,0.3958868335437395,0.7601165808920815
5,0,496,4870.000000000001,4720.3239673398275,0.13757670900528043,3.051293596600253,0.40688507446755345,0.96926570171249
6,1,93,840.0049979958054,4222.743108283081,0.1374339945768517,1.966709206370002,1.3587736370766959,5.027045218014485
6,4,490,4810.000000000001,4222.743108283081,0.1584130155558727,2.879636196858733,0.40047745346898306,0.8779091701212225
6,3,700,6910.000000000002,4222.743108283081,0.15612958470101326,3.492445953494399,0.3332203475003298,0.6111060938181012
6,0,620,6110.000000000002,4222.743108283081,0.13757670900528043,3.06343556615257,0.29127762051726613,0.6911199849890474
6,6,440,4310.000000000002,4222.743108283081,0.09604681033252462,0.24149896203869314,0.02272561300910269,0.9797547815041947
6,2,630,6210.000000000002,4222.743108283081,0.156272299129442,3.0990831095800533,0.3293201362258251,0.6799908386929274
6,5,35,262.252839954494,4222.743108283081,0.15812758669901528,2.1904990123158745,5.5773149087046265,16.101801257960865
7,2,105,960.0014115816389,4681.975468337964,0.156272299129442,2.506547795748116,1.91036016768483,4.877050608315494
7,1,434,4250.000000000002,4681.975468337964,0.1374339945768517,2.9589435395875685,0.44799281811156527,1.1016412866677558
7,3,700,6910.000000000002,4681.975468337964,0.15612958470101326,4.010797064986791,0.42429408698856574,0.6775651907869701
7,6,110,1010.0008335248422,4681.975468337964,0.09604681033252462,1.0229055626869512,0.45543446078742045,4.635615449937949
7,4,700,6910.000000000002,4681.975468337964,0.1584130155558727,3.4096560788542867,0.3659759299930657,0.6775651907869701
7,5,700,6910.000000000002,4681.975468337964,0.15812758669901528,3.6010220118213034,0.38581979455491655,0.6775651907869701
7,0,434,4250.000000000002,4681.975468337964,0.13757670900528043,2.861619999223594,0.4337076499692455,1.1016412866677558
8,0,589,5800.000000000002,4946.846913284857,0.13757670900528043,3.4970313458167004,0.4103410059113309,0.8529046402215268
8,3,630,6210.000000000002,4946.846913284857,0.15612958470101326,3.0023895320418204,0.3734127239135712,0.7965937058429718
8,2,700,6910.000000000002,4946.846913284857,0.156272299129442,3.293248732333874,0.36843167318966896,0.7158968036591686
8,6,22,138.8629381196525,4946.846913284857,0.09604681033252462,0.7495941462021818,2.5647867054068088,35.623953952510796
8,4,700,6910.000000000002,4946.846913284857,0.1584130155558727,3.490924042757464,0.3958965197759359,0.7158968036591686
8,1,620,6110.000000000002,4946.846913284857,0.1374339945768517,3.4322178533667094,0.3819058194735657,0.8096312460368011
8,5,105,960.0014115816389,4946.846913284857,0.15812758669901528,1.900726357534156,1.5487589859634732,5.152957957775018
9,5,455,4460.000000000002,4578.889315061932,0.15812758669901528,5.590100263331516,0.9075123148923488,1.0266567970990876
9,1,620,6110.000000000002,4578.889315061932,0.1374339945768517,7.295632747961919,0.7514084402227925,0.7494090532016253
9,2,140,1310.0000353340838,4578.889315061932,0.156272299129442,6.342160677584956,3.464240864979883,3.495335260730888
9,4,700,6910.000000000002,4578.889315061932,0.1584130155558727,6.390233189899221,0.6707947670712968,0.6626467894445631
9,0,620,6110.000000000002,4578.889315061932,0.13757670900528043,7.684300245959602,0.7922608165627666,0.7494090532016253
9,3,560,5510.000000000002,4578.889315061932,0.15612958470101326,7.393353196408503,0.9592575035320958,0.8310143947480818
9,6,44,350.8727963568088,4578.889315061932,0.09604681033252462,0.005121537553245039,0.0064193899154604585,13.049998069401704
10,2,630,6210.000000000002,4573.368060649066,0.156272299129442,2.8425663042131646,0.3271426441245087,0.7364521836793985
10,5,700,6910.000000000002,4573.368060649066,0.15812758669901528,3.468144639914017,0.3629634978189182,0.6618477656510948
10,0,248,2390.0000000004047,4573.368060649066,0.13757670900528043,2.3537150090413728,0.6196365776814017,1.913543121610164
10,3,175,1660.0000008844675,4573.368060649066,0.15612958470101326,1.6693506559669817,0.7180601786288554,2.7550409989230857
10,4,700,6910.000000000002,4573.368060649066,0.1584130155558727,3.403544733373956,0.3568456699808171,0.6618477656510948
10,6,440,4310.000000000002,4573.368060649066,0.09604681033252462,1.7132772689393294,0.17461014937864736,1.0611062785728687
10,1,310,3010.0000000000014,4573.368060649066,0.1374339945768517,2.5196257999711578,0.526138249055906,1.5193913822754366
11,6,440,4310.000000000002,4352.732981307912,0.09604681033252462,1.0849956985243863,0.10524360577835559,1.0099148448510233
11,1,341,3320.0000000000014,4352.732981307912,0.1374339945768517,1.7174581258193033,0.30945982043012926,1.3110641509963585
11,5,210,2010.0000000221403,4352.732981307912,0.15812758669901528,2.756084574168479,0.9437699648921418,2.1655387966467496
11,3,315,3060.0000000000014,4352.732981307912,0.15612958470101326,2.1531088468232555,0.4781804204929192,1.4224617585973562
11,0,620,6110.000000000002,4352.732981307912,0.13757670900528043,2.321652879844645,0.22754275883208072,0.7123949232909838
11,4,700,6910.000000000002,4352.732981307912,0.1584130155558727,4.046911268029718,0.4038299472936682,0.6299179423021579
11,2,490,4810.000000000001,4352.732981307912,0.156272299129442,2.377496924457951,0.33621641670686425,0.9049340917480065
12,0,434,4250.000000000002,5254.671043242473,0.13757670900528043,2.289695458015721,0.38947469169217913,1.2363931866452873
12,5,385,3760.0000000000014,5254.671043242473,0.15812758669901528,3.0321874992847833,0.6700718665070605,1.3975188944793806
12,1,465,4560.000000000002,5254.671043242473,0.1374339945768517,2.289106640082691,0.36252744087381067,1.1523401410619454
12,2,700,6910.000000000002,5254.671043242473,0.156272299129442,3.1388899840961333,0.3730143862040871,0.7604444346226443
12,4,700,6910.000000000002,5254.671043242473,0.1584130155558727,3.855677351873451,0.4644714579941975,0.7604444346226443
12,3,560,5510.000000000002,5254.671043242473,0.15612958470101326,2.860040320546632,0.4258447472683199,0.9536608063960929
12,6,440,4310.000000000002,5254.671043242473,0.09604681033252462,1.3426288891371645,0.15721978475513612,1.2191812165295757
13,1,620,6110.000000000002,4188.923256637607,0.1374339945768517,2.8932602912307153,0.27261068238633157,0.685584821053618
13,6,330,3210.000000000001,4188.923256637607,0.09604681033252462,0.7882767457373621,0.09880047516400703,1.3049605160864814
13,2,665,6560.000000000001,4188.923256637607,0.156272299129442,2.9625264933750177,0.2956261238439591,0.6385553744874399
13,0,620,6110.000000000002,4188.923256637607,0.13757670900528043,2.95314787062061,0.27854239384401724,0.685584821053618
13,5,700,6910.000000000002,4188.923256637607,0.15812758669901528,3.581103008348206,0.34328024609465047,0.6062117592818532
13,4,35,262.252839954494,4188.923256637607,0.1584130155558727,1.4062587991701714,3.5582652409744493,15.972842305023148
13,3,35,262.252839954494,4188.923256637607,0.15612958470101326,1.4596166653336702,3.6400405512126954,15.972842305023148
14,5,595,5860.000000000002,5032.621664050239,0.15812758669901528,3.9806947861972803,0.5405840027217783,0.8588091576877538
14,2,525,5160.000000000001,5032.621664050239,0.156272299129442,2.8004132013379377,0.42682386990510646,0.9753142759787283
14,4,385,3760.0000000000014,5032.621664050239,0.1584130155558727,3.138788233320073,0.6655172473680785,1.3384632085239991
14,6,440,4310.000000000002,5032.621664050239,0.09604681033252462,2.565507580938679,0.2877221266615988,1.1676616389907741
14,3,700,6910.000000000002,5032.621664050239,0.15612958470101326,3.2433957193611387,0.36880888838688847,0.7283099369103093
14,1,620,6110.000000000002,5032.621664050239,0.1374339945768517,7.682817537584399,0.8696965779908757,0.8236696667839996
14,0,279,2700.0000000000164,5032.621664050239,0.13757670900528043,6.152282127918454,1.5776536913234978,1.8639339496482252
15,0,434,4250.000000000002,4484.127301270247,0.13757670900528043,4.7408010483154195,0.6881540179436921,1.0550887767694694
15,4,455,4460.000000000002,4484.127301270247,0.1584130155558727,2.88498002815581,0.45949072246583916,1.0054097088049876
15,1,620,6110.000000000002,4484.127301270247,0.1374339945768517,5.083467121721849,0.5127325771846712,0.7338997219754902
15,2,245,2360.000000000555,4484.127301270247,0.156272299129442,1.9000624283163756,0.5641775525187634,1.9000539412157595
15,6,440,4310.000000000002,4484.127301270247,0.09604681033252462,1.5745948847550513,0.15734481866220668,1.0404007659559733
15,3,315,3060.0000000000014,4484.127301270247,0.15612958470101326,2.4136032437896375,0.5522142281016471,1.4654010788464853
15,5,700,6910.000000000002,4484.127301270247,0.15812758669901528,3.7493589274471533,0.38473752469445865,0.6489330392576332
16,6,220,2110.0000000077202,4150.214955563818,0.09604681033252462,0.8391333288128893,0.15852656646005664,1.9669265192173615
16,5,700,6910.000000000002,4150.214955563818,0.15812758669901528,4.019203291593272,0.38171582050625963,0.6006099790975133
16,3,140,1310.0000353340838,4150.214955563818,0.15612958470101326,2.2864309086013086,1.1309478273522948,3.1681029340624454
16,4,700,6910.000000000002,4150.214955563818,0.1584130155558727,3.8816843742743283,0.3693206781353809,0.6006099790975133
16,2,420,4110.000000000002,4150.214955563818,0.156272299129442,3.277988543330717,0.5172710848062018,1.0097846607211232
16,1,62,530.1310020508638,4150.214955563818,0.1374339945768517,1.151663724025585,1.2391025351273004,7.8286592172657405
16,0,620,6110.000000000002,4150.214955563818,0.13757670900528043,3.682562275733348,0.344131475968691,0.6792495835619995
17,0,589,5800.000000000002,4988.846867421755,0.13757670900528043,3.006560119182911,0.3557844712710444,0.8601460116244402
17,1,434,4250.000000000002,4988.846867421755,0.1374339945768517,2.373392355284291,0.38289081839841926,1.1738463217462947
17,2,700,6910.000000000002,4988.846867421755,0.156272299129442,3.596229140150216,0.4057434181696804,0.7219749446341177
17,3,210,2010.0000000221403,4988.846867421755,0.15612958470101326,2.6879794815374916,1.041634293888054,2.4820133668491553
17,4,455,4460.000000000002,4988.846867421755,0.1584130155558727,3.4200990951234336,0.6060310358842358,1.1185755308120522
17,6,440,4310.000000000002,4988.846867421755,0.09604681033252462,1.657637918670756,0.18428734903125768,1.1575050736477384
17,5,700,6910.000000000002,4988.846867421755,0.15812758669901528,4.0872539885920105,0.4666179005434819,0.7219749446341177
18,4,315,3060.0000000000014,4670.28542899495,0.1584130155558727,3.2460486970166826,0.7848160739329954,1.5262370682990025
18,6,352,3430.000000000001,4670.28542899495,0.09604681033252462,1.1701608352320614,0.15303043358971505,1.3615992504358452
18,0,434,4250.000000000002,4670.28542899495,0.13757670900528043,3.030479585815374,0.45815325128687046,1.0988906891752819
18,2,700,6910.000000000002,4670.28542899495,0.156272299129442,3.521272479053599,0.37191783960792596,0.6758734340079521
18,5,700,6910.000000000002,4670.28542899495,0.15812758669901528,3.562543249349826,0.3807440845485694,0.6758734340079521
18,1,620,6110.000000000002,4670.28542899495,0.1374339945768517,3.3391783269659894,0.350780946841116,0.7643675006538377
18,3,175,1660.0000008844675,4670.28542899495,0.15612958470101326,2.513562162933666,1.1041044751767306,2.813424955726848
19,4,175,1660.0000008844675,4751.669758952728,0.1584130155558727,2.1666234340599955,0.982454528272519,2.862451660494568
19,2,315,3060.0000000000014,4751.669758952728,0.156272299129442,2.72239246276831,0.6606288847186441,1.5528332545597145
19,5,700,6910.000000000002,4751.669758952728,0.15812758669901528,3.5395065414093887,0.38487399190490784,0.6876511952174714
19,3,700,6910.000000000002,4751.669758952728,0.15612958470101326,3.380355145978986,0.36292404031580205,0.6876511952174714
19,0,620,6110.000000000002,4751.669758952728,0.13757670900528043,3.463950606182124,0.3706138510914643,0.7776873582574021
19,1,465,4560.000000000002,4751.669758952728,0.1374339945768517,2.96451078368088,0.4245497710307291,1.042032841875598
19,6,396,3870.0000000000014,4751.669758952728,0.09604681033252462,0.8270388643341019,0.09753133070856154,1.2278216431402396
20,6,286,2770.000000000008,4797.418519199724,0.09604681033252462,0.7627311200471855,0.12687681011747082,1.7319200430323862
20,2,700,6910.000000000002,4797.418519199724,0.156272299129442,3.309216808875512,0.35903499670117556,0.6942718551663853
20,1,372,3630.000000000001,4797.418519199724,0.1374339945768517,3.3870476564679532,0.6152001875301785,1.3216028978511634
20,4,700,6910.000000000002,4797.418519199724,0.1584130155558727,3.379755821954759,0.371711284774496,0.6942718551663853
20,3,700,6910.000000000002,4797.418519199724,0.15612958470101326,3.3991961077181485,0.3684605408064991,0.6942718551663853
20,0,465,4560.000000000002,4797.418519199724,0.13757670900528043,3.5881528606740853,0.5193481840249566,1.052065464736781
20,5,105,960.0014115816389,4797.418519199724,0.15812758669901528,1.4499508215189594,1.1457679002606092,4.997303609476776
21,3,700,6910.000000000002,4921.280148499462,0.15612958470101326,3.386149975287454,0.37652293463466757,0.7121968376989088
21,6,176,1670.0000007960207,4921.280148499462,0.09604681033252462,0.9555035528074505,0.2704437006004386,2.946874339014185
21,1,372,3630.000000000001,4921.280148499462,0.1374339945768517,2.402667052901084,0.4476712723354042,1.3557245588152784
21,4,700,6910.000000000002,4921.280148499462,0.1584130155558727,3.2977295678189806,0.3720539678126763,0.7121968376989088
21,0,310,3010.0000000000014,4921.280148499462,0.13757670900528043,2.415988221939106,0.5434396500563736,1.634976793521415
21,2,700,6910.000000000002,4921.280148499462,0.156272299129442,3.2581296450163495,0.3626188732471979,0.7121968376989088
21,5,385,3760.0000000000014,4921.280148499462,0.15812758669901528,2.4907062440895618,0.5154901792667068,1.3088511033243244
22,6,198,1890.0000000783903,4986.093356175588,0.09604681033252462,0.7500953880711217,0.19006320282372638,2.638144632787716
22,0,527,5180.000000000002,4986.093356175588,0.13757670900528043,3.1438300528609364,0.41632704456306285,0.962566284975982
22,3,700,6910.000000000002,4986.093356175588,0.15612958470101326,3.478396212323421,0.39187414651478103,0.7215764625435003
22,2,700,6910.000000000002,4986.093356175588,0.156272299129442,3.312040864014877,0.37347371911640276,0.7215764625435003
22,4,700,6910.000000000002,4986.093356175588,0.1584130155558727,4.331060329127066,0.4950709608110369,0.7215764625435003
22,5,35,262.252839954494,4986.093356175588,0.15812758669901528,4.400984207108957,13.231152003696689,19.01254284621197
22,1,589,5800.000000000002,4986.093356175588,0.1374339945768517,2.8003045675397065,0.33085054205639675,0.8596712683061356
23,1,620,6110.000000000002,4495.48308834374,0.1374339945768517,5.166845769167363,0.5224621407977924,0.7357582795979932
23,5,315,3060.0000000000014,4495.48308834374,0.15812758669901528,1.6952322763610272,0.3938145858039517,1.4691121203737705
23,2,700,6910.000000000002,4495.48308834374,0.156272299129442,5.426006385727191,0.5516461900511826,0.6505764237834644
23,4,210,2010.0000000221403,4495.48308834374,0.1584130155558727,1.537903731747978,0.5448793169461914,2.2365587503951354
23,3,560,5510.000000000002,4495.48308834374,0.15612958470101326,5.202727392261123,0.6627367361095948,0.8158771485197347
23,6,440,4310.000000000002,4495.48308834374,0.09604681033252462,2.766852030524903,0.2771838857867442,1.0430355193372942
23,0,372,3630.000000000001,4495.48308834374,0.13757670900528043,4.754975105898794,0.8101452820220795,1.2384250932076415
24,0,620,6110.000000000002,4708.9581848198595,0.13757670900528043,1.9410117826973763,0.20580537445743102,0.7706969205924481
24,2,700,6910.000000000002,4708.9581848198595,0.156272299129442,3.5444457732436323,0.3774653792217602,0.6814700701620634
24,1,372,3630.000000000001,4708.9581848198595,0.1374339945768517,1.7839310297790956,0.3180463664140107,1.2972336597299885
24,6,198,1890.0000000783903,4708.9581848198595,0.09604681033252462,0.680967843021806,0.16295683476479997,2.491512266997116
24,5,175,1660.0000008844675,4708.9581848198595,0.15812758669901528,2.241281859239778,1.0053582927678808,2.836721796572814
24,3,490,4810.000000000001,4708.9581848198595,0.15612958470101326,3.236380422299484,0.49468019969881694,0.9789933856174342
24,4,700,6910.000000000002,4708.9581848198595,0.1584130155558727,2.9149859699256315,0.3146836049273273,0.6814700701620634
25,0,558,5490.000000000002,5055.980547505755,0.13757670900528043,2.0258803400552807,0.25667983782082243,0.9209436334254559
25,2,385,3760.0000000000014,5055.980547505755,0.156272299129442,2.6332978224630166,0.5533495118083924,1.3446756775281257
25,3,700,6910.000000000002,5055.980547505755,0.15612958470101326,3.052927645301741,0.34876192258478406,0.7316903831412088
25,1,279,2700.0000000000164,5055.980547505755,0.1374339945768517,1.6486603904887764,0.4242941108518746,1.872585387965083
25,6,88,790.008464149783,5055.980547505755,0.09604681033252462,0.8741262778811701,0.5373172370506835,6.399906807260685
25,5,700,6910.000000000002,5055.980547505755,0.15812758669901528,1.4853783861042147,0.17185892466470612,0.7316903831412088
25,4,700,6910.000000000002,5055.980547505755,0.1584130155558727,1.5201138955083469,0.1761953072172518,0.7316903831412088
26,3,315,3060.0000000000014,4395.571571324118,0.15612958470101326,3.5389520168654967,0.7936952992903384,1.4364612978183386
26,2,280,2710.0000000000146,4395.571571324118,0.156272299129442,3.4369440225512897,0.8711652140345583,1.6219821296398873
26,0,186,1770.0000002775555,4395.571571324118,0.13757670900528043,3.414693346745024,1.1666449735480335,2.483373768720251
26,6,242,2330.000000000761,4395.571571324118,0.09604681033252462,0.7167272391368524,0.12986624748934275,1.8865114040011515
26,4,700,6910.000000000002,4395.571571324118,0.1584130155558727,3.5082340631003786,0.35352223223911844,0.6361174488168042
26,1,620,6110.000000000002,4395.571571324118,0.1374339945768517,3.5761338344361584,0.35357543055111035,0.7194061491528833
26,5,700,6910.000000000002,4395.571571324118,0.15812758669901528,3.4483648201182864,0.346863144771699,0.6361174488168042
27,6,154,1450.0000080833054,4184.529226693547,0.09604681033252462,0.45690791927776286,0.12664563708973892,2.8858822092179857
27,0,62,530.1310020508638,4184.529226693547,0.13757670900528043,1.1227172889224417,1.2192106001911547,7.893387126022218
27,5,700,6910.000000000002,4184.529226693547,0.15812758669901528,4.14808332559678,0.39721320046663355,0.6055758649339429
27,3,420,4110.000000000002,4184.529226693547,0.15612958470101326,2.1768662361083946,0.3460363572483184,1.018133631798916
27,1,620,6110.000000000002,4184.529226693547,0.1374339945768517,2.2325953804012535,0.21014041552801296,0.6848656672166196
27,2,700,6910.000000000002,4184.529226693547,0.156272299129442,2.5807388724837126,0.24422753339316475,0.6055758649339429
27,4,210,2010.0000000221403,4184.529226693547,0.1584130155558727,3.872779372281771,1.2772154571479835,2.0818553366405244
28,2,105,960.0014115816389,3579.564198119846,0.156272299129442,1.7936142343212007,1.0451276260132603,3.7287072236929086
28,0,620,6110.000000000002,3579.564198119846,0.13757670900528043,2.24903737390988,0.1812719198496513,0.5858533875809894
28,3,35,262.252839954494,3579.564198119846,0.15612958470101326,1.0197376101139084,2.1731194438882473,13.64928669119835
28,6,220,2110.0000000077202,3579.564198119846,0.09604681033252462,1.2299116716774285,0.20040316220653467,1.6964759232733406
28,1,124,1150.0001906837483,3579.564198119846,0.1374339945768517,0.8131114714376051,0.34783758020025524,3.11266400398731
28,5,700,6910.000000000002,3579.564198119846,0.15812758669901528,3.166026567679661,0.2593428661471732,0.5180266567467214
28,4,700,6910.000000000002,3579.564198119846,0.1584130155558727,3.1846508000453797,0.2613393388907008,0.5180266567467214
29,6,44,350.8727963568088,4643.160752383065,0.09604681033252462,0.8348867166528229,1.0611444812552613,13.23317396103103
29,2,385,3760.0000000000014,4643.160752383065,0.156272299129442,1.6333722602938894,0.3152049667834233,1.234883178825283
29,1,620,6110.000000000002,4643.160752383065,0.1374339945768517,6.687591655757572,0.6984517766341874,0.759928110046328
29,5,385,3760.0000000000014,4643.160752383065,0.15812758669901528,3.7379555536929066,0.7299072053073675,1.234883178825283
29,3,700,6910.000000000002,4643.160752383065,0.15612958470101326,2.3698242822769298,0.248620549528594,0.6719480104751178
29,0,310,3010.0000000000014,4643.160752383065,0.13757670900528043,5.424533833148658,1.1512100249377633,1.5425783230508516
29,4,700,6910.000000000002,4643.160752383065,0.1584130155558727,4.173401065161235,0.4442389727902541,0.6719480104751178
30,5,700,6910.000000000002,5670.392464678922,0.15812758669901528,4.749620517502681,0.6163134225899181,0.8206067242661245
30,0,589,5800.000000000002,5670.392464678922,0.13757670900528043,5.248462992226928,0.7059308814876759,0.9776538732205035
30,2,700,6910.000000000002,5670.392464678922,0.156272299129442,3.36514893227345,0.4315403035491246,0.8206067242661245
30,3,700,6910.000000000002,5670.392464678922,0.15612958470101326,3.34540428811016,0.42861649951589054,0.8206067242661245
30,6,220,2110.0000000077202,5670.392464678922,0.09604681033252462,0.34366012412841995,0.08870390778955947,2.68738979367686
30,4,455,4460.000000000002,5670.392464678922,0.1584130155558727,4.562001924281131,0.9188076139804093,1.2713884449952735
30,1,527,5180.000000000002,5670.392464678922,0.1374339945768517,5.212148312234392,0.7841412375117156,1.0946703599766254
31,1,620,6110.000000000002,4007.9225253007376,0.1374339945768517,3.3907146063803175,0.3056775292561101,0.655961133437109
31,3,700,6910.000000000002,4007.9225253007376,0.15612958470101326,4.802617309479198,0.43491507037507915,0.5800177315920024
31,4,35,262.252839954494,4007.9225253007376,0.1584130155558727,1.427002563532284,3.4547349419304454,15.282665865491449
31,5,70,610.0563920873398,4007.9225253007376,0.15812758669901528,2.900790216461359,3.0135146062549323,6.569757447483537
31,6,352,3430.000000000001,4007.9225253007376,0.09604681033252462,0.4368076133122418,0.049022826064865285,1.168490532157649
31,0,403,3940.000000000001,4007.9225253007376,0.13757670900528043,3.1280521618964454,0.4377659705798601,1.0172392196194764
31,2,700,6910.000000000002,4007.9225253007376,0.156272299129442,4.866480368044286,0.4411012087600279,0.5800177315920024
32,1,620,6110.000000000002,4916.828885403773,0.1374339945768517,5.518769335078669,0.6103518934394417,0.8047183118500444
32,5,700,6910.000000000002,4916.828885403773,0.15812758669901528,5.189683885213233,0.5839230171789639,0.7115526606951913
32,0,310,3010.0000000000014,4916.828885403773,0.13757670900528043,4.910852668620681,1.1036221799997366,1.6334979685726811
32,2,665,6560.000000000001,4916.828885403773,0.156272299129442,8.126622436255468,0.9518605756005674,0.7495165983847214
32,6,440,4310.000000000002,4916.828885403773,0.09604681033252462,6.575049981070447,0.7204267487846314,1.1407955650588795
32,3,210,2010.0000000221403,4916.828885403773,0.15612958470101326,6.64292481125732,2.537076591293852,2.446183525049559
32,4,525,5160.000000000001,4916.828885403773,0.1584130155558727,4.853095073477701,0.7325631241787933,0.952873815000731
33,1,620,6110.000000000002,3851.535612985364,0.1374339945768517,6.19452582710897,0.5366547099383455,0.630365894105624
33,2,700,6910.000000000002,3851.535612985364,0.156272299129442,7.840960312594735,0.6829786501061476,0.5573857616476647
33,3,175,1660.0000008844675,3851.535612985364,0.15612958470101326,6.168736985104014,2.234638556695816,2.3202021752609765
33,0,341,3320.0000000000014,3851.535612985364,0.13757670900528043,5.636262563565006,0.8995637930120375,1.1601010882486031
33,6,440,4310.000000000002,3851.535612985364,0.09604681033252462,7.03882547452877,0.6041430608973204,0.8936277524327987
33,5,385,3760.0000000000014,3851.535612985364,0.15812758669901528,4.737646045157196,0.7673903380367185,1.024344577921639
33,4,140,1310.0000353340838,3851.535612985364,0.1584130155558727,4.003209252006736,1.8644973204276813,2.940103442060689
34,5,665,6560.000000000001,5161.88166306122,0.15812758669901528,4.060219744697412,0.5051977252658746,0.786872204734942
34,6,440,4310.000000000002,5161.88166306122,0.09604681033252462,1.5563694180182734,0.17903024629852643,1.197652358018844
34,3,700,6910.000000000002,5161.88166306122,0.15612958470101326,2.78714174320119,0.3250680282525305,0.7470161596325932
34,1,93,840.0049979958054,5161.88166306122,0.1374339945768517,2.068341546138602,1.746797650705973,6.1450606548498135
34,4,700,6910.000000000002,5161.88166306122,0.1584130155558727,4.1381033204739435,0.4896910740961743,0.7470161596325932
34,0,496,4870.000000000001,5161.88166306122,0.13757670900528043,3.9633670706387236,0.5779473756193323,1.0599346330721189
34,2,490,4810.000000000001,5161.88166306122,0.156272299129442,2.459183904737609,0.41241644761050017,1.0731562709066984
35,5,700,6910.000000000002,4660.771471867934,0.15812758669901528,7.730953677384671,0.8245566063391799,0.6744965950604824
35,2,700,6910.000000000002,4660.771471867934,0.156272299129442,3.903469039044216,0.411445675817964,0.6744965950604824
35,6,88,790.008464149783,4660.771471867934,0.09604681033252462,0.09774705720577556,0.05538761983942059,5.8996475143895015
35,0,434,4250.000000000002,4660.771471867934,0.13757670900528043,6.012364586524646,0.907108222163811,1.0966521110277487
35,3,350,3410.000000000001,4660.771471867934,0.15612958470101326,3.2678102469091175,0.6973414248530381,1.3667951530404496
35,4,700,6910.000000000002,4660.771471867934,0.1584130155558727,7.727751491886186,0.8257028252195493,0.6744965950604824
35,1,155,1460.0000072749747,4660.771471867934,0.1374339945768517,4.534121441782291,1.9892632926176768,3.1923092113999765
36,4,385,3760.0000000000014,5534.673897531042,0.1584130155558727,8.302191323971941,1.9359217147038654,1.4719877387050637
36,6,418,4090.0000000000014,5534.673897531042,0.09604681033252462,0.4350685571981472,0.05654697454691322,1.35322100184133
36,1,620,6110.000000000002,5534.673897531042,0.1374339945768517,5.291143905452034,0.658710475573226,0.9058386084338854
36,5,560,5510.000000000002,5534.673897531042,0.15812758669901528,8.493835651763096,1.34912420746686,1.0044780213304974
36,3,700,6910.000000000002,5534.673897531042,0.15612958470101326,3.278751017841126,0.4100224467778197,0.8009658317700492
36,2,595,5860.000000000002,5534.673897531042,0.156272299129442,3.0436312435851955,0.44922969534977725,0.9444836002612697
36,0,620,6110.000000000002,5534.673897531042,0.13757670900528043,5.243272483523673,0.6534286483103517,0.9058386084338854
37,3,455,4460.000000000002,4991.742543171116,0.15612958470101326,2.8580415704086435,0.49942590467487297,1.1192247854643753
37,0,403,3940.000000000001,4991.742543171116,0.13757670900528043,2.6135529260263644,0.4555459308569185,1.2669397317693185
37,4,350,3410.000000000001,4991.742543171116,0.1584130155558727,6.123021721608445,1.419889214378844,1.4638541182319986
37,5,700,6910.000000000002,4991.742543171116,0.15812758669901528,6.816517684270166,0.7786536775918189,0.7223940004589168
37,1,465,4560.000000000002,4991.742543171116,0.1374339945768517,2.769767789838075,0.41670130952768647,1.0946803822743671
37,2,700,6910.000000000002,4991.742543171116,0.156272299129442,3.4183833087606343,0.38590187739428483,0.7223940004589168
37,6,440,4310.000000000002,4991.742543171116,0.09604681033252462,2.971587701247817,0.33055703673630693,1.158176924169632
38,5,35,262.252839954494,4282.803788707417,0.15812758669901528,1.3471835153250635,3.478903492000634,16.330819484931286
38,1,434,4250.000000000002,4282.803788707417,0.1374339945768517,3.1797243363836896,0.440375235648976,1.0077185385193919
38,3,700,6910.000000000002,4282.803788707417,0.15612958470101326,5.831308869608775,0.5642887354851615,0.619797943372998
38,4,700,6910.000000000002,4282.803788707417,0.1584130155558727,4.84815945659102,0.47601198501167497,0.619797943372998
38,0,186,1770.0000002775555,4282.803788707417,0.13757670900528043,2.4464504772841393,0.8143971723180614,2.4196631570823874
38,6,176,1670.0000007960207,4282.803788707417,0.09604681033252462,3.9683950167705473,0.977483756520469,2.564553165668251
38,2,700,6910.000000000002,4282.803788707417,0.156272299129442,5.832738228715688,0.5649429825086623,0.619797943372998
39,0,589,5800.000000000002,4804.322447830563,0.13757670900528043,4.276641211916605,0.4873622509067786,0.8283314565225106
39,4,245,2360.000000000555,4804.322447830563,0.1584130155558727,1.0672114678015348,0.34416086894868464,2.0357298507751835
39,6,44,350.8727963568088,4804.322447830563,0.09604681033252462,1.6066097705660534,2.112884710050922,13.6924905484692
39,3,700,6910.000000000002,4804.322447830563,0.15612958470101326,5.944572336563181,0.6452974087586498,0.6952709765311956
39,2,385,3760.0000000000014,4804.322447830563,0.156272299129442,4.180518101621964,0.8347499715446758,1.2777453318698302
39,1,620,6110.000000000002,4804.322447830563,0.1374339945768517,4.369838754266613,0.4722266787914838,0.7863048196122032
39,5,700,6910.000000000002,4804.322447830563,0.15812758669901528,1.9887424826712803,0.21864537465669992,0.6952709765311956
40,1,620,6110.000000000002,4928.779241787543,0.1374339945768517,8.596208679133818,0.9530139896260971,0.8066741803252931
40,4,700,6910.000000000002,4928.779241787543,0.1584130155558727,4.005596605544779,0.4526050454491954,0.7132820899837252
40,0,589,5800.000000000002,4928.779241787543,0.13757670900528043,8.609891468572052,1.006593140552681,0.8497895244461278
40,3,700,6910.000000000002,4928.779241787543,0.15612958470101326,7.622695683771153,0.848897209310896,0.7132820899837252
40,2,595,5860.000000000002,4928.779241787543,0.156272299129442,6.586346465396946,0.8657018085027304,0.8410886078135735
40,5,35,262.252839954494,4928.779241787543,0.15812758669901528,1.5493708605875818,4.604496991260731,18.793997588902307
40,6,176,1670.0000007960207,4928.779241787543,0.09604681033252462,0.24531577688732006,0.0695394612605558,2.9513648140348474
41,1,31,223.43368382029254,3485.5736388651967,0.1374339945768517,0.7479535838539287,1.6035940404021884,15.60003657133738
41,2,700,6910.000000000002,3485.5736388651967,0.156272299129442,8.180196443557218,0.644825123345128,0.5044245497634148
41,0,62,530.1310020508638,3485.5736388651967,0.13757670900528043,1.6723614663316166,1.5127464015286123,6.574928886220412
41,3,420,4110.000000000002,3485.5736388651967,0.15612958470101326,7.753704904561205,1.0266606422514875,0.8480714449793663
41,6,440,4310.000000000002,3485.5736388651967,0.09604681033252462,2.4918454936268954,0.19355350911105668,0.8087177816392564
41,4,700,6910.000000000002,3485.5736388651967,0.1584130155558727,3.299638492859303,0.2636655792590653,0.5044245497634148
41,5,105,960.0014115816389,3485.5736388651967,0.15812758669901528,0.6180458755728756,0.3548385094456115,3.6308005350977366
42,0,403,3940.000000000001,5039.494790923452,0.13757670900528043,5.732347323062925,1.0087143325587888,1.2790595916049365
42,4,700,6910.000000000002,5039.494790923452,0.1584130155558727,2.160768725455475,0.24963650856727965,0.7293046007125109
42,6,352,3430.000000000001,5039.494790923452,0.09604681033252462,2.6859696353435525,0.3790329154604487,1.4692404638260788
42,3,700,6910.000000000002,5039.494790923452,0.15612958470101326,5.10230444119769,0.5809791221496046,0.7293046007125109
42,1,403,3940.000000000001,5039.494790923452,0.1374339945768517,5.747065281142237,1.0102551633340924,1.2790595916049365
42,2,700,6910.000000000002,5039.494790923452,0.156272299129442,5.091893617781847,0.5803236590205131,0.7293046007125109
42,5,245,2360.000000000555,5039.494790923452,0.15812758669901528,0.9715374894143355,0.32805163321756203,2.135379148695876
43,1,310,3010.0000000000014,4427.853575134524,0.1374339945768517,3.4543222773744264,0.6983671106043567,1.47104769938024
43,6,440,4310.000000000002,4427.853575134524,0.09604681033252462,4.415836593323694,0.43572444098834034,1.0273442169685667
43,0,465,4560.000000000002,4427.853575134524,0.13757670900528043,3.9003611098448263,0.5210484903786238,0.9710205208628339
43,3,175,1660.0000008844675,4427.853575134524,0.15612958470101326,2.1319102203131446,0.8878493448650865,2.6673816703465736
43,4,700,6910.000000000002,4427.853575134524,0.1584130155558727,5.998362407276993,0.6088898940074912,0.6407892293971814
43,5,350,3410.000000000001,4427.853575134524,0.15812758669901528,5.206189864621791,1.068972460996203,1.2984907844969276
43,2,700,6910.000000000002,4427.853575134524,0.156272299129442,3.435957762265398,0.3440685850951937,0.6407892293971814
44,1,186,1770.0000002775555,4823.552162238193,0.1374339945768517,2.7610366670181437,1.0340940916186503,2.7251707127015856
44,6,176,1670.0000007960207,4823.552162238193,0.09604681033252462,3.9127755661068697,1.0854714185197314,2.888354586789822
44,0,465,4560.000000000002,4823.552162238193,0.13757670900528043,3.578958210261619,0.5208392207909736,1.057796526806621
44,3,700,6910.000000000002,4823.552162238193,0.15612958470101326,3.9579970428948217,0.43136966574174485,0.6980538585004619
44,4,700,6910.000000000002,4823.552162238193,0.1584130155558727,8.765484059463928,0.9692943864649246,0.6980538585004619
44,5,350,3410.000000000001,4823.552162238193,0.15812758669901528,7.902206062694945,1.7675373256530507,1.4145314258763027
44,2,700,6910.000000000002,4823.552162238193,0.156272299129442,3.9515729353326954,0.4310631874478675,0.6980538585004619
45,4,700,6910.000000000002,4870.184322211311,0.1584130155558727,8.43211045205669,0.9414440151682982,0.7048023621145166
45,5,700,6910.000000000002,4870.184322211311,0.15812758669901528,8.429807193233467,0.9394910244516437,0.7048023621145166
45,6,198,1890.0000000783903,4870.184322211311,0.09604681033252462,1.2038374147361026,0.2979438173053554,2.5768171015922294
45,1,620,6110.000000000002,4870.184322211311,0.1374339945768517,2.707757404038427,0.29662524485502945,0.7970841771213273
45,2,105,960.0014115816389,4870.184322211311,0.156272299129442,2.738145849759405,2.170761476993685,5.073101209494575
45,3,630,6210.000000000002,4870.184322211311,0.15612958470101326,4.088057992079643,0.500559894667116,0.7842486831258147
45,0,403,3940.000000000001,4870.184322211311,0.13757670900528043,2.4970920644351624,0.4246475740680823,1.2360873914241903
46,1,620,6110.000000000002,3788.4768519292625,0.1374339945768517,4.021321457924571,0.3426781303098505,0.6200453112813848
46,2,700,6910.000000000002,3788.4768519292625,0.156272299129442,4.156947029642516,0.35615831074371085,0.5482600364586485
46,5,70,610.0563920873398,3788.4768519292625,0.15812758669901528,3.099380573547951,3.04352732725444,6.210043696070115
46,4,630,6210.000000000002,3788.4768519292625,0.1584130155558727,7.03355602122558,0.679733775132355,0.6100606846907023
46,6,440,4310.000000000002,3788.4768519292625,0.09604681033252462,0.4243452743710505,0.03582528752978341,0.8789969494035408
46,3,175,1660.0000008844675,3788.4768519292625,0.15612958470101326,3.565625407569297,1.2705081929568318,2.2822149698257337
46,0,93,840.0049979958054,3788.4768519292625,0.13757670900528043,2.705127861104016,1.678477336816355,4.5100646555298
47,6,176,1670.0000007960207,4209.562845766505,0.09604681033252462,2.5578388136343,0.6192651586160617,2.5206963136287297
47,1,620,6110.000000000002,4209.562845766505,0.1374339945768517,4.315596365617323,0.40863049682747965,0.6889628225477094
47,3,700,6910.000000000002,4209.562845766505,0.15612958470101326,3.3013987068959074,0.3140090258544017,0.6091986752194651
47,5,700,6910.000000000002,4209.562845766505,0.15812758669901528,3.678758229320257,0.35437888694849484,0.6091986752194651
47,2,35,262.252839954494,4209.562845766505,0.156272299129442,0.5057930531521795,1.2687371585691725,16.051543413207447
47,4,350,3410.000000000001,4209.562845766505,0.1584130155558727,2.9276842058176027,0.5725292901154726,1.2344759078494147
47,0,341,3320.0000000000014,4209.562845766505,0.13757670900528043,3.5171859117177986,0.6135347350901373,1.26794061619473
48,6,418,4090.0000000000014,5268.359662476808,0.09604681033252462,6.060127541558623,0.7497505949298484,1.2881074969380943
48,2,700,6910.000000000002,5268.359662476808,0.156272299129442,5.620473439727096,0.6696567796788522,0.7624254214872368
48,3,525,5160.000000000001,5268.359662476808,0.15612958470101326,5.3074045717774085,0.8460443177333854,1.0209999345885286
48,0,620,6110.000000000002,5268.359662476808,0.13757670900528043,6.995649196556261,0.8298644208850812,0.862251990585402
48,5,630,6210.000000000002,5268.359662476808,0.15812758669901528,4.2243684778925745,0.5667000512050983,0.8483670954068931
48,1,62,530.1310020508638,5268.359662476808,0.1374339945768517,3.6035593520351736,4.921733142675503,9.937844876258211
48,4,700,6910.000000000002,5268.359662476808,0.1584130155558727,4.312857168474852,0.5208987381736043,0.7624254214872368
49,6,330,3210.000000000001,4908.2446180520665,0.09604681033252462,1.1211792282498545,0.16465660496162915,1.5290481676174656
49,1,620,6110.000000000002,4908.2446180520665,0.1374339945768517,3.8143176640602,0.4211104488860758,0.8033133581099943
49,2,140,1310.0000353340838,4908.2446180520665,0.156272299129442,2.7464747430128824,1.6080979670370343,3.746751515774072
49,5,700,6910.000000000002,4908.2446180520665,0.15812758669901528,3.5358195507073007,0.3971420629488336,0.7103103644069559
49,0,620,6110.000000000002,4908.2446180520665,0.13757670900528043,3.852726654214854,0.42579259343000386,0.8033133581099943
49,4,490,4810.000000000001,4908.2446180520665,0.1584130155558727,3.2125891597772993,0.5193105834875894,1.0204250765181009
49,3,560,5510.000000000002,4908.2446180520665,0.15612958470101326,3.46577482402764,0.4820145492669353,0.8907884969241497
50,4,245,2360.000000000555,4563.946053946143,0.1584130155558727,6.141903409985718,1.881578504619162,1.9338754465868944
50,6,440,4310.000000000002,4563.946053946143,0.09604681033252462,0.20591493214909315,0.020942765027034183,1.0589201981313554
50,1,620,6110.000000000002,4563.946053946143,0.1374339945768517,4.277436148589256,0.43911371026915985,0.7469633476180265
50,2,490,4810.000000000001,4563.946053946143,0.156272299129442,4.606591312037893,0.6830572603394862,0.9488453334607365
50,5,315,3060.0000000000014,4563.946053946143,0.15812758669901528,6.271554517353249,1.4791149295463344,1.4914856385444906
50,0,620,6110.000000000002,4563.946053946143,0.13757670900528043,4.298547822668616,0.4417392315316293,0.7469633476180265
50,3,560,5510.000000000002,4563.946053946143,0.15612958470101326,4.642759902925761,0.6004133402968531,0.8283023691372309
51,0,620,6110.000000000002,5074.823761162091,0.13757670900528043,3.200889500454825,0.36575927907460665,0.8305767203211275
51,2,665,6560.000000000001,5074.823761162091,0.156272299129442,3.851112063804934,0.4655703167495245,0.7736011831039772
51,4,140,1310.0000353340838,5074.823761162091,0.1584130155558727,4.94979608770185,3.0375807131341603,3.873911163573274
51,6,132,1230.0000820831015,5074.823761162091,0.09604681033252462,0.29559454063175017,0.11713729199912491,4.125872701217612
51,5,700,6910.000000000002,5074.823761162091,0.15812758669901528,6.295892022701192,0.7311522675679182,0.7344173315719377
51,1,527,5180.000000000002,5074.823761162091,0.1374339945768517,3.158333584285029,0.42524907043853205,0.9796957067880481
51,3,700,6910.000000000002,5074.823761162091,0.15612958470101326,3.8947709834744555,0.44659108322637786,0.7344173315719377
52,4,700,6910.000000000002,4901.067503962793,0.1584130155558727,4.314284006214734,0.48474376216620346,0.7092717082435299
52,0,372,3630.000000000001,4901.067503962793,0.13757670900528043,3.194838927078991,0.5934415400046517,1.3501563371798324
52,6,440,4310.000000000002,4901.067503962793,0.09604681033252462,4.175391292155885,0.4560301346385004,1.1371386320099284
52,2,385,3760.0000000000014,4901.067503962793,0.156272299129442,3.607370179274257,0.7348108355415106,1.303475399990104
52,1,186,1770.0000002775555,4901.067503962793,0.1374339945768517,2.358873545821057,0.8976690408722959,2.768964691070199
52,5,700,6910.000000000002,4901.067503962793,0.15812758669901528,4.310812711750849,0.48348102548129657,0.7092717082435299
52,3,630,6210.000000000002,4901.067503962793,0.15612958470101326,4.138303902937954,0.5099254280927604,0.7892218202838635
53,4,560,5510.000000000002,4214.0311925579335,0.1584130155558727,3.869369367296943,0.4687887679430341,0.7647969496475376
53,0,93,840.0049979958054,4214.0311925579335,0.13757670900528043,3.4734403645237104,2.3972903607776024,5.016673951479246
53,3,70,610.0563920873398,4214.0311925579335,0.15612958470101326,3.140498643075801,3.3869717834896,6.907609275495673
53,6,132,1230.0000820831015,4214.0311925579335,0.09604681033252462,4.572395785754686,1.504594147103494,3.4260413913315695
53,1,620,6110.000000000002,4214.0311925579335,0.1374339945768517,5.6814162889950035,0.5385267955734143,0.6896941395348498
53,2,700,6910.000000000002,4214.0311925579335,0.156272299129442,5.715245459364066,0.5446739282957969,0.609845324538051
53,5,700,6910.000000000002,4214.0311925579335,0.15812758669901528,4.109211787172137,0.396265138333878,0.609845324538051
54,1,589,5800.000000000002,5738.9324961518105,0.1374339945768517,4.408592853254093,0.59951117765713,0.9894711200261739
54,0,527,5180.000000000002,5738.9324961518105,0.13757670900528043,4.369977037821394,0.6660785192060549,1.1079020262841328
54,4,525,5160.000000000001,5738.9324961518105,0.1584130155558727,4.6495180194187835,0.819181642248264,1.1121962201844593
54,6,176,1670.0000007960207,5738.9324961518105,0.09604681033252462,0.25817271489357085,0.0852134077698275,3.43648652300377
54,5,700,6910.000000000002,5738.9324961518105,0.15812758669901528,4.829386680705725,0.6342386323102237,0.8305256868526496
54,2,700,6910.000000000002,5738.9324961518105,0.156272299129442,3.593765977969159,0.46642826861401016,0.8305256868526496
54,3,700,6910.000000000002,5738.9324961518105,0.15612958470101326,3.633466908147849,0.47115031167449356,0.8305256868526496
55,2,105,960.0014115816389,4102.940137893283,0.156272299129442,4.64554888615472,3.1027182865538507,4.273889692655277
55,6,176,1670.0000007960207,4102.940137893283,0.09604681033252462,0.01191866562278505,0.00281247902256138,2.456850380800945
55,4,420,4110.000000000002,4102.940137893283,0.1584130155558727,7.997548556366144,1.2647395671446482,0.998282271993499
55,1,620,6110.000000000002,4102.940137893283,0.1374339945768517,6.5292450063774,0.6025749946745637,0.6715122975275419
55,3,245,2360.000000000555,4102.940137893283,0.15612958470101326,5.337533032617211,1.448801736848822,1.738533956734033
55,0,620,6110.000000000002,4102.940137893283,0.13757670900528043,6.593935492713438,0.6091771166907137,0.6715122975275419
55,5,700,6910.000000000002,4102.940137893283,0.15812758669901528,8.121840129875416,0.7625691166298947,0.5937684714751492
56,0,62,530.1310020508638,4639.325117679852,0.13757670900528043,1.625705362463787,1.9573043465889939,8.751280532042397
56,1,93,840.0049979958054,4639.325117679852,0.1374339945768517,2.475902132744031,1.8793193344956813,5.5229732308128705
56,5,700,6910.000000000002,4639.325117679852,0.15812758669901528,7.936827378518563,0.8426191764392345,0.671392925858155
56,2,700,6910.000000000002,4639.325117679852,0.156272299129442,2.7595216833734875,0.28952933551894044,0.671392925858155
56,4,665,6560.000000000001,4639.325117679852,0.1584130155558727,7.892294288819295,0.884188986853022,0.7072141947682701
56,3,700,6910.000000000002,4639.325117679852,0.15612958470101326,2.7697428404046347,0.290336350784412,0.671392925858155
56,6,176,1670.0000007960207,4639.325117679852,0.09604681033252462,0.9171524537810178,0.2447162540036778,2.7780389912984886
57,4,385,3760.0000000000014,4374.023146110907,0.1584130155558727,7.7093787267164755,1.420703578412473,1.1633040282209854
57,3,700,6910.000000000002,4374.023146110907,0.15612958470101326,4.89212656250264,0.48348824322237693,0.6329990081202469
57,1,620,6110.000000000002,4374.023146110907,0.1374339945768517,5.429997082709499,0.5342365935428111,0.715879401982145
57,6,440,4310.000000000002,4374.023146110907,0.09604681033252462,6.4531928870212,0.6290155761190174,1.014854558262391
57,0,124,1150.0001906837483,4374.023146110907,0.13757670900528043,4.206498923951761,2.201146066950402,3.8034977572571287
57,2,665,6560.000000000001,4374.023146110907,0.156272299129442,4.840867598705074,0.5044085548983633,0.6667718210534919
57,5,175,1660.0000008844675,4374.023146110907,0.15812758669901528,6.463560465670999,2.6930997986024514,2.634953701072516
58,1,620,6110.000000000002,4301.14885674632,0.1374339945768517,4.401563910718316,0.4258380306607143,0.7039523497129818
58,6,374,3650.000000000001,4301.14885674632,0.09604681033252462,6.036286141765924,0.6831945199590449,1.178396947053786
58,2,700,6910.000000000002,4301.14885674632,0.156272299129442,6.935843930465444,0.674664314914796,0.6224528012657481
58,5,245,2360.000000000555,4301.14885674632,0.15812758669901528,4.6190628358000705,1.3311714153681267,1.8225207020107241
58,4,140,1310.0000353340838,4301.14885674632,0.1584130155558727,4.025644748520802,2.0938206279239773,3.283319649414678
58,3,700,6910.000000000002,4301.14885674632,0.15612958470101326,6.9315688111929346,0.6736327129328537,0.6224528012657481
58,0,279,2700.0000000000164,4301.14885674632,0.13757670900528043,3.786526906422424,0.8298635175994571,1.59301809509122
59,1,31,223.43368382029254,3339.3673009055146,0.1374339945768517,0.9212208564818614,1.8922280487205776,14.945675351221277
59,4,700,6910.000000000002,3339.3673009055146,0.1584130155558727,2.0197525542394477,0.15462338272556136,0.48326589014551574
59,5,700,6910.000000000002,3339.3673009055146,0.15812758669901528,2.0234244926695077,0.15462538301129192,0.48326589014551574
59,3,175,1660.0000008844675,3339.3673009055146,0.15612958470101326,6.699979006549355,2.104334369110913,2.011667047666422
59,6,440,4310.000000000002,3339.3673009055146,0.09604681033252462,3.0669799036922134,0.228234239316134,0.7747951974258731
59,2,140,1310.0000353340838,3339.3673009055146,0.156272299129442,5.557596598595423,2.2139199032559937,2.54913527544592
59,0,186,1770.0000002775555,3339.3673009055146,0.13757670900528043,4.092949673169996,1.062361307608259,1.8866481923061384
60,2,700,6910.000000000002,3922.922801655969,0.156272299129442,8.476458363926469,0.7520178501152015,0.5677167585609216
60,0,31,223.43368382029254,3922.922801655969,0.13757670900528043,0.8367948284455853,2.021273209678956,17.557436884991663
60,5,385,3760.0000000000014,3922.922801655969,0.15812758669901528,3.8715178713443574,0.6387204601569788,1.0433305323553106
60,3,245,2360.000000000555,3922.922801655969,0.15612958470101326,7.935097535420115,2.059374034575088,1.6622554244301047
60,6,440,4310.000000000002,3922.922801655969,0.09604681033252462,0.24701116930447825,0.021593946942182966,0.910190905256605
60,4,385,3760.0000000000014,3922.922801655969,0.1584130155558727,3.8818170234314464,0.64157559953397,1.0433305323553106
60,1,620,6110.000000000002,3922.922801655969,0.1374339945768517,6.527201230119042,0.5759565520935817,0.6420495583724989
61,6,440,4310.000000000002,4264.417888778308,0.09604681033252462,0.38682585908844547,0.036760459536387194,0.9894241041248971
61,1,465,4560.000000000002,4264.417888778308,0.1374339945768517,4.6592200720778605,0.5988282879547833,0.93517936157419
61,3,280,2710.0000000000146,4264.417888778308,0.15612958470101326,4.794072512996734,1.1778236455936657,1.5735859368185554
61,5,35,262.252839954494,4264.417888778308,0.15812758669901528,1.3514043870041708,3.474821691516758,16.260711950796292
61,2,700,6910.000000000002,4264.417888778308,0.156272299129442,5.151634597249978,0.4968310868910587,0.6171371763789156
61,0,434,4250.000000000002,4264.417888778308,0.13757670900528043,4.596281119347062,0.6344864125393423,1.003392444418425
61,4,700,6910.000000000002,4264.417888778308,0.1584130155558727,4.121272206016831,0.40290612594038056,0.6171371763789156
62,3,280,2710.0000000000146,4399.746915587122,0.15612958470101326,3.485656457253573,0.8835440170676893,1.6235228470801102
62,0,403,3940.000000000001,4399.746915587122,0.13757670900528043,5.235978943269321,0.8044041109840881,1.116687034412975
62,6,440,4310.000000000002,4399.746915587122,0.09604681033252462,5.816781273667161,0.570316722045006,1.0208229502522321
62,5,700,6910.000000000002,4399.746915587122,0.15812758669901528,5.724212507833138,0.5763324054208869,0.6367216954539973
62,2,700,6910.000000000002,4399.746915587122,0.156272299129442,4.277686520803719,0.4256382070059664,0.6367216954539973
62,1,31,223.43368382029254,4399.746915587122,0.1374339945768517,1.7233442460250763,4.6638573409549915,19.69151132613395
62,4,525,5160.000000000001,4399.746915587122,0.1584130155558727,5.411816999823161,0.7309908784319288,0.8526641309277367
63,3,70,610.0563920873398,3930.888822451918,0.15612958470101326,1.7299878582582282,1.740399855043637,6.443484362162286
63,4,700,6910.000000000002,3930.888822451918,0.1584130155558727,5.157595718607656,0.46478368129102177,0.5688695835675711
63,2,700,6910.000000000002,3930.888822451918,0.156272299129442,4.160121772488999,0.36982882555091945,0.5688695835675711
63,6,440,4310.000000000002,3930.888822451918,0.09604681033252462,4.6062629834147115,0.4035015122473219,0.9120391699424399
63,1,310,3010.0000000000014,3930.888822451918,0.1374339945768517,3.111686109882019,0.5584884758727978,1.3059431303826963
63,5,490,4810.000000000001,3930.888822451918,0.15812758669901528,4.729549833281865,0.611185627825211,0.817232603420357
63,0,62,530.1310020508638,3930.888822451918,0.13757670900528043,1.7152139756409392,1.7497289658681592,7.414938585453196
64,1,434,4250.000000000002,3755.118432667823,0.1374339945768517,3.5761084110597823,0.4342497273805263,0.8835572782747815
64,6,440,4310.000000000002,3755.118432667823,0.09604681033252462,0.3239565383641495,0.027109160261815868,0.8712571769530908
64,2,700,6910.000000000002,3755.118432667823,0.156272299129442,5.313068813444655,0.45120409641550185,0.5434324794020003
64,5,175,1660.0000008844675,3755.118432667823,0.15812758669901528,4.631993784394346,1.6568804031949116,2.262119536546417
64,0,93,840.0049979958054,3755.118432667823,0.13757670900528043,2.7509059779016223,1.6918522455573073,4.470352487934333
64,3,140,1310.0000353340838,3755.118432667823,0.15612958470101326,4.659553053739904,2.0853636394613404,2.8665025430401387
64,4,700,6910.000000000002,3755.118432667823,0.1584130155558727,5.261012963942368,0.45290365409861666,0.5434324794020003
65,3,175,1660.0000008844675,4719.210789348882,0.15612958470101326,4.82619523690557,2.1421574026475114,2.8428980643580912
65,4,630,6210.000000000002,4719.210789348882,0.1584130155558727,4.802946518544286,0.5781977374911176,0.7599373251769533
65,2,385,3760.0000000000014,4719.210789348882,0.156272299129442,5.136021607911543,1.007373158835531,1.2551092524864043
65,6,440,4310.000000000002,4719.210789348882,0.09604681033252462,0.38989417656194936,0.04100358235026348,1.0949444986888353
65,0,620,6110.000000000002,4719.210789348882,0.13757670900528043,3.5284762774955087,0.3749387128944125,0.7723749246070181
65,1,403,3940.000000000001,4719.210789348882,0.1374339945768517,3.496640398434052,0.5755966991767084,1.1977692358753504
65,5,700,6910.000000000002,4719.210789348882,0.15812758669901528,4.898257462691084,0.5289816177077007,0.682953804536741
66,5,490,4810.000000000001,4690.515199124814,0.15812758669901528,3.3816620782329636,0.5214507800750285,0.9751590850571337
66,4,700,6910.000000000002,4690.515199124814,0.1584130155558727,3.9407843633330097,0.4237561681131033,0.6788010418415069
66,1,341,3320.0000000000014,4690.515199124814,0.1374339945768517,2.6156990565379306,0.5078838572068883,1.4128057828689193
66,6,440,4310.000000000002,4690.515199124814,0.09604681033252462,2.8611844231655317,0.2990694666087084,1.0882865891240863
66,3,420,4110.000000000002,4690.515199124814,0.15612958470101326,3.0594982061939753,0.5451476359790937,1.1412445739963046
66,2,700,6910.000000000002,4690.515199124814,0.156272299129442,3.8475798785288875,0.40814280676104486,0.6788010418415069
66,0,186,1770.0000002775555,4690.515199124814,0.13757670900528043,1.9975198004627652,0.7282546905685592,2.6500085866606153
67,0,93,840.0049979958054,4826.649752829107,0.13757670900528043,3.0208982851035246,2.388058350226089,5.7459774219738735
67,2,700,6910.000000000002,4826.649752829107,0.156272299129442,4.406235328181804,0.480969378980638,0.6985021349969761
67,6,220,2110.0000000077202,4826.649752829107,0.09604681033252462,4.655908871108431,1.0229413824796592,2.287511731190259
67,3,700,6910.000000000002,4826.649752829107,0.15612958470101326,4.392398003233531,0.47902108249157893,0.6985021349969761
67,1,248,2390.0000000004047,4826.649752829107,0.1374339945768517,4.015649132558832,1.1145455269813953,2.019518725032757
67,5,595,5860.000000000002,4826.649752829107,0.15812758669901528,4.922314835881643,0.6410991488287026,0.8236603673769803
67,4,700,6910.000000000002,4826.649752829107,0.1584130155558727,5.145166455012373,0.5693220817257703,0.6985021349969761
68,1,620,6110.000000000002,5190.736412037986,0.1374339945768517,2.9300746328533473,0.34210594218807366,0.8495476942779026
68,6,308,2990.000000000002,5190.736412037986,0.09604681033252462,2.089708918365347,0.3484388168214697,1.7360322448287568
68,5,140,1310.0000353340838,5190.736412037986,0.15812758669901528,2.384683535952791,1.494156417926825,3.962394100786581
68,4,700,6910.000000000002,5190.736412037986,0.1584130155558727,3.9054046918836853,0.46473762406859503,0.7511919554324146
68,0,527,5180.000000000002,5190.736412037986,0.13757670900528043,2.743205790435863,0.37818345161656425,1.0020726664165993
68,2,700,6910.000000000002,5190.736412037986,0.156272299129442,3.775437349147112,0.44320045534260566,0.7511919554324146
68,3,630,6210.000000000002,5190.736412037986,0.15612958470101326,3.628442334805065,0.4735248830856406,0.8358673771397721
69,6,440,4310.000000000002,3941.6711859604666,0.09604681033252462,0.5393595351650582,0.047376658896294395,0.9145408784131009
69,0,248,2390.0000000004047,3941.6711859604666,0.13757670900528043,3.564091356291386,0.808679130785899,1.64923480584092
69,1,620,6110.000000000002,3941.6711859604666,0.1374339945768517,4.05343211731678,0.359381946264503,0.6451180337087504
69,3,350,3410.000000000001,3941.6711859604666,0.15612958470101326,5.091792222725059,0.91892886058219,1.155915303800723
69,2,700,6910.000000000002,3941.6711859604666,0.156272299129442,5.482588545605261,0.48873112865395146,0.5704299834964495
69,5,280,2710.0000000000146,3941.6711859604666,0.15812758669901528,3.5586216887118867,0.8184658547524977,1.4544912125315297
69,4,210,2010.0000000221403,3941.6711859604666,0.1584130155558727,3.5150383382584485,1.0919563110798831,1.9610304407547507
70,2,560,5510.000000000002,4840.264031854255,0.156272299129442,6.029327674151017,0.8276912088641203,0.8784508224780859
70,6,440,4310.000000000002,4840.264031854255,0.09604681033252462,0.9745586788318886,0.10511936351400593,1.123031097878017
70,5,700,6910.000000000002,4840.264031854255,0.15812758669901528,2.8596310539608787,0.31674418661812087,0.7004723635100223
70,1,527,5180.000000000002,4840.264031854255,0.1374339945768517,4.457087719530613,0.5723802552870126,0.9344139057633695
70,0,31,223.43368382029254,4840.264031854255,0.13757670900528043,0.767326736955036,2.286891994903394,21.663090135269282
70,4,420,4110.000000000002,4840.264031854255,0.1584130155558727,2.6792784950090867,0.4998456884475106,1.1776798131032247
70,3,700,6910.000000000002,4840.264031854255,0.15612958470101326,6.170298248072716,0.6748113310609154,0.7004723635100223
71,3,700,6910.000000000002,4154.538381637521,0.15612958470101326,6.138407682281826,0.5762164618116477,0.6012356558086135
71,1,186,1770.0000002775555,4154.538381637521,0.1374339945768517,2.7808620319598827,0.8970633657203179,2.3471968254158435
71,4,70,610.0563920873398,4154.538381637521,0.1584130155558727,0.9454681330993899,1.0199774032982822,6.810089092620685
71,5,490,4810.000000000001,4154.538381637521,0.15812758669901528,2.569365231188208,0.35092247604232235,0.8637293932718336
71,0,620,6110.000000000002,4154.538381637521,0.13757670900528043,4.337721997144691,0.4057777190094119,0.6799571819374008
71,6,66,570.0859504455718,4154.538381637521,0.09604681033252462,2.096523989597478,1.4674564463058586,7.287564933656736
71,2,700,6910.000000000002,4154.538381637521,0.156272299129442,6.153229504234714,0.5781357740930237,0.6012356558086135
72,2,665,6560.000000000001,4580.255264365315,0.156272299129442,4.839763884923214,0.5280706367535801,0.6982096439581272
72,5,70,610.0563920873398,4580.255264365315,0.15812758669901528,1.1608517673181493,1.378174183833782,7.507921109872701
72,0,620,6110.000000000002,4580.255264365315,0.13757670900528043,3.335318446454876,0.3439780214476227,0.749632612825747
72,6,396,3870.0000000000014,4580.255264365315,0.09604681033252462,3.410855804825939,0.3877260886886565,1.1835284920840603
72,4,700,6910.000000000002,4580.255264365315,0.1584130155558727,3.528196015102262,0.37047183936163475,0.6628444666230556
72,3,700,6910.000000000002,4580.255264365315,0.15612958470101326,4.9211526864403705,0.5092882770672068,0.6628444666230556
72,1,62,530.1310020508638,4580.255264365315,0.1374339945768517,0.9407997828036435,1.117114935257306,8.639855519949123
73,2,70,610.0563920873398,4351.485376810714,0.156272299129442,1.942697063661363,2.1654822680635055,7.132923174400124
73,0,62,530.1310020508638,4351.485376810714,0.13757670900528043,1.3159647494130409,1.4860844790847725,8.20832088668002
73,3,525,5160.000000000001,4351.485376810714,0.15612958470101326,3.1328274969523857,0.4124862852241431,0.8433111195369599
73,5,700,6910.000000000002,4351.485376810714,0.15812758669901528,4.179046212853277,0.4161446327198938,0.6297373917236921
73,1,620,6110.000000000002,4351.485376810714,0.1374339945768517,3.128791432792519,0.30624365652380015,0.7121907327022443
73,4,700,6910.000000000002,4351.485376810714,0.1584130155558727,4.176941873735531,0.4166858703941674,0.6297373917236921
73,6,374,3650.000000000001,4351.485376810714,0.09604681033252462,1.4457775664391277,0.165549964657558,1.1921877744686884
74,3,175,1660.0000008844675,5305.567289991097,0.15612958470101326,0.767067083542508,0.38277387602938706,3.19612487178568
74,5,700,6910.000000000002,5305.567289991097,0.15812758669901528,5.86143928290075,0.711648753748687,0.7678100274950934
74,0,558,5490.000000000002,5305.567289991097,0.13757670900528043,4.241997053417166,0.5639943606135777,0.9664056994519299
74,6,374,3650.000000000001,5305.567289991097,0.09604681033252462,3.0092954967578343,0.42013295096747405,1.4535800794496152
74,1,620,6110.000000000002,5305.567289991097,0.1374339945768517,4.354646393886246,0.5196820083495173,0.8683416186564804
74,4,595,5860.000000000002,5305.567289991097,0.1584130155558727,5.6517241408131955,0.8105989338365727,0.9053869095547944
74,2,700,6910.000000000002,5305.567289991097,0.156272299129442,2.5658208396807374,0.30786626966771974,0.7678100274950934
75,4,245,2360.000000000555,4404.505494509043,0.1584130155558727,4.636015669850466,1.3706321344777848,1.8663158875033932
75,2,210,2010.0000000221403,4404.505494509043,0.156272299129442,0.9389164985638669,0.32152153816736145,2.19129626590076
75,1,620,6110.000000000002,4404.505494509043,0.1374339945768517,4.516664039379523,0.44747410013184075,0.7208683297068809
75,6,440,4310.000000000002,4404.505494509043,0.09604681033252462,3.340126680265126,0.32784289129458627,1.0219270288884086
75,0,620,6110.000000000002,4404.505494509043,0.13757670900528043,4.538408375350741,0.4500952547344659,0.7208683297068809
75,3,490,4810.000000000001,4404.505494509043,0.15612958470101326,1.9509671198916643,0.2789248668376836,0.9156976080060379
75,5,560,5510.000000000002,4404.505494509043,0.15812758669901528,5.626023060781894,0.7111393462037279,0.7993657884771401
76,0,341,3320.0000000000014,4682.691894567224,0.13757670900528043,2.903390555846457,0.5633883680609716,1.4104493658335007
76,3,105,960.0014115816389,4682.691894567224,0.15612958470101326,1.6112466606913898,1.2270745443514506,4.877796884540317
76,5,700,6910.000000000002,4682.691894567224,0.15812758669901528,3.932485883638006,0.42139788489937563,0.6776688704149382
76,1,527,5180.000000000002,4682.691894567224,0.1374339945768517,3.3875491307376095,0.4208676995714152,0.9039945742407766
76,2,700,6910.000000000002,4682.691894567224,0.156272299129442,3.3667815679652775,0.3565451053226868,0.6776688704149382
76,6,110,1010.0008335248422,4682.691894567224,0.09604681033252462,1.0608141955523072,0.4723850241258445,4.636324782252814
76,4,700,6910.000000000002,4682.691894567224,0.1584130155558727,3.9319169769464186,0.4220974578748657,0.6776688704149382
77,2,280,2710.0000000000146,4859.136577708011,0.156272299129442,3.724394515024637,1.043584200273078,1.793039327567522
77,5,455,4460.000000000002,4859.136577708011,0.15812758669901528,2.227607412948334,0.3837695781611752,1.089492506212558
77,1,620,6110.000000000002,4859.136577708011,0.1374339945768517,3.6135022850975993,0.3949484367735304,0.7952760356314255
77,6,440,4310.000000000002,4859.136577708011,0.09604681033252462,1.9756479038566304,0.21393130022662732,1.1274098788185636
77,3,700,6910.000000000002,4859.136577708011,0.15612958470101326,4.667579481510714,0.5124576554236976,0.7032035568318393
77,4,630,6210.000000000002,4859.136577708011,0.1584130155558727,2.564118219699947,0.3178311152916976,0.7824696582460563
77,0,310,3010.0000000000014,4859.136577708011,0.13757670900528043,2.934226647566962,0.6516751848711781,1.6143310889395377
78,0,434,4250.000000000002,5956.95019266448,0.13757670900528043,3.3027040410493727,0.6368682715130808,1.4016353394504653
78,5,700,6910.000000000002,5956.95019266448,0.15812758669901528,2.4679762466630364,0.33642986388183266,0.8620767283161329
78,2,630,6210.000000000002,5956.95019266448,0.156272299129442,4.932285205333919,0.739371237184442,0.9592512387543443
78,1,620,6110.000000000002,5956.95019266448,0.1374339945768517,3.698855150189699,0.4956147838898717,0.9749509316963139
78,6,374,3650.000000000001,5956.95019266448,0.09604681033252462,2.007860052088156,0.31473677493306645,1.6320411486751996
78,4,700,6910.000000000002,5956.95019266448,0.1584130155558727,2.486662000627086,0.33958894256326516,0.8620767283161329
78,3,665,6560.000000000001,5956.95019266448,0.15612958470101326,4.971125792570089,0.7047905737577725,0.9080716757110486
79,6,440,4310.000000000002,4349.446622296671,0.09604681033252462,2.0784552311936055,0.2014560695235935,1.0091523485607121
79,1,620,6110.000000000002,4349.446622296671,0.1374339945768517,3.5962749858875105,0.35183566176354286,0.7118570576590294
79,2,420,4110.000000000002,4349.446622296671,0.156272299129442,4.018653114440246,0.6645913818607048,1.0582595188069754
79,0,341,3320.0000000000014,4349.446622296671,0.13757670900528043,2.89454907547849,0.5217011034676613,1.310074283824298
79,3,525,5160.000000000001,4349.446622296671,0.15612958470101326,4.192020720299776,0.551687226853463,0.8429160120729982
79,4,700,6910.000000000002,4349.446622296671,0.1584130155558727,3.379466681753655,0.3369729100333304,0.6294423476550898
79,5,70,610.0563920873398,4349.446622296671,0.15812758669901528,1.8090652395200038,2.0395102639494427,7.129581262831806
80,4,665,6560.000000000001,4902.7052514114985,0.1584130155558727,3.3581997310011,0.39758439375692306,0.7473636053980942
80,0,186,1770.0000002775555,4902.7052514114985,0.13757670900528043,2.440386346420825,0.929963751812606,2.76988997211452
80,1,620,6110.000000000002,4902.7052514114985,0.1374339945768517,4.121542295010759,0.4545152974843318,0.8024067514585101
80,2,350,3410.000000000001,4902.7052514114985,0.156272299129442,3.1220348602911074,0.7014571641839382,1.4377434754872425
80,3,700,6910.000000000002,4902.7052514114985,0.15612958470101326,3.8036239721597607,0.421347593106425,0.7095087194517362
80,6,88,790.008464149783,4902.7052514114985,0.09604681033252462,1.6462593649318094,0.9812625975874575,6.205889523839281
80,5,700,6910.000000000002,4902.7052514114985,0.15812758669901528,3.4209334104918447,0.3838044453283523,0.7095087194517362
81,3,700,6910.000000000002,5328.315969752071,0.15612958470101326,2.821248560585774,0.33965536455378575,0.7711021663895904
81,2,350,3410.000000000001,5328.315969752071,0.156272299129442,2.148069803177709,0.5245247474299182,1.5625560028598446
81,0,620,6110.000000000002,5328.315969752071,0.13757670900528043,3.9176765898973547,0.4700264071606683,0.8720648068333993
81,6,198,1890.0000000783903,5328.315969752071,0.09604681033252462,1.8067291551007416,0.48921995796761564,2.819214798693689
81,4,525,5160.000000000001,5328.315969752071,0.1584130155558727,3.5498226270802142,0.5806812240627927,1.0326193739829594
81,1,620,6110.000000000002,5328.315969752071,0.1374339945768517,3.9147805836869782,0.4691917376464001,0.8720648068333993
81,5,665,6560.000000000001,5328.315969752071,0.15812758669901528,3.808504927254595,0.4891570260803065,0.812243288071962
82,0,186,1770.0000002775555,4026.512413689819,0.13757670900528043,2.8548659728774126,0.8934832527780753,2.274865770089501
82,5,70,610.0563920873398,4026.512413689819,0.15812758669901528,2.355942293287112,2.458846127897059,6.600229857297121
82,6,440,4310.000000000002,4026.512413689819,0.09604681033252462,1.4813928775081018,0.13292448034875323,0.9342256180254797
82,4,665,6560.000000000001,4026.512413689819,0.1584130155558727,4.336240642457895,0.421627995717683,0.613797624038082
82,3,210,2010.0000000221403,4026.512413689819,0.15612958470101326,1.983095477421607,0.6202429171160622,2.0032400067887894
82,1,620,6110.000000000002,4026.512413689819,0.1374339945768517,3.9722669790191376,0.35976626030866043,0.6590036683616723
82,2,700,6910.000000000002,4026.512413689819,0.156272299129442,2.8263505306851835,0.2573706502197565,0.5827080193472963
83,1,620,6110.000000000002,4913.325246185897,0.1374339945768517,3.899428533068601,0.4309525338562844,0.8041448848094757
83,0,310,3010.0000000000014,4913.325246185897,0.13757670900528043,3.073377968206564,0.690191979924178,1.6323339688325234
83,3,560,5510.000000000002,4913.325246185897,0.15612958470101326,3.3870863918786633,0.47155830028855666,0.8917105709956253
83,5,700,6910.000000000002,4913.325246185897,0.15812758669901528,3.504346378999785,0.39401443784940116,0.7110456217345725
83,6,330,3210.000000000001,4913.325246185897,0.09604681033252462,2.5350549200601393,0.3726840451618295,1.5306309178149209
83,4,210,2010.0000000221403,4913.325246185897,0.1584130155558727,1.8604815847804612,0.7204364765239211,2.444440420961083
83,2,700,6910.000000000002,4913.325246185897,0.156272299129442,3.705677454433042,0.41176277634379443,0.7110456217345725
84,6,198,1890.0000000783903,4768.244612541317,0.09604681033252462,2.8223640653749897,0.6839001567925596,2.5228807472717185
84,3,700,6910.000000000002,4768.244612541317,0.15612958470101326,4.899335214198279,0.5278406572073281,0.6900498715689314
84,0,372,3630.000000000001,4768.244612541317,0.13757670900528043,3.3464935041286163,0.6047652165062414,1.3135660089645498
84,5,700,6910.000000000002,4768.244612541317,0.15812758669901528,3.163053264064929,0.34513946974256204,0.6900498715689314
84,2,210,2010.0000000221403,4768.244612541317,0.156272299129442,3.478431025085326,1.2895193608685764,2.3722610012382064
84,1,620,6110.000000000002,4768.244612541317,0.1374339945768517,3.9125255063907036,0.41963206670786946,0.7804001002522611
84,4,490,4810.000000000001,4768.244612541317,0.1584130155558727,2.5975148635441987,0.40790812223240336,0.9913190462663859
85,1,620,6110.000000000002,4190.019980161533,0.1374339945768517,3.0377422806417647,0.28629909765247713,0.6857643175387121
85,6,440,4310.000000000002,4190.019980161533,0.09604681033252462,2.286623994940298,0.21350916740011366,0.9721624083901463
85,5,525,5160.000000000001,4190.019980161533,0.15812758669901528,2.965068515359645,0.38072269714423235,0.8120193760002968
85,3,175,1660.0000008844675,4190.019980161533,0.15612958470101326,2.849115708990933,1.1228023098823035,2.5241084204391813
85,0,620,6110.000000000002,4190.019980161533,0.13757670900528043,3.027984872834021,0.2856758322481019,0.6857643175387121
85,2,210,2010.0000000221403,4190.019980161533,0.156272299129442,2.977137389094288,0.9698418378011251,2.084587054783771
85,4,455,4460.000000000002,4190.019980161533,0.1584130155558727,2.8076394119429455,0.4178432844789485,0.9394663632649173
86,3,700,6910.000000000002,4342.8102967512,0.15612958470101326,2.794860760066421,0.27424466777716294,0.6284819532201447
86,4,280,2710.0000000000146,4342.8102967512,0.1584130155558727,3.874547309548017,0.98358839820073,1.6025130246314307
86,2,70,610.0563920873398,4342.8102967512,0.156272299129442,1.6426317645676298,1.8273557131776985,7.118703046274212
86,1,620,6110.000000000002,4342.8102967512,0.1374339945768517,3.714824159652211,0.36287920348402836,0.7107709159985596
86,0,310,3010.0000000000014,4342.8102967512,0.13757670900528043,3.063075822203,0.6080048267090618,1.4427941185219928
86,5,700,6910.000000000002,4342.8102967512,0.15812758669901528,4.6307693665677645,0.46020740885758143,0.6284819532201447
86,6,418,4090.0000000000014,4342.8102967512,0.09604681033252462,1.6428486295664686,0.16754367890713226,1.0618118084966257
87,5,175,1660.0000008844675,3255.7988679034834,0.15812758669901528,4.394369281382738,1.362867617445276,1.9613246181739492
87,3,350,3410.000000000001,3255.7988679034834,0.15612958470101326,1.1523145840666569,0.1717748001052381,0.9547797266579128
87,1,620,6110.000000000002,3255.7988679034834,0.1374339945768517,5.077129059753152,0.3718165616539469,0.5328639718336305
87,0,31,223.43368382029254,3255.7988679034834,0.13757670900528043,0.8630316834813223,1.730137335387924,14.571656395917989
87,4,70,610.0563920873398,3255.7988679034834,0.1584130155558727,2.5495404062276714,2.155461878861488,5.336881819668503
87,2,700,6910.000000000002,3255.7988679034834,0.156272299129442,1.8341343046555874,0.13504939901911733,0.4711720503478267
87,6,440,4310.000000000002,3255.7988679034834,0.09604681033252462,3.2566678974239323,0.2362853074950543,0.755405769815193
88,6,440,4310.000000000002,4866.1524191476565,0.09604681033252462,3.036626551596696,0.3292932053623365,1.1290376842569965
88,1,620,6110.000000000002,4866.1524191476565,0.1374339945768517,4.347134984172512,0.47581901444516556,0.7964242911861956
88,4,665,6560.000000000001,4866.1524191476565,0.1584130155558727,3.126338989273531,0.3673743212288414,0.7417915273090939
88,2,280,2710.0000000000146,4866.1524191476565,0.156272299129442,2.8502802024226637,0.7998084257852358,1.7956281989474652
88,3,175,1660.0000008844675,4866.1524191476565,0.15612958470101326,2.4018595579056266,1.0992853336826005,2.9314171184065745
88,0,589,5800.000000000002,4866.1524191476565,0.13757670900528043,4.27077246462171,0.4929570303828092,0.8389917964047681
88,5,700,6910.000000000002,4866.1524191476565,0.15812758669901528,3.1694825796738697,0.3529422683448286,0.7042188739721643
89,2,595,5860.000000000002,4080.4987658046266,0.156272299129442,4.92447310474119,0.5358674854306414,0.6963308474069326
89,3,140,1310.0000353340838,4080.4987658046266,0.15612958470101326,3.4909064853842704,1.6977172563208953,3.114884470032853
89,5,700,6910.000000000002,4080.4987658046266,0.15812758669901528,2.120306412961744,0.19798918742926655,0.5905208054710023
89,4,700,6910.000000000002,4080.4987658046266,0.1584130155558727,2.1244479867384136,0.19873399704639919,0.5905208054710023
89,0,186,1770.0000002775555,4080.4987658046266,0.13757670900528043,2.8297415331744618,0.8974942398930437,2.3053665339913896
89,6,440,4310.000000000002,4080.4987658046266,0.09604681033252462,2.7540268376652777,0.25043042785632874,0.9467514537829756
89,1,93,840.0049979958054,4080.4987658046266,0.1374339945768517,1.8212277559583194,1.21587746907154,4.857707722621196
90,1,62,530.1310020508638,3950.305080727401,0.1374339945768517,0.9012680389780008,0.9229869799661711,7.451563982195454
90,2,105,960.0014115816389,3950.305080727401,0.156272299129442,2.685077529350012,1.7266233011023708,4.114895075226111
90,0,527,5180.000000000002,3950.305080727401,0.13757670900528043,2.737324499894526,0.28719182835558676,0.762607158441583
90,4,280,2710.0000000000146,3950.305080727401,0.1584130155558727,2.5125096678202796,0.5801762535748645,1.4576771515599187
90,6,440,4310.000000000002,3950.305080727401,0.09604681033252462,2.1540228373400354,0.1896210806815875,0.9165441022569373
90,5,700,6910.000000000002,3950.305080727401,0.15812758669901528,3.5042097317904375,0.3167745803551047,0.5716794617550507
90,3,700,6910.000000000002,3950.305080727401,0.15612958470101326,4.412397940552013,0.3938333300979067,0.5716794617550507
91,1,620,6110.000000000002,4131.417257535644,0.1374339945768517,2.7618611770748585,0.25665744345621727,0.6761730372398761
91,2,700,6910.000000000002,4131.417257535644,0.156272299129442,3.3530390560026024,0.31328646020447176,0.5978896175883709
91,5,700,6910.000000000002,4131.417257535644,0.15812758669901528,5.454447991968292,0.515679016565367,0.5978896175883709
91,0,31,223.43368382029254,4131.417257535644,0.13757670900528043,0.36928740613216254,0.9394200538760504,18.490574862734388
91,3,455,4460.000000000002,4131.417257535644,0.15612958470101326,2.810445942973518,0.40646639100707027,0.9263267393577674
91,4,35,262.252839954494,4131.417257535644,0.1584130155558727,1.0082834213506169,2.5162416520537763,15.753565369406585
91,6,374,3650.000000000001,4131.417257535644,0.09604681033252462,2.986854119814011,0.32471559992717725,1.1318951390508611
92,3,700,6910.000000000002,5524.15727130013,0.15612958470101326,3.3181951321541168,0.41416663867389064,0.7994438887554455
92,0,620,6110.000000000002,5524.15727130013,0.13757670900528043,3.08956984734676,0.3842976762975968,0.9041173930114775
92,1,372,3630.000000000001,5524.15727130013,0.1374339945768517,2.5577442579841048,0.534946927289825,1.5218064108264817
92,2,700,6910.000000000002,5524.15727130013,0.156272299129442,3.335856135399397,0.4167516244223754,0.7994438887554455
92,6,418,4090.0000000000014,5524.15727130013,0.09604681033252462,2.889512769897169,0.3748437648423591,1.3506496995843833
92,4,455,4460.000000000002,5524.15727130013,0.1584130155558727,4.050463349203487,0.7947430591358414,1.2386002850448716
92,5,595,5860.000000000002,5524.15727130013,0.15812758669901528,4.427628623880763,0.6600050334309296,0.9426889541467796
93,2,420,4110.000000000002,4025.7332090030313,0.156272299129442,3.3631567789799863,0.5147925854397467,0.9794971311442894
93,1,186,1770.0000002775555,4025.7332090030313,0.1374339945768517,2.5747626785182645,0.8048280401357684,2.2744255414529673
93,0,620,6110.000000000002,4025.7332090030313,0.13757670900528043,3.7514591836789224,0.34005480982681646,0.6588761389530328
93,4,70,610.0563920873398,4025.7332090030313,0.1584130155558727,1.44317887812661,1.5086414423002679,6.5989525906429325
93,3,455,4460.000000000002,4025.7332090030313,0.15612958470101326,3.4415040004480693,0.4850020951569731,0.9026307643504551
93,5,700,6910.000000000002,4025.7332090030313,0.15812758669901528,3.220052159359107,0.29664531398352517,0.5825952545590493
93,6,440,4310.000000000002,4025.7332090030313,0.09604681033252462,1.9789282449670942,0.17753366304364282,0.9340448280749488
94,4,245,2360.000000000555,4658.609961467196,0.1584130155558727,0.9852305505457356,0.30808679162215113,1.9739872718076696
94,5,525,5160.000000000001,4658.609961467196,0.15812758669901528,1.7228122121330078,0.24595306209747128,0.9028313878812393
94,0,620,6110.000000000002,4658.609961467196,0.13757670900528043,4.818543745201811,0.5054472793767082,0.7624566221713902
94,3,700,6910.000000000002,4658.609961467196,0.15612958470101326,4.994585462787539,0.5257302382511708,0.6741837860299847
94,1,527,5180.000000000002,4658.609961467196,0.1374339945768517,4.625378329014354,0.5716997761591421,0.8993455524067943
94,6,440,4310.000000000002,4658.609961467196,0.09604681033252462,2.7381141375557965,0.2842585754080562,1.0808839817789313
94,2,280,2710.0000000000146,4658.609961467196,0.156272299129442,4.092063346588949,1.099287804497268,1.7190442662240482
95,4,35,262.252839954494,4364.93515803475,0.1584130155558727,0.41811694288900175,1.1024178188233706,16.643995766803332
95,3,700,6910.000000000002,4364.93515803475,0.15612958470101326,4.581566290196948,0.4518548294411513,0.6316838144768089
95,6,440,4310.000000000002,4364.93515803475,0.09604681033252462,2.6570346621926966,0.25845247363942075,1.012745976342169
95,2,455,4460.000000000002,4364.93515803475,0.156272299129442,4.122011668319419,0.6304260585634802,0.9786850130122754
95,1,372,3630.000000000001,4364.93515803475,0.1374339945768517,4.098010762765763,0.6772335047838521,1.2024614760426307
95,0,403,3940.000000000001,4364.93515803475,0.13757670900528043,4.233697123296657,0.6452771354373698,1.107851562952982
95,5,700,6910.000000000002,4364.93515803475,0.15812758669901528,1.8625203464920164,0.18604089401600127,0.6316838144768089
96,6,440,4310.000000000002,3798.4660665211904,0.09604681033252462,2.928618864532257,0.24790014631920368,0.881314632603524
96,1,434,4250.000000000002,3798.4660665211904,0.1374339945768517,3.8480261936436406,0.4726628945378446,0.8937567215343973
96,5,210,2010.0000000221403,3798.4660665211904,0.15812758669901528,1.8529216921606972,0.5537030325779141,1.8897841126762935
96,2,700,6910.000000000002,3798.4660665211904,0.156272299129442,3.963458053522926,0.3404759745116104,0.5497056536210115
96,4,700,6910.000000000002,3798.4660665211904,0.1584130155558727,2.8693373164333975,0.2498634150047081,0.5497056536210115
96,3,105,960.0014115816389,3798.4660665211904,0.15612958470101326,2.0616832281336523,1.2736307085870844,3.956729667994001
96,0,124,1150.0001906837483,3798.4660665211904,0.13757670900528043,1.978261532727015,0.898957088470866,3.3030134232088786
97,4,560,5510.000000000002,4751.54132149078,0.1584130155558727,4.533734060369441,0.6193409765922456,0.8623486971852593
97,6,176,1670.0000007960207,4751.54132149078,0.09604681033252462,2.2390250825976628,0.611871105033894,2.8452343228897696
97,3,490,4810.000000000001,4751.54132149078,0.15612958470101326,2.569600338579856,0.3963147346919756,0.9878464285843617
97,5,140,1310.0000353340838,4751.54132149078,0.15812758669901528,3.1011858942532666,1.7786833752273885,3.627130681930871
97,0,620,6110.000000000002,4751.54132149078,0.13757670900528043,3.7666726789318075,0.402991697263451,0.7776663373961995
97,2,700,6910.000000000002,4751.54132149078,0.156272299129442,2.952777428769991,0.3172993461517327,0.6876326080305035
97,1,620,6110.000000000002,4751.54132149078,0.1374339945768517,3.778028566428143,0.4037873482563993,0.7776663373961995
98,5,525,5160.000000000001,4760.475239084942,0.15812758669901528,4.158692164994015,0.6066874707491028,0.9225727207528955
98,6,440,4310.000000000002,4760.475239084942,0.09604681033252462,2.078881174483587,0.22053912827890615,1.1045186169570627
98,0,186,1770.0000002775555,4760.475239084942,0.13757670900528043,2.068059278499827,0.7652175884803476,2.6895340329595743
98,2,700,6910.000000000002,4760.475239084942,0.156272299129442,2.9023188837690355,0.3124635714587603,0.6889255049326976
98,3,700,6910.000000000002,4760.475239084942,0.15612958470101326,2.8992558179012806,0.3118487481710733,0.6889255049326976
98,4,245,2360.000000000555,4760.475239084942,0.1584130155558727,3.4602304226568164,1.1056920552768286,2.017150525035518
98,1,558,5490.000000000002,4760.475239084942,0.1374339945768517,3.217029765219382,0.383378024284309,0.8671175298879672
99,2,700,6910.000000000002,3645.833396204094,0.156272299129442,4.071249768375249,0.33568236012415475,0.5276169893204187
99,0,341,3320.0000000000014,3645.833396204094,0.13757670900528043,2.723300636304042,0.41143311048084663,1.0981425892181
99,5,700,6910.000000000002,3645.833396204094,0.15812758669901528,3.5285285654546845,0.2943879653528495,0.5276169893204187
99,4,210,2010.0000000221403,3645.833396204094,0.1584130155558727,2.3987915171057708,0.6892616685435287,1.813847460778077
99,6,440,4310.000000000002,3645.833396204094,0.09604681033252462,1.5701049133529914,0.12756489268037474,0.8459010200009495
99,1,186,1770.0000002775555,3645.833396204094,0.1374339945768517,2.2824136046497276,0.646118341062166,2.0597928788883544
99,3,35,262.252839954494,3645.833396204094,0.15612958470101326,1.1309302245692452,2.4546955445258165,13.901978704355374
100,6,418,4090.0000000000014,4878.106179534754,0.09604681033252462,3.5402648467998086,0.4055520870028622,1.1926909974412598
100,2,385,3760.0000000000014,4878.106179534754,0.156272299129442,3.609687671728673,0.7318381281608516,1.297368664769881
100,0,620,6110.000000000002,4878.106179534754,0.13757670900528043,3.976344850466582,0.43675611788467383,0.7983807167814653
100,5,700,6910.000000000002,4878.106179534754,0.15812758669901528,3.524690442683423,0.39346112159860835,0.705948795880572
100,4,280,2710.0000000000146,4878.106179534754,0.1584130155558727,2.173777976510804,0.6198519959729661,1.800039180640121
100,3,700,6910.000000000002,4878.106179534754,0.15612958470101326,4.319383698576993,0.4760802783968203,0.705948795880572
100,1,341,3320.0000000000014,4878.106179534754,0.1374339945768517,3.265955522656534,0.6595042538322993,1.4693090902213108
101,2,700,6910.000000000002,4825.852745719881,0.156272299129442,3.9948367203354302,0.43599052719678505,0.698386793881314
101,5,700,6910.000000000002,4825.852745719881,0.15812758669901528,3.784513421395858,0.41793978133360304,0.698386793881314
101,4,630,6210.000000000002,4825.852745719881,0.1584130155558727,3.630096887789259,0.4468806433229838,0.7771099429500611
101,6,154,1450.0000080833054,4825.852745719881,0.09604681033252462,2.8509702456425274,0.911342644551339,3.32817428883947
101,1,620,6110.000000000002,4825.852745719881,0.1374339945768517,4.186795847894665,0.45447375653368866,0.7898285999541537
101,0,124,1150.0001906837483,4825.852745719881,0.13757670900528043,2.2049504871203807,1.272975108438072,4.196392996118204
101,3,350,3410.000000000001,4825.852745719881,0.15612958470101326,3.1611078354632647,0.6984642828663585,1.415206083788821
102,3,455,4460.000000000002,3795.445002823215,0.15612958470101326,2.8007769586800495,0.37212733562267275,0.850996637404308
102,5,70,610.0563920873398,3795.445002823215,0.15812758669901528,2.2632984888162793,2.2265999610324436,6.221465838325047
102,0,620,6110.000000000002,3795.445002823215,0.13757670900528043,3.1581170406279755,0.26989487007581436,0.6211857615095276
102,2,700,6910.000000000002,3795.445002823215,0.156272299129442,3.2302924640305313,0.2772735873251634,0.5492684519281062
102,4,35,262.252839954494,3795.445002823215,0.1584130155558727,1.160504339522319,2.660603345959284,14.472464830054077
102,1,465,4560.000000000002,3795.445002823215,0.1374339945768517,2.926290912189997,0.33474147717438585,0.8323344304436872
102,6,440,4310.000000000002,3795.445002823215,0.09604681033252462,1.6496527570198392,0.13952785460033762,0.8806136897501655
103,6,154,1450.0000080833054,5199.509063142585,0.09604681033252462,2.1493179657226307,0.740249206475696,3.585868299418563
103,2,665,6560.000000000001,5199.509063142585,0.156272299129442,4.269954272396914,0.5288880153533901,0.7926080888936866
103,0,620,6110.000000000002,5199.509063142585,0.13757670900528043,3.9934135565840863,0.4675309152162623,0.8509834800560693
103,4,700,6910.000000000002,5199.509063142585,0.1584130155558727,2.7669896701276446,0.32982433181600623,0.7524615142029788
103,1,434,4250.000000000002,5199.509063142585,0.1374339945768517,3.538455774817576,0.5949512086057654,1.2234138972100195
103,3,280,2710.0000000000146,5199.509063142585,0.15612958470101326,3.339638137829282,1.000409172756306,1.9186380306799102
103,5,700,6910.000000000002,5199.509063142585,0.15812758669901528,2.7549790628680837,0.32780097255679885,0.7524615142029788
104,5,700,6910.000000000002,5077.440390761804,0.15812758669901528,2.322167604999372,0.2698161811653427,0.7347960044517805
104,2,700,6910.000000000002,5077.440390761804,0.156272299129442,4.468621111193767,0.5131239912966877,0.7347960044517805
104,3,455,4460.000000000002,5077.440390761804,0.15612958470101326,4.008056321128334,0.7124083397819224,1.1384395494981618
104,6,396,3870.0000000000014,5077.440390761804,0.09604681033252462,2.992410376682674,0.37708388013537414,1.312000100972042
104,0,93,840.0049979958054,5077.440390761804,0.13757670900528043,1.7906298278689134,1.489065132278234,6.04453592880546
104,4,700,6910.000000000002,5077.440390761804,0.1584130155558727,2.3275338766113554,0.27092785471154673,0.7347960044517805
104,1,465,4560.000000000002,5077.440390761804,0.1374339945768517,4.092866378925011,0.6263278550675544,1.1134737699039041
105,6,308,2990.000000000002,4433.717716447951,0.09604681033252462,1.6581181740764144,0.2361539842431309,1.482848734597976
105,4,245,2360.000000000555,4433.717716447951,0.1584130155558727,2.7636827765900662,0.8224984525776452,1.878693947646995
105,3,700,6910.000000000002,4433.717716447951,0.15612958470101326,3.7384078878165554,0.374508673880843,0.6416378750286469
105,1,620,6110.000000000002,4433.717716447951,0.1374339945768517,3.412616179776904,0.34033643404835445,0.7256493807607118
105,2,525,5160.000000000001,4433.717716447951,0.156272299129442,3.49318017077969,0.46905236006723056,0.859247619466657
105,0,620,6110.000000000002,4433.717716447951,0.13757670900528043,3.389393372271401,0.33837145689745224,0.7256493807607118
105,5,140,1310.0000353340838,4433.717716447951,0.15812758669901528,2.4035452181209407,1.2863426570267054,3.38451724951079
106,6,330,3210.000000000001,5312.855715712863,0.09604681033252462,1.4305423743523469,0.22740848381209985,1.655095238539832
106,4,700,6910.000000000002,5312.855715712863,0.1584130155558727,3.826528205934504,0.4660642107068356,0.7688647924331203
106,1,279,2700.0000000000164,5312.855715712863,0.1374339945768517,2.5151332137750613,0.6801730489284474,1.9677243391529
106,5,700,6910.000000000002,5312.855715712863,0.15812758669901528,3.8123517318243683,0.46350089759555846,0.7688647924331203
106,2,700,6910.000000000002,5312.855715712863,0.156272299129442,3.6186193071644674,0.43478531979945073,0.7688647924331203
106,0,496,4870.000000000001,5312.855715712863,0.13757670900528043,3.0698106267502827,0.4607396223853827,1.0909354652387806
106,3,455,4460.000000000002,5312.855715712863,0.15612958470101326,3.235924559889666,0.6018340506779006,1.191223254644139
107,0,589,5800.000000000002,5308.189033960643,0.13757670900528043,3.0861255091668935,0.38857681806172184,0.9152050058552831
107,4,385,3760.0000000000014,5308.189033960643,0.1584130155558727,3.419713381250701,0.7647845477965884,1.4117524026491068
107,2,525,5160.000000000001,5308.189033960643,0.156272299129442,3.1730377136147223,0.510098345047803,1.0287188050311322
107,5,700,6910.000000000002,5308.189033960643,0.15812758669901528,4.006302316989958,0.48665332411151274,0.7681894405152883
107,6,110,1010.0008335248422,5308.189033960643,0.09604681033252462,0.7947752901750507,0.4011917107958021,5.2556283695681545
107,1,620,6110.000000000002,5308.189033960643,0.1374339945768517,3.1396670283141876,0.37487193855141154,0.8687707093225273
107,3,700,6910.000000000002,5308.189033960643,0.15612958470101326,3.434331269312845,0.41190372710881235,0.7681894405152883
108,4,140,1310.0000353340838,3700.397730693737,0.1584130155558727,2.328797737165495,1.0420768074512257,2.8247310159423313
108,1,620,6110.000000000002,3700.397730693737,0.1374339945768517,3.3727478488541096,0.2807276817668222,0.6056297431577309
108,2,35,262.252839954494,3700.397730693737,0.156272299129442,1.0005423733574745,2.2062041319624033,14.110038737181371
108,5,455,4460.000000000002,3700.397730693737,0.15812758669901528,3.24177126072921,0.4253080059730992,0.8296855898416446
108,3,700,6910.000000000002,3700.397730693737,0.15612958470101326,3.3879418826559093,0.28326408561474903,0.5355134197820167
108,0,310,3010.0000000000014,3700.397730693737,0.13757670900528043,2.66774256468863,0.45120171832347683,1.2293680168417724
108,6,440,4310.000000000002,3700.397730693737,0.09604681033252462,1.8970109495112046,0.15643139570169787,0.8585609583976184
109,4,420,4110.000000000002,4715.112030827062,0.1584130155558727,3.4192752549005014,0.621405537080597,1.1472292045807932
109,6,220,2110.0000000077202,4715.112030827062,0.09604681033252462,3.482066507457604,0.7473595170961506,2.23465025156863
109,2,315,3060.0000000000014,4715.112030827062,0.156272299129442,2.5712222357989845,0.6191447666829295,1.5408862845840066
109,5,700,6910.000000000002,4715.112030827062,0.15812758669901528,4.089156390702946,0.4412201440705335,0.6823606412195456
109,1,279,2700.0000000000164,4715.112030827062,0.1374339945768517,3.769877885014303,0.9047939836499829,1.7463377891951974
109,0,620,6110.000000000002,4715.112030827062,0.13757670900528043,4.840538376633203,0.5139127468012685,0.7717040966983733
109,3,700,6910.000000000002,4715.112030827062,0.15612958470101326,3.4775818137790653,0.37049003314400203,0.6823606412195456
110,0,93,840.0049979958054,5138.662026269155,0.13757670900528043,1.9727944866024527,1.660332031815021,6.1174183945686655
110,2,525,5160.000000000001,5138.662026269155,0.156272299129442,2.947886927630483,0.45876806197571146,0.9958647337730918
110,1,620,6110.000000000002,5138.662026269155,0.1374339945768517,4.628795759168928,0.5350212510468763,0.8410248815497796
110,5,700,6910.000000000002,5138.662026269155,0.15812758669901528,3.7921555828408504,0.4459290828564391,0.7436558648725259
110,3,560,5510.000000000002,5138.662026269155,0.15612958470101326,3.025312435255286,0.4405080942583197,0.932606538342859
110,4,700,6910.000000000002,5138.662026269155,0.1584130155558727,3.801888914577456,0.4478806418867557,0.7436558648725259
110,6,352,3430.000000000001,5138.662026269155,0.09604681033252462,3.446884518399499,0.49598165661019733,1.4981521942475666
111,1,620,6110.000000000002,4672.614769936286,0.1374339945768517,3.025554480648453,0.3179932595588757,0.7647487348504558
111,5,455,4460.000000000002,4672.614769936286,0.15812758669901528,3.602689033842247,0.5968422229291782,1.0476714730798844
111,4,665,6560.000000000001,4672.614769936286,0.1584130155558727,3.949527727645772,0.4456482100186897,0.7122888368805314
111,3,70,610.0563920873398,4672.614769936286,0.15612958470101326,2.357893228661396,2.8196768274233617,7.659316139527186
111,6,440,4310.000000000002,4672.614769936286,0.09604681033252462,1.342931898762946,0.13983620970163443,1.0841333572938014
111,0,372,3630.000000000001,4672.614769936286,0.13757670900528043,2.6350159235343935,0.4666395158436385,1.2872216997069656
111,2,700,6910.000000000002,4672.614769936286,0.156272299129442,3.9889302244171336,0.421522121453658,0.6762105311051064
112,3,700,6910.000000000002,4061.7397356001443,0.15612958470101326,3.5732731941598317,0.3279332628596951,0.5878060398842465
112,1,310,3010.0000000000014,4061.7397356001443,0.1374339945768517,2.155759319023042,0.39979746664663973,1.3494151945515422
112,0,186,1770.0000002775555,4061.7397356001443,0.13757670900528043,1.826523035701288,0.5766454843026187,2.2947682118436266
112,5,70,610.0563920873398,4061.7397356001443,0.15812758669901528,2.4123620407338233,2.5397574250571293,6.657974227108235
112,4,700,6910.000000000002,4061.7397356001443,0.1584130155558727,4.797200559852219,0.44669673820681,0.5878060398842465
112,2,700,6910.000000000002,4061.7397356001443,0.156272299129442,3.5949838181632074,0.3302273092271581,0.5878060398842465
112,6,66,570.0859504455718,4061.7397356001443,0.09604681033252462,0.5178880895850856,0.35439747866289895,7.124784837138226
113,6,264,2550.0000000000755,4543.774796770165,0.09604681033252462,3.1477748275502635,0.5387201532972966,1.7818724693215806
113,0,620,6110.000000000002,4543.774796770165,0.13757670900528043,3.4820235177110797,0.35624781102183467,0.7436619961980628
113,5,315,3060.0000000000014,4543.774796770165,0.15812758669901528,3.1583446459325524,0.7415877276918306,1.4848937244346938
113,2,175,1660.0000008844675,4543.774796770165,0.156272299129442,2.5326415775495024,1.0833391646815547,2.7372137315356557
113,3,700,6910.000000000002,4543.774796770165,0.15612958470101326,4.084561454813097,0.4193429925314928,0.6575650935991555
113,4,700,6910.000000000002,4543.774796770165,0.1584130155558727,4.040433135919025,0.4208792707940505,0.6575650935991555
113,1,403,3940.000000000001,4543.774796770165,0.1374339945768517,2.9298330040586364,0.464363005093939,1.1532423342056255
114,2,490,4810.000000000001,4519.286669466785,0.156272299129442,3.614205249246412,0.5306640023469735,0.9395606381427825
114,1,217,2080.00000001059,4519.286669466785,0.1374339945768517,3.120636000849183,0.9318453440589325,2.1727339756941224
114,4,700,6910.000000000002,4519.286669466785,0.1584130155558727,3.1920064085321673,0.33070933887560616,0.6540212256826026
114,0,620,6110.000000000002,4519.286669466785,0.13757670900528043,4.532634989350437,0.4612372177056672,0.7396541193889989
114,3,70,610.0563920873398,4519.286669466785,0.15612958470101326,1.5677108496714716,1.813222406386981,7.407981832636503
114,6,440,4310.000000000002,4519.286669466785,0.09604681033252462,3.7249565132224363,0.37514293693353035,1.0485583919876527
114,5,665,6560.000000000001,4519.286669466785,0.15812758669901528,3.1259479174926685,0.3405300419591962,0.6889156508333513
115,5,630,6210.000000000002,4805.241160706505,0.15812758669901528,3.6758869816657693,0.4497730003251257,0.7737908471347027
115,1,93,840.0049979958054,4805.241160706505,0.1374339945768517,2.0541310833444015,1.6149372143118188,5.720491154423465
115,0,620,6110.000000000002,4805.241160706505,0.13757670900528043,4.7235254952087296,0.5110756132907894,0.7864551817850252
115,6,242,2330.000000000761,4805.241160706505,0.09604681033252462,1.5354762670651072,0.3041482502988445,2.062335262105123
115,4,315,3060.0000000000014,4805.241160706505,0.1584130155558727,3.026878627785682,0.752973392875818,1.5703402485968965
115,2,700,6910.000000000002,4805.241160706505,0.156272299129442,2.5565924935089406,0.27783096811507424,0.6954039306376996
115,3,700,6910.000000000002,4805.241160706505,0.15612958470101326,2.5365336949545134,0.2753993947228445,0.6954039306376996
116,6,286,2770.000000000008,5364.549735978309,0.09604681033252462,0.8382177083651556,0.1559169337339848,1.936660554504799
116,5,700,6910.000000000002,5364.549735978309,0.15812758669901528,4.37104091654497,0.5365963861534432,0.7763458373340533
116,2,420,4110.000000000002,5364.549735978309,0.156272299129442,2.660790898291668,0.5427304671852943,1.3052432447635784
116,4,525,5160.000000000001,5364.549735978309,0.1584130155558727,4.135641212481468,0.6811100527854067,1.0396414217012226
116,0,620,6110.000000000002,5364.549735978309,0.13757670900528043,4.031464749530641,0.4869673558618897,0.8779950468049603
116,3,700,6910.000000000002,5364.549735978309,0.15612958470101326,3.0707599838670117,0.37220851628860996,0.7763458373340533
116,1,465,4560.000000000002,5364.549735978309,0.1374339945768517,3.7359423976004456,0.6040359326443783,1.176436345609278
117,1,620,6110.000000000002,4338.074875598273,0.1374339945768517,2.9875348401797437,0.29151639303979604,0.7099958879866238
117,3,175,1660.0000008844675,4338.074875598273,0.15612958470101326,2.859421957580786,1.1666817590033722,2.613298116437889
117,6,374,3650.000000000001,4338.074875598273,0.09604681033252462,1.119824901470137,0.12783131208525883,1.1885136645474719
117,0,620,6110.000000000002,4338.074875598273,0.13757670900528043,3.0181581613430963,0.2948103622132696,0.7099958879866238
117,5,595,5860.000000000002,4338.074875598273,0.15812758669901528,4.278264058963619,0.5008119195895425,0.7402858149485105
117,4,35,262.252839954494,4338.074875598273,0.1584130155558727,1.2213776484102388,3.200498832549173,16.54157444529872
117,2,700,6910.000000000002,4338.074875598273,0.156272299129442,3.7520563668037963,0.3681038435420852,0.627796653487449
118,1,620,6110.000000000002,4189.299642569505,0.1374339945768517,4.240550384600617,0.3995918407222106,0.6856464226791331
118,4,70,610.0563920873398,4189.299642569505,0.1584130155558727,1.5965002551358674,1.736725961094485,6.867069498666504
118,6,440,4310.000000000002,4189.299642569505,0.09604681033252462,4.659483592164044,0.4349956239806994,0.9719952766982605
118,5,700,6910.000000000002,4189.299642569505,0.15812758669901528,3.893628288949572,0.37327208173071513,0.6062662290259774
118,3,385,3760.0000000000014,4189.299642569505,0.15612958470101326,4.462940125085475,0.7763540888096578,1.1141754368535912
118,2,595,5860.000000000002,4189.299642569505,0.156272299129442,4.954207782269067,0.5534775725533599,0.7148975499265364
118,0,186,1770.0000002775555,4189.299642569505,0.13757670900528043,2.8740232751006416,0.9358437743731116,2.3668359558828116
119,3,175,1660.0000008844675,3758.886843345303,0.15612958470101326,3.5625511420896165,1.2594979814431542,2.264389663459352
119,6,440,4310.000000000002,3758.886843345303,0.09604681033252462,4.316022498735775,0.36153356902401496,0.8721315181775642
119,4,595,5860.000000000002,3758.886843345303,0.1584130155558727,2.8416729196506747,0.28875305375633054,0.6414482667824747
119,1,620,6110.000000000002,3758.886843345303,0.1374339945768517,4.702449110232371,0.3975907900972306,0.6152024293527499
119,0,31,223.43368382029254,3758.886843345303,0.13757670900528043,1.2133855053755669,2.8083700007873635,16.82327739969848
119,2,700,6910.000000000002,3758.886843345303,0.156272299129442,5.087720709151928,0.4325003557056969,0.5439778355058325
119,5,140,1310.0000353340838,3758.886843345303,0.15812758669901528,1.507388973284526,0.6839445946346017,2.8693791923346703
120,0,248,2390.0000000004047,4737.158555806496,0.13757670900528043,3.7080211240654313,1.0111303262922202,1.9820747095421314
120,3,490,4810.000000000001,4737.158555806496,0.15612958470101326,3.6951630756118634,0.568187478584263,0.984856248608419
120,1,620,6110.000000000002,4737.158555806496,0.1374339945768517,4.224263464285661,0.4501133329327722,0.7753123659257766
120,5,700,6910.000000000002,4737.158555806496,0.15812758669901528,4.68796534627072,0.5081967803861851,0.6855511658185955
120,2,700,6910.000000000002,4737.158555806496,0.156272299129442,3.8425674954822298,0.4116644649293006,0.6855511658185955
120,6,176,1670.0000007960207,4737.158555806496,0.09604681033252462,0.24962350513373951,0.06800954566818432,2.8366218883523873
120,4,315,3060.0000000000014,4737.158555806496,0.1584130155558727,4.286122835165448,1.051119200147386,1.5480910313093117
121,0,248,2390.0000000004047,5203.9481600335275,0.13757670900528043,4.6858348618948344,1.4036762643390426,2.177384167377676
121,1,465,4560.000000000002,5203.9481600335275,0.1374339945768517,4.894944065230101,0.7677326702350757,1.141216701761738
121,3,700,6910.000000000002,5203.9481600335275,0.15612958470101326,4.47636157809487,0.5263386693145782,0.7531039305403077
121,2,700,6910.000000000002,5203.9481600335275,0.156272299129442,4.456317385107015,0.5244607965766837,0.7531039305403077
121,6,22,138.8629381196525,5203.9481600335275,0.09604681033252462,0.006491810059036173,0.023366591320673515,37.475428868929
121,5,700,6910.000000000002,5203.9481600335275,0.15812758669901528,6.7357192966091946,0.8021332836363894,0.7531039305403077
121,4,630,6210.000000000002,5203.9481600335275,0.1584130155558727,6.715961631288839,0.8915391705865209,0.837994872791228
122,1,372,3630.000000000001,4603.163978885881,0.1374339945768517,2.9264773584944375,0.5100222925703091,1.268089250381785
122,6,198,1890.0000000783903,4603.163978885881,0.09604681033252462,0.6284335533696923,0.1470066407004662,2.435536496663999
122,3,245,2360.000000000555,4603.163978885881,0.15612958470101326,2.7491110288155927,0.837185943282381,1.950493211391864
122,4,700,6910.000000000002,4603.163978885881,0.1584130155558727,6.527890534128788,0.6888776951173909,0.6661597653959305
122,0,620,6110.000000000002,4603.163978885881,0.13757670900528043,3.286623010642038,0.3406512946299283,0.7533819932710114
122,5,350,3410.000000000001,4603.163978885881,0.15812758669901528,5.984858641277021,1.277507937123844,1.3499014600838357
122,2,700,6910.000000000002,4603.163978885881,0.156272299129442,3.335512864984522,0.34723462138382344,0.6661597653959305
123,4,700,6910.000000000002,3493.672706304191,0.1584130155558727,5.796595539495084,0.46426722883605187,0.5055966289875817
123,0,155,1460.0000072749747,3493.672706304191,0.13757670900528043,1.8075912472940374,0.5950788365369679,2.3929264992436377
123,2,700,6910.000000000002,3493.672706304191,0.156272299129442,3.7362462782535393,0.29520361182686805,0.5055966289875817
123,5,140,1310.0000353340838,3493.672706304191,0.15812758669901528,3.78484415099527,1.5961237276603184,2.6669256580693252
123,1,341,3320.0000000000014,3493.672706304191,0.1374339945768517,2.56230432588229,0.37056893790816103,1.0523110561157196
123,3,35,262.252839954494,3493.672706304191,0.15612958470101326,0.7567547314211747,1.5739914416205427,13.3217726332741
123,6,440,4310.000000000002,3493.672706304191,0.09604681033252462,3.9208456054241725,0.30525840780449326,0.8105969156158211
124,3,700,6910.000000000002,4065.975926386651,0.15612958470101326,4.250658539925537,0.39050642085477066,0.5884190920964761
124,2,70,610.0563920873398,4065.975926386651,0.156272299129442,1.7759068196555168,1.8496816906593578,6.664918160228929
124,1,620,6110.000000000002,4065.975926386651,0.1374339945768517,4.536173393584318,0.41486558470823026,0.6654625084102537
124,5,700,6910.000000000002,4065.975926386651,0.15812758669901528,3.8755521059878304,0.36060187349056133,0.5884190920964761
124,0,341,3320.0000000000014,4065.975926386651,0.13757670900528043,3.7560694934315864,0.6328565137597133,1.2246915440923642
124,6,374,3650.000000000001,4065.975926386651,0.09604681033252462,4.2468335851769,0.4543809638592648,1.1139660072292192
124,4,105,960.0014115816389,4065.975926386651,0.1584130155558727,1.8529014440754101,1.2431860048429915,4.235385362285875
125,0,620,6110.000000000002,5354.93791922369,0.13757670900528043,5.545065674867898,0.6685976422185742,0.8764219180398836
125,1,248,2390.0000000004047,5354.93791922369,0.1374339945768517,4.317886192331417,1.329602736750544,2.240559798837985
125,5,700,6910.000000000002,5354.93791922369,0.15812758669901528,2.4092866374958954,0.29523817207670405,0.7749548363565396
125,4,420,4110.000000000002,5354.93791922369,0.1584130155558727,1.8460260313442745,0.38101432188189327,1.3029046032174423
125,3,700,6910.000000000002,5354.93791922369,0.15612958470101326,4.253526560430058,0.5146485416949392,0.7749548363565396
125,6,418,4090.0000000000014,5354.93791922369,0.09604681033252462,2.1607303345467326,0.27171564682371196,1.3092757748713175
125,2,630,6210.000000000002,5354.93791922369,0.156272299129442,4.14089202343269,0.5580058448264692,0.8623088436753121
126,6,88,790.008464149783,3849.318189967599,0.09604681033252462,0.13834909621919309,0.06474576114433114,4.872502466299881
126,5,175,1660.0000008844675,3849.318189967599,0.15812758669901528,2.9041798143590785,1.064895199110286,2.3188663782630345
126,1,620,6110.000000000002,3849.318189967599,0.1374339945768517,5.873482833848027,0.5085486141470006,0.6300029770814399
126,0,341,3320.0000000000014,3849.318189967599,0.13757670900528043,5.348365116969345,0.853123081849738,1.1594331897492764
126,4,700,6910.000000000002,3849.318189967599,0.1584130155558727,3.6723263430590207,0.32406930214577756,0.5570648610662225
126,2,35,262.252839954494,3849.318189967599,0.156272299129442,1.3362391399441966,3.064995225441693,14.677889439197422
126,3,700,6910.000000000002,3849.318189967599,0.15612958470101326,4.787448013300746,0.4163849656423449,0.5570648610662225
127,5,700,6910.000000000002,4603.0615948647,0.15812758669901528,3.5469449577001435,0.3736206149481795,0.6661449486056004
127,4,70,610.0563920873398,4603.0615948647,0.1584130155558727,1.6544253078202746,1.9774924341402824,7.54530508092061
127,6,440,4310.000000000002,4603.0615948647,0.09604681033252462,2.181220384491722,0.22374431564936798,1.0679957296669833
127,0,558,5490.000000000002,4603.0615948647,0.13757670900528043,4.843939400550328,0.558750673508491,0.8384447349480325
127,1,310,3010.0000000000014,4603.0615948647,0.1374339945768517,4.049091640410844,0.8510049110724361,1.5292563438088698
127,2,700,6910.000000000002,4603.0615948647,0.156272299129442,2.6791183713925806,0.27889622962073574,0.6661449486056004
127,3,490,4810.000000000001,4603.0615948647,0.15612958470101326,2.2833544922604694,0.3411616889092443,0.9569774625498335
128,0,620,6110.000000000002,4895.832738693465,0.13757670900528043,5.166267275986629,0.5695175988336625,0.8012819539596504
128,5,700,6910.000000000002,4895.832738693465,0.15812758669901528,4.760306049675134,0.5333238959149943,0.7085141445287213
128,4,210,2010.0000000221403,4895.832738693465,0.1584130155558727,3.4554523482279644,1.3332951038955574,2.4357376809151927
128,2,630,6210.000000000002,4895.832738693465,0.156272299129442,4.167451071436584,0.513437379614276,0.7883788629136013
128,6,242,2330.000000000761,4895.832738693465,0.09604681033252462,4.644359414878601,0.9373017311286218,2.1012157676789127
128,1,279,2700.0000000000164,4895.832738693465,0.1374339945768517,4.163751388052283,1.0376282044957454,1.8132713847012725
128,3,700,6910.000000000002,4895.832738693465,0.15612958470101326,4.290267152929025,0.4745894345729921,0.7085141445287213
129,2,700,6910.000000000002,3547.276711734166,0.156272299129442,4.892517089704767,0.39249250992563134,0.5133540827401107
129,1,62,530.1310020508638,3547.276711734166,0.1374339945768517,1.3312640306923031,1.224250338718692,6.691321009356513
129,6,440,4310.000000000002,3547.276711734166,0.09604681033252462,4.235412450363559,0.33480848307115135,0.8230340398455138
129,0,31,223.43368382029254,3547.276711734166,0.13757670900528043,0.7658112885118815,1.6726809161972855,15.876194900797664
129,4,490,4810.000000000001,3547.276711734166,0.1584130155558727,3.7832606370052946,0.4419845764807537,0.7374795658490988
129,5,700,6910.000000000002,3547.276711734166,0.15812758669901528,4.199367586822905,0.3408855209289572,0.5133540827401107
129,3,70,610.0563920873398,3547.276711734166,0.15612958470101326,2.039927988897299,1.8519323879469993,5.814670180894218
130,6,440,4310.000000000002,5281.798201798259,0.09604681033252462,0.2950547744501274,0.03472882801664888,1.2254752208348623
130,1,248,2390.0000000004047,5281.798201798259,0.1374339945768517,3.6961026363853824,1.122592394631884,2.209957406609776
130,0,310,3010.0000000000014,5281.798201798259,0.13757670900528043,3.6834459703928837,0.8892308661409709,1.7547502331555669
130,3,700,6910.000000000002,5281.798201798259,0.15612958470101326,5.289089397468578,0.631204184245722,0.7643702173369402
130,2,665,6560.000000000001,5281.798201798259,0.156272299129442,5.24864241930769,0.6603998299378898,0.805152164908271
130,5,595,5860.000000000002,5281.798201798259,0.15812758669901528,5.438921204983746,0.775183639815761,0.9013307511601121
130,4,700,6910.000000000002,5281.798201798259,0.1584130155558727,5.534449010640659,0.6701453506985888,0.7643702173369402
131,6,264,2550.0000000000755,4333.0035901177425,0.09604681033252462,0.04089684740598087,0.0066745447048800356,1.6992170941637703
131,1,62,530.1310020508638,4333.0035901177425,0.1374339945768517,1.9594585206269692,2.2010813319271634,8.173458208169476
131,3,700,6910.000000000002,4333.0035901177425,0.15612958470101326,6.199691002787781,0.6069686362786257,0.6270627482080667
131,2,700,6910.000000000002,4333.0035901177425,0.156272299129442,6.220366258228813,0.6095494729579747,0.6270627482080667
131,5,175,1660.0000008844675,4333.0035901177425,0.15812758669901528,6.648412829865116,2.74414200968617,2.610243125186185
131,4,700,6910.000000000002,4333.0035901177425,0.1584130155558727,6.991824359494556,0.6945321797654583,0.6270627482080667
131,0,372,3630.000000000001,4333.0035901177425,0.13757670900528043,4.9574108039845095,0.8141084249927418,1.193664900858882
132,5,700,6910.000000000002,4345.692570950465,0.15812758669901528,4.6519539781520445,0.46261957439564255,0.6288990696020932
132,2,280,2710.0000000000146,4345.692570950465,0.156272299129442,3.6469071592522426,0.9138952453479443,1.6035765944466573
132,0,279,2700.0000000000164,4345.692570950465,0.13757670900528043,1.2700382816895204,0.2812269673311144,1.609515767018681
132,3,700,6910.000000000002,4345.692570950465,0.15612958470101326,4.549756348559261,0.4467394409548307,0.6288990696020932
132,1,620,6110.000000000002,4345.692570950465,0.1374339945768517,1.9146104483305537,0.18715109979372924,0.7112426466367371
132,6,66,570.0859504455718,4345.692570950465,0.09604681033252462,0.8510902105992273,0.6231279094548648,7.622872599392999
132,4,315,3060.0000000000014,4345.692570950465,0.1584130155558727,3.843057560987264,0.8645802763387066,1.420160970898844
133,4,700,6910.000000000002,3866.136208289966,0.1584130155558727,5.05541242809046,0.4480707109728885,0.559498727683063
133,3,35,262.252839954494,3866.136208289966,0.15612958470101326,1.6484795900876097,3.7942481385628826,14.742018461881353
133,2,70,610.0563920873398,3866.136208289966,0.156272299129442,2.8765829883017817,2.8488270090661345,6.337342348076674
133,5,700,6910.000000000002,3866.136208289966,0.15812758669901528,5.053382617010427,0.44708379454003844,0.559498727683063
133,1,620,6110.000000000002,3866.136208289966,0.1374339945768517,4.9745454266893105,0.43259700777903987,0.6327555169050679
133,6,132,1230.0000820831015,3866.136208289966,0.09604681033252462,4.647972818969748,1.4031966416920936,3.1431999595824105
133,0,434,4250.000000000002,3866.136208289966,0.13757670900528043,4.574183168711289,0.5724620329491231,0.9096791078329328
134,1,620,6110.000000000002,3821.1219952245574,0.1374339945768517,5.83299036062498,0.501343191706937,0.6253882152577015
134,4,700,6910.000000000002,3821.1219952245574,0.1584130155558727,4.890964871091483,0.428448139124595,0.552984369786477
134,2,70,610.0563920873398,3821.1219952245574,0.156272299129442,1.0246019603140515,1.0029010952675912,6.26355537747976
134,0,31,223.43368382029254,3821.1219952245574,0.13757670900528043,0.66353405723532,1.5611707031430484,17.101817102464647
134,6,264,2550.0000000000755,3821.1219952245574,0.09604681033252462,1.604544764021522,0.23093273943166226,1.4984792138135075
134,3,280,2710.0000000000146,3821.1219952245574,0.15612958470101326,1.32541858032312,0.29178292359334057,1.4100081163190172
134,5,700,6910.000000000002,3821.1219952245574,0.15812758669901528,4.89170250905738,0.42774066109642617,0.552984369786477
135,0,124,1150.0001906837483,3790.5332984612637,0.13757670900528043,3.6678871577129297,1.663272037446954,3.296115365170114
135,3,700,6910.000000000002,3790.5332984612637,0.15612958470101326,3.1401423390639422,0.26894087147820384,0.5485576408771726
135,5,175,1660.0000008844675,3790.5332984612637,0.15812758669901528,5.836202814263728,2.107318823191979,2.2834537930371224
135,4,700,6910.000000000002,3790.5332984612637,0.1584130155558727,6.907303309380963,0.6002354715457386,0.5485576408771726
135,1,31,223.43368382029254,3790.5332984612637,0.1374339945768517,0.7642122971821501,1.7818037211788225,16.96491430320768
135,6,440,4310.000000000002,3790.5332984612637,0.09604681033252462,0.9631870087726417,0.0813610620398777,0.8794740831696664
135,2,490,4810.000000000001,3790.5332984612637,0.156272299129442,2.7649198707779075,0.34050209717066876,0.7880526608027574
136,2,665,6560.000000000001,5415.848437277011,0.156272299129442,1.6459776022288048,0.2123579800248118,0.8255866520239344
136,3,700,6910.000000000002,5415.848437277011,0.15612958470101326,1.6716966776765418,0.20456490972948616,0.7837696725437061
136,5,315,3060.0000000000014,5415.848437277011,0.15812758669901528,4.49057006100548,1.256765340490342,1.7698851102212445
136,1,465,4560.000000000002,5415.848437277011,0.1374339945768517,5.864471271401608,0.9572484949436931,1.1876860608063615
136,4,700,6910.000000000002,5415.848437277011,0.1584130155558727,5.184703948912599,0.6437293028493748,0.7837696725437061
136,0,620,6110.000000000002,5415.848437277011,0.13757670900528043,6.2135167163234115,0.757718130953996,0.8863909062646497
136,6,286,2770.000000000008,5415.848437277011,0.09604681033252462,1.6889533852421343,0.3171665243761646,1.9551799412552329
137,6,396,3870.0000000000014,4480.341308078555,0.09604681033252462,3.7690992897558773,0.41910289363505077,1.1577109323200396
137,0,620,6110.000000000002,4480.341308078555,0.13757670900528043,4.458706943406343,0.44980443589121516,0.7332800831552461
137,5,210,2010.0000000221403,4480.341308078555,0.15812758669901528,1.9626435679749916,0.6917738168011154,2.2290255263826886
137,3,700,6910.000000000002,4480.341308078555,0.15612958470101326,4.474293808689164,0.45294216911581076,0.6483851386510208
137,1,465,4560.000000000002,4480.341308078555,0.1374339945768517,4.067009082119855,0.5491810822538048,0.9825309886137178
137,2,105,960.0014115816389,4480.341308078555,0.156272299129442,2.414203041594615,1.760739155372249,4.667015333547293
137,4,700,6910.000000000002,4480.341308078555,0.1584130155558727,3.2325913807033877,0.33202801109507657,0.6483851386510208
138,0,620,6110.000000000002,4518.51862538038,0.13757670900528043,3.9804295418244466,0.40497640776256993,0.7395284165925334
138,3,560,5510.000000000002,4518.51862538038,0.15612958470101326,6.112409006903079,0.782604047089441,0.8200578267478001
138,5,700,6910.000000000002,4518.51862538038,0.15812758669901528,3.7514841121534217,0.38790804241470467,0.6539100760318928
138,4,175,1660.0000008844675,4518.51862538038,0.1584130155558727,2.377324756282701,1.025102665352785,2.721999170465579
138,1,155,1460.0000072749747,4518.51862538038,0.1374339945768517,2.560948043446929,1.0892765546000662,3.094875755387149
138,6,198,1890.0000000783903,4518.51862538038,0.09604681033252462,3.9127743429855855,0.8984667743712396,2.390750595340195
138,2,700,6910.000000000002,4518.51862538038,0.156272299129442,6.366368177731307,0.6505666287378757,0.6539100760318928
139,3,700,6910.000000000002,4952.5874125888695,0.15612958470101326,6.01436469325808,0.673021697359008,0.7167275560910085
139,2,700,6910.000000000002,4952.5874125888695,0.156272299129442,5.988973062750451,0.6707929098476114,0.7167275560910085
139,0,465,4560.000000000002,4952.5874125888695,0.13757670900528043,2.101996018550177,0.31408276992316325,1.086093730830892
139,4,315,3060.0000000000014,4952.5874125888695,0.1584130155558727,2.8489695146582923,0.7304481381565279,1.618492618493094
139,6,440,4310.000000000002,4952.5874125888695,0.09604681033252462,1.8945088266797532,0.20909057605634118,1.149092207097185
139,5,630,6210.000000000002,4952.5874125888695,0.15812758669901528,3.457138482933134,0.43597839546787576,0.7975181018661623
139,1,217,2080.00000001059,4952.5874125888695,0.1374339945768517,1.6389595103801273,0.5363289116035155,2.3810516406556026
140,1,620,6110.000000000002,4853.0907463608155,0.1374339945768517,3.512592131695252,0.38344148300559483,0.7942865378659271
140,5,595,5860.000000000002,4853.0907463608155,0.15812758669901528,4.67789778110691,0.6126030667717022,0.8281724823141321
140,6,264,2550.0000000000755,4853.0907463608155,0.09604681033252462,0.275828081460385,0.05041963032165479,1.9031728417100673
140,4,700,6910.000000000002,4853.0907463608155,0.1584130155558727,4.781393194817157,0.5319682163198076,0.7023286174183523
140,2,35,262.252839954494,4853.0907463608155,0.156272299129442,1.3662445952316011,3.951014930403802,18.505388720301074
140,0,465,4560.000000000002,4853.0907463608155,0.13757670900528043,3.4065429654008748,0.49878381973097957,1.0642742864826344
140,3,700,6910.000000000002,4853.0907463608155,0.15612958470101326,5.833377817770018,0.6396548175154606,0.7023286174183523
141,6,44,350.8727963568088,5508.209988860874,0.09604681033252462,0.7407925219362868,1.1169669597724472,15.698595177665117
141,2,595,5860.000000000002,5508.209988860874,0.156272299129442,2.380756692899909,0.34971147910066835,0.9399675748909337
141,5,560,5510.000000000002,5508.209988860874,0.15812758669901528,4.712349224428256,0.7449103359292543,0.9996751340945321
141,4,595,5860.000000000002,5508.209988860874,0.1584130155558727,4.771602654789934,0.7105064180248751,0.9399675748909337
141,3,700,6910.000000000002,5508.209988860874,0.15612958470101326,2.625064624182808,0.32670640212910895,0.797136033120242
141,0,620,6110.000000000002,5508.209988860874,0.13757670900528043,3.8488047920781776,0.47735346488601854,0.9015073631523522
141,1,620,6110.000000000002,5508.209988860874,0.1374339945768517,3.8522683844673877,0.4772874162750422,0.9015073631523522
142,3,315,3060.0000000000014,5438.684172969889,0.15612958470101326,1.748776789193828,0.4852795590085661,1.7773477689444073
142,0,620,6110.000000000002,5438.684172969889,0.13757670900528043,5.523471536293003,0.6764094498957229,0.8901283425482631
142,6,418,4090.0000000000014,5438.684172969889,0.09604681033252462,4.259100776651962,0.5439655483163678,1.3297516315329798
142,1,465,4560.000000000002,5438.684172969889,0.1374339945768517,5.164137452953043,0.8464883007035985,1.1926938975811154
142,2,700,6910.000000000002,5438.684172969889,0.156272299129442,2.5595464733183406,0.31481891190031797,0.7870744099811704
142,5,700,6910.000000000002,5438.684172969889,0.15812758669901528,5.563818123265022,0.6924626607971153,0.7870744099811704
142,4,595,5860.000000000002,5438.684172969889,0.1584130155558727,5.384091331878476,0.7915885495997939,0.9281031011894005
143,5,315,3060.0000000000014,4347.67375481807,0.15812758669901528,3.187909611349833,0.716224483854041,1.4208084166072117
143,2,420,4110.000000000002,4347.67375481807,0.156272299129442,1.9963147251384283,0.33000926861949675,1.057828164189311
143,6,440,4310.000000000002,4347.67375481807,0.09604681033252462,3.31266643479605,0.3209521811685454,1.0087410103986236
143,0,217,2080.00000001059,4347.67375481807,0.13757670900528043,3.394962618097028,0.9762780514662567,2.0902277667288143
143,4,700,6910.000000000002,4347.67375481807,0.1584130155558727,4.035004512614224,0.40217381077207925,0.6291857821733818
143,1,620,6110.000000000002,4347.67375481807,0.1374339945768517,4.890460707177832,0.47825517811485047,0.7115668993155595
143,3,385,3760.0000000000014,4347.67375481807,0.15612958470101326,1.9055549992849181,0.34401374521664585,1.1562962113877842
144,1,620,6110.000000000002,5352.724046232073,0.1374339945768517,3.9866150360613175,0.47998991680360115,0.8760595820347089
144,5,455,4460.000000000002,5352.724046232073,0.15812758669901528,2.2767337826123746,0.43207574785510583,1.2001623422045002
144,4,525,5160.000000000001,5352.724046232073,0.1584130155558727,2.401155266183495,0.39458108061819835,1.0373496213628046
144,6,44,350.8727963568088,5352.724046232073,0.09604681033252462,0.3865533168526384,0.5663925172647187,15.255454688452943
144,0,589,5800.000000000002,5352.724046232073,0.13757670900528043,3.929262798476068,0.4988877655500835,0.9228834562469089
144,2,700,6910.000000000002,5352.724046232073,0.156272299129442,4.536837188211328,0.5492018643903265,0.7746344495270726
144,3,700,6910.000000000002,5352.724046232073,0.15612958470101326,4.525510561197486,0.5473304299055192,0.7746344495270726
145,1,124,1150.0001906837483,4150.539749774631,0.1374339945768517,2.7074499601113033,1.3429544212879367,3.6091644013614212
145,3,700,6910.000000000002,4150.539749774631,0.15612958470101326,6.381588349674164,0.5984674309885132,0.6006569826012489
145,4,700,6910.000000000002,4150.539749774631,0.1584130155558727,3.2153122550216353,0.30594301848387967,0.6006569826012489
145,6,88,790.008464149783,4150.539749774631,0.09604681033252462,0.26967850778426594,0.13608244895189467,5.253791494805684
145,5,35,262.252839954494,4150.539749774631,0.15812758669901528,1.23396454917866,3.0881238066183148,15.826481614059283
145,2,560,5510.000000000002,4150.539749774631,0.156272299129442,6.241936945298824,0.7347749764034075,0.75327400177398
145,0,620,6110.000000000002,4150.539749774631,0.13757670900528043,3.9408315985756475,0.36829528624198105,0.6793027413706432
146,6,242,2330.000000000761,4221.175967028631,0.09604681033252462,3.19430833425154,0.5558240279544581,1.811663505161911
146,3,245,2360.000000000555,4221.175967028631,0.15612958470101326,6.283956158222416,1.7548492110770895,1.7886338843337453
146,1,620,6110.000000000002,4221.175967028631,0.1374339945768517,3.9421536907681425,0.3743001215372179,0.6908634970586955
146,5,385,3760.0000000000014,4221.175967028631,0.15812758669901528,2.076297341276367,0.3685893670402764,1.1226531827203803
146,4,700,6910.000000000002,4221.175967028631,0.1584130155558727,2.760679994444086,0.2671544046232155,0.6108793005830144
146,2,175,1660.0000008844675,4221.175967028631,0.156272299129442,5.599627545687056,2.225186987048317,2.54287708721659
146,0,620,6110.000000000002,4221.175967028631,0.13757670900528043,3.9500875400723268,0.37544288927129205,0.6908634970586955
147,6,440,4310.000000000002,5582.079349222207,0.09604681033252462,4.511435557144923,0.5611984209767662,1.2951460207012078
147,4,665,6560.000000000001,5582.079349222207,0.1584130155558727,3.7925169143180835,0.5112231994351445,0.8509267300643608
147,5,700,6910.000000000002,5582.079349222207,0.15812758669901528,3.852046803775071,0.4920589737835861,0.8078262444605219
147,0,434,4250.000000000002,5582.079349222207,0.13757670900528043,3.5917526248232527,0.6490204928173363,1.313430435111107
147,2,420,4110.000000000002,5582.079349222207,0.156272299129442,4.74177655380175,1.0064153924860348,1.358170157961607
147,1,620,6110.000000000002,5582.079349222207,0.1374339945768517,4.021444778308176,0.5049298835030617,0.9135972748317849
147,3,630,6210.000000000002,5582.079349222207,0.15612958470101326,5.190162599448553,0.7284010678818077,0.8988855634818367
148,5,140,1310.0000353340838,4087.2552995319606,0.15812758669901528,3.796650781779776,1.87313359656664,3.1200421292275804
148,3,700,6910.000000000002,4087.2552995319606,0.15612958470101326,2.2725979002090155,0.2098753936904515,0.5914985961696034
148,6,66,570.0859504455718,4087.2552995319606,0.09604681033252462,2.180053367680376,1.5012101755035052,7.169542235407511
148,0,217,2080.00000001059,4087.2552995319606,0.13757670900528043,3.5675581788857444,0.9644604238027333,1.9650265863034377
148,1,217,2080.00000001059,4087.2552995319606,0.1374339945768517,3.543217210243383,0.9568863888206975,1.9650265863034377
148,4,700,6910.000000000002,4087.2552995319606,0.1584130155558727,5.5904584959508075,0.5238319781721511,0.5914985961696034
148,2,700,6910.000000000002,4087.2552995319606,0.156272299129442,2.2764816526475378,0.2104262299718611,0.5914985961696034
149,3,700,6910.000000000002,4409.1240876885095,0.15612958470101326,3.033540395228725,0.3022102994002384,0.6380787391734455
149,5,70,610.0563920873398,4409.1240876885095,0.15812758669901528,2.90810334505418,3.323531646080755,7.22740412997307
149,1,465,4560.000000000002,4409.1240876885095,0.1374339945768517,4.489265319234819,0.5965638348000856,0.9669131771246727
149,6,440,4310.000000000002,4409.1240876885095,0.09604681033252462,0.9192238881751137,0.09031903734562269,1.0229986282339925
149,4,630,6210.000000000002,4409.1240876885095,0.1584130155558727,5.493860503422912,0.6179156724307933,0.7100038788548322
149,2,245,2360.000000000555,4409.1240876885095,0.156272299129442,2.391260255334968,0.6981506807321721,1.8682729185116411
149,0,620,6110.000000000002,4409.1240876885095,0.13757670900528043,4.685517518840061,0.4651720302611219,0.7216242369375627
150,6,132,1230.0000820831015,4393.3966168056195,0.09604681033252462,0.5562522857114525,0.19083148335555103,3.571866929768865
150,5,700,6910.000000000002,4393.3966168056195,0.15812758669901528,3.1434466240466987,0.31603566583552806,0.6358026941831575
150,1,620,6110.000000000002,4393.3966168056195,0.1374339945768517,4.188066619028778,0.4138728636232289,0.7190501827832436
150,0,620,6110.000000000002,4393.3966168056195,0.13757670900528043,4.184522467884823,0.41395203455958574,0.7190501827832436
150,2,140,1310.0000353340838,4393.3966168056195,0.156272299129442,2.851651802867212,1.4945401996460095,3.353737784965166
150,3,210,2010.0000000221403,4393.3966168056195,0.15612958470101326,2.9970677353719912,1.0227891603890387,2.1857694610732468
150,4,630,6210.000000000002,4393.3966168056195,0.1584130155558727,3.0771339935566675,0.34486258588873425,0.7074712748479256
