round,cid,tau,a_i,a_eff,p_i,raw_update_norm,contribution_norm,amp_vs_fedavg
1,2,315,3110.000000000001,4826.640502354789,0.156272299129442,2.8534849936114965,0.6920574664708002,1.5519744380562017
1,0,155,3110.000000000001,4826.640502354789,0.13757670900528043,2.2562469886071774,0.4817437843268554,1.5519744380562017
1,6,66,3110.000000000001,4826.640502354789,0.09604681033252462,2.019142339171256,0.300977788070416,1.5519744380562017
1,1,620,6110.000000000002,4826.640502354789,0.1374339945768517,3.7270854715790582,0.4046385583139258,0.78995752902697
1,4,700,6910.000000000002,4826.640502354789,0.1584130155558727,4.207203087917762,0.46553382686388156,0.6985007962886812
1,3,385,3760.0000000000014,4826.640502354789,0.15612958470101326,3.050692638193747,0.611421584973887,1.2836809846688262
1,5,700,6910.000000000002,4826.640502354789,0.15812758669901528,4.243038505063303,0.46865312945811904,0.6985007962886812
2,3,700,6910.000000000002,5306.738975310405,0.15612958470101326,3.4000954244774615,0.40768617956946784,0.7679795912171351
2,1,620,6110.000000000002,5306.738975310405,0.1374339945768517,3.4608297529874665,0.41310544709020336,0.8685333838478566
2,5,490,4810.000000000001,5306.738975310405,0.15812758669901528,3.143035878134389,0.5483270000800078,1.1032721362391693
2,0,124,3110.000000000001,5306.738975310405,0.13757670900528043,1.9843576348102099,0.46583509065782325,1.7063469373988436
2,4,700,6910.000000000002,5306.738975310405,0.1584130155558727,4.0149602267801505,0.48845188243533616,0.7679795912171351
2,6,220,3110.000000000001,5306.738975310405,0.09604681033252462,0.14261650519241656,0.02337330218426845,1.7063469373988436
2,2,525,5160.000000000001,5306.738975310405,0.156272299129442,2.8621115963198838,0.4599880927507452,1.028437785912869
3,1,620,6110.000000000002,4725.156272299131,0.1374339945768517,3.624762694249708,0.38525538253324165,0.7733479987396285
3,2,70,3110.000000000001,4725.156272299131,0.156272299129442,1.4776874874315382,0.3508491145147873,1.5193428528293023
3,5,700,6910.000000000002,4725.156272299131,0.15812758669901528,3.8623067747904734,0.41763081688517495,0.6838142217509595
3,4,700,6910.000000000002,4725.156272299131,0.1584130155558727,3.873414741590527,0.4195879344389548,0.6838142217509595
3,0,279,3110.000000000001,4725.156272299131,0.13757670900528043,1.9826982429416184,0.41443585873558775,1.5193428528293023
3,3,175,3110.000000000001,4725.156272299131,0.15612958470101326,1.8335914054897546,0.43495422757991475,1.5193428528293023
3,6,110,3110.000000000001,4725.156272299131,0.09604681033252462,1.0453743916145473,0.15254943061504503,1.5193428528293023
4,2,700,6910.000000000002,5604.599686028259,0.156272299129442,3.3241745736810944,0.42133969421713324,0.8110853380648709
4,5,700,6910.000000000002,5604.599686028259,0.15812758669901528,3.967497291572436,0.5088512346600812,0.8110853380648709
4,6,198,3110.000000000001,5604.599686028259,0.09604681033252462,0.3984849707954586,0.06897299776500257,1.8021220855396327
4,3,700,6910.000000000002,5604.599686028259,0.15612958470101326,3.26145801677986,0.41301283448950443,0.8110853380648709
4,1,372,3630.000000000001,5604.599686028259,0.1374339945768517,2.2889454282729895,0.4856994160493239,1.5439668556551676
4,0,465,4560.000000000002,5604.599686028259,0.13757670900528043,2.6477057743662398,0.44770752547724,1.2290788785149687
4,4,595,5860.000000000002,5604.599686028259,0.1584130155558727,3.621702363472817,0.5487197600405538,0.9564163286737641
5,2,105,3110.000000000001,4716.833166833168,0.156272299129442,1.5499890924292907,0.36736753166645614,1.5166666131296358
5,4,700,6910.000000000002,4716.833166833168,0.1584130155558727,3.5739090077444415,0.3864620209788104,0.6826097202363484
5,1,496,4870.000000000001,4716.833166833168,0.1374339945768517,3.68168550111956,0.4900748450467965,0.9685489048938742
5,0,124,3110.000000000001,4716.833166833168,0.13757670900528043,1.2685994026285898,0.26470341579341733,1.5166666131296358
5,3,350,3410.000000000001,4716.833166833168,0.15612958470101326,2.3072956892562777,0.4982927814981864,1.3832355327956503
5,6,440,4310.000000000002,4716.833166833168,0.09604681033252462,0.4654632133385407,0.04892620780348416,1.0943928461329853
5,5,700,6910.000000000002,4716.833166833168,0.15812758669901528,3.713622555618126,0.40084629341505656,0.6826097202363484
6,6,440,4310.000000000002,4794.932210646498,0.09604681033252462,0.7243320153307988,0.07739730337437402,1.1125132739319017
6,1,217,3110.000000000001,4794.932210646498,0.1374339945768517,1.755206586171302,0.3719156829530552,1.5417788458670407
6,2,700,6910.000000000002,4794.932210646498,0.156272299129442,3.735937031563913,0.4051221358030885,0.6939120420617216
6,4,350,3410.000000000001,4794.932210646498,0.1584130155558727,2.515523072850781,0.5603343659100303,1.4061384781954536
6,3,140,3110.000000000001,4794.932210646498,0.15612958470101326,1.2171081668917265,0.2929789806737789,1.5417788458670407
6,0,558,5490.000000000002,4794.932210646498,0.13757670900528043,3.118809311254516,0.3747519192564954,0.8733938452908008
6,5,700,6910.000000000002,4794.932210646498,0.15812758669901528,4.038446011729859,0.44312509792793986,0.6939120420617216
7,5,350,3410.000000000001,4872.085057799345,0.15812758669901528,2.537731265453666,0.573341998498893,1.4287639465687225
7,4,490,4810.000000000001,4872.085057799345,0.1584130155558727,2.987471445387618,0.4793628895173581,1.0129074964239801
7,6,440,4310.000000000002,4872.085057799345,0.09604681033252462,0.3718825635439828,0.04037628472884294,1.130414166542771
7,2,700,6910.000000000002,4872.085057799345,0.156272299129442,4.089155445658337,0.4505597956862824,0.7050774323877488
7,1,403,3940.000000000001,4872.085057799345,0.1374339945768517,2.525770264288047,0.4292463940773165,1.236569811624199
7,3,700,6910.000000000002,4872.085057799345,0.15612958470101326,4.093114355584815,0.45058413600312014,0.7050774323877488
7,0,341,3320.0000000000014,4872.085057799345,0.13757670900528043,2.3460157629036558,0.47364463262330014,1.4674954993371516
8,0,248,3110.000000000001,4979.142286285145,0.13757670900528043,2.0235083622672487,0.44570147148674305,1.6010103814421683
8,2,315,3110.000000000001,4979.142286285145,0.156272299129442,2.4993849688497543,0.6253300562540486,1.6010103814421683
8,4,700,6910.000000000002,4979.142286285145,0.1584130155558727,4.297641692341511,0.49056612448167974,0.7205705189992972
8,5,700,6910.000000000002,4979.142286285145,0.15812758669901528,4.402561409421502,0.5016369920596756,0.7205705189992972
8,1,248,3110.000000000001,4979.142286285145,0.1374339945768517,1.9437204739604843,0.42768313702118266,1.6010103814421683
8,6,396,3870.0000000000014,4979.142286285145,0.09604681033252462,0.2868192696087948,0.03544335660382339,1.2866000739754893
8,3,700,6910.000000000002,4979.142286285145,0.15612958470101326,4.043577638223025,0.45491209135190797,0.7205705189992972
9,2,560,5510.000000000002,4771.68403025546,0.156272299129442,3.8100604253457093,0.5156249742503758,0.8660043612078873
9,5,315,3110.000000000001,4771.68403025546,0.15812758669901528,2.72675745037565,0.6615542141925158,1.5343035467059354
9,3,210,3110.000000000001,4771.68403025546,0.15612958470101326,1.8922786065009725,0.4532956723815279,1.5343035467059354
9,6,440,4310.000000000002,4771.68403025546,0.09604681033252462,0.42199639427377234,0.044873102220013325,1.107119264560431
9,4,700,6910.000000000002,4771.68403025546,0.1584130155558727,4.437684538904413,0.48544599032594316,0.6905476165347987
9,1,434,4250.000000000002,4771.68403025546,0.1374339945768517,2.7340430224911816,0.42187351537873186,1.1227491835895196
9,0,620,6110.000000000002,4771.68403025546,0.13757670900528043,3.75670267394531,0.40362885704611584,0.780963016408422
10,4,630,6210.000000000002,4810.185528756959,0.1584130155558727,4.068597046856482,0.49923585425885136,0.774587041667787
10,6,440,4310.000000000002,4810.185528756959,0.09604681033252462,0.4395421084776777,0.04711595422208314,1.1160523268577627
10,2,315,3110.000000000001,4810.185528756959,0.156272299129442,2.6771769129423495,0.6470837761590947,1.5466834497610795
10,0,620,6110.000000000002,4810.185528756959,0.13757670900528043,3.68999015347155,0.39966005229129237,0.7872644073251976
10,5,490,4810.000000000001,4810.185528756959,0.15812758669901528,3.5189532201181133,0.5564650432492845,1.000038571467143
10,3,175,3110.000000000001,4810.185528756959,0.15612958470101326,1.925573230991268,0.4649932865646947,1.5466834497610795
10,1,620,6110.000000000002,4810.185528756959,0.1374339945768517,3.9352375359431906,0.42578047179973083,0.7872644073251976
11,2,665,6560.000000000001,5566.336520622237,0.156272299129442,4.209398459787991,0.5581715012414182,0.8485269086314384
11,0,620,6110.000000000002,5566.336520622237,0.13757670900528043,3.8238990177625722,0.4792692656562175,0.911020707139482
11,3,35,3110.000000000001,5566.336520622237,0.15612958470101326,1.0509982394028734,0.29369480368547785,1.7898188169203328
11,6,88,3110.000000000001,5566.336520622237,0.09604681033252462,0.5347567961487196,0.09192810951877908,1.7898188169203328
11,1,620,6110.000000000002,5566.336520622237,0.1374339945768517,4.366962027792983,0.5467664192565455,0.911020707139482
11,4,700,6910.000000000002,5566.336520622237,0.1584130155558727,4.432540309871814,0.5656332961358745,0.8055479769352005
11,5,630,6210.000000000002,5566.336520622237,0.15812758669901528,4.080074545908711,0.5783005421204548,0.8963504864125983
12,4,35,3110.000000000001,4902.578849721708,0.1584130155558727,1.107796645573086,0.2766400824192337,1.5763919130937964
12,3,700,6910.000000000002,4902.578849721708,0.15612958470101326,4.554862159302057,0.5045532212017393,0.7094904268772368
12,1,186,3110.000000000001,4902.578849721708,0.1374339945768517,3.297937869818271,0.7144977040268607,1.5763919130937964
12,6,440,4310.000000000002,4902.578849721708,0.09604681033252462,0.30930299083035945,0.033792037878376015,1.137489292278818
12,2,700,6910.000000000002,4902.578849721708,0.156272299129442,4.333034347065726,0.48041955123274777,0.7094904268772368
12,5,630,6210.000000000002,4902.578849721708,0.15812758669901528,4.1652355041814015,0.5199722798364717,0.7894651931919012
12,0,62,3110.000000000001,4902.578849721708,0.13757670900528043,1.2169218400265343,0.26391969467326803,1.5763919130937964
13,3,700,6910.000000000002,5740.759240759242,0.15612958470101326,4.639929217054723,0.6018494196113501,0.8307900493139277
13,6,154,3110.000000000001,5740.759240759242,0.09604681033252462,0.5658588645456529,0.1003228855330627,1.8459032928486303
13,0,589,5800.000000000002,5740.759240759242,0.13757670900528043,3.56342534778429,0.48523701378086515,0.9897860759929724
13,1,589,5800.000000000002,5740.759240759242,0.1374339945768517,3.455016109085827,0.4699867195849435,0.9897860759929724
13,5,700,6910.000000000002,5740.759240759242,0.15812758669901528,3.77810668095639,0.49633299369913275,0.8307900493139277
13,4,385,3760.0000000000014,5740.759240759242,0.1584130155558727,3.2178380548939436,0.7782811883890445,1.5267976704146915
13,2,700,6910.000000000002,5740.759240759242,0.156272299129442,3.949392821085113,0.5127475811282094,0.8307900493139277
14,5,700,6910.000000000002,5404.3870415299,0.15812758669901528,3.8215588733159596,0.472624895153611,0.7821110045629376
14,4,700,6910.000000000002,5404.3870415299,0.1584130155558727,3.377575666687491,0.4184700154706606,0.7821110045629376
14,6,418,4090.0000000000014,5404.3870415299,0.09604681033252462,0.31518631645037704,0.040001238447493426,1.3213660248239358
14,2,700,6910.000000000002,5404.3870415299,0.156272299129442,3.829055853233324,0.4679959552291141,0.7821110045629376
14,3,560,5510.000000000002,5404.3870415299,0.15612958470101326,3.8837583463203758,0.5947469851263707,0.9808324939255714
14,0,186,3110.000000000001,5404.3870415299,0.13757670900528043,2.1504287140736458,0.514109964878244,1.7377450294308354
14,1,341,3320.0000000000014,5404.3870415299,0.1374339945768517,2.764886193235658,0.6185570907065693,1.6278274221475595
15,2,700,6910.000000000002,5635.2090766376505,0.156272299129442,3.6182949001074616,0.4611242354508387,0.8155150617420621
15,5,525,5160.000000000001,5635.2090766376505,0.15812758669901528,3.29253571423112,0.5685890209824402,1.092094782294118
15,1,558,5490.000000000002,5635.2090766376505,0.1374339945768517,2.7135489991783905,0.38279788283323346,1.0264497407354551
15,0,620,6110.000000000002,5635.2090766376505,0.13757670900528043,2.752806429606341,0.3492926233533533,0.9222928112336577
15,6,308,3110.000000000001,5635.2090766376505,0.09604681033252462,0.5008200602877997,0.08715941520174009,1.8119643333240028
15,4,700,6910.000000000002,5635.2090766376505,0.1584130155558727,3.9509383676003598,0.510414616660466,0.8155150617420621
15,3,490,4810.000000000001,5635.2090766376505,0.15612958470101326,3.2373518681198252,0.5921613630462074,1.1715611385941058
16,5,560,5510.000000000002,4611.327244184388,0.15812758669901528,3.2090466095120407,0.4246762875858094,0.8369014962222118
16,6,440,4310.000000000002,4611.327244184388,0.09604681033252462,0.36986632298624517,0.038008121832553816,1.0699135137318763
16,1,279,3110.000000000001,4611.327244184388,0.1374339945768517,3.5979353022835117,0.7331841594413915,1.4827418791589668
16,2,700,6910.000000000002,4611.327244184388,0.156272299129442,3.0007609678435583,0.312940159503734,0.6673411351931096
16,4,70,3110.000000000001,4611.327244184388,0.1584130155558727,1.6653534822740252,0.3911675724940372,1.4827418791589668
16,0,620,6110.000000000002,4611.327244184388,0.13757670900528043,2.959871795297053,0.3073282971595668,0.7547180432380338
16,3,105,3110.000000000001,4611.327244184388,0.15612958470101326,1.9096001696083125,0.4420721982954871,1.4827418791589668
17,5,700,6910.000000000002,4496.9344940773535,0.15812758669901528,2.2368811722074446,0.230191387638961,0.6507864680285604
17,2,455,4460.000000000002,4496.9344940773535,0.156272299129442,2.929320441069063,0.461562573830271,1.0082812766989577
17,1,620,6110.000000000002,4496.9344940773535,0.1374339945768517,3.530092209273299,0.3570718144726,0.7359958255445749
17,6,440,4310.000000000002,4496.9344940773535,0.09604681033252462,0.46280677937572257,0.04637906082614932,1.043372272407738
17,3,210,3110.000000000001,4496.9344940773535,0.15612958470101326,2.4257305532633096,0.5476258435982018,1.4459596443978624
17,4,350,3410.000000000001,4496.9344940773535,0.1584130155558727,2.929105774177052,0.6119107720890214,1.3187491184977573
17,0,93,3110.000000000001,4496.9344940773535,0.13757670900528043,1.402502891092334,0.27900041797212716,1.4459596443978624
18,1,217,3110.000000000001,4420.518053375197,0.1374339945768517,2.063011385357124,0.4030032736018239,1.4213884415997415
18,6,440,4310.000000000002,4420.518053375197,0.09604681033252462,0.38184907300961507,0.03761582451913727,1.0256422397622262
18,3,700,6910.000000000002,4420.518053375197,0.15612958470101326,4.119818177435313,0.41148913747393495,0.6397276488241963
18,4,700,6910.000000000002,4420.518053375197,0.1584130155558727,3.3739357976397844,0.3419186551690818,0.6397276488241963
18,5,35,3110.000000000001,4420.518053375197,0.15812758669901528,1.6066098652679939,0.3611027965546547,1.4213884415997415
18,2,245,3110.000000000001,4420.518053375197,0.156272299129442,2.289044250717217,0.50845084046045,1.4213884415997415
18,0,279,3110.000000000001,4420.518053375197,0.13757670900528043,2.3176297723467587,0.4532123722262826,1.4213884415997415
19,0,620,6110.000000000002,4850.459540459542,0.13757670900528043,2.6334548746254614,0.2876156234095778,0.7938558986022162
19,2,315,3110.000000000001,4850.459540459542,0.156272299129442,3.1894378972737445,0.7773536627772981,1.5596332927522638
19,3,420,4110.000000000002,4850.459540459542,0.15612958470101326,3.452777535896465,0.6362017602710216,1.1801604721312748
19,1,620,6110.000000000002,4850.459540459542,0.1374339945768517,3.290508812574187,0.3590036829662912,0.7938558986022162
19,4,420,4110.000000000002,4850.459540459542,0.1584130155558727,2.2311552649021604,0.41712067766745764,1.1801604721312748
19,5,700,6910.000000000002,4850.459540459542,0.15812758669901528,3.093058067628733,0.3433211472993464,0.7019478350882113
19,6,154,3110.000000000001,4850.459540459542,0.09604681033252462,0.5311036571059924,0.07955816103015799,1.5596332927522638
20,0,279,3110.000000000001,5007.095761381476,0.13757670900528043,2.035542606545007,0.4508692554151663,1.6099986371001527
20,2,665,6560.000000000001,5007.095761381476,0.156272299129442,1.9560010037067728,0.23330988146729822,0.7632767928935176
20,5,350,3410.000000000001,5007.095761381476,0.15812758669901528,2.9585125388001265,0.6869301455589333,1.468356528264362
20,3,700,6910.000000000002,5007.095761381476,0.15612958470101326,2.6535472958474,0.3002063590104973,0.7246158844256838
20,4,700,6910.000000000002,5007.095761381476,0.1584130155558727,2.6187642825881268,0.3006042526573834,0.7246158844256838
20,1,155,3110.000000000001,5007.095761381476,0.1374339945768517,1.688870950103544,0.3736940160656872,1.6099986371001527
20,6,440,4310.000000000002,5007.095761381476,0.09604681033252462,0.4892120762414688,0.0545869391826218,1.161739155772964
21,0,155,3110.000000000001,4633.290994719568,0.13757670900528043,1.7729467847753602,0.36338734993183597,1.48980417836642
21,1,217,3110.000000000001,4633.290994719568,0.1374339945768517,2.375798523192527,0.4864441284197323,1.48980417836642
21,4,455,4460.000000000002,4633.290994719568,0.1584130155558727,2.8806722732609367,0.4740666803314061,1.038854483120979
21,2,280,3110.000000000001,4633.290994719568,0.156272299129442,2.4001650040295357,0.5587947135279582,1.48980417836642
21,6,440,4310.000000000002,4633.290994719568,0.09604681033252462,0.5350127733260203,0.055240729404859815,1.075009511535862
21,5,700,6910.000000000002,4633.290994719568,0.15812758669901528,2.532993860643542,0.2685674092244997,0.6705196808566666
21,3,700,6910.000000000002,4633.290994719568,0.15612958470101326,3.0762464311365783,0.3220459611980763,0.6705196808566666
22,5,420,4110.000000000002,4608.049093763381,0.15812758669901528,2.638667106934891,0.46780786778417466,1.1211798281662724
22,3,175,3110.000000000001,4608.049093763381,0.15612958470101326,2.316608923233882,0.5359134264149897,1.4816878114994791
22,6,440,4310.000000000002,4608.049093763381,0.09604681033252462,0.5331895961080092,0.05475256136159708,1.069152921986863
22,4,700,6910.000000000002,4608.049093763381,0.1584130155558727,2.61922990189452,0.27669641446250914,0.6668667284751636
22,0,31,3110.000000000001,4608.049093763381,0.13757670900528043,1.4295706051882575,0.29141186771735433,1.4816878114994791
22,1,341,3320.0000000000014,4608.049093763381,0.1374339945768517,3.568597569870856,0.6807235236505818,1.387966594507042
22,2,700,6910.000000000002,4608.049093763381,0.156272299129442,1.8823237654699965,0.19616222421777937,0.6668667284751636
23,6,352,3430.000000000001,4936.881689738834,0.09604681033252462,0.3907885025683271,0.054023575497596565,1.439324107795578
23,3,700,6910.000000000002,4936.881689738834,0.15612958470101326,3.48442721054299,0.3886791760045504,0.7144546584281958
23,5,700,6910.000000000002,4936.881689738834,0.15812758669901528,2.84284297374798,0.32117015921189,0.7144546584281958
23,1,217,3110.000000000001,4936.881689738834,0.1374339945768517,2.142329842394578,0.46738292026410944,1.5874217651893352
23,2,140,3110.000000000001,4936.881689738834,0.156272299129442,2.152184036521509,0.5338923992554124,1.5874217651893352
23,4,700,6910.000000000002,4936.881689738834,0.1584130155558727,1.7023064430549468,0.19266519949013308,0.7144546584281958
23,0,31,3110.000000000001,4936.881689738834,0.13757670900528043,0.9722858857602884,0.21233971415281172,1.5874217651893352
24,6,352,3430.000000000001,5372.29627515342,0.09604681033252462,0.494933530070311,0.07445530703825382,1.5662671356132414
24,2,665,6560.000000000001,5372.29627515342,0.156272299129442,2.0736678021435453,0.26538556829169685,0.8189476029197285
24,4,700,6910.000000000002,5372.29627515342,0.1584130155558727,2.070926583294542,0.2550571322041594,0.7774668994433311
24,1,620,6110.000000000002,5372.29627515342,0.1374339945768517,1.747310964142272,0.21114612563917246,0.8792628928238
24,5,175,3110.000000000001,5372.29627515342,0.15812758669901528,2.1012786358281623,0.5739721949276059,1.7274264550332534
24,3,490,4810.000000000001,5372.29627515342,0.15612958470101326,1.402745287139693,0.24461264394981336,1.1169015125059083
24,0,620,6110.000000000002,5372.29627515342,0.13757670900528043,1.8022522683116724,0.21801141936417204,0.8792628928238
25,4,630,6210.000000000002,5315.879834451265,0.1584130155558727,2.191965451577918,0.29724059435988837,0.8560192970130859
25,5,700,6910.000000000002,5315.879834451265,0.15812758669901528,1.760642913836664,0.21417857946803848,0.769302436244756
25,1,93,3110.000000000001,5315.879834451265,0.1374339945768517,1.6991092813249686,0.3991445906787185,1.7092861204023355
25,6,440,4310.000000000002,5315.879834451265,0.09604681033252462,0.34827697159553495,0.04125775486571742,1.2333827922160703
25,2,630,6210.000000000002,5315.879834451265,0.156272299129442,2.6249022077307225,0.35113869018635313,0.8560192970130859
25,3,385,3760.0000000000014,5315.879834451265,0.15612958470101326,2.1047327874054993,0.4645895973379264,1.4137978283115062
25,0,620,6110.000000000002,5315.879834451265,0.13757670900528043,1.9224458151947301,0.23010866309078826,0.8700294328070808
26,4,700,6910.000000000002,5062.984158698446,0.1584130155558727,2.232984084379546,0.25918210342235243,0.7327039303470976
26,3,700,6910.000000000002,5062.984158698446,0.15612958470101326,2.0640259231447198,0.2361178788942082,0.7327039303470976
26,5,700,6910.000000000002,5062.984158698446,0.15812758669901528,2.9381870212612147,0.3404204175622662,0.7327039303470976
26,2,105,3110.000000000001,5062.984158698446,0.156272299129442,2.0905621738898494,0.5318525787602589,1.6279691828612362
26,1,155,3110.000000000001,5062.984158698446,0.1374339945768517,1.2879349802070728,0.2881603930905928,1.6279691828612362
26,0,434,4250.000000000002,5062.984158698446,0.13757670900528043,2.2130308595540105,0.3627020622398098,1.1912903902819867
26,6,198,3110.000000000001,5062.984158698446,0.09604681033252462,0.5305751594054281,0.08296139372878647,1.6279691828612362
27,1,62,3110.000000000001,5111.869559012417,0.1374339945768517,1.531284933271895,0.3459151261973663,1.6436879610972397
27,6,220,3110.000000000001,5111.869559012417,0.09604681033252462,0.4148939650877744,0.0654997192896976,1.6436879610972397
27,5,700,6910.000000000002,5111.869559012417,0.15812758669901528,2.581726926102493,0.3020088454405723,0.739778517946804
27,4,455,4460.000000000002,5111.869559012417,0.1584130155558727,2.96925825844217,0.5391178841541606,1.1461590939489719
27,3,700,6910.000000000002,5111.869559012417,0.15612958470101326,3.0063718127779615,0.3472398910739255,0.739778517946804
27,2,700,6910.000000000002,5111.869559012417,0.156272299129442,2.094744482478618,0.2421668946416695,0.739778517946804
27,0,155,3110.000000000001,5111.869559012417,0.13757670900528043,1.7545091755102393,0.39675273975762454,1.6436879610972397
28,4,350,3410.000000000001,4795.16626230912,0.1584130155558727,2.2414426110817187,0.49930713970540724,1.4062071150466624
28,2,280,3110.000000000001,4795.16626230912,0.156272299129442,2.1389096732625967,0.5153683301619918,1.5418541036363724
28,0,620,6110.000000000002,4795.16626230912,0.13757670900528043,1.6604245381845926,0.17927780203091015,0.7848062622437182
28,6,352,3430.000000000001,4795.16626230912,0.09604681033252462,0.3196412865950893,0.04291957045038286,1.3980076566498887
28,3,700,6910.000000000002,4795.16626230912,0.15612958470101326,3.0442897507216515,0.3298350564642545,0.6939459135034903
28,5,700,6910.000000000002,4795.16626230912,0.15812758669901528,2.1906597119249613,0.24038545530234093,0.6939459135034903
28,1,217,3110.000000000001,4795.16626230912,0.1374339945768517,2.315804952484641,0.4907264070999161,1.5418541036363724
29,5,420,4110.000000000002,5539.069501926646,0.15812758669901528,2.200298352231778,0.4689042931961688,1.3477054749213244
29,2,595,5860.000000000002,5539.069501926646,0.156272299129442,1.5929468281794694,0.2353002993497203,0.9452337034004512
29,6,418,4090.0000000000014,5539.069501926646,0.09604681033252462,0.37514981944572784,0.048797907002039675,1.3542957217424558
29,4,700,6910.000000000002,5539.069501926646,0.1584130155558727,2.286537083128179,0.2903540429514534,0.8016019539691237
29,0,620,6110.000000000002,5539.069501926646,0.13757670900528043,1.7295386927683412,0.21571026038718466,0.906558019955261
29,1,620,6110.000000000002,5539.069501926646,0.1374339945768517,1.7154243111447915,0.21372795707427453,0.906558019955261
29,3,525,5160.000000000001,5539.069501926646,0.15612958470101326,2.3352550109667356,0.39138721059259496,1.0734630817687296
30,3,700,6910.000000000002,5164.846581989441,0.15612958470101326,1.6158048949053223,0.18856170749125245,0.7474452361779218
30,2,350,3410.000000000001,5164.846581989441,0.156272299129442,2.5295734331627133,0.5987318201981134,1.5146177659793079
30,0,465,4560.000000000002,5164.846581989441,0.13757670900528043,3.032068487015557,0.47247246779866314,1.1326417942959295
30,1,527,5180.000000000002,5164.846581989441,0.1374339945768517,1.3867973713107429,0.19003554701202158,0.9970746297276909
30,4,700,6910.000000000002,5164.846581989441,0.1584130155558727,1.888077198989827,0.2235578823736865,0.7474452361779218
30,5,455,4460.000000000002,5164.846581989441,0.15812758669901528,1.843401346729766,0.33755932538122646,1.1580373502218473
30,6,440,4310.000000000002,5164.846581989441,0.09604681033252462,0.45890662002514265,0.052818665581995765,1.1983402742434892
31,4,595,5860.000000000002,5732.236335093479,0.1584130155558727,1.747430314279139,0.2707803831959292,0.9781973268077606
31,2,700,6910.000000000002,5732.236335093479,0.156272299129442,1.4459347319640605,0.18744623934197188,0.8295566331539042
31,5,700,6910.000000000002,5732.236335093479,0.15812758669901528,2.1519295485947576,0.28228105518442526,0.8295566331539042
31,6,220,3110.000000000001,5732.236335093479,0.09604681033252462,0.37628271507019845,0.06661329469437778,1.843162808711729
31,3,700,6910.000000000002,5732.236335093479,0.15612958470101326,2.641995797181043,0.3421868904407022,0.8295566331539042
31,0,341,3320.0000000000014,5732.236335093479,0.13757670900528043,1.6307743977097175,0.3873689487639606,1.7265772093655052
31,1,589,5800.000000000002,5732.236335093479,0.1374339945768517,2.5540167353036156,0.3469077501787392,0.9883166094988755
32,1,620,6110.000000000002,4718.106179534752,0.1374339945768517,1.3307922874904474,0.14123129619083952,0.7721941374033963
32,3,210,3110.000000000001,4718.106179534752,0.15612958470101326,2.393316292242608,0.5668819423334628,1.5170759419725888
32,4,700,6910.000000000002,4718.106179534752,0.1584130155558727,2.102750143447869,0.22744070638600727,0.6827939478342621
32,2,700,6910.000000000002,4718.106179534752,0.156272299129442,3.1818375260664955,0.33950772789213757,0.6827939478342621
32,0,310,3110.000000000001,4718.106179534752,0.13757670900528043,1.9063084786097377,0.397873869068877,1.5170759419725888
32,6,286,3110.000000000001,4718.106179534752,0.09604681033252462,0.36767520655224156,0.05357406658277437,1.5170759419725888
32,5,315,3110.000000000001,4718.106179534752,0.15812758669901528,1.7709142504140216,0.42482737780737584,1.5170759419725888
33,4,700,6910.000000000002,5505.397459683175,0.1584130155558727,2.4321690982583855,0.3069695222769686,0.7967290100843956
33,5,245,3110.000000000001,5505.397459683175,0.15812758669901528,2.0827238967663715,0.5829987613824282,1.7702242635637213
33,2,595,5860.000000000002,5505.397459683175,0.156272299129442,1.772451503047145,0.2602240458835332,0.9394876211063435
33,3,665,6560.000000000001,5505.397459683175,0.15612958470101326,2.2577618567814075,0.295834060791951,0.8392374176346302
33,6,242,3110.000000000001,5505.397459683175,0.09604681033252462,0.4448287903705767,0.07563174555589451,1.7702242635637213
33,0,620,6110.000000000002,5505.397459683175,0.13757670900528043,2.076848689875814,0.2574525757464103,0.9010470474113214
33,1,620,6110.000000000002,5505.397459683175,0.1374339945768517,1.7832368083149006,0.22082622967197635,0.9010470474113214
34,3,385,3760.0000000000014,4828.538604252891,0.15612958470101326,1.8967154138984517,0.3802902938792,1.284185799003428
34,5,700,6910.000000000002,4828.538604252891,0.15812758669901528,1.5341203553766802,0.16951367363942985,0.6987754854200998
34,4,175,3110.000000000001,4828.538604252891,0.1584130155558727,1.9949707398291068,0.4906623228447238,1.5525847602099323
34,0,620,6110.000000000002,4828.538604252891,0.13757670900528043,1.452300934915574,0.1578977825676789,0.7902681840021095
34,2,700,6910.000000000002,4828.538604252891,0.156272299129442,1.8740783109316361,0.20464794914699666,0.6987754854200998
34,6,330,3210.000000000001,4828.538604252891,0.09604681033252462,0.2935403551042457,0.04240933255808005,1.5042176337236415
34,1,279,3110.000000000001,4828.538604252891,0.1374339945768517,1.476711738823682,0.31509768741354216,1.5525847602099323
35,4,420,4110.000000000002,5117.746539175112,0.1584130155558727,1.8635033228240754,0.3675851720767205,1.2451938051520948
35,6,110,3110.000000000001,5117.746539175112,0.09604681033252462,0.4229394479906567,0.06684663114405257,1.6455776653296175
35,0,620,6110.000000000002,5117.746539175112,0.13757670900528043,1.7045802802158188,0.19642643715758415,0.8376017249059101
35,2,700,6910.000000000002,5117.746539175112,0.156272299129442,2.476170756828226,0.2865915081749938,0.7406290215882939
35,3,175,3110.000000000001,5117.746539175112,0.15612958470101326,2.0984154511797253,0.5391319431074721,1.6455776653296175
35,5,700,6910.000000000002,5117.746539175112,0.15812758669901528,1.4656434830529883,0.17164719473764517,0.7406290215882939
35,1,496,4870.000000000001,5117.746539175112,0.1374339945768517,1.746574874266366,0.252250008718591,1.0508719792967374
36,2,700,6910.000000000002,5214.061652633082,0.156272299129442,2.5106481220602896,0.29605061334481825,0.7545675329425587
36,3,700,6910.000000000002,5214.061652633082,0.15612958470101326,1.6498372664497682,0.1943678489619603,0.7545675329425587
36,4,700,6910.000000000002,5214.061652633082,0.1584130155558727,1.6601231110172538,0.19844002430283267,0.7545675329425587
36,5,420,4110.000000000002,5214.061652633082,0.15812758669901528,1.9398439834170005,0.3891426080918159,1.2686281393267835
36,0,434,4250.000000000002,5214.061652633082,0.13757670900528043,1.666003340376179,0.28119527334938493,1.226838035913666
36,6,88,3110.000000000001,5214.061652633082,0.09604681033252462,0.35069968203231894,0.056472120022994746,1.6765471551874858
36,1,155,3110.000000000001,5214.061652633082,0.1374339945768517,1.620374571267119,0.3733579143453085,1.6765471551874858
37,5,700,6910.000000000002,4977.686599115171,0.15812758669901528,1.5451239585105736,0.17600316258174017,0.720359855154149
37,3,700,6910.000000000002,4977.686599115171,0.15612958470101326,2.070110252992606,0.23282423408973402,0.720359855154149
37,2,175,3110.000000000001,4977.686599115171,0.156272299129442,1.9750995284519537,0.4940127381984074,1.6005423148280287
37,6,66,3110.000000000001,4977.686599115171,0.09604681033252462,0.42665388608476035,0.06558821518004747,1.6005423148280287
37,4,700,6910.000000000002,4977.686599115171,0.1584130155558727,1.5185370162047074,0.17328690546507416,0.720359855154149
37,1,279,3110.000000000001,4977.686599115171,0.1374339945768517,4.41716523333253,0.9716390826940355,1.6005423148280287
37,0,372,3630.000000000001,4977.686599115171,0.13757670900528043,2.631590225949347,0.4964598200538535,1.371263525927044
38,0,31,3110.000000000001,5017.412587412588,0.13757670900528043,1.4377341471004308,0.31911184875584114,1.613315944505655
38,6,418,4090.0000000000014,5017.412587412588,0.09604681033252462,0.3631504757926881,0.04278840238040201,1.226751243866158
38,5,35,3110.000000000001,5017.412587412588,0.15812758669901528,1.7610175751271573,0.4492527654656942,1.613315944505655
38,2,700,6910.000000000002,5017.412587412588,0.156272299129442,1.55966792540889,0.17697662564513458,0.7261089127948751
38,3,700,6910.000000000002,5017.412587412588,0.15612958470101326,1.6762116002165113,0.19002721961127747,0.7261089127948751
38,4,455,4460.000000000002,5017.412587412588,0.1584130155558727,2.0371450067032715,0.3630427442163743,1.1249804007651538
38,1,620,6110.000000000002,5017.412587412588,0.1374339945768517,1.2089745213552585,0.13644257995921658,0.821180456205006
39,2,350,3410.000000000001,5450.015698587127,0.156272299129442,2.1032322474651015,0.5253062981958609,1.5982450728994504
39,6,396,3870.0000000000014,5450.015698587127,0.09604681033252462,0.33959381473112854,0.04593349659645883,1.4082727903325905
39,5,700,6910.000000000002,5450.015698587127,0.15812758669901528,2.3694171924581493,0.29550775608725066,0.7887142834424206
39,0,620,6110.000000000002,5450.015698587127,0.13757670900528043,1.6670828880970516,0.2045778702517917,0.8919829293923283
39,3,525,5160.000000000001,5450.015698587127,0.15612958470101326,2.821064795777238,0.4652070819973733,1.056204592749443
39,1,527,5180.000000000002,5450.015698587127,0.1374339945768517,1.3794713859461143,0.1994687469981539,1.0521265827388273
39,4,700,6910.000000000002,5450.015698587127,0.1584130155558727,1.4970411028798927,0.18704421975501065,0.7887142834424206
40,0,620,6110.000000000002,5397.329813044101,0.13757670900528043,1.3437336334107388,0.1633036346581529,0.8833600348681013
40,3,595,5860.000000000002,5397.329813044101,0.15612958470101326,2.412089171675239,0.34686454045749354,0.9210460431815869
40,1,620,6110.000000000002,5397.329813044101,0.1374339945768517,1.4524121296201138,0.17632820390665138,0.8833600348681013
40,5,700,6910.000000000002,5397.329813044101,0.15812758669901528,2.4573879615483185,0.30351648153882693,0.7810896979803328
40,6,374,3650.000000000001,5397.329813044101,0.09604681033252462,0.5620820021451879,0.07983047600945697,1.4787204967244107
40,4,560,5510.000000000002,5397.329813044101,0.1584130155558727,2.336520117271745,0.3625665584966802,0.9795516902076404
40,2,35,3110.000000000001,5397.329813044101,0.156272299129442,1.116645446641179,0.3028418351025748,1.7354758241299355
41,6,440,4310.000000000002,4238.871128871129,0.09604681033252462,0.37651542738518956,0.035566298209082296,0.9834967816406328
41,5,700,6910.000000000002,4238.871128871129,0.15812758669901528,1.5418928749985643,0.1495663896232156,0.6134401054806263
41,2,140,3110.000000000001,4238.871128871129,0.156272299129442,1.866225970462658,0.39749901305985297,1.3629810703765686
41,3,245,3110.000000000001,4238.871128871129,0.15612958470101326,2.2072779145538735,0.4697124230011895,1.3629810703765686
41,4,70,3110.000000000001,4238.871128871129,0.1584130155558727,1.4802710820196705,0.3196111638131445,1.3629810703765686
41,0,620,6110.000000000002,4238.871128871129,0.13757670900528043,2.357831581698148,0.2250436172791061,0.6937595955599227
41,1,155,3110.000000000001,4238.871128871129,0.1374339945768517,2.4829888955938375,0.4651133136480072,1.3629810703765686
42,5,595,5860.000000000002,4853.946053946055,0.15812758669901528,2.077449770615308,0.27210436226170304,0.8283184392399409
42,3,280,3110.000000000001,4853.946053946055,0.15612958470101326,0.9716671567607766,0.2367757845127266,1.560754358182011
42,1,341,3320.0000000000014,4853.946053946055,0.1374339945768517,1.3246451582016325,0.26616478020283896,1.4620319439596545
42,6,440,4310.000000000002,4853.946053946055,0.09604681033252462,0.5344820934006611,0.057814101643016154,1.1262055809619613
42,2,700,6910.000000000002,4853.946053946055,0.156272299129442,1.34405427247828,0.14754201330492708,0.702452395650659
42,4,420,4110.000000000002,4853.946053946055,0.1584130155558727,2.1442525659231992,0.4011621250469912,1.1810087722496478
42,0,620,6110.000000000002,4853.946053946055,0.13757670900528043,1.3721082515159964,0.1499640040446742,0.7944265227407616
43,0,248,3110.000000000001,5067.185671471388,0.13757670900528043,1.137622853740176,0.2550055621891304,1.6293201515985165
43,4,630,6210.000000000002,5067.185671471388,0.1584130155558727,2.5342577878536408,0.3275796155299424,0.8159719277731701
43,1,279,3110.000000000001,5067.185671471388,0.1374339945768517,1.9465760976824964,0.4358850610901744,1.6293201515985165
43,3,420,4110.000000000002,5067.185671471388,0.15612958470101326,2.317098602204387,0.4460203927843179,1.2328918908689501
43,5,700,6910.000000000002,5067.185671471388,0.15812758669901528,2.0086296310254097,0.23291436718072694,0.7333119640334858
43,6,440,4310.000000000002,5067.185671471388,0.09604681033252462,0.2757527276122226,0.031138114515976815,1.1756811302717831
43,2,700,6910.000000000002,5067.185671471388,0.156272299129442,2.540556973131596,0.29113854744657874,0.7333119640334858
44,2,700,6910.000000000002,5074.875124875126,0.156272299129442,1.3790203115890207,0.15827050113828342,0.7344247648155028
44,4,700,6910.000000000002,5074.875124875126,0.1584130155558727,2.4727252046852577,0.2876828879497379,0.7344247648155028
44,5,385,3760.0000000000014,5074.875124875126,0.15812758669901528,1.98350764165859,0.42332998985981396,1.3497008310838097
44,3,700,6910.000000000002,5074.875124875126,0.15612958470101326,1.2165054662409083,0.13949112667178298,0.7344247648155028
44,6,396,3870.0000000000014,5074.875124875126,0.09604681033252462,0.4377449346190566,0.055133869160145926,1.3113372415697995
44,0,31,3110.000000000001,5074.875124875126,0.13757670900528043,0.9191259942741826,0.20634071751626012,1.631792644654381
44,1,217,3110.000000000001,5074.875124875126,0.1374339945768517,1.0033790454761358,0.22502157899223416,1.631792644654381
45,4,560,5510.000000000002,5459.570429570431,0.1584130155558727,1.5594649086419332,0.2447785410416241,0.9908476278712213
45,1,620,6110.000000000002,5459.570429570431,0.1374339945768517,1.8150475771402816,0.22289454799217728,0.8935467151506431
45,3,350,3410.000000000001,5459.570429570431,0.15612958470101326,2.425596640276837,0.606328358123023,1.6010470467948474
45,2,700,6910.000000000002,5459.570429570431,0.156272299129442,2.4216387825869217,0.2990004145104674,0.7900970230926815
45,5,700,6910.000000000002,5459.570429570431,0.15812758669901528,1.555073688130358,0.19428489704340812,0.7900970230926815
45,6,352,3430.000000000001,5459.570429570431,0.09604681033252462,0.2493630456114013,0.03812232619783607,1.591711495501583
45,0,527,5180.000000000002,5459.570429570431,0.13757670900528043,1.7050150381000748,0.24723038393929953,1.0539711253996966
46,2,385,3760.0000000000014,4818.056229484802,0.156272299129442,2.106643233219799,0.42184898994101405,1.2813979333736172
46,1,620,6110.000000000002,4818.056229484802,0.1374339945768517,1.6974475107253388,0.1839590580988467,0.7885525743837645
46,3,700,6910.000000000002,4818.056229484802,0.15612958470101326,1.5789991999030486,0.17189408447661855,0.6972584992018526
46,6,22,3110.000000000001,4818.056229484802,0.09604681033252462,0.3128915519312588,0.04655735069705845,1.5492142216992928
46,5,700,6910.000000000002,4818.056229484802,0.15812758669901528,1.9606704259401007,0.21617529376786934,0.6972584992018526
46,0,186,3110.000000000001,4818.056229484802,0.13757670900528043,1.420689158393033,0.30279971203650813,1.5492142216992928
46,4,315,3110.000000000001,4818.056229484802,0.1584130155558727,1.8275869452942386,0.44851852327906383,1.5492142216992928
47,2,140,3110.000000000001,4520.509490509491,0.156272299129442,2.6886624983647582,0.610724422706148,1.4535400291027298
47,0,496,4870.000000000001,4520.509490509491,0.13757670900528043,5.757536367856703,0.7352584602932174,0.9282360350122156
47,1,620,6110.000000000002,4520.509490509491,0.1374339945768517,1.1384458435566587,0.11575845469331898,0.739854253765874
47,6,440,4310.000000000002,4520.509490509491,0.09604681033252462,0.3518294796435288,0.03544257670373816,1.0488421091669349
47,4,350,3410.000000000001,4520.509490509491,0.1584130155558727,1.2401163643243414,0.2604271786710727,1.3256626071875337
47,3,700,6910.000000000002,4520.509490509491,0.15612958470101326,2.2582552892041305,0.23065749893529117,0.6541981896540506
47,5,105,3110.000000000001,4520.509490509491,0.15812758669901528,1.7471015258066425,0.40156216054722177,1.4535400291027298
48,3,315,3110.000000000001,5518.5657199942925,0.15612958470101326,1.6087157077864422,0.4456873798630416,1.7744584308663314
48,1,558,5490.000000000002,5518.5657199942925,0.1374339945768517,1.702415576608683,0.2351871711243085,1.005203227685663
48,2,700,6910.000000000002,5518.5657199942925,0.156272299129442,1.367314924037419,0.17064702733097584,0.7986346917502593
48,5,700,6910.000000000002,5518.5657199942925,0.15812758669901528,1.375862505280556,0.1737524151273566,0.7986346917502593
48,4,700,6910.000000000002,5518.5657199942925,0.1584130155558727,1.4261072814054025,0.18042272177646415,0.7986346917502593
48,6,132,3110.000000000001,5518.5657199942925,0.09604681033252462,0.6808644522726233,0.11604045872743073,1.7744584308663314
48,0,527,5180.000000000002,5518.5657199942925,0.13757670900528043,1.689432599161775,0.24761801943693165,1.0653601776050754
49,4,70,3110.000000000001,4563.0255458826905,0.1584130155558727,2.0268035772632556,0.47108039936581125,1.4672107864574564
49,2,700,6910.000000000002,4563.0255458826905,0.156272299129442,1.482438531246165,0.15297960986012923,0.6603510196646439
49,1,341,3320.0000000000014,4563.0255458826905,0.1374339945768517,1.1660594392358337,0.22025697735605504,1.3744052849044244
49,3,175,3110.000000000001,4563.0255458826905,0.15612958470101326,1.5691336421602886,0.35944930595931346,1.4672107864574564
49,0,403,3940.000000000001,4563.0255458826905,0.13757670900528043,1.294811325505348,0.20630420695278182,1.1581283111377385
49,5,700,6910.000000000002,4563.0255458826905,0.15812758669901528,1.976956962128962,0.20643327882384394,0.6603510196646439
49,6,440,4310.000000000002,4563.0255458826905,0.09604681033252462,0.19134812115567798,0.019457309135620087,1.0587066231746378
50,1,465,4560.000000000002,4936.409304980734,0.1374339945768517,1.8089169015843152,0.2691281374826856,1.0825459002150728
50,5,315,3110.000000000001,4936.409304980734,0.15812758669901528,2.432425198645594,0.6105172087335814,1.5872698729841586
50,6,440,4310.000000000002,4936.409304980734,0.09604681033252462,0.5037111986524229,0.05541131351704976,1.1453385858423972
50,0,93,3110.000000000001,4936.409304980734,0.13757670900528043,1.6683689738220508,0.3643240108518831,1.5872698729841586
50,3,700,6910.000000000002,4936.409304980734,0.15612958470101326,1.5512489913199035,0.1730214038777501,0.7143862959451133
50,4,525,5160.000000000001,4936.409304980734,0.1584130155558727,2.2987118071156143,0.34836687158542456,0.9566684699575064
50,2,700,6910.000000000002,4936.409304980734,0.156272299129442,1.6956308523757437,0.18929817483819955,0.7143862959451133
51,4,280,3110.000000000001,4921.678321678323,0.1584130155558727,1.8374598181671633,0.46063989437165653,1.5825332224046051
51,0,620,6110.000000000002,4921.678321678323,0.13757670900528043,1.4577575132370235,0.1615482358025541,0.8055120002746844
51,3,700,6910.000000000002,4921.678321678323,0.15612958470101326,2.573632139009035,0.2861981706560899,0.712254460445488
51,2,525,5160.000000000001,4921.678321678323,0.156272299129442,1.9128672650611087,0.2851217580596535,0.953813628232233
51,6,396,3870.0000000000014,4921.678321678323,0.09604681033252462,0.3477258568878295,0.042473905138624174,1.271751504309644
51,5,245,3110.000000000001,4921.678321678323,0.15812758669901528,2.0891779998737428,0.5228004139128355,1.5825332224046051
51,1,620,6110.000000000002,4921.678321678323,0.1374339945768517,1.2701691596915405,0.1406137362625182,0.8055120002746844
52,0,310,3110.000000000001,4577.7351220208375,0.13757670900528043,1.9663081545298766,0.39818671614641327,1.471940553704449
52,1,434,4250.000000000002,4577.7351220208375,0.1374339945768517,2.7057674203610653,0.40054043266900896,1.0771141463578437
52,4,700,6910.000000000002,4577.7351220208375,0.1584130155558727,1.068373144060166,0.11212086412939415,0.6624797571665465
52,3,105,3110.000000000001,4577.7351220208375,0.15612958470101326,1.994501271031713,0.45836325273866574,1.471940553704449
52,5,70,3110.000000000001,4577.7351220208375,0.15812758669901528,1.0178276381601519,0.23690386887917414,1.471940553704449
52,2,700,6910.000000000002,4577.7351220208375,0.156272299129442,2.1583944978799834,0.22345261392800483,0.6624797571665465
52,6,440,4310.000000000002,4577.7351220208375,0.09604681033252462,0.48349378627087364,0.049322744393261765,1.0621195178702634
53,3,700,6910.000000000002,5413.582132153561,0.15612958470101326,1.7407478717271851,0.21292554133923736,0.7834416978514559
53,2,700,6910.000000000002,5413.582132153561,0.156272299129442,1.4164556611642303,0.1734169999692626,0.7834416978514559
53,6,264,3110.000000000001,5413.582132153561,0.09604681033252462,0.32116221480173546,0.05369473854381684,1.7407016502101478
53,1,620,6110.000000000002,5413.582132153561,0.1374339945768517,1.2189969944492585,0.1484363696955913,0.8860199888958363
53,5,595,5860.000000000002,5413.582132153561,0.15812758669901528,2.011132348423461,0.293788917145214,0.9238194764767167
53,0,93,3110.000000000001,5413.582132153561,0.13757670900528043,1.576711457316668,0.3775908667293766,1.7407016502101478
53,4,490,4810.000000000001,5413.582132153561,0.1584130155558727,2.557549078492515,0.4559891315310914,1.125484850759576
54,5,700,6910.000000000002,4966.315113457971,0.15812758669901528,2.20778513109434,0.2509115607054583,0.7187141987638161
54,3,175,3110.000000000001,4966.315113457971,0.15612958470101326,2.121354637926192,0.5288985367262359,1.5968858885716943
54,0,341,3320.0000000000014,4966.315113457971,0.13757670900528043,0.9967358417492221,0.20512622150243273,1.4958780462222798
54,6,352,3430.000000000001,4966.315113457971,0.09604681033252462,0.3667549725210655,0.05100339782986467,1.4479052808915365
54,1,62,3110.000000000001,4966.315113457971,0.1374339945768517,1.7352593581108227,0.38083113575651784,1.5968858885716943
54,4,700,6910.000000000002,4966.315113457971,0.1584130155558727,1.469883010468851,0.16735159512797051,0.7187141987638161
54,2,700,6910.000000000002,4966.315113457971,0.156272299129442,2.335559647729809,0.26231866270402987,0.7187141987638161
55,2,490,4810.000000000001,5389.260739260741,0.156272299129442,1.2686617819771333,0.2221324354483021,1.120428428120736
55,6,154,3110.000000000001,5389.260739260741,0.09604681033252462,0.4897591661611778,0.08151439815494335,1.7328812666433244
55,3,420,4110.000000000002,5389.260739260741,0.15612958470101326,1.0409111904503934,0.21310137697047823,1.3112556543213474
55,1,496,4870.000000000001,5389.260739260741,0.1374339945768517,0.9472493803582394,0.1440650831042567,1.1066243817783858
55,5,700,6910.000000000002,5389.260739260741,0.15812758669901528,2.203734611638198,0.27178036905940745,0.7799219593720317
55,0,620,6110.000000000002,5389.260739260741,0.13757670900528043,1.5118377495210351,0.18345860512719658,0.8820394008610047
55,4,700,6910.000000000002,5389.260739260741,0.1584130155558727,2.7618147880393153,0.3412216356515492,0.7799219593720317
56,1,620,6110.000000000002,4873.572142143572,0.1374339945768517,1.3738323306696603,0.15060316229627047,0.7976386484686695
56,6,110,3110.000000000001,4873.572142143572,0.09604681033252462,0.2116923902563345,0.031862159220283584,1.567064997473817
56,4,700,6910.000000000002,4873.572142143572,0.1584130155558727,1.3460758393355952,0.15039373403310174,0.7052926399628902
56,2,385,3760.0000000000014,4873.572142143572,0.156272299129442,1.8041059490476585,0.36542949230692556,1.2961628037615878
56,0,155,3110.000000000001,4873.572142143572,0.13757670900528043,1.169083412247785,0.2520446161638603,1.567064997473817
56,3,350,3410.000000000001,4873.572142143572,0.15612958470101326,1.5501753016034834,0.3459067507639037,1.4292000416843316
56,5,700,6910.000000000002,4873.572142143572,0.15812758669901528,1.5240640370585299,0.16997310577591235,0.7052926399628902
57,6,440,4310.000000000002,4485.924075924077,0.09604681033252462,0.42731026752137186,0.04271701760674051,1.0408176510264677
57,3,70,3110.000000000001,4485.924075924077,0.15612958470101326,1.2485463079441235,0.28117803341938946,1.4424193170173878
57,1,620,6110.000000000002,4485.924075924077,0.1374339945768517,0.8713939293891021,0.0879264235456994,0.7341937931135968
57,2,210,3110.000000000001,4485.924075924077,0.156272299129442,2.6952261100549197,0.6075314106373297,1.4424193170173878
57,5,35,3110.000000000001,4485.924075924077,0.15812758669901528,1.8904762391745973,0.43119170342351754,1.4424193170173878
57,4,595,5860.000000000002,4485.924075924077,0.1584130155558727,1.6522536261619878,0.20036500789453204,0.7655160539119583
57,0,620,6110.000000000002,4485.924075924077,0.13757670900528043,0.862417799462162,0.08711106761811288,0.7341937931135968
58,0,620,6110.000000000002,5501.087483944628,0.13757670900528043,1.4138890800208455,0.17513284309808178,0.9003416504001025
58,4,525,5160.000000000001,5501.087483944628,0.1584130155558727,1.3397727078134225,0.2262668015941465,1.066102225570664
58,6,264,3110.000000000001,5501.087483944628,0.09604681033252462,0.2888511665186228,0.049073296767802886,1.7688384192747995
58,2,525,5160.000000000001,5501.087483944628,0.156272299129442,1.6284975818545724,0.27131135457471195,1.066102225570664
58,1,620,6110.000000000002,5501.087483944628,0.1374339945768517,1.4053299477718568,0.173892083974006,0.9003416504001025
58,3,525,5160.000000000001,5501.087483944628,0.15612958470101326,1.3135955343456986,0.21864810506582058,1.066102225570664
58,5,700,6910.000000000002,5501.087483944628,0.15812758669901528,1.5247048201470503,0.19193930609241178,0.7961052798762122
59,4,490,4810.000000000001,5095.862708719853,0.1584130155558727,1.6383781937698687,0.2749651559565158,1.0594309165737739
59,2,700,6910.000000000002,5095.862708719853,0.156272299129442,1.2105272905656272,0.13950708297862485,0.7374620417829019
59,6,418,4090.0000000000014,5095.862708719853,0.09604681033252462,0.30288515329543325,0.03624560417347871,1.2459322026209905
59,0,620,6110.000000000002,5095.862708719853,0.13757670900528043,1.1570901855461513,0.1327665392585659,0.8340200832602048
59,5,350,3410.000000000001,5095.862708719853,0.15812758669901528,1.833632512825846,0.4332946071237057,1.494387891120191
59,3,420,4110.000000000002,5095.862708719853,0.15612958470101326,1.6959823333491673,0.32830872572387293,1.239869272194611
59,1,620,6110.000000000002,5095.862708719853,0.1374339945768517,1.009808724442033,0.11574701419264916,0.8340200832602048
60,6,396,3870.0000000000014,4765.184815184816,0.09604681033252462,0.30172460659731043,0.03568309043252807,1.2313139057325102
60,3,175,3110.000000000001,4765.184815184816,0.15612958470101326,2.13068271503419,0.50971022684736,1.532213766940455
60,2,420,4110.000000000002,4765.184815184816,0.156272299129442,1.862212061992068,0.3374030967746946,1.1594123637919256
60,1,620,6110.000000000002,4765.184815184816,0.1374339945768517,1.5352313414826293,0.16455327736113246,0.7798993150875311
60,5,700,6910.000000000002,4765.184815184816,0.15812758669901528,1.5820553289092902,0.17251664856441165,0.6896070644261671
60,0,620,6110.000000000002,4765.184815184816,0.13757670900528043,1.9140670885425877,0.20537170620466028,0.7798993150875311
60,4,105,3110.000000000001,4765.184815184816,0.1584130155558727,1.2409030420267637,0.3011952168002261,1.532213766940455
61,3,700,6910.000000000002,5044.996432139291,0.15612958470101326,3.159000092515131,0.3600954710015635,0.7301007861272488
61,4,700,6910.000000000002,5044.996432139291,0.1584130155558727,1.8056723611282364,0.2088394918633149,0.7301007861272488
61,5,35,3110.000000000001,5044.996432139291,0.15812758669901528,1.7672276687432498,0.45331555308334215,1.6221853479547554
61,1,620,6110.000000000002,5044.996432139291,0.1374339945768517,1.4962233452116112,0.1697892732719671,0.8256949970768067
61,0,558,5490.000000000002,5044.996432139291,0.13757670900528043,1.2867914304816728,0.16268278381422646,0.9189428838140782
61,2,315,3110.000000000001,5044.996432139291,0.156272299129442,1.2177965466659284,0.30871463218161105,1.6221853479547554
61,6,308,3110.000000000001,5044.996432139291,0.09604681033252462,0.5476929379618093,0.0853336971601512,1.6221853479547554
62,0,310,3110.000000000001,5281.400028542887,0.13757670900528043,1.3390080942813627,0.31283604963763395,1.69819936609096
62,1,310,3110.000000000001,5281.400028542887,0.1374339945768517,2.083938690861605,0.48637112306739544,1.69819936609096
62,2,700,6910.000000000002,5281.400028542887,0.156272299129442,1.922660816159091,0.2296443121449214,0.7643125945792889
62,3,560,5510.000000000002,5281.400028542887,0.15612958470101326,2.1882825351719144,0.32748096641305874,0.9585118019134093
62,4,700,6910.000000000002,5281.400028542887,0.1584130155558727,1.4531650733024295,0.17594495903465654,0.7643125945792889
62,6,66,3110.000000000001,5281.400028542887,0.09604681033252462,0.22591218148648082,0.03684777514531155,1.69819936609096
62,5,700,6910.000000000002,5281.400028542887,0.15812758669901528,1.1803839342744147,0.14265991103249967,0.7643125945792889
63,4,245,3110.000000000001,4769.8044812330545,0.1584130155558727,1.9529908478320896,0.4744945817872652,1.533699190107091
63,0,620,6110.000000000002,4769.8044812330545,0.13757670900528043,0.6078284856496137,0.06528077966981377,0.7806553979104833
63,5,700,6910.000000000002,4769.8044812330545,0.15812758669901528,1.9275025181302403,0.21039001611600516,0.69027561233474
63,2,385,3760.0000000000014,4769.8044812330545,0.156272299129442,1.9360123601406583,0.38379813469501745,1.2685650216045352
63,1,217,3110.000000000001,4769.8044812330545,0.1374339945768517,0.5137065711299873,0.108280307131047,1.533699190107091
63,3,595,5860.000000000002,4769.8044812330545,0.15612958470101326,1.9501599913393466,0.2478325857759534,0.8139598090841388
63,6,440,4310.000000000002,4769.8044812330545,0.09604681033252462,0.4199248524720269,0.044635235669460864,1.1066831743000123
64,6,22,3110.000000000001,4915.70857713715,0.09604681033252462,0.3368554061461662,0.0511389972096677,1.580613690397797
64,0,620,6110.000000000002,4915.70857713715,0.13757670900528043,2.22398286526634,0.24616214711014378,0.8045349553415956
64,4,420,4110.000000000002,4915.70857713715,0.1584130155558727,1.2197936380377945,0.2311114868521149,1.1960361501550238
64,5,350,3410.000000000001,4915.70857713715,0.15812758669901528,2.1582860781378375,0.49198107999789886,1.4415567674889
64,3,700,6910.000000000002,4915.70857713715,0.15612958470101326,1.7749646630207514,0.19714374246448904,0.7113905321471996
64,2,700,6910.000000000002,4915.70857713715,0.156272299129442,1.2030818388870643,0.13374737082814867,0.7113905321471996
64,1,186,3110.000000000001,4915.70857713715,0.1374339945768517,1.8720521783911095,0.4066659945938002,1.580613690397797
65,4,210,3110.000000000001,4431.100328243187,0.1584130155558727,1.8306253112532391,0.41318211891548084,1.4247911023289985
65,6,440,4310.000000000002,4431.100328243187,0.09604681033252462,0.3313725062984661,0.03272153980664091,1.0280975239543353
65,2,700,6910.000000000002,4431.100328243187,0.156272299129442,1.9851839889668208,0.19893733763696972,0.6412590923651499
65,1,465,4560.000000000002,4431.100328243187,0.1374339945768517,0.6042056317482114,0.08069110806357623,0.9717325281235054
65,3,70,3110.000000000001,4431.100328243187,0.15612958470101326,1.7183516623048989,0.3822508380308184,1.4247911023289985
65,0,620,6110.000000000002,4431.100328243187,0.13757670900528043,1.1791535422844905,0.11764829822803681,0.7252210029857914
65,5,280,3110.000000000001,4431.100328243187,0.15812758669901528,1.6569729506889177,0.37331398189968135,1.4247911023289985
66,1,434,4250.000000000002,4679.219352076497,0.1374339945768517,2.0078987882297383,0.30382286986359525,1.100992788723881
66,2,700,6910.000000000002,4679.219352076497,0.156272299129442,1.422112831130471,0.15049130689213375,0.6771663317042685
66,5,175,3110.000000000001,4679.219352076497,0.15812758669901528,1.5794809789312816,0.3757812083570997,1.504572138931349
66,4,700,6910.000000000002,4679.219352076497,0.1584130155558727,1.0033645677289413,0.10763288441516504,0.6771663317042685
66,6,440,4310.000000000002,4679.219352076497,0.09604681033252462,0.45187825787796176,0.04711948409983786,1.085665742941182
66,0,279,3110.000000000001,4679.219352076497,0.13757670900528043,1.3152669099000471,0.2722524683558952,1.504572138931349
66,3,385,3760.0000000000014,4679.219352076497,0.15612958470101326,1.0970434969576695,0.21315455191355734,1.244473231935238
67,2,385,3760.0000000000014,4601.2444698159,0.156272299129442,2.2029512601897046,0.4212834068297932,1.2237352313340155
67,5,490,4810.000000000001,4601.2444698159,0.15812758669901528,1.3403331453338028,0.2027452239986727,0.9565996818744072
67,3,700,6910.000000000002,4601.2444698159,0.15612958470101326,2.170701891151709,0.22567458382170033,0.6658819782656872
67,1,620,6110.000000000002,4601.2444698159,0.1374339945768517,0.797661989450639,0.082555719204472,0.7530678346670865
67,6,440,4310.000000000002,4601.2444698159,0.09604681033252462,0.2348526284849257,0.024081104939461223,1.0675741229271225
67,0,310,3110.000000000001,4601.2444698159,0.13757670900528043,2.406497344341545,0.48982982216571513,1.4794998295227968
67,4,245,3110.000000000001,4601.2444698159,0.1584130155558727,1.5491272603056647,0.36307209996571954,1.4794998295227968
68,1,620,6110.000000000002,4238.442985585844,0.1374339945768517,1.8070801026493266,0.17228073222086657,0.6936895230091397
68,4,140,3110.000000000001,4238.442985585844,0.1584130155558727,1.0804309838092443,0.2332565499937294,1.3628434037253514
68,5,700,6910.000000000002,4238.442985585844,0.15812758669901528,1.2699460748050768,0.12317461716235958,0.6133781455261712
68,2,140,3110.000000000001,4238.442985585844,0.156272299129442,2.1039346414046727,0.448084790275274,1.3628434037253514
68,3,140,3110.000000000001,4238.442985585844,0.15612958470101326,1.4779263659074258,0.3144734302371592,1.3628434037253514
68,0,93,3110.000000000001,4238.442985585844,0.13757670900528043,1.4763497606306393,0.2768089518601053,1.3628434037253514
68,6,440,4310.000000000002,4238.442985585844,0.09604681033252462,0.3660362029291932,0.034572920191179586,0.9833974444514716
69,2,700,6910.000000000002,4569.058084772371,0.156272299129442,1.015000431094838,0.10488100980447575,0.661224035422919
69,4,70,3110.000000000001,4569.058084772371,0.1584130155558727,1.5465918215240266,0.3599422778064687,1.4691505095731092
69,0,62,3110.000000000001,4569.058084772371,0.13757670900528043,0.8431149389461805,0.17041114363678445,1.4691505095731092
69,6,440,4310.000000000002,4569.058084772371,0.09604681033252462,0.5177405787684866,0.052716256268769995,1.0601062841699234
69,1,434,4250.000000000002,4569.058084772371,0.1374339945768517,1.0673218806673763,0.1576984161453595,1.0750724905346751
69,5,35,3110.000000000001,4569.058084772371,0.15812758669901528,1.7248432228126527,0.4007038909803992,1.4691505095731092
69,3,700,6910.000000000002,4569.058084772371,0.15612958470101326,1.3207299939337676,0.13634771905587448,0.661224035422919
70,3,700,6910.000000000002,4935.0078492935645,0.15612958470101326,2.359537626455647,0.2631006446054413,0.714183480360863
70,0,310,3110.000000000001,4935.0078492935645,0.13757670900528043,1.662178838676312,0.36286921409452094,1.5868192441458402
70,6,198,3110.000000000001,4935.0078492935645,0.09604681033252462,0.24006249966971355,0.036587667981471436,1.5868192441458402
70,2,315,3110.000000000001,4935.0078492935645,0.156272299129442,2.73717130202613,0.6787524940422112,1.5868192441458402
70,4,700,6910.000000000002,4935.0078492935645,0.1584130155558727,0.9985212931385392,0.11296866386562061,0.714183480360863
70,1,341,3320.0000000000014,4935.0078492935645,0.1374339945768517,1.4670729865468148,0.29970614953220454,1.486448147377579
70,5,700,6910.000000000002,4935.0078492935645,0.15812758669901528,1.5108275731379457,0.17062094599756905,0.714183480360863
71,2,700,6910.000000000002,4964.252889967177,0.156272299129442,1.2959631387493398,0.14549581468202955,0.7184157583165233
71,1,465,4560.000000000002,4964.252889967177,0.1374339945768517,0.7184298344635895,0.1074898813229833,1.088651949554205
71,6,220,3110.000000000001,4964.252889967177,0.09604681033252462,0.520094260972005,0.07973674748914938,1.5962227942016642
71,5,700,6910.000000000002,4964.252889967177,0.15812758669901528,2.2292703303998147,0.253248119291656,0.7184157583165233
71,0,620,6110.000000000002,4964.252889967177,0.13757670900528043,0.7483916248809247,0.08365396343948862,0.8124800147245786
71,3,140,3110.000000000001,4964.252889967177,0.15612958470101326,1.2189956165408788,0.3037951643406567,1.5962227942016642
71,4,350,3410.000000000001,4964.252889967177,0.1584130155558727,2.519832747037538,0.5811150126100828,1.4557926363540106
72,0,372,3630.000000000001,5382.5745682888555,0.13757670900528043,1.5782437924470296,0.3219603837088873,1.48280291137434
72,2,595,5860.000000000002,5382.5745682888555,0.156272299129442,1.679605383528724,0.24109138882196104,0.918528083325743
72,3,420,4110.000000000002,5382.5745682888555,0.15612958470101326,1.8073424080231477,0.36955057032252314,1.309628848732081
72,6,88,3110.000000000001,5382.5745682888555,0.09604681033252462,0.2535090329533744,0.04214111782278644,1.7307313724401459
72,5,700,6910.000000000002,5382.5745682888555,0.15812758669901528,1.2985634254467233,0.1599494743789291,0.7789543514166214
72,4,700,6910.000000000002,5382.5745682888555,0.1584130155558727,1.2387024126388877,0.15285155190855076,0.7789543514166214
72,1,620,6110.000000000002,5382.5745682888555,0.1374339945768517,1.4121482486323034,0.17097133634430642,0.8809451011929385
73,1,620,6110.000000000002,4938.211788211789,0.1374339945768517,1.1364458529047177,0.12623256860282042,0.8082179686107672
73,2,560,5510.000000000002,4938.211788211789,0.156272299129442,1.0610736094829387,0.1486091765669498,0.8962271847934279
73,0,527,5180.000000000002,4938.211788211789,0.13757670900528043,0.8014961523923241,0.10512023191987163,0.9533227390370246
73,3,700,6910.000000000002,4938.211788211789,0.15612958470101326,1.3923119437845464,0.15535077268213318,0.7146471473533702
73,4,350,3410.000000000001,4938.211788211789,0.1584130155558727,2.0828411667529863,0.4778178248614374,1.4481559496222252
73,6,440,4310.000000000002,4938.211788211789,0.09604681033252462,0.2924385554148557,0.03218177679426309,1.1457567954087673
73,5,35,3110.000000000001,4938.211788211789,0.15812758669901528,1.4901491567771146,0.3741508249429573,1.5878494495857838
74,6,440,4310.000000000002,5562.447552447554,0.09604681033252462,0.4741120328286584,0.05876957951122668,1.2905910794541882
74,3,630,6210.000000000002,5562.447552447554,0.15612958470101326,2.030985481644506,0.28403139860471743,0.8957242435503304
74,0,620,6110.000000000002,5562.447552447554,0.13757670900528043,1.4794262599479708,0.18529468341903488,0.9103842148032
74,2,350,3410.000000000001,5562.447552447554,0.156272299129442,1.8862136468790882,0.4808221150197081,1.6312162910403378
74,5,630,6210.000000000002,5562.447552447554,0.15812758669901528,1.951377072015341,0.27639053701974303,0.8957242435503304
74,4,630,6210.000000000002,5562.447552447554,0.1584130155558727,2.2897206732479543,0.32489849193165415,0.8957242435503304
74,1,620,6110.000000000002,5562.447552447554,0.1374339945768517,2.0804061591737915,0.2602957153370344,0.9103842148032
75,5,280,3110.000000000001,4544.7652347652365,0.15812758669901528,1.9178020126557958,0.4431619636689994,1.4613393037830338
75,2,700,6910.000000000002,4544.7652347652365,0.156272299129442,0.7424777378909964,0.07631305590782543,0.6577084276071252
75,3,490,4810.000000000001,4544.7652347652365,0.15612958470101326,1.171931773343683,0.17288364532479703,0.9448576371653297
75,1,31,3110.000000000001,4544.7652347652365,0.1374339945768517,1.3114102087691981,0.26338060739872177,1.4613393037830338
75,0,620,6110.000000000002,4544.7652347652365,0.13757670900528043,1.800766754065922,0.18427763264948863,0.743824097342919
75,6,440,4310.000000000002,4544.7652347652365,0.09604681033252462,0.34359041433084253,0.03479831137517581,1.054469892056899
75,4,350,3410.000000000001,4544.7652347652365,0.1584130155558727,1.9976780170082462,0.42176780647792733,1.332775728670157
76,0,403,3940.000000000001,5012.200656486371,0.13757670900528043,1.290835934619397,0.2259166245297335,1.2721321463163375
76,3,700,6910.000000000002,5012.200656486371,0.15612958470101326,2.5127427308366967,0.28456640768779834,0.7253546536159725
76,1,93,3110.000000000001,5012.200656486371,0.1374339945768517,1.3106280229953622,0.2902964194137473,1.6116400824715016
76,4,105,3110.000000000001,5012.200656486371,0.1584130155558727,0.6970478442079238,0.17795963637643544,1.6116400824715016
76,5,700,6910.000000000002,5012.200656486371,0.15812758669901528,0.8114702718691641,0.09307448860742383,0.7253546536159725
76,2,700,6910.000000000002,5012.200656486371,0.156272299129442,2.2757720688347054,0.25796522584056814,0.7253546536159725
76,6,286,3110.000000000001,5012.200656486371,0.09604681033252462,0.2826298184430545,0.04374908620632342,1.6116400824715016
77,4,315,3110.000000000001,5305.67860710718,0.1584130155558727,1.2804504912376478,0.34604629382971674,1.706005982992662
77,3,700,6910.000000000002,5305.67860710718,0.15612958470101326,2.464787837394921,0.29547969246624933,0.7678261370632675
77,6,198,3110.000000000001,5305.67860710718,0.09604681033252462,0.2888709409008247,0.0473333619949267,1.706005982992662
77,1,620,6110.000000000002,5305.67860710718,0.1374339945768517,0.5122593039498493,0.061134132426814966,0.8683598374970832
77,2,700,6910.000000000002,5305.67860710718,0.156272299129442,2.1501341408794894,0.2579945004648899,0.7678261370632675
77,0,558,5490.000000000002,5305.67860710718,0.13757670900528043,0.6880842472715126,0.09148610253376646,0.9664259757936573
77,5,490,4810.000000000001,5305.67860710718,0.15812758669901528,1.951998928794726,0.34047331596301994,1.103051685469268
78,5,175,3110.000000000001,5012.085057799344,0.15812758669901528,1.9172554707333513,0.4885912354299865,1.611602912475673
78,2,105,3110.000000000001,5012.085057799344,0.156272299129442,3.4171365252227064,0.8606020491125483,1.611602912475673
78,4,700,6910.000000000002,5012.085057799344,0.1584130155558727,0.9951068340893702,0.11434072862013343,0.7253379244282696
78,1,527,5180.000000000002,5012.085057799344,0.1374339945768517,2.3551598083485215,0.3131866373185424,0.9675839879921511
78,3,700,6910.000000000002,5012.085057799344,0.15612958470101326,1.5754761202347993,0.178417485581123,0.7253379244282696
78,0,620,6110.000000000002,5012.085057799344,0.13757670900528043,2.3177038476421,0.26156527095856813,0.8203085200980921
78,6,330,3210.000000000001,5012.085057799344,0.09604681033252462,0.26317104923017637,0.03946703118821886,1.561397214267708
79,3,700,6910.000000000002,4772.965605822749,0.15612958470101326,1.1257868621450422,0.1214092113782622,0.6907330833318014
79,2,350,3410.000000000001,4772.965605822749,0.156272299129442,1.146969887154348,0.25088109901915434,1.3996966585990462
79,1,620,6110.000000000002,4772.965605822749,0.1374339945768517,1.4350584626594505,0.15406743715222215,0.7811727669104334
79,6,330,3210.000000000001,4772.965605822749,0.09604681033252462,0.4529498469389701,0.06468689963020528,1.4869051731535041
79,0,186,3110.000000000001,4772.965605822749,0.13757670900528043,2.5839425666443447,0.5455765416983696,1.5347156288819126
79,5,700,6910.000000000002,4772.965605822749,0.15812758669901528,1.6976666690425823,0.18542586874801945,0.6907330833318014
79,4,140,3110.000000000001,4772.965605822749,0.1584130155558727,1.4970884810309941,0.3639705508091419,1.5347156288819126
80,4,700,6910.000000000002,5356.954474097332,0.1584130155558727,1.3532023500711778,0.16618564721955384,0.7752466677420161
80,1,341,3320.0000000000014,5356.954474097332,0.1374339945768517,1.362066301169325,0.30204544426837215,1.613540504246184
80,3,700,6910.000000000002,5356.954474097332,0.15612958470101326,2.2595336649644846,0.2734915603239041,0.7752466677420161
80,2,315,3110.000000000001,5356.954474097332,0.156272299129442,1.2155483122799435,0.3271988682926952,1.7224934000312961
80,5,700,6910.000000000002,5356.954474097332,0.15812758669901528,1.5421069775097422,0.18904363230236665,0.7752466677420161
80,6,374,3650.000000000001,5356.954474097332,0.09604681033252462,0.2955401714606648,0.041660507753111246,1.467658760026666
80,0,589,5800.000000000002,5356.954474097332,0.13757670900528043,0.9765769283813668,0.12409130112607222,0.9236128403616087
81,0,620,6110.000000000002,4444.7509633223935,0.13757670900528043,0.8068736047052075,0.08075262477640056,0.7274551494799333
81,3,700,6910.000000000002,4444.7509633223935,0.15612958470101326,2.1412189084563615,0.21503822160501923,0.6432345822463664
81,4,175,3110.000000000001,4444.7509633223935,0.1584130155558727,1.851412981271081,0.4191613297833798,1.429180374058647
81,2,280,3110.000000000001,4444.7509633223935,0.156272299129442,1.7819825761823478,0.39799031035389415,1.429180374058647
81,6,440,4310.000000000002,4444.7509633223935,0.09604681033252462,0.4290633321159934,0.04249858892641976,1.0312647246687683
81,1,310,3110.000000000001,4444.7509633223935,0.1374339945768517,0.8838441393454621,0.17360286968248276,1.429180374058647
81,5,455,4460.000000000002,4444.7509633223935,0.15812758669901528,1.7817471760191606,0.2807800816904105,0.9965809334803569
82,0,31,3110.000000000001,4597.395461681177,0.13757670900528043,1.153745092522207,0.2346422729322022,1.4782622063283524
82,2,385,3760.0000000000014,4597.395461681177,0.156272299129442,1.6476076160669246,0.3148181846849,1.2227115589577595
82,4,350,3410.000000000001,4597.395461681177,0.1584130155558727,1.2186963473498948,0.2602818318123416,1.348209812809729
82,1,341,3320.0000000000014,4597.395461681177,0.1374339945768517,1.4132093968221575,0.26895180619996306,1.3847576691810768
82,6,440,4310.000000000002,4597.395461681177,0.09604681033252462,0.32243705673504175,0.03303410063793186,1.0666810815965604
82,3,700,6910.000000000002,4597.395461681177,0.15612958470101326,1.728305711623866,0.17953105586802767,0.6653249582751339
82,5,700,6910.000000000002,4597.395461681177,0.15812758669901528,0.9489825188877886,0.09983887316960144,0.6653249582751339
83,1,341,3320.0000000000014,4926.716141001856,0.1374339945768517,0.539009196538836,0.10992837336128072,1.4839506448800766
83,0,186,3110.000000000001,4926.716141001856,0.13757670900528043,1.9931890995491643,0.4344007549685216,1.5841531000005964
83,3,595,5860.000000000002,4926.716141001856,0.15612958470101326,1.5450270944357904,0.20280620056052073,0.840736542833081
83,4,700,6910.000000000002,4926.716141001856,0.1584130155558727,2.042833066535863,0.2307295576642657,0.7129835225762453
83,2,700,6910.000000000002,4926.716141001856,0.156272299129442,1.0151574026639958,0.11310840566693259,0.7129835225762453
83,6,440,4310.000000000002,4926.716141001856,0.09604681033252462,0.31123516389143935,0.03417054263810279,1.1430895918797805
83,5,350,3410.000000000001,4926.716141001856,0.15812758669901528,1.7479652446358007,0.3993407209380674,1.4447847920826553
84,0,372,3630.000000000001,5281.140288283146,0.13757670900528043,1.1912569091875864,0.23843578074665178,1.4548595835490756
84,5,700,6910.000000000002,5281.140288283146,0.15812758669901528,1.4955307117036665,0.18073931657114525,0.7642750055402525
84,1,620,6110.000000000002,5281.140288283146,0.1374339945768517,0.9484316376107956,0.11266439691667203,0.8643437460365212
84,2,630,6210.000000000002,5281.140288283146,0.156272299129442,1.726157055774099,0.2294026410767132,0.8504251671953534
84,6,264,3110.000000000001,5281.140288283146,0.09604681033252462,0.30228436789441515,0.04930216047209721,1.6981158483225545
84,4,700,6910.000000000002,5281.140288283146,0.1584130155558727,1.1048985183326474,0.13377128821953932,0.7642750055402525
84,3,210,3110.000000000001,5281.140288283146,0.15612958470101326,1.7111081331170799,0.45365946395168655,1.6981158483225545
85,4,665,6560.000000000001,5207.124304267163,0.1584130155558727,1.6716686873029527,0.21020119214136737,0.7937689488212137
85,1,620,6110.000000000002,5207.124304267163,0.1374339945768517,1.0831981980244603,0.1268699689305437,0.8522298370322686
85,2,595,5860.000000000002,5207.124304267163,0.156272299129442,1.1062201799770355,0.15361156283031913,0.888587765233304
85,0,248,3110.000000000001,5207.124304267163,0.13757670900528043,0.844631835713808,0.1945583701253567,1.6743164965489266
85,5,35,3110.000000000001,5207.124304267163,0.15812758669901528,1.7643615399579193,0.46712464571266415,1.6743164965489266
85,3,700,6910.000000000002,5207.124304267163,0.15612958470101326,1.5431206282194427,0.18155364781618039,0.7535635751472014
85,6,440,4310.000000000002,5207.124304267163,0.09604681033252462,0.4154261397617141,0.04820559435474322,1.2081494905492252
86,2,700,6910.000000000002,5212.859997145712,0.156272299129442,1.6878857572980732,0.1989862483526062,0.7543936320037209
86,6,88,3110.000000000001,5212.859997145712,0.09604681033252462,0.47283291688606904,0.07612132194395464,1.6761607707864021
86,4,455,4460.000000000002,5212.859997145712,0.1584130155558727,1.8181359565947248,0.3366343425706398,1.1688026899429844
86,3,700,6910.000000000002,5212.859997145712,0.15612958470101326,1.6101372822299052,0.18964706432544942,0.7543936320037209
86,1,620,6110.000000000002,5212.859997145712,0.1374339945768517,0.9563055944623075,0.11213100560458247,0.8531685756375958
86,0,496,4870.000000000001,5212.859997145712,0.13757670900528043,0.8970747672611289,0.13210542647821472,1.0704024634796123
86,5,350,3410.000000000001,5212.859997145712,0.15812758669901528,1.1876202267425517,0.28708262632802484,1.5286979463770414
87,3,490,4810.000000000001,4684.154417011561,0.15612958470101326,3.5630343670647684,0.5417405483226237,0.9738366771333805
87,6,440,4310.000000000002,4684.154417011561,0.09604681033252462,0.2236948193860231,0.02335031837049029,1.0868107696082505
87,4,35,3110.000000000001,4684.154417011561,0.1584130155558727,1.1725769138515398,0.2797712061313448,1.5061589765310481
87,2,490,4810.000000000001,4684.154417011561,0.156272299129442,2.2279825049828577,0.3390626133728234,0.9738366771333805
87,1,620,6110.000000000002,4684.154417011561,0.1374339945768517,1.227893117375909,0.12937332140638416,0.7666373841262782
87,0,620,6110.000000000002,4684.154417011561,0.13757670900528043,1.5929224744702977,0.16800784042555844,0.7666373841262782
87,5,385,3760.0000000000014,4684.154417011561,0.15812758669901528,1.1637577519372484,0.2292522402972287,1.245785749205202
88,3,315,3110.000000000001,4667.456828885402,0.15612958470101326,1.124911670276001,0.26358673311580133,1.500789977133569
88,5,245,3110.000000000001,4667.456828885402,0.15812758669901528,0.7903034240739354,0.18755188228641492,1.500789977133569
88,2,700,6910.000000000002,4667.456828885402,0.156272299129442,1.3343699047203093,0.1408511841028588,0.6754640852221998
88,1,279,3110.000000000001,4667.456828885402,0.1374339945768517,1.3995816617536294,0.2886770999464278,1.500789977133569
88,0,620,6110.000000000002,4667.456828885402,0.13757670900528043,1.1096858446858582,0.11662296052891227,0.7639045546457284
88,4,595,5860.000000000002,4667.456828885402,0.1584130155558727,0.9086534018220882,0.11464940674199388,0.796494339400239
88,6,440,4310.000000000002,4667.456828885402,0.09604681033252462,0.41049130038808246,0.04269627074317242,1.082936619230951
89,1,434,4250.000000000002,5734.705294705296,0.1374339945768517,0.9763404189445952,0.18105795585483322,1.3493424222835986
89,5,700,6910.000000000002,5734.705294705296,0.15812758669901528,1.7632672715900046,0.23139759804948984,0.8299139355579298
89,4,700,6910.000000000002,5734.705294705296,0.1584130155558727,2.2829607816581308,0.3001389572432768,0.8299139355579298
89,2,595,5860.000000000002,5734.705294705296,0.156272299129442,1.1291657153199997,0.17268442683203183,0.9786186509735997
89,3,700,6910.000000000002,5734.705294705296,0.15612958470101326,1.0476851269697895,0.13575287636966094,0.8299139355579298
89,0,496,4870.000000000001,5734.705294705296,0.13757670900528043,0.8185037064679094,0.1326012780943199,1.177557555380964
89,6,66,3110.000000000001,5734.705294705296,0.09604681033252462,0.23701666988385603,0.0419771118135477,1.8439566864004162
90,2,105,3110.000000000001,4587.782217782219,0.156272299129442,1.8075300098989628,0.4166869727005555,1.4751711311196842
90,0,620,6110.000000000002,4587.782217782219,0.13757670900528043,0.7827411987250612,0.0808583161318799,0.7508645200952893
90,6,374,3650.000000000001,4587.782217782219,0.09604681033252462,0.2515868297855236,0.030372516640970244,1.2569266350088268
90,3,35,3110.000000000001,4587.782217782219,0.15612958470101326,1.6559236144956437,0.38138877669744653,1.4751711311196842
90,1,620,6110.000000000002,4587.782217782219,0.1374339945768517,0.5888403560259502,0.06076497446561699,0.7508645200952893
90,5,700,6910.000000000002,4587.782217782219,0.15812758669901528,1.2026433830039256,0.126261008930738,0.663933750764431
90,4,315,3110.000000000001,4587.782217782219,0.1584130155558727,1.4546796870159504,0.3399387244236455,1.4751711311196842
91,1,93,3110.000000000001,5657.88925360354,0.1374339945768517,3.2918546927077927,0.8230550417223957,1.8192569947278259
91,0,589,5800.000000000002,5657.88925360354,0.13757670900528043,2.19007655788733,0.2939210306705098,0.9754981471730239
91,3,700,6910.000000000002,5657.88925360354,0.15612958470101326,0.4731362971239963,0.06048502523857095,0.8187972870627408
91,4,560,5510.000000000002,5657.88925360354,0.1584130155558727,1.7934541999907154,0.29173195023547716,1.0268401549189725
91,5,700,6910.000000000002,5657.88925360354,0.15812758669901528,1.9705455899524584,0.25513528478091413,0.8187972870627408
91,6,330,3210.000000000001,5657.88925360354,0.09604681033252462,0.5324611481564303,0.09014056606774822,1.7625823219948717
91,2,700,6910.000000000002,5657.88925360354,0.156272299129442,0.4807942199417125,0.0615201852720814,0.8187972870627408
92,1,403,3940.000000000001,5085.077779363495,0.1374339945768517,0.38078991404853224,0.06754309926129602,1.290628878011039
92,6,396,3870.0000000000014,5085.077779363495,0.09604681033252462,0.3804967246378227,0.048019817422699305,1.3139735863988355
92,0,186,3110.000000000001,5085.077779363495,0.13757670900528043,1.0875835241073122,0.24464973365728876,1.6350732409528919
92,3,700,6910.000000000002,5085.077779363495,0.15612958470101326,2.0839395812868386,0.2394362382505135,0.7359012705301727
92,2,700,6910.000000000002,5085.077779363495,0.156272299129442,2.4037854377142467,0.27643768940729935,0.7359012705301727
92,4,105,3110.000000000001,5085.077779363495,0.1584130155558727,1.6765933675330338,0.4342659877045412,1.6350732409528919
92,5,700,6910.000000000002,5085.077779363495,0.15812758669901528,1.4784220430526331,0.17203849109852565,0.7359012705301727
93,1,620,6110.000000000002,4969.9257884972185,0.1374339945768517,1.6896257511392854,0.18888322230812815,0.8134084760224578
93,5,35,3110.000000000001,4969.9257884972185,0.15812758669901528,1.1289820294305923,0.28528844826837213,1.598046877330295
93,2,70,3110.000000000001,4969.9257884972185,0.156272299129442,1.2008289957870404,0.2998835770633714,1.598046877330295
93,3,630,6210.000000000002,4969.9257884972185,0.15612958470101326,1.1173152197130036,0.13961086657578234,0.8003101108691171
93,0,620,6110.000000000002,4969.9257884972185,0.13757670900528043,1.338714113983587,0.14981022357968876,0.8134084760224578
93,4,595,5860.000000000002,4969.9257884972185,0.1584130155558727,1.1143107683086315,0.14970954020229185,0.8481102028152248
93,6,440,4310.000000000002,4969.9257884972185,0.09604681033252462,0.3106445216700903,0.03440481916463711,1.153115032133925
94,1,620,6110.000000000002,5456.2965605822765,0.1374339945768517,1.2021572096568443,0.14754081964660593,0.8930108937123199
94,4,700,6910.000000000002,5456.2965605822765,0.1584130155558727,1.625032578472844,0.2032697968213022,0.7896232359742801
94,6,198,3110.000000000001,5456.2965605822765,0.09604681033252462,0.31837485233822455,0.053648709707103164,1.7544361931132717
94,0,620,6110.000000000002,5456.2965605822765,0.13757670900528043,1.1603961019838414,0.14256336394027955,0.8930108937123199
94,5,595,5860.000000000002,5456.2965605822765,0.15812758669901528,1.0995985094108156,0.1618982432957328,0.9311086280857124
94,2,630,6210.000000000002,5456.2965605822765,0.156272299129442,1.1170853785637136,0.15338211993395753,0.8786306860841022
94,3,105,3110.000000000001,5456.2965605822765,0.15612958470101326,0.9985203739435365,0.2735140959421503,1.7544361931132717
95,0,496,4870.000000000001,5767.022977022978,0.13757670900528043,0.7473178252500708,0.12175112370349464,1.1841936297788453
95,2,700,6910.000000000002,5767.022977022978,0.156272299129442,1.4989776796793923,0.19550181881850687,0.8345908794533975
95,6,374,3650.000000000001,5767.022977022978,0.09604681033252462,0.48846323566737615,0.07412652582142534,1.5800062950747882
95,5,595,5860.000000000002,5767.022977022978,0.15812758669901528,1.671736928013841,0.26015348291728113,0.9841336138264465
95,4,700,6910.000000000002,5767.022977022978,0.1584130155558727,1.421400720992872,0.18792347172055646,0.8345908794533975
95,3,525,5160.000000000001,5767.022977022978,0.15612958470101326,1.394529394304747,0.24334075853946205,1.1176401118261583
95,1,620,6110.000000000002,5767.022977022978,0.1374339945768517,0.9937428420115524,0.12890763910900474,0.9438662810184903
96,0,620,6110.000000000002,5400.509490509492,0.13757670900528043,1.0550846924861386,0.12829973577604117,0.8838804403452521
96,2,105,3110.000000000001,5400.509490509492,0.156272299129442,1.7227951475996337,0.46750901104283843,1.7364982284596433
96,5,560,5510.000000000002,5400.509490509492,0.15812758669901528,1.3371071306778541,0.20723207831710577,0.9801287641578023
96,1,620,6110.000000000002,5400.509490509492,0.1374339945768517,0.6099142076746655,0.07408946234188289,0.8838804403452521
96,3,630,6210.000000000002,5400.509490509492,0.15612958470101326,2.013015080513669,0.27332248862839387,0.8696472609516087
96,6,198,3110.000000000001,5400.509490509492,0.09604681033252462,0.16809641974242645,0.028035980864518042,1.7364982284596433
96,4,700,6910.000000000002,5400.509490509492,0.1584130155558727,1.3405120012275376,0.16596566635960727,0.7815498539087541
97,1,620,6110.000000000002,4896.77037248466,0.1374339945768517,1.246271607570969,0.13726992591961512,0.8014354128452795
97,5,385,3760.0000000000014,4896.77037248466,0.15812758669901528,2.1735744941753423,0.44761441694690135,1.3023325458735793
97,3,700,6910.000000000002,4896.77037248466,0.15612958470101326,0.6051663387528716,0.06695633277710306,0.70864983682846
97,6,308,3110.000000000001,4896.77037248466,0.09604681033252462,0.4091029039692802,0.06186782648553475,1.5745242355256135
97,0,620,6110.000000000002,4896.77037248466,0.13757670900528043,0.9474163374402387,0.1044610325967747,0.8014354128452795
97,4,70,3110.000000000001,4896.77037248466,0.1584130155558727,1.6310269245172637,0.40681910629462437,1.5745242355256135
97,2,490,4810.000000000001,4896.77037248466,0.156272299129442,0.676656192407678,0.10765017118009745,1.018039578479139
98,6,440,4310.000000000002,4790.757813614958,0.09604681033252462,0.434898784650031,0.04642993622939595,1.1115447363375768
98,5,70,3110.000000000001,4790.757813614958,0.15812758669901528,0.4938472885073393,0.12029404925865123,1.540436596017671
98,3,280,3110.000000000001,4790.757813614958,0.15612958470101326,2.3937756199837215,0.5757215309033149,1.540436596017671
98,2,700,6910.000000000002,4790.757813614958,0.156272299129442,2.339356064128379,0.25345712248554353,0.6933079325057824
98,1,589,5800.000000000002,4790.757813614958,0.1374339945768517,1.4951221370270291,0.1697254873707796,0.8259927264853373
98,0,124,3110.000000000001,4790.757813614958,0.13757670900528043,1.0336346228578424,0.21905632230091945,1.540436596017671
98,4,700,6910.000000000002,4790.757813614958,0.1584130155558727,0.5659261518176112,0.062155103496083906,0.6933079325057824
99,2,70,3110.000000000001,4717.992007992008,0.156272299129442,1.0216385134214492,0.24220107700339433,1.517039230865597
99,5,175,3110.000000000001,4717.992007992008,0.15812758669901528,1.7699133509878515,0.42457699606949467,1.517039230865597
99,0,620,6110.000000000002,4717.992007992008,0.13757670900528043,3.1940300716789447,0.3393125380771805,0.7721754513898539
99,3,700,6910.000000000002,4717.992007992008,0.15612958470101326,0.8243590755132527,0.08787812488949964,0.6827774251797406
99,1,62,3110.000000000001,4717.992007992008,0.1374339945768517,0.6893688503127173,0.14372841524390534,1.517039230865597
99,4,700,6910.000000000002,4717.992007992008,0.1584130155558727,1.8888430297574916,0.20429883149328348,0.6827774251797406
99,6,220,3110.000000000001,4717.992007992008,0.09604681033252462,0.3241445531870785,0.04723005886408183,1.517039230865597
100,0,620,6110.000000000002,4933.319537605253,0.13757670900528043,1.4204820491290613,0.15778971879973303,0.807417272930483
100,1,279,3110.000000000001,4933.319537605253,0.1374339945768517,1.8602734861182764,0.4055550587944503,1.5862763786512062
100,3,700,6910.000000000002,4933.319537605253,0.15612958470101326,2.0775674054431486,0.2315802542697989,0.7139391516071275
100,6,330,3210.000000000001,4933.319537605253,0.09604681033252462,0.24365710855541253,0.035966340103062405,1.5368596690359038
100,2,700,6910.000000000002,4933.319537605253,0.156272299129442,1.3647558855104458,0.15226433019296662,0.7139391516071275
100,4,455,4460.000000000002,4933.319537605253,0.1584130155558727,1.0230594134236277,0.17926524729386126,1.106125456862164
100,5,315,3110.000000000001,4933.319537605253,0.15812758669901528,1.4863572789793154,0.3728290243477002,1.5862763786512062
101,6,440,4310.000000000002,4450.30255458827,0.09604681033252462,0.36487984151258496,0.036186375437927014,1.0325527968882293
101,3,455,4460.000000000002,4450.30255458827,0.15612958470101326,1.4313223788542546,0.22298587053963217,0.9978256848852619
101,5,210,3110.000000000001,4450.30255458827,0.15812758669901528,1.2558377123399629,0.28416482091850753,1.4309654516360992
101,0,279,3110.000000000001,4450.30255458827,0.13757670900528043,0.6876003950214239,0.1353661828248809,1.4309654516360992
101,2,70,3110.000000000001,4450.30255458827,0.156272299129442,2.258304290520897,0.5050025950939901,1.4309654516360992
101,1,620,6110.000000000002,4450.30255458827,0.1374339945768517,0.5746925406850243,0.05752783857906393,0.7283637568884237
101,4,700,6910.000000000002,4450.30255458827,0.1584130155558727,0.897822960262363,0.09159949071235136,0.6440379963224702
102,5,700,6910.000000000002,4764.973597830743,0.15812758669901528,1.526682979296732,0.16647114163851462,0.6895764975153027
102,6,220,3110.000000000001,4764.973597830743,0.09604681033252462,0.33800907095269445,0.04974064489351093,1.5321458513925212
102,4,350,3410.000000000001,4764.973597830743,0.1584130155558727,1.4742672991967125,0.32634218232824996,1.3973529612406865
102,2,700,6910.000000000002,4764.973597830743,0.156272299129442,0.7390594693132727,0.07964230828221758,0.6895764975153027
102,1,62,3110.000000000001,4764.973597830743,0.1374339945768517,0.8943009130032619,0.1883119815478201,1.5321458513925212
102,3,70,3110.000000000001,4764.973597830743,0.15612958470101326,1.0514543152381834,0.2515218517940511,1.5321458513925212
102,0,620,6110.000000000002,4764.973597830743,0.13757670900528043,0.871613239277567,0.0935164523589796,0.7798647459624781
103,2,420,4110.000000000002,5269.409162266307,0.156272299129442,1.8079493644473486,0.36223329384539615,1.2820946866827994
103,0,434,4250.000000000002,5269.409162266307,0.13757670900528043,1.138507180166634,0.19420199298123386,1.2398609793567776
103,4,560,5510.000000000002,5269.409162266307,0.1584130155558727,1.1555011839372424,0.17505381482582233,0.9563356011372606
103,5,700,6910.000000000002,5269.409162266307,0.15812758669901528,1.1902099230950358,0.1435208786612437,0.7625773027881774
103,1,434,4250.000000000002,5269.409162266307,0.1374339945768517,1.4155219449881657,0.24120359059348057,1.2398609793567776
103,6,440,4310.000000000002,5269.409162266307,0.09604681033252462,0.28990657907233336,0.034042831096926546,1.222600733704479
103,3,700,6910.000000000002,5269.409162266307,0.15612958470101326,2.265072889135521,0.269681565978401,0.7625773027881774
104,5,700,6910.000000000002,5167.889253603541,0.15812758669901528,1.894067792297299,0.22399499423599042,0.7478855649209174
104,6,440,4310.000000000002,5167.889253603541,0.09604681033252462,0.5194565334800286,0.05982298617387253,1.1990462305344638
104,2,105,3110.000000000001,5167.889253603541,0.156272299129442,1.5034549274351956,0.3904138569851257,1.661700724631363
104,3,245,3110.000000000001,5167.889253603541,0.15612958470101326,1.2228696101093297,0.31726207921645355,1.661700724631363
104,1,589,5800.000000000002,5167.889253603541,0.1374339945768517,1.0299833310717672,0.12612743699352885,0.8910153885523344
104,4,700,6910.000000000002,5167.889253603541,0.1584130155558727,1.484031054547529,0.17582029370421215,0.7478855649209174
104,0,589,5800.000000000002,5167.889253603541,0.13757670900528043,1.7135317350009343,0.21004980040686497,0.8910153885523344
105,5,175,3110.000000000001,4917.05009276438,0.15812758669901528,1.2918687959526682,0.32297603223327653,1.5810450459049448
105,1,620,6110.000000000002,4917.05009276438,0.1374339945768517,1.0775445673509227,0.1191771056182801,0.8047545160007166
105,0,465,4560.000000000002,4917.05009276438,0.13757670900528043,0.9007788474551189,0.1336296668770942,1.0783004589395566
105,2,35,3110.000000000001,4917.05009276438,0.156272299129442,1.0396454870983889,0.2568688953656919,1.5810450459049448
105,3,700,6910.000000000002,4917.05009276438,0.15612958470101326,0.8711994530490637,0.09678975352672353,0.7115846733378262
105,6,88,3110.000000000001,4917.05009276438,0.09604681033252462,0.38192337675836885,0.05799671988346209,1.5810450459049448
105,4,700,6910.000000000002,4917.05009276438,0.1584130155558727,1.8032531865871009,0.20327040616419345,0.7115846733378262
106,6,352,3430.000000000001,4955.598687027259,0.09604681033252462,0.19936754696917644,0.027665557176663694,1.4447809583169848
106,0,620,6110.000000000002,4955.598687027259,0.13757670900528043,0.9968669973874429,0.11123387165072085,0.8110636148980782
106,2,175,3110.000000000001,4955.598687027259,0.156272299129442,2.421922750209294,0.6030843082097228,1.5934400922917227
106,4,700,6910.000000000002,4955.598687027259,0.1584130155558727,0.8203773466026316,0.09320143575417565,0.7171633411038
106,1,465,4560.000000000002,4955.598687027259,0.1374339945768517,1.0284873577348195,0.1536117418743242,1.0867540980322932
106,3,210,3110.000000000001,4955.598687027259,0.15612958470101326,1.4346000645230181,0.3569043084888689,1.5934400922917227
106,5,700,6910.000000000002,4955.598687027259,0.15812758669901528,1.833412413728465,0.2079150333743061,0.7171633411038
107,2,700,6910.000000000002,5065.901241615528,0.156272299129442,0.3724373516438943,0.04266914132214486,0.7331260841701197
107,1,620,6110.000000000002,5065.901241615528,0.1374339945768517,1.1496885108635664,0.13100560281039086,0.8291164061563874
107,6,220,3110.000000000001,5065.901241615528,0.09604681033252462,0.7330363386755194,0.11468451470070115,1.6289071516448639
107,5,630,6210.000000000002,5065.901241615528,0.15812758669901528,2.0657432411851357,0.2664704788062078,0.8157650952682007
107,3,350,3410.000000000001,5065.901241615528,0.15612958470101326,0.44969619681342343,0.1043053919199724,1.485601537130653
107,0,620,6110.000000000002,5065.901241615528,0.13757670900528043,1.8884176104351253,0.2154063327639351,0.8291164061563874
107,4,175,3110.000000000001,5065.901241615528,0.1584130155558727,2.074198772660037,0.535226446173543,1.6289071516448639
108,2,490,4810.000000000001,4922.120736406451,0.156272299129442,1.8492798072081356,0.2957275704008552,1.0233099244088255
108,0,465,4560.000000000002,4922.120736406451,0.13757670900528043,1.4186148080113448,0.21066715247160112,1.0794124421943967
108,5,700,6910.000000000002,4922.120736406451,0.15812758669901528,1.1659295816809014,0.13132704710358567,0.7123184857317583
108,3,210,3110.000000000001,4922.120736406451,0.15612958470101326,1.8085807920635883,0.4469047720295484,1.582675477944196
108,4,700,6910.000000000002,4922.120736406451,0.1584130155558727,1.0875429009461657,0.12271890577009119,0.7123184857317583
108,1,341,3320.0000000000014,4922.120736406451,0.1374339945768517,1.0015314581973052,0.204067076834085,1.4825664868694124
108,6,440,4310.000000000002,4922.120736406451,0.09604681033252462,0.18699712251201617,0.020511284700300184,1.1420233727161135
109,4,315,3110.000000000001,4717.449693163981,0.1584130155558727,2.258808705956738,0.5427717089930387,1.5168648531073887
109,1,155,3110.000000000001,4717.449693163981,0.1374339945768517,0.8119913147248682,0.16927485173972198,1.5168648531073887
109,0,620,6110.000000000002,4717.449693163981,0.13757670900528043,0.7993869565962006,0.08491179883950346,0.7720866928255286
109,3,70,3110.000000000001,4717.449693163981,0.15612958470101326,0.692722434109,0.1640557081069333,1.5168648531073887
109,2,700,6910.000000000002,4717.449693163981,0.156272299129442,0.7248554602948734,0.07733260619446984,0.682698942570764
109,6,220,3110.000000000001,4717.449693163981,0.09604681033252462,0.42349401628839345,0.06169885629635498,1.5168648531073887
109,5,700,6910.000000000002,4717.449693163981,0.15812758669901528,1.7732801973131376,0.1914318680277992,0.682698942570764
110,2,700,6910.000000000002,5008.173255316115,0.156272299129442,1.3903305098723417,0.1574712780040712,0.7247718169777299
110,4,700,6910.000000000002,5008.173255316115,0.1584130155558727,0.8234439100746758,0.09454230371932593,0.7247718169777299
110,1,279,3110.000000000001,5008.173255316115,0.1374339945768517,1.055334932904753,0.23356267432514913,1.6103450981723837
110,0,31,3110.000000000001,5008.173255316115,0.13757670900528043,1.19905821762457,0.26564652666486943,1.6103450981723837
110,3,385,3760.0000000000014,5008.173255316115,0.15612958470101326,1.2199400012285082,0.2536969091183799,1.3319609721585406
110,5,700,6910.000000000002,5008.173255316115,0.15812758669901528,1.0250701018535862,0.11747961290666006,0.7247718169777299
110,6,286,3110.000000000001,5008.173255316115,0.09604681033252462,0.3161845127928482,0.04890378754643255,1.6103450981723837
111,5,700,6910.000000000002,4926.873126873128,0.15812758669901528,1.8567914561439474,0.20934572823602746,0.7130062412262123
111,3,700,6910.000000000002,4926.873126873128,0.15612958470101326,1.2090663371601382,0.13459491905667956,0.7130062412262123
111,0,124,3110.000000000001,4926.873126873128,0.13757670900528043,0.4496952591919377,0.09801086346975867,1.5842035777727095
111,6,154,3110.000000000001,4926.873126873128,0.09604681033252462,0.1740073993713316,0.026476565769192394,1.5842035777727095
111,4,105,3110.000000000001,4926.873126873128,0.1584130155558727,1.7231127214325377,0.43242972533195334,1.5842035777727095
111,2,700,6910.000000000002,4926.873126873128,0.156272299129442,2.0493684271965558,0.228347033635448,0.7130062412262123
111,1,341,3320.0000000000014,4926.873126873128,0.1374339945768517,0.3883086408717114,0.079196232062286,1.4839979297810622
112,5,105,3110.000000000001,4737.1300128443,0.15812758669901528,0.92876110663685,0.223700306180599,1.5231929301750156
112,6,440,4310.000000000002,4737.1300128443,0.09604681033252462,0.335614832462934,0.03542926372101495,1.099102091147169
112,3,700,6910.000000000002,4737.1300128443,0.15612958470101326,1.349827259261749,0.1444776455893205,0.6855470351438927
112,2,700,6910.000000000002,4737.1300128443,0.156272299129442,1.4233453177457553,0.1524858467261833,0.6855470351438927
112,0,62,3110.000000000001,4737.1300128443,0.13757670900528043,0.927858462337966,0.1944381877886322,1.5231929301750156
112,1,310,3110.000000000001,4737.1300128443,0.1374339945768517,0.9934358268942083,0.20796435482629355,1.5231929301750156
112,4,525,5160.000000000001,4737.1300128443,0.1584130155558727,0.6261889636185693,0.09106717678581179,0.9180484521016083
113,4,700,6910.000000000002,4812.232053660626,0.1584130155558727,1.4648941592176672,0.16160902974037153,0.6964156372880788
113,5,315,3110.000000000001,4812.232053660626,0.15812758669901528,1.5171335906444339,0.37120826693744907,1.5473414963538985
113,1,620,6110.000000000002,4812.232053660626,0.1374339945768517,0.27694627176610526,0.029977474624222532,0.7875993541179418
113,6,418,4090.0000000000014,4812.232053660626,0.09604681033252462,0.19088130606685727,0.02157096619354054,1.1765848541957515
113,0,310,3110.000000000001,4812.232053660626,0.13757670900528043,0.2764987623204419,0.0588605452145387,1.5473414963538985
113,3,140,3110.000000000001,4812.232053660626,0.15612958470101326,1.9989642897825506,0.4829213575666181,1.5473414963538985
113,2,700,6910.000000000002,4812.232053660626,0.156272299129442,2.427805985532821,0.26421927324478145,0.6964156372880788
114,2,140,3110.000000000001,4935.503068360213,0.156272299129442,0.6764362310013996,0.1677567098750987,1.5869784785724153
114,6,440,4310.000000000002,4935.503068360213,0.09604681033252462,0.43118767111483397,0.047424573890979344,1.1451283221253388
114,1,620,6110.000000000002,4935.503068360213,0.1374339945768517,2.804711800377043,0.3113670323095607,0.8077746429394781
114,3,665,6560.000000000001,4935.503068360213,0.15612958470101326,0.7836722124695278,0.09205496964924878,0.752363272615886
114,4,420,4110.000000000002,4935.503068360213,0.1584130155558727,0.8208465153953604,0.15615015675596955,1.2008523280681778
114,0,186,3110.000000000001,4935.503068360213,0.13757670900528043,2.676531449713208,0.5843705275912763,1.5869784785724153
114,5,700,6910.000000000002,4935.503068360213,0.15812758669901528,0.9925642058561527,0.11210361855160954,0.7142551473748497
115,2,700,6910.000000000002,4993.56786071072,0.156272299129442,1.1691766610597991,0.13203681749275337,0.722658156398078
115,4,700,6910.000000000002,4993.56786071072,0.1584130155558727,1.2908342891929812,0.147772718664824,0.722658156398078
115,3,420,4110.000000000002,4993.56786071072,0.15612958470101326,1.7564534845928652,0.333189258375581,1.2149800147714642
115,1,372,3630.000000000001,4993.56786071072,0.1374339945768517,0.535102045771495,0.10116612423312166,1.3756385291214102
115,0,620,6110.000000000002,4993.56786071072,0.13757670900528043,0.5834041055347672,0.06559702498861238,0.8172778822767134
115,6,154,3110.000000000001,4993.56786071072,0.09604681033252462,0.23525963872657393,0.036281141247075537,1.6056488298105205
115,5,350,3410.000000000001,4993.56786071072,0.15812758669901528,1.349748178009474,0.3125481768717727,1.4643894019679526
116,6,440,4310.000000000002,4824.77665191951,0.09604681033252462,0.3384851451808642,0.03639338939995759,1.119437738264387
116,5,700,6910.000000000002,4824.77665191951,0.15812758669901528,2.2243798856639403,0.2455928780788087,0.6982310639536192
116,1,341,3320.0000000000014,4824.77665191951,0.1374339945768517,0.8206975633100114,0.16391414916412317,1.4532459794938277
116,0,434,4250.000000000002,4824.77665191951,0.13757670900528043,0.8888741588877611,0.13882685361420416,1.1352415651575314
116,4,700,6910.000000000002,4824.77665191951,0.1584130155558727,2.031937578846722,0.2247503568856417,0.6982310639536192
116,3,315,3110.000000000001,4824.77665191951,0.15612958470101326,0.6537687595546949,0.15835296270372415,1.5513751292345688
116,2,455,4460.000000000002,4824.77665191951,0.156272299129442,0.8378396024834888,0.14163977926515717,1.081788486977468
117,0,620,6110.000000000002,5238.236049664622,0.13757670900528043,0.6030012234420046,0.07112249190480437,0.8573217757225239
117,3,315,3110.000000000001,5238.236049664622,0.15612958470101326,1.0244884446171127,0.2694120055206928,1.684320273204058
117,1,620,6110.000000000002,5238.236049664622,0.1374339945768517,0.44443413039280516,0.052365520867594315,0.8573217757225239
117,6,440,4310.000000000002,5238.236049664622,0.09604681033252462,0.2311804813023393,0.026986210596000627,1.2153679929616288
117,4,490,4810.000000000001,5238.236049664622,0.1584130155558727,1.8950730805220681,0.326931534195684,1.0890303637556387
117,5,560,5510.000000000002,5238.236049664622,0.15812758669901528,1.260170957790819,0.18943951608005707,0.9506780489409475
117,2,665,6560.000000000001,5238.236049664622,0.156272299129442,0.9151757783835408,0.11420043144461932,0.7985115929366802
118,1,341,3320.0000000000014,5098.413015555874,0.1374339945768517,2.161142101696603,0.456115072708048,1.535666570950564
118,5,350,3410.000000000001,5098.413015555874,0.15812758669901528,0.931015208217321,0.22011267581280305,1.4951357816879391
118,0,341,3320.0000000000014,5098.413015555874,0.13757670900528043,1.1163275767523353,0.23584870728446614,1.535666570950564
118,3,700,6910.000000000002,5098.413015555874,0.15612958470101326,0.7126107302462672,0.08209080771184375,0.7378311165782739
118,6,418,4090.0000000000014,5098.413015555874,0.09604681033252462,0.33117829492649326,0.03965121674812326,1.246555749524663
118,4,700,6910.000000000002,5098.413015555874,0.1584130155558727,0.7489165109677215,0.08753489868951808,0.7378311165782739
118,2,700,6910.000000000002,5098.413015555874,0.156272299129442,0.708327380199051,0.08167196376617328,0.7378311165782739
119,1,310,3110.000000000001,4765.373198230342,0.1374339945768517,0.28562807297554554,0.06014944000262072,1.5322743402669905
119,3,350,3410.000000000001,4765.373198230342,0.15612958470101326,1.9170345543305392,0.41827093238999324,1.397470146108604
119,2,700,6910.000000000002,4765.373198230342,0.156272299129442,1.816113282592194,0.1957238756733733,0.6896343268061274
119,5,105,3110.000000000001,4765.373198230342,0.15812758669901528,1.6893068619578904,0.4093103418889466,1.5322743402669905
119,4,700,6910.000000000002,4765.373198230342,0.1584130155558727,1.3694780123787729,0.14961143746657876,0.6896343268061274
119,0,620,6110.000000000002,4765.373198230342,0.13757670900528043,0.31390777284380855,0.0336823739897868,0.7799301470098756
119,6,154,3110.000000000001,4765.373198230342,0.09604681033252462,0.25865234532276277,0.03806588193995829,1.5322743402669905
120,5,490,4810.000000000001,5174.028828314544,0.15812758669901528,1.1812980829495174,0.20093283408907595,1.0756816690882625
120,6,440,4310.000000000002,5174.028828314544,0.09604681033252462,0.25844997882542675,0.029799640282613886,1.2004707258270397
120,1,403,3940.000000000001,5174.028828314544,0.1374339945768517,2.7110018462610865,0.4892790328975073,1.3132052863742494
120,4,700,6910.000000000002,5174.028828314544,0.1584130155558727,1.3740040847750081,0.16297826190309778,0.7487740706678064
120,0,589,5800.000000000002,5174.028828314544,0.13757670900528043,2.133273425968614,0.2618136530777581,0.8920739359163004
120,2,700,6910.000000000002,5174.028828314544,0.156272299129442,0.5734204586585654,0.06709744488114774,0.7487740706678064
120,3,280,3110.000000000001,5174.028828314544,0.15612958470101326,1.099077441776726,0.2854841187716031,1.6636748644098207
121,5,210,3110.000000000001,4904.098758384474,0.15812758669901528,1.4441758714273718,0.3601028395827881,1.5768806297056184
121,2,455,4460.000000000002,4904.098758384474,0.156272299129442,1.8682402646129364,0.3210251652398574,1.0995737126422584
121,4,700,6910.000000000002,4904.098758384474,0.1584130155558727,1.2281933052903238,0.1380825336028194,0.7097103847155533
121,1,620,6110.000000000002,4904.098758384474,0.1374339945768517,0.46783997016200674,0.051607104150764894,0.8026348213395209
121,3,420,4110.000000000002,4904.098758384474,0.15612958470101326,1.3854569748989107,0.25810453385523613,1.1932113767358814
121,6,110,3110.000000000001,4904.098758384474,0.09604681033252462,0.3386276717062362,0.0512866355215963,1.5768806297056184
121,0,620,6110.000000000002,4904.098758384474,0.13757670900528043,0.7146392662508486,0.07891322432382415,0.8026348213395209
122,3,490,4810.000000000001,5733.208220351079,0.15612958470101326,0.7029684653788346,0.13081986191079853,1.19193518094617
122,1,620,6110.000000000002,5733.208220351079,0.1374339945768517,1.2152336182475145,0.1567149576423492,0.9383319509576231
122,5,700,6910.000000000002,5733.208220351079,0.15812758669901528,1.4302579160950355,0.18764701945749745,0.8296972822505178
122,6,396,3870.0000000000014,5733.208220351079,0.09604681033252462,0.32689349844093485,0.0465131743639424,1.481449152545498
122,0,496,4870.000000000001,5733.208220351079,0.13757670900528043,1.182861027782506,0.19157877556784741,1.1772501479160324
122,2,700,6910.000000000002,5733.208220351079,0.156272299129442,0.9420547029793713,0.12214558988706535,0.8296972822505178
122,4,595,5860.000000000002,5733.208220351079,0.1584130155558727,1.155949025335982,0.17915529288709842,0.9783631775343136
123,4,700,6910.000000000002,5045.221920936207,0.1584130155558727,0.8311245063160932,0.09613005171189143,0.7301334183699285
123,5,700,6910.000000000002,5045.221920936207,0.15812758669901528,1.0171857842404184,0.11743840699462633,0.7301334183699285
123,0,93,3110.000000000001,5045.221920936207,0.13757670900528043,0.5169980898552867,0.11538616516984704,1.622257852391063
123,1,620,6110.000000000002,5045.221920936207,0.1374339945768517,0.6087906072206076,0.06908777029114263,0.8257319019535525
123,2,280,3110.000000000001,5045.221920936207,0.156272299129442,1.644656089921181,0.4169432853876656,1.622257852391063
123,6,110,3110.000000000001,5045.221920936207,0.09604681033252462,0.19903743832844,0.031012559126299494,1.622257852391063
123,3,525,5160.000000000001,5045.221920936207,0.15612958470101326,1.5493100196664806,0.2365125042084408,0.977756186227947
124,3,175,3110.000000000001,4496.39075210504,0.15612958470101326,0.31434218083895016,0.07095639182881147,1.4457848077508162
124,5,700,6910.000000000002,4496.39075210504,0.15812758669901528,2.2317238528825722,0.2296328926941488,0.6507077788864021
124,2,700,6910.000000000002,4496.39075210504,0.156272299129442,0.3859554149344576,0.03924688010950375,0.6507077788864021
124,1,279,3110.000000000001,4496.39075210504,0.1374339945768517,1.5320159044847506,0.304411531768092,1.4457848077508162
124,0,341,3320.0000000000014,4496.39075210504,0.13757670900528043,1.54961055455343,0.28873101951626257,1.3543345638870596
124,4,350,3410.000000000001,4496.39075210504,0.1584130155558727,2.31329608680219,0.48320536924540636,1.3185896633739116
124,6,440,4310.000000000002,4496.39075210504,0.09604681033252462,0.5764417358745131,0.057759728053882124,1.043246114177503
125,6,440,4310.000000000002,5134.686741829601,0.09604681033252462,0.2158515747552744,0.024698743002227862,1.191342631514988
125,5,700,6910.000000000002,5134.686741829601,0.15812758669901528,0.8901226743580934,0.10459078264816178,0.7430805704529088
125,4,700,6910.000000000002,5134.686741829601,0.1584130155558727,1.355933412647476,0.1596118494192283,0.7430805704529088
125,3,420,4110.000000000002,5134.686741829601,0.15612958470101326,1.820243044414383,0.3550477101211583,1.2493155089609729
125,1,62,3110.000000000001,5134.686741829601,0.1374339945768517,0.28062229839201225,0.0636751403855516,1.6510246758294531
125,2,490,4810.000000000001,5134.686741829601,0.156272299129442,2.4309854104338484,0.40553956496152427,1.067502441128815
125,0,527,5180.000000000002,5134.686741829601,0.13757670900528043,0.3918925224609529,0.05344364700626253,0.9912522667624708
126,4,630,6210.000000000002,4901.108891108893,0.1584130155558727,1.5053453520959037,0.1882043940226972,0.7892284848806588
126,2,350,3410.000000000001,4901.108891108893,0.156272299129442,0.5639176471041457,0.12665946807748144,1.4372753346360385
126,3,490,4810.000000000001,4901.108891108893,0.15612958470101326,0.5558593920833365,0.08842995985802585,1.018941557403096
126,6,440,4310.000000000002,4901.108891108893,0.09604681033252462,0.563421188939646,0.06153655846390882,1.1371482345960304
126,0,620,6110.000000000002,4901.108891108893,0.13757670900528043,3.3794820540724286,0.3729479311669218,0.8021454813598841
126,1,620,6110.000000000002,4901.108891108893,0.1374339945768517,0.949977456365041,0.10472746959160069,0.8021454813598841
126,5,350,3410.000000000001,4901.108891108893,0.15812758669901528,1.3443471323500902,0.3055336446072707,1.4372753346360385
127,1,589,5800.000000000002,5306.249464820894,0.1374339945768517,0.8433658290961905,0.10604002963923177,0.9148705973829124
127,2,455,4460.000000000002,5306.249464820894,0.156272299129442,1.26056172815158,0.23436832929846999,1.189742032471052
127,4,700,6910.000000000002,5306.249464820894,0.1584130155558727,2.0181957370893246,0.2455069337384918,0.7679087503358745
127,5,700,6910.000000000002,5306.249464820894,0.15812758669901528,0.6589639155172944,0.08001637873904709,0.7679087503358745
127,0,620,6110.000000000002,5306.249464820894,0.13757670900528043,1.0783815281667535,0.12884388457149815,0.8684532675647941
127,3,175,3110.000000000001,5306.249464820894,0.15612958470101326,1.7473739144145284,0.46547710794649827,1.7061895385276182
127,6,110,3110.000000000001,5306.249464820894,0.09604681033252462,0.24591244923803052,0.040298672198499225,1.7061895385276182
128,5,140,3110.000000000001,4766.557727986301,0.15812758669901528,2.3400783553186937,0.5671298556313081,1.5326552180020256
128,1,620,6110.000000000002,4766.557727986301,0.1374339945768517,1.6319300374934167,0.17496829213976506,0.7801240144003764
128,4,350,3410.000000000001,4766.557727986301,0.1584130155558727,1.9005202387124829,0.42083692463558986,1.3978175155385044
128,6,330,3210.000000000001,4766.557727986301,0.09604681033252462,0.5118361916026808,0.07299847085758121,1.4849089495284422
128,2,700,6910.000000000002,4766.557727986301,0.156272299129442,0.5187395665427339,0.05591884419569684,0.6898057493467872
128,3,700,6910.000000000002,4766.557727986301,0.15612958470101326,0.5224064532749876,0.056262697104560506,0.6898057493467872
128,0,93,3110.000000000001,4766.557727986301,0.13757670900528043,1.1501603504644655,0.24252012119622937,1.5326552180020256
129,1,217,3110.000000000001,4769.9971457114325,0.1374339945768517,1.0013781952553247,0.21108143125680826,1.5337611401001385
129,6,440,4310.000000000002,4769.9971457114325,0.09604681033252462,0.38929296683578957,0.04138094014897813,1.1067278760351347
129,0,465,4560.000000000002,4769.9971457114325,0.13757670900528043,0.8489234845619974,0.1221706096143755,1.0460520056384717
129,5,420,4110.000000000002,4769.9971457114325,0.15812758669901528,0.4352671638232395,0.07988032915979079,1.160583247131735
129,4,70,3110.000000000001,4769.9971457114325,0.1584130155558727,0.3812461422578836,0.09263050874370439,1.5337611401001385
129,2,700,6910.000000000002,4769.9971457114325,0.156272299129442,2.08361784345127,0.2247709294382996,0.6903034943142448
129,3,700,6910.000000000002,4769.9971457114325,0.15612958470101326,1.8017695185758205,0.1941889492387942,0.6903034943142448
130,5,490,4810.000000000001,5313.901812473243,0.15812758669901528,1.7508074871988482,0.3058542271540634,1.1047612915744787
130,4,700,6910.000000000002,5313.901812473243,0.1584130155558727,1.277716045053384,0.15565414417038834,0.7690161812551725
130,0,620,6110.000000000002,5313.901812473243,0.13757670900528043,0.4268379026329237,0.05107168760801436,0.8697056976224617
130,6,22,3110.000000000001,5313.901812473243,0.09604681033252462,0.2666407126647543,0.043758511911861656,1.7086501004737111
130,3,700,6910.000000000002,5313.901812473243,0.15612958470101326,1.8496404772634747,0.2220792609437771,0.7690161812551725
130,2,280,3110.000000000001,5313.901812473243,0.156272299129442,1.2643425955518115,0.33759803306699887,1.7086501004737111
130,1,558,5490.000000000002,5313.901812473243,0.1374339945768517,0.3625487864619589,0.04822828364222405,0.9679238274086049
131,0,279,3110.000000000001,4899.096617668048,0.13757670900528043,2.0260175851857163,0.4390800878752955,1.5752722243305615
131,3,700,6910.000000000002,4899.096617668048,0.15612958470101326,0.6733937103212285,0.07454048552979936,0.7089864859143338
131,6,198,3110.000000000001,4899.096617668048,0.09604681033252462,0.7103478625081597,0.10747554106533416,1.5752722243305615
131,5,245,3110.000000000001,4899.096617668048,0.15812758669901528,1.7688237332045722,0.4406033705569389,1.5752722243305615
131,2,700,6910.000000000002,4899.096617668048,0.156272299129442,0.7986273920090362,0.088483880533164,0.7089864859143338
131,1,155,3110.000000000001,4899.096617668048,0.1374339945768517,2.058415852199911,0.44563870434177666,1.5752722243305615
131,4,700,6910.000000000002,4899.096617668048,0.1584130155558727,1.0533195733817555,0.11830115179008918,0.7089864859143338
132,6,440,4310.000000000002,4545.815612958471,0.09604681033252462,0.13536004640146432,0.013712226774869891,1.0547135992943084
132,2,210,3110.000000000001,4545.815612958471,0.156272299129442,2.166373435995458,0.4948422242336016,1.4616770459673536
132,5,420,4110.000000000002,4545.815612958471,0.15812758669901528,1.4080125147553788,0.24625448664231275,1.1060378620336908
132,3,700,6910.000000000002,4545.815612958471,0.15612958470101326,2.1186348196771054,0.21760811085010764,0.6578604360287221
132,1,620,6110.000000000002,4545.815612958471,0.1374339945768517,0.3528751191766374,0.03608160212032911,0.7439960086675074
132,0,434,4250.000000000002,4545.815612958471,0.13757670900528043,0.7265705195032764,0.10691670714026479,1.069603673637287
132,4,245,3110.000000000001,4545.815612958471,0.1584130155558727,1.4919982977698383,0.3454702194326411,1.4616770459673536
133,2,525,5160.000000000001,5344.075924075925,0.156272299129442,0.8719173747126882,0.14111729775579326,1.0356736286968846
133,0,620,6110.000000000002,5344.075924075925,0.13757670900528043,1.7504045597992464,0.21062734904237443,0.8746441774265015
133,3,245,3110.000000000001,5344.075924075925,0.15612958470101326,1.4957182480664253,0.40127973428913416,1.7183523871626765
133,1,620,6110.000000000002,5344.075924075925,0.1374339945768517,1.6322480565058028,0.1962057538411871,0.8746441774265015
133,5,595,5860.000000000002,5344.075924075925,0.15812758669901528,0.7596180714083521,0.10954131107245382,0.911958348818417
133,4,700,6910.000000000002,5344.075924075925,0.1584130155558727,0.8641914199586033,0.1058754779007445,0.7733829123120005
133,6,374,3650.000000000001,5344.075924075925,0.09604681033252462,0.4582524622973328,0.06444177720375768,1.4641303901577873
134,5,700,6910.000000000002,5928.688454402742,0.15812758669901528,2.255130447077254,0.3059566473632421,0.8579867517225384
134,6,286,3110.000000000001,5928.688454402742,0.09604681033252462,0.377046053030466,0.06903599456439917,1.906330692734
134,4,665,6560.000000000001,5928.688454402742,0.1584130155558727,1.529167146281821,0.21892764729966138,0.9037634839028569
134,2,700,6910.000000000002,5928.688454402742,0.156272299129442,0.5791893018923799,0.07765744809484529,0.8579867517225384
134,3,700,6910.000000000002,5928.688454402742,0.15612958470101326,0.5536770250284265,0.07416897703939587,0.8579867517225384
134,0,589,5800.000000000002,5928.688454402742,0.13757670900528043,0.7639980664702376,0.10744044825363953,1.0221876645521966
134,1,403,3940.000000000001,5928.688454402742,0.1374339945768517,0.7337613438831146,0.1517439572276703,1.5047432625387667
135,1,620,6110.000000000002,4910.970458113316,0.1374339945768517,0.5320976553907585,0.05877756985582865,0.8037594857795933
135,0,620,6110.000000000002,4910.970458113316,0.13757670900528043,0.7234539372883603,0.07999851261506928,0.8037594857795933
135,4,35,3110.000000000001,4910.970458113316,0.1584130155558727,1.1425915006535128,0.2858174782036909,1.5790901794576575
135,6,110,3110.000000000001,4910.970458113316,0.09604681033252462,0.28239552112810234,0.04282996147476409,1.5790901794576575
135,2,560,5510.000000000002,4910.970458113316,0.156272299129442,1.3805173519228071,0.19228242656397979,0.8912832047392586
135,3,315,3110.000000000001,4910.970458113316,0.15612958470101326,2.5555211470627572,0.6300450679770438,1.5790901794576575
135,5,700,6910.000000000002,4910.970458113316,0.15812758669901528,1.0421697264040146,0.11712116146187591,0.7107048419845609
136,2,455,4460.000000000002,5018.756957328387,0.156272299129442,1.2392051085494808,0.2179146874841396,1.1252818289973958
136,5,385,3760.0000000000014,5018.756957328387,0.15812758669901528,1.2499762571805924,0.2638260811088682,1.3347757865235068
136,0,279,3110.000000000001,5018.756957328387,0.13757670900528043,0.8855938090383231,0.1966143735557424,1.6137482177904778
136,3,700,6910.000000000002,5018.756957328387,0.15612958470101326,0.5357369403846917,0.06075120755939786,0.7263034670518648
136,6,440,4310.000000000002,5018.756957328387,0.09604681033252462,0.5752506214658143,0.06433672322035668,1.16444476968176
136,1,527,5180.000000000002,5018.756957328387,0.1374339945768517,1.1531628946109147,0.15355049972508994,0.9688719994842443
136,4,700,6910.000000000002,5018.756957328387,0.1584130155558727,1.4651993561156471,0.16857986345348072,0.7263034670518648
137,3,700,6910.000000000002,4993.766233766235,0.15612958470101326,1.90109369989324,0.21450572526859787,0.7226868645103088
137,4,210,3110.000000000001,4993.766233766235,0.1584130155558727,1.9352034602619534,0.49224953281946937,1.6057126153589176
137,5,700,6910.000000000002,4993.766233766235,0.15812758669901528,0.7819733607146531,0.08936135847202671,0.7226868645103088
137,6,440,4310.000000000002,4993.766233766235,0.09604681033252462,0.28462894265490907,0.031674731672283206,1.158646457950402
137,1,465,4560.000000000002,4993.766233766235,0.1374339945768517,0.46473379490644007,0.06994582394998956,1.0951241740715423
137,0,93,3110.000000000001,4993.766233766235,0.13757670900528043,0.5888605745958921,0.13008439882927705,1.6057126153589176
137,2,560,5510.000000000002,4993.766233766235,0.156272299129442,2.0282168799960805,0.2872585765864067,0.9063096613005868
138,6,330,3210.000000000001,4538.471528471529,0.09604681033252462,0.37806572788765175,0.05133987884410817,1.4138540587138717
138,5,280,3110.000000000001,4538.471528471529,0.15812758669901528,1.0970837545879168,0.25316091304546917,1.4593156040101376
138,0,620,6110.000000000002,4538.471528471529,0.13757670900528043,0.8119152676672645,0.08297056158966139,0.7427940308464039
138,2,700,6910.000000000002,4538.471528471529,0.156272299129442,0.6601573375384449,0.0677580695591184,0.6567976162766321
138,1,620,6110.000000000002,4538.471528471529,0.1374339945768517,0.721387773161561,0.07364297961356896,0.7427940308464039
138,4,175,3110.000000000001,4538.471528471529,0.1584130155558727,0.9702840864007467,0.22430502147054895,1.4593156040101376
138,3,105,3110.000000000001,4538.471528471529,0.15612958470101326,2.088860281260181,0.4759308127480727,1.4593156040101376
139,6,88,3110.000000000001,5154.512630226917,0.09604681033252462,0.4747073978002266,0.07556769330075354,1.6573995595584938
139,4,700,6910.000000000002,5154.512630226917,0.1584130155558727,0.4596789915054637,0.05431941422226773,0.7459497294105523
139,5,700,6910.000000000002,5154.512630226917,0.15812758669901528,0.49401313969261135,0.058271433767645,0.7459497294105523
139,2,70,3110.000000000001,5154.512630226917,0.156272299129442,1.747119727767704,0.4525138628074029,1.6573995595584938
139,3,595,5860.000000000002,5154.512630226917,0.15612958470101326,1.9743366726553258,0.27114175895243553,0.8796096638612484
139,0,217,3110.000000000001,5154.512630226917,0.13757670900528043,1.8485369581902886,0.42150261511063564,1.6573995595584938
139,1,620,6110.000000000002,5154.512630226917,0.1374339945768517,2.3533506467972294,0.27285204236668276,0.8436190884168439
140,6,176,3110.000000000001,5019.9186527757965,0.09604681033252462,0.17182103093332718,0.02663762849624817,1.6141217533041141
140,1,620,6110.000000000002,5019.9186527757965,0.1374339945768517,0.43758502478811895,0.049409685537030075,0.8215906142022578
140,2,35,3110.000000000001,5019.9186527757965,0.156272299129442,0.7983643304337518,0.20138142856181473,1.6141217533041141
140,5,700,6910.000000000002,5019.9186527757965,0.15812758669901528,2.390320075878266,0.274588493317441,0.7264715850616201
140,4,210,3110.000000000001,5019.9186527757965,0.1584130155558727,2.4557729501483236,0.6279359725148215,1.6141217533041141
140,3,630,6210.000000000002,5019.9186527757965,0.15612958470101326,2.7258809243495503,0.344030672436432,0.8083604915903052
140,0,620,6110.000000000002,5019.9186527757965,0.13757670900528043,0.4262219229428892,0.048176602529564655,0.8215906142022578
141,3,35,3110.000000000001,4485.674325674327,0.15612958470101326,1.05399034408434,0.2373499731324597,1.442339011470844
141,1,465,4560.000000000002,4485.674325674327,0.1374339945768517,1.279371176333959,0.1729631667974102,0.9837005100162993
141,4,350,3410.000000000001,4485.674325674327,0.1584130155558727,0.6772153606655439,0.14112079740458858,1.3154470163267817
141,0,620,6110.000000000002,4485.674325674327,0.13757670900528043,1.853554555382289,0.18721335165707995,0.734152917458973
141,2,210,3110.000000000001,4485.674325674327,0.156272299129442,1.1727897444624684,0.26434403293232467,1.442339011470844
141,6,440,4310.000000000002,4485.674325674327,0.09604681033252462,0.35763425673029264,0.03574971037202688,1.0407597043327899
141,5,700,6910.000000000002,4485.674325674327,0.15812758669901528,0.9270442043869453,0.0951607328398941,0.6491569212263857
142,6,440,4310.000000000002,4315.70857713715,0.09604681033252462,0.23357006574020933,0.022463373092938336,1.001324495855487
142,1,620,6110.000000000002,4315.70857713715,0.1374339945768517,1.3362317765120582,0.12971400407391664,0.7063352826738378
142,5,35,3110.000000000001,4315.70857713715,0.15812758669901528,1.5369655235133746,0.3372589552932397,1.38768764538172
142,3,490,4810.000000000001,4315.70857713715,0.15612958470101326,0.5155022361099469,0.07221423125650432,0.8972367104235238
142,4,140,3110.000000000001,4315.70857713715,0.1584130155558727,1.6022653115284067,0.3522224337018903,1.38768764538172
142,0,620,6110.000000000002,4315.70857713715,0.13757670900528043,1.0468353056635045,0.10172651775701277,0.7063352826738378
142,2,210,3110.000000000001,4315.70857713715,0.156272299129442,1.0834143706959678,0.23494614058269828,1.38768764538172
143,4,455,4460.000000000002,5037.405451691168,0.1584130155558727,0.4431191361288419,0.07928360988189774,1.1294631057603512
143,5,700,6910.000000000002,5037.405451691168,0.15812758669901528,0.6455020979075097,0.07441048949152422,0.7290022361347565
143,2,700,6910.000000000002,5037.405451691168,0.156272299129442,1.926537298550418,0.21947663029985628,0.7290022361347565
143,1,341,3320.0000000000014,5037.405451691168,0.1374339945768517,0.8635350322483227,0.18007065929958893,1.5172907987021584
143,3,560,5510.000000000002,5037.405451691168,0.15612958470101326,2.341844848562251,0.33427094750817293,0.9142296645537508
143,0,31,3110.000000000001,5037.405451691168,0.13757670900528043,0.9192544846719781,0.20484586064763727,1.619744518228671
143,6,440,4310.000000000002,5037.405451691168,0.09604681033252462,0.4039785978926973,0.045349336980761885,1.168771566517672
144,4,560,5510.000000000002,4916.10817753675,0.1584130155558727,1.5044581068941658,0.2126379575905269,0.8922156402063065
144,3,245,3110.000000000001,4916.10817753675,0.15612958470101326,1.0431938027181415,0.2574608772588163,1.5807421792722665
144,0,620,6110.000000000002,4916.10817753675,0.13757670900528043,0.45837151771218465,0.050739100127791516,0.8046003563889933
144,1,620,6110.000000000002,4916.10817753675,0.1374339945768517,0.3830453674866551,0.04235694262063332,0.8046003563889933
144,6,176,3110.000000000001,4916.10817753675,0.09604681033252462,0.41766752966083137,0.06341247471740413,1.5807421792722665
144,5,700,6910.000000000002,4916.10817753675,0.15812758669901528,2.3605288914096523,0.26555858547280276,0.7114483614380245
144,2,175,3110.000000000001,4916.10817753675,0.156272299129442,1.4799359349222767,0.3655829719812837,1.5807421792722665
145,3,700,6910.000000000002,4618.735550164123,0.15612958470101326,0.40836568375704024,0.04261666827142423,0.6684132489383678
145,5,140,3110.000000000001,4618.735550164123,0.15812758669901528,2.243100980382968,0.5267677470301271,1.4851239711138655
145,2,140,3110.000000000001,4618.735550164123,0.156272299129442,0.8915452720155503,0.20691315884256606,1.4851239711138655
145,6,440,4310.000000000002,4618.735550164123,0.09604681033252462,0.41201453000594734,0.04240736670054939,1.0716323782283343
145,0,620,6110.000000000002,4618.735550164123,0.13757670900528043,2.259716911812588,0.23500702196740908,0.7559305319417547
145,4,385,3760.0000000000014,4618.735550164123,0.1584130155558727,2.32754464916637,0.45292274858218834,1.2283871144053515
145,1,527,5180.000000000002,4618.735550164123,0.1374339945768517,2.8071757483522175,0.34399894465070113,0.8916477896069733
146,5,455,4460.000000000002,5088.681318681321,0.15812758669901528,1.2792288978059496,0.23079494879231377,1.1409599369240624
146,3,70,3110.000000000001,5088.681318681321,0.15612958470101326,1.8393639939889983,0.4698916742764245,1.6362319352673051
146,4,700,6910.000000000002,5088.681318681321,0.1584130155558727,0.5291480733047103,0.06172985926912659,0.7364227668135049
146,0,620,6110.000000000002,5088.681318681321,0.13757670900528043,1.0355421049483882,0.11865245319676995,0.8328447330083992
146,6,220,3110.000000000001,5088.681318681321,0.09604681033252462,0.26590794163884557,0.04178872490149901,1.6362319352673051
146,1,434,4250.000000000002,5088.681318681321,0.1374339945768517,0.838980254255488,0.13805820835128652,1.1973367808661926
146,2,700,6910.000000000002,5088.681318681321,0.156272299129442,1.7708388125870358,0.20379252028699374,0.7364227668135049
147,1,620,6110.000000000002,5154.512630226917,0.1374339945768517,0.8020223840621657,0.09298803211199204,0.8436190884168439
147,6,132,3110.000000000001,5154.512630226917,0.09604681033252462,0.5848585108832931,0.09310242220696024,1.6573995595584938
147,2,175,3110.000000000001,5154.512630226917,0.156272299129442,0.506420343593321,0.13116572507395735,1.6573995595584938
147,3,595,5860.000000000002,5154.512630226917,0.15612958470101326,0.5324637166139721,0.07312488832357711,0.8796096638612484
147,5,700,6910.000000000002,5154.512630226917,0.15812758669901528,1.7632452722859542,0.20798400253899335,0.7459497294105523
147,4,700,6910.000000000002,5154.512630226917,0.1584130155558727,1.5370652410326122,0.18163214995068544,0.7459497294105523
147,0,155,3110.000000000001,5154.512630226917,0.13757670900528043,0.9397287873381103,0.21427656049979038,1.6573995595584938
148,2,700,6910.000000000002,5459.701726844585,0.156272299129442,2.177428005783843,0.26885410744656,0.7901160241453812
148,6,44,3110.000000000001,5459.701726844585,0.09604681033252462,0.13718609971394807,0.023131382161541873,1.7555311018792874
148,0,589,5800.000000000002,5459.701726844585,0.13757670900528043,0.48667606099613947,0.0630268822293888,0.9413278839387212
148,3,700,6910.000000000002,5459.701726844585,0.15612958470101326,2.3355971303933662,0.2881203987764969,0.7901160241453812
148,1,620,6110.000000000002,5459.701726844585,0.1374339945768517,0.47396265665986587,0.05820576500492177,0.8935682040662166
148,4,560,5510.000000000002,5459.701726844585,0.1584130155558727,1.144364941410272,0.1796274579426653,0.9908714567776014
148,5,35,3110.000000000001,5459.701726844585,0.15812758669901528,1.0275967704008722,0.28525870192913083,1.7555311018792874
149,4,280,3110.000000000001,4867.73940345369,0.1584130155558727,0.4366129095490859,0.10825659544379357,1.5651895187953984
149,6,440,4310.000000000002,4867.73940345369,0.09604681033252462,0.3771847993116162,0.04091543556295342,1.1294058940727814
149,5,455,4460.000000000002,4867.73940345369,0.15812758669901528,0.4939990264217766,0.08525624430049751,1.0914213909088988
149,1,496,4870.000000000001,4867.73940345369,0.1374339945768517,1.1722937369103827,0.16103822432200124,0.9995358117974721
149,3,700,6910.000000000002,4867.73940345369,0.15612958470101326,2.111816915469467,0.23226872790364406,0.7044485388500273
149,2,700,6910.000000000002,4867.73940345369,0.156272299129442,1.2939102835636809,0.14244113935808594,0.7044485388500273
149,0,186,3110.000000000001,4867.73940345369,0.13757670900528043,1.3254937286478479,0.28542336680769687,1.5651895187953984
150,6,66,3110.000000000001,5394.9721706864575,0.09604681033252462,0.2732544556323774,0.0455280467625302,1.7347177397705646
150,3,630,6210.000000000002,5394.9721706864575,0.15612958470101326,2.2428948752550792,0.30422278077458326,0.8687555830412973
150,5,700,6910.000000000002,5394.9721706864575,0.15812758669901528,1.5668178807509459,0.19343600910995754,0.7807485051644655
150,1,620,6110.000000000002,5394.9721706864575,0.1374339945768517,0.30840204274023547,0.03742479362493171,0.8829741686884544
150,4,35,3110.000000000001,5394.9721706864575,0.1584130155558727,1.1757623643571982,0.32310169439668407,1.7347177397705646
150,2,560,5510.000000000002,5394.9721706864575,0.156272299129442,0.9467153644818862,0.1448568500260554,0.9791238059322062
150,0,620,6110.000000000002,5394.9721706864575,0.13757670900528043,0.33730616373725714,0.04097483300366748,0.8829741686884544
