round,cid,tau,a_i,a_eff,p_i,raw_update_norm,contribution_norm,amp_vs_fedavg
1,1,620,6110.000000000002,5347.555301841017,0.1374339945768517,3.9770114216028256,0.47837126254831697,0.8752136336892006
1,3,245,3110.000000000001,5347.555301841017,0.15612958470101326,2.627951773825233,0.7055007684352937,1.7194711581482365
1,4,700,6910.000000000002,5347.555301841017,0.1584130155558727,4.1139301835142525,0.5043418597594987,0.7738864402085407
1,5,630,6210.000000000002,5347.555301841017,0.15812758669901528,3.8430281844890626,0.523292965680341,0.8611200163995194
1,0,620,6110.000000000002,5347.555301841017,0.13757670900528043,3.9115318819331057,0.4709836869612429,0.8752136336892006
1,6,22,3110.000000000001,5347.555301841017,0.09604681033252462,1.7662987252089792,0.2917037402559545,1.7194711581482365
1,2,525,5160.000000000001,5347.555301841017,0.156272299129442,3.582201231837718,0.5801463490160131,1.0363479267133753
2,5,420,4110.000000000002,4696.599115170545,0.15812758669901528,3.2130283833500966,0.580582411630218,1.142724845540278
2,1,620,6110.000000000002,4696.599115170545,0.1374339945768517,3.5857261605215873,0.3788031406325221,0.7686741596023803
2,6,330,3210.000000000001,4696.599115170545,0.09604681033252462,0.1462189414267762,0.020547786364650603,1.463114989149702
2,2,700,6910.000000000002,4696.599115170545,0.156272299129442,3.4942281804099964,0.3711408073722378,0.6796814927887906
2,0,620,6110.000000000002,4696.599115170545,0.13757670900528043,3.4932778747652926,0.369419938204033,0.7686741596023803
2,3,35,3110.000000000001,4696.599115170545,0.15612958470101326,1.9900741620267557,0.46922113807448834,1.5101604871931007
2,4,210,3110.000000000001,4696.599115170545,0.1584130155558727,2.5054238937181514,0.5993702449605437,1.5101604871931007
3,4,525,5160.000000000001,5306.888825460256,0.1584130155558727,3.039141727426727,0.4951446635374778,1.0284668266395844
3,3,700,6910.000000000002,5306.888825460256,0.15612958470101326,3.7059182626581233,0.44436821108371477,0.7680012772011946
3,1,620,6110.000000000002,5306.888825460256,0.1374339945768517,3.5783232314255895,0.427142236267824,0.8685579092406308
3,6,220,3110.000000000001,5306.888825460256,0.09604681033252462,0.9592522243661125,0.15721550037572707,1.70639512072677
3,5,700,6910.000000000002,5306.888825460256,0.15812758669901528,3.841059359480426,0.46646665494881107,0.7680012772011946
3,2,490,4810.000000000001,5306.888825460256,0.156272299129442,2.8013265053666476,0.4829927874007934,1.1033032901164772
3,0,186,3110.000000000001,5306.888825460256,0.13757670900528043,1.912688509923283,0.4490231848914413,1.70639512072677
4,4,280,3110.000000000001,4951.564150135579,0.1584130155558727,2.534220879175682,0.6391714189244392,1.5921428135484175
4,6,220,3110.000000000001,4951.564150135579,0.09604681033252462,0.2602326434435905,0.0397948379881033,1.5921428135484175
4,2,700,6910.000000000002,4951.564150135579,0.156272299129442,3.3745044375965443,0.3778821414569663,0.7165794717996495
4,3,700,6910.000000000002,4951.564150135579,0.15612958470101326,3.5898726938548386,0.40163228374436866,0.7165794717996495
4,0,496,4870.000000000001,4951.564150135579,0.13757670900528043,2.889513397842911,0.40418768552714424,1.0167482854487842
4,5,70,3110.000000000001,4951.564150135579,0.15812758669901528,2.058781520439836,0.5183223371339378,1.5921428135484175
4,1,620,6110.000000000002,4951.564150135579,0.1374339945768517,3.3388881135243533,0.37187521603774015,0.8104032978945299
5,1,496,4870.000000000001,5425.764235764236,0.1374339945768517,3.3022038585161724,0.505626709744768,1.1141199662760237
5,3,700,6910.000000000002,5425.764235764236,0.15612958470101326,4.020278236065275,0.49286069661048765,0.7852046650888908
5,4,700,6910.000000000002,5425.764235764236,0.1584130155558727,3.589727604080623,0.4465141509698792,0.7852046650888908
5,5,70,3110.000000000001,5425.764235764236,0.15812758669901528,0.9574732302485257,0.2641403888898235,1.7446187253261205
5,0,527,5180.000000000002,5425.764235764236,0.13757670900528043,3.1548573788728618,0.45462760877173464,1.0474448331591186
5,2,700,6910.000000000002,5425.764235764236,0.156272299129442,3.836176173831425,0.4707208296611729,0.7852046650888908
5,6,198,3110.000000000001,5425.764235764236,0.09604681033252462,0.7190801797090988,0.12049271620031526,1.7446187253261205
6,0,93,3110.000000000001,4722.473241044671,0.13757670900528043,1.2549709125308444,0.26217283666349894,1.5184801418150065
6,4,630,6210.000000000002,4722.473241044671,0.1584130155558727,3.5631208850960925,0.42923914751606346,0.7604626797173382
6,3,140,3110.000000000001,4722.473241044671,0.15612958470101326,1.6749340363155338,0.39709281516437006,1.5184801418150065
6,1,620,6110.000000000002,4722.473241044671,0.1374339945768517,3.5587589509810695,0.37802544877135624,0.7729088774213863
6,5,140,3110.000000000001,4722.473241044671,0.15812758669901528,1.5505479416565644,0.37230764867105604,1.5184801418150065
6,2,700,6910.000000000002,4722.473241044671,0.156272299129442,4.063428776357997,0.4339763990660873,0.6834259393697062
6,6,440,4310.000000000002,4722.473241044671,0.09604681033252462,0.44432033223482187,0.046759662672663065,1.0957014480382063
7,6,440,4310.000000000002,5050.232624518339,0.09604681033252462,0.4898557794327601,0.05512965770649382,1.1717477087049506
7,4,455,4460.000000000002,5050.232624518339,0.1584130155558727,2.9815077050930614,0.53481468261368,1.1323391534794478
7,5,140,3110.000000000001,5050.232624518339,0.15812758669901528,1.4615149705884498,0.3752856041038441,1.623869011099144
7,0,620,6110.000000000002,5050.232624518339,0.13757670900528043,3.678275593977236,0.41827254111409196,0.8265519843728867
7,2,700,6910.000000000002,5050.232624518339,0.156272299129442,4.348248613193287,0.4966262881510172,0.7308585563702371
7,1,527,5180.000000000002,5050.232624518339,0.1374339945768517,3.2190951510701433,0.43132994190830637,0.9749483831116482
7,3,525,5160.000000000001,5050.232624518339,0.15612958470101326,3.328841926710687,0.5086746076059002,0.9787272528136315
8,0,217,3110.000000000001,5592.838589981448,0.13757670900528043,1.9630799384454178,0.4856851197721673,1.7983403826306903
8,4,595,5860.000000000002,5592.838589981448,0.1584130155558727,3.8678398643214997,0.5847820268196195,0.9544093156964926
8,2,700,6910.000000000002,5592.838589981448,0.156272299129442,4.304430108557578,0.5444423508438149,0.8093832981159836
8,5,665,6560.000000000001,5592.838589981448,0.15812758669901528,4.076784014608395,0.5496089454011326,0.8525668582288792
8,3,700,6910.000000000002,5592.838589981448,0.15612958470101326,4.437884008613343,0.5608095361679933,0.8093832981159836
8,1,465,4560.000000000002,5592.838589981448,0.1374339945768517,3.048155590233394,0.5138054943625289,1.2264996907854049
8,6,440,4310.000000000002,5592.838589981448,0.09604681033252462,0.35727588175448105,0.04452886874398826,1.2976423642648367
9,6,66,3110.000000000001,5702.561723990297,0.09604681033252462,2.6860062494312964,0.47304185737629373,1.8336211331158505
9,5,700,6910.000000000002,5702.561723990297,0.15812758669901528,4.408572473689394,0.5753042401810587,0.8252621887106071
9,4,595,5860.000000000002,5702.561723990297,0.1584130155558727,4.004127696849488,0.6172642990760061,0.9731333999983438
9,2,490,4810.000000000001,5702.561723990297,0.156272299129442,3.6900426091324947,0.6836570568810996,1.1855637679813504
9,1,620,6110.000000000002,5702.561723990297,0.1374339945768517,4.060729844488524,0.5208672498202626,0.9333161577725524
9,3,700,6910.000000000002,5702.561723990297,0.15612958470101326,4.6305222022122745,0.5966327967593854,0.8252621887106071
9,0,527,5180.000000000002,5702.561723990297,0.13757670900528043,3.8353244886229856,0.5808811249781531,1.100880641696968
10,3,35,3110.000000000001,4445.678607107179,0.15612958470101326,1.644641378049295,0.3670574904144169,1.4294786518029512
10,5,175,3110.000000000001,4445.678607107179,0.15812758669901528,2.2490751276417345,0.5083809630999659,1.4294786518029512
10,2,700,6910.000000000002,4445.678607107179,0.156272299129442,4.380131474985348,0.4403815987641012,0.6433688288143529
10,4,455,4460.000000000002,4445.678607107179,0.1584130155558727,3.483277995499358,0.5500247113101671,0.9967889253603537
10,0,620,6110.000000000002,4445.678607107179,0.13757670900528043,3.809813012405528,0.38136903673604705,0.7276069733399636
10,1,248,3110.000000000001,4445.678607107179,0.1374339945768517,2.561571806240655,0.5032437362971788,1.4294786518029512
10,6,440,4310.000000000002,4445.678607107179,0.09604681033252462,0.1506143549469929,0.014921418309021633,1.0314799552452847
11,0,217,3110.000000000001,4906.689025260454,0.13757670900528043,2.1288062868217037,0.4620715246376583,1.5777135129454833
11,2,700,6910.000000000002,4906.689025260454,0.156272299129442,4.038916961729671,0.44818509866013073,0.7100852424400077
11,3,280,3110.000000000001,4906.689025260454,0.15612958470101326,2.873385372859083,0.707794569736218,1.5777135129454833
11,5,700,6910.000000000002,4906.689025260454,0.15812758669901528,4.3448726624017855,0.4878599676467258,0.7100852424400077
11,4,700,6910.000000000002,4906.689025260454,0.1584130155558727,4.429506877875419,0.49826080868347256,0.7100852424400077
11,6,66,3110.000000000001,4906.689025260454,0.09604681033252462,0.7016719701325104,0.1063274062840023,1.5777135129454833
11,1,186,3110.000000000001,4906.689025260454,0.1374339945768517,2.312582159464096,0.5014405900157234,1.5777135129454833
12,6,440,4310.000000000002,5296.606250891967,0.09604681033252462,0.282126668144515,0.03330025086704076,1.2289109630839825
12,2,105,3110.000000000001,5296.606250891967,0.156272299129442,1.7218384864907732,0.45825974839023453,1.703088826653365
12,5,595,5860.000000000002,5296.606250891967,0.15812758669901528,4.171681644785045,0.5962369328565563,0.9038577219952159
12,0,372,3630.000000000001,5296.606250891967,0.13757670900528043,2.821985870473933,0.5664881310514641,1.4591201793090813
12,4,700,6910.000000000002,5296.606250891967,0.1584130155558727,4.377504128195439,0.5315413645453768,0.7665132056283597
12,1,589,5800.000000000002,5296.606250891967,0.1374339945768517,4.183684716236417,0.5250767800388567,0.9132079742917181
12,3,700,6910.000000000002,5296.606250891967,0.15612958470101326,3.7658891504599317,0.4506842469883761,0.7665132056283597
13,1,620,6110.000000000002,5505.9383473669195,0.1374339945768517,3.23641548072513,0.400819252094947,0.9011355724004776
13,0,496,4870.000000000001,5505.9383473669195,0.13757670900528043,2.7397131258171488,0.42614008649177654,1.1305828228679504
13,4,700,6910.000000000002,5505.9383473669195,0.1584130155558727,3.2937489515725993,0.4157522921891031,0.7968072861601907
13,6,176,3110.000000000001,5505.9383473669195,0.09604681033252462,0.5391452243794925,0.09167684617281482,1.7703981824330925
13,2,140,3110.000000000001,5505.9383473669195,0.156272299129442,1.879160888541586,0.5198965332699943,1.7703981824330925
13,3,665,6560.000000000001,5505.9383473669195,0.15612958470101326,4.132977810724294,0.5415964173559565,0.839319870025445
13,5,700,6910.000000000002,5505.9383473669195,0.15812758669901528,3.979440612508392,0.5013984273692611,0.7968072861601907
14,5,630,6210.000000000002,5339.128014842301,0.15812758669901528,3.905435681079558,0.5309527401275599,0.8597629653530273
14,0,620,6110.000000000002,5339.128014842301,0.13757670900528043,4.072273168030797,0.48956565520813,0.8738343723146154
14,2,700,6910.000000000002,5339.128014842301,0.156272299129442,2.896617121360676,0.34975616764704937,0.7726668617716786
14,1,620,6110.000000000002,5339.128014842301,0.1374339945768517,3.167344684541986,0.3803808294720865,0.8738343723146154
14,4,105,3110.000000000001,5339.128014842301,0.1584130155558727,2.133248512925557,0.580152619854169,1.7167614195634404
14,6,44,3110.000000000001,5339.128014842301,0.09604681033252462,0.2712818411526218,0.0447315158752475,1.7167614195634404
14,3,525,5160.000000000001,5339.128014842301,0.15612958470101326,3.0939298066003937,0.49982306489676176,1.0347147315585854
15,4,700,6910.000000000002,5092.177822177824,0.1584130155558727,3.109029859451323,0.36294537626221607,0.7369287731082232
15,1,434,4250.000000000002,5092.177822177824,0.1374339945768517,2.799519258266028,0.4609908019426959,1.1981594875712522
15,2,700,6910.000000000002,5092.177822177824,0.156272299129442,4.142718509614074,0.4770818999774192,0.7369287731082232
15,3,385,3760.0000000000014,5092.177822177824,0.15612958470101326,3.1387434053872445,0.6636769490733918,1.3543026122813357
15,6,440,4310.000000000002,5092.177822177824,0.09604681033252462,0.5068149066578624,0.05751201948189468,1.181479773127105
15,0,465,4560.000000000002,5092.177822177824,0.13757670900528043,3.306277879733514,0.5079523645835121,1.1167056627582943
15,5,455,4460.000000000002,5092.177822177824,0.15812758669901528,3.0278603718235653,0.54665357080231,1.1417439063178974
16,5,700,6910.000000000002,4745.972598829743,0.15812758669901528,2.8808918230754146,0.31288286009998906,0.6868267147365763
16,3,245,3110.000000000001,4745.972598829743,0.15612958470101326,2.3174918732240295,0.5521642208776547,1.5260362054114927
16,6,440,4310.000000000002,4745.972598829743,0.09604681033252462,0.40322614287118974,0.04264612588467456,1.1011537352273182
16,4,595,5860.000000000002,4745.972598829743,0.1584130155558727,3.812528719590232,0.4891382164233528,0.8098929349538808
16,2,35,3110.000000000001,4745.972598829743,0.156272299129442,1.410051990735038,0.3362652313921463,1.5260362054114927
16,0,620,6110.000000000002,4745.972598829743,0.13757670900528043,2.379153809100125,0.25424443291290283,0.7767549261587139
16,1,372,3630.000000000001,4745.972598829743,0.1374339945768517,2.6415321575974997,0.47464474081788277,1.3074304679971742
17,1,93,3110.000000000001,5153.756243756245,0.1374339945768517,1.7927608215494966,0.4083005897800071,1.6571563484746763
17,4,700,6910.000000000002,5153.756243756245,0.1584130155558727,3.3940724920815066,0.4010123998512812,0.7458402668243478
17,3,595,5860.000000000002,5153.756243756245,0.15612958470101326,2.756129389670584,0.37845222650028304,0.8794805876717139
17,0,620,6110.000000000002,5153.756243756245,0.13757670900528043,2.8956882035336786,0.3360310252574502,0.8434952935771265
17,2,630,6210.000000000002,5153.756243756245,0.156272299129442,3.4296012779035756,0.4447929630652529,0.8299124386080907
17,5,140,3110.000000000001,5153.756243756245,0.15812758669901528,1.9496785621580808,0.5108979313680446,1.6571563484746763
17,6,440,4310.000000000002,5153.756243756245,0.09604681033252462,0.4703440795248975,0.054018837301524965,1.1957671099202418
18,2,420,4110.000000000002,5092.631654060227,0.156272299129442,3.0215335827633374,0.5850727491586724,1.2390831275085705
18,1,31,3110.000000000001,5092.631654060227,0.1374339945768517,1.241636495451251,0.27942838139110787,1.6375021395692044
18,3,455,4460.000000000002,5092.631654060227,0.15612958470101326,2.477485630160999,0.4416759533370265,1.141845662345342
18,0,620,6110.000000000002,5092.631654060227,0.13757670900528043,2.541366012557745,0.29141586316654194,0.83349126907696
18,6,44,3110.000000000001,5092.631654060227,0.09604681033252462,0.4205155843192727,0.06613736959715814,1.6375021395692044
18,5,700,6910.000000000002,5092.631654060227,0.15812758669901528,2.9060134738095553,0.33866435144065465,0.7369944506599458
18,4,700,6910.000000000002,5092.631654060227,0.1584130155558727,2.4042361215849506,0.2806933972384148,0.7369944506599458
19,6,440,4310.000000000002,4826.103896103898,0.09604681033252462,0.429350758126202,0.046175815888246347,1.1197456835507877
19,3,280,3110.000000000001,4826.103896103898,0.15612958470101326,2.2769791778002215,0.551671491621563,1.5518018958533428
19,0,620,6110.000000000002,4826.103896103898,0.13757670900528043,2.3199419382945545,0.25210269546589026,0.7898697047633217
19,4,700,6910.000000000002,4826.103896103898,0.1584130155558727,2.766658502454396,0.30610120351947795,0.6984231398124308
19,5,385,3760.0000000000014,4826.103896103898,0.15812758669901528,2.9298233549137556,0.5946451783062824,1.283538270240398
19,1,558,5490.000000000002,4826.103896103898,0.1374339945768517,2.898071188174703,0.35012856319574875,0.879071747924207
19,2,420,4110.000000000002,4826.103896103898,0.156272299129442,2.5378002498628507,0.46568718047226376,1.1742345245994878
20,6,22,3110.000000000001,5421.398601398602,0.09604681033252462,0.40057682319699206,0.06706867323485516,1.7432149843725404
20,0,620,6110.000000000002,5421.398601398602,0.13757670900528043,2.0090672455291902,0.2452502839280592,0.8872992800979707
20,2,665,6560.000000000001,5421.398601398602,0.156272299129442,2.9724857726869844,0.38389219841006317,0.8264327136278355
20,3,245,3110.000000000001,5421.398601398602,0.15612958470101326,2.628958654622125,0.7155169246919194,1.7432149843725404
20,1,434,4250.000000000002,5421.398601398602,0.1374339945768517,1.7109104093183807,0.2999465338053438,1.2756232003290824
20,5,700,6910.000000000002,5421.398601398602,0.15812758669901528,3.2919449933892335,0.40840730799508534,0.7845728800866282
20,4,700,6910.000000000002,5421.398601398602,0.1584130155558727,3.0196321525135823,0.37529968019362636,0.7845728800866282
21,1,155,3110.000000000001,4660.376766091053,0.1374339945768517,1.7469888927676975,0.35978657392007074,1.4985134296112705
21,5,140,3110.000000000001,4660.376766091053,0.15812758669901528,2.1238154201091533,0.5032514698710386,1.4985134296112705
21,0,341,3320.0000000000014,4660.376766091053,0.13757670900528043,2.5399333314766004,0.490512612136494,1.4037279415936899
21,3,700,6910.000000000002,4660.376766091053,0.15612958470101326,2.617469337490551,0.27561940344786473,0.6744394741086905
21,6,440,4310.000000000002,4660.376766091053,0.09604681033252462,0.35272837383275873,0.03663254579413966,1.0812939132461834
21,2,455,4460.000000000002,4660.376766091053,0.156272299129442,2.560573417643695,0.41812429612301377,1.0449275260293835
21,4,700,6910.000000000002,4660.376766091053,0.1584130155558727,2.882005774438023,0.3079134707247196,0.6744394741086905
22,4,350,3410.000000000001,4987.395461681177,0.1584130155558727,2.717344306439736,0.6295858491971631,1.4625793142760046
22,1,465,4560.000000000002,4987.395461681177,0.1374339945768517,2.0543642806014324,0.3088023438776816,1.0937270749300823
22,2,700,6910.000000000002,4987.395461681177,0.156272299129442,2.1184291087934977,0.23894156033719302,0.7217649003880139
22,3,700,6910.000000000002,4987.395461681177,0.15612958470101326,2.2841650789300276,0.2573999454325817,0.7217649003880139
22,5,175,3110.000000000001,4987.395461681177,0.15812758669901528,1.9174434943015979,0.48623210833782443,1.6036641355888024
22,6,352,3430.000000000001,4987.395461681177,0.09604681033252462,0.4496412647746623,0.06279553909795026,1.454051155009089
22,0,620,6110.000000000002,4987.395461681177,0.13757670900528043,2.3847400534468566,0.26780492404335365,0.8162676696695869
23,6,440,4310.000000000002,5261.183102611676,0.09604681033252462,0.4125268119218047,0.04836612274332024,1.2206921351767224
23,3,455,4460.000000000002,5261.183102611676,0.15612958470101326,2.9295271612097027,0.5395494961900075,1.17963746695329
23,2,630,6210.000000000002,5261.183102611676,0.156272299129442,2.0906478757711255,0.2767927494378695,0.8472114496959218
23,1,558,5490.000000000002,5261.183102611676,0.1374339945768517,1.8618655405794928,0.24521868314196346,0.9583211480166984
23,4,35,3110.000000000001,5261.183102611676,0.1584130155558727,1.3009797519308741,0.3486457907432711,1.691698746820474
23,5,700,6910.000000000002,5261.183102611676,0.15812758669901528,2.2407277200758298,0.26977524709744516,0.7613868455299095
23,0,620,6110.000000000002,5261.183102611676,0.13757670900528043,1.893322912442527,0.22429098253161056,0.8610774308693412
24,5,595,5860.000000000002,5469.454830883404,0.15812758669901528,2.3154115400983035,0.34172933423205315,0.9333540667036522
24,3,700,6910.000000000002,5469.454830883404,0.15612958470101326,1.506626700568928,0.18619021652786993,0.791527471907873
24,4,525,5160.000000000001,5469.454830883404,0.1584130155558727,2.1548145461180006,0.36182210702100914,1.0599718664502717
24,1,310,3110.000000000001,5469.454830883404,0.1374339945768517,1.9329607820202135,0.46719787996591633,1.75866714819402
24,2,700,6910.000000000002,5469.454830883404,0.156272299129442,1.9908539128153298,0.24625632127597166,0.791527471907873
24,0,620,6110.000000000002,5469.454830883404,0.13757670900528043,1.7605742823151627,0.21682137780504243,0.8951644567730609
24,6,22,3110.000000000001,5469.454830883404,0.09604681033252462,0.2874932689078556,0.04856174440274287,1.75866714819402
25,4,175,3110.000000000001,4576.105323248182,0.1584130155558727,2.3024395869604173,0.5366791552905096,1.471416502652148
25,0,310,3110.000000000001,4576.105323248182,0.13757670900528043,1.983806888652991,0.4015872657419179,1.471416502652148
25,1,62,3110.000000000001,4576.105323248182,0.1374339945768517,1.1459445800342485,0.23173594702986341,1.471416502652148
25,5,700,6910.000000000002,4576.105323248182,0.15812758669901528,1.7286634155532328,0.1810239545586401,0.6622438962732533
25,2,700,6910.000000000002,4576.105323248182,0.156272299129442,2.4816110273218452,0.25682285893624623,0.6622438962732533
25,6,440,4310.000000000002,4576.105323248182,0.09604681033252462,0.34548731243953945,0.03523171557643973,1.061741374303522
25,3,420,4110.000000000002,4576.105323248182,0.15612958470101326,1.768968620691484,0.30751019830551746,1.1134076212282675
26,2,665,6560.000000000001,5106.327957756531,0.156272299129442,2.0907897856996684,0.2543297921259588,0.778403652097032
26,5,455,4460.000000000002,5106.327957756531,0.15812758669901528,2.4243141340426675,0.4389048520179178,1.1449165824566208
26,6,440,4310.000000000002,5106.327957756531,0.09604681033252462,0.3253207235532958,0.03701912167655559,1.184762867228893
26,1,620,6110.000000000002,5106.327957756531,0.1374339945768517,1.9750250497617283,0.22684764336901547,0.8357328899765187
26,0,403,3940.000000000001,5106.327957756531,0.13757670900528043,3.145609646390839,0.5608700204877871,1.2960223243036877
26,4,700,6910.000000000002,5106.327957756531,0.1584130155558727,2.584613111641027,0.30256386642243244,0.738976549602971
26,3,280,3110.000000000001,5106.327957756531,0.15612958470101326,1.6157324778397473,0.41419320948642885,1.6419060957416494
27,1,620,6110.000000000002,5302.89282146425,0.1374339945768517,2.2098699668663313,0.26359218408594687,0.8679038987666527
27,2,700,6910.000000000002,5302.89282146425,0.156272299129442,1.724704669280611,0.20683857781276102,0.7674229842929449
27,0,31,3110.000000000001,5302.89282146425,0.13757670900528043,1.348197380582122,0.3162647984902203,1.7051102319820735
27,4,490,4810.000000000001,5302.89282146425,0.1584130155558727,2.813109736320337,0.49129835307739406,1.1024725200549375
27,6,198,3110.000000000001,5302.89282146425,0.09604681033252462,0.42461600736299454,0.06953953296767887,1.7051102319820735
27,3,700,6910.000000000002,5302.89282146425,0.15612958470101326,1.7483202643658835,0.2094792440885927,0.7674229842929449
27,5,525,5160.000000000001,5302.89282146425,0.15812758669901528,2.306452978228112,0.3748136475636791,1.0276924072605134
28,1,248,3110.000000000001,4855.911231625519,0.1374339945768517,2.2711580605678745,0.4873622419615001,1.5613862481110987
28,0,248,3110.000000000001,4855.911231625519,0.13757670900528043,2.531425974930363,0.5437765794169074,1.5613862481110987
28,2,700,6910.000000000002,4855.911231625519,0.156272299129442,3.271520108347576,0.3592727575563165,0.7027367918416089
28,5,595,5860.000000000002,4855.911231625519,0.15812758669901528,1.8004952678685036,0.23592434076538377,0.8286537937927504
28,6,440,4310.000000000002,4855.911231625519,0.09604681033252462,0.27691599927844424,0.029965702543364805,1.1266615386602126
28,4,700,6910.000000000002,4855.911231625519,0.1584130155558727,1.5266873149158102,0.1699548842401071,0.7027367918416089
28,3,175,3110.000000000001,4855.911231625519,0.15612958470101326,2.20401745890376,0.537292260698792,1.5613862481110987
29,0,620,6110.000000000002,5046.763236763238,0.13757670900528043,2.0843054841375808,0.23685251912068472,0.8259841631363726
29,5,630,6210.000000000002,5046.763236763238,0.15812758669901528,1.8856627791117075,0.24232208781174122,0.8126832909441605
29,1,124,3110.000000000001,5046.763236763238,0.1374339945768517,1.4449383955272768,0.32225231272627836,1.6227534523354457
29,3,140,3110.000000000001,5046.763236763238,0.15612958470101326,1.58537421077904,0.4016701287742379,1.6227534523354457
29,4,525,5160.000000000001,5046.763236763238,0.1584130155558727,2.1630521646874508,0.33513600131263527,0.9780548908455885
29,2,700,6910.000000000002,5046.763236763238,0.156272299129442,1.68319999497383,0.1921111652654895,0.7303564742059676
29,6,440,4310.000000000002,5046.763236763238,0.09604681033252462,0.4906493521159211,0.055181034366542384,1.1709427463487785
30,3,105,3110.000000000001,5210.028542885687,0.15612958470101326,1.9504043240489368,0.5101402247324613,1.6752503353330177
30,4,700,6910.000000000002,5210.028542885687,0.1584130155558727,1.855771352282467,0.22165492359722053,0.7539838701715897
30,2,630,6210.000000000002,5210.028542885687,0.156272299129442,2.28155188113016,0.2991306074400666,0.8389740004646836
30,5,700,6910.000000000002,5210.028542885687,0.15812758669901528,1.6315483861728326,0.1945224165219516,0.7539838701715897
30,6,22,3110.000000000001,5210.028542885687,0.09604681033252462,0.2548089457348998,0.04099938396082317,1.6752503353330177
30,0,620,6110.000000000002,5210.028542885687,0.13757670900528043,1.4266583720314678,0.16736467481591272,0.8527051625017488
30,1,93,3110.000000000001,5210.028542885687,0.1374339945768517,1.287535685477172,0.29643751092642373,1.6752503353330177
31,0,620,6110.000000000002,5348.371628371629,0.13757670900528043,1.7429870276781187,0.20990338261750222,0.8753472386860275
31,3,700,6910.000000000002,5348.371628371629,0.15612958470101326,1.7912006180933053,0.21645766232498043,0.7740045771883688
31,5,490,4810.000000000001,5348.371628371629,0.15812758669901528,1.8177650449306582,0.31961112711567957,1.111927573466035
31,1,589,5800.000000000002,5348.371628371629,0.1374339945768517,1.6231086274611952,0.20570049585788985,0.9221330393744186
31,6,286,3110.000000000001,5348.371628371629,0.09604681033252462,0.33340967971741214,0.05507092083863209,1.7197336425632244
31,4,280,3110.000000000001,5348.371628371629,0.1584130155558727,1.7785620206977408,0.4845304361411216,1.7197336425632244
31,2,700,6910.000000000002,5348.371628371629,0.156272299129442,1.6396291698664462,0.19832212475997904,0.7740045771883688
32,6,308,3110.000000000001,5321.75396032539,0.09604681033252462,0.2555028711612125,0.04199263571930194,1.711174906857038
32,1,527,5180.000000000002,5321.75396032539,0.1374339945768517,1.8772201778635103,0.26505403231786945,1.0273656294064455
32,0,620,6110.000000000002,5321.75396032539,0.13757670900528043,1.8984579677617792,0.22748851954553337,0.8709908282038279
32,2,525,5160.000000000001,5321.75396032539,0.156272299129442,2.6310948885321066,0.4240563813021475,1.0313476667297266
32,4,35,3110.000000000001,5321.75396032539,0.1584130155558727,1.0994344647986618,0.29802631388125694,1.711174906857038
32,3,700,6910.000000000002,5321.75396032539,0.15612958470101326,2.496651067051313,0.3002062976876801,0.7701525268198826
32,5,700,6910.000000000002,5321.75396032539,0.15812758669901528,1.6450440176775236,0.20033734352708124,0.7701525268198826
33,6,220,3110.000000000001,5003.022691594122,0.09604681033252462,0.34641619260772116,0.05352457339137399,1.6086889683582382
33,4,700,6910.000000000002,5003.022691594122,0.1584130155558727,1.74324704681627,0.19994208873257452,0.7240264387256325
33,0,620,6110.000000000002,5003.022691594122,0.13757670900528043,1.8538652204585735,0.20884031314879578,0.8188253177731785
33,3,280,3110.000000000001,5003.022691594122,0.15612958470101326,1.6123159034381465,0.40495561570746746,1.6086889683582382
33,5,315,3110.000000000001,5003.022691594122,0.15812758669901528,1.6811930431979434,0.4276586993176319,1.6086889683582382
33,2,700,6910.000000000002,5003.022691594122,0.156272299129442,2.0695122924136533,0.23415553994545726,0.7240264387256325
33,1,527,5180.000000000002,5003.022691594122,0.1374339945768517,1.477578458476265,0.196131537788792,0.9658344964467414
34,1,620,6110.000000000002,4430.879120879122,0.1374339945768517,1.5606760574115877,0.15554484747945604,0.7251847988345532
34,5,210,3110.000000000001,4430.879120879122,0.15812758669901528,1.3891040101687757,0.31294781316836606,1.4247199745592027
34,3,315,3110.000000000001,4430.879120879122,0.15612958470101326,1.8511695473210692,0.41177589039792556,1.4247199745592027
34,2,700,6910.000000000002,4430.879120879122,0.156272299129442,2.56563185093511,0.257091782255104,0.6412270797220145
34,4,175,3110.000000000001,4430.879120879122,0.1584130155558727,1.6895077198265287,0.38131207208873985,1.4247199745592027
34,6,440,4310.000000000002,4430.879120879122,0.09604681033252462,0.27541081459995065,0.027194217611842278,1.028046199739935
34,0,465,4560.000000000002,4430.879120879122,0.13757670900528043,2.6051313107633725,0.34825679153107314,0.9716840177366491
35,1,589,5800.000000000002,4988.617097188528,0.1374339945768517,2.9638238191923794,0.3503472644820948,0.8601063960669872
35,2,140,3110.000000000001,4988.617097188528,0.156272299129442,2.0419009759058766,0.511842636944642,1.6040569444336097
35,4,315,3110.000000000001,4988.617097188528,0.1584130155558727,2.064411911576998,0.524574287406817,1.6040569444336097
35,5,700,6910.000000000002,4988.617097188528,0.15812758669901528,2.455430689694615,0.28030926071418233,0.7219416927913931
35,0,465,4560.000000000002,4988.617097188528,0.13757670900528043,1.7646250474108804,0.2655905901461306,1.093994977453624
35,3,700,6910.000000000002,4988.617097188528,0.15612958470101326,2.1606603344977016,0.24354197698035251,0.7219416927913931
35,6,440,4310.000000000002,4988.617097188528,0.09604681033252462,0.3835435192353033,0.0426383604081265,1.157451762688753
36,4,245,3110.000000000001,5412.771514200086,0.1584130155558727,1.657721027126413,0.45704779010945845,1.7404410013505096
36,0,620,6110.000000000002,5412.771514200086,0.13757670900528043,2.949936031036032,0.35953071589794666,0.8858873181996865
36,6,22,3110.000000000001,5412.771514200086,0.09604681033252462,0.3743154565351655,0.06257199664040439,1.7404410013505096
36,3,665,6560.000000000001,5412.771514200086,0.15612958470101326,2.7692985132634655,0.3567556275814471,0.8251176088719643
36,1,434,4250.000000000002,5412.771514200086,0.1374339945768517,3.3224780912713077,0.5815500003369629,1.2735932974588433
36,2,700,6910.000000000002,5412.771514200086,0.156272299129442,1.697321985384242,0.20777241410109692,0.7833243870043538
36,5,700,6910.000000000002,5412.771514200086,0.15812758669901528,2.818641152899483,0.3491315358119734,0.7833243870043538
37,3,420,4110.000000000002,5521.33437990581,0.15612958470101326,1.9768030659277536,0.41462056396331726,1.3433903600744057
37,5,700,6910.000000000002,5521.33437990581,0.15812758669901528,1.975964525876928,0.24966219730610528,0.7990353661224036
37,0,620,6110.000000000002,5521.33437990581,0.13757670900528043,1.5518801158694782,0.19293273646861986,0.9036553813266462
37,1,434,4250.000000000002,5521.33437990581,0.1374339945768517,1.6476571197762122,0.2941820217884117,1.2991375011543078
37,2,700,6910.000000000002,5521.33437990581,0.156272299129442,2.081202976217351,0.2598737671434522,0.7990353661224036
37,6,264,3110.000000000001,5521.33437990581,0.09604681033252462,0.2812831735241822,0.04796344405264083,1.775348675210871
37,4,630,6210.000000000002,5521.33437990581,0.1584130155558727,1.5044148952026224,0.21189023140655852,0.8891037648801624
38,1,217,3110.000000000001,4983.6549165120605,0.1374339945768517,1.4379592967634038,0.3166856148469799,1.6024613879459997
38,5,140,3110.000000000001,4983.6549165120605,0.15812758669901528,2.0288986779364473,0.5141094369807636,1.6024613879459997
38,6,198,3110.000000000001,4983.6549165120605,0.09604681033252462,0.3117334361373344,0.0479792999659251,1.6024613879459997
38,3,700,6910.000000000002,4983.6549165120605,0.15612958470101326,2.65549968815051,0.29902078322447445,0.721223576919256
38,0,620,6110.000000000002,4983.6549165120605,0.13757670900528043,1.2325762323265979,0.13831378242059056,0.8156554691509098
38,2,490,4810.000000000001,4983.6549165120605,0.156272299129442,1.5728899643594807,0.25467319079476514,1.0361028932457503
38,4,700,6910.000000000002,4983.6549165120605,0.1584130155558727,2.115919808022909,0.24174638078812796,0.721223576919256
39,2,700,6910.000000000002,5297.729413443701,0.156272299129442,2.534826662272418,0.30369804300596215,0.7666757472422141
39,0,372,3630.000000000001,5297.729413443701,0.13757670900528043,1.7137639776057818,0.3440955640154954,1.459429590480358
39,5,315,3110.000000000001,5297.729413443701,0.15812758669901528,1.4211153799078078,0.382795096535186,1.703449972168392
39,4,700,6910.000000000002,5297.729413443701,0.1584130155558727,1.4659206560502513,0.17803814099563106,0.7666757472422141
39,6,132,3110.000000000001,5297.729413443701,0.09604681033252462,0.4238685307717203,0.06934952722488297,1.703449972168392
39,1,558,5490.000000000002,5297.729413443701,0.1374339945768517,1.3986914299015276,0.1854955568908238,0.9649780352356464
39,3,700,6910.000000000002,5297.729413443701,0.15612958470101326,2.2277624865633374,0.26666487614616047,0.7666757472422141
40,5,210,3110.000000000001,5086.162409019554,0.15812758669901528,1.4398343280420611,0.37234883664015506,1.6354219964693093
40,2,700,6910.000000000002,5086.162409019554,0.156272299129442,2.5959926044749646,0.2986053805379197,0.7360582357481262
40,6,396,3870.0000000000014,5086.162409019554,0.09604681033252462,0.3177250380331946,0.04010639675876737,1.3142538524598326
40,4,700,6910.000000000002,5086.162409019554,0.1584130155558727,2.138990292122933,0.24940884500922458,0.7360582357481262
40,3,700,6910.000000000002,5086.162409019554,0.15612958470101326,1.6584555488617843,0.19059048561522957,0.7360582357481262
40,1,403,3940.000000000001,5086.162409019554,0.1374339945768517,1.6501940974747789,0.29276772698926046,1.2909041647257748
40,0,217,3110.000000000001,5086.162409019554,0.13757670900528043,1.6117019762725286,0.3626264593483917,1.6354219964693093
41,4,350,3410.000000000001,4774.150135578708,0.1584130155558727,1.5592510277818172,0.34581879541954647,1.4000440280289461
41,3,210,3110.000000000001,4774.150135578708,0.15612958470101326,2.1755889639239534,0.5214320659453867,1.5350965066169473
41,6,330,3210.000000000001,4774.150135578708,0.09604681033252462,0.3813556470314963,0.05447586920013454,1.4872741855385379
41,1,620,6110.000000000002,4774.150135578708,0.1374339945768517,1.0124109754134292,0.10871910697898621,0.7813666343009339
41,5,700,6910.000000000002,4774.150135578708,0.15812758669901528,1.4490971783303281,0.158315405895631,0.6909045058724611
41,0,248,3110.000000000001,4774.150135578708,0.13757670900528043,2.2864642586621833,0.48288644745563863,1.5350965066169473
41,2,700,6910.000000000002,4774.150135578708,0.156272299129442,2.3332244004295317,0.2519164550246649,0.6909045058724611
42,5,630,6210.000000000002,5367.075781361497,0.15812758669901528,1.789975916482817,0.2446250671517901,0.8642634108472618
42,4,595,5860.000000000002,5367.075781361497,0.1584130155558727,2.1648581743740634,0.31409456570537464,0.915883239140187
42,3,700,6910.000000000002,5367.075781361497,0.15612958470101326,2.803811844520573,0.3400116130915938,0.7767114010653395
42,2,700,6910.000000000002,5367.075781361497,0.156272299129442,1.89985317537449,0.23060128381926534,0.7767114010653395
42,1,341,3320.0000000000014,5367.075781361497,0.1374339945768517,1.594305498187462,0.35421370220137455,1.6165890907715346
42,6,440,4310.000000000002,5367.075781361497,0.09604681033252462,0.4043702707605766,0.048364045695266984,1.2452612021720406
42,0,31,3110.000000000001,5367.075781361497,0.13757670900528043,1.5223979137752748,0.3614518358813569,1.7257478396660757
43,2,490,4810.000000000001,4896.955901241617,0.156272299129442,2.559784295239274,0.4072550596855755,1.0180781499462819
43,5,35,3110.000000000001,4896.955901241617,0.15812758669901528,1.5901291700060918,0.39591855110713453,1.5745838910744743
43,6,176,3110.000000000001,4896.955901241617,0.09604681033252462,0.2232328316674105,0.03376034056411375,1.5745838910744743
43,0,620,6110.000000000002,4896.955901241617,0.13757670900528043,0.8732786936702482,0.09629034961556554,0.8014657776172857
43,1,620,6110.000000000002,4896.955901241617,0.1374339945768517,0.9307235482088005,0.10251793615475178,0.8014657776172857
43,3,700,6910.000000000002,4896.955901241617,0.15612958470101326,2.288580187512611,0.25322086271484867,0.7086766861420573
43,4,385,3760.0000000000014,4896.955901241617,0.1584130155558727,1.7314864636160567,0.3572303179372425,1.3023818886280891
44,5,210,3110.000000000001,4970.56229484801,0.15812758669901528,1.6133958533588342,0.4077497574391369,1.5982515417517713
44,2,700,6910.000000000002,4970.56229484801,0.156272299129442,1.7102274994178785,0.19224867741354115,0.7193288415120129
44,1,372,3630.000000000001,4970.56229484801,0.1374339945768517,2.163789620159542,0.4072003089099181,1.3693009076716278
44,3,700,6910.000000000002,4970.56229484801,0.15612958470101326,1.648563619701615,0.18514772919057823,0.7193288415120129
44,4,700,6910.000000000002,4970.56229484801,0.1584130155558727,1.1921810515648836,0.1358502837606911,0.7193288415120129
44,0,186,3110.000000000001,4970.56229484801,0.13757670900528043,1.8057333210947575,0.3970485922809593,1.5982515417517713
44,6,154,3110.000000000001,4970.56229484801,0.09604681033252462,0.4471621797184482,0.06864250804034054,1.5982515417517713
45,5,700,6910.000000000002,4285.752818609963,0.15812758669901528,1.771459728088062,0.1737352720291875,0.6202247204934821
45,0,620,6110.000000000002,4285.752818609963,0.13757670900528043,0.6631773635727387,0.06399713314471503,0.7014325398706974
45,6,440,4310.000000000002,4285.752818609963,0.09604681033252462,0.27600247166903197,0.026360021934146043,0.9943742038538192
45,3,280,3110.000000000001,4285.752818609963,0.15612958470101326,2.032968647364622,0.43740386462338476,1.378055568684875
45,1,279,3110.000000000001,4285.752818609963,0.1374339945768517,0.7463858501007964,0.14135927123813244,1.378055568684875
45,4,140,3110.000000000001,4285.752818609963,0.1584130155558727,2.0752339482502764,0.4530275932022712,1.378055568684875
45,2,350,3410.000000000001,4285.752818609963,0.156272299129442,1.8216899618712272,0.35779083142043455,1.256819008390018
46,2,280,3110.000000000001,5091.712573141146,0.156272299129442,2.0320904108543294,0.5199104167630103,1.6372066151579243
46,0,341,3320.0000000000014,5091.712573141146,0.13757670900528043,2.018883365716183,0.4259728722015242,1.533648365403959
46,1,434,4250.000000000002,5091.712573141146,0.1374339945768517,1.7447500324940424,0.28727797739648975,1.1980500172096809
46,4,700,6910.000000000002,5091.712573141146,0.1584130155558727,1.1683037803474319,0.13637428155644474,0.7368614432910484
46,5,700,6910.000000000002,5091.712573141146,0.15812758669901528,1.4047657236053084,0.1636806636261474,0.7368614432910484
46,6,176,3110.000000000001,5091.712573141146,0.09604681033252462,0.2754781330365257,0.043318515831337494,1.6372066151579243
46,3,700,6910.000000000002,5091.712573141146,0.15612958470101326,1.8720064169632364,0.21536660898779453,0.7368614432910484
47,2,420,4110.000000000002,5675.28899671757,0.156272299129442,1.8697722501972496,0.4034752239874816,1.3808489043108436
47,5,560,5510.000000000002,5675.28899671757,0.15812758669901528,1.871660765179241,0.3048394448900952,1.0299980030340414
47,4,700,6910.000000000002,5675.28899671757,0.1584130155558727,1.9203079714743156,0.24984558542361324,0.8213153396118044
47,0,589,5800.000000000002,5675.28899671757,0.13757670900528043,0.9229644455211893,0.12424813421541345,0.9784981028823393
47,6,374,3650.000000000001,5675.28899671757,0.09604681033252462,0.37876218418941665,0.056564594243011704,1.5548736977308406
47,1,620,6110.000000000002,5675.28899671757,0.1374339945768517,0.879019271155451,0.1122120088652066,0.9288525362876543
47,3,700,6910.000000000002,5675.28899671757,0.15612958470101326,1.7504925827876356,0.22446850473404703,0.8213153396118044
48,5,700,6910.000000000002,4945.535892678751,0.15812758669901528,1.6906248037839768,0.19133313612516534,0.715707075640919
48,0,186,3110.000000000001,4945.535892678751,0.13757670900528043,1.3369580418020945,0.29249312558636564,1.5902044670992765
48,4,350,3410.000000000001,4945.535892678751,0.1584130155558727,1.5270786055354801,0.35084172135470143,1.450303780844208
48,2,700,6910.000000000002,4945.535892678751,0.156272299129442,2.1722410394114515,0.2429547122427964,0.715707075640919
48,1,186,3110.000000000001,4945.535892678751,0.1374339945768517,1.673074281544434,0.3656472925699642,1.5902044670992765
48,6,264,3110.000000000001,4945.535892678751,0.09604681033252462,0.3709403431783461,0.05665522716917989,1.5902044670992765
48,3,700,6910.000000000002,4945.535892678751,0.15612958470101326,1.7471752889514132,0.19523469302927327,0.715707075640919
49,1,620,6110.000000000002,5360.8348794063095,0.1374339945768517,0.8449286703282697,0.10188387091761296,0.8773870506393303
49,2,560,5510.000000000002,5360.8348794063095,0.156272299129442,2.4641122843296297,0.3746479212585593,0.9729282902733771
49,6,154,3110.000000000001,5360.8348794063095,0.09604681033252462,0.3153334127246271,0.05220654818993231,1.7237411187801632
49,0,217,3110.000000000001,5360.8348794063095,0.13757670900528043,0.6810766510424078,0.1615150327699362,1.7237411187801632
49,4,490,4810.000000000001,5360.8348794063095,0.1584130155558727,1.9267245333623324,0.3401714356453426,1.1145186859472576
49,5,700,6910.000000000002,5360.8348794063095,0.15812758669901528,1.6380930359364532,0.2009558207205006,0.7758082314625627
49,3,700,6910.000000000002,5360.8348794063095,0.15612958470101326,2.0217028611843095,0.24488202812592452,0.7758082314625627
50,0,372,3630.000000000001,5017.075781361497,0.13757670900528043,1.4152074414793099,0.2690971237719175,1.3821145403199713
50,4,350,3410.000000000001,5017.075781361497,0.1584130155558727,1.4797285013398171,0.34488093096845324,1.4712832203406148
50,2,700,6910.000000000002,5017.075781361497,0.156272299129442,1.5082763255732543,0.1711336958260833,0.7260601709640371
50,3,700,6910.000000000002,5017.075781361497,0.15612958470101326,1.4349808464389595,0.1626686724608213,0.7260601709640371
50,6,44,3110.000000000001,5017.075781361497,0.09604681033252462,0.2615967267447243,0.04053269905582472,1.613207646740031
50,1,31,3110.000000000001,5017.075781361497,0.1374339945768517,1.3915104415385895,0.3085111829985342,1.613207646740031
50,5,700,6910.000000000002,5017.075781361497,0.15812758669901528,1.6850150788899803,0.19345682154580707,0.7260601709640371
51,0,496,4870.000000000001,4818.925360353933,0.13757670900528043,1.732770792049617,0.2358887742179464,0.9895123943231893
51,5,210,3110.000000000001,4818.925360353933,0.15812758669901528,1.5749892236254504,0.38590023239554283,1.5494936850012642
51,4,700,6910.000000000002,4818.925360353933,0.1584130155558727,2.1284423180313357,0.23513912544963822,0.6973842779093967
51,3,700,6910.000000000002,4818.925360353933,0.15612958470101326,1.8924884690843906,0.20605853070985009,0.6973842779093967
51,6,440,4310.000000000002,4818.925360353933,0.09604681033252462,0.30420211745887094,0.03266766617167231,1.118080130012513
51,1,155,3110.000000000001,4818.925360353933,0.1374339945768517,0.8554391509547905,0.18216842478977036,1.5494936850012642
51,2,420,4110.000000000002,4818.925360353933,0.156272299129442,2.0152836253414694,0.3692551452946809,1.1724879222272337
52,4,315,3110.000000000001,4782.852861424291,0.1584130155558727,1.9445725272015382,0.47374172663945896,1.5378948107473602
52,0,620,6110.000000000002,4782.852861424291,0.13757670900528043,1.4035135004115227,0.15114971101559654,0.7827909756831899
52,6,396,3870.0000000000014,4782.852861424291,0.09604681033252462,0.29047839368760764,0.03448044297001872,1.2358792923576976
52,2,700,6910.000000000002,4782.852861424291,0.156272299129442,1.527823316588506,0.16525861492318333,0.692163945213356
52,5,35,3110.000000000001,4782.852861424291,0.15812758669901528,1.543139256998312,0.37526615213398756,1.5378948107473602
52,1,155,3110.000000000001,4782.852861424291,0.1374339945768517,1.4351912063834071,0.30334061705499865,1.5378948107473602
52,3,700,6910.000000000002,4782.852861424291,0.15612958470101326,1.3227188587898764,0.14294261513581719,0.692163945213356
53,1,31,3110.000000000001,5500.189810189811,0.1374339945768517,1.3437764133134769,0.32661676395538447,1.7685497781960804
53,3,700,6910.000000000002,5500.189810189811,0.15612958470101326,2.2872191620154454,0.2842448567408511,0.7959753705050376
53,5,595,5860.000000000002,5500.189810189811,0.15812758669901528,1.15296701776929,0.17112150371380194,0.9385989437183976
53,4,525,5160.000000000001,5500.189810189811,0.1584130155558727,1.6731629771542875,0.2825251297174933,1.065928257788723
53,0,620,6110.000000000002,5500.189810189811,0.13757670900528043,3.880089121627698,0.48053285246496347,0.9001947316186268
53,6,352,3430.000000000001,5500.189810189811,0.09604681033252462,0.322234800206213,0.04962939084922569,1.6035538805218106
53,2,700,6910.000000000002,5500.189810189811,0.156272299129442,2.082484898174222,0.2590380082478853,0.7959753705050376
54,4,385,3760.0000000000014,4939.9115170543755,0.1584130155558727,1.6200809407509669,0.33717774294593494,1.3138062545357376
54,1,403,3940.000000000001,4939.9115170543755,0.1374339945768517,0.8129983337978063,0.14008988323758437,1.2537846489985722
54,3,630,6210.000000000002,4939.9115170543755,0.15612958470101326,2.571546088435192,0.31937953677225606,0.7954768948557768
54,0,620,6110.000000000002,4939.9115170543755,0.13757670900528043,1.5829921329296017,0.17607659561355765,0.8084961566373771
54,2,70,3110.000000000001,4939.9115170543755,0.156272299129442,1.296523170093042,0.3218259538062837,1.588395986191117
54,6,440,4310.000000000002,4939.9115170543755,0.09604681033252462,0.25823634335793166,0.028427731835047612,1.1461511640497386
54,5,700,6910.000000000002,4939.9115170543755,0.15812758669901528,1.781812565811555,0.20142379902326024,0.7148931283725578
55,1,620,6110.000000000002,5494.793777650922,0.1374339945768517,1.4869279758392042,0.18377832533719385,0.8993115839035876
55,4,455,4460.000000000002,5494.793777650922,0.1584130155558727,1.2934087977920772,0.25243130417354,1.232016542074197
55,5,455,4460.000000000002,5494.793777650922,0.15812758669901528,1.6674830092818127,0.3248520407275073,1.232016542074197
55,0,620,6110.000000000002,5494.793777650922,0.13757670900528043,1.2182169881359701,0.15072307831737117,0.8993115839035876
55,6,22,3110.000000000001,5494.793777650922,0.09604681033252462,0.3927363006553704,0.06664613990875787,1.7668147195019035
55,3,700,6910.000000000002,5494.793777650922,0.15612958470101326,3.2180589544963367,0.39953290309633804,0.7951944685457193
55,2,665,6560.000000000001,5494.793777650922,0.156272299129442,1.41160236814058,0.18477445856253719,0.8376210026906892
56,4,140,3110.000000000001,4763.206793206794,0.1584130155558727,1.4675351486516874,0.3560560919169704,1.5315777470118304
56,6,440,4310.000000000002,4763.206793206794,0.09604681033252462,0.36134825340561766,0.03835580244881028,1.105152388215033
56,0,620,6110.000000000002,4763.206793206794,0.13757670900528043,1.6950797636844832,0.1817997501533902,0.779575579902912
56,3,560,5510.000000000002,4763.206793206794,0.15612958470101326,1.6178842604810837,0.21836372407368504,0.8644658426872581
56,2,700,6910.000000000002,4763.206793206794,0.156272299129442,1.7849104767084707,0.1922736760898089,0.6893208094365836
56,5,70,3110.000000000001,4763.206793206794,0.15812758669901528,1.3831218096798916,0.33497093082697293,1.5315777470118304
56,1,434,4250.000000000002,4763.206793206794,0.1374339945768517,1.2756505930490625,0.19648817167566862,1.1207545395780687
57,5,700,6910.000000000002,4720.917653774798,0.15812758669901528,1.2371747118945462,0.1336555677423853,0.683200818201852
57,2,140,3110.000000000001,4720.917653774798,0.156272299129442,1.8063958018042607,0.4285099918150037,1.5179799529822497
57,1,620,6110.000000000002,4720.917653774798,0.1374339945768517,1.5132775937335388,0.1606933802168774,0.7726542804868735
57,3,350,3410.000000000001,4720.917653774798,0.15612958470101326,2.1258539464030903,0.45950545804692833,1.3844333295527262
57,0,155,3110.000000000001,4720.917653774798,0.13757670900528043,1.302620876122887,0.27203763247384777,1.5179799529822497
57,6,440,4310.000000000002,4720.917653774798,0.09604681033252462,0.4936831685740877,0.05193742602461888,1.095340522917586
57,4,595,5860.000000000002,4720.917653774798,0.1584130155558727,1.2233362111112025,0.15612250163892424,0.8056173470605454
58,4,280,3110.000000000001,4431.100328243187,0.1584130155558727,2.2610340176224524,0.5103277118470873,1.4247911023289985
58,1,465,4560.000000000002,4431.100328243187,0.1374339945768517,1.327949752270867,0.17734647168621828,0.9717325281235054
58,5,175,3110.000000000001,4431.100328243187,0.15812758669901528,2.055356198729828,0.46306924108266717,1.4247911023289985
58,3,280,3110.000000000001,4431.100328243187,0.15612958470101326,1.4174742979794903,0.3153200536163973,1.4247911023289985
58,0,620,6110.000000000002,4431.100328243187,0.13757670900528043,2.4671932633822453,0.24616055367500853,0.7252210029857914
58,2,700,6910.000000000002,4431.100328243187,0.156272299129442,2.1228892954954093,0.21273692861268462,0.6412590923651499
58,6,440,4310.000000000002,4431.100328243187,0.09604681033252462,0.41547009147576197,0.041025796885056226,1.0280975239543353
59,4,700,6910.000000000002,4764.679606108179,0.1584130155558727,1.0253655628362799,0.11200186227907585,0.6895339516799099
59,6,440,4310.000000000002,4764.679606108179,0.09604681033252462,0.41922742187003986,0.044513225115507406,1.1054941081457486
59,5,140,3110.000000000001,4764.679606108179,0.15812758669901528,1.0843093789537657,0.26268433254164375,1.5320513202920185
59,3,385,3760.0000000000014,4764.679606108179,0.15612958470101326,2.2944172967664747,0.45394524366874583,1.267202022901111
59,1,124,3110.000000000001,4764.679606108179,0.1374339945768517,1.5392490950977384,0.32409802909831337,1.5320513202920185
59,0,496,4870.000000000001,4764.679606108179,0.13757670900528043,1.8311376626740457,0.24647373873812062,0.9783736357511659
59,2,700,6910.000000000002,4764.679606108179,0.156272299129442,3.288781947628306,0.3543828827964974,0.6895339516799099
60,1,341,3320.0000000000014,5816.967318395891,0.1374339945768517,1.7775325247052711,0.4280261135277472,1.7520985898782797
60,5,700,6910.000000000002,5816.967318395891,0.15812758669901528,1.8813143301360111,0.2504307089071025,0.8418187146737901
60,6,418,4090.0000000000014,5816.967318395891,0.09604681033252462,0.29685057529847325,0.04055030801915142,1.4222413981408042
60,4,700,6910.000000000002,5816.967318395891,0.1584130155558727,1.9853894084178578,0.2647616862441299,0.8418187146737901
60,2,595,5860.000000000002,5816.967318395891,0.156272299129442,1.5906046235736546,0.2467420962129044,0.9926565389754077
60,0,620,6110.000000000002,5816.967318395891,0.13757670900528043,1.087382547389106,0.1424238391042968,0.9520404776425351
60,3,665,6560.000000000001,5816.967318395891,0.15612958470101326,1.4509054156322878,0.20087093018021582,0.8867328229262028
61,6,352,3430.000000000001,4994.452690166977,0.09604681033252462,0.22470506002754273,0.03142603446999773,1.4561086560253573
61,4,210,3110.000000000001,4994.452690166977,0.1584130155558727,1.4437652844426048,0.3672949615303393,1.6059333408897027
61,5,595,5860.000000000002,4994.452690166977,0.15812758669901528,1.5731381775838826,0.2120141276803723,0.8522956809158662
61,2,700,6910.000000000002,4994.452690166977,0.156272299129442,1.6966457234140897,0.19163861553651118,0.7227862069706188
61,3,70,3110.000000000001,4994.452690166977,0.15612958470101326,1.5611658233878831,0.39143689190825215,1.6059333408897027
61,1,620,6110.000000000002,4994.452690166977,0.1374339945768517,1.0813812300485273,0.12148416979214376,0.8174226988816654
61,0,620,6110.000000000002,4994.452690166977,0.13757670900528043,1.2335725034728646,0.13872549723319844,0.8174226988816654
62,1,372,3630.000000000001,4982.179249322108,0.1374339945768517,1.584166028830419,0.2988185741458888,1.3725011706121506
62,5,630,6210.000000000002,4982.179249322108,0.15812758669901528,1.2819353127802573,0.16263031465548952,0.8022832929665228
62,4,700,6910.000000000002,4982.179249322108,0.1584130155558727,1.2641341667802433,0.1443860820932571,0.7210100216095668
62,6,440,4310.000000000002,4982.179249322108,0.09604681033252462,0.3144468279362021,0.034911800177281876,1.1559580624877277
62,0,62,3110.000000000001,4982.179249322108,0.13757670900528043,1.3549442732792916,0.2986244134182947,1.6019868968881372
62,3,700,6910.000000000002,4982.179249322108,0.15612958470101326,1.5180844301736616,0.17089227516173777,0.7210100216095668
62,2,35,3110.000000000001,4982.179249322108,0.156272299129442,1.1701500187681515,0.29294258202064866,1.6019868968881372
63,1,620,6110.000000000002,4555.597259882976,0.1374339945768517,0.723117196195789,0.07409808290876613,0.7455969328777372
63,3,700,6910.000000000002,4555.597259882976,0.15612958470101326,1.2855490739625126,0.13232476763746603,0.6592760144548444
63,4,525,5160.000000000001,4555.597259882976,0.1584130155558727,1.6966195403500284,0.23728536179439544,0.8828676860238324
63,5,210,3110.000000000001,4555.597259882976,0.15812758669901528,1.7487589437681677,0.4050629540091571,1.4648222700588343
63,2,35,3110.000000000001,4555.597259882976,0.156272299129442,1.1222858668323785,0.2569037416246103,1.4648222700588343
63,0,155,3110.000000000001,4555.597259882976,0.13757670900528043,0.8418458160128525,0.16965333770207291,1.4648222700588343
63,6,440,4310.000000000002,4555.597259882976,0.09604681033252462,0.30449803438916,0.030912597070557053,1.0569831229426854
64,6,66,3110.000000000001,4881.4285714285725,0.09604681033252462,0.45643233554991064,0.06880910365678235,1.5695911805236562
64,0,217,3110.000000000001,4881.4285714285725,0.13757670900528043,1.378452372824561,0.29766188760092394,1.5695911805236562
64,4,700,6910.000000000002,4881.4285714285725,0.1584130155558727,1.688144345304379,0.18891625645905585,0.7064296051271449
64,2,420,4110.000000000002,4881.4285714285725,0.156272299129442,2.3199335636349505,0.43058873797635816,1.1876955161626692
64,3,140,3110.000000000001,4881.4285714285725,0.15612958470101326,2.09953882690948,0.5145121853456841,1.5695911805236562
64,5,700,6910.000000000002,4881.4285714285725,0.15812758669901528,0.9198862125817908,0.1027568172026536,0.7064296051271449
64,1,620,6110.000000000002,4881.4285714285725,0.1374339945768517,1.3887584635763706,0.15248482191007698,0.7989244797755435
65,4,490,4810.000000000001,4937.101469958615,0.1584130155558727,2.5736129100157323,0.4184668545018653,1.026424422028818
65,5,700,6910.000000000002,4937.101469958615,0.15812758669901528,2.321764415315943,0.2623129909286779,0.7144864645381496
65,3,595,5860.000000000002,4937.101469958615,0.15612958470101326,1.609726731819394,0.21174433392067563,0.8425087832693879
65,0,31,3110.000000000001,4937.101469958615,0.13757670900528043,0.7395211323643952,0.1615128829991273,1.5874924340702936
65,6,440,4310.000000000002,4937.101469958615,0.09604681033252462,0.16689540067704894,0.018362089430359805,1.1454991809648754
65,2,280,3110.000000000001,4937.101469958615,0.156272299129442,1.265653586304688,0.3139847244458149,1.5874924340702936
65,1,620,6110.000000000002,4937.101469958615,0.1374339945768517,1.1177799699872002,0.12413130911632857,0.8080362471290693
66,3,595,5860.000000000002,5071.7439703154005,0.15612958470101326,1.3980614004913892,0.1889170500151179,0.8654853191664503
66,2,560,5510.000000000002,5071.7439703154005,0.156272299129442,1.8437218322100084,0.2652058641013567,0.9204617006017057
66,5,700,6910.000000000002,5071.7439703154005,0.15812758669901528,1.757011111650411,0.20392075252656094,0.7339716310152531
66,1,620,6110.000000000002,5071.7439703154005,0.1374339945768517,2.213578008548909,0.2525254260288814,0.8300726628994106
66,0,341,3320.0000000000014,5071.7439703154005,0.13757670900528043,3.3424528887749507,0.7024726966002228,1.527633725998614
66,4,70,3110.000000000001,5071.7439703154005,0.1584130155558727,1.2555504372968604,0.32435601602640846,1.6307858425451445
66,6,440,4310.000000000002,5071.7439703154005,0.09604681033252462,0.3315790505220556,0.03747572830759424,1.1767387402123894
67,2,700,6910.000000000002,4862.341943770517,0.156272299129442,1.3783141747159764,0.1515645638553994,0.7036674303575275
67,4,700,6910.000000000002,4862.341943770517,0.1584130155558727,1.4831044874791042,0.16532177526164044,0.7036674303575275
67,1,558,5490.000000000002,4862.341943770517,0.1374339945768517,0.7287973294077243,0.0887103096181854,0.8856724852041011
67,3,70,3110.000000000001,4862.341943770517,0.15612958470101326,1.6362384762000861,0.399408141894196,1.5634540012123845
67,5,175,3110.000000000001,4862.341943770517,0.15812758669901528,1.3541200448094655,0.33477260990646657,1.5634540012123845
67,0,403,3940.000000000001,4862.341943770517,0.13757670900528043,0.6907213320891511,0.11727273689012417,1.2340969400432782
67,6,440,4310.000000000002,4862.341943770517,0.09604681033252462,0.23342432024776827,0.025292821359078323,1.1281535832414187
68,4,700,6910.000000000002,5135.127729413444,0.1584130155558727,1.1973138513152757,0.1409522689457919,0.7431443892059976
68,5,350,3410.000000000001,5135.127729413444,0.15812758669901528,1.1898878096503642,0.28334172245597233,1.505902559945291
68,2,280,3110.000000000001,5135.127729413444,0.156272299129442,2.476767387597694,0.6390842045432286,1.6511664724802066
68,3,700,6910.000000000002,5135.127729413444,0.15612958470101326,1.5243399390968981,0.1768643231401205,0.7431443892059976
68,0,620,6110.000000000002,5135.127729413444,0.13757670900528043,1.7480241508822976,0.20211678680170406,0.8404464368925438
68,6,220,3110.000000000001,5135.127729413444,0.09604681033252462,0.33848534202898617,0.05368014431682677,1.6511664724802066
68,1,589,5800.000000000002,5135.127729413444,0.1374339945768517,3.3964301955851117,0.41327593765512016,0.8853668498988694
69,1,403,3940.000000000001,4956.081061795348,0.1374339945768517,3.0890377314699085,0.534022507887516,1.2578885943643014
69,4,350,3410.000000000001,4956.081061795348,0.1584130155558727,1.530430708348439,0.3523615848558508,1.453396205805087
69,0,155,3110.000000000001,4956.081061795348,0.13757670900528043,1.4559364315776788,0.3192018074986157,1.5935951967187612
69,3,700,6910.000000000002,4956.081061795348,0.15612958470101326,1.5363047849671718,0.17203742812106196,0.7172331493191529
69,5,700,6910.000000000002,4956.081061795348,0.15812758669901528,1.667968905246545,0.1891716042087984,0.7172331493191529
69,6,440,4310.000000000002,4956.081061795348,0.09604681033252462,0.33663806401180474,0.03717982131223708,1.1499027985604051
69,2,560,5510.000000000002,4956.081061795348,0.156272299129442,1.5992126973688066,0.22478898857733798,0.8994702471497907
70,3,280,3110.000000000001,4996.463536463537,0.15612958470101326,1.7766683915740382,0.44565000297664564,1.606579915261587
70,0,620,6110.000000000002,4996.463536463537,0.13757670900528043,0.7812900022611741,0.08789793969005548,0.8177518062951776
70,6,440,4310.000000000002,4996.463536463537,0.09604681033252462,0.42068503949458413,0.046840925421767064,1.1592722822421195
70,1,93,3110.000000000001,4996.463536463537,0.1374339945768517,0.6250168677535163,0.13800290897880746,1.606579915261587
70,4,700,6910.000000000002,4996.463536463537,0.1584130155558727,1.4175922313969072,0.16237787769520068,0.7230772122233771
70,5,665,6560.000000000001,4996.463536463537,0.15812758669901528,1.8820727886924489,0.22667464356924968,0.7616560268999293
70,2,455,4460.000000000002,4996.463536463537,0.156272299129442,1.5056531294438171,0.26359356053977817,1.120283304139806
71,5,420,4110.000000000002,4603.378050520909,0.15812758669901528,1.7784827320532182,0.31498662741972583,1.1200433212946246
71,2,700,6910.000000000002,4603.378050520909,0.156272299129442,1.8690878282849768,0.1945854245429787,0.6661907453720561
71,4,455,4460.000000000002,4603.378050520909,0.1584130155558727,1.6315473947361703,0.2667671440186173,1.0321475449598445
71,0,62,3110.000000000001,4603.378050520909,0.13757670900528043,1.6313773005476218,0.3322122060296364,1.480185868334697
71,3,245,3110.000000000001,4603.378050520909,0.15612958470101326,1.300835976059989,0.3006242411147698,1.480185868334697
71,6,440,4310.000000000002,4603.378050520909,0.09604681033252462,0.3915026454881833,0.04016215613948093,1.0680691532531106
71,1,620,6110.000000000002,4603.378050520909,0.1374339945768517,3.9784387574052626,0.4119478865321576,0.7534170295451567
72,2,245,3110.000000000001,4930.8705580134165,0.156272299129442,2.3416339132034425,0.58018195051092,1.5854889254062428
72,5,700,6910.000000000002,4930.8705580134165,0.15812758669901528,1.374608333308349,0.15510727563809176,0.7135847406676433
72,4,490,4810.000000000001,4930.8705580134165,0.1584130155558727,1.7667128035702253,0.2869031676320305,1.0251290141400031
72,0,496,4870.000000000001,4930.8705580134165,0.13757670900528043,0.6742487736488327,0.09392035431269406,1.012499087887765
72,1,310,3110.000000000001,4930.8705580134165,0.1374339945768517,1.3561488332204363,0.29550493433587505,1.5854889254062428
72,3,700,6910.000000000002,4930.8705580134165,0.15612958470101326,2.037603862665029,0.22701288827914873,0.7135847406676433
72,6,440,4310.000000000002,4930.8705580134165,0.09604681033252462,0.42848242788402857,0.047082801332312976,1.1440534937386113
73,5,700,6910.000000000002,5703.206793206795,0.15812758669901528,1.809953371326229,0.23621969318485317,0.8253555417086531
73,6,330,3210.000000000001,5703.206793206795,0.09604681033252462,0.4048297802793501,0.06908272912475237,1.7766999355784403
73,4,700,6910.000000000002,5703.206793206795,0.1584130155558727,2.0175739286918484,0.26379186004945265,0.8253555417086531
73,2,630,6210.000000000002,5703.206793206795,0.156272299129442,1.3147971993975178,0.18869843176437187,0.9183907879560054
73,1,620,6110.000000000002,5703.206793206795,0.1374339945768517,1.3288062296770127,0.17046441558112954,0.933421733749066
73,0,62,3110.000000000001,5703.206793206795,0.13757670900528043,1.5638476568221522,0.39454640458536383,1.8338285508703516
73,3,630,6210.000000000002,5703.206793206795,0.15612958470101326,1.7112395706338623,0.2453711721814737,0.9183907879560054
74,0,620,6110.000000000002,5152.842871414301,0.13757670900528043,1.1239012401299628,0.13040034969976913,0.8433458054687888
74,2,35,3110.000000000001,5152.842871414301,0.156272299129442,1.7674744513202356,0.4576375553223604,1.656862659618746
74,1,155,3110.000000000001,5152.842871414301,0.1374339945768517,0.6025087050415711,0.1371968076189403,1.656862659618746
74,4,700,6910.000000000002,5152.842871414301,0.1584130155558727,1.5592680470671085,0.18419612633508253,0.7457080855881765
74,3,700,6910.000000000002,5152.842871414301,0.15612958470101326,2.2886905293151147,0.2664655867322085,0.7457080855881765
74,6,132,3110.000000000001,5152.842871414301,0.09604681033252462,0.145485734127548,0.023152072141838627,1.656862659618746
74,5,595,5860.000000000002,5152.842871414301,0.15812758669901528,1.6582155381469237,0.23056740235458723,0.8793247220843514
75,4,700,6910.000000000002,4388.450121307265,0.1584130155558727,2.260001772742775,0.22736978980622244,0.6350868482354941
75,0,310,3110.000000000001,4388.450121307265,0.13757670900528043,1.6416417139554191,0.3186941363053895,1.4110772094235575
75,6,440,4310.000000000002,4388.450121307265,0.09604681033252462,0.30494419923438565,0.02982203115632011,1.0182018842940286
75,5,350,3410.000000000001,4388.450121307265,0.15812758669901528,1.8453385745062352,0.37552641454015223,1.2869355194449454
75,1,620,6110.000000000002,4388.450121307265,0.1374339945768517,1.548285681351724,0.1528323261998432,0.7182406090519253
75,2,175,3110.000000000001,4388.450121307265,0.156272299129442,0.7336472133892061,0.1617782195682629,1.4110772094235575
75,3,385,3760.0000000000014,4388.450121307265,0.15612958470101326,1.179539325874903,0.2149418344007175,1.1671409897093787
76,5,70,3110.000000000001,4994.345654345656,0.15812758669901528,1.514989624750538,0.38471180121746773,1.6058989242268986
76,6,220,3110.000000000001,4994.345654345656,0.09604681033252462,0.33778598497921614,0.052100606662011176,1.6058989242268986
76,4,140,3110.000000000001,4994.345654345656,0.1584130155558727,1.3483199792469074,0.3430062538385513,1.6058989242268986
76,0,620,6110.000000000002,4994.345654345656,0.13757670900528043,1.1179864784160802,0.12572419204202737,0.8174051807439696
76,3,700,6910.000000000002,4994.345654345656,0.15612958470101326,1.4374647771471638,0.16221199481815993,0.722770716982005
76,2,700,6910.000000000002,4994.345654345656,0.156272299129442,1.7561619064936187,0.19835680438428732,0.722770716982005
76,1,527,5180.000000000002,4994.345654345656,0.1374339945768517,0.8496188725344254,0.11258153269533401,0.9641593927308213
77,1,434,4250.000000000002,4955.254745254746,0.1374339945768517,2.101111089787425,0.33668226536997026,1.1659422930011163
77,6,396,3870.0000000000014,4955.254745254746,0.09604681033252462,0.36597059906904034,0.04500742482233797,1.280427582753164
77,3,105,3110.000000000001,4955.254745254746,0.15612958470101326,2.9968732752854677,0.7455197970153077,1.5933295000819114
77,2,35,3110.000000000001,4955.254745254746,0.156272299129442,1.650240964757427,0.4108988846116524,1.5933295000819114
77,5,700,6910.000000000002,4955.254745254746,0.15812758669901528,0.8667851847101571,0.09828948539188494,0.7171135666070543
77,0,620,6110.000000000002,4955.254745254746,0.13757670900528043,2.605679169332919,0.29073052554142714,0.8110073232822822
77,4,700,6910.000000000002,4955.254745254746,0.1584130155558727,1.520965548961495,0.17278187280540594,0.7171135666070543
78,2,700,6910.000000000002,5947.405451691167,0.156272299129442,1.3679863461488972,0.18399806831483398,0.8606954343981427
78,6,330,3210.000000000001,5947.405451691167,0.09604681033252462,0.3483539232578038,0.06199064669237696,1.8527742840159396
78,1,620,6110.000000000002,5947.405451691167,0.1374339945768517,1.0193990940908115,0.1363718553984681,0.9733887809641842
78,4,525,5160.000000000001,5947.405451691167,0.1584130155558727,2.0983899285091843,0.3831377102314681,1.152597955754102
78,3,665,6560.000000000001,5947.405451691167,0.15612958470101326,1.5634201652500896,0.22130163420675497,0.9066166847090193
78,0,620,6110.000000000002,5947.405451691167,0.13757670900528043,0.8380083884042594,0.11222241714514423,0.9733887809641842
78,5,665,6560.000000000001,5947.405451691167,0.15812758669901528,2.1363878705343438,0.3062749331222407,0.9066166847090193
79,5,700,6910.000000000002,5209.157984872272,0.15812758669901528,1.111105577821113,0.13245014935362776,0.7538578849308641
79,6,22,3110.000000000001,5209.157984872272,0.09604681033252462,0.1476293496207258,0.023749955116982174,1.6749704131422092
79,0,217,3110.000000000001,5209.157984872272,0.13757670900528043,1.0545865088046422,0.24301566392667762,1.6749704131422092
79,2,35,3110.000000000001,5209.157984872272,0.156272299129442,1.315010602667887,0.3442059680916987,1.6749704131422092
79,3,630,6210.000000000002,5209.157984872272,0.15612958470101326,1.7991849442695989,0.2356334497998464,0.8388338139890935
79,1,620,6110.000000000002,5209.157984872272,0.1374339945768517,2.9541393352991334,0.34613974059944,0.8525626816484895
79,4,700,6910.000000000002,5209.157984872272,0.1584130155558727,1.3048107639123736,0.15582167686841553,0.7538578849308641
80,3,700,6910.000000000002,5226.504923647783,0.15612958470101326,1.0835469807316307,0.12795765348975038,0.7563682957522114
80,6,44,3110.000000000001,5226.504923647783,0.09604681033252462,0.33510585810188903,0.05408987048098766,1.6805482069607014
80,4,700,6910.000000000002,5226.504923647783,0.1584130155558727,2.169612328404305,0.25995987398298104,0.7563682957522114
80,1,62,3110.000000000001,5226.504923647783,0.1374339945768517,0.7402295209231422,0.1709667065140681,1.6805482069607014
80,0,217,3110.000000000001,5226.504923647783,0.13757670900528043,0.8245503256159519,0.19063957395423026,1.6805482069607014
80,2,525,5160.000000000001,5226.504923647783,0.156272299129442,1.1925924197717668,0.1887711877949616,1.0128885510945314
80,5,700,6910.000000000002,5226.504923647783,0.15812758669901528,1.9808338918053918,0.23691306836644435,0.7563682957522114
81,2,280,3110.000000000001,4395.545882688741,0.156272299129442,1.3567365786154701,0.29966082061342186,1.4133588047230674
81,0,620,6110.000000000002,4395.545882688741,0.13757670900528043,0.541813495142135,0.05362488105670216,0.7194019447935743
81,5,700,6910.000000000002,4395.545882688741,0.15812758669901528,1.4086859878493556,0.14169567943805111,0.6361137312139999
81,4,70,3110.000000000001,4395.545882688741,0.1584130155558727,1.3027426796779442,0.29167683011825213,1.4133588047230674
81,3,105,3110.000000000001,4395.545882688741,0.15612958470101326,1.5458721695567723,0.34112316451412006,1.4133588047230674
81,6,440,4310.000000000002,4395.545882688741,0.09604681033252462,0.18832651218980465,0.01844717882044964,1.0198482326423988
81,1,434,4250.000000000002,4395.545882688741,0.1374339945768517,0.8193181405743786,0.11645834876637945,1.034246090044409
82,6,440,4310.000000000002,5291.461395747112,0.09604681033252462,0.31384269529343234,0.03700780554754059,1.227717261194225
82,1,620,6110.000000000002,5291.461395747112,0.1374339945768517,2.0075648883135933,0.23894512964351278,0.8660329616607382
82,5,490,4810.000000000001,5291.461395747112,0.15812758669901528,1.7827999145934574,0.3101278748649355,1.1000959242717487
82,0,465,4560.000000000002,5291.461395747112,0.13757670900528043,1.544541963541567,0.24657862012425988,1.1604082008217347
82,3,420,4110.000000000002,5291.461395747112,0.15612958470101326,0.5714007810297116,0.11485762831900119,1.2874601936124355
82,4,595,5860.000000000002,5291.461395747112,0.1584130155558727,1.797675561036411,0.25714624782739054,0.902979760366401
82,2,700,6910.000000000002,5291.461395747112,0.156272299129442,0.786053256708964,0.09406575762154054,0.7657686535089885
83,3,70,3110.000000000001,4239.527615241902,0.15612958470101326,2.0561008998709034,0.43760946540509094,1.3631921592417686
83,2,245,3110.000000000001,4239.527615241902,0.156272299129442,1.6896389816758064,0.35994239473210043,1.3631921592417686
83,4,700,6910.000000000002,4239.527615241902,0.1584130155558727,1.6239754335539478,0.15783733433610642,0.6135351107441246
83,5,315,3110.000000000001,4239.527615241902,0.15812758669901528,1.5695244258285852,0.3383239956128139,1.3631921592417686
83,6,440,4310.000000000002,4239.527615241902,0.09604681033252462,0.2525879993105465,0.023863594353721485,0.983649098664014
83,0,124,3110.000000000001,4239.527615241902,0.13757670900528043,0.7039358481496555,0.13201858640927205,1.3631921592417686
83,1,620,6110.000000000002,4239.527615241902,0.1374339945768517,0.6225271287839702,0.05936475912278901,0.6938670401377907
84,6,440,4310.000000000002,4876.04823747681,0.09604681033252462,0.4974711817123465,0.05405571264074429,1.1313336977904427
84,5,525,5160.000000000001,4876.04823747681,0.15812758669901528,1.8028308281582608,0.2693896527331422,0.9449705886582963
84,4,35,3110.000000000001,4876.04823747681,0.1584130155558727,1.385951624111901,0.3442282724678464,1.5678611696066909
84,2,700,6910.000000000002,4876.04823747681,0.156272299129442,0.7592734964551546,0.08372789795686113,0.7056509750328233
84,1,31,3110.000000000001,4876.04823747681,0.1374339945768517,1.8353654971061149,0.39547982846231794,1.5678611696066909
84,0,620,6110.000000000002,4876.04823747681,0.13757670900528043,1.812619524849923,0.1990115825428614,0.7980439013873664
84,3,525,5160.000000000001,4876.04823747681,0.15612958470101326,1.4815161930782907,0.21857973692215063,0.9449705886582963
85,1,620,6110.000000000002,5179.536178107608,0.1374339945768517,0.5655675387375528,0.06589133474700226,0.8477145954349602
85,3,490,4810.000000000001,5179.536178107608,0.15612958470101326,1.9801350857586684,0.33290921605168194,1.0768266482552198
85,0,186,3110.000000000001,5179.536178107608,0.13757670900528043,0.6550162549939749,0.15008160860500158,1.665445716433314
85,6,418,4090.0000000000014,5179.536178107608,0.09604681033252462,0.2475588621679657,0.030111264067096688,1.2663902635959918
85,5,700,6910.000000000002,5179.536178107608,0.15812758669901528,1.1182550593867535,0.13254438615718953,0.7495710822152831
85,4,385,3760.0000000000014,5179.536178107608,0.1584130155558727,1.2141576703407735,0.26495308161432574,1.3775362175818102
85,2,700,6910.000000000002,5179.536178107608,0.156272299129442,2.664448801891061,0.31210606254817513,0.7495710822152831
86,6,440,4310.000000000002,4588.935350363923,0.09604681033252462,0.276233064822195,0.028248362509767498,1.0647181787387288
86,1,620,6110.000000000002,4588.935350363923,0.1374339945768517,0.776707595569185,0.08017195073670925,0.7510532488320657
86,0,620,6110.000000000002,4588.935350363923,0.13757670900528043,0.7348614257794208,0.07593134566393178,0.7510532488320657
86,5,70,3110.000000000001,4588.935350363923,0.15812758669901528,1.3374768403073483,0.31206528822943763,1.4755419133002965
86,2,245,3110.000000000001,4588.935350363923,0.156272299129442,1.2321017420247937,0.28410581549588154,1.4755419133002965
86,4,315,3110.000000000001,4588.935350363923,0.1584130155558727,1.3118223548209327,0.3066319741330474,1.4755419133002965
86,3,665,6560.000000000001,4588.935350363923,0.15612958470101326,2.045419955716002,0.22339620604984559,0.6995328277993784
87,6,440,4310.000000000002,4390.234051662625,0.09604681033252462,0.525369507140377,0.0513994193499009,1.0186157892488683
87,0,620,6110.000000000002,4390.234051662625,0.13757670900528043,2.214052933434018,0.21886654378228518,0.7185325780135227
87,1,310,3110.000000000001,4390.234051662625,0.1374339945768517,1.6445479941929857,0.3190568013228219,1.4116508204702969
87,3,70,3110.000000000001,4390.234051662625,0.15612958470101326,1.6907130367626504,0.37263392484733115,1.4116508204702969
87,5,140,3110.000000000001,4390.234051662625,0.15812758669901528,1.3400280266856792,0.2991223123966073,1.4116508204702969
87,2,700,6910.000000000002,4390.234051662625,0.156272299129442,2.3996975174402713,0.2382583503215497,0.6353450147123912
87,4,420,4110.000000000002,4390.234051662625,0.1584130155558727,1.1540572919586096,0.19528284017012282,1.0681834675578157
88,6,440,4310.000000000002,4238.442985585844,0.09604681033252462,0.3684975347561681,0.034805398367209826,0.9833974444514716
88,4,35,3110.000000000001,4238.442985585844,0.1584130155558727,1.7621246385616702,0.3804288473852316,1.3628434037253514
88,3,210,3110.000000000001,4238.442985585844,0.15612958470101326,1.2129863318284047,0.25809944351771635,1.3628434037253514
88,1,620,6110.000000000002,4238.442985585844,0.1374339945768517,0.5175554872188556,0.04934194016760456,0.6936895230091397
88,5,700,6910.000000000002,4238.442985585844,0.15812758669901528,2.1662530680676246,0.21010923032851747,0.6133781455261712
88,0,186,3110.000000000001,4238.442985585844,0.13757670900528043,0.565444271760997,0.10601826232193298,1.3628434037253514
88,2,35,3110.000000000001,4238.442985585844,0.156272299129442,1.3303628824029408,0.2833335985919885,1.3628434037253514
89,6,440,4310.000000000002,4956.492079349223,0.09604681033252462,0.41851818488658526,0.046226863361018285,1.1499981622620001
89,1,527,5180.000000000002,4956.492079349223,0.1374339945768517,1.4723446456371412,0.19361914932635854,0.9568517527701199
89,4,140,3110.000000000001,4956.492079349223,0.1584130155558727,0.9609039186117018,0.2425966800490335,1.5937273567039296
89,3,700,6910.000000000002,4956.492079349223,0.15612958470101326,1.5064693014221935,0.16871040180304192,0.71729263087543
89,5,385,3760.0000000000014,4956.492079349223,0.15812758669901528,2.0031106250600232,0.4175410211925104,1.3182159785503247
89,2,700,6910.000000000002,4956.492079349223,0.156272299129442,1.683281202889809,0.18868398697927338,0.71729263087543
89,0,434,4250.000000000002,4956.492079349223,0.13757670900528043,2.04049814653533,0.3273909027706706,1.1662334304351107
90,3,245,3110.000000000001,4438.1504210075655,0.15612958470101326,1.6881990185407898,0.37614082822369227,1.427058013185712
90,0,620,6110.000000000002,4438.1504210075655,0.13757670900528043,0.5885521959116672,0.058815353029756344,0.7263748643220236
90,2,175,3110.000000000001,4438.1504210075655,0.156272299129442,2.814566471122385,0.6276754462257227,1.427058013185712
90,4,210,3110.000000000001,4438.1504210075655,0.1584130155558727,1.8409479249827325,0.41617308861234215,1.427058013185712
90,6,440,4310.000000000002,4438.1504210075655,0.09604681033252462,0.37728112716120105,0.037314083156607065,1.0297332763358615
90,1,465,4560.000000000002,4438.1504210075655,0.1374339945768517,2.194844842086916,0.29358588317184114,0.9732786010981499
90,5,700,6910.000000000002,4438.1504210075655,0.15812758669901528,1.4207169543080844,0.1442909777461668,0.6422793662818472
91,5,700,6910.000000000002,4872.751534180106,0.15812758669901528,2.116452488059901,0.23600020810077266,0.7051738833835174
91,6,66,3110.000000000001,4872.751534180106,0.09604681033252462,0.4409752331126233,0.06636070986890837,1.5668011363923167
91,4,140,3110.000000000001,4872.751534180106,0.1584130155558727,1.6135974144826646,0.40049760975983567,1.5668011363923167
91,0,155,3110.000000000001,4872.751534180106,0.13757670900528043,1.2584561682741582,0.27126695227458314,1.5668011363923167
91,2,420,4110.000000000002,4872.751534180106,0.156272299129442,0.5892274397452387,0.1091685168340381,1.1855843148856702
91,3,700,6910.000000000002,4872.751534180106,0.15612958470101326,0.563768237014818,0.06207004037452208,0.7051738833835174
91,1,620,6110.000000000002,4872.751534180106,0.1374339945768517,1.4552949070533294,0.15950644498967353,0.7975043427463346
92,1,31,3110.000000000001,5183.57785072071,0.1374339945768517,0.6029841401248126,0.13812404726475347,1.6667452896208064
92,4,700,6910.000000000002,5183.57785072071,0.1584130155558727,1.306770279263659,0.15528935562853627,0.7501559841853412
92,5,595,5860.000000000002,5183.57785072071,0.15812758669901528,1.4825591722990523,0.20737275069656602,0.8845695990990969
92,6,352,3430.000000000001,5183.57785072071,0.09604681033252462,0.24954958526370938,0.03622224006748168,1.5112471867990402
92,0,620,6110.000000000002,5183.57785072071,0.13757670900528043,0.7167450174393227,0.08365617705933152,0.8483760803143549
92,3,700,6910.000000000002,5183.57785072071,0.15612958470101326,2.7795360585377558,0.32554354997612556,0.7501559841853412
92,2,210,3110.000000000001,5183.57785072071,0.156272299129442,2.0374530059240223,0.530687476022569,1.6667452896208064
93,6,374,3650.000000000001,4783.900385328958,0.09604681033252462,0.4448568261576311,0.056000572789803534,1.3106576398161525
93,1,620,6110.000000000002,4783.900385328958,0.1374339945768517,3.8535463590677304,0.4146633721967093,0.7829624198574396
93,0,620,6110.000000000002,4783.900385328958,0.13757670900528043,0.9538703625257465,0.10274842871009099,0.7829624198574396
93,5,350,3410.000000000001,4783.900385328958,0.15812758669901528,1.9374599737869918,0.4298017018924182,1.4029033388061456
93,2,420,4110.000000000002,4783.900385328958,0.156272299129442,0.9334480311108321,0.16979013420742112,1.1639660304936632
93,4,315,3110.000000000001,4783.900385328958,0.1584130155558727,1.7241738989257003,0.4201396471779811,1.5382316351540053
93,3,700,6910.000000000002,4783.900385328958,0.15612958470101326,0.9968965108106697,0.10775547877400826,0.6923155405685899
94,6,330,3210.000000000001,5536.173826173827,0.09604681033252462,0.2442371438123907,0.04045752811619975,1.724664743356332
94,4,560,5510.000000000002,5536.173826173827,0.1584130155558727,0.7001401740869893,0.11143817173598569,1.004750240684905
94,0,62,3110.000000000001,5536.173826173827,0.13757670900528043,1.7301925318469444,0.42372947819872314,1.780120201342066
94,1,620,6110.000000000002,5536.173826173827,0.1374339945768517,1.4562012849701162,0.18133602315923583,0.9060840959367964
94,2,700,6910.000000000002,5536.173826173827,0.156272299129442,1.4846326725653718,0.18588000948722777,0.8011828981438243
94,3,595,5860.000000000002,5536.173826173827,0.15612958470101326,1.6177610891948218,0.23862266498272805,0.9447395607805164
94,5,700,6910.000000000002,5536.173826173827,0.15812758669901528,1.046512308758607,0.13258172156952208,0.8011828981438243
95,4,280,3110.000000000001,4441.274439845869,0.1584130155558727,1.9205660699054945,0.4344775438571636,1.4280625208507614
95,1,310,3110.000000000001,4441.274439845869,0.1374339945768517,0.6643905577000886,0.13039617214731872,1.4280625208507614
95,0,341,3320.0000000000014,4441.274439845869,0.13757670900528043,0.36161973466080466,0.06655283593562775,1.3377332650138154
95,6,440,4310.000000000002,4441.274439845869,0.09604681033252462,0.28854175022071177,0.0285576159457476,1.0304581066927765
95,5,245,3110.000000000001,4441.274439845869,0.15812758669901528,2.4640646880737678,0.5564254289180657,1.4280625208507614
95,2,700,6910.000000000002,4441.274439845869,0.156272299129442,1.7991987308634603,0.18071354307193274,0.6427314674161893
95,3,700,6910.000000000002,4441.274439845869,0.15612958470101326,2.3614213996469746,0.23696721371101787,0.6427314674161893
96,6,110,3110.000000000001,4935.580134151564,0.09604681033252462,0.42680994306920056,0.06505718888349064,1.5870032585696343
96,4,700,6910.000000000002,4935.580134151564,0.1584130155558727,0.7349725108126701,0.08316146233549591,0.7142663001666517
96,5,700,6910.000000000002,4935.580134151564,0.15812758669901528,0.5759312399700647,0.06504867271636673,0.7142663001666517
96,1,217,3110.000000000001,4935.580134151564,0.1374339945768517,2.30727356885479,0.5032352786232807,1.5870032585696343
96,2,700,6910.000000000002,4935.580134151564,0.156272299129442,1.4031324248238422,0.15661769305929116,0.7142663001666517
96,3,105,3110.000000000001,4935.580134151564,0.15612958470101326,2.0526894770841126,0.508611621025647,1.5870032585696343
96,0,341,3320.0000000000014,4935.580134151564,0.13757670900528043,2.779849381322683,0.5685469128386121,1.486620522334808
97,3,70,3110.000000000001,5001.805337519625,0.15612958470101326,1.4786774620967458,0.37130009006563985,1.6082975361799432
97,4,35,3110.000000000001,5001.805337519625,0.1584130155558727,1.9358106665884154,0.49319667095752134,1.6082975361799432
97,0,527,5180.000000000002,5001.805337519625,0.13757670900528043,0.44380420970018714,0.05895672621245163,0.9655994860076493
97,5,700,6910.000000000002,5001.805337519625,0.15812758669901528,2.09137480167045,0.23938021473028162,0.7238502659217979
97,2,700,6910.000000000002,5001.805337519625,0.156272299129442,1.2227496423708952,0.1383146825882149,0.7238502659217979
97,6,22,3110.000000000001,5001.805337519625,0.09604681033252462,0.19064345727497528,0.0294490472336329,1.6082975361799432
97,1,620,6110.000000000002,5001.805337519625,0.1374339945768517,0.4545243678331648,0.051137196680462675,0.8186260781537845
98,5,700,6910.000000000002,4624.33709147995,0.15812758669901528,0.813047614558105,0.08603894173189834,0.6692238916758246
98,4,350,3410.000000000001,4624.33709147995,0.1584130155558727,0.7865390761437296,0.16896870303211248,1.3561105840117151
98,2,700,6910.000000000002,4624.33709147995,0.156272299129442,1.0650308063167502,0.11138215309675197,0.6692238916758246
98,0,434,4250.000000000002,4624.33709147995,0.13757670900528043,1.5746246686780667,0.2357124499415987,1.0880793156423407
98,1,93,3110.000000000001,4624.33709147995,0.1374339945768517,1.8530671858860772,0.37868179821242387,1.4869251098006264
98,6,440,4310.000000000002,4624.33709147995,0.09604681033252462,0.3831137999814717,0.03948052842946502,1.0729320397865307
98,3,175,3110.000000000001,4624.33709147995,0.15612958470101326,1.3401252958564116,0.3111141076410095,1.4869251098006264
99,0,155,3110.000000000001,5000.980448123306,0.13757670900528043,0.4847780442711024,0.10724637614660876,1.6080322984319306
99,5,700,6910.000000000002,5000.980448123306,0.15812758669901528,1.3694927347784625,0.15672723969528918,0.7237308897428806
99,2,700,6910.000000000002,5000.980448123306,0.156272299129442,1.4934423638721155,0.16890697245746258,0.7237308897428806
99,3,700,6910.000000000002,5000.980448123306,0.15612958470101326,1.1355227447818224,0.12830930465623283,0.7237308897428806
99,4,385,3760.0000000000014,5000.980448123306,0.1584130155558727,1.665032753860619,0.3508172615671359,1.3300479915221552
99,1,155,3110.000000000001,5000.980448123306,0.1374339945768517,0.4454059694030173,0.09843396301983758,1.6080322984319306
99,6,132,3110.000000000001,5000.980448123306,0.09604681033252462,0.1910117358459069,0.02950106983546494,1.6080322984319306
100,5,140,3110.000000000001,4703.300984729558,0.15812758669901528,1.0346557857820151,0.24742633179159612,1.5123154291734908
100,2,700,6910.000000000002,4703.300984729558,0.156272299129442,1.1024040931516652,0.1172593664614212,0.6806513726091978
100,6,440,4310.000000000002,4703.300984729558,0.09604681033252462,0.31411602770420793,0.032922935059273566,1.0912531287075535
100,0,62,3110.000000000001,4703.300984729558,0.13757670900528043,0.9073502983117466,0.18878274025876282,1.5123154291734908
100,4,700,6910.000000000002,4703.300984729558,0.1584130155558727,0.9198365575769234,0.09918049053729786,0.6806513726091978
100,3,455,4460.000000000002,4703.300984729558,0.15612958470101326,1.8235829703667255,0.30024697854376514,1.0545517902981068
100,1,372,3630.000000000001,4703.300984729558,0.1374339945768517,0.9283234206091127,0.1653063832405812,1.2956752024048366
101,0,279,3110.000000000001,4690.175538746969,0.13757670900528043,0.5809339428761927,0.12053144881941853,1.5080950285360026
101,6,440,4310.000000000002,4690.175538746969,0.09604681033252462,0.2502188723521278,0.02615259789522086,1.0882077816118254
101,3,420,4110.000000000002,4690.175538746969,0.15612958470101326,1.6753002333810987,0.2984867992306358,1.1411619315686052
101,5,700,6910.000000000002,4690.175538746969,0.15812758669901528,1.329586912780715,0.1427037627367077,0.6787518869387797
101,2,700,6910.000000000002,4690.175538746969,0.156272299129442,1.8994467358665201,0.2014745392378296,0.6787518869387797
101,4,105,3110.000000000001,4690.175538746969,0.1584130155558727,1.439161274760562,0.3438183359123752,1.5080950285360026
101,1,403,3940.000000000001,4690.175538746969,0.1374339945768517,0.6318538097878843,0.10337217486176477,1.1903998829307025
102,1,620,6110.000000000002,4583.840445269018,0.1374339945768517,0.5769644867254601,0.05948829667400191,0.7502193854777441
102,2,175,3110.000000000001,4583.840445269018,0.156272299129442,1.2791739446616153,0.29463253990663796,1.4739036801508094
102,4,700,6910.000000000002,4583.840445269018,0.1584130155558727,1.2193933476781817,0.12814041542115007,0.6633633061170792
102,3,350,3410.000000000001,4583.840445269018,0.15612958470101326,1.6466744539382983,0.3455954895793811,1.3442347346829961
102,0,620,6110.000000000002,4583.840445269018,0.13757670900528043,0.6517386186843529,0.06726771170906742,0.7502193854777441
102,6,264,3110.000000000001,4583.840445269018,0.09604681033252462,0.32015356104306864,0.04532213778575671,1.4739036801508094
102,5,280,3110.000000000001,4583.840445269018,0.15812758669901528,1.1734175941368992,0.2734823744070372,1.4739036801508094
103,5,35,3110.000000000001,4686.480662194949,0.15812758669901528,1.7957384882321574,0.4278949630526015,1.506906965335996
103,4,700,6910.000000000002,4686.480662194949,0.1584130155558727,1.9813025495868666,0.2128680303343958,0.6782171725318303
103,1,279,3110.000000000001,4686.480662194949,0.1374339945768517,1.663947051391172,0.34460383985001547,1.506906965335996
103,0,124,3110.000000000001,4686.480662194949,0.13757670900528043,2.121201116467849,0.43975744808643824,1.506906965335996
103,6,440,4310.000000000002,4686.480662194949,0.09604681033252462,0.5323608220217348,0.05559792622234377,1.0873505016693612
103,3,490,4810.000000000001,4686.480662194949,0.15612958470101326,0.6616528766168772,0.10065078408427382,0.9743203039906337
103,2,700,6910.000000000002,4686.480662194949,0.156272299129442,0.5284206881441322,0.056005489310315265,0.6782171725318303
104,1,217,3110.000000000001,4768.682745825605,0.1374339945768517,0.5183344986359619,0.10923009867228095,1.5333385034809015
104,2,525,5160.000000000001,4768.682745825605,0.156272299129442,2.393833240498167,0.3457200949944409,0.9241633228344194
104,3,700,6910.000000000002,4768.682745825605,0.15612958470101326,2.6076766541716716,0.28096959559316254,0.6901132772540671
104,5,700,6910.000000000002,4768.682745825605,0.15812758669901528,1.7518162329329243,0.1911686055309099,0.6901132772540671
104,6,440,4310.000000000002,4768.682745825605,0.09604681033252462,0.29599070145436496,0.031454455732849065,1.106422910864409
104,0,341,3320.0000000000014,4768.682745825605,0.13757670900528043,0.4445477634575308,0.08784634420315734,1.4363502246462658
104,4,280,3110.000000000001,4768.682745825605,0.1584130155558727,1.5108632245363287,0.3669898499784641,1.5333385034809015
105,5,665,6560.000000000001,5416.7047238475825,0.15812758669901528,2.231434096275088,0.2913553721573417,0.8257171835133509
105,6,396,3870.0000000000014,5416.7047238475825,0.09604681033252462,0.4483374633450842,0.06027152412758058,1.3996653033197883
105,1,620,6110.000000000002,5416.7047238475825,0.1374339945768517,0.7830649117430346,0.09540824021609969,0.8865310513662162
105,0,620,6110.000000000002,5416.7047238475825,0.13757670900528043,2.061323563829725,0.2514114402430422,0.8865310513662162
105,4,490,4810.000000000001,5416.7047238475825,0.1584130155558727,1.1208732477094152,0.19995738598880142,1.1261340382219505
105,2,700,6910.000000000002,5416.7047238475825,0.156272299129442,1.2060408321164282,0.14774103185141396,0.7838935924526167
105,3,35,3110.000000000001,5416.7047238475825,0.15612958470101326,1.211987775601397,0.3295780021918411,1.7417056989863604
106,3,595,5860.000000000002,5419.289282146427,0.15612958470101326,0.8533415727856171,0.12321194880963335,0.9247933928577516
106,0,620,6110.000000000002,5419.289282146427,0.13757670900528043,1.2601003811522364,0.1537627662112657,0.8869540559977782
106,6,110,3110.000000000001,5419.289282146427,0.09604681033252462,0.3517889879491373,0.058877197882307906,1.742536746670876
106,1,403,3940.000000000001,5419.289282146427,0.1374339945768517,1.0572823426761637,0.19986247507954327,1.3754541325244733
106,5,700,6910.000000000002,5419.289282146427,0.15812758669901528,1.944761413954858,0.24117831627068523,0.7842676240443451
106,2,700,6910.000000000002,5419.289282146427,0.156272299129442,2.1036199609238886,0.2578181998526345,0.7842676240443451
106,4,420,4110.000000000002,5419.289282146427,0.1584130155558727,2.209601549155811,0.46153574240848444,1.318561869135383
107,4,105,3110.000000000001,4526.102468959612,0.1584130155558727,1.470131442768377,0.3389307873393537,1.4553384144564665
107,3,490,4810.000000000001,4526.102468959612,0.15612958470101326,1.5363260444091047,0.22570849401217555,0.9409776442743475
107,1,341,3320.0000000000014,4526.102468959612,0.1374339945768517,0.9443465520643071,0.17693423264344263,1.3632838761926538
107,2,700,6910.000000000002,4526.102468959612,0.156272299129442,1.514189957882623,0.15499179140059438,0.6550075931924184
107,6,440,4310.000000000002,4526.102468959612,0.09604681033252462,0.23758563025898677,0.023963498844051058,1.0501397839813482
107,0,620,6110.000000000002,4526.102468959612,0.13757670900528043,1.1754585771599189,0.11979409679370204,0.7407696348542735
107,5,35,3110.000000000001,4526.102468959612,0.15812758669901528,0.9358983576160063,0.2153774947490711,1.4553384144564665
108,3,700,6910.000000000002,4971.007563864708,0.15612958470101326,1.204322811375699,0.1352678208358449,0.7193932798646464
108,1,217,3110.000000000001,4971.007563864708,0.1374339945768517,0.7812150899192105,0.17161246445409792,1.5983947150690374
108,4,35,3110.000000000001,4971.007563864708,0.1584130155558727,0.8665687295351099,0.2194208582933696,1.5983947150690374
108,6,396,3870.0000000000014,4971.007563864708,0.09604681033252462,0.372463529710365,0.04595154947616143,1.2844980785180118
108,2,700,6910.000000000002,4971.007563864708,0.156272299129442,1.1093098753634998,0.12470999375456959,0.7193932798646464
108,0,31,3110.000000000001,4971.007563864708,0.13757670900528043,0.6605247490045305,0.1452506371248498,1.5983947150690374
108,5,700,6910.000000000002,4971.007563864708,0.15812758669901528,0.9843594183057286,0.11197671442196087,0.7193932798646464
109,0,620,6110.000000000002,4910.627943485088,0.13757670900528043,0.41952822191141054,0.04638760157899684,0.8037034277389666
109,4,70,3110.000000000001,4910.627943485088,0.1584130155558727,1.164533916276942,0.29128602207853227,1.5789800461366836
109,3,560,5510.000000000002,4910.627943485088,0.15612958470101326,1.777612196049453,0.24734757547675978,0.8912210423747887
109,1,620,6110.000000000002,4910.627943485088,0.1374339945768517,2.0465930066634406,0.22605883024122317,0.8037034277389666
109,5,700,6910.000000000002,4910.627943485088,0.15812758669901528,1.2917679151773938,0.14516139051790636,0.7106552740209966
109,2,210,3110.000000000001,4910.627943485088,0.156272299129442,3.119796442607823,0.7698123993606577,1.5789800461366836
109,6,176,3110.000000000001,4910.627943485088,0.09604681033252462,0.4068165901254182,0.06169617557573212,1.5789800461366836
110,0,465,4560.000000000002,5898.204652490368,0.13757670900528043,3.0096767972468874,0.535574352315773,1.2934659325636766
110,1,620,6110.000000000002,5898.204652490368,0.1374339945768517,1.5828241700384096,0.20999331533779161,0.9653362770033332
110,3,630,6210.000000000002,5898.204652490368,0.15612958470101326,0.9595764730599606,0.14229611173500703,0.9497914094187385
110,4,665,6560.000000000001,5898.204652490368,0.1584130155558727,1.116102875125425,0.15896850361098286,0.8991165628796292
110,2,595,5860.000000000002,5898.204652490368,0.156272299129442,0.7486175043366109,0.11775089063740377,1.0065195652713936
110,6,440,4310.000000000002,5898.204652490368,0.09604681033252462,0.3747015328861536,0.04925053853775755,1.3684929588144699
110,5,700,6910.000000000002,5898.204652490368,0.15812758669901528,0.9696983118988701,0.13088385331822197,0.8535752029653207
111,6,396,3870.0000000000014,4789.4748109033835,0.09604681033252462,0.25824949453132273,0.030697241819375918,1.2375903904143106
111,0,310,3110.000000000001,4789.4748109033835,0.13757670900528043,0.49915741550621434,0.10575720104360094,1.5400240549528559
111,2,175,3110.000000000001,4789.4748109033835,0.156272299129442,2.296229189198398,0.5526176344826911,1.5400240549528559
111,1,620,6110.000000000002,4789.4748109033835,0.1374339945768517,0.6019547852753504,0.06484921512829045,0.7838747644686387
111,4,245,3110.000000000001,4789.4748109033835,0.1584130155558727,1.409371844842894,0.3438301503080903,1.5400240549528559
111,5,700,6910.000000000002,4789.4748109033835,0.15812758669901528,1.2179934625445534,0.13349421514276422,0.693122259175598
111,3,700,6910.000000000002,4789.4748109033835,0.15612958470101326,1.5719526228940799,0.1701118248190813,0.693122259175598
112,0,403,3940.000000000001,4978.451548451549,0.13757670900528043,0.9495738505449085,0.1650713586622326,1.2635663828557226
112,5,175,3110.000000000001,4978.451548451549,0.15812758669901528,0.9656670358530551,0.2444381258302485,1.6007882792448704
112,2,700,6910.000000000002,4978.451548451549,0.156272299129442,1.2550286420037682,0.1413031607284074,0.7204705569394425
112,4,385,3760.0000000000014,4978.451548451549,0.1584130155558727,0.6916236149284003,0.14506649387547882,1.3240562628860497
112,3,700,6910.000000000002,4978.451548451549,0.15612958470101326,1.2907388451666892,0.1451910421145762,0.7204705569394425
112,6,374,3650.000000000001,4978.451548451549,0.09604681033252462,0.305096696502295,0.039968870210807604,1.3639593283428897
112,1,620,6110.000000000002,4978.451548451549,0.1374339945768517,1.7714124257965822,0.19836586069038822,0.8148038540837229
113,4,420,4110.000000000002,5117.204224347082,0.1584130155558727,1.2365193360177316,0.24388365844895557,1.2450618550722823
113,6,286,3110.000000000001,5117.204224347082,0.09604681033252462,0.21834389310893088,0.03450613817213544,1.6454032875714086
113,5,700,6910.000000000002,5117.204224347082,0.15812758669901528,2.1253805717842504,0.24888518832479856,0.7405505389793171
113,1,496,4870.000000000001,5117.204224347082,0.1374339945768517,0.6433734481920681,0.09290970730135557,1.0507606210158278
113,2,210,3110.000000000001,5117.204224347082,0.156272299129442,2.013434286901971,0.5177162805052604,1.6454032875714086
113,0,620,6110.000000000002,5117.204224347082,0.13757670900528043,0.5310590594318858,0.061189834398936084,0.8375129663415845
113,3,700,6910.000000000002,5117.204224347082,0.15612958470101326,2.0804112246409665,0.240540990602954,0.7405505389793171
114,6,440,4310.000000000002,5104.555444555445,0.09604681033252462,0.34340571814894405,0.03906349747451127,1.1843516112657642
114,3,70,3110.000000000001,5104.555444555445,0.15612958470101326,1.059924231647686,0.2716173838185674,1.641336155805609
114,1,62,3110.000000000001,5104.555444555445,0.1374339945768517,1.322821060571192,0.298395869145809,1.641336155805609
114,0,620,6110.000000000002,5104.555444555445,0.13757670900528043,1.3821937983889854,0.15886585762503486,0.8354427896162756
114,5,595,5860.000000000002,5104.555444555445,0.15812758669901528,1.3013390760751973,0.17924969404850583,0.8710845468524648
114,4,700,6910.000000000002,5104.555444555445,0.1584130155558727,0.9278451561934484,0.10857910166253731,0.7387200353915259
114,2,595,5860.000000000002,5104.555444555445,0.156272299129442,1.0926164111728887,0.1487339221056175,0.8710845468524648
115,1,620,6110.000000000002,5394.9721706864575,0.1374339945768517,0.5275492937178773,0.06401845872661668,0.8829741686884544
115,2,560,5510.000000000002,5394.9721706864575,0.156272299129442,0.7398725897351665,0.11320785189570762,0.9791238059322062
115,3,630,6210.000000000002,5394.9721706864575,0.15612958470101326,1.2110337816474033,0.16426274308680316,0.8687555830412973
115,5,700,6910.000000000002,5394.9721706864575,0.15812758669901528,2.080965466618619,0.25691157849527446,0.7807485051644655
115,6,198,3110.000000000001,5394.9721706864575,0.09604681033252462,0.43015285254408014,0.07166953285479077,1.7347177397705646
115,0,620,6110.000000000002,5394.9721706864575,0.13757670900528043,0.5189092349633115,0.0630353712221062,0.8829741686884544
115,4,175,3110.000000000001,5394.9721706864575,0.1584130155558727,1.8644786602574281,0.5123622192355017,1.7347177397705646
116,4,700,6910.000000000002,5189.086627658057,0.1584130155558727,0.5252907778013806,0.06248899083758044,0.7509532022659994
116,2,525,5160.000000000001,5189.086627658057,0.156272299129442,1.9632369921410255,0.30852897022724424,1.0056369433445846
116,6,440,4310.000000000002,5189.086627658057,0.09604681033252462,0.2713611775439099,0.03137937669239176,1.2039644147698503
116,1,527,5180.000000000002,5189.086627658057,0.1374339945768517,1.5386553032688282,0.21183448871572527,1.0017541752235628
116,0,31,3110.000000000001,5189.086627658057,0.13757670900528043,0.9631001475311228,0.22107869774551936,1.6685166005331369
116,3,420,4110.000000000002,5189.086627658057,0.15612958470101326,1.710232334985765,0.3371238025509899,1.2625514909143687
116,5,700,6910.000000000002,5189.086627658057,0.15812758669901528,0.5825119254160577,0.06917120435139835,0.7509532022659994
117,3,700,6910.000000000002,4661.317254174399,0.15612958470101326,0.7352749274845777,0.07744004142258373,0.6745755794753108
117,1,496,4870.000000000001,4661.317254174399,0.1374339945768517,0.6180841201122388,0.08130578676784628,0.9571493335060366
117,4,245,3110.000000000001,4661.317254174399,0.1584130155558727,2.1742681875582455,0.5162407063691107,1.4988158373551117
117,5,700,6910.000000000002,4661.317254174399,0.15812758669901528,2.1632387293342177,0.23075053025225403,0.6745755794753108
117,0,31,3110.000000000001,4661.317254174399,0.13757670900528043,0.468559728159533,0.09661802349437286,1.4988158373551117
117,6,440,4310.000000000002,4661.317254174399,0.09604681033252462,0.29090781760112483,0.030218279324015853,1.0815121239383751
117,2,105,3110.000000000001,4661.317254174399,0.156272299129442,2.1389152653640364,0.5009839990815772,1.4988158373551117
118,4,700,6910.000000000002,4420.518053375197,0.1584130155558727,0.6761493144175689,0.06852177342582452,0.6397276488241963
118,1,155,3110.000000000001,4420.518053375197,0.1374339945768517,1.920314893053829,0.3751279288810431,1.4213884415997415
118,2,105,3110.000000000001,4420.518053375197,0.156272299129442,1.3761725035177426,0.3056804453705596,1.4213884415997415
118,3,700,6910.000000000002,4420.518053375197,0.15612958470101326,1.4508646624922967,0.14491296043846855,0.6397276488241963
118,6,440,4310.000000000002,4420.518053375197,0.09604681033252462,0.3120361670940707,0.03073857849784332,1.0256422397622262
118,0,186,3110.000000000001,4420.518053375197,0.13757670900528043,2.920339609820057,0.5710722472005336,1.4213884415997415
118,5,280,3110.000000000001,4420.518053375197,0.15812758669901528,0.6943709440068279,0.15606731612178668,1.4213884415997415
119,6,440,4310.000000000002,4928.595690024263,0.09604681033252462,0.33919475191128023,0.037254436059490116,1.1435256821401998
119,0,620,6110.000000000002,4928.595690024263,0.13757670900528043,0.5083486698751258,0.0564142203621623,0.8066441391201737
119,5,420,4110.000000000002,4928.595690024263,0.15812758669901528,1.750869913150284,0.33200367716337087,1.1991717007358298
119,1,248,3110.000000000001,4928.595690024263,0.1374339945768517,0.5317903666085456,0.11582370131638492,1.584757456599441
119,2,700,6910.000000000002,4928.595690024263,0.156272299129442,1.3794697393656195,0.15375856787603817,0.7132555267763041
119,3,665,6560.000000000001,4928.595690024263,0.15612958470101326,2.926135800132301,0.3432409028361834,0.7513103186012594
119,4,315,3110.000000000001,4928.595690024263,0.1584130155558727,1.845226973166825,0.4632372338201001,1.584757456599441
120,0,527,5180.000000000002,5069.851576994435,0.13757670900528043,1.0615295812294314,0.14293628914524725,0.978735825674601
120,5,665,6560.000000000001,5069.851576994435,0.15812758669901528,0.6083848578760612,0.07434939606742805,0.7728432282003711
120,6,440,4310.000000000002,5069.851576994435,0.09604681033252462,0.3272116815855774,0.03696832057935805,1.1762996698362953
120,1,620,6110.000000000002,5069.851576994435,0.1374339945768517,0.8529247691257935,0.09726552410262279,0.8297629422249482
120,2,105,3110.000000000001,5069.851576994435,0.156272299129442,1.6420283544296161,0.41830929044227005,1.6301773559467632
120,3,245,3110.000000000001,5069.851576994435,0.15612958470101326,1.6448027352373267,0.418633405214444,1.6301773559467632
120,4,700,6910.000000000002,5069.851576994435,0.1584130155558727,1.1719372690613354,0.13621107635335453,0.7336977680165606
121,5,175,3110.000000000001,4231.821036106751,0.15812758669901528,2.0655192570665486,0.4444304381668809,1.3607141595198553
121,4,280,3110.000000000001,4231.821036106751,0.1584130155558727,2.2879320378953905,0.4931748090740042,1.3607141595198553
121,2,700,6910.000000000002,4231.821036106751,0.156272299129442,0.3196137478185923,0.03058839565820085,0.6124198315639291
121,6,440,4310.000000000002,4231.821036106751,0.09604681033252462,0.2081792956964099,0.0196322693829571,0.9818610292591066
121,3,245,3110.000000000001,4231.821036106751,0.15612958470101326,0.8294641429091982,0.17621777977068334,1.3607141595198553
121,1,62,3110.000000000001,4231.821036106751,0.1374339945768517,1.5094634113912562,0.28228231088660044,1.3607141595198553
121,0,620,6110.000000000002,4231.821036106751,0.13757670900528043,1.5244058558458413,0.14525517289987933,0.6926057342236906
122,5,700,6910.000000000002,4725.156272299131,0.15812758669901528,1.018462607662858,0.11012625242030889,0.6838142217509595
122,3,105,3110.000000000001,4725.156272299131,0.15612958470101326,1.9388032114531395,0.45991197970401393,1.5193428528293023
122,2,245,3110.000000000001,4725.156272299131,0.156272299129442,2.130317757118405,0.5058039031102971,1.5193428528293023
122,1,620,6110.000000000002,4725.156272299131,0.1374339945768517,0.5145535568392308,0.05468896700145791,0.7733479987396285
122,0,124,3110.000000000001,4725.156272299131,0.13757670900528043,0.5705829671903935,0.11926678344991772,1.5193428528293023
122,4,700,6910.000000000002,4725.156272299131,0.1584130155558727,0.6072480390317783,0.0657801881253812,0.6838142217509595
122,6,154,3110.000000000001,4725.156272299131,0.09604681033252462,0.26789046710998116,0.03909272941123898,1.5193428528293023
123,3,700,6910.000000000002,4569.220779220781,0.15612958470101326,0.62675899442889,0.06470679293155382,0.6612475802056121
123,4,175,3110.000000000001,4569.220779220781,0.1584130155558727,1.5967730973359027,0.3716343273544647,1.4692028229005722
123,5,280,3110.000000000001,4569.220779220781,0.15812758669901528,2.1651546956503216,0.5030119796031678,1.4692028229005722
123,0,434,4250.000000000002,4569.220779220781,0.13757670900528043,1.7878245065982754,0.2644374835008223,1.0751107715813597
123,6,440,4310.000000000002,4569.220779220781,0.09604681033252462,0.6112962018545225,0.06224428995369368,1.060144032301805
123,1,186,3110.000000000001,4569.220779220781,0.1374339945768517,1.376468896199863,0.27793441478210384,1.4692028229005722
123,2,700,6910.000000000002,4569.220779220781,0.156272299129442,0.6065127292950319,0.0626737985868723,0.6612475802056121
124,2,105,3110.000000000001,5275.844155844157,0.156272299129442,2.330375755453405,0.6177880798490019,1.6964129118469955
124,0,31,3110.000000000001,5275.844155844157,0.13757670900528043,0.5622242062651379,0.13121576771201776,1.6964129118469955
124,5,700,6910.000000000002,5275.844155844157,0.15812758669901528,1.2990759757453465,0.1568397369274113,0.7635085609036405
124,1,589,5800.000000000002,5275.844155844157,0.1374339945768517,0.6347202140375963,0.07934881840693363,0.909628302731751
124,6,286,3110.000000000001,5275.844155844157,0.09604681033252462,0.14185549550793997,0.02311323213843166,1.6964129118469955
124,4,700,6910.000000000002,5275.844155844157,0.1584130155558727,0.6194180748252214,0.07491842632044159,0.7635085609036405
124,3,700,6910.000000000002,5275.844155844157,0.15612958470101326,1.925332221558523,0.22951168136370076,0.7635085609036405
125,1,155,3110.000000000001,5062.818609961469,0.1374339945768517,0.7053264755358848,0.1578033921156138,1.6279159517560988
125,4,700,6910.000000000002,5062.818609961469,0.1584130155558727,1.6059768874452254,0.186399383889782,0.7326799724980416
125,6,308,3110.000000000001,5062.818609961469,0.09604681033252462,0.7093356627182766,0.11090898239600472,1.6279159517560988
125,0,124,3110.000000000001,5062.818609961469,0.13757670900528043,0.7531323799756574,0.1686740276011328,1.6279159517560988
125,5,700,6910.000000000002,5062.818609961469,0.15812758669901528,2.15787767448612,0.25000505219892455,0.7326799724980416
125,2,700,6910.000000000002,5062.818609961469,0.156272299129442,0.7469433536736899,0.08552320925229362,0.7326799724980416
125,3,420,4110.000000000002,5062.818609961469,0.15612958470101326,0.7798240561113656,0.14997966481524122,1.2318293454894078
126,2,700,6910.000000000002,5419.304980733554,0.156272299129442,1.7986112099077596,0.22043717794797044,0.7842698959093418
126,6,176,3110.000000000001,5419.304980733554,0.09604681033252462,0.08492750865436782,0.014213941848171749,1.7425417944480874
126,3,455,4460.000000000002,5419.304980733554,0.15612958470101326,1.649481757204445,0.312925860317684,1.2150908028550564
126,0,620,6110.000000000002,5419.304980733554,0.13757670900528043,0.493822097450004,0.06025843084724583,0.8869566253246403
126,5,700,6910.000000000002,5419.304980733554,0.15812758669901528,1.7262884475614133,0.21408515422791005,0.7842698959093418
126,1,124,3110.000000000001,5419.304980733554,0.1374339945768517,0.403073120199765,0.09652975640281443,1.7425417944480874
126,4,630,6210.000000000002,5419.304980733554,0.1584130155558727,1.82795648909941,0.25270201649268886,0.8726739099409907
127,0,310,3110.000000000001,4911.056086770373,0.13757670900528043,1.1518910382049052,0.25024811847185585,1.579117712787901
127,6,440,4310.000000000002,4911.056086770373,0.09604681033252462,0.4826422979609936,0.052820918720831736,1.1394561686242162
127,3,35,3110.000000000001,4911.056086770373,0.15612958470101326,0.6003470505013456,0.14801375987237222,1.579117712787901
127,1,93,3110.000000000001,4911.056086770373,0.1374339945768517,1.19821942464515,0.2600429178143182,1.579117712787901
127,4,630,6210.000000000002,4911.056086770373,0.1584130155558727,0.9166301063809617,0.11483341292288818,0.7908302877246975
127,5,700,6910.000000000002,4911.056086770373,0.15812758669901528,1.5180106506838005,0.1706001105359765,0.7107172339754518
127,2,700,6910.000000000002,4911.056086770373,0.156272299129442,0.6609864611743852,0.07341273640249525,0.7107172339754518
128,2,700,6910.000000000002,4705.548736977309,0.156272299129442,1.529243531666409,0.1627387149962944,0.6809766623700879
128,1,527,5180.000000000002,4705.548736977309,0.1374339945768517,0.3125146021195229,0.03901620281849255,0.9084070920805613
128,5,35,3110.000000000001,4705.548736977309,0.15812758669901528,1.4225781768104577,0.34035620442952813,1.513038179092382
128,0,186,3110.000000000001,4705.548736977309,0.13757670900528043,0.28736235176464775,0.059817006124354845,1.513038179092382
128,4,700,6910.000000000002,4705.548736977309,0.1584130155558727,1.6066643246092853,0.17331982436804483,0.6809766623700879
128,6,440,4310.000000000002,4705.548736977309,0.09604681033252462,0.3209497052701619,0.03365525873595608,1.0917746489506512
128,3,315,3110.000000000001,4705.548736977309,0.15612958470101326,1.6923933991109503,0.3997941308159392,1.513038179092382
129,3,700,6910.000000000002,5087.786499215072,0.15612958470101326,0.7757971903708225,0.08918344371360773,0.7362932705086932
129,5,700,6910.000000000002,5087.786499215072,0.15812758669901528,0.9080302608897699,0.10572039961847021,0.7362932705086932
129,0,620,6110.000000000002,5087.786499215072,0.13757670900528043,1.3749977896918133,0.15751959436341462,0.8326982813772619
129,1,93,3110.000000000001,5087.786499215072,0.1374339945768517,1.7635608781711516,0.39650906012326875,1.6359442119662606
129,2,385,3760.0000000000014,5087.786499215072,0.156272299129442,1.4925540759209857,0.31561171131744553,1.3531347072380504
129,4,490,4810.000000000001,5087.786499215072,0.1584130155558727,1.2109562788595802,0.2029098486147312,1.0577518709386842
129,6,88,3110.000000000001,5087.786499215072,0.09604681033252462,0.33753421693047136,0.053035814322723425,1.6359442119662606
130,0,620,6110.000000000002,5076.14100185529,0.13757670900528043,0.40956896642020796,0.04681277922185174,0.8307923079959555
130,1,620,6110.000000000002,5076.14100185529,0.1374339945768517,0.4098175421498509,0.04679260040202767,0.8307923079959555
130,2,665,6560.000000000001,5076.14100185529,0.156272299129442,2.775723270225322,0.3356510466551108,0.7738019819901355
130,5,280,3110.000000000001,5076.14100185529,0.15812758669901528,1.3613885454785597,0.3513686606639623,1.6321996790531472
130,3,175,3110.000000000001,5076.14100185529,0.15612958470101326,1.2256586831220815,0.3123403113867986,1.6321996790531472
130,6,88,3110.000000000001,5076.14100185529,0.09604681033252462,0.39478022829442977,0.061888738257639894,1.6321996790531472
130,4,700,6910.000000000002,5076.14100185529,0.1584130155558727,1.8690815917201855,0.21750775771537945,0.7346079597475091
131,1,31,3110.000000000001,4875.348936777509,0.1374339945768517,1.6445998307202654,0.3543233114515174,1.567636314076369
131,3,560,5510.000000000002,4875.348936777509,0.15612958470101326,0.8657798860271748,0.1196043022890404,0.8848183188343934
131,6,440,4310.000000000002,4875.348936777509,0.09604681033252462,0.3544253295652309,0.03850668504233946,1.1311714470481455
131,0,620,6110.000000000002,4875.348936777509,0.13757670900528043,1.4489594193704216,0.1590617048402505,0.7979294495544202
131,2,700,6910.000000000002,4875.348936777509,0.156272299129442,1.1221376047570402,0.12372451931376403,0.7055497737738796
131,5,490,4810.000000000001,4875.348936777509,0.15812758669901528,1.820215901111133,0.29173677303605056,1.0135860575421014
131,4,210,3110.000000000001,4875.348936777509,0.1584130155558727,0.6579045808256677,0.16338007341664823,1.567636314076369
132,0,186,3110.000000000001,4763.860425288998,0.13757670900528043,0.43087806119052374,0.09080252764474286,1.5317879180993559
132,1,620,6110.000000000002,4763.860425288998,0.1374339945768517,0.42064371477035783,0.045074030293794136,0.7796825573304413
132,2,700,6910.000000000002,4763.860425288998,0.156272299129442,1.1007298079937546,0.11858880983612122,0.6894154016337188
132,6,286,3110.000000000001,4763.860425288998,0.09604681033252462,0.3476160620907266,0.05114243735752868,1.5317879180993559
132,4,70,3110.000000000001,4763.860425288998,0.1584130155558727,1.2370222441372225,0.300169809914143,1.5317879180993559
132,5,700,6910.000000000002,4763.860425288998,0.15812758669901528,0.9828565867362669,0.10714669431859389,0.6894154016337188
132,3,350,3410.000000000001,4763.860425288998,0.15612958470101326,1.3314697387128756,0.2904164113775717,1.3970265176800578
133,3,385,3760.0000000000014,5558.430141287286,0.15612958470101326,1.5623903060118058,0.36061106378856117,1.478305888640235
133,2,595,5860.000000000002,5558.430141287286,0.156272299129442,1.8470836350317916,0.27379347757875755,0.9485375667725741
133,4,700,6910.000000000002,5558.430141287286,0.1584130155558727,1.8119254453364284,0.23089008820674803,0.8044037831095925
133,5,630,6210.000000000002,5558.430141287286,0.15812758669901528,1.5401918682315419,0.21799323715962213,0.8950773174375658
133,1,620,6110.000000000002,5558.430141287286,0.1374339945768517,0.9950141057400571,0.12440400118204309,0.9097267007016832
133,6,132,3110.000000000001,5558.430141287286,0.09604681033252462,0.25685982563060766,0.044093126354314484,1.7872765727611846
133,0,620,6110.000000000002,5558.430141287286,0.13757670900528043,1.0550030518267617,0.13204123384160102,0.9097267007016832
134,5,700,6910.000000000002,5085.286142429001,0.15812758669901528,1.117890575537979,0.1300901113649442,0.7359314243746744
134,1,341,3320.0000000000014,5085.286142429001,0.1374339945768517,0.6288033866645688,0.1323690198795438,1.5317126935027106
134,4,420,4110.000000000002,5085.286142429001,0.1584130155558727,1.898734968936293,0.3721592204980131,1.2372958984012163
134,3,700,6910.000000000002,5085.286142429001,0.15612958470101326,0.8177640474120216,0.09396163503274932,0.7359314243746744
134,6,308,3110.000000000001,5085.286142429001,0.09604681033252462,0.3697910587253805,0.0580756873909237,1.635140238723151
134,2,700,6910.000000000002,5085.286142429001,0.156272299129442,0.5912193308332154,0.06799359044704345,0.7359314243746744
134,0,310,3110.000000000001,5085.286142429001,0.13757670900528043,0.6017734043703531,0.1353732677877158,1.635140238723151
135,2,700,6910.000000000002,4563.02554588269,0.156272299129442,2.7586347056066307,0.28467612795760333,0.6603510196646437
135,5,700,6910.000000000002,4563.02554588269,0.15812758669901528,0.7176985745006593,0.074941879251545,0.6603510196646437
135,6,440,4310.000000000002,4563.02554588269,0.09604681033252462,0.14934676519898907,0.01518638469680824,1.0587066231746376
135,0,403,3940.000000000001,4563.02554588269,0.13757670900528043,0.5472200111245703,0.08718937516219664,1.1581283111377383
135,4,280,3110.000000000001,4563.02554588269,0.1584130155558727,1.5805563533456475,0.36736126110435025,1.467210786457456
135,3,105,3110.000000000001,4563.02554588269,0.15612958470101326,2.2402266040348824,0.5131799334206558,1.467210786457456
135,1,341,3320.0000000000014,4563.02554588269,0.1374339945768517,0.4133637449856054,0.07808028129232837,1.374405284904424
136,6,220,3110.000000000001,4946.534893677751,0.09604681033252462,0.354294592792919,0.05412378484377336,1.59052568928545
136,4,700,6910.000000000002,4946.534893677751,0.1584130155558727,1.4156294144635626,0.16053268475639063,0.7158516488679811
136,5,350,3410.000000000001,4946.534893677751,0.15812758669901528,1.5172763088850731,0.3480318720834113,1.4505967430140028
136,3,700,6910.000000000002,4946.534893677751,0.15612958470101326,0.8840638298800451,0.09880794263659838,0.7158516488679811
136,2,700,6910.000000000002,4946.534893677751,0.156272299129442,0.60568961801624,0.06775715475613839,0.7158516488679811
136,0,217,3110.000000000001,4946.534893677751,0.13757670900528043,2.2356396586847715,0.489201082630946,1.59052568928545
136,1,62,3110.000000000001,4946.534893677751,0.1374339945768517,0.8230031615747905,0.1799021531363605,1.59052568928545
137,6,330,3210.000000000001,4647.0058512915675,0.09604681033252462,0.3601033302366209,0.050070078397040085,1.4476653742341328
137,0,620,6110.000000000002,4647.0058512915675,0.13757670900528043,0.37597073351281646,0.039339692886040695,0.760557422469978
137,3,385,3760.0000000000014,4647.0058512915675,0.15612958470101326,2.1465995058457117,0.41421097700418114,1.2359058115137143
137,4,280,3110.000000000001,4647.0058512915675,0.1584130155558727,1.5899953494520307,0.3763566079578328,1.4942141000937512
137,5,700,6910.000000000002,4647.0058512915675,0.15812758669901528,1.0288133468528566,0.10940556280859909,0.6725044647310515
137,1,620,6110.000000000002,4647.0058512915675,0.1374339945768517,0.4088690195468782,0.042737624951038666,0.760557422469978
137,2,315,3110.000000000001,4647.0058512915675,0.156272299129442,1.8898325599115822,0.4412839776410147,1.4942141000937512
138,6,44,3110.000000000001,5477.689453403741,0.09604681033252462,0.5026230772950413,0.08502808336257146,1.7613149367857683
138,1,155,3110.000000000001,5477.689453403741,0.1374339945768517,1.799014121528022,0.43547753922043764,1.7613149367857683
138,4,560,5510.000000000002,5477.689453403741,0.1584130155558727,1.4055665562675026,0.2213543620618194,0.9941360169516769
138,5,700,6910.000000000002,5477.689453403741,0.15812758669901528,1.9785804731065344,0.24801658387906989,0.79271916836523
138,2,700,6910.000000000002,5477.689453403741,0.156272299129442,0.35586739998640093,0.044084870237653846,0.79271916836523
138,0,465,4560.000000000002,5477.689453403741,0.13757670900528043,2.0132749156608547,0.332721268722328,1.2012476871499427
138,3,700,6910.000000000002,5477.689453403741,0.15612958470101326,0.40479916716701586,0.05010074392918832,0.79271916836523
139,2,35,3110.000000000001,4717.992007992009,0.156272299129442,1.8213919188744678,0.43179958331767954,1.5170392308655973
139,0,620,6110.000000000002,4717.992007992009,0.13757670900528043,0.42940790188098504,0.045617443100980204,0.772175451389854
139,1,186,3110.000000000001,4717.992007992009,0.1374339945768517,0.3975583821334491,0.08288804491971323,1.5170392308655973
139,6,66,3110.000000000001,4717.992007992009,0.09604681033252462,0.05237032324257861,0.007630711129211661,1.5170392308655973
139,3,700,6910.000000000002,4717.992007992009,0.15612958470101326,2.6905112461459293,0.28681322293711353,0.6827774251797407
139,5,245,3110.000000000001,4717.992007992009,0.15812758669901528,1.2203695890870867,0.292749277211772,1.5170392308655973
139,4,700,6910.000000000002,4717.992007992009,0.1584130155558727,1.0414243080431802,0.11264131845261888,0.6827774251797407
140,6,88,3110.000000000001,5419.841586984445,0.09604681033252462,0.442533805478425,0.07407226129384158,1.7427143366509463
140,2,175,3110.000000000001,5419.841586984445,0.156272299129442,0.4972262113632566,0.13541358007364238,1.7427143366509463
140,3,700,6910.000000000002,5419.841586984445,0.15612958470101326,0.5835606641231113,0.07146275583835872,0.7843475523855924
140,1,620,6110.000000000002,5419.841586984445,0.1374339945768517,1.1247746045415858,0.13712134185908467,0.8870444495882885
140,4,665,6560.000000000001,5419.841586984445,0.1584130155558727,1.261811179213757,0.16514597209122123,0.8261953638695799
140,0,434,4250.000000000002,5419.841586984445,0.13757670900528043,0.9731518005774249,0.17073524021009104,1.2752568439963394
140,5,700,6910.000000000002,5419.841586984445,0.15812758669901528,1.600347815404784,0.19848631544341894,0.7843475523855924
141,5,140,3110.000000000001,4899.096617668047,0.15812758669901528,1.1377255708944616,0.28340060792645483,1.5752722243305612
141,2,700,6910.000000000002,4899.096617668047,0.156272299129442,1.0233132090365036,0.11337793399324092,0.7089864859143337
141,6,110,3110.000000000001,4899.096617668047,0.09604681033252462,0.11603646880057245,0.01755630294095385,1.5752722243305612
141,3,700,6910.000000000002,4899.096617668047,0.15612958470101326,1.2202341504217142,0.13507231302930897,0.7089864859143337
141,0,248,3110.000000000001,4899.096617668047,0.13757670900528043,0.547331016470085,0.11861799846447553,1.5752722243305612
141,4,700,6910.000000000002,4899.096617668047,0.1584130155558727,1.4251677114759114,0.16006441541796004,0.7089864859143337
141,1,217,3110.000000000001,4899.096617668047,0.1374339945768517,0.7176504749919911,0.15536842446286775,1.5752722243305612
142,1,620,6110.000000000002,5132.297702297704,0.1374339945768517,0.4944649977065382,0.057082154073349045,0.8399832573318662
142,6,418,4090.0000000000014,5132.297702297704,0.09604681033252462,0.35032909908657933,0.0422228642466587,1.254840514009218
142,4,700,6910.000000000002,5132.297702297704,0.1584130155558727,1.0172377172359703,0.11968703503929212,0.7427348339070481
142,0,62,3110.000000000001,5132.297702297704,0.13757670900528043,0.4761556149745673,0.10810487461082771,1.6502564959156598
142,2,700,6910.000000000002,5132.297702297704,0.156272299129442,1.4506646629405977,0.16837702288354353,0.7427348339070481
142,3,525,5160.000000000001,5132.297702297704,0.15612958470101326,1.0329480299350782,0.16040792263903986,0.9946313376545936
142,5,245,3110.000000000001,5132.297702297704,0.15812758669901528,0.9064488908177789,0.23653881442538083,1.6502564959156598
143,0,620,6110.000000000002,5075.905523048382,0.13757670900528043,0.9737888066873888,0.11129663001926549,0.8307537680930246
143,1,620,6110.000000000002,5075.905523048382,0.1374339945768517,0.817390908049097,0.09332463329851519,0.8307537680930246
143,5,665,6560.000000000001,5075.905523048382,0.15812758669901528,1.2674125948314376,0.1550727012929418,0.773766085830546
143,6,440,4310.000000000002,5075.905523048382,0.09604681033252462,0.21805010918778367,0.024664681692985732,1.1777042976910395
143,3,455,4460.000000000002,5075.905523048382,0.15612958470101326,1.0328085825140427,0.18352013247255208,1.1380954087552422
143,4,490,4810.000000000001,5075.905523048382,0.1584130155558727,1.1318851118278233,0.1892176578558721,1.055281813523572
143,2,105,3110.000000000001,5075.905523048382,0.156272299129442,0.9570069017081694,0.2440901265332567,1.6321239623949777
144,2,420,4110.000000000002,4920.275438846869,0.156272299129442,0.36615340032972343,0.06850033049430235,1.1971473087218656
144,6,308,3110.000000000001,4920.275438846869,0.09604681033252462,0.22810054951630335,0.03466077783556454,1.5820821346774494
144,0,31,3110.000000000001,4920.275438846869,0.13757670900528043,0.5897939206686628,0.1283731608006472,1.5820821346774494
144,5,700,6910.000000000002,4920.275438846869,0.15812758669901528,2.3343515119205103,0.26283625140600964,0.7120514383280562
144,3,700,6910.000000000002,4920.275438846869,0.15612958470101326,0.5505504735026108,0.06120595984637085,0.7120514383280562
144,1,620,6110.000000000002,4920.275438846869,0.1374339945768517,1.5885258017378614,0.17580719631720887,0.8052823958832844
144,4,350,3410.000000000001,4920.275438846869,0.1584130155558727,1.7861417251068712,0.40826468374443453,1.4428960231222487
145,1,620,6110.000000000002,5476.59055230484,0.1374339945768517,0.6102167963357163,0.07517049148252082,0.8963323326194498
145,2,700,6910.000000000002,5476.59055230484,0.156272299129442,2.269054769478469,0.28103422079142437,0.7925601378154614
145,3,560,5510.000000000002,5476.59055230484,0.15612958470101326,2.357648048923777,0.36586667403773576,0.9939365793656693
145,6,440,4310.000000000002,5476.59055230484,0.09604681033252462,0.31437515601823357,0.03836755880110257,1.2706706617876653
145,4,595,5860.000000000002,5476.59055230484,0.1584130155558727,0.38390232769115834,0.0568360991892985,0.9345717666049211
145,5,595,5860.000000000002,5476.59055230484,0.15812758669901528,0.7091166592494583,0.10479437892562164,0.9345717666049211
145,0,279,3110.000000000001,5476.59055230484,0.13757670900528043,0.8328467989485772,0.2017715457650341,1.760961592380977
146,3,560,5510.000000000002,5098.026259454832,0.15612958470101326,0.9682938976722707,0.13987589187116217,0.9252316260353595
146,2,630,6210.000000000002,5098.026259454832,0.156272299129442,0.8440149099346957,0.10827858915341017,0.8209382060313737
146,0,620,6110.000000000002,5098.026259454832,0.13757670900528043,0.38976898764927465,0.04474175912764979,0.8343741832168299
146,5,700,6910.000000000002,5098.026259454832,0.15812758669901528,2.0430066002580007,0.23834246870270825,0.7377751460860826
146,1,310,3110.000000000001,5098.026259454832,0.1374339945768517,0.35852732900241296,0.08077149371900502,1.6392367393745437
146,6,440,4310.000000000002,5098.026259454832,0.09604681033252462,0.17587537053984456,0.019980795281368924,1.1828367191310512
146,4,175,3110.000000000001,5098.026259454832,0.1584130155558727,2.3366085239206766,0.6067621717026702,1.6392367393745437
147,6,440,4310.000000000002,4901.108891108893,0.09604681033252462,0.4017112034873676,0.04387468104550747,1.1371482345960304
147,4,560,5510.000000000002,4901.108891108893,0.1584130155558727,0.4434731633376555,0.06248862345382462,0.8894934466622307
147,5,420,4110.000000000002,4901.108891108893,0.15812758669901528,0.43539121588310215,0.08209937206613767,1.1924839151116522
147,0,620,6110.000000000002,4901.108891108893,0.13757670900528043,3.167152103301039,0.3495159334234987,0.8021454813598841
147,2,490,4810.000000000001,4901.108891108893,0.156272299129442,1.6584026620264438,0.2640713362944339,1.018941557403096
147,3,350,3410.000000000001,4901.108891108893,0.15612958470101326,2.7995124907160696,0.6282139654047965,1.4372753346360385
147,1,620,6110.000000000002,4901.108891108893,0.1374339945768517,1.525662745716097,0.16819220049746475,0.8021454813598841
148,1,155,3110.000000000001,4949.877265591553,0.1374339945768517,2.0044951862804283,0.4384632804471402,1.591600406942621
148,6,374,3650.000000000001,4949.877265591553,0.09604681033252462,0.23675911130696584,0.03083835573776699,1.3561307576963155
148,4,210,3110.000000000001,4949.877265591553,0.1584130155558727,1.8500688656675681,0.4664582701598253,1.591600406942621
148,0,124,3110.000000000001,4949.877265591553,0.13757670900528043,0.6672577122636144,0.1461075169266296,1.591600406942621
148,3,700,6910.000000000002,4949.877265591553,0.15612958470101326,0.7660767471137219,0.08567889721225176,0.7163353495790957
148,2,700,6910.000000000002,4949.877265591553,0.156272299129442,0.5464920720755256,0.06117616533383852,0.7163353495790957
148,5,700,6910.000000000002,4949.877265591553,0.15812758669901528,1.6617373996546023,0.18822895035364387,0.7163353495790957
149,4,140,3110.000000000001,5163.072641644072,0.1584130155558727,0.5582838650800415,0.14682289536707388,1.6601519748051674
149,5,700,6910.000000000002,5163.072641644072,0.15812758669901528,0.7024732607391683,0.08299800024663909,0.7471885154332953
149,0,372,3630.000000000001,5163.072641644072,0.13757670900528043,0.4449375803710568,0.08706540318040092,1.4223340610589728
149,3,700,6910.000000000002,5163.072641644072,0.15612958470101326,1.6930268823687276,0.1975055238549123,0.7471885154332953
149,6,66,3110.000000000001,5163.072641644072,0.09604681033252462,0.31523150716089693,0.05026438943159174,1.6601519748051674
149,1,620,6110.000000000002,5163.072641644072,0.1374339945768517,0.5328312799928685,0.061880085777740276,0.8450200722821719
149,2,560,5510.000000000002,5163.072641644072,0.156272299129442,1.7378326754310542,0.25447586364346436,0.9370367770678893
150,1,620,6110.000000000002,4820.346796061082,0.1374339945768517,0.7342133507327991,0.0796074148632617,0.7889274625304551
150,4,700,6910.000000000002,4820.346796061082,0.1584130155558727,0.9827448421914791,0.10860051166649365,0.6975899849581882
150,6,176,3110.000000000001,4820.346796061082,0.09604681033252462,0.2351651588214882,0.03500852561185941,1.5499507382833058
150,2,140,3110.000000000001,4820.346796061082,0.156272299129442,0.7138907146286827,0.17291458641509835,1.5499507382833058
150,0,310,3110.000000000001,4820.346796061082,0.13757670900528043,0.7533378478227687,0.16063959433236896,1.5499507382833058
150,5,385,3760.0000000000014,4820.346796061082,0.15812758669901528,1.1640407758670002,0.23597515283629453,1.2820071266119895
150,3,700,6910.000000000002,4820.346796061082,0.15612958470101326,0.6533723126525564,0.07116167604401319,0.6975899849581882
