seed,round,a_eff,mean_tau,global_update_norm,straggler_share,dominating_cid,max_contribution_share,server_lr,max_amp,source
123,1,4717.5638647067235,438.7282717282717,2.0859862042363946,0.1446452497134343,2,0.2000247539008303,1.0,1.5169015642143802,logged
123,2,5263.432282003712,466.51519908662766,1.7798817167923162,0.0053444105406298,2,0.217377550466641,1.0,1.6924219556282027,logged
123,3,5366.80034251463,502.7992007992008,1.6630164006184092,0.1354130834117678,4,0.1857523610142832,1.0,1.7256592741204593,logged
123,4,4631.113172541745,415.31811046096755,1.290171129556964,0.1407835477513402,5,0.1913277998818267,1.0,1.4891039140005609,logged
123,5,5004.953617810762,481.0323961752533,1.3435018880401788,0.1340841268869211,4,0.184112889219413,1.0,1.6093098449552283,logged
123,6,4985.024975024977,431.2386185243328,1.0886882275610814,0.0882866417864656,3,0.2052957995740442,1.0,1.6029019212298956,logged
123,7,5219.658912516056,477.1975167689453,1.3536691105365666,0.1254889241586839,3,0.1811150046689131,1.0,1.6783469172077343,logged
123,8,5572.189239332098,503.59954331382903,1.425907461076097,0.0113356021792807,3,0.185192555542329,1.0,1.7917007200424746,logged
123,9,5125.184815184816,466.88054802340514,1.423582982995375,0.0210904669564767,5,0.1925494131022057,1.0,1.6479693939501012,logged
123,10,4912.554588268876,466.3368060510917,1.338083017230825,0.1640981780514935,1,0.1902548281007054,1.0,1.579599546067162,logged
123,11,4534.479805908379,444.273298130441,1.2650108317060782,0.1691326271340537,3,0.2121215960380257,1.0,1.458032091931954,logged
123,12,5254.671043242473,534.4671043242472,1.3957535153938918,0.2011731981447425,5,0.2011731981447425,1.0,1.3975188944793806,logged
123,13,5084.661053232483,427.82146425003566,0.9358897201426792,0.1221451687552444,2,0.214430062277208,1.0,1.6349392454123737,logged
123,14,5089.028114742403,512.2621664050235,1.2074324853709149,0.1783097191943821,4,0.2219341375905835,1.0,1.6363434452547916,logged
123,15,4609.1380048522915,457.4127301270158,1.11503544794563,0.2423178688699832,3,0.2572873653118763,1.0,1.4820379436824085,logged
123,16,4881.856714713858,424.01969459112314,0.8881619056317538,0.1747420404446063,2,0.2101575677720006,1.0,1.5697288471748736,logged
123,17,5160.589410589412,507.8846867418296,0.9756924615568688,0.2353157848069379,3,0.2353157848069379,1.0,1.6593535082281063,logged
123,18,4904.593977451122,476.02854288568574,1.0146991071680016,0.1702232021428502,4,0.2512260845896702,1.0,1.577039864132193,logged
123,19,4989.182246325105,484.1669758812616,0.9620566368633744,0.1857181472549756,2,0.2669368872638323,1.0,1.6042386644132165,logged
123,20,5170.048522905667,488.74182959897246,0.9439229079768972,0.1887912974551771,1,0.2673845896338461,1.0,1.662395023442336,logged
123,21,5073.34522620237,501.12801484230056,0.78834497433975,0.0227121006440944,1,0.2443418676196362,1.0,1.6313007158206974,logged
123,22,5553.577850720709,507.5737120022834,0.6585799593874025,0.2356773805620035,5,0.2356773805620035,1.0,1.7857163507140537,logged
123,23,4677.643784786644,458.54830883402315,0.8018054052810492,0.2384983988289521,5,0.2437054470442845,1.0,1.504065525654869,logged
123,24,5055.420293991723,479.895818467247,0.7156461628732528,0.2404838434298794,5,0.2404838434298794,1.0,1.6255370720230615,logged
123,25,5335.156272299131,514.5979734551163,1.0625016103096965,0.0294739945402691,1,0.405138568418982,1.0,1.7154843319289803,logged
123,26,4725.156272299131,448.5571571285857,0.995327359064162,0.2335624976467061,2,0.2672263170503001,1.0,1.5193428528293025,logged
123,27,4873.151134579706,427.4511203082631,1.0068135832237175,0.147024691125798,4,0.2527411668731761,1.0,1.566929625266786,logged
123,28,4725.584415584417,366.9212216355073,1.079256560265295,0.2277983145522139,2,0.2841122762963473,1.0,1.5194805194805194,logged
123,29,4921.923790495221,473.30769230769226,0.7888273599539609,0.0372473005523394,5,0.2680985005015363,1.0,1.5826121512846365,logged
123,30,5766.439275010705,576.0392464678179,0.6349098622567135,0.0335255134232226,4,0.244232580756339,1.0,1.8541605385886504,logged
123,31,4854.352790067077,409.75567289853007,0.7221998992098102,0.1905744299765991,2,0.2034478814772429,1.0,1.5608851415006677,logged
123,32,5102.329099471958,500.68288854003134,0.9172508499118376,0.2199363378993816,0,0.3013143270566735,1.0,1.6406202892192787,logged
123,33,4363.066933066934,394.1535607249892,1.042056963697633,0.2781750804680821,4,0.2781750804680821,1.0,1.4029154125617147,logged
123,34,5473.856143856145,525.188097616669,1.0979716965345971,0.2178261137723775,2,0.2287543566416554,1.0,1.7600823613685348,logged
123,35,5110.365348936779,475.0770657913515,0.7446705206682704,0.0381342878628125,1,0.2440130118138913,1.0,1.643204292262629,logged
123,36,5534.673897531042,562.467389753104,0.6989940144037394,0.225318407377631,4,0.225318407377631,1.0,1.4719877387050635,logged
123,37,4991.742543171116,508.1742543171114,0.6538779190880725,0.1955456077591987,4,0.1955456077591987,1.0,1.4638541182319986,logged
123,38,5055.771371485658,437.24475524475525,0.7964277986414091,0.1962071592807237,1,0.2591042266583017,1.0,1.62564995867706,logged
123,39,5188.137576709007,489.4238618524332,0.6762308177525024,0.0437542532191944,2,0.2321570389436338,1.0,1.6682114394562717,logged
123,40,5517.394034536892,501.8423005565863,0.6181128842221371,0.2642707389400701,5,0.2642707389400701,1.0,1.7740816831308328,logged
123,41,4577.18995290424,357.50834879406307,0.6274750172047259,0.1395696459925253,3,0.2405356885604065,1.0,1.4717652581685656,logged
123,42,5158.090480947625,512.9494790923362,0.6620592054246605,0.246363848679597,5,0.246363848679597,1.0,1.658549993873834,logged
123,43,4667.984872270587,451.7853574996432,0.7380107305721673,0.2816072728028286,3,0.2816072728028286,1.0,1.500959766003404,logged
123,44,5146.021121735409,491.3552162123591,0.9521978266831616,0.026364678131433,1,0.371109447019729,1.0,1.6546691709760153,logged
123,45,5323.346653346654,496.0184101612672,0.8931330279305395,0.328745593638826,2,0.328745593638826,1.0,1.7116870267995667,logged
123,46,4722.473241044671,387.8467247038676,0.8971242515509428,0.2338567663734606,0,0.2814411669404338,1.0,1.5184801418150065,logged
123,47,4792.894248608536,429.9210789210789,0.6929105092071021,0.2437955993981513,2,0.2437955993981513,1.0,1.541123552607246,logged
123,48,5622.921364349936,535.8341658341659,0.6088619270987284,0.2639862638519144,1,0.2639862638519144,1.0,1.8080133004340624,logged
123,49,5189.534750963324,499.8244612530326,0.6861396274651343,0.2685976835070479,2,0.2685976835070479,1.0,1.668660691628078,logged
123,50,4690.66219494791,465.3946053946054,0.6684886963973532,0.2269136763885206,5,0.2473799258699247,1.0,1.5082515096295528,logged
123,51,5540.535179106609,516.4823747680891,0.7389706078194392,0.046360247614418,4,0.3083164693452452,1.0,1.781522565629134,logged
123,52,5085.229056657629,499.1067503924647,0.683981457551224,0.2105373946330177,0,0.2287586725207929,1.0,1.6351218831696552,logged
123,53,5097.2127872127885,430.4021692593122,0.5699553757017239,0.2501171051262296,3,0.2501171051262296,1.0,1.6389751727372306,logged
123,54,5877.23990295419,582.8932496075354,0.521172142536257,0.0337771216892619,4,0.2172028568095869,1.0,1.8897877501460416,logged
123,55,4694.329955758529,419.2939917225632,0.6505535196094698,0.2519162920851852,3,0.2753764835581803,1.0,1.5094308539416488,logged
123,56,5444.536891679751,472.93064078778366,0.8195805467396442,0.2080371865926533,0,0.2080371865926533,1.0,1.7506549490931669,logged
123,57,4872.958470101329,446.40231197374055,0.7069095711633621,0.0569986118260254,5,0.2736269999774626,1.0,1.5668676752737387,logged
123,58,4761.29441986585,439.1148851148851,0.7072224444354651,0.1838755977586034,0,0.255823334094741,1.0,1.530962835969726,logged
123,59,4428.110460967605,342.88953903239616,0.7876807171656425,0.0622681800954484,3,0.2705575281509285,1.0,1.4238297302146636,logged
123,60,4437.144284287143,401.245040673612,0.6097215634100812,0.1814822275045484,4,0.2405745139905904,1.0,1.426734496555351,logged
123,61,4777.1771086056815,435.40616526330814,0.6720484596277425,0.1559192272636352,3,0.3505534643405942,1.0,1.5360698098410548,logged
123,62,4858.91108891109,448.9275010703582,0.4687894438045301,0.1743386444999253,3,0.2282398073312584,1.0,1.5623508324472952,logged
123,63,4689.877265591552,402.0861995147709,0.550553018158725,0.1070257333962854,3,0.28108698787532,1.0,1.5079991207689871,logged
123,64,4577.7351220208375,384.51177394034534,0.5591891013527309,0.1425525401219868,5,0.2977324088659365,1.0,1.471940553704449,logged
123,65,4945.598687027261,480.9210789210789,0.9037929960877668,0.2504549540582123,1,0.3072085948668575,1.0,1.590224658208122,logged
123,66,4874.867989153705,478.0515199086628,0.8392433601874844,0.2116106461845821,1,0.2509814361110418,1.0,1.5674816685381685,logged
123,67,5333.947481090339,491.66490652204936,0.4692261013799267,0.1430377804319526,3,0.1973763516716682,1.0,1.7150956530837098,logged
123,68,5486.891679748824,528.0736406450692,0.6318101079724938,0.342521668970884,5,0.342521668970884,1.0,1.7642738520092676,logged
123,69,4278.231768231769,403.16711859569006,0.6372164298291124,0.1791576646937994,3,0.2475058588420307,1.0,1.3756372245118225,logged
123,70,5237.388325959757,492.9791636934494,0.5887771158544419,0.1266725584133864,4,0.2710530790842381,1.0,1.684047693234648,logged
123,71,4978.6741829599,424.45211930926223,0.5179237342506589,0.0388134703280779,4,0.2708812203529769,1.0,1.6008598659035045,logged
123,72,5330.127015841303,467.0228343085486,0.6394597952303499,0.1449054995222222,5,0.2677490017590822,1.0,1.7138672076660133,logged
123,73,5097.087198515772,444.1458541458541,0.7214650766586508,0.2215519718815396,2,0.2958023569833204,1.0,1.6389347905195404,logged
123,74,5531.955187669475,539.5567289853004,0.7018301712347624,0.270357935261589,3,0.270357935261589,1.0,1.7787637259387374,logged
123,75,4695.214785214786,449.4505494505494,0.5748642634846354,0.2633066937558566,2,0.2633066937558566,1.0,1.5097153650208313,logged
123,76,5220.0685029256465,477.2691594120165,0.544817607865298,0.272804634036258,3,0.272804634036258,1.0,1.678478618304066,logged
123,77,4935.403168260313,494.91365777080057,0.4939972318281041,0.2433348116838432,2,0.2433348116838432,1.0,1.5869463563537978,logged
123,78,5956.95019266448,604.6950192664478,0.7918903764827601,0.0243467656752228,0,0.3624340687780674,1.0,1.6320411486751996,logged
123,79,4744.75667189953,443.94377051519905,0.5353785120054549,0.3296915056118928,5,0.3296915056118928,1.0,1.525645232122035,logged
123,80,5309.885828457258,499.2704438418723,0.6044626863843893,0.037511719429503,2,0.3081427450637743,1.0,1.7073587872852916,logged
123,81,5445.493078350222,541.8315969744541,0.5315130118602109,0.0329732627552965,4,0.2600700553066269,1.0,1.750962404614219,logged
123,82,4777.917796489226,411.65034965034965,0.5744985985074686,0.1509186727122682,3,0.2263363074129178,1.0,1.5363079731476603,logged
123,83,5101.337234194378,500.3325246182389,0.5607686888673962,0.2771391482740556,4,0.2771391482740556,1.0,1.6403013614772914,logged
123,84,5057.321250178395,485.82446125303267,0.7655075411888638,0.0322482305619981,2,0.3481308233871539,1.0,1.6261483119544673,logged
123,85,4588.307406878836,428.001998001998,0.5364034059841088,0.2188845281706676,4,0.2264931196675728,1.0,1.475340002211844,logged
123,86,4810.605109176539,443.2801484230054,0.5645083707828459,0.2693857874388418,2,0.2693857874388418,1.0,1.546818363079273,logged
123,87,4278.23176823177,334.5317539603254,0.6602774932257719,0.0513811854986461,4,0.2446715023994689,1.0,1.375637224511823,logged
123,88,5155.049236477808,495.61524190095616,0.8511939699226053,0.2995506224529091,3,0.2995506224529091,1.0,1.6575721017613527,logged
123,89,4857.859283573571,417.0498073355216,0.7362070357942866,0.1911803511656145,0,0.2363597821312835,1.0,1.562012631374138,logged
123,90,4704.21721136007,404.02868560011416,0.8033518087733376,0.0440179878318088,2,0.3355879304035328,1.0,1.512610035807096,logged
123,91,4979.661766804626,422.0587983445127,0.7080256144664816,0.2755786402411281,0,0.2755786402411281,1.0,1.6011774169789788,logged
123,92,5524.157271300131,561.4157271300128,0.5105405760350901,0.1347398479070565,4,0.2752315552113106,1.0,1.521806410826482,logged
123,93,4605.91836734694,411.5724275724275,0.6537265122635273,0.2234047173139235,3,0.2480745692217563,1.0,1.4810026904652536,logged
123,94,4839.928642785787,474.8609961467104,0.8252609473299638,0.2365589455453431,2,0.2758097443651059,1.0,1.556247152021153,logged
123,95,4816.055373198231,445.4578278863993,0.675532458219227,0.1193297441603538,1,0.2075699092741215,1.0,1.54857085954927,logged
123,96,4577.735122020837,388.8465819894392,0.5736821210423433,0.2259101190875461,5,0.3085928425689247,1.0,1.4719405537044483,logged
123,97,5174.4783787640945,484.15413158270303,0.6254609671808871,0.1763075111025884,1,0.2505779254208928,1.0,1.663819414393599,logged
123,98,5063.637790780649,485.0475239046667,0.4049288360772748,0.2101148412953053,0,0.2101148412953053,1.0,1.6281793539487612,logged
123,99,4448.866847438278,373.5481661195946,0.4843569911479093,0.2508284149689766,4,0.261036133099556,1.0,1.4305038094656837,logged
123,100,4941.471385757101,496.81061795347506,0.8920098738568484,0.2094845545955842,1,0.369599196508198,1.0,1.5888975516903858,logged
123,101,5254.940773512204,491.58527187098616,0.7223182875720928,0.1495122873267379,3,0.3204076977316805,1.0,1.6896915670457242,logged
123,102,4641.875267589554,388.5079206507778,0.7934934051552163,0.2935632316610876,5,0.3089786272645655,1.0,1.4925643947233287,logged
123,103,5421.398601398603,528.9509062366205,1.0745755324660995,0.034742635009643,1,0.3552725837895666,1.0,1.7432149843725406,logged
123,104,5389.738832595976,516.7439703153989,0.5752231052424068,0.1717800806543671,4,0.1875546098218694,1.0,1.7330349944038503,logged
123,105,4848.682745825604,452.3717710860568,0.6480406499871263,0.3089464335708909,5,0.3089464335708909,1.0,1.559061976149711,logged
123,106,5369.203653489369,540.2855715712858,0.7038515020782968,0.3277084566466843,1,0.3277084566466843,1.0,1.726432042922626,logged
123,107,5509.887255601542,539.818895390324,0.686168663214653,0.0280706417237808,4,0.3793895859623337,1.0,1.7716679278461545,logged
123,108,4444.322820037108,379.0045668617097,0.4546189174187431,0.2090310242134356,0,0.2377407054732292,1.0,1.4290427074074297,logged
123,109,4875.320393891824,480.51120308263165,0.4837694167158031,0.0343072243794735,2,0.2485522871312769,1.0,1.5676271362996217,logged
123,110,5450.960468103326,522.8661338661339,0.4420745469733374,0.2501401522966816,0,0.2501401522966816,1.0,1.7527204077502652,logged
123,111,5062.929927215642,476.2605965463108,0.6841623691712021,0.3021085142752133,3,0.3021085142752133,1.0,1.627951745085415,logged
123,112,4899.096617668048,415.1722563151135,1.0090661780081327,0.035344762314183,5,0.2629034663920346,1.0,1.5752722243305617,logged
123,113,4832.062223490796,463.3774796631939,0.95939325017734,0.4534525751445062,2,0.4534525751445062,1.0,1.5537177567494516,logged
123,114,5051.158841158843,460.927786499215,0.4427081683646145,0.2204588677578136,3,0.2204588677578136,1.0,1.6241668299546113,logged
123,115,5200.05280433852,489.5240473811902,0.5491830165741327,0.1345929960213149,4,0.3206871681646869,1.0,1.6720427023596522,logged
123,116,5397.2056514913675,545.4549735978308,0.4888108043029449,0.03531577218024,2,0.3137577602988506,1.0,1.7354359008010822,logged
123,117,5015.582988440133,442.7717996289426,0.6320069778741605,0.2995769881964773,4,0.2995769881964773,1.0,1.612727649016119,logged
123,118,4769.676038247469,427.92907092907086,0.5767861616121754,0.1379536464969865,3,0.2277337083501726,1.0,1.5336578901117257,logged
123,119,4667.028685600116,384.84144427001576,0.5921267894325648,0.0891322746617357,5,0.3189587175431748,1.0,1.500652310482352,logged
123,120,4982.441843870416,482.7158555729984,0.4968397525291669,0.0464605800783645,4,0.2256437678299222,1.0,1.6020713324342168,logged
123,121,5588.37162837163,529.3096903096903,0.4066784209791189,0.0221536566951388,4,0.2152311126701932,1.0,1.7969040605696556,logged
123,122,4837.438276009706,469.3163978878264,0.388633793273786,0.0629073915673464,3,0.3010322810510446,1.0,1.555446390999905,logged
123,123,4449.921507064365,358.3320964749536,0.6104552636624726,0.137067453235675,1,0.2872785879038299,1.0,1.4308429283165156,logged
123,124,4797.235621521337,415.5966890252605,0.6244941933417617,0.3700621278169144,2,0.3700621278169144,1.0,1.54251949245059,logged
123,125,5453.890395318968,544.4937919223632,0.6049251953609788,0.3079049418885732,1,0.3079049418885732,1.0,1.75366250653343,logged
123,126,4746.454973597833,393.8965320393892,0.6413849999155853,0.2479952879594817,5,0.3504693106502648,1.0,1.526191309838531,logged
123,127,5012.828599971459,469.30526616240894,0.7194329872188503,0.1783294745481461,1,0.245023027437517,1.0,1.6118419935599542,logged
123,128,5201.351505637222,498.5832738689881,0.4361642049030499,0.2402028455436268,2,0.2529898958027751,1.0,1.6724602912016784,logged
123,129,4689.277864992151,363.6777508206079,0.4860646705512966,0.1433541413952244,4,0.2801596879492076,1.0,1.507806387457283,logged
123,130,5394.508348794065,537.1798201798201,0.4688547795845896,0.1062169506015668,5,0.2470964796263355,1.0,1.7345686008984125,logged
123,131,4970.636506350794,442.2985585842729,0.4994252398587633,0.0895500802193505,5,0.3291113371949171,1.0,1.5982754039713158,logged
123,132,4716.479235050665,443.5684315684315,0.5415806590632761,0.0549429953189056,4,0.3534706504619605,1.0,1.5165528086979625,logged
123,133,4881.99372056515,395.577565291851,0.5944373577796946,0.2165200619469243,2,0.2712638083309779,1.0,1.5697729005032632,logged
123,134,4725.15627229913,391.0640787783644,0.691125420517873,0.1607307873648686,3,0.2918159606433571,1.0,1.5193428528293018,logged
123,135,4686.180961895248,388.0061367204224,0.6400338467286913,0.0672633483890713,2,0.3566764282443046,1.0,1.5068105986801437,logged
123,136,5456.410732125019,550.5848437277009,0.4743211356272557,0.0691872530349411,2,0.2574645589465312,1.0,1.754472904220263,logged
123,137,4990.266875981164,457.0341087483944,0.7655206080854247,0.265491336122646,1,0.2725559770157199,1.0,1.6045874199296342,logged
123,138,5092.160696446412,460.851862423291,0.5289887804963254,0.1560541180569423,4,0.3696599278394341,1.0,1.637350706252865,logged
123,139,5102.065077779364,504.25874125874134,0.3596158933888821,0.1119653557345183,4,0.2929050689110138,1.0,1.640535394784361,logged
123,140,5351.9009561866715,494.2738689881546,0.306119511945831,0.2923830968630706,2,0.2923830968630706,1.0,1.7208684746580931,logged
123,141,5773.2153560725,559.812615955473,0.4035692237168642,0.0340885888568539,5,0.2826197587673142,1.0,1.8563393427885848,logged
123,142,5446.49065220494,552.8684172969887,0.8241249036784773,0.4273455278773587,3,0.4273455278773587,1.0,1.7512831679115557,logged
123,143,4497.2841444270025,443.7673754816612,0.5585817675769983,0.1374206421554477,5,0.413634904611765,1.0,1.446072072163023,logged
123,144,5617.7294134437,544.2640216925931,0.3906779078023179,0.0371378443851759,3,0.244228020109974,1.0,1.8063438628436328,logged
123,145,5093.04552590267,424.0182674468389,0.3184030355740461,0.2629766063894193,5,0.2629766063894193,1.0,1.637635217332048,logged
123,146,4639.784501213075,431.1175966890252,0.6770603322772104,0.2387819265152525,3,0.3725963026738221,1.0,1.491892122576551,logged
123,147,5582.079349222207,567.2079349222206,0.5907664968762535,0.0572846292606534,4,0.2362104856489218,1.0,1.358170157961607,logged
123,148,4899.096617668047,417.72470386756106,0.570129666433317,0.014987070423815,5,0.3433096831904311,1.0,1.5752722243305612,logged
123,149,4921.638361638363,449.9115170543742,0.4065149508290908,0.2200922478485617,5,0.2200922478485617,1.0,1.582520373517158,logged
123,150,5026.997288425861,448.3396603396603,0.4286198959601907,0.0539704370989794,5,0.2558632019760506,1.0,1.6163978419375755,logged
271828,1,4826.640502354789,443.786641929499,2.231674020957981,0.0878760558026495,2,0.202059032103725,1.0,1.5519744380562015,logged
271828,2,5306.738975310405,503.10418153275293,1.6047338635990824,0.1659685650879447,5,0.1953589311482408,1.0,1.7063469373988436,logged
271828,3,4725.156272299131,393.9982874268589,1.374992413444066,0.1362381809118212,3,0.168897028078138,1.0,1.5193428528293025,logged
271828,4,5604.599686028259,557.7422577422577,1.653789979148906,0.023830603339944,4,0.1895861187716962,1.0,1.8021220855396327,logged
271828,5,4716.833166833168,420.1197374054517,1.1661200928722926,0.1495386310186621,3,0.2028323517152126,1.0,1.5166666131296358,logged
271828,6,4794.932210646498,446.2341943770515,1.2126947161761177,0.1160025436508929,4,0.2218596419138648,1.0,1.5417788458670407,logged
271828,7,4872.085057799345,496.20850577993434,1.355050395234005,0.1634883143043777,5,0.1979009375348212,1.0,1.4674954993371516,logged
271828,8,4979.142286285145,486.3320964749536,1.3161248441330982,0.1495003769236923,2,0.2097526822153978,1.0,1.6010103814421683,logged
271828,9,4771.68403025546,468.2035107749394,1.287228587289433,0.1517919264963832,5,0.2215299963630869,1.0,1.5343035467059354,logged
271828,10,4810.185528756959,466.59840159840167,1.2717700877828928,0.1529414924455547,2,0.2128330909769125,1.0,1.5466834497610795,logged
271828,11,5566.336520622237,498.853860425289,1.3252597441154048,0.0943214738078239,5,0.1857239513678258,1.0,1.7898188169203328,logged
271828,12,4902.578849721708,400.1992293420864,1.189257952648035,0.0990194788350555,1,0.2557445387627045,1.0,1.5763919130937964,logged
271828,13,5740.759240759242,567.132153560725,1.460580252742926,0.0291233495378914,4,0.2259320489814838,1.0,1.8459032928486303,logged
271828,14,5404.3870415299,531.0034251462823,1.2209176210678427,0.1644359361642196,1,0.1978429153876435,1.0,1.7377450294308354,logged
271828,15,5635.2090766376505,571.3683459397745,1.126486372423383,0.0295301571654331,3,0.2006279881247124,1.0,1.8119643333240028,logged
271828,16,4611.327244184388,391.3268160411018,1.0081617612586182,0.1476451265967403,1,0.2767383486040348,1.0,1.4827418791589668,logged
271828,17,4496.9344940773535,410.28928214642497,0.9661269624412452,0.1101139864437224,4,0.2415047796426945,1.0,1.4459596443978624,logged
271828,18,4420.518053375197,374.4686741829599,0.8908266923705107,0.1434773582498126,2,0.2020233132648165,1.0,1.4213884415997415,logged
271828,19,4850.459540459542,477.32082203510777,1.1420706339296791,0.027432195931894,2,0.2680368388303855,1.0,1.5596332927522638,logged
271828,20,5007.095761381476,481.3923219637505,0.9713764731788928,0.1556928105269632,5,0.2861969429528323,1.0,1.609998637100153,logged
271828,21,4633.290994719568,429.2223490794919,0.9365594638049484,0.1437139012841411,2,0.22099439706176,1.0,1.48980417836642,logged
271828,22,4608.049093763381,407.406450692165,1.0123006991427146,0.1164032777861923,1,0.2719122252630738,1.0,1.4816878114994791,logged
271828,23,4936.881689738834,420.6437847866419,0.8288770451129222,0.0978454975640628,2,0.2460160015720044,1.0,1.5874217651893352,logged
271828,24,5372.29627515342,523.3011274439846,0.7118371668000716,0.3114944172513664,5,0.3114944172513664,1.0,1.7274264550332534,logged
271828,25,5315.879834451265,509.39046667618095,0.7560762172504627,0.199806221471496,3,0.2325670800679205,1.0,1.7092861204023355,logged
271828,26,5062.984158698446,447.30555159126584,0.7530095703946695,0.2530947852161809,2,0.2530947852161809,1.0,1.6279691828612362,logged
271828,27,5111.869559012417,452.4241472812901,0.808989657446034,0.1545159941680501,4,0.2408172685583185,1.0,1.6436879610972397,logged
271828,28,4795.16626230912,468.1100328243185,0.842100664535915,0.2135617490034967,2,0.2242857942389001,1.0,1.5418541036363724,logged
271828,29,5539.069501926646,562.9069501926645,0.6873347418663383,0.0261765792035595,5,0.251533541576395,1.0,1.3542957217424558,logged
271828,30,5164.846581989441,525.4846581989439,0.7975438326613412,0.290120155599008,2,0.290120155599008,1.0,1.514617765979308,logged
271828,31,5732.236335093479,572.6189524760953,0.6666877288841926,0.0353651734280072,0,0.2056551941547871,1.0,1.843162808711729,logged
271828,32,4718.106179534752,458.2043670615099,0.813386039990932,0.2635021597981134,3,0.2635021597981134,1.0,1.5170759419725888,logged
271828,33,5505.397459683175,540.1885257599544,0.7331378455022852,0.0378170651252563,5,0.2915085717656658,1.0,1.770224263563721,logged
271828,34,4828.538604252891,463.24917939203647,0.6564520692072308,0.2787032182699253,4,0.2787032182699253,1.0,1.5525847602099323,logged
271828,35,5117.746539175112,477.96603396603393,0.6798660854812406,0.0355476635859246,3,0.286699278841899,1.0,1.6455776653296177,logged
271828,36,5214.061652633082,485.4466961609819,0.6478340679974947,0.0315658393563299,5,0.2175164142718177,1.0,1.6765471551874858,logged
271828,37,4977.686599115171,454.0784929356357,1.242516471677198,0.0251313738077439,1,0.3723020199035031,1.0,1.600542314828029,logged
271828,38,5017.412587412588,425.9152276295133,0.8415741181992732,0.190214487578095,5,0.2677881905960878,1.0,1.613315944505655,logged
271828,39,5450.015698587127,554.0015698587127,0.8983870033401746,0.2731637428355356,2,0.2731637428355356,1.0,1.5982450728994504,logged
271828,40,5397.329813044101,504.1953760525189,0.7064257062518557,0.1745232866432205,4,0.2089417645825912,1.0,1.7354758241299355,logged
271828,41,4238.871128871129,330.76851719708856,0.8215751934925519,0.1549921293929028,3,0.2277821831211647,1.0,1.3629810703765686,logged
271828,42,4853.946053946055,488.14942200656486,0.627097103177409,0.1546010994734858,4,0.2619360156572569,1.0,1.560754358182011,logged
271828,43,5067.185671471388,500.1782503211074,0.7828922578914036,0.1262602751445967,3,0.2208369771608436,1.0,1.6293201515985165,logged
271828,44,5074.875124875126,462.5721421435708,0.6079003666852363,0.1379955625950224,5,0.2831126149856813,1.0,1.631792644654381,logged
271828,45,5459.570429570431,554.9570429570429,0.7896907064665593,0.3272781176901629,3,0.3272781176901629,1.0,1.6010470467948474,logged
271828,46,4818.056229484802,442.9563293849008,0.7564644303965674,0.0259842458070564,4,0.2503238561346551,1.0,1.5492142216992928,logged
271828,47,4520.509490509491,398.9245040673612,1.0813811634355106,0.1680295393800356,0,0.307661310119421,1.0,1.4535400291027298,logged
271828,48,5518.5657199942925,542.0191237334095,0.6936884881512853,0.073941488336383,3,0.2839939497070089,1.0,1.7744584308663314,logged
271828,49,4563.0255458826905,403.06051091765374,0.6707989892711703,0.287953303399819,4,0.287953303399819,1.0,1.4672107864574564,logged
271828,50,4936.409304980734,470.6203796203796,0.8585982112800556,0.1812496742353518,5,0.3037297622500797,1.0,1.5872698729841586,logged
271828,51,4921.678321678323,482.9717425431711,0.918530974374374,0.275245595167467,5,0.275245595167467,1.0,1.5825332224046051,logged
271828,52,4577.7351220208375,392.29798772655914,0.9115400253758889,0.1260871082037083,3,0.2439542136567632,1.0,1.471940553704449,logged
271828,53,5413.582132153561,513.7496788925359,0.7637432361242168,0.2200614872493209,4,0.2657523136707037,1.0,1.7407016502101478,logged
271828,54,4966.315113457971,447.5347509633224,0.8007373324414179,0.2062514388470327,3,0.2864421365841785,1.0,1.5968858885716943,logged
271828,55,5389.260739260741,531.9823034108749,0.5718355368874036,0.0559362230794527,4,0.2341506526866666,1.0,1.7328812666433244,logged
271828,56,4873.572142143572,453.4872270586556,0.5658986811054071,0.0217309209326954,2,0.2492335610055424,1.0,1.567064997473817,logged
271828,57,4485.924075924077,356.3036963036963,0.7852943686059985,0.2480935424525333,2,0.3495536176125303,1.0,1.4424193170173878,logged
271828,58,5501.087483944628,553.7301270158413,0.507000612115882,0.0375676774474182,2,0.2077002795372055,1.0,1.7688384192747997,logged
271828,59,5095.862708719853,518.5862708719851,0.5846238789093267,0.2966075480006362,5,0.2966075480006362,1.0,1.494387891120191,logged
271828,60,4765.184815184816,428.820893392322,0.7493299371801725,0.1744609671615442,3,0.2952388822525744,1.0,1.532213766940455,logged
271828,61,5044.996432139291,466.4993577850721,0.7575494076832193,0.2592195195307691,5,0.2592195195307691,1.0,1.6221853479547554,logged
271828,62,5281.400028542887,509.994005994006,0.7597520401584626,0.0215259352480519,1,0.2841309484869458,1.0,1.69819936609096,logged
271828,63,4769.8044812330545,459.94377051519905,0.70016248045262,0.0705541707310303,4,0.3091750718240121,1.0,1.533699190107091,logged
271828,64,4915.70857713715,453.5327529613244,0.7333117685691131,0.0290901182532063,5,0.2798605482387804,1.0,1.580613690397797,logged
271828,65,4431.100328243187,389.3271014699586,0.6741528186054251,0.2390942800840194,4,0.2584415034237854,1.0,1.4247911023289983,logged
271828,66,4679.219352076497,448.3527900670758,0.5906987568489435,0.2555891774872433,5,0.2555891774872433,1.0,1.504572138931349,logged
271828,67,4601.2444698159,455.8677037248465,0.7915930452430096,0.200676364912511,0,0.2707375977037025,1.0,1.4794998295227968,logged
271828,68,4238.442985585844,316.86770372484654,0.6767892001180735,0.1727193135204065,2,0.2795895756087895,1.0,1.3628434037253514,logged
271828,69,4569.058084772371,345.7414014556872,0.6538873844333499,0.2897979924438514,5,0.2897979924438514,1.0,1.4691505095731092,logged
271828,70,4935.0078492935645,488.6259454830883,1.0061221237006994,0.0190104739159665,2,0.3526709215225518,1.0,1.5868192441458402,logged
271828,71,4964.252889967177,467.7172827172827,0.8139599440023847,0.1954251415037421,4,0.373819260144412,1.0,1.5962227942016642,logged
271828,72,5382.5745682888555,524.9745968317396,0.6197577124273597,0.0288931509342212,3,0.25337439910962,1.0,1.730731372440146,logged
271828,73,4938.211788211789,457.7548166119594,0.6667540494216999,0.263586143812241,4,0.3366186829046299,1.0,1.5878494495857838,logged
271828,74,5562.447552447554,565.2447552447553,0.8055176951677522,0.2570550478611385,2,0.2570550478611385,1.0,1.6312162910403378,logged
271828,75,4544.7652347652365,417.4329955758527,0.8438328108889832,0.1649651810378986,5,0.2775690066470777,1.0,1.4613393037830338,logged
271828,76,5012.200656486371,441.6981589838733,0.5847970222737224,0.2113509465734463,1,0.2113509465734463,1.0,1.6116400824715016,logged
271828,77,5305.67860710718,527.0580847723704,0.6715067790535746,0.032871591007745,4,0.2403187046323822,1.0,1.706005982992662,logged
271828,78,5012.085057799344,453.6814613957471,1.0812858611906055,0.3814437218651211,2,0.3814437218651211,1.0,1.611602912475673,logged
271828,79,4772.965605822749,439.3469387755102,0.7466243628315055,0.215875889426153,0,0.3235888753289266,1.0,1.5347156288819126,logged
271828,80,5356.954474097332,543.914085914086,0.5531990641061465,0.2298201659388318,2,0.2298201659388318,1.0,1.722493400031296,logged
271828,81,4444.7509633223935,422.87997716569146,0.6799189997644609,0.2603771112870629,4,0.2603771112870629,1.0,1.429180374058647,logged
271828,82,4597.395461681177,428.97987726559154,0.5752385886808705,0.1686741349613723,2,0.2263091143307256,1.0,1.4782622063283524,logged
271828,83,4926.716141001856,483.236335093478,0.6794416566539372,0.284949265846265,0,0.284949265846265,1.0,1.5841531000005964,logged
271828,84,5281.140288283146,514.5611531325817,0.6293027150181848,0.3245118463419457,3,0.3245118463419457,1.0,1.6981158483225545,logged
271828,85,5207.124304267163,474.74054516911656,0.6505832589336278,0.3379756909297259,5,0.3379756909297259,1.0,1.6743164965489266,logged
271828,86,5212.859997145712,508.0031397174254,0.5221919579912818,0.0571177781707346,4,0.2525942168707688,1.0,1.676160770786402,logged
271828,87,4684.154417011561,432.26773226773224,0.7407078719191639,0.1635555132799159,3,0.3167039763336202,1.0,1.506158976531048,logged
271828,88,4667.456828885402,457.4706721849579,0.4304827368680392,0.1624338383851326,1,0.2500157760431248,1.0,1.500789977133569,logged
271828,89,5734.705294705296,558.0746396460682,0.4591956033437464,0.0351093622855354,4,0.251034121467502,1.0,1.843956686400416,logged
271828,90,4587.782217782219,388.8906807478236,0.6301388194781167,0.2655409039749555,2,0.2901171774471724,1.0,1.4751711311196842,logged
271828,91,5657.88925360354,543.5914085914086,1.0583182322140623,0.4387312531546655,1,0.4387312531546655,1.0,1.819256994727826,logged
271828,92,5085.077779363495,465.01370058512913,0.715165314386242,0.2929496813353329,4,0.2929496813353329,1.0,1.635073240952892,logged
271828,93,4969.9257884972185,421.85814185814183,0.4477312961061071,0.2286715097485736,2,0.2403701612600002,1.0,1.598046877330295,logged
271828,94,5456.2965605822765,509.34408448694154,0.385468039252466,0.240808211175377,3,0.240808211175377,1.0,1.7544361931132717,logged
271828,95,5767.022977022978,585.7022977022978,0.4279971313165327,0.0611753989580575,5,0.2147003779204885,1.0,1.5800062950747882,logged
271828,96,5400.509490509492,503.734693877551,0.5833775688302791,0.3477313941849796,2,0.3477313941849796,1.0,1.7364982284596433,logged
271828,97,4896.77037248466,457.9212216355073,0.7013626506718231,0.30527334381236,5,0.335885772535571,1.0,1.5745242355256135,logged
271828,98,4790.757813614958,415.3336663336664,0.8634474510020748,0.0831426325667213,3,0.3979166384342337,1.0,1.540436596017671,logged
271828,99,4717.992007992008,373.7399743114029,0.6939820142663341,0.0965121554586463,5,0.2850990945616911,1.0,1.517039230865597,logged
271828,100,4933.319537605253,495.9065220493792,0.6165104160983992,0.2641622313727962,1,0.2641622313727962,1.0,1.5862763786512062,logged
271828,101,4450.30255458827,391.92750107035823,0.5989300356615809,0.37889407684693,2,0.37889407684693,1.0,1.4309654516360992,logged
271828,102,4764.973597830743,401.40231197374055,0.4648880897080846,0.162963559931725,4,0.2824137017250527,1.0,1.5321458513925212,logged
271828,103,5269.409162266307,535.9409162266304,0.5685470905578405,0.2551050130450906,2,0.2551050130450906,1.0,1.2820946866827994,logged
271828,104,5167.889253603541,480.48066219494785,0.5921607637802736,0.2596714850478218,2,0.2596714850478218,1.0,1.661700724631363,logged
271828,105,4917.05009276438,410.9560439560439,0.4361779313954281,0.2157277605551123,5,0.2712469178001007,1.0,1.5810450459049448,logged
271828,106,4955.598687027259,464.7261310118453,0.767578126516418,0.3881809975116916,2,0.3881809975116916,1.0,1.593440092291723,logged
271828,107,5065.901241615528,483.0155558726987,0.7767159361944542,0.3796557170493442,4,0.3796557170493442,1.0,1.628907151644864,logged
271828,108,4922.120736406451,484.0378193235336,0.7356253422793396,0.3121009435864309,3,0.3121009435864309,1.0,1.582675477944196,logged
271828,109,4717.449693163981,408.63921792493215,0.6591429478514412,0.1270294844771291,4,0.4202719379761843,1.0,1.5168648531073887,logged
271828,110,5008.173255316115,461.15727130012846,0.4670617106732571,0.2267957187295276,0,0.2267957187295276,1.0,1.6103450981723837,logged
271828,111,4926.873126873128,424.71970886256594,0.5557558276411423,0.3578528163705058,4,0.3578528163705058,1.0,1.5842035777727097,logged
271828,112,4737.1300128443,411.84643927501065,0.411191469530374,0.1852563669311084,5,0.2131366604251864,1.0,1.5231929301750156,logged
271828,113,4812.232053660626,459.9534750963322,0.8002072804521378,0.3473337526016601,3,0.3473337526016601,1.0,1.5473414963538985,logged
271828,114,4935.503068360213,455.986013986014,0.7790426629031427,0.1140249891806517,0,0.3971992723015238,1.0,1.5869784785724153,logged
271828,115,4993.56786071072,492.41301555587273,0.4947229564494678,0.0321472817243329,3,0.2952258001912972,1.0,1.6056488298105205,logged
271828,116,4824.77665191951,490.6970172684458,0.3809246857960876,0.1427284289084004,5,0.221360466143374,1.0,1.5513751292345688,logged
271828,117,5238.236049664622,532.042957042957,0.4320822821018678,0.2564710628516267,4,0.3112276971207203,1.0,1.684320273204058,logged
271828,118,5098.413015555874,518.8413015555873,0.5792113559942884,0.3791400367979092,1,0.3791400367979092,1.0,1.535666570950564,logged
271828,119,4765.373198230342,434.22177822177827,0.6850885822601369,0.3136924136342855,3,0.3205597438094523,1.0,1.5322743402669905,logged
271828,120,5174.028828314544,520.1576994434137,0.7162980948478183,0.1906551230707572,1,0.3267556690522785,1.0,1.6636748644098207,logged
271828,121,4904.098758384474,461.8460111317254,0.5926377615277079,0.0407320609472028,5,0.2859951849048569,1.0,1.5768806297056184,logged
271828,122,5733.208220351079,582.3208220351078,0.4365080511614191,0.0458449985600812,0,0.1888266885705985,1.0,1.481449152545498,logged
271828,123,5045.221920936207,455.87155701441407,0.5629163289786351,0.106591242560612,2,0.3851631848701819,1.0,1.622257852391063,logged
271828,124,4496.39075210504,430.3654916512059,0.8075593847698375,0.0481404997887853,4,0.3278316072246097,1.0,1.4457848077508162,logged
271828,125,5134.686741829601,487.0107035821322,0.6650939499136335,0.0545814627408834,2,0.347622989456716,1.0,1.6510246758294531,logged
271828,126,4901.108891108893,499.1108891108891,0.5246716612130153,0.1014867523095429,0,0.2988270430090572,1.0,1.4372753346360383,logged
271828,127,5306.249464820894,496.8163265306122,0.609020903211448,0.0309858373744481,3,0.3579075235361172,1.0,1.7061895385276182,logged
271828,128,4766.557727986301,425.96289424860856,0.8633264449722057,0.1524674672847082,5,0.356543004692314,1.0,1.5326552180020256,logged
271828,129,4769.9971457114325,432.2407592407593,0.4731120951872556,0.0958805032769728,2,0.2326571464290034,1.0,1.5337611401001383,logged
271828,130,5313.901812473243,505.5173398030541,0.5811985844278095,0.037585339783189,2,0.2899718529852449,1.0,1.7086501004737111,logged
271828,131,4899.096617668048,447.01512772941345,0.8810429407176853,0.2599805537327626,1,0.2599805537327626,1.0,1.5752722243305617,logged
271828,132,4545.815612958471,434.5106322249179,0.7988591072991899,0.3387275717952039,2,0.3387275717952039,1.0,1.4616770459673536,logged
271828,133,5344.075924075925,531.6978735550164,0.558288459474001,0.3264855774267735,3,0.3264855774267735,1.0,1.7183523871626765,logged
271828,134,5928.688454402742,598.6032538889682,0.4657951373062742,0.0686972402399029,5,0.3044553415870793,1.0,1.906330692734,logged
271828,135,4910.970458113316,433.9988582845725,0.7287015654018565,0.2031580996783061,3,0.4478339096907353,1.0,1.5790901794576575,logged
271828,136,5018.756957328387,505.2350506636221,0.4894668458445097,0.1746792943477377,5,0.2343925972714325,1.0,1.6137482177904778,logged
271828,137,4993.766233766235,459.7212787212787,0.6274792995348393,0.0989174683131456,4,0.3743114316785532,1.0,1.6057126153589176,logged
271828,138,4538.471528471529,399.9843014128728,0.5814909956189847,0.3872163561118488,3,0.3872163561118488,1.0,1.4593156040101376,logged
271828,139,5154.512630226917,448.9299272156416,0.9882489996576987,0.2817349316111719,2,0.2817349316111719,1.0,1.6573995595584938,logged
271828,140,5019.9186527757965,435.19808762665906,0.9255841053842304,0.1280921576957289,4,0.3994095890004079,1.0,1.614121753304114,logged
271828,141,4485.674325674327,395.88054802340514,0.4334110021728005,0.2093214601390422,2,0.2331278079461051,1.0,1.442339011470844,logged
271828,142,4315.70857713715,349.8001998001998,0.6705535339279594,0.269689438158706,4,0.2816549976244885,1.0,1.38768764538172,logged
271828,143,5037.405451691168,472.98087626659054,0.5350593793639438,0.180051423152422,3,0.293810964141878,1.0,1.619744518228671,logged
271828,144,4916.10817753675,452.41087483944625,0.5873027696486787,0.2906645111291347,2,0.2906645111291347,1.0,1.5807421792722665,logged
271828,145,4618.735550164123,414.28157556728985,0.914303278098142,0.2846418281162655,5,0.2846418281162655,1.0,1.4851239711138655,logged
271828,146,5088.681318681321,469.2310546596261,0.6341208261749002,0.3715415176618841,3,0.3715415176618841,1.0,1.6362319352673051,logged
271828,147,5154.512630226917,461.0348223205366,0.3758764453579259,0.0936386174649556,0,0.2155106215791483,1.0,1.6573995595584938,logged
271828,148,5459.701726844585,483.3948908234622,0.5071140281497202,0.2446001212563109,3,0.2470539338521434,1.0,1.7555311018792874,logged
271828,149,4867.73940345369,471.0021407164264,0.4761506828383009,0.2703897677272176,0,0.2703897677272176,1.0,1.5651895187953984,logged
271828,150,5394.9721706864575,478.9536178107607,0.5219915070921569,0.2965473588642425,4,0.2965473588642425,1.0,1.7347177397705646,logged
31337,1,4986.380762095049,476.8589981447124,2.366173450212862,0.0818939490738738,2,0.1984044405007991,1.0,1.6033378656254174,logged
31337,2,5307.575281860997,499.9978592835736,1.6179665697898022,0.114142109658095,1,0.2079754327456625,1.0,1.706615846257555,logged
31337,3,4686.994434137293,437.96089624661056,1.418782070541498,0.1218830829122726,4,0.2301852422722859,1.0,1.507072165317457,logged
31337,4,5382.982731554162,489.7095761381475,1.2949433688314276,0.1068355112909666,0,0.1852239264087245,1.0,1.7308626146476398,logged
31337,5,5301.731126016842,505.1756814613957,1.2620913683087511,0.1351420982077237,4,0.1873456689518066,1.0,1.7047366964684374,logged
31337,6,5187.094334237193,505.04995004995,1.3145655212576677,0.1517272835493974,3,0.1891725666840815,1.0,1.6678759917161388,logged
31337,7,4710.014271442844,430.50292564578274,1.2537638431226397,0.128508353314396,5,0.2044304214642819,1.0,1.5144740422645795,logged
31337,8,5982.902811474241,607.290281147424,1.7421758882062213,0.0132580201877666,2,0.1849196159756567,1.0,1.3881445038223292,logged
31337,9,4848.039103753391,447.8655630084201,1.3432343833142644,0.1122998764275069,5,0.2222512173697356,1.0,1.558855017284048,logged
31337,10,4876.233766233767,427.5932638789781,1.3540153819227867,0.0169403562913833,5,0.2032312410751513,1.0,1.5679208251555516,logged
31337,11,5412.760097045813,550.2760097045812,1.493061995870867,0.2313769095878202,3,0.2313769095878202,1.0,1.587319676553024,logged
31337,12,5155.2875695732855,507.1033252461824,1.2189699099681783,0.2221566660864606,3,0.2362458450148799,1.0,1.6576487361971974,logged
31337,13,5285.567289853006,466.6039674611104,1.149802309663018,0.129987119617522,2,0.2264080750239302,1.0,1.6995393214961427,logged
31337,14,4910.970458113317,440.81746824603965,1.1232842738445998,0.1931148325681149,4,0.2448143997225957,1.0,1.579090179457658,logged
31337,15,5161.7882117882145,485.6469245040673,1.0450227543608983,0.1468651997816606,3,0.2093781772372813,1.0,1.6597389748515154,logged
31337,16,4389.948622805767,396.183102611674,0.9927402676333924,0.1924748034413425,3,0.228492907032081,1.0,1.4115590427028184,logged
31337,17,5892.560296846012,597.1034679606108,0.9714050124476517,0.0320655790975738,2,0.1909242385067494,1.0,1.8947139218154372,logged
31337,18,4419.433423719139,355.8177536748965,0.9122972365274928,0.1264501768529127,4,0.2263423388233542,1.0,1.421039686083324,logged
31337,19,5305.631511345798,474.8963893249607,0.7082164235707396,0.1745381894196667,1,0.2196387933041054,1.0,1.7059908396610275,logged
31337,20,5024.304267161411,487.67989153703434,0.9623717598999764,0.2468024190869988,5,0.2592886336705627,1.0,1.615531918701418,logged
31337,21,4823.927501070359,431.6436420722135,0.9088724345236509,0.1695971563681469,5,0.2099570943981594,1.0,1.5511020903763206,logged
31337,22,5450.652204937921,520.497359783074,0.7502263357253233,0.2380763942317644,3,0.2380763942317644,1.0,1.752621287761389,logged
31337,23,4959.657485371772,475.02668759811615,0.8399414009154951,0.1878360023549725,1,0.2277172662144255,1.0,1.594745172145264,logged
31337,24,4717.5638647067235,372.0122734408449,0.8158675151641515,0.1129974446138621,5,0.2593801646634101,1.0,1.5169015642143802,logged
31337,25,4420.518053375197,374.2621664050235,0.8169897780259389,0.1309523536539263,5,0.2552446688958039,1.0,1.4213884415997415,logged
31337,26,4721.930926216642,418.5692878550022,0.8311323506225682,0.2637407719236371,2,0.2637407719236371,1.0,1.5183057640567974,logged
31337,27,5705.191950906237,563.5754245754246,0.7327539222628983,0.0239262656210127,2,0.2111619243460578,1.0,1.8344668652431624,logged
31337,28,4717.6423576423595,437.30112744398457,0.8100157133094967,0.2150721638811088,1,0.2494988334184375,1.0,1.5169268031004366,logged
31337,29,4545.371771086058,453.6316540602254,0.6549447986819737,0.1742761147168645,5,0.1979580851882092,1.0,1.461534331538925,logged
31337,30,4986.209504780934,450.29641786784646,1.043634371901955,0.1869708882432653,1,0.3861986836332988,1.0,1.60328279896493,logged
31337,31,5177.0329670329675,477.5348936777508,0.8064261608193807,0.0376540082294269,2,0.2555922851307705,1.0,1.6646408254125291,logged
31337,32,4986.751819608964,453.4033109747395,0.7117369645784556,0.2006718390593087,1,0.2359471786797252,1.0,1.6034571767231391,logged
31337,33,4763.717710860569,434.2086484943627,0.8179794567869899,0.2225280280031994,0,0.303550924105852,1.0,1.5317420292156168,logged
31337,34,4709.857285571572,399.2446125303268,0.6846866999369595,0.1570223397416308,4,0.2080313374301504,1.0,1.5144235644924664,logged
31337,35,5394.208648494365,536.7031539888683,0.7198637589434641,0.0175825380480447,1,0.2297889489603843,1.0,1.7344722342425605,logged
31337,36,4460.349650349652,455.034965034965,0.7014725432122514,0.2458172604040923,2,0.2458172604040923,1.0,1.308020425322478,logged
31337,37,5195.4374197231355,494.97588126159553,0.6649649560734652,0.2490400286916898,3,0.2490400286916898,1.0,1.670558655859529,logged
31337,38,5515.424575424577,548.8247466818896,0.6218768720378638,0.0317380593639678,4,0.2043169745375482,1.0,1.773448416535233,logged
31337,39,5474.1772513201095,509.31083202511775,0.6425989583682047,0.0216372109091238,0,0.2458060709571715,1.0,1.7601856113569478,logged
31337,40,5224.830883402314,531.4830883402311,0.7354926577795551,0.298165760751493,2,0.298165760751493,1.0,1.5322084702059566,logged
31337,41,4699.096617668048,428.15684315684314,0.7274665617020744,0.1930805087988996,2,0.2366101071737201,1.0,1.5109635426585355,logged
31337,42,5432.687312687314,533.8334522620237,0.6210460671398971,0.240079279730813,0,0.240079279730813,1.0,1.7468447950763064,logged
31337,43,5603.463679177967,569.3463679177964,0.7246584088193017,0.3058973197573648,4,0.3058973197573648,1.0,1.6432444806973503,logged
31337,44,5027.197088625661,485.38789781646926,0.9714149817327462,0.0187882016314711,2,0.2734821373215529,1.0,1.6164620863748105,logged
31337,45,4990.576566290853,459.0144141572713,0.8920533822521018,0.0462345260840185,2,0.2562320838778815,1.0,1.604686998807348,logged
31337,46,4831.181675467391,468.6980162694449,0.8548600434092081,0.2987603441795792,3,0.2987603441795792,1.0,1.5534346223367812,logged
31337,47,5176.54060225489,507.2814328528614,0.9380874349944708,0.0477863289280216,4,0.3002584647064045,1.0,1.6644825087636297,logged
31337,48,5147.6566290852015,473.01555587269866,0.8501924648340576,0.3012900844963943,3,0.3012900844963943,1.0,1.6551950575836656,logged
31337,49,5263.6549165120605,535.365491651206,0.8521300479117342,0.2955200004421173,5,0.2955200004421173,1.0,1.3999082224766113,logged
31337,50,5397.883545026403,534.9576138147568,0.7015738895582845,0.0263722661772262,3,0.2948473429143816,1.0,1.7356538729988429,logged
31337,51,5425.417439703156,541.6362209219352,0.6473915245958366,0.1413383164587003,1,0.2880010764997008,1.0,1.7445072153386347,logged
31337,52,4964.138718424434,453.961038961039,0.6968736543694396,0.2678067036572231,5,0.2928056492875631,1.0,1.5961860830946728,logged
31337,53,5224.4141572713015,504.9324960753533,0.5955970896742365,0.0357825399264745,2,0.2364009041892122,1.0,1.6798759348139227,logged
31337,54,5398.61138861139,537.2316255173398,0.5283084757798305,0.0303661040262939,4,0.2120832198296607,1.0,1.7358879063059127,logged
31337,55,4748.468674182961,376.9269302126445,0.7184511270592195,0.245391438456702,3,0.245391438456702,1.0,1.52683880198809,logged
31337,56,5789.157984872272,565.6329384900812,0.737387890490774,0.0478402328580864,5,0.2075588348033636,1.0,1.8614655899910837,logged
31337,57,4687.27986299415,419.13457970600825,0.6290306742402857,0.207271456595238,3,0.2845957974928882,1.0,1.5071639430849353,logged
31337,58,4875.209076637649,448.7866419294991,0.4924088085827568,0.2205427902722947,3,0.2427431972955852,1.0,1.5675913429703046,logged
31337,59,5449.118024832312,496.25174825174827,0.6948896427582247,0.2448470086599714,4,0.2448470086599714,1.0,1.752127982261193,logged
31337,60,4575.206222349081,428.4155844155844,0.7003094562020321,0.2040889493182081,2,0.2678460350941031,1.0,1.4711274026845915,logged
31337,61,5389.092336235194,499.3700585129157,0.887577102380483,0.0260145443573142,0,0.3838106864826051,1.0,1.732827117760512,logged
31337,62,5335.0863422291995,515.2190666476381,0.8347054172731764,0.0277244215623916,3,0.3919021555652379,1.0,1.715461846375948,logged
31337,63,5123.086913086915,467.5403168260311,0.7198738213659316,0.1909327667744505,5,0.2882841592547491,1.0,1.647294827359136,logged
31337,64,4528.324532610248,389.4583987441131,0.5970240728442573,0.1997664183972794,4,0.2948333408584503,1.0,1.456052904376285,logged
31337,65,5254.401312972743,518.2197802197802,0.7782121455763445,0.2070639903740118,5,0.2277625241043145,1.0,1.68951810706519,logged
31337,66,4412.383330954761,426.29570429570424,0.7365403214680657,0.2004655226048213,1,0.2543643783511197,1.0,1.4187727752266108,logged
31337,67,5152.414728129015,458.00299700299695,0.4989928429731887,0.2608681624224235,2,0.2608681624224235,1.0,1.6567249929675285,logged
31337,68,5190.635079206509,511.95918367346934,0.7032256772219168,0.1631562523660417,2,0.3270428892620389,1.0,1.6690144949217065,logged
31337,69,4345.581561295849,385.8601398601398,0.6013832355055785,0.2526570394848842,4,0.2526570394848842,1.0,1.397293106525996,logged
31337,70,4836.542029399173,471.32909947195657,0.5629100039724951,0.0296685795494355,0,0.2411102988573201,1.0,1.5551582088100229,logged
31337,71,4874.264307121452,425.5864135864136,0.6132298556676653,0.0255040587557773,5,0.2852453312099681,1.0,1.5672875585599515,logged
31337,72,5143.14542600257,504.8792635935493,0.7091340706118048,0.2144523624317709,2,0.2779252805853234,1.0,1.6537445099686716,logged
31337,73,5142.481803910377,473.9938632795776,0.7270082603652153,0.125461502251829,4,0.2786812698848949,1.0,1.6535311266592847,logged
31337,74,4709.857285571573,411.7185671471386,0.8207314921307052,0.0128417481691759,5,0.2721124758896032,1.0,1.5144235644924666,logged
31337,75,5230.836306550594,506.89567575281865,0.6290821923669901,0.0442914459097411,2,0.3478503785531043,1.0,1.681940934582184,logged
31337,76,5090.048522905667,470.0729270729271,0.7190100117842139,0.2705340821908176,1,0.2705340821908176,1.0,1.636671550773526,logged
31337,77,5359.656058227487,544.9656058227487,0.5587087356595923,0.1813860720950415,4,0.299889055173276,1.0,1.5717466446414914,logged
31337,78,4869.166547737977,439.023976023976,0.657964817702619,0.1405539089907167,3,0.2987097010387523,1.0,1.5656484076327897,logged
31337,79,5271.706864564008,500.5757100042815,0.5479919028973338,0.2627030116370514,3,0.2627030116370514,1.0,1.6950825931073976,logged
31337,80,4849.977165691453,459.8999571856715,0.5892716537547278,0.2363190100477075,5,0.2363190100477075,1.0,1.5594781883252256,logged
31337,81,4709.429142286286,392.3676323676324,0.7864368615548974,0.0902459763747508,4,0.3088828765521006,1.0,1.5142858978412492,logged
31337,82,5130.710717853576,503.63579277864994,1.0903756251088246,0.2889791606633031,0,0.2889791606633031,1.0,1.6497462115284809,logged
31337,83,5278.602825745685,479.87783644926503,0.6573285238458682,0.026321965134732,5,0.2585074398144926,1.0,1.697299943969673,logged
31337,84,5246.783216783218,494.4698158983873,0.5806027716564187,0.3308278668480138,3,0.3308278668480138,1.0,1.687068558451195,logged
31337,85,4716.907378335951,455.0518053375196,0.6932318952033706,0.0257989982526438,2,0.259261443416119,1.0,1.51669047534918,logged
31337,86,4614.581133152563,441.92179249322106,0.6552726889721538,0.1496975674819951,3,0.328613915912066,1.0,1.4837881457082192,logged
31337,87,5117.449693163981,464.3670615099187,0.9399756645575972,0.0809066556797596,1,0.3334116763058483,1.0,1.6454822164514402,logged
31337,88,4716.479235050665,387.5847010132724,0.6821642754594512,0.2899493392147852,2,0.2899493392147852,1.0,1.5165528086979625,logged
31337,89,4231.2787212787225,332.6072498929642,0.6169494189632105,0.140789709655037,4,0.3098905064399974,1.0,1.3605397817616467,logged
31337,90,4717.5638647067235,410.85885543028405,0.6143158454901828,0.0598184432080024,2,0.3350010419716923,1.0,1.5169015642143802,logged
31337,91,5201.351505637221,460.19266447837873,0.5967528842302414,0.3683319665854903,4,0.3683319665854903,1.0,1.6724602912016782,logged
31337,92,4910.513771942345,474.6417867846439,0.65641484837475,0.3264445378511614,2,0.3264445378511614,1.0,1.5789433350296924,logged
31337,93,4733.465106322251,414.1238761238762,0.8504446891142681,0.0648903628486627,2,0.3209001841518806,1.0,1.5220145036405948,logged
31337,94,5707.760810617955,579.7760810617954,0.5122171844707448,0.0240481750590931,2,0.2022594781117485,1.0,1.3243064525795714,logged
31337,95,5049.5604395604405,463.82431853860425,0.3319450080592578,0.2389590691679578,3,0.2389590691679578,1.0,1.623652874456733,logged
31337,96,5039.056657628088,473.1872413300984,0.5626145891350621,0.1519804710954637,3,0.2671741978811042,1.0,1.6202754526135326,logged
31337,97,5462.742971314401,523.2448979591836,0.4657919246211953,0.0499913548815653,2,0.2686619122198023,1.0,1.7565089939917684,logged
31337,98,5020.335378906808,464.6480662194948,0.979168607707412,0.1197609771019654,1,0.4087133279412781,1.0,1.6142557488446323,logged
31337,99,5125.184815184816,469.8631368631369,0.7597036568258183,0.3266553374908503,2,0.3266553374908503,1.0,1.6479693939501012,logged
31337,100,5020.667903525048,499.3570714999287,0.6581609782230934,0.1978751953068301,1,0.2741512672538023,1.0,1.614362669943745,logged
31337,101,5143.94748109034,489.39731696874554,0.5105793553647572,0.2487710358913995,5,0.2487710358913995,1.0,1.6540024054952858,logged
31337,102,5146.938775510205,478.62751534180103,0.3762680978512957,0.2921382716762112,5,0.2921382716762112,1.0,1.6549642364984578,logged
31337,103,4819.8758384472685,424.2725845582988,0.4593429053047222,0.041274547428611,2,0.2658338730285631,1.0,1.549799304966967,logged
31337,104,5201.451405737122,484.5279006707578,0.5203274297718121,0.3394756597449654,4,0.3394756597449654,1.0,1.672492413420296,logged
31337,105,5052.677322677324,463.07521050378193,1.034987823048344,0.0236547421949271,3,0.3717188453474783,1.0,1.6246550876775956,logged
31337,106,5337.0301127444,515.4020265448836,0.945832930994698,0.0483309418753684,4,0.4101966210965698,1.0,1.716086852972475,logged
31337,107,4757.381190238335,403.63379477665194,0.4234016931229622,0.1866101520191989,1,0.1994514738894473,1.0,1.5297045627775991,logged
31337,108,5527.876409304983,561.787640930498,0.646875826020269,0.0303443579999623,2,0.3260569572104436,1.0,1.611625775307575,logged
31337,109,5479.547595261882,538.1165976880262,0.3842765179425786,0.0857270062149285,2,0.2873851772316917,1.0,1.7619124100520516,logged
31337,110,4815.929784501214,489.2186385043528,0.8025035309386065,0.103073323297248,2,0.3114495016280444,1.0,1.5485304773315798,logged
31337,111,5190.610817753677,505.0911945197659,0.3607651664253304,0.3002682028597527,4,0.3002682028597527,1.0,1.6690066938114712,logged
31337,112,5021.445697159985,457.8547167118595,0.5393564495318313,0.0268225165414332,5,0.3545131950170509,1.0,1.6146127643601234,logged
31337,113,4856.867418295991,461.11888111888106,0.4689791798155932,0.1395574237897694,4,0.2697270046728209,1.0,1.561693703632151,logged
31337,114,5377.992007992009,530.9436278007706,0.3937975778406427,0.0476686404180429,0,0.2343548836547229,1.0,1.7292578803832823,logged
31337,115,5327.679463393752,513.1459968602826,0.5441136765314347,0.0129258232142291,2,0.2379492015443025,1.0,1.7130802133098877,logged
31337,116,4948.726987298418,428.13757670900526,0.3751307459110209,0.1792885025205498,1,0.2510846375505449,1.0,1.5912305425396838,logged
31337,117,5461.253032681605,521.0665049236478,0.610096337773624,0.4213792848517548,4,0.4213792848517548,1.0,1.7560299140455315,logged
31337,118,5019.918652775797,445.6133866133866,0.5840114055669402,0.2899062476746759,2,0.2899062476746759,1.0,1.6141217533041146,logged
31337,119,5274.623947481091,461.2491793920365,0.5048478021610568,0.2367355130007211,4,0.2616761532196198,1.0,1.6960205618910256,logged
31337,120,5119.930069930071,492.8639931497074,0.7561503137316814,0.4288668057409023,2,0.4288668057409023,1.0,1.6462797652508263,logged
31337,121,5589.7688026259475,567.9768802625945,0.6497311312772925,0.0289950126423634,4,0.2889008336528148,1.0,1.3666916387838497,logged
31337,122,4721.930926216642,373.8374482660197,0.6485780894381799,0.1774489656761186,2,0.4116951884483066,1.0,1.5183057640567974,logged
31337,123,5656.036820322536,543.406165263308,0.4753618785056787,0.1975632809996219,4,0.2490991810982989,1.0,1.818661357016892,logged
31337,124,4439.235050663624,395.4260025688597,0.6268565646920347,0.2266708305273008,2,0.3213071954709132,1.0,1.4274067687021297,logged
31337,125,5080.81489938633,466.2187812187812,0.685065675284703,0.0510367303063579,5,0.2642640850215732,1.0,1.633702539995604,logged
31337,126,4770.039960039961,381.1733980305409,0.5553766232114402,0.1662573512560898,5,0.2630920198410427,1.0,1.5337749067652604,logged
31337,127,4679.573283858999,418.7947766519195,0.3423290925897498,0.1234911210747682,4,0.2526584368374551,1.0,1.5046859433630215,logged
31337,128,4872.751534180106,423.185100613672,0.7777606652403201,0.1573531247349973,1,0.3353239902251423,1.0,1.5668011363923169,logged
31337,129,5441.798201798203,519.5812758669902,0.6568019412530918,0.2274613408887857,2,0.2274613408887857,1.0,1.7497743414142126,logged
31337,130,5208.1018981019,459.34750963322386,0.4974912779994012,0.2371341624670159,0,0.3023048884784832,1.0,1.6746308354025397,logged
31337,131,5038.140430997575,466.9427715142001,0.4964049069888501,0.2879436394442736,3,0.2879436394442736,1.0,1.6199808459799272,logged
31337,132,5098.732695875555,445.11616954474096,0.5352891299529011,0.219588041833628,1,0.3490883080429369,1.0,1.6394638893490523,logged
31337,133,4606.532039389183,418.0900528043385,0.5017922315971572,0.2445291100523385,2,0.2548652010119256,1.0,1.4812000126653315,logged
31337,134,5225.104895104896,472.92079349222206,0.679083339350228,0.0595905251553347,0,0.3242374225440139,1.0,1.6800980370112202,logged
31337,135,4969.884401312974,440.6997288425859,0.575846065265733,0.0527789817968066,4,0.3304445927241729,1.0,1.5980335695540104,logged
31337,136,5038.1718281718295,451.6232339089481,0.4986104975859513,0.1524253440122519,0,0.2893992924864677,1.0,1.61999094153435,logged
31337,137,4797.683744826602,416.8417296988726,0.5972724190421118,0.3232466378864339,4,0.3232466378864339,1.0,1.542663583545531,logged
31337,138,4918.74125874126,471.59911517054377,0.6336865088739378,0.0618324354323121,1,0.3327559704190042,1.0,1.5815888291772535,logged
31337,139,4387.522477522479,345.9169402026545,0.4594604365619099,0.2735070271875086,4,0.2735070271875086,1.0,1.4107789316792532,logged
31337,140,5429.546168117598,507.4170115598687,0.7877217949317675,0.3892010360506943,2,0.3892010360506943,1.0,1.745834780745208,logged
31337,141,5046.513486513488,456.4662480376766,0.9046187759161844,0.183164913079311,4,0.4119804623391009,1.0,1.6226731467889024,logged
31337,142,5411.5441701156005,521.5324675324675,0.6964696042736112,0.0358310972928711,2,0.4661760735002362,1.0,1.7400463569503533,logged
31337,143,5150.836306550593,469.12202083630655,0.5098653401320853,0.2829204349450711,5,0.2829204349450711,1.0,1.6562174619133734,logged
31337,144,5211.275866990154,518.4071642643071,0.9895738105846956,0.4360599292626787,2,0.4360599292626787,1.0,1.675651404176898,logged
31337,145,4876.6619095190545,471.7956329384901,0.6671776216694502,0.0985032200064336,1,0.2945046216838749,1.0,1.5680584918067697,logged
31337,146,4151.8652775795645,350.41458541458536,0.6604331234050633,0.2098652004908363,4,0.3284624815447238,1.0,1.3350049124050043,logged
31337,147,5158.5229056657645,495.373198230341,0.5514591252751863,0.1342574247621506,0,0.3628995919501769,1.0,1.6586890371915637,logged
31337,148,5161.190238333096,524.3269587555302,0.7063797542823365,0.490126804553488,4,0.490126804553488,1.0,1.6595467004286475,logged
31337,149,5449.767375481662,541.4669616098188,0.4583625038767019,0.0925488233631249,0,0.3332479050865024,1.0,1.752336776682206,logged
31337,150,5167.314114456973,455.9931497074354,0.4231178261767676,0.0090628031570753,5,0.2640940176250329,1.0,1.6615157924298942,logged
42,1,5347.555301841017,503.4238618524332,2.2300455857245938,0.0820697199294382,3,0.1984899145437203,1.0,1.7194711581482365,logged
42,2,4696.599115170545,416.7375481661196,1.6623109612031102,0.1682347649744258,4,0.2148984862604244,1.0,1.5101604871931007,logged
42,3,5306.888825460256,511.64892250606533,1.6684058328783584,0.1536512352356926,4,0.1694335431505355,1.0,1.70639512072677,logged
42,4,4951.564150135579,448.68331668331666,1.4724499833638172,0.1882846284721774,4,0.2321839992613019,1.0,1.5921428135484177,logged
42,5,5425.764235764236,500.32681604110184,1.3910877290503207,0.0958773172904407,1,0.1835316919327381,1.0,1.7446187253261205,logged
42,6,4722.473241044671,393.4511203082632,0.997647320620722,0.1130262890303363,2,0.1870931502188582,1.0,1.5184801418150065,logged
42,7,5050.232624518339,485.5602968460112,1.2981330936941182,0.1330737100321074,4,0.1896416308453795,1.0,1.623869011099144,logged
42,8,5592.838589981448,554.1134579706008,1.5070598680535685,0.1479095805751738,4,0.178088355590067,1.0,1.7983403826306903,logged
42,9,5702.561723990297,554.8602825745684,1.6950704845770774,0.1168683107634741,2,0.168902273939081,1.0,1.8336211331158505,logged
42,10,4445.678607107179,376.2471813900385,1.3182649438757723,0.1327331611314692,4,0.198896686593144,1.0,1.4294786518029512,logged
42,11,4906.689025260454,436.4412730127016,1.3641377675287465,0.0331037962790888,3,0.2203635738222497,1.0,1.5777135129454831,logged
42,12,5296.606250891967,505.0620807763665,1.2936111708246745,0.144946092730566,5,0.1885878348748648,1.0,1.703088826653365,logged
42,13,5505.9383473669195,517.6340802055088,1.0960551424081666,0.1794429807610246,3,0.1869327246492217,1.0,1.7703981824330923,logged
42,14,5339.128014842301,482.34508348794066,1.0893673811688018,0.0155568261139951,4,0.2017667689112296,1.0,1.7167614195634404,logged
42,15,5092.177822177824,518.2177822177823,1.1823764816016962,0.2157027264670991,3,0.2157027264670991,1.0,1.3543026122813355,logged
42,16,4745.972598829743,427.3499357785072,0.9103960178974496,0.1365829272906513,3,0.224275954193679,1.0,1.5260362054114929,logged
42,17,5153.756243756245,464.71514200085625,0.9280514168543816,0.1611603028022734,5,0.2016564937236367,1.0,1.6571563484746763,logged
42,18,5092.631654060227,452.0358213215357,0.885341801649484,0.1223905400910458,2,0.2562637675013267,1.0,1.6375021395692044,logged
42,19,4826.103896103898,485.36520622234906,0.9470445600290672,0.214949886853077,5,0.2316938898164865,1.0,1.5518018958533428,logged
42,20,5421.398601398602,510.80819180819174,0.9384777010676888,0.0268771209878845,3,0.2867364751123417,1.0,1.7432149843725404,logged
42,21,4660.376766091053,423.8981018981019,0.8730232578804816,0.2104034515675405,5,0.2104034515675405,1.0,1.4985134296112703,logged
42,22,4987.395461681177,484.8110460967605,0.8358955220151228,0.2159532137958192,4,0.2796217797283644,1.0,1.6036641355888024,logged
42,23,5261.183102611676,489.9706008277437,0.7260886261426434,0.1785510675081469,3,0.2763180886619323,1.0,1.691698746820474,logged
42,24,5469.454830883404,525.9491936634794,0.6671788909509458,0.0259885960885427,1,0.2500284358642576,1.0,1.75866714819402,logged
42,25,4576.105323248182,406.8069073783359,0.6840165657860879,0.1188029349522345,4,0.2751366785921308,1.0,1.471416502652148,logged
42,26,5106.327957756531,513.3876123876123,0.8072546126528608,0.1853438609885183,0,0.2509790424589806,1.0,1.6419060957416494,logged
42,27,5302.89282146425,487.81190238333096,0.7568740174533359,0.1637128515410562,4,0.2543180737271081,1.0,1.7051102319820737,logged
42,28,4855.911231625519,452.1515627229912,1.007563329508934,0.2273243810997424,0,0.2300678483842553,1.0,1.5613862481110987,logged
42,29,5046.763236763238,458.6359354930784,0.714070646058727,0.1804804008448537,3,0.2249590863608623,1.0,1.6227534523354457,logged
42,30,5210.028542885687,436.61552732981306,0.6580327708035916,0.0236956451809977,3,0.2948361802061617,1.0,1.6752503353330177,logged
42,31,5348.371628371629,534.2350506636221,0.7107178254650147,0.2867729286905828,4,0.2867729286905828,1.0,1.7197336425632244,logged
42,32,5321.75396032539,494.87512487512487,0.708065095881962,0.1696066695144079,2,0.2413303361784537,1.0,1.711174906857038,logged
42,33,5003.022691594122,492.66176680462394,0.6178326749797379,0.0310249905942829,5,0.2478881433930515,1.0,1.6086889683582382,logged
42,34,4430.879120879122,410.94334237191384,0.6158425072770607,0.201313213892587,3,0.2173965472569573,1.0,1.4247199745592027,logged
42,35,4988.617097188528,478.9406307977736,0.8295714112953022,0.2306798269546447,4,0.2364177915427319,1.0,1.6040569444336097,logged
42,36,5412.771514200086,509.7742257742258,0.8998083757485189,0.0263532044506802,1,0.2449291516978212,1.0,1.7404410013505096,logged
42,37,5521.33437990581,555.7548166119594,0.6498235816743345,0.0287012911299779,3,0.2481086533678891,1.0,1.775348675210871,logged
42,38,4983.6549165120605,453.0291137433994,0.7472109407243389,0.2836421276105135,5,0.2836421276105135,1.0,1.6024613879459997,logged
42,39,5297.729413443701,519.9255030683602,0.6357005768624912,0.0400832622206038,5,0.2212513458300237,1.0,1.703449972168392,logged
42,40,5086.162409019554,486.0518053375197,0.6343622733654876,0.2061213901151548,5,0.2061213901151548,1.0,1.6354219964693093,logged
42,41,4774.150135578708,459.33523619237906,0.8038984111811832,0.2710759955946257,3,0.2710759955946257,1.0,1.5350965066169473,logged
42,42,5367.075781361497,505.9479092336235,0.8243673532764834,0.190904757888286,0,0.190904757888286,1.0,1.7257478396660757,logged
42,43,4896.955901241617,439.7984872270586,0.8413651900367574,0.2405054878917213,2,0.2473919864380065,1.0,1.5745838910744745,logged
42,44,4970.56229484801,454.28314542600265,0.785134968805902,0.0382646595054101,5,0.2272994690498893,1.0,1.5982515417517713,logged
42,45,4285.752818609963,397.1809618952475,0.7596522872332775,0.273952179571908,4,0.273952179571908,1.0,1.378055568684875,logged
42,46,5091.712573141146,498.0896246610532,0.8022083553689154,0.0241746099253805,2,0.2901445555134966,1.0,1.6372066151579243,logged
42,47,5675.28899671757,576.5288996717568,0.6106811504753057,0.0383318945691404,2,0.2734213858355262,1.0,1.5548736977308406,logged
42,48,4945.535892678751,461.32353360924793,0.6486358781661826,0.1725460378060113,1,0.2157007671238878,1.0,1.5902044670992763,logged
42,49,5360.8348794063095,514.9693163978878,0.5992028470573251,0.0353639969961866,2,0.2537813439381967,1.0,1.7237411187801632,logged
42,50,5017.075781361497,444.4802340516626,0.5704466791229553,0.2070154264764164,4,0.2314200487453873,1.0,1.613207646740031,logged
42,51,4818.925360353933,450.8218923933209,0.6348546367156772,0.1106009769769558,5,0.2342938561819198,1.0,1.5494936850012642,logged
42,52,4782.852861424291,418.75024975024974,0.7095838638924654,0.2279618143327841,4,0.2877824789572751,1.0,1.5378948107473602,logged
42,53,5500.189810189811,519.3005565862709,0.8078610394564861,0.1761963992466434,0,0.2592278402942314,1.0,1.7685497781960804,logged
42,54,4939.9115170543755,463.9230769230769,0.6035839409671067,0.2111163023742683,4,0.2211870033841174,1.0,1.588395986191117,logged
42,55,5494.793777650922,529.8574282859997,0.5829188607604363,0.0426470267196069,3,0.2556620746083542,1.0,1.7668147195019035,logged
42,56,4763.206793206794,417.2744398458684,0.5366194947326118,0.2206211772280573,4,0.2345084511184635,1.0,1.5315777470118304,logged
42,57,4720.917653774798,430.2625945483088,0.7506423816070382,0.2577562691065671,3,0.276400585196654,1.0,1.5179799529822495,logged
42,58,4431.100328243187,416.5998287426859,0.971715338328076,0.2355403663521448,4,0.259578407598565,1.0,1.4247911023289983,logged
42,59,4764.679606108179,430.067932067932,0.8017294218094341,0.180244787666624,3,0.2524583820672571,1.0,1.5320513202920183,logged
42,60,5816.967318395891,590.696731839589,0.6351373480620378,0.2719688449279371,1,0.2719688449279371,1.0,1.7520985898782797,logged
42,61,4994.452690166977,451.98744113029824,0.5598583226471298,0.2692100601388243,3,0.2692100601388243,1.0,1.6059333408897027,logged
42,62,4982.179249322108,427.1855287569573,0.5227846154942469,0.2087666196700991,1,0.2129541672937083,1.0,1.6019868968881372,logged
42,63,4555.597259882976,379.9279292136435,0.5596049248944394,0.1966740996127036,5,0.3100982152397788,1.0,1.4648222700588345,logged
42,64,4881.4285714285725,430.4732410446696,0.8592421425737926,0.0391911689708358,3,0.2930474736891761,1.0,1.5695911805236562,logged
42,65,4937.101469958615,456.69958612815753,0.7283840114761327,0.1069256930127901,4,0.2770358474793378,1.0,1.5874924340702936,logged
42,66,5071.7439703154005,476.5711431425716,0.8703321322592004,0.1642414111622279,0,0.3557051551131476,1.0,1.6307858425451445,logged
42,67,4862.341943770517,433.27329813044093,0.5464088603279283,0.3114674893778813,3,0.3114674893778813,1.0,1.5634540012123843,logged
42,68,5135.127729413444,506.6571999429142,0.8248204558727701,0.0281148649710655,2,0.3347190352139469,1.0,1.6511664724802066,logged
42,69,4956.081061795348,481.9079491936634,0.7567030736965125,0.1745451312748508,1,0.292012847525482,1.0,1.5935951967187612,logged
42,70,4996.463536463537,471.20365348936775,0.5840065925890303,0.1006557974207926,3,0.325045730935146,1.0,1.606579915261587,logged
42,71,4603.378050520909,422.1332952761523,0.7644611068149287,0.1784853386906686,1,0.221324372542886,1.0,1.480185868334697,logged
42,72,4930.8705580134165,488.9922934208648,0.7953336947348519,0.3441759199005652,2,0.3441759199005652,1.0,1.5854889254062428,logged
42,73,5703.206793206795,543.8258883973169,0.6879505515094292,0.2515959497096761,0,0.2515959497096761,1.0,1.8338285508703516,logged
42,74,5152.842871414301,439.0132724418438,0.7000298269972288,0.3201122450140668,2,0.3201122450140668,1.0,1.656862659618746,logged
42,75,4388.450121307265,423.8097616669045,0.5943187925979448,0.1092383997338955,5,0.2535687726793431,1.0,1.4110772094235575,logged
42,76,4994.345654345656,430.78364492650206,0.558015180395413,0.2790409100585377,5,0.2790409100585377,1.0,1.6058989242268986,logged
42,77,4955.254745254746,426.4200085628657,1.0551296239228578,0.1956744977667956,3,0.3550245992856532,1.0,1.5933295000819114,logged
42,78,5947.405451691167,603.7405451691167,0.6917697800852862,0.0441121236277847,4,0.2726381953081841,1.0,1.8527742840159396,logged
42,79,5209.157984872272,442.5858427286999,0.6404282851111368,0.0160362517589194,1,0.2337176637462642,1.0,1.6749704131422092,logged
42,80,5226.504923647783,455.5132010846296,0.4794230278645025,0.0440006193448273,4,0.2114701950354082,1.0,1.6805482069607014,logged
42,81,4395.545882688741,369.13258170401025,0.5470239820400195,0.2309969552623365,3,0.2701565713679357,1.0,1.4133588047230674,logged
42,82,5291.461395747112,538.146139574711,0.6189555628580357,0.0884384830580675,5,0.2387933584254564,1.0,1.2874601936124357,logged
42,83,4239.527615241902,354.4442700156985,0.7473319396907249,0.2900073081541537,3,0.2900073081541537,1.0,1.3631921592417686,logged
42,84,4876.04823747681,411.7386898815471,0.7478301583020357,0.2527879409952044,1,0.2527879409952044,1.0,1.5678611696066909,logged
42,85,5179.536178107608,508.5183388040531,0.5725937035331742,0.1164690077557059,3,0.2583501498062778,1.0,1.665445716433314,logged
42,86,4588.935350363923,415.8491508491509,0.5416907260977218,0.2381176328470485,5,0.2381176328470485,1.0,1.4755419133002965,logged
42,87,4390.234051662625,379.1537034394177,0.7312075516044724,0.2198922959637527,3,0.2198922959637527,1.0,1.4116508204702969,logged
42,88,4238.442985585844,307.5494505494505,0.6129666249052421,0.2877379029224087,4,0.2877379029224087,1.0,1.3628434037253514,logged
42,89,4956.492079349223,476.1348651348651,0.6565608440554553,0.1530801518769375,5,0.2634712186748894,1.0,1.5937273567039296,logged
42,90,4438.1504210075655,401.0204081632653,0.901933810874816,0.3212266327000735,2,0.3212266327000735,1.0,1.427058013185712,logged
42,91,4872.751534180106,420.66476380762094,0.6948268685206552,0.0508561660134315,4,0.3069251816347964,1.0,1.5668011363923169,logged
42,92,5183.57785072071,470.449407735122,0.7587794975748045,0.09352323046527,2,0.3593263309896958,1.0,1.6667452896208064,logged
42,93,4783.900385328958,486.5979734551163,0.8061466638493512,0.2470102952877635,5,0.2526908517506688,1.0,1.5382316351540053,logged
42,94,5536.173826173827,527.1225916940203,0.6867461377739207,0.3224617768862928,0,0.3224617768862928,1.0,1.780120201342066,logged
42,95,4441.274439845869,433.55701441415727,0.8679187628378839,0.3405108093911064,5,0.3405108093911064,1.0,1.4280625208507614,logged
42,96,4935.580134151564,434.6646210931925,1.0390718364296403,0.2607891822118008,0,0.2915208349923822,1.0,1.5870032585696343,logged
42,97,5001.805337519625,396.3784786641929,0.7890549347779833,0.0213130992209988,4,0.3569402262895304,1.0,1.6082975361799432,logged
42,98,4624.33709147995,417.5974025974026,0.6330451868295667,0.2844283172833419,1,0.2844283172833419,1.0,1.4869251098006264,logged
42,99,5000.980448123306,445.664478378764,0.4380022197741919,0.0283679902532321,4,0.3373430425508928,1.0,1.6080322984319306,logged
42,100,4703.300984729558,415.3723419437705,0.4142622638439611,0.1639984391032364,3,0.2608291190134623,1.0,1.5123154291734908,logged
42,101,4690.175538746969,438.3181104609676,0.4832334263423419,0.2780487738464612,4,0.2780487738464612,1.0,1.5080950285360026,logged
42,102,4583.840445269018,433.0208363065506,0.5238499783383535,0.2427098687684754,3,0.2846916907052018,1.0,1.4739036801508094,logged
42,103,4686.480662194949,399.98187526758954,0.9758238562931792,0.261329294377224,0,0.2685740976844128,1.0,1.506906965335996,logged
42,104,4768.682745825605,465.3760525189096,0.711291534549498,0.077282947615131,4,0.2596542317174324,1.0,1.5333385034809015,logged
42,105,5416.7047238475825,506.1735407449694,0.504954444259289,0.2395671243151249,3,0.2395671243151249,1.0,1.7417056989863604,logged
42,106,5419.289282146427,530.7590980448124,0.6077742734465839,0.0393499280479324,4,0.3084623404059839,1.0,1.742536746670876,logged
42,107,4526.102468959612,382.4850863422292,0.4725190968881382,0.1715198111527835,4,0.2699137377655884,1.0,1.4553384144564665,logged
42,108,4971.007563864708,407.0376766091052,0.2997896919894101,0.1522240133363446,4,0.2299550922479756,1.0,1.5983947150690374,logged
42,109,4910.627943485088,429.4388468674183,0.902217742488808,0.1629344275882727,2,0.4306040562645578,1.0,1.5789800461366836,logged
42,110,5898.204652490368,598.8204652490366,0.6553897318072479,0.0366251916399289,0,0.3982801787224707,1.0,1.36849295881447,logged
42,111,4789.4748109033835,452.03125445982585,0.6600594235518346,0.39434451329339,2,0.39434451329339,1.0,1.540024054952856,logged
42,112,4978.451548451549,483.9166547737976,0.4101003702382075,0.2264563771086988,5,0.2264563771086988,1.0,1.6007882792448704,logged
42,113,5117.204224347082,500.2648779791637,0.6542830943512672,0.359617147462857,2,0.359617147462857,1.0,1.6454032875714086,logged
42,114,5104.555444555445,444.9651776794634,0.5069682320950315,0.2477331255697515,1,0.2477331255697515,1.0,1.641336155805609,logged
42,115,5394.9721706864575,513.8096189524761,0.6712908772477795,0.4113813601082748,4,0.4113813601082748,1.0,1.7347177397705646,logged
42,116,5189.086627658057,488.14899386327954,0.6915427641903953,0.1780587249365282,3,0.2715224715910005,1.0,1.6685166005331369,logged
42,117,4661.317254174399,389.8925360353931,0.8133866227454576,0.0630025492307081,4,0.3366295370325984,1.0,1.4988158373551117,logged
42,118,4420.518053375197,370.0162694448408,0.8033169455328287,0.185023009287236,0,0.3456600096528238,1.0,1.4213884415997415,logged
42,119,4928.595690024263,491.17225631511343,0.7195806623466009,0.0771267072195945,4,0.308468492199735,1.0,1.584757456599441,logged
42,120,5069.851576994435,470.67689453403744,0.754222405131336,0.3157829857677288,3,0.3160276610183796,1.0,1.6301773559467632,logged
42,121,4231.821036106751,355.7493934636792,1.0477036629698129,0.1773596692218724,4,0.3098646908876412,1.0,1.3607141595198553,logged
42,122,4725.156272299131,393.3185386042529,0.8798714139220996,0.3395009168352436,2,0.3733777253536757,1.0,1.5193428528293025,logged
42,123,4569.220779220781,418.21093192521766,0.8810790033997751,0.2313110674224843,5,0.3130825905038878,1.0,1.4692028229005722,logged
42,124,5275.844155844157,459.96061081775366,0.7575992258911567,0.0999559648161507,2,0.4706111517691364,1.0,1.6964129118469955,logged
42,125,5062.818609961469,464.48765520194087,0.3851648966678215,0.1520553355126482,5,0.2253731806408191,1.0,1.6279159517560988,logged
42,126,5419.304980733554,510.16269444840873,0.4895705659807871,0.0824228866423105,3,0.2671948389135265,1.0,1.7425417944480874,logged
42,127,4911.056086770373,423.0353931782503,0.4083036068196731,0.1383342399301973,1,0.2430371298999009,1.0,1.579117712787901,logged
42,128,4705.548736977309,415.2725845582988,0.6243102907635113,0.2815892717899753,3,0.33076446586616,1.0,1.513038179092382,logged
42,129,5087.786499215072,464.298273155416,0.6117674859353156,0.0401637418388051,1,0.3002742152808804,1.0,1.6359442119662606,logged
42,130,5076.14100185529,465.3673469387754,0.646069681486231,0.0450965146398811,5,0.2560320729704284,1.0,1.6321996790531472,logged
42,131,4875.348936777509,439.39103753389475,0.5708041071257841,0.2833821655866295,1,0.2833821655866295,1.0,1.567636314076369,logged
42,132,4763.860425288998,424.0819180819181,0.4346075642685579,0.2991703652693477,4,0.2991703652693477,1.0,1.531787918099356,logged
42,133,5558.430141287286,546.7862137862138,0.5467011252112214,0.0318631960130452,3,0.2605898460825147,1.0,1.7872765727611846,logged
42,134,5085.286142429001,515.0002854288568,0.4331743890968375,0.0586609753720277,4,0.3759098488349336,1.0,1.635140238723151,logged
42,135,4563.02554588269,425.39817325531607,0.6804004430594958,0.3612378059370308,3,0.3612378059370308,1.0,1.467210786457456,logged
42,136,4946.534893677751,444.42043670615095,0.6788854040261618,0.1286525507925074,0,0.3498399882030488,1.0,1.59052568928545,logged
42,137,4647.0058512915675,466.5827030112744,0.7985718780631593,0.2554333195186982,2,0.2994995407969253,1.0,1.4942141000937512,logged
42,138,5477.689453403741,507.5834165834166,0.786279713414695,0.0600148761462214,1,0.3073705715478974,1.0,1.7613149367857683,logged
42,139,4717.992007992009,381.5899814471243,0.6608722948311442,0.3426601171420574,2,0.3426601171420574,1.0,1.517039230865597,logged
42,140,5419.841586984445,506.0418153275296,0.348375768107947,0.0777712594003241,5,0.2083982648312655,1.0,1.7427143366509463,logged
42,141,4899.096617668047,426.2156415013558,0.3491374910668799,0.017851604245591,5,0.2881674753892184,1.0,1.5752722243305612,logged
42,142,5132.297702297704,474.8754103039817,0.2832500867592298,0.1211366747481203,5,0.265053037908833,1.0,1.6502564959156598,logged
42,143,5075.905523048382,482.9920079920078,0.4061005142047281,0.2438008414351189,2,0.2438008414351189,1.0,1.6321239623949777,logged
42,144,4920.275438846869,460.1153132581704,0.5885991985876894,0.1126427811036144,4,0.3582374159562555,1.0,1.5820821346774494,logged
42,145,5476.59055230484,551.0184101612673,0.5642148241890523,0.1795374535472535,3,0.3255502194101806,1.0,1.760961592380977,logged
42,146,5098.026259454832,494.458398744113,0.6909196873783996,0.4898168469826653,4,0.4898168469826653,1.0,1.6392367393745435,logged
42,147,4901.108891108893,499.11088911088905,0.8047012618158826,0.3930129583262704,3,0.3930129583262704,1.0,1.4372753346360383,logged
42,148,4949.877265591553,436.9206507777936,0.6846591878517493,0.1031139904988156,4,0.3291984878608787,1.0,1.591600406942621,logged
42,149,5163.072641644072,472.39703153988864,0.3804559704520496,0.057053002930071,2,0.288844893139353,1.0,1.6601519748051674,logged
42,150,4820.346796061082,447.6991579848722,0.3011745797663428,0.2001540605529066,5,0.2731486452877582,1.0,1.5499507382833058,logged
8675309,1,4789.4748109033835,429.27743684886536,2.017050308442204,0.1459013360313673,2,0.1874699469404969,1.0,1.540024054952856,logged
8675309,2,5210.028542885687,474.85642928500073,1.487290776091428,0.172951473961972,1,0.2062538534709112,1.0,1.6752503353330177,logged
8675309,3,5963.519337805054,605.3519337805053,1.805894425257421,0.036236089467907,5,0.1887332804321784,1.0,1.540961069200272,logged
8675309,4,5207.315541601258,463.6907378335949,1.3397786839289438,0.021522377604462,0,0.1716053339526972,1.0,1.674377987653137,logged
8675309,5,5290.596546310833,492.9119451976594,1.2631548806524089,0.0856155945459381,2,0.1874419545388759,1.0,1.70115644575911,logged
8675309,6,4785.067789353505,454.1761096046811,1.2036439865816773,0.1625770171799293,2,0.1933309545410905,1.0,1.5386070062229915,logged
8675309,7,4705.3018410161285,403.8238903953189,1.103994924228204,0.0997822837904024,2,0.2061836105442848,1.0,1.5129587913235136,logged
8675309,8,5187.508206079636,527.7508206079634,1.5023588326756974,0.0226720867216053,3,0.2041314017601317,1.0,1.6160461701182662,logged
8675309,9,4798.15184815185,480.41287284144425,1.40454788653678,0.194301229772059,2,0.1971290946511423,1.0,1.5428140990841956,logged
8675309,10,4930.879120879123,428.96275153418014,1.194751560025815,0.1321087942657646,4,0.2122324394554921,1.0,1.5854916787392672,logged
8675309,11,4818.933923219639,441.5607249892964,1.1930705685891834,0.144950693578851,3,0.2151735754885872,1.0,1.5494964383342886,logged
8675309,12,5506.550592264879,533.146139574711,1.4984870024755608,0.0183554531686872,1,0.1970659755734196,1.0,1.7705950457443336,logged
8675309,13,4661.220208363067,472.95561581275865,1.253780807499308,0.1666102589108282,5,0.2180327879245953,1.0,1.4987846329141692,logged
8675309,14,4795.608677037249,441.243328100471,1.1188438781420402,0.1193082956419526,2,0.2317865887542435,1.0,1.541996359175964,logged
8675309,15,4504.018838304553,413.5534465534465,0.957015102016117,0.1451759621191344,3,0.2603961558240201,1.0,1.4482375685866726,logged
8675309,16,4341.01184529756,423.5500214071642,1.0601616212941232,0.1930524599539332,5,0.1930524599539332,1.0,1.3958237444686683,logged
8675309,17,5001.938061938063,472.4071642643071,1.1243803274879929,0.2218922286029061,3,0.2729881383734164,1.0,1.6083402128418205,logged
8675309,18,4859.479092336236,427.52247752247746,0.8961120929193348,0.1710605872926568,5,0.2364674580105249,1.0,1.562533470204577,logged
8675309,19,5076.933066933068,481.23533609247903,0.9793946022653268,0.1383237056660279,3,0.2763624274727206,1.0,1.632454362357899,logged
8675309,20,4873.9703153988885,443.5450264021693,0.9043519637138874,0.1432376651435288,5,0.2516898432863904,1.0,1.5671930274594492,logged
8675309,21,5743.800485229058,582.2274867989154,0.8744490132521036,0.0472375971842272,4,0.2085917475780255,1.0,1.8468811849611113,logged
8675309,22,5424.191522762953,524.624518338804,0.8741376728177114,0.2693473698555242,2,0.2693473698555242,1.0,1.7441130298273158,logged
8675309,23,5582.009419152278,548.7847866419295,0.7502668486214711,0.2022386234511763,3,0.2078639140198255,1.0,1.7948583341325646,logged
8675309,24,4705.301841016128,428.5671471385757,0.7166910506723004,0.1911875502723372,5,0.2293228411094776,1.0,1.5129587913235132,logged
8675309,25,5041.725417439704,452.9961467104324,0.7115818950641879,0.2048619568550667,0,0.2048619568550667,1.0,1.6211335747394542,logged
8675309,26,5339.924361352933,520.4395604395604,0.9996372289179888,0.2789356781405756,3,0.2789356781405756,1.0,1.7170174795347048,logged
8675309,27,5154.110175538748,488.9162266305124,0.9324903199077657,0.1912934286640337,4,0.3216349071542069,1.0,1.6572701529063494,logged
8675309,28,4230.850577993436,364.12458969601823,0.8211605740151207,0.1436746756356511,2,0.2430590264322734,1.0,1.360402115110429,logged
8675309,29,5023.717710860569,444.2103610675039,0.665770339893756,0.2173202317112132,2,0.2373667638396628,1.0,1.61534331538925,logged
8675309,30,5739.724561153133,577.3376623376623,0.6909385265756968,0.2288747774640128,1,0.2288747774640128,1.0,1.8455705984415216,logged
8675309,31,5129.28071928072,498.863850435279,0.8286153699872862,0.0483278945146525,3,0.2733610093660726,1.0,1.6492864049134144,logged
8675309,32,5390.840587983446,486.7688026259455,0.8898449087178343,0.1561241104575684,1,0.1981786496066753,1.0,1.7333892565863167,logged
8675309,33,5277.495361781077,531.108891108891,0.8560851673996634,0.3095794429759457,0,0.3095794429759457,1.0,1.6969438462318571,logged
8675309,34,5465.775652918512,524.3800485229058,0.6147899819582411,0.1867513690757872,2,0.2090178111103033,1.0,1.7574841327712252,logged
8675309,35,4619.461966604826,378.69501926644784,0.6089538913004726,0.2359179567396601,2,0.2394273789155419,1.0,1.4853575455320978,logged
8675309,36,4725.584415584417,446.6486370772085,0.6482498943902879,0.0514308439970186,1,0.2383195892914189,1.0,1.5194805194805194,logged
8675309,37,4342.310546596263,346.0493791922363,0.5758935774405247,0.1941904890416172,2,0.2028036288322796,1.0,1.3962413333106949,logged
8675309,38,4858.250321107465,476.259312116455,0.5102584684481319,0.2054396984368194,4,0.2124578929018449,1.0,1.5621383669155833,logged
8675309,39,5077.7351220208375,481.2787212787212,0.6851951489828936,0.1791817840769559,4,0.2435887401180076,1.0,1.6327122578845132,logged
8675309,40,4889.950049950052,479.4170115598687,0.6381656091891031,0.1909869468171316,4,0.1909869468171316,1.0,1.5723312057717205,logged
8675309,41,5118.622805765664,431.2989867275582,0.6415295192652872,0.1916202141044519,5,0.2535806783245677,1.0,1.645859423075776,logged
8675309,42,4843.717710860569,425.9049521906665,0.5524804640307719,0.2368609431682985,3,0.2368609431682985,1.0,1.557465501884427,logged
8675309,43,5290.175538746969,502.5227629513344,0.7808700028359892,0.2320030549752368,0,0.2320030549752368,1.0,1.7010210735520797,logged
8675309,44,5580.91479948623,537.0161267304125,0.6509013638670226,0.0392939351308401,0,0.2344575291689105,1.0,1.7945063663942855,logged
8675309,45,5049.461966604826,502.3223918938205,0.9979465596984104,0.0258711077856059,4,0.3553257967637667,1.0,1.623621211126953,logged
8675309,46,4915.7100042814345,482.1357214214357,0.757021482558366,0.2457408873997877,0,0.2457408873997877,1.0,1.5806141492866344,logged
8675309,47,5547.906379334952,532.5931211645498,0.6953716040636256,0.1908611334750618,1,0.1908611334750618,1.0,1.7838927264742608,logged
8675309,48,5040.931925217641,511.7188525759954,0.6760119316599994,0.1667650391297633,3,0.2853396478657878,1.0,1.6208784325458647,logged
8675309,49,4534.289995718568,421.5184815184816,0.8835222719144369,0.2459263617905262,5,0.2459263617905262,1.0,1.457971059716581,logged
8675309,50,5389.58041958042,547.1674040245468,0.8490036549650539,0.1951839457877942,0,0.2285706611796084,1.0,1.7329840577429,logged
8675309,51,5511.017553874697,551.8194662480377,0.6545194463043599,0.0467213641131285,5,0.3695150217013412,1.0,1.7720313678053683,logged
8675309,52,4231.3928928214655,417.32125017839303,0.7066678986460665,0.1340637676342332,3,0.2572048112939317,1.0,1.360576492868638,logged
8675309,53,5183.343799058086,493.5962608819751,0.623617647671109,0.209511771213627,1,0.2550149075382921,1.0,1.6666700318514742,logged
8675309,54,4633.290994719568,431.7199942914229,0.5798361586010937,0.1871711344287922,0,0.243788251967914,1.0,1.48980417836642,logged
8675309,55,4730.151277294135,470.55787070072785,1.0028119960635835,0.3967441733208587,1,0.3967441733208587,1.0,1.5209489637601716,logged
8675309,56,5522.49607535322,548.3766233766235,0.6544592533349963,0.154252088468071,5,0.2133105481438383,1.0,1.7757222107245074,logged
8675309,57,4976.895961181676,428.5941201655487,0.7994552755288702,0.2257099008527867,2,0.2894172147185227,1.0,1.6002880904121142,logged
8675309,58,5106.175253318112,412.24475524475525,0.7262376737873782,0.0514444358234547,1,0.2392970618149308,1.0,1.6418569946360482,logged
8675309,59,5104.611103182533,462.5929784501213,0.7873131462519334,0.2388994581161054,2,0.3685745418092114,1.0,1.6413540524702674,logged
8675309,60,5070.117025831313,476.1649778792635,0.8027816868410734,0.2379989991940743,2,0.2379989991940743,1.0,1.6302627092705182,logged
8675309,61,5309.086627658058,505.6460682174967,0.5352182741533742,0.0283497490030653,3,0.2532533045687815,1.0,1.7071018095363526,logged
8675309,62,4387.950620807765,367.7426858855431,0.4563394972839931,0.1403519572565411,5,0.2615410188454646,1.0,1.4109165983304706,logged
8675309,63,5558.95104895105,564.8951048951049,0.5389717476601464,0.0250106001908301,4,0.2145146732329252,1.0,1.2897798257427024,logged
8675309,64,5633.928928214644,539.6330812045097,0.7468468810439302,0.0653189279276469,0,0.3055440405595188,1.0,1.8115527100368625,logged
8675309,65,4718.106179534752,417.7451120308264,0.7969737384859119,0.227693771884869,3,0.2763685617270082,1.0,1.5170759419725888,logged
8675309,66,5312.055087769375,534.5648637077209,0.5059225324455278,0.1487373100243198,4,0.2167315971728509,1.0,1.7080562983181264,logged
8675309,67,5250.328243185389,516.8428714143,0.5714108197896506,0.3150880668174654,2,0.3150880668174654,1.0,1.6882084383232756,logged
8675309,68,5722.350506636223,562.7997716569145,0.741540151021319,0.2862565196444873,0,0.2862565196444873,1.0,1.8399840857351195,logged
8675309,69,4665.956900242616,429.6873126873127,0.7405560920516506,0.2163531897742771,3,0.2704673643947052,1.0,1.5003076849654708,logged
8675309,70,5297.02012273441,538.7020122734408,0.7147446863659183,0.0467848964407708,0,0.2348546409526943,1.0,1.6501620320044883,logged
8675309,71,4798.15184815185,409.3389467675182,0.6398080335467766,0.2103678319813718,2,0.3153015051478318,1.0,1.5428140990841956,logged
8675309,72,4857.445411731128,460.6857428286,0.4684059925505752,0.2860454522835788,4,0.2860454522835788,1.0,1.5618795536112946,logged
8675309,73,5423.390894819468,551.3390894819466,0.5623852059979836,0.2281705120200389,1,0.2281705120200389,1.0,1.3764951509694077,logged
8675309,74,4838.425859854432,473.6450692164978,0.6194688959916832,0.1167824761124467,2,0.2535081055039889,1.0,1.5557639420753795,logged
8675309,75,4876.233766233769,438.4835164835165,0.4613166195359041,0.0531407919051227,3,0.2477412846444587,1.0,1.567920825155552,logged
8675309,76,5054.823747680892,446.41615527329816,0.6308369766352976,0.2657156909723864,4,0.2657156909723864,1.0,1.6253452564890325,logged
8675309,77,5152.670186955902,479.8602825745683,0.7486319633143891,0.2776523763505376,5,0.2776523763505376,1.0,1.6568071340694213,logged
8675309,78,4709.634651063224,472.3439417725132,0.6713645926348106,0.2241842357431878,1,0.2421664674906721,1.0,1.5143519778338337,logged
8675309,79,4852.78578564293,460.2197802197802,0.6728753467379368,0.194553096571493,2,0.3191975550025051,1.0,1.5603812815572118,logged
8675309,80,5266.272299129443,508.69016697588125,0.7478340294709631,0.210308872006316,0,0.2217997986658476,1.0,1.6933351444146114,logged
8675309,81,4826.7332667332685,455.06650492364776,0.83878226399532,0.0261116699565575,3,0.3971200631113277,1.0,1.5520042658306326,logged
8675309,82,4584.439845868419,407.450406736121,0.5618518071234216,0.0591548620030953,5,0.3206113982731081,1.0,1.4740964134625136,logged
8675309,83,4528.124732410448,405.2747252747252,0.4908334563029913,0.2355102260848506,3,0.2355102260848506,1.0,1.4559886599390504,logged
8675309,84,5390.5908377336955,505.7857856429285,0.6042229410369783,0.2343734147720792,0,0.2343734147720792,1.0,1.733308951039773,logged
8675309,85,4723.2324818039115,419.0826316540602,0.927785976300537,0.2666217378531692,3,0.3069946838377306,1.0,1.5187242706764983,logged
8675309,86,4639.784501213074,435.35864135864136,0.5282990265820107,0.1502278259538111,1,0.2288860393923755,1.0,1.491892122576551,logged
8675309,87,5691.982303410876,556.6196660482375,0.3848223527647313,0.0442841032677098,1,0.2108551392199913,1.0,1.8302193901642685,logged
8675309,88,5114.251462822892,496.02925645782784,0.5884605049746906,0.0311360578812884,5,0.2757718095202064,1.0,1.6444538465668457,logged
8675309,89,5044.454117311261,420.899100899101,0.6137854659476212,0.1571959007233131,3,0.3043868649643116,1.0,1.6220109701965466,logged
8675309,90,5025.12630226916,453.3790495219066,0.629622005891064,0.1479667993576721,2,0.2046637212194136,1.0,1.6157962386717553,logged
8675309,91,5265.651491365778,501.4160125588697,0.6197369996183714,0.3132830359517987,4,0.3132830359517987,1.0,1.693135527770346,logged
8675309,92,5006.169544740975,466.9469102326245,0.6829163837866244,0.3149443597328776,4,0.3149443597328776,1.0,1.609700818244686,logged
8675309,93,5146.228057656631,461.2143570714999,0.4675071661781842,0.0863643514615609,4,0.2763653573422284,1.0,1.6547357098574371,logged
8675309,94,5370.428143285288,538.5511631225916,0.4436597297500365,0.0265778832283508,3,0.223525224194029,1.0,1.726825769545108,logged
8675309,95,5621.087483944629,571.1087483944626,0.4577394715348971,0.0547391689378771,3,0.2864723029369053,1.0,1.5400239682040076,logged
8675309,96,4929.270729270731,472.87184244327096,0.600781964304128,0.1901211154228729,4,0.3890379991551542,1.0,1.5849745110195272,logged
8675309,97,4537.001569858714,349.3279577565292,0.9970605781649108,0.0258069383052375,2,0.3805518381734954,1.0,1.4588429485076246,logged
8675309,98,5256.817468246041,493.84515484515487,0.7709279144215045,0.2574548363839289,1,0.2574548363839289,1.0,1.6902950058668935,logged
8675309,99,5054.849436278009,481.34280005708575,0.7596121139485273,0.0863412572337889,4,0.3701247828611597,1.0,1.6253535164881054,logged
8675309,100,5338.471528471529,542.8471528471529,0.620813777314481,0.1190358869504845,2,0.25058442899408,1.0,1.5655341725722955,logged
8675309,101,4534.164407021552,425.79420579420577,0.7747338396417447,0.102816690031752,0,0.3692607575930894,1.0,1.4579306774988907,logged
8675309,102,5412.282003710577,550.2282003710575,0.5504604121761704,0.2843862720478939,5,0.2843862720478939,1.0,1.5871794732289075,logged
8675309,103,5454.698158983875,522.2263450834879,0.4866528861300687,0.2793650039677243,3,0.2793650039677243,1.0,1.7539222376153931,logged
8675309,104,4819.4605394605405,417.8805480234052,0.4628249792865618,0.2414109037397835,5,0.3048947765744541,1.0,1.549665768315286,logged
8675309,105,4906.689025260454,447.8333095475953,0.6551505412019094,0.2104557033982917,1,0.2604890304643464,1.0,1.5777135129454831,logged
8675309,106,4797.1414299985745,425.2520336806051,1.0317785249607987,0.0278638996294236,2,0.305795039763987,1.0,1.5424892057873223,logged
8675309,107,4954.080205508779,451.2052233480805,0.8073628333591187,0.1253923265817983,0,0.3609177880292415,1.0,1.5929518345687388,logged
8675309,108,5147.740830597975,467.3246753246753,0.5947337762126198,0.4080542998186398,5,0.4080542998186398,1.0,1.655222132025072,logged
8675309,109,5089.620379620381,497.66119594691025,0.5700536016248334,0.0289853434761673,0,0.2358589204633011,1.0,1.6365338841223085,logged
8675309,110,4935.037819323536,438.8401598401598,0.5782078385225085,0.3130179979173152,2,0.3130179979173152,1.0,1.5868288808114257,logged
8675309,111,5334.231482802912,542.4231482802911,0.5157391035445332,0.2833939240931961,5,0.2833939240931961,1.0,1.5642907574202085,logged
8675309,112,5089.2007992008,478.31682603111176,0.4666337968517599,0.1826303316402665,5,0.2268529868396765,1.0,1.6363989708041151,logged
8675309,113,4536.636220921937,433.7739403453688,0.789475963194014,0.299341747749542,2,0.4165155510353965,1.0,1.4587254729652526,logged
8675309,114,5226.504923647782,483.180105608677,1.4957150049840686,0.0284914641215838,0,0.3949860379376997,1.0,1.680548206960701,logged
8675309,115,4718.534322820038,388.0061367204224,0.7728819567103614,0.0494229586104436,3,0.3156246125136571,1.0,1.517213608623806,logged
8675309,116,5167.314114456973,494.2861424289996,0.6121068633763327,0.0652806399884005,1,0.2621299514166456,1.0,1.6615157924298942,logged
8675309,117,5577.9791636934515,544.1384329955758,0.7969219491663049,0.4337740751953535,2,0.4337740751953535,1.0,1.7935624320557717,logged
8675309,118,4907.830740687884,441.2674468388754,0.3915550012096226,0.159398899677261,4,0.2418160733407078,1.0,1.5780806240153964,logged
8675309,119,4904.962180676468,440.97702297702295,0.454072446026187,0.1397400617164968,5,0.2190307962651588,1.0,1.57715825745224,logged
8675309,120,4449.646068217498,406.8110460967603,0.5723934394674612,0.2705571790182016,4,0.2705571790182016,1.0,1.4307543627708994,logged
8675309,121,4532.056514913659,394.78021978021974,0.5834092370638906,0.1757992513466534,0,0.2529090903827245,1.0,1.4572528986860636,logged
8675309,122,4805.912658769803,466.161124589696,0.9261361819475936,0.2416044531936725,3,0.3783700674200995,1.0,1.5453095365819298,logged
8675309,123,5369.157984872272,524.9646068217497,0.6253226199012742,0.075848088573514,5,0.3149860067899382,1.0,1.7264173584798297,logged
8675309,124,5537.395461681177,504.9987155701442,0.3745671393787164,0.1718254895644077,5,0.2138613698813856,1.0,1.7805130101868731,logged
8675309,125,4885.581561295849,438.23162551733975,0.4474889915273542,0.098134105544552,3,0.3249293230542694,1.0,1.5709265470404654,logged
8675309,126,4946.887398315971,431.65734265734267,0.4597229663372253,0.2668380875241831,5,0.2668380875241831,1.0,1.590639034828286,logged
8675309,127,4880.186955901243,426.75310403881826,0.6109178970809435,0.3637064158325155,2,0.3637064158325155,1.0,1.569191947235126,logged
8675309,128,4770.399600399601,416.52204937919225,0.7394329662021465,0.2629765375576015,1,0.3640372709089856,1.0,1.5338905467522828,logged
8675309,129,5711.870986156701,568.3275296132439,0.5524631648103091,0.1324455577942848,3,0.3273505400135751,1.0,1.8366144650021543,logged
8675309,130,5474.150135578708,498.70857713714855,0.3427646069787827,0.0936193880693606,1,0.2067427668839295,1.0,1.7601768924690373,logged
8675309,131,4875.434565434567,474.97531040388185,0.3147033372033127,0.1322794351722277,3,0.2639566791019376,1.0,1.567663847406613,logged
8675309,132,5157.110032824321,462.9663193948908,0.2730735831925278,0.2048043985320856,4,0.2105200857381014,1.0,1.6582347372425466,logged
8675309,133,4946.700442414729,446.8768374482661,0.3940120837606914,0.2852433654721432,2,0.308335029708434,1.0,1.5905789203905876,logged
8675309,134,5171.809618952478,452.130155558727,0.6362262533659868,0.2607949356047351,0,0.2607949356047351,1.0,1.6629612922676773,logged
8675309,135,5353.928928214644,538.0677893535037,1.001883048338588,0.3687396236487527,5,0.3687396236487527,1.0,1.7215205556960265,logged
8675309,136,4804.848009133724,427.56243756243754,0.7378420389351715,0.2711969061850937,3,0.2711969061850937,1.0,1.5449672055092356,logged
8675309,137,5571.335807050094,566.1335807050093,0.6603138600564847,0.0225022741395213,5,0.2915138990782224,1.0,1.4396216555684993,logged
8675309,138,4647.6780362494665,450.8393035535892,0.4803917316753796,0.1253322095696142,2,0.2842007418140604,1.0,1.4944302367361624,logged
8675309,139,4725.156272299131,385.23105465962607,0.3384708138673828,0.1846050427064963,2,0.2106877457525932,1.0,1.5193428528293025,logged
8675309,140,4928.959611816756,453.964035964036,0.4091873195004617,0.1687532083494987,5,0.3642290486946657,1.0,1.5848744732529756,logged
8675309,141,5417.414014556874,528.1026116740403,0.4538232336473515,0.3477208187480332,3,0.3477208187480332,1.0,1.741933766738544,logged
8675309,142,4886.72042243471,434.073926073926,0.4350790408473338,0.2316319640524253,0,0.2316319640524253,1.0,1.5712927403327035,logged
8675309,143,4687.451120308265,449.2307692307692,0.8488260433659284,0.3297207002514439,2,0.3309539068624837,1.0,1.5072190097454223,logged
8675309,144,5140.980448123307,460.2172113600685,0.7565788358080957,0.1818027642416994,0,0.3828426035392446,1.0,1.653048375602349,logged
8675309,145,4774.083059797346,454.3977451120308,0.6580440467033273,0.0731700103582938,3,0.373005605311862,1.0,1.53507493884159,logged
8675309,146,5328.2931354359935,502.1524190095618,0.6180488905111341,0.0895229351541459,5,0.3823950946643091,1.0,1.7132775355099652,logged
8675309,147,5663.47509633224,559.4037391180249,0.5624726243984378,0.0363638520589801,2,0.279509283225534,1.0,1.821053085637376,logged
8675309,148,5006.680462394749,442.8882546025403,0.4215068519475782,0.1296920659215193,4,0.3847698607315779,1.0,1.609865100448472,logged
8675309,149,5333.947481090339,489.6594833737691,0.560585820821791,0.0839372903695425,0,0.2453579149225973,1.0,1.7150956530837098,logged
8675309,150,4677.98915370344,446.3373769088055,1.0409367364260578,0.3248254036994341,4,0.3248254036994341,1.0,1.5041765767535171,logged
