round,cid,tau,a_i,a_eff,p_i,raw_update_norm,contribution_norm,amp_vs_fedavg
1,2,315,315.0,443.78664192949907,0.156272299129442,1.0239711195022294,0.225441248769176,1.40884648231587
1,1,620,620.0,443.78664192949907,0.1374339945768517,1.3060043044324579,0.12847579513090554,0.7157849063379017
1,0,155,155.0,443.78664192949907,0.13757670900528043,0.7973651324452206,0.31408318383628486,2.863139625351607
1,5,700,700.0,443.78664192949907,0.15812758669901528,1.3787728336868317,0.13822180068030188,0.6339809170421415
1,6,66,66.0,443.78664192949907,0.09604681033252462,0.5863932625383201,0.37870601988468655,6.724040029234835
1,3,385,385.0,443.78664192949907,0.15612958470101326,1.0932168945532361,0.19674560306506378,1.1526925764402574
1,4,700,700.0,443.78664192949907,0.1584130155558727,1.4396802171816006,0.14458827752436204,0.6339809170421415
2,6,220,220.0,503.10418153275293,0.09604681033252462,0.005199251012140567,0.001141981261956337,2.2868371887852406
2,2,525,525.0,503.10418153275293,0.156272299129442,0.9318729841964162,0.13955241181464823,0.9582936791100056
2,0,124,124.0,503.10418153275293,0.13757670900528043,0.5202090031713063,0.29037486600366963,4.057291786554459
2,4,700,700.0,503.10418153275293,0.1584130155558727,1.3357300551400848,0.15207906940311647,0.7187202593325042
2,5,490,490.0,503.10418153275293,0.15812758669901528,1.100331584003872,0.17864590641174438,1.0267432276178632
2,1,620,620.0,503.10418153275293,0.1374339945768517,1.064863283550639,0.11875564421720403,0.8114583573108918
2,3,700,700.0,503.10418153275293,0.15612958470101326,1.1289130321097518,0.12667927756796493,0.7187202593325042
3,1,620,620.0,393.9982874268589,0.1374339945768517,0.9188548565984852,0.08024975761970517,0.6354811087529982
3,0,279,279.0,393.9982874268589,0.13757670900528043,0.551941056834463,0.10723282515325352,1.4121802416733293
3,2,70,70.0,393.9982874268589,0.156272299129442,0.35823561963139433,0.3150990266670586,5.628546963240841
3,5,700,700.0,393.9982874268589,0.15812758669901528,1.1941379710134967,0.10628168843564957,0.5628546963240841
3,6,110,110.0,393.9982874268589,0.09604681033252462,0.10345139332554883,0.03558942242546147,3.5818026129714444
3,3,175,175.0,393.9982874268589,0.15612958470101326,0.5106093328831549,0.17948585924601645,2.2514187852963365
3,4,700,700.0,393.9982874268589,0.1584130155558727,1.1804137617418877,0.10524983397120308,0.5628546963240841
4,5,700,700.0,557.7422577422577,0.15812758669901528,1.1926915295145482,0.15026965459833103,0.796774653917511
4,0,465,465.0,557.7422577422577,0.13757670900528043,0.8313515310181736,0.13718613313310551,1.1994457155747478
4,6,198,198.0,557.7422577422577,0.09604681033252462,0.19425075398749667,0.052554997533032104,2.8168800896073622
4,3,700,700.0,557.7422577422577,0.15612958470101326,0.8535716377999911,0.10618439352850988,0.796774653917511
4,2,700,700.0,557.7422577422577,0.156272299129442,0.9132547441625835,0.11371282500741271,0.796774653917511
4,1,372,372.0,557.7422577422577,0.1374339945768517,0.8663995042401729,0.1785266169408258,1.4993071444684347
4,4,595,595.0,557.7422577422577,0.1584130155558727,1.0698711426426695,0.15886891133255718,0.9373819457853071
5,6,440,440.0,420.1197374054517,0.09604681033252462,0.13855058074518892,0.01270608353102352,0.9548175850123902
5,1,496,496.0,420.1197374054517,0.1374339945768517,0.773843074683505,0.09008209521005671,0.8470155996077655
5,0,124,124.0,420.1197374054517,0.13757670900528043,0.37162146333674523,0.17321962964912693,3.388062398431062
5,5,700,700.0,420.1197374054517,0.15812758669901528,1.0507245124783087,0.09971753914346614,0.6001710534363596
5,4,700,700.0,420.1197374054517,0.1584130155558727,1.0312383614260683,0.09804489071362726,0.6001710534363596
5,2,105,105.0,420.1197374054517,0.156272299129442,0.34080467893880095,0.21309405639726064,4.001140356242397
5,3,350,350.0,420.1197374054517,0.15612958470101326,0.5953846004531341,0.11158038176737417,1.2003421068727191
6,1,217,217.0,446.2341943770515,0.1374339945768517,0.4504202473538643,0.12729612606572396,2.0563787759311127
6,5,700,700.0,446.2341943770515,0.15812758669901528,1.0633790317995366,0.10719154780206465,0.637477420538645
6,3,140,140.0,446.2341943770515,0.15612958470101326,0.32156543105788127,0.16002556548347519,3.187387102693225
6,2,700,700.0,446.2341943770515,0.156272299129442,0.9317442853336477,0.09282042361347911,0.637477420538645
6,6,440,440.0,446.2341943770515,0.09604681033252462,0.22257338138022922,0.021680352577837243,1.014168623584208
6,4,350,350.0,446.2341943770515,0.1584130155558727,0.7339137072417369,0.14822814124714215,1.27495484107729
6,0,558,558.0,446.2341943770515,0.13757670900528043,0.8160384472139761,0.08978094761014523,0.7997028573065439
7,0,341,341.0,496.2085057799344,0.13757670900528043,0.5755038496903659,0.1152133952071138,1.4551569084455553
7,6,440,440.0,496.2085057799344,0.09604681033252462,0.16481637623745285,0.01785232711331267,1.1277466040453055
7,4,490,490.0,496.2085057799344,0.1584130155558727,0.775980288227681,0.12448289362623259,1.0126704199590497
7,3,700,700.0,496.2085057799344,0.15612958470101326,0.9357415504869544,0.10356363447170865,0.7088692939713348
7,5,350,350.0,496.2085057799344,0.15812758669901528,0.6567049771589387,0.14722247375618075,1.4177385879426696
7,2,700,700.0,496.2085057799344,0.156272299129442,0.9765540819593818,0.10817937446135184,0.7088692939713348
7,1,403,403.0,496.2085057799344,0.1374339945768517,0.6449146821892408,0.10913287394097991,1.2312866148385468
8,6,396,396.0,486.3320964749536,0.09604681033252462,0.12807577474955661,0.015107328929368141,1.2281113547347313
8,5,700,700.0,486.3320964749536,0.15812758669901528,0.9892717959423328,0.10868213544957661,0.6947601378213623
8,2,315,315.0,486.3320964749536,0.156272299129442,0.579834618028358,0.13989703856549862,1.543911417380805
8,3,700,700.0,486.3320964749536,0.15612958470101326,0.9949308903018405,0.10792275221648465,0.6947601378213623
8,0,248,248.0,486.3320964749536,0.13757670900528043,0.5265037251372329,0.14204554470399422,1.9610165180441677
8,4,700,700.0,486.3320964749536,0.1584130155558727,0.981592083926569,0.10803309079201244,0.6947601378213623
8,1,248,248.0,486.3320964749536,0.1374339945768517,0.5011376428760921,0.13506177326394567,1.9610165180441677
9,4,700,700.0,468.20351077493933,0.1584130155558727,1.0586031086622065,0.11216585009115981,0.6688621582499134
9,1,434,434.0,468.20351077493933,0.1374339945768517,0.6616036580589203,0.09809277118315324,1.0788099326611504
9,0,620,620.0,468.20351077493933,0.13757670900528043,0.8877042643498838,0.09222660012497973,0.7551669528628053
9,5,315,315.0,468.20351077493933,0.15812758669901528,0.6282869244400815,0.14766915049888588,1.486360351666474
9,2,560,560.0,468.20351077493933,0.156272299129442,0.8960396881335417,0.11707276802704886,0.8360776978123917
9,3,210,210.0,468.20351077493933,0.15612958470101326,0.4737722140641836,0.1649187985090547,2.229540527499711
9,6,440,440.0,468.20351077493933,0.09604681033252462,0.17656653405951483,0.018045683171326946,1.064098888124862
10,6,440,440.0,466.59840159840167,0.09604681033252462,0.16899744683003345,0.017212884730307132,1.0604509127236401
10,5,490,490.0,466.59840159840167,0.15812758669901528,0.8145603299012972,0.12265296893038524,0.9522416359151055
10,0,620,620.0,466.59840159840167,0.13757670900528043,0.9215645239805645,0.09541622309492233,0.7525780670941963
10,2,315,315.0,466.59840159840167,0.156272299129442,0.5933587363935565,0.13735106643169553,1.4812647669790528
10,1,620,620.0,466.59840159840167,0.1374339945768517,0.9250169213683165,0.09567432441621497,0.7525780670941963
10,4,630,630.0,466.59840159840167,0.1584130155558727,0.996219554933351,0.11688226551000014,0.7406323834895264
10,3,175,175.0,466.59840159840167,0.15612958470101326,0.39390576795257143,0.1639769268017896,2.6662765805622954
11,0,620,620.0,498.85386042528893,0.13757670900528043,0.9475869025496575,0.10489278430924526,0.8046030006859499
11,5,630,630.0,498.85386042528893,0.15812758669901528,1.026968382748974,0.12858713024709933,0.7918315244845856
11,6,88,88.0,498.85386042528893,0.09604681033252462,0.11513615473617352,0.06268813260297913,5.6687938684691925
11,4,700,700.0,498.85386042528893,0.1584130155558727,1.098077047111308,0.12396496791686362,0.7126483720361271
11,1,620,620.0,498.85386042528893,0.1374339945768517,0.9126078450458315,0.10091599702899928,0.8046030006859499
11,2,665,665.0,498.85386042528893,0.156272299129442,1.03150739189675,0.12092219954758067,0.7501561810906601
11,3,35,35.0,498.85386042528893,0.15612958470101326,0.18045040509944243,0.40155807063094257,14.252967440722541
12,2,700,700.0,400.1992293420864,0.156272299129442,1.1298421868626662,0.10094341573617714,0.5717131847744091
12,1,186,186.0,400.1992293420864,0.1374339945768517,0.6211349322152775,0.18367219992447875,2.1516087599036906
12,3,700,700.0,400.1992293420864,0.15612958470101326,1.0888288851938877,0.09719032761719028,0.5717131847744091
12,6,440,440.0,400.1992293420864,0.09604681033252462,0.3477048736125296,0.030375070615872225,0.9095437030501964
12,5,630,630.0,400.1992293420864,0.15812758669901528,1.0832153096300783,0.10880732437518527,0.6352368719715658
12,0,62,62.0,400.1992293420864,0.13757670900528043,0.3951685706474227,0.3509230303468724,6.454826279711072
12,4,35,35.0,400.1992293420864,0.1584130155558727,0.37371055259696195,0.6769154494990864,11.434263695488184
13,6,154,154.0,567.1321535607249,0.09604681033252462,0.06417409283785666,0.022698974366970052,3.6826763218228886
13,5,700,700.0,567.1321535607249,0.15812758669901528,1.14930032964073,0.14724054099150147,0.8101887908010356
13,0,589,589.0,567.1321535607249,0.13757670900528043,0.9864090289830248,0.13066850756096354,0.9628729262491085
13,1,589,589.0,567.1321535607249,0.1374339945768517,1.0176380901672026,0.13466554696865993,0.9628729262491085
13,2,700,700.0,567.1321535607249,0.156272299129442,1.3848135066942888,0.17533132818875102,0.8101887908010356
13,4,385,385.0,567.1321535607249,0.1584130155558727,0.7915950502466247,0.18472151084898775,1.4730705287291554
13,3,700,700.0,567.1321535607249,0.15612958470101326,1.3451318584235232,0.17015170040037816,0.8101887908010356
14,2,700,700.0,531.0034251462823,0.156272299129442,1.2211298176279664,0.1447581819611067,0.7585763216375462
14,0,186,186.0,531.0034251462823,0.13757670900528043,0.43000054917982405,0.16888781027713862,2.854857124442378
14,4,700,700.0,531.0034251462823,0.1584130155558727,1.1209638182880832,0.13470438662223289,0.7585763216375462
14,6,418,418.0,531.0034251462823,0.09604681033252462,0.12927867718033892,0.015773602309005947,1.2703431223595272
14,3,560,560.0,531.0034251462823,0.15612958470101326,1.0693132386957451,0.15830675385279644,0.9482204020469327
14,5,700,700.0,531.0034251462823,0.15812758669901528,1.1268118253620991,0.13516315524250666,0.7585763216375462
14,1,341,341.0,531.0034251462823,0.1374339945768517,0.6640990976322418,0.14212484471814008,1.557194795150388
15,1,558,558.0,571.3683459397745,0.1374339945768517,0.8205120733686295,0.11546786163540286,1.0239576092110654
15,4,700,700.0,571.3683459397745,0.1584130155558727,1.138513243443069,0.14721331238101074,0.8162404941996778
15,5,525,525.0,571.3683459397745,0.15812758669901528,0.9522727842335992,0.1638799748216423,1.0883206589329038
15,0,620,620.0,571.3683459397745,0.13757670900528043,0.8493370592662568,0.10768357806091929,0.9215618482899588
15,6,308,308.0,571.3683459397745,0.09604681033252462,0.1387888335870587,0.024728793769997183,1.855092032271995
15,3,490,490.0,571.3683459397745,0.15612958470101326,0.9521535130617187,0.1733453815443066,1.1660578488566826
15,2,700,700.0,571.3683459397745,0.156272299129442,1.1952939536582943,0.15246665099978401,0.8162404941996778
16,5,560,560.0,391.3268160411017,0.15812758669901528,0.979500455639221,0.10823403954072561,0.6987978857876816
16,4,70,70.0,391.3268160411017,0.1584130155558727,0.334845932701171,0.2965360229692168,5.590383086301453
16,0,620,620.0,391.3268160411017,0.13757670900528043,0.8808694838291276,0.07648995424811476,0.6311722839372609
16,1,279,279.0,391.3268160411017,0.1374339945768517,0.5873526505728588,0.11322139686438774,1.4026050754161352
16,2,700,700.0,391.3268160411017,0.156272299129442,1.129499027681843,0.09867552197915556,0.5590383086301454
16,6,440,440.0,391.3268160411017,0.09604681033252462,0.10997917575015721,0.009394644269921969,0.8893791273661403
16,3,105,105.0,391.3268160411017,0.15612958470101326,0.3972634512943112,0.23116076661815094,3.7269220575343023
17,5,700,700.0,410.28928214642497,0.15812758669901528,1.1233616286750074,0.10411645206460023,0.5861275459234643
17,4,350,350.0,410.28928214642497,0.1584130155558727,0.6961358035686344,0.12927274179946,1.1722550918469286
17,3,210,210.0,410.28928214642497,0.15612958470101326,0.5792610701267579,0.17669750783204488,1.9537584864115474
17,6,440,440.0,410.28928214642497,0.09604681033252462,0.18802482801909218,0.016839750108103603,0.9324756412418749
17,2,455,455.0,410.28928214642497,0.156272299129442,0.9073976031447137,0.1278669791060168,0.9017346860360989
17,1,620,620.0,410.28928214642497,0.1374339945768517,0.9128496941279757,0.083021758246369,0.6617569066877822
17,0,93,93.0,410.28928214642497,0.13757670900528043,0.4059561566619075,0.24639464918513923,4.411712711251881
18,1,217,217.0,374.4686741829599,0.1374339945768517,0.6604282250166987,0.1566302187528425,1.7256620930090318
18,4,700,700.0,374.4686741829599,0.1584130155558727,1.0016409788188751,0.08488293705756392,0.5349552488327999
18,6,440,440.0,374.4686741829599,0.09604681033252462,0.11763946754654707,0.009616096511812947,0.8510651685976361
18,0,279,279.0,374.4686741829599,0.13757670900528043,0.5447057913618808,0.10058152104560324,1.3421816278959136
18,2,245,245.0,374.4686741829599,0.156272299129442,0.6508033077683024,0.15544657659320255,1.5284435680937138
18,5,35,35.0,374.4686741829599,0.15812758669901528,0.3402174750375661,0.5755879703431277,10.699104976655997
18,3,700,700.0,374.4686741829599,0.15612958470101326,1.0858328866747187,0.09069130444949496,0.5349552488327999
19,1,620,620.0,477.3208220351077,0.1374339945768517,1.110733857299504,0.11752300029665577,0.7698722936050124
19,6,154,154.0,477.3208220351077,0.09604681033252462,0.22917488119588114,0.06822438361743217,3.0994858573708295
19,4,420,420.0,477.3208220351077,0.1584130155558727,0.8429516626960352,0.15175905809736687,1.1364781477026373
19,0,620,620.0,477.3208220351077,0.13757670900528043,1.013731386011055,0.10737087680702173,0.7698722936050124
19,2,315,315.0,477.3208220351077,0.156272299129442,0.835909561274209,0.19794344323847615,1.51530419693685
19,5,700,700.0,477.3208220351077,0.15812758669901528,1.0084812442748425,0.10873961934980851,0.6818868886215824
19,3,420,420.0,477.3208220351077,0.15612958470101326,0.9571359206515389,0.16983215065972326,1.1364781477026373
20,3,700,700.0,481.39232196375053,0.15612958470101326,0.9372959145045963,0.10063824338429979,0.6877033170910722
20,6,440,440.0,481.39232196375053,0.09604681033252462,0.11050472154765711,0.011612086544726985,1.094073459008524
20,4,700,700.0,481.39232196375053,0.1584130155558727,0.8796066307764877,0.09582536341794273,0.6877033170910722
20,1,155,155.0,481.39232196375053,0.1374339945768517,0.43632700535683705,0.18624032635123544,3.1057569158951646
20,2,665,665.0,481.39232196375053,0.156272299129442,0.9242654226507231,0.10455774822880655,0.7238982285169181
20,0,279,279.0,481.39232196375053,0.13757670900528043,0.6126991210610079,0.1454410929883277,1.7254205088306471
20,5,350,350.0,481.39232196375053,0.15812758669901528,0.7634829989337648,0.1660497126666487,1.3754066341821445
21,4,455,455.0,429.2223490794919,0.1584130155558727,0.7946272548280477,0.11874771144882426,0.9433458221527294
21,5,700,700.0,429.2223490794919,0.15812758669901528,0.8389845064212108,0.08134781095672704,0.6131747843992741
21,2,280,280.0,429.2223490794919,0.156272299129442,0.6607632419591529,0.15828952386108874,1.5329369609981853
21,1,217,217.0,429.2223490794919,0.1374339945768517,0.4470499183914686,0.12152700159028161,1.9779831754815294
21,3,700,700.0,429.2223490794919,0.15612958470101326,0.9290707560067104,0.0889443328091419,0.6131747843992741
21,6,440,440.0,429.2223490794919,0.09604681033252462,0.13523338977330868,0.012670581057079426,0.9755053388170271
21,0,155,155.0,429.2223490794919,0.13757670900528043,0.41230983040672947,0.15707940039070292,2.7691764456741415
22,0,31,31.0,407.406450692165,0.13757670900528043,0.4451260131318876,0.8048113618752997,13.142143570715
22,4,700,700.0,407.406450692165,0.1584130155558727,0.77096971652716,0.07108173861641155,0.5820092152745214
22,5,420,420.0,407.406450692165,0.15812758669901528,0.8275036576518991,0.1269276313935755,0.970015358790869
22,6,440,440.0,407.406450692165,0.09604681033252462,0.13162193999552657,0.011705405388369021,0.9259237515731022
22,1,341,341.0,407.406450692165,0.1374339945768517,0.6572522968444221,0.10791947010860645,1.1947403246104544
22,3,175,175.0,407.406450692165,0.15612958470101326,0.5611928108384174,0.20397979727382598,2.3280368610980857
22,2,700,700.0,407.406450692165,0.156272299129442,0.8140504399360139,0.07403944901190768,0.5820092152745214
23,6,352,352.0,420.64378478664196,0.09604681033252462,0.4269630591244714,0.049005526683047834,1.1950107522347784
23,5,700,700.0,420.64378478664196,0.15812758669901528,1.1507924790746893,0.10935058083210539,0.6009196925523457
23,1,217,217.0,420.64378478664196,0.1374339945768517,0.7316109682472635,0.19490775533089394,1.9384506211365988
23,0,31,31.0,420.64378478664196,0.13757670900528043,0.3620727459578431,0.6759172570268379,13.569154347956193
23,4,700,700.0,420.64378478664196,0.1584130155558727,1.1015472067747256,0.10486013469358202,0.6009196925523457
23,3,700,700.0,420.64378478664196,0.15612958470101326,1.2008555994837473,0.11266588393604118,0.6009196925523457
23,2,140,140.0,420.64378478664196,0.156272299129442,0.7008470316250005,0.32907256824140124,3.004598462761728
24,6,352,352.0,523.3011274439846,0.09604681033252462,0.0549497947566436,0.007846175685700212,1.4866509302385926
24,4,700,700.0,523.3011274439846,0.1584130155558727,1.073892161514948,0.12717600084612798,0.7475730392056923
24,0,620,620.0,523.3011274439846,0.13757670900528043,1.0176569310008303,0.11816974330911913,0.8440340765225558
24,3,490,490.0,523.3011274439846,0.15612958470101326,1.1260356308897679,0.18775561243836777,1.0679614845795604
24,2,665,665.0,523.3011274439846,0.156272299129442,1.160126436674532,0.14266497029433375,0.7869189886375708
24,1,620,620.0,523.3011274439846,0.1374339945768517,1.0937872554952512,0.12687820017243104,0.8440340765225558
24,5,175,175.0,523.3011274439846,0.15812758669901528,0.6813072228092064,0.3221545412282581,2.990292156822769
25,5,700,700.0,509.39046667618095,0.15812758669901528,0.7892412595935443,0.09081763678918088,0.7277006666802585
25,4,630,630.0,509.39046667618095,0.1584130155558727,0.6971168639191495,0.08929079989171113,0.8085562963113984
25,3,385,385.0,509.39046667618095,0.15612958470101326,0.7278291224736644,0.15035044461844962,1.3230921212368336
25,6,440,440.0,509.39046667618095,0.09604681033252462,0.15332452288050014,0.01704875638225395,1.1577056060822295
25,2,630,630.0,509.39046667618095,0.156272299129442,0.7745359998479915,0.09786645861847393,0.8085562963113984
25,0,620,620.0,509.39046667618095,0.13757670900528043,0.7959074699389598,0.08996355744525236,0.821597526897066
25,1,93,93.0,509.39046667618095,0.1374339945768517,0.38586864703374074,0.29047016149942134,5.47731684598044
26,0,434,434.0,447.3055515912659,0.13757670900528043,0.5940300926014914,0.08423021735885436,1.030657952975267
26,2,105,105.0,447.3055515912659,0.156272299129442,0.4705967720365075,0.3132895686880206,4.260052872297771
26,1,155,155.0,447.3055515912659,0.1374339945768517,0.34188888186659466,0.13559751720672572,2.8858422683307476
26,5,700,700.0,447.3055515912659,0.15812758669901528,0.7171974861054833,0.07246906362443455,0.6390079308446656
26,6,198,198.0,447.3055515912659,0.09604681033252462,0.13360282563103051,0.028989297295472057,2.2591189474306357
26,3,700,700.0,447.3055515912659,0.15612958470101326,0.7618508309370715,0.07600836635647061,0.6390079308446656
26,4,700,700.0,447.3055515912659,0.1584130155558727,0.8031458862221813,0.08130018780113855,0.6390079308446656
27,5,700,700.0,452.4241472812901,0.15812758669901528,0.7660498675609179,0.07829110472826406,0.6463202104018431
27,6,220,220.0,452.4241472812901,0.09604681033252462,0.17172614964119295,0.033918955874030925,2.056473396733137
27,1,62,62.0,452.4241472812901,0.1374339945768517,0.40219796335428604,0.40335563053607115,7.29716366582726
27,2,700,700.0,452.4241472812901,0.156272299129442,0.6177482556244198,0.06239377549491201,0.6463202104018431
27,4,455,455.0,452.4241472812901,0.1584130155558727,0.6867519659780134,0.10817456376825717,0.9943387852336046
27,3,700,700.0,452.4241472812901,0.15612958470101326,0.7501859367220826,0.07570104234539972,0.6463202104018431
27,0,155,155.0,452.4241472812901,0.13757670900528043,0.48238203620756287,0.193709143634981,2.918865466330904
28,5,700,700.0,468.1100328243185,0.15812758669901528,0.7458231960223016,0.07886665812033286,0.668728618320455
28,3,700,700.0,468.1100328243185,0.15612958470101326,0.8212748753411009,0.0857479311883952,0.668728618320455
28,6,352,352.0,468.1100328243185,0.09604681033252462,0.12297270410996855,0.015707134246897042,1.3298580477963595
28,0,620,620.0,468.1100328243185,0.13757670900528043,0.5872948279005012,0.06100386514961492,0.7550161819747073
28,2,280,280.0,468.1100328243185,0.156272299129442,0.6981861448246377,0.18240769097872708,1.6718215458011376
28,1,217,217.0,468.1100328243185,0.1374339945768517,0.4305128585784847,0.12763462672359138,2.1571890913563068
28,4,350,350.0,468.1100328243185,0.1584130155558727,0.6877153459757182,0.14570668638631323,1.33745723664091
29,5,420,420.0,562.9069501926645,0.15812758669901528,0.6126500299573373,0.12983967582342557,1.3402546433158677
29,4,700,700.0,562.9069501926645,0.1584130155558727,0.5319868627052233,0.06776888493038322,0.8041527859895207
29,6,418,418.0,562.9069501926645,0.09604681033252462,0.1211566064436096,0.015670771433906584,1.3466673449585274
29,3,525,525.0,562.9069501926645,0.15612958470101326,0.7616023331700724,0.12749430265165446,1.0722037146526942
29,1,620,620.0,562.9069501926645,0.1374339945768517,0.6011987411166958,0.075016561474992,0.9079144357946201
29,2,595,595.0,562.9069501926645,0.156272299129442,0.5744949722612658,0.08493523234186852,0.9460621011641419
29,0,620,620.0,562.9069501926645,0.13757670900528043,0.6189134915946349,0.07730717222204307,0.9079144357946201
30,1,527,527.0,525.4846581989439,0.1374339945768517,0.6297221179506864,0.08629637301459751,0.9971245886127967
30,5,455,455.0,525.4846581989439,0.15812758669901528,0.5641469234096508,0.10302639682762198,1.1549113367009756
30,2,350,350.0,525.4846581989439,0.156272299129442,0.5544665055598419,0.13009161783595163,1.5013847377112681
30,6,440,440.0,525.4846581989439,0.09604681033252462,0.10946626400010584,0.012556558014382558,1.1942833140885087
30,0,465,465.0,525.4846581989439,0.13757670900528043,0.4663342627913226,0.07250189032612177,1.1300745337611695
30,3,700,700.0,525.4846581989439,0.15612958470101326,0.6942879096772608,0.08137421426120932,0.7506923688556341
30,4,700,700.0,525.4846581989439,0.1584130155558727,0.5991473764188892,0.07125027162270058,0.7506923688556341
31,2,700,700.0,572.6189524760953,0.156272299129442,0.5204293893932007,0.06652907629357556,0.8180270749658504
31,4,595,595.0,572.6189524760953,0.1584130155558727,0.5141205800822446,0.0783798815097359,0.962384794077471
31,5,700,700.0,572.6189524760953,0.15812758669901528,0.5738006190706318,0.074222629052575,0.8180270749658504
31,3,700,700.0,572.6189524760953,0.15612958470101326,0.644361804800822,0.0822967475705181,0.8180270749658504
31,0,341,341.0,572.6189524760953,0.13757670900528043,0.4424461281980457,0.10221547579837749,1.6792344647392823
31,6,220,220.0,572.6189524760953,0.09604681033252462,0.1539193829785327,0.038478603140357566,2.6028134203458877
31,1,589,589.0,572.6189524760953,0.1374339945768517,0.5462994889105738,0.07299202077532112,0.9721883743227424
32,6,286,286.0,458.20436706150986,0.09604681033252462,0.09132924535595312,0.014053548823345774,1.6021131715437407
32,5,315,315.0,458.20436706150986,0.15812758669901528,0.6728451483201894,0.15476453185392286,1.4546170382905075
32,4,700,700.0,458.20436706150986,0.1584130155558727,0.6164360236944958,0.06392048414007295,0.6545776672307284
32,2,700,700.0,458.20436706150986,0.156272299129442,0.5504035361946098,0.056302075027801275,0.6545776672307284
32,3,210,210.0,458.20436706150986,0.15612958470101326,0.5963819121358761,0.20316532953808394,2.181925557435761
32,0,310,310.0,458.20436706150986,0.13757670900528043,0.5317809419670299,0.10813722375869239,1.4780786034242253
32,1,620,620.0,458.20436706150986,0.1374339945768517,0.5076801779250781,0.05156463063107152,0.7390393017121126
33,6,242,242.0,540.1885257599542,0.09604681033252462,0.18280658730000052,0.03919266333480656,2.2321839907436125
33,2,595,595.0,540.1885257599542,0.156272299129442,0.5021441195626453,0.07124243784398201,0.9078798752268139
33,0,620,620.0,540.1885257599542,0.13757670900528043,0.5453621411350064,0.06537076510312517,0.8712718157418616
33,5,245,245.0,540.1885257599542,0.15812758669901528,0.5576970510690089,0.19443984295827038,2.204851125550834
33,4,700,700.0,540.1885257599542,0.1584130155558727,0.624393638878169,0.07633024322620958,0.7716978939427918
33,1,620,620.0,540.1885257599542,0.1374339945768517,0.5188637049710899,0.06212996766457269,0.8712718157418616
33,3,665,665.0,540.1885257599542,0.15612958470101326,0.5317862595008408,0.06744442025854717,0.8123135725713597
34,5,700,700.0,463.2491793920366,0.15812758669901528,0.44038970147314604,0.04608519357065666,0.6617845419886237
34,2,700,700.0,463.2491793920366,0.156272299129442,0.5470169402152874,0.05657172170518475,0.6617845419886237
34,4,175,175.0,463.2491793920366,0.1584130155558727,0.46230231960293605,0.19386238162464117,2.6471381679544947
34,0,620,620.0,463.2491793920366,0.13757670900528043,0.567008750209655,0.05828511351919711,0.7471760957936074
34,3,385,385.0,463.2491793920366,0.15612958470101326,0.6308514772861796,0.11851307264652154,1.2032446217974977
34,6,330,330.0,463.2491793920366,0.09604681033252462,0.10240743962242836,0.013807503870222823,1.4037853920970806
34,1,279,279.0,463.2491793920366,0.1374339945768517,0.46199436514574177,0.10542444020271684,1.6603913239857941
35,0,620,620.0,477.96603396603405,0.13757670900528043,0.4965711781704237,0.05266617414243079,0.7709129580097324
35,6,110,110.0,477.96603396603405,0.09604681033252462,0.11342959456964946,0.04733841105960138,4.345145763327582
35,5,700,700.0,477.96603396603405,0.15812758669901528,0.48651607629729593,0.05252956852718235,0.6828086199514772
35,2,700,700.0,477.96603396603405,0.156272299129442,0.4942352844685305,0.05273691782626159,0.6828086199514772
35,4,420,420.0,477.96603396603405,0.1584130155558727,0.39745826581882193,0.07165230062056598,1.1380143665857954
35,1,496,496.0,477.96603396603405,0.1374339945768517,0.5987197779245854,0.07929268662107136,0.9636411975121654
35,3,175,175.0,477.96603396603405,0.15612958470101326,0.4239300471573969,0.18077500839636046,2.731234479805909
36,4,700,700.0,485.44669616098184,0.1584130155558727,0.4660143061441211,0.051195715888676975,0.6934952802299741
36,5,420,420.0,485.44669616098184,0.15812758669901528,0.5512164907961798,0.10074467592058044,1.1558254670499568
36,2,700,700.0,485.44669616098184,0.156272299129442,0.577217386641926,0.06255541586508163,0.6934952802299741
36,3,700,700.0,485.44669616098184,0.15612958470101326,0.45745848511105186,0.04953137698819483,0.6934952802299741
36,1,155,155.0,485.44669616098184,0.1374339945768517,1.1403694591734657,0.49085090822852234,3.131914168780528
36,0,434,434.0,485.44669616098184,0.13757670900528043,0.4980350836431109,0.07664020786107947,1.1185407745644742
36,6,88,88.0,485.44669616098184,0.09604681033252462,0.10636769420857622,0.05635748047003556,5.516439729102067
37,5,700,700.0,454.0784929356358,0.15812758669901528,0.6307115782794015,0.06469509260941526,0.6486835613366225
37,3,700,700.0,454.0784929356358,0.15612958470101326,0.7337491459496832,0.07431315598399403,0.6486835613366225
37,0,372,372.0,454.0784929356358,0.13757670900528043,0.49202964197535837,0.08262741693358455,1.2206411100420316
37,1,279,279.0,454.0784929356358,0.1374339945768517,0.5880178023008034,0.13152592758036366,1.6275214800560422
37,4,700,700.0,454.0784929356358,0.1584130155558727,0.6329462366516259,0.06504150406844958,0.6486835613366225
37,6,66,66.0,454.0784929356358,0.09604681033252462,0.14647242402011798,0.09678895756835314,6.879977165691451
37,2,175,175.0,454.0784929356358,0.156272299129442,0.5323038950802434,0.21584129075469616,2.59473424534649
38,6,418,418.0,425.9152276295133,0.09604681033252462,0.06341340269265562,0.006205987408378624,1.0189359512667782
38,1,620,620.0,425.9152276295133,0.1374339945768517,0.46713055761252464,0.04410257280057386,0.6869600445637312
38,3,700,700.0,425.9152276295133,0.15612958470101326,0.46149723019900024,0.04384089694969382,0.6084503251850191
38,0,31,31.0,425.9152276295133,0.13757670900528043,0.3570449202666004,0.6748841813656176,13.739200891274622
38,4,455,455.0,425.9152276295133,0.1584130155558727,0.49751114091854465,0.07377435864735589,0.9360774233615677
38,2,700,700.0,425.9152276295133,0.156272299129442,0.4230596554599392,0.040226175182860285,0.6084503251850191
38,5,35,35.0,425.9152276295133,0.15812758669901528,0.36504494504217133,0.70243979104897,12.16900650370038
39,1,527,527.0,554.0015698587127,0.1374339945768517,0.842509939562073,0.12172214109035885,1.0512363754434777
39,4,700,700.0,554.0015698587127,0.1584130155558727,0.8426682363404936,0.10564779580440047,0.7914308140838754
39,0,620,620.0,554.0015698587127,0.13757670900528043,0.7632974711396043,0.09383352807985272,0.8935509191269561
39,5,700,700.0,554.0015698587127,0.15812758669901528,0.7708393825718123,0.09646827064435666,0.7914308140838754
39,6,396,396.0,554.0015698587127,0.09604681033252462,0.18596098053665552,0.024987372070857362,1.3989938632795775
39,3,525,525.0,554.0015698587127,0.15612958470101326,1.190535972808405,0.19614598324466934,1.055241085445167
39,2,350,350.0,554.0015698587127,0.156272299129442,1.1233404537125034,0.2778666029695062,1.5828616281677508
40,6,374,374.0,504.1953760525189,0.09604681033252462,0.12976576123156944,0.016802361402877747,1.3481159787500505
40,5,700,700.0,504.1953760525189,0.15812758669901528,0.5159915847063873,0.058769376086932876,0.7202791086464556
40,0,620,620.0,504.1953760525189,0.13757670900528043,0.4610860256778989,0.05158626032798937,0.8132183484718046
40,3,595,595.0,504.1953760525189,0.15612958470101326,0.6681122512447223,0.08839272705475096,0.8473871866428889
40,2,35,35.0,504.1953760525189,0.156272299129442,0.3941468349764472,0.8873007718426129,14.405582172929112
40,4,560,560.0,504.1953760525189,0.1584130155558727,0.5475282093908432,0.07809229609442296,0.9003488858080695
40,1,620,620.0,504.1953760525189,0.1374339945768517,0.4857652114453223,0.054290988329634214,0.8132183484718046
41,3,245,245.0,330.76851719708856,0.15612958470101326,0.6644086242587648,0.1400485277242745,1.3500755803962798
41,5,700,700.0,330.76851719708856,0.15812758669901528,0.9824737885881412,0.07340991849901655,0.47252645313869795
41,0,620,620.0,330.76851719708856,0.13757670900528043,0.9149363187451043,0.06715343937623713,0.5334976083824009
41,2,140,140.0,330.76851719708856,0.156272299129442,0.5069325629044277,0.18716658719356666,2.3626322656934895
41,6,440,440.0,330.76851719708856,0.09604681033252462,0.423851141362686,0.030603267159132443,0.751746629993383
41,4,70,70.0,330.76851719708856,0.1584130155558727,0.688672027400606,0.5155009034345989,4.725264531386979
41,1,155,155.0,330.76851719708856,0.1374339945768517,0.7472405332111763,0.21915281802336756,2.1339904335296036
42,4,420,420.0,488.14942200656486,0.1584130155558727,0.4951795861131196,0.09117107651298768,1.1622605285870593
42,1,341,341.0,488.14942200656486,0.1374339945768517,0.5030293412105348,0.09896597048706962,1.431523231690806
42,0,620,620.0,488.14942200656486,0.13757670900528043,0.5922155539082048,0.06414839811138599,0.7873377774299434
42,6,440,440.0,488.14942200656486,0.09604681033252462,0.061263073522398424,0.006528025330220076,1.1094305045603747
42,5,595,595.0,488.14942200656486,0.15812758669901528,0.5918769040737176,0.07678472798122965,0.8204191966496889
42,2,700,700.0,488.14942200656486,0.156272299129442,0.6170754050390158,0.0672473195219408,0.6973563171522356
42,3,280,280.0,488.14942200656486,0.15612958470101326,0.6977982601349675,0.1899371140054362,1.7433907928805887
43,3,420,420.0,500.1782503211075,0.15612958470101326,0.44268586645402463,0.0823107148921127,1.1909005960026369
43,0,248,248.0,500.1782503211075,0.13757670900528043,0.4127247444166109,0.11451926337923124,2.0168477835528527
43,1,279,279.0,500.1782503211075,0.1374339945768517,0.3958304951991234,0.0975268099772603,1.7927535853803136
43,6,440,440.0,500.1782503211075,0.09604681033252462,0.13643084915184514,0.014895931121058482,1.1367687507297897
43,4,630,630.0,500.1782503211075,0.1584130155558727,0.49869846176263677,0.0627210244827536,0.7939337306684247
43,5,700,700.0,500.1782503211075,0.15812758669901528,0.5361989065190426,0.06058433285542186,0.7145403576015822
43,2,700,700.0,500.1782503211075,0.156272299129442,0.4982094914215585,0.05563149893480016,0.7145403576015822
44,5,385,385.0,462.5721421435707,0.15812758669901528,0.4712994595231223,0.08954128641141838,1.201486083489794
44,0,31,31.0,462.5721421435707,0.13757670900528043,0.19203531428995582,0.394224669234817,14.921682004631313
44,3,700,700.0,462.5721421435707,0.15612958470101326,0.4796650508579593,0.04948854838119584,0.6608173459193868
44,6,396,396.0,462.5721421435707,0.09604681033252462,0.14159701246696707,0.01588624754155551,1.168111470059522
44,2,700,700.0,462.5721421435707,0.156272299129442,0.4563132983671148,0.04712230887604858,0.6608173459193868
44,1,217,217.0,462.5721421435707,0.1374339945768517,0.3240918896413038,0.09494718059817366,2.131668857804473
44,4,700,700.0,462.5721421435707,0.1584130155558727,0.4917143428950666,0.05147367452474363,0.6608173459193868
45,0,527,527.0,554.957042957043,0.13757670900528043,0.33307693054389353,0.04825454471459173,1.0530494173757932
45,4,560,560.0,554.957042957043,0.1584130155558727,0.523861114359514,0.08223910288413176,0.9909947195661482
45,5,700,700.0,554.957042957043,0.15812758669901528,0.6033102115868253,0.0756327073165361,0.7927957756529185
45,2,700,700.0,554.957042957043,0.156272299129442,0.6312424518647235,0.0782059015884119,0.7927957756529185
45,6,352,352.0,554.957042957043,0.09604681033252462,0.17263129809890942,0.026140818809058157,1.5765825084006904
45,3,350,350.0,554.957042957043,0.15612958470101326,0.5492693297763388,0.1359758796490869,1.585591551305837
45,1,620,620.0,554.957042957043,0.1374339945768517,0.3722449699501537,0.045792113179756025,0.8950920047694242
46,0,186,186.0,442.95632938490087,0.13757670900528043,0.2946013192347681,0.09652227980635011,2.381485641854306
46,6,22,22.0,442.95632938490087,0.09604681033252462,0.11250294163215868,0.21756300853282395,20.134378608404585
46,2,385,385.0,442.95632938490087,0.156272299129442,0.4005686247348134,0.07202099437068438,1.150535920480262
46,5,700,700.0,442.95632938490087,0.15812758669901528,0.6352584741507098,0.06356542889923547,0.632794756264144
46,3,700,700.0,442.95632938490087,0.15612958470101326,0.42059570115856226,0.041554006721166666,0.632794756264144
46,4,315,315.0,442.95632938490087,0.1584130155558727,0.45661617258705073,0.10171675778149564,1.4062105694758757
46,1,620,620.0,442.95632938490087,0.1374339945768517,0.38222619460764684,0.037530455767345566,0.7144456925562918
47,2,140,140.0,398.9245040673612,0.156272299129442,0.4206475682398392,0.18731090510428874,2.8494607433382946
47,0,496,496.0,398.9245040673612,0.13757670900528043,0.3542551063601656,0.03919855636408788,0.8042832743293573
47,1,620,620.0,398.9245040673612,0.1374339945768517,0.5117773766356526,0.045255803258742115,0.6434266194634859
47,5,105,105.0,398.9245040673612,0.15812758669901528,0.5261257736909806,0.3160811778536812,3.799280991117726
47,3,700,700.0,398.9245040673612,0.15612958470101326,0.43098070728701243,0.03834738094951513,0.5698921486676589
47,4,350,350.0,398.9245040673612,0.1584130155558727,0.4188200602070221,0.07562075440511286,1.1397842973353178
47,6,440,440.0,398.9245040673612,0.09604681033252462,0.00325942282312408,0.00028383221492286664,0.9066466001530937
48,5,700,700.0,542.0191237334095,0.15812758669901528,0.41925410222473913,0.05133357767728504,0.7743130339048707
48,3,315,315.0,542.0191237334095,0.15612958470101326,0.499789404796778,0.13426917040858277,1.7206956308997128
48,4,700,700.0,542.0191237334095,0.1584130155558727,0.4514324501787411,0.05537327435594713,0.7743130339048707
48,2,700,700.0,542.0191237334095,0.156272299129442,0.3854228387204781,0.04663758109127156,0.7743130339048707
48,1,558,558.0,542.0191237334095,0.1374339945768517,0.44696997893314944,0.059669573665652356,0.9713604367982249
48,6,132,132.0,542.0191237334095,0.09604681033252462,0.2899131139533304,0.11433823555784361,4.10620548282886
48,0,527,527.0,542.0191237334095,0.13757670900528043,0.41061064746166287,0.05810039938180508,1.02849928602165
49,0,403,403.0,403.0605109176538,0.13757670900528043,0.4088527039736997,0.05625705527459791,1.0001501511604314
49,5,700,700.0,403.0605109176538,0.15812758669901528,0.4025306639568852,0.03665040883657748,0.5758007298823625
49,4,70,70.0,403.0605109176538,0.1584130155558727,0.358928040782874,0.3273938075102156,5.7580072988236255
49,6,440,440.0,403.0605109176538,0.09604681033252462,0.08387969498537436,0.00738001702782671,0.9160466157219405
49,3,175,175.0,403.0605109176538,0.15612958470101326,0.3569782548854067,0.12836870766283615,2.30320291952945
49,1,341,341.0,403.0605109176538,0.1374339945768517,0.416722223536181,0.06769501727976765,1.1819956331896007
49,2,700,700.0,403.0605109176538,0.156272299129442,0.35540346836399267,0.03197980965505175,0.5758007298823625
50,6,440,440.0,470.6203796203796,0.09604681033252462,0.24948535589227203,0.025629849670306785,1.0695917718644992
50,0,93,93.0,470.6203796203796,0.13757670900528043,0.3924046717918925,0.2731913013588324,5.060434189466447
50,2,700,700.0,470.6203796203796,0.156272299129442,0.4721725633720194,0.04960842503769943,0.6723148280291137
50,5,315,315.0,470.6203796203796,0.15812758669901528,0.32827649857181296,0.07755460879219361,1.4940329511758081
50,3,700,700.0,470.6203796203796,0.15612958470101326,0.483936638791733,0.05079797477185084,0.6723148280291137
50,1,465,465.0,470.6203796203796,0.1374339945768517,0.4280458224511392,0.0595390923119794,1.0120868378932895
50,4,525,525.0,470.6203796203796,0.1584130155558727,0.29789163119218265,0.04230196974147295,0.896419770705485
51,1,620,620.0,482.9717425431711,0.1374339945768517,0.50798224029516,0.0543841983520196,0.7789866815212437
51,2,525,525.0,482.9717425431711,0.156272299129442,0.4125518482310566,0.059309321727895895,0.9199461762727069
51,0,620,620.0,482.9717425431711,0.13757670900528043,0.1699718065963346,0.018215950581423425,0.7789866815212437
51,4,280,280.0,482.9717425431711,0.1584130155558727,0.39078630852926166,0.10678097732652744,1.7248990805113253
51,3,700,700.0,482.9717425431711,0.15612958470101326,0.5748133250089126,0.06192067952026504,0.6899596322045302
51,5,245,245.0,482.9717425431711,0.15812758669901528,0.4004360151417652,0.1248235159890539,1.9713132348700861
51,6,396,396.0,482.9717425431711,0.09604681033252462,0.13692428868055964,0.0160394686223803,1.2196256124827554
52,6,440,440.0,392.2979877265592,0.09604681033252462,0.14424309249326492,0.012352116398836044,0.89158633574218
52,3,105,105.0,392.2979877265592,0.15612958470101326,0.38224236520539306,0.2229722444890407,3.7361713116815163
52,1,434,434.0,392.2979877265592,0.1374339945768517,0.48460816352748004,0.06020204532608572,0.9039124141164958
52,0,310,310.0,392.2979877265592,0.13757670900528043,0.33855973091495506,0.058943321342854224,1.2654773797630943
52,5,70,70.0,392.2979877265592,0.15812758669901528,0.32401563945695805,0.28713865145629075,5.604256967522274
52,4,700,700.0,392.2979877265592,0.1584130155558727,0.34133491226368273,0.030303278178203313,0.5604256967522274
52,2,700,700.0,392.2979877265592,0.156272299129442,0.4616411243292189,0.040430073623960915,0.5604256967522274
53,2,700,700.0,513.749678892536,0.156272299129442,0.3661135497611778,0.041990527207011914,0.7339281127036229
53,4,490,490.0,513.749678892536,0.1584130155558727,0.39225030635439706,0.06514928235552439,1.048468732433747
53,1,620,620.0,513.749678892536,0.1374339945768517,0.379005627095571,0.04316181526025075,0.8286285143428
53,6,264,264.0,513.749678892536,0.09604681033252462,0.1352220963454976,0.025274248301537343,1.946021510956576
53,3,700,700.0,513.749678892536,0.15612958470101326,0.3261052732363399,0.03736771564657865,0.7339281127036229
53,5,595,595.0,513.749678892536,0.15812758669901528,0.29369512778893264,0.0400995023161722,0.8634448384748505
53,0,93,93.0,513.749678892536,0.13757670900528043,0.30346046647842856,0.23062992213672118,5.524190095618668
54,2,700,700.0,447.5347509633224,0.156272299129442,0.44949343251246343,0.044909071512187836,0.639335358519032
54,1,62,62.0,447.5347509633224,0.1374339945768517,0.3015386644894431,0.2991384582392865,7.218302434892297
54,0,341,341.0,447.5347509633224,0.13757670900528043,0.11026245393034256,0.019908794090429522,1.312418624525872
54,5,700,700.0,447.5347509633224,0.15812758669901528,0.42052646719962083,0.042513778101695904,0.639335358519032
54,3,175,175.0,447.5347509633224,0.15612958470101326,0.3728748980531621,0.14888024241629516,2.557341434076128
54,4,700,700.0,447.5347509633224,0.1584130155558727,0.42539201760881795,0.04308329605806557,0.639335358519032
54,6,352,352.0,447.5347509633224,0.09604681033252462,0.10460687765294045,0.012774011016684694,1.2714055425094386
55,4,700,700.0,531.9823034108748,0.1584130155558727,0.4402519986806524,0.05300188837625764,0.7599747191583925
55,2,490,490.0,531.9823034108748,0.156272299129442,0.42157209882587743,0.07152452251099518,1.0856781702262752
55,0,620,620.0,531.9823034108748,0.13757670900528043,0.3213589617992097,0.037935064615974526,0.8580359732433465
55,5,700,700.0,531.9823034108748,0.15812758669901528,0.42104487600385426,0.05059821253384803,0.7599747191583925
55,6,154,154.0,531.9823034108748,0.09604681033252462,0.1514048150082857,0.05023415466218597,3.454430541629057
55,3,420,420.0,531.9823034108748,0.15612958470101326,0.3972193779742887,0.07855313582393508,1.2666245319306544
55,1,496,496.0,531.9823034108748,0.1374339945768517,0.21918205006121683,0.03230834139913718,1.072544966554183
56,0,155,155.0,453.4872270586556,0.13757670900528043,0.3504102833245219,0.141044163725527,2.9257240455397135
56,1,620,620.0,453.4872270586556,0.1374339945768517,0.3403172952972064,0.0342098807509421,0.7314310113849284
56,4,700,700.0,453.4872270586556,0.1584130155558727,0.5441564423965581,0.055844660589381076,0.6478388957980794
56,3,350,350.0,453.4872270586556,0.15612958470101326,0.313792722560213,0.06347827064273222,1.2956777915961588
56,5,700,700.0,453.4872270586556,0.15812758669901528,0.4050957379868644,0.041498493985104835,0.6478388957980794
56,6,110,110.0,453.4872270586556,0.09604681033252462,0.09031641860428223,0.035762018917806525,4.122611155078688
56,2,385,385.0,453.4872270586556,0.156272299129442,0.4598511178662504,0.08464544216065302,1.1778889014510536
57,4,595,595.0,356.30369630369626,0.1584130155558727,0.36470767492001915,0.03459705452655531,0.5988297416868844
57,2,210,210.0,356.30369630369626,0.156272299129442,0.33944529177230715,0.0900021375262417,1.6966842681128393
57,6,440,440.0,356.30369630369626,0.09604681033252462,0.16286487133704539,0.012667123900805174,0.809781127962946
57,5,35,35.0,356.30369630369626,0.15812758669901528,0.4414272138977311,0.7105898996536963,10.180105608677035
57,3,70,70.0,356.30369630369626,0.15612958470101326,0.32374627886761326,0.25728370289436486,5.090052804338518
57,0,620,620.0,356.30369630369626,0.13757670900528043,0.18540049009529608,0.014658327902613946,0.574683381134994
57,1,620,620.0,356.30369630369626,0.1374339945768517,0.3500753688277342,0.02764931414805655,0.574683381134994
58,3,525,525.0,553.7301270158413,0.15612958470101326,0.6190298281492375,0.10193788772104977,1.0547240514587453
58,5,700,700.0,553.7301270158413,0.15812758669901528,0.4917147399489197,0.06150649555984509,0.791043038594059
58,2,525,525.0,553.7301270158413,0.156272299129442,0.6651680282900361,0.10963575651210031,1.0547240514587453
58,1,620,620.0,553.7301270158413,0.1374339945768517,0.7329938512669332,0.08997067208469096,0.8931131080900666
58,6,264,264.0,553.7301270158413,0.09604681033252462,0.20906654638823816,0.04211741595941665,2.0974626023327323
58,0,620,620.0,553.7301270158413,0.13757670900528043,0.6125050399958323,0.07525945110772284,0.8931131080900666
58,4,525,525.0,553.7301270158413,0.1584130155558727,0.5518358724055757,0.09220185092951433,1.0547240514587453
59,6,418,418.0,518.5862708719852,0.09604681033252462,0.08701764457074188,0.010368955327672083,1.240637011655467
59,2,700,700.0,518.5862708719852,0.156272299129442,0.38688291498100713,0.04479035742171538,0.7408375298171217
59,4,490,490.0,518.5862708719852,0.1584130155558727,0.36675697756690856,0.0614885400247277,1.0583393283101739
59,5,350,350.0,518.5862708719852,0.15812758669901528,0.35453622172527055,0.08306560368684986,1.4816750596342434
59,0,620,620.0,518.5862708719852,0.13757670900528043,0.47739663796758564,0.05493556533117984,0.8364294691483632
59,1,620,620.0,518.5862708719852,0.1374339945768517,0.5125205208537968,0.05891620355352143,0.8364294691483632
59,3,420,420.0,518.5862708719852,0.15612958470101326,0.4145552419008283,0.07991703083404895,1.2347292163618695
60,4,105,105.0,428.8208933923219,0.1584130155558727,0.32383307565333386,0.20950708010482993,4.084008508498304
60,6,396,396.0,428.8208933923219,0.09604681033252462,0.1234142765202464,0.012835982009277285,1.082881043920005
60,3,175,175.0,428.8208933923219,0.15612958470101326,0.35056990093663415,0.13412128911008922,2.4504051050989824
60,5,700,700.0,428.8208933923219,0.15812758669901528,0.34318709116253576,0.03324424573316442,0.6126012762747456
60,2,420,420.0,428.8208933923219,0.156272299129442,0.42445163202919095,0.06772310417922298,1.021002127124576
60,1,620,620.0,428.8208933923219,0.1374339945768517,0.3892282254451971,0.03699838298573949,0.6916466022456805
60,0,620,620.0,428.8208933923219,0.13757670900528043,0.40855959333785585,0.03887626884305877,0.6916466022456805
61,0,558,558.0,466.4993577850721,0.13757670900528043,0.38056774022809947,0.04377173276783638,0.8360203544535343
61,2,315,315.0,466.4993577850721,0.156272299129442,0.36719006987883396,0.08497935411661686,1.480950342174832
61,5,35,35.0,466.4993577850721,0.15812758669901528,0.26066655464451344,0.5493839410148461,13.328553079573489
61,6,308,308.0,466.4993577850721,0.09604681033252462,0.15026502466834482,0.02185954849468454,1.5146083044969874
61,4,700,700.0,466.4993577850721,0.1584130155558727,0.3046075103534225,0.03215766291495917,0.6664276539786744
61,1,620,620.0,466.4993577850721,0.1374339945768517,0.4020920532156377,0.04157947680557683,0.7524183190081808
61,3,700,700.0,466.4993577850721,0.15612958470101326,0.3284016059219458,0.03416988261828832,0.6664276539786744
62,1,310,310.0,509.994005994006,0.1374339945768517,0.42483683831366437,0.09605494235994105,1.6451419548193742
62,2,700,700.0,509.994005994006,0.156272299129442,0.5678752358042725,0.06465497731285241,0.7285628657057228
62,4,700,700.0,509.994005994006,0.1584130155558727,0.45861526405113534,0.05293054897205151,0.7285628657057228
62,3,560,560.0,509.994005994006,0.15612958470101326,0.6015783552066989,0.0855370860487771,0.9107035821321535
62,0,310,310.0,509.994005994006,0.13757670900528043,0.4572330100204281,0.10348701761496892,1.6451419548193742
62,6,66,66.0,509.994005994006,0.09604681033252462,0.09032661339383292,0.06703780881602138,7.727181909000091
62,5,700,700.0,509.994005994006,0.15812758669901528,0.30664196310764075,0.03532695956973927,0.7285628657057228
63,1,217,217.0,459.94377051519905,0.1374339945768517,0.3890542988037547,0.11333117599007235,2.119556546152991
63,2,385,385.0,459.94377051519905,0.156272299129442,0.6094750249337644,0.11378419128113229,1.1946591441953223
63,5,700,700.0,459.94377051519905,0.15812758669901528,0.33271976709499257,0.03456948800107884,0.6570625293074273
63,0,620,620.0,459.94377051519905,0.13757670900528043,0.3015933438379389,0.030780787060159326,0.7418447911535468
63,4,245,245.0,459.94377051519905,0.1584130155558727,0.35504367974814066,0.10558720750075301,1.877321512306935
63,6,440,440.0,459.94377051519905,0.09604681033252462,0.07465804042221776,0.007495689671124579,1.045326751170907
63,3,595,595.0,459.94377051519905,0.15612958470101326,0.4249050029560771,0.05128198467376717,0.773014740361679
64,6,22,22.0,453.5327529613244,0.09604681033252462,0.1544395017377652,0.3057928410412115,20.615125134605652
64,4,420,420.0,453.5327529613244,0.1584130155558727,0.4211969112704812,0.07205023552131946,1.0798398880031532
64,1,186,186.0,453.5327529613244,0.1374339945768517,0.29049868810474183,0.09734957436352297,2.4383481342006688
64,2,700,700.0,453.5327529613244,0.156272299129442,0.3816641655077689,0.03864328195476367,0.647903932801892
64,0,620,620.0,453.5327529613244,0.13757670900528043,0.4267936828791735,0.0429516513534293,0.7315044402602006
64,5,350,350.0,453.5327529613244,0.15812758669901528,0.293085769540365,0.060054144823372735,1.295807865603784
64,3,700,700.0,453.5327529613244,0.15612958470101326,0.3643993193185316,0.03686153172454818,0.647903932801892
65,6,440,440.0,389.32710146995856,0.09604681033252462,0.00041795420514454415,3.5520053059245696e-05,0.8848343215226331
65,0,620,620.0,389.32710146995856,0.13757670900528043,0.3895753370193239,0.03365575351891027,0.6279469378547718
65,2,700,700.0,389.32710146995856,0.156272299129442,0.4296958882506659,0.037347350380513185,0.5561815735285123
65,4,210,210.0,389.32710146995856,0.1584130155558727,0.3571525590135083,0.1048914210602128,1.8539385784283742
65,5,280,280.0,389.32710146995856,0.15812758669901528,0.3671042638858739,0.0807148932738245,1.3904539338212807
65,1,465,465.0,389.32710146995856,0.1374339945768517,0.4028585750703142,0.04635626805301265,0.8372625838063625
65,3,70,70.0,389.32710146995856,0.15612958470101326,0.39725636280086535,0.3449631166529726,5.561815735285123
66,3,385,385.0,448.35279006707583,0.15612958470101326,0.30627683841037323,0.05568760074338643,1.1645527014729242
66,4,700,700.0,448.35279006707583,0.1584130155558727,0.4572561320504465,0.04639511294091778,0.6405039858101084
66,2,700,700.0,448.35279006707583,0.156272299129442,0.368867439552219,0.036921059864321135,0.6405039858101084
66,5,175,175.0,448.35279006707583,0.15812758669901528,0.3627484086774645,0.1469585935078879,2.5620159432404335
66,6,440,440.0,448.35279006707583,0.09604681033252462,0.4187304051687303,0.04098119746596019,1.0189836137888086
66,1,434,434.0,448.35279006707583,0.1374339945768517,0.4501802162001789,0.06391616691261164,1.0330709448550135
66,0,279,279.0,448.35279006707583,0.13757670900528043,0.42421433769314,0.09378771016136637,1.6069992475522432
67,3,700,700.0,455.86770372484654,0.15612958470101326,0.3504142024941263,0.035629332814301286,0.6512395767497807
67,2,385,385.0,455.86770372484654,0.156272299129442,0.3555293491730747,0.06578631427039715,1.1840719577268741
67,4,245,245.0,455.86770372484654,0.1584130155558727,0.5387431412513853,0.15879811998890642,1.8606845049993737
67,6,440,440.0,455.86770372484654,0.09604681033252462,0.08920971792032878,0.008877307462285603,1.0360629630110147
67,1,620,620.0,455.86770372484654,0.1374339945768517,0.31305698152977146,0.03163477129200829,0.7352704898787847
67,5,490,490.0,455.86770372484654,0.15812758669901528,0.36636598294376016,0.053897116486765366,0.9303422524996868
67,0,310,310.0,455.86770372484654,0.13757670900528043,0.23029712878087774,0.04659191611797442,1.4705409797575695
68,2,140,140.0,316.8677037248466,0.156272299129442,0.33740212584455276,0.1193382753459076,2.263340740891761
68,3,140,140.0,316.8677037248466,0.15612958470101326,0.39231592369968027,0.138634423729216,2.263340740891761
68,5,700,700.0,316.8677037248466,0.15812758669901528,0.3260481848039366,0.02333830795769647,0.45266814817835227
68,0,93,93.0,316.8677037248466,0.13757670900528043,0.22020430525196494,0.10322045049193011,3.407179609944587
68,1,620,620.0,316.8677037248466,0.1374339945768517,0.33116829050574254,0.023261044010356727,0.511076941491688
68,4,140,140.0,316.8677037248466,0.1584130155558727,0.30996200345104014,0.11113459253581859,2.263340740891761
68,6,440,440.0,316.8677037248466,0.09604681033252462,0.11896287611234645,0.008228481598348348,0.720153872101924
69,1,434,434.0,345.7414014556872,0.1374339945768517,0.27055955907461104,0.029622295548367473,0.7966391738610304
69,2,700,700.0,345.7414014556872,0.156272299129442,0.28827210346995524,0.022250407379240743,0.49391628779383884
69,0,62,62.0,345.7414014556872,0.13757670900528043,0.29823218532646323,0.22880163619850413,5.576474217027213
69,5,35,35.0,345.7414014556872,0.15812758669901528,0.4838999988196442,0.7558691277783057,9.878325755876777
69,3,700,700.0,345.7414014556872,0.15612958470101326,0.22316150270048835,0.017209086982388756,0.49391628779383884
69,6,440,440.0,345.7414014556872,0.09604681033252462,0.1435137830476898,0.010831167472282547,0.7857759123992891
69,4,70,70.0,345.7414014556872,0.1584130155558727,0.38902764692702113,0.304386001503492,4.939162877938388
70,6,198,198.0,488.62594548308834,0.09604681033252462,0.21554749980333465,0.05109016084750047,2.467807805470143
70,0,310,310.0,488.62594548308834,0.13757670900528043,0.6564100269863233,0.14234261919581984,1.576212727364801
70,1,341,341.0,488.62594548308834,0.1374339945768517,0.6477124607699895,0.1275553170515082,1.4329206612407284
70,3,700,700.0,488.62594548308834,0.15612958470101326,1.0182244239863132,0.11097041200460929,0.6980370649758405
70,2,315,315.0,488.62594548308834,0.156272299129442,0.9213996961843912,0.22335518381796965,1.5511934777240899
70,4,700,700.0,488.62594548308834,0.1584130155558727,0.6227414658459611,0.0688616032273773,0.6980370649758405
70,5,700,700.0,488.62594548308834,0.15812758669901528,0.6020441350370932,0.06645297931725273,0.6980370649758405
71,5,700,700.0,467.7172827172827,0.15812758669901528,0.39082873557732106,0.0412932921093107,0.6681675467389753
71,2,700,700.0,467.7172827172827,0.156272299129442,0.4907375082746236,0.05124088630103252,0.6681675467389753
71,0,620,620.0,467.7172827172827,0.13757670900528043,0.3215873463513849,0.03337610068254996,0.7543827140601335
71,3,140,140.0,467.7172827172827,0.15612958470101326,0.42809010831640065,0.22329334501066708,3.3408377336948765
71,4,350,350.0,467.7172827172827,0.1584130155558727,0.4326731196556032,0.09159381531588517,1.3363350934779505
71,6,220,220.0,467.7172827172827,0.09604681033252462,0.08456936793257962,0.017268585632014916,2.1259876487149216
71,1,465,465.0,467.7172827172827,0.1374339945768517,0.38396247177935516,0.05307786108186972,1.0058436187468445
72,3,420,420.0,524.9745968317397,0.15612958470101326,0.4094048114783398,0.07989638785582326,1.249939516266047
72,4,700,700.0,524.9745968317397,0.1584130155558727,0.3667887656790598,0.04357597722014746,0.7499637097596282
72,2,595,595.0,524.9745968317397,0.156272299129442,0.37479078398689103,0.05167639721338635,0.8823102467760332
72,1,620,620.0,524.9745968317397,0.1374339945768517,0.3693379635186262,0.04297983254041148,0.8467332206963545
72,6,88,88.0,524.9745968317397,0.09604681033252462,0.1376980835493262,0.0788980844445824,5.965620418542497
72,0,372,372.0,524.9745968317397,0.13757670900528043,0.3080966064998126,0.05981735149577668,1.4112220344939241
72,5,700,700.0,524.9745968317397,0.15812758669901528,0.3911337297364821,0.04638453005359547,0.7499637097596282
73,4,350,350.0,457.7548166119594,0.1584130155558727,0.4127720927721394,0.08551967996439656,1.3078709046055983
73,6,440,440.0,457.7548166119594,0.09604681033252462,0.07986269397581484,0.007980078232799451,1.0403518559362714
73,0,527,527.0,457.7548166119594,0.13757670900528043,0.3072714205975082,0.03671887715575916,0.8686049651080824
73,1,620,620.0,457.7548166119594,0.1374339945768517,0.3951153222735567,0.040092143349290024,0.73831422034187
73,3,700,700.0,457.7548166119594,0.15612958470101326,0.48301586614453107,0.04931527780689846,0.6539354523027991
73,5,35,35.0,457.7548166119594,0.15812758669901528,0.4697132758431084,0.971416232761897,13.078709046055984
73,2,560,560.0,457.7548166119594,0.156272299129442,0.4125273352476585,0.05269624005831283,0.817419315378499
74,4,630,630.0,565.2447552447552,0.1584130155558727,0.6472042997894272,0.0919873795118462,0.8972138972138971
74,0,620,620.0,565.2447552447552,0.13757670900528043,0.8072513290217126,0.10125081715926966,0.9116850891044439
74,1,620,620.0,565.2447552447552,0.1374339945768517,0.9897578031422117,0.12401321193155322,0.9116850891044439
74,2,350,350.0,565.2447552447552,0.156272299129442,0.7783687420871014,0.1964426959884013,1.614985014985015
74,5,630,630.0,565.2447552447552,0.15812758669901528,0.5501003450888178,0.07804508396164399,0.8972138972138971
74,3,630,630.0,565.2447552447552,0.15612958470101326,0.8613140401332566,0.12065427740549005,0.8972138972138971
74,6,440,440.0,565.2447552447552,0.09604681033252462,0.1870816503990737,0.023083305751968822,1.2846471710108072
75,5,280,280.0,417.4329955758527,0.15812758669901528,0.2837251318760395,0.06688584106956272,1.490832127056617
75,0,620,620.0,417.4329955758527,0.13757670900528043,0.3867748065283632,0.03582598823359105,0.6732790251223431
75,2,700,700.0,417.4329955758527,0.156272299129442,0.40249818439551194,0.037508928825161825,0.5963328508226468
75,1,31,31.0,417.4329955758527,0.1374339945768517,0.3646202983063906,0.6747767221953858,13.465580502446862
75,6,440,440.0,417.4329955758527,0.09604681033252462,0.08227504666661131,0.007496959798535427,0.9487113535814834
75,3,490,490.0,417.4329955758527,0.15612958470101326,0.4554482891864737,0.060578006014800824,0.8519040726037811
75,4,350,350.0,417.4329955758527,0.1584130155558727,0.45862237123902466,0.08664925376398769,1.1926657016452935
76,6,286,286.0,441.6981589838732,0.09604681033252462,0.2477337150677838,0.03674748473616973,1.54439915728627
76,5,700,700.0,441.6981589838732,0.15812758669901528,0.6095974901445717,0.06082447404489311,0.6309973699769618
76,4,105,105.0,441.6981589838732,0.1584130155558727,0.5525151734404996,0.3681894673495888,4.206649133179745
76,3,700,700.0,441.6981589838732,0.15612958470101326,0.7105707342297949,0.07000355092662616,0.6309973699769618
76,1,93,93.0,441.6981589838732,0.1374339945768517,0.29832580665126157,0.194727654942534,4.749442569719067
76,2,700,700.0,441.6981589838732,0.156272299129442,0.6953523889742788,0.06856689794087542,0.6309973699769618
76,0,403,403.0,441.6981589838732,0.13757670900528043,0.4390900042744109,0.0662093020916142,1.0960252083967077
77,1,620,620.0,527.0580847723705,0.1374339945768517,0.49196133067698367,0.05747671348230497,0.8500936851167267
77,2,700,700.0,527.0580847723705,0.156272299129442,0.47032471216591976,0.05534013823049161,0.7529401211033865
77,6,198,198.0,527.0580847723705,0.09604681033252462,0.1280936241991884,0.03274943029758832,2.6619095190523763
77,5,490,490.0,527.0580847723705,0.15812758669901528,0.3381096787746961,0.05750791809639223,1.0756287444334092
77,4,315,315.0,527.0580847723705,0.1584130155558727,0.33302102188050436,0.0882694531768534,1.6732002691186365
77,3,700,700.0,527.0580847723705,0.15612958470101326,0.5296570247483056,0.06226448218165118,0.7529401211033865
77,0,558,558.0,527.0580847723705,0.13757670900528043,0.49054034451831346,0.0637446775763731,0.9445485390185852
78,1,527,527.0,453.68146139574714,0.1374339945768517,0.3364921010670946,0.03981158438154847,0.8608756383221008
78,0,620,620.0,453.68146139574714,0.13757670900528043,0.45300286066036444,0.04560423812283974,0.7317442925737857
78,3,700,700.0,453.68146139574714,0.15612958470101326,0.3830538279299873,0.03876127056018916,0.648116373422496
78,6,330,330.0,453.68146139574714,0.09604681033252462,0.11675252676281293,0.015416519210818429,1.3747923072598398
78,2,105,105.0,453.68146139574714,0.156272299129442,0.3998911826563655,0.2700135533592405,4.320775822816639
78,4,700,700.0,453.68146139574714,0.1584130155558727,0.21704685654577147,0.022284215769257872,0.648116373422496
78,5,175,175.0,453.68146139574714,0.15812758669901528,0.2954621996358457,0.12112186633769143,2.592465493689984
79,6,330,330.0,439.3469387755102,0.09604681033252462,0.1738538122215859,0.022231093733351557,1.3313543599257884
79,1,620,620.0,439.3469387755102,0.1374339945768517,0.3226805168489547,0.03142554576315952,0.70862409479921
79,4,140,140.0,439.3469387755102,0.1584130155558727,0.32882489586830793,0.16346889299082332,3.1381924198250726
79,2,350,350.0,439.3469387755102,0.156272299129442,0.16194094913771015,0.03176714917381746,1.255276967930029
79,5,700,700.0,439.3469387755102,0.15812758669901528,0.35415138941751767,0.03514844835052243,0.6276384839650145
79,0,186,186.0,439.3469387755102,0.13757670900528043,0.300197133288424,0.0975542327442393,2.3620803159973667
79,3,700,700.0,439.3469387755102,0.15612958470101326,0.3907285171983366,0.03828863451817194,0.6276384839650145
80,3,700,700.0,543.9140859140858,0.15612958470101326,0.47141300517246393,0.057189859555394365,0.7770201227344083
80,1,341,341.0,543.9140859140858,0.1374339945768517,0.22388951344251148,0.04907992034274449,1.595055970422539
80,0,589,589.0,543.9140859140858,0.13757670900528043,0.32635658115868466,0.041462196214686386,0.9234534565604173
80,2,315,315.0,543.9140859140858,0.156272299129442,0.4080583152939828,0.11010929605144583,1.7267113838542407
80,5,700,700.0,543.9140859140858,0.15812758669901528,0.25980722641392656,0.03192207660833773,0.7770201227344083
80,4,700,700.0,543.9140859140858,0.1584130155558727,0.31796785534472477,0.03913869536234703,0.7770201227344083
80,6,374,374.0,543.9140859140858,0.09604681033252462,0.08616650601059642,0.012035943310196091,1.4543157377381974
81,1,310,310.0,422.87997716569146,0.1374339945768517,0.32809299291402566,0.06151011703950123,1.3641289585990046
81,0,620,620.0,422.87997716569146,0.13757670900528043,0.2579820297595916,0.024208049830159388,0.6820644792995023
81,3,700,700.0,422.87997716569146,0.15612958470101326,0.42572907933864684,0.040154812506748475,0.6041142530938449
81,6,440,440.0,422.87997716569146,0.09604681033252462,0.11664822341258888,0.010767763823760402,0.9610908571947533
81,4,175,175.0,422.87997716569146,0.1584130155558727,0.39680346496666175,0.15189566892442233,2.4164570123753797
81,2,280,280.0,422.87997716569146,0.156272299129442,0.41089680327124983,0.09697814109836994,1.5102856327346124
81,5,455,455.0,422.87997716569146,0.15812758669901528,0.33477483747523074,0.04920012163500813,0.9294065432212999
82,4,350,350.0,428.97987726559154,0.1584130155558727,0.18741885788406062,0.03638924328900547,1.2256567921874044
82,6,440,440.0,428.97987726559154,0.09604681033252462,0.12958096560322216,0.01213412327375463,0.974954266512708
82,2,385,385.0,428.97987726559154,0.156272299129442,0.33247485483544015,0.057891792641946827,1.1142334474430948
82,3,700,700.0,428.97987726559154,0.15612958470101326,0.3083591293597173,0.029503999764379105,0.6128283960937022
82,0,31,31.0,428.97987726559154,0.13757670900528043,0.312371089076534,0.594690464563314,13.838060556954566
82,5,700,700.0,428.97987726559154,0.15812758669901528,0.32262107586688077,0.03126361966151475,0.6128283960937022
82,1,341,341.0,428.97987726559154,0.1374339945768517,0.3550056254134174,0.061377888823602025,1.2580055051776877
83,4,700,700.0,483.2363350934779,0.1584130155558727,0.6634093739424531,0.0725494303918483,0.6903376215621113
83,1,341,341.0,483.2363350934779,0.1374339945768517,0.3507905265282869,0.0683199010764327,1.417115352180287
83,2,700,700.0,483.2363350934779,0.156272299129442,0.5717277336063181,0.061678357979131695,0.6903376215621113
83,3,595,595.0,483.2363350934779,0.15612958470101326,0.5740828371374749,0.07279513973821303,0.812161907720131
83,0,186,186.0,483.2363350934779,0.13757670900528043,0.4259849865284625,0.15226000761285094,2.5980448123305266
83,6,440,440.0,483.2363350934779,0.09604681033252462,0.17212878144709842,0.018156968763909858,1.0982643979397226
83,5,350,350.0,483.2363350934779,0.15812758669901528,0.621067107461138,0.1355931373463856,1.3806752431242226
84,1,620,620.0,514.5611531325817,0.1374339945768517,0.44016258948807657,0.0502056511546366,0.8299373437622285
84,5,700,700.0,514.5611531325817,0.15812758669901528,0.42823730737973525,0.04977727277442495,0.7350873616179738
84,2,630,630.0,514.5611531325817,0.156272299129442,0.4633220199622534,0.05913728597604801,0.816763735131082
84,6,264,264.0,514.5611531325817,0.09604681033252462,0.12513005440411482,0.02342489480362292,1.9490952770173549
84,0,372,372.0,514.5611531325817,0.13757670900528043,0.17377681343636722,0.03306974162518734,1.3832289062703809
84,3,210,210.0,514.5611531325817,0.15612958470101326,0.4006827229182852,0.1532863638103246,2.450291205393246
84,4,700,700.0,514.5611531325817,0.1584130155558727,0.40725922399415126,0.04742428006152318,0.7350873616179738
85,4,665,665.0,474.74054516911656,0.1584130155558727,0.36756206458822216,0.04156772176651908,0.713895556645288
85,3,700,700.0,474.74054516911656,0.15612958470101326,0.23389118596396544,0.024766084175712834,0.6782007788130237
85,5,35,35.0,474.74054516911656,0.15812758669901528,0.3691932143725965,0.7918622379795526,13.564015576260473
85,0,248,248.0,474.74054516911656,0.13757670900528043,0.21571979504532623,0.05681193202641775,1.9142763918109538
85,1,620,620.0,474.74054516911656,0.1374339945768517,0.29174334669787827,0.030701512042971592,0.7657105567243816
85,2,595,595.0,474.74054516911656,0.156272299129442,0.27574250953137314,0.034381520876444256,0.7978832691917925
85,6,440,440.0,474.74054516911656,0.09604681033252462,0.13811365596811517,0.014312754296944188,1.0789557844752649
86,6,88,88.0,508.0031397174254,0.09604681033252462,0.1583646616920319,0.08780615265768708,5.7727629513343794
86,1,620,620.0,508.0031397174254,0.1374339945768517,0.572411440475253,0.06445805278584398,0.819359902770041
86,2,700,700.0,508.0031397174254,0.156272299129442,0.7662205251852853,0.08689687121011952,0.7257187710248935
86,0,496,496.0,508.0031397174254,0.13757670900528043,0.52814991019882,0.07441951693699954,1.0241998784625512
86,5,350,350.0,508.0031397174254,0.15812758669901528,0.3495254346018339,0.08022039191552237,1.451437542049787
86,3,700,700.0,508.0031397174254,0.15612958470101326,0.8019284259875338,0.09086343882728909,0.7257187710248935
86,4,455,455.0,508.0031397174254,0.1584130155558727,0.46855675976779293,0.08287204746858388,1.1164904169613745
87,1,620,620.0,432.26773226773224,0.1374339945768517,0.36186815972059877,0.03467413770961179,0.6972060197866649
87,4,35,35.0,432.26773226773224,0.1584130155558727,0.324694913856474,0.6352594297199992,12.35050663622092
87,2,490,490.0,432.26773226773224,0.156272299129442,0.5262743021189836,0.07255225300789395,0.8821790454443516
87,3,490,490.0,432.26773226773224,0.15612958470101326,0.4860469341129882,0.06694530896137903,0.8821790454443516
87,0,620,620.0,432.26773226773224,0.13757670900528043,0.28552577686365976,0.0273874354185811,0.6972060197866649
87,6,440,440.0,432.26773226773224,0.09604681033252462,0.037694024115268135,0.0035567684420414027,0.982426664244846
87,5,385,385.0,432.26773226773224,0.15812758669901528,0.28728903113425613,0.051005707471426194,1.1227733305655383
88,1,279,279.0,457.47067218495795,0.1374339945768517,0.5293244892991238,0.11928208198174353,1.639679828619921
88,3,315,315.0,457.47067218495795,0.15612958470101326,0.5344414289352577,0.1211819745034652,1.4522878482062158
88,5,245,245.0,457.47067218495795,0.15812758669901528,0.37683667270145277,0.11126484732111136,1.8672272334079916
88,6,440,440.0,457.47067218495795,0.09604681033252462,0.29552152045424473,0.029510912611002353,1.0397060731476317
88,0,620,620.0,457.47067218495795,0.13757670900528043,0.6252884968538314,0.06347415432551214,0.7378559228789644
88,4,595,595.0,457.47067218495795,0.1584130155558727,0.3068437274443652,0.0373726937977221,0.7688582725797612
88,2,700,700.0,457.47067218495795,0.156272299129442,0.5471056971564843,0.05587511836789019,0.653529531692797
89,4,700,700.0,558.0746396460681,0.1584130155558727,0.37051949864003686,0.04679464711019026,0.7972494852086688
89,3,700,700.0,558.0746396460681,0.15612958470101326,0.38015888166524037,0.04731998446402127,0.7972494852086688
89,6,66,66.0,558.0746396460681,0.09604681033252462,0.0827990828461712,0.06724450869687996,8.45567635827376
89,0,496,496.0,558.0746396460681,0.13757670900528043,0.2860889989860114,0.04428500372762407,1.1251504831573955
89,5,700,700.0,558.0746396460681,0.15812758669901528,0.33028593475131934,0.04163820221621035,0.7972494852086688
89,2,595,595.0,558.0746396460681,0.156272299129442,0.3410417740338521,0.04998790113542558,0.937940570833728
89,1,434,434.0,558.0746396460681,0.1374339945768517,0.31102540795540945,0.05496580540731929,1.2858862664655948
90,3,35,35.0,388.89068074782364,0.15612958470101326,0.3878087104423895,0.6727632432214352,11.111162307080676
90,1,620,620.0,388.89068074782364,0.1374339945768517,0.36240132694677013,0.031240630863803246,0.6272430334642317
90,5,700,700.0,388.89068074782364,0.15812758669901528,0.3362350573887257,0.029537935093065522,0.5555581153540338
90,4,315,315.0,388.89068074782364,0.1584130155558727,0.3864875173348873,0.07558633974903087,1.2345735896756307
90,0,620,620.0,388.89068074782364,0.13757670900528043,0.31218922042463365,0.026940066668068727,0.6272430334642317
90,2,105,105.0,388.89068074782364,0.156272299129442,0.38430646457526835,0.2224323389179388,3.7037207690268916
90,6,374,374.0,388.89068074782364,0.09604681033252462,0.06494814925869279,0.006486428878816695,1.0398146544059454
91,0,589,589.0,543.5914085914085,0.13757670900528043,0.5446319747634086,0.06915209478414903,0.9229056173029007
91,3,700,700.0,543.5914085914085,0.15612958470101326,0.4070334659304799,0.04935030790176312,0.7765591551305835
91,2,700,700.0,543.5914085914085,0.156272299129442,0.42973474920666926,0.05215032494401766,0.7765591551305835
91,5,700,700.0,543.5914085914085,0.15812758669901528,0.5949672349326782,0.07305925455187494,0.7765591551305835
91,6,330,330.0,543.5914085914085,0.09604681033252462,0.19456736574323705,0.030783045906527442,1.647246692701238
91,4,560,560.0,543.5914085914085,0.1584130155558727,0.5894962003908286,0.09064762472782432,0.9706989439132294
91,1,93,93.0,543.5914085914085,0.1374339945768517,0.504179662044372,0.4050131536127595,5.845068909585037
92,4,105,105.0,465.0137005851292,0.1584130155558727,0.37441312658477205,0.2626747799551808,4.4287019103345635
92,1,403,403.0,465.0137005851292,0.1374339945768517,0.1323284995759342,0.020984965536164506,1.1538801503353082
92,5,700,700.0,465.0137005851292,0.15812758669901528,0.400069297154295,0.04202527603643564,0.6643052865501845
92,3,700,700.0,465.0137005851292,0.15612958470101326,0.45303965914674166,0.046988235308028134,0.6643052865501845
92,2,700,700.0,465.0137005851292,0.156272299129442,0.47564525224996024,0.049377929623718904,0.6643052865501845
92,6,396,396.0,465.0137005851292,0.09604681033252462,0.12830006389550785,0.014470394859729866,1.1742770216796192
92,0,186,186.0,465.0137005851292,0.13757670900528043,0.21465864173026894,0.07383224902351204,2.5000736590598343
93,2,70,70.0,421.85814185814183,0.156272299129442,0.34569017414233666,0.32556479215054834,6.02654488368774
93,1,620,620.0,421.85814185814183,0.1374339945768517,0.35253783137251427,0.032966636856654866,0.6804163578357126
93,4,595,595.0,421.85814185814183,0.1584130155558727,0.14728085044713837,0.01654194658882954,0.7090052804338518
93,0,620,620.0,421.85814185814183,0.13757670900528043,0.2985212108719362,0.02794440435233549,0.6804163578357126
93,3,630,630.0,421.85814185814183,0.15612958470101326,0.389376174694704,0.040708065503056966,0.6696160981875268
93,6,440,440.0,421.85814185814183,0.09604681033252462,0.16884902408859553,0.015548742111646578,0.9587685042230496
93,5,35,35.0,421.85814185814183,0.15812758669901528,0.1585799411413522,0.3022416324528439,12.05308976737548
94,0,620,620.0,509.3440844869416,0.13757670900528043,0.38838137735536615,0.043895792186140106,0.8215227169144219
94,3,105,105.0,509.3440844869416,0.15612958470101326,0.34982484178784906,0.2649462753106974,4.850896042732777
94,5,595,595.0,509.3440844869416,0.15812758669901528,0.39656867319426065,0.05368096916889585,0.8560404781293136
94,1,620,620.0,509.3440844869416,0.1374339945768517,0.39628488465260714,0.04474260379802865,0.8215227169144219
94,2,630,630.0,509.3440844869416,0.156272299129442,0.35919441324956874,0.04538186003985158,0.8084826737887962
94,6,198,198.0,509.3440844869416,0.09604681033252462,0.13547343308884296,0.03347211536445977,2.57244487114617
94,4,700,700.0,509.3440844869416,0.1584130155558727,0.455269976076081,0.052477495314142635,0.7276344064099166
95,3,525,525.0,585.7022977022976,0.15612958470101326,0.187264739194671,0.03261811345098023,1.1156234241948526
95,2,700,700.0,585.7022977022976,0.156272299129442,0.329350593805888,0.043064493159532015,0.8367175681461395
95,4,700,700.0,585.7022977022976,0.1584130155558727,0.3560945711357317,0.047199250433239956,0.8367175681461395
95,5,595,595.0,585.7022977022976,0.15812758669901528,0.39037665940488636,0.06076471261562698,0.9843736095836935
95,6,374,374.0,585.7022977022976,0.09604681033252462,0.1465353765869421,0.022040972721161973,1.5660489243376943
95,1,620,620.0,585.7022977022976,0.1374339945768517,0.7647914668205013,0.09929387086711045,0.9446811253262866
95,0,496,496.0,585.7022977022976,0.13757670900528043,0.2328551461945505,0.037829099923195,1.1808514066578581
96,2,105,105.0,503.7346938775511,0.156272299129442,0.330804939141312,0.24800849164838717,4.797473275024296
96,3,630,630.0,503.7346938775511,0.15612958470101326,0.28351866812543647,0.03539388033948615,0.799578879170716
96,6,198,198.0,503.7346938775511,0.09604681033252462,0.18175853978770176,0.04441344330627753,2.544114615543187
96,4,700,700.0,503.7346938775511,0.1584130155558727,0.3655918727232784,0.04167649782876781,0.7196209912536444
96,5,560,560.0,503.7346938775511,0.15812758669901528,0.277384060796086,0.0394550847740026,0.8995262390670555
96,0,620,620.0,503.7346938775511,0.13757670900528043,0.3182942718725303,0.035578195162192267,0.8124753127057276
96,1,620,620.0,503.7346938775511,0.1374339945768517,0.24901654948920163,0.02780561814689313,0.8124753127057276
97,3,700,700.0,457.9212216355073,0.15612958470101326,0.25111526412731655,0.025647854863795644,0.6541731737650105
97,2,490,490.0,457.9212216355073,0.156272299129442,0.11819209743654682,0.017260967388925373,0.9345331053785864
97,4,70,70.0,457.9212216355073,0.1584130155558727,0.3612508164101561,0.37436257790326616,6.541731737650105
97,1,620,620.0,457.9212216355073,0.1374339945768517,0.4502444858702691,0.04570267850103883,0.7385826155411408
97,0,620,620.0,457.9212216355073,0.13757670900528043,0.3104077516327382,0.03154107969146384,0.7385826155411408
97,5,385,385.0,457.9212216355073,0.15812758669901528,0.3169128047956661,0.059604283429429514,1.1894057704818373
97,6,308,308.0,457.9212216355073,0.09604681033252462,0.1441791379968943,0.020588534079540807,1.4867572131022966
98,4,700,700.0,415.3336663336663,0.1584130155558727,0.13534838553621778,0.012721638102465063,0.5933338090480947
98,0,124,124.0,415.3336663336663,0.13757670900528043,0.3392628217453369,0.15633515082656146,3.3494650510779542
98,3,280,280.0,415.3336663336663,0.15612958470101326,0.4724016176849951,0.10940462581573526,1.4833345226202368
98,6,440,440.0,415.3336663336663,0.09604681033252462,0.22887609140866777,0.020750465047852516,0.9439401507583325
98,5,70,70.0,415.3336663336663,0.15812758669901528,0.11183856951629675,0.10492967850742214,5.933338090480947
98,2,700,700.0,415.3336663336663,0.156272299129442,0.49811317593261056,0.046185869826514604,0.5933338090480947
98,1,589,589.0,415.3336663336663,0.1374339945768517,0.3698468877744428,0.03584247402314918,0.705150537069043
99,1,62,62.0,373.7399743114029,0.1374339945768517,0.23921773317062311,0.19818254547381176,6.02806410179682
99,5,175,175.0,373.7399743114029,0.15812758669901528,0.3946624570361064,0.13327999290686401,2.1356569960651592
99,6,220,220.0,373.7399743114029,0.09604681033252462,0.10755487339318756,0.017549304547148502,1.6988180650518312
99,0,620,620.0,373.7399743114029,0.13757670900528043,0.1508677376215414,0.012511781634334087,0.6028064101796821
99,4,700,700.0,373.7399743114029,0.1584130155558727,0.33631241797148653,0.02844495664399453,0.5339142490162898
99,2,70,70.0,373.7399743114029,0.156272299129442,0.3654201645469089,0.3048919949176135,5.3391424901628985
99,3,700,700.0,373.7399743114029,0.15612958470101326,0.372348659239266,0.03103891347485813,0.5339142490162898
100,2,700,700.0,495.90652204937925,0.156272299129442,0.2172020272316962,0.02404626650648674,0.7084378886419703
100,4,455,455.0,495.90652204937925,0.1584130155558727,0.3365675984464977,0.05811009542103966,1.0899044440645698
100,6,330,330.0,495.90652204937925,0.09604681033252462,0.1441607701548185,0.02080730919060698,1.5027470365132705
100,3,700,700.0,495.90652204937925,0.15612958470101326,0.31861544837371236,0.035241453625637034,0.7084378886419703
100,5,315,315.0,495.90652204937925,0.15812758669901528,0.30256031356218044,0.07531975016010743,1.5743064192043785
100,1,279,279.0,495.90652204937925,0.1374339945768517,0.28673959443019426,0.07004505055233619,1.7774427313597823
100,0,620,620.0,495.90652204937925,0.13757670900528043,0.6029460819545243,0.0663485634834969,0.799849229111902
101,5,210,210.0,391.9275010703582,0.15812758669901528,0.3130786816755023,0.09239481134172615,1.8663214336683722
101,0,279,279.0,391.9275010703582,0.13757670900528043,0.17395363742872968,0.03361862648382732,1.4047580683525382
101,2,70,70.0,391.9275010703582,0.156272299129442,0.2794066294396075,0.24447046943737658,5.598964301005116
101,4,700,700.0,391.9275010703582,0.1584130155558727,0.2664507648372864,0.023632819117060347,0.5598964301005117
101,3,455,455.0,391.9275010703582,0.15612958470101326,0.3477233468539788,0.04676418795695784,0.8613791232315564
101,6,440,440.0,391.9275010703582,0.09604681033252462,0.122327183876693,0.010465476011200766,0.8907443206144504
101,1,620,620.0,391.9275010703582,0.1374339945768517,0.21036386590192274,0.018275924780320647,0.6321411307586422
102,3,70,70.0,401.40231197374055,0.15612958470101326,0.20218861139567365,0.1810188175487126,5.7343187424820075
102,4,350,350.0,401.40231197374055,0.1584130155558727,0.3071488209843757,0.05580222798347857,1.1468637484964015
102,5,700,700.0,401.40231197374055,0.15812758669901528,0.31942631814456435,0.028964108660768702,0.5734318742482007
102,6,220,220.0,401.40231197374055,0.09604681033252462,0.18359111033457678,0.032173016662780246,1.8245559635170026
102,1,62,62.0,401.40231197374055,0.1374339945768517,0.3458964918168811,0.30777157499804964,6.474230838286138
102,2,700,700.0,401.40231197374055,0.156272299129442,0.12464135015104938,0.011169300515685321,0.5734318742482007
102,0,620,620.0,401.40231197374055,0.13757670900528043,0.3554632063855095,0.03166122765750648,0.6474230838286138
103,0,434,434.0,535.9409162266305,0.13757670900528043,0.21142494321043845,0.035919337994915077,1.2348869037479966
103,2,420,420.0,535.9409162266305,0.156272299129442,0.47348104584055817,0.09441744063707942,1.2760498005395964
103,3,700,700.0,535.9409162266305,0.15612958470101326,0.42349534418364676,0.050623564223688244,0.7656298803237579
103,1,434,434.0,535.9409162266305,0.1374339945768517,0.13450969620824552,0.022828372280650867,1.2348869037479966
103,4,560,560.0,535.9409162266305,0.1584130155558727,0.40224205418051384,0.060982780566181026,0.9570373504046974
103,6,440,440.0,535.9409162266305,0.09604681033252462,0.11107008610147164,0.012994042806942859,1.2180475368787058
103,5,700,700.0,535.9409162266305,0.15812758669901528,0.3830919074984703,0.0463798666063205,0.7656298803237579
104,3,245,245.0,480.48066219494785,0.15612958470101326,0.24749282290247657,0.0757805307740229,1.961145559979379
104,5,700,700.0,480.48066219494785,0.15812758669901528,0.3134706238890186,0.034023764566638234,0.6864009459927827
104,1,589,589.0,480.48066219494785,0.1374339945768517,0.3004601039216376,0.03368539166792468,0.8157566420966856
104,4,700,700.0,480.48066219494785,0.1584130155558727,0.32838141634743095,0.03570650199205542,0.6864009459927827
104,0,589,589.0,480.48066219494785,0.13757670900528043,0.18168163047303687,0.020389968448743166,0.8157566420966856
104,6,440,440.0,480.48066219494785,0.09604681033252462,0.10814035240351169,0.011342112852536262,1.092001504988518
104,2,105,105.0,480.48066219494785,0.156272299129442,0.3150942659483586,0.2253248631702783,4.576006306618551
105,2,35,35.0,410.95604395604397,0.156272299129442,0.021850967457557994,0.04009405664357058,11.741601255886971
105,4,700,700.0,410.95604395604397,0.1584130155558727,0.384279798402739,0.035738452843775706,0.5870800627943485
105,0,465,465.0,410.95604395604397,0.13757670900528043,0.3185989790607512,0.03873751124626038,0.8837764386151483
105,1,620,620.0,410.95604395604397,0.1374339945768517,0.33215554310645523,0.03025793994901305,0.6628323289613612
105,5,175,175.0,410.95604395604397,0.15812758669901528,0.5108232271938328,0.1896861416217645,2.348320251177394
105,6,88,88.0,410.95604395604397,0.09604681033252462,0.18873957362911795,0.08465616998529635,4.669955044955045
105,3,700,700.0,410.95604395604397,0.15612958470101326,0.1459006467048085,0.01337333591367766,0.5870800627943485
106,0,620,620.0,464.72613101184527,0.13757670900528043,0.3267345011086717,0.03369343706704793,0.7495582758255569
106,3,210,210.0,464.72613101184527,0.15612958470101326,0.27026839446036355,0.09338094498007345,2.2129815762468823
106,2,175,175.0,464.72613101184527,0.156272299129442,0.25546994944427875,0.10601830782161459,2.6555778914962587
106,4,700,700.0,464.72613101184527,0.1584130155558727,0.3673482959889406,0.03863384596727667,0.6638944728740647
106,5,700,700.0,464.72613101184527,0.15812758669901528,0.286176139450211,0.030042779938971222,0.6638944728740647
106,1,465,465.0,464.72613101184527,0.1374339945768517,0.28196779422113366,0.03872913673160428,0.9994110344340759
106,6,352,352.0,464.72613101184527,0.09604681033252462,0.051564841024145554,0.0065386946904592335,1.3202446903745604
107,2,700,700.0,483.01555587269877,0.156272299129442,0.13332307565086524,0.0143764084585406,0.6900222226752839
107,5,630,630.0,483.01555587269877,0.15812758669901528,0.3285225803084661,0.03982845285164387,0.7666913585280933
107,4,175,175.0,483.01555587269877,0.1584130155558727,0.28163250677821156,0.12313930870171658,2.7600888907011356
107,0,620,620.0,483.01555587269877,0.13757670900528043,0.2868731190425231,0.03074710280805044,0.7790573481817722
107,6,220,220.0,483.01555587269877,0.09604681033252462,0.14881684052494717,0.03138148302537082,2.1955252539668124
107,3,350,350.0,483.01555587269877,0.15612958470101326,0.11886161357767797,0.025610608631954968,1.3800444453505678
107,1,620,620.0,483.01555587269877,0.1374339945768517,0.4217897662894308,0.04516059303460457,0.7790573481817722
108,3,210,210.0,484.0378193235336,0.15612958470101326,0.2972446758203436,0.10696933350352578,2.3049419967787315
108,0,465,465.0,484.0378193235336,0.13757670900528043,0.303367452444634,0.043445044236922865,1.0409415469323302
108,4,700,700.0,484.0378193235336,0.1584130155558727,0.3072458562721572,0.033655663078848735,0.6914825990336194
108,6,440,440.0,484.0378193235336,0.09604681033252462,0.10118873633015073,0.010691576267552147,1.100085953008031
108,5,700,700.0,484.0378193235336,0.15812758669901528,0.24882840665234243,0.027207513741494875,0.6914825990336194
108,2,490,490.0,484.0378193235336,0.156272299129442,0.4689990628441465,0.0723997709550008,0.987832284333742
108,1,341,341.0,484.0378193235336,0.1374339945768517,0.2980615987722528,0.05814670545245972,1.419465745816814
109,3,70,70.0,408.63921792493215,0.15612958470101326,0.15291544128116766,0.13937296884576192,5.837703113213316
109,4,315,315.0,408.63921792493215,0.1584130155558727,0.36143401506696066,0.07427614820814485,1.2972673584918482
109,5,700,700.0,408.63921792493215,0.15812758669901528,0.3257839453899999,0.03007317806593173,0.5837703113213316
109,6,220,220.0,408.63921792493215,0.09604681033252462,0.14411800784992584,0.025710975856114236,1.8574509905678733
109,1,155,155.0,408.63921792493215,0.1374339945768517,0.16799428152964743,0.06086911881002957,2.6363820511285945
109,0,620,620.0,408.63921792493215,0.13757670900528043,0.18511073695496721,0.016785136645554758,0.6590955127821486
109,2,700,700.0,408.63921792493215,0.156272299129442,0.18230082223746566,0.016630780574869643,0.5837703113213316
110,1,279,279.0,461.1572713001285,0.1374339945768517,0.18702987871007404,0.042486408390576685,1.6528934455201738
110,6,286,286.0,461.1572713001285,0.09604681033252462,0.13193758745120754,0.02043311187651,1.612438011538911
110,4,700,700.0,461.1572713001285,0.1584130155558727,0.35076143366610535,0.03660612164279154,0.6587961018573264
110,3,385,385.0,461.1572713001285,0.15612958470101326,0.1228982913350722,0.022983670171537532,1.197811094286048
110,5,700,700.0,461.1572713001285,0.15812758669901528,0.36049392399223734,0.03755403553464046,0.6587961018573264
110,0,31,31.0,461.1572713001285,0.13757670900528043,0.15891020487005306,0.32522511123471837,14.876041009681565
110,2,700,700.0,461.1572713001285,0.156272299129442,0.1788581562968671,0.018413730053999156,0.6587961018573264
111,4,105,105.0,424.71970886256605,0.1584130155558727,0.47608527106900317,0.30506242800957273,4.044949608214915
111,3,700,700.0,424.71970886256605,0.15612958470101326,0.5523465946775427,0.052324038912444124,0.6067424412322372
111,2,700,700.0,424.71970886256605,0.156272299129442,0.5865705076427291,0.055616877098525815,0.6067424412322372
111,0,124,124.0,424.71970886256605,0.13757670900528043,0.2845900464811841,0.13410511795342034,3.425158942440049
111,1,341,341.0,424.71970886256605,0.1374339945768517,0.2814835662231933,0.048183156775759954,1.2455123427054724
111,5,700,700.0,424.71970886256605,0.15812758669901528,0.45690328152850374,0.04383654268379049,0.6067424412322372
111,6,154,154.0,424.71970886256605,0.09604681033252462,0.14442658763791763,0.038257077509379525,2.75792018741926
112,0,62,62.0,411.8464392750107,0.13757670900528043,0.37281591032944994,0.3407085094352248,6.642684504435657
112,2,700,700.0,411.8464392750107,0.156272299129442,0.3987298745339678,0.03666047209321864,0.5883520561071581
112,5,105,105.0,411.8464392750107,0.15812758669901528,0.27098207141005765,0.16807155477053506,3.9223470407143877
112,4,525,525.0,411.8464392750107,0.1584130155558727,0.13626388138361292,0.016933534962477816,0.7844694081428776
112,6,440,440.0,411.8464392750107,0.09604681033252462,0.11910007152242257,0.010707241742556356,0.9360146347159334
112,3,700,700.0,411.8464392750107,0.15612958470101326,0.4418747598781868,0.04059024523001423,0.5883520561071581
112,1,310,310.0,411.8464392750107,0.1374339945768517,0.3800688686987102,0.06939530509743257,1.3285369008871313
113,3,140,140.0,459.9534750963322,0.15612958470101326,0.4226925740066943,0.21681817838600292,3.2853819649738014
113,2,700,700.0,459.9534750963322,0.156272299129442,0.4335880538830622,0.04452205217179318,0.6570763929947603
113,6,418,418.0,459.9534750963322,0.09604681033252462,0.1822894015700089,0.019265575582027284,1.1003671653022302
113,5,315,315.0,459.9534750963322,0.15812758669901528,0.37929689669980216,0.08757704413917332,1.4601697622105785
113,0,310,310.0,459.9534750963322,0.13757670900528043,0.10773105801619655,0.021990649271457312,1.4837208874075234
113,4,700,700.0,459.9534750963322,0.1584130155558727,0.4205692574313592,0.043776823897817244,0.6570763929947603
113,1,620,620.0,459.9534750963322,0.1374339945768517,0.24847190502321684,0.025333411307725158,0.7418604437037617
114,3,665,665.0,455.986013986014,0.15612958470101326,0.1500727657393423,0.016066340531547818,0.6856932541143067
114,2,140,140.0,455.986013986014,0.156272299129442,0.1431770887041751,0.07287507514904577,3.257042957042957
114,4,420,420.0,455.986013986014,0.1584130155558727,0.2819837163743865,0.048497251126681594,1.0856809856809857
114,6,440,440.0,455.986013986014,0.09604681033252462,0.11863800912679331,0.011808796610620544,1.0363318499682135
114,5,700,700.0,455.986013986014,0.15812758669901528,0.267730967363496,0.02757780727529608,0.6514085914085914
114,0,186,186.0,455.986013986014,0.13757670900528043,0.321339894768872,0.10837974915355825,2.4515377096022255
114,1,620,620.0,455.986013986014,0.1374339945768517,0.33469591497791357,0.033830188219604804,0.7354613128806677
115,3,420,420.0,492.41301555587273,0.15612958470101326,0.2029892225470204,0.03715680968979802,1.172411941799697
115,2,700,700.0,492.41301555587273,0.156272299129442,0.3678619726619761,0.040438811286094146,0.7034471650798182
115,4,700,700.0,492.41301555587273,0.1584130155558727,0.40706947997039866,0.045361863502214786,0.7034471650798182
115,0,620,620.0,492.41301555587273,0.13757670900528043,0.22334074989796485,0.024403421471669167,0.7942145412191496
115,1,372,372.0,492.41301555587273,0.1374339945768517,0.1682667519775127,0.030611109100175813,1.3236909020319159
115,5,350,350.0,492.41301555587273,0.15812758669901528,0.3035519406248018,0.067530837537431,1.4068943301596364
115,6,154,154.0,492.41301555587273,0.09604681033252462,0.1533006947100174,0.04707993695480469,3.1974871139991734
116,2,455,455.0,490.6970172684458,0.156272299129442,0.3505789794719316,0.05908400083450688,1.0784549830075731
116,0,434,434.0,490.6970172684458,0.13757670900528043,0.3377904276707085,0.052543130381249685,1.130638288636972
116,1,341,341.0,490.6970172684458,0.1374339945768517,0.3383462707818906,0.06691363188932656,1.4389941855379642
116,3,315,315.0,490.6970172684458,0.15612958470101326,0.37693469660375317,0.09167568942319466,1.5577683087887169
116,5,700,700.0,490.6970172684458,0.15812758669901528,0.27567982050249423,0.03055821613712314,0.7009957389549225
116,4,700,700.0,490.6970172684458,0.1584130155558727,0.23982058491069536,0.026631320255607657,0.7009957389549225
116,6,440,440.0,490.6970172684458,0.09604681033252462,0.06453007020848897,0.0069120333667837585,1.1152204937919223
117,3,315,315.0,532.0429570429569,0.15612958470101326,0.14831889152982441,0.039112702113550085,1.6890252604538314
117,2,665,665.0,532.0429570429569,0.156272299129442,0.25084922501895857,0.03136316035819557,0.8000645970570781
117,0,620,620.0,532.0429570429569,0.13757670900528043,0.17532882004935235,0.020699184496252396,0.8581338016821886
117,1,620,620.0,532.0429570429569,0.1374339945768517,0.18168342823443784,0.021427154189732095,0.8581338016821886
117,4,490,490.0,532.0429570429569,0.1584130155558727,0.3361467246350734,0.05781897172402391,1.0858019531488916
117,6,440,440.0,532.0429570429569,0.09604681033252462,0.12325291188244375,0.014314433232840802,1.209188538733993
117,5,560,560.0,532.0429570429569,0.15812758669901528,0.36312348438441344,0.054553252865302264,0.9500767090052802
118,1,341,341.0,518.8413015555873,0.1374339945768517,0.19566342336541148,0.040915134062267815,1.521528743564772
118,5,350,350.0,518.8413015555873,0.15812758669901528,0.3424552949160915,0.08027457670503582,1.4824037187302495
118,2,700,700.0,518.8413015555873,0.156272299129442,0.4295005689491947,0.04974875827491889,0.7412018593651247
118,0,341,341.0,518.8413015555873,0.13757670900528043,0.2613495613167136,0.05470749798110637,1.521528743564772
118,3,700,700.0,518.8413015555873,0.15612958470101326,0.18334861237264877,0.021217750199581747,0.7412018593651247
118,6,418,418.0,518.8413015555873,0.09604681033252462,0.10104934359212854,0.012046883258848501,1.2412471329081036
118,4,700,700.0,518.8413015555873,0.1584130155558727,0.3016422877475524,0.03541763739706233,0.7412018593651247
119,3,350,350.0,434.2217782217783,0.15612958470101326,0.21434419838239888,0.041518389103386726,1.2406336520622239
119,5,105,105.0,434.2217782217783,0.15812758669901528,0.16838092871715044,0.1101090069727615,4.135445506874079
119,4,700,700.0,434.2217782217783,0.1584130155558727,0.3503898644532131,0.0344315011754115,0.6203168260311119
119,0,620,620.0,434.2217782217783,0.13757670900528043,0.15789539104542355,0.015213680154809998,0.7003577068093199
119,6,154,154.0,434.2217782217783,0.09604681033252462,0.12172142370561256,0.032964071755767065,2.819621936505054
119,1,310,310.0,434.2217782217783,0.1374339945768517,0.15723656408751976,0.03026896857177915,1.4007154136186397
119,2,700,700.0,434.2217782217783,0.156272299129442,0.2235050587402328,0.021666208614300568,0.6203168260311119
120,0,589,589.0,520.1576994434138,0.13757670900528043,0.36594299635308575,0.04446088393645511,0.8831200330108893
120,5,490,490.0,520.1576994434138,0.15812758669901528,0.0969560779340331,0.016275023837185286,1.061546325394722
120,4,700,700.0,520.1576994434138,0.1584130155558727,0.13359765779679394,0.015726305096327296,0.7430824277763054
120,2,700,700.0,520.1576994434138,0.156272299129442,0.4610504077416758,0.05353864844606455,0.7430824277763054
120,1,403,403.0,520.1576994434138,0.1374339945768517,0.35330947615513153,0.06267284947204503,1.2907138944005305
120,3,280,280.0,520.1576994434138,0.15612958470101326,0.38267723624347794,0.1109928066077523,1.8577060694407634
120,6,440,440.0,520.1576994434138,0.09604681033252462,0.15290302282015122,0.017361265269721697,1.1821765896441223
121,5,210,210.0,461.8460111317254,0.15812758669901528,0.35975022291445197,0.1251084423373374,2.199266719674883
121,1,620,620.0,461.8460111317254,0.1374339945768517,0.1816020248583015,0.018591753977557853,0.7449129211802022
121,4,700,700.0,461.8460111317254,0.1584130155558727,0.3714801182571448,0.038826263129381304,0.6597800159024648
121,0,620,620.0,461.8460111317254,0.13757670900528043,0.25099080404396557,0.025722207289951022,0.7449129211802022
121,6,110,110.0,461.8460111317254,0.09604681033252462,0.12963503623767322,0.05227690311505315,4.198600101197504
121,2,455,455.0,461.8460111317254,0.156272299129442,0.21826409538984498,0.034621836563071585,1.0150461783114844
121,3,420,420.0,461.8460111317254,0.15612958470101326,0.16563783986150604,0.028437582193985674,1.0996333598374415
122,0,496,496.0,582.3208220351078,0.13757670900528043,0.2054376649261051,0.033182234597125174,1.1740339153933623
122,1,620,620.0,582.3208220351078,0.1374339945768517,0.4544051979280701,0.05865541207269761,0.9392271323146899
122,2,700,700.0,582.3208220351078,0.156272299129442,0.3680864787932458,0.047851564944734006,0.8318868886215826
122,5,700,700.0,582.3208220351078,0.15812758669901528,0.13786112153064164,0.018134840056061675,0.8318868886215826
122,4,595,595.0,582.3208220351078,0.1584130155558727,0.30026738146154147,0.046552646087968615,0.9786904572018618
122,6,396,396.0,582.3208220351078,0.09604681033252462,0.11776108815506393,0.016632283932507746,1.4705071263512823
122,3,490,490.0,582.3208220351078,0.15612958470101326,0.2964655055096683,0.05500796938907959,1.188409840887975
123,3,525,525.0,455.8715570144142,0.15612958470101326,0.20315084331985278,0.027541464312774513,0.8683267752655508
123,0,93,93.0,455.8715570144142,0.13757670900528043,0.14005955821523738,0.09445331749465792,4.901844699079723
123,5,700,700.0,455.8715570144142,0.15812758669901528,0.3207830394297373,0.033034177439439094,0.6512450814491632
123,4,700,700.0,455.8715570144142,0.1584130155558727,0.3706986878474007,0.03824338858968303,0.6512450814491632
123,6,110,110.0,455.8715570144142,0.09604681033252462,0.10441249863625181,0.04156092899668445,4.14428688194922
123,2,280,280.0,455.8715570144142,0.156272299129442,0.32462412750057595,0.0825937646846551,1.6281127036229077
123,1,620,620.0,455.8715570144142,0.1374339945768517,0.17037508481877378,0.017216745570250897,0.7352767048619584
124,5,700,700.0,430.36549165120596,0.15812758669901528,0.33902807585314265,0.032959658887906966,0.6148078452160085
124,3,175,175.0,430.36549165120596,0.15612958470101326,0.2358880139125069,0.0905712726651294,2.459231380864034
124,2,700,700.0,430.36549165120596,0.156272299129442,0.31601764274840305,0.030362164686354345,0.6148078452160085
124,0,341,341.0,430.36549165120596,0.13757670900528043,0.10160545343199325,0.017641885390503154,1.2620688904727448
124,6,440,440.0,430.36549165120596,0.09604681033252462,0.1103933670729881,0.010370762550113276,0.9781033901163771
124,4,350,350.0,430.36549165120596,0.1584130155558727,0.5480941818170193,0.10676169236967935,1.229615690432017
124,1,279,279.0,430.36549165120596,0.1374339945768517,0.10306383843093364,0.021849108431952587,1.5425286439111325
125,5,700,700.0,487.0107035821322,0.15812758669901528,0.36892304057958797,0.04058671375009474,0.6957295765459031
125,2,490,490.0,487.0107035821322,0.156272299129442,0.20073188308568038,0.031177464021736642,0.9938993950655759
125,0,527,527.0,487.0107035821322,0.13757670900528043,0.1794125392974251,0.022810016555113867,0.9241189821292831
125,6,440,440.0,487.0107035821322,0.09604681033252462,0.11828047311680563,0.012574242439109179,1.1068425081412094
125,1,62,62.0,487.0107035821322,0.1374339945768517,0.16868416012853193,0.18210224066621203,7.855011348098906
125,4,700,700.0,487.0107035821322,0.1584130155558727,0.2524944025153377,0.027828069695140498,0.6957295765459031
125,3,420,420.0,487.0107035821322,0.15612958470101326,0.13776165479466368,0.024940363061577073,1.1595492942431718
126,3,490,490.0,499.11088911088905,0.15612958470101326,0.5497740398598636,0.08743199703210165,1.0185936512467124
126,0,620,620.0,499.11088911088905,0.13757670900528043,0.08660653509179508,0.00959181813626696,0.8050175630820791
126,5,350,350.0,499.11088911088905,0.15812758669901528,0.4790446276699088,0.10802210041568891,1.4260311117453972
126,4,630,630.0,499.11088911088905,0.1584130155558727,0.38359239342989726,0.04814124786788646,0.7922395065252207
126,6,440,440.0,499.11088911088905,0.09604681033252462,0.13289700499615645,0.01447913138287731,1.1343429297974752
126,1,620,620.0,499.11088911088905,0.1374339945768517,0.06397950941401129,0.0070784868690873535,0.8050175630820791
126,2,350,350.0,499.11088911088905,0.156272299129442,0.37946604337751993,0.08456368919073252,1.4260311117453972
127,4,700,700.0,496.8163265306122,0.1584130155558727,0.23474850089296323,0.02639316714676206,0.709737609329446
127,6,110,110.0,496.8163265306122,0.09604681033252462,0.11176766982627026,0.04848443260452075,4.516512059369202
127,0,620,620.0,496.8163265306122,0.13757670900528043,0.2092361329875235,0.023066716140419975,0.8013166556945358
127,2,455,455.0,496.8163265306122,0.156272299129442,0.18633485806047786,0.03179512752754296,1.091904014352994
127,1,589,589.0,496.8163265306122,0.1374339945768517,0.22055120000988523,0.025567258313309006,0.8434912165205639
127,5,700,700.0,496.8163265306122,0.15812758669901528,0.15948956955018503,0.017899370108823753,0.709737609329446
127,3,175,175.0,496.8163265306122,0.15612958470101326,0.15948366863767638,0.07069020358519047,2.838950437317784
128,1,620,620.0,425.96289424860856,0.1374339945768517,0.3723688095092157,0.03515989307486879,0.6870369262074332
128,6,330,330.0,425.96289424860856,0.09604681033252462,0.09415664701000889,0.011673249299884154,1.2907966492382077
128,5,140,140.0,425.96289424860856,0.15812758669901528,0.35307232987292186,0.16986936365169558,3.0425921017757753
128,4,350,350.0,425.96289424860856,0.1584130155558727,0.35169709081127326,0.06780525632647845,1.2170368407103103
128,2,700,700.0,425.96289424860856,0.156272299129442,0.15802198758222813,0.015027033372354325,0.6085184203551551
128,0,93,93.0,425.96289424860856,0.13757670900528043,0.28522408108333724,0.17972973199535097,4.580246174716221
128,3,700,700.0,425.96289424860856,0.15612958470101326,0.35753010642983923,0.033968123193940526,0.6085184203551551
129,4,70,70.0,432.24075924075925,0.1584130155558727,0.2573459675547242,0.25173053927251526,6.174867989153704
129,2,700,700.0,432.24075924075925,0.156272299129442,0.40134042330124353,0.03872777829588824,0.6174867989153704
129,5,420,420.0,432.24075924075925,0.15812758669901528,0.163314572673081,0.026577186791140933,1.0291446648589506
129,6,440,440.0,432.24075924075925,0.09604681033252462,0.1319195087812105,0.012447009273471957,0.9823653619108165
129,1,217,217.0,432.24075924075925,0.1374339945768517,0.1971615115292267,0.053973712596356936,1.9918928997270011
129,0,465,465.0,432.24075924075925,0.13757670900528043,0.1739768073350514,0.02224892528983938,0.9295500198726006
129,3,700,700.0,432.24075924075925,0.15612958470101326,0.45977351496790075,0.044325825478243944,0.6174867989153704
130,4,700,700.0,505.5173398030541,0.1584130155558727,0.10687130313766753,0.01222615741776954,0.7221676282900773
130,0,620,620.0,505.5173398030541,0.13757670900528043,0.3366617418914829,0.0377644400852983,0.8153505480694421
130,6,22,22.0,505.5173398030541,0.09604681033252462,0.09334077652289938,0.20600024288661997,22.97806090013882
130,2,280,280.0,505.5173398030541,0.156272299129442,0.408068482007804,0.11513121284982913,1.8054190707251931
130,1,558,558.0,505.5173398030541,0.1374339945768517,0.42781281747297606,0.053265967498439246,0.9059450534104911
130,5,490,490.0,505.5173398030541,0.15812758669901528,0.1408324662535259,0.02297472938076835,1.031668040414396
130,3,700,700.0,505.5173398030541,0.15612958470101326,0.41605522490784835,0.04691094717001265,0.7221676282900773
131,4,700,700.0,447.0151277294134,0.1584130155558727,0.35011624552505377,0.03541826675712294,0.6385930396134477
131,3,700,700.0,447.0151277294134,0.15612958470101326,0.44097694406869276,0.04396684158424857,0.6385930396134477
131,5,245,245.0,447.0151277294134,0.15812758669901528,0.32733495757237685,0.09444004105482047,1.8245515417527076
131,0,279,279.0,447.0151277294134,0.13757670900528043,0.46479115425573186,0.10245208187019887,1.6022047588867863
131,1,155,155.0,447.0151277294134,0.1374339945768517,0.49181001785423734,0.1949315171331686,2.8839685659962155
131,6,198,198.0,447.0151277294134,0.09604681033252462,0.0061727265177780625,0.0013384958009978187,2.2576521602495627
131,2,700,700.0,447.0151277294134,0.156272299129442,0.45609630216677843,0.045515857961048165,0.6385930396134477
132,5,420,420.0,434.51063222491786,0.15812758669901528,0.24252531698983393,0.03967490004142385,1.0345491243450424
132,2,210,210.0,434.51063222491786,0.156272299129442,0.35271059616382355,0.11404641074848272,2.069098248690085
132,4,245,245.0,434.51063222491786,0.1584130155558727,0.34720519680570616,0.09754643492319057,1.7735127845915015
132,3,700,700.0,434.51063222491786,0.15612958470101326,0.2787289870769487,0.027012806577763507,0.6207294746070255
132,6,440,440.0,434.51063222491786,0.09604681033252462,0.20400589822854243,0.019349662841305175,0.9875241641475406
132,1,620,620.0,434.51063222491786,0.1374339945768517,0.14724847950180409,0.014182529869981341,0.7008236003627707
132,0,434,434.0,434.51063222491786,0.13757670900528043,0.14784633719513185,0.020364144233222504,1.0011765719468153
133,3,245,245.0,531.6978735550164,0.15612958470101326,0.18593244572198625,0.06299980794756169,2.170195402265373
133,1,620,620.0,531.6978735550164,0.1374339945768517,0.30719741050807314,0.036206367402502146,0.8575772154113167
133,2,525,525.0,531.6978735550164,0.156272299129442,0.17457045388904405,0.027628567170130805,1.0127578543905074
133,6,374,374.0,531.6978735550164,0.09604681033252462,0.11148627538960373,0.015222909813129541,1.4216520683289209
133,4,700,700.0,531.6978735550164,0.1584130155558727,0.2665081789941158,0.03206773503687579,0.7595683907928805
133,0,620,620.0,531.6978735550164,0.13757670900528043,0.2745703381410132,0.032394536383742435,0.8575772154113167
133,5,595,595.0,531.6978735550164,0.15812758669901528,0.16953791448529312,0.023956448610120033,0.8936098715210359
134,2,700,700.0,598.6032538889682,0.156272299129442,0.3011014691101073,0.04023795581566688,0.8551475055556689
134,1,403,403.0,598.6032538889682,0.1374339945768517,0.20214699157267924,0.041266295060224625,1.485367875655008
134,6,286,286.0,598.6032538889682,0.09604681033252462,0.13212688972356965,0.02656116982679254,2.0930183702411473
134,4,665,665.0,598.6032538889682,0.1584130155558727,0.3385043275420494,0.048269468240375375,0.9001552690059672
134,0,589,589.0,598.6032538889682,0.13757670900528043,0.19110928052045126,0.026720862506369823,1.0163043359744792
134,3,700,700.0,598.6032538889682,0.15612958470101326,0.20846511150674402,0.02783297439557755,0.8551475055556689
134,5,700,700.0,598.6032538889682,0.15812758669901528,0.32328335775097966,0.04371515517639497,0.8551475055556689
135,6,110,110.0,433.9988582845725,0.09604681033252462,0.08462281376638262,0.0320675891232168,3.9454441662233863
135,2,560,560.0,433.9988582845725,0.156272299129442,0.23882498525383505,0.02892426429905394,0.7749979612224509
135,0,620,620.0,433.9988582845725,0.13757670900528043,0.17112576094778134,0.01647999995832205,0.6999981585235041
135,3,315,315.0,433.9988582845725,0.15612958470101326,0.2288415294494577,0.04922640035022622,1.3777741532843573
135,1,620,620.0,433.9988582845725,0.1374339945768517,0.16338700782357093,0.015718409052782628,0.6999981585235041
135,4,35,35.0,433.9988582845725,0.1584130155558727,0.31064785837630315,0.61021062859136,12.399967379559214
135,5,700,700.0,433.9988582845725,0.15812758669901528,0.22846574860398866,0.02239851830797722,0.6199983689779608
136,6,440,440.0,505.2350506636221,0.09604681033252462,0.2585852425847041,0.028518552498466982,1.1482614787809593
136,1,527,527.0,505.2350506636221,0.1374339945768517,0.5252000269728548,0.0691993103490242,0.958700285889226
136,3,700,700.0,505.2350506636221,0.15612958470101326,0.5649101444842111,0.06365902904910369,0.7217643580908887
136,0,279,279.0,505.2350506636221,0.13757670900528043,0.49201227770092976,0.12257732105145476,1.8108783177907601
136,4,700,700.0,505.2350506636221,0.1584130155558727,0.32299051134884654,0.0369297236182952,0.7217643580908887
136,2,455,455.0,505.2350506636221,0.156272299129442,0.5617776356812844,0.0974829185528789,1.1104067047552133
136,5,385,385.0,505.2350506636221,0.15812758669901528,0.35874188838929727,0.07444276153543203,1.312298832892525
137,2,560,560.0,459.7212787212787,0.156272299129442,0.31833540040510666,0.040838851272057546,0.8209308548594262
137,4,210,210.0,459.7212787212787,0.1584130155558727,0.29871945583077714,0.10359282631445346,2.1891489462918035
137,3,700,700.0,459.7212787212787,0.15612958470101326,0.3160255213054446,0.03240439570609571,0.6567446838875409
137,1,465,465.0,459.7212787212787,0.1374339945768517,0.26266241821590475,0.03568894919875582,0.9886479112285563
137,0,93,93.0,459.7212787212787,0.13757670900528043,0.1342595254937367,0.09130649711860338,4.943239556142782
137,5,700,700.0,459.7212787212787,0.15812758669901528,0.2787785375216654,0.02895099833441148,0.6567446838875409
137,6,440,440.0,459.7212787212787,0.09604681033252462,0.10020192440211331,0.010055436750744693,1.044821088002906
138,6,330,330.0,399.9843014128728,0.09604681033252462,0.14036628535178877,0.01634085439493971,1.2120736406450692
138,3,105,105.0,399.9843014128728,0.15612958470101326,0.32162213778653737,0.19128670496170547,3.809374299170217
138,1,620,620.0,399.9843014128728,0.1374339945768517,0.1457561452873015,0.01292326651718043,0.6451359700207626
138,2,700,700.0,399.9843014128728,0.156272299129442,0.4363511460868434,0.03896395464339465,0.5714061448755325
138,0,620,620.0,399.9843014128728,0.13757670900528043,0.1245182795317495,0.011051705022576644,0.6451359700207626
138,4,175,175.0,399.9843014128728,0.1584130155558727,0.2037041447630151,0.07375570604262256,2.28562457950213
138,5,280,280.0,399.9843014128728,0.15812758669901528,0.1948964530305161,0.044024708937740624,1.4285153621888316
139,2,70,70.0,448.9299272156415,0.156272299129442,0.10148933085947279,0.10171450940471462,6.413284674509164
139,6,88,88.0,448.9299272156415,0.09604681033252462,0.1268624847242739,0.06216014884572517,5.10147644563229
139,0,217,217.0,448.9299272156415,0.13757670900528043,0.3457477734284722,0.09840635200273486,2.068801507906182
139,4,700,700.0,448.9299272156415,0.1584130155558727,0.19004966172308727,0.019308052904895137,0.6413284674509164
139,1,620,620.0,448.9299272156415,0.1374339945768517,0.4159891637597219,0.04139644584995858,0.7240805277671637
139,5,700,700.0,448.9299272156415,0.15812758669901528,0.21543562874808775,0.021847698272331094,0.6413284674509164
139,3,595,595.0,448.9299272156415,0.15612958470101326,0.12858568592297884,0.015147446337307252,0.7545040793540193
140,0,620,620.0,435.19808762665906,0.13757670900528043,0.1848967823753586,0.017855398969359622,0.7019323993978372
140,6,176,176.0,435.19808762665906,0.09604681033252462,0.056554179996251494,0.013431421152434307,2.4727164069696537
140,2,35,35.0,435.19808762665906,0.156272299129442,0.18584454735889377,0.36111934925908273,12.434231075047402
140,5,700,700.0,435.19808762665906,0.15812758669901528,0.4126464658536077,0.04056716991342772,0.6217115537523701
140,4,210,210.0,435.19808762665906,0.1584130155558727,0.3953924560749924,0.12980365568301586,2.0723718458412335
140,1,620,620.0,435.19808762665906,0.1374339945768517,0.1597753219681997,0.015413425222562218,0.7019323993978372
140,3,630,630.0,435.19808762665906,0.15612958470101326,0.35058394762634315,0.03781147857452994,0.6907906152804112
141,4,350,350.0,395.88054802340514,0.1584130155558727,0.3681436290751013,0.06596358776277994,1.1310872800668719
141,1,465,465.0,395.88054802340514,0.1374339945768517,0.4966954625117731,0.058115980866937395,0.8513560172546347
141,2,210,210.0,395.88054802340514,0.156272299129442,0.31137408581551573,0.0917295652562144,1.8851454667781198
141,5,700,700.0,395.88054802340514,0.15812758669901528,0.4087194818462698,0.0365509866555785,0.5655436400334359
141,3,35,35.0,395.88054802340514,0.15612958470101326,0.380465649115133,0.6718878303137787,11.310872800668719
141,6,440,440.0,395.88054802340514,0.09604681033252462,0.35721944855997495,0.03086949527866432,0.8997285182350117
141,0,620,620.0,395.88054802340514,0.13757670900528043,0.5906060581190428,0.05188183009519553,0.6385170129409761
142,6,440,440.0,349.8001998001998,0.09604681033252462,0.05271071713553526,0.0040248458186370895,0.7950004540913631
142,1,620,620.0,349.8001998001998,0.1374339945768517,0.35677842401944343,0.027664391124581602,0.5641938706454835
142,5,35,35.0,349.8001998001998,0.15812758669901528,0.42761963214470095,0.6757985993642129,9.994291422862851
142,4,140,140.0,349.8001998001998,0.1584130155558727,0.4216724586479107,0.16690068341521896,2.4985728557157127
142,3,490,490.0,349.8001998001998,0.15612958470101326,0.46246060090888697,0.05154468819630169,0.7138779587759179
142,2,210,210.0,349.8001998001998,0.156272299129442,0.4826604573787537,0.12563900266215725,1.6657152371438084
142,0,620,620.0,349.8001998001998,0.13757670900528043,0.3895986591786941,0.030240622977249394,0.5641938706454835
143,6,440,440.0,472.9808762665906,0.09604681033252462,0.34920264909026005,0.03605382790877056,1.074956536969524
143,2,700,700.0,472.9808762665906,0.156272299129442,0.6765293471897845,0.07143551562356179,0.6756869660951295
143,5,700,700.0,472.9808762665906,0.15812758669901528,0.39089709072796175,0.04176530166585458,0.6756869660951295
143,0,31,31.0,472.9808762665906,0.13757670900528043,0.4924085821045887,1.033599802546749,15.257447621502923
143,3,560,560.0,472.9808762665906,0.15612958470101326,0.6923659397763261,0.09130119337000953,0.8446087076189118
143,1,341,341.0,472.9808762665906,0.1374339945768517,0.597521388107288,0.11390343661986069,1.387040692863902
143,4,455,455.0,472.9808762665906,0.1584130155558727,0.4021066379193378,0.06621620528633945,1.0395184093771221
144,4,560,560.0,452.41087483944625,0.1584130155558727,1.0911260263680855,0.13964030382008155,0.8078765622132968
144,1,620,620.0,452.41087483944625,0.1374339945768517,0.5685333223651808,0.05701530345460618,0.7296949594184617
144,0,620,620.0,452.41087483944625,0.13757670900528043,0.4984056622194425,0.05003446152223923,0.7296949594184617
144,2,175,175.0,452.41087483944625,0.156272299129442,0.6469366246361657,0.2613597626271461,2.58520499908255
144,5,700,700.0,452.41087483944625,0.15812758669901528,1.1139063096887372,0.11383906042640023,0.6463012497706375
144,3,245,245.0,452.41087483944625,0.15612958470101326,0.6789066485325381,0.1957321730000802,1.8465749993446785
144,6,176,176.0,452.41087483944625,0.09604681033252462,0.14267441593359012,0.03522487154315106,2.5705163343150357
145,2,140,140.0,414.2815755672898,0.156272299129442,0.16573340411808105,0.07664073057705052,2.959154111194927
145,4,385,385.0,414.2815755672898,0.1584130155558727,0.49638356466877653,0.08461417893235676,1.076056040434519
145,3,700,700.0,414.2815755672898,0.15612958470101326,0.22392361378220685,0.020691057047382992,0.5918308222389854
145,5,140,140.0,414.2815755672898,0.15812758669901528,0.4462658691324799,0.20881846515098126,2.959154111194927
145,1,527,527.0,414.2815755672898,0.1374339945768517,0.45051876058141394,0.048673441479612285,0.7861130466172482
145,0,620,620.0,414.2815755672898,0.13757670900528043,0.3087879008606058,0.028386321768922446,0.6681960896246609
145,6,440,440.0,414.2815755672898,0.09604681033252462,0.1194354564748011,0.010800880553062817,0.9415490353802041
146,4,700,700.0,469.23105465962607,0.1584130155558727,0.26175147654188846,0.027795129921114766,0.6703300780851801
146,5,455,455.0,469.23105465962607,0.15812758669901528,0.2077104208992554,0.033872034178533086,1.0312770432079694
146,3,70,70.0,469.23105465962607,0.15612958470101326,0.32035598119640557,0.3352793055232517,6.703300780851801
146,2,700,700.0,469.23105465962607,0.156272299129442,0.3593321851391406,0.037641491799130615,0.6703300780851801
146,1,434,434.0,469.23105465962607,0.1374339945768517,0.3516765361950081,0.05225580954747957,1.0811775452986776
146,6,220,220.0,469.23105465962607,0.09604681033252462,0.11405078112503772,0.023363896670870316,2.1328684302710275
146,0,620,620.0,469.23105465962607,0.13757670900528043,0.2512646274011186,0.026162023261065617,0.7568242817090743
147,4,700,700.0,461.0348223205366,0.1584130155558727,0.45125095578571417,0.047080892309145826,0.6586211747436237
147,3,595,595.0,461.0348223205366,0.15612958470101326,0.10749790749919658,0.013004749123623411,0.7748484408748514
147,1,620,620.0,461.0348223205366,0.1374339945768517,0.429714548706442,0.04391534177776172,0.7436045521298977
147,5,700,700.0,461.0348223205366,0.15812758669901528,0.446022635483175,0.04645155230137673,0.6586211747436237
147,0,155,155.0,461.0348223205366,0.13757670900528043,0.37584505586431527,0.15379980650008085,2.974418208519591
147,6,132,132.0,461.0348223205366,0.09604681033252462,0.1565588472777081,0.052519473023795366,3.492688047882853
147,2,175,175.0,461.0348223205366,0.156272299129442,0.14138059275708664,0.05820596320019773,2.6344846989744948
148,4,560,560.0,483.39489082346233,0.1584130155558727,0.41610091740381205,0.05689885978036088,0.8632051621847542
148,6,44,44.0,483.39489082346233,0.09604681033252462,0.09803683895443296,0.10344788735107859,10.986247518715054
148,0,589,589.0,483.39489082346233,0.13757670900528043,0.12839985024018907,0.01449760272504971,0.8207043986815998
148,3,700,700.0,483.39489082346233,0.15612958470101326,0.3480982087477473,0.03753107541461097,0.6905641297478033
148,5,35,35.0,483.39489082346233,0.15812758669901528,0.34762872034982745,0.7592019312574368,13.811282594956067
148,2,700,700.0,483.39489082346233,0.156272299129442,0.31751279114097153,0.034264724419348774,0.6905641297478033
148,1,620,620.0,483.39489082346233,0.1374339945768517,0.353961070083715,0.03792800812878481,0.7796691787475198
149,3,700,700.0,471.0021407164264,0.15612958470101326,0.637641358919713,0.06698638237195549,0.6728602010234663
149,4,280,280.0,471.0021407164264,0.1584130155558727,0.34240734919449795,0.09124283872203637,1.6821505025586658
149,5,455,455.0,471.0021407164264,0.15812758669901528,0.3037776177196184,0.04972501229960795,1.035169540036102
149,0,186,186.0,471.0021407164264,0.13757670900528043,0.6680541835221883,0.23273759445898845,2.532269573744228
149,2,700,700.0,471.0021407164264,0.156272299129442,0.640058144604518,0.06730173665914181,0.6728602010234663
149,6,440,440.0,471.0021407164264,0.09604681033252462,0.25406929988374305,0.026121934858400166,1.070459410719151
149,1,496,496.0,471.0021407164264,0.1374339945768517,0.7426226736389161,0.09691780709913116,0.9496010901540856
150,3,630,630.0,478.95361781076065,0.15612958470101326,0.36956257460954345,0.043865804339803,0.7602438377948582
150,4,35,35.0,478.95361781076065,0.1584130155558727,0.27593139902249536,0.5981600417160133,13.684389080307447
150,6,66,66.0,478.95361781076065,0.09604681033252462,0.06072050024229379,0.04232215857354172,7.256872997132737
150,1,620,620.0,478.95361781076065,0.1374339945768517,0.38191083657285735,0.04054692462237512,0.7725058351786462
150,5,700,700.0,478.95361781076065,0.15812758669901528,0.2633232436584517,0.02848998739747985,0.6842194540153723
150,0,620,620.0,478.95361781076065,0.13757670900528043,0.2692737918746697,0.02861809829690932,0.7725058351786462
150,2,560,560.0,478.95361781076065,0.156272299129442,0.34427444418251085,0.04601423631580093,0.8552743175192155
