round,cid,tau,a_i,a_eff,p_i,raw_update_norm,contribution_norm,amp_vs_fedavg
1,3,245,245.0,503.4238618524333,0.15612958470101326,0.8592704863017886,0.27566575095418405,2.0547912728670745
1,2,525,525.0,503.4238618524333,0.156272299129442,1.209016202635973,0.18117097278819583,0.9589025940046348
1,6,22,22.0,503.4238618524333,0.09604681033252462,0.4186311775877614,0.9200800882759524,22.88290281147424
1,4,700,700.0,503.4238618524333,0.1584130155558727,1.408195210165116,0.16043143973316437,0.7191769455034761
1,1,620,620.0,503.4238618524333,0.1374339945768517,1.3363192818327234,0.14912364548528892,0.8119739707297311
1,5,630,630.0,503.4238618524333,0.15812758669901528,1.3372511471440156,0.1689716595268938,0.7990854950038624
1,0,620,620.0,503.4238618524333,0.13757670900528043,1.3334309066657613,0.14895584204536813,0.8119739707297311
2,1,620,620.0,416.7375481661196,0.1374339945768517,1.2312130546508064,0.11373609786703615,0.6721573357518058
2,3,35,35.0,416.7375481661196,0.15612958470101326,0.6292476968139259,1.1697725529213567,11.90678709046056
2,2,700,700.0,416.7375481661196,0.156272299129442,1.190419299759271,0.11075071870926662,0.595339354523028
2,6,330,330.0,416.7375481661196,0.09604681033252462,1.8664679624222588e-05,2.2638736200975783e-06,1.2628410550488474
2,4,210,210.0,416.7375481661196,0.1584130155558727,0.9303233372270755,0.2924611034401546,1.9844645150767601
2,0,620,620.0,416.7375481661196,0.13757670900528043,1.2069801732850467,0.11161331194343241,0.6721573357518058
2,5,420,420.0,416.7375481661196,0.15812758669901528,1.1438046168755047,0.17946213495093563,0.9922322575383801
3,4,525,525.0,511.64892250606533,0.1584130155558727,1.234239610206643,0.19054743270632873,0.9745693762020292
3,5,700,700.0,511.64892250606533,0.15812758669901528,1.3954466305289048,0.16128534150272497,0.7309270321515219
3,6,220,220.0,511.64892250606533,0.09604681033252462,0.774378585165939,0.17297592598513492,2.325676920482115
3,0,186,186.0,511.64892250606533,0.13757670900528043,0.9484207742512477,0.35892614482891183,2.75080065863476
3,3,700,700.0,511.64892250606533,0.15612958470101326,1.1087180612163032,0.12652616671378883,0.7309270321515219
3,1,620,620.0,511.64892250606533,0.1374339945768517,1.3301234637965729,0.15085735837449288,0.825240197590428
3,2,490,490.0,511.64892250606533,0.156272299129442,0.9822804081910668,0.1602852162800774,1.0441814745021742
4,3,700,700.0,448.68331668331666,0.15612958470101326,0.9447859104187175,0.09454977377143606,0.6409761666904523
4,5,70,70.0,448.68331668331666,0.15812758669901528,0.4136151174112087,0.41922379784123226,6.409761666904524
4,0,496,496.0,448.68331668331666,0.13757670900528043,0.7985110948793424,0.09937659593470177,0.9046034610550739
4,2,700,700.0,448.68331668331666,0.156272299129442,0.9173969417886224,0.09189273365405035,0.6409761666904523
4,1,620,620.0,448.68331668331666,0.1374339945768517,0.9327768057696895,0.09277268802011528,0.7236827688440591
4,4,280,280.0,448.68331668331666,0.1584130155558727,0.7080020986184691,0.1797245051417157,1.602440416726131
4,6,220,220.0,448.68331668331666,0.09604681033252462,0.05998285510283185,0.01174971469318746,2.039469621287803
5,5,70,70.0,500.3268160411018,0.15812758669901528,0.18421284327821297,0.2082012291569728,7.147525943444311
5,1,496,496.0,500.3268160411018,0.1374339945768517,0.9538211481204057,0.13223098131178035,1.0087234194377053
5,6,198,198.0,500.3268160411018,0.09604681033252462,0.265329267725758,0.06439567432429097,2.526903111318696
5,0,527,527.0,500.3268160411018,0.13757670900528043,0.8941986017540631,0.11679441293549253,0.9493867477060755
5,4,700,700.0,500.3268160411018,0.1584130155558727,0.8968454661113382,0.10154632684862604,0.7147525943444311
5,3,700,700.0,500.3268160411018,0.15612958470101326,0.9952518056689004,0.11106415559866445,0.7147525943444311
5,2,700,700.0,500.3268160411018,0.156272299129442,0.96746259907982,0.10806173267771382,0.7147525943444311
6,2,700,700.0,393.45112030826317,0.156272299129442,0.9548356574935609,0.08386936925737015,0.5620730290118046
6,0,93,93.0,393.45112030826317,0.13757670900528043,0.4111258782873408,0.23929166325759874,4.230657207615733
6,6,440,440.0,393.45112030826317,0.09604681033252462,0.14024929981245857,0.012045414748223873,0.894207091609689
6,3,140,140.0,393.45112030826317,0.15612958470101326,0.45519266807189795,0.19972995916190056,2.8103651450590226
6,1,620,620.0,393.45112030826317,0.1374339945768517,0.9374036287556734,0.0817560492783939,0.63459858114236
6,5,140,140.0,393.45112030826317,0.15812758669901528,0.3321129619009088,0.14758975754563738,2.8103651450590226
6,4,630,630.0,393.45112030826317,0.1584130155558727,0.8322864915145638,0.08234058419568213,0.624525587790894
7,0,620,620.0,485.56029684601117,0.13757670900528043,0.8318232695715497,0.08962464746394258,0.7831617691064696
7,3,525,525.0,485.56029684601117,0.15612958470101326,0.750729423639895,0.10840579707699723,0.9248767558971641
7,2,700,700.0,485.56029684601117,0.156272299129442,0.9132261714795082,0.09899322639558285,0.6936575669228731
7,6,440,440.0,485.56029684601117,0.09604681033252462,0.28812072213390505,0.03053851629081111,1.10354612919548
7,1,527,527.0,485.56029684601117,0.1374339945768517,0.7986989597706466,0.10113694745183051,0.9213667871840819
7,5,140,140.0,485.56029684601117,0.15812758669901528,0.40681627812551435,0.2231110590505443,3.4682878346143653
7,4,455,455.0,485.56029684601117,0.1584130155558727,0.7164101359961451,0.12111121321709221,1.067165487573651
8,5,665,665.0,554.1134579706008,0.15812758669901528,0.848403762819848,0.11178596539672658,0.8332533202565426
8,0,217,217.0,554.1134579706008,0.13757670900528043,0.5052836871411507,0.17750850167406862,2.5535182394958564
8,1,465,465.0,554.1134579706008,0.1374339945768517,0.78974489265397,0.12933817864713998,1.1916418450980664
8,3,700,700.0,554.1134579706008,0.15612958470101326,0.9716542138019967,0.12008744397225501,0.7915906542437156
8,6,440,440.0,554.1134579706008,0.09604681033252462,0.2018082804202717,0.024410009602914368,1.259348768115002
8,2,700,700.0,554.1134579706008,0.156272299129442,0.9528194058066022,0.11786727783877828,0.7915906542437156
8,4,595,595.0,554.1134579706008,0.1584130155558727,0.7729363323792722,0.1140292625879833,0.9312831226396653
9,0,527,527.0,554.8602825745683,0.13757670900528043,0.7462818234513134,0.10809878283186136,1.0528658113369416
9,3,700,700.0,554.8602825745683,0.15612958470101326,0.9949444848301674,0.12313163667572613,0.7926575465350976
9,5,700,700.0,554.8602825745683,0.15812758669901528,0.9324559086386071,0.1168749792743465,0.7926575465350976
9,4,595,595.0,554.8602825745683,0.1584130155558727,0.8287588160964082,0.12242939281194525,0.9325382900412912
9,2,490,490.0,554.8602825745683,0.156272299129442,0.7418770362346708,0.1312808828626255,1.1323679236215678
9,6,66,66.0,554.8602825745683,0.09604681033252462,0.5394130960191593,0.4355561357242884,8.406973978402549
9,1,620,620.0,554.8602825745683,0.1374339945768517,0.8927472286953678,0.10980310710880276,0.8949359396364004
10,1,248,248.0,376.2471813900386,0.1374339945768517,0.7167197060839422,0.1494393911377397,1.517125731411446
10,5,175,175.0,376.2471813900386,0.15812758669901528,0.5405816722763183,0.18378250500489451,2.1499838936573634
10,0,620,620.0,376.2471813900386,0.13757670900528043,0.9672412921329567,0.08075349183836367,0.6068502925645783
10,6,440,440.0,376.2471813900386,0.09604681033252462,0.06766877909037998,0.0055576586143658985,0.8551072304319058
10,2,700,700.0,376.2471813900386,0.156272299129442,0.9602147092850798,0.08065393694021375,0.5374959734143409
10,4,455,455.0,376.2471813900386,0.1584130155558727,0.7851139122120478,0.10284552344336262,0.826916882175909
10,3,35,35.0,376.2471813900386,0.15612958470101326,0.31521427366448124,0.529049478310201,10.749919468286816
11,0,217,217.0,436.4412730127016,0.13757670900528043,0.5482343275660041,0.15169708018789058,2.011250106049316
11,3,280,280.0,436.4412730127016,0.15612958470101326,0.5470086460428604,0.1331211859119059,1.55871883218822
11,1,186,186.0,436.4412730127016,0.1374339945768517,0.53349853262434,0.1720442920489673,2.3464584570575355
11,6,66,66.0,436.4412730127016,0.09604681033252462,0.30085444938608924,0.1910826535960077,6.6127465607985085
11,4,700,700.0,436.4412730127016,0.1584130155558727,1.0149046027506623,0.10024064610086926,0.6234875328752879
11,2,700,700.0,436.4412730127016,0.156272299129442,0.9958066998136955,0.097025260942463,0.6234875328752879
11,5,700,700.0,436.4412730127016,0.15812758669901528,1.0200190223887933,0.10056426591702547,0.6234875328752879
12,0,372,372.0,505.06208077636643,0.13757670900528043,0.5757973809171764,0.10755148847787893,1.3576937655278667
12,5,595,595.0,505.06208077636643,0.15812758669901528,0.9108350253785661,0.12225740222398393,0.8488438332375906
12,2,105,105.0,505.06208077636643,0.156272299129442,0.41820750316986144,0.3143614523751741,4.810115055013013
12,1,589,589.0,505.06208077636643,0.1374339945768517,0.8577223494170814,0.10108119439317904,0.857490799280758
12,3,700,700.0,505.06208077636643,0.15612958470101326,1.071493546498462,0.12070395147412993,0.721517258251952
12,6,440,440.0,505.06208077636643,0.09604681033252462,0.061917190096826565,0.00682631418416157,1.1478683654008328
12,4,700,700.0,505.06208077636643,0.1584130155558727,1.0078091789455461,0.11519029604019908,0.721517258251952
13,0,496,496.0,517.6340802055088,0.13757670900528043,0.7746951375174931,0.11122871804762056,1.0436170971885257
13,3,665,665.0,517.6340802055088,0.15612958470101326,0.9929409024243838,0.12067292009666206,0.7783971130909907
13,4,700,700.0,517.6340802055088,0.1584130155558727,1.0245222435256196,0.12001542710085628,0.7394772574364411
13,1,620,620.0,517.6340802055088,0.1374339945768517,0.9496704752611224,0.10896782393887104,0.8348936777508206
13,2,140,140.0,517.6340802055088,0.156272299129442,0.2916193315498325,0.1684973744422439,3.6973862871822054
13,6,176,176.0,517.6340802055088,0.09604681033252462,0.20842239252198788,0.0588758944059731,2.941102728440391
13,5,700,700.0,517.6340802055088,0.15812758669901528,1.00322844162507,0.11730926147957998,0.7394772574364411
14,6,44,44.0,482.3450834879407,0.09604681033252462,0.042384024723978134,0.0446262424599439,10.962388261089561
14,5,630,630.0,482.3450834879407,0.15812758669901528,0.9435606476039544,0.11423383826913834,0.7656271166475249
14,3,525,525.0,482.3450834879407,0.15612958470101326,0.8499234062303347,0.12191679768181726,0.9187525399770299
14,4,105,105.0,482.3450834879407,0.1584130155558727,0.37589916357657616,0.2735462577104714,4.59376269988515
14,2,700,700.0,482.3450834879407,0.156272299129442,1.018347807622615,0.1096574015422951,0.6890644049827724
14,1,620,620.0,482.3450834879407,0.1374339945768517,0.9454270421207248,0.10108538199073486,0.7779759411095818
14,0,620,620.0,482.3450834879407,0.13757670900528043,0.8761653707345135,0.09377717968112968,0.7779759411095818
15,3,385,385.0,518.2177822177822,0.15612958470101326,0.7424947016590226,0.15603791741349513,1.346020213552681
15,2,700,700.0,518.2177822177822,0.156272299129442,1.066189482823038,0.12334758963234001,0.7403111174539746
15,6,440,440.0,518.2177822177822,0.09604681033252462,0.17841335024361551,0.02018226619760393,1.177767686858596
15,5,455,455.0,518.2177822177822,0.15812758669901528,0.742192067359239,0.13366720464973067,1.1389401806984225
15,4,700,700.0,518.2177822177822,0.1584130155558727,1.0131263296207715,0.11881430577650819,0.7403111174539746
15,0,465,465.0,518.2177822177822,0.13757670900528043,0.8492677362550796,0.13021136763412922,1.1144468434791015
15,1,434,434.0,518.2177822177822,0.1374339945768517,0.9221749453685957,0.1513317555290353,1.1940501894418944
16,3,245,245.0,427.34993577850713,0.15612958470101326,0.5358893147403613,0.14594118247764926,1.744285452157172
16,0,620,620.0,427.34993577850713,0.13757670900528043,0.9094600078093575,0.08624232900669684,0.6892740899653341
16,4,595,595.0,427.34993577850713,0.1584130155558727,0.9492916505288748,0.10800831718973279,0.7182351861823649
16,1,372,372.0,427.34993577850713,0.1374339945768517,0.7497032742262038,0.11836526652611788,1.1487901499422235
16,5,700,700.0,427.34993577850713,0.15812758669901528,1.0419672660784456,0.1005882659830086,0.6104999082550102
16,2,35,35.0,427.34993577850713,0.156272299129442,0.21263624243049073,0.40572791526352975,12.209998165100204
16,6,440,440.0,427.34993577850713,0.09604681033252462,0.1575807420221897,0.014699990512291136,0.9712498540420617
17,4,700,700.0,464.7151420008563,0.1584130155558727,1.154453505462804,0.12141045636898448,0.6638787742869375
17,1,93,93.0,464.7151420008563,0.1374339945768517,0.46005871023974837,0.31594486565670427,4.996937010761895
17,2,630,630.0,464.7151420008563,0.156272299129442,0.9954078047967336,0.11474382349930971,0.7376430825410417
17,3,595,595.0,464.7151420008563,0.15612958470101326,0.9746458787445941,0.11885074626401923,0.7810338521022795
17,6,440,440.0,464.7151420008563,0.09604681033252462,0.16653677489780336,0.016893795927978905,1.0561707772746733
17,0,620,620.0,464.7151420008563,0.13757670900528043,1.013919290908881,0.10455467020331088,0.7495405516142843
17,5,140,140.0,464.7151420008563,0.15812758669901528,0.5240989753068236,0.2750931278347091,3.319393871434688
18,1,31,31.0,452.0358213215356,0.1374339945768517,0.23696993567641056,0.4748960726850283,14.581800687791471
18,4,700,700.0,452.0358213215356,0.1584130155558727,1.0977166587264715,0.1122938386226804,0.6457654590307651
18,0,620,620.0,452.0358213215356,0.13757670900528043,0.9340589523642912,0.09369153746937747,0.7290900343895735
18,6,44,44.0,452.0358213215356,0.09604681033252462,0.15824462326565908,0.15614643908247913,10.273541393671264
18,3,455,455.0,452.0358213215356,0.15612958470101326,0.8892610479455696,0.13793546042842356,0.9934853215857925
18,5,700,700.0,452.0358213215356,0.15812758669901528,1.0334186073296734,0.10552581900915714,0.6457654590307651
18,2,420,420.0,452.0358213215356,0.156272299129442,0.8468667507135336,0.1424362873159215,1.0762757650512753
19,4,700,700.0,485.36520622234906,0.1584130155558727,1.2047827011771741,0.13233361754023024,0.6933788660319272
19,5,385,385.0,485.36520622234906,0.15812758669901528,0.8561455318255612,0.17067234208938695,1.2606888473307767
19,2,420,420.0,485.36520622234906,0.156272299129442,0.8577683665818985,0.15490711925830924,1.1556314433865453
19,0,620,620.0,485.36520622234906,0.13757670900528043,0.9350898900787493,0.10071061054854445,0.7828471068102404
19,3,280,280.0,485.36520622234906,0.15612958470101326,0.6694232911549155,0.18117431675213838,1.733447165079818
19,1,558,558.0,485.36520622234906,0.1374339945768517,0.8630648309454859,0.10317441876809146,0.8698301186780449
19,6,440,440.0,485.36520622234906,0.09604681033252462,0.04438487217134279,0.004702555004438216,1.1031027414144297
20,3,245,245.0,510.8081918081918,0.15612958470101326,0.5541172275869298,0.180375947822645,2.084931395135477
20,4,700,700.0,510.8081918081918,0.1584130155558727,1.0969301600976495,0.12680303612662425,0.7297259882974169
20,5,700,700.0,510.8081918081918,0.15812758669901528,1.0551322097525633,0.12175150466064055,0.7297259882974169
20,1,434,434.0,510.8081918081918,0.1374339945768517,0.7269158336655699,0.11758351055645153,1.1769774004797047
20,6,22,22.0,510.8081918081918,0.09604681033252462,0.09411409317740231,0.20988083402455945,23.218554173099626
20,0,620,620.0,510.8081918081918,0.13757670900528043,0.8976109983586522,0.10174175989495636,0.8238841803357932
20,2,665,665.0,510.8081918081918,0.156272299129442,1.0367597802077277,0.12445041544723112,0.7681326192604387
21,2,455,455.0,423.8981018981019,0.156272299129442,0.8732301309975348,0.12713373018813023,0.9316441799958284
21,1,155,155.0,423.8981018981019,0.1374339945768517,0.44426770378786806,0.16698162632262128,2.734826463858722
21,5,140,140.0,423.8981018981019,0.15812758669901528,0.4581023292752407,0.21933279812350936,3.0278435849864422
21,0,341,341.0,423.8981018981019,0.13757670900528043,0.686318447954727,0.11737556127984972,1.2431029381176009
21,6,440,440.0,423.8981018981019,0.09604681033252462,0.010911344468430362,0.0010096480450961511,0.9634047770411407
21,4,700,700.0,423.8981018981019,0.1584130155558727,1.0842814950245891,0.1040150875873549,0.6055687169972884
21,3,700,700.0,423.8981018981019,0.15612958470101326,0.9777492820945972,0.09244344938825907,0.6055687169972884
22,2,700,700.0,484.8110460967604,0.156272299129442,0.9900758196074152,0.1071580796207428,0.6925872087096577
22,0,620,620.0,484.8110460967604,0.13757670900528043,0.8952073485670583,0.0963051189206047,0.7819533001560651
22,5,175,175.0,484.8110460967604,0.15812758669901528,0.4418792395165115,0.19357340902783132,2.770348834838631
22,4,350,350.0,484.8110460967604,0.1584130155558727,0.7413889372657548,0.16268271986251193,1.3851744174193155
22,3,700,700.0,484.8110460967604,0.15612958470101326,1.0041927623239475,0.10858673071460477,0.6925872087096577
22,6,352,352.0,484.8110460967604,0.09604681033252462,0.16816054445868997,0.022245229694870833,1.3773041082294328
22,1,465,465.0,484.8110460967604,0.1374339945768517,0.7079716081605631,0.10144474729222869,1.0426044002080868
23,2,630,630.0,489.9706008277436,0.156272299129442,0.9282119757498873,0.11281286842449588,0.7777311124249899
23,4,35,35.0,489.9706008277436,0.1584130155558727,0.25023066887707895,0.5549238312891431,13.999160023649818
23,5,700,700.0,489.9706008277436,0.15812758669901528,0.9661212654271963,0.10693288073525584,0.6999580011824909
23,3,455,455.0,489.9706008277436,0.15612958470101326,0.7941394017088179,0.1335182324793267,1.0768584633576783
23,0,620,620.0,489.9706008277436,0.13757670900528043,0.9786764255388987,0.10640508337116845,0.790275162625393
23,1,558,558.0,489.9706008277436,0.1374339945768517,0.7998511637564989,0.09652485858566309,0.8780835140282144
23,6,440,440.0,489.9706008277436,0.09604681033252462,0.0879645478891989,0.009408230899712693,1.113569547335781
24,4,525,525.0,525.9491936634793,0.1584130155558727,0.8230611476769567,0.1306193303626009,1.0018079879304367
24,3,700,700.0,525.9491936634793,0.15612958470101326,1.011799897631514,0.11869313182675398,0.7513559909478276
24,2,700,700.0,525.9491936634793,0.156272299129442,1.0223665915462357,0.12004232674981823,0.7513559909478276
24,5,595,595.0,525.9491936634793,0.15812758669901528,0.9009940749800768,0.12593788799731576,0.883948224644503
24,6,22,22.0,525.9491936634793,0.09604681033252462,0.2877630702115681,0.6607529609523312,23.90678153015815
24,0,620,620.0,525.9491936634793,0.13757670900528043,1.324625445230467,0.1545931027892357,0.8483051510701278
24,1,310,310.0,525.9491936634793,0.1374339945768517,0.7221588845696616,0.16838718164968067,1.6966103021402557
25,4,175,175.0,406.80690737833595,0.1584130155558727,0.8554111966605155,0.31500399488657876,2.3246108993047767
25,3,420,420.0,406.80690737833595,0.15612958470101326,0.8907055350167026,0.13469714282618486,0.9685878747103237
25,0,310,310.0,406.80690737833595,0.13757670900528043,0.7492945059279966,0.13527703916726097,1.312280346381729
25,6,440,440.0,406.80690737833595,0.09604681033252462,0.0005234004872153187,4.6478565026501564e-05,0.9245611531325817
25,1,62,62.0,406.80690737833595,0.1374339945768517,0.4699443652380671,0.42377686633519807,6.561401731908644
25,2,700,700.0,406.80690737833595,0.156272299129442,1.037012503052205,0.09417947663782575,0.5811527248261942
25,5,700,700.0,406.80690737833595,0.15812758669901528,1.1670794241708997,0.10725025507201635,0.5811527248261942
26,4,700,700.0,513.3876123876123,0.1584130155558727,0.9184410255132293,0.10670615755261968,0.7334108748394461
26,0,403,403.0,513.3876123876123,0.13757670900528043,0.7219677801993236,0.12653278644822455,1.2739146709370033
26,6,440,440.0,513.3876123876123,0.09604681033252462,0.2828076103121617,0.03169324789918467,1.1667900281536643
26,5,455,455.0,513.3876123876123,0.15812758669901528,0.8642773991241903,0.15420369768305583,1.1283244228299172
26,2,665,665.0,513.3876123876123,0.156272299129442,0.8707770174087764,0.105054025804271,0.7720114471994171
26,1,620,620.0,513.3876123876123,0.1374339945768517,0.7841947516408284,0.08924251415811967,0.8280445361090522
26,3,280,280.0,513.3876123876123,0.15612958470101326,0.7396083055981288,0.21172607080251357,1.8335271870986154
27,0,31,31.0,487.81190238333096,0.13757670900528043,0.3170756137298289,0.6864334791150107,15.735867818817129
27,4,490,490.0,487.81190238333096,0.1584130155558727,0.7768997785844614,0.12252146233860803,0.9955344946598591
27,3,700,700.0,487.81190238333096,0.15612958470101326,0.6202876692803173,0.06748895523381722,0.6968741462619014
27,2,700,700.0,487.81190238333096,0.156272299129442,0.7522558093773505,0.08192225621503987,0.6968741462619014
27,6,198,198.0,487.81190238333096,0.09604681033252462,0.08588283347223011,0.020322471048793388,2.4636964766834897
27,1,620,620.0,487.81190238333096,0.1374339945768517,0.7244072956895775,0.07833172460564806,0.7867933909408564
27,5,525,525.0,487.81190238333096,0.15812758669901528,0.6792815006888596,0.09980459106177059,0.9291655283492019
28,3,175,175.0,452.1515627229913,0.15612958470101326,0.8010144546706662,0.32312573268583883,2.5837232155599503
28,0,248,248.0,452.1515627229913,0.13757670900528043,0.5640756926125491,0.14148638717049097,1.823191785173352
28,5,595,595.0,452.1515627229913,0.15812758669901528,0.9371369969212143,0.11261021741018926,0.7599185928117501
28,6,440,440.0,452.1515627229913,0.09604681033252462,0.19826400324950771,0.019568528873840543,1.0276171880067984
28,2,700,700.0,452.1515627229913,0.156272299129442,1.050328977896429,0.10602135378058233,0.6459308038899876
28,1,248,248.0,452.1515627229913,0.1374339945768517,0.82498921680152,0.20671633525057098,1.823191785173352
28,4,700,700.0,452.1515627229913,0.1584130155558727,0.9556912178616143,0.09779000146319233,0.6459308038899876
29,3,140,140.0,458.63593549307836,0.15612958470101326,0.4897262760000847,0.25048323022829344,3.2759709678077025
29,6,440,440.0,458.63593549307836,0.09604681033252462,0.13165617955278233,0.013180734091844313,1.0423543988479054
29,2,700,700.0,458.63593549307836,0.156272299129442,0.766066096061126,0.07843651399113026,0.6551941935615405
29,5,630,630.0,458.63593549307836,0.15812758669901528,0.645970817202616,0.07436148805712127,0.7279935484017117
29,1,124,124.0,458.63593549307836,0.1374339945768517,0.39527180688460084,0.20092612260130382,3.6986768991377286
29,4,525,525.0,458.63593549307836,0.1584130155558727,0.7665659616263388,0.10608382463514399,0.873592258082054
29,0,620,620.0,458.63593549307836,0.13757670900528043,0.7462565780813274,0.07594679992568955,0.7397353798275458
30,1,93,93.0,436.615527329813,0.1374339945768517,0.2978121152520192,0.19215547306359787,4.694790616449602
30,5,700,700.0,436.615527329813,0.15812758669901528,0.6699543959522599,0.0660775634565821,0.6237364676140186
30,6,22,22.0,436.615527329813,0.09604681033252462,0.09398284514584568,0.17914637744721082,19.84616033317332
30,4,700,700.0,436.615527329813,0.1584130155558727,0.7109131837880646,0.07024389191097265,0.6237364676140186
30,2,630,630.0,436.615527329813,0.156272299129442,0.7267288257799185,0.07870693773246572,0.6930405195711318
30,3,105,105.0,436.615527329813,0.15612958470101326,0.4383692408309987,0.28460016999619747,4.158243117426791
30,0,620,620.0,436.615527329813,0.13757670900528043,0.6717728124058436,0.0650840884617618,0.7042185924674403
31,4,280,280.0,534.235050663622,0.1584130155558727,0.6481653564954547,0.1959074822080913,1.90798232379865
31,6,286,286.0,534.235050663622,0.09604681033252462,0.008215795851181453,0.0014740049131253294,1.867954722600077
31,3,700,700.0,534.235050663622,0.15612958470101326,0.5636877776819078,0.06716734178156215,0.76319292951946
31,2,700,700.0,534.235050663622,0.156272299129442,0.7043197754384014,0.08400134160770335,0.76319292951946
31,1,589,589.0,534.235050663622,0.1374339945768517,0.5465770907214377,0.06813381042490765,0.9070204595307675
31,0,620,620.0,534.235050663622,0.13757670900528043,0.6220284532098989,0.07373876440036271,0.8616694365542291
31,5,490,490.0,534.235050663622,0.15812758669901528,0.6816103191406401,0.1175114263881523,1.0902756135992286
32,3,700,700.0,494.87512487512487,0.15612958470101326,0.5415483441208339,0.0597750600498379,0.7069644641073213
32,1,527,527.0,494.87512487512487,0.1374339945768517,0.7228459314365299,0.09328781469912004,0.9390419826852464
32,2,525,525.0,494.87512487512487,0.156272299129442,0.5688920313981459,0.0838008016503469,0.9426192854764284
32,0,620,620.0,494.87512487512487,0.13757670900528043,0.5348440262964513,0.05873216372275024,0.7981856852824595
32,5,700,700.0,494.87512487512487,0.15812758669901528,0.5624635544817557,0.06287812956678973,0.7069644641073213
32,6,308,308.0,494.87512487512487,0.09604681033252462,0.09061537576135947,0.013983946388109871,1.6067374184257301
32,4,35,35.0,494.87512487512487,0.1584130155558727,0.29317253050041253,0.6566617457313964,14.139289282146425
33,3,280,280.0,492.6617668046239,0.15612958470101326,0.7036741046765203,0.19330700955425612,1.7595063100165138
33,1,527,527.0,492.6617668046239,0.1374339945768517,0.7039463792454899,0.09044238240973265,0.9348420622478631
33,0,620,620.0,492.6617668046239,0.13757670900528043,0.809704415349374,0.08851738887212525,0.7946157529106836
33,5,315,315.0,492.6617668046239,0.15812758669901528,0.633139477143178,0.15658326421649557,1.5640056089035679
33,4,700,700.0,492.6617668046239,0.1584130155558727,0.5334988554601061,0.05948057707156819,0.7038025240066056
33,2,700,700.0,492.6617668046239,0.156272299129442,0.8937545736573947,0.09829945249562747,0.7038025240066056
33,6,220,220.0,492.6617668046239,0.09604681033252462,0.18716146722477892,0.04025553168145792,2.239371667293745
34,2,700,700.0,410.9433423719139,0.156272299129442,0.6003842493545989,0.05508016098192999,0.5870619176741627
34,6,440,440.0,410.9433423719139,0.09604681033252462,0.06638099813672409,0.005954646678453566,0.9339621417543498
34,4,175,175.0,410.9433423719139,0.1584130155558727,0.48344541231888366,0.17983830674459092,2.348247670696651
34,3,315,315.0,410.9433423719139,0.15612958470101326,0.5173285330163974,0.1053714683545735,1.304582039275917
34,1,620,620.0,410.9433423719139,0.1374339945768517,0.5614921476051248,0.05114793635808751,0.662811842535345
34,5,210,210.0,410.9433423719139,0.15812758669901528,0.5274320656389374,0.16320626522320447,1.9568730589138756
34,0,465,465.0,410.9433423719139,0.13757670900528043,0.537285503780609,0.06532494243245053,0.88374912338046
35,2,140,140.0,478.9406307977736,0.156272299129442,0.5266871061566298,0.2815712665569153,3.421004505698383
35,0,465,465.0,478.9406307977736,0.13757670900528043,0.5305892655929292,0.07518515594560007,1.0299798511780078
35,5,700,700.0,478.9406307977736,0.15812758669901528,0.4630125294817722,0.05009380585424742,0.6842009011396766
35,1,589,589.0,478.9406307977736,0.1374339945768517,0.5518098350712032,0.061666598480662936,0.8131419877721114
35,6,440,440.0,478.9406307977736,0.09604681033252462,0.15799479229943966,0.016517895887398337,1.0885014336313037
35,3,700,700.0,478.9406307977736,0.15612958470101326,0.47012163453944283,0.050220274685439714,0.6842009011396766
35,4,315,315.0,478.9406307977736,0.1584130155558727,0.39571123492398363,0.09531041711112795,1.520446446977059
36,1,434,434.0,509.7742257742258,0.1374339945768517,0.6652199460406287,0.10738597794332846,1.1745949902631931
36,0,620,620.0,509.7742257742258,0.13757670900528043,0.5785502494961663,0.06544435410444191,0.8222164931842352
36,5,700,700.0,509.7742257742258,0.15812758669901528,0.5197777748478198,0.05985565424869997,0.7282488939631797
36,4,245,245.0,509.7742257742258,0.1584130155558727,0.3981676059157113,0.1312407109903538,2.080711125609085
36,2,700,700.0,509.7742257742258,0.156272299129442,0.46650908339163055,0.053091126414169576,0.7282488939631797
36,6,22,22.0,509.7742257742258,0.09604681033252462,0.08731068704311755,0.1943146502811845,23.171555717010264
36,3,665,665.0,509.7742257742258,0.15612958470101326,0.44874297021172366,0.053708013711566804,0.7665777831191365
37,2,700,700.0,555.7548166119595,0.156272299129442,0.5612276269295774,0.06963157817398616,0.7939354523027994
37,3,420,420.0,555.7548166119595,0.15612958470101326,0.5048603110224972,0.10430145814262591,1.323225753837999
37,5,700,700.0,555.7548166119595,0.15812758669901528,0.5390717772637199,0.06767674045933271,0.7939354523027994
37,1,434,434.0,555.7548166119595,0.1374339945768517,0.6640719767241943,0.11686994218906856,1.2805410521012892
37,6,264,264.0,555.7548166119595,0.09604681033252462,0.006891643753401202,0.0013934297377674787,2.1051318811059074
37,0,620,620.0,555.7548166119595,0.13757670900528043,0.5495169655929416,0.06776689191510982,0.8963787364709025
37,4,630,630.0,555.7548166119595,0.1584130155558727,0.4177731560502999,0.058381342588479254,0.8821505025586659
38,6,198,198.0,453.0291137433994,0.09604681033252462,0.06463939992769968,0.014204998271445427,2.288025826986866
38,5,140,140.0,453.0291137433994,0.15812758669901528,0.47026600838256316,0.2406297435679913,3.2359222410242814
38,0,620,620.0,453.0291137433994,0.13757670900528043,0.5653972850745066,0.05683725018191479,0.7306921189409669
38,4,700,700.0,453.0291137433994,0.1584130155558727,0.3731651216373211,0.03825779881591608,0.6471844482048563
38,3,700,700.0,453.0291137433994,0.15612958470101326,0.4350107292259026,0.043955502149342116,0.6471844482048563
38,1,217,217.0,453.0291137433994,0.1374339945768517,0.35629053911532693,0.10222681705737532,2.0876917684027623
38,2,490,490.0,453.0291137433994,0.156272299129442,0.4384549968378891,0.06334860536083395,0.9245492117212233
39,3,700,700.0,519.9255030683603,0.15612958470101326,0.502056158376278,0.058221123769968006,0.7427507186690862
39,6,132,132.0,519.9255030683603,0.09604681033252462,0.09241592169944224,0.03496205369639685,3.938829568699699
39,2,700,700.0,519.9255030683603,0.156272299129442,0.532827867771816,0.06184605658303187,0.7427507186690862
39,0,372,372.0,519.9255030683603,0.13757670900528043,0.4738717250431716,0.0911179401289021,1.3976492017966675
39,1,558,558.0,519.9255030683603,0.1374339945768517,0.39393834186264365,0.050446302985219904,0.9317661345311116
39,5,315,315.0,519.9255030683603,0.15812758669901528,0.3383608940511711,0.0883117261552518,1.6505571525979692
39,4,700,700.0,519.9255030683603,0.1584130155558727,0.42402108838414804,0.0498909068962856,0.7427507186690862
40,3,700,700.0,486.0518053375197,0.15612958470101326,0.5700959629299737,0.06180415750892646,0.6943597219107424
40,5,210,210.0,486.0518053375197,0.15812758669901528,0.3889183314874691,0.14234077386583557,2.3145324063691413
40,4,700,700.0,486.0518053375197,0.1584130155558727,0.45094388266649843,0.04960185079946952,0.6943597219107424
40,0,217,217.0,486.0518053375197,0.13757670900528043,0.4480159902383436,0.13805789836490584,2.2398700706798143
40,6,396,396.0,486.0518053375197,0.09604681033252462,0.05245599311393632,0.006183942390044385,1.2274035488321204
40,2,700,700.0,486.0518053375197,0.156272299129442,0.5239176545342115,0.056849880407110226,0.6943597219107424
40,1,403,403.0,486.0518053375197,0.1374339945768517,0.4249863823147275,0.07044443632522071,1.2060838842122077
41,0,248,248.0,459.335236192379,0.13757670900528043,0.3341749136824566,0.08515239003006596,1.852158210453141
41,4,350,350.0,459.335236192379,0.1584130155558727,0.4014798441593126,0.0834672924374283,1.312386389121083
41,1,620,620.0,459.335236192379,0.1374339945768517,0.3327313467132061,0.033878639369171716,0.7408632841812565
41,2,700,700.0,459.335236192379,0.156272299129442,0.4783651613639091,0.04905386897745517,0.6561931945605415
41,5,700,700.0,459.335236192379,0.15812758669901528,0.323472933104373,0.03356427814457121,0.6561931945605415
41,3,210,210.0,459.335236192379,0.15612958470101326,0.4624250442963389,0.15791995754978652,2.187310648535138
41,6,330,330.0,459.335236192379,0.09604681033252462,0.11513972683359827,0.015393024605878712,1.3919249581587243
42,0,31,31.0,505.9479092336235,0.13757670900528043,0.34056981961971095,0.7647072144906573,16.32090029785882
42,2,700,700.0,505.9479092336235,0.156272299129442,0.5641248587499111,0.06371842099741026,0.722782727476605
42,4,595,595.0,505.9479092336235,0.1584130155558727,0.4339873883155881,0.05845973067622798,0.8503326205607117
42,1,341,341.0,505.9479092336235,0.1374339945768517,0.3697158583911827,0.07538998824287675,1.4837182088962566
42,5,630,630.0,505.9479092336235,0.15812758669901528,0.43946024502105896,0.055807490313076566,0.8030919194184499
42,3,700,700.0,505.9479092336235,0.15612958470101326,0.36900409219296987,0.04164128784366464,0.722782727476605
42,6,440,440.0,505.9479092336235,0.09604681033252462,0.07960031508605636,0.008791254701046376,1.149881611894599
43,1,620,620.0,439.7984872270587,0.1374339945768517,0.5521874800371667,0.0538322790816978,0.7093523987533205
43,2,490,490.0,439.7984872270587,0.156272299129442,0.873100742244504,0.12246275073945606,0.8975479331164463
43,6,176,176.0,439.7984872270587,0.09604681033252462,0.15632577227931274,0.03751928840942192,2.4988550410628334
43,5,35,35.0,439.7984872270587,0.15812758669901528,0.39697084972335395,0.7887728375020114,12.565671063630248
43,4,385,385.0,439.7984872270587,0.1584130155558727,0.7348718098993858,0.1329827932485,1.1423337330572954
43,0,620,620.0,439.7984872270587,0.13757670900528043,0.4670405374740841,0.04557865817777643,0.7093523987533205
43,3,700,700.0,439.7984872270587,0.15612958470101326,0.8591307908469608,0.08427527530149032,0.6282835531815124
44,2,700,700.0,454.28314542600253,0.156272299129442,0.8245334608723154,0.08362167653874682,0.6489759220371465
44,6,154,154.0,454.28314542600253,0.09604681033252462,0.4812390846093962,0.13634830457504177,2.949890554714302
44,0,186,186.0,454.28314542600253,0.13757670900528043,0.7246904835004238,0.24350683425782205,2.4423825022903363
44,3,700,700.0,454.28314542600253,0.15612958470101326,0.7749405615085388,0.07852034185518951,0.6489759220371465
44,5,210,210.0,454.28314542600253,0.15812758669901528,0.5387800817992023,0.1843004960752877,2.163253073457155
44,4,700,700.0,454.28314542600253,0.1584130155558727,0.6315064551683255,0.06492279966561354,0.6489759220371465
44,1,372,372.0,454.28314542600253,0.1374339945768517,0.825377698433421,0.1385257735580407,1.2211912511451681
45,1,279,279.0,397.1809618952476,0.1374339945768517,0.39721965692626543,0.07771576414423896,1.4235876770438982
45,0,620,620.0,397.1809618952476,0.13757670900528043,0.3566281515637564,0.03143093299213328,0.6406144546697542
45,5,700,700.0,397.1809618952476,0.15812758669901528,0.41927797209058454,0.03761837854148327,0.5674013741360681
45,2,350,350.0,397.1809618952476,0.156272299129442,0.5213792965501061,0.09246048397115635,1.1348027482721361
45,4,140,140.0,397.1809618952476,0.1584130155558727,0.4390421902484966,0.19731382023425406,2.83700687068034
45,6,440,440.0,397.1809618952476,0.09604681033252462,0.03627095393922358,0.0031446887813477028,0.9026840043073809
45,3,280,280.0,397.1809618952476,0.15612958470101326,0.5679846619738693,0.12579176316371085,1.41850343534017
46,6,176,176.0,498.0896246610532,0.09604681033252462,0.14535308937977257,0.03950954616647105,2.830054685574166
46,4,700,700.0,498.0896246610532,0.1584130155558727,0.33418250512176734,0.037668994430931246,0.7115566066586475
46,5,700,700.0,498.0896246610532,0.15812758669901528,0.37734835966475383,0.04245800312702084,0.7115566066586475
46,3,700,700.0,498.0896246610532,0.15612958470101326,0.39491091434750614,0.04387264283420284,0.7115566066586475
46,2,280,280.0,498.0896246610532,0.156272299129442,0.47263015272218084,0.13138714960208753,1.7788915166466186
46,0,341,341.0,498.0896246610532,0.13757670900528043,0.41916660854921567,0.08423347382768356,1.4606733861027954
46,1,434,434.0,498.0896246610532,0.1374339945768517,0.6034439035803054,0.0951806879700607,1.147671946223625
47,0,589,589.0,576.5288996717568,0.13757670900528043,0.3369415490777554,0.04537381248000841,0.9788266547907586
47,4,700,700.0,576.5288996717568,0.1584130155558727,0.4144583260530162,0.05407478133577636,0.8236127138167955
47,1,620,620.0,576.5288996717568,0.1374339945768517,0.5697903143558002,0.07281797958008453,0.9298853220512207
47,5,560,560.0,576.5288996717568,0.15812758669901528,0.4213765405807981,0.06859793641147147,1.0295158922709942
47,2,420,420.0,576.5288996717568,0.156272299129442,0.38183726641355226,0.08190909086481174,1.3726878563613256
47,6,374,374.0,576.5288996717568,0.09604681033252462,0.057220808542016804,0.00847200916222414,1.5415211221169967
47,3,700,700.0,576.5288996717568,0.15612958470101326,0.4150477144328634,0.05337111466327598,0.8236127138167955
48,3,700,700.0,461.3235336092479,0.15612958470101326,0.3649381467975267,0.03755018117389004,0.6590336194417826
48,0,186,186.0,461.3235336092479,0.13757670900528043,0.34650382884367353,0.1182348813897092,2.480234051662623
48,2,700,700.0,461.3235336092479,0.156272299129442,0.34418113745102435,0.035446767536740746,0.6590336194417826
48,6,264,264.0,461.3235336092479,0.09604681033252462,0.08337178876554029,0.013992771728455868,1.7474376273077572
48,5,700,700.0,461.3235336092479,0.15812758669901528,0.38487729464538123,0.040108600085124395,0.6590336194417826
48,1,186,186.0,461.3235336092479,0.1374339945768517,0.35053026057046305,0.11948471473298818,2.480234051662623
48,4,350,350.0,461.3235336092479,0.1584130155558727,0.4060994018478352,0.0847931514499053,1.3180672388835653
49,0,217,217.0,514.9693163978877,0.13757670900528043,0.18567766895626675,0.060621434767775054,2.3731304903128465
49,2,560,560.0,514.9693163978877,0.156272299129442,0.504745490607223,0.07253502672759517,0.919588064996228
49,4,490,490.0,514.9693163978877,0.1584130155558727,0.48447448791080194,0.08065792528035318,1.0509577885671177
49,1,620,620.0,514.9693163978877,0.1374339945768517,0.523023511954468,0.05970422231593288,0.8305956716094963
49,6,154,154.0,514.9693163978877,0.09604681033252462,0.08059421384994339,0.025884956670073195,3.343956599986284
49,5,700,700.0,514.9693163978877,0.15812758669901528,0.36557130178342284,0.04252683392902963,0.7356704519969824
49,3,700,700.0,514.9693163978877,0.15612958470101326,0.414044736237036,0.04755714616960069,0.7356704519969824
50,1,31,31.0,444.4802340516626,0.1374339945768517,0.2791227847598981,0.5500221987844404,14.338072066182665
50,2,700,700.0,444.4802340516626,0.156272299129442,0.42713378160459947,0.04238384328422345,0.6349717629309466
50,0,372,372.0,444.4802340516626,0.13757670900528043,0.325174454691653,0.05345284803166298,1.1948393388485554
50,6,44,44.0,444.4802340516626,0.09604681033252462,0.05301407521953735,0.05143679652154712,10.10182350117415
50,3,700,700.0,444.4802340516626,0.15612958470101326,0.4194154905349543,0.04157996158235012,0.6349717629309466
50,5,700,700.0,444.4802340516626,0.15812758669901528,0.3810139565214653,0.03825629782652957,0.6349717629309466
50,4,350,350.0,444.4802340516626,0.1584130155558727,0.41694888859722734,0.08387993596049524,1.2699435258618932
51,5,210,210.0,450.8218923933209,0.15812758669901528,0.5927008443980618,0.20120042410275174,2.146770916158671
51,0,496,496.0,450.8218923933209,0.13757670900528043,0.46219322126891016,0.057795205096722875,0.9089151056316954
51,1,155,155.0,450.8218923933209,0.1374339945768517,0.38450178076858305,0.15369715361008643,2.9085283380214255
51,2,420,420.0,450.8218923933209,0.156272299129442,0.6236561577036349,0.10461234170403631,1.0733854580793356
51,4,700,700.0,450.8218923933209,0.1584130155558727,0.5983238750106996,0.06104275862342464,0.6440312748476014
51,6,440,440.0,450.8218923933209,0.09604681033252462,0.16592330758871013,0.016328363667660203,1.0245952099848203
51,3,700,700.0,450.8218923933209,0.15612958470101326,0.6490767249749857,0.06526618059962085,0.6440312748476014
52,1,155,155.0,418.7502497502498,0.1374339945768517,0.3792384849529391,0.14080885060401208,2.7016145145177406
52,3,700,700.0,418.7502497502498,0.15612958470101326,0.42968689616508315,0.04013232800289319,0.5982146425003568
52,2,700,700.0,418.7502497502498,0.156272299129442,0.5193728987869068,0.04855325216277165,0.5982146425003568
52,5,35,35.0,418.7502497502498,0.15812758669901528,0.266355563993799,0.5039140309111596,11.964292850007137
52,4,315,315.0,418.7502497502498,0.1584130155558727,0.3891932936141813,0.08195977069700702,1.3293658722230153
52,0,620,620.0,418.7502497502498,0.13757670900528043,0.3339698542898434,0.03103241489772465,0.6754036286294351
52,6,396,396.0,418.7502497502498,0.09604681033252462,0.1038432357996982,0.010546808301077152,1.057450125631944
53,6,352,352.0,519.3005565862708,0.09604681033252462,0.19006317744093798,0.026931283817112205,1.4752856721200873
53,3,700,700.0,519.3005565862708,0.15612958470101326,0.6235698025606387,0.07222557834428896,0.7418579379803868
53,2,700,700.0,519.3005565862708,0.156272299129442,0.6864360331134732,0.07957979620218247,0.7418579379803868
53,4,525,525.0,519.3005565862708,0.1584130155558727,0.4321427179568185,0.06771385591150195,0.9891439173071824
53,5,595,595.0,519.3005565862708,0.15812758669901528,0.3630439767134706,0.05010357340216543,0.8727740446828081
53,1,31,31.0,519.3005565862708,0.1374339945768517,0.35085584680576887,0.8077556083375387,16.751630857621638
53,0,620,620.0,519.3005565862708,0.13757670900528043,0.4710026417065634,0.05427444085134144,0.8375815428810819
54,6,440,440.0,463.92307692307685,0.09604681033252462,0.15673870855711883,0.015872762223547505,1.0543706293706292
54,4,385,385.0,463.92307692307685,0.1584130155558727,0.8367091961195048,0.15971681834917967,1.204995004995005
54,2,70,70.0,463.92307692307685,0.156272299129442,0.5540680628337676,0.5738429566055209,6.627472527472526
54,0,620,620.0,463.92307692307685,0.13757670900528043,0.5792072412705942,0.05962565815445184,0.7482630272952853
54,1,403,403.0,463.92307692307685,0.1374339945768517,0.4278688328582134,0.06769331027607009,1.1511738881465927
54,3,630,630.0,463.92307692307685,0.15612958470101326,0.8217613194782692,0.09447922589261679,0.7363858363858363
54,5,700,700.0,463.92307692307685,0.15812758669901528,0.8623930097459345,0.09037760048255865,0.6627472527472527
55,1,620,620.0,529.8574282859997,0.1374339945768517,0.5136117892882982,0.060324883412143315,0.8546087552999996
55,4,455,455.0,529.8574282859997,0.1584130155558727,0.5308909196099891,0.09793632178655927,1.1645218204087906
55,2,665,665.0,529.8574282859997,0.156272299129442,0.41086885867595585,0.051159066265383635,0.7967780876481199
55,6,22,22.0,529.8574282859997,0.09604681033252462,0.14569850251864114,0.3370345173061575,24.084428558454533
55,0,620,620.0,529.8574282859997,0.13757670900528043,0.5541001288668469,0.06514791264029351,0.8546087552999996
55,3,700,700.0,529.8574282859997,0.15612958470101326,0.4762436185496011,0.05628275674218994,0.7569391832657139
55,5,455,455.0,529.8574282859997,0.15812758669901528,0.5455298400936686,0.10045551504785222,1.1645218204087906
56,5,70,70.0,417.2744398458684,0.15812758669901528,0.4383740398425009,0.4132151284744255,5.961063426369549
56,2,700,700.0,417.2744398458684,0.156272299129442,0.5352290139447918,0.04985920992200883,0.5961063426369548
56,0,620,620.0,417.2744398458684,0.13757670900528043,0.49398649806955214,0.04573936051495792,0.6730232900739813
56,4,140,140.0,417.2744398458684,0.1584130155558727,0.48077422483307497,0.22699996212879342,2.9805317131847744
56,1,434,434.0,417.2744398458684,0.1374339945768517,0.39626235779732083,0.05236113383218183,0.9614618429628304
56,6,440,440.0,417.2744398458684,0.09604681033252462,0.0003514842494108111,3.201532548053102e-05,0.9483509996497009
56,3,560,560.0,417.2744398458684,0.15612958470101326,0.5415223973810146,0.06299925069932188,0.7451329282961936
57,2,140,140.0,430.26259454830887,0.156272299129442,0.4913202674485102,0.2359675249893868,3.0733042467736347
57,6,440,440.0,430.26259454830887,0.09604681033252462,0.4045066040806917,0.03799176571545964,0.9778695330643383
57,3,350,350.0,430.26259454830887,0.15612958470101326,0.5316289834686015,0.10203740420645593,1.229321698709454
57,5,700,700.0,430.26259454830887,0.15812758669901528,0.3647936792739747,0.03545606210330942,0.614660849354727
57,1,620,620.0,430.26259454830887,0.1374339945768517,0.526964115624761,0.05025937853863413,0.6939719266908208
57,4,595,595.0,430.26259454830887,0.1584130155558727,0.3708996243726325,0.04248776446039288,0.7231304110055611
57,0,155,155.0,430.26259454830887,0.13757670900528043,0.444752338749422,0.16984980418152493,2.775887706763283
58,6,440,440.0,416.59982874268593,0.09604681033252462,0.05697963920303335,0.00518166166283389,0.9468177925970135
58,4,280,280.0,416.59982874268593,0.1584130155558727,0.4118477503498316,0.09707080139901852,1.4878565312238783
58,2,700,700.0,416.59982874268593,0.156272299129442,0.31066380660259707,0.028893071224036403,0.5951426124895514
58,0,620,620.0,416.59982874268593,0.13757670900528043,0.35174360406346206,0.032516105439828184,0.6719352076494934
58,3,280,280.0,416.59982874268593,0.15612958470101326,0.5287804242815121,0.12283485831147936,1.4878565312238783
58,5,175,175.0,416.59982874268593,0.15812758669901528,0.38460651699258935,0.14477891585685865,2.3805704499582054
58,1,465,465.0,416.59982874268593,0.1374339945768517,0.3279559221413767,0.04038088022646326,0.8959136101993246
59,2,700,700.0,430.0679320679321,0.156272299129442,0.3725287408260854,0.03576685934417113,0.6143827600970458
59,0,496,496.0,430.0679320679321,0.13757670900528043,0.3587111025585997,0.04279027912526593,0.867072443685347
59,1,124,124.0,430.0679320679321,0.1374339945768517,0.282751568042347,0.1347766220152321,3.468289774741388
59,4,700,700.0,430.0679320679321,0.1584130155558727,0.32097719051192947,0.03123949849875198,0.6143827600970458
59,6,440,440.0,430.0679320679321,0.09604681033252462,0.13618802767581223,0.012785162763119749,0.9774271183362092
59,5,140,140.0,430.0679320679321,0.15812758669901528,0.24201743294690187,0.11756101255718239,3.071913800485229
59,3,385,385.0,430.0679320679321,0.15612958470101326,0.4539869546594774,0.07917806959985621,1.1170595638128107
60,6,418,418.0,590.696731839589,0.09604681033252462,0.08218468290451578,0.01115480844586278,1.4131500761712656
60,4,700,700.0,590.696731839589,0.1584130155558727,0.36660086715247864,0.04900618297403547,0.8438524740565557
60,2,595,595.0,590.696731839589,0.156272299129442,0.3748068480792713,0.058148313236227774,0.9927676165371244
60,0,620,620.0,590.696731839589,0.13757670900528043,0.3265498158560789,0.04280231296000801,0.9527366642574017
60,3,665,665.0,590.696731839589,0.15612958470101326,0.49625654035465033,0.06882312220463001,0.8882657621647955
60,1,341,341.0,590.696731839589,0.1374339945768517,0.16460373652240676,0.039187183286555405,1.732248480468003
60,5,700,700.0,590.696731839589,0.15812758669901528,0.3348968992428901,0.044687421620353926,0.8438524740565557
61,6,352,352.0,451.9874411302983,0.09604681033252462,0.07465173600958075,0.009206754496230648,1.284055230483802
61,4,210,210.0,451.9874411302983,0.1584130155558727,0.3547771743177052,0.1209632939729251,2.1523211482395155
61,0,620,620.0,451.9874411302983,0.13757670900528043,0.3890387138394129,0.039018665829382196,0.7290120018230618
61,2,700,700.0,451.9874411302983,0.156272299129442,0.4288732309153548,0.04327521846739641,0.6456963444718548
61,5,595,595.0,451.9874411302983,0.15812758669901528,0.28585464813316297,0.03433699643141023,0.759642758202182
61,1,620,620.0,451.9874411302983,0.1374339945768517,0.3168948530718347,0.031750022207895856,0.7290120018230618
61,3,70,70.0,451.9874411302983,0.15612958470101326,0.37143721683469155,0.3744544091671046,6.456963444718547
62,3,700,700.0,427.1855287569573,0.15612958470101326,0.2805472803161266,0.02673066478048256,0.6102650410813676
62,4,700,700.0,427.1855287569573,0.1584130155558727,0.41142062727473006,0.03977364704811531,0.6102650410813676
62,0,62,62.0,427.1855287569573,0.13757670900528043,0.3775914784616888,0.35792492582778923,6.8900891734993115
62,6,440,440.0,427.1855287569573,0.09604681033252462,0.2904976218228163,0.027088776114088955,0.9708762017203575
62,1,372,372.0,427.1855287569573,0.1374339945768517,0.35775459258105713,0.05646157381768802,1.1483481955832184
62,5,630,630.0,427.1855287569573,0.15812758669901528,0.42231047383287224,0.045280944623357945,0.6780722678681862
62,2,35,35.0,427.1855287569573,0.156272299129442,0.27070044750250527,0.5163206124985522,12.205300821627352
63,0,155,155.0,379.92792921364355,0.13757670900528043,0.4246049048140564,0.14318563351859392,2.4511479304106034
63,4,525,525.0,379.92792921364355,0.1584130155558727,0.6025079136832919,0.06907096664380073,0.7236722461212258
63,1,620,620.0,379.92792921364355,0.1374339945768517,0.47226878362063046,0.03977342041748178,0.6127869826026509
63,6,440,440.0,379.92792921364355,0.09604681033252462,0.07679749684679679,0.006369107154378062,0.8634725663946444
63,3,700,700.0,379.92792921364355,0.15612958470101326,0.6336571938794796,0.05369610138007769,0.5427541845909194
63,5,210,210.0,379.92792921364355,0.15812758669901528,0.5088131602543848,0.145561963212274,1.8091806153030645
63,2,35,35.0,379.92792921364355,0.156272299129442,0.4480969167998685,0.7601287055272795,10.855083691818388
64,6,66,66.0,430.4732410446695,0.09604681033252462,0.5076349468736375,0.31800700284750105,6.522321834010144
64,4,700,700.0,430.4732410446695,0.1584130155558727,0.6880440415979423,0.06702783928533405,0.6149617729209564
64,0,217,217.0,430.4732410446695,0.13757670900528043,0.7010857204752725,0.19133854375958156,1.9837476545837305
64,2,420,420.0,430.4732410446695,0.156272299129442,0.5419106113606239,0.08679736211599698,1.024936288201594
64,5,700,700.0,430.4732410446695,0.15812758669901528,0.6552495968870157,0.06371805720259431,0.6149617729209564
64,3,140,140.0,430.4732410446695,0.15612958470101326,0.5202122907120047,0.24973760226568423,3.0748088646047824
64,1,620,620.0,430.4732410446695,0.1374339945768517,0.7610029060731036,0.07261644026183452,0.6943116791043057
65,0,31,31.0,456.69958612815753,0.13757670900528043,0.36335201412691104,0.7364468561376476,14.732244713811534
65,5,700,700.0,456.69958612815753,0.15812758669901528,0.47767876345595867,0.0492806190703952,0.6524279801830822
65,4,490,490.0,456.69958612815753,0.1584130155558727,0.506629154924394,0.07480240784452169,0.9320399716901174
65,6,440,440.0,456.69958612815753,0.09604681033252462,0.003682704315445791,0.0003671366484803268,1.0379536048367217
65,2,280,280.0,456.69958612815753,0.156272299129442,0.4559587021834079,0.11621979290284724,1.6310699504577055
65,3,595,595.0,456.69958612815753,0.15612958470101326,0.49471442566027246,0.05928617494271373,0.7675623296271555
65,1,620,620.0,456.69958612815753,0.1374339945768517,0.4530562237434306,0.04586540143059325,0.7366122356905767
66,2,560,560.0,476.57114314257166,0.156272299129442,0.6435278059721802,0.08558330099470206,0.8510198984688779
66,3,595,595.0,476.57114314257166,0.15612958470101326,0.6804925360924037,0.08509799870553113,0.8009599044412969
66,4,70,70.0,476.57114314257166,0.1584130155558727,0.6154041336532505,0.663713990359581,6.8081591877510235
66,6,440,440.0,476.57114314257166,0.09604681033252462,0.48218413998377774,0.05016154835248322,1.0831162344149357
66,5,700,700.0,476.57114314257166,0.15812758669901528,0.6964099248766377,0.07497255242424417,0.6808159187751024
66,1,620,620.0,476.57114314257166,0.1374339945768517,0.5315356045288071,0.056151657797602034,0.768663134100922
66,0,341,341.0,476.57114314257166,0.13757670900528043,0.5206797402565649,0.10011265032426288,1.397569334728949
67,5,175,175.0,433.273298130441,0.15812758669901528,0.4379074981023573,0.17144068795251674,2.475847417888234
67,6,440,440.0,433.273298130441,0.09604681033252462,0.13957380731006028,0.013200674447240653,0.9847120412055477
67,0,403,403.0,433.273298130441,0.13757670900528043,0.5561402624361063,0.0822595127674818,1.0751198464775211
67,2,700,700.0,433.273298130441,0.156272299129442,0.5505902003520131,0.053256713708164205,0.6189618544720585
67,4,700,700.0,433.273298130441,0.1584130155558727,0.36232747216416533,0.03552679339911011,0.6189618544720585
67,3,70,70.0,433.273298130441,0.15612958470101326,0.5381562671078631,0.5200648380003122,6.189618544720585
67,1,558,558.0,433.273298130441,0.1374339945768517,0.6194208634772779,0.06610095362726633,0.7764754446782096
68,3,700,700.0,506.6571999429142,0.15612958470101326,0.37636473501696066,0.04253146153117076,0.7237959999184489
68,4,700,700.0,506.6571999429142,0.1584130155558727,0.5661305319019724,0.06491179477790923,0.7237959999184489
68,0,620,620.0,506.6571999429142,0.13757670900528043,0.47129477622245364,0.05298587025152761,0.8171890321659906
68,6,220,220.0,506.6571999429142,0.09604681033252462,0.3198877765925366,0.07075744295254109,2.302987272467792
68,1,589,589.0,506.6571999429142,0.1374339945768517,0.5831684860008234,0.06894251788964784,0.8601989812273586
68,2,280,280.0,506.6571999429142,0.156272299129442,0.33921973915662407,0.09592223843048515,1.809489999796122
68,5,350,350.0,506.6571999429142,0.15812758669901528,0.5156542143783477,0.11803543060956681,1.4475919998368978
69,4,350,350.0,481.90794919366346,0.1584130155558727,0.3620178753657663,0.07896177862820841,1.3768798548390384
69,2,560,560.0,481.90794919366346,0.156272299129442,0.34433724814458133,0.0463065119847901,0.860549909274399
69,5,700,700.0,481.90794919366346,0.15812758669901528,0.31550295068266915,0.0343460753451166,0.6884399274195192
69,3,700,700.0,481.90794919366346,0.15612958470101326,0.36630129236455666,0.039372202088093305,0.6884399274195192
69,6,440,440.0,481.90794919366346,0.09604681033252462,0.041462942513653595,0.004361686830363428,1.0952453390765078
69,0,155,155.0,481.90794919366346,0.13757670900528043,0.3936275736778639,0.16836926716895886,3.1090835431849255
69,1,403,403.0,481.90794919366346,0.1374339945768517,0.4419247343569166,0.07262757159958652,1.195801362763433
70,5,665,665.0,471.20365348936775,0.15812758669901528,0.3352439250428703,0.03756259289961819,0.7085769225404026
70,3,280,280.0,471.20365348936775,0.15612958470101326,0.34281153496193095,0.09007229924116793,1.6828701910334563
70,0,620,620.0,471.20365348936775,0.13757670900528043,0.351792447220372,0.036783105026263474,0.7600058927247867
70,1,93,93.0,471.20365348936775,0.1374339945768517,0.17220425533482675,0.11991230445830578,5.066705951498578
70,6,440,440.0,471.20365348936775,0.09604681033252462,0.12036239055386247,0.012380258822200582,1.0709173942940176
70,2,455,455.0,471.20365348936775,0.156272299129442,0.42966283370880254,0.06953557376009854,1.0356124252513577
70,4,700,700.0,471.20365348936775,0.1584130155558727,0.38459350015234883,0.041011288148964514,0.6731480764133825
71,4,455,455.0,422.13329527615235,0.1584130155558727,0.4187158037574604,0.061538715302599085,0.9277654841234118
71,1,620,620.0,422.13329527615235,0.1374339945768517,0.21083657920112564,0.0197286809423375,0.6808601536712134
71,3,245,245.0,422.13329527615235,0.15612958470101326,0.2821410684961386,0.0758988219016252,1.722993041943479
71,6,440,440.0,422.13329527615235,0.09604681033252462,0.08198982879805074,0.007555093749851965,0.9593938529003463
71,5,420,420.0,422.13329527615235,0.15812758669901528,0.3955011105441583,0.06285729212418764,1.0050792744670294
71,0,62,62.0,422.13329527615235,0.13757670900528043,0.12355427791907125,0.11573390895288845,6.808601536712135
71,2,700,700.0,422.13329527615235,0.156272299129442,0.31965161559241395,0.030123849795970752,0.6030475646802177
72,5,700,700.0,488.9922934208648,0.15812758669901528,0.3276525281877986,0.036193046507308084,0.698560419172664
72,6,440,440.0,488.9922934208648,0.09604681033252462,0.15951992470765478,0.017027356185047946,1.1113461214110565
72,4,490,490.0,488.9922934208648,0.1584130155558727,0.3298930689059713,0.05215188218960512,0.9979434559609486
72,3,700,700.0,488.9922934208648,0.15612958470101326,0.33313533947687474,0.03633372165698523,0.698560419172664
72,1,310,310.0,488.9922934208648,0.1374339945768517,0.18502269161024484,0.040110630155142275,1.5773944949060155
72,2,245,245.0,488.9922934208648,0.156272299129442,0.34739667166921173,0.10835365989747968,1.9958869119218972
72,0,496,496.0,488.9922934208648,0.13757670900528043,0.13997208240415998,0.018984828502279723,0.9858715593162597
73,5,700,700.0,543.825888397317,0.15812758669901528,0.4125859765314936,0.05068552431896382,0.7768941262818815
73,4,700,700.0,543.825888397317,0.1584130155558727,0.3376404780834722,0.04155346135036993,0.7768941262818815
73,6,330,330.0,543.825888397317,0.09604681033252462,0.09049232423556415,0.01432321885111682,1.6479572375676275
73,1,620,620.0,543.825888397317,0.1374339945768517,0.31964535191364996,0.03853281626895747,0.877138529673092
73,3,630,630.0,543.825888397317,0.15612958470101326,0.2364211857171651,0.0318633125890643,0.8632156958687572
73,2,630,630.0,543.825888397317,0.156272299129442,0.3277775349282621,0.04421610826731183,0.8632156958687572
73,0,62,62.0,543.825888397317,0.13757670900528043,0.21853680978575343,0.26371674325444083,8.77138529673092
74,1,155,155.0,439.0132724418438,0.1374339945768517,0.22175971015940574,0.08632225302704723,2.832343693173186
74,4,700,700.0,439.0132724418438,0.1584130155558727,0.42276146758285776,0.04200160326080291,0.6271618177740625
74,3,700,700.0,439.0132724418438,0.15612958470101326,0.40006713343829137,0.039173979266286005,0.6271618177740625
74,0,620,620.0,439.0132724418438,0.13757670900528043,0.10500577003349132,0.010229255851402582,0.7080859232932964
74,2,35,35.0,439.0132724418438,0.156272299129442,0.4345673749533025,0.8518217524732763,12.543236355481252
74,6,132,132.0,439.0132724418438,0.09604681033252462,0.09302972279196683,0.029717234588004276,3.325858124559423
74,5,595,595.0,439.0132724418438,0.15812758669901528,0.35772633195225717,0.04173680851031498,0.7378374326753677
75,2,175,175.0,423.8097616669045,0.156272299129442,0.39340454217220716,0.14888614271937486,2.4217700666680257
75,5,350,350.0,423.8097616669045,0.15812758669901528,0.6572359054457815,0.12584380339255316,1.2108850333340129
75,3,385,385.0,423.8097616669045,0.15612958470101326,0.5180182891410574,0.08903085084859713,1.1008045757581935
75,1,620,620.0,423.8097616669045,0.1374339945768517,0.7565014616535795,0.07106949136347473,0.6835641317208137
75,6,440,440.0,423.8097616669045,0.09604681033252462,0.32440376078099215,0.0300114588021446,0.9632040037884193
75,4,700,700.0,423.8097616669045,0.1584130155558727,0.7220234174128555,0.06924924777698821,0.6054425166670064
75,0,310,310.0,423.8097616669045,0.13757670900528043,0.7512825516235172,0.14130498418573884,1.3671282634416273
76,3,700,700.0,430.7836449265021,0.15612958470101326,0.3829968512813222,0.03679947091109575,0.6154052070378602
76,0,620,620.0,430.7836449265021,0.13757670900528043,0.3623396015739326,0.03463604027162118,0.6948123305266163
76,2,700,700.0,430.7836449265021,0.156272299129442,0.33207137384541735,0.03193556523006862,0.6154052070378602
76,5,70,70.0,430.7836449265021,0.15812758669901528,0.36670030174849105,0.3568453786658492,6.154052070378602
76,6,220,220.0,430.7836449265021,0.09604681033252462,0.07668617840817311,0.014422367843815634,1.958107476938646
76,4,140,140.0,430.7836449265021,0.1584130155558727,0.3753363991340945,0.18295433966314986,3.077026035189301
76,1,527,527.0,430.7836449265021,0.1374339945768517,0.344372908243887,0.03868759557385785,0.8174262712077839
77,6,396,396.0,426.4200085628657,0.09604681033252462,0.19609454356845718,0.020281069098913324,1.07681820344158
77,5,700,700.0,426.4200085628657,0.15812758669901528,0.18077581230358544,0.017413557291880145,0.6091714408040938
77,0,620,620.0,426.4200085628657,0.13757670900528043,0.4776877705839848,0.045199634648019786,0.6877742073594608
77,4,700,700.0,426.4200085628657,0.1584130155558727,0.2527267772503802,0.02438830710438165,0.6091714408040938
77,3,105,105.0,426.4200085628657,0.15612958470101326,0.47911784563335935,0.3037916461855602,4.061142938693959
77,1,434,434.0,426.4200085628657,0.1374339945768517,0.44104969327883425,0.05955655097607436,0.9825345819420869
77,2,35,35.0,426.4200085628657,0.156272299129442,0.411328796765755,0.7831422365296423,12.183428816081877
78,5,665,665.0,603.7405451691166,0.15812758669901528,1.0840012750135286,0.15562025879183744,0.9078805190513031
78,3,665,665.0,603.7405451691166,0.15612958470101326,0.5420253222653433,0.07683046790686845,0.9078805190513031
78,0,620,620.0,603.7405451691166,0.13757670900528043,0.7842428563149035,0.10506405071204127,0.9737750728534138
78,4,525,525.0,603.7405451691166,0.1584130155558727,1.0870125786279534,0.19802338047733103,1.1499819907983173
78,1,620,620.0,603.7405451691166,0.1374339945768517,0.8132444150386599,0.10883633585562043,0.9737750728534138
78,2,700,700.0,603.7405451691166,0.156272299129442,0.4992267519875344,0.06728715313089313,0.8624864930987379
78,6,330,330.0,603.7405451691166,0.09604681033252462,0.2425251217719004,0.04261633333578784,1.8295168035427773
79,1,620,620.0,442.5858427286999,0.1374339945768517,0.42412837835546713,0.041609963026951316,0.7138481334333869
79,5,700,700.0,442.5858427286999,0.15812758669901528,0.5457083962538127,0.05455917021094296,0.6322654896124285
79,4,700,700.0,442.5858427286999,0.1584130155558727,0.5340129204288944,0.053486244335623635,0.6322654896124285
79,0,217,217.0,442.5858427286999,0.13757670900528043,0.3620579574447684,0.10159230109500827,2.0395660955239627
79,2,35,35.0,442.5858427286999,0.156272299129442,0.2367881504379201,0.4679198189776022,12.645309792248568
79,3,630,630.0,442.5858427286999,0.15612958470101326,0.3190631375651229,0.03499603195432182,0.702517210680476
79,6,22,22.0,442.5858427286999,0.09604681033252462,0.05118736326008371,0.09890552273452399,20.117538305849994
80,0,217,217.0,455.51320108462966,0.13757670900528043,0.3880535601847715,0.11206701967810885,2.099139175505206
80,2,525,525.0,455.51320108462966,0.156272299129442,0.27317967776461144,0.03704009179700823,0.8676441925421517
80,6,44,44.0,455.51320108462966,0.09604681033252462,0.15900278826523712,0.15810149551787714,10.352572751923402
80,1,62,62.0,455.51320108462966,0.1374339945768517,0.3781544724014731,0.38183232233578834,7.34698711426822
80,5,700,700.0,455.51320108462966,0.15812758669901528,0.4527716645134415,0.04658968889301119,0.6507331444066138
80,4,700,700.0,455.51320108462966,0.1584130155558727,0.4865322730734025,0.050153984624334416,0.6507331444066138
80,3,700,700.0,455.51320108462966,0.15612958470101326,0.3946253999296757,0.040093425878506804,0.6507331444066138
81,1,434,434.0,369.13258170401025,0.1374339945768517,0.2517479627646864,0.02942746047336263,0.8505359025438024
81,0,620,620.0,369.13258170401025,0.13757670900528043,0.30186227220187567,0.024725463629013393,0.5953751317806617
81,6,440,440.0,369.13258170401025,0.09604681033252462,0.06934181799708865,0.005587375693168179,0.8389376856909324
81,2,280,280.0,369.13258170401025,0.156272299129442,0.5426608267737878,0.11179820292688021,1.3183306489428936
81,5,700,700.0,369.13258170401025,0.15812758669901528,0.46840407462959754,0.03905823799187771,0.5273322595771575
81,3,105,105.0,369.13258170401025,0.15612958470101326,0.5191504738288591,0.28495188898020873,3.51554839718105
81,4,70,70.0,369.13258170401025,0.1584130155558727,0.40171299824882134,0.33557614900178806,5.273322595771575
82,1,620,620.0,538.146139574711,0.1374339945768517,0.4934402233556814,0.05886230408100714,0.8679776444753403
82,2,700,700.0,538.146139574711,0.156272299129442,0.3839922178975722,0.046132459990764166,0.7687801993924444
82,4,595,595.0,538.146139574711,0.1584130155558727,0.3860301954727774,0.05530894843278458,0.9044472934028757
82,5,490,490.0,538.146139574711,0.15812758669901528,0.3861654304803708,0.06706334094489812,1.0982574277034918
82,0,465,465.0,538.146139574711,0.13757670900528043,0.5301937739298577,0.08441639782364842,1.1573035259671205
82,3,420,420.0,538.146139574711,0.15612958470101326,0.36009767822772126,0.07203714037541463,1.2813003323207406
82,6,440,440.0,538.146139574711,0.09604681033252462,0.25918848507048947,0.030447118865593086,1.223059408124343
83,1,620,620.0,354.4442700156986,0.1374339945768517,0.28566483535105536,0.02244435984887431,0.5716843064769331
83,6,440,440.0,354.4442700156986,0.09604681033252462,0.09117726487847,0.007054476487419534,0.8055551591265877
83,0,124,124.0,354.4442700156986,0.13757670900528043,0.3871347850416016,0.15224161651207282,2.858421532384666
83,5,315,315.0,354.4442700156986,0.15812758669901528,0.31905277670692733,0.05676852073925909,1.1252199048117415
83,4,700,700.0,354.4442700156986,0.1584130155558727,0.343824117149197,0.027578911276596965,0.5063489571652837
83,3,70,70.0,354.4442700156986,0.15612958470101326,0.2494333769806266,0.19719218119893356,5.063489571652837
83,2,245,245.0,354.4442700156986,0.156272299129442,0.2925140773344612,0.06613184644981313,1.4467113061865249
84,6,440,440.0,411.7386898815471,0.09604681033252462,0.1700504674914371,0.015283744845480552,0.9357697497307889
84,1,31,31.0,411.7386898815471,0.1374339945768517,0.2806979529573479,0.5123814514019446,13.28189322198539
84,4,35,35.0,411.7386898815471,0.1584130155558727,0.38088237202284375,0.7097989758396074,11.763962568044203
84,2,700,700.0,411.7386898815471,0.156272299129442,0.222961365146924,0.020494402192883912,0.5881981284022101
84,5,525,525.0,411.7386898815471,0.15812758669901528,0.38564557661517945,0.04782537368953652,0.7842641712029468
84,0,620,620.0,411.7386898815471,0.13757670900528043,0.24079870052787242,0.022000322347520286,0.6640946610992695
84,3,525,525.0,411.7386898815471,0.15612958470101326,0.18615571149882534,0.022794178499199843,0.7842641712029468
85,6,418,418.0,508.5183388040531,0.09604681033252462,0.11506740211625059,0.013445148170196845,1.216551049770462
85,3,490,490.0,508.5183388040531,0.15612958470101326,1.0673227175216713,0.17293842418760566,1.037792528171537
85,4,385,385.0,508.5183388040531,0.1584130155558727,0.4795928960834297,0.10034817832579787,1.3208268540365016
85,5,700,700.0,508.5183388040531,0.15812758669901528,0.610448126425339,0.07012372656544534,0.7264547697200758
85,2,700,700.0,508.5183388040531,0.156272299129442,1.0670573905407061,0.1211374310491041,0.7264547697200758
85,1,620,620.0,508.5183388040531,0.1374339945768517,0.56960510168805,0.06420708747510237,0.8201908690387953
85,0,186,186.0,508.5183388040531,0.13757670900528043,0.5649213415870755,0.21248416647897364,2.733969563462651
86,1,620,620.0,415.8491508491508,0.1374339945768517,0.21796485896147058,0.020092074505692788,0.670724436853469
86,4,315,315.0,415.8491508491508,0.1584130155558727,0.27991559051559595,0.05853871901075686,1.3201560344417487
86,0,620,620.0,415.8491508491508,0.13757670900528043,0.20407053592421315,0.01883082515425317,0.670724436853469
86,3,665,665.0,415.8491508491508,0.15612958470101326,0.5675273472365363,0.055409747584872986,0.6253370689460914
86,5,70,70.0,415.8491508491508,0.15812758669901528,0.3305132247029363,0.3104804529583493,5.940702154987869
86,2,245,245.0,415.8491508491508,0.156272299129442,0.49419403464947226,0.13108386411358336,1.6973434728536767
86,6,440,440.0,415.8491508491508,0.09604681033252462,0.10848842877215743,0.009848033304614848,0.9451117064753428
87,1,310,310.0,379.1537034394177,0.1374339945768517,0.3406970140052155,0.05726853921664876,1.223076462707799
87,0,620,620.0,379.1537034394177,0.13757670900528043,0.3651168072686009,0.03071852470938439,0.6115382313538995
87,2,700,700.0,379.1537034394177,0.156272299129442,0.46507546356465373,0.0393661272210096,0.5416481477705968
87,4,420,420.0,379.1537034394177,0.1584130155558727,0.2789822626376477,0.03989637758873759,0.9027469129509945
87,5,140,140.0,379.1537034394177,0.15812758669901528,0.08760183632908626,0.03751527373123978,2.7082407388529837
87,6,440,440.0,379.1537034394177,0.09604681033252462,0.20053837056509638,0.01659751441358133,0.861712962362313
87,3,70,70.0,379.1537034394177,0.15612958470101326,0.3993691738236015,0.3377357287946062,5.416481477705967
88,5,700,700.0,307.5494505494505,0.15812758669901528,0.4274022231988562,0.029693496167206544,0.43935635792778643
88,0,186,186.0,307.5494505494505,0.13757670900528043,0.551322225438346,0.12541585066157354,1.6534916696207016
88,4,35,35.0,307.5494505494505,0.1584130155558727,0.39256276319296646,0.5464455257397691,8.787127158555728
88,3,210,210.0,307.5494505494505,0.15612958470101326,0.14412191083515208,0.032954207867982206,1.4645211930926214
88,6,440,440.0,307.5494505494505,0.09604681033252462,0.15450391372852287,0.01037253026536427,0.6989760239760239
88,2,35,35.0,307.5494505494505,0.156272299129442,0.3451787277658541,0.47399410072373643,8.787127158555728
88,1,620,620.0,307.5494505494505,0.1374339945768517,0.34494367797871545,0.023516117707970526,0.4960475008862105
89,6,440,440.0,476.1348651348651,0.09604681033252462,0.32096372205195944,0.03335924415157608,1.0821246934883297
89,1,527,527.0,476.1348651348651,0.1374339945768517,0.5731508346403154,0.07116762414200764,0.9034817175234632
89,3,700,700.0,476.1348651348651,0.15612958470101326,0.7340381760106959,0.07795353171826792,0.6801926644783787
89,4,140,140.0,476.1348651348651,0.1584130155558727,0.36186554572723184,0.19495754360036574,3.4009633223918936
89,5,385,385.0,476.1348651348651,0.15812758669901528,0.45365749388215554,0.08871661986660359,1.2367139354152341
89,0,434,434.0,476.1348651348651,0.13757670900528043,0.5552988581087205,0.08381310908518579,1.0970849427070624
89,2,700,700.0,476.1348651348651,0.156272299129442,0.6910714639591719,0.07345762890749571,0.6801926644783787
90,5,700,700.0,401.0204081632653,0.15812758669901528,0.3379152972137499,0.030611451996554906,0.5728862973760933
90,1,465,465.0,401.0204081632653,0.1374339945768517,0.3102806055879877,0.036775816337092246,0.8624094799210007
90,0,620,620.0,401.0204081632653,0.13757670900528043,0.28585134181873834,0.02543665131790824,0.6468071099407505
90,3,245,245.0,401.0204081632653,0.15612958470101326,0.396863205007731,0.10142065947822264,1.6368179925031237
90,4,210,210.0,401.0204081632653,0.1584130155558727,0.3771715493679683,0.11409772025890867,1.9096209912536444
90,6,440,440.0,401.0204081632653,0.09604681033252462,0.048641888081752294,0.0042580148240490565,0.9114100185528757
90,2,175,175.0,401.0204081632653,0.156272299129442,0.37628086458304294,0.13474807230282737,2.2915451895043732
91,3,700,700.0,420.6647638076209,0.15612958470101326,0.27526130246073305,0.02582667281265968,0.6009496625823155
91,6,66,66.0,420.6647638076209,0.09604681033252462,0.1266424947752643,0.07752729015082255,6.373708542539711
91,1,620,620.0,420.6647638076209,0.1374339945768517,0.3193431950541606,0.02977805186089288,0.6784915545284208
91,0,155,155.0,420.6647638076209,0.13757670900528043,0.26648272566814796,0.09949893121563266,2.713966218113683
91,4,140,140.0,420.6647638076209,0.1584130155558727,0.24569240485770813,0.11694743275016972,3.0047483129115777
91,5,700,700.0,420.6647638076209,0.15812758669901528,0.4037429830305192,0.03836637134861741,0.6009496625823155
91,2,420,420.0,420.6647638076209,0.156272299129442,0.20127881299150926,0.03150408782971244,1.0015827709705258
92,4,700,700.0,470.449407735122,0.1584130155558727,0.2525672596276886,0.02688950450624744,0.6720705824787457
92,6,352,352.0,470.449407735122,0.09604681033252462,0.07139314261667218,0.009164519691924949,1.3365039992475056
92,0,620,620.0,470.449407735122,0.13757670900528043,0.16199430541763687,0.016910868057919706,0.7587893673147129
92,1,31,31.0,470.449407735122,0.1374339945768517,0.3239723285833343,0.6756990671573948,15.175787346294259
92,3,700,700.0,470.449407735122,0.15612958470101326,0.38444586316116314,0.04033994322445785,0.6720705824787457
92,2,210,210.0,470.449407735122,0.156272299129442,0.3023116935623082,0.10583530831116475,2.2402352749291525
92,5,595,595.0,470.449407735122,0.15812758669901528,0.3143656292939367,0.03930417278229129,0.7906712735044067
93,4,315,315.0,486.5979734551163,0.1584130155558727,0.5376468547723021,0.1315672244594673,1.5447554712860834
93,0,620,620.0,486.5979734551163,0.13757670900528043,0.4080980429718309,0.04406441765068401,0.7848354410566392
93,1,620,620.0,486.5979734551163,0.1374339945768517,0.3321263292986233,0.03582416542291538,0.7848354410566392
93,2,420,420.0,486.5979734551163,0.156272299129442,0.49046396202754994,0.08879941593203848,1.1585666034645625
93,3,700,700.0,486.5979734551163,0.15612958470101326,0.6249449786689982,0.06782647442242783,0.6951399620787375
93,5,350,350.0,486.5979734551163,0.15812758669901528,0.5107068544975732,0.1122746167442341,1.390279924157475
93,6,374,374.0,486.5979734551163,0.09604681033252462,0.21203180430150592,0.026496142416487373,1.3010641001473697
94,5,700,700.0,527.1225916940202,0.15812758669901528,0.35423459645269334,0.042180546978166866,0.7530322738486003
94,4,560,560.0,527.1225916940202,0.1584130155558727,0.24934330861734164,0.03718023942295661,0.9412903423107504
94,6,330,330.0,527.1225916940202,0.09604681033252462,0.08364771458761057,0.012833192724642938,1.5973411869515766
94,1,620,620.0,527.1225916940202,0.1374339945768517,0.26241524174844383,0.03066218970988132,0.8501977285387423
94,3,595,595.0,527.1225916940202,0.15612958470101326,0.4229022666834146,0.0584951530340239,0.8859203221748239
94,0,62,62.0,527.1225916940202,0.13757670900528043,0.27863583234470146,0.3259131038761299,8.501977285387422
94,2,700,700.0,527.1225916940202,0.156272299129442,0.3484401888423888,0.04100377407394329,0.7530322738486003
95,6,440,440.0,433.55701441415727,0.09604681033252462,0.1628984289096741,0.015416769632423435,0.9853568509412665
95,2,700,700.0,433.55701441415727,0.156272299129442,0.40974559873641514,0.03965924808068749,0.619367163448796
95,3,700,700.0,433.55701441415727,0.15612958470101326,0.4268997681765745,0.04128186415738063,0.619367163448796
95,4,280,280.0,433.55701441415727,0.1584130155558727,0.3790998026190965,0.09298922008260632,1.5484179086219902
95,1,310,310.0,433.55701441415727,0.1374339945768517,0.22172224402847918,0.04261749885443471,1.398571014239217
95,0,341,341.0,433.55701441415727,0.13757670900528043,0.0950896937682696,0.01663298527923073,1.2714281947629245
95,5,245,245.0,433.55701441415727,0.15812758669901528,0.3855940195285089,0.10789916031843952,1.7696204669965603
96,0,341,341.0,434.6646210931925,0.13757670900528043,0.19122729236438263,0.03353472166267952,1.2746763081911805
96,3,105,105.0,434.6646210931925,0.15612958470101326,0.3593102488663776,0.23223079203405406,4.139663058030405
96,2,700,700.0,434.6646210931925,0.156272299129442,0.4020551008863606,0.039014301056793,0.6209494587045608
96,6,110,110.0,434.6646210931925,0.09604681033252462,0.10489353403881807,0.03981010033799601,3.951496555392659
96,1,217,217.0,434.6646210931925,0.1374339945768517,0.20722867869392608,0.057047758709549305,2.003062770014712
96,4,700,700.0,434.6646210931925,0.1584130155558727,0.25413648783022974,0.024998510797251017,0.6209494587045608
96,5,700,700.0,434.6646210931925,0.15812758669901528,0.25720899176003476,0.025255155259273875,0.6209494587045608
97,1,620,620.0,396.3784786641929,0.1374339945768517,0.23188446504195626,0.020374370572851293,0.6393201268777305
97,5,700,700.0,396.3784786641929,0.15812758669901528,0.3886516600539095,0.034800076320958585,0.5662549695202757
97,4,35,35.0,396.3784786641929,0.1584130155558727,0.37950658585981556,0.6808511891872728,11.325099390405512
97,3,70,70.0,396.3784786641929,0.15612958470101326,0.16515821347365153,0.14601497801538604,5.662549695202756
97,2,700,700.0,396.3784786641929,0.156272299129442,0.22019539870693422,0.019485083340618447,0.5662549695202757
97,0,527,527.0,396.3784786641929,0.13757670900528043,0.23954813578566297,0.024787753181191342,0.7521413257385064
97,6,22,22.0,396.3784786641929,0.09604681033252462,0.10805888944850311,0.18699536082400026,18.017203575645134
98,5,700,700.0,417.5974025974026,0.15812758669901528,0.42623190221794605,0.040208080792587766,0.5965677179962895
98,1,93,93.0,417.5974025974026,0.1374339945768517,0.5574696965743987,0.3440252145942084,4.490294651584974
98,0,434,434.0,417.5974025974026,0.13757670900528043,0.5287573805871079,0.06999538684581934,0.9622059967682087
98,4,350,350.0,417.5974025974026,0.1584130155558727,0.30030814362920455,0.05676069638191519,1.193135435992579
98,2,700,700.0,417.5974025974026,0.156272299129442,0.707059657406443,0.0659170569580832,0.5965677179962895
98,6,440,440.0,417.5974025974026,0.09604681033252462,0.21065219134276914,0.019202334923036978,0.9490850059031878
98,3,175,175.0,417.5974025974026,0.15612958470101326,0.669409402619497,0.24940017437431944,2.386270871985158
99,0,155,155.0,445.6644783787641,0.13757670900528043,0.19936959431297,0.07886424744741789,2.875254699217833
99,6,132,132.0,445.6644783787641,0.09604681033252462,0.11216624446428047,0.0363730077165056,3.3762460483239707
99,4,385,385.0,445.6644783787641,0.1584130155558727,0.42981485668980757,0.0788169409202219,1.1575700737110757
99,1,155,155.0,445.6644783787641,0.1374339945768517,0.11062194547366487,0.043713117828323406,2.875254699217833
99,2,700,700.0,445.6644783787641,0.156272299129442,0.4316231633919685,0.042943429551337384,0.6366635405410915
99,5,700,700.0,445.6644783787641,0.15812758669901528,0.49525303753645455,0.049859138574938164,0.6366635405410915
99,3,700,700.0,445.6644783787641,0.15612958470101326,0.36870667562281506,0.036650186198135294,0.6366635405410915
100,0,62,62.0,415.3723419437705,0.13757670900528043,0.16870173395961127,0.15549282305042106,6.699553902318879
100,2,700,700.0,415.3723419437705,0.156272299129442,0.41145177197453997,0.03815403500653773,0.5933890599196722
100,3,455,455.0,415.3723419437705,0.15612958470101326,0.35139187279696593,0.050084471530726565,0.9129062460302648
100,1,372,372.0,415.3723419437705,0.1374339945768517,0.20299547860214864,0.031151227873119622,1.1165923170531464
100,5,140,140.0,415.3723419437705,0.15812758669901528,0.3176968876030809,0.1490493692603192,2.9669452995983607
100,6,440,440.0,415.3723419437705,0.09604681033252462,0.06909434044457151,0.006264844862188527,0.9440280498722057
100,4,700,700.0,415.3723419437705,0.1584130155558727,0.32261954262482573,0.030326414569993514,0.5933890599196722
101,1,403,403.0,438.31811046096755,0.1374339945768517,0.14826015429480927,0.022161695656958306,1.0876379912182816
101,0,279,279.0,438.31811046096755,0.13757670900528043,0.11081913364275599,0.02395217074978812,1.5710326539819626
101,6,440,440.0,438.31811046096755,0.09604681033252462,0.14522420645639741,0.013895004684698332,0.9961775237749262
101,4,105,105.0,438.31811046096755,0.1584130155558727,0.2301975516931838,0.1522269961859853,4.174458194866357
101,3,420,420.0,438.31811046096755,0.15612958470101326,0.36527118292926175,0.05951696002293343,1.0436145487165893
101,5,700,700.0,438.31811046096755,0.15812758669901528,0.2933101101430436,0.029041968571989814,0.6261687292299536
101,2,700,700.0,438.31811046096755,0.156272299129442,0.38841869458463885,0.03800786730911328,0.6261687292299536
102,5,280,280.0,433.02083630655056,0.15812758669901528,0.3284397860481123,0.08031823690627492,1.5465029868091091
102,6,264,264.0,433.02083630655056,0.09604681033252462,0.11975470712213586,0.018866025072422236,1.6402304405551158
102,4,700,700.0,433.02083630655056,0.1584130155558727,0.3227187990290108,0.03162466111737253,0.6186011947236436
102,2,175,175.0,433.02083630655056,0.156272299129442,0.28887664964198834,0.11170308974051416,2.4744047788945744
102,1,620,620.0,433.02083630655056,0.1374339945768517,0.3218735221485738,0.030895592403246328,0.6984207037202429
102,3,350,350.0,433.02083630655056,0.15612958470101326,0.3105850789718204,0.05999382366243586,1.2372023894472872
102,0,620,620.0,433.02083630655056,0.13757670900528043,0.4018548630245735,0.038612795918774305,0.6984207037202429
103,6,440,440.0,399.98187526758954,0.09604681033252462,0.09669298796780676,0.008442392965863016,0.909049716517249
103,2,700,700.0,399.98187526758954,0.156272299129442,0.20415385424543733,0.018229798039367737,0.5714026789536993
103,3,490,490.0,399.98187526758954,0.15612958470101326,0.29344702207386075,0.03739892709558286,0.8162895413624276
103,5,35,35.0,399.98187526758954,0.15812758669901528,0.3863007281415058,0.698080388764201,11.428053579073987
103,1,279,279.0,399.98187526758954,0.1374339945768517,0.2554986390787191,0.050340655898071844,1.4336267930737976
103,0,124,124.0,399.98187526758954,0.13757670900528043,0.2025396221110858,0.08988216790667136,3.225660284416045
103,4,700,700.0,399.98187526758954,0.1584130155558727,0.33518684446863833,0.030340315909255428,0.5714026789536993
104,5,700,700.0,465.37605251890966,0.15812758669901528,0.3143013743672042,0.0330415121323451,0.664822932169871
104,2,525,525.0,465.37605251890966,0.156272299129442,0.622160713080477,0.08618452917718687,0.8864305762264946
104,6,440,440.0,465.37605251890966,0.09604681033252462,0.17269014641053618,0.01754291905120413,1.0576728466338856
104,1,217,217.0,465.37605251890966,0.1374339945768517,0.5511810027788611,0.1624548598489495,2.144590103773777
104,4,280,280.0,465.37605251890966,0.1584130155558727,0.33867380883423465,0.0891699397918256,1.6620573304246773
104,0,341,341.0,465.37605251890966,0.13757670900528043,0.4284534644152434,0.08044484656823818,1.3647391569469491
104,3,700,700.0,465.37605251890966,0.15612958470101326,0.6389895657194973,0.06632617652035135,0.664822932169871
105,2,700,700.0,506.1735407449692,0.156272299129442,0.36579874413273716,0.0413357299520714,0.7231050582070989
105,0,620,620.0,506.1735407449692,0.13757670900528043,0.17154397333340948,0.01926762261749994,0.8164089366854342
105,1,620,620.0,506.1735407449692,0.1374339945768517,0.18928023368645058,0.021237685395990177,0.8164089366854342
105,6,396,396.0,506.1735407449692,0.09604681033252462,0.07525746114440157,0.00923925095176603,1.2782160119822454
105,5,665,665.0,506.1735407449692,0.15812758669901528,0.2853658198417213,0.034346887741701394,0.7611632191653672
105,4,490,490.0,506.1735407449692,0.1584130155558727,0.307812953929886,0.05037106269340657,1.0330072260101413
105,3,35,35.0,506.1735407449692,0.15612958470101326,0.3127064565080215,0.7060792486252477,14.462101164141977
106,6,110,110.0,530.7590980448123,0.09604681033252462,0.5740306568717367,0.2660252108336526,4.825082709498293
106,2,700,700.0,530.7590980448123,0.156272299129442,0.4612638343341487,0.05465511518190249,0.7582272829211604
106,4,420,420.0,530.7590980448123,0.1584130155558727,0.6856162063686029,0.13725244606406764,1.263712138201934
106,0,620,620.0,530.7590980448123,0.13757670900528043,0.7174862894221004,0.08450147325098822,0.8560630613626005
106,1,403,403.0,530.7590980448123,0.1374339945768517,0.67994040982021,0.12307148008698145,1.3170200944040007
106,5,700,700.0,530.7590980448123,0.15812758669901528,0.6924424225082324,0.08302152706583725,0.7582272829211604
106,3,595,595.0,530.7590980448123,0.15612958470101326,0.37186580926222257,0.051790718453308335,0.8920320975543063
107,6,440,440.0,382.4850863422292,0.09604681033252462,0.000924219486253841,7.716491768274178e-05,0.8692842871414299
107,2,700,700.0,382.4850863422292,0.156272299129442,0.4412633960654557,0.03767873995747486,0.5464072662031846
107,4,105,105.0,382.4850863422292,0.1584130155558727,0.32842367285188734,0.18951802499951836,3.64271510802123
107,1,341,341.0,382.4850863422292,0.1374339945768517,0.41777098108170313,0.06440099343003516,1.1216571446986192
107,3,490,490.0,382.4850863422292,0.15612958470101326,0.37998620561370516,0.04630964603598658,0.7805818088616923
107,5,35,35.0,382.4850863422292,0.15812758669901528,0.377111141946691,0.6516636080589255,10.92814532406369
107,0,620,620.0,382.4850863422292,0.13757670900528043,0.46015457634791485,0.03905453564915655,0.6169114295842406
108,3,700,700.0,407.0376766091052,0.15612958470101326,0.6943813858591883,0.06304052850474497,0.5814823951558645
108,1,217,217.0,407.0376766091052,0.1374339945768517,0.5880793908034405,0.15160202637733575,1.8757496617931113
108,6,396,396.0,407.0376766091052,0.09604681033252462,0.5191082698060743,0.051248400944634044,1.0278729207300636
108,2,700,700.0,407.0376766091052,0.156272299129442,0.6739416163361714,0.061240798895718145,0.5814823951558645
108,0,31,31.0,407.0376766091052,0.13757670900528043,0.5288671673439141,0.9553542492595304,13.13024763255178
108,5,700,700.0,407.0376766091052,0.15812758669901528,0.4094174699499734,0.03764528450949658,0.5814823951558645
108,4,35,35.0,407.0376766091052,0.1584130155558727,0.3364607245739255,0.6198574188133223,11.629647903117291
109,2,210,210.0,429.4388468674183,0.156272299129442,0.9250813590421686,0.295626910459436,2.0449468898448493
109,5,700,700.0,429.4388468674183,0.15812758669901528,1.3404752385372212,0.13003783397958385,0.6134840669534547
109,6,176,176.0,429.4388468674183,0.09604681033252462,0.07169094398049507,0.016801029943434152,2.4399934481103314
109,0,620,620.0,429.4388468674183,0.13757670900528043,0.7877335611072871,0.0750643803211383,0.6926433013990618
109,3,560,560.0,429.4388468674183,0.15612958470101326,1.054966610668755,0.12630985019509197,0.7668550836918184
109,4,70,70.0,429.4388468674183,0.1584130155558727,0.7508499421025313,0.7297049643636904,6.134840669534547
109,1,620,620.0,429.4388468674183,0.1374339945768517,0.7768487802708719,0.07395036064107734,0.6926433013990618
110,5,700,700.0,598.8204652490366,0.15812758669901528,0.726708728411537,0.09830296422016943,0.8554578074986238
110,0,465,465.0,598.8204652490366,0.13757670900528043,0.5885278292001673,0.10426909440417598,1.2877859467721218
110,3,630,630.0,598.8204652490366,0.15612958470101326,0.5775436728115515,0.08570893915947721,0.9505086749984708
110,6,440,440.0,598.8204652490366,0.09604681033252462,0.26810015641392565,0.0350448311582139,1.3609556028387195
110,4,665,665.0,598.8204652490366,0.1584130155558727,0.7105589660081627,0.10135985350400178,0.9004819026301303
110,1,620,620.0,598.8204652490366,0.1374339945768517,0.5856965440342066,0.07774487612492662,0.9658394600790913
110,2,595,595.0,598.8204652490366,0.156272299129442,0.6143567922086447,0.09662340421943447,1.006420949998381
111,0,310,310.0,452.03125445982585,0.13757670900528043,0.28385293842649156,0.05694362110001955,1.45816533696718
111,4,245,245.0,452.03125445982585,0.1584130155558727,0.4450961650781089,0.13009095244092467,1.8450255284074524
111,5,700,700.0,452.03125445982585,0.15812758669901528,0.481648827327298,0.04918227050040892,0.6457589349426084
111,3,700,700.0,452.03125445982585,0.15612958470101326,0.3940882155872631,0.03973279136434195,0.6457589349426084
111,6,396,396.0,452.03125445982585,0.09604681033252462,0.08384099420146514,0.009192055637242921,1.141493066817742
111,2,175,175.0,452.03125445982585,0.156272299129442,0.2897023601213956,0.11694036639758865,2.5830357397704335
111,1,620,620.0,452.03125445982585,0.1374339945768517,0.35324960926185855,0.035395873491401275,0.72908266848359
112,4,385,385.0,483.91665477379763,0.1584130155558727,0.3384276158618667,0.06738550626499676,1.256926376035838
112,5,175,175.0,483.91665477379763,0.15812758669901528,0.3609408935275963,0.15782516521989798,2.7652380272788437
112,0,403,403.0,483.91665477379763,0.13757670900528043,0.42561645267080694,0.0703119021897613,1.2007857438555773
112,6,374,374.0,483.91665477379763,0.09604681033252462,0.10979387784392562,0.013644575795644076,1.2938947988604215
112,3,700,700.0,483.91665477379763,0.15612958470101326,0.3447768621498433,0.03721309970800732,0.6913095068197109
112,2,700,700.0,483.91665477379763,0.156272299129442,0.29312326318950405,0.031666846563671726,0.6913095068197109
112,1,620,620.0,483.91665477379763,0.1374339945768517,0.3141691923213574,0.03370052332727988,0.7805107335061252
113,6,286,286.0,500.26487797916366,0.09604681033252462,0.11155109829316989,0.018740914428078428,1.7491778950320407
113,4,420,420.0,500.26487797916366,0.1584130155558727,0.2445354231593733,0.04614061340956044,1.191106852331342
113,1,496,496.0,500.26487797916366,0.1374339945768517,0.366146844158631,0.05075371094395261,1.00859854431283
113,0,620,620.0,500.26487797916366,0.13757670900528043,0.36085266107050323,0.04005743648295753,0.806878835450264
113,3,700,700.0,500.26487797916366,0.15612958470101326,0.3899641829568211,0.04351228578299932,0.7146641113988053
113,5,700,700.0,500.26487797916366,0.15812758669901528,0.2298757374374714,0.025977822906765844,0.7146641113988053
113,2,210,210.0,500.26487797916366,0.156272299129442,0.4155297292959084,0.1546909196984044,2.382213704662684
114,5,595,595.0,444.96517767946335,0.15812758669901528,0.33099241858177825,0.03914125518707805,0.7478406347554006
114,4,700,700.0,444.96517767946335,0.1584130155558727,0.32652801853524266,0.032880567094373314,0.6356645395420905
114,0,620,620.0,444.96517767946335,0.13757670900528043,0.22212955733186918,0.021932371982850887,0.7176857704507473
114,6,440,440.0,444.96517767946335,0.09604681033252462,0.10457163779684159,0.010157111156750801,1.011284494726053
114,1,62,62.0,444.96517767946335,0.1374339945768517,0.2308637433155277,0.2277111194825143,7.176857704507474
114,2,595,595.0,444.96517767946335,0.156272299129442,0.28061052849225604,0.03279404760134628,0.7478406347554006
114,3,70,70.0,444.96517767946335,0.15612958470101326,0.32411252236449556,0.3216688454314056,6.356645395420905
115,6,198,198.0,513.8096189524761,0.09604681033252462,0.12087763780645025,0.03012769813395315,2.5949980755175557
115,5,700,700.0,513.8096189524761,0.15812758669901528,0.38800026250705677,0.04503434522043066,0.7340137413606801
115,3,630,630.0,513.8096189524761,0.15612958470101326,0.24430695979828623,0.031108761741208107,0.815570823734089
115,1,620,620.0,513.8096189524761,0.1374339945768517,0.18480379760475094,0.021048231027410765,0.8287251918588323
115,2,560,560.0,513.8096189524761,0.156272299129442,0.31359025934551843,0.044963361222801236,0.9175171767008501
115,4,175,175.0,513.8096189524761,0.1584130155558727,0.36643941426089516,0.1704343871228531,2.9360549654427204
115,0,620,620.0,513.8096189524761,0.13757670900528043,0.2668308415437984,0.030422260667840366,0.8287251918588323
116,4,700,700.0,488.14899386327954,0.1584130155558727,0.260616758188223,0.028790390671731256,0.6973557055189707
116,1,527,527.0,488.14899386327954,0.1374339945768517,0.3596771289336061,0.045787694427070265,0.9262789257367733
116,3,420,420.0,488.14899386327954,0.15612958470101326,0.35664644275049107,0.06471816713890378,1.1622595091982846
116,6,440,440.0,488.14899386327954,0.09604681033252462,0.088983983700342,0.009481881281779792,1.1094295315074536
116,2,525,525.0,488.14899386327954,0.156272299129442,0.3671405322758276,0.05334668411136542,0.9298076073586277
116,5,700,700.0,488.14899386327954,0.15812758669901528,0.26313312124507887,0.02901599840440818,0.6973557055189707
116,0,31,31.0,488.14899386327954,0.13757670900528043,0.3011054672164514,0.6523103392330226,15.746741737525147
117,3,700,700.0,389.89253603539316,0.15612958470101326,0.5450252782442517,0.04739676833456819,0.5569893371934188
117,5,700,700.0,389.89253603539316,0.15812758669901528,0.6326615929295496,0.05572191002360884,0.5569893371934188
117,4,245,245.0,389.89253603539316,0.1584130155558727,0.6061498733057611,0.1528092756025282,1.591398106266911
117,0,31,31.0,389.89253603539316,0.13757670900528043,0.24750631457928,0.4282668186548477,12.577178581786876
117,1,496,496.0,389.89253603539316,0.1374339945768517,0.3733825450992431,0.040337727343379544,0.7860736613616798
117,6,440,440.0,389.89253603539316,0.09604681033252462,0.2541502588166579,0.021630459624584732,0.886119400080439
117,2,105,105.0,389.89253603539316,0.156272299129442,0.48513860410046517,0.28151624313935597,3.7132622479561253
118,5,280,280.0,370.0162694448409,0.15812758669901528,0.37005847136495995,0.07732871301984884,1.3214866765887174
118,4,700,700.0,370.0162694448409,0.1584130155558727,0.41887672649675334,0.03507517708864831,0.5285946706354869
118,2,105,105.0,370.0162694448409,0.156272299129442,0.39955388029334343,0.22003353472384357,3.5239644709032465
118,1,155,155.0,370.0162694448409,0.1374339945768517,0.5157639301853946,0.16921320769832646,2.387201738353812
118,3,700,700.0,370.0162694448409,0.15612958470101326,0.5218329691883956,0.043066492131228304,0.5285946706354869
118,0,186,186.0,370.0162694448409,0.13757670900528043,0.4874609172690678,0.13341129314937786,1.9893347819615101
118,6,440,440.0,370.0162694448409,0.09604681033252462,0.07203279125399442,0.005818102047763545,0.8409460669200929
119,1,248,248.0,491.17225631511343,0.1374339945768517,0.1978947596548676,0.05386548948456585,1.9805332915931992
119,0,620,620.0,491.17225631511343,0.13757670900528043,0.2464761293959996,0.026863458220473542,0.7922133166372797
119,3,665,665.0,491.17225631511343,0.15612958470101326,0.3325974820752292,0.03835450164290783,0.7386048967144563
119,2,700,700.0,491.17225631511343,0.156272299129442,0.25771816329883873,0.028259392215572353,0.7016746518787335
119,6,440,440.0,491.17225631511343,0.09604681033252462,0.1520474746200065,0.01630209086093489,1.1163005825343486
119,5,420,420.0,491.17225631511343,0.15812758669901528,0.3746945463547742,0.06928983902639636,1.1694577531312225
119,4,315,315.0,491.17225631511343,0.1584130155558727,0.36145363365806077,0.08928257975349367,1.5592770041749633
120,5,665,665.0,470.6768945340374,0.15812758669901528,0.38196282981011603,0.04274939561989117,0.7077848038105825
120,3,245,245.0,470.6768945340374,0.15612958470101326,0.29247775774500384,0.0877273163412986,1.9211301817715811
120,0,527,527.0,470.6768945340374,0.13757670900528043,0.1967693116073026,0.024177675634193995,0.8931250370664846
120,4,700,700.0,470.6768945340374,0.1584130155558727,0.29505971336748077,0.03142864206095926,0.6723955636200534
120,6,440,440.0,470.6768945340374,0.09604681033252462,0.08227891686551514,0.008453600411299913,1.069720214850085
120,1,620,620.0,470.6768945340374,0.1374339945768517,0.2782432756312311,0.029030200607185412,0.7591562815065119
120,2,105,105.0,470.6768945340374,0.156272299129442,0.2576307916457443,0.18047346223604993,4.482637090800356
121,0,620,620.0,355.74939346367916,0.13757670900528043,0.34665163221770756,0.027364697058719314,0.5737893442962567
121,5,175,175.0,355.74939346367916,0.15812758669901528,0.3726508919084651,0.11978872089323753,2.0328536769353094
121,3,245,245.0,355.74939346367916,0.15612958470101326,0.10695911448235301,0.0242482883135204,1.4520383406680781
121,1,62,62.0,355.74939346367916,0.1374339945768517,0.2954940549089883,0.2330211794338699,5.737893442962567
121,2,700,700.0,355.74939346367916,0.156272299129442,0.09815974928468241,0.007795815825251682,0.5082134192338273
121,6,440,440.0,355.74939346367916,0.09604681033252462,0.1749217652345547,0.013583706520471717,0.8085213487810889
121,4,280,280.0,355.74939346367916,0.1584130155558727,0.42475657838192277,0.08549035331672163,1.2705335480845683
122,3,105,105.0,393.3185386042529,0.15612958470101326,0.4203283509565513,0.24582667456215881,3.745890843850028
122,6,154,154.0,393.3185386042529,0.09604681033252462,0.11871966414223979,0.02912254346127071,2.554016484443201
122,0,124,124.0,393.3185386042529,0.13757670900528043,0.19015983524475932,0.0829824858479139,3.1719236984213945
122,2,245,245.0,393.3185386042529,0.156272299129442,0.42023710168121964,0.10542769869028687,1.6053817902214405
122,5,700,700.0,393.3185386042529,0.15812758669901528,0.30582025946774644,0.027171916553366152,0.5618836265775041
122,4,700,700.0,393.3185386042529,0.1584130155558727,0.30397742999278654,0.02705693367288176,0.5618836265775041
122,1,620,620.0,393.3185386042529,0.1374339945768517,0.15081037207265025,0.013148557453935289,0.6343847396842789
123,3,700,700.0,418.21093192521766,0.15612958470101326,0.13092036475002333,0.012212083132909083,0.5974441884645967
123,5,280,280.0,418.21093192521766,0.15812758669901528,0.4363422732383742,0.10305576284540073,1.4936104711614917
123,2,700,700.0,418.21093192521766,0.156272299129442,0.14329828018557214,0.013378897325768016,0.5974441884645967
123,0,434,434.0,418.21093192521766,0.13757670900528043,0.3371286370364962,0.04469369002973916,0.9636196588138656
123,6,440,440.0,418.21093192521766,0.09604681033252462,0.14432474089659145,0.013175479745781546,0.950479390739131
123,1,186,186.0,418.21093192521766,0.1374339945768517,0.36825340808011414,0.11379505267516093,2.2484458705656865
123,4,175,175.0,418.21093192521766,0.1584130155558727,0.3690184587361431,0.139699960784906,2.3897767538583867
124,3,700,700.0,459.96061081775366,0.15612958470101326,0.3639021434908444,0.03733295959235557,0.6570865868825052
124,4,700,700.0,459.96061081775366,0.1584130155558727,0.18642630314025754,0.019405312942980757,0.6570865868825052
124,5,700,700.0,459.96061081775366,0.15812758669901528,0.18870066515340186,0.019606662625514904,0.6570865868825052
124,6,286,286.0,459.96061081775366,0.09604681033252462,0.13568128417344422,0.020958369896913506,1.6082538839781597
124,2,105,105.0,459.96061081775366,0.156272299129442,0.39221461839880534,0.2684955678581983,4.3805772458833685
124,1,589,589.0,459.96061081775366,0.1374339945768517,0.1987595204552127,0.021331797736183235,0.7809178451914324
124,0,31,31.0,459.96061081775366,0.13757670900528043,0.15314015580090964,0.312602861549545,14.837439058637214
125,6,308,308.0,464.4876552019409,0.09604681033252462,0.13396157903510408,0.019403794406159715,1.5080768026037044
125,1,155,155.0,464.4876552019409,0.1374339945768517,0.26308084625105466,0.10834924209777134,2.9966945496899413
125,4,700,700.0,464.4876552019409,0.1584130155558727,0.519785684317506,0.054637561912567814,0.6635537931456299
125,3,420,420.0,464.4876552019409,0.15612958470101326,0.3680324723103023,0.06354717217175158,1.1059229885760498
125,0,124,124.0,464.4876552019409,0.13757670900528043,0.1968554305668937,0.10144830783606335,3.7458681871124266
125,2,700,700.0,464.4876552019409,0.156272299129442,0.2959732980629814,0.030690973888463993,0.6635537931456299
125,5,700,700.0,464.4876552019409,0.15812758669901528,0.5322080258070491,0.05584254444521631,0.6635537931456299
126,6,176,176.0,510.1626944484088,0.09604681033252462,0.06967105478663282,0.01939685691951118,2.898651673002323
126,3,455,455.0,510.1626944484088,0.15612958470101326,0.3649392540022274,0.0638856158240989,1.121236691095404
126,5,700,700.0,510.1626944484088,0.15812758669901528,0.35238483487071826,0.04061023574367812,0.7288038492120126
126,0,620,620.0,510.1626944484088,0.13757670900528043,0.13364139012759255,0.015128745221815038,0.8228430555619497
126,2,700,700.0,510.1626944484088,0.156272299129442,0.29136185922759533,0.03318374207905106,0.7288038492120126
126,4,630,630.0,510.1626944484088,0.1584130155558727,0.3932318382703249,0.050443786986693065,0.809782054680014
126,1,124,124.0,510.1626944484088,0.1374339945768517,0.10432383307770768,0.05898814210020317,4.114215277809748
127,0,310,310.0,423.0353931782503,0.13757670900528043,0.12106602908811974,0.022729099227064464,1.364630300575001
127,6,440,440.0,423.0353931782503,0.09604681033252462,0.09077383996146549,0.008382386504327469,0.9614440754051142
127,2,700,700.0,423.0353931782503,0.156272299129442,0.33927679412337053,0.032041646259468856,0.6043362759689289
127,1,93,93.0,423.0353931782503,0.1374339945768517,0.09261536267631651,0.05789898586612971,4.548767668583336
127,3,35,35.0,423.0353931782503,0.15612958470101326,0.24993973154793564,0.4716601266131196,12.086725519378579
127,5,700,700.0,423.0353931782503,0.15812758669901528,0.3312269534464848,0.031652788584186055,0.6043362759689289
127,4,630,630.0,423.0353931782503,0.1584130155558727,0.31114129912133076,0.033096698722284504,0.6714847510765878
128,2,700,700.0,415.2725845582989,0.156272299129442,0.30295978915826954,0.02808679680600749,0.5932465493689985
128,0,186,186.0,415.2725845582989,0.13757670900528043,0.4212538041036168,0.12939248951483218,2.232648304076876
128,5,35,35.0,415.2725845582989,0.15812758669901528,0.4113030785037675,0.7716756909675029,11.864930987379969
128,4,700,700.0,415.2725845582989,0.1584130155558727,0.47521354546773387,0.044659606626084807,0.5932465493689985
128,6,440,440.0,415.2725845582989,0.09604681033252462,0.24860030888512957,0.02253539604859427,0.9438013285415884
128,1,527,527.0,415.2725845582989,0.1374339945768517,0.468999107266089,0.050791241825947554,0.7879935190859562
128,3,315,315.0,415.2725845582989,0.15612958470101326,0.23156054404332382,0.04766202309872304,1.3183256652644408
129,6,88,88.0,464.298273155416,0.09604681033252462,0.17170068991505844,0.08701004298570818,5.276116740402454
129,4,490,490.0,464.298273155416,0.1584130155558727,0.36601169024938696,0.054939766143072305,0.9475474962355428
129,0,620,620.0,464.298273155416,0.13757670900528043,0.4854390289233923,0.050013239467611575,0.7488681825087354
129,5,700,700.0,464.298273155416,0.15812758669901528,0.35067589255535153,0.03678007261647694,0.66328324736488
129,3,700,700.0,464.298273155416,0.15612958470101326,0.8501615237869211,0.08804114436029366,0.66328324736488
129,1,93,93.0,464.298273155416,0.1374339945768517,0.7483027788666661,0.5134352092888065,4.992454550058237
129,2,385,385.0,464.298273155416,0.156272299129442,0.8198231379975223,0.1545035675475874,1.205969540663418
130,3,175,175.0,465.3673469387755,0.15612958470101326,0.4555222376813587,0.18912661354335353,2.6592419825072886
130,0,620,620.0,465.3673469387755,0.13757670900528043,0.31292091645464737,0.03231347968419416,0.7505924950625411
130,4,700,700.0,465.3673469387755,0.1584130155558727,0.42559598383631175,0.04482148585922845,0.6648104956268222
130,6,88,88.0,465.3673469387755,0.09604681033252462,0.07788397025883484,0.03955890521404179,5.288265306122448
130,1,620,620.0,465.3673469387755,0.1374339945768517,0.2411384489141997,0.02487510086414407,0.7505924950625411
130,2,665,665.0,465.3673469387755,0.156272299129442,0.5021581423519487,0.05491573146140287,0.6998005217124443
130,5,280,280.0,465.3673469387755,0.15812758669901528,0.4037928749050134,0.10612169307698335,1.6620262390670553
131,5,490,490.0,439.3910375338947,0.15812758669901528,0.29024471732913065,0.04115542406703046,0.8967164031303974
131,2,700,700.0,439.3910375338947,0.156272299129442,0.30280916306581,0.029703263553999253,0.6277014821912781
131,6,440,440.0,439.3910375338947,0.09604681033252462,0.1029507958176525,0.009874410379805569,0.9986159943952152
131,3,560,560.0,439.3910375338947,0.15612958470101326,0.35042312621513383,0.04292804705954026,0.7846268527390977
131,4,210,210.0,439.3910375338947,0.1584130155558727,0.31681712154377567,0.10501018040151684,2.092338273970927
131,1,31,31.0,439.3910375338947,0.1374339945768517,0.28592279204875864,0.5569708241046284,14.173904436577248
131,0,620,620.0,439.3910375338947,0.13757670900528043,0.2838416200519948,0.027674545553172503,0.7086952218288624
132,5,700,700.0,424.08191808191805,0.15812758669901528,0.48768463369264103,0.04671952623743638,0.6058313115455972
132,3,350,350.0,424.08191808191805,0.15612958470101326,0.6101554411687073,0.11542699890392263,1.2116626230911944
132,1,620,620.0,424.08191808191805,0.1374339945768517,0.23003781142467955,0.021624768290979045,0.6840030936805129
132,2,700,700.0,424.08191808191805,0.156272299129442,0.6346093721502418,0.06008142142608183,0.6058313115455972
132,0,186,186.0,424.08191808191805,0.13757670900528043,0.25924373647942833,0.08131862001309764,2.280010312268377
132,6,286,286.0,424.08191808191805,0.09604681033252462,0.19182718560739478,0.027319756500695496,1.4828039093773357
132,4,70,70.0,424.08191808191805,0.1584130155558727,0.3996497630245248,0.3835501320139273,6.058313115455972
133,5,630,630.0,546.7862137862138,0.15812758669901528,0.2902735128353371,0.03983749832720318,0.8679146250574822
133,4,700,700.0,546.7862137862138,0.1584130155558727,0.167082304486248,0.02067477700531898,0.781123162551734
133,6,132,132.0,546.7862137862138,0.09604681033252462,0.13720509874349626,0.05458795467911169,4.142319801410711
133,1,620,620.0,546.7862137862138,0.1374339945768517,0.40370508347965295,0.04893101834595119,0.8819132480422803
133,2,595,595.0,546.7862137862138,0.156272299129442,0.47684241475597855,0.06847900960938728,0.9189684265314518
133,0,620,620.0,546.7862137862138,0.13757670900528043,0.42763009380266365,0.05188466815564883,0.8819132480422803
133,3,385,385.0,546.7862137862138,0.15612958470101326,0.4394685879341357,0.09744731321008523,1.4202239319122436
134,4,420,420.0,515.0002854288568,0.1584130155558727,0.30613207171379203,0.059464513644790065,1.2261911557829925
134,6,308,308.0,515.0002854288568,0.09604681033252462,0.0365006601744055,0.005861927184453785,1.6720788487949898
134,5,700,700.0,515.0002854288568,0.15812758669901528,0.2966972536246139,0.03451680578509624,0.7357146934697955
134,1,341,341.0,515.0002854288568,0.1374339945768517,0.2496121257583183,0.05180992209281804,1.5102647666535391
134,2,700,700.0,515.0002854288568,0.156272299129442,0.33883507762855125,0.03895648780867173,0.7357146934697955
134,3,700,700.0,515.0002854288568,0.15612958470101326,0.2613621730972083,0.030021844187941283,0.7357146934697955
134,0,310,310.0,515.0002854288568,0.13757670900528043,0.3991741979480662,0.09123325160896334,1.661291243318893
135,4,280,280.0,425.39817325531607,0.1584130155558727,0.18502027912883476,0.04452949627913945,1.5192791901975573
135,1,341,341.0,425.39817325531607,0.1374339945768517,0.15072022730628198,0.02584085931750519,1.2475019743557656
135,5,700,700.0,425.39817325531607,0.15812758669901528,0.3210071472364435,0.03084749664054353,0.607711676079023
135,2,700,700.0,425.39817325531607,0.156272299129442,0.3751390559620829,0.035626393747003667,0.607711676079023
135,3,105,105.0,425.39817325531607,0.15612958470101326,0.3294319990462717,0.2083806112841,4.051411173860153
135,0,403,403.0,425.39817325531607,0.13757670900528043,0.1502566711917694,0.021820728920283847,1.0555785936856479
135,6,440,440.0,425.39817325531607,0.09604681033252462,0.08902432728815443,0.00826674595374303,0.9668140301257183
136,3,700,700.0,444.42043670615095,0.15612958470101326,0.17059512321654635,0.01691016316762051,0.6348863381516442
136,0,217,217.0,444.42043670615095,0.13757670900528043,0.2634958101021018,0.07424255650075251,2.048020445650465
136,1,62,62.0,444.42043670615095,0.1374339945768517,0.2798246737626154,0.2756655578920905,7.168071559776628
136,6,220,220.0,444.42043670615095,0.09604681033252462,0.14321196049642396,0.02778648281787725,2.020092894118868
136,4,700,700.0,444.42043670615095,0.1584130155558727,0.30219239920390667,0.03039277673470662,0.6348863381516442
136,2,700,700.0,444.42043670615095,0.156272299129442,0.20208568556785697,0.02004996115153849,0.6348863381516442
136,5,350,350.0,444.42043670615095,0.15812758669901528,0.36677754079307956,0.07364382793427858,1.2697726763032884
137,1,620,620.0,466.58270301127436,0.1374339945768517,0.08689178056959582,0.008986897982032354,0.752552746792378
137,2,315,315.0,466.58270301127436,0.156272299129442,0.4392658354964573,0.10167812040510733,1.4812149301945219
137,0,620,620.0,466.58270301127436,0.13757670900528043,0.110531275061956,0.011443715217180342,0.752552746792378
137,4,280,280.0,466.58270301127436,0.1584130155558727,0.3412785240867592,0.09008872170451447,1.666366796468837
137,6,330,330.0,466.58270301127436,0.09604681033252462,0.1042963268565493,0.01416337177651078,1.4138869788220436
137,3,385,385.0,466.58270301127436,0.15612958470101326,0.45224608434327196,0.08557125965029722,1.2119031247046088
137,5,700,700.0,466.58270301127436,0.15812758669901528,0.3401125125533946,0.03584766292933835,0.6665467185875348
138,3,700,700.0,507.5834165834165,0.15612958470101326,0.32670537733004285,0.036987150281482806,0.7251191665477379
138,5,700,700.0,507.5834165834165,0.15812758669901528,0.3954411472030672,0.04534181336193163,0.7251191665477379
138,2,700,700.0,507.5834165834165,0.156272299129442,0.2784913380209268,0.03155753540367721,0.7251191665477379
138,6,44,44.0,507.5834165834165,0.09604681033252462,0.08895578192306092,0.09856253761527102,11.535986740532193
138,4,560,560.0,507.5834165834165,0.1584130155558727,0.2828896383937551,0.04061881969583067,0.9063989581846723
138,0,465,465.0,507.5834165834165,0.13757670900528043,0.21200852227247355,0.03183850794888319,1.0915772399643366
138,1,155,155.0,507.5834165834165,0.1374339945768517,0.18882833807735186,0.08498398013827192,3.2747317198930097
139,6,66,66.0,381.58998144712433,0.09604681033252462,0.015980926427409205,0.008874378078520173,5.78166638556249
139,3,700,700.0,381.58998144712433,0.15612958470101326,0.39629418079714324,0.03372887248938731,0.5451285449244633
139,4,700,700.0,381.58998144712433,0.1584130155558727,0.30539505856645655,0.026372529746372716,0.5451285449244633
139,5,245,245.0,381.58998144712433,0.15812758669901528,0.4024082960727616,0.09910725510623022,1.5575101283556094
139,0,620,620.0,381.58998144712433,0.13757670900528043,0.1514370014327833,0.012822780039022437,0.6154677120114909
139,1,186,186.0,381.58998144712433,0.1374339945768517,0.2068308755225539,0.058316783159290855,2.051559040038303
139,2,35,35.0,381.58998144712433,0.156272299129442,0.4087240427384016,0.6963716890239012,10.902570898489266
140,2,175,175.0,506.0418153275296,0.156272299129442,0.2727508559660404,0.1232527108991302,2.891667516157312
140,6,88,88.0,506.0418153275296,0.09604681033252462,0.22976428547012018,0.1269022150034395,5.750475174176473
140,0,434,434.0,506.0418153275296,0.13757670900528043,0.5762966196433037,0.09244590196467302,1.1659949661924645
140,1,620,620.0,506.0418153275296,0.1374339945768517,0.5951944085506814,0.06676482696880959,0.8161964763347251
140,3,700,700.0,506.0418153275296,0.15612958470101326,0.3995671091099583,0.04509862500186731,0.722916879039328
140,4,665,665.0,506.0418153275296,0.1584130155558727,0.5349255714105697,0.064483556189484,0.7609651358308716
140,5,700,700.0,506.0418153275296,0.15812758669901528,0.5400246381190082,0.06173189125169348,0.722916879039328
141,5,140,140.0,426.2156415013558,0.15812758669901528,0.32746842627817513,0.15764435486796038,3.0443974392953983
141,2,700,700.0,426.2156415013558,0.156272299129442,0.32006333426884,0.030454345506212125,0.6088794878590796
141,0,248,248.0,426.2156415013558,0.13757670900528043,0.28726912951694183,0.067922173939573,1.7186114576667573
141,3,700,700.0,426.2156415013558,0.15612958470101326,0.30765829359710545,0.029247259272107647,0.6088794878590796
141,6,110,110.0,426.2156415013558,0.09604681033252462,0.004786354876564695,0.0017812486194781507,3.874687650012325
141,1,217,217.0,426.2156415013558,0.1374339945768517,0.4869296838677251,0.1314407625392597,1.9641273801905796
141,4,700,700.0,426.2156415013558,0.1584130155558727,0.3261772383272864,0.03146124148774767,0.6088794878590796
142,1,620,620.0,474.8754103039817,0.1374339945768517,0.2020661563760576,0.021270404182839424,0.7659280811354544
142,2,700,700.0,474.8754103039817,0.156272299129442,0.34530083718795895,0.03660675855329257,0.6783934432914024
142,6,418,418.0,474.8754103039817,0.09604681033252462,0.16311978695554474,0.01779889300240086,1.1360655748899084
142,5,245,245.0,474.8754103039817,0.15812758669901528,0.17446070672305072,0.05347106913682861,1.9382669808325783
142,4,700,700.0,474.8754103039817,0.1584130155558727,0.23134151299347977,0.024861428255920838,0.6783934432914024
142,3,525,525.0,474.8754103039817,0.15612958470101326,0.38685348348550097,0.054632628358657905,0.9045245910552032
142,0,62,62.0,474.8754103039817,0.13757670900528043,0.24073960300967842,0.25367662364464044,7.659280811354543
143,0,620,620.0,482.99200799200787,0.13757670900528043,0.12483886700272814,0.013379595691710931,0.7790193677290449
143,2,105,105.0,482.99200799200787,0.156272299129442,0.3365770108722578,0.24194524784878785,4.59992388563817
143,5,665,665.0,482.99200799200787,0.15812758669901528,0.33185833415846333,0.03811348584561721,0.7263037714165532
143,3,455,455.0,482.99200799200787,0.15612958470101326,0.32236086493754024,0.05342641887811402,1.0615208966857317
143,6,440,440.0,482.99200799200787,0.09604681033252462,0.08633194042900032,0.00910210240314554,1.097709109072745
143,1,620,620.0,482.99200799200787,0.1374339945768517,0.1525786226423632,0.016335638527279702,0.7790193677290449
143,4,490,490.0,482.99200799200787,0.1584130155558727,0.3415537481155224,0.05333272587757987,0.9856979754938936
144,4,350,350.0,460.11531325817043,0.1584130155558727,0.3003802348246311,0.06255483124451741,1.3146151807376298
144,0,31,31.0,460.11531325817043,0.13757670900528043,0.2556085662416643,0.5219456882691317,14.842429459940982
144,5,700,700.0,460.11531325817043,0.15812758669901528,0.3192199322215329,0.0331792291089518,0.6573075903688149
144,2,420,420.0,460.11531325817043,0.156272299129442,0.09953931891377689,0.017040960253811337,1.0955126506146915
144,6,308,308.0,460.11531325817043,0.09604681033252462,0.1779508565208799,0.02553283274441845,1.493880887201852
144,1,620,620.0,460.11531325817043,0.1374339945768517,0.36628605920377333,0.03735851092510187,0.7421214729970491
144,3,700,700.0,460.11531325817043,0.15612958470101326,0.1645297717303114,0.016884894330409655,0.6573075903688149
145,6,440,440.0,551.0184101612673,0.09604681033252462,0.14394506531784348,0.017313830468643234,1.2523145685483348
145,4,595,595.0,551.0184101612673,0.1584130155558727,0.45032712654500034,0.06606449407175367,0.9260813616155753
145,1,620,620.0,551.0184101612673,0.1374339945768517,0.2633125554395745,0.03216178596608086,0.8887393712278505
145,5,595,595.0,551.0184101612673,0.15812758669901528,0.450272768404134,0.06593749879492271,0.9260813616155753
145,2,700,700.0,551.0184101612673,0.156272299129442,0.6865596029004012,0.0844555738249276,0.787169157373239
145,3,560,560.0,551.0184101612673,0.15612958470101326,0.6767239986244564,0.10396205726237687,0.9839614467165487
145,0,279,279.0,551.0184101612673,0.13757670900528043,0.16577916050290428,0.04504398016611417,1.9749763805063345
146,6,440,440.0,494.45839874411297,0.09604681033252462,0.056085091284683676,0.006053512721505225,1.1237690880548021
146,4,175,175.0,494.45839874411297,0.1584130155558727,0.31855594614123695,0.1425831768017674,2.825476564252074
146,2,630,630.0,494.45839874411297,0.156272299129442,0.4184579794354229,0.05132430344857027,0.7848546011811317
146,1,310,310.0,494.45839874411297,0.1374339945768517,0.13526565160371237,0.029651711288554674,1.595027092722945
146,0,620,620.0,494.45839874411297,0.13757670900528043,0.12408338051051813,0.013614340298185623,0.7975135463614725
146,3,560,560.0,494.45839874411297,0.15612958470101326,0.41932112624897894,0.057806101243971605,0.8829614263287732
146,5,700,700.0,494.45839874411297,0.15812758669901528,0.3223007433831861,0.035999848093113934,0.7063691410630185
147,2,490,490.0,499.11088911088905,0.156272299129442,0.35609164033269763,0.05668194506848585,1.0185936512467124
147,3,350,350.0,499.11088911088905,0.15612958470101326,0.35653081410936305,0.07938003315800742,1.4260311117453972
147,6,440,440.0,499.11088911088905,0.09604681033252462,0.12055976450722165,0.013134988782021807,1.1343429297974752
147,0,620,620.0,499.11088911088905,0.13757670900528043,0.2109011668898186,0.023357655809570364,0.8050175630820791
147,4,560,560.0,499.11088911088905,0.1584130155558727,0.1361772104288201,0.01922668064509053,0.8912694448408733
147,5,420,420.0,499.11088911088905,0.15812758669901528,0.1640317479665676,0.030823596464612794,1.188359259787831
147,1,620,620.0,499.11088911088905,0.1374339945768517,0.29389025150157677,0.03251507092286508,0.8050175630820791
148,3,700,700.0,436.92065077779364,0.15612958470101326,0.2985883348046226,0.02909796204935836,0.6241723582539909
148,4,210,210.0,436.92065077779364,0.1584130155558727,0.16958142125811723,0.05589235504554691,2.080574527513303
148,0,124,124.0,436.92065077779364,0.13757670900528043,0.1574180274283045,0.07630979188617677,3.5235536353047876
148,5,700,700.0,436.92065077779364,0.15812758669901528,0.2659743488364301,0.026251367332028125,0.6241723582539909
148,2,700,700.0,436.92065077779364,0.156272299129442,0.25035093926191543,0.024419443283071423,0.6241723582539909
148,6,374,374.0,436.92065077779364,0.09604681033252462,0.08719808710522939,0.009784099804386907,1.1682370341652237
148,1,155,155.0,436.92065077779364,0.1374339945768517,0.19111276733240132,0.0740380112347096,2.81884290824383
149,2,560,560.0,472.39703153988864,0.156272299129442,0.30234423662657856,0.03985683685567504,0.8435661277498011
149,6,66,66.0,472.39703153988864,0.09604681033252462,0.1301025332600917,0.0894400274872485,7.157530780907404
149,1,620,620.0,472.39703153988864,0.1374339945768517,0.10839969437225369,0.011351093415606585,0.7619306960320784
149,0,372,372.0,472.39703153988864,0.13757670900528043,0.08520455054616172,0.014885791316454702,1.2698844933867974
149,3,700,700.0,472.39703153988864,0.15612958470101326,0.31849079840510996,0.033557624797007336,0.674852902199841
149,4,140,140.0,472.39703153988864,0.1584130155558727,0.3302317571686932,0.17651792799591035,3.3742645109992044
149,5,700,700.0,472.39703153988864,0.15812758669901528,0.25583978143104064,0.027301394983384773,0.674852902199841
150,3,700,700.0,447.6991579848722,0.15612958470101326,0.4814032328434865,0.04807092117327068,0.6395702256926746
150,1,620,620.0,447.6991579848722,0.1374339945768517,0.41830236804401444,0.041512518378395154,0.7220954161046326
150,4,700,700.0,447.6991579848722,0.1584130155558727,0.2988912149357769,0.0302825364908486,0.6395702256926746
150,0,310,310.0,447.6991579848722,0.13757670900528043,0.2755481378907816,0.05474783889960468,1.4441908322092651
150,6,176,176.0,447.6991579848722,0.09604681033252462,0.06950839748112964,0.016982195353304034,2.5437452158231375
150,5,385,385.0,447.6991579848722,0.15812758669901528,0.30222747327687954,0.05557342090896025,1.1628549558048629
150,2,140,140.0,447.6991579848722,0.156272299129442,0.452533852323223,0.2261472527329909,3.197851128463373
