seed,algorithm,mu,local_epochs,round,n_sampled,train_loss,val_loss,val_accuracy,val_balanced_accuracy,val_macro_f1,val_f1_class_0,val_f1_class_1,val_f1_class_2,val_f1_class_3,val_f1_class_4,val_f1_class_5,val_f1_class_6
42,fedprox,0.1,1,1,7,1.006550421619423,1.1695521019272885,0.6689930209371885,0.14285714285714285,0.11452466291175968,0.0,0.0,0.0,0.0,0.0,0.8016726403823178,0.0
42,fedprox,0.1,1,2,7,1.018201664370153,1.1126924311056927,0.6689930209371885,0.14285714285714285,0.11452466291175968,0.0,0.0,0.0,0.0,0.0,0.8016726403823178,0.0
