round,cid,tau,a_i,a_eff,p_i,raw_update_norm,contribution_norm,amp_vs_fedavg
1,3,245,2360.000000000555,4945.089875460987,0.15612958470101326,2.558782102924761,0.8371064633263257,2.095377065872807
1,4,700,6910.000000000002,4945.089875460987,0.1584130155558727,4.121188838236834,0.46720719038453473,0.7156425290102729
1,0,620,6110.000000000002,4945.089875460987,0.13757670900528043,3.8121999421262514,0.4244764160064389,0.8093436784715198
1,2,525,5160.000000000001,4945.089875460987,0.156272299129442,3.5849268761229327,0.5368918244359441,0.9583507510583307
1,5,630,6210.000000000002,4945.089875460987,0.15812758669901528,3.8662507279103466,0.48683326616530703,0.7963107689953278
1,1,620,6110.000000000002,4945.089875460987,0.1374339945768517,3.856569089718842,0.42897132728108484,0.8093436784715198
1,6,22,138.8629381196525,4945.089875460987,0.09604681033252462,1.7663003579419294,6.041368723039432,35.611300916015516
2,1,620,6110.000000000002,4077.7272166311973,0.1374339945768517,4.6133522595260565,0.4231435705290524,0.6673857965026507
2,5,420,4110.000000000002,4077.7272166311973,0.15812758669901528,4.461943945396273,0.7000162164519345,0.9921477412727969
2,3,35,262.252839954494,4077.7272166311973,0.15612958470101326,3.6809914698372217,8.936099287751977,15.548839117771852
2,2,700,6910.000000000002,4077.7272166311973,0.156272299129442,4.969862525750713,0.4583175628209956,0.5901197129712296
2,0,620,6110.000000000002,4077.7272166311973,0.13757670900528043,4.616603862541871,0.4238815235458671,0.6673857965026507
2,6,330,3210.000000000001,4077.7272166311973,0.09604681033252462,4.1972191828970816e-05,5.121034873087307e-06,1.270320005181058
2,4,210,2010.0000000221403,4077.7272166311973,0.1584130155558727,3.5044663643653085,1.1262501705599153,2.028720008251881
3,3,700,6910.000000000002,5026.489225099582,0.15612958470101326,3.720569923897408,0.42255318940451064,0.727422463834961
3,4,525,5160.000000000001,5026.489225099582,0.1584130155558727,3.6457772416133745,0.5625952293695234,0.9741258188177482
3,5,700,6910.000000000002,5026.489225099582,0.15812758669901528,4.209172050860045,0.4841623668856274,0.727422463834961
3,6,220,2110.0000000077202,5026.489225099582,0.09604681033252462,0.8145833973779856,0.1863806412145315,2.3822223815550667
3,2,490,4810.000000000001,5026.489225099582,0.156272299129442,2.8686002306848057,0.46845913293619384,1.0450081549063577
3,0,186,1770.0000002775555,5026.489225099582,0.13757670900528043,2.3382309718389145,0.913532104995814,2.8398244205149
3,1,620,6110.000000000002,5026.489225099582,0.1374339945768517,3.9071779730089964,0.44175442576004126,0.8226659942879837
4,5,70,610.0563920873398,4396.842083978591,0.15812758669901528,1.539317932287764,1.7543120946986188,7.207271558838301
4,6,220,2110.0000000077202,4396.842083978591,0.09604681033252462,0.5141445287799309,0.10290265447672473,2.083811414200239
4,3,700,6910.000000000002,4396.842083978591,0.15612958470101326,3.658987639012971,0.36350381011485605,0.6363013146133994
4,4,280,2710.0000000000146,4396.842083978591,0.1584130155558727,2.6960446612323326,0.6929302492836203,1.6224509534976264
4,0,496,4870.000000000001,4396.842083978591,0.13757670900528043,3.079148767779273,0.3824612985472325,0.902842317038725
4,1,620,6110.000000000002,4396.842083978591,0.1374339945768517,3.5869384758660035,0.3547462023066124,0.7196140890308658
4,2,700,6910.000000000002,4396.842083978591,0.156272299129442,3.4842013386521713,0.34645598286250123,0.6363013146133994
5,4,700,6910.000000000002,4913.277077563227,0.1584130155558727,3.9343983164739442,0.4431618796583116,0.7110386508774567
5,1,496,4870.000000000001,4913.277077563227,0.1374339945768517,3.5324507873773414,0.48979301222202065,1.0088864635653443
5,0,527,5180.000000000002,4913.277077563227,0.13757670900528043,3.510485142392807,0.45809289107803497,0.948509088332669
5,6,198,1890.0000000783903,4913.277077563227,0.09604681033252462,0.5672900523882775,0.14164379918968348,2.599617501248382
5,3,700,6910.000000000002,4913.277077563227,0.15612958470101326,3.8171280091966473,0.42375529493006925,0.7110386508774567
5,2,700,6910.000000000002,4913.277077563227,0.156272299129442,3.7377365410453547,0.41532100563591917,0.7110386508774567
5,5,70,610.0563920873398,4913.277077563227,0.15812758669901528,1.061616039494062,1.3519990569620277,8.053808043469873
6,1,620,6110.000000000002,3844.5119017944367,0.1374339945768517,3.954799012981416,0.34199407829139056,0.6292163505391875
6,5,140,1310.0000353340838,3844.5119017944367,0.15812758669901528,1.4209741704075933,0.6594224504961117,2.9347418306091777
6,3,140,1310.0000353340838,3844.5119017944367,0.15612958470101326,1.9492521273237322,0.8931473699968898,2.9347418306091777
6,0,93,840.0049979958054,3844.5119017944367,0.13757670900528043,1.5482264025377612,0.9748520861879549,4.576772651314194
6,4,630,6210.000000000002,3844.5119017944367,0.1584130155558727,3.4339826164354137,0.33677400615900477,0.6190840421569139
6,6,440,4310.000000000002,3844.5119017944367,0.09604681033252462,0.544833137758052,0.04667780233659975,0.8919981210659942
6,2,700,6910.000000000002,3844.5119017944367,0.156272299129442,3.7810823704986345,0.32874662471447497,0.5563693056142454
7,0,620,6110.000000000002,4765.602974047406,0.13757670900528043,3.3210529304508603,0.3563669020323084,0.7799677535265801
7,1,527,5180.000000000002,4765.602974047406,0.1374339945768517,3.156072366293329,0.399051750909791,0.9200005741404256
7,4,455,4460.000000000002,4765.602974047406,0.1584130155558727,2.810714334051703,0.47576289611751016,1.0685208461989695
7,3,525,5160.000000000001,4765.602974047406,0.15612958470101326,3.069242902249906,0.44257270013268646,0.9235664678386444
7,6,440,4310.000000000002,4765.602974047406,0.09604681033252462,0.5194535310759791,0.05516584025530486,1.1057083466467295
7,5,140,1310.0000353340838,4765.602974047406,0.15812758669901528,1.4770236571405202,0.8496530974839198,3.637864767562433
7,2,700,6910.000000000002,4765.602974047406,0.156272299129442,3.763449404649949,0.4056092907433072,0.6896675794569327
8,3,700,6910.000000000002,5451.134579707467,0.15612958470101326,3.7409122455520483,0.46075661809576784,0.7888762054569415
8,5,665,6560.000000000001,5451.134579707467,0.15812758669901528,3.7300845400822222,0.49012785225260935,0.8309656371505284
8,1,465,4560.000000000002,5451.134579707467,0.1374339945768517,3.277468741148805,0.538461664613627,1.1954242499358476
8,4,595,5860.000000000002,5451.134579707467,0.1584130155558727,3.3789667920375117,0.49792516170743845,0.9302277439773832
8,2,700,6910.000000000002,5451.134579707467,0.156272299129442,3.757563718815304,0.46323057029349957,0.7888762054569415
8,0,217,2080.00000001059,5451.134579707467,0.13757670900528043,2.204643646473279,0.7948897315146286,2.62073777869217
8,6,440,4310.000000000002,5451.134579707467,0.09604681033252462,0.48565235572062815,0.05899539054051605,1.2647644036444234
9,4,595,5860.000000000002,5458.611081011828,0.1584130155558727,3.3015302330141,0.48718137447124354,0.9315035974422912
9,6,66,570.0859504455718,5458.611081011828,0.09604681033252462,0.8366409815111467,0.769420751343103,9.57506684166738
9,1,620,6110.000000000002,5458.611081011828,0.1374339945768517,3.545720832958519,0.4353511048430238,0.8933897022932613
9,5,700,6910.000000000002,5458.611081011828,0.15812758669901528,3.8109452694693218,0.47604111062344245,0.7899581882795697
9,0,527,5180.000000000002,5458.611081011828,0.13757670900528043,3.0577735435541524,0.44330499815515406,1.053785922975256
9,3,700,6910.000000000002,5458.611081011828,0.15612958470101326,4.120058664815272,0.5081509122075837,0.7899581882795697
9,2,490,4810.000000000001,5458.611081011828,0.156272299129442,2.9751152712759885,0.5276219746943495,1.1348463785887375
10,5,175,1660.0000008844675,3672.8235490067937,0.15812758669901528,2.3336709343519657,0.8164681280078939,2.212544305451729
10,6,440,4310.000000000002,3672.8235490067937,0.09604681033252462,0.22299092986703314,0.018251263677117307,0.85216323642849
10,0,620,6110.000000000002,3672.8235490067937,0.13757670900528043,3.2863912540448625,0.2717834683973525,0.6011167837981657
10,2,700,6910.000000000002,3672.8235490067937,0.156272299129442,3.9468880138775795,0.3278376461395775,0.5315229448635012
10,3,35,262.252839954494,3672.8235490067937,0.15612958470101326,1.5758140735916553,3.445641137128755,14.004895236383716
10,4,455,4460.000000000002,3672.8235490067937,0.1584130155558727,2.9332948225355926,0.3826588681475843,0.8235030378938996
10,1,248,2390.0000000004047,3672.8235490067937,0.1374339945768517,2.2695165898371705,0.47932457374673243,1.5367462548142978
11,1,186,1770.0000002775555,4274.4209854327655,0.1374339945768517,2.0830558469612406,0.6913518194936656,2.4149271100353045
11,4,700,6910.000000000002,4274.4209854327655,0.1584130155558727,4.056087262623526,0.3974636323084821,0.6185848025228313
11,0,217,2080.00000001059,4274.4209854327655,0.13757670900528043,2.055823965245933,0.581225686660948,2.055010089139905
11,6,66,570.0859504455718,4274.4209854327655,0.09604681033252462,0.7138557585221099,0.5140795987291144,7.497853581713307
11,3,280,2710.0000000000146,4274.4209854327655,0.15612958470101326,1.9832094051177527,0.48838439674815115,1.577277116395846
11,5,700,6910.000000000002,4274.4209854327655,0.15812758669901528,4.10489228402774,0.4015213605030991,0.6185848025228313
11,2,700,6910.000000000002,4274.4209854327655,0.156272299129442,4.064689009594116,0.3929240129736787,0.6185848025228313
12,6,440,4310.000000000002,4960.621028354774,0.09604681033252462,0.48615700380649646,0.053742550508777916,1.1509561550707128
12,2,105,960.0014115816389,4960.621028354774,0.156272299129442,1.195845773234584,0.9656535753879671,5.1673059732088955
12,4,700,6910.000000000002,4960.621028354774,0.1584130155558727,4.228407080655471,0.4808677541112095,0.7178901632930207
12,3,700,6910.000000000002,4960.621028354774,0.15612958470101326,3.9525797626941497,0.4430205274166542,0.7178901632930207
12,0,372,3630.000000000001,4960.621028354774,0.13757670900528043,2.4663728529473308,0.4636957045600013,1.3665622667644004
12,5,595,5860.000000000002,4960.621028354774,0.15812758669901528,3.817680760371203,0.5110291645230113,0.8465223597875039
12,1,589,5800.000000000002,4960.621028354774,0.1374339945768517,3.506744469249838,0.4121984427415964,0.8552794876473746
13,5,700,6910.000000000002,5086.340807653282,0.15812758669901528,4.1976968563866475,0.4885917439027255,0.7360840532059741
13,3,665,6560.000000000001,5086.340807653282,0.15612958470101326,3.979333426964609,0.48172274416634725,0.7753568304349515
13,1,620,6110.000000000002,5086.340807653282,0.1374339945768517,3.7298385214953047,0.4267253525608997,0.8324616706470181
13,4,700,6910.000000000002,5086.340807653282,0.1584130155558727,4.092626184241199,0.4772218817822191,0.7360840532059741
13,0,496,4870.000000000001,5086.340807653282,0.13757670900528043,3.0272509747664444,0.43498055133238955,1.0444231637891748
13,6,176,1670.0000007960207,5086.340807653282,0.09604681033252462,0.5077388623387175,0.14852936948458242,3.0457130570232525
13,2,140,1310.0000353340838,5086.340807653282,0.156272299129442,1.2785288217348258,0.7757587334214409,3.8827028018790353
14,4,105,960.0014115816389,4733.5348877984525,0.1584130155558727,1.7982771739251406,1.4046276192674623,4.930758257948573
14,3,525,5160.000000000001,4733.5348877984525,0.15612958470101326,3.1662407294134898,0.45348718241052427,0.9173517224415604
14,1,620,6110.000000000002,4733.5348877984525,0.1374339945768517,3.8697020630905357,0.4120178872179207,0.774719294238699
14,5,630,6210.000000000002,4733.5348877984525,0.15812758669901528,4.0617622285779555,0.4895714931980061,0.7622439432847747
14,2,700,6910.000000000002,4733.5348877984525,0.156272299129442,4.185156640982581,0.44802397402549293,0.6850267565554922
14,0,620,6110.000000000002,4733.5348877984525,0.13757670900528043,3.4793906112633097,0.37084504086543096,0.774719294238699
14,6,44,350.8727963568088,4733.5348877984525,0.09604681033252462,0.4216069687532388,0.5462942278071308,13.490743474409559
15,5,455,4460.000000000002,5092.177822177823,0.15812758669901528,3.099134055864715,0.559521407855795,1.1417439063178971
15,4,700,6910.000000000002,5092.177822177823,0.1584130155558727,3.943449748517445,0.46035481080885826,0.7369287731082231
15,3,385,3760.0000000000014,5092.177822177823,0.15612958470101326,2.7869827989803504,0.5892983281056382,1.3543026122813355
15,2,700,6910.000000000002,5092.177822177823,0.156272299129442,4.336746427900097,0.4994264565022559,0.7369287731082231
15,1,434,4250.000000000002,5092.177822177823,0.1374339945768517,2.968427616098152,0.4888045771478298,1.198159487571252
15,6,440,4310.000000000002,5092.177822177823,0.09604681033252462,0.37846489669767996,0.04294719872315056,1.1814797731271047
15,0,465,4560.000000000002,5092.177822177823,0.13757670900528043,2.9657699939783995,0.4556392221253882,1.116705662758294
16,5,700,6910.000000000002,4183.85141426442,0.15812758669901528,4.4231404916939745,0.4234835861398013,0.6054777734101908
16,0,620,6110.000000000002,4183.85141426442,0.13757670900528043,3.5934330387908706,0.33852404002261294,0.6847547322855022
16,1,372,3630.000000000001,4183.85141426442,0.1374339945768517,2.675055809049733,0.42373725042456956,1.1525761471802807
16,2,35,262.252839954494,4183.85141426442,0.156272299129442,1.1876621820193904,2.9609493749113724,15.953502791391697
16,3,245,2360.000000000555,4183.85141426442,0.15612958470101326,2.1177497614211953,0.5861706855982798,1.7728183958743373
16,4,595,5860.000000000002,4183.85141426442,0.1584130155558727,3.759018316705242,0.42515171935958523,0.7139678181338598
16,6,440,4310.000000000002,4183.85141426442,0.09604681033252462,0.43430917886799825,0.0404930917148507,0.9707311866042734
17,5,140,1310.0000353340838,4557.152112490386,0.15812758669901528,2.3450653474717384,1.289985444109843,3.478741976772691
17,2,630,6210.000000000002,4557.152112490386,0.156272299129442,4.143473393257625,0.4751694173599393,0.7338409198857302
17,6,440,4310.000000000002,4557.152112490386,0.09604681033252462,0.8467145619848038,0.08598767980105763,1.0573438776079778
17,4,700,6910.000000000002,4557.152112490386,0.1584130155558727,4.464297645445319,0.4664010090541452,0.659501029303963
17,0,620,6110.000000000002,4557.152112490386,0.13757670900528043,3.7183444038028357,0.38154594661325686,0.7458514095728943
17,3,595,5860.000000000002,4557.152112490386,0.15612958470101326,3.8440575832118182,0.4667356757976311,0.7776710089574035
17,1,93,840.0049979958054,4557.152112490386,0.1374339945768517,1.700969946253362,1.2682429736533063,5.425148806689769
18,6,44,350.8727963568088,4430.913947405035,0.09604681033252462,0.49285010849007566,0.5977800552459841,12.628262987077402
18,5,700,6910.000000000002,4430.913947405035,0.15812758669901528,4.472989116195986,0.4535453854929531,0.6412321197402365
18,1,31,223.43368382029254,4430.913947405035,0.1374339945768517,0.7003950082941728,1.9088943020646316,19.831002522291197
18,0,620,6110.000000000002,4430.913947405035,0.13757670900528043,4.036112256323773,0.40268018422081214,0.7251904987569614
18,4,700,6910.000000000002,4430.913947405035,0.1584130155558727,4.481526677750154,0.45523130082535,0.6412321197402365
18,2,420,4110.000000000002,4430.913947405035,0.156272299129442,3.064613182758419,0.5163083644856966,1.0780812524099839
18,3,455,4460.000000000002,4430.913947405035,0.15612958470101326,3.184893911261198,0.4940132894824392,0.9934784635437295
19,4,700,6910.000000000002,4763.652062223495,0.1584130155558727,4.803151911665496,0.5245406734094444,0.6893852477892176
19,3,280,2710.0000000000146,4763.652062223495,0.15612958470101326,2.4691861988692954,0.6776567795680148,1.7578051890123503
19,2,420,4110.000000000002,4763.652062223495,0.156272299129442,3.146652400128007,0.5699397970292642,1.1590394311979302
19,0,620,6110.000000000002,4763.652062223495,0.13757670900528043,4.000972591678088,0.42915019628737194,0.7796484553557272
19,6,440,4310.000000000002,4763.652062223495,0.09604681033252462,0.2127889811457591,0.022588887616803454,1.1052556988917617
19,1,558,5490.000000000002,4763.652062223495,0.1374339945768517,3.468307883606311,0.4135990202378162,0.8676961861973576
19,5,385,3760.0000000000014,4763.652062223495,0.15812758669901528,3.1896373098793696,0.6390004054698589,1.2669287399530567
20,5,700,6910.000000000002,5018.933175018573,0.15812758669901528,4.69570534192609,0.5393141880517849,0.7263289688883606
20,4,700,6910.000000000002,5018.933175018573,0.1584130155558727,4.622734554986956,0.5318916633755929,0.7263289688883606
20,0,620,6110.000000000002,5018.933175018573,0.13757670900528043,3.8076544495482905,0.4303012899972268,0.82142932488029
20,2,665,6560.000000000001,5018.933175018573,0.156272299129442,4.313170898809422,0.5156870695147059,0.7650812766796604
20,6,22,138.8629381196525,5018.933175018573,0.09604681033252462,0.14007518989937665,0.4862607660300521,36.14307203189064
20,3,245,2360.000000000555,5018.933175018573,0.15612958470101326,2.19776137032747,0.7297349558930898,2.126666599583641
20,1,434,4250.000000000002,5018.933175018573,0.1374339945768517,3.138400858952294,0.5093602697324475,1.180925452945546
21,6,440,4310.000000000002,4148.981025568142,0.09604681033252462,0.2036961111343467,0.018833449114782436,0.9626406091805431
21,1,155,1460.0000072749747,4148.981025568142,0.1374339945768517,1.5648717985670069,0.6111692908615306,2.841767811571475
21,5,140,1310.0000353340838,4148.981025568142,0.15812758669901528,2.0577444900772166,1.0305503892929482,3.167161002793443
21,4,700,6910.000000000002,4148.981025568142,0.1584130155558727,4.638089696390452,0.44115723476812346,0.600431407462828
21,3,700,6910.000000000002,4148.981025568142,0.15612958470101326,4.496844308922901,0.42155714770333624,0.600431407462828
21,0,341,3320.0000000000014,4148.981025568142,0.13757670900528043,2.677468034878141,0.4603334946738604,1.2496930799904038
21,2,455,4460.000000000002,4148.981025568142,0.156272299129442,3.245266329890932,0.471779358568009,0.930264803939045
22,6,352,3430.000000000001,4758.110461107463,0.09604681033252462,0.36283152097361004,0.04834241654200094,1.3872042160663154
22,1,465,4560.000000000002,4758.110461107463,0.1374339945768517,3.2283820020200915,0.4629656447481441,1.043445276558654
22,3,700,6910.000000000002,4758.110461107463,0.15612958470101326,4.602304187468037,0.49478553778972395,0.688583279465624
22,5,175,1660.0000008844675,4758.110461107463,0.15812758669901528,1.991181997722982,0.9024954725327625,2.86633160154957
22,4,350,3410.000000000001,4758.110461107463,0.1584130155558727,2.831461760490703,0.6258664956043699,1.3953403111752087
22,2,700,6910.000000000002,4758.110461107463,0.156272299129442,4.469437258516754,0.480940465605062,0.688583279465624
22,0,620,6110.000000000002,4758.110461107463,0.13757670900528043,4.232217042357452,0.45342572695794314,0.7787414829963113
23,6,440,4310.000000000002,4810.0628874481945,0.09604681033252462,0.4295008405648122,0.04603842408470389,1.1160238717977244
23,1,558,5490.000000000002,4810.0628874481945,0.1374339945768517,3.5298626860726063,0.42504057556847497,0.8761498884240788
23,5,700,6910.000000000002,4810.0628874481945,0.15812758669901528,4.426582751719803,0.48724673475770497,0.6961017203253536
23,3,455,4460.000000000002,4810.0628874481945,0.15612958470101326,3.777471296814797,0.6360661342364029,1.0784894366475768
23,2,630,6210.000000000002,4810.0628874481945,0.156272299129442,4.425811685623507,0.5357153457712776,0.7745672926647654
23,4,35,262.252839954494,4810.0628874481945,0.1584130155558727,1.0542752495109657,3.063200518437275,18.341318585083137
23,0,620,6110.000000000002,4810.0628874481945,0.13757670900528043,3.952505575998255,0.42808198511177303,0.7872443350979039
24,5,595,5860.000000000002,5170.343193571362,0.15812758669901528,3.9741377323468896,0.554462670923138,0.882311125182826
24,3,700,6910.000000000002,5170.343193571362,0.15612958470101326,4.7605153741551325,0.5561353490285682,0.7482406937151028
24,6,22,138.8629381196525,5170.343193571362,0.09604681033252462,0.69294529174906,2.4780776819195705,37.23342789359886
24,4,525,5160.000000000001,5170.343193571362,0.1584130155558727,3.829110331537013,0.6077968028512669,1.0020044948781706
24,0,620,6110.000000000002,5170.343193571362,0.13757670900528043,3.989302339959014,0.4644297475096144,0.8462100153144615
24,2,700,6910.000000000002,5170.343193571362,0.156272299129442,4.694558201163411,0.5489313737992375,0.7482406937151028
24,1,310,3010.0000000000014,5170.343193571362,0.1374339945768517,3.5630162043499896,0.8411333311803453,1.7177219912197206
25,4,175,1660.0000008844675,3978.08707805862,0.1584130155558727,2.909566982531278,1.104550096965271,2.396437997553644
25,3,420,4110.000000000002,3978.08707805862,0.15612958470101326,4.340716621276059,0.655962635851119,0.9679043985544084
25,6,440,4310.000000000002,3978.08707805862,0.09604681033252462,0.03144389343231361,0.0027875089960384316,0.9229900413129045
25,1,62,530.1310020508638,3978.08707805862,0.1374339945768517,2.325705671098643,2.3985015549614785,7.503969891722989
25,2,700,6910.000000000002,3978.08707805862,0.156272299129442,5.066496121167366,0.45581220953868884,0.5757000112964716
25,5,700,6910.000000000002,3978.08707805862,0.15812758669901528,4.644522111935759,0.42280967418258986,0.5757000112964716
25,0,310,3010.0000000000014,3978.08707805862,0.13757670900528043,3.0857846642592452,0.561071646673827,1.321623613972963
26,0,403,3940.000000000001,5043.876123876127,0.13757670900528043,3.0187255312967953,0.5316633633624108,1.280171605044702
26,1,620,6110.000000000002,5043.876123876127,0.1374339945768517,4.122748319844947,0.467739658939455,0.825511640568924
26,3,280,2710.0000000000146,5043.876123876127,0.15612958470101326,2.9021263017659518,0.8433282228985269,1.861208901799299
26,6,440,4310.000000000002,5043.876123876127,0.09604681033252462,0.6354253394996556,0.07142242934489158,1.1702728825698665
26,4,700,6910.000000000002,5043.876123876127,0.1584130155558727,4.667632102697488,0.5397266267079059,0.7299386575797577
26,5,455,4460.000000000002,5043.876123876127,0.15812758669901528,3.5261986219388866,0.6305854815672678,1.1309139291202075
26,2,665,6560.000000000001,5043.876123876127,0.156272299129442,4.5956381226435585,0.5521898222389662,0.7688835554689217
27,2,700,6910.000000000002,4788.5914187606,0.156272299129442,4.498773890471065,0.4871984559022764,0.6929944166079015
27,1,620,6110.000000000002,4788.5914187606,0.1374339945768517,4.134075145370902,0.44528606967748396,0.7837301831032076
27,0,31,223.43368382029254,4788.5914187606,0.13757670900528043,0.819671782013501,2.416818506036001,21.431824140768583
27,6,198,1890.0000000783903,4788.5914187606,0.09604681033252462,0.5237531813880787,0.12745462497910096,2.5336462532074004
27,3,700,6910.000000000002,4788.5914187606,0.15612958470101326,4.564197271604438,0.4938321348248421,0.6929944166079015
27,5,525,5160.000000000001,4788.5914187606,0.15812758669901528,3.730244602631083,0.5473977838825979,0.928021592783062
27,4,490,4810.000000000001,4788.5914187606,0.1584130155558727,3.6897345703429667,0.5819004501338878,0.9955491515094801
28,5,595,5860.000000000002,4431.515627368117,0.15812758669901528,4.261780585485659,0.509628138064107,0.7562313357283473
28,1,248,2390.0000000004047,4431.515627368117,0.1374339945768517,2.218599042678418,0.5653629899292276,1.8541906390658436
28,3,175,1660.0000008844675,4431.515627368117,0.15612958470101326,2.5785470925888645,1.0747426130927973,2.669587725907803
28,4,700,6910.000000000002,4431.515627368117,0.1584130155558727,4.570280067674448,0.46430986774021177,0.6413191935409719
28,2,700,6910.000000000002,4431.515627368117,0.156272299129442,4.699635007468068,0.4709994170906726,0.6413191935409719
28,6,440,4310.000000000002,4431.515627368117,0.09604681033252462,0.41444036293027925,0.040927951397062845,1.0281938810598874
28,0,248,2390.0000000004047,4431.515627368117,0.13757670900528043,2.102126619067344,0.5362387231674599,1.8541906390658436
29,4,525,5160.000000000001,4496.3593866539095,0.1584130155558727,3.9932196994361076,0.5512205257414025,0.8713874780337032
29,6,440,4310.000000000002,4496.3593866539095,0.09604681033252462,0.4349029996981402,0.04357717736321689,1.0432388368106513
29,5,630,6210.000000000002,4496.3593866539095,0.15812758669901528,4.129079507418134,0.4727486579390971,0.7240514310231736
29,0,620,6110.000000000002,4496.3593866539095,0.13757670900528043,4.201409062768374,0.4253629805732151,0.7359016999433565
29,2,700,6910.000000000002,4496.3593866539095,0.156272299129442,4.5669895206063975,0.46440296707020134,0.6507032397473095
29,1,124,1150.0001906837483,4496.3593866539095,0.1374339945768517,1.6506505280478145,0.8869771030108977,3.909877079220776
29,3,140,1310.0000353340838,4496.3593866539095,0.15612958470101326,2.091540398109567,1.1208336756432342,3.4323353170805233
30,0,620,6110.000000000002,4277.007437518882,0.13757670900528043,4.154724059915213,0.4001159798749894,0.700001217269866
30,4,700,6910.000000000002,4277.007437518882,0.1584130155558727,4.639150435161596,0.4548741689486896,0.6189591081792881
30,3,105,960.0014115816389,4277.007437518882,0.15612958470101326,1.675673355810947,1.165581652436026,4.455209529819701
30,6,22,138.8629381196525,4277.007437518882,0.09604681033252462,0.2941818593818352,0.8702669502250655,30.800208431666338
30,2,630,6210.000000000002,4277.007437518882,0.156272299129442,4.185335405939758,0.4504646072213596,0.6887290559611725
30,5,700,6910.000000000002,4277.007437518882,0.15812758669901528,4.6407780872059305,0.4542138814978424,0.6189591081792881
30,1,93,840.0049979958054,4277.007437518882,0.1374339945768517,1.288010572452025,0.9013049015432094,5.091645225592146
31,3,700,6910.000000000002,5252.350506636225,0.15612958470101326,4.2806549813280315,0.5080086213919427,0.760108611669497
31,5,490,4810.000000000001,5252.350506636225,0.15812758669901528,3.7225400036847414,0.6427700615616785,1.0919647622944333
31,6,286,2770.000000000008,5252.350506636225,0.09604681033252462,0.1418191469408949,0.025828057623464337,1.8961554175581983
31,1,589,5800.000000000002,5252.350506636225,0.1374339945768517,3.824121849398275,0.4759393336909404,0.9055776735579696
31,2,700,6910.000000000002,5252.350506636225,0.156272299129442,4.1327067742895505,0.4908991122396716,0.760108611669497
31,4,280,2710.0000000000146,5252.350506636225,0.1584130155558727,2.985350823174513,0.9165805669571367,1.9381367183159397
31,0,620,6110.000000000002,5252.350506636225,0.13757670900528043,4.461487790347194,0.5276392753929745,0.8596318341466814
32,1,527,5180.000000000002,4859.108127922006,0.1374339945768517,3.8814613710922163,0.5003987793265577,0.9380517621471051
32,3,700,6910.000000000002,4859.108127922006,0.15612958470101326,4.534687608654888,0.49786442488628946,0.70319943964139
32,2,525,5160.000000000001,4859.108127922006,0.156272299129442,3.4898236291444547,0.5135613623840762,0.9416876216903111
32,4,35,262.252839954494,4859.108127922006,0.1584130155558727,1.4332180045245515,4.206680032111998,18.52833368273593
32,6,308,2990.000000000002,4859.108127922006,0.09604681033252462,0.22760497568667498,0.035526307761170224,1.6251197752247502
32,5,700,6910.000000000002,4859.108127922006,0.15812758669901528,4.355617568103425,0.48432389883919436,0.70319943964139
32,0,620,6110.000000000002,4859.108127922006,0.13757670900528043,5.43665215704768,0.5948285658773131,0.7952713793653036
33,5,315,3060.0000000000014,4836.617668046985,0.15812758669901528,2.8910292305954433,0.7225708831568208,1.5805940091656807
33,3,280,2710.0000000000146,4836.617668046985,0.15612958470101326,3.3525216437689114,0.9341771967489668,1.7847297668069961
33,0,620,6110.000000000002,4836.617668046985,0.13757670900528043,3.6522959833024897,0.39775113704705045,0.7915904530355129
33,2,700,6910.000000000002,4836.617668046985,0.156272299129442,4.643408503295809,0.5079051362048148,0.6999446697607792
33,6,220,2110.0000000077202,4836.617668046985,0.09604681033252462,0.8802049250234846,0.19378762656560788,2.2922358616252554
33,4,700,6910.000000000002,4836.617668046985,0.1584130155558727,4.588333869669927,0.5087560463858611,0.6999446697607792
33,1,527,5180.000000000002,4836.617668046985,0.1374339945768517,3.529253172587568,0.4528860897600642,0.9337099745264447
34,5,210,2010.0000000221403,4019.433423862751,0.15812758669901528,2.3185782445548337,0.7331590192485193,1.9997181213027249
34,3,315,3060.0000000000014,4019.433423862751,0.15612958470101326,3.5469508885658305,0.7274175801791806,1.3135403345956698
34,0,465,4560.000000000002,4019.433423862751,0.13757670900528043,3.4046509537299943,0.4128739743266827,0.8814546982155153
34,4,175,1660.0000008844675,4019.433423862751,0.1584130155558727,2.1490701459072548,0.8243244922712291,2.421345434771777
34,6,440,4310.000000000002,4019.433423862751,0.09604681033252462,0.6891689578376816,0.06172999240043437,0.932583160989037
34,2,700,6910.000000000002,4019.433423862751,0.156272299129442,4.46248581025617,0.4056445468545575,0.5816835635112518
34,1,620,6110.000000000002,4019.433423862751,0.1374339945768517,3.619059527888778,0.32720017374861116,0.6578450775552782
35,3,700,6910.000000000002,4699.406313499477,0.15612958470101326,3.97444991982077,0.4220143144060234,0.6800877443559299
35,2,140,1310.0000353340838,4699.406313499477,0.156272299129442,2.341200746115535,1.3124789421508583,3.5873329669804224
35,1,589,5800.000000000002,4699.406313499477,0.1374339945768517,3.8057572666618698,0.4237895635574572,0.8102424678447371
35,4,315,3060.0000000000014,4699.406313499477,0.1584130155558727,2.900953954088188,0.7057538667208029,1.5357536972220505
35,0,465,4560.000000000002,4699.406313499477,0.13757670900528043,3.3456124265265066,0.4743497743481546,1.030571559977955
35,5,700,6910.000000000002,4699.406313499477,0.15812758669901528,3.823198815870417,0.4111492236437574,0.6800877443559299
35,6,440,4310.000000000002,4699.406313499477,0.09604681033252462,0.6556839302207575,0.06866623136563586,1.0903494926912933
36,3,665,6560.000000000001,5008.593514678914,0.15612958470101326,4.014339855213638,0.47853233529551653,0.7635051089449564
36,6,22,138.8629381196525,5008.593514678914,0.09604681033252462,0.4456390925528136,1.5438164520205289,36.06861256502591
36,1,434,4250.000000000002,5008.593514678914,0.1374339945768517,2.992929382370658,0.48474964117360264,1.1784925916891558
36,4,245,2360.000000000555,5008.593514678914,0.1584130155558727,2.526382465190103,0.8493637925106879,2.122285387575312
36,0,620,6110.000000000002,5008.593514678914,0.13757670900528043,3.8826850454944952,0.43787651809079314,0.8197370727788728
36,5,700,6910.000000000002,5008.593514678914,0.15812758669901528,3.2686923660706655,0.37464456023384646,0.7248326359882653
36,2,700,6910.000000000002,5008.593514678914,0.156272299129442,4.361388325178058,0.49401996188903186,0.7248326359882653
37,5,700,6910.000000000002,5467.5481661196045,0.15812758669901528,3.7148864634090404,0.464801754019248,0.7912515435773666
37,3,420,4110.000000000002,5467.5481661196045,0.15612958470101326,3.0086435015413078,0.6248945411814345,1.330303690053431
37,2,700,6910.000000000002,5467.5481661196045,0.156272299129442,4.197807789000207,0.5190618627790522,0.7912515435773666
37,0,620,6110.000000000002,5467.5481661196045,0.13757670900528043,3.72418357220191,0.4584873987435953,0.8948524003469072
37,1,434,4250.000000000002,5467.5481661196045,0.1374339945768517,3.109331700993368,0.5497495871710726,1.2864819214399064
37,4,630,6210.000000000002,5467.5481661196045,0.1584130155558727,3.9556081706618045,0.5517027440312742,0.8804425388276333
37,6,264,2550.0000000000755,5467.5481661196045,0.09604681033252462,0.04592338554403498,0.009457346070408053,2.144136535733115
38,3,700,6910.000000000002,4440.291143030274,0.15612958470101326,3.7700732793092704,0.3782408195859774,0.6425891668640047
38,0,620,6110.000000000002,4440.291143030274,0.13757670900528043,3.1103639923605,0.3109756389542414,0.7267252279918613
38,4,700,6910.000000000002,4440.291143030274,0.1584130155558727,4.300000840602428,0.43771638262048385,0.6425891668640047
38,5,140,1310.0000353340838,4440.291143030274,0.15812758669901528,1.999193073087559,1.071525525104388,3.389535132262714
38,6,198,1890.0000000783903,4440.291143030274,0.09604681033252462,0.12381920401896747,0.027939626582105886,2.3493603930402682
38,1,217,2080.00000001059,4440.291143030274,0.1374339945768517,2.8419379463216554,0.8337903656799487,2.1347553572152242
38,2,490,4810.000000000001,4440.291143030274,0.156272299129442,3.596982332996832,0.5189035921118446,0.9231374517734455
39,3,700,6910.000000000002,5109.255038567422,0.15612958470101326,3.9430838544382474,0.45519842633190694,0.7394001502991926
39,5,315,3060.0000000000014,5109.255038567422,0.15812758669901528,2.8380576441616476,0.7493160076403927,1.6696911890743202
39,2,700,6910.000000000002,5109.255038567422,0.156272299129442,4.424329919597736,0.5112214181873184,0.7394001502991926
39,1,558,5490.000000000002,5109.255038567422,0.1374339945768517,3.3062138374331886,0.4228733792439627,0.9306475480086376
39,4,700,6910.000000000002,5109.255038567422,0.1584130155558727,3.9473732588453183,0.4623582278826514,0.7394001502991926
39,0,372,3630.000000000001,5109.255038567422,0.13757670900528043,3.03246360113478,0.5872073324459426,1.4075082750874437
39,6,132,1230.0000820831015,5109.255038567422,0.09604681033252462,0.20426862037442936,0.08149614087805342,4.153865607809147
40,6,396,3870.0000000000014,4770.518053380155,0.09604681033252462,0.25631402926881414,0.030346590425671803,1.232692003457404
40,2,700,6910.000000000002,4770.518053380155,0.156272299129442,3.0629556945097756,0.3304533910148537,0.6903788789262162
40,3,700,6910.000000000002,4770.518053380155,0.15612958470101326,4.430866972841463,0.477596804464014,0.6903788789262162
40,4,700,6910.000000000002,4770.518053380155,0.1584130155558727,3.777972114907776,0.4131779206747589,0.6903788789262162
40,1,403,3940.000000000001,4770.518053380155,0.1374339945768517,3.2103060913624035,0.5342074426149978,1.210791384106638
40,5,210,2010.0000000221403,4770.518053380155,0.15812758669901528,2.3533433534717654,0.8832068417995986,2.373392066332143
40,0,217,2080.00000001059,4770.518053380155,0.13757670900528043,2.2663323487551037,0.7151064956193232,2.293518294882628
41,6,330,3210.000000000001,4503.352361927305,0.09604681033252462,0.29207555112108696,0.03935582751830244,1.402913508388568
41,1,620,6110.000000000002,4503.352361927305,0.1374339945768517,3.63291543879842,0.36799691503449117,0.7370462130813917
41,2,700,6910.000000000002,4503.352361927305,0.156272299129442,3.844800390605477,0.3915738501231774,0.6517152477463536
41,0,248,2390.0000000004047,4503.352361927305,0.13757670900528043,2.4195501774770762,0.6272166491193022,1.8842478501784694
41,5,700,6910.000000000002,4503.352361927305,0.15812758669901528,3.478817867365265,0.3585066508220623,0.6517152477463536
41,4,350,3410.000000000001,4503.352361927305,0.1584130155558727,2.9697343201252706,0.621283771610221,1.3206311911810273
41,3,210,2010.0000000221403,4503.352361927305,0.15612958470101326,2.5808615793110845,0.902796338219262,2.2404738118794527
42,3,700,6910.000000000002,4969.951487255997,0.15612958470101326,3.5494981106076877,0.39858986898416376,0.7192404467808966
42,0,31,223.43368382029254,4969.951487255997,0.13757670900528043,1.1810569558816493,3.614258921797329,22.24351942947565
42,2,700,6910.000000000002,4969.951487255997,0.156272299129442,3.553895118202711,0.3994484227669872,0.7192404467808966
42,5,630,6210.000000000002,4969.951487255997,0.15812758669901528,3.0622032542953357,0.3875272138192036,0.8003142491555548
42,6,440,4310.000000000002,4969.951487255997,0.09604681033252462,0.34083063487243676,0.03774821757699146,1.1531209947229686
42,4,595,5860.000000000002,4969.951487255997,0.1584130155558727,3.749426276461603,0.5037443793640131,0.8481145882689411
42,1,341,3320.0000000000014,4969.951487255997,0.1374339945768517,2.4653890879164186,0.5072168876769175,1.496973339534938
43,3,700,6910.000000000002,4308.341108492266,0.15612958470101326,4.088788606291262,0.398026415673284,0.6234936481175493
43,5,35,262.252839954494,4308.341108492266,0.15812758669901528,2.274215130953898,5.90784467329367,16.428196198904264
43,4,385,3760.0000000000014,4308.341108492266,0.1584130155558727,3.249195265537024,0.5897784624401085,1.1458354011947514
43,0,620,6110.000000000002,4308.341108492266,0.13757670900528043,2.9088310603776657,0.28218393538706354,0.7051294776583085
43,1,620,6110.000000000002,4308.341108492266,0.1374339945768517,3.4666516988543887,0.335948920290557,0.7051294776583085
43,2,490,4810.000000000001,4308.341108492266,0.156272299129442,4.002879715416785,0.5602986113131463,0.8957050121605542
43,6,176,1670.0000007960207,4308.341108492266,0.09604681033252462,1.0313525412868105,0.2555545979580766,2.579844973915363
44,2,700,6910.000000000002,4452.831455078088,0.156272299129442,4.141879805811528,0.41709761165658754,0.6444039732385075
44,3,700,6910.000000000002,4452.831455078088,0.15612958470101326,3.5990419427313087,0.36210149835256356,0.6444039732385075
44,4,700,6910.000000000002,4452.831455078088,0.1584130155558727,3.048340234980276,0.3111805966485723,0.6444039732385075
44,0,186,1770.0000002775555,4452.831455078088,0.13757670900528043,2.6913908569285243,0.9315039043818338,2.5157239855253306
44,6,154,1450.0000080833054,4452.831455078088,0.09604681033252462,0.5642480952891666,0.16642604809772438,3.0709182277620126
44,5,210,2010.0000000221403,4452.831455078088,0.15812758669901528,2.2981306556619554,0.8050494513445515,2.215339032352756
44,1,372,3630.000000000001,4452.831455078088,0.1374339945768517,3.0567461320731946,0.5153273267457333,1.2266753319774344
45,3,280,2710.0000000000146,3881.8096245498605,0.15612958470101326,3.125304259164266,0.6989441107780082,1.4324020754796456
45,5,700,6910.000000000002,3881.8096245498605,0.15812758669901528,2.868747274530952,0.25483326483292135,0.5617669500072155
45,6,440,4310.000000000002,3881.8096245498605,0.09604681033252462,0.4121364951067186,0.03565176067464023,0.900651885046371
45,1,279,2700.0000000000164,3881.8096245498605,0.1374339945768517,3.5472681999557727,0.7009042019032988,1.4377072683517915
45,2,350,3410.000000000001,3881.8096245498605,0.156272299129442,3.5745224475857778,0.6358869084843833,1.1383605937096362
45,0,620,6110.000000000002,3881.8096245498605,0.13757670900528043,3.8444676571606524,0.33602698113050716,0.6353207241489132
45,4,140,1310.0000353340838,3881.8096245498605,0.1584130155558727,1.848292805690987,0.8676100208997587,2.9632133739293365
46,4,700,6910.000000000002,4890.896246686992,0.1584130155558727,3.3485946346857998,0.3754601427683682,0.707799746264398
46,6,176,1670.0000007960207,4890.896246686992,0.09604681033252462,0.366726896256389,0.10315675883858597,2.928680385841737
46,2,280,2710.0000000000146,4890.896246686992,0.156272299129442,3.1658577828578367,0.8928789045829185,1.8047587626151165
46,5,700,6910.000000000002,4890.896246686992,0.15812758669901528,3.0776944670911286,0.344463769099212,0.707799746264398
46,3,700,6910.000000000002,4890.896246686992,0.15612958470101326,2.9331705103854286,0.32414021596162657,0.707799746264398
46,1,434,4250.000000000002,4890.896246686992,0.1374339945768517,2.622843711975685,0.41482612773062755,1.150799116867527
46,0,341,3320.0000000000014,4890.896246686992,0.13757670900528043,3.0377738920967627,0.6156738785209092,1.4731615200864427
47,4,700,6910.000000000002,5675.28899671757,0.1584130155558727,1.8388902422502442,0.23925256569759923,0.8213153396118044
47,3,700,6910.000000000002,5675.28899671757,0.15612958470101326,2.981049305148535,0.38226479029094007,0.8213153396118044
47,2,420,4110.000000000002,5675.28899671757,0.156272299129442,2.5909111795942814,0.5590886635568545,1.3808489043108436
47,0,589,5800.000000000002,5675.28899671757,0.13757670900528043,2.603140731958262,0.35043102756067573,0.9784981028823393
47,1,620,6110.000000000002,5675.28899671757,0.1374339945768517,3.34108436221606,0.42650917946267686,0.9288525362876543
47,6,374,3650.000000000001,5675.28899671757,0.09604681033252462,0.3310640043804133,0.04944131663070069,1.5548736977308406
47,5,560,5510.000000000002,5675.28899671757,0.15812758669901528,2.8606354279539996,0.4659148346291941,1.0299980030340414
48,2,700,6910.000000000002,4523.235336168818,0.156272299129442,3.5694641222267003,0.3651372659278424,0.6545926680417969
48,5,700,6910.000000000002,4523.235336168818,0.15812758669901528,2.476468189017188,0.2563371392093183,0.6545926680417969
48,6,264,2550.0000000000755,4523.235336168818,0.09604681033252462,0.33313253494987266,0.05675563666298161,1.77381777888968
48,1,186,1770.0000002775555,4523.235336168818,0.1374339945768517,1.8983985773759031,0.666741498655645,2.5555001895251555
48,3,700,6910.000000000002,4523.235336168818,0.15612958470101326,3.449494096629465,0.3525427168907061,0.6545926680417969
48,0,186,1770.0000002775555,4523.235336168818,0.13757670900528043,2.1499567329346028,0.7558759960467807,2.5555001895251555
48,4,350,3410.000000000001,4523.235336168818,0.1584130155558727,3.102150750509301,0.6518513435051407,1.3264619754160754
49,5,700,6910.000000000002,5059.693164756713,0.15812758669901528,2.761381265421792,0.3197276166183951,0.7322276649430841
49,1,620,6110.000000000002,5059.693164756713,0.1374339945768517,2.9795882380366088,0.3391043737379603,0.8281003542973341
49,0,217,2080.00000001059,5059.693164756713,0.13757670900528043,3.1192143412528743,1.0438809715301374,2.4325447907360345
49,6,154,1450.0000080833054,5059.693164756713,0.09604681033252462,0.36393047312302534,0.12197126971249038,3.4894435424486034
49,3,700,6910.000000000002,5059.693164756713,0.15612958470101326,3.53406687688246,0.4040230114872987,0.7322276649430841
49,4,490,4810.000000000001,5059.693164756713,0.1584130155558727,2.9187942168853516,0.486377462598047,1.0519112608641812
49,2,560,5510.000000000002,5059.693164756713,0.156272299129442,2.882707234179683,0.4136710431701346,0.918274621552942
50,6,44,350.8727963568088,4355.358074706305,0.09604681033252462,0.24658744205675948,0.29398696203843183,12.412926051631725
50,5,700,6910.000000000002,4355.358074706305,0.15812758669901528,2.953458745314106,0.2943637796428306,0.6302978400443277
50,2,700,6910.000000000002,4355.358074706305,0.156272299129442,3.260262865488329,0.3211296736253684,0.6302978400443277
50,3,700,6910.000000000002,4355.358074706305,0.15612958470101326,3.6868717820768375,0.36281819450765984,0.6302978400443277
50,1,31,223.43368382029254,4355.358074706305,0.1374339945768517,1.2058917805400486,3.23055935634597,19.492844589221896
50,4,350,3410.000000000001,4355.358074706305,0.1584130155558727,2.969717480154305,0.6008630304564737,1.2772311069519953
50,0,372,3630.000000000001,4355.358074706305,0.13757670900528043,3.569307269846023,0.589177419755917,1.1998231610761168
51,3,700,6910.000000000002,4418.21892493654,0.15612958470101326,2.947643770877004,0.29425874990734563,0.6393949240139709
51,2,420,4110.000000000002,4418.21892493654,0.156272299129442,2.9971654633731095,0.503498441868461,1.0749924391573085
51,0,496,4870.000000000001,4418.21892493654,0.13757670900528043,2.271282929922287,0.28348783269451916,0.9072318121019588
51,6,440,4310.000000000002,4418.21892493654,0.09604681033252462,0.4434936988604342,0.043665693488977746,1.02510879928922
51,1,155,1460.0000072749747,4418.21892493654,0.1374339945768517,3.3667304128737023,1.4002219628711676,3.026177330767929
51,5,210,2010.0000000221403,4418.21892493654,0.15812758669901528,2.9385534822021975,1.0213919164277008,2.1981188681034194
51,4,700,6910.000000000002,4418.21892493654,0.1584130155558727,3.2186997568652362,0.32601719965402365,0.6393949240139709
52,1,155,1460.0000072749747,4097.858734647551,0.1374339945768517,1.599662822616907,0.6170590783679126,2.806752543992121
52,5,35,262.252839954494,4097.858734647551,0.15812758669901528,1.5303364097655088,3.7812146948538823,15.625602892836582
52,4,315,3060.0000000000014,4097.858734647551,0.1584130155558727,2.730738327512998,0.5793039685456437,1.3391695211266499
52,0,620,6110.000000000002,4097.858734647551,0.13757670900528043,2.5346154306480853,0.23386905650163217,0.6706806439685024
52,3,700,6910.000000000002,4097.858734647551,0.15612958470101326,3.618136010382754,0.33500325634875866,0.5930331019750433
52,6,396,3870.0000000000014,4097.858734647551,0.09604681033252462,0.3499595893812947,0.0355915468127528,1.0588782260071186
52,2,700,6910.000000000002,4097.858734647551,0.156272299129442,3.0805251933101894,0.2854865827252187,0.5930331019750433
53,2,700,6910.000000000002,5103.477470746247,0.156272299129442,3.0705171401131306,0.35439018243856146,0.7385640333930891
53,6,352,3430.000000000001,5103.477470746247,0.09604681033252462,0.7867151563843443,0.11242749796999836,1.4878943063400132
53,5,595,5860.000000000002,5103.477470746247,0.15812758669901528,2.7718311529182214,0.3817183169957018,0.8709005922775163
53,4,525,5160.000000000001,5103.477470746247,0.1584130155558727,2.497176357851703,0.39125200502381696,0.9890460214624507
53,0,620,6110.000000000002,5103.477470746247,0.13757670900528043,4.882098704593277,0.5610175712034651,0.8352663618242627
53,3,700,6910.000000000002,5103.477470746247,0.15612958470101326,3.067660389982546,0.3537371217342748,0.7385640333930891
53,1,31,223.43368382029254,5103.477470746247,0.1374339945768517,2.0143166469777336,6.323237112162063,22.841128443511533
54,3,630,6210.000000000002,4549.239581751911,0.15612958470101326,3.7532086519847776,0.42927453089473366,0.7325667603465232
54,6,440,4310.000000000002,4549.239581751911,0.09604681033252462,0.4555143002252854,0.0461792102415971,1.0555080236083316
54,5,700,6910.000000000002,4549.239581751911,0.15812758669901528,4.215218647799962,0.4388221203292855,0.6583559452607685
54,4,385,3760.0000000000014,4549.239581751911,0.1584130155558727,3.9928727298254003,0.7652922108604031,1.2099041440829545
54,1,403,3940.000000000001,4549.239581751911,0.1374339945768517,2.7151871690544906,0.43086034974809384,1.1546293354700279
54,2,70,610.0563920873398,4549.239581751911,0.156272299129442,2.1719631561934403,2.5310649091257074,7.457080428559154
54,0,620,6110.000000000002,4549.239581751911,0.13757670900528043,3.377232174419906,0.34594211274790604,0.7445563963587414
55,1,620,6110.000000000002,5209.425539796565,0.1374339945768517,1.5752790728756458,0.1845866541750805,0.8526064713251332
55,3,700,6910.000000000002,5209.425539796565,0.15612958470101326,3.374416866720468,0.39718763989185946,0.7538966048909644
55,5,455,4460.000000000002,5209.425539796565,0.15812758669901528,3.575910194029469,0.6604641094081435,1.1680326322413819
55,4,455,4460.000000000002,5209.425539796565,0.1584130155558727,3.656244117284082,0.6765205949586867,1.1680326322413819
55,2,665,6560.000000000001,5209.425539796565,0.156272299129442,3.9249803141438098,0.487085812650132,0.794119746920208
55,0,620,6110.000000000002,5209.425539796565,0.13757670900528043,1.9527968270720368,0.22906070962106362,0.8526064713251332
55,6,22,138.8629381196525,5209.425539796565,0.09604681033252462,0.29462729485250627,1.0615963334240348,37.51487337325253
56,5,70,610.0563920873398,4082.753321200744,0.15812758669901528,2.342202280728474,2.478649971947456,6.692419543759537
56,6,440,4310.000000000002,4082.753321200744,0.09604681033252462,0.0834009417522852,0.007588042802711616,0.9472745524827708
56,4,140,1310.0000353340838,4082.753321200744,0.1584130155558727,2.4784572924726795,1.2236413217091895,3.1166055046399572
56,1,434,4250.000000000002,4082.753321200744,0.1374339945768517,2.8490010189665678,0.37614126856388386,0.9606478402825276
56,0,620,6110.000000000002,4082.753321200744,0.13757670900528043,2.0133510095060143,0.18508718221349896,0.6682083995418564
56,2,700,6910.000000000002,4082.753321200744,0.156272299129442,3.8556918402021485,0.35600771648018215,0.590847079768559
56,3,560,5510.000000000002,4082.753321200744,0.15612958470101326,3.9527542409810152,0.4572845830018978,0.7409715646462327
57,6,440,4310.000000000002,4212.625952005696,0.09604681033252462,0.3712257275813587,0.0348495073114933,0.9774074134583977
57,3,350,3410.000000000001,4212.625952005696,0.15612958470101326,3.304926601715277,0.6374491453922944,1.2353741794738107
57,0,155,1460.0000072749747,4212.625952005696,0.13757670900528043,1.916128270788592,0.7606231441367084,2.8853602267224474
57,1,620,6110.000000000002,4212.625952005696,0.1374339945768517,2.3178786953074706,0.21963247824122512,0.6894641492644344
57,5,700,6910.000000000002,4212.625952005696,0.15812758669901528,3.0990630315959913,0.29875343255077386,0.6096419612164536
57,2,140,1310.0000353340838,4212.625952005696,0.156272299129442,2.482500920375299,1.247535783242772,3.2157449147941186
57,4,595,5860.000000000002,4212.625952005696,0.1584130155558727,2.4924565735086923,0.2838400956149895,0.7188781488064324
58,5,175,1660.0000008844675,4075.998287566723,0.15812758669901528,1.8949073467436186,0.7357351872491327,2.4554206538523995
58,6,440,4310.000000000002,4075.998287566723,0.09604681033252462,0.36665059313498044,0.03330366745300134,0.945707259296223
58,1,465,4560.000000000002,4075.998287566723,0.1374339945768517,2.0300585839475,0.24938589747634626,0.8938592735891933
58,0,620,6110.000000000002,4075.998287566723,0.13757670900528043,2.5955540707890354,0.23821427311760757,0.6671028293889888
58,3,280,2710.0000000000146,4075.998287566723,0.15612958470101326,2.5341659166873423,0.5950931511761454,1.5040584086961997
58,2,700,6910.000000000002,4075.998287566723,0.156272299129442,3.1524560985453167,0.290594235141197,0.5898695061601623
58,4,280,2710.0000000000146,4075.998287566723,0.1584130155558727,2.324898726638121,0.5539360156808248,1.5040584086961997
59,4,700,6910.000000000002,4210.679352473044,0.1584130155558727,1.6804588436670556,0.16221569261496516,0.6093602536140438
59,5,140,1310.0000353340838,4210.679352473044,0.15812758669901528,1.9147761434612343,0.973209890991252,3.2142589609924794
59,3,385,3760.0000000000014,4210.679352473044,0.15612958470101326,2.466966998587713,0.43133318287256545,1.1198615299130432
59,2,700,6910.000000000002,4210.679352473044,0.156272299129442,2.6133149203310935,0.24885586066445275,0.6093602536140438
59,0,496,4870.000000000001,4210.679352473044,0.13757670900528043,2.8227821984846986,0.3357727873118145,0.8646158834646905
59,1,124,1150.0001906837483,4210.679352473044,0.1374339945768517,1.8645596064260945,0.9382632355296555,3.661459699384508
59,6,440,4310.000000000002,4210.679352473044,0.09604681033252462,0.3457486099937758,0.03244279707283972,0.9769557662350445
60,5,700,6910.000000000002,5816.967318395891,0.15812758669901528,1.5173165309711198,0.20197722857938996,0.8418187146737901
60,0,620,6110.000000000002,5816.967318395891,0.13757670900528043,2.661402673321584,0.34858678488727063,0.9520404776425351
60,6,418,4090.0000000000014,5816.967318395891,0.09604681033252462,0.33434197176801184,0.04567169837987185,1.4222413981408042
60,1,341,3320.0000000000014,5816.967318395891,0.1374339945768517,1.9250116091318596,0.46353876854609066,1.7520985898782797
60,2,595,5860.000000000002,5816.967318395891,0.156272299129442,3.5213481893431187,0.5462481504561042,0.9926565389754077
60,4,700,6910.000000000002,5816.967318395891,0.1584130155558727,3.711129887797109,0.49489787887362097,0.8418187146737901
60,3,665,6560.000000000001,5816.967318395891,0.15612958470101326,2.768420454211754,0.3832745992784862,0.8867328229262028
61,1,620,6110.000000000002,4429.883215779668,0.1374339945768517,1.452769407294245,0.1447577827284108,0.725021802909929
61,4,210,2010.0000000221403,4429.883215779668,0.1584130155558727,2.1698216373997985,0.7575496757995538,2.203921997876056
61,2,700,6910.000000000002,4429.883215779668,0.156272299129442,2.069092606034652,0.20728895406984071,0.6410829545267246
61,3,70,610.0563920873398,4429.883215779668,0.15612958470101326,1.8430609499266044,2.0895231988281346,7.261432341725969
61,5,595,5860.000000000002,4429.883215779668,0.15812758669901528,2.3337162895433363,0.27896541314743534,0.7559527671978953
61,6,352,3430.000000000001,4429.883215779668,0.09604681033252462,0.35080007505405153,0.04351517971240654,1.2915111416267249
61,0,620,6110.000000000002,4429.883215779668,0.13757670900528043,2.2323178327210957,0.22266502813708103,0.725021802909929
62,1,372,3630.000000000001,4182.225366879864,0.1374339945768517,3.0940731055595703,0.48992042671917085,1.1521282002423865
62,0,62,530.1310020508638,4182.225366879864,0.13757670900528043,1.8536390982325344,2.011844115551923,7.889041294888461
62,2,35,262.252839954494,4182.225366879864,0.156272299129442,1.2493511624541365,3.113535048654108,15.947302487193511
62,6,440,4310.000000000002,4182.225366879864,0.09604681033252462,0.6997584733388122,0.0652170686554994,0.9703539134292024
62,4,700,6910.000000000002,4182.225366879864,0.1584130155558727,2.118862202665753,0.20315286885394812,0.6052424554095315
62,5,630,6210.000000000002,4182.225366879864,0.15812758669901528,2.9080721081682186,0.3096910436460846,0.6734662426537621
62,3,700,6910.000000000002,4182.225366879864,0.15612958470101326,2.431991713373938,0.2298141047431219,0.6052424554095315
63,5,210,2010.0000000221403,3709.631349620063,0.15812758669901528,2.5231333715874973,0.7363470415218595,1.8455877361090551
63,4,525,5160.000000000001,3709.631349620063,0.1584130155558727,3.387989670018421,0.38584598923277946,0.7189208041899345
63,6,440,4310.000000000002,3709.631349620063,0.09604681033252462,0.6369294757248771,0.05265356451916687,0.8607033293782045
63,2,35,262.252839954494,3709.631349620063,0.156272299129442,1.213645619599472,2.6827762167378957,14.145247579640154
63,0,155,1460.0000072749747,3709.631349620063,0.13757670900528043,2.484726802514271,0.8685632627319806,2.5408433774900625
63,3,700,6910.000000000002,3709.631349620063,0.15612958470101326,2.536152364269713,0.2125755205677373,0.5368496888017456
63,1,620,6110.000000000002,3709.631349620063,0.1374339945768517,1.9156278978440635,0.15984345773000197,0.6071409737512375
64,0,217,2080.00000001059,4214.740671230994,0.13757670900528043,2.6422638036808266,0.7365947428677506,2.0263176303891997
64,4,700,6910.000000000002,4214.740671230994,0.1584130155558727,2.605053554492611,0.25170991785161095,0.6099479987309686
64,3,140,1310.0000353340838,4214.740671230994,0.15612958470101326,1.8910219221124105,0.9499075045600653,3.2173592042355375
64,6,66,570.0859504455718,4214.740671230994,0.09604681033252462,0.7501076164748934,0.5326440033012465,7.393167061803237
64,2,420,4110.000000000002,4214.740671230994,0.156272299129442,1.5381737170054934,0.24649971649161945,1.025484348231385
64,1,620,6110.000000000002,4214.740671230994,0.1374339945768517,2.680902467785252,0.2541586130940523,0.689810257157282
64,5,700,6910.000000000002,4214.740671230994,0.15812758669901528,2.385701684715745,0.23009998526086878,0.6099479987309686
65,2,280,2710.0000000000146,4477.468256201339,0.156272299129442,2.14309288257018,0.5533325522774458,1.6522023085613706
65,5,700,6910.000000000002,4477.468256201339,0.15812758669901528,2.2766758813757875,0.23327237862983358,0.6479693569032327
65,1,620,6110.000000000002,4477.468256201339,0.1374339945768517,2.0035824952451615,0.20178677696768194,0.7328098618987459
65,4,490,4810.000000000001,4477.468256201339,0.1584130155558727,3.0629271760053642,0.4516634750399192,0.9308665813308394
65,6,440,4310.000000000002,4477.468256201339,0.09604681033252462,0.20010303771842336,0.019966037097309042,1.038855743898222
65,3,595,5860.000000000002,4477.468256201339,0.15612958470101326,2.913930779845955,0.34761566149296647,0.7640730812630269
65,0,31,223.43368382029254,4477.468256201339,0.13757670900528043,1.411937913221605,3.8926412993780595,20.039361029389646
66,5,700,6910.000000000002,4675.720364666327,0.15812758669901528,3.1566311982647006,0.33775514238570603,0.6766599659430284
66,3,595,5860.000000000002,4675.720364666327,0.15612958470101326,3.5664993998035746,0.44430200561042055,0.7979044990898168
66,6,440,4310.000000000002,4675.720364666327,0.09604681033252462,0.3938151678568317,0.04103426374675309,1.0848539129156207
66,0,341,3320.0000000000014,4675.720364666327,0.13757670900528043,3.259254743138549,0.6315004565222906,1.4083495074296162
66,1,620,6110.000000000002,4675.720364666327,0.1374339945768517,1.5873301901942827,0.16694321222846967,0.7652570154936704
66,4,70,610.0563920873398,4675.720364666327,0.1584130155558727,2.2514083280300063,2.7335289483868457,7.664406807816744
66,2,560,5510.000000000002,4675.720364666327,0.156272299129442,3.572559509126484,0.4737600157071737,0.8485880879612206
67,2,700,6910.000000000002,4242.741785917446,0.156272299129442,3.133820234355415,0.30069391252430394,0.614000258454044
67,0,403,3940.000000000001,4242.741785917446,0.13757670900528043,2.143128937672581,0.3174999025412339,1.076838016730316
67,4,700,6910.000000000002,4242.741785917446,0.1584130155558727,1.6186272115846072,0.157436799506437,0.614000258454044
67,6,440,4310.000000000002,4242.741785917446,0.09604681033252462,0.42153230411092985,0.03985502999073126,0.9843948459205206
67,3,70,610.0563920873398,4242.741785917446,0.15612958470101326,2.334088914791503,2.5344236929218447,6.954671471272817
67,1,558,5490.000000000002,4242.741785917446,0.1374339945768517,1.7455478104962456,0.18539592115970127,0.7728127114603723
67,5,175,1660.0000008844675,4242.741785917446,0.15812758669901528,2.123770856325513,0.8583290527852379,2.5558685443716045
68,4,700,6910.000000000002,4976.571999429888,0.1584130155558727,3.0592692844303704,0.34902843660720956,0.7201985527394915
68,6,220,2110.0000000077202,4976.571999429888,0.09604681033252462,0.47964200699019727,0.10865456931042158,2.3585649286311274
68,0,620,6110.000000000002,4976.571999429888,0.13757670900528043,2.120894802645113,0.23765837631601885,0.8144962355859061
68,3,700,6910.000000000002,4976.571999429888,0.15612958470101326,2.1545334378750756,0.2422650062769229,0.7201985527394915
68,5,350,3410.000000000001,4976.571999429888,0.15812758669901528,2.758402497670289,0.6365627085706199,1.4594052784251867
68,2,280,2710.0000000000146,4976.571999429888,0.156272299129442,2.2796681514594326,0.6542061679041477,1.836373431523934
68,1,589,5800.000000000002,4976.571999429888,0.1374339945768517,3.833902181423547,0.45210311131170394,0.8580296550741183
69,4,350,3410.000000000001,4729.079492937502,0.1584130155558727,2.3233476899069716,0.5104195538849957,1.3868268307734608
69,0,155,1460.0000072749747,4729.079492937502,0.13757670900528043,1.657339302603987,0.738550339681794,3.2390955269679207
69,6,440,4310.000000000002,4729.079492937502,0.09604681033252462,0.3600125262335765,0.03794022505247361,1.0972342210991881
69,5,700,6910.000000000002,4729.079492937502,0.15812758669901528,2.292701591407297,0.24811541222720138,0.6843819816117946
69,1,403,3940.000000000001,4729.079492937502,0.1374339945768517,2.5537577255274777,0.4212639111433516,1.2002739829790612
69,3,700,6910.000000000002,4729.079492937502,0.15612958470101326,3.420266046255346,0.36546320666292204,0.6843819816117946
69,2,560,5510.000000000002,4729.079492937502,0.156272299129442,1.938708993614135,0.2600277164940102,0.8582721402790383
70,3,280,2710.0000000000146,4622.0372217882095,0.15612958470101326,2.7134432136519218,0.7225536336506012,1.7055487903277435
70,0,620,6110.000000000002,4622.0372217882095,0.13757670900528043,2.448232804407521,0.25479438766026613,0.7564709037296576
70,1,93,840.0049979958054,4622.0372217882095,0.1374339945768517,2.074762009303241,1.5689677803429747,5.502392524825536
70,4,700,6910.000000000002,4622.0372217882095,0.1584130155558727,1.8736426481337551,0.19853314199970978,0.6688910595930837
70,2,455,4460.000000000002,4622.0372217882095,0.156272299129442,2.2654821028992855,0.36689451331373923,1.0363312156475801
70,6,440,4310.000000000002,4622.0372217882095,0.09604681033252462,0.3546722478464212,0.036531400545686224,1.0723984273290506
70,5,665,6560.000000000001,4622.0372217882095,0.15812758669901528,1.749147535628083,0.19487839072530053,0.7045788447847879
71,5,420,4110.000000000002,4131.3509755926425,0.15812758669901528,2.4168024089232603,0.38414842581232084,1.0051948845724186
71,2,700,6910.000000000002,4131.3509755926425,0.156272299129442,2.112156883672212,0.1973432239695487,0.5978800254113809
71,6,440,4310.000000000002,4131.3509755926425,0.09604681033252462,0.302453953324846,0.02784562907591332,0.9585501103463203
71,0,62,530.1310020508638,4131.3509755926425,0.13757670900528043,1.2225228259202496,1.3107225833112937,7.7930755975600485
71,4,455,4460.000000000002,4131.3509755926425,0.1584130155558727,1.6976530057359103,0.24911336087442232,0.9263118779355697
71,1,620,6110.000000000002,4131.3509755926425,0.1374339945768517,1.9463106624032007,0.18086611618754328,0.6761621891313652
71,3,245,2360.000000000555,4131.3509755926425,0.15612958470101326,2.0353554818348885,0.5562955225148059,1.7505724472846065
72,2,245,2360.000000000555,4799.9229342087365,0.156272299129442,2.3550861872932844,0.74853320176524,2.0338656500879697
72,0,496,4870.000000000001,4799.9229342087365,0.13757670900528043,1.9432904516493064,0.26350443947543056,0.9856104587697609
72,4,490,4810.000000000001,4799.9229342087365,0.1584130155558727,3.022339422014922,0.4777748506447156,0.997904975926972
72,3,700,6910.000000000002,4799.9229342087365,0.15612958470101326,2.2774072507897336,0.24699156430084704,0.6946342885975014
72,5,700,6910.000000000002,4799.9229342087365,0.15812758669901528,2.695992644749755,0.2961301066929678,0.6946342885975014
72,1,310,3010.0000000000014,4799.9229342087365,0.1374339945768517,2.168911712387572,0.4753393988523205,1.5946587821291476
72,6,440,4310.000000000002,4799.9229342087365,0.09604681033252462,0.33906794119121786,0.03626825582012424,1.113671214433581
73,6,330,3210.000000000001,5348.276906804202,0.09604681033252462,0.35357380527303395,0.05658116452483232,1.6661298775090967
73,4,700,6910.000000000002,5348.276906804202,0.1584130155558727,3.412542008608708,0.41841255242868985,0.7739908692914906
73,3,630,6210.000000000002,5348.276906804202,0.15612958470101326,1.8764285626196755,0.2523129400230988,0.8612362168766828
73,2,630,6210.000000000002,5348.276906804202,0.156272299129442,2.2770694006280436,0.3064647676035385,0.8612362168766828
73,1,620,6110.000000000002,5348.276906804202,0.1374339945768517,1.7496811974971427,0.21048723779746736,0.8753317359745009
73,5,700,6910.000000000002,5348.276906804202,0.15812758669901528,1.8779874371541008,0.2298455834071004,0.7739908692914906
73,0,62,530.1310020508638,5348.276906804202,0.13757670900528043,1.857588587512747,2.5782506320051466,10.088594868275704
74,5,595,5860.000000000002,4300.484789781349,0.15812758669901528,3.372197357509988,0.39132755241045436,0.7338711245360662
74,4,700,6910.000000000002,4300.484789781349,0.1584130155558727,2.3094718134215646,0.22768944371141545,0.6223566989553325
74,0,620,6110.000000000002,4300.484789781349,0.13757670900528043,1.2311772140800772,0.1192179614376828,0.7038436644486658
74,2,35,262.252839954494,4300.484789781349,0.156272299129442,1.6623876515277023,4.260018861471024,16.39823915930736
74,6,132,1230.0000820831015,4300.484789781349,0.09604681033252462,0.37524733593841436,0.12601227141188534,3.4963288640584
74,3,700,6910.000000000002,4300.484789781349,0.15612958470101326,2.665833403285255,0.25903448106976124,0.6223566989553325
74,1,155,1460.0000072749747,4300.484789781349,0.1374339945768517,1.4606666851964984,0.5913026858238195,2.9455375125703
75,5,350,3410.000000000001,4148.097616807264,0.15812758669901528,2.3217343621824296,0.44659593018160476,1.216450914019725
75,6,440,4310.000000000002,4148.097616807264,0.09604681033252462,0.8054376310950323,0.07445374734101377,0.9624356419506409
75,4,700,6910.000000000002,4148.097616807264,0.1584130155558727,2.4483074449982154,0.23282399404125997,0.6003035624901972
75,0,310,3010.0000000000014,4148.097616807264,0.13757670900528043,2.228959710652277,0.422600111564863,1.378105520533974
75,3,385,3760.0000000000014,4148.097616807264,0.15612958470101326,3.1019941180612585,0.5343026123905418,1.1032174512785273
75,1,620,6110.000000000002,4148.097616807264,0.1374339945768517,2.1765548491884883,0.203082052140205,0.6789030469406322
75,2,175,1660.0000008844675,4148.097616807264,0.156272299129442,1.06743417394845,0.41683481406812006,2.4988539846970537
76,2,700,6910.000000000002,4217.845372007821,0.156272299129442,2.05606645561124,0.19612445794546013,0.6103973041979479
76,1,527,5180.000000000002,4217.845372007821,0.1374339945768517,2.0346868380535277,0.22769455222727167,0.814255863321973
76,5,70,610.0563920873398,4217.845372007821,0.15812758669901528,2.0693953963201372,2.2624125113492055,6.913861450703342
76,0,620,6110.000000000002,4217.845372007821,0.13757670900528043,1.7926422016896577,0.17025033558810557,0.6903183914906416
76,6,220,2110.0000000077202,4217.845372007821,0.09604681033252462,0.5469035843510777,0.10500305031583011,1.9989788492854923
76,4,140,1310.0000353340838,4217.845372007821,0.1584130155558727,2.158516105700751,1.1009446913618133,3.2197292047646107
76,3,700,6910.000000000002,4217.845372007821,0.15612958470101326,2.960985359213646,0.2821850955117397,0.6103973041979479
77,4,700,6910.000000000002,4174.552362497572,0.1584130155558727,1.4634661946716394,0.140057194181589,0.604132035093715
77,6,396,3870.0000000000014,4174.552362497572,0.09604681033252462,0.6027586358080268,0.06244897807387467,1.078695700903765
77,2,35,262.252839954494,4174.552362497572,0.156272299129442,1.9561062116039762,4.865910839326724,15.918044446046567
77,1,434,4250.000000000002,4174.552362497572,0.1374339945768517,1.8590495979908335,0.2509609380641194,0.9822476147053106
77,0,620,6110.000000000002,4174.552362497572,0.13757670900528043,1.7208612567701975,0.1617556563072482,0.6832327925527939
77,5,700,6910.000000000002,4174.552362497572,0.15812758669901528,2.4211973884588756,0.23129684308031961,0.604132035093715
77,3,105,960.0014115816389,4174.552362497572,0.15612958470101326,2.291743925369834,1.5559274207889844,4.348485650265699
78,6,330,3210.000000000001,5947.405451691167,0.09604681033252462,0.9968201122412365,0.1773871894879477,1.8527742840159396
78,1,620,6110.000000000002,5947.405451691167,0.1374339945768517,2.691926425724406,0.36011705660737126,0.9733887809641842
78,2,700,6910.000000000002,5947.405451691167,0.156272299129442,0.7983905478562354,0.1073858075995591,0.8606954343981427
78,5,665,6560.000000000001,5947.405451691167,0.15812758669901528,2.8929374886295567,0.41473472494263386,0.9066166847090193
78,3,665,6560.000000000001,5947.405451691167,0.15612958470101326,1.7625373774494926,0.2494866131636896,0.9066166847090193
78,0,620,6110.000000000002,5947.405451691167,0.13757670900528043,2.485227060232968,0.33281073520629584,0.9733887809641842
78,4,525,5160.000000000001,5947.405451691167,0.1584130155558727,3.4343820162377474,0.6270718534644854,1.152597955754102
79,1,620,6110.000000000002,4337.061740704283,0.1374339945768517,2.459672984722309,0.2399528625128848,0.7098300721283604
79,3,630,6210.000000000002,4337.061740704283,0.15612958470101326,1.6673622910840002,0.18181059339568822,0.6983996361842644
79,5,700,6910.000000000002,4337.061740704283,0.15812758669901528,3.3914875404123737,0.33660101874561926,0.6276500348341941
79,6,22,138.8629381196525,4337.061740704283,0.09604681033252462,0.3528677768153359,1.0585325145654645,31.232680220025404
79,4,700,6910.000000000002,4337.061740704283,0.1584130155558727,3.3048483293650746,0.32859424399071874,0.6276500348341941
79,2,35,262.252839954494,4337.061740704283,0.156272299129442,0.6928504472991901,1.7905931061232032,16.53771124635618
79,0,217,2080.00000001059,4337.061740704283,0.13757670900528043,1.9308439901377843,0.5538910794813735,2.085125836866443
80,4,700,6910.000000000002,4465.233844289044,0.1584130155558727,2.7981057706487147,0.28643174504988994,0.6461988197234505
80,2,525,5160.000000000001,4465.233844289044,0.156272299129442,2.3091622640706038,0.3122705006887928,0.8653553961800472
80,6,44,350.8727963568088,4465.233844289044,0.09604681033252462,0.014091250975475431,0.01722372197682238,12.726075918830334
80,5,700,6910.000000000002,4465.233844289044,0.15812758669901528,2.762069046517778,0.2822333523195015,0.6461988197234505
80,1,62,530.1310020508638,4465.233844289044,0.1374339945768517,1.7696390916111062,2.048518443073813,8.422887601394464
80,3,700,6910.000000000002,4465.233844289044,0.15612958470101326,1.9179980910589325,0.1935082723455801,0.6461988197234505
80,0,217,2080.00000001059,4465.233844289044,0.13757670900528043,1.8287847159401847,0.5401176541057371,2.1467470405126488
81,5,700,6910.000000000002,3601.3349706703702,0.15812758669901528,2.4613088311053377,0.20284262572911987,0.5211772750608349
81,3,105,960.0014115816389,3601.3349706703702,0.15612958470101326,2.167901954837805,1.2697449320785956,3.7513850784209097
81,2,280,2710.0000000000146,3601.3349706703702,0.156272299129442,1.8617579822466994,0.3866334756749172,1.3289058932362918
81,4,70,610.0563920873398,3601.3349706703702,0.1584130155558727,2.464566154689495,2.3047555937314175,5.903282085690824
81,1,434,4250.000000000002,3601.3349706703702,0.1374339945768517,2.587288480827487,0.3013100467016555,0.8473729342753809
81,0,620,6110.000000000002,3601.3349706703702,0.13757670900528043,2.952071327831472,0.23938342207978625,0.5894165254779655
81,6,440,4310.000000000002,3601.3349706703702,0.09604681033252462,0.23953492866029022,0.019223747143951128,0.8355765593202712
82,1,620,6110.000000000002,5291.461395747112,0.1374339945768517,1.940926679492892,0.2310136921400159,0.8660329616607382
82,6,440,4310.000000000002,5291.461395747112,0.09604681033252462,0.32655363838332213,0.03850665869037599,1.227717261194225
82,4,595,5860.000000000002,5291.461395747112,0.1584130155558727,2.9213764445082537,0.4178846325103959,0.902979760366401
82,5,490,4810.000000000001,5291.461395747112,0.15812758669901528,2.3170737977056812,0.403067762627503,1.1000959242717487
82,2,700,6910.000000000002,5291.461395747112,0.156272299129442,1.6564996277132589,0.19823070657201006,0.7657686535089885
82,3,420,4110.000000000002,5291.461395747112,0.15612958470101326,2.234476139416133,0.4491534461087652,1.2874601936124355
82,0,465,4560.000000000002,5291.461395747112,0.13757670900528043,1.6401784463077083,0.2618465199357616,1.1604082008217347
83,6,440,4310.000000000002,3454.451530863893,0.09604681033252462,0.4029904038058543,0.03102269225891602,0.8014968749104157
83,0,124,1150.0001906837483,3454.451530863893,0.13757670900528043,1.6046847877178618,0.6631562134580344,3.0038703983257617
83,3,70,610.0563920873398,3454.451530863893,0.15612958470101326,1.436035811821913,1.2695786092714665,5.6625118196767135
83,4,700,6910.000000000002,3454.451530863893,0.1584130155558727,1.6004562163284006,0.12674642400187505,0.4999206267530958
83,2,245,2360.000000000555,3454.451530863893,0.156272299129442,2.437913418072664,0.5576572848697413,1.463750648670797
83,5,315,3060.0000000000014,3454.451530863893,0.15812758669901528,1.6427769399577867,0.2932539819254706,1.1289057290404874
83,1,620,6110.000000000002,3454.451530863893,0.1374339945768517,1.5194066451664263,0.11806089857717998,0.5653766826291149
84,3,525,5160.000000000001,4028.2156828697644,0.15612958470101326,1.3395386869648318,0.16326890487217385,0.7806619540445279
84,4,35,262.252839954494,4028.2156828697644,0.1584130155558727,1.6509135468657603,4.017054358082692,15.36004599061249
84,1,31,223.43368382029254,4028.2156828697644,0.1374339945768517,1.3918215482808634,3.448591835201072,18.028685800613903
84,6,440,4310.000000000002,4028.2156828697644,0.09604681033252462,0.4261880138081634,0.038257767530521715,0.9346208080904321
84,5,525,5160.000000000001,4028.2156828697644,0.15812758669901528,1.8871288334165688,0.23295509181570626,0.7806619540445279
84,2,700,6910.000000000002,4028.2156828697644,0.156272299129442,1.4793332757423066,0.1347667318041108,0.5829545127163188
84,0,620,6110.000000000002,4028.2156828697644,0.13757670900528043,1.4445564780651377,0.13102402852192715,0.6592824358215652
85,4,385,3760.0000000000014,4995.183388078716,0.1584130155558727,1.8539853472482235,0.39017617857941445,1.3285062202337006
85,5,700,6910.000000000002,4995.183388078716,0.15812758669901528,2.098668158138298,0.2398969938733868,0.7228919519650817
85,3,490,4810.000000000001,4995.183388078716,0.15612958470101326,3.129996525705481,0.5074992686269251,1.0384996648812297
85,6,418,4090.0000000000014,4995.183388078716,0.09604681033252462,0.3601583146436786,0.04224784111627578,1.2213162318040867
85,1,620,6110.000000000002,4995.183388078716,0.1374339945768517,1.2649232896630231,0.14212438071587108,0.8175422893745851
85,0,186,1770.0000002775555,4995.183388078716,0.13757670900528043,1.4857866072189205,0.5768720884166614,2.822137506946563
85,2,700,6910.000000000002,4995.183388078716,0.156272299129442,3.3560506795806777,0.3791262907361378,0.7228919519650817
86,5,70,610.0563920873398,4068.5004256362763,0.15812758669901528,1.5070458334548644,1.589272934322375,6.669056301034221
86,3,665,6560.000000000001,4068.5004256362763,0.15612958470101326,4.0809177433739885,0.3951605415498841,0.620198235615286
86,1,620,6110.000000000002,4068.5004256362763,0.1374339945768517,1.1149242109581639,0.10203112413989016,0.6658756834101923
86,2,245,2360.000000000555,4068.5004256362763,0.156272299129442,2.4198330705893385,0.6519131961281313,1.7239408583200508
86,0,620,6110.000000000002,4068.5004256362763,0.13757670900528043,1.9232130335363695,0.1761835941914714,0.6658756834101923
86,4,315,3060.0000000000014,4068.5004256362763,0.1584130155558727,1.7961647439452442,0.3783118701108437,1.3295753024955146
86,6,440,4310.000000000002,4068.5004256362763,0.09604681033252462,0.204856885443188,0.018573365618218332,0.9439676161569083
87,3,70,610.0563920873398,3701.5458444546484,0.15612958470101326,2.1387141426758762,2.026054373617933,6.067547021005085
87,0,620,6110.000000000002,3701.5458444546484,0.13757670900528043,1.7817515589541555,0.14850257565808145,0.6058176504835757
87,2,700,6910.000000000002,3701.5458444546484,0.156272299129442,2.348225944178018,0.19657440459347236,0.535679572279978
87,5,140,1310.0000353340838,3701.5458444546484,0.15812758669901528,1.2866562373673067,0.5748863511179167,2.825607438636945
87,6,440,4310.000000000002,3701.5458444546484,0.09604681033252462,0.33693146695819987,0.027792677115466385,0.8588273421008461
87,4,420,4110.000000000002,3701.5458444546484,0.1584130155558727,1.5266311588090833,0.21780422206622943,0.9006194268746099
87,1,310,3010.0000000000014,3701.5458444546484,0.1374339945768517,1.6552298981447755,0.27974937758512824,1.2297494499849324
88,0,186,1770.0000002775555,2986.2034411861637,0.13757670900528043,1.9562720933412516,0.4540673776341387,1.6871205879762114
88,6,440,4310.000000000002,2986.2034411861637,0.09604681033252462,0.3313126409339911,0.022047689013582426,0.6928546267253277
88,5,700,6910.000000000002,2986.2034411861637,0.15812758669901528,1.6990872106539365,0.11610867204876668,0.43215679322520445
88,4,35,262.252839954494,2986.2034411861637,0.1584130155558727,1.3625522468107907,2.4577811959847864,11.386734426610323
88,2,35,262.252839954494,2986.2034411861637,0.156272299129442,1.260796679443931,2.243500908446454,11.386734426610323
88,3,210,2010.0000000221403,2986.2034411861637,0.15612958470101326,1.5284408938275693,0.35453342603959725,1.4856733538075972
88,1,620,6110.000000000002,2986.2034411861637,0.1374339945768517,3.6219290000102204,0.24328329188582437,0.48874033407302175
89,0,434,4250.000000000002,4671.348656946031,0.13757670900528043,2.498297321675032,0.3777829832715592,1.0991408604578892
89,1,527,5180.000000000002,4671.348656946031,0.1374339945768517,1.7713084903212555,0.21953354848183315,0.901804760028191
89,2,700,6910.000000000002,4671.348656946031,0.156272299129442,1.3179145106051395,0.13923020965179286,0.6760273020182388
89,6,440,4310.000000000002,4671.348656946031,0.09604681033252462,0.4761215090623614,0.04956393298083296,1.0838395955791251
89,4,140,1310.0000353340838,4671.348656946031,0.1584130155558727,1.4491171701663732,0.8185879348645708,3.565914909120378
89,5,385,3760.0000000000014,4671.348656946031,0.15812758669901528,1.6193880874862459,0.3181361501435125,1.2423799619537312
89,3,700,6910.000000000002,4671.348656946031,0.15612958470101326,2.4206623187505203,0.2554957321518036,0.6760273020182388
90,0,620,6110.000000000002,3920.204081774466,0.13757670900528043,1.6777362799432303,0.14809352776553988,0.6416045960351007
90,2,175,1660.0000008844675,3920.204081774466,0.156272299129442,1.7082962162270643,0.6304429156730295,2.36156872270225
90,1,465,4560.000000000002,3920.204081774466,0.1374339945768517,1.7070902314758338,0.20169469740577373,0.8596938775821193
90,5,700,6910.000000000002,3920.204081774466,0.15812758669901528,1.900465773633827,0.17048976991261314,0.5673233114000673
90,4,210,2010.0000000221403,3920.204081774466,0.1584130155558727,1.5027593681809368,0.4642938429014587,1.9503502894185496
90,6,440,4310.000000000002,3920.204081774466,0.09604681033252462,0.4725193170577245,0.041279451758576634,0.9095601117806181
90,3,245,2360.000000000555,3920.204081774466,0.15612958470101326,2.39192585453456,0.620339722207646,1.6611034244803153
91,2,420,4110.000000000002,4116.6558999406,0.156272299129442,1.4991233645314592,0.23465084350665907,1.0016194403748413
91,1,620,6110.000000000002,4116.6558999406,0.1374339945768517,1.951598560982581,0.18071242576362836,0.6737571030999343
91,0,155,1460.0000072749747,4116.6558999406,0.13757670900528043,1.9845545219188012,0.7698385597999793,2.819627314676632
91,5,700,6910.000000000002,4116.6558999406,0.15812758669901528,2.821769530314589,0.2658249263089261,0.5957533863879303
91,4,140,1310.0000353340838,4116.6558999406,0.1584130155558727,1.7668500567706789,0.8795566484667182,3.1424853350410378
91,3,700,6910.000000000002,4116.6558999406,0.15612958470101326,1.5017657177301964,0.13968633095726807,0.5957533863879303
91,6,66,570.0859504455718,4116.6558999406,0.09604681033252462,0.4760701571153306,0.33018560370146294,7.221114459535575
92,0,620,6110.000000000002,4614.965982238218,0.13757670900528043,1.6171844164761793,0.16804738470689395,0.7553135813810502
92,2,210,2010.0000000221403,4614.965982238218,0.156272299129442,2.3811694157016148,0.8543675483834089,2.296002976212629
92,4,700,6910.000000000002,4614.965982238218,0.1584130155558727,2.408321029308966,0.25479781296380866,0.6678677253600893
92,3,700,6910.000000000002,4614.965982238218,0.15612958470101326,1.8013085932285398,0.18782949120554487,0.6678677253600893
92,5,595,5860.000000000002,4614.965982238218,0.15812758669901528,1.5438178319833877,0.19225364565548317,0.7875368570372383
92,6,352,3430.000000000001,4614.965982238218,0.09604681033252462,0.28513356817144736,0.036847300799207255,1.3454711318478767
92,1,31,223.43368382029254,4614.965982238218,0.1374339945768517,1.5873984778817662,4.506091304472633,20.65474597800585
93,6,374,3650.000000000001,4775.979734551164,0.09604681033252462,0.42819448221913775,0.0538137955230867,1.308487598507168
93,2,420,4110.000000000002,4775.979734551164,0.156272299129442,2.3444223263889654,0.42573416519069995,1.1620388648542974
93,4,315,3060.0000000000014,4775.979734551164,0.1584130155558727,3.0778027258025706,0.7609790314433997,1.5607776910297915
93,3,700,6910.000000000002,4775.979734551164,0.15612958470101326,2.477560050696489,0.26735839296172964,0.6911692814111668
93,5,350,3410.000000000001,4775.979734551164,0.15812758669901528,2.476235129541818,0.5484128467559396,1.4005805673170566
93,0,620,6110.000000000002,4775.979734551164,0.13757670900528043,1.1732902990060299,0.12617452003057814,0.781666077667948
93,1,620,6110.000000000002,4775.979734551164,0.1374339945768517,1.3138952789372698,0.14114847388249704,0.781666077667948
94,2,700,6910.000000000002,5181.243939771234,0.156272299129442,2.056220302345453,0.24093929604603245,0.7498182257266618
94,3,595,5860.000000000002,5181.243939771234,0.15612958470101326,2.170171594190915,0.29958199119768325,0.8841713207800738
94,4,560,5510.000000000002,5181.243939771234,0.1584130155558727,2.0320455969921998,0.30269604824984875,0.9403346533160132
94,5,700,6910.000000000002,5181.243939771234,0.15812758669901528,2.1083846797489145,0.2499847335190833,0.7498182257266618
94,6,330,3210.000000000001,5181.243939771234,0.09604681033252462,0.27240804190326234,0.04223104992206014,1.6140946852869884
94,1,620,6110.000000000002,5181.243939771234,0.1374339945768517,0.9291972111799638,0.10829163155678113,0.8479940981622311
94,0,62,530.1310020508638,5181.243939771234,0.13757670900528043,1.11638100482552,1.5010950478436305,9.773516205856824
95,5,245,2360.000000000555,4245.570144141663,0.15812758669901528,1.8300632577238019,0.520592326390324,1.7989704000596038
95,3,700,6910.000000000002,4245.570144141663,0.15612958470101326,2.7559787571391996,0.26437418350397834,0.6144095722346834
95,2,700,6910.000000000002,4245.570144141663,0.156272299129442,2.7989740892078894,0.2687440470624474,0.6144095722346834
95,0,341,3320.0000000000014,4245.570144141663,0.13757670900528043,0.6764966664957889,0.11901686712985758,1.2787861879944764
95,1,310,3010.0000000000014,4245.570144141663,0.1374339945768517,2.147899536069623,0.4163683014500288,1.4104884199806182
95,4,280,2710.0000000000146,4245.570144141663,0.1584130155558727,1.7594556479114083,0.43665246347077313,1.5666310494987603
95,6,440,4310.000000000002,4245.570144141663,0.09604681033252462,0.44826062398501026,0.04241039217646632,0.9850510775270676
96,6,110,1010.0008335248422,4256.646511380439,0.09604681033252462,0.3366612393494916,0.13627679732434164,4.214498018308558
96,2,700,6910.000000000002,4256.646511380439,0.156272299129442,1.7290045215897067,0.16644381804177796,0.6160125197366769
96,0,341,3320.0000000000014,4256.646511380439,0.13757670900528043,0.7955976215424273,0.14033561266418199,1.2821224431868787
96,4,700,6910.000000000002,4256.646511380439,0.1584130155558727,1.5405305659613608,0.15033175230381646,0.6160125197366769
96,5,700,6910.000000000002,4256.646511380439,0.15812758669901528,1.6741985594811952,0.1630812928025407,0.6160125197366769
96,3,105,960.0014115816389,4256.646511380439,0.15612958470101326,2.018703638541972,1.3975053683072003,4.434000262944876
96,1,217,2080.00000001059,4256.646511380439,0.1374339945768517,1.255630274437233,0.3531508039235373,2.046464668922484
97,1,620,6110.000000000002,3875.0017272224304,0.1374339945768517,1.7597276360185743,0.15338055834134387,0.6342065020003976
97,2,700,6910.000000000002,3875.0017272224304,0.156272299129442,2.0100123761510478,0.17614673036513886,0.5607817260813935
97,5,700,6910.000000000002,3875.0017272224304,0.15812758669901528,2.15361370121529,0.19097182634758017,0.5607817260813935
97,3,70,610.0563920873398,3875.0017272224304,0.15612958470101326,1.5771374430576013,1.5640717267080937,6.351874642217763
97,6,22,138.8629381196525,3875.0017272224304,0.09604681033252462,0.3527341879857956,0.9454009881463455,27.905226403055796
97,4,35,262.252839954494,3875.0017272224304,0.1584130155558727,1.6271554701682225,3.8086548043332904,14.775823697065851
97,0,527,5180.000000000002,3875.0017272224304,0.13757670900528043,2.152693375249551,0.22154871294096112,0.7480698315101214
98,1,93,840.0049979958054,4085.974713006647,0.1374339945768517,1.8518926894553585,1.2380089699664856,4.86422666859781
98,3,175,1660.0000008844675,4085.974713006647,0.15612958470101326,2.5109767513661096,0.964973712267585,2.461430548692525
98,5,700,6910.000000000002,4085.974713006647,0.15812758669901528,1.4952445754669625,0.1398097649679481,0.5913132725045798
98,4,350,3410.000000000001,4085.974713006647,0.1584130155558727,1.1237404898951298,0.21330360048495503,1.1982330536676382
98,6,440,4310.000000000002,4085.974713006647,0.09604681033252462,0.2010191537288973,0.018303695887946978,0.9480219751755558
98,2,700,6910.000000000002,4085.974713006647,0.156272299129442,2.034799676117921,0.1880274640555614,0.5913132725045798
98,0,434,4250.000000000002,4085.974713006647,0.13757670900528043,1.9520995638871026,0.2581984467607249,0.961405814825093
99,5,700,6910.000000000002,4366.644793672158,0.15812758669901528,1.873013796752516,0.18716232756337248,0.6319312291855509
99,2,700,6910.000000000002,4366.644793672158,0.156272299129442,1.750496014772487,0.1728673387523971,0.6319312291855509
99,1,155,1460.0000072749747,4366.644793672158,0.1374339945768517,1.1792373229721747,0.48471939049478635,2.9908525835025896
99,3,700,6910.000000000002,4366.644793672158,0.15612958470101326,1.6316237108939602,0.16098115185524478,0.6319312291855509
99,6,132,1230.0000820831015,4366.644793672158,0.09604681033252462,0.18042531212337828,0.061520964720711425,3.5501174815182965
99,0,155,1460.0000072749747,4366.644793672158,0.13757670900528043,1.7783748177118386,0.7317508304469503,2.9908525835025896
99,4,385,3760.0000000000014,4366.644793672158,0.1584130155558727,1.5003277990880708,0.27601776702345443,1.1613417004447224
100,0,62,530.1310020508638,4063.7414478560304,0.13757670900528043,1.1321869175453183,1.1940043657037887,7.665541973842405
100,2,700,6910.000000000002,4063.7414478560304,0.156272299129442,1.8082442701911656,0.16618320115987587,0.5880957232787307
100,1,372,3630.000000000001,4063.7414478560304,0.1374339945768517,2.7115406421961215,0.4171860053254383,1.1194880021641955
100,3,455,4460.000000000002,4063.7414478560304,0.15612958470101326,1.7528956441221157,0.24936326527307265,0.9111527909991096
100,6,440,4310.000000000002,4063.7414478560304,0.09604681033252462,0.19681220122282858,0.017823121340017685,0.942863444978197
100,5,140,1310.0000353340838,4063.7414478560304,0.15812758669901528,1.5957893972799764,0.7827768608354666,3.102092624615595
100,4,700,6910.000000000002,4063.7414478560304,0.1584130155558727,1.5063781831935128,0.1403372298509923,0.5880957232787307
101,6,440,4310.000000000002,4293.181328222584,0.09604681033252462,0.2531921208233269,0.024223399682512053,0.9960977559681164
101,1,403,3940.000000000001,4293.181328222584,0.1374339945768517,2.2987582215100217,0.344247246492508,1.0896399310209601
101,4,105,960.0014115816389,4293.181328222584,0.1584130155558727,1.3419554838562933,0.9506843198988512,4.472057307863126
101,2,700,6910.000000000002,4293.181328222584,0.156272299129442,2.0310559424220767,0.19719916503172805,0.6212997580640496
101,3,420,4110.000000000002,4293.181328222584,0.15612958470101326,1.8824607767557031,0.30700719270022936,1.0445696662342048
101,5,700,6910.000000000002,4293.181328222584,0.15812758669901528,1.737874066171996,0.17073679698004277,0.6212997580640496
101,0,279,2700.0000000000164,4293.181328222584,0.13757670900528043,0.7830295239942087,0.1712925684639177,1.5900671586009474
102,4,700,6910.000000000002,4240.208363203734,0.1584130155558727,1.4710197033723678,0.14299422624164046,0.6136336270917124
102,5,280,2710.0000000000146,4240.208363203734,0.15812758669901528,1.581629552383583,0.3913184470722618,1.564652532547495
102,0,620,6110.000000000002,4240.208363203734,0.13757670900528043,2.0075023479729075,0.19166683277454183,0.6939784555161592
102,2,175,1660.0000008844675,4240.208363203734,0.156272299129442,1.8647920955143578,0.7443745757797624,2.5543423861111454
102,1,620,6110.000000000002,4240.208363203734,0.1374339945768517,2.222793246643274,0.21200164280583275,0.6939784555161592
102,3,350,3410.000000000001,4240.208363203734,0.15612958470101326,2.478877444366475,0.4812525897575422,1.243462863109599
102,6,264,2550.0000000000755,4240.208363203734,0.09604681033252462,0.3292413424484256,0.0525828750802116,1.6628268090994542
103,1,279,2700.0000000000164,3910.175015054764,0.1374339945768517,1.5413104330232708,0.30677270795139866,1.4482129685387928
103,6,440,4310.000000000002,3910.175015054764,0.09604681033252462,0.26507163271191214,0.023097507992978748,0.9072331821472767
103,3,490,4810.000000000001,3910.175015054764,0.15612958470101326,1.6941006447364535,0.21501835364979807,0.8129261985560838
103,5,35,262.252839954494,3910.175015054764,0.15812758669901528,1.3620198957047247,3.2111980465178296,14.909943456601866
103,2,700,6910.000000000002,3910.175015054764,0.156272299129442,1.806976129064262,0.15979109250003368,0.5658719269254361
103,0,124,1150.0001906837483,3910.175015054764,0.13757670900528043,1.5605695833716156,0.7300058465495258,3.4001516232183544
103,4,700,6910.000000000002,3910.175015054764,0.1584130155558727,1.2360928279000984,0.11080518848645919,0.5658719269254361
104,3,700,6910.000000000002,4563.760525190556,0.15612958470101326,2.32634605983616,0.23988568036262392,0.6604573842533364
104,5,700,6910.000000000002,4563.760525190556,0.15812758669901528,0.8584718799360017,0.08965582620858488,0.6604573842533364
104,1,217,2080.00000001059,4563.760525190556,0.1374339945768517,2.822446702556904,0.851097729484369,2.194115637099673
104,0,341,3320.0000000000014,4563.760525190556,0.13757670900528043,2.351414903148674,0.4446916212382558,1.3746266642140224
104,4,280,2710.0000000000146,4563.760525190556,0.1584130155558727,1.9057665446123646,0.5084100380615191,1.6840444742400487
104,6,440,4310.000000000002,4563.760525190556,0.09604681033252462,0.9179224948960651,0.09335434519389141,1.0588771520163698
104,2,525,5160.000000000001,4563.760525190556,0.156272299129442,2.5986031934938296,0.3591659151821565,0.8844497141842161
105,2,700,6910.000000000002,4972.087142416187,0.156272299129442,2.7590443499727217,0.3102425543642145,0.7195495140978561
105,1,620,6110.000000000002,4972.087142416187,0.1374339945768517,1.5532970796647452,0.17371855841007255,0.8137622164347276
105,6,396,3870.0000000000014,4972.087142416187,0.09604681033252462,0.4703167025621633,0.05803648690806676,1.2847770393840272
105,5,665,6560.000000000001,4972.087142416187,0.15812758669901528,1.5966246871439909,0.19135745009911467,0.7579401131731991
105,3,35,262.252839954494,4972.087142416187,0.15612958470101326,1.8035883940750672,5.338769469492813,18.95913555513428
105,0,620,6110.000000000002,4972.087142416187,0.13757670900528043,1.4404026010416893,0.16125988090587678,0.8137622164347276
105,4,490,4810.000000000001,4972.087142416187,0.1584130155558727,0.9945167474529334,0.162853320292728,1.0336979506062756
106,6,110,1010.0008335248422,5217.591060505528,0.09604681033252462,1.1780499377315217,0.5845140470067917,5.165927479778852
106,2,700,6910.000000000002,5217.591060505528,0.156272299129442,2.1197554716969083,0.25012652911578587,0.7550783010861832
106,1,403,3940.000000000001,5217.591060505528,0.1374339945768517,2.3262263258403464,0.42336987407689375,1.3242616904836362
106,3,595,5860.000000000002,5217.591060505528,0.15612958470101326,1.3029233305328727,0.18112420264699144,0.890373901110158
106,5,700,6910.000000000002,5217.591060505528,0.15812758669901528,3.4032435258452427,0.4063428851666873,0.7550783010861832
106,0,620,6110.000000000002,5217.591060505528,0.13757670900528043,2.855926703473676,0.335521844593404,0.8539428904264363
106,4,420,4110.000000000002,5217.591060505528,0.1584130155558727,2.9399185046913607,0.5912271490986796,1.2694868760354077
107,1,341,3320.0000000000014,3735.2073231804206,0.1374339945768517,2.1802467611923575,0.3371137357909938,1.1250624467410901
107,5,35,262.252839954494,3735.2073231804206,0.15812758669901528,2.16670831807583,4.879806554206332,14.242771684869275
107,3,490,4810.000000000001,3735.2073231804206,0.15612958470101326,1.3347609506293143,0.16182973877828574,0.7765503790395883
107,4,105,960.0014115816389,3735.2073231804206,0.1584130155558727,2.338844599840919,1.4415677865452943,3.8908352405717035
107,2,700,6910.000000000002,3735.2073231804206,0.156272299129442,1.546718903422048,0.13065621113608672,0.5405509874356613
107,6,440,4310.000000000002,3735.2073231804206,0.09604681033252462,0.3043145361639969,0.02533046058853971,0.866637429972255
107,0,620,6110.000000000002,3735.2073231804206,0.13757670900528043,1.7859878222419991,0.15020933100592154,0.6113268941375483
108,5,700,6910.000000000002,3981.2060401830245,0.15812758669901528,1.754397382012822,0.15983512330545224,0.5761513806343015
108,4,35,262.252839954494,3981.2060401830245,0.1584130155558727,0.5075201984601759,1.2205024254898593,15.180792859569573
108,3,700,6910.000000000002,3981.2060401830245,0.15612958470101326,2.663469240729061,0.2395904466210089,0.5761513806343015
108,0,31,223.43368382029254,3981.2060401830245,0.13757670900528043,2.153734071594754,5.279624108552745,17.81828940073827
108,1,217,2080.00000001059,3981.2060401830245,0.1374339945768517,2.697646351018001,0.7096276091258146,1.9140413654628627
108,6,396,3870.0000000000014,3981.2060401830245,0.09604681033252462,0.850806717846241,0.08406545083160634,1.028735410900006
108,2,700,6910.000000000002,3981.2060401830245,0.156272299129442,2.6962506470765355,0.24276097380761463,0.5761513806343015
109,0,620,6110.000000000002,4204.397401994708,0.13757670900528043,1.177017369706664,0.1114269741371707,0.6881174144017523
109,2,210,2010.0000000221403,4204.397401994708,0.156272299129442,3.021914094711263,0.9878063590100892,2.0917400009693514
109,4,70,610.0563920873398,4204.397401994708,0.1584130155558727,2.0705042655240047,2.2604805155031507,6.891817636086302
109,3,560,5510.000000000002,4204.397401994708,0.15612958470101326,2.5651836275019217,0.30560174097990755,0.7630485303075693
109,1,620,6110.000000000002,4204.397401994708,0.1374339945768517,1.3708410979609102,0.12964143649276344,0.6881174144017523
109,6,176,1670.0000007960207,4204.397401994708,0.09604681033252462,0.4803497047669671,0.11615228625276582,2.5176032335273315
109,5,700,6910.000000000002,4204.397401994708,0.15812758669901528,2.4260107227279315,0.23341355364239375,0.6084511435592919
110,2,595,5860.000000000002,5898.204652490369,0.156272299129442,3.177990238679231,0.4998696649139442,1.0065195652713936
110,0,465,4560.000000000002,5898.204652490369,0.13757670900528043,1.5049928130508288,0.2678146543266423,1.2934659325636768
110,5,700,6910.000000000002,5898.204652490369,0.15812758669901528,1.4777040445929095,0.1994513108324481,0.8535752029653209
110,4,665,6560.000000000001,5898.204652490369,0.1584130155558727,1.4199174406175934,0.20224134872938962,0.8991165628796293
110,1,620,6110.000000000002,5898.204652490369,0.1374339945768517,2.8031647083792657,0.3718959197698955,0.9653362770033335
110,6,440,4310.000000000002,5898.204652490369,0.09604681033252462,0.3124122428059997,0.04106327264121192,1.36849295881447
110,3,630,6210.000000000002,5898.204652490369,0.15612958470101326,2.189452609050212,0.3246751059896442,0.9497914094187387
111,4,245,2360.000000000555,4430.3125447365655,0.1584130155558727,1.3205934642949593,0.39271941063848315,1.8772510782777645
111,6,396,3870.0000000000014,4430.3125447365655,0.09604681033252462,0.2719600409325045,0.029902771691946353,1.1447836032911018
111,2,175,1660.0000008844675,4430.3125447365655,0.156272299129442,2.499690540841445,1.0425443178927551,2.6688629773349657
111,3,700,6910.000000000002,4430.3125447365655,0.15612958470101326,2.8476222058450547,0.2850518693847185,0.6411450860689674
111,0,310,3010.0000000000014,4430.3125447365655,0.13757670900528043,1.8424404299542245,0.37308367093584205,1.471864632802845
111,5,700,6910.000000000002,4430.3125447365655,0.15812758669901528,1.3438863922059394,0.13624686477955653,0.6411450860689674
111,1,620,6110.000000000002,4430.3125447365655,0.1374339945768517,1.460962437049188,0.14558826640730668,0.725092069514986
112,1,620,6110.000000000002,4749.166547877836,0.1374339945768517,1.7271220734372505,0.18449873557316238,0.7772776674104476
112,6,374,3650.000000000001,4749.166547877836,0.09604681033252462,0.31677174542610237,0.039587121125947214,1.3011415199665302
112,5,175,1660.0000008844675,4749.166547877836,0.15812758669901528,1.7701676608360475,0.8008134469853981,2.8609437020165207
112,3,700,6910.000000000002,4749.166547877836,0.15612958470101326,3.194703932963576,0.34281133518935014,0.6872889360170528
112,0,403,3940.000000000001,4749.166547877836,0.13757670900528043,1.4537040564200439,0.2410694055384379,1.2053722202735622
112,4,385,3760.0000000000014,4749.166547877836,0.1584130155558727,1.4730088448067133,0.294730968379549,1.2630762095419772
112,2,700,6910.000000000002,4749.166547877836,0.156272299129442,1.8484620598028108,0.1985326297949181,0.6872889360170528
113,1,496,4870.000000000001,4912.648779795099,0.1374339945768517,1.8485416915928803,0.2562773205215663,1.0087574496499174
113,0,620,6110.000000000002,4912.648779795099,0.13757670900528043,1.7292622726850448,0.1912847241342528,0.8040341701792303
113,4,420,4110.000000000002,4912.648779795099,0.1584130155558727,2.156945747630037,0.40841715648441246,1.195291673916082
113,6,286,2770.000000000008,4912.648779795099,0.09604681033252462,0.2412371991333936,0.0410925574843759,1.773519415088478
113,5,700,6910.000000000002,4912.648779795099,0.15812758669901528,2.9422982962183775,0.33077449268240816,0.7109477250065264
113,3,700,6910.000000000002,4912.648779795099,0.15612958470101326,2.336866755519177,0.2593921468826655,0.7109477250065264
113,2,210,2010.0000000221403,4912.648779795099,0.156272299129442,2.1984264267672113,0.8396795889664751,2.4441038705179032
114,3,70,610.0563920873398,4359.67858540296,0.15612958470101326,1.6019436950100017,1.7873801988125293,7.146353422322308
114,0,620,6110.000000000002,4359.67858540296,0.13757670900528043,1.9618098108483144,0.1925817286065169,0.7135316833720063
114,2,595,5860.000000000002,4359.67858540296,0.156272299129442,1.8038776900835887,0.20972294392777424,0.7439724548469213
114,5,595,5860.000000000002,4359.67858540296,0.15812758669901528,2.408969833579769,0.2833973995176961,0.7439724548469213
114,1,62,530.1310020508638,4359.67858540296,0.1374339945768517,1.5005089610995308,1.6959148103818518,8.223775950731264
114,6,440,4310.000000000002,4359.67858540296,0.09604681033252462,0.32548639822671,0.03162226642986274,1.0115263539218
114,4,700,6910.000000000002,4359.67858540296,0.1584130155558727,1.405987129861741,0.1405233943101667,0.6309230948484745
115,6,198,1890.0000000783903,5048.096189672402,0.09604681033252462,0.37921317661304804,0.09728193124472477,2.6709503647952517
115,1,620,6110.000000000002,5048.096189672402,0.1374339945768517,1.1096993798639454,0.12600446199485824,0.8262023223686417
115,5,700,6910.000000000002,5048.096189672402,0.15812758669901528,2.007226404046348,0.23187481391836273,0.7305493762188713
115,4,175,1660.0000008844675,5048.096189672402,0.1584130155558727,1.969688405859608,0.9488726376542553,3.041021799387179
115,0,620,6110.000000000002,5048.096189672402,0.13757670900528043,1.2586625749757672,0.1430673875542498,0.8262023223686417
115,3,630,6210.000000000002,5048.096189672402,0.15612958470101326,2.1528579948655286,0.2732351765883154,0.8128979371453141
115,2,560,5510.000000000002,5048.096189672402,0.156272299129442,1.7927987348912893,0.2566785407070857,0.9161699073815609
116,2,525,5160.000000000001,4791.9623335525575,0.156272299129442,1.8210133012178498,0.26427666263487,0.9286748708435187
116,1,527,5180.000000000002,4791.9623335525575,0.1374339945768517,1.1148492301858908,0.14174049459782193,0.9250892535815745
116,6,440,4310.000000000002,4791.9623335525575,0.09604681033252462,0.29151211719023895,0.031129753655042478,1.1118242073207785
116,0,31,223.43368382029254,4791.9623335525575,0.13757670900528043,1.1894142172284277,3.5094801597956033,21.446911010099655
116,3,420,4110.000000000002,4791.9623335525575,0.15612958470101326,2.6402104687449763,0.48061279339539525,1.1659275750736144
116,5,700,6910.000000000002,4791.9623335525575,0.15812758669901528,1.6558903010825554,0.18158273518958054,0.6934822479815567
116,4,700,6910.000000000002,4791.9623335525575,0.1584130155558727,1.4993499587062697,0.16471350987025726,0.6934822479815567
117,3,700,6910.000000000002,3809.397975864889,0.15612958470101326,2.645200310875678,0.22767852483980017,0.5512876954941951
117,5,700,6910.000000000002,3809.397975864889,0.15812758669901528,2.3793490385839795,0.2074168802439101,0.5512876954941951
117,1,496,4870.000000000001,3809.397975864889,0.1374339945768517,1.8299354573775921,0.1967239913939852,0.7822172435040838
117,0,31,223.43368382029254,3809.397975864889,0.13757670900528043,0.5218017058145754,1.2239343166303078,17.04934507067781
117,2,105,960.0014115816389,3809.397975864889,0.156272299129442,2.400920346569769,1.488826974784166,3.9681170568163653
117,4,245,2360.000000000555,3809.397975864889,0.1584130155558727,2.121054236614508,0.5423591592656333,1.6141516846881327
117,6,440,4310.000000000002,3809.397975864889,0.09604681033252462,0.620653095327556,0.05268790725754395,0.8838510384837326
118,2,105,960.0014115816389,3610.1629160775337,0.156272299129442,1.7574357062420867,1.0328003505456895,3.7605808413652775
118,3,700,6910.000000000002,3610.1629160775337,0.15612958470101326,2.0879458692772337,0.17031511540677388,0.5224548359012349
118,6,440,4310.000000000002,3610.1629160775337,0.09604681033252462,0.2691548866981515,0.021653831177104507,0.8376248065145087
118,5,280,2710.0000000000146,3610.1629160775337,0.15812758669901528,1.9176413652830127,0.4039545851910521,1.3321634376669795
118,0,186,1770.0000002775555,3610.1629160775337,0.13757670900528043,1.5693768477261762,0.4403780784721991,2.0396400652606896
118,1,155,1460.0000072749747,3610.1629160775337,0.1374339945768517,1.7069223915934775,0.580071980484259,2.472714313759315
118,4,700,6910.000000000002,3610.1629160775337,0.1584130155558727,1.8780256362620087,0.15543224902652403,0.5224548359012349
119,1,248,2390.0000000004047,4821.722563151191,0.1374339945768517,1.9527922272799474,0.5414452204528192,2.017457139393462
119,2,700,6910.000000000002,4821.722563151191,0.156272299129442,1.87028212553918,0.20394510944847669,0.6977890829451794
119,6,440,4310.000000000002,4821.722563151191,0.09604681033252462,0.37091596856184544,0.03985505615027731,1.1187291329817144
119,3,665,6560.000000000001,4821.722563151191,0.15612958470101326,1.63551692745044,0.18768891616712605,0.7350186834071937
119,4,315,3060.0000000000014,4821.722563151191,0.1584130155558727,2.0048923659301563,0.50045232922164,1.5757263278271858
119,5,420,4110.000000000002,4821.722563151191,0.15812758669901528,2.2715171608423788,0.42138984081948155,1.1731685068494377
119,0,620,6110.000000000002,4821.722563151191,0.13757670900528043,1.0255777786690756,0.11134597600460922,0.789152628993648
120,2,105,960.0014115816389,4616.76916593157,0.156272299129442,1.6177577299727677,1.2157989794158015,4.809127476516172
120,0,527,5180.000000000002,4616.76916593157,0.13757670900528043,1.7524904033102369,0.21488641766177305,0.891268178751268
120,5,665,6560.000000000001,4616.76916593157,0.15812758669901528,1.685330715406656,0.1875543322632468,0.7037757874895685
120,4,700,6910.000000000002,4616.76916593157,0.1584130155558727,1.5642453348481178,0.16556016216914762,0.6681286781377089
120,3,245,2360.000000000555,4616.76916593157,0.15612958470101326,1.7106253711904276,0.5224759102990454,1.956258121156985
120,6,440,4310.000000000002,4616.76916593157,0.09604681033252462,0.2859949496014134,0.02942403315938976,1.0711761405873708
120,1,620,6110.000000000002,4616.76916593157,0.1374339945768517,1.5626106955052734,0.1622713737256705,0.7556087014617952
121,2,700,6910.000000000002,3467.511938911888,0.156272299129442,2.1684779825537426,0.17005011747981333,0.5018107002766841
121,1,62,530.1310020508638,3467.511938911888,0.1374339945768517,1.5889141789351222,1.4283326795122817,6.540858628334276
121,4,280,2710.0000000000146,3467.511938911888,0.1584130155558727,2.004828287506569,0.406365394482216,1.2795247007054869
121,3,245,2360.000000000555,3467.511938911888,0.15612958470101326,1.658124298134014,0.38037174600074203,1.4692847198775734
121,6,440,4310.000000000002,3467.511938911888,0.09604681033252462,0.5092324689476003,0.03934954621297553,0.8045271319981175
121,5,175,1660.0000008844675,3467.511938911888,0.15812758669901528,1.93703233788253,0.6398149605582701,2.088862612689372
121,0,620,6110.000000000002,3467.511938911888,0.13757670900528043,2.2571838876262342,0.17623355937566357,0.5675142289544823
122,2,245,2360.000000000555,3843.185633442289,0.156272299129442,1.6617833188815725,0.42289812160206225,1.6284684887463499
122,6,154,1450.0000080833054,3843.185633442289,0.09604681033252462,0.2979405405617991,0.07584656304692099,2.650472835874281
122,4,700,6910.000000000002,3843.185633442289,0.1584130155558727,1.6193901529949386,0.14267755890440226,0.5561773709757291
122,5,700,6910.000000000002,3843.185633442289,0.15812758669901528,1.8608547274816511,0.1636565636405223,0.5561773709757291
122,3,105,960.0014115816389,3843.185633442289,0.15612958470101326,1.6622307975212425,1.0389532829058208,4.003312481708225
122,1,620,6110.000000000002,3843.185633442289,0.1374339945768517,0.8795788139640458,0.07603596844676191,0.6289992853424367
122,0,124,1150.0001906837483,3843.185633442289,0.13757670900528043,1.7632449051612762,0.8106828841998327,3.3418999966924097
123,3,700,6910.000000000002,4092.1093194304362,0.15612958470101326,1.8172823912509666,0.1680261215102191,0.5922010592518719
123,6,440,4310.000000000002,4092.1093194304362,0.09604681033252462,0.33004175128318014,0.0300969014860115,0.9494453177332794
123,2,700,6910.000000000002,4092.1093194304362,0.156272299129442,1.4892351999949973,0.13782070727684756,0.5922010592518719
123,1,186,1770.0000002775555,4092.1093194304362,0.1374339945768517,1.1085050339295484,0.35221333948008815,2.3119261688072026
123,4,175,1660.0000008844675,4092.1093194304362,0.1584130155558727,1.9738477238938725,0.7708034422182583,2.4651260947289835
123,0,434,4250.000000000002,4092.1093194304362,0.13757670900528043,1.4877524203459696,0.19707606359046068,0.9628492516306905
123,5,280,2710.0000000000146,4092.1093194304362,0.15812758669901528,2.104611696130891,0.5025248688136099,1.5100034389042118
124,6,286,2770.000000000008,4510.078723688407,0.09604681033252462,0.23879635481362443,0.03734349774520117,1.6281872648694562
124,0,31,223.43368382029254,4510.078723688407,0.13757670900528043,0.9993704292721538,2.775280523448461,20.18531246755014
124,5,700,6910.000000000002,4510.078723688407,0.15812758669901528,1.5732895958819397,0.16237620566960254,0.6526886720243713
124,2,105,960.0014115816389,4510.078723688407,0.156272299129442,1.5838043369383124,1.1627752537038245,4.697991762593224
124,1,589,5800.000000000002,4510.078723688407,0.1374339945768517,1.6663303778230167,0.17807846783413644,0.7775997799462768
124,3,700,6910.000000000002,4510.078723688407,0.15612958470101326,2.539556864025724,0.2587910313743102,0.6526886720243713
124,4,700,6910.000000000002,4510.078723688407,0.1584130155558727,1.6395090834022763,0.16951602641981958,0.6526886720243713
125,1,155,1460.0000072749747,4554.876579252882,0.1374339945768517,1.5805492921717825,0.6776820304403727,3.119778463394913
125,2,700,6910.000000000002,4554.876579252882,0.156272299129442,2.3247524803429642,0.23947340409590948,0.659171719139346
125,3,420,4110.000000000002,4554.876579252882,0.15612958470101326,2.183440274009865,0.3777994427232766,1.1082424767038637
125,4,700,6910.000000000002,4554.876579252882,0.1584130155558727,2.415474240890477,0.2522271531003406,0.659171719139346
125,5,700,6910.000000000002,4554.876579252882,0.15812758669901528,2.2814475929774733,0.23780265891881355,0.659171719139346
125,0,124,1150.0001906837483,4554.876579252882,0.13757670900528043,0.3611441813622836,0.19679055010100344,3.960761586086971
125,6,308,2990.000000000002,4554.876579252882,0.09604681033252462,0.9609668506320536,0.14060370948355588,1.5233700933956118
126,2,700,6910.000000000002,5011.626970766973,0.156272299129442,1.8378713402911486,0.2083040901148474,0.7252716310806037
126,3,455,4460.000000000002,5011.626970766973,0.15612958470101326,1.8726344446562866,0.32853533866562584,1.1236831773020113
126,5,700,6910.000000000002,5011.626970766973,0.15812758669901528,2.454599864803891,0.28150689675138785,0.7252716310806037
126,0,620,6110.000000000002,5011.626970766973,0.13757670900528043,0.49001233956483475,0.05529545812898269,0.8202335467703717
126,1,124,1150.0001906837483,5011.626970766973,0.1374339945768517,0.5950046391884088,0.3563652488299204,4.357935773721256
126,4,630,6210.000000000002,5011.626970766973,0.1584130155558727,2.070046943494336,0.26464164850504085,0.8070252770961306
126,6,176,1670.0000007960207,5011.626970766973,0.09604681033252462,0.4424789150290165,0.12753746888989814,3.0009742325617577
127,1,93,840.0049979958054,4140.706353643526,0.1374339945768517,0.5504551757257242,0.3729140032939804,4.929382995961892
127,5,700,6910.000000000002,4140.706353643526,0.15812758669901528,2.180213425182282,0.206587023247621,0.5992339151437808
127,3,35,262.252839954494,4140.706353643526,0.15612958470101326,1.85616503408919,4.575684005422039,15.788985752688207
127,6,440,4310.000000000002,4140.706353643526,0.09604681033252462,0.3147436565575506,0.029042707122341256,0.960720731703834
127,0,310,3010.0000000000014,4140.706353643526,0.13757670900528043,0.5215873428882566,0.09871426076481939,1.375649951376586
127,2,700,6910.000000000002,4140.706353643526,0.156272299129442,1.8438670916145021,0.17266646602863756,0.5992339151437808
127,4,630,6210.000000000002,4140.706353643526,0.1584130155558727,1.8665512762307515,0.19715764357721907,0.6667804112147383
128,3,315,3060.0000000000014,4063.082081766398,0.15612958470101326,0.8759424528377363,0.18159126292722977,1.3278046018844432
128,5,35,262.252839954494,4063.082081766398,0.15812758669901528,1.895962533434111,4.644861725497545,15.492995547622753
128,4,700,6910.000000000002,4063.082081766398,0.1584130155558727,2.0743637085813695,0.1932205507351411,0.5880003012686537
128,0,186,1770.0000002775555,4063.082081766398,0.13757670900528043,2.12261331901039,0.6703446242650392,2.2955265995080576
128,6,440,4310.000000000002,4063.082081766398,0.09604681033252462,0.5556155935924789,0.05030784317706422,0.9427104598065885
128,2,700,6910.000000000002,4063.082081766398,0.156272299129442,1.331161126269432,0.12231794518274344,0.5880003012686537
128,1,527,5180.000000000002,4063.082081766398,0.1374339945768517,2.142872439495256,0.23100231119582362,0.7843787802637832
129,6,88,790.008464149783,4552.9842314032785,0.09604681033252462,0.35573722212112013,0.19691402889261814,5.76320943131066
129,4,490,4810.000000000001,4552.9842314032785,0.1584130155558727,1.0882232889233405,0.16317737673470867,0.9465663682751096
129,2,385,3760.0000000000014,4552.9842314032785,0.156272299129442,2.9888969051282106,0.5655893697404792,1.2109000615434247
129,1,93,840.0049979958054,4552.9842314032785,0.1374339945768517,2.2679652989294414,1.6894480856391623,5.420187073013123
129,0,620,6110.000000000002,4552.9842314032785,0.13757670900528043,1.970678510208327,0.20202989266021884,0.7451692686421075
129,5,700,6910.000000000002,4552.9842314032785,0.15812758669901528,0.9384114797780975,0.097773025369446,0.6588978627211689
129,3,700,6910.000000000002,4552.9842314032785,0.15612958470101326,2.541916411757544,0.2614957100427661,0.6588978627211689
130,0,620,6110.000000000002,4563.674282480439,0.13757670900528043,1.2257001284792588,0.12595127792049676,0.7469188678364055
130,1,620,6110.000000000002,4563.674282480439,0.1374339945768517,1.2049072287352602,0.12368618941613418,0.7469188678364055
130,2,665,6560.000000000001,4563.674282480439,0.156272299129442,2.1998442518946946,0.2391579030383486,0.6956820552561643
130,4,700,6910.000000000002,4563.674282480439,0.1584130155558727,1.441331163178914,0.1507964893851305,0.6604449033980373
130,6,88,790.008464149783,4563.674282480439,0.09604681033252462,0.1407745301429416,0.07810699496154969,5.776740996556185
130,3,175,1660.0000008844675,4563.674282480439,0.15612958470101326,2.077679435420644,0.8918058111052026,2.7492013735234093
130,5,280,2710.0000000000146,4563.674282480439,0.15812758669901528,1.3465896820472298,0.35858182643512326,1.6840126503617765
131,1,31,223.43368382029254,4304.382280225992,0.1374339945768517,1.0981610107989088,2.907517778664425,19.26469727674544
131,0,620,6110.000000000002,4304.382280225992,0.13757670900528043,1.1913046324617593,0.11546154688211088,0.7044815515918151
131,4,210,2010.0000000221403,4304.382280225992,0.1584130155558727,1.665196328329993,0.5648993608549999,2.14148372148188
131,3,560,5510.000000000002,4304.382280225992,0.15612958470101326,2.0459879861235852,0.2495442226876061,0.7811946062116135
131,2,700,6910.000000000002,4304.382280225992,0.156272299129442,1.7845823610486382,0.17372062583455977,0.6229207351991304
131,6,440,4310.000000000002,4304.382280225992,0.09604681033252462,0.1839855442753938,0.017648191731026865,0.9986965847392089
131,5,490,4810.000000000001,4304.382280225992,0.15812758669901528,1.420314995019052,0.20098242108839764,0.8948819709409545
132,5,700,6910.000000000002,4150.828114097977,0.15812758669901528,2.2132764839126766,0.21023257745140728,0.6006987140518055
132,3,350,3410.000000000001,4150.828114097977,0.15612958470101326,2.3259863167817607,0.4420513596163031,1.2172516463630427
132,2,700,6910.000000000002,4150.828114097977,0.156272299129442,2.2659682297767376,0.21271225929377763,0.6006987140518055
132,0,186,1770.0000002775555,4150.828114097977,0.13757670900528043,2.6239540210282404,0.8465695049580749,2.3451006290661476
132,6,286,2770.000000000008,4150.828114097977,0.09604681033252462,0.6785007502943311,0.09765360029899535,1.4984939040064855
132,1,620,6110.000000000002,4150.828114097977,0.1374339945768517,0.44145720194117427,0.041216994025004235,0.6793499368409126
132,4,70,610.0563920873398,4150.828114097977,0.1584130155558727,2.1972875280395483,2.3683316538671395,6.804007249060537
133,2,595,5860.000000000002,5377.862145745959,0.156272299129442,2.016901463890677,0.2892535730388875,0.9177239156563067
133,4,700,6910.000000000002,5377.862145745959,0.1584130155558727,1.3289825642358204,0.16384823316567326,0.7782723799921791
133,1,620,6110.000000000002,5377.862145745959,0.1374339945768517,1.313777227415784,0.15892212171624756,0.8801738372742975
133,3,385,3760.0000000000014,5377.862145745959,0.15612958470101326,2.1326680722632,0.4762448499608371,1.4302824855707335
133,0,620,6110.000000000002,5377.862145745959,0.13757670900528043,1.5762002610900918,0.1908643276381083,0.8801738372742975
133,6,132,1230.0000820831015,5377.862145745959,0.09604681033252462,0.22572405726085334,0.09479061034559882,4.372245355169513
133,5,630,6210.000000000002,5377.862145745959,0.15812758669901528,1.2415391111624292,0.17001455909466495,0.86600034553075
134,1,341,3320.0000000000014,5060.00285428857,0.1374339945768517,1.3059361391068067,0.27354500445841895,1.5240972452676411
134,0,310,3010.0000000000014,5060.00285428857,0.13757670900528043,2.167214727073168,0.501223154987963,1.6810640711922153
134,2,700,6910.000000000002,5060.00285428857,0.156272299129442,2.797557403286429,0.3201354165372289,0.7322724825309073
134,3,700,6910.000000000002,5060.00285428857,0.15612958470101326,1.6839538608227465,0.19252543215364679,0.7322724825309073
134,6,308,2990.000000000002,5060.00285428857,0.09604681033252462,0.22894972086352067,0.03721368169489488,1.6923086469192532
134,5,700,6910.000000000002,5060.00285428857,0.15812758669901528,1.2914700915348685,0.1495425253499733,0.7322724825309073
134,4,420,4110.000000000002,5060.00285428857,0.1584130155558727,1.5570750696045859,0.3036752183916278,1.2311442467855396
135,4,280,2710.0000000000146,4163.981952942819,0.1584130155558727,1.373781142813279,0.33438590262789725,1.5365247058829508
135,3,105,960.0014115816389,4163.981952942819,0.15612958470101326,1.8112440602696545,1.2265892261993416,4.337474823169791
135,0,403,3940.000000000001,4163.981952942819,0.13757670900528043,2.2598518024218985,0.3285772517994015,1.0568482114068065
135,6,440,4310.000000000002,4163.981952942819,0.09604681033252462,0.23281260772635615,0.021603345460450684,0.9661211027709552
135,2,700,6910.000000000002,4163.981952942819,0.156272299129442,1.84140877509285,0.1734055531751172,0.6026023086747927
135,1,341,3320.0000000000014,4163.981952942819,0.1374339945768517,1.9015029951501812,0.3277645186795562,1.2542114316092823
135,5,700,6910.000000000002,4163.981952942819,0.15812758669901528,1.322551788657566,0.12602337939135502,0.6026023086747927
136,6,220,2110.0000000077202,4354.222371198857,0.09604681033252462,0.3416727659369897,0.06772070328574258,2.06361249819096
136,0,217,2080.00000001059,4354.222371198857,0.13757670900528043,1.3899484592262912,0.40030487833674844,2.0933761399887922
136,1,62,530.1310020508638,4354.222371198857,0.1374339945768517,1.0073412197839113,1.1370987373949069,8.213483750910852
136,5,350,3410.000000000001,4354.222371198857,0.15812758669901528,2.2637649904622363,0.45708314602804145,1.2768980560700458
136,4,700,6910.000000000002,4354.222371198857,0.1584130155558727,1.4886255632025456,0.14859660640981665,0.6301334835309488
136,2,700,6910.000000000002,4354.222371198857,0.156272299129442,1.6291892258776408,0.1604301865342568,0.6301334835309488
136,3,700,6910.000000000002,4354.222371198857,0.15612958470101326,1.6691797558538586,0.16421804242755964,0.6301334835309488
137,4,280,2710.0000000000146,4575.827030112748,0.1584130155558727,1.865360204813713,0.49894638135466773,1.6884970590821857
137,3,385,3760.0000000000014,4575.827030112748,0.15612958470101326,1.8095593611884428,0.3438268539001452,1.216975273966156
137,2,315,3060.0000000000014,4575.827030112748,0.156272299129442,1.7497833431483543,0.40889749749172943,1.4953683104943614
137,5,700,6910.000000000002,4575.827030112748,0.15812758669901528,1.618905584732583,0.16951991119635743,0.6622036223028577
137,6,330,3210.000000000001,4575.827030112748,0.09604681033252462,0.26815455326341914,0.03671408334062412,1.4254912866394849
137,1,620,6110.000000000002,4575.827030112748,0.1374339945768517,0.5532284992279012,0.05694126396245083,0.7489078609022498
137,0,620,6110.000000000002,4575.827030112748,0.13757670900528043,0.716657208204306,0.07383882531636825,0.7489078609022498
138,2,700,6910.000000000002,4985.917996140137,0.156272299129442,2.4352014146629917,0.274589529564204,0.721551084824911
138,0,465,4560.000000000002,4985.917996140137,0.13757670900528043,1.672345791153618,0.25156561899098023,1.093403069328977
138,5,700,6910.000000000002,4985.917996140137,0.15812758669901528,1.852684853530578,0.2113860277752628,0.721551084824911
138,6,44,350.8727963568088,4985.917996140137,0.09604681033252462,0.24394864734723698,0.3329482943195454,14.210044346298845
138,1,155,1460.0000072749747,4985.917996140137,0.1374339945768517,0.9581971455511656,0.44971908232963853,3.415012309106855
138,3,700,6910.000000000002,4985.917996140137,0.15612958470101326,1.7357451643037918,0.1955411893925497,0.721551084824911
138,4,560,5510.000000000002,4985.917996140137,0.1584130155558727,1.3908342356111634,0.19936998039371762,0.9048852987550154
139,1,186,1770.0000002775555,3726.2601262548806,0.1374339945768517,0.9806873386235582,0.2837426632297016,2.1052317094183968
139,4,700,6910.000000000002,3726.2601262548806,0.1584130155558727,2.4861279122214834,0.2123779638176384,0.5392561687778408
139,6,66,570.0859504455718,3726.2601262548806,0.09604681033252462,0.1522738274556582,0.09559629084468406,6.536312854829142
139,2,35,262.252839954494,3726.2601262548806,0.156272299129442,1.7215030279497143,3.8224583498259346,14.20865500217828
139,0,620,6110.000000000002,3726.2601262548806,0.13757670900528043,2.950627479728716,0.24756614734902277,0.6098625411219115
139,3,700,6910.000000000002,3726.2601262548806,0.15612958470101326,1.6974368712212962,0.14291373119526804,0.5392561687778408
139,5,245,2360.000000000555,3726.2601262548806,0.15812758669901528,1.8369490028729212,0.4586336426461614,1.578923782311019
140,3,700,6910.000000000002,4970.418966368104,0.15612958470101326,0.9783768144200264,0.1098768770213666,0.719308099329682
140,6,88,790.008464149783,4970.418966368104,0.09604681033252462,0.6710632480762129,0.40551568292035867,6.2916021687404715
140,2,175,1660.0000008844675,4970.418966368104,0.156272299129442,0.5385405215729345,0.25199115541667005,2.9942282913974734
140,5,700,6910.000000000002,4970.418966368104,0.15812758669901528,2.080587305611085,0.23665110556867985,0.719308099329682
140,4,665,6560.000000000001,4970.418966368104,0.1584130155558727,2.3454207939173504,0.2815145141879687,0.7576858180439181
140,0,434,4250.000000000002,4970.418966368104,0.13757670900528043,1.9732423087002942,0.3174895262899582,1.1695103450277886
140,1,620,6110.000000000002,4970.418966368104,0.1374339945768517,2.1179917353862523,0.2367937407311943,0.8134891925316042
141,6,110,1010.0008335248422,4172.156500659766,0.09604681033252462,0.3621969389743558,0.1437032469170375,4.13084461138432
141,4,700,6910.000000000002,4172.156500659766,0.1584130155558727,1.829825204450388,0.17501811823113486,0.6037853112387503
141,3,700,6910.000000000002,4172.156500659766,0.15612958470101326,1.2844721507209642,0.12108558391991114,0.6037853112387503
141,0,248,2390.0000000004047,4172.156500659766,0.13757670900528043,1.587763303786291,0.3813233208979594,1.7456721760079745
141,5,140,1310.0000353340838,4172.156500659766,0.15812758669901528,1.8594049068671412,0.9364204705665846,3.1848522046762833
141,1,217,2080.00000001059,4172.156500659766,0.1374339945768517,1.9089662201444788,0.5262470434342277,2.005844471460829
141,2,700,6910.000000000002,4172.156500659766,0.156272299129442,0.86852813960677,0.08194990206020189,0.6037853112387503
142,3,525,5160.000000000001,4658.772125870936,0.15612958470101326,1.365101163977191,0.19242956947243264,0.9028628150912665
142,2,700,6910.000000000002,4658.772125870936,0.156272299129442,1.3078072832513046,0.13779046771624653,0.6742072541057793
142,1,620,6110.000000000002,4658.772125870936,0.1374339945768517,2.0103514097634143,0.21066694946166112,0.762483162990333
142,4,700,6910.000000000002,4658.772125870936,0.1584130155558727,1.4956168648596857,0.15973667347124174,0.6742072541057793
142,0,62,530.1310020508638,4658.772125870936,0.13757670900528043,1.451374240210454,1.7547392600725122,8.787963933156181
142,5,245,2360.000000000555,4658.772125870936,0.15812758669901528,1.4774620853732503,0.46119379239682834,1.9740559855380682
142,6,418,4090.0000000000014,4658.772125870936,0.09604681033252462,0.210267315807124,0.02300397451442811,1.1390640894549962
143,2,105,960.0014115816389,4739.920300511189,0.156272299129442,1.6378477119732842,1.2637311413943768,4.937409719744047
143,5,665,6560.000000000001,4739.920300511189,0.15812758669901528,1.8102737479787891,0.20683264998459883,0.7225488262974373
143,6,440,4310.000000000002,4739.920300511189,0.09604681033252462,0.21908787240763536,0.023141689048636768,1.0997494896777698
143,1,620,6110.000000000002,4739.920300511189,0.1374339945768517,0.918219429821888,0.0978972465424293,0.7757643699690979
143,4,490,4810.000000000001,4739.920300511189,0.1584130155558727,2.5472939581622027,0.3976453330294713,0.985430415906692
143,3,455,4460.000000000002,4739.920300511189,0.15612958470101326,2.626466295233501,0.435806011959083,1.062762399217755
143,0,620,6110.000000000002,4739.920300511189,0.13757670900528043,0.6662627449361253,0.0711082965907124,0.7757643699690979
144,6,308,2990.000000000002,4511.625527501466,0.09604681033252462,0.2581911105908355,0.03741847548113504,1.5089048586961418
144,3,700,6910.000000000002,4511.625527501466,0.15612958470101326,3.0920416983613928,0.31519951784246997,0.6529125220696765
144,2,420,4110.000000000002,4511.625527501466,0.156272299129442,1.2445241518360892,0.21348951679715178,1.097719106448045
144,4,350,3410.000000000001,4511.625527501466,0.1584130155558727,1.5589499891116156,0.3267395532553432,1.323057339443245
144,0,31,223.43368382029254,4511.625527501466,0.13757670900528043,1.1028586532739324,3.063720700011922,20.192235344112937
144,5,700,6910.000000000002,4511.625527501466,0.15812758669901528,1.6473012246316252,0.17007311341207837,0.6529125220696765
144,1,620,6110.000000000002,4511.625527501466,0.1374339945768517,1.2841672101043422,0.13031895270312258,0.7384002500002398
145,5,595,5860.000000000002,5420.184101612676,0.15812758669901528,2.394773305180186,0.35025833047596283,0.9249460924253711
145,0,279,2700.0000000000164,5420.184101612676,0.13757670900528043,0.4545992281827771,0.12555207199522206,2.007475593189868
145,3,560,5510.000000000002,5420.184101612676,0.15612958470101326,2.1405592005178646,0.32875690791565676,0.983699473976892
145,2,700,6910.000000000002,5420.184101612676,0.156272299129442,2.192832228915469,0.2687963690478491,0.784397120349157
145,4,595,5860.000000000002,5420.184101612676,0.1584130155558727,2.1608415006111965,0.31661405902645934,0.9249460924253711
145,6,440,4310.000000000002,5420.184101612676,0.09604681033252462,0.5301497335579082,0.06403512506274335,1.2575833182395995
145,1,620,6110.000000000002,5420.184101612676,0.1374339945768517,1.1071897468514869,0.13498610086684254,0.8871005076289157
146,0,620,6110.000000000002,4854.583987581243,0.13757670900528043,0.5713541358142372,0.06245412104751637,0.7945309308643602
146,1,310,3010.0000000000014,4854.583987581243,0.1374339945768517,0.7491192686912822,0.16604685762903013,1.612818600525329
146,4,175,1660.0000008844675,4854.583987581243,0.1584130155558727,1.8825222269429518,0.8721173062985426,2.924448183731725
146,2,630,6210.000000000002,4854.583987581243,0.156272299129442,1.5462413241127548,0.1888946668332069,0.7817365519454494
146,6,440,4310.000000000002,4854.583987581243,0.09604681033252462,0.20104939921678222,0.02175006079976923,1.1263535934063202
146,5,700,6910.000000000002,4854.583987581243,0.15812758669901528,1.7581759633646281,0.19531875753031264,0.702544716003074
146,3,560,5510.000000000002,4854.583987581243,0.15612958470101326,1.9061768555172673,0.26220973816123055,0.8810497255138369
147,2,490,4810.000000000001,4901.108891108893,0.156272299129442,1.6400906163850852,0.26115546641944865,1.018941557403096
147,0,620,6110.000000000002,4901.108891108893,0.13757670900528043,1.0395874307283217,0.11472526717224399,0.8021454813598841
147,3,350,3410.000000000001,4901.108891108893,0.15612958470101326,1.7378392268219909,0.38997320981361316,1.4372753346360385
147,5,420,4110.000000000002,4901.108891108893,0.15812758669901528,1.425517085345216,0.2688020642286348,1.1924839151116522
147,1,620,6110.000000000002,4901.108891108893,0.1374339945768517,2.2946510154863184,0.2529670497310577,0.8021454813598841
147,6,440,4310.000000000002,4901.108891108893,0.09604681033252462,0.19180139573452987,0.020948445024387485,1.1371482345960304
147,4,560,5510.000000000002,4901.108891108893,0.1584130155558727,1.6989303161020455,0.23939175033316729,0.8894934466622307
148,1,155,1460.0000072749747,4279.206535014916,0.1374339945768517,1.1800117812351665,0.4753252695227256,2.9309633655426244
148,3,700,6910.000000000002,4279.206535014916,0.15612958470101326,1.669556406958624,0.16142526268094734,0.6192773567315362
148,6,374,3650.000000000001,4279.206535014916,0.09604681033252462,0.22015484854873052,0.02479028872648248,1.1723853520588807
148,5,700,6910.000000000002,4279.206535014916,0.15812758669901528,1.664052261043966,0.1629520412924429,0.6192773567315362
148,2,700,6910.000000000002,4279.206535014916,0.156272299129442,1.4757939492638168,0.14282128224613072,0.6192773567315362
148,0,124,1150.0001906837483,4279.206535014916,0.13757670900528043,0.8546561257424068,0.4375237794575472,3.7210485438882017
148,4,210,2010.0000000221403,4279.206535014916,0.1584130155558727,2.0403800302305966,0.6881278203452826,2.1289584751083486
149,2,560,5510.000000000002,4633.97857626241,0.156272299129442,1.5913795616005701,0.20915015968472805,0.8410124457826512
149,5,700,6910.000000000002,4633.97857626241,0.15812758669901528,1.6445001926235232,0.17438838103584872,0.6706191861450663
149,3,700,6910.000000000002,4633.97857626241,0.15612958470101326,1.7141000274093559,0.17947226369282618,0.6706191861450663
149,4,140,1310.0000353340838,4633.97857626241,0.1584130155558727,1.4298365528544317,0.8012351084022926,3.537388130742016
149,0,372,3630.000000000001,4633.97857626241,0.13757670900528043,0.9578981880289387,0.1682331840937607,1.2765781201824817
149,1,620,6110.000000000002,4633.97857626241,0.1374339945768517,0.804218212674483,0.08382641345914259,0.7584252988972845
149,6,66,570.0859504455718,4633.97857626241,0.09604681033252462,0.19764744233154155,0.1543077820504835,8.128561268069406
150,6,176,1670.0000007960207,4386.991585446918,0.09604681033252462,0.14842765697037918,0.03744967978950093,2.626941067877736
150,4,700,6910.000000000002,4386.991585446918,0.1584130155558727,1.3979987085762482,0.14060034474102537,0.6348757721341414
150,1,620,6110.000000000002,4386.991585446918,0.1374339945768517,1.160689623302969,0.11453437825088372,0.7180018961451582
150,3,700,6910.000000000002,4386.991585446918,0.15612958470101326,1.5546888990020735,0.1541052577150646,0.6348757721341414
150,0,310,3010.0000000000014,4386.991585446918,0.13757670900528043,1.2160738483379476,0.24384012443668163,1.4574722875238924
150,5,385,3760.0000000000014,4386.991585446918,0.15812758669901528,2.1089596797738555,0.38909430664661776,1.1667530812358822
150,2,140,1310.0000353340838,4386.991585446918,0.156272299129442,1.8048548797664352,0.9445387587145715,3.348848448182005
