round,cid,tau,a_i,a_eff,p_i,raw_update_norm,contribution_norm,amp_vs_fedavg
1,5,700,6910.000000000002,4347.874675562002,0.15812758669901528,4.187109608287057,0.4166016087546602,0.6292148589814763
1,4,700,6910.000000000002,4347.874675562002,0.1584130155558727,4.230341894818374,0.421662810968838,0.6292148589814763
1,3,385,3760.0000000000014,4347.874675562002,0.15612958470101326,3.1009841335661976,0.5598528857053029,1.1563496477558513
1,2,315,3060.0000000000014,4347.874675562002,0.156272299129442,2.8670831421260408,0.6366164840801911,1.420874076981046
1,6,66,570.0859504455718,4347.874675562002,0.09604681033252462,2.0191413985469766,1.4790619314880844,7.62670027592113
1,0,155,1460.0000072749747,4347.874675562002,0.13757670900528043,2.2427121987523977,0.9188457716494477,2.977996338285722
1,1,620,6110.000000000002,4347.874675562002,0.1374339945768517,3.739057383507011,0.3656723367962173,0.71159978323437
2,5,490,4810.000000000001,4941.041841561914,0.15812758669901528,3.232588173548692,0.5250872558277142,1.0272436261043478
2,3,700,6910.000000000002,4941.041841561914,0.15612958470101326,3.7303163991135406,0.416458142949697,0.7150567064489021
2,1,620,6110.000000000002,4941.041841561914,0.1374339945768517,3.627426656136057,0.4031532183134648,0.8086811524651248
2,0,124,1150.0001906837483,4941.041841561914,0.13757670900528043,1.8103710013668666,1.0701215750085875,4.296557410676733
2,6,220,2110.0000000077202,4941.041841561914,0.09604681033252462,0.29876344163297786,0.06719647272869711,2.3417259912530026
2,2,525,5160.000000000001,4941.041841561914,0.156272299129442,3.2916263834104877,0.4925625243390681,0.9575662483647119
2,4,700,6910.000000000002,4941.041841561914,0.1584130155558727,4.153901720888652,0.47053026468255793,0.7150567064489021
3,6,110,1010.0008335248422,3849.9917669852266,0.09604681033252462,0.41264406227648465,0.15107639585484728,3.8118698907890867
3,0,279,2700.0000000000164,3849.9917669852266,0.13757670900528043,2.3944339109544015,0.4697251432899957,1.4259228766611864
3,4,700,6910.000000000002,3849.9917669852266,0.1584130155558727,4.254498262767125,0.37550953172484075,0.5571623396505392
3,3,175,1660.0000008844675,3849.9917669852266,0.15612958470101326,2.09738982694636,0.7594795322053164,2.319272147550546
3,1,620,6110.000000000002,3849.9917669852266,0.1374339945768517,3.30566317901318,0.2862670486107943,0.6301132188191858
3,5,700,6910.000000000002,3849.9917669852266,0.15812758669901528,4.229188418749197,0.3726030714640074,0.5571623396505392
3,2,70,610.0563920873398,3849.9917669852266,0.156272299129442,1.5840962053703571,1.5622602190377477,6.310878497334122
4,6,198,1890.0000000783903,5487.4225774301085,0.09604681033252462,0.5216352184026847,0.14546431078797037,2.903398188996037
4,1,372,3630.000000000001,5487.4225774301085,0.1374339945768517,3.7251880637361503,0.7739344042786217,1.5116866604490653
4,0,465,4560.000000000002,5487.4225774301085,0.13757670900528043,3.0494032192698524,0.5048511315275419,1.2033821441732688
4,5,700,6910.000000000002,5487.4225774301085,0.15812758669901528,4.230859721092523,0.5312838658602662,0.7941277246642702
4,4,595,5860.000000000002,5487.4225774301085,0.1584130155558727,3.901767878925979,0.5787927469236784,0.9364202350563322
4,2,700,6910.000000000002,5487.4225774301085,0.156272299129442,3.4668345571629233,0.4302347417354994,0.7941277246642702
4,3,700,6910.000000000002,5487.4225774301085,0.15612958470101326,3.4376900015908376,0.42622829218445846,0.7941277246642702
5,0,124,1150.0001906837483,4111.1976208792685,0.13757670900528043,1.6868170397305016,0.8296278773268779,3.5749538601684057
5,3,350,3410.000000000001,4111.1976208792685,0.15612958470101326,2.2080645545851065,0.4156338834794277,1.20562980084436
5,6,440,4310.000000000002,4111.1976208792685,0.09604681033252462,0.5232094412118994,0.04793465456930176,0.953874157976628
5,1,496,4870.000000000001,4111.1976208792685,0.1374339945768517,3.2583015601063057,0.37802875686946225,0.8441884231784944
5,5,700,6910.000000000002,4111.1976208792685,0.15812758669901528,4.085188646347573,0.3843351143548928,0.5949634762488086
5,4,700,6910.000000000002,4111.1976208792685,0.1584130155558727,4.045230264809911,0.3812627842502918,0.5949634762488086
5,2,105,960.0014115816389,4111.1976208792685,0.156272299129442,1.133228584638232,0.7583959481918484,4.282491224784674
6,4,350,3410.000000000001,4372.341949288668,0.1584130155558727,2.8822172575572655,0.5854331574843807,1.2822117153339199
6,2,700,6910.000000000002,4372.341949288668,0.156272299129442,3.5717927287764293,0.35318668522921765,0.6327557090142788
6,5,700,6910.000000000002,4372.341949288668,0.15812758669901528,4.109525928173888,0.4111832738080216,0.6327557090142788
6,1,217,2080.00000001059,4372.341949288668,0.1374339945768517,1.9586653550100954,0.5658550496565836,2.1020874756088492
6,3,140,1310.0000353340838,4372.341949288668,0.15612958470101326,1.2775084619027461,0.6657203030937672,3.337665520118561
6,6,440,4310.000000000002,4372.341949288668,0.09604681033252462,0.5762643374374238,0.05614893716278254,1.014464489394122
6,0,558,5490.000000000002,4372.341949288668,0.13757670900528043,3.3354777695635374,0.36546411681896773,0.7964192985953855
7,5,350,3410.000000000001,4872.085057799345,0.15812758669901528,2.6343754623456803,0.5951765314708003,1.4287639465687225
7,4,490,4810.000000000001,4872.085057799345,0.1584130155558727,3.174069603357197,0.5093040065516359,1.0129074964239801
7,2,700,6910.000000000002,4872.085057799345,0.156272299129442,3.7845364326924953,0.4169956326046928,0.7050774323877488
7,6,440,4310.000000000002,4872.085057799345,0.09604681033252462,0.5199493708453937,0.05645229408383767,1.130414166542771
7,0,341,3320.0000000000014,4872.085057799345,0.13757670900528043,2.3555388944812345,0.47556728814369736,1.4674954993371516
7,1,403,3940.000000000001,4872.085057799345,0.1374339945768517,2.65907256326206,0.4519006837274246,1.236569811624199
7,3,700,6910.000000000002,4872.085057799345,0.15612958470101326,3.6124198874377296,0.3976676321395022,0.7050774323877488
8,4,700,6910.000000000002,4773.320964749649,0.1584130155558727,3.894120577572911,0.42613072280898506,0.6907845100940155
8,0,248,2390.0000000004047,4773.320964749649,0.13757670900528043,2.67211325392338,0.7342137517826361,1.9972054245811048
8,2,315,3060.0000000000014,4773.320964749649,0.156272299129442,2.1862082823487934,0.5329331658561824,1.5599088120096885
8,5,700,6910.000000000002,4773.320964749649,0.15812758669901528,3.880879561631417,0.4239165758927792,0.6907845100940155
8,1,248,2390.0000000004047,4773.320964749649,0.1374339945768517,1.8908140185958215,0.518998042852215,1.9972054245811048
8,3,700,6910.000000000002,4773.320964749649,0.15612958470101326,3.5629882931674097,0.3842750523886969,0.6907845100940155
8,6,396,3870.0000000000014,4773.320964749649,0.09604681033252462,0.44231059388698707,0.052398633477352546,1.233416269961149
9,1,434,4250.000000000002,4592.035107752852,0.1374339945768517,2.5656260436206177,0.38098141877084585,1.0804788488830235
9,0,620,6110.000000000002,4592.035107752852,0.13757670900528043,3.4907975457777627,0.36093879813044777,0.7515605741003029
9,4,700,6910.000000000002,4592.035107752852,0.1584130155558727,3.8659561061738,0.4069817476855494,0.664549219645854
9,6,440,4310.000000000002,4592.035107752852,0.09604681033252462,0.4872251823599506,0.04985866010322835,1.0654373799890604
9,3,210,2010.0000000221403,4592.035107752852,0.15612958470101326,1.745580734365226,0.6226360852362995,2.284594580946403
9,5,315,3060.0000000000014,4592.035107752852,0.15812758669901528,2.4562653236188012,0.5828632764441396,1.5006650678930882
9,2,560,5510.000000000002,4592.035107752852,0.156272299129442,3.3278668234248996,0.43341260785796887,0.8334002010440745
10,4,630,6210.000000000002,4575.984016122109,0.1584130155558727,3.767860944004106,0.43982369860997605,0.7368734325478434
10,5,490,4810.000000000001,4575.984016122109,0.15812758669901528,3.072916435134002,0.4622722413012515,0.9513480282998146
10,0,620,6110.000000000002,4575.984016122109,0.13757670900528043,3.821216537797886,0.3937221551031811,0.748933554193471
10,2,315,3060.0000000000014,4575.984016122109,0.156272299129442,2.218812726132015,0.5185202504617473,1.4954196131117996
10,6,440,4310.000000000002,4575.984016122109,0.09604681033252462,0.4743325629451346,0.048369668990022666,1.0617132287986328
10,3,175,1660.0000008844675,4575.984016122109,0.15612958470101326,1.4963969076627066,0.6440334390552819,2.7566168757132354
10,1,620,6110.000000000002,4575.984016122109,0.1374339945768517,3.724526794213718,0.3833615577795291,0.748933554193471
11,6,88,790.008464149783,4898.891152173973,0.09604681033252462,0.4716867337119463,0.28093293356178284,6.201061601847799
11,4,700,6910.000000000002,4898.891152173973,0.1584130155558727,3.96687757379072,0.4455119948746888,0.7089567513999959
11,5,630,6210.000000000002,4898.891152173973,0.15812758669901528,3.800807493225827,0.47412156183466947,0.7888713610586106
11,2,665,6560.000000000001,4898.891152173973,0.156272299129442,3.9801021279163677,0.46448336884418134,0.7467821878313982
11,1,620,6110.000000000002,4898.891152173973,0.1374339945768517,3.6811915571997647,0.40563849873085955,0.8017825126307645
11,3,35,262.252839954494,4898.891152173973,0.15612958470101326,0.8384482778250122,2.4453389848611486,18.68003089317937
11,0,620,6110.000000000002,4898.891152173973,0.13757670900528043,3.6620094904391367,0.4039438139550742,0.8017825126307645
12,2,700,6910.000000000002,3912.367195460798,0.156272299129442,4.122016617241938,0.36471472787546544,0.5661891744516349
12,5,630,6210.000000000002,3912.367195460798,0.15812758669901528,4.19735404332309,0.4181491849684672,0.6300108205250881
12,1,186,1770.0000002775555,3912.367195460798,0.1374339945768517,2.2193283585670063,0.6741896399371197,2.2103769462414102
12,4,35,262.252839954494,3912.367195460798,0.1584130155558727,1.8891420948546607,4.464521260573426,14.91830249060285
12,6,440,4310.000000000002,3912.367195460798,0.09604681033252462,0.6547458742587696,0.057084480859357994,0.9077418086916
12,0,62,530.1310020508638,3912.367195460798,0.13757670900528043,1.7516819571319713,1.7785110969624682,7.380000755144335
12,3,700,6910.000000000002,3912.367195460798,0.15612958470101326,4.134638165775908,0.36549738582733693,0.5661891744516349
13,1,589,5800.000000000002,5581.321536383627,0.1374339945768517,3.4787240842580482,0.4600692454721001,0.9622968166178665
13,0,589,5800.000000000002,5581.321536383627,0.13757670900528043,3.728601720390211,0.4936281988857676,0.9622968166178665
13,2,700,6910.000000000002,5581.321536383627,0.156272299129442,4.3868986133450125,0.5537306898375639,0.8077165754534914
13,5,700,6910.000000000002,5581.321536383627,0.15812758669901528,4.0689421724308135,0.5196945422085615,0.8077165754534914
13,6,154,1450.0000080833054,5581.321536383627,0.09604681033252462,0.3431472440184397,0.12686227637012917,3.8491872450134283
13,3,700,6910.000000000002,5581.321536383627,0.15612958470101326,4.361943418400252,0.5500779386690409,0.8077165754534914
13,4,385,3760.0000000000014,5581.321536383627,0.1584130155558727,2.601351573943361,0.6117008870811798,1.4843940256339427
14,4,700,6910.000000000002,5220.034251501009,0.1584130155558727,4.1729691300858684,0.4993802225549952,0.7554318743127363
14,2,700,6910.000000000002,5220.034251501009,0.156272299129442,4.47697728108683,0.5285209384735441,0.7554318743127363
14,6,418,4090.0000000000014,5220.034251501009,0.09604681033252462,0.3204771006513549,0.03928529279366379,1.2762919930320311
14,0,186,1770.0000002775555,5220.034251501009,0.13757670900528043,1.6758168954744301,0.6799415286027852,2.949171893040932
14,3,560,5510.000000000002,5220.034251501009,0.15612958470101326,3.7064826634043326,0.5482377436509156,0.9473746372960086
14,5,700,6910.000000000002,5220.034251501009,0.15812758669901528,4.083950684268401,0.4878467738232577,0.7554318743127363
14,1,341,3320.0000000000014,5220.034251501009,0.1374339945768517,2.465975357736584,0.5328661968412373,1.5722994733436768
15,1,558,5490.000000000002,5623.683459397746,0.1374339945768517,3.6139998998467617,0.5087809347833823,1.02435035690305
15,6,308,2990.000000000002,5623.683459397746,0.09604681033252462,0.3226283084510062,0.05828208729783375,1.8808305884273389
15,0,620,6110.000000000002,5623.683459397746,0.13757670900528043,4.1061712084449,0.5199500534666855,0.9204064581665703
15,2,700,6910.000000000002,5623.683459397746,0.156272299129442,4.610471100380053,0.5863678170831916,0.8138470997681252
15,4,700,6910.000000000002,5623.683459397746,0.1584130155558727,4.209487313456574,0.5427038299043467,0.8138470997681252
15,5,525,5160.000000000001,5623.683459397746,0.15812758669901528,3.656057989936856,0.630074472366626,1.0898611355421988
15,3,490,4810.000000000001,5623.683459397746,0.15612958470101326,3.457561130068692,0.6311474950562987,1.1691649603737517
16,2,700,6910.000000000002,3823.2773140412855,0.156272299129442,4.4761991612367815,0.3870340332271512,0.5532962827845563
16,4,70,610.0563920873398,3823.2773140412855,0.1584130155558727,1.1197600196452442,1.1116847201338518,6.267088360405081
16,5,560,5510.000000000002,3823.2773140412855,0.15812758669901528,3.728742584240997,0.4091233309316799,0.6938797303160226
16,1,279,2700.0000000000164,3823.2773140412855,0.1374339945768517,2.333155765455122,0.4540565441112404,1.4160286348300972
16,6,440,4310.000000000002,3823.2773140412855,0.09604681033252462,0.374180130874331,0.031880285278555895,0.8870713025617828
16,3,105,960.0014115816389,3823.2773140412855,0.15612958470101326,1.6810959815865079,1.0453016665231045,3.982574679491659
16,0,620,6110.000000000002,3823.2773140412855,0.13757670900528043,3.863896388795809,0.33263272851613784,0.6257409679281971
17,0,93,840.0049979958054,4012.893509075522,0.13757670900528043,1.3045396221563452,0.857389095010729,4.777225753001485
17,3,210,2010.0000000221403,4012.893509075522,0.15612958470101326,1.979393453462031,0.6169911172332471,1.9964644323538905
17,2,455,4460.000000000002,4012.893509075522,0.156272299129442,3.372532892906384,0.47419936929889617,0.8997519078644665
17,1,620,6110.000000000002,4012.893509075522,0.1374339945768517,3.681367933572945,0.33229194929930833,0.6567747150696434
17,6,440,4310.000000000002,4012.893509075522,0.09604681033252462,0.42960720226446847,0.038418009986404315,0.9310657793678702
17,4,350,3410.000000000001,4012.893509075522,0.1584130155558727,2.6438642842204843,0.4928710110910341,1.176801615564669
17,5,700,6910.000000000002,4012.893509075522,0.15812758669901528,4.4761395870873555,0.4110464027634682,0.5807371214291637
18,3,700,6910.000000000002,3655.042977976367,0.15612958470101326,4.527554786289654,0.37390679648984937,0.5289497797360877
18,5,35,262.252839954494,3655.042977976367,0.15812758669901528,1.1146226581488592,2.456449261881893,13.93709589040328
18,4,700,6910.000000000002,3655.042977976367,0.1584130155558727,4.693827255109479,0.39330765961287834,0.5289497797360877
18,2,245,2360.000000000555,3655.042977976367,0.156272299129442,2.2887837570643326,0.5539457687773374,1.5487470245658932
18,0,279,2700.0000000000164,3655.042977976367,0.13757670900528043,2.16286133283505,0.40281192280451594,1.3537196214727203
18,6,440,4310.000000000002,3655.042977976367,0.09604681033252462,0.4332501267083383,0.03528879777275742,0.84803781391563
18,1,217,2080.00000001059,3655.042977976367,0.1374339945768517,1.8809792302989685,0.4542629561424326,1.7572322009412298
19,0,620,6110.000000000002,4683.208221127455,0.13757670900528043,4.06842737135685,0.42901624870674826,0.7664825239161135
19,1,620,6110.000000000002,4683.208221127455,0.1374339945768517,4.154829325017947,0.43767285813952644,0.7664825239161135
19,5,700,6910.000000000002,4683.208221127455,0.15812758669901528,4.788108020040045,0.5131413383422946,0.6777435920589657
19,2,315,3060.0000000000014,4683.208221127455,0.156272299129442,3.2528862511395253,0.777988038055938,1.5304602029828276
19,4,420,4110.000000000002,4683.208221127455,0.1584130155558727,3.2172125557822815,0.5807273255869256,1.1394667204689666
19,3,420,4110.000000000002,4683.208221127455,0.15612958470101326,3.6913908979593386,0.6567149259355777,1.1394667204689666
19,6,154,1450.0000080833054,4683.208221127455,0.09604681033252462,0.5914631129910262,0.18347887740114252,3.22979875518621
20,0,279,2700.0000000000164,4723.923220637338,0.13757670900528043,2.411153537292268,0.5803752032484241,1.749601192828633
20,6,440,4310.000000000002,4723.923220637338,0.09604681033252462,0.39662217994838306,0.041752790278374974,1.0960378702174793
20,4,700,6910.000000000002,4723.923220637338,0.1584130155558727,4.6546494478936475,0.5040836636595374,0.6836357772268216
20,3,700,6910.000000000002,4723.923220637338,0.15612958470101326,4.77144559381542,0.5092839193982741,0.6836357772268216
20,5,350,3410.000000000001,4723.923220637338,0.15812758669901528,2.9752199604916982,0.6517411959184695,1.3853147274596296
20,2,665,6560.000000000001,4723.923220637338,0.156272299129442,4.615869885384059,0.5194389964093391,0.7201102470483746
20,1,155,1460.0000072749747,4723.923220637338,0.1374339945768517,1.7653123022961186,0.7849928295527899,3.235563833629242
21,1,217,2080.00000001059,4202.223491797245,0.1374339945768517,2.110409536876215,0.5859718076842969,2.020299755661466
21,3,700,6910.000000000002,4202.223491797245,0.15612958470101326,4.872046648158948,0.4625915988613402,0.6081365400574882
21,5,700,6910.000000000002,4202.223491797245,0.15812758669901528,4.613038291277028,0.4436043552641345,0.6081365400574882
21,2,280,2710.0000000000146,4202.223491797245,0.156272299129442,2.7603410676691267,0.6688898469756577,1.5506359748329233
21,6,440,4310.000000000002,4202.223491797245,0.09604681033252462,0.3669583084881322,0.03436382890717015,0.9749938496049287
21,0,155,1460.0000072749747,4202.223491797245,0.13757670900528043,1.555864887298107,0.6160884748128789,2.8782352540124356
21,4,455,4460.000000000002,4202.223491797245,0.1584130155558727,3.468891815720272,0.5177569110313275,0.9422025766361531
22,2,700,6910.000000000002,3984.5369019795035,0.156272299129442,4.671074480770571,0.4209190677293549,0.576633415626556
22,1,341,3320.0000000000014,3984.5369019795035,0.1374339945768517,2.876308594221213,0.47442702301805184,1.2001617174637054
22,0,31,223.43368382029254,3984.5369019795035,0.13757670900528043,0.8409104939313897,2.0631171820895533,17.83319700884609
22,4,700,6910.000000000002,3984.5369019795035,0.1584130155558727,4.700283833265572,0.4293532468276197,0.576633415626556
22,5,420,4110.000000000002,3984.5369019795035,0.15812758669901528,3.3581935891508183,0.5148128784041252,0.9694736987784676
22,6,440,4310.000000000002,3984.5369019795035,0.09604681033252462,0.3691076385298994,0.03277453681192041,0.9244865201808589
22,3,175,1660.0000008844675,3984.5369019795035,0.15612958470101326,2.1002434559482963,0.787090389688236,2.400323433648491
23,6,352,3430.000000000001,4116.910248309375,0.09604681033252462,0.5926313272742892,0.06831952386304775,1.2002653785158524
23,4,700,6910.000000000002,4116.910248309375,0.1584130155558727,4.68786477647356,0.44244499722847563,0.5957901951243667
23,5,700,6910.000000000002,4116.910248309375,0.15812758669901528,4.888655761487806,0.46056449156503626,0.5957901951243667
23,2,140,1310.0000353340838,4116.910248309375,0.156272299129442,2.0970915797609955,1.0299105097655148,3.1426794940959346
23,0,31,223.43368382029254,4116.910248309375,0.13757670900528043,0.45627462971790944,1.1566287705856424,18.425647278951015
23,1,217,2080.00000001059,4116.910248309375,0.1374339945768517,2.0186910243598883,0.549126099515965,1.9792837732155837
23,3,700,6910.000000000002,4116.910248309375,0.15612958470101326,4.806858945728055,0.44713630591642983,0.5957901951243667
24,4,700,6910.000000000002,5143.011274579707,0.1584130155558727,4.58988560590286,0.5411680545299307,0.7442852785209415
24,1,620,6110.000000000002,5143.011274579707,0.1374339945768517,4.303691720113369,0.49786499314154675,0.8417367061505246
24,5,175,1660.0000008844675,5143.011274579707,0.15812758669901528,2.393755881229998,1.1727269060501653,3.0981995613490665
24,0,620,6110.000000000002,5143.011274579707,0.13757670900528043,4.1753874560709345,0.4835239212708796,0.8417367061505246
24,2,665,6560.000000000001,5143.011274579707,0.156272299129442,4.472551876589588,0.5479627357953446,0.7839956211249552
24,6,352,3430.000000000001,5143.011274579707,0.09604681033252462,0.5255434742024049,0.07568589498046732,1.499420196670468
24,3,490,4810.000000000001,5143.011274579707,0.15612958470101326,3.789439841600967,0.632605001819881,1.069233113218234
25,4,630,6210.000000000002,5003.90535365634,0.1584130155558727,4.302826768058856,0.5492400645042906,0.8057818604921639
25,3,385,3760.0000000000014,5003.90535365634,0.15612958470101326,3.4292048602662293,0.712524622627492,1.330825891929877
25,0,620,6110.000000000002,5003.90535365634,0.13757670900528043,3.6112451098479674,0.4068832010623538,0.8189697796491552
25,6,440,4310.000000000002,5003.90535365634,0.09604681033252462,0.3882299526085136,0.04329161645384576,1.1609989219620274
25,2,630,6210.000000000002,5003.90535365634,0.156272299129442,4.39467959315719,0.5533841363252542,0.8057818604921639
25,1,93,840.0049979958054,5003.90535365634,0.1374339945768517,1.3546587004208204,1.1090503846903448,5.956994738835265
25,5,700,6910.000000000002,5003.90535365634,0.15812758669901528,4.590360227471029,0.5256364217576589,0.7241541756376756
26,0,434,4250.000000000002,4383.055737511126,0.13757670900528043,3.257056459119327,0.46212372637517674,1.0313072323555585
26,1,155,1460.0000072749747,4383.055737511126,0.1374339945768517,1.6363189574498322,0.6751282283493554,3.002092955939024
26,5,700,6910.000000000002,4383.055737511126,0.15812758669901528,4.491558304490407,0.45050916500748694,0.6343061848785998
26,6,198,1890.0000000783903,4383.055737511126,0.09604681033252462,0.49133511219024356,0.10943996289273579,2.3190771096980596
26,2,105,960.0014115816389,4383.055737511126,0.156272299129442,1.7229175838029402,1.229282295570996,4.565676346548152
26,4,700,6910.000000000002,4383.055737511126,0.1584130155558727,4.338660906692013,0.4359588677605778,0.6343061848785998
26,3,700,6910.000000000002,4383.055737511126,0.15612958470101326,4.523073957608144,0.44793793090562917,0.6343061848785998
27,2,700,6910.000000000002,4434.2594779496585,0.156272299129442,4.486404275511021,0.44990773843182824,0.6417162775614554
27,1,62,530.1310020508638,4434.2594779496585,0.1374339945768517,1.0941693564626005,1.2578145603389481,8.36445984255833
27,3,700,6910.000000000002,4434.2594779496585,0.15612958470101326,4.329562380489633,0.4337827338062003,0.6417162775614554
27,0,155,1460.0000072749747,4434.2594779496585,0.13757670900528043,1.8711259527053834,0.7818369363238266,3.0371640108591555
27,5,700,6910.000000000002,4434.2594779496585,0.15812758669901528,4.632238673205234,0.4700473694341644,0.6417162775614554
27,6,220,2110.0000000077202,4434.2594779496585,0.09604681033252462,0.4108369360610257,0.08292606849711182,2.1015447762717696
27,4,455,4460.000000000002,4434.2594779496585,0.1584130155558727,3.712062892472102,0.5846452577113949,0.9942285824999231
28,2,280,2710.0000000000146,4591.100328244644,0.156272299129442,2.9257933279261037,0.7745922356767171,1.6941329624518888
28,0,620,6110.000000000002,4591.100328244644,0.13757670900528043,3.608038613359769,0.3729852574519057,0.7514075823640985
28,4,350,3410.000000000001,4591.100328244644,0.1584130155558727,3.328117737280311,0.7098260727136935,1.3463637326230622
28,5,700,6910.000000000002,4591.100328244644,0.15812758669901528,4.67876419064013,0.4915611326664097,0.6644139404116703
28,6,352,3430.000000000001,4591.100328244644,0.09604681033252462,0.4943016945726565,0.0635473887376083,1.338513215231674
28,3,700,6910.000000000002,4591.100328244644,0.15612958470101326,4.437681577449966,0.46034144547786426,0.6644139404116703
28,1,217,2080.00000001059,4591.100328244644,0.1374339945768517,1.9530409161711628,0.5924598986169228,2.207259773183302
29,0,620,6110.000000000002,5539.069501926646,0.13757670900528043,3.2721204609175105,0.4081030159047685,0.906558019955261
29,3,525,5160.000000000001,5539.069501926646,0.15612958470101326,3.981821948441748,0.667350751056449,1.0734630817687296
29,6,418,4090.0000000000014,5539.069501926646,0.09604681033252462,0.3817596662714573,0.0496576880121338,1.3542957217424558
29,4,700,6910.000000000002,5539.069501926646,0.1584130155558727,4.399383388271599,0.5586521043999682,0.8016019539691237
29,1,620,6110.000000000002,5539.069501926646,0.1374339945768517,4.208384873137694,0.5243306251837775,0.906558019955261
29,5,420,4110.000000000002,5539.069501926646,0.15812758669901528,3.5674051337233905,0.7602476187269088,1.3477054749213244
29,2,595,5860.000000000002,5539.069501926646,0.156272299129442,4.272626904267963,0.6311261441996182,0.9452337034004512
30,3,700,6910.000000000002,5164.84658198944,0.15612958470101326,4.553612285019828,0.5313988776886297,0.7474452361779217
30,6,440,4310.000000000002,5164.84658198944,0.09604681033252462,0.41946678419064237,0.04827926822172854,1.198340274243489
30,1,527,5180.000000000002,5164.84658198944,0.1374339945768517,4.635586866313768,0.6352235042305172,0.9970746297276908
30,5,455,4460.000000000002,5164.84658198944,0.15812758669901528,3.653289160837871,0.6689817313753759,1.158037350221847
30,2,350,3410.000000000001,5164.84658198944,0.156272299129442,3.170282672693999,0.7503830844678706,1.5146177659793074
30,4,700,6910.000000000002,5164.84658198944,0.1584130155558727,3.8060889980328563,0.45066017267792663,0.7474452361779217
30,0,465,4560.000000000002,5164.84658198944,0.13757670900528043,3.437583608194614,0.5356619144927673,1.1326417942959293
31,6,220,2110.0000000077202,5636.189524761697,0.09604681033252462,0.3066739608819327,0.07867975198843236,2.671179869545533
31,0,341,3320.0000000000014,5636.189524761697,0.13757670900528043,3.0454327074231595,0.711281361954871,1.697647447217378
31,5,700,6910.000000000002,5636.189524761697,0.15812758669901528,3.8127186941161475,0.4917563173320725,0.815656950037872
31,2,700,6910.000000000002,5636.189524761697,0.156272299129442,3.9896824460840006,0.5085432247857573,0.815656950037872
31,1,589,5800.000000000002,5636.189524761697,0.1374339945768517,3.658597092389761,0.48861449838277693,0.9717568146140854
31,3,700,6910.000000000002,5636.189524761697,0.15612958470101326,3.895898606230944,0.4961356003493293,0.815656950037872
31,4,595,5860.000000000002,5636.189524761697,0.1584130155558727,3.8319490829780403,0.5838463419028589,0.961807086136808
32,1,620,6110.000000000002,4492.043670618558,0.1374339945768517,3.6900972876637548,0.3728505133611083,0.7351953634400257
32,5,315,3060.0000000000014,4492.043670618558,0.15812758669901528,2.982383443734979,0.6922989387988442,1.467988127653123
32,0,310,3010.0000000000014,4492.043670618558,0.13757670900528043,2.5171316993086363,0.5168069310539937,1.4923733124978593
32,2,700,6910.000000000002,4492.043670618558,0.156272299129442,3.724884687257479,0.3784083897925713,0.6500786788159996
32,3,210,2010.0000000221403,4492.043670618558,0.15612958470101326,2.4502550393580753,0.8549572665476883,2.2348475972980486
32,4,700,6910.000000000002,4492.043670618558,0.1584130155558727,4.2984376485837466,0.44265708020498706,0.6500786788159996
32,6,286,2770.000000000008,4492.043670618558,0.09604681033252462,0.3540405960715212,0.055144246985710944,1.6216764153857564
33,4,700,6910.000000000002,5311.885257599704,0.1584130155558727,4.185920208317591,0.5097443781543346,0.7687243498697109
33,2,595,5860.000000000002,5311.885257599704,0.156272299129442,4.207371559271204,0.595996813523775,0.9064650610238401
33,0,620,6110.000000000002,5311.885257599704,0.13757670900528043,3.42542433629416,0.4097007606795067,0.8693756559082984
33,1,620,6110.000000000002,5311.885257599704,0.1374339945768517,2.31508414853831,0.27661034986642163,0.8693756559082984
33,3,665,6560.000000000001,5311.885257599704,0.15612958470101326,4.360871145386468,0.5513194379516938,0.8097386063414183
33,6,242,2330.000000000761,5311.885257599704,0.09604681033252462,0.3858067537734267,0.08447837219487964,2.27977908051415
33,5,245,2360.000000000555,5311.885257599704,0.15812758669901528,2.669793021001752,0.95021508041118,2.2507988379654473
34,1,279,2700.0000000000164,4542.491794060479,0.1374339945768517,2.9239667212439824,0.6760782777209267,1.6824043681705376
34,6,330,3210.000000000001,4542.491794060479,0.09604681033252462,0.3123110873134193,0.042448218494242976,1.4151064779004603
34,4,175,1660.0000008844675,4542.491794060479,0.1584130155558727,2.2864602825943625,0.9911527407886238,2.7364408383374617
34,0,620,6110.000000000002,4542.491794060479,0.13757670900528043,2.7555994238500614,0.2818473415949644,0.7434520121211912
34,2,700,6910.000000000002,4542.491794060479,0.156272299129442,4.165320637250281,0.42790419466211854,0.6573794202692442
34,3,385,3760.0000000000014,4542.491794060479,0.15612958470101326,3.435133396719585,0.6479404866074419,1.2081095196969356
34,5,700,6910.000000000002,4542.491794060479,0.15812758669901528,3.3895827130342244,0.35234651720918975,0.6573794202692442
35,6,110,1010.0008335248422,4689.660419855835,0.09604681033252462,0.43542591458814134,0.19418553847337058,4.643224306547553
35,3,175,1660.0000008844675,4689.660419855835,0.15612958470101326,2.3364110376370095,1.0305469016267332,2.825096636962126
35,0,620,6110.000000000002,4689.660419855835,0.13757670900528043,3.8173976352294186,0.40309972578981323,0.7675385302546373
35,5,700,6910.000000000002,4689.660419855835,0.15812758669901528,3.937261503024071,0.42253749418157444,0.6786773400659672
35,2,700,6910.000000000002,4689.660419855835,0.156272299129442,3.6638092689176096,0.3885779992016774,0.6786773400659672
35,1,496,4870.000000000001,4689.660419855835,0.1374339945768517,2.9640741581758236,0.3922795513214687,0.9629692853913417
35,4,420,4110.000000000002,4689.660419855835,0.1584130155558727,3.414768319569076,0.6172366129768524,1.141036598505069
36,6,88,790.008464149783,4764.467775564238,0.09604681033252462,0.2750863336276549,0.15934359506746337,6.030907251977126
36,2,700,6910.000000000002,4764.467775564238,0.156272299129442,3.969925050664661,0.4277604775408633,0.6895032960295566
36,1,155,1460.0000072749747,4764.467775564238,0.1374339945768517,2.1752110867570456,0.9755670281226895,3.263334076591483
36,5,420,4110.000000000002,4764.467775564238,0.15812758669901528,3.409817547157737,0.625045102029603,1.1592379015971377
36,3,700,6910.000000000002,4764.467775564238,0.15612958470101326,2.7897782346885895,0.30032482504383823,0.6895032960295566
36,0,434,4250.000000000002,4764.467775564238,0.13757670900528043,3.0864538834054853,0.47602545037461735,1.121051241309232
36,4,700,6910.000000000002,4764.467775564238,0.1584130155558727,3.508989493656602,0.3832739263574049,0.6895032960295566
37,5,700,6910.000000000002,4450.793184760722,0.15812758669901528,3.575773810474894,0.3641975744773223,0.6441089992417831
37,2,175,1660.0000008844675,4450.793184760722,0.156272299129442,2.1712129596097,0.9097325843493858,2.6812007122827035
37,3,700,6910.000000000002,4450.793184760722,0.15612958470101326,4.09548098963832,0.4118598773861505,0.6441089992417831
37,4,700,6910.000000000002,4450.793184760722,0.1584130155558727,2.8330731921439414,0.28907332835925775,0.6441089992417831
37,6,66,570.0859504455718,4450.793184760722,0.09604681033252462,0.26303961806689413,0.19724281327699641,7.807231841588167
37,0,372,3630.000000000001,4450.793184760722,0.13757670900528043,2.815075174881171,0.4748601251736852,1.2261138250029535
37,1,279,2700.0000000000164,4450.793184760722,0.1374339945768517,2.3985251717239233,0.5433905738038542,1.648441920281739
38,1,620,6110.000000000002,4169.980907360119,0.1374339945768517,3.9157742673905003,0.3672862533082085,0.6824846002226053
38,4,455,4460.000000000002,4169.980907360119,0.1584130155558727,3.392637275639351,0.5024900870483109,0.9349732976143761
38,2,700,6910.000000000002,4169.980907360119,0.156272299129442,3.5651888136681658,0.3362176869259019,0.603470464162101
38,0,31,223.43368382029254,4169.980907360119,0.13757670900528043,1.2743363907015999,3.2720084928405133,18.663170369218054
38,6,418,4090.0000000000014,4169.980907360119,0.09604681033252462,0.24664428501897592,0.024152648563528303,1.0195552340733784
38,3,700,6910.000000000002,4169.980907360119,0.15612958470101326,3.330195400451705,0.3137696550710469,0.603470464162101
38,5,35,262.252839954494,4169.980907360119,0.15812758669901528,1.5232747963175344,3.830008748208294,15.900612966035725
39,2,350,3410.000000000001,5450.015698587128,0.156272299129442,3.8208733547897533,0.9543068010196578,1.5982450728994506
39,1,527,5180.000000000002,5450.015698587128,0.1374339945768517,2.512337681522017,0.3632789012334174,1.0521265827388275
39,0,620,6110.000000000002,5450.015698587128,0.13757670900528043,3.29885668444766,0.40482274732034834,0.8919829293923284
39,6,396,3870.0000000000014,5450.015698587128,0.09604681033252462,0.8117940836898115,0.10980335672401562,1.4082727903325907
39,5,700,6910.000000000002,5450.015698587128,0.15812758669901528,4.043777809096843,0.5043298032466411,0.7887142834424207
39,4,700,6910.000000000002,5450.015698587128,0.1584130155558727,4.01346811966347,0.5014531742047245,0.7887142834424207
39,3,525,5160.000000000001,5450.015698587128,0.15612958470101326,4.408708590465525,0.7270171397045684,1.0562045927494432
40,0,620,6110.000000000002,4952.30581700445,0.13757670900528043,2.2004415770803956,0.24536974075155968,0.8105246836341159
40,3,595,5860.000000000002,4952.30581700445,0.15612958470101326,4.2658893518248915,0.5628655007840351,0.8451033817413734
40,6,374,3650.000000000001,4952.30581700445,0.09604681033252462,0.687075418953175,0.08953687841566395,1.356796114247794
40,5,700,6910.000000000002,4952.30581700445,0.15812758669901528,2.863671479198321,0.32453403186148827,0.71668680419746
40,2,35,262.252839954494,4952.30581700445,0.156272299129442,1.8251843773057421,5.3861196911536116,18.88370710442553
40,4,560,5510.000000000002,4952.30581700445,0.1584130155558727,3.244172700471758,0.46190289417255764,0.8987850847557982
40,1,620,6110.000000000002,4952.30581700445,0.1374339945768517,2.7497100302727384,0.3063002228963306,0.8105246836341159
41,0,620,6110.000000000002,3217.69411173315,0.13757670900528043,3.2012664195063074,0.23193713109994202,0.5266275141952781
41,4,70,610.0563920873398,3217.69411173315,0.1584130155558727,2.387677520686273,1.9949926765977983,5.274420780550535
41,6,440,4310.000000000002,3217.69411173315,0.09604681033252462,0.6850151163726469,0.049119121137646306,0.7465647591028187
41,1,155,1460.0000072749747,3217.69411173315,0.1374339945768517,2.275768061487586,0.6893091852188434,2.2039000655478307
41,3,245,2360.000000000555,3217.69411173315,0.15612958470101326,2.7880096069680476,0.5934883840614051,1.3634297083611837
41,5,700,6910.000000000002,3217.69411173315,0.15812758669901528,4.252758892009115,0.3131447338674532,0.4656576138542907
41,2,140,1310.0000353340838,3217.69411173315,0.156272299129442,1.8972557999189077,0.7282514184889969,2.4562549808730005
42,4,420,4110.000000000002,4791.494220065653,0.1584130155558727,2.9226013703621874,0.5397461977281486,1.1658136788480904
42,6,440,4310.000000000002,4791.494220065653,0.09604681033252462,0.5536676314065195,0.05911882307618654,1.1117155963029353
42,2,700,6910.000000000002,4791.494220065653,0.156272299129442,3.328603273420691,0.36069237281858313,0.693414503627446
42,0,620,6110.000000000002,4791.494220065653,0.13757670900528043,3.072911229134104,0.3315314165146695,0.7842052733331673
42,1,341,3320.0000000000014,4791.494220065653,0.1374339945768517,2.5482356572306872,0.5054365486207231,1.4432211506221841
42,3,280,2710.0000000000146,4791.494220065653,0.15612958470101326,3.3014922578882153,0.9113751136560594,1.7680790479946966
42,5,595,5860.000000000002,4791.494220065653,0.15812758669901528,3.0004317266107163,0.3879401635307304,0.8176611297040361
43,6,440,4310.000000000002,4911.782503211134,0.09604681033252462,0.5298987654788536,0.058001297914489845,1.1396247107218405
43,3,420,4110.000000000002,4911.782503211134,0.15612958470101326,2.6433194482416047,0.4932103272674587,1.1950809010246064
43,1,279,2700.0000000000164,4911.782503211134,0.1374339945768517,2.771820686800218,0.6930022822922967,1.8191787048930017
43,5,700,6910.000000000002,4911.782503211134,0.15812758669901528,3.6008363200786095,0.40473625022794696,0.7108223593648528
43,0,248,2390.0000000004047,4911.782503211134,0.13757670900528043,2.743359860354456,0.7756555835953007,2.0551391226821347
43,4,630,6210.000000000002,4911.782503211134,0.1584130155558727,2.767575247807063,0.34676705220553156,0.7909472629969618
43,2,700,6910.000000000002,4911.782503211134,0.156272299129442,3.1772286088910504,0.3529324138625265,0.7108223593648528
44,5,385,3760.0000000000014,4536.193816356925,0.15812758669901528,3.124019124433993,0.5959709404485173,1.2064345256268412
44,3,700,6910.000000000002,4536.193816356925,0.15612958470101326,4.082910183447997,0.41847410162766496,0.656467990789714
44,0,31,223.43368382029254,4536.193816356925,0.13757670900528043,1.2198111643505702,3.407065451274667,20.30219320022213
44,1,217,2080.00000001059,4536.193816356925,0.1374339945768517,2.2183922819164588,0.6649068122419574,2.180862411698956
44,6,396,3870.0000000000014,4536.193816356925,0.09604681033252462,0.608381488957049,0.06849195700327276,1.172143105001789
44,4,700,6910.000000000002,4536.193816356925,0.1584130155558727,2.7219656896015163,0.28306557948464145,0.656467990789714
44,2,700,6910.000000000002,4536.193816356925,0.156272299129442,3.7723144269364557,0.3869932954707348,0.656467990789714
45,5,700,6910.000000000002,5459.570429570431,0.15812758669901528,3.4579897247161044,0.4320278728729369,0.7900970230926815
45,4,560,5510.000000000002,5459.570429570431,0.1584130155558727,3.280083530288819,0.5148522782330258,0.9908476278712213
45,0,527,5180.000000000002,5459.570429570431,0.13757670900528043,2.6176295380830594,0.37956120107436936,1.0539711253996966
45,3,350,3410.000000000001,5459.570429570431,0.15612958470101326,3.4218506343360433,0.8553627764847175,1.6010470467948474
45,6,352,3430.000000000001,5459.570429570431,0.09604681033252462,0.5934492701473695,0.09072581946918347,1.591711495501583
45,1,620,6110.000000000002,5459.570429570431,0.1374339945768517,1.7114232671676741,0.21016909989745747,0.8935467151506431
45,2,700,6910.000000000002,5459.570429570431,0.156272299129442,3.8087020633639876,0.47026150385491233,0.7900970230926815
46,3,700,6910.000000000002,4340.414550823762,0.15612958470101326,3.561454841516321,0.3492736396401566,0.6281352461394732
46,5,700,6910.000000000002,4340.414550823762,0.15812758669901528,2.9177036277757282,0.2898024025867839,0.6281352461394732
46,6,22,138.8629381196525,4340.414550823762,0.09604681033252462,0.3907377847879223,1.1730410694269262,31.256824964223384
46,1,620,6110.000000000002,4340.414550823762,0.1374339945768517,5.626186650561924,0.5492857167338306,0.7103788135554436
46,4,315,3060.0000000000014,4340.414550823762,0.1584130155558727,3.0346323749167543,0.6818780842548392,1.418436127720183
46,2,385,3760.0000000000014,4340.414550823762,0.156272299129442,3.1173964021336635,0.5623638523875333,1.1543655720275958
46,0,186,1770.0000002775555,4340.414550823762,0.13757670900528043,1.7959187704991906,0.6058840926390208,2.4522116102503597
47,2,140,1310.0000353340838,3899.24526940535,0.156272299129442,2.4815639814591908,1.1542947628282632,2.976523026131783
47,1,620,6110.000000000002,3899.24526940535,0.1374339945768517,1.849046362018582,0.16217403182862675,0.6381743485115137
47,0,496,4870.000000000001,3899.24526940535,0.13757670900528043,2.558602432646368,0.28183785027647906,0.8006663797546918
47,6,440,4310.000000000002,3899.24526940535,0.09604681033252462,0.04257607300233907,0.0036995749688616,0.9046972782843036
47,5,105,960.0014115816389,3899.24526940535,0.15812758669901528,2.4839968631326848,1.5953918468085326,4.061707849972007
47,3,700,6910.000000000002,3899.24526940535,0.15612958470101326,3.235277221886128,0.2850356694474406,0.5642901981773298
47,4,350,3410.000000000001,3899.24526940535,0.1584130155558727,3.101051197421646,0.5617278709987316,1.1434736860426242
48,2,700,6910.000000000002,5330.191245217916,0.156272299129442,2.532778402935913,0.30531204644021653,0.7713735521299442
48,4,700,6910.000000000002,5330.191245217916,0.1584130155558727,2.9848545086538434,0.3647361189772867,0.7713735521299442
48,1,558,5490.000000000002,5330.191245217916,0.1374339945768517,3.4045602482307515,0.45428211682841824,0.9708909371981629
48,5,700,6910.000000000002,5330.191245217916,0.15812758669901528,2.3207259235145083,0.28307156155968405,0.7713735521299442
48,0,527,5180.000000000002,5330.191245217916,0.13757670900528043,2.41866173876525,0.342399469218209,1.0289944488837672
48,6,132,1230.0000820831015,5330.191245217916,0.09604681033252462,0.2724454216199867,0.11339662058406273,4.333488528058323
48,3,315,3060.0000000000014,5330.191245217916,0.15612958470101326,2.4245070495023824,0.6593712709631183,1.7418925637967038
49,2,700,6910.000000000002,3940.6140425552394,0.156272299129442,2.833021262021165,0.25247459771851244,0.5702769960282544
49,5,700,6910.000000000002,3940.6140425552394,0.15812758669901528,3.6952831423818577,0.33322779315852763,0.5702769960282544
49,0,403,3940.000000000001,3940.6140425552394,0.13757670900528043,2.1688358270180523,0.2984277976907157,1.0001558483642736
49,6,440,4310.000000000002,3940.6140425552394,0.09604681033252462,0.28042460124762525,0.024625535776986493,0.9142956015209368
49,4,70,610.0563920873398,3940.6140425552394,0.1584130155558727,1.8866904595194869,1.930569467025414,6.459425872208671
49,1,341,3320.0000000000014,3940.6140425552394,0.1374339945768517,2.2942983905920777,0.3742569612364915,1.186931940528686
49,3,175,1660.0000008844675,3940.6140425552394,0.15612958470101326,2.440640362413673,0.9045754690863416,2.3738638797925504
50,2,700,6910.000000000002,4616.204483811612,0.156272299129442,3.165845612853394,0.33050552570965364,0.6680469585834458
50,5,315,3060.0000000000014,4616.204483811612,0.15812758669901528,2.7990824127505602,0.667708554610724,1.5085635568011797
50,6,440,4310.000000000002,4616.204483811612,0.09604681033252462,0.4398784667553549,0.04525050368035773,1.0710451238542018
50,3,700,6910.000000000002,4616.204483811612,0.15612958470101326,2.632863546780121,0.27461265511090366,0.6680469585834458
50,4,525,5160.000000000001,4616.204483811612,0.1584130155558727,2.9774137103554352,0.4219542660300515,0.8946132720565138
50,1,465,4560.000000000002,4616.204483811612,0.1374339945768517,3.7321810656425605,0.5192506761327703,1.0123255446955284
50,0,93,840.0049979958054,4616.204483811612,0.13757670900528043,1.8160619267650815,1.3730259279834838,5.495448830454057
51,5,245,2360.000000000555,4739.717425431802,0.15812758669901528,2.441920502995667,0.7754960887053659,2.00835484128419
51,2,525,5160.000000000001,4739.717425431802,0.156272299129442,2.6113843054658896,0.37484829534645314,0.918549888649574
51,0,620,6110.000000000002,4739.717425431802,0.13757670900528043,2.298451774018365,0.24529661349956147,0.7757311661917842
51,4,280,2710.0000000000146,4739.717425431802,0.1584130155558727,2.6304031014721527,0.7287798038394215,1.7489732197165229
51,6,396,3870.0000000000014,4739.717425431802,0.09604681033252462,0.3984365454823084,0.0468687745282424,1.2247331848660983
51,1,620,6110.000000000002,4739.717425431802,0.1374339945768517,2.934313049643499,0.31283249248819295,0.7757311661917842
51,3,700,6910.000000000002,4739.717425431802,0.15612958470101326,2.5697706970492624,0.27520351729461867,0.6859214798019972
52,5,70,610.0563920873398,3832.9890147999276,0.15812758669901528,1.4059943232858865,1.3968790460382725,6.283007709640015
52,2,700,6910.000000000002,3832.9890147999276,0.156272299129442,2.420241166382277,0.2097974342234417,0.5547017387554163
52,0,310,3010.0000000000014,3832.9890147999276,0.13757670900528043,1.921600378198836,0.33665035047603303,1.273418277342168
52,4,700,6910.000000000002,3832.9890147999276,0.1584130155558727,2.6038740254231643,0.22880755370865513,0.5547017387554163
52,1,434,4250.000000000002,3832.9890147999276,0.1374339945768517,1.9759984743508472,0.24492291469762598,0.9018797681882179
52,6,440,4310.000000000002,3832.9890147999276,0.09604681033252462,0.37441347128908475,0.031981197198721924,0.8893245974013749
52,3,105,960.0014115816389,3832.9890147999276,0.15612958470101326,2.2331067097182213,1.392067787294368,3.9926910195735363
53,6,264,2550.0000000000755,5047.4974765331835,0.09604681033252462,0.400215005357034,0.07608731249298159,1.9794107751109937
53,2,700,6910.000000000002,5047.4974765331835,0.156272299129442,3.641982220808006,0.41573624216743155,0.7304627317703593
53,3,700,6910.000000000002,5047.4974765331835,0.15612958470101326,2.74071977143797,0.31257043734554096,0.7304627317703593
53,0,93,840.0049979958054,5047.4974765331835,0.13757670900528043,1.741999989378488,1.4400822744656006,6.008889814437019
53,5,595,5860.000000000002,5047.4974765331835,0.15812758669901528,2.5606180296150987,0.34876342700388635,0.8613476922411574
53,1,620,6110.000000000002,5047.4974765331835,0.1374339945768517,1.9917314111925366,0.22613086419927822,0.8261043333114865
53,4,490,4810.000000000001,5047.4974765331835,0.1584130155558727,3.1537878772394152,0.5242692368692919,1.0493757747470234
54,4,700,6910.000000000002,4385.365513906465,0.1584130155558727,3.3145887246758607,0.3332331969340183,0.6346404506376937
54,6,352,3430.000000000001,4385.365513906465,0.09604681033252462,0.436126357272413,0.05355585508517656,1.2785322197978028
54,0,341,3320.0000000000014,4385.365513906465,0.13757670900528043,2.8185284262051478,0.5121946631370475,1.32089322708026
54,3,175,1660.0000008844675,4385.365513906465,0.15612958470101326,2.220340736096051,0.9158040086146386,2.6417864527529464
54,2,700,6910.000000000002,4385.365513906465,0.156272299129442,3.397517155765384,0.33695461560849743,0.6346404506376937
54,1,62,530.1310020508638,4385.365513906465,0.1374339945768517,1.434883257370336,1.6312981073299648,8.272229877032748
54,5,700,6910.000000000002,4385.365513906465,0.15812758669901528,2.95950735896728,0.2969988835490662,0.6346404506376937
55,0,620,6110.000000000002,5229.823034885125,0.13757670900528043,1.1241116830687978,0.13237322853990532,0.8559448502266978
55,6,154,1450.0000080833054,5229.823034885125,0.09604681033252462,0.39091297361618593,0.13541975374062207,3.6067744867106657
55,4,700,6910.000000000002,5229.823034885125,0.1584130155558727,2.742391176555129,0.32879803276841496,0.7568484855115953
55,2,490,4810.000000000001,5229.823034885125,0.156272299129442,2.706214471257373,0.4598181724167663,1.0872812962339136
55,1,496,4870.000000000001,5229.823034885125,0.1374339945768517,2.2557361540849286,0.3329204724868574,1.0738856334466373
55,3,420,4110.000000000002,5229.823034885125,0.15612958470101326,2.4900800292797887,0.494702017414054,1.2724630255194944
55,5,700,6910.000000000002,5229.823034885125,0.15812758669901528,2.4976845878175893,0.2989194559317166,0.7568484855115953
56,3,350,3410.000000000001,4444.872351644827,0.15612958470101326,2.4712975776300143,0.5029388244512489,1.3034816280483361
56,5,700,6910.000000000002,4444.872351644827,0.15812758669901528,2.488371573142056,0.2531069789985598,0.6432521492973698
56,0,155,1460.0000072749747,4444.872351644827,0.13757670900528043,1.3195950930591658,0.5527032823857385,3.0444331023949682
56,1,620,6110.000000000002,4444.872351644827,0.1374339945768517,2.81749066563836,0.2816921461836487,0.7274750166358144
56,4,700,6910.000000000002,4444.872351644827,0.1584130155558727,2.3142948077494037,0.2358255132301595,0.6432521492973698
56,6,110,1010.0008335248422,4444.872351644827,0.09604681033252462,0.42103837105748293,0.1779681085153686,4.400860082592694
56,2,385,3760.0000000000014,4444.872351644827,0.156272299129442,2.0505469087727826,0.37881150347781484,1.1821469020331983
57,2,210,2010.0000000221403,3473.4020036588236,0.156272299129442,2.4375803963232348,0.6582637556239062,1.7280606983186884
57,1,620,6110.000000000002,3473.4020036588236,0.1374339945768517,2.3944846566710978,0.18707685850403666,0.5684782330047172
57,6,440,4310.000000000002,3473.4020036588236,0.09604681033252462,0.3233898858206158,0.02503151641436371,0.8058937363477545
57,5,35,262.252839954494,3473.4020036588236,0.15812758669901528,1.8906382997168527,3.9595966201338393,13.244478131338928
57,3,70,610.0563920873398,3473.4020036588236,0.15612958470101326,1.4947725315978058,1.3287564373546992,5.693575296825261
57,0,620,6110.000000000002,3473.4020036588236,0.13757670900528043,2.2354444899373407,0.17483269279426306,0.5684782330047172
57,4,595,5860.000000000002,3473.4020036588236,0.1584130155558727,2.184907968626909,0.20515468745791274,0.5927307173479219
58,3,525,5160.000000000001,5447.301270158422,0.15612958470101326,2.1130269904896295,0.3482747126194809,1.0556785407283762
58,6,264,2550.0000000000755,5447.301270158422,0.09604681033252462,0.6877317718838456,0.14110527511625326,2.1361965765326514
58,1,620,6110.000000000002,5447.301270158422,0.1374339945768517,4.057189115494842,0.4971181346007273,0.8915386694203634
58,4,525,5160.000000000001,5447.301270158422,0.1584130155558727,3.130393442579773,0.5235057786954196,1.0556785407283762
58,0,620,6110.000000000002,5447.301270158422,0.13757670900528043,2.179529326300722,0.26733007381384694,0.8915386694203634
58,2,525,5160.000000000001,5447.301270158422,0.156272299129442,2.7463003554146885,0.45306626730534744,1.0556785407283762
58,5,700,6910.000000000002,5447.301270158422,0.15812758669901528,2.120202698113692,0.26429465094083615,0.7883214573311752
59,4,490,4810.000000000001,5095.862708719853,0.1584130155558727,3.1048827633975327,0.5210851661177679,1.0594309165737739
59,2,700,6910.000000000002,5095.862708719853,0.156272299129442,3.0609339864228953,0.3527569968591645,0.7374620417829019
59,3,420,4110.000000000002,5095.862708719853,0.15612958470101326,2.6177444287110045,0.5067436852149918,1.239869272194611
59,0,620,6110.000000000002,5095.862708719853,0.13757670900528043,2.3368341448450627,0.2681324118965614,0.8340200832602048
59,1,620,6110.000000000002,5095.862708719853,0.1374339945768517,2.5836925592939446,0.2961498470864173,0.8340200832602048
59,5,350,3410.000000000001,5095.862708719853,0.15812758669901528,2.7802267678485526,0.656978569404416,1.494387891120191
59,6,418,4090.0000000000014,5095.862708719853,0.09604681033252462,0.46989235900373605,0.05623099139487721,1.2459322026209905
60,5,700,6910.000000000002,4198.209157674217,0.15812758669901528,2.4097577275612645,0.23150855741866755,0.6075555944535768
60,4,105,960.0014115816389,4198.209157674217,0.1584130155558727,1.6272805904028733,1.1273155708801421,4.37312810900716
60,6,396,3870.0000000000014,4198.209157674217,0.09604681033252462,0.43686302852806247,0.045517808621855664,1.0848085678744743
60,1,620,6110.000000000002,4198.209157674217,0.1374339945768517,2.0819463863060825,0.19660138478636605,0.6871046084573185
60,3,175,1660.0000008844675,4198.209157674217,0.15612958470101326,2.2192527314165393,0.8762901922498278,2.5290416599020253
60,0,620,6110.000000000002,4198.209157674217,0.13757670900528043,1.7857429523944293,0.16880555051725646,0.6871046084573185
60,2,420,4110.000000000002,4198.209157674217,0.156272299129442,2.9581394489675,0.4721966422921647,1.0214620821591764
61,0,558,5490.000000000002,4575.349813995946,0.13757670900528043,2.378155809182878,0.2726698887525984,0.8333970517296801
61,2,315,3060.0000000000014,4575.349813995946,0.156272299129442,2.0383383756487206,0.47627870090387014,1.4952123575150142
61,3,700,6910.000000000002,4575.349813995946,0.15612958470101326,2.3751896032196997,0.24554423662692923,0.6621345606361714
61,1,620,6110.000000000002,4575.349813995946,0.1374339945768517,2.5071878952407824,0.258026401663511,0.7488297567914802
61,4,700,6910.000000000002,4575.349813995946,0.1584130155558727,1.6580658681259322,0.17391574336493645,0.6621345606361714
61,6,308,2990.000000000002,4575.349813995946,0.09604681033252462,0.43886079091390534,0.06450046477299705,1.5302173290956331
61,5,35,262.252839954494,4575.349813995946,0.15812758669901528,1.0675223929781088,2.9450233398626264,17.446330856855006
62,4,700,6910.000000000002,5009.948315206206,0.1584130155558727,2.4045392680389646,0.27617091146980904,0.7250286997404058
62,6,66,570.0859504455718,5009.948315206206,0.09604681033252462,0.6642977427957069,0.5607104251496439,8.788057855645267
62,3,560,5510.000000000002,5009.948315206206,0.15612958470101326,3.4229509384900707,0.4859230780194676,0.9092465181862439
62,1,310,3010.0000000000014,5009.948315206206,0.1374339945768517,2.1449962304032297,0.4906676807463501,1.6644346562146854
62,0,310,3010.0000000000014,5009.948315206206,0.13757670900528043,2.498237461397775,0.5720650066843016,1.6644346562146854
62,5,700,6910.000000000002,5009.948315206206,0.15812758669901528,1.795552373785211,0.2058547622652305,0.7250286997404058
62,2,700,6910.000000000002,5009.948315206206,0.156272299129442,3.9782915698346915,0.45074800094929124,0.7250286997404058
63,4,245,2360.000000000555,4509.437705153535,0.1584130155558727,2.5041205291704602,0.7579777874100041,1.91077868862393
63,0,620,6110.000000000002,4509.437705153535,0.13757670900528043,1.9767020661435573,0.2007092158503511,0.7380421776028696
63,6,440,4310.000000000002,4509.437705153535,0.09604681033252462,0.15346086441596757,0.015421467699051915,1.046273249455576
63,5,700,6910.000000000002,4509.437705153535,0.15812758669901528,1.3637156191334265,0.14072647262363425,0.6525959052320599
63,1,217,2080.00000001059,4509.437705153535,0.1374339945768517,2.356678751112541,0.7021883382029023,2.167998896697392
63,2,385,3760.0000000000014,4509.437705153535,0.156272299129442,2.3726557042373413,0.4446837618296919,1.199318538604663
63,3,595,5860.000000000002,4509.437705153535,0.15612958470101326,2.3397808592977745,0.2811157408026646,0.7695286186268828
64,0,620,6110.000000000002,4446.178786587958,0.13757670900528043,2.960128187034652,0.29634741740248655,0.727688835775443
64,3,700,6910.000000000002,4446.178786587958,0.15612958470101326,2.700460415938255,0.2712888190579213,0.643441213688561
64,5,350,3410.000000000001,4446.178786587958,0.15812758669901528,1.6475246899243308,0.33968167458881204,1.3038647467999873
64,4,420,4110.000000000002,4446.178786587958,0.1584130155558727,2.8176958007088513,0.48286982460529815,1.081795325203882
64,6,22,138.8629381196525,4446.178786587958,0.09604681033252462,0.2762410904530906,0.849516461243905,32.01846977165979
64,2,700,6910.000000000002,4446.178786587958,0.156272299129442,3.2190042105794805,0.3236774331176844,0.643441213688561
64,1,186,1770.0000002775555,4446.178786587958,0.1374339945768517,2.1832489795898065,0.753721825500338,2.511965415757485
65,2,700,6910.000000000002,3803.2798191762736,0.156272299129442,2.794719933695378,0.24038121495746848,0.5504022893163926
65,5,280,2710.0000000000146,3803.2798191762736,0.15812758669901528,1.9003075769898323,0.4217164393453049,1.4034242875189127
65,4,210,2010.0000000221403,3803.2798191762736,0.1584130155558727,2.623028549162698,0.7862417480251549,1.8921790144947166
65,1,465,4560.000000000002,3803.2798191762736,0.1374339945768517,1.9723379142712087,0.22608353192747047,0.8340525919246211
65,0,620,6110.000000000002,3803.2798191762736,0.13757670900528043,3.0630694206682576,0.26231240231170405,0.6224680555116648
65,6,440,4310.000000000002,3803.2798191762736,0.09604681033252462,0.0472491395376414,0.00400458816437758,0.8824315125699007
65,3,70,610.0563920873398,3803.2798191762736,0.15612958470101326,2.3236065756365027,2.26170573023682,6.234308612295911
66,1,434,4250.000000000002,4393.527900810619,0.1374339945768517,2.05065550686676,0.291347527549706,1.0337712707789688
66,0,279,2700.0000000000164,4393.527900810619,0.13757670900528043,1.6863904206060563,0.37753104268573184,1.627232555855775
66,6,440,4310.000000000002,4393.527900810619,0.09604681033252462,0.43405178811008366,0.04249722917789856,1.0193800233899344
66,4,700,6910.000000000002,4393.527900810619,0.1584130155558727,1.5321712881965912,0.1543240180720471,0.6358216933155743
66,5,175,1660.0000008844675,4393.527900810619,0.15812758669901528,2.246132186777497,0.9400441575888404,2.6467035532949974
66,3,385,3760.0000000000014,4393.527900810619,0.15612958470101326,2.823906165317219,0.5151823904094385,1.1684914629815473
66,2,700,6910.000000000002,4393.527900810619,0.156272299129442,2.5088997449952792,0.24928758501826637,0.6358216933155743
67,4,245,2360.000000000555,4468.677037248554,0.1584130155558727,2.3824477959208634,0.7146299603217886,1.8935072191726712
67,5,490,4810.000000000001,4468.677037248554,0.15812758669901528,3.009831885533366,0.4421644001739427,0.9290388850828594
67,3,700,6910.000000000002,4468.677037248554,0.15612958470101326,1.516580812997854,0.15312696772873036,0.6466971110345229
67,1,620,6110.000000000002,4468.677037248554,0.1374339945768517,2.4579255187321745,0.24705898118265074,0.7313710371928892
67,2,385,3760.0000000000014,4468.677037248554,0.156272299129442,2.504520576359281,0.46515503796500185,1.188477935438445
67,6,440,4310.000000000002,4468.677037248554,0.09604681033252462,0.38722543977511353,0.03856102118091071,1.036816017923098
67,0,310,3010.0000000000014,4468.677037248554,0.13757670900528043,2.7211036307964096,0.5557794323247085,1.4846103113782565
68,0,93,840.0049979958054,3078.6777414920944,0.13757670900528043,1.6169292441802166,0.8153015987979443,3.6650707422427358
68,6,440,4310.000000000002,3078.6777414920944,0.09604681033252462,0.3921273570798406,0.026902773215062684,0.7143103808566341
68,5,700,6910.000000000002,3078.6777414920944,0.15812758669901528,3.2120495892622114,0.2262955786643308,0.44553947054878346
68,4,140,1310.0000353340838,3078.6777414920944,0.1584130155558727,1.9244727070097363,0.7164659278979277,2.350135617139088
68,1,620,6110.000000000002,3078.6777414920944,0.1374339945768517,4.504117826569661,0.31190830183849827,0.5038752441067256
68,3,140,1310.0000353340838,3078.6777414920944,0.15612958470101326,2.1140409234328765,0.7756959412091675,2.350135617139088
68,2,140,1310.0000353340838,3078.6777414920944,0.156272299129442,1.4393512365880121,0.5286177129032613,2.350135617139088
69,0,62,530.1310020508638,3367.7972067737355,0.13757670900528043,1.398348482140094,1.2221459182674999,6.3527641163129145
69,4,70,610.0563920873398,3367.7972067737355,0.1584130155558727,1.487630820667036,1.3009541151734794,5.520468682002727
69,5,35,262.252839954494,3367.7972067737355,0.15812758669901528,1.3326419207891493,2.706118723244525,12.84179499203179
69,6,440,4310.000000000002,3367.7972067737355,0.09604681033252462,0.5079086753475781,0.03811862616676158,0.7813914632885693
69,1,434,4250.000000000002,3367.7972067737355,0.1374339945768517,2.7812771417159188,0.3028973253884445,0.7924228721820551
69,2,700,6910.000000000002,3367.7972067737355,0.156272299129442,2.6947377236211154,0.20524207125448274,0.4873802035852004
69,3,700,6910.000000000002,3367.7972067737355,0.15612958470101326,2.612805657439107,0.19882005852102913,0.4873802035852004
70,3,700,6910.000000000002,4796.259454838413,0.15612958470101326,2.948430127107743,0.3195219262076274,0.6941041179216225
70,6,198,1890.0000000783903,4796.259454838413,0.09604681033252462,0.551242555917269,0.13435893371751473,2.537703415153165
70,0,310,3010.0000000000014,4796.259454838413,0.13757670900528043,1.9010591903768035,0.41675107445351606,1.5934416793483093
70,5,700,6910.000000000002,4796.259454838413,0.15812758669901528,2.088285730321212,0.2292039958745128,0.6941041179216225
70,4,700,6910.000000000002,4796.259454838413,0.1584130155558727,1.2677081305083229,0.13939100776601812,0.6941041179216225
70,1,341,3320.0000000000014,4796.259454838413,0.1374339945768517,1.983936115009811,0.393900414236494,1.4446564623007263
70,2,315,3060.0000000000014,4796.259454838413,0.156272299129442,3.2827616557274095,0.8040861756844288,1.567405050600788
71,2,700,6910.000000000002,4587.172832690266,0.156272299129442,3.5026838589757943,0.3633707781187001,0.6638455618943943
71,6,220,2110.0000000077202,4587.172832690266,0.09604681033252462,0.3400077389048033,0.0709960844075572,2.174015560508759
71,1,465,4560.000000000002,4587.172832690266,0.1374339945768517,1.5795668918208259,0.21837979436713428,1.0059589545373386
71,5,700,6910.000000000002,4587.172832690266,0.15812758669901528,1.262798277860901,0.1325588354241522,0.6638455618943943
71,0,620,6110.000000000002,4587.172832690266,0.13757670900528043,1.893774341791313,0.195603687504504,0.7507647844010252
71,4,350,3410.000000000001,4587.172832690266,0.1584130155558727,2.455777357376801,0.5233239088667166,1.345211974395972
71,3,140,1310.0000353340838,4587.172832690266,0.15612958470101326,2.567781458397172,1.40383821077742,3.5016585564598235
72,2,595,5860.000000000002,5159.746781271988,0.156272299129442,2.6578404075178232,0.3657140743013218,0.8805028636982911
72,6,88,790.008464149783,5159.746781271988,0.09604681033252462,0.37375677738470237,0.23445994982533594,6.531255062975777
72,3,420,4110.000000000002,5159.746781271988,0.15612958470101326,1.8957251938176554,0.37157557048001294,1.255412842158634
72,4,700,6910.000000000002,5159.746781271988,0.1584130155558727,1.813288288205363,0.21449049882369545,0.7467072042361775
72,1,620,6110.000000000002,5159.746781271988,0.1374339945768517,2.3036931294723275,0.2673658747394621,0.8444757416157097
72,0,372,3630.000000000001,5159.746781271988,0.13757670900528043,1.9227157500528844,0.3759947353764463,1.421417846080437
72,5,700,6910.000000000002,5159.746781271988,0.15812758669901528,2.6034518385286387,0.30740259712174567,0.7467072042361775
73,5,35,262.252839954494,4487.9044022648195,0.15812758669901528,1.2696769388702007,3.4357714926735046,17.11289152500144
73,3,700,6910.000000000002,4487.9044022648195,0.15612958470101326,1.7695229458005954,0.17943491491542587,0.6494796530050388
73,0,527,5180.000000000002,4487.9044022648195,0.13757670900528043,1.9197629299689154,0.22882651971698068,0.8663908112480343
73,4,350,3410.000000000001,4487.9044022648195,0.1584130155558727,2.4540137396591057,0.5116312578344253,1.3161009977316183
73,2,560,5510.000000000002,4487.9044022648195,0.156272299129442,2.668344671877448,0.3396377281170513,0.8145017064001485
73,6,440,4310.000000000002,4487.9044022648195,0.09604681033252462,0.22848954790822645,0.02285154732096213,1.0412771234953173
73,1,620,6110.000000000002,4487.9044022648195,0.1374339945768517,2.3076419314618812,0.23295121424952164,0.7345179054443237
74,0,620,6110.000000000002,5562.447552447554,0.13757670900528043,2.4399106147653,0.30559310536341217,0.9103842148032
74,4,630,6210.000000000002,5562.447552447554,0.1584130155558727,2.382581742111521,0.3380749555874318,0.8957242435503304
74,3,630,6210.000000000002,5562.447552447554,0.15612958470101326,2.466192818556565,0.3448947330319416,0.8957242435503304
74,5,630,6210.000000000002,5562.447552447554,0.15812758669901528,1.2787437188508322,0.1811196145698212,0.8957242435503304
74,2,350,3410.000000000001,5562.447552447554,0.156272299129442,2.461812920643598,0.6275503823467871,1.6312162910403378
74,6,440,4310.000000000002,5562.447552447554,0.09604681033252462,0.8147398784938976,0.10099283872725197,1.2905910794541882
74,1,620,6110.000000000002,5562.447552447554,0.1374339945768517,2.3415147847866145,0.29296503626980425,0.9103842148032
75,4,350,3410.000000000001,4084.801860642067,0.1584130155558727,1.4750784916493944,0.2799127030356998,1.197889108692688
75,0,620,6110.000000000002,4084.801860642067,0.13757670900528043,1.9468619525858666,0.1790646504439656,0.6685436760461646
75,1,31,223.43368382029254,4084.801860642067,0.1374339945768517,1.9683639836840958,4.945633493070492,18.281942949691814
75,6,440,4310.000000000002,4084.801860642067,0.09604681033252462,0.5432292140436613,0.049449259159166786,0.9477498516570917
75,5,280,2710.0000000000146,4084.801860642067,0.15812758669901528,1.127424480646526,0.26871803066919264,1.507306959646511
75,3,490,4810.000000000001,4084.801860642067,0.15612958470101326,2.2584091734055884,0.2994427155564475,0.8492311560586416
75,2,700,6910.000000000002,4084.801860642067,0.156272299129442,2.0036890494806587,0.18509951221873155,0.5911435398903134
76,2,700,6910.000000000002,4326.982500346167,0.156272299129442,3.2255752323565114,0.3156430772955084,0.6261913893409792
76,0,403,3940.000000000001,4326.982500346167,0.13757670900528043,1.7437485847517324,0.26346182842610877,1.098218908717301
76,5,700,6910.000000000002,4326.982500346167,0.15812758669901528,2.6347009499199876,0.2608831696229287,0.6261913893409792
76,4,105,960.0014115816389,4326.982500346167,0.1584130155558727,2.3980719403179327,1.7122466922678592,4.507266810386558
76,3,700,6910.000000000002,4326.982500346167,0.15612958470101326,3.20777027617426,0.31361408159856374,0.6261913893409792
76,6,286,2770.000000000008,4326.982500346167,0.09604681033252462,0.5781479548331955,0.08674157631827721,1.5620875452513194
76,1,93,840.0049979958054,4326.982500346167,0.1374339945768517,1.111503590631234,0.7868796398811093,5.151138994017955
77,6,198,1890.0000000783903,5180.580847731236,0.09604681033252462,0.29659795341657424,0.0780850240116567,2.741048067468976
77,2,700,6910.000000000002,5180.580847731236,0.156272299129442,3.1763004178573695,0.37213796782037273,0.7497222645052437
77,0,558,5490.000000000002,5180.580847731236,0.13757670900528043,2.594335206484278,0.336803904009294,0.943639498675999
77,3,700,6910.000000000002,5180.580847731236,0.15612958470101326,3.013325357370598,0.35272126145527893,0.7497222645052437
77,5,490,4810.000000000001,5180.580847731236,0.15812758669901528,2.6738594935150837,0.4553859259850476,1.077043835287159
77,1,620,6110.000000000002,5180.580847731236,0.1374339945768517,2.0418784641807926,0.23793662862102768,0.8478855724601038
77,4,315,3060.0000000000014,5180.580847731236,0.1584130155558727,1.6452839969851096,0.44125411040333723,1.6930002770363508
78,6,330,3210.000000000001,4446.814834688439,0.09604681033252462,0.2799498780592456,0.03724836744015343,1.3853005715540305
78,3,700,6910.000000000002,4446.814834688439,0.15612958470101326,2.1604470870995307,0.21707001543385573,0.643533261170541
78,4,700,6910.000000000002,4446.814834688439,0.1584130155558727,1.6729499587141705,0.17054728505839328,0.643533261170541
78,0,620,6110.000000000002,4446.814834688439,0.13757670900528043,1.7102087815070606,0.17123868499840847,0.72779293530089
78,1,527,5180.000000000002,4446.814834688439,0.1374339945768517,1.6661874431417685,0.19657908663514198,0.8584584622950652
78,5,175,1660.0000008844675,4446.814834688439,0.15812758669901528,1.9765678357328016,0.8372599633822165,2.678804115854894
78,2,105,960.0014115816389,4446.814834688439,0.156272299129442,1.9520963405500142,1.4130594154588842,4.632091975117143
79,3,700,6910.000000000002,4303.4693933906665,0.15612958470101326,2.2727429261122873,0.2209918158334717,0.6227886242244088
79,4,140,1310.0000353340838,4303.4693933906665,0.1584130155558727,1.7927919259177985,0.9329710334294083,3.285091051385484
79,6,330,3210.000000000001,4303.4693933906665,0.09604681033252462,0.36488566024550373,0.04698437229667618,1.3406446708382134
79,5,700,6910.000000000002,4303.4693933906665,0.15812758669901528,1.9287596987752174,0.18994437505062806,0.6227886242244088
79,2,350,3410.000000000001,4303.4693933906665,0.156272299129442,1.9824761075215618,0.39097978480559226,1.2620144848652977
79,1,620,6110.000000000002,4303.4693933906665,0.1374339945768517,1.4459161076311522,0.1399634934427504,0.7043321429444623
79,0,186,1770.0000002775555,4303.4693933906665,0.13757670900528043,1.692831016732485,0.5662444734213758,2.431338639952449
80,5,700,6910.000000000002,5349.140859140861,0.15812758669901528,2.5878537479822805,0.3167767935323022,0.7741158985732068
80,0,589,5800.000000000002,5349.140859140861,0.13757670900528043,1.6336185412557835,0.20727723711114673,0.9222656653691137
80,3,700,6910.000000000002,5349.140859140861,0.15612958470101326,2.563231240293244,0.3097982634486355,0.7741158985732068
80,6,374,3650.000000000001,5349.140859140861,0.09604681033252462,0.33710805528500115,0.04745076809580465,1.4655180436002355
80,1,341,3320.0000000000014,5349.140859140861,0.1374339945768517,1.938818580798449,0.429316216593952,1.6111870057653188
80,2,315,3060.0000000000014,5349.140859140861,0.156272299129442,2.34840319501735,0.6415304459874228,1.7480852480852478
80,4,700,6910.000000000002,5349.140859140861,0.1584130155558727,1.9740472799360467,0.2420774848246601,0.7741158985732068
81,3,700,6910.000000000002,4138.799771797028,0.15612958470101326,2.5198662013670723,0.23564544810450505,0.5989579988128838
81,2,280,2710.0000000000146,4138.799771797028,0.156272299129442,1.7145711879385768,0.40920661791029445,1.5272323881169765
81,0,620,6110.000000000002,4138.799771797028,0.13757670900528043,1.6296080920442728,0.15186625910658091,0.6773813047130978
81,1,310,3010.0000000000014,4138.799771797028,0.1374339945768517,1.9859443119389166,0.3752918703530631,1.3750165354807398
81,4,175,1660.0000008844675,4138.799771797028,0.1584130155558727,1.4691786370841,0.5802722395646288,2.493252873248089
81,6,440,4310.000000000002,4138.799771797028,0.09604681033252462,0.34115887464939765,0.031465654247081816,0.9602783693264563
81,5,455,4460.000000000002,4138.799771797028,0.15812758669901528,1.5563615105203887,0.22837979702391173,0.9279820116136831
82,1,341,3320.0000000000014,4200.271167575677,0.1374339945768517,1.9029350442964903,0.3308699906769546,1.2651419179444805
82,6,440,4310.000000000002,4200.271167575677,0.09604681033252462,0.3878364813887995,0.03630209289597227,0.9745408741474885
82,5,700,6910.000000000002,4200.271167575677,0.15812758669901528,1.5773234236334797,0.15160994054195215,0.6078540039906912
82,0,31,223.43368382029254,4200.271167575677,0.13757670900528043,1.1884222289657975,3.0735789002724245,18.798737485588568
82,2,385,3760.0000000000014,4200.271167575677,0.156272299129442,1.7246029470496014,0.3010652355713923,1.1170933956318287
82,4,350,3410.000000000001,4200.271167575677,0.1584130155558727,2.0238185466932794,0.3948984080849844,1.2317510755353889
82,3,700,6910.000000000002,4200.271167575677,0.15612958470101326,1.9347427714499656,0.18361481482914108,0.6078540039906912
83,4,700,6910.000000000002,4742.363350972965,0.1584130155558727,2.698567081565984,0.2933869943745371,0.686304392326044
83,5,350,3410.000000000001,4742.363350972965,0.15812758669901528,2.6735060518116347,0.5879349275582918,1.3907223903146522
83,3,595,5860.000000000002,4742.363350972965,0.15612958470101326,2.7554104341063437,0.34815185450328084,0.8092770223503352
83,6,440,4310.000000000002,4742.363350972965,0.09604681033252462,0.6677582547746537,0.07056994317941781,1.100316322731546
83,2,700,6910.000000000002,4742.363350972965,0.156272299129442,2.3041417485054474,0.247120044210433,0.686304392326044
83,0,186,1770.0000002775555,4742.363350972965,0.13757670900528043,0.9948729196521339,0.36671956880015294,2.6793013278131697
83,1,341,3320.0000000000014,4742.363350972965,0.1374339945768517,1.5252940134353823,0.2994363204312798,1.4284226960761937
84,5,700,6910.000000000002,5055.611531329281,0.15812758669901528,3.0776246583570104,0.35605652112571085,0.7316369799318784
84,2,630,6210.000000000002,5055.611531329281,0.156272299129442,2.6793934759921996,0.3408792713346716,0.8141081370900611
84,0,372,3630.000000000001,5055.611531329281,0.13757670900528043,0.8039585671997874,0.1540443076693691,1.3927304494020054
84,3,210,2010.0000000221403,5055.611531329281,0.15612958470101326,3.8027663484122156,1.4933530212174844,2.5152296175490516
84,4,700,6910.000000000002,5055.611531329281,0.1584130155558727,2.05421062287105,0.23808469622521872,0.7316369799318784
84,6,264,2550.0000000000755,5055.611531329281,0.09604681033252462,0.44015626653976136,0.08381530917724275,1.9825927573839732
84,1,620,6110.000000000002,5055.611531329281,0.1374339945768517,1.6415161429220873,0.1866688333224485,0.8274323291864615
85,0,248,2390.0000000004047,4657.761687836446,0.13757670900528043,1.104047836860594,0.2960139450680037,1.9488542626927436
85,2,595,5860.000000000002,4657.761687836446,0.156272299129442,1.617301238574358,0.2008873404182524,0.7948398784703831
85,3,700,6910.000000000002,4657.761687836446,0.15612958470101326,3.0387116231834517,0.31979664885990194,0.6740610257360992
85,1,620,6110.000000000002,4657.761687836446,0.1374339945768517,1.7757723158266272,0.18604478666985766,0.762317788516603
85,6,440,4310.000000000002,4657.761687836446,0.09604681033252462,0.5468077079865907,0.05675675650845452,1.080687166551379
85,5,35,262.252839954494,4657.761687836446,0.15812758669901528,1.4141806184031396,3.971637367714081,17.7605767344394
85,4,665,6560.000000000001,4657.761687836446,0.1584130155558727,2.1810606270825676,0.24531947357341755,0.7100246475360436
86,1,620,6110.000000000002,4990.032210128844,0.1374339945768517,2.3533354356807172,0.2641436304903618,0.816699216060367
86,4,455,4460.000000000002,4990.032210128844,0.1584130155558727,1.1736953705641264,0.20802462276459766,1.1188413027194712
86,0,496,4870.000000000001,4990.032210128844,0.13757670900528043,2.2406962967805617,0.31586557804370957,1.0246472710736845
86,6,88,790.008464149783,4990.032210128844,0.09604681033252462,0.7118733407851828,0.43187422017565885,6.316428793581571
86,5,350,3410.000000000001,4990.032210128844,0.15812758669901528,0.5433497347203485,0.12572917684755158,1.4633525542899832
86,2,700,6910.000000000002,4990.032210128844,0.156272299129442,2.449374799256691,0.27641559931800247,0.7221464848232768
86,3,700,6910.000000000002,4990.032210128844,0.15612958470101326,3.011933361340037,0.33959076007115,0.7221464848232768
87,0,620,6110.000000000002,4233.034201848081,0.13757670900528043,1.7518744294869937,0.16697769333253887,0.6928042883548411
87,1,620,6110.000000000002,4233.034201848081,0.1374339945768517,1.9125559487368835,0.1821037484476018,0.6928042883548411
87,2,490,4810.000000000001,4233.034201848081,0.156272299129442,2.5233104165768645,0.3470238976437309,0.8800486906129064
87,6,440,4310.000000000002,4233.034201848081,0.09604681033252462,0.3071277175839093,0.02897186590076532,0.9821425062292526
87,5,385,3760.0000000000014,4233.034201848081,0.15812758669901528,0.9089043170067719,0.1618041817827884,1.1258069685766168
87,4,35,262.252839954494,4233.034201848081,0.1584130155558727,1.0448628800845052,2.6716633912461036,16.141042371867528
87,3,490,4810.000000000001,4233.034201848081,0.15612958470101326,2.4356555055784956,0.3346630526165988,0.8800486906129064
88,5,245,2360.000000000555,4484.70672184967,0.15812758669901528,1.926508542645801,0.5788961038041781,1.9002994584104307
88,4,595,5860.000000000002,4484.70672184967,0.1584130155558727,0.769963638343301,0.09334638608462266,0.7653083143088173
88,2,700,6910.000000000002,4484.70672184967,0.156272299129442,2.1627901045303184,0.219357443365237,0.6490168917293299
88,6,440,4310.000000000002,4484.70672184967,0.09604681033252462,0.6759314493665308,0.06755264800322347,1.0405352022853058
88,3,315,3060.0000000000014,4484.70672184967,0.15612958470101326,2.5582315080345386,0.585379715331463,1.4655904319770159
88,0,620,6110.000000000002,4484.70672184967,0.13757670900528043,2.518736194122273,0.25434337902671905,0.7339945534942175
88,1,279,2700.0000000000164,4484.70672184967,0.1374339945768517,2.4059393401434357,0.549223519065745,1.661002489573942
89,0,496,4870.000000000001,5490.7546517268265,0.13757670900528043,1.7114909467854496,0.2654743704480423,1.1274650208884651
89,5,700,6910.000000000002,5490.7546517268265,0.15812758669901528,1.9729344575988812,0.24789872414291156,0.7946099351268922
89,4,700,6910.000000000002,5490.7546517268265,0.1584130155558727,0.9347803482225139,0.11766693086391805,0.7946099351268922
89,1,434,4250.000000000002,5490.7546517268265,0.1374339945768517,1.6849051339767223,0.29916634209902215,1.291942270994547
89,2,595,5860.000000000002,5490.7546517268265,0.156272299129442,1.8932171082940852,0.277215075399577,0.9369888484175469
89,3,700,6910.000000000002,5490.7546517268265,0.15612958470101326,1.8782417320630955,0.23301864959452,0.7946099351268922
89,6,66,570.0859504455718,5490.7546517268265,0.09604681033252462,0.4554399476909081,0.42131388069428316,9.631450568875314
90,5,700,6910.000000000002,3799.258763035838,0.15812758669901528,1.3812451814475297,0.12008789862903753,0.5498203709169084
90,2,105,960.0014115816389,3799.258763035838,0.156272299129442,1.6483872759475318,1.0194554628291013,3.957555392315949
90,0,620,6110.000000000002,3799.258763035838,0.13757670900528043,1.9105804042890575,0.163443592346734,0.6218099448503824
90,6,374,3650.000000000001,3799.258763035838,0.09604681033252462,0.18460370999915668,0.018455651508329975,1.0408928117906402
90,3,35,262.252839954494,3799.258763035838,0.15612958470101326,1.6279516047701714,3.682183000176397,14.487007132868738
90,1,620,6110.000000000002,3799.258763035838,0.1374339945768517,1.717862470638054,0.14680478968278213,0.6218099448503824
90,4,315,3060.0000000000014,3799.258763035838,0.1584130155558727,1.4070342582903024,0.27674066510651707,1.2415878310574628
91,1,93,840.0049979958054,5345.914772808615,0.1374339945768517,2.057468126955501,1.7995646206827596,6.364146386704369
91,2,700,6910.000000000002,5345.914772808615,0.156272299129442,1.6897426605729633,0.20428973910697779,0.7736490264556605
91,3,700,6910.000000000002,5345.914772808615,0.15612958470101326,0.8046733119643972,0.09719608798504667,0.7736490264556605
91,4,560,5510.000000000002,5345.914772808615,0.1584130155558727,2.4787412030550326,0.3809714923156501,0.9702204669344127
91,5,700,6910.000000000002,5345.914772808615,0.15812758669901528,2.631573277561545,0.32193418402872853,0.7736490264556605
91,6,330,3210.000000000001,5345.914772808615,0.09604681033252462,0.9366484020332969,0.14982232819505903,1.665394010220752
91,0,589,5800.000000000002,5345.914772808615,0.13757670900528043,2.5459849891120387,0.322845540890535,0.921709443587692
92,1,403,3940.000000000001,4560.137229502382,0.1374339945768517,1.8824689454397436,0.2994357710015522,1.1573952359143098
92,3,700,6910.000000000002,4560.137229502382,0.15612958470101326,1.323295266249721,0.136345820029032,0.6599330288715457
92,6,396,3870.0000000000014,4560.137229502382,0.09604681033252462,0.4077406053116465,0.04614597827045501,1.1783300334631475
92,5,700,6910.000000000002,4560.137229502382,0.15812758669901528,1.930031810039575,0.2014058007628623,0.6599330288715457
92,0,186,1770.0000002775555,4560.137229502382,0.13757670900528043,1.5837847993230383,0.5613655181664436,2.5763487168289845
92,2,700,6910.000000000002,4560.137229502382,0.156272299129442,1.6790925176998261,0.17316355487405585,0.6599330288715457
92,4,105,960.0014115816389,4560.137229502382,0.1584130155558727,1.802639410054589,1.356456164056478,4.750135962810078
93,4,595,5860.000000000002,4128.946467247784,0.1584130155558727,1.3332631817197806,0.148815573931712,0.7045983732504749
93,5,35,262.252839954494,4128.946467247784,0.15812758669901528,1.1521748985486162,2.8684356046631803,15.74414396413872
93,6,440,4310.000000000002,4128.946467247784,0.09604681033252462,0.36679970425149455,0.03375000997932084,0.9579922197790679
93,1,620,6110.000000000002,4128.946467247784,0.1374339945768517,3.7716739154614123,0.35028887923783897,0.6757686525773786
93,3,630,6210.000000000002,4128.946467247784,0.15612958470101326,1.4345268276428365,0.14891605790165335,0.6648867097017364
93,2,70,610.0563920873398,4128.946467247784,0.156272299129442,1.46592603798646,1.5504698690127978,6.76813901272369
93,0,620,6110.000000000002,4128.946467247784,0.13757670900528043,1.9154619595015692,0.17808055061052078,0.6757686525773786
94,2,630,6210.000000000002,5003.441065266602,0.156272299129442,2.272927009483105,0.28618355855493727,0.8057070958561353
94,1,620,6110.000000000002,5003.441065266602,0.1374339945768517,2.3352519651886046,0.2628182349307352,0.818893791369329
94,6,198,1890.0000000783903,5003.441065266602,0.09604681033252462,0.8695408015121309,0.2210954964659159,2.647323314846073
94,3,105,960.0014115816389,5003.441065266602,0.15612958470101326,2.198383406232263,1.7888979188016467,5.211910112739566
94,4,700,6910.000000000002,5003.441065266602,0.1584130155558727,1.6435544861680058,0.18852359321672174,0.7240869848432129
94,5,595,5860.000000000002,5003.441065266602,0.15812758669901528,2.017475041694559,0.2723873824545913,0.8538295333219454
94,0,620,6110.000000000002,5003.441065266602,0.13757670900528043,2.123718723393605,0.23925966525225562,0.818893791369329
95,2,700,6910.000000000002,5767.022977022978,0.156272299129442,1.2055418524428507,0.15723091011256338,0.8345908794533975
95,1,620,6110.000000000002,5767.022977022978,0.1374339945768517,1.9258311801578913,0.2498174983118783,0.9438662810184903
95,0,496,4870.000000000001,5767.022977022978,0.13757670900528043,1.8205920906707975,0.29660624349578657,1.1841936297788453
95,3,525,5160.000000000001,5767.022977022978,0.15612958470101326,1.8868731553980636,0.3292531134714642,1.1176401118261583
95,4,700,6910.000000000002,5767.022977022978,0.1584130155558727,1.95324018078332,0.2582379975299939,0.8345908794533975
95,5,595,5860.000000000002,5767.022977022978,0.15812758669901528,1.7077790426335016,0.26576230897889636,0.9841336138264465
95,6,374,3650.000000000001,5767.022977022978,0.09604681033252462,0.4027661618896789,0.0611216036730391,1.5800062950747882
96,4,700,6910.000000000002,4947.347159374148,0.1584130155558727,1.6812555238251803,0.1906860507979976,0.7159691981728142
96,6,198,1890.0000000783903,4947.347159374148,0.09604681033252462,0.4883160416236571,0.12277064012459242,2.617643999560291
96,0,620,6110.000000000002,4947.347159374148,0.13757670900528043,1.6653098540665634,0.18551163124596243,0.8097131193738374
96,5,560,5510.000000000002,4947.347159374148,0.15812758669901528,1.5743187037693034,0.22352241725304142,0.8978851468918596
96,2,105,960.0014115816389,4947.347159374148,0.156272299129442,1.3708780689379039,1.1040311955466973,5.153479046685155
96,3,630,6210.000000000002,4947.347159374148,0.15612958470101326,1.2517733371024522,0.1557011023543413,0.7966742607687837
96,1,620,6110.000000000002,4947.347159374148,0.1374339945768517,1.8867051573137716,0.20995652794225098,0.8097131193738374
97,6,308,2990.000000000002,4489.2211495956835,0.09604681033252462,0.3703171137191484,0.05340187938977409,1.501411755717619
97,5,385,3760.0000000000014,4489.2211495956835,0.15812758669901528,1.8338897631242852,0.3462294648889928,1.1939417951052345
97,2,490,4810.000000000001,4489.2211495956835,0.156272299129442,1.2898030643465985,0.18811842327050698,0.9333100103109527
97,1,620,6110.000000000002,4489.2211495956835,0.1374339945768517,1.598943060236089,0.16145702952412755,0.734733412372452
97,0,620,6110.000000000002,4489.2211495956835,0.13757670900528043,1.9432177417259726,0.1964247338769827,0.734733412372452
97,3,700,6910.000000000002,4489.2211495956835,0.15612958470101326,1.8972341275192783,0.19244165606293057,0.6496702097822985
97,4,70,610.0563920873398,4489.2211495956835,0.1584130155558727,1.8516394121624085,2.1584813263407976,7.358698651178098
98,3,280,2710.0000000000146,4063.345606714989,0.15612958470101326,2.2797456235835485,0.533686315489117,1.4993895227730507
98,4,700,6910.000000000002,4063.345606714989,0.1584130155558727,0.9969449743286102,0.09286835759956329,0.5880384380195351
98,2,700,6910.000000000002,4063.345606714989,0.156272299129442,1.9812905179593672,0.18206894600840554,0.5880384380195351
98,5,70,610.0563920873398,4063.345606714989,0.15812758669901528,1.3331467138029311,1.4041043024359077,6.660606559357636
98,1,589,5800.000000000002,4063.345606714989,0.1374339945768517,2.191349406120564,0.21098985282693672,0.7005768287439634
98,0,124,1150.0001906837483,4063.345606714989,0.13757670900528043,1.9650461884275685,0.9552202698874664,3.5333434199685407
98,6,440,4310.000000000002,4063.345606714989,0.09604681033252462,0.37953388386466275,0.03436687109878659,0.9427716024860759
99,3,700,6910.000000000002,3647.426559910919,0.15612958470101326,2.0611119932790527,0.16986163644495308,0.5278475484675713
99,2,70,610.0563920873398,3647.426559910919,0.156272299129442,1.7286799815137803,1.6151511789821793,5.97883508347656
99,6,220,2110.0000000077202,3647.426559910919,0.09604681033252462,0.3896505609540349,0.06469375410196714,1.7286381800462434
99,1,62,530.1310020508638,3647.426559910919,0.1374339945768517,1.556451114975624,1.4717464884612175,6.880236292162675
99,4,700,6910.000000000002,3647.426559910919,0.1584130155558727,1.727130252343089,0.14441904256281718,0.5278475484675713
99,0,620,6110.000000000002,3647.426559910919,0.13757670900528043,2.327685820047474,0.19116774766442562,0.5969601571048966
99,5,175,1660.0000008844675,3647.426559910919,0.15812758669901528,1.554084447494897,0.5399589263512592,2.1972449144382695
100,0,620,6110.000000000002,4869.065220493795,0.13757670900528043,1.1612139788031868,0.12730971717604606,0.7969010180840906
100,2,700,6910.000000000002,4869.065220493795,0.156272299129442,2.2716380301775865,0.250143185949592,0.7046404081756575
100,6,330,3210.000000000001,4869.065220493795,0.09604681033252462,0.4851597559200703,0.07068190974212088,1.5168427478173812
100,3,700,6910.000000000002,4869.065220493795,0.15612958470101326,2.3483139849924317,0.2583502662838848,0.7046404081756575
100,4,455,4460.000000000002,4869.065220493795,0.1584130155558727,2.454946402152532,0.42456443303128516,1.091718659303541
100,5,315,3060.0000000000014,4869.065220493795,0.15812758669901528,1.7392905837822314,0.43762684435674787,1.5911977844750957
100,1,279,2700.0000000000164,4869.065220493795,0.1374339945768517,1.2086203359994259,0.2995476347363129,1.803357489071765
101,4,700,6910.000000000002,3829.2838232282274,0.1584130155558727,1.5468322888535297,0.13579181714830224,0.5541655315815089
101,5,210,2010.0000000221403,3829.2838232282274,0.15812758669901528,1.6377611500319822,0.4933779173272025,1.9051163299433074
101,0,279,2700.0000000000164,3829.2838232282274,0.13757670900528043,1.3374477793434345,0.2609609611870466,1.4182532678622979
101,2,70,610.0563920873398,3829.2838232282274,0.156272299129442,1.3008727380385998,1.276040296152259,6.27693418656943
101,3,455,4460.000000000002,3829.2838232282274,0.15612958470101326,1.5515981412518958,0.2079922502454904,0.8585838168673152
101,6,440,4310.000000000002,3829.2838232282274,0.09604681033252462,0.3420288192086064,0.02918676320929904,0.888464924182883
101,1,620,6110.000000000002,3829.2838232282274,0.1374339945768517,1.740693774271696,0.14993150226218066,0.626724029988253
102,0,620,6110.000000000002,3924.0499283464724,0.13757670900528043,1.7723619699466866,0.15659960180504712,0.6422340308259363
102,5,700,6910.000000000002,3924.0499283464724,0.15812758669901528,1.5239699971409746,0.13684865617649253,0.5678798738562187
102,6,220,2110.0000000077202,3924.0499283464724,0.09604681033252462,0.5223019371595314,0.09329463127393169,1.8597393025270685
102,4,350,3410.000000000001,3924.0499283464724,0.1584130155558727,2.392060863274277,0.43605696974313174,1.1507477795737453
102,2,700,6910.000000000002,3924.0499283464724,0.156272299129442,1.058943619577782,0.09397477981615712,0.5678798738562187
102,3,70,610.0563920873398,3924.0499283464724,0.15612958470101326,1.4214655326161358,1.427532750352733,6.432274096694784
102,1,62,530.1310020508638,3924.0499283464724,0.1374339945768517,1.3173624746386343,1.3401418821991369,7.402038200305019
103,0,434,4250.000000000002,5269.409162266306,0.13757670900528043,1.629319957803158,0.2779228699841504,1.2398609793567774
103,6,440,4310.000000000002,5269.409162266306,0.09604681033252462,0.4594055866432572,0.053946574241692934,1.2226007337044789
103,4,560,5510.000000000002,5269.409162266306,0.1584130155558727,1.7081197127938867,0.2587733150431786,0.9563356011372603
103,3,700,6910.000000000002,5269.409162266306,0.15612958470101326,1.6211765723670046,0.19301870542907376,0.7625773027881773
103,1,434,4250.000000000002,5269.409162266306,0.1374339945768517,0.8891881415137932,0.15151681201810255,1.2398609793567774
103,2,420,4110.000000000002,5269.409162266306,0.156272299129442,2.5596290833206115,0.5128367486979464,1.2820946866827991
103,5,700,6910.000000000002,5269.409162266306,0.15812758669901528,1.6170422631104677,0.19499024662009073,0.7625773027881773
104,0,589,5800.000000000002,4714.8068425406755,0.13757670900528043,3.73899011947111,0.41815293121394087,0.81289773147253
104,3,245,2360.000000000555,4714.8068425406755,0.15612958470101326,1.5860210311436327,0.4947047138208123,1.997799509550664
104,5,700,6910.000000000002,4714.8068425406755,0.15812758669901528,1.5367166314223875,0.1658010559726602,0.6823164750420657
104,2,105,960.0014115816389,4714.8068425406755,0.156272299129442,1.6086513878155244,1.2346275767526016,4.911249906156754
104,4,700,6910.000000000002,4714.8068425406755,0.1584130155558727,1.6998145552132484,0.18372923331632848,0.6823164750420657
104,6,440,4310.000000000002,4714.8068425406755,0.09604681033252462,0.4209625224190304,0.04422960030744624,1.093922701285539
104,1,589,5800.000000000002,4714.8068425406755,0.1374339945768517,2.2593097862796525,0.25240959773967186,0.81289773147253
105,6,88,790.008464149783,4019.9133091341473,0.09604681033252462,0.5906366246375043,0.28866110074530693,5.088443341503218
105,5,175,1660.0000008844675,4019.9133091341473,0.15812758669901528,1.847964156373392,0.7076357823742179,2.421634522284512
105,0,465,4560.000000000002,4019.9133091341473,0.13757670900528043,2.4183729113625527,0.29330538110178445,0.8815599362136285
105,4,700,6910.000000000002,4019.9133091341473,0.1584130155558727,2.16451669523442,0.19947590372884616,0.5817530114521196
105,2,35,262.252839954494,4019.9133091341473,0.156272299129442,0.7636371560679472,1.8292183138951588,15.328388092314581
105,3,700,6910.000000000002,4019.9133091341473,0.15612958470101326,2.863254897505806,0.260066166996127,0.5817530114521196
105,1,620,6110.000000000002,4019.9133091341473,0.1374339945768517,1.5345995411670443,0.1387601340978077,0.6579236185162268
106,5,700,6910.000000000002,4557.261310260129,0.15812758669901528,2.0702640639542587,0.21590329511947948,0.6595168321649968
106,6,352,3430.000000000001,4557.261310260129,0.09604681033252462,0.6647071050848329,0.08482484585797027,1.328647612320737
106,0,620,6110.000000000002,4557.261310260129,0.13757670900528043,2.265162961811785,0.2324379783021823,0.7458692815483023
106,4,700,6910.000000000002,4557.261310260129,0.1584130155558727,1.9249348230936114,0.20110958719600025,0.6595168321649968
106,2,175,1660.0000008844675,4557.261310260129,0.156272299129442,1.0165511926250943,0.4361211002638461,2.7453381372481727
106,3,210,2010.0000000221403,4557.261310260129,0.15612958470101326,1.3294164174279557,0.4706023767779296,2.267294184184045
106,1,465,4560.000000000002,4557.261310260129,0.1374339945768517,1.9166185397051436,0.2632503414936276,0.9993994101447647
107,4,175,1660.0000008844675,4740.15555886784,0.1584130155558727,2.2421575996639334,1.0142417945830904,2.8555153953868855
107,3,350,3410.000000000001,4740.15555886784,0.15612958470101326,1.0229950635062028,0.22202248427101903,1.3900749439495128
107,6,220,2110.0000000077202,4740.15555886784,0.09604681033252462,0.5754178706310015,0.12415849261123553,2.246519222204027
107,5,630,6210.000000000002,4740.15555886784,0.15812758669901528,1.8221803958507137,0.2199378660028297,0.7633100738917615
107,1,620,6110.000000000002,4740.15555886784,0.1374339945768517,1.6424777029880275,0.17512374511184806,0.7758028737917904
107,0,620,6110.000000000002,4740.15555886784,0.13757670900528043,2.1286921482988794,0.22720043507490115,0.7758028737917904
107,2,700,6910.000000000002,4740.15555886784,0.156272299129442,0.7594312007184806,0.08141135524164496,0.6859848855090939
108,5,700,6910.000000000002,4750.378193238794,0.15812758669901528,1.4182067096833093,0.15416909317105182,0.6874642826684215
108,1,341,3320.0000000000014,4750.378193238794,0.1374339945768517,2.612949361148361,0.513825041207616,1.4308368051924072
108,6,440,4310.000000000002,4750.378193238794,0.09604681033252462,0.40118830479052825,0.04246998693752888,1.102175914904592
108,3,210,2010.0000000221403,4750.378193238794,0.15612958470101326,2.270565280783487,0.8378211634043259,2.3633722354161533
108,2,490,4810.000000000001,4750.378193238794,0.156272299129442,2.3938959990764235,0.369462522307784,0.987604613978959
108,4,700,6910.000000000002,4750.378193238794,0.1584130155558727,1.4847846032129126,0.16169792838633062,0.6874642826684215
108,0,465,4560.000000000002,4750.378193238794,0.13757670900528043,1.970090613051279,0.2823543364346581,1.0417496037804368
109,2,700,6910.000000000002,3996.40098472307,0.156272299129442,2.1864125072633165,0.19760826936670026,0.5783503595836569
109,6,220,2110.0000000077202,3996.40098472307,0.09604681033252462,0.4121142918940289,0.07496995058997107,1.8940289027054253
109,1,155,1460.0000072749747,3996.40098472307,0.1374339945768517,2.090053022574022,0.7862626990454756,2.7372609348010726
109,3,70,610.0563920873398,3996.40098472307,0.15612958470101326,2.1472590935035347,2.1961840366720207,6.550871421983098
109,4,315,3060.0000000000014,3996.40098472307,0.1584130155558727,1.696842150440909,0.3510588581094555,1.306013393700349
109,5,700,6910.000000000002,3996.40098472307,0.15812758669901528,1.5032316556045304,0.13747526501505766,0.5783503595836569
109,0,620,6110.000000000002,3996.40098472307,0.13757670900528043,1.6903086017227495,0.1521033450028084,0.654075447581517
110,4,700,6910.000000000002,4522.045107921049,0.1584130155558727,1.6751841032737114,0.17366417885968388,0.6544204208279374
110,6,286,2770.000000000008,4522.045107921049,0.09604681033252462,0.49649973818055854,0.07784972658899095,1.6325072591772691
110,3,385,3760.0000000000014,4522.045107921049,0.15612958470101326,0.9618348805320337,0.18060624874573192,1.2026715712555978
110,0,31,223.43368382029254,4522.045107921049,0.13757670900528043,1.5211321143198935,4.235435729708453,20.238869227784495
110,2,700,6910.000000000002,4522.045107921049,0.156272299129442,1.0818298860874145,0.11063634485553504,0.6544204208279374
110,1,279,2700.0000000000164,4522.045107921049,0.1374339945768517,2.213426906126973,0.5094839186753103,1.6748315214522302
110,5,700,6910.000000000002,4522.045107921049,0.15812758669901528,1.904847621087218,0.1971172926273629,0.6544204208279374
111,6,154,1450.0000080833054,4157.197339248583,0.09604681033252462,1.0095758145002227,0.2780062251143897,2.867032631774816
111,0,124,1150.0001906837483,4157.197339248583,0.13757670900528043,0.5630133788374859,0.28000536958777444,3.614953608639721
111,2,700,6910.000000000002,4157.197339248583,0.156272299129442,3.058303566177636,0.287531338528771,0.6016204543051494
111,1,341,3320.0000000000014,4157.197339248583,0.1374339945768517,1.0848373631540014,0.18669013123860972,1.2521678732676451
111,3,700,6910.000000000002,4157.197339248583,0.15612958470101326,2.694619964714783,0.25310767877300816,0.6016204543051494
111,4,105,960.0014115816389,4157.197339248583,0.1584130155558727,2.7263210871812085,1.8702369499242544,4.33040752763003
111,5,700,6910.000000000002,4157.197339248583,0.15812758669901528,2.6293684881489723,0.25013916165668876,0.6016204543051494
112,0,62,530.1310020508638,4028.482638791136,0.13757670900528043,1.0575383029086436,1.1056032744190676,7.599032358429437
112,2,700,6910.000000000002,4028.482638791136,0.156272299129442,2.1899897815230003,0.1995205067069577,0.582993145990034
112,1,310,3010.0000000000014,4028.482638791136,0.1374339945768517,1.3162430921326471,0.24210584548896658,1.3383663251797788
112,6,440,4310.000000000002,4028.482638791136,0.09604681033252462,0.3342286984774814,0.030004812048844146,0.9346827468192888
112,4,525,5160.000000000001,4028.482638791136,0.1584130155558727,1.4747583620560298,0.1823910499337261,0.7807136896882045
112,3,700,6910.000000000002,4028.482638791136,0.15612958470101326,2.489153225014815,0.2265688940824708,0.582993145990034
112,5,105,960.0014115816389,4028.482638791136,0.15812758669901528,1.5712850411734665,1.042634865621756,4.196329911800919
113,3,140,1310.0000353340838,4509.5347564800195,0.15612958470101326,2.031323176460723,1.091753666985591,3.4423928510276505
113,2,700,6910.000000000002,4509.5347564800195,0.156272299129442,2.7447551435144164,0.27992346181599237,0.6526099502865439
113,0,310,3010.0000000000014,4509.5347564800195,0.13757670900528043,0.7136261580963499,0.1470892454673147,1.498184304478411
113,5,315,3060.0000000000014,4509.5347564800195,0.15812758669901528,1.558294759223726,0.3631345447426774,1.4737041687843195
113,6,418,4090.0000000000014,4509.5347564800195,0.09604681033252462,0.32535607383273984,0.03445484463495138,1.102575735080689
113,1,620,6110.000000000002,4509.5347564800195,0.1374339945768517,0.8135254883035761,0.08251936211065582,0.7380580616170243
113,4,700,6910.000000000002,4509.5347564800195,0.1584130155558727,1.478492362141975,0.15284936462419368,0.6526099502865439
114,1,620,6110.000000000002,4469.860145420064,0.1374339945768517,0.9808683316605381,0.0986183217259973,0.7315646719181772
114,4,420,4110.000000000002,4469.860145420064,0.1584130155558727,2.756631538338648,0.47492135143962716,1.0875572129975821
114,2,140,1310.0000353340838,4469.860145420064,0.156272299129442,1.5943993653467432,0.8501621034982132,3.4121068892033537
114,6,440,4310.000000000002,4469.860145420064,0.09604681033252462,0.3808312332082865,0.03793430840041977,1.0370905209791328
114,5,700,6910.000000000002,4469.860145420064,0.15812758669901528,1.7070068994850238,0.17460585673630524,0.6468683278466083
114,3,665,6560.000000000001,4469.860145420064,0.15612958470101326,1.3720802196089072,0.14596704077290903,0.6813811197286682
114,0,186,1770.0000002775555,4469.860145420064,0.13757670900528043,0.829134866209111,0.2880651781563712,2.525344714530588
115,1,372,3630.000000000001,4834.130156335104,0.1374339945768517,1.2370836138834314,0.22641486593854693,1.3317162965110476
115,0,620,6110.000000000002,4834.130156335104,0.13757670900528043,1.0008650330997266,0.1089425564551718,0.7911833316424064
115,2,700,6910.000000000002,4834.130156335104,0.156272299129442,1.3419732478691784,0.1467121737976453,0.6995846825376415
115,3,420,4110.000000000002,4834.130156335104,0.15612958470101326,1.5365201841951381,0.2821629528868559,1.1761873859696113
115,5,350,3410.000000000001,4834.130156335104,0.15812758669901528,1.70296584682707,0.38174867777107174,1.4176334769311152
115,6,154,1450.0000080833054,4834.130156335104,0.09604681033252462,0.5301859063481777,0.16977020003721896,3.3338828478526286
115,4,700,6910.000000000002,4834.130156335104,0.1584130155558727,2.389316438523697,0.2647919783303113,0.6995846825376415
116,6,440,4310.000000000002,4816.970172684459,0.09604681033252462,0.40380770404318966,0.043346519742594423,1.1176264901820085
116,5,700,6910.000000000002,4816.970172684459,0.15812758669901528,2.000376596384221,0.220503413766347,0.6971013274507174
116,2,455,4460.000000000002,4816.970172684459,0.156272299129442,2.332554448442187,0.39368864635421474,1.0800381553104164
116,4,700,6910.000000000002,4816.970172684459,0.1584130155558727,1.6339227956054814,0.18043396920837887,0.6971013274507174
116,3,315,3060.0000000000014,4816.970172684459,0.15612958470101326,1.3916142808299226,0.3420240237823604,1.574173259047208
116,1,341,3320.0000000000014,4816.970172684459,0.1374339945768517,1.343867779754761,0.2679702519382203,1.4508946303266437
116,0,434,4250.000000000002,4816.970172684459,0.13757670900528043,1.1321193126491007,0.1765314719685867,1.1334047465139898
117,4,490,4810.000000000001,5230.429570429572,0.1584130155558727,1.5295025629316146,0.2634713231780966,1.087407395099703
117,2,665,6560.000000000001,5230.429570429572,0.156272299129442,2.1746712730570175,0.2709624674357536,0.7973215808581663
117,3,315,3060.0000000000014,5230.429570429572,0.15612958470101326,2.49123280955605,0.6648374138837526,1.709290709290709
117,5,560,5510.000000000002,5230.429570429572,0.15812758669901528,1.655684751056454,0.24852555453901504,0.9492612650507387
117,1,620,6110.000000000002,5230.429570429572,0.1374339945768517,1.51494389899212,0.17823248750915985,0.8560441195465746
117,0,620,6110.000000000002,5230.429570429572,0.13757670900528043,1.4690787003465022,0.17301594405733817,0.8560441195465746
117,6,440,4310.000000000002,5230.429570429572,0.09604681033252462,0.44465586783865885,0.05182831180986781,1.2135567448792506
118,0,341,3320.0000000000014,5098.413015555873,0.13757670900528043,1.3952374267587508,0.294774535995326,1.5356665709505637
118,5,350,3410.000000000001,5098.413015555873,0.15812758669901528,2.4189932241638905,0.5719037311573829,1.495135781687939
118,2,700,6910.000000000002,5098.413015555873,0.156272299129442,1.7141450610183666,0.19764532224367123,0.7378311165782738
118,4,700,6910.000000000002,5098.413015555873,0.1584130155558727,1.69629766503861,0.19826675214377873,0.7378311165782738
118,3,700,6910.000000000002,5098.413015555873,0.15612958470101326,1.137474628075515,0.13103396708351375,0.7378311165782738
118,6,418,4090.0000000000014,5098.413015555873,0.09604681033252462,0.44721907434547786,0.05354451279696175,1.2465557495246629
118,1,341,3320.0000000000014,5098.413015555873,0.1374339945768517,1.727611429455808,0.36461721426780763,1.5356665709505637
119,2,700,6910.000000000002,4252.218006204157,0.156272299129442,2.3833725639698113,0.2291983106111567,0.615371636208995
119,4,700,6910.000000000002,4252.218006204157,0.1584130155558727,2.2605975709245625,0.2203695540021721,0.615371636208995
119,1,310,3010.0000000000014,4252.218006204157,0.1374339945768517,1.9721731600628256,0.3829025338371427,1.4126970120279585
119,6,154,1450.0000080833054,4252.218006204157,0.09604681033252462,0.3587365451133892,0.10104296590095581,2.9325641258616177
119,0,620,6110.000000000002,4252.218006204157,0.13757670900528043,1.1617107359627974,0.11122879473393261,0.6959440272019894
119,5,105,960.0014115816389,4252.218006204157,0.15812758669901528,1.561804044528711,1.0939005397671293,4.429387243502555
119,3,350,3410.000000000001,4252.218006204157,0.15612958470101326,2.564631693599217,0.49931125159231504,1.2469847525525384
120,6,440,4310.000000000002,5111.576994434141,0.09604681033252462,0.3800939747666844,0.04329637821030473,1.1859807411680137
120,1,403,3940.000000000001,5111.576994434141,0.1374339945768517,1.4904523637667615,0.2657485813466716,1.297354567115264
120,4,700,6910.000000000002,5111.576994434141,0.1584130155558727,1.6428305187676076,0.19251318664569572,0.7397361786445933
120,5,490,4810.000000000001,5111.576994434141,0.15812758669901528,1.290185380288551,0.21680514776431015,1.0626979198407775
120,2,700,6910.000000000002,5111.576994434141,0.156272299129442,1.5676456664998766,0.18122026761979249,0.7397361786445933
120,3,280,2710.0000000000146,5111.576994434141,0.15612958470101326,1.8436122145547722,0.5429256966616955,1.8861907728539165
120,0,589,5800.000000000002,5111.576994434141,0.13757670900528043,2.725884102052846,0.3305058998338458,0.8813063783507137
121,0,620,6110.000000000002,4528.460191378158,0.13757670900528043,1.974108066986093,0.20129138297314808,0.7411555141371778
121,6,110,1010.0008335248422,4528.460191378158,0.09604681033252462,0.5860986576611538,0.2523960160943946,4.483620251652768
121,1,620,6110.000000000002,4528.460191378158,0.1374339945768517,1.9230096983198979,0.19587769654745937,0.7411555141371778
121,2,455,4460.000000000002,4528.460191378158,0.156272299129442,1.8114438538680995,0.2874236993745639,1.015349818694654
121,4,700,6910.000000000002,4528.460191378158,0.1584130155558727,1.5917242612289813,0.16524609455905134,0.6553487975945235
121,3,420,4110.000000000002,4528.460191378158,0.15612958470101326,1.780178108209215,0.3062368105327972,1.1018151317221792
121,5,210,2010.0000000221403,4528.460191378158,0.15812758669901528,1.3601710062827868,0.4845690289048819,2.2529652693175506
122,3,490,4810.000000000001,5733.208220351079,0.15612958470101326,2.1138711299265127,0.3933836906399246,1.19193518094617
122,5,700,6910.000000000002,5733.208220351079,0.15812758669901528,1.9806548272367102,0.25985800933010006,0.8296972822505178
122,6,396,3870.0000000000014,5733.208220351079,0.09604681033252462,0.3129107441689484,0.044523589711317126,1.481449152545498
122,4,595,5860.000000000002,5733.208220351079,0.1584130155558727,1.4183082953362862,0.21981716536446663,0.9783631775343136
122,2,700,6910.000000000002,5733.208220351079,0.156272299129442,1.6288438938563343,0.21119378484052118,0.8296972822505178
122,0,496,4870.000000000001,5733.208220351079,0.13757670900528043,2.1113050250074212,0.34195160888802034,1.1772501479160324
122,1,620,6110.000000000002,5733.208220351079,0.1374339945768517,1.9964766743934979,0.25746305299940225,0.9383319509576231
123,2,280,2710.0000000000146,4468.716337809362,0.156272299129442,1.9456100573004003,0.5013618694337073,1.6489728183798296
123,5,700,6910.000000000002,4468.716337809362,0.15812758669901528,1.4553484285611271,0.14882619023125412,0.646702798525233
123,4,700,6910.000000000002,4468.716337809362,0.1584130155558727,1.7093290547599702,0.17511416447527875,0.646702798525233
123,0,93,840.0049979958054,4468.716337809362,0.13757670900528043,1.3960735793842278,1.0217723406298242,5.319868748961511
123,1,620,6110.000000000002,4468.716337809362,0.1374339945768517,1.848580888770613,0.18581219167769722,0.7313774693632341
123,6,110,1010.0008335248422,4468.716337809362,0.09604681033252462,0.28974710531057096,0.123129781302637,4.424467970203362
123,3,525,5160.000000000001,4468.716337809362,0.15612958470101326,1.662685423761807,0.22481660234768672,0.86603029802507
124,2,700,6910.000000000002,4213.654916650154,0.156272299129442,1.7675241360211629,0.16843342224898333,0.6097908707163752
124,1,279,2700.0000000000164,4213.654916650154,0.1374339945768517,1.5580236657951614,0.3341668933547162,1.56061293209264
124,5,700,6910.000000000002,4213.654916650154,0.15812758669901528,2.46762517206971,0.2379401619700387,0.6097908707163752
124,0,341,3320.0000000000014,4213.654916650154,0.13757670900528043,0.8605452861246897,0.15025866578979333,1.2691731676657083
124,4,350,3410.000000000001,4213.654916650154,0.1584130155558727,1.6088121886300935,0.3149204009786842,1.2356759286364083
124,3,175,1660.0000008844675,4213.654916650154,0.15612958470101326,1.6760993060428122,0.664256523275727,2.538346333978957
124,6,440,4310.000000000002,4213.654916650154,0.09604681033252462,0.34767614961870774,0.032646719025238795,0.9776461523550236
125,0,527,5180.000000000002,4780.1250399564715,0.13757670900528043,0.8280717436510898,0.10512896269603364,0.9228040617676583
125,2,490,4810.000000000001,4780.1250399564715,0.156272299129442,2.739250842932209,0.42541028593619695,0.9937889895959399
125,3,420,4110.000000000002,4780.1250399564715,0.15612958470101326,1.7465428242538887,0.3171479281165169,1.1630474549772432
125,6,440,4310.000000000002,4780.1250399564715,0.09604681033252462,0.35676770015934456,0.03800410090496552,1.10907773548874
125,4,700,6910.000000000002,4780.1250399564715,0.1584130155558727,1.6375642039497023,0.17945286960255696,0.6917691808909509
125,1,62,530.1310020508638,4780.1250399564715,0.1374339945768517,3.096380897172591,3.8371131301287407,9.016875114762367
125,5,700,6910.000000000002,4780.1250399564715,0.15812758669901528,2.339169780511446,0.2558766153612715,0.6917691808909509
126,0,620,6110.000000000002,4901.108891108893,0.13757670900528043,0.9744923017514933,0.10754159426245677,0.8021454813598841
126,3,490,4810.000000000001,4901.108891108893,0.15612958470101326,1.7285653098682705,0.27499213495471586,1.018941557403096
126,6,440,4310.000000000002,4901.108891108893,0.09604681033252462,0.5397870268954548,0.05895524802878838,1.1371482345960304
126,4,630,6210.000000000002,4901.108891108893,0.1584130155558727,1.8961992175745253,0.23707053281364907,0.7892284848806588
126,5,350,3410.000000000001,4901.108891108893,0.15812758669901528,1.6874866967144087,0.38351996167249663,1.4372753346360385
126,2,350,3410.000000000001,4901.108891108893,0.156272299129442,2.009725146780766,0.4513969714910857,1.4372753346360385
126,1,620,6110.000000000002,4901.108891108893,0.1374339945768517,0.883548003534113,0.09740415001730503,0.8021454813598841
127,6,110,1010.0008335248422,4878.163345501617,0.09604681033252462,0.41948044835667636,0.19459392441000914,4.829860712567059
127,4,700,6910.000000000002,4878.163345501617,0.1584130155558727,1.5181946725309539,0.16978394314374326,0.7059570688135479
127,1,589,5800.000000000002,4878.163345501617,0.1374339945768517,0.951445163308388,0.10997811643608273,0.8410626457761406
127,2,455,4460.000000000002,4878.163345501617,0.156272299129442,1.5863882101060376,0.2711520892947965,1.0937585976461022
127,5,700,6910.000000000002,4878.163345501617,0.15812758669901528,1.4282983594714402,0.1594427849513304,0.7059570688135479
127,3,175,1660.0000008844675,4878.163345501617,0.15612958470101326,1.5152744470872617,0.6952239972477073,2.93865261620631
127,0,620,6110.000000000002,4878.163345501617,0.13757670900528043,1.1330665518160485,0.12445589264894491,0.7983900729135214
128,3,700,6910.000000000002,4169.6296356811945,0.15612958470101326,1.3886021274328497,0.1308225060341576,0.6034196288974231
128,4,350,3410.000000000001,4169.6296356811945,0.1584130155558727,1.775706725416389,0.34395783182455525,1.2227652890560685
128,6,330,3210.000000000001,4169.6296356811945,0.09604681033252462,0.4102222305419989,0.05117932890415181,1.2989500422682845
128,0,93,840.0049979958054,4169.6296356811945,0.13757670900528043,1.0128599983909783,0.6916875308618068,4.9638152697063065
128,2,700,6910.000000000002,4169.6296356811945,0.156272299129442,2.0239548779058474,0.19085443712823288,0.6034196288974231
128,1,620,6110.000000000002,4169.6296356811945,0.1374339945768517,1.012615982607811,0.0949719199914432,0.6824271089494588
128,5,140,1310.0000353340838,4169.6296356811945,0.15812758669901528,1.5673890049804937,0.7888793941325092,3.182923300164516
129,5,420,4110.000000000002,4232.416525649658,0.15812758669901528,1.3162184983891339,0.2143296292075781,1.0297850427371427
129,0,465,4560.000000000002,4232.416525649658,0.13757670900528043,2.010417285392157,0.2567170330242517,0.9281615187828194
129,2,700,6910.000000000002,4232.416525649658,0.156272299129442,2.2381968448228795,0.2142351041244341,0.6125060095006739
129,6,440,4310.000000000002,4232.416525649658,0.09604681033252462,0.2904228873714721,0.027392074038067055,0.9819991938862311
129,1,217,2080.00000001059,4232.416525649658,0.1374339945768517,2.6290635078496405,0.7352250798349538,2.034815637321206
129,3,700,6910.000000000002,4232.416525649658,0.15612958470101326,1.6200312643503767,0.15492409022163223,0.6125060095006739
129,4,70,610.0563920873398,4232.416525649658,0.1584130155558727,1.8682074418009875,2.0532147640562743,6.937746379753885
130,3,700,6910.000000000002,4966.024654967111,0.15612958470101326,1.987936338952982,0.22305835809197305,0.7186721642499435
130,5,490,4810.000000000001,4966.024654967111,0.15812758669901528,0.939451114627003,0.1533718386244117,1.0324375582052203
130,6,22,138.8629381196525,4966.024654967111,0.09604681033252462,0.4161044497487778,1.4292487734873052,35.762059497027856
130,4,700,6910.000000000002,4966.024654967111,0.1584130155558727,0.8904058934508569,0.10137006177579956,0.7186721642499435
130,2,280,2710.0000000000146,4966.024654967111,0.156272299129442,1.9444950294932937,0.5568374289088606,1.8324814224970791
130,1,558,5490.000000000002,4966.024654967111,0.1374339945768517,1.378042353383073,0.17131416039846536,0.9045582249484716
130,0,620,6110.000000000002,4966.024654967111,0.13757670900528043,2.0321601610950895,0.22723253352160822,0.8127699926296414
131,1,155,1460.0000072749747,4380.151278301583,0.1374339945768517,1.9663466750818248,0.8107566320884965,3.000103600325963
131,6,198,1890.0000000783903,4380.151278301583,0.09604681033252462,0.0028575326118806268,0.0006360649257952498,2.3175403587936034
131,0,279,2700.0000000000164,4380.151278301583,0.13757670900528043,1.8574043999479362,0.4145498213697262,1.6222782512227987
131,5,245,2360.000000000555,4380.151278301583,0.15812758669901528,2.1004106225983716,0.616437365967664,1.8559963043646412
131,2,700,6910.000000000002,4380.151278301583,0.156272299129442,2.6811289402647063,0.26558941655235485,0.6338858579307645
131,4,700,6910.000000000002,4380.151278301583,0.1584130155558727,2.1637077962031475,0.2172703850015077,0.6338858579307645
131,3,700,6910.000000000002,4380.151278301583,0.15612958470101326,2.1900529000778306,0.21674589071766462,0.6338858579307645
132,2,210,2010.0000000221403,4255.106322252728,0.156272299129442,1.5809595988375589,0.5230185980800633,2.116968319505402
132,3,700,6910.000000000002,4255.106322252728,0.15612958470101326,1.7743607960175014,0.17059233225228457,0.615789626954085
132,4,245,2360.000000000555,4255.106322252728,0.1584130155558727,1.802164748539999,0.5147350774485464,1.8030111534964948
132,1,620,6110.000000000002,4255.106322252728,0.1374339945768517,1.2302379455695498,0.11774771661459124,0.6964167466862073
132,0,434,4250.000000000002,4255.106322252728,0.13757670900528043,1.147018658809751,0.15799265065545745,1.0012014875888768
132,5,420,4110.000000000002,4255.106322252728,0.15812758669901528,1.6672876884698977,0.27295231406474707,1.0353056745140454
132,6,440,4310.000000000002,4255.106322252728,0.09604681033252462,0.1162332154796603,0.011021643136416718,0.9872636478544609
133,4,700,6910.000000000002,5226.978735550251,0.1584130155558727,1.2881886871070625,0.15436293520666558,0.7564368647684877
133,3,245,2360.000000000555,5226.978735550251,0.15612958470101326,1.4261919917363441,0.49317599372153864,2.2148214981139924
133,0,620,6110.000000000002,5226.978735550251,0.13757670900528043,1.1165568249207827,0.13141207412606645,0.8554793347872749
133,2,525,5160.000000000001,5226.978735550251,0.156272299129442,1.450087350075957,0.22954994726130723,1.0129803751066377
133,1,620,6110.000000000002,5226.978735550251,0.1374339945768517,1.0821569547354637,0.12723129499599464,0.8554793347872749
133,5,595,5860.000000000002,5226.978735550251,0.15812758669901528,1.4579712770971274,0.20564101007651872,0.8919758934386092
133,6,374,3650.000000000001,5226.978735550251,0.09604681033252462,0.1848674381765169,0.0254273580520621,1.4320489686439042
134,4,665,6560.000000000001,5896.032538889684,0.1584130155558727,1.4626175363246592,0.2082464802313137,0.8987854480014761
134,6,286,2770.000000000008,5896.032538889684,0.09604681033252462,0.26627819896580396,0.05443756114236666,2.1285316024872443
134,0,589,5800.000000000002,5896.032538889684,0.13757670900528043,1.1812601463121357,0.1652046801032992,1.0165573342913243
134,3,700,6910.000000000002,5896.032538889684,0.15612958470101326,2.445513004189272,0.3257894416146954,0.853260859463051
134,5,700,6910.000000000002,5896.032538889684,0.15812758669901528,1.5210092167970135,0.2052207700564563,0.853260859463051
134,2,700,6910.000000000002,5896.032538889684,0.156272299129442,1.962102828365511,0.26162882439363677,0.853260859463051
134,1,403,3940.000000000001,5896.032538889684,0.1374339945768517,1.1619602603585593,0.23897314253273458,1.4964549591090563
135,1,620,6110.000000000002,4250.345542073886,0.1374339945768517,0.8940926006663569,0.08547905232396984,0.6956375682608649
135,2,560,5510.000000000002,4250.345542073886,0.156272299129442,1.5380819241842763,0.1854104080138726,0.7713875756939899
135,5,700,6910.000000000002,4250.345542073886,0.15812758669901528,1.4418400107817915,0.14023967833962286,0.6151006573189413
135,3,315,3060.0000000000014,4250.345542073886,0.15612958470101326,1.8317020659208614,0.39723074222984833,1.389001811135256
135,6,110,1010.0008335248422,4250.345542073886,0.09604681033252462,0.26061878266750343,0.10533947873039017,4.208259439985247
135,0,620,6110.000000000002,4250.345542073886,0.13757670900528043,1.0863330559199913,0.1039659052760497,0.6956375682608649
135,4,35,262.252839954494,4250.345542073886,0.1584130155558727,1.3183791978340114,3.384817375726201,16.207052487253918
136,6,440,4310.000000000002,4962.350506636224,0.09604681033252462,0.8099014655629829,0.08956231239686233,1.1513574261336943
136,0,279,2700.0000000000164,4962.350506636224,0.13757670900528043,1.900997375903336,0.4806734186943526,1.8379075950504422
136,3,700,6910.000000000002,4962.350506636224,0.15612958470101326,2.3785431056274113,0.26668931763463555,0.7181404495855604
136,4,700,6910.000000000002,4962.350506636224,0.1584130155558727,0.4380962881370982,0.04983905787216219,0.7181404495855604
136,1,527,5180.000000000002,4962.350506636224,0.1374339945768517,2.340328003182795,0.30812616290919187,0.957982723288846
136,5,385,3760.0000000000014,4962.350506636224,0.15812758669901528,1.3303353721870723,0.27763126585613535,1.319774070913889
136,2,455,4460.000000000002,4962.350506636224,0.156272299129442,2.397816438831837,0.4169178724530857,1.1126346427435476
137,0,93,840.0049979958054,4507.21347482411,0.13757670900528043,1.3882593917774921,1.0248063188061716,5.365698401292866
137,3,700,6910.000000000002,4507.21347482411,0.15612958470101326,1.8215411348797075,0.1855044226890616,0.6522740195114484
137,4,210,2010.0000000221403,4507.21347482411,0.1584130155558727,0.6457683613317101,0.22939275396620518,2.242394763569384
137,1,465,4560.000000000002,4507.21347482411,0.1374339945768517,1.2668339512953268,0.17209060008237922,0.9884240076368658
137,5,700,6910.000000000002,4507.21347482411,0.15812758669901528,1.0043031994591398,0.10358635939333788,0.6522740195114484
137,2,560,5510.000000000002,4507.21347482411,0.156272299129442,1.7234509744942497,0.2203116508512475,0.818006075285682
137,6,440,4310.000000000002,4507.21347482411,0.09604681033252462,0.3815331969144898,0.03832182083974698,1.0457571867341318
138,6,330,3210.000000000001,3909.8432346584977,0.09604681033252462,0.3616428632425677,0.042307480022795496,1.2180196992705596
138,1,620,6110.000000000002,3909.8432346584977,0.1374339945768517,2.3898510532938695,0.21017600782611598,0.639908876376186
138,0,620,6110.000000000002,3909.8432346584977,0.13757670900528043,0.89799949077051,0.07905678360223091,0.639908876376186
138,2,700,6910.000000000002,3909.8432346584977,0.156272299129442,1.9106495228960731,0.1689446055584703,0.5658239123963092
138,4,175,1660.0000008844675,3909.8432346584977,0.1584130155558727,1.3222227189162081,0.49334045816129946,2.35532724853933
138,5,280,2710.0000000000146,3909.8432346584977,0.15812758669901528,1.4038506985937587,0.3202717399234956,1.4427465810547884
138,3,105,960.0014115816389,3909.8432346584977,0.15612958470101326,1.7455725125318773,1.1099682904425037,4.072747380878203
139,6,88,790.008464149783,4399.308897633603,0.09604681033252462,0.45092161175115514,0.24117745615847883,5.568685776510248
139,3,595,5860.000000000002,4399.308897633603,0.15612958470101326,1.759409752071613,0.20622392119577013,0.7507353067634133
139,4,700,6910.000000000002,4399.308897633603,0.1584130155558727,1.1800866948712407,0.11901759900975493,0.6366583064592767
139,5,700,6910.000000000002,4399.308897633603,0.15812758669901528,1.3977613240483504,0.1407171634083648,0.6366583064592767
139,2,70,610.0563920873398,4399.308897633603,0.156272299129442,1.7252657920637113,1.9442517034896263,7.211315141836541
139,0,217,2080.00000001059,4399.308897633603,0.13757670900528043,1.3406621652237904,0.3901084808352344,2.1150523546207713
139,1,620,6110.000000000002,4399.308897633603,0.1374339945768517,1.5220985426290574,0.15061914798275405,0.72001782285329
140,3,630,6210.000000000002,4262.332932825813,0.15612958470101326,1.2275597821224031,0.13154781092084727,0.6863660117271839
140,4,210,2010.0000000221403,4262.332932825813,0.1584130155558727,1.6115304901041612,0.5413531900199683,2.1205636481486883
140,1,620,6110.000000000002,4262.332932825813,0.1374339945768517,1.614285488544003,0.15476782229634206,0.6975994980074979
140,6,176,1670.0000007960207,4262.332932825813,0.09604681033252462,0.4104297319701345,0.10061266648354043,2.5522951681401995
140,2,35,262.252839954494,4262.332932825813,0.156272299129442,0.7508745491007663,1.907113566613117,16.25276177587023
140,5,700,6910.000000000002,4262.332932825813,0.15812758669901528,2.2122618373120386,0.2157811447517006,0.6168354461397703
140,0,620,6110.000000000002,4262.332932825813,0.13757670900528043,1.2170237609228103,0.11680196071847629,0.6975994980074979
141,0,620,6110.000000000002,3869.1572152040053,0.13757670900528043,2.1749239275531966,0.18948033946336665,0.6332499533885441
141,6,440,4310.000000000002,3869.1572152040053,0.09604681033252462,0.9255471539295559,0.07980325451589915,0.8977162912306274
141,4,350,3410.000000000001,3869.1572152040053,0.1584130155558727,2.363043115591079,0.42474131255361247,1.1346502097372446
141,5,700,6910.000000000002,3869.1572152040053,0.15812758669901528,2.041282798471009,0.1807378651391471,0.5599359211583219
141,1,465,4560.000000000002,3869.1572152040053,0.1374339945768517,2.303632710223974,0.26863273907893953,0.8484993892991236
141,3,35,262.252839954494,3869.1572152040053,0.15612958470101326,1.1093789182082971,2.5554141188049333,14.75353790592079
141,2,210,2010.0000000221403,3869.1572152040053,0.156272299129442,0.24809160670610755,0.07463016343771148,1.9249538383887494
142,3,490,4810.000000000001,3408.358239748061,0.15612958470101326,0.5012606815975896,0.055456059116916694,0.7085983866420084
142,5,35,262.252839954494,3408.358239748061,0.15812758669901528,2.0665326312652197,4.246928465672065,12.996458838499052
142,0,620,6110.000000000002,3408.358239748061,0.13757670900528043,2.0205009285270488,0.1550629336198026,0.5578327724628576
142,4,140,1310.0000353340838,3408.358239748061,0.1584130155558727,2.074045542824854,0.8548365405106688,2.6018001128365174
142,1,620,6110.000000000002,3408.358239748061,0.1374339945768517,2.00907477698034,0.15402609191805322,0.5578327724628576
142,6,440,4310.000000000002,3408.358239748061,0.09604681033252462,0.7698742295515492,0.05847506249166583,0.7908023758116147
142,2,210,2010.0000000221403,3408.358239748061,0.156272299129442,1.472539637574773,0.3902098011935476,1.6957006167714017
143,0,31,223.43368382029254,4640.281157585668,0.13757670900528043,1.739699698611499,4.970669115449278,20.768046599982842
143,4,455,4460.000000000002,4640.281157585668,0.1584130155558727,0.7160145972423743,0.11801091410176906,1.0404217842120327
143,1,341,3320.0000000000014,4640.281157585668,0.1374339945768517,2.0574324012466154,0.3952082086048202,1.397675047465562
143,3,560,5510.000000000002,4640.281157585668,0.15612958470101326,2.505274434510207,0.3294072912263895,0.8421562899429521
143,5,700,6910.000000000002,4640.281157585668,0.15812758669901528,0.5776570937751379,0.061340032537068864,0.6715312818503135
143,2,700,6910.000000000002,4640.281157585668,0.156272299129442,2.5281132800383195,0.26530459983011156,0.6715312818503135
143,6,440,4310.000000000002,4640.281157585668,0.09604681033252462,0.8891144623758563,0.09194066627270071,1.0766313590685999
144,4,560,5510.000000000002,4434.108748609224,0.1584130155558727,2.6962078660721276,0.3437153866250825,0.804738429874632
144,3,245,2360.000000000555,4434.108748609224,0.15612958470101326,2.5298050508286742,0.7421071177441767,1.8788596392407548
144,5,700,6910.000000000002,4434.108748609224,0.15812758669901528,2.671775853924672,0.2711040192913759,0.6416944643428687
144,0,620,6110.000000000002,4434.108748609224,0.13757670900528043,2.5299719404580125,0.2525955823270388,0.7257133794777778
144,6,176,1670.0000007960207,4434.108748609224,0.09604681033252462,0.5474999583298994,0.13962298097106868,2.6551549380213566
144,1,620,6110.000000000002,4434.108748609224,0.1374339945768517,1.0902592244259646,0.10873993508394221,0.7257133794777778
144,2,175,1660.0000008844675,4434.108748609224,0.156272299129442,2.719214839305032,1.1350729529132992,2.6711498471365536
145,2,140,1310.0000353340838,4052.8157667819314,0.156272299129442,1.769697185883958,0.8555916088272459,3.0937524102801714
145,4,385,3760.0000000000014,4052.8157667819314,0.1584130155558727,2.267293017323482,0.3871395392700284,1.0778765337185985
145,6,440,4310.000000000002,4052.8157667819314,0.09604681033252462,0.23112594747360982,0.020874267428114386,0.9403284841721414
145,3,700,6910.000000000002,4052.8157667819314,0.15612958470101326,1.957321676206036,0.17923640511010785,0.5865145827470232
145,1,527,5180.000000000002,4052.8157667819314,0.1374339945768517,1.1174405129365037,0.120156061524988,0.7823968661741177
145,5,140,1310.0000353340838,4052.8157667819314,0.15812758669901528,1.9896014595534732,0.9733281599225746,3.0937524102801714
145,0,620,6110.000000000002,4052.8157667819314,0.13757670900528043,1.0597264998017775,0.09670620988237469,0.6633086361345222
146,6,220,2110.0000000077202,4602.31935107018,0.09604681033252462,0.279637992790892,0.05858324421205487,2.18119400523855
146,3,70,610.0563920873398,4602.31935107018,0.15612958470101326,1.6771124252734027,1.975395907874848,7.544088400292151
146,5,455,4460.000000000002,4602.31935107018,0.15812758669901528,1.7000370063695156,0.2774009283106522,1.0319101684013854
146,2,700,6910.000000000002,4602.31935107018,0.156272299129442,1.6685571424770922,0.17366879437663035,0.666037532716379
146,1,434,4250.000000000002,4602.31935107018,0.1374339945768517,1.2829397986470275,0.19093619694903935,1.0828986708400419
146,4,700,6910.000000000002,4602.31935107018,0.1584130155558727,1.599891258895862,0.16880294928290948,0.666037532716379
146,0,620,6110.000000000002,4602.31935107018,0.13757670900528043,1.28692896292132,0.13336290034499687,0.7532437563126316
147,0,155,1460.0000072749747,4520.348232228272,0.13757670900528043,1.4911327381334933,0.6351557827628026,3.096128910756173
147,1,620,6110.000000000002,4520.348232228272,0.1374339945768517,1.7756387582381647,0.18054250677002226,0.7398278612484894
147,5,700,6910.000000000002,4520.348232228272,0.15812758669901528,2.321184328482862,0.2401104811114931,0.6541748527103141
147,4,700,6910.000000000002,4520.348232228272,0.1584130155558727,2.1219368742471882,0.21989591748395532,0.6541748527103141
147,2,175,1660.0000008844675,4520.348232228272,0.156272299129442,0.9299569470651954,0.3957388151628804,2.723101343264926
147,3,595,5860.000000000002,4520.348232228272,0.15612958470101326,1.149342278246339,0.13842319321954202,0.7713904833154045
147,6,132,1230.0000820831015,4520.348232228272,0.09604681033252462,0.4831662742380566,0.1705478744806278,3.675079618346617
148,4,560,5510.000000000002,4744.388973685988,0.1584130155558727,2.321227231970549,0.3166191708759635,0.8610506304330284
148,5,35,262.252839954494,4744.388973685988,0.15812758669901528,1.6739943332993032,4.788745031757375,18.090896458963925
148,2,700,6910.000000000002,4744.388973685988,0.156272299129442,1.796718538413289,0.19278102766779234,0.686597535989289
148,6,44,350.8727963568088,4744.388973685988,0.09604681033252462,0.2959259790870593,0.38432322469858693,13.521678006810578
148,1,620,6110.000000000002,4744.388973685988,0.1374339945768517,2.232806211103719,0.23827818254015243,0.7764957403741386
148,0,589,5800.000000000002,4744.388973685988,0.13757670900528043,1.2580836425253505,0.14158157083693118,0.817998098911377
148,3,700,6910.000000000002,4744.388973685988,0.15612958470101326,1.446127740795647,0.15502227364782603,0.686597535989289
149,3,700,6910.000000000002,4620.021407202452,0.15612958470101326,3.010188201375156,0.3142279370306609,0.6685993353404415
149,6,440,4310.000000000002,4620.021407202452,0.09604681033252462,0.9334067378720667,0.09609938226940701,1.0719307209286426
149,5,455,4460.000000000002,4620.021407202452,0.15812758669901528,0.4862804162992352,0.07965325942449641,1.0358792392830605
149,1,496,4870.000000000001,4620.021407202452,0.1374339945768517,2.258492583680945,0.2944610559133803,0.9486696934707292
149,2,700,6910.000000000002,4620.021407202452,0.156272299129442,2.739746557122202,0.28625846099143976,0.6685993353404415
149,0,186,1770.0000002775555,4620.021407202452,0.13757670900528043,2.232821033124215,0.8018064627021808,2.6101815855807806
149,4,280,2710.0000000000146,4620.021407202452,0.1584130155558727,0.8375644393359987,0.2261954102831608,1.7048049473071687
150,1,620,6110.000000000002,4699.901312544508,0.1374339945768517,1.8622293382111235,0.19686787911208278,0.7692146174377261
150,4,35,262.252839954494,4699.901312544508,0.1584130155558727,0.8184812741949202,2.3236362761175435,17.92125993129391
150,0,620,6110.000000000002,4699.901312544508,0.13757670900528043,1.7636062753929636,0.18663542518701776,0.7692146174377261
150,3,630,6210.000000000002,4699.901312544508,0.15612958470101326,2.383829373174234,0.28168097150263866,0.7568279086223039
150,2,560,5510.000000000002,4699.901312544508,0.156272299129442,2.4618816734131648,0.32816050929840607,0.8529766447449195
150,6,66,570.0859504455718,4699.901312544508,0.09604681033252462,0.48332541051201794,0.3827110272158433,8.244197754516009
150,5,700,6910.000000000002,4699.901312544508,0.15812758669901528,0.786358053548228,0.08457435090824818,0.6801593795288722
