round,cid,tau,a_i,a_eff,p_i,raw_update_norm,contribution_norm,amp_vs_fedavg
1,4,700,6910.000000000002,4679.4412383836925,0.1584130155558727,4.397875703612575,0.47179112041432036,0.6771984426025602
1,0,310,3010.0000000000014,4679.4412383836925,0.13757670900528043,2.850496639193641,0.6096673705258876,1.5546316406590333
1,2,315,3060.0000000000014,4679.4412383836925,0.156272299129442,2.8860391625296216,0.6896945485252808,1.529229162870487
1,5,490,4810.000000000001,4679.4412383836925,0.15812758669901528,3.632179480036643,0.5587581427202648,0.9728568063167758
1,1,620,6110.000000000002,4679.4412383836925,0.1374339945768517,4.0050690045450965,0.4215576360775147,0.7658659964621426
1,6,22,138.8629381196525,4679.4412383836925,0.09604681033252462,1.933386713145489,6.257621984977305,33.69827328838174
1,3,700,6910.000000000002,4679.4412383836925,0.15612958470101326,3.9703848928024414,0.41979162005662474,0.6771984426025602
2,3,700,6910.000000000002,4910.450987755497,0.15612958470101326,5.577987185461641,0.6188794326798722,0.7106296653770616
2,0,31,223.43368382029254,4910.450987755497,0.13757670900528043,3.604847302472584,10.89944851531408,21.97721893940113
2,4,700,6910.000000000002,4910.450987755497,0.1584130155558727,5.437686728825226,0.6121366441542313,0.7106296653770616
2,2,525,5160.000000000001,4910.450987755497,0.156272299129442,4.611702788885829,0.6858276514138275,0.9516377883247086
2,6,330,3210.000000000001,4910.450987755497,0.09604681033252462,3.0136921490061584e-05,4.427903848704957e-06,1.5297355102042043
2,1,372,3630.000000000001,4910.450987755497,0.1374339945768517,4.365867170063939,0.8116699049717192,1.352741318940908
2,5,700,6910.000000000002,4910.450987755497,0.15812758669901528,5.501324861547325,0.6181847220215513,0.7106296653770616
3,2,700,6910.000000000002,4289.609182855769,0.156272299129442,3.9466572918017753,0.38286978701977864,0.6207828050442501
3,3,105,960.0014115816389,4289.609182855769,0.15612958470101326,1.9954263084701298,1.3920882027199737,4.468336328577346
3,4,315,3060.0000000000014,4289.609182855769,0.1584130155558727,3.1071236183273134,0.6899946023184946,1.4018330662927343
3,6,264,2550.0000000000755,4289.609182855769,0.09604681033252462,0.9299163134900076,0.15024649839167464,1.6821996795512322
3,5,420,4110.000000000002,4289.609182855769,0.15812758669901528,3.4863348813186135,0.5753772000167883,1.0437005311084593
3,0,620,6110.000000000002,4289.609182855769,0.13757670900528043,3.387441477810316,0.32718488589026096,0.7020636960484072
3,1,620,6110.000000000002,4289.609182855769,0.1374339945768517,3.2922592745245054,0.31766159742847094,0.7020636960484072
4,5,70,610.0563920873398,4807.104686409976,0.15812758669901528,1.5044971603769837,1.8746172687067022,7.8797710322519805
4,0,403,3940.000000000001,4807.104686409976,0.13757670900528043,2.7233749050505494,0.4571299813760823,1.2200773315761357
4,2,700,6910.000000000002,4807.104686409976,0.156272299129442,3.642559885457,0.39599913280890525,0.6956736159782887
4,3,700,6910.000000000002,4807.104686409976,0.15612958470101326,3.605796581635893,0.3916444349640504,0.6956736159782887
4,1,589,5800.000000000002,4807.104686409976,0.1374339945768517,3.500717841373274,0.39875566322458555,0.828811152829306
4,4,700,6910.000000000002,4807.104686409976,0.1584130155558727,3.9762523577575926,0.4381979420432991,0.6956736159782887
4,6,132,1230.0000820831015,4807.104686409976,0.09604681033252462,0.44481420414974004,0.1669706098415304,3.908214931391523
5,2,700,6910.000000000002,4961.757037823957,0.156272299129442,3.6168163536789635,0.4058503327793727,0.7180545640845087
5,4,560,5510.000000000002,4961.757037823957,0.1584130155558727,3.2493704726029433,0.46352587936144374,0.9005003698410082
5,0,589,5800.000000000002,4961.757037823957,0.13757670900528043,3.3276343398545145,0.3916408771842691,0.8554753513489578
5,1,620,6110.000000000002,4961.757037823957,0.1374339945768517,3.560511312180907,0.39737525871816276,0.8120715282854264
5,5,105,960.0014115816389,4961.757037823957,0.15812758669901528,1.2672930651298764,1.0357342168641162,5.168489314665979
5,3,525,5160.000000000001,4961.757037823957,0.15612958470101326,3.046517707240462,0.45737740272415006,0.9615808212837125
5,6,440,4310.000000000002,4961.757037823957,0.09604681033252462,0.4336289756803858,0.04794678213830074,1.1512197303535858
6,6,440,4310.000000000002,4960.499500637719,0.09604681033252462,0.4931585554064246,0.05451520613124939,1.1509279583846213
6,5,560,5510.000000000002,4960.499500637719,0.15812758669901528,3.0215548388959883,0.4301420841693509,0.9002721416765368
6,0,620,6110.000000000002,4960.499500637719,0.13757670900528043,3.2262415653131473,0.36035122150284377,0.8118657120519996
6,1,620,6110.000000000002,4960.499500637719,0.1374339945768517,3.681614083203436,0.4107869442431403,0.8118657120519996
6,4,665,6560.000000000001,4960.499500637719,0.1584130155558727,3.5949406050641883,0.43062987088325244,0.7561737043655059
6,3,455,4460.000000000002,4960.499500637719,0.15612958470101326,2.7428997321276998,0.47630560055452387,1.1122196189770668
6,2,175,1660.0000008844675,4960.499500637719,0.156272299129442,1.8893042298916707,0.8822694077790467,2.9882527096353657
7,3,525,5160.000000000001,4215.038189698494,0.15612958470101326,2.8304594926349833,0.36098899362821774,0.8168678662206381
7,1,248,2390.0000000004047,4215.038189698494,0.1374339945768517,2.121683907915976,0.5142549313504633,1.7636143053128785
7,0,620,6110.000000000002,4215.038189698494,0.13757670900528043,3.304276842742174,0.31360403848106105,0.689858950850817
7,4,70,610.0563920873398,4215.038189698494,0.1584130155558727,1.077323090042491,1.1791481155226846,6.9092599378829895
7,6,440,4310.000000000002,4215.038189698494,0.09604681033252462,0.46248577988522455,0.043441576190699036,0.9779670973778404
7,2,700,6910.000000000002,4215.038189698494,0.156272299129442,3.3962814471401943,0.3237495257050809,0.6099910549491306
7,5,420,4110.000000000002,4215.038189698494,0.15812758669901528,2.6773609377261036,0.43418444221526553,1.0255567371529177
8,1,620,6110.000000000002,5982.902811474241,0.1374339945768517,3.5769685358069645,0.48137111591670684,0.9791984961496301
8,6,440,4310.000000000002,5982.902811474241,0.09604681033252462,0.48564573204257416,0.06474961657867825,1.3881445038223292
8,2,595,5860.000000000002,5982.902811474241,0.156272299129442,3.220100897540573,0.5137665365076953,1.0209731760194949
8,5,630,6210.000000000002,5982.902811474241,0.15812758669901528,3.301354498762636,0.5029446028655191,0.9634304044241931
8,0,527,5180.000000000002,5982.902811474241,0.13757670900528043,2.8629586897478956,0.454927495688049,1.1550005427556447
8,4,700,6910.000000000002,5982.902811474241,0.1584130155558727,3.623858350325476,0.49704530464216007,0.8658325342220318
8,3,665,6560.000000000001,5982.902811474241,0.15612958470101326,3.4373485086621267,0.48945963291502964,0.9120278676027805
9,3,700,6910.000000000002,4389.012509254959,0.15612958470101326,3.5072344517780016,0.3478073651514394,0.6351682357821936
9,5,315,3060.0000000000014,4389.012509254959,0.15812758669901528,2.1162379752462996,0.47997380770841497,1.434317813482012
9,2,560,5510.000000000002,4389.012509254959,0.156272299129442,3.1042219011054497,0.38641144407118033,0.7965539944201374
9,6,440,4310.000000000002,4389.012509254959,0.09604681033252462,0.4252076596979681,0.04158853043876107,1.018332368736649
9,4,35,262.252839954494,4389.012509254959,0.1584130155558727,0.7732925741229929,2.050129617290239,16.735805454066917
9,1,620,6110.000000000002,4389.012509254959,0.1374339945768517,3.7129332837840616,0.36655312270849827,0.718332652905885
9,0,496,4870.000000000001,4389.012509254959,0.13757670900528043,2.8137155389445123,0.34886946789753714,0.9012346014897245
10,6,22,138.8629381196525,4186.792700199527,0.09604681033252462,0.6908569611558437,2.000627310140828,30.150540935493808
10,5,420,4110.000000000002,4186.792700199527,0.15812758669901528,2.448899149470425,0.39447381452195984,1.0186843552796898
10,2,700,6910.000000000002,4186.792700199527,0.156272299129442,3.737721210125549,0.35390957907790727,0.6059034298407417
10,3,70,610.0563920873398,4186.792700199527,0.15612958470101326,1.8830394062140539,2.0176976556334947,6.862960136970612
10,4,700,6910.000000000002,4186.792700199527,0.1584130155558727,3.603736519648603,0.3458974043702216,0.6059034298407417
10,0,310,3010.0000000000014,4186.792700199527,0.13757670900528043,2.3343168740492297,0.44670384279630665,1.3909610299666195
10,1,620,6110.000000000002,4186.792700199527,0.1374339945768517,3.7823134513877,0.35619837588774195,0.6852361211455852
11,4,700,6910.000000000002,5412.7600970458125,0.1584130155558727,4.28544604067567,0.5317746420002073,0.7833227347389018
11,0,372,3630.000000000001,5412.7600970458125,0.13757670900528043,2.449640044586767,0.5025269333416699,1.4911184840346587
11,3,350,3410.000000000001,5412.7600970458125,0.15612958470101326,2.223087180229078,0.5509422757405752,1.5873196765530238
11,5,665,6560.000000000001,5412.7600970458125,0.15812758669901528,3.865319643629435,0.5043220957121305,0.8251158684521055
11,6,352,3430.000000000001,5412.7600970458125,0.09604681033252462,0.1197570107949751,0.018151334187998996,1.5780641682349303
11,2,700,6910.000000000002,5412.7600970458125,0.156272299129442,3.681419107523086,0.4506485678482101,0.7833227347389018
11,1,620,6110.000000000002,5412.7600970458125,0.1374339945768517,3.741732981397124,0.4555588943535506,0.8858854495983324
12,2,700,6910.000000000002,4981.033252465331,0.156272299129442,3.7437548643683503,0.4217264104100335,0.7208441754653155
12,4,210,2010.0000000221403,4981.033252465331,0.1584130155558727,1.9668543621046684,0.772122926691222,2.478125996224112
12,5,700,6910.000000000002,4981.033252465331,0.15812758669901528,3.8196394828752966,0.43538294276547335,0.7208441754653155
12,3,385,3760.0000000000014,4981.033252465331,0.15612958470101326,2.2071828166142238,0.45651505782155277,1.3247428862939705
12,6,374,3650.000000000001,4981.033252465331,0.09604681033252462,0.303720002633093,0.03980915124441272,1.3646666445110494
12,0,620,6110.000000000002,4981.033252465331,0.13757670900528043,3.3985745025500522,0.38117107942999373,0.8152263915655205
12,1,527,5180.000000000002,4981.033252465331,0.1374339945768517,3.163769689997419,0.4181082258597818,0.9615894309778629
13,2,560,5510.000000000002,4576.075701577283,0.156272299129442,3.154244526148671,0.4093727790895021,0.8305037570920657
13,0,62,530.1310020508638,4576.075701577283,0.13757670900528043,1.2430798354201553,1.4762296907847523,8.63197150114648
13,3,700,6910.000000000002,4576.075701577283,0.15612958470101326,3.831026696669377,0.396109753127223,0.6622396094902
13,5,700,6910.000000000002,4576.075701577283,0.15812758669901528,3.713946449045809,0.3889183488312605,0.6622396094902
13,6,440,4310.000000000002,4576.075701577283,0.09604681033252462,0.3737759292066096,0.03811625350625214,1.0617345015260513
13,1,62,530.1310020508638,4576.075701577283,0.1374339945768517,1.271136161426065,1.5079822902932474,8.63197150114648
13,4,630,6210.000000000002,4576.075701577283,0.1584130155558727,3.4947030695665697,0.4079460598974742,0.7368881967113176
14,0,620,6110.000000000002,4318.174902926596,0.13757670900528043,3.329774295937928,0.3237566753198305,0.7067389366491971
14,5,700,6910.000000000002,4318.174902926596,0.15812758669901528,3.654188982490278,0.3610944624416797,0.6249167732165839
14,6,176,1670.0000007960207,4318.174902926596,0.09604681033252462,0.5076385892969072,0.12607278100039274,2.5857334735738315
14,4,245,2360.000000000555,4318.174902926596,0.1584130155558727,2.306636307539004,0.6685874358610496,1.8297351283582968
14,3,105,960.0014115816389,4318.174902926596,0.15612958470101326,1.9154581752506703,1.3451980692165297,4.498092243231432
14,1,620,6110.000000000002,4318.174902926596,0.1374339945768517,3.8947870022194495,0.37830048698730007,0.7067389366491971
14,2,560,5510.000000000002,4318.174902926596,0.156272299129442,3.3895514292524056,0.4151192371487598,0.7836978045238828
15,0,527,5180.000000000002,4766.478162185355,0.13757670900528043,2.915580182159448,0.3690946531323701,0.9201695293794119
15,3,490,4810.000000000001,4766.478162185355,0.15612958470101326,2.958051150765847,0.45766048376189944,0.990951800870136
15,4,560,5510.000000000002,4766.478162185355,0.1584130155558727,3.355752862861115,0.4598612753529985,0.8650595575654
15,5,70,610.0563920873398,4766.478162185355,0.15812758669901528,1.4156827875224511,1.7490459545785761,7.813176329284252
15,1,620,6110.000000000002,4766.478162185355,0.1374339945768517,3.440110309433412,0.3688271950355561,0.7801109921743623
15,2,700,6910.000000000002,4766.478162185355,0.156272299129442,3.9909626790152783,0.43020873934639425,0.6897942347590961
15,6,440,4310.000000000002,4766.478162185355,0.09604681033252462,0.5173652245465509,0.05495415290928652,1.1059114065395252
16,1,155,1460.0000072749747,3871.831027120164,0.1374339945768517,1.5968839363324232,0.5820108213891155,2.6519390464571058
16,0,620,6110.000000000002,3871.831027120164,0.13757670900528043,3.2933664571159342,0.28711782789980894,0.6336875658134473
16,6,440,4310.000000000002,3871.831027120164,0.09604681033252462,0.5345515164661218,0.04612237242250882,0.8983366652250957
16,4,210,2010.0000000221403,3871.831027120164,0.1584130155558727,1.6747395610801514,0.5110442180633428,1.9262840930733909
16,3,245,2360.000000000555,3871.831027120164,0.15612958470101326,2.1588710374196536,0.5529887515424174,1.6406063674234126
16,5,420,4110.000000000002,3871.831027120164,0.15812758669901528,2.579755673244768,0.38429151273921275,0.942051344798093
16,2,700,6910.000000000002,3871.831027120164,0.156272299129442,4.336423803525009,0.37971003053195435,0.5603228693372161
17,1,465,4560.000000000002,5881.03467960611,0.1374339945768517,3.038046773252503,0.5384898519334099,1.2897005876329184
17,4,700,6910.000000000002,5881.03467960611,0.1584130155558727,4.082961843817186,0.5504804193302476,0.8510904022584818
17,2,595,5860.000000000002,5881.03467960611,0.156272299129442,3.5652269437609045,0.5591461076741823,1.0035895357689606
17,3,700,6910.000000000002,5881.03467960611,0.15612958470101326,4.384255253438248,0.5825815525295228,0.8510904022584818
17,0,620,6110.000000000002,5881.03467960611,0.13757670900528043,3.6721787688550864,0.4862742379092366,0.9625261341417526
17,6,308,2990.000000000002,5881.03467960611,0.09604681033252462,0.49137153225825203,0.09282725127997976,1.966901230637494
17,5,665,6560.000000000001,5881.03467960611,0.15812758669901528,3.7801490654537804,0.5358786689094845,0.896499188964346
18,2,105,960.0014115816389,3468.1784449861216,0.156272299129442,1.5947210761083477,0.9003187581461273,3.6126805681172547
18,1,186,1770.0000002775555,3468.1784449861216,0.1374339945768517,1.767039570356272,0.4758483995500762,1.9594228499673858
18,5,700,6910.000000000002,3468.1784449861216,0.15812758669901528,4.25840079738254,0.3379695432125858,0.5019071555696267
18,3,700,6910.000000000002,3468.1784449861216,0.15612958470101326,4.540301753648262,0.3557896493263762,0.5019071555696267
18,6,440,4310.000000000002,3468.1784449861216,0.09604681033252462,0.42737917568545747,0.03303090465550907,0.8046817737786821
18,4,245,2360.000000000555,3468.1784449861216,0.1584130155558727,1.9728820959175761,0.45928411462086555,1.4695671377056383
18,0,93,840.0049979958054,3468.1784449861216,0.13757670900528043,1.1623101966114593,0.6602167354284975,4.128759296981516
19,6,110,1010.0008335248422,4659.315708273504,0.09604681033252462,0.3883002287704775,0.17204854316232016,4.613180062448833
19,0,589,5800.000000000002,4659.315708273504,0.13757670900528043,3.4479576417781717,0.3810666861841101,0.8033302945299142
19,1,341,3320.0000000000014,4659.315708273504,0.1374339945768517,2.7055558038436964,0.521836821791396,1.4034083458655127
19,4,700,6910.000000000002,4659.315708273504,0.1584130155558727,4.608126317421267,0.4922200814170547,0.674285920155355
19,2,700,6910.000000000002,4659.315708273504,0.156272299129442,4.1796883417941935,0.4404230019213204,0.674285920155355
19,5,700,6910.000000000002,4659.315708273504,0.15812758669901528,4.318936522388794,0.4604988555012671,0.674285920155355
19,3,35,262.252839954494,4659.315708273504,0.15612958470101326,1.0790161881416929,2.993057798468993,17.766502391668997
20,6,440,4310.000000000002,4786.7989153738545,0.09604681033252462,0.6308790842994457,0.06729719918713424,1.1106261984626107
20,3,700,6910.000000000002,4786.7989153738545,0.15612958470101326,4.430144399403175,0.47914859967772266,0.6927350094607603
20,4,210,2010.0000000221403,4786.7989153738545,0.1584130155558727,2.5698230959083213,0.969489736485821,2.3814919976722027
20,2,700,6910.000000000002,4786.7989153738545,0.156272299129442,4.4417819348197725,0.48084640308988297,0.6927350094607603
20,1,527,5180.000000000002,4786.7989153738545,0.1374339945768517,3.4669452428801595,0.44030800000696907,0.9240924547053769
20,0,558,5490.000000000002,4786.7989153738545,0.13757670900528043,3.31739561731146,0.3979376422711096,0.8719123707420497
20,5,280,2710.0000000000146,4786.7989153738545,0.15812758669901528,2.7416556786994706,0.765766648084275,1.7663464632375752
21,0,620,6110.000000000002,4226.436644411583,0.13757670900528043,3.5356952958922645,0.3364750761092903,0.6917244917203899
21,6,176,1670.0000007960207,4226.436644411583,0.09604681033252462,0.4264414055606735,0.10365737452332309,2.5308003846688703
21,3,700,6910.000000000002,4226.436644411583,0.15612958470101326,4.565304961792884,0.43596468796199445,0.6116406142419076
21,4,105,960.0014115816389,4226.436644411583,0.1584130155558727,1.890940290683919,1.318776405149829,4.402531697790286
21,2,700,6910.000000000002,4226.436644411583,0.156272299129442,4.442335128542521,0.42460943091561526,0.6116406142419076
21,1,403,3940.000000000001,4226.436644411583,0.1374339945768517,3.1491051801025827,0.46425808671644125,1.0726996559420259
21,5,245,2360.000000000555,4226.436644411583,0.15812758669901528,2.265695521218431,0.6416106280013943,1.7908629849197413
22,2,700,6910.000000000002,5114.973818220396,0.156272299129442,4.713032850405122,0.5451899433931202,0.740227759510911
22,0,589,5800.000000000002,5114.973818220396,0.13757670900528043,3.4702811289146664,0.42104158944694153,0.881892037624206
22,1,403,3940.000000000001,5114.973818220396,0.1374339945768517,2.90957155277237,0.5191231599809458,1.29821670513208
22,4,665,6560.000000000001,5114.973818220396,0.1584130155558727,4.238315591446067,0.5235084894373514,0.7797216186311579
22,6,440,4310.000000000002,5114.973818220396,0.09604681033252462,0.42599583568410354,0.04855729052483171,1.1867688673365184
22,3,105,960.0014115816389,5114.973818220396,0.15612958470101326,1.498224075284829,1.2463313504772908,5.328089892902639
22,5,700,6910.000000000002,5114.973818220396,0.15812758669901528,4.37969562390685,0.5126452526272206,0.740227759510911
23,4,700,6910.000000000002,4660.266876121023,0.1584130155558727,4.622406324774688,0.4938462047046393,0.674423571073954
23,1,279,2700.0000000000164,4660.266876121023,0.1374339945768517,2.5820559630725817,0.612501059340074,1.7260247689337018
23,2,665,6560.000000000001,4660.266876121023,0.156272299129442,4.3442941118911085,0.482289902932482,0.7104065359940583
23,3,700,6910.000000000002,4660.266876121023,0.15612958470101326,4.819829423269286,0.5075158540516334,0.674423571073954
23,5,175,1660.0000008844675,4660.266876121023,0.15812758669901528,1.919187564715643,0.8519767895799225,2.807389682914445
23,6,440,4310.000000000002,4660.266876121023,0.09604681033252462,0.40750546758395967,0.04232041370689245,1.0812684167334157
23,0,310,3010.0000000000014,4660.266876121023,0.13757670900528043,2.5241589437504923,0.5376577461580916,1.548261420638213
24,0,31,223.43368382029254,3630.6039497332595,0.13757670900528043,0.8446657891953971,1.8882524242152192,16.24913436352484
24,6,132,1230.0000820831015,3630.6039497332595,0.09604681033252462,0.352301727189135,0.0998783719156108,2.9517103312583095
24,1,620,6110.000000000002,3630.6039497332595,0.1374339945768517,4.402326000979626,0.35951253298921687,0.5942068657501242
24,2,70,610.0563920873398,3630.6039497332595,0.156272299129442,1.274363705243258,1.1851799327310995,5.951259583250916
24,5,245,2360.000000000555,3630.6039497332595,0.15812758669901528,2.1358247378437416,0.5195652877328513,1.538391504123901
24,4,700,6910.000000000002,3630.6039497332595,0.1584130155558727,4.721180373509308,0.3929545146548159,0.5254130173275338
24,3,700,6910.000000000002,3630.6039497332595,0.15612958470101326,4.84151280457519,0.39716147753438347,0.5254130173275338
25,5,315,3060.0000000000014,3653.112063105145,0.15812758669901528,2.8873913060484795,0.5450732332197178,1.193827471602988
25,3,700,6910.000000000002,3653.112063105145,0.15612958470101326,4.782860894966138,0.3947825082447179,0.5286703419833783
25,1,62,530.1310020508638,3653.112063105145,0.1374339945768517,0.9346556880753009,0.8851678167652309,6.890961005813134
25,4,700,6910.000000000002,3653.112063105145,0.1584130155558727,4.784943216636575,0.4007306834663104,0.5286703419833783
25,6,440,4310.000000000002,3653.112063105145,0.09604681033252462,0.4658909502320759,0.03792738899511637,0.8475898058248592
25,0,31,223.43368382029254,3653.112063105145,0.13757670900528043,0.5184516905743033,1.1661852934590482,16.349871696352366
25,2,315,3060.0000000000014,3653.112063105145,0.156272299129442,2.838363539874794,0.5295312435118055,1.193827471602988
26,5,280,2710.0000000000146,4095.693100142,0.15812758669901528,2.7529779692449514,0.6579130402446893,1.5113258672110619
26,1,620,6110.000000000002,4095.693100142,0.1374339945768517,3.953650245495085,0.3642324316718476,0.6703262029692305
26,3,700,6910.000000000002,4095.693100142,0.15612958470101326,4.744246204196145,0.43903766751395623,0.5927196961131691
26,0,155,1460.0000072749747,4095.693100142,0.13757670900528043,1.5182859519729248,0.5859668383433171,2.8052692326943407
26,2,105,960.0014115816389,4095.693100142,0.156272299129442,1.764287816556148,1.1762698668909768,4.266340706097702
26,4,630,6210.000000000002,4095.693100142,0.1584130155558727,4.3223080439665,0.45158798937252437,0.6595319001838967
26,6,440,4310.000000000002,4095.693100142,0.09604681033252462,0.46525533070484104,0.042464346099728045,0.9502768213786539
27,5,700,6910.000000000002,5545.754246530622,0.15812758669901528,4.705135768749529,0.597121042084043,0.8025693555037078
27,1,527,5180.000000000002,5545.754246530622,0.1374339945768517,3.519444615699866,0.5178442586315456,1.0706089279016642
27,2,560,5510.000000000002,5545.754246530622,0.156272299129442,4.161958949565139,0.6546193154185329,1.006488973962
27,3,525,5160.000000000001,5545.754246530622,0.15612958470101326,4.062315946934818,0.6816631560390973,1.0747585749090351
27,0,620,6110.000000000002,5545.754246530622,0.13757670900528043,3.8287943564014446,0.47810839310107656,0.9076520861752243
27,6,154,1450.0000080833054,5545.754246530622,0.09604681033252462,0.34462808433118314,0.12659782035292336,3.8246580797343057
27,4,700,6910.000000000002,5545.754246530622,0.1584130155558727,4.5795869544157926,0.5822369240803946,0.8025693555037078
28,5,700,6910.000000000002,4283.011494829558,0.15812758669901528,4.387751984428883,0.4300519356978204,0.6198280021461008
28,3,105,960.0014115816389,4283.011494829558,0.15612958470101326,1.61815370873669,1.127151636191114,4.461463746988802
28,6,440,4310.000000000002,4283.011494829558,0.09604681033252462,0.3435722078887666,0.03279238032966099,0.9937381658537253
28,0,620,6110.000000000002,4283.011494829558,0.13757670900528043,3.789073789518779,0.3654146956115367,0.7009838780408439
28,4,420,4110.000000000002,4283.011494829558,0.1584130155558727,3.5291212054691363,0.5825924518837041,1.042095254216437
28,1,248,2390.0000000004047,4283.011494829558,0.1374339945768517,2.48217074221128,0.6113320442642254,1.7920550187568336
28,2,525,5160.000000000001,4283.011494829558,0.156272299129442,4.124500184929991,0.5349988733364519,0.8300409873700691
29,6,440,4310.000000000002,4446.316540602312,0.09604681033252462,0.38027443365490954,0.037679330924718105,1.0316279676571485
29,0,248,2390.0000000004047,4446.316540602312,0.13757670900528043,2.1834167025442643,0.5588355442981728,1.8603834897914473
29,2,385,3760.0000000000014,4446.316540602312,0.156272299129442,3.331667123774494,0.6156815475952736,1.1825309948410399
29,3,385,3760.0000000000014,4446.316540602312,0.15612958470101326,3.3836520059677713,0.6247171499725084,1.1825309948410399
29,4,700,6910.000000000002,4446.316540602312,0.1584130155558727,4.619754395413362,0.470903674036317,0.6434611491464993
29,5,385,3760.0000000000014,4446.316540602312,0.15812758669901528,3.3813628332766186,0.63228364799624,1.1825309948410399
29,1,620,6110.000000000002,4446.316540602312,0.1374339945768517,3.9793791081721577,0.3979867857520872,0.72771138144064
30,4,490,4810.000000000001,4412.964399346084,0.1584130155558727,3.9129636110638146,0.5686984151528024,0.9174562160802667
30,1,248,2390.0000000004047,4412.964399346084,0.1374339945768517,2.6649283217319537,0.6762577028242319,1.8464286189729442
30,5,700,6910.000000000002,4412.964399346084,0.15812758669901528,4.518980403247237,0.4563525455748906,0.6386345006289555
30,3,700,6910.000000000002,4412.964399346084,0.15612958470101326,4.725298373108469,0.47115826917585835,0.6386345006289555
30,2,105,960.0014115816389,4412.964399346084,0.156272299129442,1.4928658202310063,1.0724111697367569,4.596831156816277
30,6,176,1670.0000007960207,4412.964399346084,0.09604681033252462,0.37197249627164364,0.09440776764933514,2.6424936510434756
30,0,620,6110.000000000002,4412.964399346084,0.13757670900528043,3.350279188150227,0.3329010228702949,0.7222527658504228
31,5,595,5860.000000000002,4685.432766221868,0.15812758669901528,4.2585479373456,0.5384201163711838,0.7995619054986121
31,1,620,6110.000000000002,4685.432766221868,0.1374339945768517,3.489623335797755,0.36777416843396116,0.766846606582957
31,3,700,6910.000000000002,4685.432766221868,0.15612958470101326,4.599826961387817,0.48696568844506627,0.678065523331674
31,2,175,1660.0000008844675,4685.432766221868,0.156272299129442,2.0231237373164888,0.892372276352146,2.8225498576659125
31,0,620,6110.000000000002,4685.432766221868,0.13757670900528043,4.024557325502669,0.4245917333309736,0.766846606582957
31,6,44,350.8727963568088,4685.432766221868,0.09604681033252462,0.3516118558645934,0.4509687718829601,13.353650710091438
31,4,455,4460.000000000002,4685.432766221868,0.1584130155558727,3.6902018754904193,0.6141236722070298,1.0505454632784454
32,4,490,4810.000000000001,4444.041914221317,0.1584130155558727,3.8913088730378553,0.5695339737063444,0.9239172378838495
32,2,700,6910.000000000002,4444.041914221317,0.156272299129442,4.408433071554516,0.44306388616346054,0.6431319702201614
32,1,279,2700.0000000000164,4444.041914221317,0.1374339945768517,2.5579465360989877,0.5786287585849549,1.6459414497115887
32,3,70,610.0563920873398,4444.041914221317,0.15612958470101326,1.3162259319743377,1.4970069335090146,7.284641177212808
32,5,700,6910.000000000002,4444.041914221317,0.15812758669901528,4.362805281840125,0.44368380030101584,0.6431319702201614
32,6,220,2110.0000000077202,4444.041914221317,0.09604681033252462,0.1961772322474244,0.03968507823596565,2.1061810019929177
32,0,620,6110.000000000002,4444.041914221317,0.13757670900528043,3.8348648283276936,0.38373544228258977,0.7273391021638814
33,1,620,6110.000000000002,4252.086491531789,0.1374339945768517,4.691505665433278,0.4487115973559091,0.6959225027056936
33,2,700,6910.000000000002,4252.086491531789,0.156272299129442,4.524921308778172,0.43512804470015204,0.6153526036949042
33,5,140,1310.0000353340838,4252.086491531789,0.15812758669901528,2.2458220272310174,1.1526932833203063,3.2458674632381954
33,4,385,3760.0000000000014,4252.086491531789,0.1584130155558727,3.614107121360729,0.6474498388143899,1.1308740668967519
33,3,595,5860.000000000002,4252.086491531789,0.15612958470101326,3.7884040650867195,0.42918642045627625,0.7256120292716361
33,0,155,1460.0000072749747,4252.086491531789,0.13757670900528043,2.005847416446335,0.8036964348028428,2.912387993386466
33,6,440,4310.000000000002,4252.086491531789,0.09604681033252462,0.3093732645359775,0.029315043741470728,0.9865629910746606
34,5,315,3060.0000000000014,3902.918035791714,0.15812758669901528,2.8729068414226333,0.579424948469079,1.2754634103894484
34,2,700,6910.000000000002,3902.918035791714,0.156272299129442,4.5101713901270095,0.39809473228915276,0.5648217128497414
34,6,198,1890.0000000783903,3902.918035791714,0.09604681033252462,0.3503534309431036,0.06948914181586219,2.0650359976877435
34,3,700,6910.000000000002,3902.918035791714,0.15612958470101326,4.621646176433775,0.40756162178640054,0.5648217128497414
34,4,140,1310.0000353340838,3902.918035791714,0.1584130155558727,1.9311390932264239,0.9114283651509205,2.979326664519035
34,1,31,223.43368382029254,3902.918035791714,0.1374339945768517,1.0099804344263605,2.4246436267571627,17.467903536562673
34,0,620,6110.000000000002,3902.918035791714,0.13757670900528043,3.9831448016642126,0.350041254721528,0.6387754559397238
35,4,385,3760.0000000000014,5277.031539896213,0.1584130155558727,3.7412233501710155,0.8317759184007468,1.4034658350787796
35,6,198,1890.0000000783903,5277.031539896213,0.09604681033252462,0.3436887926976494,0.09216715945121469,2.792080179723461
35,1,465,4560.000000000002,5277.031539896213,0.1374339945768517,3.302830782101338,0.525297507830188,1.157243758749169
35,3,700,6910.000000000002,5277.031539896213,0.15612958470101326,4.595106676223994,0.5478888283192123,0.7636803965117528
35,2,560,5510.000000000002,5277.031539896213,0.156272299129442,4.172177061461906,0.624428653741533,0.957718972757933
35,5,700,6910.000000000002,5277.031539896213,0.15812758669901528,4.257691476541026,0.5141543015060301,0.7636803965117528
35,0,620,6110.000000000002,5277.031539896213,0.13757670900528043,3.9186045199816677,0.4656127145505297,0.8636712831254029
36,0,620,6110.000000000002,4460.349650349652,0.13757670900528043,3.6561983774174798,0.3671997378531542,0.7300081260801392
36,2,350,3410.000000000001,4460.349650349652,0.156272299129442,3.2615686893462046,0.6666886425519516,1.308020425322478
36,1,620,6110.000000000002,4460.349650349652,0.1374339945768517,4.222317952686959,0.42361643198949356,0.7300081260801392
36,3,350,3410.000000000001,4460.349650349652,0.15612958470101326,3.438371592068258,0.7021866045194222,1.308020425322478
36,4,350,3410.000000000001,4460.349650349652,0.1584130155558727,3.1882475020089847,0.6606286666916432,1.308020425322478
36,5,490,4810.000000000001,4460.349650349652,0.15812758669901528,3.6614084877638855,0.5368830032915958,0.927307619615312
36,6,440,4310.000000000002,4460.349650349652,0.09604681033252462,0.3004810730986517,0.029867006940709602,1.0348839095938862
37,4,665,6560.000000000001,4859.759033005612,0.1584130155558727,3.8875247655527208,0.45622063674402513,0.7408169257630505
37,5,350,3410.000000000001,4859.759033005612,0.15812758669901528,3.0407067747421217,0.6852397395032288,1.4251492765412348
37,0,589,5800.000000000002,4859.759033005612,0.13757670900528043,4.096503513550639,0.47222066690410885,0.8378894884492432
37,3,105,960.0014115816389,4859.759033005612,0.15612958470101326,1.779815646378894,1.406705187132854,5.0622415492066555
37,6,440,4310.000000000002,4859.759033005612,0.09604681033252462,0.3251411562510084,0.035212134986174086,1.1275543000013015
37,1,620,6110.000000000002,4859.759033005612,0.1374339945768517,3.6797373400163975,0.402239313561704,0.79537791047555
37,2,700,6910.000000000002,4859.759033005612,0.156272299129442,4.081429016385621,0.44857073617506316,0.7032936371932866
38,5,700,6910.000000000002,5398.247466826426,0.15812758669901528,4.175752212265026,0.5158424815326415,0.7812224988171381
38,3,700,6910.000000000002,5398.247466826426,0.15612958470101326,4.087485335490855,0.4985585336651359,0.7812224988171381
38,1,620,6110.000000000002,5398.247466826426,0.1374339945768517,4.023434004969225,0.48854281574244035,0.8835102237031791
38,6,198,1890.0000000783903,5398.247466826426,0.09604681033252462,0.30788562834570327,0.0844623866909666,2.8562155907949873
38,2,665,6560.000000000001,5398.247466826426,0.156272299129442,3.910241504544836,0.5028454596310623,0.8229035772601258
38,4,385,3760.0000000000014,5398.247466826426,0.1584130155558727,3.286268853001839,0.747409986944697,1.435704113517666
38,0,434,4250.000000000002,5398.247466826426,0.13757670900528043,3.337223769579683,0.5831685628318996,1.2701758745473937
39,4,700,6910.000000000002,5003.10842651501,0.1584130155558727,4.201474426392001,0.48189725590061655,0.7240388460947914
39,1,124,1150.0001906837483,5003.10842651501,0.1374339945768517,2.114359755439294,1.2641978752878988,4.3505283451651815
39,6,110,1010.0008335248422,5003.10842651501,0.09604681033252462,0.27548492656074525,0.13106869352128345,4.9535686114777375
39,2,665,6560.000000000001,5003.10842651501,0.156272299129442,4.136990695560859,0.49306323565949123,0.7626689674565563
39,3,700,6910.000000000002,5003.10842651501,0.15612958470101326,3.6007014454899613,0.40703727777629406,0.7240388460947914
39,5,700,6910.000000000002,5003.10842651501,0.15812758669901528,4.0739375060178995,0.4664272048093046,0.7240388460947914
39,0,341,3320.0000000000014,5003.10842651501,0.13757670900528043,2.726292990643055,0.5652222826651924,1.5069603694322313
40,3,490,4810.000000000001,5224.830883402313,0.15612958470101326,3.6035242567005943,0.6111387418371795,1.0862434269027674
40,4,525,5160.000000000001,5224.830883402313,0.1584130155558727,3.6641727075050925,0.5877455275611609,1.0125641246903705
40,0,620,6110.000000000002,5224.830883402313,0.13757670900528043,3.2815632751310817,0.38606170711441795,0.8551278041574978
40,1,620,6110.000000000002,5224.830883402313,0.1374339945768517,4.329179789132116,0.50878092373753,0.8551278041574978
40,5,700,6910.000000000002,5224.830883402313,0.15812758669901528,3.4338891597688748,0.4105708446280212,0.7561260323302911
40,2,350,3410.000000000001,5224.830883402313,0.156272299129442,3.1148571166218666,0.7458268090535768,1.5322084702059564
40,6,374,3650.000000000001,5224.830883402313,0.09604681033252462,0.2580877663430406,0.035483768653355875,1.4314605160006333
41,4,490,4810.000000000001,4191.577236041696,0.1584130155558727,3.112094748461702,0.4296116686848418,0.8714297788028472
41,5,560,5510.000000000002,4191.577236041696,0.15812758669901528,3.7182672441671594,0.44727447835268097,0.760721821423175
41,1,620,6110.000000000002,4191.577236041696,0.1374339945768517,2.81349164867965,0.2652626248922523,0.6860191875681988
41,6,440,4310.000000000002,4191.577236041696,0.09604681033252462,0.27073865321194346,0.02528910233483468,0.9725237206593258
41,0,620,6110.000000000002,4191.577236041696,0.13757670900528043,2.3901289250501736,0.22558099449489227,0.6860191875681988
41,3,70,610.0563920873398,4191.577236041696,0.15612958470101326,1.4853023835617059,1.5933367516600283,6.870802913317563
41,2,245,2360.000000000555,4191.577236041696,0.156272299129442,2.553011379767745,0.7085984898365657,1.7760920491697927
42,4,700,6910.000000000002,5248.334522658423,0.1584130155558727,4.277992868417627,0.5147239529437497,0.7595274273022319
42,6,352,3430.000000000001,5248.334522658423,0.09604681033252462,0.4072379513130977,0.05984923165968964,1.5301266829907936
42,0,186,1770.0000002775555,5248.334522658423,0.13757670900528043,2.65192330172662,1.081817787669795,2.965160746799676
42,3,455,4460.000000000002,5248.334522658423,0.15612958470101326,3.453368941027221,0.6344754657047134,1.1767566194301393
42,1,527,5180.000000000002,5248.334522658423,0.1374339945768517,2.762206102706602,0.3846289762794876,1.013191992791201
42,2,700,6910.000000000002,5248.334522658423,0.156272299129442,2.6083884548116893,0.3095977047059117,0.7595274273022319
42,5,700,6910.000000000002,5248.334522658423,0.15812758669901528,3.2017100042644517,0.3845325404962938,0.7595274273022319
43,5,700,6910.000000000002,5603.463679177967,0.15812758669901528,3.7803057070595973,0.4847447104079088,0.8109209376523828
43,1,620,6110.000000000002,5603.463679177967,0.1374339945768517,3.258705845127885,0.41072834974377914,0.917097165168243
43,0,589,5800.000000000002,5603.463679177967,0.13757670900528043,3.948504980741877,0.5248149213781623,0.9661144274444767
43,3,560,5510.000000000002,5603.463679177967,0.15612958470101326,3.5091039705220792,0.557168304600143,1.0169625552047123
43,4,350,3410.000000000001,5603.463679177967,0.1584130155558727,3.1824889061632846,0.8284378673078403,1.6432444806973505
43,2,700,6910.000000000002,5603.463679177967,0.156272299129442,3.443409564017288,0.4363642841515084,0.8109209376523828
43,6,418,4090.0000000000014,5603.463679177967,0.09604681033252462,0.36601698057136084,0.04816343288174511,1.3700400193589155
44,4,700,6910.000000000002,4763.878978241236,0.1584130155558727,3.9946467410625615,0.4362665479057856,0.6894180865761556
44,0,620,6110.000000000002,4763.878978241236,0.13757670900528043,3.493060373233858,0.3746886331819294,0.7796855938201693
44,2,245,2360.000000000555,4763.878978241236,0.156272299129442,2.877350425118464,0.9076605826111577,2.0185927873898795
44,3,315,3060.0000000000014,4763.878978241236,0.15612958470101326,2.769581402149168,0.6731915133665388,1.556823195503671
44,6,176,1670.0000007960207,4763.878978241236,0.09604681033252462,0.32306825813180357,0.08851593997695048,2.8526221412996944
44,5,630,6210.000000000002,4763.878978241236,0.15812758669901528,3.647163961134313,0.4424172487027267,0.7671302702481859
44,1,620,6110.000000000002,4763.878978241236,0.1374339945768517,2.3090477312587714,0.24742671545595865,0.7796855938201693
45,0,217,2080.00000001059,4500.99539851074,0.13757670900528043,2.3280526290071912,0.6930793259252623,2.1639400954268386
45,3,490,4810.000000000001,4500.99539851074,0.15612958470101326,2.6809445046594953,0.3916846222910958,0.9357578791082619
45,4,700,6910.000000000002,4500.99539851074,0.1584130155558727,3.9159392898443386,0.40407067491377396,0.6513741531853458
45,6,22,138.8629381196525,4500.99539851074,0.09604681033252462,0.31497031265096687,0.9805613865869915,32.41322313540865
45,1,620,6110.000000000002,4500.99539851074,0.1374339945768517,2.9616085276182393,0.299839731460143,0.7366604580213976
45,5,700,6910.000000000002,4500.99539851074,0.15812758669901528,3.6704914284932246,0.37806143521875263,0.6513741531853458
45,2,280,2710.0000000000146,4500.99539851074,0.156272299129442,2.4915917846831412,0.6466930148301558,1.6608839108895632
46,1,434,4250.000000000002,4596.980162832541,0.1374339945768517,2.4980428072672924,0.3713451409555293,1.081642391254715
46,0,620,6110.000000000002,4596.980162832541,0.13757670900528043,3.0285361460570774,0.31347946523327624,0.7523699120838854
46,4,595,5860.000000000002,4596.980162832541,0.1584130155558727,3.54531542889328,0.4405759188238204,0.7844676045789317
46,3,175,1660.0000008844675,4596.980162832541,0.15612958470101326,2.3187816889967046,1.002558233686455,2.7692651568573594
46,6,440,4310.000000000002,4596.980162832541,0.09604681033252462,0.032328060846631625,0.0033117531729512243,1.0665847245551134
46,2,315,3060.0000000000014,4596.980162832541,0.156272299129442,2.860491465020908,0.6715430535904306,1.502281098964882
46,5,700,6910.000000000002,4596.980162832541,0.15812758669901528,3.636996070776807,0.3826000804848294,0.6652648571392967
47,1,620,6110.000000000002,4982.814328528777,0.1374339945768517,4.061598866087786,0.4552235205685441,0.8155178933762317
47,0,620,6110.000000000002,4982.814328528777,0.13757670900528043,3.1622223358542203,0.3547895443706392,0.8155178933762317
47,6,242,2330.000000000761,4982.814328528777,0.09604681033252462,0.16350063704763318,0.03358313068561539,2.1385469221146565
47,3,385,3760.0000000000014,4982.814328528777,0.15612958470101326,3.0936815642348514,0.6400997734725441,1.3252165767363764
47,2,665,6560.000000000001,4982.814328528777,0.156272299129442,3.717383311465683,0.44125558147776495,0.7595753549586549
47,4,245,2360.000000000555,4982.814328528777,0.1584130155558727,2.8716338065533162,0.9604673816565837,2.111362003613392
47,5,700,6910.000000000002,4982.814328528777,0.15812758669901528,2.7413946979919075,0.31259056729270396,0.7211019288753655
48,2,490,4810.000000000001,4640.164363207694,0.156272299129442,3.266970784489897,0.4925105528200525,0.9646911358020152
48,5,700,6910.000000000002,4640.164363207694,0.15812758669901528,3.12064917638951,0.3313659714066891,0.671514379624847
48,4,700,6910.000000000002,4640.164363207694,0.1584130155558727,2.8553401527325253,0.3037414283032551,0.671514379624847
48,1,620,6110.000000000002,4640.164363207694,0.1374339945768517,2.1710205385276278,0.2265949651397272,0.7594377026526502
48,6,198,1890.0000000783903,4640.164363207694,0.09604681033252462,0.21356409064077536,0.05035965401169186,2.4551134195847815
48,3,70,610.0563920873398,4640.164363207694,0.15612958470101326,1.3902061916842894,1.650926753218093,7.606123668881051
48,0,434,4250.000000000002,4640.164363207694,0.13757670900528043,1.8969616344900477,0.2849363771973421,1.0918033795782804
49,6,440,4310.000000000002,5263.6549165120605,0.09604681033252462,0.3898670635631292,0.045730887826709386,1.2212656418821481
49,0,620,6110.000000000002,5263.6549165120605,0.13757670900528043,3.642474371262941,0.4317055383194062,0.8614819830625301
49,1,527,5180.000000000002,5263.6549165120605,0.1374339945768517,4.541947456158994,0.634298851396787,1.0161495977822508
49,4,525,5160.000000000001,5263.6549165120605,0.1584130155558727,3.3477186126881615,0.540975399008528,1.0200881621147402
49,2,525,5160.000000000001,5263.6549165120605,0.156272299129442,3.1589955880522287,0.5035802959728164,1.0200881621147402
49,3,700,6910.000000000002,5263.6549165120605,0.15612958470101326,3.013315217552792,0.35837617617239825,0.761744561000298
49,5,385,3760.0000000000014,5263.6549165120605,0.15812758669901528,3.2746380620762094,0.7248873363206481,1.3999082224766113
50,2,700,6910.000000000002,5259.576138224023,0.156272299129442,2.984415858092246,0.35498830020437455,0.761154289178585
50,5,525,5160.000000000001,5259.576138224023,0.15812758669901528,3.6648440551212618,0.59069621374284,1.0192977012062059
50,1,620,6110.000000000002,5259.576138224023,0.1374339945768517,3.809039023130863,0.4506289903144591,0.8608144252412474
50,3,420,4110.000000000002,5259.576138224023,0.15612958470101326,2.0995225409898666,0.4194832950202256,1.2797022234121707
50,6,176,1670.0000007960207,5259.576138224023,0.09604681033252462,0.41321757473624493,0.1249959685734029,3.1494467878544903
50,0,465,4560.000000000002,5259.576138224023,0.13757670900528043,3.3354457117542404,0.5292790408699197,1.1534158197859696
50,4,700,6910.000000000002,5259.576138224023,0.1584130155558727,2.686371656047168,0.32391395350994273,0.761154289178585
51,0,248,2390.0000000004047,5326.362209219409,0.13757670900528043,2.760528210534967,0.8463887878472,2.228603434819459
51,1,341,3320.0000000000014,5326.362209219409,0.1374339945768517,2.558580911828077,0.5641387578387845,1.6043259666323515
51,5,700,6910.000000000002,5326.362209219409,0.15812758669901528,3.5810560143326016,0.4364870931758682,0.7708194224630113
51,6,440,4310.000000000002,5326.362209219409,0.09604681033252462,0.294384083755037,0.03494223648776901,1.2358148977307208
51,2,630,6210.000000000002,5326.362209219409,0.156272299129442,2.7266629643578835,0.36547069343916316,0.8577072800675375
51,3,630,6210.000000000002,5326.362209219409,0.15612958470101326,3.391242461802189,0.4541330844398906,0.8577072800675375
51,4,700,6910.000000000002,5326.362209219409,0.1584130155558727,3.827570425403159,0.467376315608363,0.7708194224630113
52,1,620,6110.000000000002,4449.610613226796,0.1374339945768517,2.2721822723963294,0.22741449056732804,0.7282505095297537
52,5,210,2010.0000000221403,4449.610613226796,0.15812758669901528,2.5893127054210443,0.9063962399167524,2.213736623471534
52,4,105,960.0014115816389,4449.610613226796,0.1584130155558727,1.8176724003705564,1.3346168694211356,4.6350042401457445
52,0,620,6110.000000000002,4449.610613226796,0.13757670900528043,2.2610993292612935,0.22654023919525787,0.7282505095297537
52,2,665,6560.000000000001,4449.610613226796,0.156272299129442,3.1609139993457007,0.33505248985529795,0.6782943007967676
52,6,440,4310.000000000002,4449.610613226796,0.09604681033252462,0.3323084910988716,0.03295103970282464,1.032392253648908
52,3,560,5510.000000000002,4449.610613226796,0.15612958470101326,3.5294655498807215,0.4450046614657253,0.8075518354313601
53,5,700,6910.000000000002,4959.408790059675,0.15812758669901528,2.665781112385046,0.3025408268700557,0.7177147308335273
53,6,44,350.8727963568088,4959.408790059675,0.09604681033252462,0.38688559592588045,0.5252253957310905,14.13449216227172
53,4,385,3760.0000000000014,4959.408790059675,0.1584130155558727,2.396061525171512,0.5006461598545799,1.3189916994839557
53,1,620,6110.000000000002,4959.408790059675,0.1374339945768517,2.796418889882305,0.3119500746976634,0.8116871996824343
53,0,620,6110.000000000002,4959.408790059675,0.13757670900528043,2.25700050258782,0.25203756166587266,0.8116871996824343
53,3,665,6560.000000000001,4959.408790059675,0.15612958470101326,3.2835496157578143,0.38757419672494514,0.7560074375090967
53,2,350,3410.000000000001,4959.408790059675,0.156272299129442,3.2260224233451074,0.7332041456565106,1.4543720791963852
54,6,264,2550.0000000000755,5282.3162551734085,0.09604681033252462,0.13496256688481567,0.02685223844406115,2.071496570656177
54,1,620,6110.000000000002,5282.3162551734085,0.1374339945768517,3.241963286499543,0.3851992659754254,0.8645362119760077
54,4,525,5160.000000000001,5282.3162551734085,0.1584130155558727,2.683985160425191,0.4352569045055054,1.0237047006150015
54,5,665,6560.000000000001,5282.3162551734085,0.15812758669901528,2.592186962459074,0.33006123823251515,0.805231136459361
54,2,280,2710.0000000000146,5282.3162551734085,0.156272299129442,2.572817870263148,0.7836933354032516,1.9491941901008782
54,0,620,6110.000000000002,5282.3162551734085,0.13757670900528043,2.9639584961261614,0.3525333624190089,0.8645362119760077
54,3,700,6910.000000000002,5282.3162551734085,0.15612958470101326,3.1548642790821497,0.3765409699975889,0.7644451888818244
55,2,525,5160.000000000001,3679.639067461729,0.156272299129442,3.012122374130741,0.33566814869489914,0.7131083464073117
55,1,62,530.1310020508638,3679.639067461729,0.1374339945768517,1.6860534299410117,1.6083757680196615,6.940999589208487
55,3,35,262.252839954494,3679.639067461729,0.15612958470101326,1.4710449624681008,3.222524092484333,14.030883585856376
55,6,440,4310.000000000002,3679.639067461729,0.09604681033252462,0.16403827754852132,0.013451047247871394,0.8537445632161781
55,4,700,6910.000000000002,3679.639067461729,0.1584130155558727,3.178583093364618,0.26813382540066416,0.5325092717021315
55,5,700,6910.000000000002,3679.639067461729,0.15812758669901528,2.3408568290527327,0.19711045888956719,0.5325092717021315
55,0,124,1150.0001906837483,3679.639067461729,0.13757670900528043,1.6771373061803112,0.7382795600136863,3.1996856150727675
56,5,630,6210.000000000002,5566.330197855404,0.15812758669901528,2.7813149418359826,0.3942168442172225,0.8963494682536879
56,4,700,6910.000000000002,5566.330197855404,0.1584130155558727,3.6635257424145595,0.4674993666121206,0.8055470619182926
56,1,620,6110.000000000002,5566.330197855404,0.1374339945768517,1.7087241988655228,0.2139409375510446,0.9110196723167597
56,0,589,5800.000000000002,5566.330197855404,0.13757670900528043,1.6555364116786784,0.2185871487720422,0.9597121030785176
56,3,455,4460.000000000002,5566.330197855404,0.15612958470101326,1.8256084858926271,0.3557352951682148,1.2480560981738569
56,2,700,6910.000000000002,5566.330197855404,0.156272299129442,3.595866890242841,0.45266459387618174,0.8055470619182926
56,6,88,790.008464149783,5566.330197855404,0.09604681033252462,0.6250799498486415,0.42301496957275736,7.045912101519011
57,3,175,1660.0000008844675,4101.345802785541,0.15612958470101326,2.000890609897622,0.7718392334514375,2.4706902413254794
57,5,140,1310.0000353340838,4101.345802785541,0.15812758669901528,2.481390942031859,1.2284512207687424,3.130798238291339
57,4,420,4110.000000000002,4101.345802785541,0.1584130155558727,3.390385688239295,0.5359503188724962,0.9978943559088904
57,2,700,6910.000000000002,4101.345802785541,0.156272299129442,2.732799315437433,0.2534767223150189,0.5935377428054327
57,6,242,2330.000000000761,4101.345802785541,0.09604681033252462,0.30505404695566446,0.05157392741684789,1.7602342501219752
57,1,620,6110.000000000002,4101.345802785541,0.1374339945768517,1.6990212957290058,0.156739396382397,0.6712513588847038
57,0,620,6110.000000000002,4101.345802785541,0.13757670900528043,2.698337276127379,0.2491875426073758,0.6712513588847038
58,1,434,4250.000000000002,4397.866642505065,0.1374339945768517,2.852695308558112,0.4056978288200904,1.0347921511776619
58,4,700,6910.000000000002,4397.866642505065,0.1584130155558727,2.614764626639027,0.26362553311362535,0.6364495864696185
58,2,700,6910.000000000002,4397.866642505065,0.156272299129442,2.8967634013603925,0.28811046616830044,0.6364495864696185
58,5,105,960.0014115816389,4397.866642505065,0.15812758669901528,1.8152530384122103,1.314967440873871,4.581104349898207
58,3,280,2710.0000000000146,4397.866642505065,0.15612958470101326,1.9625205764860885,0.497247019387696,1.622829019374554
58,6,242,2330.000000000761,4397.866642505065,0.09604681033252462,0.2871036343546844,0.05204844653349881,1.8874964130916863
58,0,620,6110.000000000002,4397.866642505065,0.13757670900528043,3.945894984770354,0.39074307060554553,0.719781774550747
59,4,70,610.0563920873398,4872.5264236419125,0.1584130155558727,1.5775194893460562,1.995950726202505,7.987009868006315
59,1,620,6110.000000000002,4872.5264236419125,0.1374339945768517,2.2794049739978153,0.24982083406992134,0.7974674997777269
59,0,620,6110.000000000002,4872.5264236419125,0.13757670900528043,2.704266694447899,0.29669308787920884,0.7974674997777269
59,3,560,5510.000000000002,4872.5264236419125,0.15612958470101326,2.532169943641367,0.34960743342065204,0.884306065996717
59,5,665,6560.000000000001,4872.5264236419125,0.15812758669901528,2.835753929776166,0.33306312234779767,0.7427631743356573
59,6,132,1230.0000820831015,4872.5264236419125,0.09604681033252462,0.32550781744069246,0.12384926466702348,3.9614033320956428
59,2,700,6910.000000000002,4872.5264236419125,0.156272299129442,2.6043212916536893,0.2869807186531318,0.705141305881608
60,6,286,2770.000000000008,4194.155849753227,0.09604681033252462,0.4770216516114325,0.06937225849603026,1.5141356858314854
60,2,350,3410.000000000001,4194.155849753227,0.156272299129442,3.0585015395544266,0.5878694483289473,1.2299577272003595
60,4,140,1310.0000353340838,4194.155849753227,0.1584130155558727,1.941691284875781,0.9847915183782983,3.2016456004778724
60,0,620,6110.000000000002,4194.155849753227,0.13757670900528043,3.252233357038771,0.30713546708274214,0.6864412192722137
60,5,280,2710.0000000000146,4194.155849753227,0.15812758669901528,2.1531153345775746,0.5269267060556071,1.5476589851487839
60,3,700,6910.000000000002,4194.155849753227,0.15612958470101326,3.5357445548601336,0.3350677293876626,0.6069690086473554
60,1,620,6110.000000000002,4194.155849753227,0.1374339945768517,2.304390834587443,0.21739705816604585,0.6864412192722137
61,2,700,6910.000000000002,4903.700586906456,0.156272299129442,3.448339122035905,0.38241759731595787,0.7096527622151164
61,1,248,2390.0000000004047,4903.700586906456,0.1374339945768517,2.3266311962200774,0.6560663460990825,2.0517575677429396
61,6,154,1450.0000080833054,4903.700586906456,0.09604681033252462,0.4122345552659668,0.1339008334926415,3.381862454875744
61,3,700,6910.000000000002,4903.700586906456,0.15612958470101326,2.2722161236242244,0.25175652727797104,0.7096527622151164
61,0,155,1460.0000072749747,4903.700586906456,0.13757670900528043,2.308666320868142,1.0667856640519988,3.358699015391785
61,4,630,6210.000000000002,4903.700586906456,0.1584130155558727,2.3971332483384518,0.2998578216266128,0.789645827199107
61,5,700,6910.000000000002,4903.700586906456,0.15812758669901528,2.3501756368445554,0.2637265541136249,0.7096527622151164
62,6,44,350.8727963568088,5062.2744957825225,0.09604681033252462,0.22768407620367875,0.31550888739027433,14.42766309712596
62,5,700,6910.000000000002,5062.2744957825225,0.15812758669901528,2.24918582078911,0.2605557268176702,0.7326012294909582
62,3,315,3060.0000000000014,5062.2744957825225,0.15612958470101326,2.568083676405243,0.6633131985159206,1.6543380705171635
62,1,620,6110.000000000002,5062.2744957825225,0.1374339945768517,3.154342701061996,0.3591761782314428,0.8285228307336369
62,2,700,6910.000000000002,5062.2744957825225,0.156272299129442,2.02504955870022,0.23183836265875188,0.7326012294909582
62,4,665,6560.000000000001,5062.2744957825225,0.1584130155558727,2.420942612649494,0.29594922517776623,0.7716881853327014
62,0,372,3630.000000000001,5062.2744957825225,0.13757670900528043,2.154600317377287,0.41338118075527247,1.3945659767995926
63,5,350,3410.000000000001,4585.403468908822,0.15812758669901528,2.6696403266729547,0.5676538308883773,1.344693099386751
63,6,110,1010.0008335248422,4585.403468908822,0.09604681033252462,0.11815325245944604,0.051521019809707115,4.539999687828018
63,2,105,960.0014115816389,4585.403468908822,0.156272299129442,1.9685611325950145,1.4693883470539988,4.776454923492452
63,1,620,6110.000000000002,4585.403468908822,0.1374339945768517,2.337481349399652,0.24108970687458675,0.7504751994940787
63,0,620,6110.000000000002,4585.403468908822,0.13757670900528043,1.7900795480715894,0.18482196873628107,0.7504751994940787
63,3,665,6560.000000000001,4585.403468908822,0.15612958470101326,2.9140501521148576,0.3180211049758915,0.6989944312361008
63,4,700,6910.000000000002,4585.403468908822,0.1584130155558727,2.231784175953786,0.23460786270839926,0.663589503460032
64,3,700,6910.000000000002,3804.584290712039,0.15612958470101326,2.5093645694418045,0.21571389925974432,0.5505910695675887
64,1,620,6110.000000000002,3804.584290712039,0.1374339945768517,2.1809252819583596,0.18663838024211332,0.6226815533080259
64,0,620,6110.000000000002,3804.584290712039,0.13757670900528043,2.001981949103898,0.17150274432584403,0.6226815533080259
64,4,210,2010.0000000221403,3804.584290712039,0.1584130155558727,2.300359944250022,0.6897596909505777,1.8928280053085231
64,2,315,3060.0000000000014,3804.584290712039,0.156272299129442,2.5448689360163574,0.49446232439821314,1.2433281995790972
64,5,105,960.0014115816389,3804.584290712039,0.15812758669901528,2.014353849932994,1.2623469775793401,3.963102808821751
64,6,110,1010.0008335248422,3804.584290712039,0.09604681033252462,0.19698994007077336,0.0712709377310376,3.7669120305913695
65,2,700,6910.000000000002,5092.197802197861,0.156272299129442,2.8416752091170427,0.3272530161299609,0.7369316645727728
65,6,374,3650.000000000001,5092.197802197861,0.09604681033252462,0.24903911357597006,0.03337051501316896,1.3951226855336603
65,1,248,2390.0000000004047,5092.197802197861,0.1374339945768517,1.8438879575097389,0.539928263198466,2.130626695479916
65,4,700,6910.000000000002,5092.197802197861,0.1584130155558727,2.3402463316166413,0.2731993439963066,0.7369316645727728
65,3,630,6210.000000000002,5092.197802197861,0.15612958470101326,2.3412873886456036,0.29974613730606936,0.8199996460866119
65,5,280,2710.0000000000146,5092.197802197861,0.15812758669901528,1.7610748337978936,0.5232646883519262,1.8790397794087947
65,0,620,6110.000000000002,5092.197802197861,0.13757670900528043,2.1732122084160053,0.24917880996429195,0.8334202622255089
66,2,700,6910.000000000002,4172.957042957188,0.156272299129442,3.1759281920667113,0.2997219453923608,0.6039011639590719
66,6,440,4310.000000000002,4172.957042957188,0.09604681033252462,0.23638194357274253,0.0219818322738857,0.9682034902452867
66,4,245,2360.000000000555,4172.957042957188,0.1584130155558727,2.1484692901218696,0.6017996387345091,1.7682021368458503
66,0,310,3010.0000000000014,4172.957042957188,0.13757670900528043,1.8454083845794527,0.35197743683003274,1.3863644660987329
66,5,315,3060.0000000000014,4172.957042957188,0.15812758669901528,2.533756204299874,0.5463802035517957,1.3637114519467928
66,3,700,6910.000000000002,4172.957042957188,0.15612958470101326,2.702640210981065,0.2548233995542198,0.6039011639590719
66,1,248,2390.0000000004047,4172.957042957188,0.1374339945768517,2.5688120412060957,0.6164140243680553,1.7460071309441343
67,1,620,6110.000000000002,4490.382026547416,0.1374339945768517,2.6043309892727944,0.2630464402558114,0.7349234086002315
67,0,186,1770.0000002775555,4490.382026547416,0.13757670900528043,1.7039890313882122,0.5947325875822038,2.5369389976515677
67,2,35,262.252839954494,4490.382026547416,0.156272299129442,1.5121403564482812,4.046105446192014,17.122338989070947
67,6,286,2770.000000000008,4490.382026547416,0.09604681033252462,0.2607789176383083,0.04060307702714572,1.6210765438799288
67,5,595,5860.000000000002,4490.382026547416,0.15812758669901528,2.3225951991905838,0.2814277002624121,0.7662767963391492
67,3,700,6910.000000000002,4490.382026547416,0.15612958470101326,2.6324124418965598,0.2670818543047607,0.6498382093411599
67,4,700,6910.000000000002,4490.382026547416,0.1584130155558727,2.539039262859431,0.2613758881270234,0.6498382093411599
68,1,527,5180.000000000002,5029.591836736152,0.1374339945768517,3.063933508325443,0.40886175512822226,0.9709636750455888
68,5,700,6910.000000000002,5029.591836736152,0.15812758669901528,3.0645119169110626,0.3527147751138917,0.7278714669661578
68,2,315,3060.0000000000014,5029.591836736152,0.156272299129442,0.786946536127656,0.20213361624793114,1.6436574629856697
68,0,217,2080.00000001059,5029.591836736152,0.13757670900528043,2.6204388831589984,0.871742779664245,2.418072998418531
68,6,308,2990.000000000002,5029.591836736152,0.09604681033252462,1.0076336768270802,0.16279729136880375,1.6821377380388458
68,4,700,6910.000000000002,5029.591836736152,0.1584130155558727,2.993837980412313,0.3452024346160265,0.7278714669661578
68,3,700,6910.000000000002,5029.591836736152,0.15612958470101326,2.957952876623316,0.33614847901810896,0.7278714669661578
69,5,210,2010.0000000221403,3768.6016222178073,0.15812758669901528,2.7947785680197295,0.8285891085410303,1.874926180187212
69,1,620,6110.000000000002,3768.6016222178073,0.1374339945768517,2.6814784839724912,0.2273042241964059,0.6167924095282825
69,2,700,6910.000000000002,3768.6016222178073,0.156272299129442,2.4879324101895954,0.21204242518128136,0.5453837369345595
69,3,280,2710.0000000000146,3768.6016222178073,0.15612958470101326,2.5477768649268584,0.5531686180280585,1.3906279048774122
69,6,440,4310.000000000002,3768.6016222178073,0.09604681033252462,0.3945409018687496,0.03313431069870528,0.8743855271967067
69,4,105,960.0014115816389,3768.6016222178073,0.1584130155558727,2.445502744826922,1.5207834407464873,3.925620917586874
69,0,403,3940.000000000001,3768.6016222178073,0.13757670900528043,2.1459850876832145,0.2823941040439274,0.9564978736593417
70,6,220,2110.0000000077202,4623.290994720395,0.09604681033252462,0.3540124148306739,0.0745023914199155,2.1911331728452508
70,4,700,6910.000000000002,4623.290994720395,0.1584130155558727,1.757474534889518,0.18627436180878632,0.6690725028538921
70,3,700,6910.000000000002,4623.290994720395,0.15612958470101326,2.5491427545272107,0.26628858102701636,0.6690725028538921
70,5,350,3410.000000000001,4623.290994720395,0.15812758669901528,2.5006206922383085,0.5361080317847896,1.355803810768444
70,1,620,6110.000000000002,4623.290994720395,0.1374339945768517,1.7400834841588302,0.18095653579960833,0.7566761038822248
70,0,372,3630.000000000001,4623.290994720395,0.13757670900528043,1.7525669180208139,0.3070889080671476,1.2736338828430838
70,2,245,2360.000000000555,4623.290994720395,0.156272299129442,2.2850576396630657,0.6995493983387283,1.9590216079319103
71,3,700,6910.000000000002,4165.947991380209,0.15612958470101326,1.6827992488090735,0.15839931911414357,0.6028868294327363
71,1,124,1150.0001906837483,4165.947991380209,0.1374339945768517,2.4836733286428037,1.236529764360685,3.622562870101167
71,2,420,4110.000000000002,4165.947991380209,0.156272299129442,2.6433598473381306,0.41870708759200986,1.0136126499708533
71,6,44,350.8727963568088,4165.947991380209,0.09604681033252462,0.290288733157251,0.3310375602304994,11.87310054993201
71,5,210,2010.0000000221403,4165.947991380209,0.15812758669901528,2.178014770422747,0.7138159533285869,2.0726109409623485
71,4,700,6910.000000000002,4165.947991380209,0.1584130155558727,2.3606225006605857,0.22545153682760527,0.6028868294327363
71,0,620,6110.000000000002,4165.947991380209,0.13757670900528043,1.7689170516976302,0.1659300401878733,0.6818245485073989
72,1,341,3320.0000000000014,4958.792635973679,0.1374339945768517,2.9843893468263025,0.6126148422589243,1.4936122397511076
72,2,420,4110.000000000002,4958.792635973679,0.156272299129442,1.8055142686333858,0.34042155588908385,1.2065188895313084
72,0,186,1770.0000002775555,4958.792635973679,0.13757670900528043,2.2203399530088546,0.8557897318157147,2.8015777599977887
72,5,700,6910.000000000002,4958.792635973679,0.15812758669901528,2.990206324455714,0.3393178439658796,0.7176255623695627
72,6,374,3650.000000000001,4958.792635973679,0.09604681033252462,0.15713779059789196,0.020504381441886894,1.3585733249242953
72,3,700,6910.000000000002,4958.792635973679,0.15612958470101326,1.9064399539368528,0.21360245300558078,0.7176255623695627
72,4,700,6910.000000000002,4958.792635973679,0.1584130155558727,2.3869364951261645,0.2713498752058563,0.7176255623695627
73,2,420,4110.000000000002,4649.939327574125,0.156272299129442,3.0421593530943514,0.5378602202902228,1.1313720991664533
73,4,490,4810.000000000001,4649.939327574125,0.1584130155558727,2.133262836937208,0.32669120203510793,0.9667233529260133
73,1,93,840.0049979958054,4649.939327574125,0.1374339945768517,1.35351345622221,1.0297271498553362,5.5356091197892425
73,6,132,1230.0000820831015,4649.939327574125,0.09604681033252462,0.19146170774581395,0.069519560979344,3.780438225417911
73,3,700,6910.000000000002,4649.939327574125,0.15612958470101326,2.6573932988682576,0.27919669878411757,0.6729289909658644
73,5,700,6910.000000000002,4649.939327574125,0.15812758669901528,2.4069360655656196,0.2561187869524512,0.6729289909658644
73,0,620,6110.000000000002,4649.939327574125,0.13757670900528043,1.4965340364143724,0.15668866887195768,0.761037533154521
74,2,700,6910.000000000002,4027.269724390434,0.156272299129442,1.9259266664950776,0.17541002805613115,0.5828176156860251
74,0,620,6110.000000000002,4027.269724390434,0.13757670900528043,2.0639479393617925,0.18716005404810332,0.6591276144665192
74,3,700,6910.000000000002,4027.269724390434,0.15612958470101326,3.036910927796478,0.276343929423742,0.5828176156860251
74,5,280,2710.0000000000146,4027.269724390434,0.15812758669901528,1.8549514588341052,0.435894730162672,1.486077389073953
74,4,105,960.0014115816389,4027.269724390434,0.1584130155558727,1.8964643862724533,1.2603013411176847,4.195066461157962
74,1,310,3010.0000000000014,4027.269724390434,0.1374339945768517,1.7988887147677557,0.33078262441716433,1.3379633635848611
74,6,44,350.8727963568088,4027.269724390434,0.09604681033252462,0.2202490939318147,0.24280526309609968,11.47786253652743
75,1,620,6110.000000000002,4978.965012794331,0.1374339945768517,1.5122465995573176,0.16936148402091938,0.814887890801036
75,5,700,6910.000000000002,4978.965012794331,0.15812758669901528,2.68755482510827,0.3062146767880078,0.720544864369657
75,2,420,4110.000000000002,4978.965012794331,0.156272299129442,2.194837457765904,0.4155101314233435,1.2114270104122455
75,6,66,570.0859504455718,4978.965012794331,0.09604681033252462,0.15291784477201176,0.1282743585361921,8.733709379967769
75,4,315,3060.0000000000014,4978.965012794331,0.1584130155558727,2.16886326381442,0.559037166472849,1.6271127492791926
75,0,620,6110.000000000002,4978.965012794331,0.13757670900528043,1.9346123480476816,0.21688860532164397,0.814887890801036
75,3,665,6560.000000000001,4978.965012794331,0.15612958470101326,2.355751223236118,0.2791578629070852,0.7589885690235261
76,3,700,6910.000000000002,4610.729958400176,0.15612958470101326,3.353205287380704,0.34933088698070863,0.6672546973082741
76,4,560,5510.000000000002,4610.729958400176,0.1584130155558727,2.4202722524195637,0.32082867036267493,0.8367930958983982
76,0,620,6110.000000000002,4610.729958400176,0.13757670900528043,1.7825274105282032,0.18505874397264568,0.7546202877905359
76,2,700,6910.000000000002,4610.729958400176,0.156272299129442,2.6038935699289762,0.2715169025730531,0.6672546973082741
76,6,154,1450.0000080833054,4610.729958400176,0.09604681033252462,0.14197858525871646,0.0433618171336985,3.1798137466874277
76,5,315,3060.0000000000014,4610.729958400176,0.15812758669901528,2.4441192664231757,0.5823422472648376,1.5067744962092071
76,1,93,840.0049979958054,4610.729958400176,0.1374339945768517,1.6902485565288476,1.2750656920309145,5.488931577075211
77,6,440,4310.000000000002,5359.656058227488,0.09604681033252462,0.1966411437067337,0.02348642897678259,1.2435396886838714
77,0,620,6110.000000000002,5359.656058227488,0.13757670900528043,2.9175062189604297,0.3520889679793762,0.8771941175495067
77,5,350,3410.000000000001,5359.656058227488,0.15812758669901528,1.7760667877387244,0.4414174299743951,1.5717466446414916
77,3,630,6210.000000000002,5359.656058227488,0.15612958470101326,3.2170783492950967,0.43350305572650466,0.8630686084102233
77,2,700,6910.000000000002,5359.656058227488,0.156272299129442,2.042936189731032,0.2476256776471656,0.775637635054629
77,1,558,5490.000000000002,5359.656058227488,0.1374339945768517,1.4752762505644716,0.19793933056334273,0.9762579341033673
77,4,490,4810.000000000001,5359.656058227488,0.1584130155558727,2.6372054668252325,0.46550748999551567,1.1142736087791032
78,2,420,4110.000000000002,4300.711665126754,0.156272299129442,2.2167094579393973,0.3624843667015174,1.0464018649943436
78,1,31,223.43368382029254,4300.711665126754,0.1374339945768517,1.0478476029801005,2.771940953119003,19.24826906844454
78,4,700,6910.000000000002,4300.711665126754,0.1584130155558727,1.640313392313826,0.16172604704112004,0.6223895318562594
78,0,527,5180.000000000002,4300.711665126754,0.13757670900528043,2.997784018719625,0.3424173986432728,0.8302532172059368
78,3,210,2010.0000000221403,4300.711665126754,0.15612958470101326,2.461722407806645,0.8223724501037574,2.1396575448156128
78,5,700,6910.000000000002,4300.711665126754,0.15812758669901528,1.634886957514416,0.16090059557054867,0.6223895318562594
78,6,440,4310.000000000002,4300.711665126754,0.09604681033252462,0.30023186017787357,0.028774168370821022,0.9978449339041189
79,3,140,1310.0000353340838,4915.7571055595845,0.15612958470101326,2.513509650447345,1.4726002497336321,3.7524862389075735
79,5,490,4810.000000000001,4915.7571055595845,0.15812758669901528,2.361810829869718,0.3816788472223638,1.0219869242327617
79,4,700,6910.000000000002,4915.7571055595845,0.1584130155558727,3.0731272378331087,0.346324943028651,0.7113975550737458
79,0,527,5180.000000000002,4915.7571055595845,0.13757670900528043,1.3930219857410202,0.18187103703029686,0.9489878582161356
79,6,242,2330.000000000761,4915.7571055595845,0.09604681033252462,0.6423669923797113,0.13016692884816208,2.109766998093553
79,2,700,6910.000000000002,4915.7571055595845,0.156272299129442,2.349899006081747,0.2612423414183636,0.7113975550737458
79,1,620,6110.000000000002,4915.7571055595845,0.1374339945768517,0.5578817949104641,0.0616858515739554,0.8045428978002591
80,0,558,5490.000000000002,4508.999577444011,0.13757670900528043,2.3749227458062725,0.2683504040492361,0.8213113984415318
80,2,700,6910.000000000002,4508.999577444011,0.156272299129442,2.7992100942359603,0.2854431625772452,0.6525325003536918
80,4,700,6910.000000000002,4508.999577444011,0.1584130155558727,2.2518357707360854,0.23277145550297892,0.6525325003536918
80,1,279,2700.0000000000164,4508.999577444011,0.1374339945768517,2.0473152116658206,0.46988903781915864,1.6699998434977719
80,3,385,3760.0000000000014,4508.999577444011,0.15612958470101326,2.6043070937407133,0.48760679389839556,1.1992020152776621
80,5,140,1310.0000353340838,4508.999577444011,0.15812758669901528,1.8603130256941816,1.0125175441717036,3.441984317423396
80,6,440,4310.000000000002,4508.999577444011,0.09604681033252462,0.3418984341130097,0.03435444864375046,1.0461715956946658
81,3,700,6910.000000000002,3834.1576357408385,0.15612958470101326,2.3796727193871665,0.20615522824079163,0.5548708590073571
81,4,315,3060.0000000000014,3834.1576357408385,0.1584130155558727,2.3430403183900936,0.46507089454152106,1.252992691418574
81,0,31,223.43368382029254,3834.1576357408385,0.13757670900528043,1.4218016259949744,3.356643676760067,17.160159427101632
81,1,620,6110.000000000002,3834.1576357408385,0.1374339945768517,2.040822797095264,0.17600630296011535,0.6275217079772238
81,5,70,610.0563920873398,3834.1576357408385,0.15812758669901528,1.4537469073294012,1.4447623948996935,6.284923304585119
81,6,242,2330.000000000761,3834.1576357408385,0.09604681033252462,0.33973284544650095,0.053695084056483086,1.6455612170556166
81,2,700,6910.000000000002,3834.1576357408385,0.156272299129442,2.891344874923261,0.25071124601206396,0.5548708590073571
82,5,700,6910.000000000002,4946.357927824685,0.15812758669901528,1.9739475062788037,0.22343475820531453,0.7158260387589991
82,4,700,6910.000000000002,4946.357927824685,0.1584130155558727,2.1111007300621254,0.2393907191457084,0.7158260387589991
82,0,186,1770.0000002775555,4946.357927824685,0.13757670900528043,2.1972399799346265,0.844762607711343,2.794552501157651
82,6,418,4090.0000000000014,4946.357927824685,0.09604681033252462,0.267679493980058,0.031092832042620814,1.209378466460803
82,2,385,3760.0000000000014,4946.357927824685,0.156272299129442,3.295759032072907,0.6775403236224461,1.315520725485288
82,1,341,3320.0000000000014,4946.357927824685,0.1374339945768517,1.8218936012517672,0.37304793130497577,1.4898668457303264
82,3,700,6910.000000000002,4946.357927824685,0.15612958470101326,2.3759141556239047,0.26553602012075794,0.7158260387589991
83,2,700,6910.000000000002,4708.786619798398,0.156272299129442,2.0672312830175006,0.22014155683109776,0.6814452416495509
83,5,560,5510.000000000002,4708.786619798398,0.15812758669901528,2.0393597047430734,0.27558710248114376,0.8545892231939013
83,3,700,6910.000000000002,4708.786619798398,0.15612958470101326,3.1647421915368295,0.33670882933816987,0.6814452416495509
83,0,217,2080.00000001059,4708.786619798398,0.13757670900528043,1.497153956998057,0.4662910231059058,2.2638397210453958
83,6,66,570.0859504455718,4708.786619798398,0.09604681033252462,0.23152863509180308,0.18367765698344876,8.259783662653097
83,1,186,1770.0000002775555,4708.786619798398,0.1374339945768517,0.974253405936894,0.356206505326446,2.6603314231977446
83,4,700,6910.000000000002,4708.786619798398,0.1584130155558727,1.9112828262164019,0.2063225905498154,0.6814452416495509
84,5,700,6910.000000000002,4854.698379373531,0.15812758669901528,2.0672541279379257,0.22966018792528672,0.7025612705316251
84,2,700,6910.000000000002,4854.698379373531,0.156272299129442,2.702989024034288,0.296763503102559,0.7025612705316251
84,4,595,5860.000000000002,4854.698379373531,0.1584130155558727,3.1907107638980627,0.4187385407314679,0.828446822418691
84,0,279,2700.0000000000164,4854.698379373531,0.13757670900528043,2.1182460395597764,0.5239861499987863,1.7980364368050006
84,6,418,4090.0000000000014,4854.698379373531,0.09604681033252462,0.1821036274264234,0.020760628071476245,1.1869678189177333
84,3,105,960.0014115816389,4854.698379373531,0.15612958470101326,1.9812151564954184,1.5642538304484899,5.056970042757781
84,1,620,6110.000000000002,4854.698379373531,0.1374339945768517,1.137621026113334,0.12422609176179322,0.7945496529252912
85,6,242,2330.000000000761,4460.518053375359,0.09604681033252462,0.27669144635046883,0.05087542622842829,1.9143854306325763
85,3,700,6910.000000000002,4460.518053375359,0.15612958470101326,3.0711518069223214,0.3095235820392157,0.6455163608357971
85,4,315,3060.0000000000014,4460.518053375359,0.1584130155558727,2.494111889284578,0.5759312830639994,1.45768563835796
85,5,700,6910.000000000002,4460.518053375359,0.15812758669901528,1.745614538628931,0.1781817612091865,0.6455163608357971
85,2,245,2360.000000000555,4460.518053375359,0.156272299129442,2.6948327481600853,0.7959524365326951,1.8900500226162333
85,1,279,2700.0000000000164,4460.518053375359,0.1374339945768517,2.214846730667686,0.5028742350761012,1.6520437234723453
85,0,620,6110.000000000002,4460.518053375359,0.13757670900528043,1.441131694942197,0.14474136947102884,0.7300356879501404
86,1,620,6110.000000000002,4329.217951165854,0.1374339945768517,2.247753037314682,0.21888248121693288,0.7085463095197795
86,5,315,3060.0000000000014,4329.217951165854,0.15812758669901528,2.0240949262732166,0.4528209830958859,1.4147771082241347
86,0,124,1150.0001906837483,4329.217951165854,0.13757670900528043,1.5263182451709287,0.7904994103437399,3.764536724634679
86,6,440,4310.000000000002,4329.217951165854,0.09604681033252462,0.27466209724454144,0.02649804657112727,1.0044589213841886
86,3,315,3060.0000000000014,4329.217951165854,0.15612958470101326,1.580468490767883,0.3491074127676174,1.4147771082241347
86,2,560,5510.000000000002,4329.217951165854,0.156272299129442,1.602799577193335,0.196797271392557,0.7857019875074143
86,4,700,6910.000000000002,4329.217951165854,0.1584130155558727,1.6612054694113116,0.16487151050340781,0.6265148988662594
87,3,35,262.252839954494,4554.0223500657685,0.15612958470101326,1.1825554725882037,3.206134109724839,17.365006803571625
87,5,700,6910.000000000002,4554.0223500657685,0.15812758669901528,2.8704936928270866,0.29914472576433215,0.6590480969704439
87,4,245,2360.000000000555,4554.0223500657685,0.1584130155558727,2.343756643935065,0.7164510643683275,1.92967048731555
87,6,396,3870.0000000000014,4554.0223500657685,0.09604681033252462,0.26266118620666906,0.02968677635022825,1.176749961257304
87,0,558,5490.000000000002,4554.0223500657685,0.13757670900528043,1.6562318998733363,0.18901178118561426,0.8295122677715423
87,2,700,6910.000000000002,4554.0223500657685,0.156272299129442,2.9195238155850514,0.300684564452652,0.6590480969704439
87,1,620,6110.000000000002,4554.0223500657685,0.1374339945768517,1.2911824938151366,0.13226220119040225,0.7453391734968522
88,2,70,610.0563920873398,3785.8558488917574,0.156272299129442,1.3746500731136475,1.3331169578316067,6.205747366957756
88,4,210,2010.0000000221403,3785.8558488917574,0.1584130155558727,2.912314305978103,0.8689546690242488,1.8835103725622169
88,6,220,2110.0000000077202,3785.8558488917574,0.09604681033252462,0.5834716943093026,0.10055052841348912,1.7942444781411875
88,3,700,6910.000000000002,3785.8558488917574,0.15612958470101326,2.362532280234356,0.2020919348698639,0.5478807306645089
88,0,124,1150.0001906837483,3785.8558488917574,0.13757670900528043,2.266650759077631,1.026586828425411,3.292048018392784
88,1,620,6110.000000000002,3785.8558488917574,0.1374339945768517,2.242974888214353,0.19100355231122598,0.6196163418808112
88,5,700,6910.000000000002,3785.8558488917574,0.15812758669901528,3.1242047487958673,0.27066565879998794,0.5478807306645089
89,5,140,1310.0000353340838,3236.0820039326054,0.15812758669901528,1.7810782673838128,0.695727000580776,2.4702915394252805
89,4,315,3060.0000000000014,3236.0820039326054,0.1584130155558727,1.7671215301129823,0.2960433918285319,1.0575431385400667
89,2,70,610.0563920873398,3236.0820039326054,0.156272299129442,1.6090721594656818,1.333850201344915,5.304562079679523
89,6,440,4310.000000000002,3236.0820039326054,0.09604681033252462,0.3508488069811434,0.02530143765683978,0.7508310913996761
89,0,620,6110.000000000002,3236.0820039326054,0.13757670900528043,1.5963254130608113,0.11631739090294375,0.5296369891870056
89,1,93,840.0049979958054,3236.0820039326054,0.1374339945768517,1.5478721401655267,0.8195338594675695,3.852455654018341
89,3,700,6910.000000000002,3236.0820039326054,0.15612958470101326,1.2825709273185812,0.09377953322569756,0.4683186691653552
90,1,620,6110.000000000002,4018.589367435475,0.1374339945768517,1.9169102643538305,0.1732719939404481,0.6577069341138255
90,6,88,790.008464149783,4018.589367435475,0.09604681033252462,0.34885241344999934,0.17043805327925926,5.086767483890608
90,2,280,2710.0000000000146,4018.589367435475,0.156272299129442,2.463752847313347,0.5709308109308432,1.4828743053267357
90,3,700,6910.000000000002,4018.589367435475,0.15612958470101326,1.8447519483363684,0.16750152510841654,0.5815614135217763
90,0,186,1770.0000002775555,4018.589367435475,0.13757670900528043,1.5773389843719319,0.49268610923447326,2.270389472771365
90,4,700,6910.000000000002,4018.589367435475,0.1584130155558727,2.8944091805844345,0.26665293717024546,0.5815614135217763
90,5,175,1660.0000008844675,4018.589367435475,0.15812758669901528,2.1459954671466432,0.8214894412788434,2.420836967044773
91,0,620,6110.000000000002,4512.283523992697,0.13757670900528043,1.3280021628332102,0.1349270013860004,0.7385079417336654
91,3,700,6910.000000000002,4512.283523992697,0.15612958470101326,2.5209976017496136,0.2570253563055813,0.6530077458744856
91,1,186,1770.0000002775555,4512.283523992697,0.1374339945768517,1.6822254677513473,0.5893882683050093,2.5493127250198424
91,5,700,6910.000000000002,4512.283523992697,0.15812758669901528,2.445254363138183,0.2524933929009531,0.6530077458744856
91,2,630,6210.000000000002,4512.283523992697,0.156272299129442,2.63134433219662,0.29878890342126235,0.7266157043466499
91,4,35,262.252839954494,4512.283523992697,0.1584130155558727,1.59524995863156,4.348062555445216,17.205851897640716
91,6,264,2550.0000000000755,4512.283523992697,0.09604681033252462,0.259636934205126,0.044127123569534174,1.769522950585319
92,1,310,3010.0000000000014,4656.417867984659,0.1374339945768517,3.0552410391249434,0.6495687152835246,1.5469826803935738
92,5,700,6910.000000000002,4656.417867984659,0.15812758669901528,1.3221110620118306,0.1408800449592616,0.6738665510831632
92,4,630,6210.000000000002,4656.417867984659,0.1584130155558727,1.1008951063900851,0.13076669557795656,0.7498257436368209
92,3,700,6910.000000000002,4656.417867984659,0.15612958470101326,2.429867800844496,0.2556476178378997,0.6738665510831632
92,2,175,1660.0000008844675,4656.417867984659,0.156272299129442,2.5830986860291496,1.1323139530550146,2.805071003315461
92,6,440,4310.000000000002,4656.417867984659,0.09604681033252462,0.9242591760850997,0.09590724032617617,1.0803753754024727
92,0,310,3010.0000000000014,4656.417867984659,0.13757670900528043,2.078930401484904,0.44245623364443226,1.5469826803935738
93,1,434,4250.000000000002,4051.711161745816,0.1374339945768517,1.9648248820916854,0.2574349851203537,0.953343802763721
93,4,700,6910.000000000002,4051.711161745816,0.1584130155558727,1.5516365325153894,0.1441256530139149,0.586354726736008
93,6,440,4310.000000000002,4051.711161745816,0.09604681033252462,0.4377520977455383,0.03952504657177135,0.9400721953006529
93,5,140,1310.0000353340838,4051.711161745816,0.15812758669901528,1.7087846871456023,0.8357226195753269,3.0929092003516816
93,0,31,223.43368382029254,4051.711161745816,0.13757670900528043,1.376807677518562,3.434851987047634,18.13384218739643
93,2,420,4110.000000000002,4051.711161745816,0.156272299129442,1.6045860729461798,0.24719613495309078,0.9858178009113903
93,3,700,6910.000000000002,4051.711161745816,0.15612958470101326,2.329071112215102,0.213220218349289,0.586354726736008
94,3,560,5510.000000000002,5707.760810617954,0.15612958470101326,2.2253729037664685,0.3599168396174082,1.0358912541956355
94,5,525,5160.000000000001,5707.760810617954,0.15812758669901528,2.206161439399705,0.385887753462428,1.1061551958561924
94,6,440,4310.000000000002,5707.760810617954,0.09604681033252462,0.2956963332664752,0.03761121654434395,1.3243064525795711
94,0,620,6110.000000000002,5707.760810617954,0.13757670900528043,2.5140616154012987,0.32310627223529814,0.9341670721142311
94,1,527,5180.000000000002,5707.760810617954,0.1374339945768517,2.1627027660421154,0.3275118444596802,1.101884326374122
94,2,630,6210.000000000002,5707.760810617954,0.156272299129442,3.2736679129264084,0.47020883867259505,0.919124124093068
94,4,700,6910.000000000002,5707.760810617954,0.1584130155558727,2.4825757660899286,0.3248486683970673,0.8260145890908759
95,2,560,5510.000000000002,4548.59492035254,0.156272299129442,2.505256773189748,0.3231914848132707,0.8255163194832192
95,3,35,262.252839954494,4548.59492035254,0.15612958470101326,1.522821354715434,4.12373952129885,17.34431139484251
95,1,279,2700.0000000000164,4548.59492035254,0.1374339945768517,2.192762406013808,0.5076907424690436,1.6846647853157453
95,0,620,6110.000000000002,4548.59492035254,0.13757670900528043,0.796521454090433,0.08157901290167789,0.7444508871280751
95,5,700,6910.000000000002,4548.59492035254,0.15812758669901528,1.785370786268883,0.18583832471477774,0.6582626512811199
95,6,440,4310.000000000002,4548.59492035254,0.09604681033252462,0.29434881578747235,0.0298363182905164,1.0553584501978046
95,4,595,5860.000000000002,4548.59492035254,0.1584130155558727,1.931123492277417,0.23745458206777695,0.7762107372615253
96,1,31,223.43368382029254,4642.344318184523,0.1374339945768517,2.0900156596317983,5.968049441515205,20.7772804834492
96,2,350,3410.000000000001,4642.344318184523,0.156272299129442,1.8533618309012228,0.39429855535836883,1.361391295655285
96,0,620,6110.000000000002,4642.344318184523,0.13757670900528043,2.317136097097174,0.24221029439127226,0.7597944874279087
96,3,630,6210.000000000002,4642.344318184523,0.15612958470101326,2.2722524371412627,0.26520855590238557,0.7475594715272982
96,5,700,6910.000000000002,4642.344318184523,0.15812758669901528,3.048860780579425,0.32389521923182546,0.6718298579138238
96,4,490,4810.000000000001,4642.344318184523,0.1584130155558727,2.4587777522883334,0.37592603862118945,0.9651443488949111
96,6,440,4310.000000000002,4642.344318184523,0.09604681033252462,0.5497901865774595,0.05687743578188612,1.0771100506228588
97,0,620,6110.000000000002,5142.449059649329,0.13757670900528043,1.1202460879681346,0.12971408618849609,0.8416446906136379
97,2,560,5510.000000000002,5142.449059649329,0.156272299129442,2.481985465063143,0.36199255201269037,0.9332938402267381
97,5,245,2360.000000000555,5142.449059649329,0.15812758669901528,2.5476481227462258,0.8778192127478294,2.179003838833949
97,4,700,6910.000000000002,5142.449059649329,0.1584130155558727,2.6104968591872453,0.3077556163457572,0.7442039160129272
97,1,589,5800.000000000002,5142.449059649329,0.1374339945768517,1.1076746965122977,0.13497346878546007,0.8866291482154013
97,3,700,6910.000000000002,5142.449059649329,0.15612958470101326,2.7762623090243905,0.32258015966704967,0.7442039160129272
97,6,110,1010.0008335248422,5142.449059649329,0.09604681033252462,0.41200966736535255,0.20148309769114348,5.091529520527712
98,1,248,2390.0000000004047,4556.480662409677,0.1374339945768517,1.2132518827336274,0.3178899324728835,1.9064772646062367
98,5,700,6910.000000000002,4556.480662409677,0.15812758669901528,1.9640528131238015,0.20479167056942477,0.6594038585252787
98,4,700,6910.000000000002,4556.480662409677,0.1584130155558727,2.2757320015964324,0.23771876319859842,0.6594038585252787
98,3,700,6910.000000000002,4556.480662409677,0.15612958470101326,2.051817113230495,0.21123959995274888,0.6594038585252787
98,2,175,1660.0000008844675,4556.480662409677,0.156272299129442,1.9181859052159282,0.8227997297372257,2.7448678674589946
98,0,403,3940.000000000001,4556.480662409677,0.13757670900528043,1.3492407791475103,0.214668185202465,1.1564671732004255
98,6,176,1670.0000007960207,4556.480662409677,0.09604681033252462,0.12954222647485422,0.03394746615165141,2.7284315330765208
99,4,700,6910.000000000002,4608.631597106298,0.1584130155558727,1.9494017250629523,0.205961550708797,0.6669510270776117
99,6,132,1230.0000820831015,4608.631597106298,0.09604681033252462,0.16593372570634654,0.05971514124319581,3.7468547069535307
99,2,105,960.0014115816389,4608.631597106298,0.156272299129442,1.7269081927512149,1.2955416304236864,4.800650854787183
99,1,620,6110.000000000002,4608.631597106298,0.1374339945768517,1.2867531322988393,0.13338905216574343,0.7542768571368734
99,0,620,6110.000000000002,4608.631597106298,0.13757670900528043,1.2725890561048583,0.1320577469121725,0.7542768571368734
99,5,455,4460.000000000002,4608.631597106298,0.15812758669901528,1.8931187273987236,0.3093304183597654,1.0333254702032053
99,3,560,5510.000000000002,4608.631597106298,0.15612958470101326,1.7542648784576484,0.22908717002773754,0.8364122680773677
100,5,700,6910.000000000002,4903.570714999374,0.15812758669901528,2.2120593210739683,0.2482211638223045,0.7096339674384041
100,3,245,2360.000000000555,4903.570714999374,0.15612958470101326,1.4590714933609477,0.4733280224044243,2.0777842012704326
100,4,420,4110.000000000002,4903.570714999374,0.1584130155558727,1.8099995616250735,0.3420896634629367,1.1930828990266111
100,2,700,6910.000000000002,4903.570714999374,0.156272299129442,1.5000831181318548,0.16635341492721165,0.7096339674384041
100,1,403,3940.000000000001,4903.570714999374,0.1374339945768517,1.7393158586003419,0.2975012859133999,1.244561095177506
100,6,352,3430.000000000001,4903.570714999374,0.09604681033252462,0.24466720645224002,0.03359518467068039,1.429612453352587
100,0,620,6110.000000000002,4903.570714999374,0.13757670900528043,1.603450736765195,0.17704015061438733,0.8025483985269022
101,2,525,5160.000000000001,4803.973392897455,0.156272299129442,2.2690249561231113,0.3301202504902112,0.9310025955227623
101,4,595,5860.000000000002,4803.973392897455,0.1584130155558727,1.9475625014256508,0.2529212052213397,0.819790681381818
101,1,434,4250.000000000002,4803.973392897455,0.1374339945768517,1.478188827576845,0.22963376606100516,1.1303466806817535
101,5,105,960.0014115816389,4803.973392897455,0.15812758669901528,1.563050805483485,1.2368284292876135,5.004131592872062
101,3,700,6910.000000000002,4803.973392897455,0.15612958470101326,2.802055858435896,0.3041477017408123,0.695220462069096
101,0,620,6110.000000000002,4803.973392897455,0.13757670900528043,1.7362114141012008,0.18780489452158078,0.7862476911452461
101,6,440,4310.000000000002,4803.973392897455,0.09604681033252462,0.3151596073271602,0.03373935847850714,1.1146109960318915
102,5,35,262.252839954494,4696.631389563235,0.15812758669901528,1.202938419543004,3.406569980481663,17.908791341890492
102,6,396,3870.0000000000014,4696.631389563235,0.09604681033252462,0.3707958428854853,0.04322085108360999,1.2135998422644012
102,4,700,6910.000000000002,4696.631389563235,0.1584130155558727,2.450975553752345,0.26389931920661486,0.6796861634679064
102,1,465,4560.000000000002,4696.631389563235,0.1374339945768517,1.6745905099718243,0.2370415230980746,1.0299630240270248
102,2,700,6910.000000000002,4696.631389563235,0.156272299129442,1.9962373282383064,0.21203258250990176,0.6796861634679064
102,0,620,6110.000000000002,4696.631389563235,0.13757670900528043,1.8514715308001675,0.1957975354861403,0.7686794418270431
102,3,420,4110.000000000002,4696.631389563235,0.15612958470101326,1.6781653760834871,0.2994088377843196,1.1427326981905677
103,4,385,3760.0000000000014,4152.725931200276,0.1584130155558727,2.190333885136931,0.38321862477576385,1.1044483859575198
103,1,186,1770.0000002775555,4152.725931200276,0.1374339945768517,2.298100175350401,0.7410083961379584,2.346172842118126
103,3,700,6910.000000000002,4152.725931200276,0.15612958470101326,3.2777435915229787,0.3075497680803223,0.6009733619682018
103,5,700,6910.000000000002,4152.725931200276,0.15812758669901528,0.5279387073903438,0.050170262121024975,0.6009733619682018
103,0,620,6110.000000000002,4152.725931200276,0.13757670900528043,2.766842284267891,0.2587148634430692,0.6796605452046276
103,2,140,1310.0000353340838,4152.725931200276,0.156272299129442,2.745704331153511,1.3601842223523135,3.1700197093057514
103,6,110,1010.0008335248422,4152.725931200276,0.09604681033252462,0.8433166595584286,0.3330313854816494,4.111606439677393
104,6,242,2330.000000000761,4755.279006849219,0.09604681033252462,0.2790099341820907,0.05469186029600346,2.040892277617024
104,0,620,6110.000000000002,4755.279006849219,0.13757670900528043,2.5846468963263916,0.2767457305302833,0.7782780698607557
104,4,175,1660.0000008844675,4755.279006849219,0.1584130155558727,1.555252503553255,0.7057642985222307,2.864625906214187
104,2,700,6910.000000000002,4755.279006849219,0.156272299129442,2.196797731789872,0.23624902736751402,0.6881735176337507
104,3,630,6210.000000000002,4755.279006849219,0.15612958470101326,2.2904174125442642,0.27383202901630793,0.7657454117309529
104,5,700,6910.000000000002,4755.279006849219,0.15812758669901528,1.7824352697258123,0.19396321142714665,0.6881735176337507
104,1,217,2080.00000001059,4755.279006849219,0.1374339945768517,1.5968649350059312,0.5017357220381571,2.2861918302043307
105,3,315,3060.0000000000014,4540.752923514148,0.15612958470101326,1.6193559140736535,0.3751750602589573,1.4839061841549497
105,6,88,790.008464149783,4540.752923514148,0.09604681033252462,0.2441827406939073,0.13480128667176916,5.74772692897786
105,4,700,6910.000000000002,4540.752923514148,0.1584130155558727,1.5217756290569353,0.15841317916311254,0.6571277747487911
105,1,558,5490.000000000002,4540.752923514148,0.1374339945768517,1.897472339496264,0.21568758613645675,0.8270952501847262
105,5,700,6910.000000000002,4540.752923514148,0.15812758669901528,1.161043631849997,0.12064407765772775,0.6571277747487911
105,2,140,1310.0000353340838,4540.752923514148,0.156272299129442,1.7443056452053367,0.9448462676957418,3.4662235122429896
105,0,620,6110.000000000002,4540.752923514148,0.13757670900528043,2.8670752475135997,0.29313702011917137,0.7431674179237556
106,4,315,3060.0000000000014,5064.104094754979,0.1584130155558727,2.3541961210990774,0.6171840568652951,1.654935978678097
106,6,44,350.8727963568088,5064.104094754979,0.09604681033252462,0.17984967410803573,0.2493133464015897,14.432877519536172
106,0,620,6110.000000000002,5064.104094754979,0.13757670900528043,2.184795071495561,0.24912484288500283,0.828822274100651
106,3,630,6210.000000000002,5064.104094754979,0.15612958470101326,1.7192433616820506,0.21889386248591933,0.8154756996384827
106,5,525,5160.000000000001,5064.104094754979,0.15812758669901528,1.7666495025370852,0.27416433659399153,0.9814155222393368
106,1,620,6110.000000000002,5064.104094754979,0.1374339945768517,1.6505368231761792,0.18800993591989298,0.828822274100651
106,2,700,6910.000000000002,5064.104094754979,0.156272299129442,1.38113800077933,0.15817711609579788,0.7328660050296639
107,0,620,6110.000000000002,3946.3382772403493,0.13757670900528043,2.303846399340467,0.2047158819739543,0.6458818784354089
107,4,350,3410.000000000001,3946.3382772403493,0.1584130155558727,1.7569706967837138,0.32210340104407575,1.1572839522698968
107,5,105,960.0014115816389,3946.3382772403493,0.15812758669901528,1.4854341405644347,0.9655693744364159,4.110762994336234
107,6,110,1010.0008335248422,3946.3382772403493,0.09604681033252462,0.09621422140773724,0.03610728169935517,3.907262396475324
107,1,124,1150.0001906837483,3946.3382772403493,0.1374339945768517,1.606921584274509,0.7578534839284958,3.4315979329481676
107,2,700,6910.000000000002,3946.3382772403493,0.156272299129442,1.9456064840394032,0.17364139618394467,0.571105394680224
107,3,700,6910.000000000002,3946.3382772403493,0.15612958470101326,2.049058426991604,0.18270726186768196,0.571105394680224
108,4,595,5860.000000000002,5527.876409304983,0.1584130155558727,2.023203426802751,0.3023368764004206,0.943323619335321
108,5,420,4110.000000000002,5527.876409304983,0.15812758669901528,1.0721089534576,0.22801481652033728,1.3449820947214064
108,2,560,5510.000000000002,5527.876409304983,0.156272299129442,2.284431127217159,0.3581515183241483,1.0032443574056227
108,3,700,6910.000000000002,5527.876409304983,0.15612958470101326,2.6751175676313985,0.334124525627035,0.7999821142264807
108,1,620,6110.000000000002,5527.876409304983,0.1374339945768517,1.597704164566754,0.19865872839864548,0.9047260899026156
108,6,352,3430.000000000001,5527.876409304983,0.09604681033252462,0.26898566751407826,0.041636699032973214,1.611625775307575
108,0,620,6110.000000000002,5527.876409304983,0.13757670900528043,1.7214818058314585,0.21427152860273543,0.9047260899026156
109,3,700,6910.000000000002,5291.165984764084,0.15612958470101326,3.138796374962429,0.37525085040777706,0.7657259022813434
109,4,595,5860.000000000002,5291.165984764084,0.1584130155558727,2.5727564354151435,0.3679961746042393,0.9029293489358502
109,0,558,5490.000000000002,5291.165984764084,0.13757670900528043,2.176942140084842,0.28864952281986683,0.9637825108859894
109,5,700,6910.000000000002,5291.165984764084,0.15812758669901528,2.308547430632776,0.27952443802238613,0.7657259022813434
109,2,315,3060.0000000000014,5291.165984764084,0.156272299129442,1.7833356539210292,0.48188682567810975,1.7291392107072163
109,6,132,1230.0000820831015,5291.165984764084,0.09604681033252462,0.20933992572711316,0.08649305912324404,4.3017606761481515
109,1,620,6110.000000000002,5291.165984764084,0.1374339945768517,1.4279824502223017,0.16995236601743893,0.8659846128910118
110,4,595,5860.000000000002,4802.186385043528,0.1584130155558727,2.079487158008761,0.2699532125370828,0.8194857312360967
110,3,700,6910.000000000002,4802.186385043528,0.15612958470101326,1.4239718086141802,0.15450678672210627,0.6949618502233759
110,5,350,3410.000000000001,4802.186385043528,0.15812758669901528,1.8081131561236783,0.40264089450969526,1.4082658020655505
110,0,620,6110.000000000002,4802.186385043528,0.13757670900528043,2.0114164912403334,0.21749272006661663,0.7859552185013956
110,2,385,3760.0000000000014,4802.186385043528,0.156272299129442,1.4579733256808323,0.29099313761859463,1.2771772300647677
110,6,440,4310.000000000002,4802.186385043528,0.09604681033252462,0.26689630739090453,0.02856191049697001,1.1141963770402614
110,1,310,3010.0000000000014,4802.186385043528,0.1374339945768517,1.8449235091457559,0.4045247061649795,1.5954107591506732
111,3,700,6910.000000000002,4960.9119453377725,0.15612958470101326,1.61365261153107,0.1808750735865324,0.717932264158867
111,1,496,4870.000000000001,4960.9119453377725,0.1374339945768517,1.8785850097530266,0.2630011088076858,1.0186677505827046
111,0,434,4250.000000000002,4960.9119453377725,0.13757670900528043,2.609538106243567,0.4190647660778553,1.1672733989030049
111,4,175,1660.0000008844675,4960.9119453377725,0.1584130155558727,2.0912357370114685,0.9900275576772705,2.988501170297916
111,2,700,6910.000000000002,4960.9119453377725,0.156272299129442,2.332268774917679,0.2616640570020016,0.717932264158867
111,5,560,5510.000000000002,4960.9119453377725,0.15812758669901528,1.6983858871120694,0.24179868514595143,0.9003469955240964
111,6,440,4310.000000000002,4960.9119453377725,0.09604681033252462,0.2482162169410115,0.027440836573831274,1.1510236532106195
112,6,66,570.0859504455718,4488.555427901437,0.09604681033252462,0.2861607583186446,0.21640100788627248,7.873471402677509
112,4,700,6910.000000000002,4488.555427901437,0.1584130155558727,1.5076811043921015,0.15514182586436912,0.6495738680031021
112,1,620,6110.000000000002,4488.555427901437,0.1374339945768517,1.4712761770237752,0.14854353496679193,0.7346244562850139
112,2,630,6210.000000000002,4488.555427901437,0.156272299129442,1.8435905427241293,0.20823871043661873,0.7227947548955612
112,3,140,1310.0000353340838,4488.555427901437,0.15612958470101326,1.8029985229327594,0.9645302675105868,3.4263780968194704
112,0,620,6110.000000000002,4488.555427901437,0.13757670900528043,1.75384514261892,0.1772562441943162,0.7346244562850139
112,5,315,3060.0000000000014,4488.555427901437,0.15812758669901528,1.755186969370399,0.4071141477649851,1.4668481790527566
113,6,440,4310.000000000002,4521.189031578468,0.09604681033252462,0.19325222152587637,0.019470757010567122,1.0489997753082287
113,5,560,5510.000000000002,4521.189031578468,0.15812758669901528,1.6169456808808318,0.20979935080161483,0.8205424739706835
113,1,620,6110.000000000002,4521.189031578468,0.1374339945768517,2.2032018554941284,0.2240577205601759,0.7399654716167703
113,4,560,5510.000000000002,4521.189031578468,0.1584130155558727,1.5960845038784917,0.2074664180821163,0.8205424739706835
113,0,620,6110.000000000002,4521.189031578468,0.13757670900528043,2.244839174603974,0.22852914989470588,0.7399654716167703
113,3,105,960.0014115816389,4521.189031578468,0.15612958470101326,1.427008979629656,1.0492831630931827,4.709564982961469
113,2,350,3410.000000000001,4521.189031578468,0.156272299129442,1.5849862615111026,0.32840199759676764,1.325861886093392
114,3,665,6560.000000000001,5219.436278008452,0.15612958470101326,2.3775731432521883,0.2953512759051686,0.7956457740866542
114,0,403,3940.000000000001,5219.436278008452,0.13757670900528043,1.8496477090478578,0.3371019876928939,1.3247300197990992
114,4,700,6910.000000000002,5219.436278008452,0.1584130155558727,1.7703900948808369,0.2118387401118032,0.7553453369042621
114,5,700,6910.000000000002,5219.436278008452,0.15812758669901528,2.2420029413971014,0.26778692815153615,0.7553453369042621
114,1,620,6110.000000000002,5219.436278008452,0.1374339945768517,2.3055037493519825,0.2706714142028069,0.8542448900177497
114,2,280,2710.0000000000146,5219.436278008452,0.156272299129442,1.3341444942337493,0.4015495827195035,1.9259912464975735
114,6,220,2110.0000000077202,5219.436278008452,0.09604681033252462,0.29189712511191235,0.06935118862046494,2.47366648245941
115,6,22,138.8629381196525,5042.311225539394,0.09604681033252462,0.19714130998492377,0.6875493610953236,36.31142545172594
115,5,700,6910.000000000002,5042.311225539394,0.15812758669901528,1.708759114530907,0.1971696600599251,0.7297121889347892
115,0,372,3630.000000000001,5042.311225539394,0.13757670900528043,1.8397692238292835,0.3515857698132842,1.3890664533166373
115,2,420,4110.000000000002,5042.311225539394,0.156272299129442,2.1259101393022153,0.40758175134150776,1.226839714243161
115,4,700,6910.000000000002,5042.311225539394,0.1584130155558727,1.9561121185175898,0.22611855714912593,0.7297121889347892
115,3,560,5510.000000000002,5042.311225539394,0.15612958470101326,1.835194258809135,0.2622076121904849,0.9151200046350985
115,1,620,6110.000000000002,5042.311225539394,0.1374339945768517,1.8411782396114484,0.20882305299789367,0.8252555197282149
116,2,35,262.252839954494,4191.728510463842,0.156272299129442,1.6566618376986892,4.1379840889891275,15.98353905792284
116,1,93,840.0049979958054,4191.728510463842,0.1374339945768517,1.9192202039727224,1.3162253562162547,4.99012329743873
116,4,700,6910.000000000002,4191.728510463842,0.1584130155558727,1.9203502383190245,0.1845382526690191,0.6066177294448395
116,5,420,4110.000000000002,4191.728510463842,0.15812758669901528,1.9107094975368246,0.30814393904501386,1.0198852823512994
116,6,440,4310.000000000002,4191.728510463842,0.09604681033252462,0.036552761930190414,0.0034144363477646364,0.9725588191331417
116,3,700,6910.000000000002,4191.728510463842,0.15612958470101326,1.8902564460660611,0.17902802943897328,0.6066177294448395
116,0,589,5800.000000000002,4191.728510463842,0.13757670900528043,1.8843265945333236,0.18735541382249943,0.7227118121489381
117,5,700,6910.000000000002,5120.665272849384,0.15812758669901528,2.4817364170837113,0.29081154049501134,0.7410514143052652
117,2,700,6910.000000000002,5120.665272849384,0.156272299129442,0.7258701946847379,0.08405998460662391,0.7410514143052652
117,1,527,5180.000000000002,5120.665272849384,0.1374339945768517,1.7089832217187146,0.2321820261103981,0.9885454194689927
117,0,558,5490.000000000002,5120.665272849384,0.13757670900528043,1.906934740899973,0.24470046277233387,0.9327259149088127
117,6,440,4310.000000000002,5120.665272849384,0.09604681033252462,0.7137535562442778,0.08144798595055885,1.1880893904522927
117,4,105,960.0014115816389,5120.665272849384,0.1584130155558727,2.5051146109787017,2.116766615725372,5.334018482757116
117,3,595,5860.000000000002,5120.665272849384,0.15612958470101326,1.0323174730358353,0.14084040154859453,0.8738336643087683
118,1,620,6110.000000000002,4366.134092322354,0.1374339945768517,1.5144745072999195,0.1487345953900925,0.7145882311493212
118,3,630,6210.000000000002,4366.134092322354,0.15612958470101326,1.3250297488092437,0.14545086315160327,0.7030811742870133
118,0,620,6110.000000000002,4366.134092322354,0.13757670900528043,1.7021608555790024,0.16734062034860872,0.7145882311493212
118,2,105,960.0014115816389,4366.134092322354,0.156272299129442,1.038578465335216,0.7381532105236241,4.548049658728087
118,6,286,2770.000000000008,4366.134092322354,0.09604681033252462,0.3492456337118259,0.052872668812686055,1.5762216939791847
118,4,140,1310.0000353340838,4366.134092322354,0.1584130155558727,1.5850035539742309,0.8368485420955871,3.3329266981346892
118,5,700,6910.000000000002,4366.134092322354,0.15812758669901528,2.051879456380377,0.20501163462142055,0.6318573216096025
119,1,31,223.43368382029254,4522.981721634934,0.1374339945768517,1.4164549689523724,3.940697774584575,20.243061136980415
119,6,374,3650.000000000001,4522.981721634934,0.09604681033252462,0.3525638956009821,0.04196166875626681,1.2391730744205296
119,2,700,6910.000000000002,4522.981721634934,0.156272299129442,1.1439887329197633,0.117017424192179,0.6545559655043318
119,5,700,6910.000000000002,4522.981721634934,0.15812758669901528,1.8822528564643726,0.19481948594994247,0.6545559655043318
119,4,525,5160.000000000001,4522.981721634934,0.1584130155558727,1.7375188474863017,0.24126566254554357,0.8765468452780878
119,0,62,530.1310020508638,4522.981721634934,0.13757670900528043,1.6725242705967664,1.9631748208045257,8.53181893557882
119,3,700,6910.000000000002,4522.981721634934,0.15612958470101326,1.0858305230857739,0.11096704866208872,0.6545559655043318
120,0,372,3630.000000000001,4838.639937018814,0.13757670900528043,0.7035630218075313,0.12902224743570348,1.332958660335761
120,4,700,6910.000000000002,4838.639937018814,0.1584130155558727,2.757131823527706,0.30583955324747186,0.7002373280779758
120,6,440,4310.000000000002,4838.639937018814,0.09604681033252462,0.6285498156762309,0.06777486881303257,1.1226542777305828
120,3,595,5860.000000000002,4838.639937018814,0.15612958470101326,3.0075463092092654,0.38772447568243035,0.8257064738939952
120,5,560,5510.000000000002,4838.639937018814,0.15812758669901528,2.735842938818006,0.3799010651504237,0.8781560684244668
120,2,140,1310.0000353340838,4838.639937018814,0.156272299129442,2.9028113466825913,1.6755323295528959,3.6936181729070228
120,1,620,6110.000000000002,4838.639937018814,0.1374339945768517,2.916340001891144,0.3174054795464576,0.7919214299539791
121,6,418,4090.0000000000014,5589.7688026259475,0.09604681033252462,0.2247137013355341,0.02949735245082845,1.3666916387838497
121,1,620,6110.000000000002,5589.7688026259475,0.1374339945768517,1.2542788284212403,0.1577033418837849,0.9148557778438536
121,3,630,6210.000000000002,5589.7688026259475,0.15612958470101326,2.0578178795150626,0.28919740130430177,0.9001238007449188
121,5,455,4460.000000000002,5589.7688026259475,0.15812758669901528,2.201811733036738,0.43636188719415286,1.253311390723306
121,2,700,6910.000000000002,5589.7688026259475,0.156272299129442,1.8252966571775067,0.2307444469787384,0.8089390452425392
121,4,490,4810.000000000001,5589.7688026259475,0.1584130155558727,2.3593662883453144,0.4343451737019028,1.1621140961800305
121,0,620,6110.000000000002,5589.7688026259475,0.13757670900528043,1.0733069750847413,0.1350894717288932,0.9148557778438536
122,0,31,223.43368382029254,3648.8473213810644,0.13757670900528043,0.7232793217996387,1.6250173830979846,16.330784414385022
122,3,700,6910.000000000002,3648.8473213810644,0.15612958470101326,1.7073081238059138,0.14075854064702184,0.5280531579422668
122,6,440,4310.000000000002,3648.8473213810644,0.09604681033252462,0.21606109493941786,0.017568631788625378,0.8466003065849333
122,2,105,960.0014115816389,3648.8473213810644,0.156272299129442,1.6639954264100811,0.9883663476009957,3.8008770376383607
122,4,630,6210.000000000002,3648.8473213810644,0.1584130155558727,1.8402381958237664,0.17128881044889055,0.587576058193408
122,1,620,6110.000000000002,3648.8473213810644,0.1374339945768517,1.1048965059124647,0.09068391290098536,0.5971926876237419
122,5,105,960.0014115816389,3648.8473213810644,0.15812758669901528,1.8855833915935973,1.1332799546384595,3.8008770376383607
123,0,620,6110.000000000002,5344.062339527612,0.13757670900528043,0.7025172141471032,0.08453415041030106,0.8746419540961718
123,6,396,3870.0000000000014,5344.062339527612,0.09604681033252462,0.3351524220893032,0.04445144257832363,1.3808946613766433
123,2,560,5510.000000000002,5344.062339527612,0.156272299129442,1.6771634273972094,0.25420102767331687,0.9698842721465717
123,5,700,6910.000000000002,5344.062339527612,0.15812758669901528,1.6762319352206019,0.20499120182519778,0.7733809463860507
123,1,93,840.0049979958054,5344.062339527612,0.1374339945768517,1.2479264970221107,1.091120766022719,6.361941122110201
123,3,700,6910.000000000002,5344.062339527612,0.15612958470101326,1.93213464155777,0.23330070967471725,0.7733809463860507
123,4,630,6210.000000000002,5344.062339527612,0.1584130155558727,1.836798195920551,0.2503987871154774,0.8605575425970386
124,5,70,610.0563920873398,3864.268942833367,0.15812758669901528,1.6266565217184454,1.6292992747864432,6.334281540123806
124,0,620,6110.000000000002,3864.268942833367,0.13757670900528043,0.7730972788457257,0.06726748574018811,0.6324499088106982
124,4,700,6910.000000000002,3864.268942833367,0.1584130155558727,1.950518417665166,0.17279461897678214,0.5592285011336275
124,6,440,4310.000000000002,3864.268942833367,0.09604681033252462,0.3332886302560334,0.028700768096678313,0.8965821213070453
124,2,245,2360.000000000555,3864.268942833367,0.156272299129442,1.6000250416541286,0.409415351504367,1.6374020944205332
124,1,465,4560.000000000002,3864.268942833367,0.1374339945768517,0.7167795937667344,0.0834799738324544,0.847427399744159
124,3,280,2710.0000000000146,3864.268942833367,0.15612958470101326,1.897196888472693,0.42237252688977894,1.4259294992004967
125,5,280,2710.0000000000146,4572.539868667075,0.15812758669901528,2.033563526867857,0.5425672764080446,1.6872840843789854
125,4,665,6560.000000000001,4572.539868667075,0.1584130155558727,1.9371649964709219,0.21390017295835825,0.6970335165651028
125,2,35,262.252839954494,4572.539868667075,0.156272299129442,1.6087951568944663,4.383490329879506,17.435616214720497
125,3,630,6210.000000000002,4572.539868667075,0.15612958470101326,3.181590479475595,0.36575930507523485,0.7363188194310908
125,6,440,4310.000000000002,4572.539868667075,0.09604681033252462,0.41294060739174815,0.04207758148164781,1.0609141226605738
125,0,620,6110.000000000002,4572.539868667075,0.13757670900528043,1.9868022397119312,0.20455770752416177,0.7483698639389647
125,1,620,6110.000000000002,4572.539868667075,0.1374339945768517,1.9421902682527146,0.19975710434200344,0.7483698639389647
126,3,665,6560.000000000001,3721.7438243638308,0.15612958470101326,1.1396558836080386,0.1009488970939693,0.5673389976164376
126,2,700,6910.000000000002,3721.7438243638308,0.156272299129442,0.48666116341509863,0.04096161966109467,0.538602579502725
126,4,70,610.0563920873398,3721.7438243638308,0.1584130155558727,3.2016488095091824,3.09414774928271,6.1006554027402125
126,5,105,960.0014115816389,3721.7438243638308,0.15812758669901528,2.95937638532516,1.8141886754453285,3.876810783259283
126,6,440,4310.000000000002,3721.7438243638308,0.09604681033252462,1.0787722433287315,0.08947092277696023,0.8635136483442759
126,1,620,6110.000000000002,3721.7438243638308,0.1374339945768517,2.0293301949308473,0.16988387289861193,0.6091233755096285
126,0,93,840.0049979958054,3721.7438243638308,0.13757670900528043,2.0880625103359733,1.272779051508081,4.4306210477838315
127,3,700,6910.000000000002,4097.948479647367,0.15612958470101326,2.86414833247791,0.26519733607701484,0.5930460896740037
127,2,420,4110.000000000002,4097.948479647367,0.156272299129442,2.6720363304783366,0.41634085774359864,0.9970677566051984
127,0,124,1150.0001906837483,4097.948479647367,0.13757670900528043,1.622044682783777,0.7951998907611844,3.563432869703157
127,6,440,4310.000000000002,4097.948479647367,0.09604681033252462,0.4787081075998238,0.04371625530077113,0.9508001112870917
127,1,93,840.0049979958054,4097.948479647367,0.1374339945768517,1.4134514459524097,0.9476755762847628,4.878481067880301
127,5,385,3760.0000000000014,4097.948479647367,0.15812758669901528,0.8722910923083296,0.15033071725890462,1.0898799147998313
127,4,700,6910.000000000002,4097.948479647367,0.1584130155558727,2.6004809721312077,0.24430535602845896,0.5930460896740037
128,2,420,4110.000000000002,4141.869109028662,0.156272299129442,1.9140639938542405,0.3014345324154312,1.0077540411261947
128,3,700,6910.000000000002,4141.869109028662,0.15612958470101326,2.1962051801470057,0.20553057580536335,0.5994021865453923
128,4,210,2010.0000000221403,4141.869109028662,0.1584130155558727,1.55757342812619,0.508439992579619,2.0606313975039994
128,6,110,1010.0008335248422,4141.869109028662,0.09604681033252462,0.31185085062690665,0.12283001864681029,4.100857119665721
128,5,700,6910.000000000002,4141.869109028662,0.15812758669901528,1.364610814541747,0.12934057118166858,0.5994021865453923
128,0,62,530.1310020508638,4141.869109028662,0.13757670900528043,0.6745127307323979,0.7250170754310531,7.812916228263269
128,1,620,6110.000000000002,4141.869109028662,0.1374339945768517,0.9739652326200937,0.09073874826080087,0.6778836512321867
129,4,665,6560.000000000001,5105.812979261011,0.1584130155558727,1.7395087597711583,0.2144759227603268,0.778325149277593
129,3,700,6910.000000000002,5105.812979261011,0.15612958470101326,2.747978809155021,0.3170191078788196,0.738902023047903
129,0,620,6110.000000000002,5105.812979261011,0.13757670900528043,0.7166849840028465,0.08239425179922082,0.8356486054437003
129,1,527,5180.000000000002,5105.812979261011,0.1374339945768517,1.0236394642573527,0.13866802615943033,0.9856781813245191
129,2,105,960.0014115816389,5105.812979261011,0.156272299129442,1.7093738331136856,1.4207317453328256,5.318547366351253
129,6,440,4310.000000000002,5105.812979261011,0.09604681033252462,0.2911356028737759,0.0331257635813914,1.1846433826591667
129,5,560,5510.000000000002,5105.812979261011,0.15812758669901528,1.8210153922130705,0.266829943188652,0.9266448238223247
130,3,35,262.252839954494,4503.826832299601,0.15612958470101326,1.1845318108799248,3.1760945082974286,17.173605567364316
130,2,700,6910.000000000002,4503.826832299601,0.156272299129442,1.905345533528155,0.19407043733366902,0.6517839120549348
130,0,155,1460.0000072749747,4503.826832299601,0.13757670900528043,1.996773255165914,0.8474273834491708,3.084812883464154
130,5,700,6910.000000000002,4503.826832299601,0.15812758669901528,1.95686135906539,0.2016839493610019,0.6517839120549348
130,6,286,2770.000000000008,4503.826832299601,0.09604681033252462,0.4145892565168467,0.06474450359520507,1.6259302643680822
130,1,620,6110.000000000002,4503.826832299601,0.1374339945768517,1.0762954172463846,0.1090350518554948,0.7371238678068085
130,4,630,6210.000000000002,4503.826832299601,0.1584130155558727,2.661511444098612,0.3057801455183464,0.725253918244702
131,2,700,6910.000000000002,4579.7794501084945,0.156272299129442,0.9511991066593897,0.09851899027571667,0.6627756078304621
131,3,35,262.252839954494,4579.7794501084945,0.15612958470101326,0.3884227405081098,1.0590445186008337,17.463221564743307
131,0,372,3630.000000000001,4579.7794501084945,0.13757670900528043,1.864604125825018,0.323645442882637,1.2616472314348466
131,6,440,4310.000000000002,4579.7794501084945,0.09604681033252462,1.300356270488962,0.1327127342262514,1.062593839932365
131,1,310,3010.0000000000014,4579.7794501084945,0.1374339945768517,2.192874867673776,0.4585493564420091,1.5215214119961769
131,5,665,6560.000000000001,4579.7794501084945,0.15812758669901528,2.411408237522813,0.26620677720294705,0.6981371112970265
131,4,700,6910.000000000002,4579.7794501084945,0.1584130155558727,2.4773415737086384,0.26010174678513515,0.6627756078304621
132,4,700,6910.000000000002,4361.6343135771685,0.1584130155558727,2.7154913705857284,0.2715254185051673,0.63120612352781
132,6,440,4310.000000000002,4361.6343135771685,0.09604681033252462,0.6915040434178091,0.06721243837378137,1.0119801191594355
132,5,105,960.0014115816389,4361.6343135771685,0.15812758669901528,2.5358782929026247,1.821853403363158,4.5433623960939915
132,3,525,5160.000000000001,4361.6343135771685,0.15612958470101326,2.692300535973236,0.35531070418447536,0.8452779677475132
132,0,31,223.43368382029254,4361.6343135771685,0.13757670900528043,1.5440192344605035,4.146658091402691,19.52093452966217
132,2,665,6560.000000000001,4361.6343135771685,0.156272299129442,1.9180972001491052,0.1992957440777115,0.6648832795087146
132,1,620,6110.000000000002,4361.6343135771685,0.1374339945768517,1.7997802248628787,0.176571938881557,0.7138517698162303
133,2,700,6910.000000000002,4090.9094612839995,0.156272299129442,2.6254643600207683,0.2429013617101696,0.5920274184202603
133,6,440,4310.000000000002,4090.9094612839995,0.09604681033252462,0.37635432162472454,0.0343101369728148,0.9491669283721572
133,3,560,5510.000000000002,4090.9094612839995,0.15612958470101326,2.4158172331060674,0.28003837478977633,0.742451807855535
133,0,620,6110.000000000002,4090.9094612839995,0.13757670900528043,0.9698712640027642,0.08933829628523146,0.6695432833525365
133,1,279,2700.0000000000164,4090.9094612839995,0.1374339945768517,1.1282482769915896,0.23493891154530194,1.515151652327398
133,4,70,610.0563920873398,4090.9094612839995,0.1584130155558727,2.0569511507337466,2.185066834726574,6.705789029251442
133,5,280,2710.0000000000146,4090.9094612839995,0.15812758669901528,2.3030725440615885,0.5497507593440615,1.509560686820656
134,4,140,1310.0000353340838,4639.208020577058,0.1584130155558727,1.4869543891882129,0.8341824481040605,3.5413800728592655
134,5,700,6910.000000000002,4639.208020577058,0.15812758669901528,1.2691558514080925,0.13473747318998794,0.6713759798230183
134,1,558,5490.000000000002,4639.208020577058,0.1374339945768517,1.566360259322254,0.1819103157646154,0.8450287833473691
134,0,248,2390.0000000004047,4639.208020577058,0.13757670900528043,1.5121594580854532,0.4038205837218402,1.9410912219984404
134,3,700,6910.000000000002,4639.208020577058,0.15612958470101326,3.1287286565599914,0.32795850928125614,0.6713759798230183
134,6,110,1010.0008335248422,4639.208020577058,0.09604681033252462,0.4040856998183277,0.17827011415756927,4.593271477199183
134,2,700,6910.000000000002,4639.208020577058,0.156272299129442,2.804295446006757,0.2942195775709628,0.6713759798230183
135,3,490,4810.000000000001,4316.998199646579,0.15612958470101326,3.179411888813637,0.4455216256134147,0.897504823211347
135,5,700,6910.000000000002,4316.998199646579,0.15812758669901528,1.4419563510789055,0.14245036857925733,0.6247464833063066
135,2,700,6910.000000000002,4316.998199646579,0.156272299129442,2.10795559807116,0.2058009051395141,0.6247464833063066
135,0,93,840.0049979958054,4316.998199646579,0.13757670900528043,1.1799567864617109,0.8342784321062992,5.13925299247819
135,6,440,4310.000000000002,4316.998199646579,0.09604681033252462,0.314669652645975,0.030272089926064897,1.0016237122149831
135,4,105,960.0014115816389,4316.998199646579,0.1584130155558727,1.7906537594333962,1.275594024271483,4.496866512450394
135,1,527,5180.000000000002,4316.998199646579,0.1374339945768517,1.4319737182679633,0.16401415267156905,0.8333973358391077
136,6,242,2330.000000000761,4426.241256235693,0.09604681033252462,0.2966192965101602,0.05412046359529417,1.8996743588988187
136,0,217,2080.00000001059,4426.241256235693,0.13757670900528043,0.8995463898592554,0.2633541874565288,2.1280006039486334
136,2,700,6910.000000000002,4426.241256235693,0.156272299129442,1.9539565920001856,0.19559328808556295,0.6405558981527774
136,4,700,6910.000000000002,4426.241256235693,0.1584130155558727,1.4629605198983058,0.14845010256342514,0.6405558981527774
136,5,70,610.0563920873398,4426.241256235693,0.15812758669901528,1.3679068029907184,1.5693841141228317,7.255462468135246
136,1,620,6110.000000000002,4426.241256235693,0.1374339945768517,1.1262163703171868,0.1121269159496418,0.7244257375181165
136,3,525,5160.000000000001,4426.241256235693,0.15612958470101326,2.2234329465418115,0.2977793800460895,0.8577986930689326
137,2,700,6910.000000000002,4078.7741761636807,0.156272299129442,2.5246851792991825,0.23288464027050473,0.5902712266517626
137,3,210,2010.0000000221403,4078.7741761636807,0.15612958470101326,1.9224679855334896,0.6090850283012714,2.0292408836411706
137,4,35,262.252839954494,4078.7741761636807,0.1584130155558727,0.9942999467213818,2.449727280272824,15.552831293920127
137,0,620,6110.000000000002,4078.7741761636807,0.13757670900528043,1.416363132956225,0.13007923704596402,0.6675571483082945
137,6,220,2110.0000000077202,4078.7741761636807,0.09604681033252462,0.35322561116699547,0.06558164978526485,1.933068329928321
137,1,620,6110.000000000002,4078.7741761636807,0.1374339945768517,1.6524501283925956,0.1516041122164226,0.6675571483082945
137,5,490,4810.000000000001,4078.7741761636807,0.15812758669901528,1.2277181489204838,0.16462314846478657,0.8479779992024282
138,0,620,6110.000000000002,4625.991151709027,0.13757670900528043,2.243036562623278,0.23363874071113663,0.7571180281029501
138,2,700,6910.000000000002,4625.991151709027,0.156272299129442,2.2498354455118337,0.2353745521750172,0.669463263633723
138,3,700,6910.000000000002,4625.991151709027,0.15612958470101326,2.919805131642244,0.30518685403574386,0.669463263633723
138,5,210,2010.0000000221403,4625.991151709027,0.15812758669901528,1.6165662848774884,0.588314970995069,2.3014881351532694
138,4,245,2360.000000000555,4625.991151709027,0.1584130155558727,0.4764778217304618,0.1479538759009943,1.9601657422491268
138,1,465,4560.000000000002,4625.991151709027,0.1374339945768517,2.2299138498096194,0.3109010649117761,1.0144717437958388
138,6,330,3210.000000000001,4625.991151709027,0.09604681033252462,0.8768598992337111,0.12137043859352277,1.4411187388501636
139,6,440,4310.000000000002,3369.187253412702,0.09604681033252462,0.4463083447582787,0.033509336799995966,0.7817139799101394
139,0,155,1460.0000072749747,3369.187253412702,0.13757670900528043,1.5086117944176005,0.4789549942301495,2.3076624908387093
139,1,620,6110.000000000002,3369.187253412702,0.1374339945768517,1.6594446270705554,0.12575952074381794,0.5514218090691818
139,5,70,610.0563920873398,3369.187253412702,0.15812758669901528,1.3642938213126572,1.191436010244454,5.522747236341303
139,4,70,610.0563920873398,3369.187253412702,0.1584130155558727,1.2935271839911273,1.131674651830523,5.522747236341303
139,2,700,6910.000000000002,3369.187253412702,0.156272299129442,3.485654546121514,0.2655910564300066,0.48758136807709135
139,3,420,4110.000000000002,3369.187253412702,0.15612958470101326,2.0936308297452784,0.2679591777563082,0.8197535896381266
140,2,35,262.252839954494,4984.522172077948,0.156272299129442,2.069712145465897,6.147453921403957,19.006551741986325
140,5,595,5860.000000000002,4984.522172077948,0.15812758669901528,0.7059172512333489,0.0949483352091799,0.8506010532556223
140,0,620,6110.000000000002,4984.522172077948,0.13757670900528043,1.9453148171874866,0.2183318692945316,0.8157974095053923
140,3,700,6910.000000000002,4984.522172077948,0.15612958470101326,2.18824949774128,0.24644926470357525,0.72134908423704
140,4,595,5860.000000000002,4984.522172077948,0.1584130155558727,2.2268087555600777,0.3000541913650422,0.8506010532556223
140,6,352,3430.000000000001,4984.522172077948,0.09604681033252462,0.5590854903072764,0.07803520582534679,1.4532134612472147
140,1,620,6110.000000000002,4984.522172077948,0.1374339945768517,1.9197991129165308,0.2152446066496072,0.8157974095053923
141,0,31,223.43368382029254,4475.134875300036,0.13757670900528043,1.7826278729347211,4.912053544776126,20.0289177476901
141,1,465,4560.000000000002,4475.134875300036,0.1374339945768517,1.8912019784192675,0.2550782151575131,0.9813892270394812
141,4,210,2010.0000000221403,4475.134875300036,0.1584130155558727,2.7442381141495407,0.9678826941779939,2.226435261318777
141,2,700,6910.000000000002,4475.134875300036,0.156272299129442,0.609070413030984,0.0616421228207568,0.6476316751519586
141,5,595,5860.000000000002,4475.134875300036,0.15812758669901528,2.8788448805162434,0.3476437455990606,0.7636748933959103
141,6,440,4310.000000000002,4475.134875300036,0.09604681033252462,0.7372104745443684,0.07351962831044011,1.0383143562181052
141,3,700,6910.000000000002,4475.134875300036,0.15612958470101326,1.28367650581712,0.1297982624521502,0.6476316751519586
142,6,22,138.8629381196525,5126.175932261244,0.09604681033252462,0.2643590844299879,0.937312358094176,36.915364183380795
142,4,630,6210.000000000002,5126.175932261244,0.1584130155558727,2.606773386854275,0.3408757032287284,0.825471164615337
142,3,700,6910.000000000002,5126.175932261244,0.15612958470101326,2.9834905817772053,0.3455614881333518,0.7418489048134939
142,5,700,6910.000000000002,5126.175932261244,0.15812758669901528,2.594438122002174,0.3043451742529427,0.7418489048134939
142,0,620,6110.000000000002,5126.175932261244,0.13757670900528043,0.943854971918368,0.10894379040486517,0.8389813309756535
142,1,434,4250.000000000002,5126.175932261244,0.1374339945768517,1.1128256016562328,0.18447004567942266,1.2061590428849982
142,2,350,3410.000000000001,5126.175932261244,0.156272299129442,2.339691186256064,0.5496416934327091,1.5032773994901005
143,3,700,6910.000000000002,4601.576444508345,0.15612958470101326,2.255364994816286,0.23449340551330705,0.6659300209129296
143,0,496,4870.000000000001,4601.576444508345,0.13757670900528043,1.4386703777032324,0.18701821087328266,0.9448822267984279
143,2,700,6910.000000000002,4601.576444508345,0.156272299129442,2.0224993041088,0.21047425278297519,0.6659300209129296
143,6,330,3210.000000000001,4601.576444508345,0.09604681033252462,0.05265949332784083,0.007250387724599075,1.4335129110617892
143,4,700,6910.000000000002,4601.576444508345,0.1584130155558727,2.6183462754335545,0.27621454015299013,0.6659300209129296
143,1,248,2390.0000000004047,4601.576444508345,0.1374339945768517,1.4625086265349274,0.3869914288735414,1.9253457926809898
143,5,35,262.252839954494,4601.576444508345,0.15812758669901528,2.2367461372037916,6.205985838394749,17.546335991277765
144,2,245,2360.000000000555,5094.071642643159,0.156272299129442,2.855243044375079,0.9631149615878047,2.158504933322865
144,6,440,4310.000000000002,5094.071642643159,0.09604681033252462,0.9293449215106839,0.10549883289190258,1.1819191746271827
144,0,620,6110.000000000002,5094.071642643159,0.13757670900528043,2.290406551897001,0.26271285982573594,0.8337269464227753
144,3,525,5160.000000000001,5094.071642643159,0.15612958470101326,4.8183431620226465,0.7426741000197018,0.9872231865587516
144,5,525,5160.000000000001,5094.071642643159,0.15812758669901528,0.9885093440616975,0.1543134456690682,0.9872231865587516
144,4,700,6910.000000000002,5094.071642643159,0.1584130155558727,1.2810085614761277,0.14959941484127817,0.7372028426401096
144,1,558,5490.000000000002,5094.071642643159,0.1374339945768517,2.296133177850635,0.2928086806086772,0.9278819021207937
145,0,620,6110.000000000002,4627.956329385044,0.13757670900528043,1.7747976801683771,0.18494466617436478,0.7574396611104817
145,2,700,6910.000000000002,4627.956329385044,0.156272299129442,2.3900700048938583,0.2501519127857867,0.6697476598241741
145,3,245,2360.000000000555,4627.956329385044,0.15612958470101326,3.126242856392217,0.957161377568456,1.9609984446542188
145,6,286,2770.000000000008,4627.956329385044,0.09604681033252462,0.5021554783682813,0.08058062562784059,1.6707423571787114
145,1,248,2390.0000000004047,4627.956329385044,0.1374339945768517,1.842650252566529,0.49037512505045,1.9363834014160086
145,4,700,6910.000000000002,4627.956329385044,0.1584130155558727,1.4667495704073896,0.15561735728337275,0.6697476598241741
145,5,420,4110.000000000002,4627.956329385044,0.15812758669901528,1.1068116616996433,0.19707375860155293,1.1260234378065797
146,5,210,2010.0000000221403,3414.4975891159365,0.15812758669901528,1.2440961673365962,0.33418915180478737,1.698755019441953
146,3,35,262.252839954494,3414.4975891159365,0.15612958470101326,1.5359894366210034,3.1223389300504865,13.019868878096492
146,0,620,6110.000000000002,3414.4975891159365,0.13757670900528043,1.6302758751422946,0.1253405564656904,0.5588375759600549
146,6,440,4310.000000000002,3414.4975891159365,0.09604681033252462,0.34666068038556874,0.026377708954690944,0.7922268188204026
146,1,620,6110.000000000002,3414.4975891159365,0.1374339945768517,2.935909655560419,0.22548749245761573,0.5588375759600549
146,2,385,3760.0000000000014,3414.4975891159365,0.156272299129442,2.128032325367951,0.3019946073212488,0.9081110609350892
146,4,245,2360.000000000555,3414.4975891159365,0.1584130155558727,2.3090599984969167,0.5292256518160294,1.4468210123369212
147,3,140,1310.0000353340838,4863.731987820108,0.15612958470101326,0.7237024608950651,0.4195112212622725,3.7127724096432795
147,0,310,3010.0000000000014,4863.731987820108,0.13757670900528043,1.948657192701649,0.43319506567788846,1.6158578032624935
147,1,620,6110.000000000002,4863.731987820108,0.1374339945768517,2.0830008453160556,0.22788305923361835,0.7960281485793955
147,4,595,5860.000000000002,4863.731987820108,0.1584130155558727,2.3269308213358353,0.30594710834716066,0.8299883938259567
147,6,440,4310.000000000002,4863.731987820108,0.09604681033252462,0.8132083075895279,0.08814082652159218,1.1284760992622056
147,5,700,6910.000000000002,4863.731987820108,0.15812758669901528,2.441178796681332,0.2717057442610969,0.7038685944746899
147,2,630,6210.000000000002,4863.731987820108,0.156272299129442,3.6391605259562447,0.44541131970173065,0.7832096598744133
148,3,525,5160.000000000001,5153.269587555304,0.15612958470101326,1.08994977061986,0.16995144045762192,0.9986956565029657
148,0,620,6110.000000000002,5153.269587555304,0.13757670900528043,1.7605895932179396,0.20428886675279592,0.843415644444403
148,5,700,6910.000000000002,5153.269587555304,0.15812758669901528,2.0186608288399226,0.23805418129915876,0.7457698390094504
148,1,403,3940.000000000001,5153.269587555304,0.1374339945768517,1.8189283636993534,0.32696134085297024,1.307936443541955
148,4,315,3060.0000000000014,5153.269587555304,0.1584130155558727,2.443393511782011,0.6518470640896341,1.6840750286128436
148,2,700,6910.000000000002,5153.269587555304,0.156272299129442,2.0213030744016436,0.23556906249214699,0.7457698390094504
148,6,330,3210.000000000001,5153.269587555304,0.09604681033252462,0.5819391928660004,0.08973014806213415,1.6053799338178512
149,4,315,3060.0000000000014,5324.669616105718,0.1584130155558727,2.119475493825236,0.5842389407090387,1.740088109838469
149,1,620,6110.000000000002,5324.669616105718,0.1374339945768517,1.9521874107633999,0.23381218104709486,0.8714680222758947
149,3,560,5510.000000000002,5324.669616105718,0.15612958470101326,2.9149373266067764,0.43980027149734024,0.9663647216162824
149,6,198,1890.0000000783903,5324.669616105718,0.09604681033252462,0.5806275685912309,0.15711276112966158,2.817285511050196
149,2,665,6560.000000000001,5324.669616105718,0.156272299129442,2.9940405614771994,0.37977686737824223,0.8116874414795301
149,5,700,6910.000000000002,5324.669616105718,0.15812758669901528,2.209444127928284,0.26921873863661505,0.7705744741108128
149,0,620,6110.000000000002,5324.669616105718,0.13757670900528043,1.8398968492513645,0.22059204548965633,0.8714680222758947
150,4,490,4810.000000000001,4470.782755049935,0.1584130155558727,2.1975620880170754,0.32357168171141826,0.9294766642515456
150,6,22,138.8629381196525,4470.782755049935,0.09604681033252462,0.27776570779680776,0.8589320173365534,32.195651450192166
150,2,700,6910.000000000002,4470.782755049935,0.156272299129442,1.9305533638577712,0.19519528914518738,0.647001845882769
150,3,700,6910.000000000002,4470.782755049935,0.15612958470101326,2.683192480187333,0.271045719047913,0.647001845882769
150,5,700,6910.000000000002,4470.782755049935,0.15812758669901528,1.7468791609482122,0.17872118141397758,0.647001845882769
150,1,186,1770.0000002775555,4470.782755049935,0.1374339945768517,1.6749676490881709,0.5814480168652284,2.5258659629089646
150,0,155,1460.0000072749747,4470.782755049935,0.13757670900528043,1.6910324235775986,0.7124059865509637,3.0621799539538723
