round,cid,tau,a_i,a_eff,p_i,raw_update_norm,contribution_norm,amp_vs_fedavg
1,0,186,186.0,429.27743684886536,0.13757670900528043,0.8480646684421678,0.26927684157125736,2.3079432088648675
1,5,700,700.0,429.27743684886536,0.15812758669901528,1.4003769773894712,0.13579776658837334,0.6132534812126648
1,6,396,396.0,429.27743684886536,0.09604681033252462,0.7208216686169711,0.07505051150704543,1.0840339314365286
1,3,700,700.0,429.27743684886536,0.15612958470101326,1.38205294360315,0.13232743886114134,0.6132534812126648
1,2,245,245.0,429.27743684886536,0.156272299129442,0.9169963803251819,0.2510854813067523,1.7521528034647567
1,4,140,140.0,429.27743684886536,0.1584130155558727,0.6907286385744955,0.3355122262157801,3.066267406063324
1,1,620,620.0,429.27743684886536,0.1374339945768517,1.3352257225691038,0.12705601578020387,0.6923829626594603
2,0,620,620.0,474.85642928500073,0.13757670900528043,1.1336520527102147,0.11945252329070168,0.7658974665887108
2,2,630,630.0,474.85642928500073,0.156272299129442,1.002907462399779,0.11813120595182412,0.7537403639444457
2,1,279,279.0,474.85642928500073,0.1374339945768517,0.715786027147005,0.16743085889775755,1.7019943701971352
2,5,700,700.0,474.85642928500073,0.15812758669901528,1.2210689311384795,0.13098214749878856,0.678366327550001
2,3,105,105.0,474.85642928500073,0.15612958470101326,0.4853366301715975,0.3426898948802527,4.522442183666674
2,6,154,154.0,474.85642928500073,0.09604681033252462,0.054698201688575615,0.016199350292995945,3.0834833070454595
2,4,700,700.0,474.85642928500073,0.1584130155558727,1.2778557322258481,0.1373210037436464,0.678366327550001
3,2,700,700.0,605.3519337805052,0.156272299129442,0.8629887647596283,0.1166264449322125,0.8647884768292932
3,6,396,396.0,605.3519337805052,0.09604681033252462,0.21738697234162666,0.03191752511906251,1.5286664994457202
3,3,700,700.0,605.3519337805052,0.15612958470101326,0.8879095497371311,0.11988471786853384,0.8647884768292932
3,0,558,558.0,605.3519337805052,0.13757670900528043,1.0330449465448748,0.15418348902876086,1.0848600963808337
3,1,527,527.0,605.3519337805052,0.1374339945768517,0.9591139231113258,0.15141248389794312,1.1486753961679415
3,4,700,700.0,605.3519337805052,0.1584130155558727,1.209947115283613,0.1657551931476845,0.8647884768292932
3,5,560,560.0,605.3519337805052,0.15812758669901528,1.0521893779147136,0.17985456407963676,1.0809855960366164
4,2,700,700.0,463.690737833595,0.156272299129442,0.9196002560046387,0.09519441430702673,0.6624153397622785
4,4,700,700.0,463.690737833595,0.1584130155558727,1.0698608531267078,0.1122660749221837,0.6624153397622785
4,3,560,560.0,463.690737833595,0.15612958470101326,0.8452342673132808,0.10927044061848613,0.8280191747028482
4,6,44,44.0,463.690737833595,0.09604681033252462,0.08669601186803391,0.08775215913646264,10.538425859854431
4,0,620,620.0,463.690737833595,0.13757670900528043,0.9803253372997413,0.10086764362977656,0.747888286828379
4,1,403,403.0,463.690737833595,0.1374339945768517,0.7264846558114801,0.11487988454407135,1.1505973643513523
4,5,70,70.0,463.690737833595,0.15812758669901528,0.3597032069147292,0.37677522135061753,6.624153397622786
5,1,465,465.0,492.9119451976594,0.1374339945768517,0.8773892231442777,0.1278211896903451,1.060025688597117
5,0,496,496.0,492.9119451976594,0.13757670900528043,0.8762202061274539,0.11979697364839119,0.9937740830597972
5,4,35,35.0,492.9119451976594,0.1584130155558727,0.12876300605056254,0.28726536483062914,14.08319843421884
5,3,700,700.0,492.9119451976594,0.15612958470101326,1.0500954368004511,0.11544769828737932,0.704159921710942
5,5,700,700.0,492.9119451976594,0.15812758669901528,0.9147682009877949,0.1018567946494473,0.704159921710942
5,2,595,595.0,492.9119451976594,0.156272299129442,0.8894485252970126,0.11514768161473278,0.8284234373069906
5,6,440,440.0,492.9119451976594,0.09604681033252462,0.21895093589184694,0.023558434047462197,1.1202544209037715
6,4,700,700.0,454.1761096046811,0.1584130155558727,0.9484334995744857,0.09748190159464966,0.648823013720973
6,6,440,440.0,454.1761096046811,0.09604681033252462,0.17201022770276297,0.017053315498904483,1.0322184309197298
6,3,210,210.0,454.1761096046811,0.15612958470101326,0.5355652920061954,0.18084338183881404,2.16274337906991
6,1,620,620.0,454.1761096046811,0.1374339945768517,0.8820962630105805,0.08880608981268201,0.7325421122656146
6,2,280,280.0,454.1761096046811,0.156272299129442,0.6002801865102204,0.15216061854536933,1.6220575343024324
6,0,248,248.0,454.1761096046811,0.13757670900528043,0.5367559692390301,0.13523665007290747,1.8313552806640365
6,5,665,665.0,454.1761096046811,0.15812758669901528,0.9133867938822094,0.09864271375360703,0.6829715933904978
7,0,527,527.0,403.8238903953189,0.13757670900528043,0.7959656781597254,0.08391133895426524,0.7662692417368481
7,3,700,700.0,403.8238903953189,0.15612958470101326,0.9971664113598665,0.0898145739668346,0.5768912719933128
7,1,62,62.0,403.8238903953189,0.1374339945768517,0.2702048740225161,0.2418731536771573,6.513288554763209
7,4,700,700.0,403.8238903953189,0.1584130155558727,0.9972925821759798,0.09113966301868218,0.5768912719933128
7,6,440,440.0,403.8238903953189,0.09604681033252462,0.16139334777716388,0.014226822362559595,0.9177815690802703
7,2,280,280.0,403.8238903953189,0.156272299129442,0.4719518223780124,0.10636864971053192,1.442228179983282
7,5,105,105.0,403.8238903953189,0.15812758669901528,0.37220424493565263,0.22635582453249706,3.8459418132887517
8,3,350,350.0,527.7508206079634,0.15612958470101326,0.6939631986257346,0.16337384020706872,1.507859487451324
8,1,620,620.0,527.7508206079634,0.1374339945768517,0.849856913212375,0.09942078982384801,0.8512110009805861
8,4,700,700.0,527.7508206079634,0.1584130155558727,0.9801944179795572,0.11706685831982357,0.753929743725662
8,5,455,455.0,527.7508206079634,0.15812758669901528,0.7098353334838204,0.13019154382660225,1.1598919134240955
8,2,700,700.0,527.7508206079634,0.156272299129442,1.027790039768328,0.12109251063344145,0.753929743725662
8,6,330,330.0,527.7508206079634,0.09604681033252462,0.15858729875124117,0.024359385358070636,1.5992449109332225
8,0,465,465.0,527.7508206079634,0.13757670900528043,0.7415876915767102,0.1157932900654518,1.1349480013074482
9,3,280,280.0,480.41287284144425,0.15612958470101326,0.5355363420422398,0.1434599770306799,1.7157602601480153
9,0,310,310.0,480.41287284144425,0.13757670900528043,0.5465994055004822,0.11653785321824506,1.54971894464982
9,4,700,700.0,480.41287284144425,0.1584130155558727,1.0028056358179964,0.10902453004331492,0.686304104059206
9,1,620,620.0,480.41287284144425,0.1374339945768517,0.8194160808725651,0.08726128392949929,0.77485947232491
9,5,700,700.0,480.41287284144425,0.15812758669901528,1.001508696715903,0.10868734093310674,0.686304104059206
9,6,396,396.0,480.41287284144425,0.09604681033252462,0.15133268864014346,0.017633362869843773,1.2131638203066775
9,2,315,315.0,480.41287284144425,0.156272299129442,0.585255353845335,0.1394862758311563,1.5251202312426801
10,4,455,455.0,428.96275153418003,0.1584130155558727,0.7656584287501508,0.11434945915262816,0.9427752780970989
10,1,620,620.0,428.96275153418003,0.1374339945768517,1.0211379789393749,0.09709715200183136,0.6918754057002904
10,0,124,124.0,428.96275153418003,0.13757670900528043,0.36739661118587624,0.174854961437222,3.459377028501452
10,3,140,140.0,428.96275153418003,0.15612958470101326,0.34663519767565465,0.16582477263742001,3.0640196538155715
10,5,700,700.0,428.96275153418003,0.15812758669901528,1.0591590746172144,0.10263379240838699,0.6128039307631143
10,6,132,132.0,428.96275153418003,0.09604681033252462,0.12906193007472186,0.04028345887105297,3.249717814652879
10,2,700,700.0,428.96275153418003,0.156272299129442,1.0091477480459035,0.09664030667361007,0.6128039307631143
11,0,620,620.0,441.56072498929643,0.13757670900528043,0.831348759468664,0.0814567198598033,0.7121947177246717
11,1,248,248.0,441.56072498929643,0.1374339945768517,0.4757855189113163,0.11642443692200859,1.780486794311679
11,3,385,385.0,441.56072498929643,0.15612958470101326,0.669048518205358,0.11980433308229393,1.1469109739981727
11,6,264,264.0,441.56072498929643,0.09604681033252462,0.13006592586634738,0.02089454865657681,1.672578503747335
11,4,105,105.0,441.56072498929643,0.1584130155558727,0.3794398578135532,0.25277548297097024,4.205340237993299
11,2,700,700.0,441.56072498929643,0.156272299129442,1.0807758513625585,0.10653934728211382,0.6308010356989949
11,5,700,700.0,441.56072498929643,0.15812758669901528,1.0642808021422554,0.10615886555595949,0.6308010356989949
12,2,700,700.0,533.146139574711,0.156272299129442,1.1095777073955047,0.13206506616350963,0.7616373422495871
12,0,465,465.0,533.146139574711,0.13757670900528043,0.7375381610555054,0.11633830406612321,1.1465508377950775
12,4,560,560.0,533.146139574711,0.1584130155558727,0.8649034006617832,0.13044177740023621,0.9520466778119839
12,6,44,44.0,533.146139574711,0.09604681033252462,0.14366053582676103,0.16719143336335135,12.116957717607068
12,5,700,700.0,533.146139574711,0.15812758669901528,1.0696222869503424,0.12882089590907847,0.7616373422495871
12,1,341,341.0,533.146139574711,0.1374339945768517,0.6087728728913026,0.13081012221904256,1.5634784151751056
12,3,700,700.0,533.146139574711,0.15612958470101326,1.0982454003354316,0.13059688745356748,0.7616373422495871
13,4,700,700.0,472.9556158127586,0.1584130155558727,1.0765037872486294,0.11522023851688436,0.6756508797325123
13,2,420,420.0,472.9556158127586,0.156272299129442,0.788989788472331,0.13884315706341818,1.1260847995541872
13,3,490,490.0,472.9556158127586,0.15612958470101326,0.8824612433724429,0.1329857637593824,0.9652155424750175
13,0,310,310.0,472.9556158127586,0.13757670900528043,0.5479638768754531,0.11501527941591524,1.5256632768153504
13,1,620,620.0,472.9556158127586,0.1374339945768517,0.8984889483260704,0.09419668218505536,0.7628316384076752
13,5,315,315.0,472.9556158127586,0.15812758669901528,0.6713078689093732,0.15938197847789462,1.5014463994055829
13,6,440,440.0,472.9556158127586,0.09604681033252462,0.0368602546101863,0.003805476002384716,1.0748991268471786
14,5,245,245.0,441.243328100471,0.15812758669901528,0.5697420758658284,0.16225496824051247,1.8009931759202897
14,2,350,350.0,441.243328100471,0.156272299129442,0.7022121722136858,0.13834404261483393,1.2606952231442028
14,6,352,352.0,441.243328100471,0.09604681033252462,0.15072566875617607,0.018147034059395602,1.2535321821036107
14,0,620,620.0,441.243328100471,0.13757670900528043,0.8023457962590329,0.07855845978199745,0.7116827872588242
14,3,700,700.0,441.243328100471,0.15612958470101326,1.1267388541982641,0.11088903058322278,0.6303476115721014
14,4,700,700.0,441.243328100471,0.1584130155558727,1.0691165099412583,0.10675691348258713,0.6303476115721014
14,1,62,62.0,441.243328100471,0.1374339945768517,0.27910172444372494,0.2729877453020734,7.1168278725882415
15,4,70,70.0,413.5534465534466,0.1584130155558727,0.33942639364913824,0.3176655181323511,5.907906379334951
15,3,280,280.0,413.5534465534466,0.15612958470101326,0.6584020640936276,0.15182734635225095,1.4769765948337377
15,2,700,700.0,413.5534465534466,0.156272299129442,1.14494967684579,0.10570657588612721,0.5907906379334951
15,6,440,440.0,413.5534465534466,0.09604681033252462,0.15629850016852867,0.014109665740854352,0.9398941967123786
15,0,620,620.0,413.5534465534466,0.13757670900528043,0.8101734425517304,0.07434690166338238,0.66702168798943
15,1,403,403.0,413.5534465534466,0.1374339945768517,0.7032064009317374,0.09917531380574245,1.0261872122914306
15,5,420,420.0,413.5534465534466,0.15812758669901528,0.8136527356374307,0.12668613480992266,0.9846510632224919
16,2,315,315.0,423.5500214071643,0.156272299129442,0.7096114866082633,0.1491065744125947,1.3446032425624264
16,4,700,700.0,423.5500214071643,0.1584130155558727,1.0274352715930304,0.098480898024068,0.6050714591530919
16,0,310,310.0,423.5500214071643,0.13757670900528043,0.617033543793592,0.11598363209976044,1.3662903916360138
16,3,385,385.0,423.5500214071643,0.15612958470101326,0.7888928097953621,0.13550246033209878,1.1001299257328943
16,6,440,440.0,423.5500214071643,0.09604681033252462,0.16713756576377994,0.01545286643940121,0.9626136850162825
16,1,620,620.0,423.5500214071643,0.1374339945768517,0.9247317805282207,0.08682063773033057,0.6831451958180069
16,5,210,210.0,423.5500214071643,0.15812758669901528,0.5006971357956046,0.15968648569382013,2.0169048638436395
17,2,700,700.0,472.4071642643071,0.156272299129442,1.0634644025497186,0.11215622784592554,0.6748673775204387
17,0,620,620.0,472.4071642643071,0.13757670900528043,0.795048507587845,0.08334188689857289,0.7619470391359792
17,3,315,315.0,472.4071642643071,0.15612958470101326,0.6819383067516739,0.15967473823915904,1.4997052833787528
17,1,527,527.0,472.4071642643071,0.1374339945768517,0.7735862438138661,0.09530348194908585,0.8964082813364461
17,4,140,140.0,472.4071642643071,0.1584130155558727,0.4407478788133295,0.23559687832590057,3.3743368876021935
17,5,700,700.0,472.4071642643071,0.15812758669901528,1.0302254572601457,0.10994066394695474,0.6748673775204387
17,6,242,242.0,472.4071642643071,0.09604681033252462,0.12677210401617622,0.02376882725408379,1.9520957201004425
18,4,525,525.0,427.5224775224775,0.1584130155558727,0.8502349531164995,0.1096805111982321,0.8143285286142429
18,1,620,620.0,427.5224775224775,0.1374339945768517,0.8820425771230214,0.08358935668511742,0.6895523831007702
18,5,175,175.0,427.5224775224775,0.15812758669901528,0.4841936453757443,0.18704565874437346,2.4429855858427287
18,2,630,630.0,427.5224775224775,0.156272299129442,0.9900107848050136,0.10498816161745826,0.6786071071785358
18,3,35,35.0,427.5224775224775,0.15612958470101326,0.3932518133944094,0.7499751047749308,12.214927929213644
18,6,440,440.0,427.5224775224775,0.09604681033252462,0.18788270411788435,0.017533799079709783,0.9716419943692671
18,0,620,620.0,427.5224775224775,0.13757670900528043,0.7878082149556459,0.0747364879256835,0.6895523831007702
19,5,700,700.0,481.235336092479,0.15812758669901528,1.306145129828655,0.14199025772529947,0.6874790515606842
19,6,374,374.0,481.235336092479,0.09604681033252462,0.4646253800427849,0.05742113637718132,1.2867254975734732
19,4,700,700.0,481.235336092479,0.1584130155558727,1.345004761385393,0.14647859047367434,0.6874790515606842
19,2,700,700.0,481.235336092479,0.156272299129442,1.1583108848896717,0.12444189283134342,0.6874790515606842
19,3,350,350.0,481.235336092479,0.15612958470101326,0.7978792393387112,0.1712820429331434,1.3749581031213685
19,1,62,62.0,481.235336092479,0.1374339945768517,0.5976793179266241,0.6375705040644578,7.761860259556112
19,0,372,372.0,481.235336092479,0.13757670900528043,0.9108050439113196,0.16210070837389143,1.2936433765926854
20,5,210,210.0,443.54502640216924,0.15812758669901528,0.6413832830062838,0.21421195174620264,2.112119173343663
20,1,62,62.0,443.54502640216924,0.1374339945768517,0.26400328805108325,0.25956703110306456,7.153952038744666
20,0,496,496.0,443.54502640216924,0.13757670900528043,0.6947127486861479,0.0854685276179569,0.8942440048430832
20,3,455,455.0,443.54502640216924,0.15612958470101326,1.0289110499178293,0.15659913286355978,0.9748242338509214
20,2,700,700.0,443.54502640216924,0.156272299129442,1.1891485738573964,0.11774915379895827,0.633635752003099
20,6,440,440.0,443.54502640216924,0.09604681033252462,0.13928275326906747,0.01348544639659437,1.0080568781867483
20,4,700,700.0,443.54502640216924,0.1584130155558727,1.0423451584910572,0.10462659422940919,0.633635752003099
21,4,525,525.0,582.2274867989154,0.1584130155558727,0.8600234309066975,0.15108959112972353,1.1090047367598388
21,5,700,700.0,582.2274867989154,0.15812758669901528,0.8092776414229438,0.1064387705183314,0.8317535525698792
21,1,558,558.0,582.2274867989154,0.1374339945768517,0.7862770451121895,0.11275304314500749,1.0434184351235043
21,6,308,308.0,582.2274867989154,0.09604681033252462,0.1145522832281572,0.020798340529826417,1.8903489831133615
21,2,560,560.0,582.2274867989154,0.156272299129442,0.9874576450571229,0.1604372302154918,1.0396919407123488
21,0,620,620.0,582.2274867989154,0.13757670900528043,0.793913210921879,0.1025696704595793,0.9390765916111539
21,3,700,700.0,582.2274867989154,0.15612958470101326,1.057262519381036,0.13729752404803885,0.8317535525698792
22,6,220,220.0,524.624518338804,0.09604681033252462,0.10391279776350212,0.023800050983620726,2.3846569015400183
22,0,620,620.0,524.624518338804,0.13757670900528043,0.9029347322225348,0.10511342063931779,0.8461685779658129
22,4,560,560.0,524.624518338804,0.1584130155558727,0.7828904010768063,0.11618562165652249,0.9368294970335787
22,3,700,700.0,524.624518338804,0.15612958470101326,0.9651887119452346,0.11294005167132648,0.7494635976268629
22,2,210,210.0,524.624518338804,0.156272299129442,0.6028628236136697,0.23535844918119203,2.498211992089543
22,1,558,558.0,524.624518338804,0.1374339945768517,0.8067416277547113,0.10424206865406611,0.9401873088509033
22,5,700,700.0,524.624518338804,0.15812758669901528,0.7999813442995237,0.094806485105904,0.7494635976268629
23,6,374,374.0,548.7847866419295,0.09604681033252462,0.131915283694562,0.018591247121834756,1.467339001716389
23,2,665,665.0,548.7847866419295,0.156272299129442,0.7631509031806666,0.09841761634873605,0.8252402806645556
23,3,490,490.0,548.7847866419295,0.15612958470101326,0.8488189445422283,0.14842472459778952,1.1199689523304683
23,0,620,620.0,548.7847866419295,0.13757670900528043,0.7772803175203228,0.09465268996803945,0.8851367526482734
23,1,186,186.0,548.7847866419295,0.1374339945768517,0.5055932924263994,0.2050145066520846,2.950455842160911
23,5,700,700.0,548.7847866419295,0.15812758669901528,0.7474470479978347,0.09265995763173317,0.7839782666313279
23,4,700,700.0,548.7847866419295,0.1584130155558727,0.7458084815292142,0.09262371643398314,0.7839782666313279
24,4,700,700.0,428.56714713857565,0.1584130155558727,0.6879814678561985,0.06672497767728357,0.6122387816265367
24,3,700,700.0,428.56714713857565,0.15612958470101326,0.7859094703309228,0.07512397555345685,0.6122387816265367
24,5,315,315.0,428.56714713857565,0.15812758669901528,0.7026650421058099,0.15116954744037725,1.360530625836748
24,6,440,440.0,428.56714713857565,0.09604681033252462,0.13745959619712925,0.012859503770130305,0.9740162434967629
24,2,35,35.0,428.56714713857565,0.156272299129442,0.4024213958693425,0.7700410837525578,12.244775632530732
24,1,279,279.0,428.56714713857565,0.1374339945768517,0.5047428111214608,0.1065562638573875,1.536082964654393
24,0,527,527.0,428.56714713857565,0.13757670900528043,0.6882261774103626,0.07699887230661663,0.8132203930523257
25,2,210,210.0,452.99614671043236,0.156272299129442,0.6265297801384087,0.21120244105637673,2.157124508144916
25,3,700,700.0,452.99614671043236,0.15612958470101326,0.9659742382574831,0.09759941545819288,0.6471373524434748
25,4,700,700.0,452.99614671043236,0.1584130155558727,1.0649444755250081,0.109172761055162,0.6471373524434748
25,1,620,620.0,452.99614671043236,0.1374339945768517,1.1618373269581295,0.11666546412674313,0.730638946307149
25,0,62,62.0,452.99614671043236,0.13757670900528043,0.638386291211871,0.6416988885552208,7.30638946307149
25,6,242,242.0,452.99614671043236,0.09604681033252462,0.46459061633100657,0.08352808455072305,1.8718849037621172
25,5,525,525.0,452.99614671043236,0.15812758669901528,1.0072980537375695,0.13743610613079357,0.8628498032579663
26,5,560,560.0,520.4395604395604,0.15812758669901528,0.8862904550906049,0.13024647833671396,0.9293563579277865
26,0,620,620.0,520.4395604395604,0.13757670900528043,0.7996595800514333,0.09234825060904404,0.8394186458702587
26,2,700,700.0,520.4395604395604,0.156272299129442,0.9358323150696957,0.10873072922516452,0.7434850863422292
26,4,700,700.0,520.4395604395604,0.1584130155558727,0.9353098830354255,0.1101586604183417,0.7434850863422292
26,3,210,210.0,520.4395604395604,0.15612958470101326,0.8155784666393916,0.31557454297937604,2.478283621140764
26,1,496,496.0,520.4395604395604,0.1374339945768517,0.7657183299287942,0.11042104121105151,1.0492733073378233
26,6,264,264.0,520.4395604395604,0.09604681033252462,0.07399451005024091,0.014010344688933056,1.9713619713619712
27,2,700,700.0,488.91622663051237,0.156272299129442,0.6541500823455287,0.07139960569061637,0.6984517523293033
27,0,62,62.0,488.91622663051237,0.13757670900528043,0.38720218124611183,0.42007368193931977,7.885745590814715
27,6,396,396.0,488.91622663051237,0.09604681033252462,0.1428550464439765,0.016940171346212587,1.2346369359356373
27,3,700,700.0,488.91622663051237,0.15612958470101326,0.7758458580711991,0.08460520103087533,0.6984517523293033
27,1,620,620.0,488.91622663051237,0.1374339945768517,0.7020090207561515,0.07608159771877833,0.7885745590814716
27,5,525,525.0,488.91622663051237,0.15812758669901528,0.6031473488973301,0.0888190684757388,0.9312690031057378
27,4,350,350.0,488.91622663051237,0.1584130155558727,0.6233261409963261,0.13793440598008178,1.3969035046586067
28,0,124,124.0,364.12458969601823,0.13757670900528043,0.33853924185328005,0.1367672947841754,2.9364886265807923
28,3,700,700.0,364.12458969601823,0.15612958470101326,0.8061823783022743,0.06547424117211494,0.520177985280026
28,6,440,440.0,364.12458969601823,0.09604681033252462,0.1278167684197892,0.010159401210590151,0.8275558856727687
28,1,620,620.0,364.12458969601823,0.1374339945768517,0.6614318861471791,0.05338725800270293,0.5872977253161584
28,2,245,245.0,364.12458969601823,0.156272299129442,0.6526600834834867,0.15158386551919567,1.4862228150857888
28,4,245,245.0,364.12458969601823,0.1584130155558727,0.6097379532651611,0.14355489762761497,1.4862228150857888
28,5,210,210.0,364.12458969601823,0.15812758669901528,0.5816498222963669,0.15947769727047956,1.733926617600087
29,6,374,374.0,444.21036106750387,0.09604681033252462,0.17105777281790496,0.019513844586683912,1.187728238148406
29,4,700,700.0,444.21036106750387,0.1584130155558727,0.5494228779419174,0.055231678900314406,0.6345862300964341
29,3,70,70.0,444.21036106750387,0.15612958470101326,0.43664018302506186,0.43261298320823904,6.345862300964341
29,2,140,140.0,444.21036106750387,0.156272299129442,0.5265021191192503,0.2610614666947961,3.1729311504821704
29,5,595,595.0,444.21036106750387,0.15812758669901528,0.5314095277895399,0.06273482603380447,0.7465720354075696
29,0,620,620.0,444.21036106750387,0.13757670900528043,0.6422103253883886,0.06330225701102152,0.7164683243024256
29,1,620,620.0,444.21036106750387,0.1374339945768517,0.8898893309008894,0.08762482511336316,0.7164683243024256
30,1,279,279.0,577.3376623376623,0.1374339945768517,0.6951422859233811,0.1976940340357146,2.0693106176977145
30,5,700,700.0,577.3376623376623,0.15812758669901528,0.704114978947679,0.09182968099788877,0.8247680890538033
30,4,700,700.0,577.3376623376623,0.1584130155558727,0.7356055695775479,0.09610981017679002,0.8247680890538033
30,6,330,330.0,577.3376623376623,0.09604681033252462,0.12359500729614588,0.020768246209363024,1.7495080676898858
30,0,527,527.0,577.3376623376623,0.13757670900528043,0.7451177582432269,0.11230241731725818,1.0955173858399665
30,2,700,700.0,577.3376623376623,0.156272299129442,0.5628618771657661,0.07254636987872325,0.8247680890538033
30,3,665,665.0,577.3376623376623,0.15612958470101326,0.5623528988283414,0.07622586946288698,0.8681769358461088
31,3,350,350.0,498.863850435279,0.15612958470101326,0.5681919702472568,0.1264428530106488,1.42532528695794
31,0,620,620.0,498.863850435279,0.13757670900528043,0.5785716592249197,0.06404605997445398,0.8046191136052887
31,1,620,620.0,498.863850435279,0.1374339945768517,0.517319192153104,0.057206200681762354,0.8046191136052887
31,6,88,88.0,498.863850435279,0.09604681033252462,0.14565405350012464,0.07930578794495959,5.668907391309989
31,4,665,665.0,498.863850435279,0.1584130155558727,0.644409487633464,0.07657961459941116,0.7501712036620737
31,2,315,315.0,498.863850435279,0.156272299129442,0.46037741367773427,0.11393771123143398,1.5836947632866
31,5,700,700.0,498.863850435279,0.15812758669901528,0.662731581861855,0.07468429819890242,0.71266264347897
32,3,70,70.0,486.7688026259455,0.15612958470101326,0.34232360872126966,0.37166079577945027,6.953840037513507
32,2,700,700.0,486.7688026259455,0.156272299129442,0.46112238085523855,0.05010982653392689,0.6953840037513507
32,5,700,700.0,486.7688026259455,0.15812758669901528,0.5852554667668335,0.06435433666120113,0.6953840037513507
32,1,403,403.0,486.7688026259455,0.1374339945768517,0.5737780961347085,0.09524799113889751,1.2078630338112792
32,6,88,88.0,486.7688026259455,0.09604681033252462,0.08543985810354217,0.04539244010441402,5.531463666203926
32,4,700,700.0,486.7688026259455,0.1584130155558727,0.5057600003200139,0.055713447908576484,0.6953840037513507
32,0,589,589.0,486.7688026259455,0.13757670900528043,0.6811143009680433,0.0774412504292244,0.8264326020814016
33,6,440,440.0,531.108891108891,0.09604681033252462,0.18557623340626192,0.021514744740584065,1.207065661611116
33,5,525,525.0,531.108891108891,0.15812758669901528,0.5873806831140944,0.09396185268347997,1.0116359830645543
33,0,279,279.0,531.108891108891,0.13757670900528043,0.5026837536555084,0.13164947586313558,1.903616097164484
33,1,558,558.0,531.108891108891,0.1374339945768517,0.5782489144066768,0.07564119279235319,0.951808048582242
33,2,700,700.0,531.108891108891,0.156272299129442,0.649888460830466,0.07705598198839231,0.7587269872984158
33,3,700,700.0,531.108891108891,0.15612958470101326,0.4522948066072028,0.05357872041253831,0.7587269872984158
33,4,455,455.0,531.108891108891,0.1584130155558727,0.5638903098499694,0.10426959052261003,1.1672722881514088
34,4,455,455.0,524.3800485229057,0.1584130155558727,0.4929174754087406,0.08999115783325375,1.1524836231272653
34,3,700,700.0,524.3800485229057,0.15612958470101326,0.44836275556054617,0.05244002058498093,0.7491143550327224
34,5,630,630.0,524.3800485229057,0.15812758669901528,0.4996805072515954,0.06576664093536945,0.8323492833696915
34,1,93,93.0,524.3800485229057,0.1374339945768517,0.3978951198349557,0.3083372488386827,5.638495145407588
34,6,374,374.0,524.3800485229057,0.09604681033252462,0.14509639303457442,0.019539530326907223,1.4020856912377158
34,2,700,700.0,524.3800485229057,0.156272299129442,0.5136078630532117,0.06012592696768538,0.7491143550327224
34,0,620,620.0,524.3800485229057,0.13757670900528043,0.5096374981536359,0.059300828552669355,0.8457742718111382
35,4,700,700.0,378.69501926644784,0.1584130155558727,0.5097852760818694,0.04368875836241477,0.5409928846663541
35,2,105,105.0,378.69501926644784,0.156272299129442,0.44499782851563513,0.25080730842132726,3.6066192311090273
35,1,217,217.0,378.69501926644784,0.1374339945768517,0.22264983504461033,0.05340063319151566,1.7451383376334002
35,3,35,35.0,378.69501926644784,0.15612958470101326,0.35446208943710794,0.5987927680512971,10.819857693327082
35,0,620,620.0,378.69501926644784,0.13757670900528043,0.4953855776430004,0.041628060657895635,0.6107984181716901
35,6,440,440.0,378.69501926644784,0.09604681033252462,0.1420296683846631,0.011740833694744195,0.860670498332836
35,5,560,560.0,378.69501926644784,0.15812758669901528,0.5583605555483239,0.05970681980413075,0.6762411058329426
36,1,310,310.0,446.6486370772085,0.1374339945768517,0.7311559116887928,0.14477997079566224,1.4408020550877694
36,6,44,44.0,446.6486370772085,0.09604681033252462,0.14915701030771614,0.1454252949008023,10.151105388118374
36,5,700,700.0,446.6486370772085,0.15812758669901528,0.7796647844218124,0.07866536002359288,0.6380694815388692
36,3,280,280.0,446.6486370772085,0.15612958470101326,0.495471535010143,0.12339907250411783,1.5951737038471732
36,0,620,620.0,446.6486370772085,0.13757670900528043,0.786774636054213,0.07797755088248892,0.7204010275438847
36,4,700,700.0,446.6486370772085,0.1584130155558727,0.7880666473763702,0.07965660305288456,0.6380694815388692
36,2,315,315.0,446.6486370772085,0.156272299129442,0.5312816655884165,0.11772326261670174,1.4179321811974872
37,3,35,35.0,346.0493791922363,0.15612958470101326,0.3767029758412239,0.5815061144452182,9.88712511977818
37,5,385,385.0,346.0493791922363,0.15812758669901528,0.5646806456202398,0.0802579182003528,0.898829556343471
37,1,620,620.0,346.0493791922363,0.1374339945768517,0.5572571628089672,0.04274607211143066,0.5581441599874779
37,4,700,700.0,346.0493791922363,0.1584130155558727,0.6624859183747487,0.0518809054746621,0.494356255988909
37,2,210,210.0,346.0493791922363,0.156272299129442,0.3852606545689705,0.0992099977051259,1.6478541866296967
37,0,62,62.0,346.0493791922363,0.13757670900528043,0.6408981098413299,0.49213051208416325,5.581441599874779
37,6,440,440.0,346.0493791922363,0.09604681033252462,0.0659718324741645,0.004983413130752688,0.7864758618005371
38,6,440,440.0,476.25931211645496,0.09604681033252462,0.29910678675260627,0.03109567710146714,1.0824075275373977
38,3,700,700.0,476.25931211645496,0.15612958470101326,0.7171228595961028,0.07617706072636794,0.68037044588065
38,2,210,210.0,476.25931211645496,0.156272299129442,0.6867969120794034,0.24340781686147395,2.2679014862688334
38,0,310,310.0,476.25931211645496,0.13757670900528043,0.6097525039296456,0.1288784473553348,1.5363203616659837
38,5,700,700.0,476.25931211645496,0.15812758669901528,0.8104899874654033,0.08719683816786526,0.68037044588065
38,1,403,403.0,476.25931211645496,0.1374339945768517,0.6176279515829489,0.10031353758623268,1.1817848935892183
38,4,525,525.0,476.25931211645496,0.1584130155558727,0.8519311885320028,0.12242766203078397,0.9071605945075333
39,2,700,700.0,481.27872127872126,0.156272299129442,0.4357201937948903,0.04681535386794613,0.6875410303981733
39,6,374,374.0,481.27872127872126,0.09604681033252462,0.1595185834869864,0.01971602180088245,1.286841500745244
39,0,62,62.0,481.27872127872126,0.13757670900528043,0.31498047160399756,0.3363825949435179,7.762560020624536
39,3,700,700.0,481.27872127872126,0.15612958470101326,0.43681696553179133,0.04689033362571449,0.6875410303981733
39,4,385,385.0,481.27872127872126,0.1584130155558727,0.5556893633042937,0.11004210167613379,1.2500746007239514
39,5,455,455.0,481.27872127872126,0.15812758669901528,0.5956449531447447,0.09962776170619782,1.057755431381805
39,1,620,620.0,481.27872127872126,0.1374339945768517,0.5332916008475901,0.0568936615078009,0.7762560020624536
40,3,700,700.0,479.4170115598687,0.15612958470101326,0.571569410860139,0.06111806319106225,0.6848814450855267
40,6,308,308.0,479.4170115598687,0.09604681033252462,0.1518733579635243,0.02270530112708384,1.5565487388307424
40,5,700,700.0,479.4170115598687,0.15812758669901528,0.5739631070437488,0.06215942969218137,0.6848814450855267
40,1,372,372.0,479.4170115598687,0.1374339945768517,0.38248064200443926,0.06774451374033236,1.2887554074190017
40,0,620,620.0,479.4170115598687,0.13757670900528043,0.3570236721093811,0.037980762543680456,0.7732532444514011
40,4,210,210.0,479.4170115598687,0.1584130155558727,0.4712243913281835,0.17041694244924474,2.282938150285089
40,2,385,385.0,479.4170115598687,0.156272299129442,0.5304887899904146,0.10323118760561176,1.245238991064594
41,5,35,35.0,431.29898672755814,0.15812758669901528,0.45419943706024707,0.885043522721171,12.322828192215947
41,2,700,700.0,431.29898672755814,0.156272299129442,0.4811992985593218,0.04633267610379391,0.6161414096107973
41,1,558,558.0,431.29898672755814,0.1374339945768517,0.42043718553233356,0.04466214001433349,0.772937252199925
41,0,620,620.0,431.29898672755814,0.13757670900528043,0.4166115566947618,0.039871537020589896,0.6956435269799325
41,6,396,396.0,431.29898672755814,0.09604681033252462,0.12552149044405042,0.013130591369102714,1.0891388553726216
41,4,700,700.0,431.29898672755814,0.1584130155558727,0.406259566463151,0.039652891331926614,0.6161414096107973
41,3,35,35.0,431.29898672755814,0.15612958470101326,0.4093487005072479,0.7875697267762378,12.322828192215947
42,4,175,175.0,425.90495219066645,0.1584130155558727,0.7233748901332059,0.27888742463895605,2.4337425839466653
42,6,440,440.0,425.90495219066645,0.09604681033252462,0.31557184645977915,0.02933872328858905,0.9679658004333328
42,1,527,527.0,425.90495219066645,0.1374339945768517,1.0440275005690947,0.11595999361309421,0.80816878973561
42,5,700,700.0,425.90495219066645,0.15812758669901528,1.0536647889711015,0.10137357441364186,0.6084356459866663
42,0,620,620.0,425.90495219066645,0.13757670900528043,1.0887056061745464,0.10289076021171717,0.6869434712752684
42,3,35,35.0,425.90495219066645,0.15612958470101326,0.34222039342004895,0.6501831889183115,12.168712919733327
42,2,525,525.0,425.90495219066645,0.156272299129442,1.0695273550267337,0.135589882695577,0.8112475279822218
43,2,525,525.0,502.52276295133436,0.156272299129442,0.6650821555111256,0.09948411316653481,0.9571862151453988
43,6,418,418.0,502.52276295133436,0.09604681033252462,0.10925086838483056,0.01261500135631414,1.202207566869221
43,1,620,620.0,502.52276295133436,0.1374339945768517,0.679539953402349,0.0756960495742841,0.810520585405378
43,4,700,700.0,502.52276295133436,0.1584130155558727,0.7433046556060666,0.08453088447618161,0.7178896613590491
43,3,700,700.0,502.52276295133436,0.15612958470101326,0.6735359484584701,0.0754924784334929,0.7178896613590491
43,0,62,62.0,502.52276295133436,0.13757670900528043,0.4674182037527222,0.5212122183444189,8.10520585405378
43,5,420,420.0,502.52276295133436,0.15812758669901528,0.7074549759054406,0.13384831151993729,1.1964827689317485
44,3,665,665.0,537.0161267304125,0.15612958470101326,0.6232037254216833,0.0785743736744819,0.8075430477149059
44,1,620,620.0,537.0161267304125,0.1374339945768517,0.49279989866535684,0.058662479824216456,0.8661550431135685
44,5,525,525.0,537.0161267304125,0.15812758669901528,0.5943614642392894,0.09613605824792583,1.022887860438881
44,6,110,110.0,537.0161267304125,0.09604681033252462,0.16876672525136563,0.07913423582483402,4.881964788458295
44,0,248,248.0,537.0161267304125,0.13757670900528043,0.30686042412439035,0.09141583792898748,2.1653876077839214
44,2,700,700.0,537.0161267304125,0.156272299129442,0.7035019296929086,0.08434057986238395,0.7671658953291607
44,4,700,700.0,537.0161267304125,0.1584130155558727,0.6229414517725104,0.07570549088215249,0.7671658953291607
45,3,280,280.0,502.3223918938205,0.15612958470101326,0.4114241021487841,0.11523898945295233,1.7940085424779304
45,2,700,700.0,502.3223918938205,0.156272299129442,0.49842962150060466,0.055894663261410495,0.7176034169911721
45,5,700,700.0,502.3223918938205,0.15812758669901528,0.4627110183062849,0.05250515950623502,0.7176034169911721
45,0,620,620.0,502.3223918938205,0.13757670900528043,0.393015320121849,0.04380717471720903,0.8101974062803556
45,4,350,350.0,502.3223918938205,0.1584130155558727,0.4223672415228629,0.09602749110134316,1.4352068339823443
45,6,264,264.0,502.3223918938205,0.09604681033252462,0.08286321101190472,0.0151433972938604,1.9027363329311382
45,1,527,527.0,502.3223918938205,0.1374339945768517,0.4419886544719024,0.05789982004290094,0.9531734191533596
46,4,700,700.0,482.13572142143573,0.1584130155558727,0.5398190982318515,0.0588993329329898,0.6887653163163368
46,6,440,440.0,482.13572142143573,0.09604681033252462,0.17271231140674723,0.018177027997891945,1.0957630032305357
46,5,700,700.0,482.13572142143573,0.15812758669901528,0.43747715328939446,0.047646860506939726,0.6887653163163368
46,1,527,527.0,482.13572142143573,0.1374339945768517,0.3401697052227506,0.042770910705628426,0.9148685415966522
46,3,350,350.0,482.13572142143573,0.15612958470101326,0.3904049775626897,0.08396568123348296,1.3775306326326735
46,0,186,186.0,482.13572142143573,0.13757670900528043,0.3518827919601549,0.1254871658773088,2.592127534523848
46,2,420,420.0,482.13572142143573,0.156272299129442,0.39413103531932897,0.07070378359662341,1.1479421938605612
47,0,589,589.0,532.5931211645496,0.13757670900528043,0.2761195828751678,0.03434965529295981,0.9042328033353983
47,1,93,93.0,532.5931211645496,0.1374339945768517,0.3038244512410457,0.23912748495742314,5.726807754457523
47,4,700,700.0,532.5931211645496,0.1584130155558727,0.4509474722903574,0.05435185001543521,0.7608473159493566
47,5,700,700.0,532.5931211645496,0.15812758669901528,0.4777983845741748,0.05748437751716354,0.7608473159493566
47,2,525,525.0,532.5931211645496,0.156272299129442,0.4069440936678214,0.06451385603775711,1.0144630879324754
47,6,440,440.0,532.5931211645496,0.09604681033252462,0.14570376048364245,0.0169393438502468,1.2104389117376129
47,3,595,595.0,532.5931211645496,0.15612958470101326,0.3722465035189025,0.05202288331212238,0.8951144893521843
48,5,595,595.0,511.7188525759954,0.15812758669901528,0.4893446921255642,0.06654830164804257,0.8600316850016729
48,0,341,341.0,511.7188525759954,0.13757670900528043,0.32599068831065775,0.06730187284762508,1.5006417964105436
48,2,700,700.0,511.7188525759954,0.156272299129442,0.47296028550648533,0.054030632755339814,0.731026932251422
48,4,700,700.0,511.7188525759954,0.1584130155558727,0.47830368256129924,0.05538956612809368,0.731026932251422
48,3,420,420.0,511.7188525759954,0.15612958470101326,0.40626413033528935,0.0772815477012943,1.2183782204190368
48,6,440,440.0,511.7188525759954,0.09604681033252462,0.15702336870682435,0.017539854157501637,1.1629973922181713
48,1,310,310.0,511.7188525759954,0.1374339945768517,0.1372936451279412,0.031146864162779463,1.650705976051598
49,6,440,440.0,421.5184815184815,0.09604681033252462,0.1356684188635115,0.012483192131569643,0.9579965489056398
49,2,210,210.0,421.5184815184815,0.156272299129442,0.3484095554389,0.10928722168774904,2.0072308643737213
49,3,630,630.0,421.5184815184815,0.15612958470101326,0.3655498642252772,0.038186328391371295,0.6690769547912405
49,4,315,315.0,421.5184815184815,0.1584130155558727,0.3725016015972515,0.07896326055350915,1.338153909582481
49,0,620,620.0,421.5184815184815,0.13757670900528043,0.36283054482429355,0.033937018790416176,0.679868518578196
49,5,175,175.0,421.5184815184815,0.15812758669901528,0.4411347969207705,0.16801866580378938,2.4086770372484656
49,1,620,620.0,421.5184815184815,0.1374339945768517,0.3365370080766702,0.03144502400372408,0.679868518578196
50,6,352,352.0,547.1674040245468,0.09604681033252462,0.16633698517649637,0.024834151521592535,1.5544528523424626
50,5,315,315.0,547.1674040245468,0.15812758669901528,0.42950610513381465,0.1179740932714043,1.7370393778557043
50,4,700,700.0,547.1674040245468,0.1584130155558727,0.3661547925020367,0.045339608082892516,0.7816677200350669
50,3,700,700.0,547.1674040245468,0.15612958470101326,0.35578597571053666,0.04342063867914841,0.7816677200350669
50,0,434,434.0,547.1674040245468,0.13757670900528043,0.38392048728604694,0.06659117723305664,1.2607543871533338
50,1,620,620.0,547.1674040245468,0.1374339945768517,0.35662788829307057,0.043255167660448464,0.8825280710073337
50,2,630,630.0,547.1674040245468,0.156272299129442,0.37429122695872297,0.05080088961142322,0.8685196889278521
51,0,558,558.0,551.8194662480377,0.13757670900528043,0.36321877237532146,0.04941695946032829,0.9889237746380604
51,4,700,700.0,551.8194662480377,0.1584130155558727,0.42665151689205405,0.05327986700668121,0.7883135232114824
51,1,527,527.0,551.8194662480377,0.1374339945768517,0.3422342017347541,0.04924974435577183,1.0470957613814755
51,2,700,700.0,551.8194662480377,0.156272299129442,0.42200579807806654,0.05198755542471249,0.7883135232114824
51,6,242,242.0,551.8194662480377,0.09604681033252462,0.14588046666412877,0.031949328995481106,2.2802457282976762
51,3,700,700.0,551.8194662480377,0.15612958470101326,0.34781624374322384,0.04280889737373091,0.7883135232114824
51,5,315,315.0,551.8194662480377,0.15812758669901528,0.3985263579824178,0.11039544545231478,1.7518078293588497
52,3,315,315.0,417.321250178393,0.15612958470101326,0.37530217737716964,0.07762940089404403,1.324829365645692
52,0,310,310.0,417.321250178393,0.13757670900528043,0.3954605272700809,0.07324143814602015,1.3461975812206224
52,1,620,620.0,417.321250178393,0.1374339945768517,0.7807779994710896,0.07222716144905106,0.6730987906103112
52,2,700,700.0,417.321250178393,0.156272299129442,0.4069786915582374,0.0379163158700422,0.5961732145405614
52,6,440,440.0,417.321250178393,0.09604681033252462,0.1456398471908365,0.013267252192606521,0.948457386769075
52,5,280,280.0,417.321250178393,0.15812758669901528,0.32383464723671174,0.07632088954829915,1.4904330363514036
52,4,280,280.0,417.321250178393,0.1584130155558727,0.3591725161160869,0.08480206478998842,1.4904330363514036
53,4,700,700.0,493.5962608819751,0.1584130155558727,0.34650099694979375,0.03870518707818454,0.7051375155456787
53,1,279,279.0,493.5962608819751,0.1374339945768517,0.4971770508632627,0.12088513543304821,1.7691622253834234
53,3,140,140.0,493.5962608819751,0.15612958470101326,0.37882670860494405,0.2085305173370005,3.5256875777283936
53,0,558,558.0,493.5962608819751,0.13757670900528043,0.2935519937384876,0.0357246195919674,0.8845811126917117
53,2,700,700.0,493.5962608819751,0.156272299129442,0.4454224178047019,0.04908263771653728,0.7051375155456787
53,5,595,595.0,493.5962608819751,0.15812758669901528,0.3138745319192466,0.041173578699402316,0.8295735477007985
53,6,440,440.0,493.5962608819751,0.09604681033252462,0.13862372443163296,0.014936185350029345,1.1218096838226708
54,6,440,440.0,431.71999429142284,0.09604681033252462,0.15116907670409946,0.014246080478955018,0.9811818052077792
54,2,105,105.0,431.71999429142284,0.156272299129442,0.3142811196900018,0.20193572455072023,4.111618993251646
54,3,700,700.0,431.71999429142284,0.15612958470101326,0.4231052427436919,0.04074156747788612,0.6167428489877469
54,0,310,310.0,431.71999429142284,0.13757670900528043,0.2643029683209773,0.05063926876793614,1.3926451428755575
54,4,455,455.0,431.71999429142284,0.1584130155558727,0.39628755778490554,0.05956512593371278,0.9488351522888414
54,1,279,279.0,431.71999429142284,0.1374339945768517,0.24695131156406747,0.05251743009801604,1.5473834920839529
54,5,700,700.0,431.71999429142284,0.15812758669901528,0.37795732415064476,0.03685993212456672,0.6167428489877469
55,1,248,248.0,470.55787070072785,0.1374339945768517,0.2785379334736373,0.07263398632473547,1.8974107689545479
55,3,315,315.0,470.55787070072785,0.15612958470101326,0.3435239589318092,0.08012069812215096,1.4938345101610409
55,6,440,440.0,470.55787070072785,0.09604681033252462,0.15483100493754903,0.015903812423049824,1.069449706138018
55,4,700,700.0,470.55787070072785,0.1584130155558727,0.402262659492008,0.04283665827425596,0.6722255295724684
55,2,315,315.0,470.55787070072785,0.156272299129442,0.24134325954112615,0.056340365982236254,1.4938345101610409
55,5,630,630.0,470.55787070072785,0.15812758669901528,0.42919933199692045,0.05069197041912178,0.7469172550805204
55,0,620,620.0,470.55787070072785,0.13757670900528043,0.4033829904665708,0.04211956237133632,0.7589643075818191
56,6,308,308.0,548.3766233766233,0.09604681033252462,0.15294414488904529,0.026154355286026512,1.7804435823916342
56,4,700,700.0,548.3766233766233,0.1584130155558727,0.3901533521608765,0.04841802797637623,0.783395176252319
56,0,589,589.0,548.3766233766233,0.13757670900528043,0.2527590988550637,0.03237541566756675,0.9310299208431636
56,5,595,595.0,548.3766233766233,0.15812758669901528,0.5262611010192515,0.0766956760970776,0.9216413838262577
56,3,700,700.0,548.3766233766233,0.15612958470101326,0.3098681874153804,0.03790033854217395,0.783395176252319
56,1,620,620.0,548.3766233766233,0.1374339945768517,0.22754171614010194,0.027659380096673986,0.8844784248010054
56,2,245,245.0,548.3766233766233,0.156272299129442,0.2963299548545917,0.10365026224685897,2.238271932149483
57,3,35,35.0,428.5941201655487,0.15612958470101326,0.42210599292771783,0.8070210949910245,12.24554629044425
57,5,700,700.0,428.5941201655487,0.15812758669901528,0.44983260044010165,0.0435518630816135,0.6122773145222125
57,0,496,496.0,428.5941201655487,0.13757670900528043,0.33126493608237206,0.03938083474254197,0.8641010487208644
57,4,700,700.0,428.5941201655487,0.1584130155558727,0.36137204244134147,0.03505044856503847,0.6122773145222125
57,2,105,105.0,428.5941201655487,0.156272299129442,0.2772364686476342,0.1768435683932815,4.081848763481416
57,6,330,330.0,428.5941201655487,0.09604681033252462,0.12479244206308654,0.0155669488736307,1.2987700611077233
57,1,620,620.0,428.5941201655487,0.1374339945768517,0.25921531464276754,0.024626877224936575,0.6912808389766915
58,1,31,31.0,412.24475524475525,0.1374339945768517,0.3744225409854508,0.6843048232978994,13.298217911121137
58,4,700,700.0,412.24475524475525,0.1584130155558727,0.6865607312086764,0.0640511482932449,0.5889210789210789
58,3,70,70.0,412.24475524475525,0.15612958470101326,0.3249064672775207,0.2987450098183531,5.889210789210789
58,2,700,700.0,412.24475524475525,0.156272299129442,0.6071914199375116,0.05588107173178782,0.5889210789210789
58,5,700,700.0,412.24475524475525,0.15812758669901528,0.7596688335032574,0.07074390864375582,0.5889210789210789
58,6,22,22.0,412.24475524475525,0.09604681033252462,0.13283170370443761,0.23906563275517703,18.738397965670693
58,0,465,465.0,412.24475524475525,0.13757670900528043,0.6098009881640765,0.07437641246176742,0.8865478607414091
59,0,620,620.0,462.5929784501213,0.13757670900528043,0.5085098648617071,0.05219773351330019,0.7461177071776149
59,3,665,665.0,462.5929784501213,0.15612958470101326,0.8722071492629236,0.09472884406362911,0.6956285390227388
59,5,700,700.0,462.5929784501213,0.15812758669901528,0.6838539147392889,0.07146147512128227,0.6608471120716018
59,1,558,558.0,462.5929784501213,0.1374339945768517,0.5919655842816414,0.0674458862259647,0.8290196746417944
59,2,245,245.0,462.5929784501213,0.156272299129442,0.8851951275700738,0.2611884502532641,1.8881346059188624
59,4,35,35.0,462.5929784501213,0.1584130155558727,0.5524540429258786,1.1566927395177133,13.216942241432037
59,6,440,440.0,462.5929784501213,0.09604681033252462,0.08314900587439764,0.008396269460472207,1.0513476782957303
60,4,525,525.0,476.1649778792636,0.1584130155558727,0.6967823023959461,0.1001119957223188,0.9069809102462163
60,2,140,140.0,476.1649778792636,0.156272299129442,0.7565444402474,0.40211091305359536,3.4011784134233114
60,0,341,341.0,476.1649778792636,0.13757670900528043,0.9491288615498978,0.1823363122522038,1.3963782342500397
60,3,700,700.0,476.1649778792636,0.15612958470101326,0.8616729055665927,0.09151389738016992,0.6802356826846623
60,6,198,198.0,476.1649778792636,0.09604681033252462,0.5061570986214055,0.11691238985321771,2.4048736256528462
60,5,700,700.0,476.1649778792636,0.15812758669901528,0.705790778633845,0.07591769829131989,0.6802356826846623
60,1,620,620.0,476.1649778792636,0.1374339945768517,0.9599094211354969,0.10131883418302448,0.7680080288375218
61,1,620,620.0,505.64606821749675,0.1374339945768517,0.49253665733694313,0.05520617698861125,0.8155581745443496
61,2,700,700.0,505.64606821749675,0.156272299129442,0.4386481108076987,0.049516148821430725,0.7223515260249953
61,0,279,279.0,505.64606821749675,0.13757670900528043,0.45028552133901745,0.11227300079157283,1.8123514989874436
61,5,595,595.0,505.64606821749675,0.15812758669901528,0.5240457996541747,0.07042170831867255,0.8498253247352886
61,4,700,700.0,505.64606821749675,0.1584130155558727,0.4758715750482568,0.05445392890753664,0.7223515260249953
61,3,420,420.0,505.64606821749675,0.15612958470101326,0.4022011457147969,0.0756007061617994,1.203919210041659
61,6,22,22.0,505.64606821749675,0.09604681033252462,0.0989334010384186,0.21839859474006754,22.9839121917044
62,0,620,620.0,367.742685885543,0.13757670900528043,0.527994354457843,0.04308504486464326,0.593133364331521
62,6,440,440.0,367.742685885543,0.09604681033252462,0.0015671297883728063,0.00012579960568085143,0.8357788315580522
62,3,420,420.0,367.742685885543,0.15612958470101326,0.4509052863717151,0.06164037679083329,0.8755778235370071
62,4,280,280.0,367.742685885543,0.1584130155558727,0.38171446347105353,0.0794173679699926,1.3133667353055107
62,1,31,31.0,367.742685885543,0.1374339945768517,0.3284191025399515,0.5354327475206238,11.862667286630419
62,5,105,105.0,367.742685885543,0.15812758669901528,0.42001346435581915,0.2326085105034465,3.5023112941480283
62,2,700,700.0,367.742685885543,0.156272299129442,0.41527932704471826,0.034093243278472796,0.5253466941222042
63,3,665,665.0,564.8951048951049,0.15612958470101326,0.6238155437648618,0.0827346744879378,0.8494663231505336
63,4,560,560.0,564.8951048951049,0.1584130155558727,0.5530192712402562,0.08837123232692554,1.0087412587412588
63,1,620,620.0,564.8951048951049,0.1374339945768517,0.45565589100796594,0.057056782940602645,0.9111211369275884
63,5,525,525.0,564.8951048951049,0.15812758669901528,0.5509945527239981,0.09374831188639415,1.0759906759906759
63,2,490,490.0,564.8951048951049,0.156272299129442,0.6497239831778352,0.11705302216878424,1.1528471528471527
63,0,620,620.0,564.8951048951049,0.13757670900528043,0.5334520500851576,0.0668677063777114,0.9111211369275884
63,6,440,440.0,564.8951048951049,0.09604681033252462,0.42950641004713813,0.05296240906452565,1.2838525111252383
64,1,589,589.0,539.6330812045097,0.1374339945768517,0.2685360780864483,0.033812717972487714,0.916185197291188
64,3,665,665.0,539.6330812045097,0.15612958470101326,0.4100516111846396,0.051951805734481646,0.8114783176007665
64,4,700,700.0,539.6330812045097,0.1584130155558727,0.3587606598525436,0.04381231493470247,0.7709044017207282
64,6,44,44.0,539.6330812045097,0.09604681033252462,0.13366889048957567,0.15745598710990447,12.264388209193402
64,5,700,700.0,539.6330812045097,0.15812758669901528,0.38083267485419414,0.04642398010325507,0.7709044017207282
64,0,620,620.0,539.6330812045097,0.13757670900528043,0.3659455556073816,0.04381958592729605,0.8703759374266286
64,2,280,280.0,539.6330812045097,0.156272299129442,0.4229763603174369,0.12739096621300655,1.9272610043018203
65,5,105,105.0,417.7451120308263,0.15812758669901528,0.40614023844200486,0.25550872820277065,3.97852487648406
65,2,700,700.0,417.7451120308263,0.156272299129442,0.3763145161139293,0.03509508591687075,0.596778731472609
65,4,700,700.0,417.7451120308263,0.1584130155558727,0.39735758505602403,0.03756520003729645,0.596778731472609
65,1,620,620.0,417.7451120308263,0.1374339945768517,0.5222171359382576,0.0483576264027534,0.6737824387593973
65,6,198,198.0,417.7451120308263,0.09604681033252462,0.007299703040873963,0.0014792253007287915,2.1098237981354866
65,0,279,279.0,417.7451120308263,0.13757670900528043,0.40168470346070434,0.08274416616467187,1.497294308354216
65,3,245,245.0,417.7451120308263,0.15612958470101326,0.3550115441276587,0.09450895750173259,1.70508208992174
66,3,665,665.0,534.5648637077207,0.15612958470101326,0.33440720194878715,0.04197006008468464,0.8038569379063469
66,6,440,440.0,534.5648637077207,0.09604681033252462,0.20087139850828856,0.023439523742089723,1.2149201447902744
66,4,490,490.0,534.5648637077207,0.1584130155558727,0.29598093911284784,0.051151566077772485,1.090948701444328
66,0,279,279.0,534.5648637077207,0.13757670900528043,0.3946222104772441,0.10402138880374845,1.9160030957265977
66,5,700,700.0,534.5648637077207,0.15812758669901528,0.20606833298921434,0.024884061753644944,0.7636640910110296
66,2,490,490.0,534.5648637077207,0.156272299129442,0.37805671171925753,0.06445302186400288,1.090948701444328
66,1,620,620.0,534.5648637077207,0.1374339945768517,0.42985060449648904,0.05093548334257336,0.862201393076969
67,2,210,210.0,516.8428714142999,0.156272299129442,0.311059214196302,0.11963666775562959,2.4611565305442853
67,0,620,620.0,516.8428714142999,0.13757670900528043,0.26261582889708796,0.030118452699125945,0.8336175345391934
67,1,620,620.0,516.8428714142999,0.1374339945768517,0.22931183334126617,0.026271657719428597,0.8336175345391934
67,4,560,560.0,516.8428714142999,0.1584130155558727,0.36594185321182215,0.05350242267553414,0.9229336989541069
67,3,700,700.0,516.8428714142999,0.15612958470101326,0.3475963402862122,0.040070142821189224,0.7383469591632856
67,5,490,490.0,516.8428714142999,0.15812758669901528,0.3177659736995013,0.0530001971029988,1.0547813702332651
67,6,396,396.0,516.8428714142999,0.09604681033252462,0.13046681860429402,0.01635484241123796,1.305158766197727
68,2,700,700.0,562.7997716569146,0.156272299129442,0.3253898984360867,0.04088292315654333,0.8039996737955922
68,5,630,630.0,562.7997716569146,0.15812758669901528,0.2994455907991155,0.04229985987231739,0.8933329708839914
68,6,440,440.0,562.7997716569146,0.09604681033252462,0.1313579684692717,0.01613766166497801,1.2790903901293513
68,1,558,558.0,562.7997716569146,0.1374339945768517,0.3390791402032828,0.047001850469261745,1.0086017413206354
68,3,630,630.0,562.7997716569146,0.15612958470101326,0.3577080574386889,0.04989158376151918,0.8933329708839914
68,4,700,700.0,562.7997716569146,0.1584130155558727,0.33917549792735285,0.04319875247028467,0.8039996737955922
68,0,186,186.0,562.7997716569146,0.13757670900528043,0.3797644875512838,0.15808848422674565,3.0258052239619064
69,5,210,210.0,429.68731268731267,0.15812758669901528,0.373076348874814,0.12070870662870205,2.046130060415775
69,3,525,525.0,429.68731268731267,0.15612958470101326,0.34868084426198004,0.044556033365921725,0.8184520241663098
69,4,140,140.0,429.68731268731267,0.1584130155558727,0.3295953527270096,0.16024940869347,3.069195090623662
69,2,700,700.0,429.68731268731267,0.156272299129442,0.3761765029844423,0.036085120262702185,0.6138390181247324
69,0,620,620.0,429.68731268731267,0.13757670900528043,0.18199995964514715,0.017353099186673746,0.6930440527214721
69,1,403,403.0,429.68731268731267,0.1374339945768517,0.16804065570196394,0.024623853662562735,1.0662216195714955
69,6,440,440.0,429.68731268731267,0.09604681033252462,0.16037599518263687,0.015042574293300132,0.9765620742893469
70,0,620,620.0,538.7020122734409,0.13757670900528043,0.42729165746252207,0.051077100820243526,0.8688742133442595
70,3,420,420.0,538.7020122734409,0.15612958470101326,0.39144808831279737,0.07838964332433448,1.2826238387462878
70,5,455,455.0,538.7020122734409,0.15812758669901528,0.16140315949583728,0.030217384857820405,1.183960466535035
70,1,465,465.0,538.7020122734409,0.1374339945768517,0.3194423689564194,0.05086069992207977,1.1584989511256794
70,2,700,700.0,538.7020122734409,0.156272299129442,0.42519155564921385,0.051134874015728624,0.7695743032477728
70,4,700,700.0,538.7020122734409,0.1584130155558727,0.2637863200682956,0.03215834487724652,0.7695743032477728
70,6,330,330.0,538.7020122734409,0.09604681033252462,0.19870124552742954,0.03115431409413979,1.6324303402225482
71,1,620,620.0,409.33894676751817,0.1374339945768517,0.22461238860035346,0.020380707410820237,0.6602241076895454
71,5,700,700.0,409.33894676751817,0.15812758669901528,0.31938354035475386,0.02953283924285006,0.5847699239535974
71,4,700,700.0,409.33894676751817,0.1584130155558727,0.3165631440873938,0.029324879737532696,0.5847699239535974
71,2,70,70.0,409.33894676751817,0.156272299129442,0.35328673095016094,0.3228452162077023,5.847699239535974
71,3,70,70.0,409.33894676751817,0.15612958470101326,0.3648512255323003,0.3331087506912183,5.847699239535974
71,0,310,310.0,409.33894676751817,0.13757670900528043,0.3808177187656198,0.06918045873443163,1.3204482153790909
71,6,396,396.0,409.33894676751817,0.09604681033252462,0.12054220889316264,0.011967680161886275,1.0336842090088842
72,2,700,700.0,460.6857428285999,0.156272299129442,0.27859085657013694,0.028652042874712035,0.6581224897551428
72,5,560,560.0,460.6857428285999,0.15812758669901528,0.4851240394387518,0.06310694895612563,0.8226531121939284
72,3,350,350.0,460.6857428285999,0.15612958470101326,0.23884958833422404,0.04908473258517265,1.3162449795102855
72,0,620,620.0,460.6857428285999,0.13757670900528043,0.43149408426470126,0.04410957211386486,0.7430415206912903
72,6,440,440.0,460.6857428285999,0.09604681033252462,0.2474002997781394,0.02487913426241808,1.0470130518831817
72,4,105,105.0,460.6857428285999,0.1584130155558727,0.44661201566615927,0.3104107387776993,4.387483265034285
72,1,465,465.0,460.6857428285999,0.1374339945768517,0.43135366011319326,0.058732633732421734,0.9907220275883869
73,1,403,403.0,551.3390894819466,0.1374339945768517,0.4511045128061634,0.08481742431681491,1.3680870706748056
73,2,700,700.0,551.3390894819466,0.156272299129442,0.3916532988982104,0.04820638171253609,0.7876272706884953
73,0,496,496.0,551.3390894819466,0.13757670900528043,0.3723079107404225,0.05693565074097176,1.1115707449232795
73,5,700,700.0,551.3390894819466,0.15812758669901528,0.30207843056912353,0.037622539241008904,0.7876272706884953
73,4,630,630.0,551.3390894819466,0.1584130155558727,0.2139500363496222,0.029660704429708477,0.8751414118761058
73,3,420,420.0,551.3390894819466,0.15612958470101326,0.35960295324830877,0.0737017752016426,1.3127121178141588
73,6,440,440.0,551.3390894819466,0.09604681033252462,0.14724644841293333,0.01772123086091673,1.2530433851862424
74,4,700,700.0,473.64506921649775,0.1584130155558727,0.3669383199680034,0.03933135513771284,0.6766358131664254
74,1,186,186.0,473.64506921649775,0.1374339945768517,0.39401085840143923,0.13789306867365822,2.5464788667553644
74,0,620,620.0,473.64506921649775,0.13757670900528043,0.252761404800928,0.026565439657484393,0.7639436600266093
74,2,315,315.0,473.64506921649775,0.156272299129442,0.34955907434612926,0.08213817497717718,1.503635140369834
74,5,350,350.0,473.64506921649775,0.15812758669901528,0.34913787641428423,0.07471186628616361,1.3532716263328508
74,6,396,396.0,473.64506921649775,0.09604681033252462,0.1160365247222594,0.0133301640633685,1.196073407112368
74,3,700,700.0,473.64506921649775,0.15612958470101326,0.26985019960671786,0.028507749152697447,0.6766358131664254
75,6,66,66.0,438.4835164835165,0.09604681033252462,0.11203729118466692,0.07149157799976627,6.643689643689644
75,3,140,140.0,438.4835164835165,0.15612958470101326,0.22416591264098362,0.1096175304998139,3.1320251177394036
75,2,700,700.0,438.4835164835165,0.156272299129442,0.34532876713627364,0.03380414779337593,0.6264050235478807
75,1,620,620.0,438.4835164835165,0.1374339945768517,0.1841297039171637,0.0178969739892246,0.7072314781992202
75,5,420,420.0,438.4835164835165,0.15812758669901528,0.32747792496853345,0.05406219246702546,1.0440083725798013
75,4,700,700.0,438.4835164835165,0.1584130155558727,0.33157426765406073,0.03290234957911541,0.6264050235478807
75,0,279,279.0,438.4835164835165,0.13757670900528043,0.22528402875344775,0.04871070206931396,1.571625507109378
76,6,440,440.0,446.4161552732981,0.09604681033252462,0.07989328058223565,0.007785390980364778,1.0145821710756775
76,0,527,527.0,446.4161552732981,0.13757670900528043,0.35164951833963815,0.04098115845812534,0.8470894786969604
76,1,620,620.0,446.4161552732981,0.1374339945768517,0.3824779509418536,0.03784850999043108,0.7200260568924163
76,4,70,70.0,446.4161552732981,0.1584130155558727,0.4049450834250259,0.40909941127395416,6.377373646761401
76,5,140,140.0,446.4161552732981,0.15812758669901528,0.30070408904681617,0.15162082095906235,3.1886868233807006
76,2,700,700.0,446.4161552732981,0.156272299129442,0.27157314127918003,0.02706516507530254,0.6377373646761402
76,3,665,665.0,446.4161552732981,0.15612958470101326,0.30852095859620277,0.03233613684544835,0.6713024891327791
77,4,700,700.0,479.8602825745683,0.1584130155558727,0.20214253960722445,0.021951557739332623,0.6855146893922405
77,3,525,525.0,479.8602825745683,0.15612958470101326,0.5648985696321746,0.08061413189562362,0.9140195858563206
77,0,620,620.0,479.8602825745683,0.13757670900528043,0.49189736937912615,0.052377230668849105,0.7739681977009166
77,1,403,403.0,479.8602825745683,0.1374339945768517,0.5758105811863862,0.09422878041994065,1.1907203041552563
77,2,700,700.0,479.8602825745683,0.156272299129442,0.5891518508815804,0.06311404475921727,0.6855146893922405
77,6,154,154.0,479.8602825745683,0.09604681033252462,0.21347745119720904,0.06388943393051714,3.1159758608738204
77,5,140,140.0,479.8602825745683,0.15812758669901528,0.2966917555638112,0.16080512685878806,3.4275734469612025
78,0,496,496.0,472.3439417725132,0.13757670900528043,0.31035039657250596,0.0406606104092918,0.9523063342187765
78,1,310,310.0,472.3439417725132,0.1374339945768517,0.3744832037864557,0.07841933749096172,1.5236901347500424
78,6,440,440.0,472.3439417725132,0.09604681033252462,0.06900477825914741,0.007114883354572378,1.0735089585738935
78,4,350,350.0,472.3439417725132,0.1584130155558727,0.30258288075952605,0.06468826747865561,1.3495541193500376
78,3,280,280.0,472.3439417725132,0.15612958470101326,0.35540307095788287,0.09360664910345115,1.686942649187547
78,5,700,700.0,472.3439417725132,0.15812758669901528,0.2981953549358859,0.03181770320709624,0.6747770596750188
78,2,700,700.0,472.3439417725132,0.156272299129442,0.4699819762483105,0.04955911179623705,0.6747770596750188
79,0,620,620.0,460.2197802197801,0.13757670900528043,0.301258121214921,0.030765024898349685,0.7422899680964195
79,1,620,620.0,460.2197802197801,0.1374339945768517,0.2866292967370249,0.02924073863619233,0.7422899680964195
79,5,630,630.0,460.2197802197801,0.15812758669901528,0.3191257933534782,0.03686330602445119,0.7305075876504445
79,3,490,490.0,460.2197802197801,0.15612958470101326,0.3206124366419886,0.0470148191543302,0.9392240412648574
79,2,350,350.0,460.2197802197801,0.156272299129442,0.3009511008725407,0.06184081070073004,1.3149136577708003
79,4,105,105.0,460.2197802197801,0.1584130155558727,0.29359732126097926,0.20385385645221024,4.383045525902667
79,6,440,440.0,460.2197802197801,0.09604681033252462,0.15174943138338154,0.015244831318974087,1.0459540459540457
80,0,465,465.0,508.69016697588125,0.13757670900528043,0.34286193976786633,0.051601768272938615,1.0939573483352285
80,4,630,630.0,508.69016697588125,0.1584130155558727,0.1392511588193899,0.017811581096200093,0.8074447094855258
80,6,440,440.0,508.69016697588125,0.09604681033252462,0.2746184458699709,0.030493924314549718,1.1561140158542755
80,5,700,700.0,508.69016697588125,0.15812758669901528,0.28631812132346063,0.0329012032747316,0.7267002385369732
80,3,700,700.0,508.69016697588125,0.15612958470101326,0.33749435945070266,0.038291909701780105,0.7267002385369732
80,1,124,124.0,508.69016697588125,0.1374339945768517,0.40019721459821067,0.2256315822015637,4.102340056257107
80,2,420,420.0,508.69016697588125,0.156272299129442,0.3936725665615788,0.0745111395956922,1.2111670642282888
81,1,620,620.0,455.0665049236477,0.1374339945768517,0.12496650448264987,0.012605816262453988,0.7339782337478189
81,3,210,210.0,455.0665049236477,0.15612958470101326,0.2555995119274994,0.08647703694198514,2.1669833567792747
81,5,700,700.0,455.0665049236477,0.15812758669901528,0.36627532142128105,0.03765235385792506,0.6500950070337824
81,0,310,310.0,455.0665049236477,0.13757670900528043,0.14764058757747867,0.02981699400668534,1.4679564674956378
81,4,700,700.0,455.0665049236477,0.1584130155558727,0.3568901108600753,0.036753796465556376,0.6500950070337824
81,6,132,132.0,455.0665049236477,0.09604681033252462,0.11943426746165758,0.03954693556168265,3.4474735221488464
81,2,385,385.0,455.0665049236477,0.156272299129442,0.3582496495054928,0.0661731664996199,1.1819909218796043
82,0,620,620.0,407.45040673612095,0.13757670900528043,0.3135772385029452,0.028351269727933566,0.6571780753808403
82,3,140,140.0,407.45040673612095,0.15612958470101326,0.29947160614568474,0.13607789306264823,2.9103600481151495
82,2,245,245.0,407.45040673612095,0.156272299129442,0.3342664729777724,0.08687273447163969,1.6630628846372284
82,5,350,350.0,407.45040673612095,0.15812758669901528,0.36339930405232257,0.06689573741444933,1.16414401924606
82,4,700,700.0,407.45040673612095,0.1584130155558727,0.3287538459336728,0.030313663061087955,0.58207200962303
82,1,620,620.0,407.45040673612095,0.1374339945768517,0.26568006810799694,0.023995853937589868,0.6571780753808403
82,6,110,110.0,407.45040673612095,0.09604681033252462,0.14325876679468236,0.050966666066054295,3.7040946066920086
83,2,560,560.0,405.27472527472526,0.156272299129442,0.2979481313123958,0.033696450879428,0.7237048665620094
83,1,620,620.0,405.27472527472526,0.1374339945768517,0.25263437188738774,0.02269574471890647,0.6536689117334278
83,0,620,620.0,405.27472527472526,0.13757670900528043,0.3621727286671231,0.03257005501422852,0.6536689117334278
83,5,385,385.0,405.27472527472526,0.15812758669901528,0.3457014549175329,0.0575436811363048,1.0526616240901954
83,4,175,175.0,405.27472527472526,0.1584130155558727,0.31962058626973094,0.11725654041860109,2.31585557299843
83,6,440,440.0,405.27472527472526,0.09604681033252462,0.1431141917695084,0.012660839186235569,0.9210789210789211
83,3,105,105.0,405.27472527472526,0.15612958470101326,0.11893627563609818,0.07167368941042473,3.8597592883307166
84,0,124,124.0,505.7857856429285,0.13757670900528043,0.23784704412916288,0.1334712137297255,4.078917626152649
84,5,700,700.0,505.7857856429285,0.15812758669901528,0.3023124547695661,0.034540789706080884,0.7225511223470407
84,3,700,700.0,505.7857856429285,0.15612958470101326,0.20235123320400514,0.022827567726828694,0.7225511223470407
84,6,308,308.0,505.7857856429285,0.09604681033252462,0.17723213981734434,0.027953830739742763,1.6421616416978198
84,2,630,630.0,505.7857856429285,0.156272299129442,0.3561820652483403,0.04468688888104868,0.8028345803856007
84,4,700,700.0,505.7857856429285,0.1584130155558727,0.26777229774030237,0.03064961944268996,0.7225511223470407
84,1,217,217.0,505.7857856429285,0.1374339945768517,0.2956478983672716,0.09470564187691467,2.3308100720872282
85,3,210,210.0,419.08263165406015,0.15612958470101326,0.30180831527637836,0.09403656859133151,1.9956315793050483
85,5,35,35.0,419.08263165406015,0.15812758669901528,0.34474668287690974,0.6527386923377922,11.97378947583029
85,4,700,700.0,419.08263165406015,0.1584130155558727,0.3221519615522494,0.030552958050564957,0.5986894737915145
85,1,620,620.0,419.08263165406015,0.1374339945768517,0.10420667304239181,0.009680497411312772,0.6759397284742905
85,2,420,420.0,419.08263165406015,0.156272299129442,0.44775903921678406,0.06981950021731344,0.9978157896525242
85,0,558,558.0,419.08263165406015,0.13757670900528043,0.11348743303667093,0.01172622310132054,0.7510441427492117
85,6,440,440.0,419.08263165406015,0.09604681033252462,0.11116957896593795,0.01016988152328015,0.9524605264865004
86,6,286,286.0,435.3586413586413,0.09604681033252462,0.34384346274203165,0.05027184849643397,1.522233011743501
86,3,140,140.0,435.3586413586413,0.15612958470101326,0.5599453067000187,0.2718629009646621,3.109704581133152
86,5,385,385.0,435.3586413586413,0.15812758669901528,0.3065254012959018,0.05481009466715343,1.1308016658666007
86,0,620,620.0,435.3586413586413,0.13757670900528043,0.6842776337535394,0.06610476123625157,0.7021913570300666
86,2,280,280.0,435.3586413586413,0.156272299129442,0.5815653338717205,0.14130894386693213,1.554852290566576
86,4,700,700.0,435.3586413586413,0.1584130155558727,0.41967199898402807,0.04134756931564073,0.6219409162266304
86,1,620,620.0,435.3586413586413,0.1374339945768517,0.6881645957475496,0.06641129895649242,0.7021913570300666
87,0,620,620.0,556.6196660482375,0.13757670900528043,0.3684535506931646,0.045508709405073365,0.8977736549165121
87,6,154,154.0,556.6196660482375,0.09604681033252462,0.16136936274131844,0.056019838990375555,3.614413415897646
87,3,700,700.0,556.6196660482375,0.15612958470101326,0.30428954488491383,0.037777458882394574,0.7951709514974822
87,1,279,279.0,556.6196660482375,0.1374339945768517,0.34162136575265345,0.09366849392846678,1.995052566481138
87,5,595,595.0,556.6196660482375,0.15812758669901528,0.38644879535995497,0.057166444445145737,0.9354952370558614
87,4,700,700.0,556.6196660482375,0.1584130155558727,0.40796208476027385,0.05138911874072113,0.7951709514974822
87,2,665,665.0,556.6196660482375,0.156272299129442,0.34219077705837647,0.04475970368533021,0.8370220542078759
88,0,341,341.0,496.0292564578279,0.13757670900528043,0.3196068213093646,0.06396079743940532,1.454631250609466
88,3,700,700.0,496.0292564578279,0.15612958470101326,0.30547273491072785,0.03379612518932145,0.7086132235111827
88,5,350,350.0,496.0292564578279,0.15812758669901528,0.2960262581556258,0.06634025349149637,1.4172264470223654
88,1,620,620.0,496.0292564578279,0.1374339945768517,0.19217810492551105,0.021130690019982246,0.8000471878352063
88,4,700,700.0,496.0292564578279,0.1584130155558727,0.3180431450405109,0.03570147450082747,0.7086132235111827
88,6,66,66.0,496.0292564578279,0.09604681033252462,0.06926819946409778,0.05000117412799935,7.515594794815574
88,2,525,525.0,496.0292564578279,0.156272299129442,0.35288137341293313,0.05210251962259743,0.9448176313482436
89,5,700,700.0,420.899100899101,0.15812758669901528,0.3026930830451164,0.028779954152845025,0.6012844298558585
89,3,105,105.0,420.899100899101,0.15612958470101326,0.32095552322612075,0.20087170098336407,4.0085628657057235
89,0,558,558.0,420.899100899101,0.13757670900528043,0.22029169185622344,0.022860558370575792,0.7542994639768834
89,4,35,35.0,420.899100899101,0.1584130155558727,0.3045132242891244,0.5801054862274395,12.02568859711717
89,2,700,700.0,420.899100899101,0.156272299129442,0.34150592303536026,0.03208929679978069,0.6012844298558585
89,6,176,176.0,420.899100899101,0.09604681033252462,0.06414256050037526,0.014733114683688544,2.3914721641994374
89,1,620,620.0,420.899100899101,0.1374339945768517,0.20360899763328058,0.018996668494956383,0.6788695175791951
90,0,62,62.0,453.3790495219067,0.13757670900528043,0.4890424147449303,0.4919955807020819,7.312565314869463
90,3,175,175.0,453.3790495219067,0.15612958470101326,0.4550840468220425,0.1840772912191743,2.590737425839467
90,5,700,700.0,453.3790495219067,0.15812758669901528,0.3631716442111449,0.03719486466008659,0.6476843564598668
90,2,700,700.0,453.3790495219067,0.156272299129442,0.5196903344734716,0.05260052138245189,0.6476843564598668
90,6,440,440.0,453.3790495219067,0.09604681033252462,0.33013126886591987,0.03267220000873645,1.0304069307316062
90,4,630,630.0,453.3790495219067,0.1584130155558727,0.2808933716848457,0.03202235373636379,0.7196492849554075
90,1,403,403.0,453.3790495219067,0.1374339945768517,0.5150595612488862,0.07963574086180437,1.1250100484414558
91,6,330,330.0,501.4160125588697,0.09604681033252462,0.10098271944971152,0.01473717591868498,1.519442462299605
91,2,665,665.0,501.4160125588697,0.156272299129442,0.4320929542229354,0.05091382669887897,0.7540090414419093
91,0,620,620.0,501.4160125588697,0.13757670900528043,0.3128656700403246,0.03481042595552009,0.8087355041272092
91,5,700,700.0,501.4160125588697,0.15812758669901528,0.6221055387027468,0.07046474258327136,0.7163085893698138
91,3,700,700.0,501.4160125588697,0.15612958470101326,0.4341721992346372,0.048556499997377454,0.7163085893698138
91,1,279,279.0,501.4160125588697,0.1374339945768517,0.32209425838704137,0.07955567198614018,1.797190009171576
91,4,140,140.0,501.4160125588697,0.1584130155558727,0.5769032169410245,0.3273135505767273,3.581542946849069
92,5,700,700.0,466.94691023262453,0.15812758669901528,0.5011898636438942,0.05286635743061365,0.6670670146180351
92,4,140,140.0,466.94691023262453,0.1584130155558727,0.1500619336876253,0.07928679633596637,3.3353350730901754
92,0,434,434.0,466.94691023262453,0.13757670900528043,0.3386837039608683,0.050132226556420634,1.0759145397065082
92,6,440,440.0,466.94691023262453,0.09604681033252462,0.15542610833532575,0.0158424282636627,1.0612429778014194
92,1,217,217.0,466.94691023262453,0.1374339945768517,0.2936996588260307,0.08685711177621519,2.1518290794130164
92,3,595,595.0,466.94691023262453,0.15612958470101326,0.37610089563583426,0.04608293300007217,0.7847847230800412
92,2,700,700.0,466.94691023262453,0.156272299129442,0.43800858765727807,0.045659809281494886,0.6670670146180351
93,1,620,620.0,461.2143570714999,0.1374339945768517,0.21300695914045562,0.02177705211985867,0.7438941243088708
93,4,210,210.0,461.2143570714999,0.1584130155558727,0.25474189888716775,0.08862877900127361,2.1962588431976187
93,2,595,595.0,461.2143570714999,0.156272299129442,0.36994722299688,0.044813372177008495,0.7751501799521007
93,3,700,700.0,461.2143570714999,0.15612958470101326,0.3222911115560189,0.0331541815041995,0.6588776529592856
93,6,88,88.0,461.2143570714999,0.09604681033252462,0.12563128979502466,0.06324131779379592,5.2410722394488625
93,5,700,700.0,461.2143570714999,0.15812758669901528,0.5523167601599576,0.057544078928455915,0.6588776529592856
93,0,155,155.0,461.2143570714999,0.13757670900528043,0.1627903004990748,0.06664146887766556,2.9755764972354832
94,4,700,700.0,538.5511631225917,0.1584130155558727,0.23743130077562744,0.028937283644072397,0.7693588044608453
94,0,403,403.0,538.5511631225917,0.13757670900528043,0.15818789706249348,0.02908305945049118,1.3363552434803763
94,2,490,490.0,538.5511631225917,0.156272299129442,0.34724662960675573,0.059641825670045494,1.0990840063726361
94,5,700,700.0,538.5511631225917,0.15812758669901528,0.31839594160385454,0.03873504764422713,0.7693588044608453
94,3,490,490.0,538.5511631225917,0.15612958470101326,0.416635389330698,0.07149443676823376,1.0990840063726361
94,6,242,242.0,538.5511631225917,0.09604681033252462,0.06916910350923408,0.014784501845239325,2.225418029432197
94,1,620,620.0,538.5511631225917,0.1374339945768517,0.347908638737428,0.04153312995219047,0.8686309082622446
95,4,700,700.0,571.1087483944626,0.1584130155558727,0.2853278849323327,0.03687702274924577,0.8158696405635181
95,1,589,589.0,571.1087483944626,0.1374339945768517,0.17685836256019605,0.023568030280587293,0.9696243606018041
95,3,385,385.0,571.1087483944626,0.15612958470101326,0.2961810249340576,0.06859627290943453,1.4833993464791237
95,0,620,620.0,571.1087483944626,0.13757670900528043,0.17756858514576696,0.02250288361633082,0.9211431425717139
95,6,374,374.0,571.1087483944626,0.09604681033252462,0.13017412749425558,0.019092149781804155,1.5270287390226274
95,2,700,700.0,571.1087483944626,0.156272299129442,0.29960329209073366,0.03819876796083008,0.8158696405635181
95,5,560,560.0,571.1087483944626,0.15812758669901528,0.2935765837265185,0.04734344330702241,1.0198370507043975
96,2,525,525.0,472.871842443271,0.156272299129442,0.30130588597226904,0.042410536683829464,0.9007082713205162
96,3,210,210.0,472.871842443271,0.15612958470101326,0.34853210313136285,0.12253274169887332,2.2517706783012907
96,6,396,396.0,472.871842443271,0.09604681033252462,0.10058247370436248,0.011535954316207011,1.1941208142506845
96,0,620,620.0,472.871842443271,0.13757670900528043,0.25363114441639845,0.026613332659270517,0.7626965200697919
96,4,245,245.0,472.871842443271,0.1584130155558727,0.3024798549928499,0.09248359164393101,1.9300891528296777
96,1,620,620.0,472.871842443271,0.1374339945768517,0.34025104060170847,0.03566526018070754,0.7626965200697919
96,5,700,700.0,472.871842443271,0.15812758669901528,0.43338366615735924,0.04629409476896984,0.6755312034903872
97,2,245,245.0,349.3279577565292,0.156272299129442,0.21024800183883616,0.04684693038139879,1.4258283990062417
97,0,620,620.0,349.3279577565292,0.13757670900528043,0.34068210096498863,0.026408022945171937,0.5634321899298859
97,6,22,22.0,349.3279577565292,0.09604681033252462,0.15949024054022606,0.2432359277523771,15.87854353438769
97,3,70,70.0,349.3279577565292,0.15612958470101326,0.1483239185570081,0.11556643063513251,4.990399396521846
97,1,620,620.0,349.3279577565292,0.1374339945768517,0.3100959203589699,0.02401219589365196,0.5634321899298859
97,4,700,700.0,349.3279577565292,0.1584130155558727,0.19327634505151864,0.015279349690806647,0.49903993965218457
97,5,105,105.0,349.3279577565292,0.15812758669901528,0.3417417829814563,0.17978347464089345,3.326932931014564
98,2,595,595.0,493.84515484515487,0.156272299129442,0.33067345823978,0.04288991351515944,0.8299918568826132
98,4,700,700.0,493.84515484515487,0.1584130155558727,0.3631004995303055,0.04057985257202704,0.7054930783502212
98,0,620,620.0,493.84515484515487,0.13757670900528043,0.41811421818793126,0.04581829882429011,0.7965244432986369
98,5,700,700.0,493.84515484515487,0.15812758669901528,0.36320885410308734,0.040518823531081744,0.7054930783502212
98,6,264,264.0,493.84515484515487,0.09604681033252462,0.003967667481666794,0.0007128613770052,1.8706255865346775
98,1,62,62.0,493.84515484515487,0.1374339945768517,0.3420392652750435,0.374428796704978,7.965244432986369
98,3,385,385.0,493.84515484515487,0.15612958470101326,0.3148308301681683,0.06305107953324002,1.282714687909493
99,1,93,93.0,481.3428000570858,0.1374339945768517,0.2012194847978546,0.14313166845414757,5.175729032871891
99,3,700,700.0,481.3428000570858,0.15612958470101326,0.4324592045432154,0.046428728439166685,0.6876325715101226
99,5,700,700.0,481.3428000570858,0.15812758669901528,0.40335914421312474,0.043858723736228324,0.6876325715101226
99,4,315,315.0,481.3428000570858,0.1584130155558727,0.3957885637871553,0.09580717370226548,1.5280723811336057
99,0,434,434.0,481.3428000570858,0.13757670900528043,0.24485979076186287,0.03736174405044125,1.1090847927582623
99,6,308,308.0,481.3428000570858,0.09604681033252462,0.2553849235784094,0.03833380821484286,1.5628012988866422
99,2,700,700.0,481.3428000570858,0.156272299129442,0.41927204268093454,0.04505410283912333,0.6876325715101226
100,4,350,350.0,542.8471528471528,0.1584130155558727,0.30999606120819223,0.07616519477868079,1.5509918652775794
100,5,665,665.0,542.8471528471528,0.15812758669901528,0.4056211000663127,0.05235812679495511,0.8163115080408312
100,2,560,560.0,542.8471528471528,0.156272299129442,0.4398610606131892,0.0666326454719789,0.9693699157984871
100,6,440,440.0,542.8471528471528,0.09604681033252462,0.04517780368515442,0.005353440110181211,1.2337435291980745
100,1,620,620.0,542.8471528471528,0.1374339945768517,0.18889065800563226,0.022729533583827406,0.8755599239470205
100,3,525,525.0,542.8471528471528,0.15612958470101326,0.3499250065817142,0.05649089363017875,1.0339945768517196
100,0,620,620.0,542.8471528471528,0.13757670900528043,0.30667951029469087,0.03694158731499626,0.8755599239470205
101,1,186,186.0,425.7942057942058,0.1374339945768517,0.21566079685435174,0.06785036343226292,2.2892161601839023
101,2,700,700.0,425.7942057942058,0.156272299129442,0.3156225019418277,0.030002100886233212,0.6082774368488655
101,6,440,440.0,425.7942057942058,0.09604681033252462,0.12561312061187763,0.01167521864457723,0.9677141040777405
101,0,403,403.0,425.7942057942058,0.13757670900528043,0.22359273189845877,0.032501043115289126,1.0565613047002627
101,4,210,210.0,425.7942057942058,0.1584130155558727,0.29295850753677516,0.09409735767802097,2.027591456162885
101,5,700,700.0,425.7942057942058,0.15812758669901528,0.30675311643887904,0.02950518443691023,0.6082774368488655
101,3,315,315.0,425.7942057942058,0.15612958470101326,0.3463123408115621,0.0730873752982505,1.3517276374419231
102,5,350,350.0,550.2282003710575,0.15812758669901528,0.31665027521403805,0.07871587248443246,1.5720805724887357
102,3,700,700.0,550.2282003710575,0.15612958470101326,0.2813314609447202,0.03452616256986503,0.7860402862443678
102,2,560,560.0,550.2282003710575,0.156272299129442,0.3453747008464316,0.05303069777415562,0.9825503578054597
102,0,527,527.0,550.2282003710575,0.13757670900528043,0.16128648339283172,0.02316728382145459,1.0440762815390086
102,4,700,700.0,550.2282003710575,0.1584130155558727,0.25153685756530003,0.03132112100885077,0.7860402862443678
102,1,527,527.0,550.2282003710575,0.1374339945768517,0.16742308489245447,0.024023801977640414,1.0440762815390086
102,6,440,440.0,550.2282003710575,0.09604681033252462,0.1034582644396886,0.012426198990489246,1.2505186372069488
103,5,630,630.0,522.226345083488,0.15812758669901528,0.25326867731285646,0.03319765084130436,0.828930706481727
103,6,220,220.0,522.226345083488,0.09604681033252462,0.1274743043811995,0.029063083777568704,2.3737561140158547
103,3,175,175.0,522.226345083488,0.15612958470101326,0.294230249462452,0.1370860468853746,2.9841505433342173
103,0,620,620.0,522.226345083488,0.13757670900528043,0.30342439325154275,0.0351611034745528,0.842300556586271
103,2,700,700.0,522.226345083488,0.156272299129442,0.3238334916080486,0.03775413299113431,0.7460376358335543
103,1,620,620.0,522.226345083488,0.1374339945768517,0.20964698991687952,0.02426888862148707,0.842300556586271
103,4,595,595.0,522.226345083488,0.1584130155558727,0.18331679518847113,0.02548795131339247,0.8776913362747698
104,4,700,700.0,417.8805480234052,0.1584130155558727,0.29896181990887954,0.028272271676725896,0.5969722114620074
104,6,440,440.0,417.8805480234052,0.09604681033252462,0.1284633091584046,0.011718216859616222,0.9497285182350118
104,2,70,70.0,417.8805480234052,0.156272299129442,0.3267372381983558,0.304813888342252,5.969722114620074
104,3,700,700.0,417.8805480234052,0.15612958470101326,0.12827480349683942,0.011955856068429964,0.5969722114620074
104,1,341,341.0,417.8805480234052,0.1374339945768517,0.2028607562301039,0.034165673504710926,1.2254561525613055
104,5,105,105.0,417.8805480234052,0.15812758669901528,0.3239803933456486,0.203886855439378,3.9798147430800497
104,0,589,589.0,417.8805480234052,0.13757670900528043,0.20990849738408704,0.02048857703452334,0.7094746146407559
105,5,700,700.0,447.8333095475953,0.15812758669901528,0.22348239117253316,0.022608372774523773,0.639761870782279
105,2,700,700.0,447.8333095475953,0.156272299129442,0.2575367453381449,0.02574776623976288,0.639761870782279
105,3,245,245.0,447.8333095475953,0.15612958470101326,0.25989320435287644,0.07417036853216771,1.82789105937794
105,4,700,700.0,447.8333095475953,0.1584130155558727,0.34808119753491734,0.035276848396199934,0.639761870782279
105,6,286,286.0,447.8333095475953,0.09604681033252462,0.18309623933959301,0.027536753117028044,1.5658507326838997
105,0,124,124.0,447.8333095475953,0.13757670900528043,0.3598566455164819,0.1788006739728769,3.6115589479644785
105,1,248,248.0,447.8333095475953,0.1374339945768517,0.42560992550522386,0.1056259502935103,1.8057794739822393
106,5,490,490.0,425.25203368060505,0.15812758669901528,0.42272779262702953,0.05801212364510614,0.8678612932257246
106,3,700,700.0,425.25203368060505,0.15612958470101326,0.30689540406949395,0.02910877628704254,0.6075029052580072
106,1,620,620.0,425.25203368060505,0.1374339945768517,0.12038562774281723,0.01134810958665251,0.6858903769042017
106,6,22,22.0,425.25203368060505,0.09604681033252462,0.08671366355380765,0.16098825767741742,19.329637894572958
106,0,620,620.0,425.25203368060505,0.13757670900528043,0.12267973003322909,0.011576371029719042,0.6858903769042017
106,4,105,105.0,425.25203368060505,0.1584130155558727,0.348475554003428,0.22357347579088385,4.050019368386715
106,2,315,315.0,425.25203368060505,0.156272299129442,0.3106937082598454,0.06554662061826984,1.350006456128905
107,1,589,589.0,451.20522334808044,0.1374339945768517,0.3889963574072828,0.04095420765445994,0.7660530107777257
107,3,70,70.0,451.20522334808044,0.15612958470101326,0.3771440821331102,0.37954963712965556,6.445788904972578
107,4,700,700.0,451.20522334808044,0.1584130155558727,0.22619565169233707,0.02309676692528862,0.6445788904972578
107,0,217,217.0,451.20522334808044,0.13757670900528043,0.403441518178917,0.11540905650397386,2.0792867435395412
107,5,700,700.0,451.20522334808044,0.15812758669901528,0.3704870652646015,0.0377621550950194,0.6445788904972578
107,6,440,440.0,451.20522334808044,0.09604681033252462,0.1389404909533089,0.013684634990027322,1.0254664167001828
107,2,420,420.0,451.20522334808044,0.156272299129442,0.394217980511898,0.06618251377175434,1.074298150828763
108,0,620,620.0,467.32467532467535,0.13757670900528043,0.36653979038717455,0.03800957967124017,0.7537494763301216
108,4,700,700.0,467.32467532467535,0.1584130155558727,0.5432648249153756,0.05745437711063893,0.6676066790352505
108,3,700,700.0,467.32467532467535,0.15612958470101326,0.1693650661959127,0.017653454949347322,0.6676066790352505
108,5,140,140.0,467.32467532467535,0.15812758669901528,0.5193271230897623,0.2741191177569621,3.3380333951762524
108,2,595,595.0,467.32467532467535,0.156272299129442,0.22684791998411324,0.027843161749977696,0.7854196223944123
108,6,176,176.0,467.32467532467535,0.09604681033252462,0.18119007253329247,0.04620866170677412,2.655253837072019
108,1,217,217.0,467.32467532467535,0.1374339945768517,0.35175958024964316,0.10411159095158018,2.153569932371776
109,3,700,700.0,497.6611959469102,0.15612958470101326,0.4142144906347463,0.04597759297720319,0.7109445656384431
109,0,248,248.0,497.6611959469102,0.13757670900528043,0.5388900327010824,0.14877404304463174,2.00669837075367
109,6,220,220.0,497.6611959469102,0.09604681033252462,0.07741434575447191,0.01681959339041412,2.2620963452132283
109,2,700,700.0,497.6611959469102,0.156272299129442,0.42612482128447454,0.04734286898009929,0.7109445656384431
109,5,315,315.0,497.6611959469102,0.15812758669901528,0.31589916758019854,0.07891859584884381,1.5798768125298737
109,4,560,560.0,497.6611959469102,0.1584130155558727,0.29923546137436774,0.042125946530713054,0.8886807070480539
109,1,620,620.0,497.6611959469102,0.1374339945768517,0.32868764338679557,0.03625931845341593,0.802679348301468
110,6,110,110.0,438.8401598401598,0.09604681033252462,0.1253709853002146,0.048038967568479064,3.9894559985469074
110,0,341,341.0,438.8401598401598,0.13757670900528043,0.15811726760050684,0.027994724812578746,1.2869212898538411
110,5,700,700.0,438.8401598401598,0.15812758669901528,0.2604187728467929,0.025815958575877804,0.6269145140573712
110,4,700,700.0,438.8401598401598,0.1584130155558727,0.2816708022347137,0.027973126967162726,0.6269145140573712
110,1,248,248.0,438.8401598401598,0.1374339945768517,0.16849966066084424,0.04097772880965412,1.7695167735490314
110,2,105,105.0,438.8401598401598,0.156272299129442,0.3725153576633553,0.24330063883652642,4.1794300937158075
110,3,700,700.0,438.8401598401598,0.15612958470101326,0.3555394979816664,0.03480017147656395,0.6269145140573712
111,1,527,527.0,542.4231482802911,0.1374339945768517,0.2785143426531155,0.03939756080177434,1.0292659360157326
111,2,700,700.0,542.4231482802911,0.156272299129442,0.1437685257139047,0.01740948787819948,0.7748902118289873
111,4,700,700.0,542.4231482802911,0.1584130155558727,0.3792874197746062,0.046558553025412903,0.7748902118289873
111,5,350,350.0,542.4231482802911,0.15812758669901528,0.37347688972051646,0.09152538133213892,1.5497804236579746
111,6,396,396.0,542.4231482802911,0.09604681033252462,0.11469784564876667,0.01508972192306965,1.3697554249502302
111,3,455,455.0,542.4231482802911,0.15612958470101326,0.254186359952445,0.047311232812133515,1.1921387874292113
111,0,620,620.0,542.4231482802911,0.13757670900528043,0.3700947105565665,0.04454554944864922,0.8748760456133727
112,0,434,434.0,478.31682603111176,0.13757670900528043,0.17841581019534825,0.027052299188874834,1.1021125023758336
112,4,70,70.0,478.31682603111176,0.1584130155558727,0.3461558075564666,0.3746969018180522,6.833097514730168
112,6,440,440.0,478.31682603111176,0.09604681033252462,0.08313129709158686,0.008679815336460043,1.087083695525254
112,3,455,455.0,478.31682603111176,0.15612958470101326,0.285883739756628,0.04692225993712358,1.051245771496949
112,5,630,630.0,478.31682603111176,0.15812758669901528,0.3080346258638804,0.03698130988340201,0.7592330571922409
112,2,700,700.0,478.31682603111176,0.156272299129442,0.29790626046605856,0.0318111412612307,0.6833097514730168
112,1,620,620.0,478.31682603111176,0.1374339945768517,0.2671957525429849,0.028330072689245492,0.7714787516630834
113,2,280,280.0,433.7739403453689,0.156272299129442,0.3780616444754345,0.0915271726708125,1.5491926440906032
113,1,620,620.0,433.7739403453689,0.1374339945768517,0.34374187708601983,0.03305204853933154,0.6996353876538208
113,5,700,700.0,433.7739403453689,0.15812758669901528,0.2588668344653752,0.025365853123680844,0.6196770576362413
113,3,175,175.0,433.7739403453689,0.15612958470101326,0.3518360037263764,0.13616042318724822,2.478708230544965
113,4,490,490.0,433.7739403453689,0.1584130155558727,0.11621420707148582,0.016297367624596177,0.8852529394803447
113,0,341,341.0,433.7739403453689,0.13757670900528043,0.33466027281195215,0.05856769816985173,1.272064341188765
113,6,440,440.0,433.7739403453689,0.09604681033252462,0.19752651322335565,0.018703338128587987,0.985849864421293
114,0,155,155.0,483.180105608677,0.13757670900528043,0.24978080728715496,0.10712265489132355,3.1172910039269484
114,4,700,700.0,483.180105608677,0.1584130155558727,0.33542113525501216,0.036676872047757964,0.6902572937266814
114,5,700,700.0,483.180105608677,0.15812758669901528,0.348293407808479,0.03801577966707155,0.6902572937266814
114,2,525,525.0,483.180105608677,0.156272299129442,0.19272927256744973,0.027719119125489786,0.920343058302242
114,6,66,66.0,483.180105608677,0.09604681033252462,0.10798047926199304,0.07592648701591838,7.320910691040561
114,1,310,310.0,483.180105608677,0.1374339945768517,0.2353852014370814,0.050422070541897,1.5586455019634742
114,3,700,700.0,483.180105608677,0.15612958470101326,0.14432127386270663,0.015553443734049247,0.6902572937266814
115,1,31,31.0,388.00613672042243,0.1374339945768517,0.09182449626929651,0.1579536350090457,12.51632699098137
115,3,210,210.0,388.00613672042243,0.15612958470101326,0.38630206068609335,0.1114375432528699,1.8476482700972496
115,6,242,242.0,388.00613672042243,0.09604681033252462,0.05014742181947783,0.007722444311701022,1.60333114347282
115,2,700,700.0,388.00613672042243,0.156272299129442,0.39492523307634597,0.03420876843715572,0.5542944810291749
115,5,140,140.0,388.00613672042243,0.15812758669901528,0.2992847596291235,0.13116042150319077,2.7714724051458743
115,0,620,620.0,388.00613672042243,0.13757670900528043,0.1511749153105303,0.013015820641055617,0.6258163495490684
115,4,700,700.0,388.00613672042243,0.1584130155558727,0.321668815452285,0.02824492172514301,0.5542944810291749
116,4,490,490.0,494.2861424289996,0.1584130155558727,0.3218137507784542,0.05142541597548441,1.008747229446938
116,2,700,700.0,494.2861424289996,0.156272299129442,0.2789214414284279,0.03077827654798491,0.7061230606128566
116,6,110,110.0,494.2861424289996,0.09604681033252462,0.21430834061839862,0.09249276661251071,4.493510385718178
116,3,700,700.0,494.2861424289996,0.15612958470101326,0.3336571278700774,0.03678459734631714,0.7061230606128566
116,5,700,700.0,494.2861424289996,0.15812758669901528,0.33039275760324255,0.036890841056808996,0.7061230606128566
116,0,279,279.0,494.2861424289996,0.13757670900528043,0.21594198110266755,0.052632770296736436,1.771634919100357
116,1,279,279.0,494.2861424289996,0.1374339945768517,0.22906865387140407,0.0557742918660349,1.771634919100357
117,2,175,175.0,544.1384329955758,0.156272299129442,0.43048738569870915,0.20917692998341345,3.1093624742604336
117,5,665,665.0,544.1384329955758,0.15812758669901528,0.30307557627320075,0.039214469015625385,0.818253282700114
117,4,700,700.0,544.1384329955758,0.1584130155558727,0.2949088756725143,0.036315335963683505,0.7773406185651084
117,6,440,440.0,544.1384329955758,0.09604681033252462,0.026861056370596548,0.0031905294676670094,1.236678256808127
117,1,527,527.0,544.1384329955758,0.1374339945768517,0.19830493487979906,0.028140154524119027,1.0325207457221552
117,0,558,558.0,544.1384329955758,0.13757670900528043,0.2493975780514341,0.03345895329721543,0.9751584820709245
117,3,700,700.0,544.1384329955758,0.15612958470101326,0.2968699527950853,0.036029879488597684,0.7773406185651084
118,1,620,620.0,441.26744683887546,0.1374339945768517,0.21007459066462472,0.02054839454839485,0.7117216884497991
118,6,242,242.0,441.26744683887546,0.09604681033252462,0.16372514557898651,0.028673773866513534,1.823419201813535
118,2,105,105.0,441.26744683887546,0.156272299129442,0.09254843457977452,0.06078041621285818,4.202547112751195
118,0,620,620.0,441.26744683887546,0.13757670900528043,0.27008878514679013,0.02644610197416462,0.7117216884497991
118,3,700,700.0,441.26744683887546,0.15612958470101326,0.15653032254661417,0.015405916317684976,0.6303820669126792
118,5,560,560.0,441.26744683887546,0.15812758669901528,0.3330787704110754,0.0415019457649504,0.787977583640849
118,4,210,210.0,441.26744683887546,0.1584130155558727,0.3113445780658492,0.10363698344225236,2.1012735563755975
119,2,630,630.0,440.9770229770229,0.156272299129442,0.2034824103147925,0.022257905120739316,0.699963528534957
119,3,700,700.0,440.9770229770229,0.15612958470101326,0.2259201677443331,0.022220720031924813,0.6299671756814613
119,0,93,93.0,440.9770229770229,0.13757670900528043,0.3847604376784438,0.2509968893189338,4.741688419107773
119,1,248,248.0,440.9770229770229,0.1374339945768517,0.19772969305776195,0.04832038013657874,1.7781331571654149
119,4,700,700.0,440.9770229770229,0.1584130155558727,0.23157096776837294,0.02310962472865702,0.6299671756814613
119,6,440,440.0,440.9770229770229,0.09604681033252462,0.11531253545688726,0.011099994225339334,1.002220506765961
119,5,210,210.0,440.9770229770229,0.15812758669901528,0.264707742317104,0.08789637277001208,2.099890585604871
120,3,455,455.0,406.8110460967604,0.15612958470101326,0.3969766523245738,0.05541553235013523,0.8940902112016712
120,1,310,310.0,406.8110460967604,0.1374339945768517,0.09464994185273226,0.017070473355841193,1.3122936970863237
120,4,105,105.0,406.8110460967604,0.1584130155558727,0.3106464333927706,0.19066047502641856,3.8743909152072415
120,6,440,440.0,406.8110460967604,0.09604681033252462,0.12092659678108536,0.010738530074501278,0.924570559310819
120,2,245,245.0,406.8110460967604,0.156272299129442,0.3691575985117437,0.09579006460799708,1.660453249374532
120,5,700,700.0,406.8110460967604,0.15812758669901528,0.3201421547150155,0.029420171718911557,0.5811586372810863
120,0,620,620.0,406.8110460967604,0.13757670900528043,0.08545677562050678,0.007714227918609053,0.6561468485431619
121,5,175,175.0,394.7802197802198,0.15812758669901528,0.13210057853930474,0.04712264921621703,2.2558869701726847
121,2,385,385.0,394.7802197802198,0.156272299129442,0.3122544318640422,0.05003630921816755,1.025403168260311
121,1,620,620.0,394.7802197802198,0.1374339945768517,0.30424991937102186,0.026624921526865332,0.6367422899680965
121,6,440,440.0,394.7802197802198,0.09604681033252462,0.18993988262802405,0.016368233809633058,0.8972277722277723
121,4,560,560.0,394.7802197802198,0.1584130155558727,0.1262332334864482,0.014097169631867133,0.7049646781789639
121,0,620,620.0,394.7802197802198,0.13757670900528043,0.3277392258109219,0.028710254010222584,0.6367422899680965
121,3,35,35.0,394.7802197802198,0.15612958470101326,0.267956996111877,0.47188660020576795,11.279434850863423
122,2,245,245.0,466.16112458969604,0.156272299129442,0.5164382581519825,0.15355726834412978,1.9026984677130452
122,4,700,700.0,466.16112458969604,0.1584130155558727,0.5116825910309485,0.053979581764242224,0.6659444636995657
122,0,341,341.0,466.16112458969604,0.13757670900528043,0.46151291145329204,0.0867981453880703,1.3670414210841526
122,5,700,700.0,466.16112458969604,0.15812758669901528,0.5100493328762776,0.053710332328017175,0.6659444636995657
122,1,620,620.0,466.16112458969604,0.1374339945768517,0.36393568553483524,0.037606522444075016,0.7518727815962839
122,3,245,245.0,466.16112458969604,0.15612958470101326,0.19378325731698584,0.05756671197394405,1.9026984677130452
122,6,374,374.0,466.16112458969604,0.09604681033252462,0.16990622086339383,0.020340268314546,1.2464201192237863
123,0,558,558.0,524.9646068217496,0.13757670900528043,0.19118915644629028,0.024745942457461135,0.9407967864189061
123,5,525,525.0,524.9646068217496,0.15812758669901528,0.3226863969888433,0.05102218129471847,0.9999325844223802
123,1,620,620.0,524.9646068217496,0.1374339945768517,0.31775222297068223,0.03697609993209442,0.8467171077770155
123,4,700,700.0,524.9646068217496,0.1584130155558727,0.30371836163488947,0.03608227348839494,0.7499494383167852
123,2,315,315.0,524.9646068217496,0.156272299129442,0.16613414614173502,0.04326735787854527,1.6665543073706337
123,3,700,700.0,524.9646068217496,0.15612958470101326,0.1847047102199121,0.021626944182984602,0.7499494383167852
123,6,110,110.0,524.9646068217496,0.09604681033252462,0.1022987134823153,0.046891103994429646,4.77240551656136
124,6,88,88.0,504.99871557014416,0.09604681033252462,0.062338709708379444,0.03435962039280578,5.738621767842547
124,4,490,490.0,504.99871557014416,0.1584130155558727,0.35437878367713366,0.05785658130391804,1.030609623612539
124,3,700,700.0,504.99871557014416,0.15612958470101326,0.3024623658612519,0.034068168210861324,0.7214267365287773
124,2,700,700.0,504.99871557014416,0.156272299129442,0.3152123679616787,0.03553673180757124,0.7214267365287773
124,1,62,62.0,504.99871557014416,0.1374339945768517,0.15907468488332174,0.17807125735694765,8.145140573712002
124,0,589,589.0,504.99871557014416,0.13757670900528043,0.17626027100062808,0.020790949745077537,0.8573832182854739
124,5,700,700.0,504.99871557014416,0.15812758669901528,0.46471734619516397,0.053013778574150336,0.7214267365287773
125,6,440,440.0,438.2316255173398,0.09604681033252462,0.15809001226897246,0.015123016261597174,0.9959809670848632
125,3,455,455.0,438.2316255173398,0.15612958470101326,0.403828775941963,0.06072601550958496,0.9631464297084391
125,0,620,620.0,438.2316255173398,0.13757670900528043,0.11252168380393018,0.010941910675722446,0.7068252024473223
125,5,595,595.0,438.2316255173398,0.15812758669901528,0.3458683583515126,0.04028146206928727,0.736523740365277
125,4,700,700.0,438.2316255173398,0.1584130155558727,0.38909703616948865,0.0385881945759206,0.6260451793104854
125,2,140,140.0,438.2316255173398,0.156272299129442,0.40972462339100985,0.20042400972172592,3.1302258965524272
125,1,93,93.0,438.2316255173398,0.1374339945768517,0.036192561923074504,0.023438740075881166,4.7121680163154815
126,0,124,124.0,431.6573426573426,0.13757670900528043,0.2395541555427478,0.11472711509315386,3.4811076020753435
126,6,440,440.0,431.6573426573426,0.09604681033252462,0.14005032743730783,0.013196341067068833,0.9810394151303241
126,1,589,589.0,431.6573426573426,0.1374339945768517,0.31412936545010706,0.031639276560601594,0.7328647583316513
126,3,420,420.0,431.6573426573426,0.15612958470101326,0.12561535837157858,0.020156623723228528,1.0277555777555776
126,4,700,700.0,431.6573426573426,0.1584130155558727,0.3482410918598241,0.034018250115414504,0.6166533466533466
126,2,700,700.0,431.6573426573426,0.156272299129442,0.12263326672853744,0.011817657300043912,0.6166533466533466
126,5,35,35.0,431.6573426573426,0.15812758669901528,0.36379733282479404,0.7094768711610887,12.333066933066931
127,4,525,525.0,426.7531040388183,0.1584130155558727,0.38074163559366775,0.049027372371117296,0.8128630553120348
127,3,700,700.0,426.7531040388183,0.15612958470101326,0.8082551362369775,0.07693293945634494,0.6096472914840262
127,2,70,70.0,426.7531040388183,0.156272299129442,0.7131906369450904,0.6794637368877542,6.096472914840262
127,1,93,93.0,426.7531040388183,0.1374339945768517,0.4698042364197596,0.2962817072082428,4.588743054180842
127,6,440,440.0,426.7531040388183,0.09604681033252462,0.22478108231864338,0.02093951975350812,0.9698934182700416
127,5,525,525.0,426.7531040388183,0.15812758669901528,0.31909137673178667,0.04101475257408698,0.8128630553120348
127,0,620,620.0,426.7531040388183,0.13757670900528043,0.5242532422514209,0.04964448852751233,0.6883114581271264
128,2,700,700.0,416.5220493791923,0.156272299129442,0.30383778162372005,0.028252945697447372,0.5950314991131319
128,6,374,374.0,416.5220493791923,0.09604681033252462,0.18976217001930898,0.020298267855551784,1.1136953191957013
128,4,700,700.0,416.5220493791923,0.1584130155558727,0.7002192714224208,0.06600318257292004,0.5950314991131319
128,3,175,175.0,416.5220493791923,0.15612958470101326,0.37446213990829263,0.13915315810303552,2.3801259964525276
128,5,140,140.0,416.5220493791923,0.15812758669901528,0.6937834736306452,0.32639353972797885,2.9751574955656594
128,1,186,186.0,416.5220493791923,0.1374339945768517,0.40476509852516945,0.12457252853578367,2.239365856877378
128,0,620,620.0,416.5220493791923,0.13757670900528043,0.44945498507359627,0.04154104574527612,0.6718097570632134
129,2,700,700.0,568.3275296132439,0.156272299129442,0.44764411836546153,0.0567957106466009,0.8118964708760626
129,3,700,700.0,568.3275296132439,0.15612958470101326,0.3830951438028655,0.04856154605652274,0.8118964708760626
129,0,589,589.0,568.3275296132439,0.13757670900528043,0.36625406148570677,0.04861953094198773,0.9649024271871712
129,5,245,245.0,568.3275296132439,0.15812758669901528,0.22445556254328014,0.08233237148154242,2.3197042025030363
129,6,396,396.0,568.3275296132439,0.09604681033252462,0.09410735486586659,0.01297209202874896,1.4351705293263735
129,1,589,589.0,568.3275296132439,0.1374339945768517,0.2574177190318761,0.034136265386718045,0.9649024271871712
129,4,700,700.0,568.3275296132439,0.1584130155558727,0.3687587373136356,0.04742789329911741,0.8118964708760626
130,3,490,490.0,498.7085771371486,0.15612958470101326,0.40120096106439723,0.06375260375767074,1.017772606402344
130,4,700,700.0,498.7085771371486,0.1584130155558727,0.33627667983072496,0.037952152260044385,0.7124408244816409
130,6,44,44.0,498.7085771371486,0.09604681033252462,0.08277781056732259,0.09011374592022733,11.334285844026105
130,2,700,700.0,498.7085771371486,0.156272299129442,0.3218396712151601,0.03583194436692089,0.7124408244816409
130,1,93,93.0,498.7085771371486,0.1374339945768517,0.17401343170723213,0.12824511473944777,5.362457818679017
130,0,620,620.0,498.7085771371486,0.13757670900528043,0.23130954669466794,0.02559726838451055,0.8043686728018526
130,5,630,630.0,498.7085771371486,0.15812758669901528,0.3004997410382055,0.0376147373030225,0.791600916090712
131,6,308,308.0,474.9753104038818,0.09604681033252462,0.04345495288699488,0.0064363929263622196,1.5421276311814345
131,3,280,280.0,474.9753104038818,0.15612958470101326,0.3868729113025158,0.10246287322842762,1.6963403942995778
131,5,700,700.0,474.9753104038818,0.15812758669901528,0.4149608294207536,0.04452334050145951,0.6785361577198311
131,1,620,620.0,474.9753104038818,0.1374339945768517,0.15052796860202106,0.015848593128667626,0.7660892103288416
131,0,217,217.0,474.9753104038818,0.13757670900528043,0.13351548870364727,0.04020572219477308,2.1888263152252616
131,2,700,700.0,474.9753104038818,0.156272299129442,0.37867961266744854,0.04015382492905578,0.6785361577198311
131,4,420,420.0,474.9753104038818,0.1584130155558727,0.41794885004462357,0.07487481128021926,1.1308935961997186
132,2,70,70.0,462.96631939489083,0.156272299129442,0.25680553402018325,0.26542250119205735,6.613804562784154
132,6,440,440.0,462.96631939489083,0.09604681033252462,0.13081047266912227,0.01321971774526206,1.0521961804429336
132,0,620,620.0,462.96631939489083,0.13757670900528043,0.17606595845508258,0.01808747815351532,0.7467198699917594
132,5,630,630.0,462.96631939489083,0.15812758669901528,0.38048927362164864,0.04421390858217928,0.7348671736426838
132,3,700,700.0,462.96631939489083,0.15612958470101326,0.2673733566113256,0.027609255141425044,0.6613804562784155
132,1,155,155.0,462.96631939489083,0.1374339945768517,0.14202319238939512,0.05830034695922435,2.9868794799670377
132,4,595,595.0,462.96631939489083,0.1584130155558727,0.3642820388811612,0.04490152090079195,0.7780946544451947
133,0,465,465.0,446.876837448266,0.13757670900528043,0.373044591296307,0.04932198604682271,0.9610254568779913
133,1,620,620.0,446.876837448266,0.1374339945768517,0.24550573674892825,0.024319350374707824,0.7207690926584935
133,6,352,352.0,446.876837448266,0.09604681033252462,0.12700409373365162,0.015486235094534473,1.2695364700234828
133,2,210,210.0,446.876837448266,0.156272299129442,0.07711821415886587,0.0256452841716137,2.127984940229838
133,3,700,700.0,446.876837448266,0.15612958470101326,0.15869153527907634,0.01581716959129931,0.6383954820689514
133,4,70,70.0,446.876837448266,0.1584130155558727,0.3750770004574065,0.3793159460499221,6.383954820689514
133,5,700,700.0,446.876837448266,0.15812758669901528,0.46178952119542926,0.04661669946478158,0.6383954820689514
134,2,490,490.0,452.13015555872704,0.156272299129442,0.4844259368043,0.0698516683635872,0.9227146031810756
134,1,248,248.0,452.13015555872704,0.1374339945768517,0.32050983690575285,0.08030587638676022,1.8231054659626091
134,0,31,31.0,452.13015555872704,0.13757670900528043,0.4068769996549991,0.8164128597024206,14.584843727700873
134,5,700,700.0,452.13015555872704,0.15812758669901528,0.1804691685095455,0.018432154168445153,0.6459002222267529
134,3,700,700.0,452.13015555872704,0.15612958470101326,0.40788117176905925,0.041132423319479326,0.6459002222267529
134,4,700,700.0,452.13015555872704,0.1584130155558727,0.12267912499179422,0.012552405629400552,0.6459002222267529
134,6,66,66.0,452.13015555872704,0.09604681033252462,0.1963254993382273,0.12917521584075214,6.8504569024049555
135,3,700,700.0,538.0677893535036,0.15612958470101326,0.66541150819167,0.07985727133071856,0.7686682705050052
135,2,665,665.0,538.0677893535036,0.156272299129442,0.6429090116935957,0.08129182323407498,0.8091244952684264
135,5,280,280.0,538.0677893535036,0.15812758669901528,0.8043296510916846,0.24441096455585762,1.9216706762625129
135,0,589,589.0,538.0677893535036,0.13757670900528043,0.39017577045258967,0.04903734096442555,0.9135276559482234
135,4,455,455.0,538.0677893535036,0.1584130155558727,0.8332319599866814,0.1560926230406579,1.1825665700077002
135,6,440,440.0,538.0677893535036,0.09604681033252462,0.11050108351976327,0.012978777917123357,1.2228813394397808
135,1,620,620.0,538.0677893535036,0.1374339945768517,0.4403649963928455,0.052523331501080656,0.8678512731508122
136,0,620,620.0,427.56243756243754,0.13757670900528043,0.2012320066984735,0.01909192982059305,0.6896168347781251
136,5,560,560.0,427.56243756243754,0.15812758669901528,0.3277446751532339,0.03956897539321433,0.763504352790067
136,2,560,560.0,427.56243756243754,0.156272299129442,0.37894149594321125,0.045213245662614004,0.763504352790067
136,4,210,210.0,427.56243756243754,0.1584130155558727,0.36399624466382247,0.11739997758130402,2.036011607440179
136,1,620,620.0,427.56243756243754,0.1374339945768517,0.2930311244427832,0.027772551199958303,0.6896168347781251
136,6,440,440.0,427.56243756243754,0.09604681033252462,0.08580697612717306,0.008008522722210162,0.9717328126419035
136,3,35,35.0,427.56243756243754,0.15612958470101326,0.36502557782068856,0.6962095906267692,12.216069644641072
137,2,490,490.0,566.1335807050093,0.156272299129442,0.3667181147016932,0.06621207542518082,1.155374654500019
137,5,525,525.0,566.1335807050093,0.15812758669901528,0.5451309052776205,0.09295399506192395,1.078349677533351
137,3,700,700.0,566.1335807050093,0.15612958470101326,0.29333059547444507,0.037039357495327226,0.8087622581500133
137,4,560,560.0,566.1335807050093,0.1584130155558727,0.5396920939170909,0.086430655452784,1.0109528226875166
137,0,620,620.0,566.1335807050093,0.13757670900528043,0.5347166030638074,0.0671731651411618,0.9131186785564667
137,6,396,396.0,566.1335807050093,0.09604681033252462,0.2624579131504116,0.03603847028841549,1.429630254305579
137,1,620,620.0,566.1335807050093,0.1374339945768517,0.5604823409620353,0.07033691728781924,0.9131186785564667
138,5,175,175.0,450.8393035535892,0.15812758669901528,0.3165370391713875,0.12894838290211783,2.5762245917347957
138,0,434,434.0,450.8393035535892,0.13757670900528043,0.2796557899402456,0.039966928395771165,1.0388002386027402
138,1,620,620.0,450.8393035535892,0.1374339945768517,0.3351512865673424,0.0334938554151215,0.7271601670219181
138,3,700,700.0,450.8393035535892,0.15612958470101326,0.22255373628825753,0.02237916222344252,0.6440561479336989
138,6,440,440.0,450.8393035535892,0.09604681033252462,0.0867845679559781,0.008540721220586509,1.0246347808036118
138,2,385,385.0,450.8393035535892,0.156272299129442,0.2685235689062794,0.04913890257379251,1.1710111780612706
138,4,420,420.0,450.8393035535892,0.1584130155558727,0.29920591192526536,0.05087840774741196,1.0734269132228316
139,6,88,88.0,385.23105465962607,0.09604681033252462,0.1317241419100736,0.055384334602861796,4.377625621132115
139,1,620,620.0,385.23105465962607,0.1374339945768517,0.34499707117692396,0.029460436549018185,0.6213404107413324
139,0,310,310.0,385.23105465962607,0.13757670900528043,0.2605640659591784,0.04454705875606601,1.2426808214826648
139,5,700,700.0,385.23105465962607,0.15812758669901528,0.336318210057122,0.02926720674994177,0.5503300780851801
139,4,700,700.0,385.23105465962607,0.1584130155558727,0.20036319422863286,0.017467552516200368,0.5503300780851801
139,2,140,140.0,385.23105465962607,0.156272299129442,0.25349403468910914,0.10900414166941653,2.7516503904259006
139,3,35,35.0,385.23105465962607,0.15612958470101326,0.24041480115025562,0.4131422889713127,11.006601561703603
140,6,154,154.0,453.96403596403593,0.09604681033252462,0.1998116716451622,0.05657239011158276,2.947818415350883
140,0,620,620.0,453.96403596403593,0.13757670900528043,0.45645089308479414,0.045979975604343123,0.7322000580065096
140,5,315,315.0,453.96403596403593,0.15812758669901528,0.6248641089714453,0.14239807484317285,1.4411556697270982
140,3,700,700.0,453.96403596403593,0.15612958470101326,0.18974763213212162,0.019212548549749214,0.6485200513771942
140,1,93,93.0,453.96403596403593,0.1374339945768517,0.39459476000820376,0.264718311059312,4.881333720043397
140,4,700,700.0,453.96403596403593,0.1584130155558727,0.6673662016101481,0.06856121069284059,0.6485200513771942
140,2,455,455.0,453.96403596403593,0.156272299129442,0.22429828083545975,0.03497180099225948,0.9977231559649141
141,2,700,700.0,528.1026116740403,0.156272299129442,0.3868247755567921,0.045605430443797876,0.7544323023914862
141,3,175,175.0,528.1026116740403,0.15612958470101326,0.3714643152749372,0.17501794115615107,3.0177292095659447
141,5,700,700.0,528.1026116740403,0.15812758669901528,0.41314512596918396,0.04928679202173274,0.7544323023914862
141,1,465,465.0,528.1026116740403,0.1374339945768517,0.14055571294004224,0.021938555773884275,1.1357045412344953
141,4,630,630.0,528.1026116740403,0.1584130155558727,0.3831147693570316,0.05087419165819759,0.8382581137683179
141,0,620,620.0,528.1026116740403,0.13757670900528043,0.13365568176405063,0.015662423677451912,0.8517784059258715
141,6,330,330.0,528.1026116740403,0.09604681033252462,0.1002521806240251,0.015409237538361823,1.600310944466789
142,2,595,595.0,434.07392607392603,0.156272299129442,0.19213794582033505,0.021904930454074923,0.7295360102082791
142,3,140,140.0,434.07392607392603,0.15612958470101326,0.10699321334535819,0.051793719355147684,3.100528043385186
142,5,700,700.0,434.07392607392603,0.15812758669901528,0.33824736979005515,0.033167117592235264,0.6201056086770372
142,6,440,440.0,434.07392607392603,0.09604681033252462,0.1296969234821608,0.012289200902339956,0.9865316501680137
142,4,700,700.0,434.07392607392603,0.1584130155558727,0.3844090810306903,0.037761580157357436,0.6201056086770372
142,1,341,341.0,434.07392607392603,0.1374339945768517,0.2735413025594797,0.047854898641781496,1.2729440647329209
142,0,62,62.0,434.07392607392603,0.13757670900528043,0.2726172940554757,0.26258525119360626,7.001192356031065
143,5,560,560.0,449.23076923076917,0.15812758669901528,0.41343582340689206,0.052444169865367055,0.8021978021978021
143,4,140,140.0,449.23076923076917,0.1584130155558727,0.3717068610153213,0.1889439097672907,3.2087912087912085
143,6,440,440.0,449.23076923076917,0.09604681033252462,0.13963833031654985,0.013693183001058434,1.0209790209790208
143,3,455,455.0,449.23076923076917,0.15612958470101326,0.32641094648704216,0.050316221169673284,0.9873203719357564
143,0,620,620.0,449.23076923076917,0.13757670900528043,0.08524954878022518,0.008497962507909683,0.7245657568238213
143,2,350,350.0,449.23076923076917,0.156272299129442,0.39042324686694774,0.07831034206185516,1.2835164835164834
143,1,620,620.0,449.23076923076917,0.1374339945768517,0.13258423340091535,0.01320273349316539,0.7245657568238213
144,5,140,140.0,460.21721136006846,0.15812758669901528,0.14131994201993084,0.07345915262858048,3.2872657954290605
144,1,496,496.0,460.21721136006846,0.1374339945768517,0.2605923244631258,0.03323050715707287,0.92785728096788
144,3,700,700.0,460.21721136006846,0.15612958470101326,0.2252342772744183,0.023119823022485057,0.657453159085812
144,2,700,700.0,460.21721136006846,0.156272299129442,0.28903721072185967,0.029696179231378596,0.657453159085812
144,6,198,198.0,460.21721136006846,0.09604681033252462,0.22261338244375545,0.049697195505530874,2.324329350303376
144,4,700,700.0,460.21721136006846,0.1584130155558727,0.16160330583330226,0.01683084492251818,0.657453159085812
144,0,155,155.0,460.21721136006846,0.13757670900528043,0.31016448688880016,0.1266975291538048,2.9691432990972157
145,3,315,315.0,454.39774511203086,0.15612958470101326,0.40221005027499684,0.09058655351793446,1.4425325241651774
145,0,93,93.0,454.39774511203086,0.13757670900528043,0.12853072500361062,0.08639827920307343,4.885997259269149
145,5,525,525.0,454.39774511203086,0.15812758669901528,0.35697930111398896,0.04885708390697051,0.8655195144991064
145,6,440,440.0,454.39774511203086,0.09604681033252462,0.05580852270096782,0.005535628853538284,1.0327221479818882
145,2,700,700.0,454.39774511203086,0.156272299129442,0.39836425585219837,0.04041108329502249,0.6491396358743298
145,4,700,700.0,454.39774511203086,0.1584130155558727,0.2649689554282539,0.027247331936865286,0.6491396358743298
145,1,341,341.0,454.39774511203086,0.1374339945768517,0.15131668779280547,0.027711675482803625,1.3325447070734042
146,3,665,665.0,502.15241900956187,0.15612958470101326,0.21377423562024997,0.02520313005904078,0.7551164195632509
146,0,372,372.0,502.15241900956187,0.13757670900528043,0.12337439761859363,0.022911977856450553,1.3498720941117255
146,6,88,88.0,502.15241900956187,0.09604681033252462,0.15639999853311806,0.08571810835664756,5.706277488745021
146,4,700,700.0,502.15241900956187,0.1584130155558727,0.40814912243430107,0.04638176247287114,0.7173605985850884
146,5,210,210.0,502.15241900956187,0.15812758669901528,0.3198220558309275,0.12092951690406696,2.391201995283628
146,1,620,620.0,502.15241900956187,0.1374339945768517,0.1463425072999376,0.016289529137898592,0.8099232564670352
146,2,700,700.0,502.15241900956187,0.156272299129442,0.27843722875558236,0.031213812945894554,0.7173605985850884
147,0,620,620.0,559.4037391180248,0.13757670900528043,0.3340526275281153,0.041466127996652447,0.9022640953516529
147,6,154,154.0,559.4037391180248,0.09604681033252462,0.04043297261073677,0.014106629576170775,3.632491812454706
147,4,455,455.0,559.4037391180248,0.1584130155558727,0.26069268956166625,0.05077310020739039,1.229458767292362
147,3,665,665.0,559.4037391180248,0.15612958470101326,0.3615255568697544,0.047481882379668744,0.8412086302526688
147,1,620,620.0,559.4037391180248,0.1374339945768517,0.301394788706358,0.03737348388895938,0.9022640953516529
147,2,560,560.0,559.4037391180248,0.156272299129442,0.30528741822265354,0.047657169608220216,0.9989352484250442
147,5,700,700.0,559.4037391180248,0.15812758669901528,0.2819672005553154,0.03563145527525704,0.7991481987400354
148,2,700,700.0,442.88825460254026,0.156272299129442,0.22180014551093935,0.02193006663763638,0.6326975065750575
148,6,88,88.0,442.88825460254026,0.09604681033252462,0.09109851684726933,0.04403578512725285,5.032821075028867
148,4,350,350.0,442.88825460254026,0.1584130155558727,0.22720516681751618,0.04554442078045322,1.265395013150115
148,0,496,496.0,442.88825460254026,0.13757670900528043,0.16307220128644612,0.020032600794446943,0.8929198681502828
148,5,700,700.0,442.88825460254026,0.15812758669901528,0.3966991926427503,0.03968853628804202,0.6326975065750575
148,1,620,620.0,442.88825460254026,0.1374339945768517,0.29858942571127634,0.02931372886583197,0.7143358945202262
148,3,35,35.0,442.88825460254026,0.15612958470101326,0.22605943274063395,0.44661566987141854,12.65395013150115
149,6,66,66.0,489.6594833737691,0.09604681033252462,0.3873198757487994,0.2759961125988229,7.419083081420744
149,2,700,700.0,489.6594833737691,0.156272299129442,0.33409492686666387,0.03652145007433871,0.699513547676813
149,5,595,595.0,489.6594833737691,0.15812758669901528,0.5540659170326853,0.07210182921608428,0.8229571149138977
149,0,124,124.0,489.6594833737691,0.13757670900528043,0.4206246089862447,0.22851361414645296,3.9488668014013637
149,1,310,310.0,489.6594833737691,0.1374339945768517,0.4298022237979767,0.09330293470035735,1.5795467205605453
149,4,700,700.0,489.6594833737691,0.1584130155558727,0.4815335059009517,0.05335971517799505,0.699513547676813
149,3,700,700.0,489.6594833737691,0.15612958470101326,0.17715928447209794,0.019348408680740614,0.699513547676813
150,3,700,700.0,446.3373769088055,0.15612958470101326,0.4525984757558656,0.04505712826137241,0.6376248241554364
150,5,385,385.0,446.3373769088055,0.15812758669901528,0.3763315985934233,0.06898915974155988,1.1593178621007934
150,2,350,350.0,446.3373769088055,0.156272299129442,0.4535932492646716,0.09039487249936486,1.2752496483108728
150,4,175,175.0,446.3373769088055,0.1584130155558727,0.3897921781742388,0.1574886243257999,2.5504992966217457
150,0,620,620.0,446.3373769088055,0.13757670900528043,0.2778514914416359,0.027518782519160526,0.7198989950142024
150,6,242,242.0,446.3373769088055,0.09604681033252462,0.004682719618047549,0.0008295240700402998,1.844369326069444
150,1,620,620.0,446.3373769088055,0.1374339945768517,0.33246862627478113,0.03289397862446062,0.7198989950142024
