round,cid,tau,a_i,a_eff,p_i,raw_update_norm,contribution_norm,amp_vs_fedavg
1,3,700,700.0,438.72827172827175,0.15612958470101326,1.3809622200514406,0.1351339847762391,0.626754673897531
1,4,700,700.0,438.72827172827175,0.1584130155558727,1.2885854222020294,0.12793861838879594,0.626754673897531
1,6,308,308.0,438.72827172827175,0.09604681033252462,0.7195136859808655,0.09843893595477132,1.424442440676207
1,5,210,210.0,438.72827172827175,0.15812758669901528,0.8033074964154372,0.2653785331689605,2.0891822463251035
1,1,620,620.0,438.72827172827175,0.1374339945768517,1.3868690912691939,0.13487565622935455,0.7076262447230189
1,0,155,155.0,438.72827172827175,0.13757670900528043,0.8213489547099299,0.3198427776093257,2.8305049788920758
1,2,315,315.0,438.72827172827175,0.156272299129442,0.937122023995193,0.20396855251531806,1.3927881642167357
2,5,700,700.0,466.51519908662766,0.15812758669901528,1.2750819466633494,0.1343734591704121,0.6664502844094681
2,0,620,620.0,466.51519908662766,0.13757670900528043,1.0945803786150325,0.11330959396572449,0.7524438694945608
2,4,665,665.0,466.51519908662766,0.1584130155558727,1.1978763387460336,0.13312113143632004,0.7015266151678612
2,2,140,140.0,466.51519908662766,0.156272299129442,0.5361905641743778,0.2792151188960308,3.3322514220473405
2,6,88,88.0,466.51519908662766,0.09604681033252462,0.06678337654006805,0.03400434746442799,5.30130908052986
2,3,700,700.0,466.51519908662766,0.15612958470101326,1.1823003606024185,0.12302143374760995,0.6664502844094681
2,1,186,186.0,466.51519908662766,0.1374339945768517,0.5738523644268225,0.1978095242588022,2.508146231648536
3,3,700,700.0,502.7992007992008,0.15612958470101326,1.0138161356449766,0.11369488906583892,0.7182845725702868
3,6,154,154.0,502.7992007992008,0.09604681033252462,0.15561177605974127,0.04879769004393321,3.2649298753194858
3,0,465,465.0,502.7992007992008,0.13757670900528043,0.8381831915437591,0.12468823853062162,1.081288603869249
3,5,700,700.0,502.7992007992008,0.15812758669901528,1.2397448060107084,0.14081096638139737,0.7182845725702868
3,1,124,124.0,502.7992007992008,0.1374339945768517,0.4780749178193406,0.2664176678131141,4.054832264509684
3,4,490,490.0,502.7992007992008,0.1584130155558727,1.010209198156109,0.16421040737539758,1.0261208179575525
3,2,700,700.0,502.7992007992008,0.156272299129442,0.9352728962157337,0.1049824948311556,0.7182845725702868
4,4,70,70.0,415.31811046096755,0.1584130155558727,0.38988781016258406,0.36644883719428045,5.933115863728108
4,5,420,420.0,415.31811046096755,0.15812758669901528,0.8690734805308182,0.13589257239721567,0.9888526439546846
4,2,210,210.0,415.31811046096755,0.156272299129442,0.561227627234619,0.17345332046275072,1.9777052879093693
4,6,440,440.0,415.31811046096755,0.09604681033252462,0.1973186936350667,0.01788872431802706,0.9439047965021989
4,3,700,700.0,415.31811046096755,0.15612958470101326,1.0637441504379597,0.09853833480147156,0.5933115863728108
4,1,620,620.0,415.31811046096755,0.1374339945768517,0.9311725967964652,0.08572619274923288,0.6698679200983347
4,0,496,496.0,415.31811046096755,0.13757670900528043,0.7756494030154498,0.08935308920362303,0.8373349001229184
5,6,440,440.0,481.0323961752533,0.09604681033252462,0.23227942884018496,0.02439019910272994,1.0932554458528485
5,5,140,140.0,481.0323961752533,0.15812758669901528,0.3446308177277487,0.1872440575307721,3.4359456869660954
5,1,620,620.0,481.0323961752533,0.1374339945768517,1.0446373198614403,0.11138900973728634,0.7758587035084731
5,2,630,630.0,481.0323961752533,0.156272299129442,0.9417662460283123,0.11237220398434888,0.7635434859924656
5,4,350,350.0,481.0323961752533,0.1584130155558727,0.5568205269370549,0.12123063494319133,1.3743782747864381
5,0,496,496.0,481.0323961752533,0.13757670900528043,0.9474341626596322,0.126411506283201,0.9698233793855914
5,3,700,700.0,481.0323961752533,0.15612958470101326,1.0709918570921135,0.11490731035403717,0.6871891373932191
6,4,490,490.0,431.23861852433276,0.1584130155558727,0.6762874659476873,0.09428525192593665,0.8800788133149648
6,1,93,93.0,431.23861852433276,0.1374339945768517,0.3351001515472046,0.21355192540631743,4.636974392734761
6,6,440,440.0,431.23861852433276,0.09604681033252462,0.17662233436163244,0.016626220532632813,0.9800877693734835
6,3,700,700.0,431.23861852433276,0.15612958470101326,1.0740865274557674,0.10331040872628014,0.6160551693204753
6,0,620,620.0,431.23861852433276,0.13757670900528043,0.9498500090210781,0.09089205114943445,0.6955461589102141
6,5,35,35.0,431.23861852433276,0.15812758669901528,0.16809812575557823,0.32750664481771513,12.321103386409508
6,2,630,630.0,431.23861852433276,0.156272299129442,0.9555041666008772,0.10220959879012843,0.6845057436894171
7,2,105,105.0,477.1975167689453,0.156272299129442,0.47334756757499863,0.3361793455223332,4.544738254942336
7,5,700,700.0,477.1975167689453,0.15812758669901528,0.9120518894512053,0.09831670730617915,0.6817107382413504
7,6,110,110.0,477.1975167689453,0.09604681033252462,0.1363640383833639,0.05681830724064774,4.338159243354048
7,0,434,434.0,477.1975167689453,0.13757670900528043,0.7567554835619332,0.11447454829731941,1.0995334487763717
7,4,700,700.0,477.1975167689453,0.1584130155558727,0.8944305950873345,0.09659121804248999,0.6817107382413504
7,3,700,700.0,477.1975167689453,0.15612958470101326,1.1218502686770178,0.11940437392500892,0.6817107382413504
7,1,434,434.0,477.1975167689453,0.1374339945768517,0.7553865780522226,0.1141489389724721,1.0995334487763717
8,1,620,620.0,503.59954331382903,0.1374339945768517,0.964602944639895,0.10768033328676675,0.8122573279255307
8,6,22,22.0,503.59954331382903,0.09604681033252462,0.08216701099211758,0.18065212825528654,22.890888332446774
8,3,630,630.0,503.59954331382903,0.15612958470101326,0.9636315604158577,0.12026548250854609,0.7993643544663953
8,2,700,700.0,503.59954331382903,0.156272299129442,1.0138682843599311,0.11398581978379176,0.7194279190197558
8,0,589,589.0,503.59954331382903,0.13757670900528043,0.892590938652766,0.10499471110141799,0.8550077136058218
8,5,105,105.0,503.59954331382903,0.15812758669901528,0.44696203279903024,0.3389801792229583,4.796186126798371
8,4,700,700.0,503.59954331382903,0.1584130155558727,0.9858522050170475,0.11235436796792661,0.7194279190197558
9,6,44,44.0,466.88054802340514,0.09604681033252462,0.07567507727876016,0.07712388943602172,10.61092154598648
9,2,140,140.0,466.88054802340514,0.156272299129442,0.5337573490758565,0.2781657234547301,3.334861057310037
9,4,700,700.0,466.88054802340514,0.1584130155558727,0.9390150633524567,0.09921358902160136,0.6669722114620074
9,1,620,620.0,466.88054802340514,0.1374339945768517,0.984954371217935,0.10193524522887794,0.7530331419732341
9,0,620,620.0,466.88054802340514,0.13757670900528043,0.9458845276491491,0.0979934681716462,0.7530331419732341
9,5,455,455.0,466.88054802340514,0.15812758669901528,0.6567708151360094,0.10656531476401097,1.0261110945569343
9,3,560,560.0,466.88054802340514,0.15612958470101326,1.0181831213703885,0.13253447157454418,0.8337152643275092
10,4,700,700.0,466.3368060510917,0.1584130155558727,1.0053767112639975,0.10610145415686224,0.6661954372158453
10,5,700,700.0,466.3368060510917,0.15812758669901528,1.0025059496807702,0.10560786321116684,0.6661954372158453
10,0,248,248.0,466.3368060510917,0.13757670900528043,0.5337232621541782,0.1380730954173566,1.8803903469802083
10,6,440,440.0,466.3368060510917,0.09604681033252462,0.13293144927748696,0.013531866475702679,1.0598563773888448
10,2,630,630.0,466.3368060510917,0.156272299129442,0.9895187823229146,0.11446301684285251,0.7402171524620503
10,1,310,310.0,466.3368060510917,0.1374339945768517,0.6262135435443246,0.1294656707908257,1.5043122775841666
10,3,175,175.0,466.3368060510917,0.15612958470101326,0.46088929434091375,0.1917535752116414,2.664781748863381
11,1,341,341.0,444.27329813044093,0.1374339945768517,0.6977888241175682,0.12494359910076142,1.3028542467168356
11,0,620,620.0,444.27329813044093,0.13757670900528043,0.9096205562456392,0.08967341416324655,0.7165698356942596
11,4,700,700.0,444.27329813044093,0.1584130155558727,1.0202076008126604,0.10257265287891115,0.6346761401863442
11,5,210,210.0,444.27329813044093,0.15812758669901528,0.5096427172132642,0.1704921480802885,2.1155871339544805
11,6,440,440.0,444.27329813044093,0.09604681033252462,0.17078690851552547,0.01656284964459123,1.0097120412055476
11,3,315,315.0,444.27329813044093,0.15612958470101326,0.5954256794364902,0.13111501335486284,1.4103914226363203
11,2,490,490.0,444.27329813044093,0.156272299129442,0.8435080323486686,0.11951580914901791,0.906680200266206
12,5,385,385.0,534.4671043242472,0.15812758669901528,0.6430440779556014,0.14115902063722793,1.3882262449980447
12,1,465,465.0,534.4671043242472,0.1374339945768517,0.7887977274312078,0.1246028131924694,1.149391622202682
12,4,700,700.0,534.4671043242472,0.1584130155558727,1.065271904018904,0.12884698908101017,0.7635244347489246
12,6,440,440.0,534.4671043242472,0.09604681033252462,0.1655668586041113,0.019316331907347706,1.2146979643732891
12,2,700,700.0,534.4671043242472,0.156272299129442,1.139993811018803,0.13602146104496465,0.7635244347489246
12,0,434,434.0,534.4671043242472,0.13757670900528043,0.7264082410735241,0.12307134012594977,1.231491023788588
12,3,560,560.0,534.4671043242472,0.15612958470101326,0.9046431214146973,0.13480172291152767,0.9544055434361557
13,0,620,620.0,427.8214642500356,0.13757670900528043,0.8924481796253093,0.08472250823910969,0.690034619758122
13,6,330,330.0,427.8214642500356,0.09604681033252462,0.13980978031292246,0.017408811784690004,1.2964286795455624
13,2,665,665.0,427.8214642500356,0.156272299129442,1.1202343779402026,0.11262422679395744,0.6433405477444144
13,1,620,620.0,427.8214642500356,0.1374339945768517,0.9514438518574214,0.09022943003649864,0.690034619758122
13,3,35,35.0,427.8214642500356,0.15612958470101326,0.2377873284741071,0.45380412328242764,12.223470407143875
13,4,35,35.0,427.8214642500356,0.1584130155558727,0.25624892215992706,0.4961893449039053,12.223470407143875
13,5,700,700.0,427.8214642500356,0.15812758669901528,1.0238031416646893,0.09894381022267888,0.6111735203571937
14,2,525,525.0,512.2621664050235,0.156272299129442,1.0098962415156103,0.15398972238449166,0.9757374598190924
14,6,440,440.0,512.2621664050235,0.09604681033252462,0.34542876409253626,0.038626116926247483,1.1642321963750535
14,4,385,385.0,512.2621664050235,0.1584130155558727,0.7252247234155647,0.15286040809711574,1.3305510815714898
14,1,620,620.0,512.2621664050235,0.1374339945768517,1.1275318392045683,0.1280334877665732,0.8262293006532638
14,5,595,595.0,512.2621664050235,0.15812758669901528,0.9756407180308503,0.13282287490646,0.8609448174874346
14,3,700,700.0,512.2621664050235,0.15612958470101326,1.1333784157923725,0.12949541266850717,0.7318030948643194
14,0,279,279.0,512.2621664050235,0.13757670900528043,0.7992578500215595,0.20189236963170362,1.8360651125628085
15,1,620,620.0,457.41273012701583,0.1374339945768517,0.9454618571916227,0.095863822035984,0.7377624679467998
15,5,700,700.0,457.41273012701583,0.15812758669901528,1.069521656916978,0.11051148967166789,0.6534467573243083
15,3,315,315.0,457.41273012701583,0.15612958470101326,0.659579644929857,0.1495375091933869,1.4521039051651297
15,4,455,455.0,457.41273012701583,0.1584130155558727,0.7885037331136805,0.1255716108881851,1.005302703575859
15,0,434,434.0,457.41273012701583,0.13757670900528043,0.7246266959282899,0.1050697657169719,1.0539463827811424
15,2,245,245.0,457.41273012701583,0.156272299129442,0.5951518088087216,0.1736408576900743,1.8669907352123096
15,6,440,440.0,457.41273012701583,0.09604681033252462,0.11952569115987209,0.011934377776884652,1.0395743866523086
16,6,220,220.0,424.01969459112314,0.09604681033252462,0.11318946639025307,0.020953294029753673,1.9273622481414687
16,3,140,140.0,424.01969459112314,0.15612958470101326,0.3966624023467704,0.18757037018547934,3.028712104222308
16,5,700,700.0,424.01969459112314,0.15812758669901528,1.1484990923316054,0.1100085114233606,0.6057424208444616
16,1,62,62.0,424.01969459112314,0.1374339945768517,0.3543829360987813,0.3330897825506131,6.839027332114889
16,4,700,700.0,424.01969459112314,0.1584130155558727,1.0871163789700935,0.10431695203683183,0.6057424208444616
16,0,620,620.0,424.01969459112314,0.13757670900528043,0.8602671308082958,0.0809417491848058,0.683902733211489
16,2,420,420.0,424.01969459112314,0.156272299129442,0.8248625310724494,0.1301368578914201,1.009570701407436
17,1,434,434.0,507.88468674182957,0.1374339945768517,0.7691214897599951,0.12369852034013296,1.1702412136908515
17,4,455,455.0,507.88468674182957,0.1584130155558727,0.8786599943930111,0.15536938137699288,1.1162300807512737
17,2,700,700.0,507.88468674182957,0.156272299129442,1.1345673000914085,0.128640980812029,0.725549552488328
17,5,700,700.0,507.88468674182957,0.15812758669901528,1.114079672550664,0.1278176921227157,0.725549552488328
17,6,440,440.0,507.88468674182957,0.09604681033252462,0.1659641330045433,0.01839965290068266,1.1542833789587035
17,0,589,589.0,507.88468674182957,0.13757670900528043,0.9077899395266682,0.10769117255230493,0.8622829995616801
17,3,210,210.0,507.88468674182957,0.15612958470101326,0.5532815666082378,0.20891865905503867,2.4184985082944266
18,1,620,620.0,476.02854288568574,0.1374339945768517,0.9197821195318723,0.09705556380811385,0.7677879723962673
18,0,434,434.0,476.02854288568574,0.13757670900528043,0.6909824058723905,0.10426899082001102,1.0968399605660961
18,4,315,315.0,476.02854288568574,0.1584130155558727,0.6846678695184721,0.16390539510337865,1.5112017234466213
18,3,175,175.0,476.02854288568574,0.15612958470101326,0.475519254788943,0.2019520457832509,2.7201631022039185
18,6,352,352.0,476.02854288568574,0.09604681033252462,0.14635242776424826,0.01900961005966259,1.3523538150161527
18,5,700,700.0,476.02854288568574,0.15812758669901528,1.0773424457412646,0.11585008789898012,0.6800407755509796
18,2,700,700.0,476.02854288568574,0.156272299129442,1.0049818561946635,0.10680096500455316,0.6800407755509796
19,5,700,700.0,484.1669758812616,0.15812758669901528,1.0405922511025516,0.11381129215737545,0.6916671084018022
19,4,175,175.0,484.1669758812616,0.1584130155558727,0.485042830163203,0.212582771906328,2.766668433607209
19,0,620,620.0,484.1669758812616,0.13757670900528043,0.8204922816826914,0.0881501165086068,0.7809144772278412
19,1,465,465.0,484.1669758812616,0.1374339945768517,0.7564018655244324,0.10824029612230426,1.041219302970455
19,6,396,396.0,484.1669758812616,0.09604681033252462,0.11004174703575363,0.012922317315171608,1.2226438784880342
19,2,315,315.0,484.1669758812616,0.156272299129442,0.7030289505906963,0.1688650687435464,1.5370380186706716
19,3,700,700.0,484.1669758812616,0.15612958470101326,0.9532515322587082,0.10294134545472855,0.6916671084018022
20,3,700,700.0,488.7418295989725,0.15612958470101326,0.9492329797327694,0.10347596696648745,0.6982026137128179
20,2,700,700.0,488.7418295989725,0.156272299129442,0.8844566142437666,0.09650282034533227,0.6982026137128179
20,1,372,372.0,488.7418295989725,0.1374339945768517,0.6753399805790196,0.1219419683597018,1.313822122577883
20,4,700,700.0,488.7418295989725,0.1584130155558727,0.9446081481183919,0.10447779998933371,0.6982026137128179
20,5,105,105.0,488.7418295989725,0.15812758669901528,0.39015971089776025,0.28717079791160555,4.654684091418786
20,0,465,465.0,488.7418295989725,0.13757670900528043,0.7124148610136851,0.10301594340269084,1.0510576980623065
20,6,286,286.0,488.7418295989725,0.09604681033252462,0.11616111114680971,0.019065894323141968,1.7088875160803234
21,5,385,385.0,501.1280148423005,0.15812758669901528,0.7035228991321373,0.1448017576088892,1.3016312073825986
21,6,176,176.0,501.1280148423005,0.09604681033252462,0.13649856538403324,0.03732905948119516,2.8473182661494345
21,4,700,700.0,501.1280148423005,0.1584130155558727,0.8875971408423023,0.10066010936384133,0.7158971640604292
21,2,700,700.0,501.1280148423005,0.156272299129442,0.8959202553825076,0.10023098518733166,0.7158971640604292
21,0,310,310.0,501.1280148423005,0.13757670900528043,0.5859080530984058,0.1303050874039627,1.6165419833622596
21,1,372,372.0,501.1280148423005,0.1374339945768517,0.6826285519761033,0.12638174895564488,1.3471183194685497
21,3,700,700.0,501.1280148423005,0.15612958470101326,0.8639675712314084,0.0965680114012713,0.7158971640604292
22,2,700,700.0,507.57371200228346,0.156272299129442,0.9976277535192846,0.11304506435300601,0.725105302860405
22,1,589,589.0,507.57371200228346,0.1374339945768517,0.8235731120767786,0.09753941700375929,0.8617550288663556
22,0,527,527.0,507.57371200228346,0.13757670900528043,0.7144606423760873,0.09466985941098027,0.9631379734388681
22,5,35,35.0,507.57371200228346,0.15812758669901528,0.3403050192676976,0.7803816961884114,14.502106057208099
22,4,700,700.0,507.57371200228346,0.1584130155558727,0.8731369397190861,0.1002938504175985,0.725105302860405
22,6,198,198.0,507.57371200228346,0.09604681033252462,0.07875927647732045,0.019391821084260446,2.5635035959711288
22,3,700,700.0,507.57371200228346,0.15612958470101326,0.8441330881252556,0.09556463594982022,0.725105302860405
23,1,620,620.0,458.54830883402315,0.1374339945768517,1.1566150321148416,0.11756455615149458,0.739594046506489
23,3,560,560.0,458.54830883402315,0.15612958470101326,1.1178895416328125,0.14291610341296215,0.8188362657750413
23,2,700,700.0,458.54830883402315,0.156272299129442,1.2053151959262152,0.12338708086827195,0.655069012620033
23,5,315,315.0,458.54830883402315,0.15812758669901528,0.7152746902117284,0.1646474629676861,1.4557089169334068
23,4,210,210.0,458.54830883402315,0.1584130155558727,0.6290850891749816,0.21760358904144575,2.18356337540011
23,6,440,440.0,458.54830883402315,0.09604681033252462,0.416202146603939,0.04166003995305138,1.0421552473500526
23,0,372,372.0,458.54830883402315,0.13757670900528043,0.9422371306584612,0.15978915019075918,1.2326567441774816
24,4,700,700.0,479.895818467247,0.1584130155558727,0.7734180835629363,0.08399513052131001,0.68556545495321
24,5,175,175.0,479.895818467247,0.15812758669901528,0.46589652950567406,0.20202542792210101,2.74226181981284
24,2,700,700.0,479.895818467247,0.156272299129442,0.8331375210221569,0.08925809654399433,0.68556545495321
24,1,372,372.0,479.895818467247,0.1374339945768517,0.7163554011789635,0.1270067302069704,1.2900425227614167
24,0,620,620.0,479.895818467247,0.13757670900528043,0.7364981213042081,0.07842812566439306,0.77402551365685
24,6,198,198.0,479.895818467247,0.09604681033252462,0.10813785393594331,0.025173434314189416,2.423716254885086
24,3,490,490.0,479.895818467247,0.15612958470101326,0.7739453135845489,0.11834403292463591,0.9793792213617286
25,2,385,385.0,514.5979734551163,0.156272299129442,0.7950669837139733,0.16607071783333902,1.336618112870432
25,4,700,700.0,514.5979734551163,0.1584130155558727,0.697441031561745,0.08122101021533425,0.7351399620787376
25,5,700,700.0,514.5979734551163,0.15812758669901528,0.5630806475826201,0.06545582120587463,0.7351399620787376
25,1,279,279.0,514.5979734551163,0.1374339945768517,0.629718453811576,0.15962630410660172,1.8444371808427107
25,3,700,700.0,514.5979734551163,0.15612958470101326,0.6996775920898092,0.0803069628395564,0.7351399620787376
25,0,558,558.0,514.5979734551163,0.13757670900528043,0.6965221789322077,0.08837180773201044,0.9222185904213553
25,6,88,88.0,514.5979734551163,0.09604681033252462,0.09550694924300322,0.053641797072384055,5.847704243808139
26,6,242,242.0,448.5571571285857,0.09604681033252462,0.07381997572520159,0.013141933625555203,1.853541971605726
26,3,315,315.0,448.5571571285857,0.15612958470101326,0.6300579843934919,0.14007897681749015,1.423990975011383
26,5,700,700.0,448.5571571285857,0.15812758669901528,0.5980989073776047,0.06060387622522639,0.6407959387551224
26,4,700,700.0,448.5571571285857,0.1584130155558727,0.7853808879021692,0.07972434144589673,0.6407959387551224
26,2,280,280.0,448.5571571285857,0.156272299129442,0.5334125302461139,0.13353803284350294,1.601989846887806
26,1,620,620.0,448.5571571285857,0.1374339945768517,0.5873487803380528,0.05840046996385598,0.7234792856912672
26,0,186,186.0,448.5571571285857,0.13757670900528043,0.466974811364832,0.154932745947105,2.411597618970891
27,5,700,700.0,427.45112030826317,0.15812758669901528,0.5970462246536242,0.0576506248823103,0.610644457583233
27,4,210,210.0,427.45112030826317,0.1584130155558727,0.5980875301274713,0.19285139019000222,2.0354815252774436
27,0,62,62.0,427.45112030826317,0.13757670900528043,0.3337413099556984,0.31655534637642774,6.894372908197793
27,6,154,154.0,427.45112030826317,0.09604681033252462,0.10958194977562159,0.029213776950029708,2.7756566253783324
27,3,420,420.0,427.45112030826317,0.15612958470101326,0.5395084454477851,0.08572759126184468,1.0177407626387218
27,1,620,620.0,427.45112030826317,0.1374339945768517,0.7589741903652315,0.07191441423605846,0.6894372908197793
27,2,700,700.0,427.45112030826317,0.156272299129442,0.564391785280626,0.05385810954301368,0.610644457583233
28,1,124,124.0,366.9212216355073,0.1374339945768517,0.5714665571885038,0.2324000062354787,2.959042109963769
28,3,35,35.0,366.9212216355073,0.15612958470101326,0.40891080108301436,0.6692965297422043,10.483463475300209
28,5,700,700.0,366.9212216355073,0.15812758669901528,0.6346688976300316,0.0526053179220247,0.5241731737650105
28,4,700,700.0,366.9212216355073,0.1584130155558727,0.6636983466448653,0.05511075843436653,0.5241731737650105
28,0,620,620.0,366.9212216355073,0.13757670900528043,0.44073563720186226,0.03588427911196551,0.5918084219927537
28,2,105,105.0,366.9212216355073,0.156272299129442,0.53513617893329,0.29223339716683105,3.49448782510007
28,6,220,220.0,366.9212216355073,0.09604681033252462,0.10844146684884375,0.0173711463901031,1.6678237347068514
29,0,310,310.0,473.30769230769226,0.13757670900528043,0.9232207565817949,0.19392435044214432,1.5267990074441686
29,4,700,700.0,473.30769230769226,0.1584130155558727,1.0743129732733507,0.11507134896895144,0.6761538461538461
29,1,620,620.0,473.30769230769226,0.1374339945768517,1.030649669457115,0.10813271595068087,0.7633995037220843
29,2,385,385.0,473.30769230769226,0.156272299129442,0.7155938148976574,0.13747743261894343,1.2293706293706292
29,3,700,700.0,473.30769230769226,0.15612958470101326,0.7043944400730743,0.0743612440120001,0.6761538461538461
29,6,44,44.0,473.30769230769226,0.09604681033252462,0.44361242565618536,0.4583292089172236,10.756993006993007
29,5,385,385.0,473.30769230769226,0.15812758669901528,1.0170484385417204,0.19771158309139708,1.2293706293706292
30,3,700,700.0,576.0392464678179,0.15612958470101326,0.7884766501667629,0.10130434544821856,0.8229132092397398
30,5,700,700.0,576.0392464678179,0.15812758669901528,0.7203044653268426,0.09372982012052863,0.8229132092397398
30,4,455,455.0,576.0392464678179,0.1584130155558727,0.7374621830880198,0.14790106216277718,1.266020321907292
30,2,700,700.0,576.0392464678179,0.156272299129442,0.8119399630053489,0.10441429315399832,0.8229132092397398
30,6,220,220.0,576.0392464678179,0.09604681033252462,0.0006200331225318406,0.00015592912070996914,2.618360211217354
30,0,589,589.0,576.0392464678179,0.13757670900528043,0.602801551722917,0.08110657399007319,0.9779953250726958
30,1,527,527.0,576.0392464678179,0.1374339945768517,0.6284035094961283,0.09440048592682199,1.09305359861066
31,6,352,352.0,409.75567289853007,0.09604681033252462,0.09544861060661244,0.010671730990376644,1.1640786161890058
31,3,700,700.0,409.75567289853007,0.15612958470101326,0.6174597185528387,0.05643139288770633,0.5853652469979
31,1,620,620.0,409.75567289853007,0.1374339945768517,0.4973860511359886,0.045177381627323744,0.6608962466105324
31,2,700,700.0,409.75567289853007,0.156272299129442,0.6664558792255142,0.060964966581970904,0.5853652469979
31,5,70,70.0,409.75567289853007,0.15812758669901528,0.51382109362048,0.4756051043369643,5.853652469979001
31,4,35,35.0,409.75567289853007,0.1584130155558727,0.41840641470526213,0.7759721348973634,11.707304939958002
31,0,403,403.0,409.75567289853007,0.13757670900528043,0.550436047376223,0.0769966291889473,1.0167634563238959
32,4,525,525.0,500.6828885400314,0.1584130155558727,0.8816255663266407,0.13319210504506962,0.9536816924572027
32,0,310,310.0,500.6828885400314,0.13757670900528043,0.9409996932303849,0.20909105480652304,1.6151060920646174
32,2,665,665.0,500.6828885400314,0.156272299129442,1.2116801623297049,0.14256440410497567,0.7529065993083179
32,3,210,210.0,500.6828885400314,0.15612958470101326,0.9471112388176394,0.3525572492521206,2.3842042311430065
32,1,620,620.0,500.6828885400314,0.1374339945768517,1.0986080621036127,0.12192928048100034,0.8075530460323087
32,5,700,700.0,500.6828885400314,0.15812758669901528,0.9062925527628324,0.10250398823279007,0.715261269342902
32,6,440,440.0,500.6828885400314,0.09604681033252462,0.4159309810281351,0.04545841507023128,1.1379156557727987
33,5,385,385.0,394.1535607249893,0.15812758669901528,0.6476963881868444,0.10485371998732106,1.0237754824025695
33,0,341,341.0,394.1535607249893,0.13757670900528043,0.4609610153608773,0.0733027367436669,1.1558755446480624
33,3,175,175.0,394.1535607249893,0.15612958470101326,0.49533249381474803,0.17418446891947204,2.252306061285653
33,2,700,700.0,394.1535607249893,0.156272299129442,0.6683269306072799,0.05880826646269079,0.5630765153214132
33,1,620,620.0,394.1535607249893,0.1374339945768517,0.6297562146181136,0.05502250978706649,0.6357315495564343
33,4,140,140.0,394.1535607249893,0.1584130155558727,0.534838736841004,0.2385344632091239,2.815382576607066
33,6,440,440.0,394.1535607249893,0.09604681033252462,0.12464050891641858,0.010723953893245495,0.8958035471022484
34,2,490,490.0,525.188097616669,0.156272299129442,0.6030929878174361,0.10101481566794211,1.071812444115651
34,3,700,700.0,525.188097616669,0.15612958470101326,0.5190734125457046,0.060803814307274044,0.7502687108809557
34,0,496,496.0,525.188097616669,0.13757670900528043,0.46801425234335636,0.06817689117082512,1.0588469710013488
34,4,700,700.0,525.188097616669,0.1584130155558727,0.4824479275013754,0.05734005978926027,0.7502687108809557
34,6,440,440.0,525.188097616669,0.09604681033252462,0.11590342133797608,0.013287442597375042,1.1936093127651568
34,1,93,93.0,525.188097616669,0.1374339945768517,0.4626891914729653,0.3591000375599124,5.6471838453405265
34,5,665,665.0,525.188097616669,0.15812758669901528,0.5277645677569675,0.06590845065082715,0.789756537769427
35,1,155,155.0,475.07706579135146,0.1374339945768517,0.3439298486831752,0.1448759862869841,3.0650133276861387
35,6,88,88.0,475.07706579135146,0.09604681033252462,0.15376769763215567,0.07973141135630574,5.3986030203562665
35,4,700,700.0,475.07706579135146,0.1584130155558727,0.5908463424763237,0.06352306404943958,0.6786815225590735
35,3,350,350.0,475.07706579135146,0.15612958470101326,0.5443736341629706,0.11536612576023021,1.357363045118147
35,5,700,700.0,475.07706579135146,0.15812758669901528,0.6502962494599055,0.0697886693245722,0.6786815225590735
35,2,700,700.0,475.07706579135146,0.156272299129442,0.5763753063835558,0.06112985888390457,0.6786815225590735
35,0,434,434.0,475.07706579135146,0.13757670900528043,0.4249110077524134,0.06399075502942947,1.0946476170307637
36,3,700,700.0,562.467389753104,0.15612958470101326,0.5197229562013163,0.0652013237250173,0.8035248425044343
36,0,620,620.0,562.467389753104,0.13757670900528043,0.4894026074012438,0.06108250709357474,0.9072054673437162
36,6,418,418.0,562.467389753104,0.09604681033252462,0.05359802099773851,0.006927120905231036,1.345615764959579
36,4,385,385.0,562.467389753104,0.1584130155558727,0.5202952274764974,0.12041409400791057,1.4609542590989715
36,5,560,560.0,562.467389753104,0.15812758669901528,0.4814514614219892,0.07646619387070039,1.004406053130543
36,2,595,595.0,562.467389753104,0.156272299129442,0.6087409199307622,0.08992798877351899,0.9453233441228639
36,1,620,620.0,562.467389753104,0.1374339945768517,0.5463680897329538,0.0681216494669511,0.9072054673437162
37,0,403,403.0,508.1742543171114,0.13757670900528043,0.4774304262490469,0.08282522448020016,1.2609782985536262
37,6,440,440.0,508.1742543171114,0.09604681033252462,0.11311184385143258,0.012547321057561447,1.154941487084344
37,2,700,700.0,508.1742543171114,0.156272299129442,0.5297105227920602,0.060094568424747044,0.7259632204530162
37,4,350,350.0,508.1742543171114,0.1584130155558727,0.42706053725059395,0.0982256513987237,1.4519264409060324
37,3,455,455.0,508.1742543171114,0.15612958470101326,0.5474317314116854,0.09545890179466571,1.1168664930046404
37,5,700,700.0,508.1742543171114,0.15812758669901528,0.42103306131972285,0.04833241115470915,0.7259632204530162
37,1,465,465.0,508.1742543171114,0.1374339945768517,0.5336046010401367,0.080144447805682,1.092847858746476
38,6,176,176.0,437.2447552447552,0.09604681033252462,0.1003023713433727,0.023933493088990183,2.4843452002542907
38,3,700,700.0,437.2447552447552,0.15612958470101326,0.5050672788587265,0.04925621164285304,0.6246353646353646
38,0,186,186.0,437.2447552447552,0.13757670900528043,0.3737791179504654,0.12088477760478619,2.35077825400406
38,4,700,700.0,437.2447552447552,0.1584130155558727,0.4349542849984585,0.04303888818821126,0.6246353646353646
38,1,434,434.0,437.2447552447552,0.1374339945768517,0.3635430074048754,0.050336712064045414,1.0074763945731686
38,5,35,35.0,437.2447552447552,0.15812758669901528,0.3651064903497677,0.7212465697423858,12.49270729270729
38,2,700,700.0,437.2447552447552,0.156272299129442,0.47415680808545313,0.046283965496005906,0.6246353646353646
39,6,44,44.0,489.4238618524332,0.09604681033252462,0.2407082907256538,0.2571618010744727,11.123269587555301
39,1,620,620.0,489.4238618524332,0.1374339945768517,0.7455613857145033,0.08088556557189337,0.7893933255684407
39,2,385,385.0,489.4238618524332,0.156272299129442,0.7860308296631349,0.1561514394276373,1.27123081000632
39,5,700,700.0,489.4238618524332,0.15812758669901528,0.49669974604813333,0.054914708219196376,0.699176945503476
39,3,700,700.0,489.4238618524332,0.15612958470101326,0.7857207729762181,0.08577101298338057,0.699176945503476
39,4,245,245.0,489.4238618524332,0.1584130155558727,0.5725078005630592,0.18117210273595716,1.9976484157242171
39,0,589,589.0,489.4238618524332,0.13757670900528043,0.6932501979121234,0.07925100228047453,0.8309403427036217
40,0,589,589.0,501.8423005565863,0.13757670900528043,0.5621267278499161,0.06589176222211944,0.8520242793829987
40,5,35,35.0,501.8423005565863,0.15812758669901528,0.390067710090241,0.8843961936880055,14.338351444473894
40,3,700,700.0,501.8423005565863,0.15612958470101326,0.5538772673302299,0.061996614001696204,0.7169175722236947
40,1,620,620.0,501.8423005565863,0.1374339945768517,0.5584787978398148,0.0621264353585053,0.8094230654138488
40,4,700,700.0,501.8423005565863,0.1584130155558727,0.5352057063111191,0.060782816744085505,0.7169175722236947
40,6,176,176.0,501.8423005565863,0.09604681033252462,0.001544238190974422,0.0004229137771354302,2.8513767077078764
40,2,595,595.0,501.8423005565863,0.156272299129442,0.5215110297626423,0.06873782710954879,0.843432437910229
41,3,420,420.0,357.50834879406307,0.15612958470101326,0.8693323153687882,0.11553349892256444,0.8512103542715788
41,5,105,105.0,357.50834879406307,0.15812758669901528,0.5148441227431363,0.2771917443192387,3.404841417086315
41,0,62,62.0,357.50834879406307,0.13757670900528043,0.6528228923268383,0.5178867387365309,5.766263690226824
41,4,700,700.0,357.50834879406307,0.1584130155558727,0.7304854049417302,0.05910041801915581,0.5107262125629473
41,1,31,31.0,357.50834879406307,0.1374339945768517,0.6016044167390754,0.9535197217268672,11.532527380453647
41,2,700,700.0,357.50834879406307,0.156272299129442,0.883442928568053,0.07050966457981628,0.5107262125629473
41,6,440,440.0,357.50834879406307,0.09604681033252462,0.551084965925894,0.04300659129559318,0.8125189745319615
42,5,245,245.0,512.9494790923363,0.15812758669901528,1.178170190320104,0.3900535023173633,2.0936713432340257
42,6,352,352.0,512.9494790923363,0.09604681033252462,0.023475972845541464,0.003285779947516833,1.457242838330501
42,2,700,700.0,512.9494790923363,0.156272299129442,1.2107634726233079,0.1386493586784315,0.732784970131909
42,0,403,403.0,512.9494790923363,0.13757670900528043,0.7965856348398282,0.13949123961170376,1.2728274915442588
42,1,403,403.0,512.9494790923363,0.1374339945768517,0.8435056004772009,0.1475542377921006,1.2728274915442588
42,4,700,700.0,512.9494790923363,0.1584130155558727,1.6109895799472922,0.18700798285417264,0.732784970131909
42,3,700,700.0,512.9494790923363,0.15612958470101326,1.2334112015537477,0.14111385163366233,0.732784970131909
43,0,465,465.0,451.78535749964317,0.13757670900528043,0.4198570013800356,0.0561210146628757,0.9715814139777272
43,1,310,310.0,451.78535749964317,0.1374339945768517,0.5506171753386351,0.11028447526749471,1.4573721209665909
43,4,700,700.0,451.78535749964317,0.1584130155558727,0.9161338965957403,0.0936664206793335,0.6454076535709188
43,2,700,700.0,451.78535749964317,0.156272299129442,0.6868286419731823,0.06927308207966712,0.6454076535709188
43,6,440,440.0,451.78535749964317,0.09604681033252462,0.08939731043718888,0.008816310446263258,1.0267849034082799
43,5,350,350.0,451.78535749964317,0.15812758669901528,0.7866770033719593,0.16057140391661592,1.2908153071418376
43,3,175,175.0,451.78535749964317,0.15612958470101326,0.6209048469345977,0.25026744338167595,2.581630614283675
44,6,176,176.0,491.3552162123591,0.09604681033252462,0.11046257158512705,0.029619723443037937,2.791791001206586
44,0,465,465.0,491.3552162123591,0.13757670900528043,0.42088691498715913,0.06118612625296287,1.0566778843276539
44,3,700,700.0,491.3552162123591,0.15612958470101326,0.395803815143032,0.043377319510898384,0.701936023160513
44,2,700,700.0,491.3552162123591,0.156272299129442,0.5492961584401898,0.06025402929744184,0.701936023160513
44,5,350,350.0,491.3552162123591,0.15812758669901528,0.549825736203392,0.12205630931860041,1.403872046321026
44,4,700,700.0,491.3552162123591,0.1584130155558727,0.6676383866052926,0.07423858594881583,0.701936023160513
44,1,186,186.0,491.3552162123591,0.1374339945768517,0.41294378862943715,0.14992281713477135,2.641694710819135
45,4,700,700.0,496.0184101612673,0.1584130155558727,0.5656235823813506,0.06349187102521868,0.7085977288018104
45,6,198,198.0,496.0184101612673,0.09604681033252462,0.08097845446490806,0.01948431024544949,2.505143485662966
45,3,630,630.0,496.0184101612673,0.15612958470101326,0.5274417283510777,0.06483610798703732,0.7873308097797893
45,1,620,620.0,496.0184101612673,0.1374339945768517,0.35342142372524304,0.03885913671644967,0.8000296938084956
45,5,700,700.0,496.0184101612673,0.15812758669901528,0.48057484682810014,0.053847858347322676,0.7085977288018104
45,2,105,105.0,496.0184101612673,0.156272299129442,0.5326302543632165,0.39320255405882865,4.723984858678736
45,0,403,403.0,496.0184101612673,0.13757670900528043,0.3868021873308568,0.06549778112370055,1.2308149135515318
46,2,700,700.0,387.8467247038676,0.156272299129442,0.40527979160853533,0.03509126619128217,0.5540667495769537
46,3,175,175.0,387.8467247038676,0.15612958470101326,0.364636632422249,0.1261733345916671,2.2162669983078147
46,5,70,70.0,387.8467247038676,0.15812758669901528,0.41373503422888364,0.3624866601487775,5.540667495769537
46,0,93,93.0,387.8467247038676,0.13757670900528043,0.41545482970670716,0.23836687789236888,4.170394889288899
46,6,440,440.0,387.8467247038676,0.09604681033252462,0.19288978225769604,0.016330505240457757,0.8814698288724264
46,4,630,630.0,387.8467247038676,0.1584130155558727,0.5973382081414208,0.05825466846093163,0.6156297217521708
46,1,620,620.0,387.8467247038676,0.1374339945768517,0.4471381331084477,0.03844185334962499,0.6255592333933349
47,4,350,350.0,429.9210789210789,0.1584130155558727,0.4632100912033656,0.09013419161115754,1.2283459397745111
47,0,341,341.0,429.9210789210789,0.13757670900528043,0.46395184927335426,0.08047336958859203,1.2607656273345422
47,1,620,620.0,429.9210789210789,0.1374339945768517,0.4700179996953524,0.04479254194108268,0.6934210950339982
47,6,176,176.0,429.9210789210789,0.09604681033252462,0.10372333868569533,0.024335232813173083,2.4427334029606755
47,2,35,35.0,429.9210789210789,0.156272299129442,0.5171464148583684,0.9926958689331281,12.283459397745112
47,3,700,700.0,429.9210789210789,0.15612958470101326,0.5703342132583187,0.05468967321224193,0.6141729698872556
47,5,700,700.0,429.9210789210789,0.15812758669901528,0.33419266776636203,0.03245601975602762,0.6141729698872556
48,5,630,630.0,535.8341658341658,0.15812758669901528,1.0159137575569612,0.1366326012605775,0.8505304219589933
48,3,525,525.0,535.8341658341658,0.15612958470101326,0.642924880230556,0.10245107868464971,1.020636506350792
48,1,62,62.0,535.8341658341658,0.1374339945768517,0.5872284357237597,0.6974931700252917,8.642486545712352
48,6,418,418.0,535.8341658341658,0.09604681033252462,0.3620070978895957,0.044571182099125306,1.2818999182635544
48,2,700,700.0,535.8341658341658,0.156272299129442,0.5573585681936007,0.06667285387818399,0.7654773797630939
48,4,700,700.0,535.8341658341658,0.1584130155558727,1.0487809665592145,0.12717683715029818,0.7654773797630939
48,0,620,620.0,535.8341658341658,0.13757670900528043,0.8188830414265456,0.09736559132284082,0.8642486545712351
49,5,700,700.0,499.82446125303267,0.15812758669901528,0.6516499919747232,0.07357690302147944,0.7140349446471895
49,4,490,490.0,499.82446125303267,0.1584130155558727,0.6981741538840383,0.11281739180986018,1.0200499209245564
49,1,620,620.0,499.82446125303267,0.1374339945768517,0.4407079719950592,0.04882822006552669,0.8061684858919882
49,3,560,560.0,499.82446125303267,0.15612958470101326,0.7033941293800672,0.09801971227546337,0.8925436808089869
49,6,330,330.0,499.82446125303267,0.09604681033252462,0.09737151156182913,0.014165060223819078,1.5146195795546444
49,2,140,140.0,499.82446125303267,0.156272299129442,0.5989015437557607,0.3341387973141239,3.5701747232359478
49,0,620,620.0,499.82446125303267,0.13757670900528043,0.4354482335368461,0.048295566713659116,0.8061684858919882
50,5,315,315.0,465.3946053946053,0.15812758669901528,0.436441711692653,0.10196348819233862,1.4774431917289057
50,3,560,560.0,465.3946053946053,0.15612958470101326,0.4314779664549765,0.05598570424999742,0.8310617953475095
50,4,245,245.0,465.3946053946053,0.1584130155558727,0.4670992875639049,0.14055792159074415,1.8995698179371645
50,2,490,490.0,465.3946053946053,0.156272299129442,0.2459779242695902,0.036509290973267806,0.9497849089685823
50,1,620,620.0,465.3946053946053,0.1374339945768517,0.4655975557315092,0.04803242537776306,0.7506364603138795
50,0,620,620.0,465.3946053946053,0.13757670900528043,0.4200126438064476,0.04337474515220837,0.7506364603138795
50,6,440,440.0,465.3946053946053,0.09604681033252462,0.14062979388685673,0.014286602301012622,1.0577150122604666
51,3,700,700.0,516.482374768089,0.15612958470101326,0.46214400448937454,0.053237786869929284,0.7378319639544129
51,0,620,620.0,516.482374768089,0.13757670900528043,0.36539197550132,0.041876245570078,0.8330360883356275
51,2,665,665.0,516.482374768089,0.156272299129442,0.44902183199838813,0.05449834569598043,0.7766652252151715
51,5,700,700.0,516.482374768089,0.15812758669901528,0.3288065553421208,0.03836238290709174,0.7378319639544129
51,1,527,527.0,516.482374768089,0.1374339945768517,0.47217412590073404,0.06359767587707366,0.980042456865444
51,6,132,132.0,516.482374768089,0.09604681033252462,0.13990493292659248,0.05257721146364012,3.912745263394614
51,4,140,140.0,516.482374768089,0.1584130155558727,0.3313072157274885,0.1936195586943443,3.6891598197720645
52,1,186,186.0,499.10675039246473,0.1374339945768517,0.4250169824983259,0.15674040071409814,2.6833696257659394
52,6,440,440.0,499.10675039246473,0.09604681033252462,0.08276345588598086,0.00901700542183526,1.134333523619238
52,2,385,385.0,499.10675039246473,0.156272299129442,0.4152843889799251,0.084131827300854,1.2963811698505578
52,5,700,700.0,499.10675039246473,0.15812758669901528,0.32853345214700164,0.0370409949592264,0.7130096434178068
52,4,700,700.0,499.10675039246473,0.1584130155558727,0.30086552286083895,0.033982763134095595,0.7130096434178068
52,0,372,372.0,499.10675039246473,0.13757670900528043,0.41702952471093796,0.07697722011626142,1.3416848128829697
52,3,630,630.0,499.10675039246473,0.15612958470101326,0.4869855936976006,0.06023573480742385,0.7922329371308964
53,6,132,132.0,430.40216925931213,0.09604681033252462,0.13903458701934018,0.04354179394906751,3.2606224943887283
53,2,700,700.0,430.40216925931213,0.156272299129442,0.4054231277915002,0.03895533406755407,0.6148602417990173
53,3,70,70.0,430.40216925931213,0.15612958470101326,0.40572615935624173,0.38948848806034847,6.1486024179901735
53,4,560,560.0,430.40216925931213,0.1584130155558727,0.42670139922457284,0.05195189012925501,0.7685753022487717
53,0,93,93.0,430.40216925931213,0.13757670900528043,0.326991444642292,0.20819620521960486,4.627980314616259
53,5,700,700.0,430.40216925931213,0.15812758669901528,0.4158034271525684,0.04042705627257832,0.6148602417990173
53,1,620,620.0,430.40216925931213,0.1374339945768517,0.27917248843169795,0.026634806706573994,0.6941970471924389
54,5,700,700.0,582.8932496075354,0.15812758669901528,0.4593466820583281,0.06048382002959723,0.8327046422964791
54,4,525,525.0,582.8932496075354,0.1584130155558727,0.4466777690581028,0.07856243254172525,1.1102728563953055
54,0,527,527.0,582.8932496075354,0.13757670900528043,0.35301960668922916,0.053718286829029335,1.1060592971679988
54,2,700,700.0,582.8932496075354,0.156272299129442,0.38921542474455495,0.050648085155817694,0.8327046422964791
54,3,700,700.0,582.8932496075354,0.15612958470101326,0.29527422245663176,0.038388551459168245,0.8327046422964791
54,6,176,176.0,582.8932496075354,0.09604681033252462,0.1350307254328154,0.042952842113875525,3.311893463679178
54,1,589,589.0,582.8932496075354,0.1374339945768517,0.4358780627549012,0.05928337400069333,0.9896320027292621
55,2,105,105.0,419.29399172256313,0.156272299129442,0.3502003530992413,0.21853848169412493,3.9932761116434583
55,3,245,245.0,419.29399172256313,0.15612958470101326,0.3275713241826792,0.08752732094197292,1.7114040478471966
55,4,420,420.0,419.29399172256313,0.1584130155558727,0.35387981235826166,0.05596493432290062,0.9983190279108646
55,1,620,620.0,419.29399172256313,0.1374339945768517,0.42555173817446623,0.03955245891556647,0.6762806318105857
55,5,700,700.0,419.29399172256313,0.15812758669901528,0.4158831699498299,0.03939123414864625,0.5989914167465188
55,0,620,620.0,419.29399172256313,0.13757670900528043,0.3321925858630532,0.030907352222584356,0.6762806318105857
55,6,176,176.0,419.29399172256313,0.09604681033252462,0.08932685454267568,0.020439532565165806,2.3823522256963816
56,1,93,93.0,472.93064078778366,0.1374339945768517,0.37105134973834497,0.25932398653702854,5.085275707395523
56,4,665,665.0,472.93064078778366,0.1584130155558727,0.4057907671994757,0.04571606378341959,0.7111738959214792
56,2,700,700.0,472.93064078778366,0.156272299129442,0.1775371185790171,0.018744358470558924,0.6756152011254052
56,0,62,62.0,472.93064078778366,0.13757670900528043,0.31023489405882254,0.32556770902198773,7.627913561093285
56,3,700,700.0,472.93064078778366,0.15612958470101326,0.3910757231076523,0.04125204416083458,0.6756152011254052
56,5,700,700.0,472.93064078778366,0.15812758669901528,0.45866568409078484,0.04900081508694155,0.6756152011254052
56,6,176,176.0,472.93064078778366,0.09604681033252462,0.19652801569502343,0.050721513086023996,2.6871059135669526
57,4,385,385.0,446.4023119737405,0.1584130155558727,0.5010356626731303,0.09202910662636969,1.1594865246071182
57,3,700,700.0,446.4023119737405,0.15612958470101326,0.6028473304994385,0.06002344831897669,0.637717588533915
57,5,175,175.0,446.4023119737405,0.15812758669901528,0.4476389638786214,0.18056098333721832,2.55087035413566
57,2,665,665.0,446.4023119737405,0.156272299129442,0.6623026725023248,0.06947735860989929,0.6712816721409631
57,1,620,620.0,446.4023119737405,0.1374339945768517,0.2751662733546424,0.027228525106324626,0.7200037289899041
57,0,124,124.0,446.4023119737405,0.13757670900528043,0.18057977284133941,0.08943731830468193,3.60001864494952
57,6,440,440.0,446.4023119737405,0.09604681033252462,0.10721382611880298,0.010447382618162488,1.0145507090312285
58,0,279,279.0,439.1148851148851,0.13757670900528043,0.2973634883232976,0.06438823418670332,1.5738884771142836
58,2,700,700.0,439.1148851148851,0.156272299129442,0.4446539622531937,0.043589740879121916,0.6273069787355502
58,6,374,374.0,439.1148851148851,0.09604681033252462,0.14344177755517787,0.01617577740789872,1.1741039708954146
58,3,700,700.0,439.1148851148851,0.15612958470101326,0.4271243932342493,0.04183306625580862,0.6273069787355502
58,5,245,245.0,439.1148851148851,0.15812758669901528,0.3370535205157154,0.09552533849603409,1.7923056535301434
58,1,620,620.0,439.1148851148851,0.1374339945768517,0.39161141442763947,0.03811851568007935,0.7082498147014276
58,4,140,140.0,439.1148851148851,0.1584130155558727,0.35365667954710567,0.1757206696899808,3.1365348936777506
59,0,186,186.0,342.8895390323962,0.13757670900528043,0.37384008639852995,0.09481391428903684,1.8434921453354636
59,2,140,140.0,342.8895390323962,0.156272299129442,0.43204030591674125,0.16536076267246172,2.449210993088544
59,4,700,700.0,342.8895390323962,0.1584130155558727,0.3236436475300717,0.025113899046811973,0.4898421986177089
59,6,440,440.0,342.8895390323962,0.09604681033252462,0.11353418742150688,0.008497891112929768,0.7792944068918096
59,5,700,700.0,342.8895390323962,0.15812758669901528,0.29017916084106904,0.02247657113436415,0.4898421986177089
59,3,175,175.0,342.8895390323962,0.15612958470101326,0.4248029692120863,0.1299537856072431,1.9593687944708356
59,1,31,31.0,342.8895390323962,0.1374339945768517,0.3059853166993044,0.4651438658969561,11.06095287201278
60,0,31,31.0,401.2450406736121,0.13757670900528043,0.2526871404966159,0.44996220984305046,12.943388408826197
60,3,245,245.0,401.2450406736121,0.15612958470101326,0.43054623796917935,0.11009018374383667,1.6377348598922943
60,2,700,700.0,401.2450406736121,0.156272299129442,0.4367924059489935,0.0391262944048945,0.573207200962303
60,4,385,385.0,401.2450406736121,0.1584130155558727,0.6784929192161884,0.11201730738801073,1.0421949108405508
60,1,620,620.0,401.2450406736121,0.1374339945768517,0.3144730216878817,0.02797019869161373,0.6471694204413099
60,6,440,440.0,401.2450406736121,0.09604681033252462,0.157719777282121,0.013814211566761886,0.9119205469854821
60,5,385,385.0,401.2450406736121,0.15812758669901528,0.6656322215911311,0.10969603444096096,1.0421949108405508
61,2,700,700.0,435.40616526330814,0.156272299129442,0.49608082285139726,0.04822041843229031,0.6220088075190117
61,4,700,700.0,435.40616526330814,0.1584130155558727,0.4443716375714383,0.04378584420479516,0.6220088075190117
61,6,440,440.0,435.40616526330814,0.09604681033252462,0.16116074587438212,0.015317366828946929,0.9895594665075185
61,0,434,434.0,435.40616526330814,0.13757670900528043,0.4075149377488411,0.05624621387327619,1.003240012127438
61,1,465,465.0,435.40616526330814,0.1374339945768517,0.4726861501862255,0.06082871870271391,0.9363573446522756
61,5,35,35.0,435.40616526330814,0.15812758669901528,0.39336599670974437,0.7738040328283339,12.440176150380232
61,3,280,280.0,435.40616526330814,0.15612958470101326,0.43699746357125147,0.10609640384545341,1.555022018797529
62,6,440,440.0,448.9275010703582,0.09604681033252462,0.21559894610073682,0.02112774345122788,1.020289775159905
62,3,280,280.0,448.9275010703582,0.15612958470101326,0.6643050553893066,0.16629184104669517,1.6033125038227078
62,4,525,525.0,448.9275010703582,0.1584130155558727,0.6279703571740957,0.08506421772610899,0.8551000020387775
62,0,403,403.0,448.9275010703582,0.13757670900528043,0.601433691746091,0.0921730236514529,1.1139640225070921
62,5,700,700.0,448.9275010703582,0.15812758669901528,0.5294223772233769,0.05368934522985627,0.6413250015290831
62,2,700,700.0,448.9275010703582,0.156272299129442,0.7105954750433036,0.07121682536177869,0.6413250015290831
62,1,31,31.0,448.9275010703582,0.1374339945768517,0.4033269707619237,0.8027234518559135,14.481532292592199
63,4,700,700.0,402.08619951477095,0.1584130155558727,0.8293354146826531,0.07546441329367726,0.5744088564496728
63,3,70,70.0,402.08619951477095,0.15612958470101326,0.5253876082944124,0.47117925079050227,5.744088564496728
63,2,700,700.0,402.08619951477095,0.156272299129442,0.6718667758106891,0.060309578690743756,0.5744088564496728
63,1,310,310.0,402.08619951477095,0.1374339945768517,0.514424812665728,0.0917008901237052,1.297052256499261
63,5,490,490.0,402.08619951477095,0.15812758669901528,0.758366367204994,0.09840332981177465,0.8205840806423897
63,0,62,62.0,402.08619951477095,0.13757670900528043,0.4308191181185021,0.3843858231510449,6.485261282496306
63,6,440,440.0,402.08619951477095,0.09604681033252462,0.5251270399684197,0.04609075468970312,0.9138322716244794
64,0,93,93.0,384.51177394034534,0.13757670900528043,0.47156104283535555,0.2682313466412506,4.1345352036596275
64,6,440,440.0,384.51177394034534,0.09604681033252462,0.1537586037026031,0.012905633848019321,0.8738903953189666
64,5,175,175.0,384.51177394034534,0.15812758669901528,0.5032496083062303,0.174848810604963,2.1972101368019734
64,3,140,140.0,384.51177394034534,0.15612958470101326,0.3942917847936471,0.1690770025703832,2.7465126710024665
64,2,700,700.0,384.51177394034534,0.156272299129442,0.5032451532448191,0.043198951421669296,0.5493025342004934
64,1,434,434.0,384.51177394034534,0.1374339945768517,0.5379608153917966,0.06550353318226758,0.8859718293556345
64,4,700,700.0,384.51177394034534,0.1584130155558727,0.6235149437869414,0.05425619466173683,0.5493025342004934
65,5,700,700.0,480.9210789210789,0.15812758669901528,0.3946409500495806,0.042873166801481497,0.6870301127443984
65,1,403,403.0,480.9210789210789,0.1374339945768517,0.3318747823647659,0.05442985656693668,1.1933525531540419
65,3,175,175.0,480.9210789210789,0.15612958470101326,0.3581496786604444,0.1536687414504033,2.7481204509775936
65,0,620,620.0,480.9210789210789,0.13757670900528043,0.26566866552957585,0.028350934194048952,0.7756791595501272
65,6,440,440.0,480.9210789210789,0.09604681033252462,0.15876811278336367,0.016667381093575292,1.0930024520933612
65,4,630,630.0,480.9210789210789,0.1584130155558727,0.5046225720020823,0.061022612596120455,0.7633667919382204
65,2,385,385.0,480.9210789210789,0.156272299129442,0.527227716571031,0.10291846925172361,1.24914565953527
66,2,700,700.0,478.0515199086627,0.156272299129442,0.36255836843531447,0.0386933737893305,0.682930742726661
66,1,341,341.0,478.0515199086627,0.1374339945768517,0.48390663101285175,0.09323437573442057,1.401910615567926
66,5,490,490.0,478.0515199086627,0.15812758669901528,0.38242784356321036,0.058997793679448775,0.9756153467523729
66,3,420,420.0,478.0515199086627,0.15612958470101326,0.2823001594628674,0.05016741700817539,1.1382179045444352
66,4,700,700.0,478.0515199086627,0.1584130155558727,0.47684814416382915,0.051587872921423354,0.682930742726661
66,6,440,440.0,478.0515199086627,0.09604681033252462,0.12644362793817765,0.013194772958543205,1.0864807270651426
66,0,186,186.0,478.0515199086627,0.13757670900528043,0.26983968956665083,0.09541408811984825,2.570169461874531
67,0,93,93.0,491.6649065220494,0.13757670900528043,0.2144856160639834,0.15600170729273086,5.286719424968274
67,2,700,700.0,491.6649065220494,0.156272299129442,0.441004672517588,0.04840568423262776,0.7023784378886421
67,1,248,248.0,491.6649065220494,0.1374339945768517,0.17266504482511566,0.04704528733247974,1.9825197843631026
67,3,700,700.0,491.6649065220494,0.15612958470101326,0.3351853992734555,0.036757119291619636,0.7023784378886421
67,5,595,595.0,491.6649065220494,0.15812758669901528,0.35038806226126146,0.045783521011272685,0.8263275739866377
67,6,220,220.0,491.6649065220494,0.09604681033252462,0.11131445750950787,0.02389357039637916,2.2348404841911336
67,4,700,700.0,491.6649065220494,0.1584130155558727,0.377574227490274,0.042011131106280665,0.7023784378886421
68,5,140,140.0,528.0736406450692,0.15812758669901528,0.4649475948614606,0.27731802747604173,3.7719545760362085
68,3,630,630.0,528.0736406450692,0.15612958470101326,0.42465569561092087,0.05557456834478539,0.8382121280080463
68,1,620,620.0,528.0736406450692,0.1374339945768517,0.2343891789843607,0.027436867609887606,0.851731678459789
68,4,700,700.0,528.0736406450692,0.1584130155558727,0.42048779860126956,0.050250537247684024,0.7543909152072417
68,6,308,308.0,528.0736406450692,0.09604681033252462,0.10727284941182037,0.01766511774883043,1.7145248072891857
68,2,700,700.0,528.0736406450692,0.156272299129442,0.40074363510173705,0.04724382854637142,0.7543909152072417
68,0,527,527.0,528.0736406450692,0.13757670900528043,0.12130611450545066,0.01672289578264038,1.0020372687762225
69,2,700,700.0,403.16711859568994,0.156272299129442,0.45236019896277624,0.0407149075397254,0.5759530265652714
69,0,248,248.0,403.16711859568994,0.13757670900528043,0.3463402187050159,0.07746067323232912,1.6256738653052014
69,5,280,280.0,403.16711859568994,0.15812758669901528,0.11741826687372903,0.026734396334882993,1.4398825664131785
69,1,620,620.0,403.16711859568994,0.1374339945768517,0.3732938935245938,0.033360954707581526,0.6502695461220805
69,6,440,440.0,403.16711859568994,0.09604681033252462,0.20331161054027164,0.01789276902371586,0.9162889058992953
69,4,210,210.0,403.16711859568994,0.1584130155558727,0.31614639594232413,0.09614902986278458,1.9198434218842377
69,3,350,350.0,403.16711859568994,0.15612958470101326,0.3422528391681435,0.061553014150129155,1.1519060531305427
70,1,527,527.0,492.9791636934494,0.1374339945768517,0.3260751882507695,0.04192082991057779,0.9354443333841544
70,4,420,420.0,492.9791636934494,0.1584130155558727,0.3424501256723864,0.06367478167491201,1.1737599135558319
70,6,440,440.0,492.9791636934494,0.09604681033252462,0.138230272902899,0.01487517211229245,1.1204071902123849
70,3,700,700.0,492.9791636934494,0.15612958470101326,0.411334185096049,0.045228327943177514,0.7042559481334991
70,5,700,700.0,492.9791636934494,0.15812758669901528,0.28358183053761793,0.03158032304268351,0.7042559481334991
70,2,560,560.0,492.9791636934494,0.156272299129442,0.35538707054490926,0.04889046433236157,0.8803199351668739
70,0,31,31.0,492.9791636934494,0.13757670900528043,0.2398956866531177,0.5248488206753736,15.902553667530626
71,2,700,700.0,424.4521193092622,0.156272299129442,0.6060196973559488,0.057424789017115487,0.6063601704418031
71,1,186,186.0,424.4521193092622,0.1374339945768517,0.4024725830281167,0.1262252480387825,2.282000641447646
71,0,620,620.0,424.4521193092622,0.13757670900528043,0.29505600292332973,0.027789861868205753,0.6846001924342938
71,4,70,70.0,424.4521193092622,0.1584130155558727,0.5618922619929037,0.5397275401807643,6.063601704418031
71,6,66,66.0,424.4521193092622,0.09604681033252462,0.19561529652511733,0.12082881878237212,6.431092716807003
71,5,490,490.0,424.4521193092622,0.15812758669901528,0.52789368282613,0.07230806407284808,0.8662288149168615
71,3,700,700.0,424.4521193092622,0.15612958470101326,0.5054849414464635,0.047854644379172154,0.6063601704418031
72,4,700,700.0,467.0228343085486,0.1584130155558727,0.303563830459556,0.032083442465536,0.6671754775836409
72,3,700,700.0,467.0228343085486,0.15612958470101326,0.534934895970956,0.05572193756200402,0.6671754775836409
72,6,396,396.0,467.0228343085486,0.09604681033252462,0.14397546939949624,0.01630851356240202,1.179350591688254
72,0,620,620.0,467.0228343085486,0.13757670900528043,0.545167761514336,0.056496495348534764,0.7532626359815301
72,1,62,62.0,467.0228343085486,0.1374339945768517,0.4542960682519883,0.47030497572955454,7.532626359815301
72,2,665,665.0,467.0228343085486,0.156272299129442,0.5093525244276054,0.05590065987381727,0.7022899764038325
72,5,70,70.0,467.0228343085486,0.15812758669901528,0.24514856776796257,0.25862891531286697,6.671754775836409
73,6,374,374.0,444.1458541458541,0.09604681033252462,0.30025744373441754,0.03424764711982156,1.187555759748273
73,0,62,62.0,444.1458541458541,0.13757670900528043,0.27301507608964326,0.2690701180262292,7.163642808804099
73,3,525,525.0,444.1458541458541,0.15612958470101326,0.5433191281908807,0.07176397873172996,0.8459921031349602
73,1,620,620.0,444.1458541458541,0.1374339945768517,0.28248191864634625,0.027811137165953237,0.7163642808804098
73,2,70,70.0,444.1458541458541,0.156272299129442,0.4823038978609776,0.47822287499705574,6.344940773512202
73,5,700,700.0,444.1458541458541,0.15812758669901528,0.5159695061748776,0.0517677454123116,0.6344940773512202
73,4,700,700.0,444.1458541458541,0.1584130155558727,0.5711451608539656,0.05740701102830209,0.6344940773512202
74,5,700,700.0,539.5567289853004,0.15812758669901528,0.4831692366989149,0.05889060162138815,0.7707953271218577
74,2,700,700.0,539.5567289853004,0.156272299129442,0.37514242659421765,0.04518739006982381,0.7707953271218577
74,4,595,595.0,539.5567289853004,0.1584130155558727,0.4857882362987452,0.06978434435915752,0.906818031908068
74,0,558,558.0,539.5567289853004,0.13757670900528043,0.5244866129332878,0.06977217128624397,0.9669475429844093
74,3,175,175.0,539.5567289853004,0.15612958470101326,0.3768444576762706,0.1814038087908276,3.083181308487431
74,1,620,620.0,539.5567289853004,0.1374339945768517,0.5380668867156384,0.06435404637409711,0.8702527886859684
74,6,374,374.0,539.5567289853004,0.09604681033252462,0.05628622141190972,0.00779920888948483,1.4426650507628354
75,0,620,620.0,449.4505494505494,0.13757670900528043,0.31563171801733897,0.031478627022697346,0.7249202410492732
75,5,560,560.0,449.4505494505494,0.15812758669901528,0.34090205152823744,0.04326444594180052,0.802590266875981
75,2,210,210.0,449.4505494505494,0.156272299129442,0.21905218803468918,0.07326426856560925,2.1402407116692825
75,1,620,620.0,449.4505494505494,0.1374339945768517,0.3798426850804975,0.037843227022787376,0.7249202410492732
75,4,245,245.0,449.4505494505494,0.1584130155558727,0.3908214118291097,0.11357560054804228,1.834492038573671
75,3,490,490.0,449.4505494505494,0.15612958470101326,0.1782821829383394,0.025531655934821654,0.9172460192868355
75,6,440,440.0,449.4505494505494,0.09604681033252462,0.12701206849212363,0.012461122770812912,1.0214785214785214
76,3,105,105.0,477.26915941201656,0.15612958470101326,0.29994864391575843,0.21286594146044763,4.545420565828729
76,2,700,700.0,477.26915941201656,0.156272299129442,0.3156914700954348,0.03363645208052379,0.6818130848743094
76,1,527,527.0,477.26915941201656,0.1374339945768517,0.3086973479429428,0.03842198733392537,0.9056340785806766
76,6,110,110.0,477.26915941201656,0.09604681033252462,0.11219715136807659,0.04675579693295658,4.338810540109241
76,5,700,700.0,477.26915941201656,0.15812758669901528,0.33185752112730205,0.035778706813493676,0.6818130848743094
76,4,700,700.0,477.26915941201656,0.1584130155558727,0.306695698034074,0.03312560944679088,0.6818130848743094
76,0,341,341.0,477.26915941201656,0.13757670900528043,0.275724327694557,0.05309198897304143,1.3996163032610456
77,1,620,620.0,494.91365777080057,0.1374339945768517,0.34108523471690627,0.03741922931992384,0.7982478351141945
77,4,630,630.0,494.91365777080057,0.1584130155558727,0.4378297597654049,0.05448601284291949,0.7855772345568263
77,5,455,455.0,494.91365777080057,0.15812758669901528,0.43593539649130447,0.07498041137676689,1.0877223247709902
77,3,700,700.0,494.91365777080057,0.15612958470101326,0.174649424988881,0.019278967157169907,0.7070195111011437
77,2,280,280.0,494.91365777080057,0.156272299129442,0.2440530092864143,0.0674120565301647,1.7675487777528591
77,0,310,310.0,494.91365777080057,0.13757670900528043,0.3161567790480208,0.06944087104672926,1.596495670228389
77,6,440,440.0,494.91365777080057,0.09604681033252462,0.0967775822115905,0.010455251328969052,1.1248037676609104
78,4,700,700.0,604.6950192664477,0.1584130155558727,0.33469368334979366,0.045801186500180155,0.8638500275234967
78,5,700,700.0,604.6950192664477,0.15812758669901528,0.33232642856301997,0.04539529833919406,0.8638500275234967
78,0,434,434.0,604.6950192664477,0.13757670900528043,0.3129182644913606,0.059982213902066116,1.3933064960056398
78,2,630,630.0,604.6950192664477,0.156272299129442,0.21718963552371778,0.032577438993443876,0.9598333639149964
78,3,665,665.0,604.6950192664477,0.15612958470101326,0.26914700775808753,0.03821109704811002,0.909315818445786
78,1,620,620.0,604.6950192664477,0.1374339945768517,0.27343911812889354,0.03665215515161363,0.975314547203948
78,6,374,374.0,604.6950192664477,0.09604681033252462,0.12071029424803865,0.01874528486186161,1.616831602316705
79,2,420,420.0,443.9437705151991,0.156272299129442,0.31805182254945047,0.05253618905835943,1.0570089774171407
79,1,620,620.0,443.9437705151991,0.1374339945768517,0.2372776665767708,0.023350022812821208,0.7160383395406437
79,6,440,440.0,443.9437705151991,0.09604681033252462,0.09535332858122184,0.009240470703674416,1.0089631148072706
79,3,525,525.0,443.9437705151991,0.15612958470101326,0.3404803810673479,0.04495168333932579,0.8456071819337125
79,4,700,700.0,443.9437705151991,0.1584130155558727,0.3375025116288891,0.033907658199693276,0.6342053864502845
79,0,341,341.0,443.9437705151991,0.13757670900528043,0.18786634823747916,0.03364863857125157,1.3018878900738977
79,5,70,70.0,443.9437705151991,0.15812758669901528,0.323791553727904,0.3247155487186649,6.342053864502844
80,6,88,88.0,499.2704438418724,0.09604681033252462,0.24312226814489957,0.13248321858923534,5.673527770930368
80,0,186,186.0,499.2704438418724,0.13757670900528043,0.3623056963051787,0.13379595740043299,2.684249698074583
80,4,665,665.0,499.2704438418724,0.1584130155558727,0.26253017034757703,0.031223694819715632,0.7507826223186052
80,2,350,350.0,499.2704438418724,0.156272299129442,0.45904795738637205,0.10233115447195816,1.4264869824053497
80,3,700,700.0,499.2704438418724,0.15612958470101326,0.3949841268445877,0.043984804369159365,0.7132434912026748
80,5,700,700.0,499.2704438418724,0.15812758669901528,0.14397797971884224,0.016238336443179714,0.7132434912026748
80,1,620,620.0,499.2704438418724,0.1374339945768517,0.3900239759616464,0.04316479100959208,0.8052749094223749
81,1,620,620.0,541.8315969744541,0.1374339945768517,0.32921839720046814,0.039541296376868595,0.8739219306039582
81,0,620,620.0,541.8315969744541,0.13757670900528043,0.22425679336405652,0.026962686504165764,0.8739219306039582
81,4,525,525.0,541.8315969744541,0.1584130155558727,0.37397936088066547,0.06114254619367487,1.032060184713246
81,6,198,198.0,541.8315969744541,0.09604681033252462,0.06005747330396245,0.015785165541003832,2.7365232170426976
81,2,350,350.0,541.8315969744541,0.156272299129442,0.36496161778187214,0.08829283823762346,1.5480902770698688
81,3,700,700.0,541.8315969744541,0.15612958470101326,0.40936017534613794,0.04947172819727646,0.7740451385349344
81,5,665,665.0,541.8315969744541,0.15812758669901528,0.3830721788551153,0.049354975068220786,0.8147843563525625
82,4,665,665.0,411.6503496503497,0.1584130155558727,0.3423931675500135,0.03357552362250805,0.619023082180977
82,1,620,620.0,411.6503496503497,0.1374339945768517,0.3694206107283518,0.03370948291388795,0.6639521768554028
82,2,700,700.0,411.6503496503497,0.156272299129442,0.2752649062235723,0.025296666580007274,0.5880719280719282
82,0,186,186.0,411.6503496503497,0.13757670900528043,0.22291718316564424,0.0678740880341264,2.2131739228513427
82,5,70,70.0,411.6503496503497,0.15812758669901528,0.3175408897032661,0.2952825269593528,5.880719280719282
82,6,440,440.0,411.6503496503497,0.09604681033252462,0.11989062880255372,0.010773182001851407,0.9355689764780675
82,3,210,210.0,411.6503496503497,0.15612958470101326,0.2997671803219164,0.0917441711111872,1.9602397602397605
83,0,310,310.0,500.33252461823884,0.13757670900528043,0.3701698429447139,0.08219454445277086,1.6139758858652866
83,2,700,700.0,500.33252461823884,0.156272299129442,0.39700886198550694,0.044344820200872555,0.7147607494546269
83,5,700,700.0,500.33252461823884,0.15812758669901528,0.14509672243923566,0.01639932379307528,0.7147607494546269
83,1,620,620.0,500.33252461823884,0.1374339945768517,0.3907648692169234,0.043338784654553895,0.8069879429326433
83,6,330,330.0,500.33252461823884,0.09604681033252462,0.20565634543011638,0.02994814011924077,1.5161591655098146
83,4,210,210.0,500.33252461823884,0.1584130155558727,0.2958492269712792,0.11166080151613889,2.382535831515423
83,3,560,560.0,500.33252461823884,0.15612958470101326,0.3874306300574126,0.05404429624066235,0.8934509368182836
84,1,620,620.0,485.8244612530327,0.1374339945768517,0.2499179444097236,0.026914065064982836,0.783587840730698
84,5,700,700.0,485.8244612530327,0.15812758669901528,0.29455493387654974,0.032326246651812926,0.6940349446471896
84,2,210,210.0,485.8244612530327,0.156272299129442,0.4578376316364183,0.16552117895749452,2.313449815490632
84,6,198,198.0,485.8244612530327,0.09604681033252462,0.09863115015241967,0.023244019533486784,2.453658895217337
84,0,372,372.0,485.8244612530327,0.13757670900528043,0.1948358904549238,0.03500663085706521,1.3059797345511632
84,3,700,700.0,485.8244612530327,0.15612958470101326,0.39944854668861035,0.04328399992714863,0.6940349446471896
84,4,490,490.0,485.8244612530327,0.1584130155558727,0.2887913837069427,0.04535846935233194,0.991478492353128
85,3,175,175.0,428.001998001998,0.15612958470101326,0.3095428957653448,0.11819899755204112,2.44572570286856
85,6,440,440.0,428.001998001998,0.09604681033252462,0.13970509340162013,0.013052337850129346,0.9727318136409046
85,2,210,210.0,428.001998001998,0.156272299129442,0.20199556901899768,0.06433545047116913,2.0381047523904665
85,1,620,620.0,428.001998001998,0.1374339945768517,0.32872255849289916,0.031187300507287134,0.690325803229029
85,5,525,525.0,428.001998001998,0.15812758669901528,0.35424389885013363,0.045666372514170286,0.8152419009561866
85,4,455,455.0,428.001998001998,0.1584130155558727,0.33557840099234654,0.0500056712465727,0.9406637318725231
85,0,620,620.0,428.001998001998,0.13757670900528043,0.30431743376464243,0.028901864211755012,0.690325803229029
86,6,418,418.0,443.2801484230056,0.09604681033252462,0.13429938804795002,0.013679145886546978,1.0604788239784824
86,5,700,700.0,443.2801484230056,0.15812758669901528,0.3510554272259421,0.035153095738759674,0.633257354890008
86,2,70,70.0,443.2801484230056,0.156272299129442,0.1276710014721687,0.12634396710978182,6.33257354890008
86,4,280,280.0,443.2801484230056,0.1584130155558727,0.3628282840229661,0.09099389330520447,1.58314338722502
86,3,700,700.0,443.2801484230056,0.15612958470101326,0.16123768245268152,0.01594160317377575,0.633257354890008
86,0,310,310.0,443.2801484230056,0.13757670900528043,0.28985084614735795,0.0570211638873146,1.4299359626548567
86,1,620,620.0,443.2801484230056,0.1374339945768517,0.4857376277737724,0.047729019222259576,0.7149679813274283
87,6,440,440.0,334.5317539603253,0.09604681033252462,0.14513238597767986,0.010598196145438325,0.7602994408189212
87,0,31,31.0,334.5317539603253,0.13757670900528043,0.18836500391916816,0.27965384127657256,10.791346901945978
87,5,175,175.0,334.5317539603253,0.15812758669901528,0.34914292224974314,0.10553832186804901,1.9116100226304304
87,2,700,700.0,334.5317539603253,0.156272299129442,0.14753924297089227,0.011018661969314185,0.4779025056576076
87,1,620,620.0,334.5317539603253,0.1374339945768517,0.33073510158296815,0.024525626922508644,0.5395673450972989
87,3,350,350.0,334.5317539603253,0.15612958470101326,0.36466078720892847,0.054418124872530754,0.9558050113152152
87,4,70,70.0,334.5317539603253,0.1584130155558727,0.2928802719350517,0.22172787149299472,4.779025056576076
88,2,280,280.0,495.61524190095616,0.156272299129442,0.5562860021087801,0.153874535945625,1.7700544353605576
88,4,665,665.0,495.61524190095616,0.1584130155558727,0.29065611962302523,0.03431573783274177,0.7452860780465507
88,3,175,175.0,495.61524190095616,0.15612958470101326,0.5899552670551833,0.26086204383141254,2.8320870965768923
88,6,440,440.0,495.61524190095616,0.09604681033252462,0.0846556442051188,0.009158636935147265,1.1263982770476277
88,1,620,620.0,495.61524190095616,0.1374339945768517,0.3383917971915387,0.037176368222274395,0.799379422420897
88,0,589,589.0,495.61524190095616,0.13757670900528043,0.2695124917608805,0.0311998980506808,0.8414520236009443
88,5,700,700.0,495.61524190095616,0.15812758669901528,0.2795230070372466,0.03129477378266827,0.7080217741442231
89,0,186,186.0,417.04980733552156,0.13757670900528043,0.3384948491351924,0.1044171803601361,2.2422032652447395
89,5,700,700.0,417.04980733552156,0.15812758669901528,0.36574866120235217,0.03445722294561231,0.5957854390507451
89,2,595,595.0,417.04980733552156,0.156272299129442,0.1523746047637073,0.016690354187873534,0.700924045942053
89,3,140,140.0,417.04980733552156,0.15612958470101326,0.1021439668565191,0.047507022709544454,2.9789271952537253
89,1,93,93.0,417.04980733552156,0.1374339945768517,0.3189590202466897,0.19657760276276984,4.484406530489479
89,6,440,440.0,417.04980733552156,0.09604681033252462,0.1445123286909374,0.0131559766655694,0.9478404712170945
89,4,700,700.0,417.04980733552156,0.1584130155558727,0.3948147217098311,0.037262679773444315,0.5957854390507451
90,2,105,105.0,404.02868560011416,0.156272299129442,0.3322857873970767,0.1998097466731577,3.847892243810611
90,5,700,700.0,404.02868560011416,0.15812758669901528,0.3515814925564456,0.032088381254938736,0.5771838365715917
90,6,440,440.0,404.02868560011416,0.09604681033252462,0.13724632854260307,0.012104398314865261,0.9182470127275322
90,3,700,700.0,404.02868560011416,0.15612958470101326,0.3468687492774035,0.031258241306011854,0.5771838365715917
90,0,527,527.0,404.02868560011416,0.13757670900528043,0.09816737908825085,0.010354132017271993,0.7666578474385468
90,4,280,280.0,404.02868560011416,0.1584130155558727,0.35262826094541605,0.08060503036784944,1.4429595914289792
90,1,62,62.0,404.02868560011416,0.1374339945768517,0.04204956324076785,0.037659640508974745,6.516591703227648
91,1,620,620.0,422.05879834451264,0.1374339945768517,0.35061953187420447,0.032802847415690624,0.6807399973298591
91,5,700,700.0,422.05879834451264,0.15812758669901528,0.37214803567819177,0.03548119938042084,0.602941140492161
91,2,700,700.0,422.05879834451264,0.156272299129442,0.15926136932177487,0.015006083725197591,0.602941140492161
91,3,455,455.0,422.05879834451264,0.15612958470101326,0.21814402594223306,0.031592943435843,0.9276017546033245
91,6,374,374.0,422.05879834451264,0.09604681033252462,0.13161231873005036,0.014265297827433627,1.128499460814205
91,4,35,35.0,422.05879834451264,0.1584130155558727,0.2428607572172947,0.46393070800770053,12.058822809843218
91,0,31,31.0,422.05879834451264,0.13757670900528043,0.2580194549864098,0.4832909183015679,13.614799946597183
92,6,418,418.0,561.4157271300129,0.09604681033252462,0.13257632053049406,0.017102405566423107,1.3430998256698874
92,1,372,372.0,561.4157271300129,0.1374339945768517,0.46529074053521036,0.0965073108403628,1.509182062177454
92,4,455,455.0,561.4157271300129,0.1584130155558727,0.40210344417775196,0.07859625122724499,1.2338807189670613
92,2,700,700.0,561.4157271300129,0.156272299129442,0.886582332289481,0.1111188168756752,0.8020224673285898
92,0,620,620.0,561.4157271300129,0.13757670900528043,0.4353711587229024,0.05423722449960264,0.9055092373064724
92,5,595,595.0,561.4157271300129,0.15812758669901528,0.45107618675362726,0.06730156327179947,0.943555843915988
92,3,700,700.0,561.4157271300129,0.15612958470101326,0.8904579262223848,0.1115026381856782,0.8020224673285898
93,0,620,620.0,411.57242757242756,0.13757670900528043,0.2195398462378332,0.020049929737599524,0.6638264960845606
93,3,455,455.0,411.57242757242756,0.15612958470101326,0.5022298267324726,0.07092879497030266,0.9045547858734672
93,2,420,420.0,411.57242757242756,0.156272299129442,0.4877781212615785,0.07469668015839898,0.9799343513629227
93,4,70,70.0,411.57242757242756,0.1584130155558727,0.31169986805670413,0.290319169036707,5.879606108177536
93,5,700,700.0,411.57242757242756,0.15812758669901528,0.3410272115950324,0.031706252167754925,0.5879606108177536
93,1,186,186.0,411.57242757242756,0.1374339945768517,0.18746903056547262,0.05701078636901914,2.2127549869485352
93,6,440,440.0,411.57242757242756,0.09604681033252462,0.08715151602924415,0.00782981478444752,0.9353918808464262
94,3,700,700.0,474.8609961467104,0.15612958470101326,0.3868928975689725,0.04097740205415162,0.6783728516381577
94,0,620,620.0,474.8609961467104,0.13757670900528043,0.3727167969132057,0.03927341721922194,0.7659048324946942
94,4,245,245.0,474.8609961467104,0.1584130155558727,0.1064308752223387,0.03267825893407995,1.9382081475375936
94,2,280,280.0,474.8609961467104,0.156272299129442,0.368652057882541,0.09770282746040379,1.6959321290953944
94,5,525,525.0,474.8609961467104,0.15812758669901528,0.2994899299752798,0.042834831515216394,0.9044971355175436
94,6,440,440.0,474.8609961467104,0.09604681033252462,0.17288617436518844,0.01792078517550592,1.0792295366970692
94,1,527,527.0,474.8609961467104,0.1374339945768517,0.3515194051373584,0.043531071600547276,0.9010645088172873
95,6,440,440.0,445.4578278863993,0.09604681033252462,0.09097274980098469,0.008846025510565169,1.012404154287271
95,4,35,35.0,445.4578278863993,0.1584130155558727,0.340221815638429,0.6859485934603615,12.72736651103998
95,0,403,403.0,445.4578278863993,0.13757670900528043,0.23602032546553756,0.03589185216210174,1.1053544116287823
95,3,700,700.0,445.4578278863993,0.15612958470101326,0.3455877075832944,0.03433618545196398,0.636368325551999
95,2,455,455.0,445.4578278863993,0.156272299129442,0.30782532042731864,0.0470957307915184,0.9790281931569215
95,5,700,700.0,445.4578278863993,0.15812758669901528,0.2569009469452017,0.02585127115567104,0.636368325551999
95,1,372,372.0,445.4578278863993,0.1374339945768517,0.28027770188216966,0.046126061389786255,1.1974672792645142
96,5,210,210.0,388.8465819894392,0.15812758669901528,0.33005817978911123,0.09664004739210864,1.851650390425901
96,4,700,700.0,388.8465819894392,0.1584130155558727,0.30443814793606594,0.026789843607386343,0.5554951171277702
96,6,440,440.0,388.8465819894392,0.09604681033252462,0.1927599148845261,0.016361581572296474,0.88374223179418
96,3,105,105.0,388.8465819894392,0.15612958470101326,0.5575229228784527,0.3223568621019804,3.703300780851802
96,2,700,700.0,388.8465819894392,0.156272299129442,0.6707486407092136,0.0582266827791912,0.5554951171277702
96,1,434,434.0,388.8465819894392,0.1374339945768517,0.5299767614979669,0.06525887052688947,0.8959598663351134
96,0,124,124.0,388.8465819894392,0.13757670900528043,0.5435112929849496,0.23448231289685362,3.135859532172897
97,4,560,560.0,484.1541315827029,0.1584130155558727,0.47209243728388967,0.0646566977512123,0.8645609492548266
97,5,140,140.0,484.1541315827029,0.15812758669901528,0.429056248499565,0.23462672610534643,3.4582437970193065
97,0,620,620.0,484.1541315827029,0.13757670900528043,0.2628252401340306,0.028236049794188086,0.7808937606172628
97,6,176,176.0,484.1541315827029,0.09604681033252462,0.13000263423142883,0.03434836535128244,2.750875747628994
97,2,700,700.0,484.1541315827029,0.156272299129442,0.38954524789669054,0.04210420918312546,0.6916487594038613
97,3,490,490.0,484.1541315827029,0.15612958470101326,0.30697011757638093,0.0473553299943654,0.9880696562912304
97,1,620,620.0,484.1541315827029,0.1374339945768517,0.31826461353084384,0.03415658761910017,0.7808937606172628
98,1,558,558.0,485.0475239046668,0.1374339945768517,0.32808587155336577,0.03919510130395391,0.8692607955280767
98,3,700,700.0,485.0475239046668,0.15612958470101326,0.3592771328542716,0.0388687910361203,0.692925034149524
98,4,245,245.0,485.0475239046668,0.1584130155558727,0.15400658012910104,0.048300135139424535,1.9797858118557827
98,0,186,186.0,485.0475239046668,0.13757670900528043,0.2807702438284505,0.10073197366313863,2.60778238658423
98,6,440,440.0,485.0475239046668,0.09604681033252462,0.13899768171548493,0.014717095873251965,1.10238073614697
98,2,700,700.0,485.0475239046668,0.156272299129442,0.4157459692411735,0.04501904737800685,0.692925034149524
98,5,525,525.0,485.0475239046668,0.15812758669901528,0.14703775686870188,0.02148134648419433,0.9239000455326987
99,0,341,341.0,373.5481661195947,0.13757670900528043,0.14728675914051492,0.022197335808261633,1.0954491675061429
99,2,700,700.0,373.5481661195947,0.156272299129442,0.3527096656492382,0.02941358303118138,0.5336402373137068
99,6,440,440.0,373.5481661195947,0.09604681033252462,0.09544269957377154,0.007782508319935692,0.8489731048172607
99,1,186,186.0,373.5481661195947,0.1374339945768517,0.21381087885386402,0.05901435063374826,2.008323473761262
99,3,35,35.0,373.5481661195947,0.15612958470101326,0.3597366424724433,0.5994437628138067,10.672804746274135
99,5,700,700.0,373.5481661195947,0.15812758669901528,0.32257299800512523,0.02721975564103687,0.5336402373137068
99,4,210,210.0,373.5481661195947,0.1584130155558727,0.40770501371725887,0.11488523776424212,1.7788007910456891
100,4,280,280.0,496.81061795347506,0.1584130155558727,0.4899938135842989,0.1377254804101087,1.774323635548125
100,2,385,385.0,496.81061795347506,0.156272299129442,0.344354261618536,0.06944126174123878,1.2904171894895455
100,3,700,700.0,496.81061795347506,0.15612958470101326,0.25424409148221133,0.028172728013848437,0.70972945421925
100,6,418,418.0,496.81061795347506,0.09604681033252462,0.24535873301157302,0.028009093570716143,1.1885421482140552
100,5,700,700.0,496.81061795347506,0.15812758669901528,0.5371951660985497,0.060288234780238634,0.70972945421925
100,0,620,620.0,496.81061795347506,0.13757670900528043,0.5054418309876723,0.05572053502497285,0.8013074483120566
100,1,341,341.0,496.81061795347506,0.1374339945768517,0.5041704079263825,0.10095039232860917,1.4569226332946483
101,2,700,700.0,491.5852718709861,0.156272299129442,0.33878326998756764,0.03717960572916619,0.7022646741014087
101,0,124,124.0,491.5852718709861,0.13757670900528043,0.1998654505611263,0.10900836378488667,3.964397353798275
101,6,154,154.0,491.5852718709861,0.09604681033252462,0.09610892132404276,0.029466244735709985,3.192112155006403
101,1,620,620.0,491.5852718709861,0.1374339945768517,0.30076116322554025,0.03277352075098638,0.792879470759655
101,4,630,630.0,491.5852718709861,0.1584130155558727,0.3241623783007308,0.04006930268432572,0.7802940823348986
101,5,700,700.0,491.5852718709861,0.15812758669901528,0.31199558071490374,0.03464630370936342,0.7022646741014087
101,3,350,350.0,491.5852718709861,0.15612958470101326,0.2537848308049129,0.05565211614608822,1.4045293482028174
102,1,465,465.0,388.5079206507778,0.1374339945768517,0.15626843791684042,0.017943715093175768,0.8355009046253287
102,2,700,700.0,388.5079206507778,0.156272299129442,0.3726552170474027,0.03232146553991967,0.5550113152153968
102,3,455,455.0,388.5079206507778,0.15612958470101326,0.3354959791296545,0.04472609735343606,0.8538635618698414
102,4,35,35.0,388.5079206507778,0.1584130155558727,0.2508685487919647,0.4411323544011388,11.100226304307938
102,6,440,440.0,388.5079206507778,0.09604681033252462,0.14427826920820352,0.012235763423511863,0.882972546933586
102,5,70,70.0,388.5079206507778,0.15812758669901528,0.34369177955449365,0.30163284126156675,5.550113152153969
102,0,620,620.0,388.5079206507778,0.13757670900528043,0.14024230828211337,0.012090162985664807,0.6266256784689964
103,3,280,280.0,528.9509062366205,0.15612958470101326,0.6061840138941372,0.17879156167507437,1.8891103794165018
103,4,700,700.0,528.9509062366205,0.1584130155558727,0.32597612515158264,0.03902060330681138,0.7556441517666008
103,6,154,154.0,528.9509062366205,0.09604681033252462,0.31693145519930194,0.10455454975251464,3.43474614439364
103,1,434,434.0,528.9509062366205,0.1374339945768517,0.6883105200371696,0.11529333794318372,1.2187808899461303
103,0,620,620.0,528.9509062366205,0.13757670900528043,0.6928396793800125,0.0813207442185686,0.8531466229622912
103,5,700,700.0,528.9509062366205,0.15812758669901528,0.3626036439231462,0.043326851693632235,0.7556441517666008
103,2,665,665.0,528.9509062366205,0.156272299129442,0.6536059708023073,0.08124408143573152,0.7954148965964218
104,2,700,700.0,516.7439703153989,0.156272299129442,0.41585063803454975,0.04797298603090802,0.7382056718791412
104,0,93,93.0,516.7439703153989,0.13757670900528043,0.34467858449308864,0.2634824458878125,5.556386777584934
104,4,700,700.0,516.7439703153989,0.1584130155558727,0.3236849637239344,0.037852168473887934,0.7382056718791412
104,6,396,396.0,516.7439703153989,0.09604681033252462,0.031169266035550033,0.003906517321234752,1.304909015947977
104,5,700,700.0,516.7439703153989,0.15812758669901528,0.33757671268929795,0.03940555969084101,0.7382056718791412
104,1,465,465.0,516.7439703153989,0.1374339945768517,0.3896956026992702,0.05951715178646301,1.1112773555169868
104,3,455,455.0,516.7439703153989,0.15612958470101326,0.28935278291118194,0.05130703162284724,1.1357010336602174
105,4,245,245.0,452.37177108605675,0.1584130155558727,0.34437774136459653,0.10072919112952794,1.8464153921879867
105,2,525,525.0,452.37177108605675,0.156272299129442,0.3766033596165568,0.050711024491545874,0.8616605163543938
105,5,140,140.0,452.37177108605675,0.15812758669901528,0.35938979767673945,0.1836288217987086,3.231226936328977
105,6,308,308.0,452.37177108605675,0.09604681033252462,0.16833098428372714,0.023746072496222136,1.4687395165131714
105,1,620,620.0,452.37177108605675,0.1374339945768517,0.17862229294574727,0.017911569247285732,0.7296318888484786
105,0,620,620.0,452.37177108605675,0.13757670900528043,0.11891103108691072,0.01193633140132093,0.7296318888484786
105,3,700,700.0,452.37177108605675,0.15612958470101326,0.31041212293523024,0.03131996980769423,0.6462453872657954
106,6,330,330.0,540.2855715712859,0.09604681033252462,0.15842517889554583,0.024912458189719773,1.6372290047614724
106,1,279,279.0,540.2855715712859,0.1374339945768517,0.31797203994503276,0.08462569905650436,1.9365074249866878
106,5,700,700.0,540.2855715712859,0.15812758669901528,0.1327279864842477,0.016199271294744366,0.7718365308161227
106,2,700,700.0,540.2855715712859,0.156272299129442,0.4022009385053368,0.04851213756076893,0.7718365308161227
106,4,700,700.0,540.2855715712859,0.1584130155558727,0.13178153481306684,0.016112790202350964,0.7718365308161227
106,0,496,496.0,540.2855715712859,0.13757670900528043,0.43039377054779837,0.0644989413597857,1.0892854265550118
106,3,455,455.0,540.2855715712859,0.15612958470101326,0.35686384310759073,0.06616064427832209,1.1874408166401889
107,5,700,700.0,539.818895390324,0.15812758669901528,0.3256161987497653,0.03970669017047571,0.7711698505576057
107,2,525,525.0,539.818895390324,0.156272299129442,0.34345274009880666,0.0551871245116557,1.028226467410141
107,3,700,700.0,539.818895390324,0.15612958470101326,0.20856175976380065,0.025111342368108327,0.7711698505576057
107,6,110,110.0,539.818895390324,0.09604681033252462,0.09065038989190957,0.042727552858280476,4.907444503548399
107,1,620,620.0,539.818895390324,0.1374339945768517,0.1783998029370488,0.02134739728719068,0.8706756377263289
107,0,589,589.0,539.818895390324,0.13757670900528043,0.16460098766760975,0.020754397991661882,0.9165006712908726
107,4,385,385.0,539.818895390324,0.1584130155558727,0.3007224486204481,0.06679501672243666,1.4021270010138285
108,3,700,700.0,379.00456686170975,0.15612958470101326,0.25513555010715083,0.02156763793214274,0.5414350955167282
108,5,455,455.0,379.00456686170975,0.15812758669901528,0.3493970655118663,0.04602141233730215,0.8329770700257357
108,0,310,310.0,379.00456686170975,0.13757670900528043,0.20724771823377133,0.03485920058821663,1.2225953769732572
108,2,35,35.0,379.00456686170975,0.156272299129442,0.3476807923491484,0.5883545266199736,10.828701910334564
108,6,440,440.0,379.00456686170975,0.09604681033252462,0.05924143964740675,0.0049011762150146165,0.8613740155947949
108,1,620,620.0,379.00456686170975,0.1374339945768517,0.2376879200746419,0.01996889500589106,0.6112976884866286
108,4,140,140.0,379.00456686170975,0.1584130155558727,0.1987091851729977,0.08521679790648959,2.707175477583641
109,1,279,279.0,480.51120308263165,0.1374339945768517,0.4559163827269813,0.10791422155681599,1.7222623766402567
109,3,700,700.0,480.51120308263165,0.15612958470101326,0.33267248715163045,0.03565394311706478,0.686444575832331
109,2,315,315.0,480.51120308263165,0.156272299129442,0.320396145058498,0.07637693877640744,1.5254323907385132
109,4,420,420.0,480.51120308263165,0.1584130155558727,0.45030581528092684,0.08161174126957234,1.144074293053885
109,6,220,220.0,480.51120308263165,0.09604681033252462,0.23769755301362855,0.04986415851312145,2.1841418321937804
109,5,700,700.0,480.51120308263165,0.15812758669901528,0.4751413932797586,0.05157461413510771,0.686444575832331
109,0,620,620.0,480.51120308263165,0.13757670900528043,0.44421550259834897,0.04736422716927196,0.7750180694881156
110,1,620,620.0,522.8661338661339,0.1374339945768517,0.32065253979319563,0.037164447236075426,0.8433324739776352
110,0,93,93.0,522.8661338661339,0.13757670900528043,0.2650929555649867,0.20504570108067138,5.622216493184235
110,4,700,700.0,522.8661338661339,0.1584130155558727,0.3582915324357381,0.04239551148472507,0.7469516198087627
110,6,352,352.0,522.8661338661339,0.09604681033252462,0.05730938061003428,0.008176294227804878,1.4854151530287893
110,2,525,525.0,522.8661338661339,0.156272299129442,0.2858946208069734,0.04449581806126958,0.9959354930783502
110,5,700,700.0,522.8661338661339,0.15812758669901528,0.3386730104932509,0.0400019078037642,0.7469516198087627
110,3,560,560.0,522.8661338661339,0.15612958470101326,0.3118610804879629,0.04546203480680382,0.9336895247609533
111,6,440,440.0,476.2605965463108,0.09604681033252462,0.13101060078006366,0.01362013336377411,1.0824104466961608
111,4,665,665.0,476.2605965463108,0.1584130155558727,0.34151870429451137,0.03874613271611741,0.7161813481899411
111,3,70,70.0,476.2605965463108,0.15612958470101326,0.2899751575497584,0.3080297115557395,6.80372280780444
111,1,620,620.0,476.2605965463108,0.1374339945768517,0.14607491987497168,0.015421364010723042,0.7681622524940497
111,5,455,455.0,476.2605965463108,0.15812758669901528,0.3670447472472694,0.06075190646520111,1.0467265858160677
111,2,700,700.0,476.2605965463108,0.156272299129442,0.32101524341899196,0.03413141305789133,0.680372280780444
111,0,372,372.0,476.2605965463108,0.13757670900528043,0.08948481399368197,0.01576144271330276,1.2802704208234161
112,1,310,310.0,415.1722563151135,0.1374339945768517,0.4593625532034298,0.08455054067406056,1.339265342951979
112,0,186,186.0,415.1722563151135,0.13757670900528043,0.4091298071190344,0.1256381166621943,2.232108904919965
112,5,70,70.0,415.1722563151135,0.15812758669901528,0.43283240004629275,0.4059361140490606,5.93103223307305
112,3,700,700.0,415.1722563151135,0.15612958470101326,0.11672022416878286,0.010808404802418155,0.593103223307305
112,4,700,700.0,415.1722563151135,0.1584130155558727,0.3511455607302684,0.032991976016880586,0.593103223307305
112,2,700,700.0,415.1722563151135,0.156272299129442,0.1877472260733578,0.017401465109386276,0.593103223307305
112,6,66,66.0,415.1722563151135,0.09604681033252462,0.22714170681725107,0.13723478945924011,6.290488732047174
113,5,315,315.0,463.377479663194,0.15812758669901528,0.2391669488971013,0.05563308909799117,1.4710396179783936
113,6,264,264.0,463.377479663194,0.09604681033252462,0.08998374960819469,0.01516973622105817,1.7552177259969468
113,0,620,620.0,463.377479663194,0.13757670900528043,0.31475249493859464,0.03236363774031122,0.747383031714829
113,3,700,700.0,463.377479663194,0.15612958470101326,0.5525678850603587,0.057109417160546995,0.6619678280902771
113,4,700,700.0,463.377479663194,0.1584130155558727,0.31106960387749644,0.03262010243623448,0.6619678280902771
113,2,175,175.0,463.377479663194,0.156272299129442,0.4907949310048822,0.20308551316908585,2.6478713123611084
113,1,403,403.0,463.377479663194,0.1374339945768517,0.319808430656399,0.05053752332864484,1.1498200487920447
114,2,490,490.0,460.927786499215,0.156272299129442,0.21223275917224105,0.031198321683893603,0.9406689520392143
114,0,620,620.0,460.927786499215,0.13757670900528043,0.31144669902856664,0.0318544307863285,0.7434319137084113
114,4,700,700.0,460.927786499215,0.1584130155558727,0.2552829152241172,0.026628546522926913,0.65846826642745
114,3,70,70.0,460.927786499215,0.15612958470101326,0.24583449710543093,0.25273353983154323,6.5846826642745
114,6,440,440.0,460.927786499215,0.09604681033252462,0.10235282929322984,0.010298240081783372,1.0475631511345795
114,1,217,217.0,460.927786499215,0.1374339945768517,0.34154748417501457,0.0997053394322294,2.1240911820240322
114,5,665,665.0,460.927786499215,0.15812758669901528,0.3187823322241818,0.03493921402378538,0.6931244909762632
115,1,93,93.0,489.52404738119026,0.1374339945768517,0.2872242345729597,0.2077812395453965,5.263699434206347
115,0,620,620.0,489.52404738119026,0.13757670900528043,0.37332794000022484,0.04055251109226582,0.789554915130952
115,6,242,242.0,489.52404738119026,0.09604681033252462,0.14302847187449147,0.02778843638414081,2.022826642071034
115,4,315,315.0,489.52404738119026,0.1584130155558727,0.36568707019024377,0.09002516861310673,1.5540445948609214
115,3,700,700.0,489.52404738119026,0.15612958470101326,0.13122458988518262,0.014327698024026045,0.6993200676874146
115,2,700,700.0,489.52404738119026,0.156272299129442,0.17068465888256654,0.018653162821070487,0.6993200676874146
115,5,630,630.0,489.52404738119026,0.15812758669901528,0.34737453496981496,0.0426814438744171,0.7770222974304607
116,5,700,700.0,545.4549735978308,0.15812758669901528,0.3361887832162224,0.041423970929353376,0.779221390854044
116,0,620,620.0,545.4549735978308,0.13757670900528043,0.11736196445856853,0.014204943260664009,0.8797660864481142
116,3,700,700.0,545.4549735978308,0.15612958470101326,0.38993371342484284,0.04743914534383791,0.779221390854044
116,2,420,420.0,545.4549735978308,0.156272299129442,0.3480541731457965,0.07063801110696158,1.2987023180900732
116,4,525,525.0,545.4549735978308,0.1584130155558727,0.323161990079373,0.053187642124104255,1.0389618544720587
116,6,286,286.0,545.4549735978308,0.09604681033252462,0.10137829597399328,0.018570380689423634,1.9071852223700376
116,1,465,465.0,545.4549735978308,0.1374339945768517,0.11610353373332956,0.018717401701163473,1.1730214485974855
117,5,595,595.0,442.7717996289425,0.15812758669901528,0.2048769252442373,0.024108138483667954,0.7441542850906597
117,3,175,175.0,442.7717996289425,0.15612958470101326,0.28221506304353816,0.11148265387895699,2.530124569308243
117,4,35,35.0,442.7717996289425,0.1584130155558727,0.3812462955755945,0.7640264646259856,12.650622846541214
117,0,620,620.0,442.7717996289425,0.13757670900528043,0.2306911843586551,0.02266544124680881,0.7141480639176492
117,6,374,374.0,442.7717996289425,0.09604681033252462,0.11332648326540541,0.012886135958511236,1.1838818171896859
117,2,700,700.0,442.7717996289425,0.156272299129442,0.3414418027933295,0.03375053061897929,0.6325311423270608
117,1,620,620.0,442.7717996289425,0.1374339945768517,0.2712355920837989,0.02662129087383627,0.7141480639176492
118,6,440,440.0,427.9290709290709,0.09604681033252462,0.16853994398202318,0.015743631149860996,0.972566070293343
118,1,620,620.0,427.9290709290709,0.1374339945768517,0.5225332051544915,0.04956648984608276,0.6902081789178564
118,0,186,186.0,427.9290709290709,0.13757670900528043,0.4408573758937488,0.1395410139295545,2.300693929726188
118,4,70,70.0,427.9290709290709,0.1584130155558727,0.2526671449426434,0.24468840223952168,6.11327244184387
118,5,700,700.0,427.9290709290709,0.15812758669901528,0.42219024724717796,0.04081216092639157,0.611327244184387
118,2,595,595.0,427.9290709290709,0.156272299129442,0.6252496461590178,0.07027328918299394,0.7192085225698671
118,3,385,385.0,427.9290709290709,0.15612958470101326,0.528421600571387,0.09170158200350842,1.1115040803352492
119,6,440,440.0,384.8414442700157,0.09604681033252462,0.06975472512638486,0.005859839727228986,0.8746396460682175
119,2,700,700.0,384.8414442700157,0.156272299129442,0.32977015342384397,0.028331994173632608,0.5497734918143081
119,1,620,620.0,384.8414442700157,0.1374339945768517,0.3681828580057273,0.031408549511700724,0.6207120068871221
119,4,595,595.0,384.8414442700157,0.1584130155558727,0.3101713802114303,0.03178026059037914,0.6467923433109507
119,0,31,31.0,384.8414442700157,0.13757670900528043,0.16291108844891886,0.27823752642701094,12.414240137742443
119,3,175,175.0,384.8414442700157,0.15612958470101326,0.3360913865031908,0.11539483592320204,2.1990939672572325
119,5,140,140.0,384.8414442700157,0.15812758669901528,0.3412696377884139,0.14834028005008681,2.7488674590715405
120,0,248,248.0,482.7158555729984,0.13757670900528043,0.1565269213277792,0.04191542201231044,1.9464349015040259
120,2,700,700.0,482.7158555729984,0.156272299129442,0.43167659251385754,0.04651939154240634,0.6895940793899977
120,6,176,176.0,482.7158555729984,0.09604681033252462,0.1391519321282976,0.036656507448006796,2.742703724846582
120,4,315,315.0,482.7158555729984,0.1584130155558727,0.3207881413247936,0.07787358651687058,1.5324312875333284
120,3,490,490.0,482.7158555729984,0.15612958470101326,0.36979894225182214,0.05687826669021692,0.9851343991285682
120,1,620,620.0,482.7158555729984,0.1374339945768517,0.2889409314717049,0.03091741053749073,0.7785739606016103
120,5,700,700.0,482.7158555729984,0.15812758669901528,0.33154888660364384,0.03615336625475698,0.6895940793899977
121,1,465,465.0,529.3096903096903,0.1374339945768517,0.31216477587621744,0.04883542348078436,1.138300409268151
121,5,700,700.0,529.3096903096903,0.15812758669901528,0.2804731363570425,0.033535958129916964,0.7561567004424147
121,2,700,700.0,529.3096903096903,0.156272299129442,0.32615875910282294,0.03854098880525522,0.7561567004424147
121,6,22,22.0,529.3096903096903,0.09604681033252462,0.05527788356195543,0.12773841337766437,24.059531377713196
121,4,630,630.0,529.3096903096903,0.1584130155558727,0.22037445748896387,0.029330631452146698,0.840174111602683
121,0,248,248.0,529.3096903096903,0.13757670900528043,0.31898597027218367,0.09366442313040704,2.134313267377783
121,3,700,700.0,529.3096903096903,0.15612958470101326,0.33624662642728753,0.03969674934981036,0.7561567004424147
122,1,372,372.0,469.31639788782644,0.1374339945768517,0.33873651880912486,0.058732566410340706,1.2616032201285656
122,0,620,620.0,469.31639788782644,0.13757670900528043,0.37108532006619227,0.03864494823068773,0.7569619320771395
122,6,198,198.0,469.31639788782644,0.09604681033252462,0.006198920623353739,0.0014112357201113046,2.370284837817305
122,5,350,350.0,469.31639788782644,0.15812758669901528,0.4192611547026112,0.08889758301634972,1.3409039939652183
122,3,245,245.0,469.31639788782644,0.15612958470101326,0.46469270119230033,0.13897948563697402,1.9155771342360264
122,2,700,700.0,469.31639788782644,0.156272299129442,0.37664390366907724,0.039462139976602376,0.6704519969826092
122,4,700,700.0,469.31639788782644,0.1584130155558727,0.31493928646121383,0.033449173344538424,0.6704519969826092
123,0,155,155.0,358.33209647495363,0.13757670900528043,0.16738088812352825,0.05323592402740336,2.3118199772577652
123,2,700,700.0,358.33209647495363,0.156272299129442,0.20106667383698365,0.016084581506277604,0.5119029949642194
123,3,35,35.0,358.33209647495363,0.15612958470101326,0.13072255223118373,0.2089552989872455,10.238059899284389
123,6,440,440.0,358.33209647495363,0.09604681033252462,0.15233905108424034,0.011915910340686607,0.8143911283521673
123,4,700,700.0,358.33209647495363,0.1584130155558727,0.2737167145880951,0.022196262398465495,0.5119029949642194
123,5,140,140.0,358.33209647495363,0.15812758669901528,0.25311856568265184,0.1024446583803544,2.5595149748210972
123,1,341,341.0,358.33209647495363,0.1374339945768517,0.21099437908514235,0.03047167915810029,1.0508272623898933
124,4,105,105.0,415.59668902526045,0.1584130155558727,0.364186662437445,0.22834824483916108,3.9580637050024805
124,3,700,700.0,415.59668902526045,0.15612958470101326,0.1239120393485332,0.011486104102484922,0.5937095557503721
124,1,620,620.0,415.59668902526045,0.1374339945768517,0.38554437832460664,0.03551803526454204,0.6703172403633233
124,2,70,70.0,415.59668902526045,0.156272299129442,0.2498055413263908,0.23177047377841528,5.937095557503721
124,5,700,700.0,415.59668902526045,0.15812758669901528,0.3241862325426326,0.030435206254663442,0.5937095557503721
124,0,341,341.0,415.59668902526045,0.13757670900528043,0.4226220618838106,0.070862224395351,1.218758618842406
124,6,374,374.0,415.59668902526045,0.09604681033252462,0.16220984709852215,0.017312533964014908,1.111221093650429
125,4,420,420.0,544.4937919223634,0.1584130155558727,0.1922909201503151,0.039490558969609596,1.2964137902913413
125,0,620,620.0,544.4937919223634,0.13757670900528043,0.20759812476562045,0.02508242865526612,0.8782157934231667
125,5,700,700.0,544.4937919223634,0.15812758669901528,0.2121362911996669,0.026092609045733014,0.7778482741748048
125,1,248,248.0,544.4937919223634,0.1374339945768517,0.32942363667200447,0.09940086840142577,2.195539483557917
125,3,700,700.0,544.4937919223634,0.15612958470101326,0.48196360251662274,0.05853213140249657,0.7778482741748048
125,6,418,418.0,544.4937919223634,0.09604681033252462,0.13634849901989868,0.01705885818696747,1.3026167270869937
125,2,630,630.0,544.4937919223634,0.156272299129442,0.3198929699862877,0.043205504513551964,0.8642758601942275
126,6,88,88.0,393.89653203938923,0.09604681033252462,0.09722781514155174,0.041799680129873666,4.47609695499306
126,4,700,700.0,393.89653203938923,0.1584130155558727,0.2632493458374481,0.023466173595706245,0.5627093314848417
126,1,620,620.0,393.89653203938923,0.1374339945768517,0.15281031587606417,0.013342503050990153,0.6353169871603052
126,3,700,700.0,393.89653203938923,0.15612958470101326,0.3670675590970811,0.03224893118645419,0.5627093314848417
126,2,35,35.0,393.89653203938923,0.156272299129442,0.23771926065936044,0.41808105220532615,11.254186629696836
126,5,175,175.0,393.89653203938923,0.15812758669901528,0.21814910913135563,0.07764351626348359,2.250837325939367
126,0,341,341.0,393.89653203938923,0.13757670900528043,0.12651273567371554,0.02010513258774219,1.1551217948369186
127,2,700,700.0,469.305266162409,0.156272299129442,0.15827310287318616,0.016582366354854293,0.6704360945177271
127,3,490,490.0,469.305266162409,0.15612958470101326,0.34346390252091136,0.05136007534727461,0.9577658493110388
127,5,700,700.0,469.305266162409,0.15812758669901528,0.4211227371415334,0.04464509184923332,0.6704360945177271
127,1,310,310.0,469.305266162409,0.1374339945768517,0.436888190303148,0.09089881228513196,1.5138879553626097
127,0,558,558.0,469.305266162409,0.13757670900528043,0.43407608024418426,0.05022639406683377,0.8410488640903387
127,6,440,440.0,469.305266162409,0.09604681033252462,0.2786374229014455,0.028544677619304397,1.0666028776418386
127,4,70,70.0,469.305266162409,0.1584130155558727,0.42017545698017955,0.44625072006977606,6.704360945177271
128,1,279,279.0,498.58327386898816,0.1374339945768517,0.3613870799378171,0.08875652558998841,1.7870368239031833
128,2,630,630.0,498.58327386898816,0.156272299129442,0.49900192442862423,0.06171367054661009,0.7914020220142669
128,6,242,242.0,498.58327386898816,0.09604681033252462,0.1515200209602133,0.02998301537661777,2.0602614622685462
128,4,210,210.0,498.58327386898816,0.1584130155558727,0.1374760152813145,0.05170543631398339,2.3742060660428006
128,3,700,700.0,498.58327386898816,0.15612958470101326,0.5076484856067105,0.05645312199182446,0.7122618198128402
128,5,700,700.0,498.58327386898816,0.15812758669901528,0.1958512045095782,0.02205837698770858,0.7122618198128402
128,0,620,620.0,498.58327386898816,0.13757670900528043,0.3546889331516684,0.039240864802019784,0.8041665707564325
129,3,70,70.0,363.677750820608,0.15612958470101326,0.3684847749798175,0.29889830028924114,5.195396440294401
129,2,700,700.0,363.677750820608,0.156272299129442,0.3555824644791039,0.028869617494698185,0.5195396440294401
129,0,31,31.0,363.677750820608,0.13757670900528043,0.11665864098373734,0.1882854964793328,11.731540349051873
129,1,62,62.0,363.677750820608,0.1374339945768517,0.2204007303306662,0.17767742104922413,5.865770174525936
129,6,440,440.0,363.677750820608,0.09604681033252462,0.08755724231264676,0.006950868579767715,0.8265403427741091
129,5,700,700.0,363.677750820608,0.15812758669901528,0.25403808948755696,0.020870130913254042,0.5195396440294401
129,4,490,490.0,363.677750820608,0.1584130155558727,0.24569605312064868,0.028887482390118378,0.7421994914706286
130,5,595,595.0,537.1798201798201,0.15812758669901528,0.5186546152184087,0.07404378540446639,0.902823227192975
130,3,700,700.0,537.1798201798201,0.15612958470101326,0.3634907108421091,0.04355120449097757,0.7673997431140287
130,2,665,665.0,537.1798201798201,0.156272299129442,0.331604584690016,0.04186012995300564,0.807789203277925
130,4,700,700.0,537.1798201798201,0.1584130155558727,0.506351261954681,0.061555151914932216,0.7673997431140287
130,6,440,440.0,537.1798201798201,0.09604681033252462,0.1979165412682995,0.023207697364017732,1.2208632276814093
130,1,248,248.0,537.1798201798201,0.1374339945768517,0.1869019049458561,0.05563856317504374,2.1660476620154037
130,0,310,310.0,537.1798201798201,0.13757670900528043,0.25865545796358014,0.06166298709175544,1.732838129612323
131,0,372,372.0,442.29855858427294,0.13757670900528043,0.13413876190984633,0.02194177685810958,1.188974619850196
131,4,700,700.0,442.29855858427294,0.1584130155558727,0.3281122742672278,0.0328420926865063,0.6318550836918185
131,2,700,700.0,442.29855858427294,0.156272299129442,0.24586393764279735,0.02427696088072189,0.6318550836918185
131,6,264,264.0,442.29855858427294,0.09604681033252462,0.07266686029708498,0.011693134361354645,1.6753733279707308
131,1,62,62.0,442.29855858427294,0.1374339945768517,0.1230103070679874,0.120603387606435,7.133847719101176
131,5,175,175.0,442.29855858427294,0.15812758669901528,0.4523030717774202,0.18076512902033007,2.527420334767274
131,3,700,700.0,442.29855858427294,0.15612958470101326,0.23574185957545823,0.023256234265508408,0.6318550836918185
132,0,279,279.0,443.5684315684315,0.13757670900528043,0.15915322655302377,0.03481102337818736,1.5898510092058475
132,6,66,66.0,443.5684315684315,0.09604681033252462,0.1339662310514182,0.08647587809740401,6.720733811642901
132,3,700,700.0,443.5684315684315,0.15612958470101326,0.32067799253512763,0.03172611914634912,0.6336691879549021
132,4,315,315.0,443.5684315684315,0.1584130155558727,0.20053197815233023,0.04473264471649074,1.4081537510108937
132,1,620,620.0,443.5684315684315,0.1374339945768517,0.14791155699362613,0.014543375551795351,0.7154329541426314
132,5,700,700.0,443.5684315684315,0.15812758669901528,0.2062602649402595,0.02066739806593398,0.6336691879549021
132,2,280,280.0,443.5684315684315,0.156272299129442,0.39333087190363036,0.09737391585038532,1.5841729698872553
133,4,700,700.0,395.577565291851,0.1584130155558727,0.3365110037492392,0.030124770321171786,0.5651108075597872
133,0,434,434.0,395.577565291851,0.13757670900528043,0.3076756120132027,0.03858157148903363,0.9114690444512695
133,6,132,132.0,395.577565291851,0.09604681033252462,0.015439974849022719,0.004444135144583979,2.996799737059477
133,2,70,70.0,395.577565291851,0.156272299129442,0.2894310974297822,0.25559997447637833,5.651108075597871
133,3,35,35.0,395.577565291851,0.15612958470101326,0.36758022442831645,0.6486358552072068,11.302216151195742
133,1,620,620.0,395.577565291851,0.1374339945768517,0.2008277215912992,0.017609936682588975,0.6380283311158886
133,5,700,700.0,395.577565291851,0.15812758669901528,0.3220834986120718,0.028781255249122763,0.5651108075597872
134,5,700,700.0,391.06407877836455,0.15812758669901528,0.617295937244813,0.05453193987069157,0.5586629696833779
134,1,620,620.0,391.06407877836455,0.1374339945768517,0.6187355724484155,0.053635889951294494,0.6307485141586525
134,4,700,700.0,391.06407877836455,0.1584130155558727,0.6173666064555209,0.05463662716395427,0.5586629696833779
134,3,280,280.0,391.06407877836455,0.15612958470101326,0.32730062617239924,0.07137102516683018,1.3966574242084449
134,6,264,264.0,391.06407877836455,0.09604681033252462,0.20567291260013432,0.029262002547432057,1.4813033287059263
134,0,31,31.0,391.06407877836455,0.13757670900528043,0.4411207994199177,0.7655766587750559,12.614970283173049
134,2,70,70.0,391.06407877836455,0.156272299129442,0.3466825786696335,0.3026661870074073,5.586629696833779
135,4,700,700.0,388.00613672042243,0.1584130155558727,0.5644420649499687,0.04956222417915676,0.5542944810291749
135,2,490,490.0,388.00613672042243,0.156272299129442,0.6920543061530071,0.08563764017778754,0.791849258613107
135,0,124,124.0,388.00613672042243,0.13757670900528043,0.293445973492361,0.12632519591530686,3.1290817477453423
135,1,31,31.0,388.00613672042243,0.1374339945768517,0.3138715925271248,0.5399121256308441,12.51632699098137
135,5,175,175.0,388.00613672042243,0.15812758669901528,0.5224813098515415,0.1831803768760936,2.2171779241166996
135,3,700,700.0,388.00613672042243,0.15612958470101326,0.7120759643123137,0.061624312278931975,0.5542944810291749
135,6,440,440.0,388.00613672042243,0.09604681033252462,0.10745585468920041,0.009101206064689477,0.881832128910051
136,5,315,315.0,550.5848437277009,0.15812758669901528,0.45623737761625405,0.12609916290756867,1.747888392786352
136,0,620,620.0,550.5848437277009,0.13757670900528043,0.43017853692268,0.05255647356229662,0.8880400705285498
136,6,286,286.0,550.5848437277009,0.09604681033252462,0.29625538546250857,0.054778157405995447,1.9251218312157374
136,2,665,665.0,550.5848437277009,0.156272299129442,0.5660792184998794,0.07324227408906978,0.8279471334251142
136,1,465,465.0,550.5848437277009,0.1374339945768517,0.4058255839727108,0.0660396695010741,1.1840534273713998
136,4,700,700.0,550.5848437277009,0.1584130155558727,0.46900641004036947,0.05843806831680507,0.7865497767538584
136,3,700,700.0,550.5848437277009,0.15612958470101326,0.5387734256853969,0.06616336474339574,0.7865497767538584
137,0,620,620.0,457.03410874839443,0.13757670900528043,0.2976341403418117,0.030184541660621112,0.737151788303862
137,5,210,210.0,457.03410874839443,0.15812758669901528,0.32373571455703254,0.11141087229779646,2.1763528988018783
137,1,465,465.0,457.03410874839443,0.1374339945768517,0.2984502168136857,0.04031454182679417,0.982869051071816
137,3,700,700.0,457.03410874839443,0.15612958470101326,0.349768306177557,0.03565465440967829,0.6529058696405635
137,2,105,105.0,457.03410874839443,0.156272299129442,0.3138494994105104,0.21348273391562525,4.352705797603757
137,6,396,396.0,457.03410874839443,0.09604681033252462,0.06171630026420519,0.006841262537900065,1.1541265372434202
137,4,700,700.0,457.03410874839443,0.1584130155558727,0.37375541063323253,0.03865706901209017,0.6529058696405635
138,0,620,620.0,460.851862423291,0.13757670900528043,0.30137342787061616,0.03081907017415269,0.743309455521437
138,5,700,700.0,460.851862423291,0.15812758669901528,0.2981007004946145,0.03103372778609042,0.6583598034618443
138,6,198,198.0,460.851862423291,0.09604681033252462,0.16180497438880653,0.03617187092489065,2.32753465870349
138,4,175,175.0,460.851862423291,0.1584130155558727,0.26955405656319265,0.11245014803963342,2.6334392138473772
138,2,700,700.0,460.851862423291,0.156272299129442,0.17237232097325894,0.017734250471991904,0.6583598034618443
138,1,155,155.0,460.851862423291,0.1374339945768517,0.2628947178716138,0.10742507823912568,2.973237822085748
138,3,560,560.0,460.851862423291,0.15612958470101326,0.20618891847866425,0.0264925550262438,0.8229497543273053
139,4,315,315.0,504.2587412587412,0.1584130155558727,0.3353939072994605,0.08505285805711356,1.6008214008214008
139,1,217,217.0,504.2587412587412,0.1374339945768517,0.17119358854042577,0.054673309916291976,2.323773001192356
139,0,465,465.0,504.2587412587412,0.13757670900528043,0.1501401030503071,0.022399695186241637,1.0844274005564327
139,6,440,440.0,504.2587412587412,0.09604681033252462,0.06131229849154377,0.006748873735443307,1.1460425937698664
139,5,630,630.0,504.2587412587412,0.15812758669901528,0.23955951529991198,0.03032033214925439,0.8004107004107004
139,2,700,700.0,504.2587412587412,0.156272299129442,0.3160734487391182,0.03558159500705707,0.7203696303696303
139,3,700,700.0,504.2587412587412,0.15612958470101326,0.3349891693113388,0.03767657062047305,0.7203696303696303
140,0,465,465.0,494.27386898815473,0.13757670900528043,0.13719239229906263,0.020062712222969677,1.0629545569637737
140,3,700,700.0,494.27386898815473,0.15612958470101326,0.3021539348695453,0.03331064712700641,0.7061055271259353
140,1,620,620.0,494.27386898815473,0.1374339945768517,0.15489212526368043,0.016970688808604244,0.7972159177228302
140,2,35,35.0,494.27386898815473,0.156272299129442,0.3545078420419693,0.7823614716982393,14.122110542518707
140,6,264,264.0,494.27386898815473,0.09604681033252462,0.12568124677889078,0.02260045336613302,1.8722495037430102
140,4,700,700.0,494.27386898815473,0.1584130155558727,0.21265822255292655,0.02378716318396925,0.7061055271259353
140,5,595,595.0,494.27386898815473,0.15812758669901528,0.31683362358254746,0.0416188036925092,0.8307123848540415
141,5,560,560.0,559.8126159554731,0.15812758669901528,0.604439778893328,0.09554662156753513,0.9996653856347735
141,2,595,595.0,559.8126159554731,0.156272299129442,0.34973064860739683,0.051421105678954596,0.9408615394209632
141,0,620,620.0,559.8126159554731,0.13757670900528043,0.6124147855323452,0.07607493251119388,0.9029235741217309
141,1,620,620.0,559.8126159554731,0.1374339945768517,0.6082285215334732,0.07547653308628312,0.9029235741217309
141,4,595,595.0,559.8126159554731,0.1584130155558727,0.6106344757308936,0.09101184059857947,0.9408615394209632
141,6,44,44.0,559.8126159554731,0.09604681033252462,0.23888041886646885,0.2919130453354995,12.723013998988025
141,3,700,700.0,559.8126159554731,0.15612958470101326,0.412822167942796,0.051545749187536974,0.7997323085078187
142,3,315,315.0,552.8684172969887,0.15612958470101326,0.4381668916679992,0.1200704092659359,1.755137832688853
142,1,465,465.0,552.8684172969887,0.1374339945768517,0.38117640461941477,0.062285794358690576,1.188964338273094
142,0,620,620.0,552.8684172969887,0.13757670900528043,0.36943942092853727,0.04532295768061083,0.8917232537048205
142,4,595,595.0,552.8684172969887,0.1584130155558727,0.4124545815817675,0.060711618277488145,0.9291906173058634
142,6,418,418.0,552.8684172969887,0.09604681033252462,9.019694464665041e-05,1.1458302219794325e-05,1.322651716021504
142,2,700,700.0,552.8684172969887,0.156272299129442,0.42875383777866016,0.05291926012649676,0.7898120247099839
142,5,700,700.0,552.8684172969887,0.15812758669901528,0.39558788335769834,0.049405393799468046,0.7898120247099839
143,0,217,217.0,443.76737548166113,0.13757670900528043,0.19988905709587076,0.05623796186286439,2.0450109469200974
143,1,620,620.0,443.76737548166113,0.1374339945768517,0.2944689198854989,0.028966586143852134,0.7157538314220341
143,2,420,420.0,443.76737548166113,0.156272299129442,0.2703494720707418,0.04463891274495432,1.0565889892420504
143,4,700,700.0,443.76737548166113,0.1584130155558727,0.36381493329674036,0.036536649045290304,0.6339533935452302
143,5,315,315.0,443.76737548166113,0.15812758669901528,0.31079460831049327,0.06923503819052997,1.4087853189894004
143,6,440,440.0,443.76737548166113,0.09604681033252462,0.10442650126014126,0.01011570996140164,1.0085622170037754
143,3,385,385.0,443.76737548166113,0.15612958470101326,0.288248631318791,0.05187368491824828,1.1526425337186004
144,4,525,525.0,544.2640216925931,0.1584130155558727,0.29802249261042013,0.048942959523504574,1.0366933746525584
144,2,700,700.0,544.2640216925931,0.156272299129442,0.21727896769724336,0.026400446827251893,0.7775200309894188
144,0,589,589.0,544.2640216925931,0.13757670900528043,0.17296989512134528,0.021989217254603705,0.9240475750298695
144,1,620,620.0,544.2640216925931,0.1374339945768517,0.24015392053472,0.028973555128442463,0.877845196278376
144,3,700,700.0,544.2640216925931,0.15612958470101326,0.2595607293345726,0.031509083908883,0.7775200309894188
144,6,44,44.0,544.2640216925931,0.09604681033252462,0.0791920485669822,0.09408523505955674,12.369636856649844
144,5,455,455.0,544.2640216925931,0.15812758669901528,0.2719514395113464,0.05143955876596784,1.1961846630606443
145,4,700,700.0,424.0182674468389,0.1584130155558727,0.3520622293186395,0.033782891868370184,0.6057403820669127
145,1,124,124.0,424.0182674468389,0.1374339945768517,0.3553651247063175,0.16700591599979453,3.419502156829346
145,0,620,620.0,424.0182674468389,0.13757670900528043,0.5133047926436578,0.04829621690069411,0.6839004313658692
145,2,560,560.0,424.0182674468389,0.156272299129442,0.4111738379678923,0.048652371644197945,0.7571754775836409
145,6,88,88.0,424.0182674468389,0.09604681033252462,0.00625793394495921,0.002896115089537281,4.818389402804987
145,3,700,700.0,424.0182674468389,0.15612958470101326,0.35542628343550825,0.0336140832996979,0.6057403820669127
145,5,35,35.0,424.0182674468389,0.15812758669901528,0.4280756133798658,0.8200581579771392,12.114807641338254
146,0,620,620.0,431.1175966890253,0.13757670900528043,0.5113500915428388,0.04891784476387344,0.6953509624016537
146,2,175,175.0,431.1175966890253,0.156272299129442,0.5813401994055927,0.2238051406886757,2.4635291239372874
146,4,700,700.0,431.1175966890253,0.1584130155558727,0.47496483456114785,0.04633935957235843,0.6158822809843219
146,3,245,245.0,431.1175966890253,0.15612958470101326,0.6139265879382454,0.1686674627519188,1.7596636599552051
146,1,620,620.0,431.1175966890253,0.1374339945768517,0.5118830848954667,0.04891803554696448,0.6953509624016537
146,5,385,385.0,431.1175966890253,0.15812758669901528,0.37847600612052357,0.06701638773425468,1.1197859654260396
146,6,242,242.0,431.1175966890253,0.09604681033252462,0.23426642573582646,0.040084214897033316,1.7814776722686996
147,5,700,700.0,567.2079349222206,0.15812758669901528,0.34868535144905094,0.044677164617303866,0.8102970498888866
147,4,665,665.0,567.2079349222206,0.1584130155558727,0.39520447040572043,0.05339902928419657,0.8529442630409332
147,1,620,620.0,567.2079349222206,0.1374339945768517,0.30355509685638415,0.03816649751561167,0.9148515079390654
147,6,440,440.0,567.2079349222206,0.09604681033252462,0.09625475576574036,0.011917763540820525,1.2891089430050469
147,2,420,420.0,567.2079349222206,0.156272299129442,0.2584861925468499,0.05455221116673966,1.3504950831481444
147,3,630,630.0,567.2079349222206,0.15612958470101326,0.3609541767002923,0.050738663614274405,0.9003300554320962
147,0,434,434.0,567.2079349222206,0.13757670900528043,0.308029034633818,0.05538461478482895,1.3069307256272364
148,4,700,700.0,417.72470386756106,0.1584130155558727,0.3819337076680369,0.03610530100007423,0.5967495769536587
148,1,217,217.0,417.72470386756106,0.1374339945768517,0.17297349694539435,0.04576191194275023,1.9249986353343829
148,5,140,140.0,417.72470386756106,0.15812758669901528,0.3170890268075028,0.14960667818271678,2.9837478847682934
148,0,217,217.0,417.72470386756106,0.13757670900528043,0.1704916638610758,0.045152155892506735,1.9249986353343829
148,2,700,700.0,417.72470386756106,0.156272299129442,0.1958490641464975,0.01826398837775519,0.5967495769536587
148,3,700,700.0,417.72470386756106,0.15612958470101326,0.25985726015960364,0.024210969432713975,0.5967495769536587
148,6,66,66.0,417.72470386756106,0.09604681033252462,0.08282174769915472,0.05034699584214023,6.329162179811531
149,0,620,620.0,449.91151705437414,0.13757670900528043,0.19104874560813953,0.01907324239195116,0.7256637371844744
149,2,245,245.0,449.91151705437414,0.156272299129442,0.37641248745185646,0.10802071574379234,1.8363735389974454
149,3,700,700.0,449.91151705437414,0.15612958470101326,0.37189733708515915,0.03731963123762232,0.6427307386491059
149,1,465,465.0,449.91151705437414,0.1374339945768517,0.18387583226883064,0.02445079468114501,0.9675516495792993
149,5,70,70.0,449.91151705437414,0.15812758669901528,0.2129394636824465,0.21641774592324955,6.4273073864910595
149,6,440,440.0,449.91151705437414,0.09604681033252462,0.07270140214733983,0.007140032157094995,1.0225261751235777
149,4,630,630.0,449.91151705437414,0.1584130155558727,0.29245059550521074,0.0330849080866519,0.7141452651656732
150,2,140,140.0,448.3396603396603,0.156272299129442,0.23009994867540082,0.11515363356283126,3.202426145283288
150,3,210,210.0,448.3396603396603,0.15612958470101326,0.2547486081935287,0.08491509272334449,2.134950763522192
150,4,630,630.0,448.3396603396603,0.1584130155558727,0.19258191583149042,0.021710657349886198,0.7116502545073974
150,5,700,700.0,448.3396603396603,0.15812758669901528,0.15056504207875518,0.015248984086459312,0.6404852290566576
150,0,620,620.0,448.3396603396603,0.13757670900528043,0.2933527784792788,0.029184388054531652,0.723128484418807
150,6,132,132.0,448.3396603396603,0.09604681033252462,0.1594940677314009,0.05203082455519912,3.39651257833076
150,1,620,620.0,448.3396603396603,0.1374339945768517,0.3347268092170509,0.03326596576344524,0.723128484418807
