round,cid,tau,a_i,a_eff,p_i,raw_update_norm,contribution_norm,amp_vs_fedavg
1,0,310,310.0,476.85899814471236,0.13757670900528043,1.0275970835957329,0.21746835413978347,1.5382548327248786
1,5,490,490.0,476.85899814471236,0.15812758669901528,1.2362253557768677,0.1902388412105758,0.97318162886676
1,3,700,700.0,476.85899814471236,0.15612958470101326,1.3879892595495722,0.14762613580550196,0.6812271402067319
1,2,315,315.0,476.85899814471236,0.156272299129442,1.0035216651507406,0.23740408243322378,1.5138380893482932
1,1,620,620.0,476.85899814471236,0.1374339945768517,1.4003529803776185,0.1480232659641684,0.7691274163624393
1,4,700,700.0,476.85899814471236,0.1584130155558727,1.5137509308036976,0.1633568034123186,0.6812271402067319
1,6,22,22.0,476.85899814471236,0.09604681033252462,0.5048186006208505,1.0509585713514829,21.675409006577834
2,2,525,525.0,499.9978592835736,0.156272299129442,1.1467809649922924,0.17067555306783289,0.9523768748258544
2,6,330,330.0,499.9978592835736,0.09604681033252462,2.770094628869544e-06,4.0311759743862213e-07,1.515145028132041
2,1,372,372.0,499.9978592835736,0.1374339945768517,1.0805865628532332,0.1996084569707997,1.3440802668913268
2,4,700,700.0,499.9978592835736,0.1584130155558727,1.456754684602742,0.16483422463678854,0.7142826561193908
2,3,700,700.0,499.9978592835736,0.15612958470101326,1.24436140468286,0.13877199823382422,0.7142826561193908
2,5,700,700.0,499.9978592835736,0.15812758669901528,1.4767944094699446,0.166800668722565,0.7142826561193908
2,0,31,31.0,499.9978592835736,0.13757670900528043,0.634031596100916,1.4068968860675524,16.12896320269592
3,5,420,420.0,437.96089624661056,0.15812758669901528,1.2437298744060228,0.20507832165649628,1.0427640386824062
3,3,105,105.0,437.96089624661056,0.15612958470101326,0.9230194380321939,0.6010935783196164,4.171056154729625
3,1,620,620.0,437.96089624661056,0.1374339945768517,1.2013930253093497,0.11663339631863066,0.7063885423332429
3,4,315,315.0,437.96089624661056,0.1584130155558727,1.120741910741993,0.24684325025340612,1.3903520515765415
3,0,620,620.0,437.96089624661056,0.13757670900528043,1.1834433688164403,0.1150101164732166,0.7063885423332429
3,6,264,264.0,437.96089624661056,0.09604681033252462,0.9024853180097555,0.14379854808713904,1.6589427888129187
3,2,700,700.0,437.96089624661056,0.156272299129442,1.4205775020507547,0.13889423813015192,0.6256584232094436
4,3,700,700.0,489.70957613814755,0.15612958470101326,0.9395755090513341,0.10262601112567442,0.6995851087687822
4,4,700,700.0,489.70957613814755,0.1584130155558727,1.1654789371450158,0.1291623229629593,0.6995851087687822
4,2,700,700.0,489.70957613814755,0.156272299129442,0.9568648505997971,0.10460998981580599,0.6995851087687822
4,0,403,403.0,489.70957613814755,0.13757670900528043,0.8611213399675145,0.14396032510865278,1.2151602385561975
4,1,589,589.0,489.70957613814755,0.1374339945768517,1.0755614810509535,0.12290023461552498,0.8314254263805562
4,6,132,132.0,489.70957613814755,0.09604681033252462,0.03164530385172321,0.011276047124003104,3.7099210313496025
4,5,70,70.0,489.70957613814755,0.15812758669901528,0.47459680355684014,0.5250165676222239,6.995851087687822
5,5,105,105.0,505.1756814613957,0.15812758669901528,0.28850371605953884,0.2194887126368747,4.811196966299007
5,2,700,700.0,505.1756814613957,0.156272299129442,1.103400583353336,0.12443988665912929,0.721679544944851
5,0,589,589.0,505.1756814613957,0.13757670900528043,0.9035098082190227,0.1066117148637034,0.8576836697137448
5,3,525,525.0,505.1756814613957,0.15612958470101326,0.9470361480695408,0.1422770635698311,0.9622393932598013
5,6,440,440.0,505.1756814613957,0.09604681033252462,0.3185983706924493,0.03513308259766324,1.1481265487758994
5,1,620,620.0,505.1756814613957,0.1374339945768517,0.9891206403796088,0.11076286498982647,0.8147994862280575
5,4,560,560.0,505.1756814613957,0.1584130155558727,0.8569886156273846,0.12246735070380807,0.9020994311810637
6,6,440,440.0,505.04995004995,0.09604681033252462,0.13519082144993774,0.014904307756723264,1.147840795568068
6,3,455,455.0,505.04995004995,0.15612958470101326,0.7721632848809917,0.13381884838387603,1.1099998902196704
6,5,560,560.0,505.04995004995,0.15812758669901528,0.7751189340821848,0.11054072128550112,0.9018749108034821
6,4,665,665.0,505.04995004995,0.1584130155558727,0.8970048577760673,0.10791910711457081,0.7594736090976691
6,0,620,620.0,505.04995004995,0.13757670900528043,0.8803708539480491,0.09866274983142798,0.8145966936289516
6,1,620,620.0,505.04995004995,0.1374339945768517,0.9423799414941625,0.10550252317075841,0.8145966936289516
6,2,175,175.0,505.04995004995,0.156272299129442,0.5261312885633633,0.23728616379902837,2.8859997145711427
7,4,70,70.0,430.5029256457828,0.1584130155558727,0.321510474810091,0.313230508338549,6.150041794939754
7,2,700,700.0,430.5029256457828,0.156272299129442,0.920283983521587,0.08844676085698862,0.6150041794939755
7,1,248,248.0,430.5029256457828,0.1374339945768517,0.5818251509415401,0.13880691013820903,1.735898893732995
7,6,440,440.0,430.5029256457828,0.09604681033252462,0.17678588308825316,0.01661322548906695,0.9784157401040519
7,0,620,620.0,430.5029256457828,0.13757670900528043,0.8957876829998671,0.08557253954121902,0.6943595574931981
7,3,525,525.0,430.5029256457828,0.15612958470101326,0.7284671916133915,0.09326356348571867,0.8200055726586339
7,5,420,420.0,430.5029256457828,0.15812758669901528,0.7038782319213824,0.11408590561129818,1.0250069658232923
8,5,630,630.0,607.2902811474239,0.15812758669901528,0.8224233491006511,0.12535996322101361,0.9639528272181332
8,2,595,595.0,607.2902811474239,0.156272299129442,0.9398422875119951,0.14990507938257427,1.0206559347015527
8,1,620,620.0,607.2902811474239,0.1374339945768517,0.9290542525892118,0.1250661804510319,0.9795004534635869
8,3,665,665.0,607.2902811474239,0.15612958470101326,0.9850808812237862,0.14045324590996794,0.913218467890863
8,4,700,700.0,607.2902811474239,0.1584130155558727,0.8701308603161195,0.11958417835715977,0.8675575444963198
8,0,527,527.0,607.2902811474239,0.13757670900528043,0.8035642373293478,0.12739466241264177,1.1523534746630435
8,6,440,440.0,607.2902811474239,0.09604681033252462,0.23680293035634792,0.03139161601928168,1.3802051844259635
9,3,700,700.0,447.86556300842005,0.15612958470101326,0.9614743941869934,0.09604451269803395,0.6398079471548858
9,0,496,496.0,447.86556300842005,0.13757670900528043,0.7289285482111506,0.09055154604339995,0.9029547641298792
9,5,315,315.0,447.86556300842005,0.15812758669901528,0.5610561029760459,0.1261394840271085,1.4217954381219684
9,4,35,35.0,447.86556300842005,0.1584130155558727,0.2249434624730461,0.45597797230021075,12.796158943097716
9,1,620,620.0,447.86556300842005,0.1374339945768517,0.8873188623479858,0.08809066004615039,0.7223638113039033
9,2,560,560.0,447.86556300842005,0.156272299129442,0.8609315099915369,0.10759949874112712,0.7997599339436072
9,6,440,440.0,447.86556300842005,0.09604681033252462,0.12211043307056385,0.011937976289075728,1.017876279564591
10,2,700,700.0,427.5932638789782,0.156272299129442,1.09979596591267,0.10498492417760963,0.6108475198271117
10,5,420,420.0,427.5932638789782,0.15812758669901528,0.6309880447696514,0.10158049813624825,1.0180791997118528
10,0,310,310.0,427.5932638789782,0.13757670900528043,0.7800720157883371,0.14802967165419448,1.3793331092870265
10,4,700,700.0,427.5932638789782,0.1584130155558727,0.8826597868897627,0.08541163140527182,0.6108475198271117
10,6,22,22.0,427.5932638789782,0.09604681033252462,0.23569570140974538,0.4399899764451759,19.436057449044462
10,3,70,70.0,427.5932638789782,0.15612958470101326,0.5046128308291783,0.48125616786973874,6.108475198271117
10,1,620,620.0,427.5932638789782,0.1374339945768517,1.0687406002405726,0.10129911311763386,0.6896665546435132
11,4,700,700.0,550.2760097045812,0.1584130155558727,1.279930546737674,0.15938953538159173,0.7861085852922588
11,0,372,372.0,550.2760097045812,0.13757670900528043,0.7180453107412241,0.14612832500833392,1.4792365852273688
11,1,620,620.0,550.2760097045812,0.1374339945768517,0.9561003161919613,0.11662362094061675,0.8875419511364212
11,6,352,352.0,550.2760097045812,0.09604681033252462,0.08314909830424921,0.01248470849730288,1.5632841184789237
11,2,700,700.0,550.2760097045812,0.156272299129442,0.9987834124414359,0.12269754186208712,0.7861085852922588
11,3,350,350.0,550.2760097045812,0.15612958470101326,0.6165040549613954,0.15133301234110802,1.5722171705845176
11,5,665,665.0,550.2760097045812,0.15812758669901528,1.2436935153765398,0.16273461727746946,0.8274827213602725
12,6,374,374.0,507.1033252461824,0.09604681033252462,0.1321441361999011,0.017209002564052302,1.3558912439737498
12,4,210,210.0,507.1033252461824,0.1584130155558727,0.6219563769247269,0.23791835583139495,2.414777739267535
12,1,527,527.0,507.1033252461824,0.1374339945768517,0.8259201374036529,0.10922399765774066,0.9622453989491128
12,0,620,620.0,507.1033252461824,0.13757670900528043,0.8642651268505149,0.0972515820148244,0.8179085891067458
12,2,700,700.0,507.1033252461824,0.156272299129442,1.0474594570633802,0.11858169182704112,0.7244333217802605
12,3,385,385.0,507.1033252461824,0.15612958470101326,0.6214382617867373,0.12779648901453453,1.3171514941459284
12,5,700,700.0,507.1033252461824,0.15812758669901528,1.0622369975904862,0.12168232101670647,0.7244333217802605
13,0,62,62.0,466.60396746111036,0.13757670900528043,0.3097372799354436,0.32069717498102107,7.525870442921135
13,3,700,700.0,466.60396746111036,0.15612958470101326,1.0550339608255475,0.10979992190026028,0.6665770963730148
13,2,560,560.0,466.60396746111036,0.156272299129442,0.915408501176511,0.11919480931154672,0.8332213704662685
13,5,700,700.0,466.60396746111036,0.15812758669901528,1.0129126706007765,0.10676527766920792,0.6665770963730148
13,6,440,440.0,466.60396746111036,0.09604681033252462,0.15523006216248345,0.01581082489405723,1.0604635624116145
13,4,630,630.0,466.60396746111036,0.1584130155558727,0.9178272942293869,0.10768611460965245,0.7406412181922387
13,1,62,62.0,466.60396746111036,0.1374339945768517,0.3529516960686634,0.36506162322603425,7.525870442921135
14,3,105,105.0,440.81746824603965,0.15612958470101326,0.5292589028247677,0.34691483636274006,4.198261602343234
14,6,176,176.0,440.81746824603965,0.09604681033252462,0.24275777001635063,0.05839857020610927,2.504644705943407
14,4,245,245.0,440.81746824603965,0.1584130155558727,0.800774553073701,0.22824109205383605,1.7992549724328148
14,5,700,700.0,440.81746824603965,0.15812758669901528,1.1875877687006735,0.11825897619494842,0.6297392403514852
14,1,620,620.0,440.81746824603965,0.1374339945768517,0.9947917438676935,0.09720608414147097,0.7109959165258704
14,0,620,620.0,440.81746824603965,0.13757670900528043,0.8803235996339701,0.0861101542909816,0.7109959165258704
14,2,560,560.0,440.81746824603965,0.156272299129442,1.0236633223667704,0.1259244067518563,0.7871740504393565
15,1,620,620.0,485.6469245040674,0.1374339945768517,0.9544363485522758,0.102747223156765,0.7833014911355926
15,2,700,700.0,485.6469245040674,0.156272299129442,1.0841051598344043,0.11753738276015065,0.6937813207200962
15,6,440,440.0,485.6469245040674,0.09604681033252462,0.1785834010289214,0.018931804133573205,1.1037430102365169
15,5,70,70.0,485.6469245040674,0.15812758669901528,0.35553853900985505,0.39004698851798913,6.937813207200962
15,3,490,490.0,485.6469245040674,0.15612958470101326,0.8156578663971779,0.1262169833909801,0.9911161724572803
15,4,560,560.0,485.6469245040674,0.1584130155558727,0.9213510840527412,0.12657520173656944,0.8672266509001203
15,0,527,527.0,485.6469245040674,0.13757670900528043,0.8716113952187751,0.11050396047066845,0.9215311660418736
16,2,700,700.0,396.18310261167403,0.156272299129442,1.1928886224555277,0.10550664345623427,0.56597586087382
16,6,440,440.0,396.18310261167403,0.09604681033252462,0.22632039193980089,0.019572662414663024,0.9004161422992591
16,4,210,210.0,396.18310261167403,0.1584130155558727,0.4567531616095353,0.13650516287149198,1.8865862029127334
16,0,620,620.0,396.18310261167403,0.13757670900528043,0.9288807975807303,0.0816599595781247,0.6390050042123775
16,1,155,155.0,396.18310261167403,0.1374339945768517,0.4854146600230442,0.17051842339859136,2.55602001684951
16,3,245,245.0,396.18310261167403,0.15612958470101326,0.6699424775093137,0.16914243710005722,1.6170738882109144
16,5,420,420.0,396.18310261167403,0.15812758669901528,0.6890060320986303,0.10277259565149592,0.9432931014563667
17,0,620,620.0,597.1034679606108,0.13757670900528043,0.8740286813079656,0.11580531833710271,0.9630701096138884
17,1,465,465.0,597.1034679606108,0.1374339945768517,0.7425654622152562,0.13104653914671283,1.2840934794851846
17,2,595,595.0,597.1034679606108,0.156272299129442,1.0248684157603671,0.1607247425690575,1.0035352402699342
17,4,700,700.0,597.1034679606108,0.1584130155558727,1.0870417131307621,0.14688878023371033,0.853004954229444
17,3,700,700.0,597.1034679606108,0.15612958470101326,1.130831346299234,0.1506033375803584,0.853004954229444
17,6,308,308.0,597.1034679606108,0.09604681033252462,0.13441583336278443,0.025028351911572235,1.9386476232487364
17,5,665,665.0,597.1034679606108,0.15812758669901528,1.0304139443287075,0.14630100800805135,0.8978999518204674
18,4,245,245.0,355.81775367489655,0.1584130155558727,0.5583744868548579,0.1284629695322148,1.4523173619383534
18,2,105,105.0,355.81775367489655,0.156272299129442,0.38690817664772686,0.20489352026354932,3.388740511189491
18,1,186,186.0,355.81775367489655,0.1374339945768517,0.4759773991709245,0.1251397176103591,1.9129986756714867
18,6,440,440.0,355.81775367489655,0.09604681033252462,0.11969955936950138,0.009297162793888545,0.8086767128974922
18,0,93,93.0,355.81775367489655,0.13757670900528043,0.3250841732427355,0.17111394649661454,3.8259973513429735
18,3,700,700.0,355.81775367489655,0.15612958470101326,1.128009085699664,0.08952150521812678,0.5083110766784237
18,5,700,700.0,355.81775367489655,0.15812758669901528,1.07159384727502,0.08613257437926879,0.5083110766784237
19,4,700,700.0,474.89638932496075,0.1584130155558727,1.1414549164915646,0.12267341402376525,0.6784234133213725
19,6,110,110.0,474.89638932496075,0.09604681033252462,0.12866418764841436,0.053351521770076654,4.317239902954189
19,2,700,700.0,474.89638932496075,0.156272299129442,1.0792536074706471,0.11442115787933596,0.6784234133213725
19,5,700,700.0,474.89638932496075,0.15812758669901528,1.0983664006997933,0.11782995444061832,0.6784234133213725
19,3,35,35.0,474.89638932496075,0.15612958470101326,0.2637363749873212,0.5587095056916765,13.56846826642745
19,1,341,341.0,474.89638932496075,0.1374339945768517,0.9067564795557441,0.17355188135991706,1.3926580332110285
19,0,589,589.0,474.89638932496075,0.13757670900528043,0.7911267978400164,0.08775554846315799,0.806275703437964
20,2,700,700.0,487.67989153703434,0.156272299129442,1.16650604422058,0.1270006090907974,0.6966855593386205
20,3,700,700.0,487.67989153703434,0.15612958470101326,1.1549514124736358,0.12562779221693854,0.6966855593386205
20,0,558,558.0,487.67989153703434,0.13757670900528043,0.9457066840614595,0.1137108811099344,0.8739783002455812
20,1,527,527.0,487.67989153703434,0.1374339945768517,0.9144823066889523,0.11630374795967836,0.9253887884953214
20,6,440,440.0,487.67989153703434,0.09604681033252462,0.10640413181911965,0.011327227197381549,1.1083633898568963
20,5,280,280.0,487.67989153703434,0.15812758669901528,0.7558735480221335,0.20817741317151386,1.7417138983465512
20,4,210,210.0,487.67989153703434,0.1584130155558727,0.7020687218622714,0.2582771826293189,2.3222851977954018
21,2,700,700.0,431.6436420722135,0.156272299129442,1.1140522124102077,0.10735316562897661,0.6166337743888765
21,1,403,403.0,431.6436420722135,0.1374339945768517,0.7413353535767975,0.10912623796275829,1.071076034918644
21,4,105,105.0,431.6436420722135,0.1584130155558727,0.3807941286002415,0.24798028454413967,4.110891829259176
21,6,176,176.0,431.6436420722135,0.09604681033252462,0.11512245286255406,0.02711787544103051,2.452520693592122
21,5,245,245.0,431.6436420722135,0.15812758669901528,0.5538695957727873,0.15430302223962225,1.7618107839682182
21,3,700,700.0,431.6436420722135,0.15612958470101326,1.1481043555780328,0.11053348863373706,0.6166337743888765
21,0,620,620.0,431.6436420722135,0.13757670900528043,0.8747668275486453,0.08378588876294195,0.6961994226971185
22,2,700,700.0,520.4973597830741,0.156272299129442,1.1054262554225682,0.12844945562267504,0.743567656832963
22,6,440,440.0,520.4973597830741,0.09604681033252462,0.18481288817910985,0.02099815103607361,1.182948544961532
22,1,403,403.0,520.4973597830741,0.1374339945768517,0.6703674575779106,0.11899277098615813,1.2915567240274792
22,0,589,589.0,520.4973597830741,0.13757670900528043,0.8603275877516373,0.10459525955641026,0.8836967059135383
22,4,665,665.0,520.4973597830741,0.1584130155558727,0.9794287999216346,0.12143968082287943,0.7827027966662768
22,3,105,105.0,520.4973597830741,0.15612958470101326,0.4548869306863662,0.352060981719988,4.957117712219754
22,5,700,700.0,520.4973597830741,0.15812758669901528,0.9858244885722353,0.11591182291393777,0.743567656832963
23,4,700,700.0,475.02668759811615,0.1584130155558727,1.035231765630291,0.11128802123209731,0.6786095537115945
23,0,310,310.0,475.02668759811615,0.13757670900528043,0.8349853637861244,0.17602732733457807,1.5323441535423101
23,2,665,665.0,475.02668759811615,0.156272299129442,0.9237072922873201,0.10311283750088586,0.7143258460122047
23,5,175,175.0,475.02668759811615,0.15812758669901528,0.587973775488952,0.25237455144145926,2.714438214846378
23,6,440,440.0,475.02668759811615,0.09604681033252462,0.07324838141113833,0.007595324131625128,1.0796061081775368
23,3,700,700.0,475.02668759811615,0.15612958470101326,0.945002942990029,0.10012403307921734,0.6786095537115945
23,1,279,279.0,475.02668759811615,0.1374339945768517,0.6420199824863897,0.1502299495195919,1.7026046150470113
24,6,132,132.0,372.01227344084487,0.09604681033252462,0.13778287124229896,0.03729593631778709,2.8182747987942793
24,5,245,245.0,372.01227344084487,0.15812758669901528,0.5521555141274683,0.13257457407818507,1.5184174426156933
24,4,700,700.0,372.01227344084487,0.1584130155558727,0.9108341860879884,0.07668129031919098,0.5314461049154927
24,0,31,31.0,372.01227344084487,0.13757670900528043,0.2517457031352957,0.4156258564644649,12.000395917446609
24,2,70,70.0,372.01227344084487,0.156272299129442,0.4267963498992798,0.3544556689481997,5.314461049154927
24,3,700,700.0,372.01227344084487,0.15612958470101326,0.9613721119824726,0.07976933151569682,0.5314461049154927
24,1,620,620.0,372.01227344084487,0.1374339945768517,0.7576889873295772,0.06248139589357129,0.6000197958723305
25,4,700,700.0,374.26216640502355,0.1584130155558727,1.0364227050305135,0.08778203952264937,0.5346602377214622
25,5,315,315.0,374.26216640502355,0.15812758669901528,0.8071948309457924,0.15165313355302545,1.1881338616032493
25,2,315,315.0,374.26216640502355,0.156272299129442,0.7029197296121311,0.13051280039269086,1.1881338616032493
25,3,700,700.0,374.26216640502355,0.15612958470101326,0.9545082005887408,0.0796787946465883,0.5346602377214622
25,1,62,62.0,374.26216640502355,0.1374339945768517,0.32858262861335574,0.2725982144815088,6.036486554919735
25,6,440,440.0,374.26216640502355,0.09604681033252462,0.13875293722541587,0.011335701018119176,0.8505958327386899
25,0,31,31.0,374.26216640502355,0.13757670900528043,0.23992802921674083,0.3985108374210637,12.07297310983947
26,2,105,105.0,418.56928785500213,0.156272299129442,0.6335906476303235,0.3947015390818493,3.986374170047639
26,0,155,155.0,418.56928785500213,0.13757670900528043,0.5049821857558341,0.18761028156352008,2.7004470184193687
26,5,280,280.0,418.56928785500213,0.15812758669901528,0.6764231325430332,0.15989519835058988,1.4948903137678649
26,4,630,630.0,418.56928785500213,0.1584130155558727,0.9114056178513636,0.09592446203599435,0.6643956950079399
26,3,700,700.0,418.56928785500213,0.15612958470101326,1.0816878408727368,0.10098490739946886,0.5979561255071459
26,6,440,440.0,418.56928785500213,0.09604681033252462,0.18676239852533869,0.017064244778653623,0.9512938360340958
26,1,620,620.0,418.56928785500213,0.1374339945768517,0.7999539889673913,0.0742223751212225,0.6751117546048422
27,2,560,560.0,563.5754245754246,0.156272299129442,0.6903782336749468,0.10857581850452706,1.0063846867418296
27,5,700,700.0,563.5754245754246,0.15812758669901528,0.7434190297359883,0.0946444874341104,0.8051077493934636
27,4,700,700.0,563.5754245754246,0.1584130155558727,0.91484834298021,0.11667934271485392,0.8051077493934636
27,3,525,525.0,563.5754245754246,0.15612958470101326,0.7790569232042031,0.1305711229918317,1.073476999191285
27,1,527,527.0,563.5754245754246,0.1374339945768517,0.7499727575947979,0.11022524921976234,1.0694030826858152
27,0,620,620.0,563.5754245754246,0.13757670900528043,0.7950634669850958,0.0994276264416678,0.9089926202829428
27,6,154,154.0,563.5754245754246,0.09604681033252462,0.10989309050198028,0.038626437919758595,3.6595806790611984
28,1,248,248.0,437.30112744398457,0.1374339945768517,0.48806273743823775,0.11827657428249669,1.7633109977580024
28,6,440,440.0,437.30112744398457,0.09604681033252462,0.07728611292170602,0.007377552903250685,0.9938661987363285
28,2,525,525.0,437.30112744398457,0.156272299129442,0.6514815729731329,0.08480187047654224,0.8329545284647325
28,4,420,420.0,437.30112744398457,0.1584130155558727,0.6718337198903724,0.11081127848711494,1.0411931605809157
28,3,105,105.0,437.30112744398457,0.15612958470101326,0.46824559830465506,0.30447399525220875,4.164772642323663
28,0,620,620.0,437.30112744398457,0.13757670900528043,0.7446820943361856,0.07226112779863027,0.7053243991032009
28,5,700,700.0,437.30112744398457,0.15812758669901528,0.6134969144048998,0.060604180457655935,0.6247158963485494
29,6,440,440.0,453.6316540602254,0.09604681033252462,0.17033440878183265,0.01686692871095669,1.0309810319550576
29,2,385,385.0,453.6316540602254,0.156272299129442,0.6648221061020452,0.12241371432030916,1.178264036520066
29,5,385,385.0,453.6316540602254,0.15812758669901528,0.6536222745901235,0.1217803194714897,1.178264036520066
29,4,700,700.0,453.6316540602254,0.1584130155558727,0.7247296424222921,0.07439987362570798,0.6480452200860363
29,3,385,385.0,453.6316540602254,0.15612958470101326,0.6418526903287384,0.11807642418770593,1.178264036520066
29,0,248,248.0,453.6316540602254,0.13757670900528043,0.5320230527903883,0.13388349411406414,1.8291598954041346
29,1,620,620.0,453.6316540602254,0.1374339945768517,0.6468905606238144,0.06504840406512694,0.7316639581616539
30,5,700,700.0,450.29641786784646,0.15812758669901528,0.6340169121117774,0.06449245921137144,0.6432805969540664
30,2,105,105.0,450.29641786784646,0.156272299129442,0.4542789221460823,0.30444845988568664,4.288537313027109
30,4,490,490.0,450.29641786784646,0.1584130155558727,0.699397993769946,0.10181638084859958,0.918972281362952
30,3,700,700.0,450.29641786784646,0.15612958470101326,0.7078637144373627,0.07109438591511576,0.6432805969540664
30,0,620,620.0,450.29641786784646,0.13757670900528043,0.5903947938590481,0.05899215186050426,0.7262845449481394
30,1,248,248.0,450.29641786784646,0.1374339945768517,0.4904285013460529,0.12238175653464983,1.8157113623703487
30,6,176,176.0,450.29641786784646,0.09604681033252462,0.08507210607912538,0.02090527840226261,2.5585023742491275
31,3,700,700.0,477.5348936777508,0.15612958470101326,0.6598084363778699,0.07027650254962337,0.6821927052539297
31,4,455,455.0,477.5348936777508,0.1584130155558727,0.7171215701887014,0.11922775365269968,1.0495272388521997
31,2,175,175.0,477.5348936777508,0.156272299129442,0.4062434773500427,0.1732349300994332,2.728770821015719
31,1,620,620.0,477.5348936777508,0.1374339945768517,0.6972746917295627,0.07380936918736342,0.7702175704479851
31,0,620,620.0,477.5348936777508,0.13757670900528043,0.7641836951707439,0.08097595997485951,0.7702175704479851
31,5,595,595.0,477.5348936777508,0.15812758669901528,0.67542786405017,0.08571853921751157,0.8025796532399173
31,6,44,44.0,477.5348936777508,0.09604681033252462,0.10620508217137077,0.11070842714138324,10.853065765403427
32,4,490,490.0,453.4033109747396,0.1584130155558727,0.597120916750028,0.08752694150877559,0.925312879540285
32,3,70,70.0,453.4033109747396,0.15612958470101326,0.3871866601158791,0.39155451639380834,6.477190156781995
32,5,700,700.0,453.4033109747396,0.15812758669901528,0.606179940501158,0.06208631026386324,0.6477190156781995
32,2,700,700.0,453.4033109747396,0.156272299129442,0.4945814429626162,0.05006180061684772,0.6477190156781995
32,0,620,620.0,453.4033109747396,0.13757670900528043,0.7684981376031264,0.07731802171670728,0.7312956628624833
32,6,220,220.0,453.4033109747396,0.09604681033252462,0.009486415119828055,0.0018777902438880056,2.060924140794271
32,1,279,279.0,453.4033109747396,0.1374339945768517,0.6219618340855572,0.1389115601981038,1.6251014730277404
33,4,385,385.0,434.20864849436276,0.1584130155558727,0.6582949107885712,0.11761131310688833,1.1278146714139292
33,1,620,620.0,434.20864849436276,0.1374339945768517,0.5689235017563922,0.05475891369389442,0.7003365298296174
33,2,700,700.0,434.20864849436276,0.156272299129442,0.533363921366912,0.051701847960275764,0.6202980692776611
33,5,140,140.0,434.20864849436276,0.15812758669901528,0.5991484583887364,0.2938410876264707,3.1014903463883052
33,0,155,155.0,434.20864849436276,0.13757670900528043,0.5333820987086724,0.20556545011096716,2.8013461193184694
33,6,440,440.0,434.20864849436276,0.09604681033252462,0.2255468320805201,0.021377921167274574,0.9868378374871881
33,3,595,595.0,434.20864849436276,0.15612958470101326,0.6346447560086914,0.07230984058149341,0.7297624344443072
34,4,140,140.0,399.24461253032683,0.1584130155558727,0.4482017360831714,0.20247687270721074,2.8517472323594775
34,0,620,620.0,399.24461253032683,0.13757670900528043,0.5845481250741492,0.051786023393964944,0.643942923436011
34,5,315,315.0,399.24461253032683,0.15812758669901528,0.41487313880894267,0.08314793552603525,1.26744321438199
34,2,700,700.0,399.24461253032683,0.156272299129442,0.6253206314240081,0.05573471488799092,0.5703494464718954
34,3,700,700.0,399.24461253032683,0.15612958470101326,0.6800980124919024,0.06056165496199567,0.5703494464718954
34,6,198,198.0,399.24461253032683,0.09604681033252462,0.08274148665172129,0.01602433961413524,2.0163869319713474
34,1,31,31.0,399.24461253032683,0.1374339945768517,0.32990988944315947,0.5839381833805496,12.878858468720221
35,2,560,560.0,536.7031539888683,0.156272299129442,0.7460181525832307,0.11173198574121891,0.9583984892658363
35,4,385,385.0,536.7031539888683,0.1584130155558727,0.6590985584454692,0.1455508148137546,1.3940341662048528
35,1,465,465.0,536.7031539888683,0.1374339945768517,0.5412637550779678,0.08585870037921098,1.1542003311588565
35,5,700,700.0,536.7031539888683,0.15812758669901528,0.6985536357569931,0.08469221819234146,0.766718791412669
35,3,700,700.0,536.7031539888683,0.15612958470101326,0.8178153967057352,0.09789862554896785,0.766718791412669
35,0,620,620.0,536.7031539888683,0.13757670900528043,0.6707883814380521,0.07988641021138367,0.8656502483691424
35,6,198,198.0,536.7031539888683,0.09604681033252462,0.11253265997740854,0.02929749497987825,2.7106219898427693
36,1,620,620.0,455.03496503496496,0.1374339945768517,0.4336885940343694,0.04374468059043725,0.7339273629596209
36,0,620,620.0,455.03496503496496,0.13757670900528043,0.501125797589096,0.05059932888122168,0.7339273629596209
36,5,490,490.0,455.03496503496496,0.15812758669901528,0.4366565856007516,0.06412041826701774,0.9286427857856427
36,4,350,350.0,455.03496503496496,0.1584130155558727,0.44366526620083274,0.09137407974521235,1.3000999000998998
36,3,350,350.0,455.03496503496496,0.15612958470101326,0.6249491728951637,0.12685471882829713,1.3000999000998998
36,2,350,350.0,455.03496503496496,0.156272299129442,0.5156817767932991,0.10477086056929873,1.3000999000998998
36,6,440,440.0,455.03496503496496,0.09604681033252462,0.08547380079209177,0.008490007146620905,1.0341703750794657
37,6,440,440.0,494.97588126159553,0.09604681033252462,0.1563890170542941,0.016897426178945883,1.1249451846854444
37,2,700,700.0,494.97588126159553,0.156272299129442,0.4368574379568522,0.04827338282034729,0.7071084018022793
37,4,665,665.0,494.97588126159553,0.1584130155558727,0.4773893756741585,0.05628932010877541,0.7443246334760835
37,5,350,350.0,494.97588126159553,0.15812758669901528,0.4311175629830854,0.09640939370699252,1.4142168036045586
37,3,105,105.0,494.97588126159553,0.15612958470101326,0.35945610648647464,0.2645609910807657,4.714056012015195
37,1,620,620.0,494.97588126159553,0.1374339945768517,0.5891056098285049,0.06463677448149001,0.7983481955832186
37,0,589,589.0,494.97588126159553,0.13757670900528043,0.5693353285550834,0.06582362453686395,0.8403665216665459
38,3,700,700.0,548.8247466818896,0.15612958470101326,0.41760361459673784,0.051119323657154825,0.7840353524026994
38,2,665,665.0,548.8247466818896,0.156272299129442,0.5094336332686553,0.06570246386894422,0.8253003709502099
38,5,700,700.0,548.8247466818896,0.15812758669901528,0.497810505099869,0.061717360718379,0.7840353524026994
38,6,198,198.0,548.8247466818896,0.09604681033252462,0.11654458618283993,0.03102726866319718,2.7718421549590384
38,4,385,385.0,548.8247466818896,0.1584130155558727,0.4774246490030405,0.10781238534161569,1.4255188225503626
38,1,620,620.0,548.8247466818896,0.1374339945768517,1.0542677817382489,0.12825877879314676,0.8852012043256283
38,0,434,434.0,548.8247466818896,0.13757670900528043,0.513240535562834,0.08929143899817506,1.2645731490366119
39,0,341,341.0,509.3108320251177,0.13757670900528043,0.39747218087075986,0.08167331587928799,1.4935801525663275
39,4,700,700.0,509.3108320251177,0.1584130155558727,0.48565668311008425,0.055976417945773634,0.7275869028930253
39,6,110,110.0,509.3108320251177,0.09604681033252462,0.09075485855639151,0.0403592473592499,4.630098472955615
39,2,665,665.0,509.3108320251177,0.156272299129442,0.5254842816941041,0.06289309964250385,0.7658809504137108
39,3,700,700.0,509.3108320251177,0.15612958470101326,0.43862677373028514,0.049827054492917,0.7275869028930253
39,1,124,124.0,509.3108320251177,0.1374339945768517,0.3223249438700771,0.18194884917750032,4.107345419557401
39,5,700,700.0,509.3108320251177,0.15812758669901528,0.4674058757589579,0.053775775658556915,0.7275869028930253
40,6,374,374.0,531.4830883402311,0.09604681033252462,0.06820862228398511,0.009309794013102378,1.4210777763107785
40,3,490,490.0,531.4830883402311,0.15612958470101326,0.4921514535490746,0.08334457695743183,1.0846593639596553
40,2,350,350.0,531.4830883402311,0.156272299129442,0.4817676790993648,0.11432496257844532,1.5185231095435174
40,1,620,620.0,531.4830883402311,0.1374339945768517,0.31292667573371163,0.036866721368356135,0.8572307876455341
40,5,700,700.0,531.4830883402311,0.15812758669901528,0.4546579581832324,0.05458632417686116,0.7592615547717587
40,4,525,525.0,531.4830883402311,0.1584130155558727,0.5524299069387363,0.08859275142945482,1.0123487396956783
40,0,620,620.0,531.4830883402311,0.13757670900528043,0.39503181810652144,0.046588073763893637,0.8572307876455341
41,6,440,440.0,428.15684315684314,0.09604681033252462,0.08275438955203634,0.007734356734338659,0.9730837344473707
41,5,560,560.0,428.15684315684314,0.15812758669901528,0.43059513127173077,0.052058496429357344,0.7645657913515056
41,3,70,70.0,428.15684315684314,0.15612958470101326,0.39170959055839283,0.37407118809791984,6.116526330812045
41,4,490,490.0,428.15684315684314,0.1584130155558727,0.5239407294059142,0.07252367972002932,0.8737894758302921
41,0,620,620.0,428.15684315684314,0.13757670900528043,0.5766918263073506,0.054789824912499896,0.6905755534787793
41,1,620,620.0,428.15684315684314,0.1374339945768517,0.3871598068031094,0.036744778542412745,0.6905755534787793
41,2,245,245.0,428.15684315684314,0.156272299129442,0.4513102554407856,0.12325200968591153,1.7475789516605842
42,4,700,700.0,533.8334522620237,0.1584130155558727,0.5415659010233183,0.06542593202174259,0.7626192175171767
42,2,700,700.0,533.8334522620237,0.156272299129442,0.44203968969329893,0.052680636318061365,0.7626192175171767
42,6,352,352.0,533.8334522620237,0.09604681033252462,0.20226722317356577,0.029462634665509458,1.5165723075625672
42,0,186,186.0,533.8334522620237,0.13757670900528043,0.5394501763400048,0.2130046559894946,2.870072323989375
42,3,455,455.0,533.8334522620237,0.15612958470101326,0.5051667541250722,0.0925367737696876,1.1732603346418102
42,1,527,527.0,533.8334522620237,0.1374339945768517,0.4676257127102771,0.06510100942295971,1.012966702584485
42,5,700,700.0,533.8334522620237,0.15812758669901528,0.6757641846627881,0.08149117099142351,0.7626192175171767
43,5,700,700.0,569.3463679177964,0.15812758669901528,0.5241868408091949,0.06741744221266924,0.8133519541682807
43,4,350,350.0,569.3463679177964,0.1584130155558727,0.46963042655056975,0.12101956784378076,1.6267039083365613
43,3,560,560.0,569.3463679177964,0.15612958470101326,0.3918072423767864,0.0621936709275407,1.0166899427103508
43,2,700,700.0,569.3463679177964,0.156272299129442,0.4468842056956993,0.05680093984280619,0.8133519541682807
43,6,418,418.0,569.3463679177964,0.09604681033252462,0.11039950538198591,0.014442765073737353,1.362072650521044
43,0,589,589.0,569.3463679177964,0.13757670900528043,0.4101167107343113,0.05453981263231812,0.9666322035955797
43,1,620,620.0,569.3463679177964,0.1374339945768517,0.3959193021178907,0.049967280100853786,0.9183005934158007
44,2,245,245.0,485.38789781646926,0.156272299129442,0.39694013730876776,0.12289377269609422,1.981175093128446
44,1,620,620.0,485.38789781646926,0.1374339945768517,0.3718037265637523,0.04000416062171378,0.7828837061555955
44,6,176,176.0,485.38789781646926,0.09604681033252462,0.10525492023755563,0.02788056877181383,2.757885783048121
44,3,315,315.0,485.38789781646926,0.15612958470101326,0.38183182239049657,0.09186196156450022,1.5409139613221245
44,0,620,620.0,485.38789781646926,0.13757670900528043,0.37689378688266506,0.04059393471278096,0.7828837061555955
44,4,700,700.0,485.38789781646926,0.1584130155558727,0.42285401710781534,0.04644855693620769,0.6934112825949561
44,5,630,630.0,485.38789781646926,0.15812758669901528,0.5023183680639259,0.06119769945105609,0.7704569806610623
45,6,22,22.0,459.01441415727123,0.09604681033252462,0.11495678773016584,0.23036749997972075,20.864291552603238
45,3,490,490.0,459.01441415727123,0.15612958470101326,0.3369433267879114,0.04928018251784138,0.9367641105250434
45,5,700,700.0,459.01441415727123,0.15812758669901528,0.46109593619197975,0.04781093326505694,0.6557348773675303
45,2,280,280.0,459.01441415727123,0.156272299129442,0.33971969449683,0.08703040786719851,1.6393371934188259
45,1,620,620.0,459.01441415727123,0.1374339945768517,0.40227917816190345,0.040931377254971625,0.7403458292859213
45,0,217,217.0,459.01441415727123,0.13757670900528043,0.49023244373933866,0.14266372381877473,2.1152737979597753
45,4,700,700.0,459.01441415727123,0.1584130155558727,0.46663971067561344,0.048473104914329886,0.6557348773675303
46,4,595,595.0,468.6980162694448,0.1584130155558727,0.5554460533296682,0.06931207431409925,0.7877277584360417
46,0,620,620.0,468.6980162694448,0.13757670900528043,0.5181614391015844,0.053890403150794124,0.7559645423700723
46,6,440,440.0,468.6980162694448,0.09604681033252462,0.006636517196702767,0.0006789903620752524,1.0652227642487382
46,5,700,700.0,468.6980162694448,0.15812758669901528,0.49183889002864745,0.05207455699102871,0.6695685946706355
46,3,175,175.0,468.6980162694448,0.15612958470101326,0.4402898756817125,0.18411067503859388,2.678274378682542
46,1,434,434.0,468.6980162694448,0.1374339945768517,0.4685830911618618,0.06954792362654631,1.0799493462429604
46,2,315,315.0,468.6980162694448,0.156272299129442,0.4175585574988186,0.09709166570198499,1.4879302103791898
47,5,700,700.0,507.28143285286137,0.15812758669901528,0.4875727693110833,0.05587248817388116,0.7246877612183734
47,2,665,665.0,507.28143285286137,0.156272299129442,0.4005272620473855,0.047746484988672795,0.7628292223351298
47,1,620,620.0,507.28143285286137,0.1374339945768517,0.38620035241108225,0.043427428382266806,0.818195859440099
47,0,620,620.0,507.28143285286137,0.13757670900528043,0.45576682551536324,0.05130325309612993,0.818195859440099
47,4,245,245.0,507.28143285286137,0.1584130155558727,0.46551974584106354,0.1526904415104578,2.070536460623924
47,3,385,385.0,507.28143285286137,0.15612958470101326,0.1990757606122946,0.0409535756177432,1.3176141113061335
47,6,242,242.0,507.28143285286137,0.09604681033252462,0.1628718483797468,0.03279159735633824,2.0962042679870305
48,0,434,434.0,473.01555587269866,0.13757670900528043,0.442527578131802,0.06635458713047615,1.089897594176725
48,6,198,198.0,473.01555587269866,0.09604681033252462,0.0851054824608277,0.019527683070376396,2.3889674539025183
48,2,490,490.0,473.01555587269866,0.156272299129442,0.48201555380249633,0.07271473027196887,0.9653378691279565
48,4,700,700.0,473.01555587269866,0.1584130155558727,0.40958825035566465,0.04384456185696161,0.6757365083895696
48,5,700,700.0,473.01555587269866,0.15812758669901528,0.46016747892271376,0.049170083880931255,0.6757365083895696
48,1,620,620.0,473.01555587269866,0.1374339945768517,0.4275545169860786,0.04483006850980475,0.7629283159237075
48,3,70,70.0,473.01555587269866,0.15612958470101326,0.35371684342438414,0.37317997274038206,6.757365083895695
49,3,700,700.0,535.365491651206,0.15612958470101326,0.3429695154415334,0.040953691883987696,0.7648078452160085
49,0,620,620.0,535.365491651206,0.13757670900528043,0.4619843971900351,0.05488212381975244,0.863492728469687
49,4,525,525.0,535.365491651206,0.1584130155558727,0.5369039763540682,0.08673183850435669,1.0197437936213447
49,2,525,525.0,535.365491651206,0.156272299129442,0.35210222557723064,0.05611020335116952,1.0197437936213447
49,6,440,440.0,535.365491651206,0.09604681033252462,0.1418195167645665,0.016573592086252142,1.216739753752741
49,1,527,527.0,535.365491651206,0.1374339945768517,0.5292707792674678,0.0738944542726605,1.0158737981996318
49,5,385,385.0,535.365491651206,0.15812758669901528,0.5271401240023095,0.11591065553162092,1.3905597185745608
50,4,700,700.0,534.9576138147567,0.1584130155558727,0.4281293952888634,0.05183071998930262,0.7642251625925095
50,6,176,176.0,534.9576138147567,0.09604681033252462,0.07419214176432419,0.02165945678115633,3.0395318966747538
50,2,700,700.0,534.9576138147567,0.156272299129442,0.44459943646049843,0.05309727613760967,0.7642251625925095
50,0,465,465.0,534.9576138147567,0.13757670900528043,0.3470038467473735,0.05492190919564548,1.1504464813220574
50,3,420,420.0,534.9576138147567,0.15612958470101326,0.3412049755841007,0.06785324822077612,1.2737086043208492
50,1,620,620.0,534.9576138147567,0.1374339945768517,0.4084183894472892,0.04843141318489958,0.8628348609915429
50,5,525,525.0,534.9576138147567,0.15812758669901528,0.3844519306132963,0.061945499417458964,1.0189668834566794
51,3,630,630.0,541.6362209219352,0.15612958470101326,0.3956587503283389,0.05310961208201673,0.8597400332094209
51,0,248,248.0,541.6362209219352,0.13757670900528043,0.3211065100559631,0.0964828326177383,2.1840170198465128
51,1,341,341.0,541.6362209219352,0.1374339945768517,0.42247968582470485,0.09222598906324658,1.5883760144338275
51,6,440,440.0,541.6362209219352,0.09604681033252462,0.0656972964050327,0.0077675752138405855,1.2309914111862164
51,2,630,630.0,541.6362209219352,0.156272299129442,0.3843503388434295,0.0516388330989048,0.8597400332094209
51,5,700,700.0,541.6362209219352,0.15812758669901528,0.39442542751410636,0.04825943211434265,0.7737660298884789
51,4,700,700.0,541.6362209219352,0.1584130155558727,0.44543372421098076,0.05459886508361623,0.7737660298884789
52,1,620,620.0,453.9610389610389,0.1374339945768517,0.49688370754046357,0.05000066935035476,0.7321952241307079
52,2,665,665.0,453.9610389610389,0.156272299129442,0.39286932669656793,0.04191090706431959,0.6826481788887804
52,0,620,620.0,453.9610389610389,0.13757670900528043,0.2631145844862283,0.026504323882145533,0.7321952241307079
52,3,560,560.0,453.9610389610389,0.15612958470101326,0.48439374044959155,0.06130759519427208,0.8106447124304267
52,6,440,440.0,453.9610389610389,0.09604681033252462,0.08504844468595862,0.008427819534279351,1.0317296340023612
52,5,210,210.0,453.9610389610389,0.15812758669901528,0.38563492716614217,0.13182060203278026,2.1617192331478043
52,4,105,105.0,453.9610389610389,0.1584130155558727,0.4354312400117789,0.29822203389011415,4.323438466295609
53,0,620,620.0,504.93249607535313,0.13757670900528043,0.5403365347298867,0.06054118003991427,0.8144072517344405
53,1,620,620.0,504.93249607535313,0.1374339945768517,0.44512771197576734,0.049821917058302606,0.8144072517344405
53,3,665,665.0,504.93249607535313,0.15612958470101326,0.565499795459091,0.06703927870987851,0.7592969865794784
53,2,350,350.0,504.93249607535313,0.156272299129442,0.503152265441974,0.11343490492310346,1.442664274501009
53,4,385,385.0,504.93249607535313,0.1584130155558727,0.1470802276260157,0.03055749481278428,1.311512976819099
53,6,44,44.0,504.93249607535313,0.09604681033252462,0.18423028284989476,0.2030601070131174,11.475738547167117
53,5,700,700.0,504.93249607535313,0.15812758669901528,0.3225288012330314,0.036788444639109234,0.7213321372505045
54,4,525,525.0,537.2316255173398,0.1584130155558727,0.38163116927385415,0.061863853178917426,1.0232983343187425
54,6,264,264.0,537.2316255173398,0.09604681033252462,0.0021038132021972294,0.00041119494458357995,2.034968278474772
54,5,665,665.0,537.2316255173398,0.15812758669901528,0.45533587916717244,0.05816737175813501,0.8078671060411124
54,0,620,620.0,537.2316255173398,0.13757670900528043,0.41528283679637434,0.0495061074448482,0.866502621802161
54,3,700,700.0,537.2316255173398,0.15612958470101326,0.3855028773056799,0.0461930202723189,0.7674737507390569
54,2,280,280.0,537.2316255173398,0.156272299129442,0.3974168709020628,0.11916036930477142,1.9186843768476423
54,1,620,620.0,537.2316255173398,0.1374339945768517,0.4753042511147119,0.05660251772428427,0.866502621802161
55,1,62,62.0,376.9269302126445,0.1374339945768517,0.3965049679574454,0.3312899648093177,6.079466616332976
55,0,124,124.0,376.9269302126445,0.13757670900528043,0.2984593417679548,0.12481465354966458,3.039733308166488
55,3,35,35.0,376.9269302126445,0.15612958470101326,0.35455689646943883,0.5961564744386678,10.769340863218414
55,4,700,700.0,376.9269302126445,0.1584130155558727,0.383982985382713,0.03275382087442231,0.5384670431609208
55,6,440,440.0,376.9269302126445,0.09604681033252462,0.10480117659888072,0.008622904896614466,0.8566521141196466
55,2,525,525.0,376.9269302126445,0.156272299129442,0.3226403168694734,0.03619916070310311,0.7179560575478943
55,5,700,700.0,376.9269302126445,0.15812758669901528,0.3912940738168658,0.03331731852882705,0.5384670431609208
56,3,455,455.0,565.6329384900814,0.15612958470101326,0.40860692316085895,0.07930749278681917,1.2431493153628164
56,6,88,88.0,565.6329384900814,0.09604681033252462,0.19641719946048763,0.1212591391930428,6.42764702829638
56,1,620,620.0,565.6329384900814,0.1374339945768517,0.4518130390775463,0.05664948058271878,0.9123111911130345
56,0,589,589.0,565.6329384900814,0.13757670900528043,0.5238453818413376,0.06920977430285964,0.960327569592668
56,5,630,630.0,565.6329384900814,0.15812758669901528,0.6539703662127887,0.09284528518158094,0.8978300610953673
56,4,700,700.0,565.6329384900814,0.1584130155558727,0.6764633189147348,0.08659080260411606,0.8080470549858306
56,2,700,700.0,565.6329384900814,0.156272299129442,0.5498624297507179,0.06943408236379701,0.8080470549858306
57,3,175,175.0,419.1345797060083,0.15612958470101326,0.35809300820474377,0.1339049063292411,2.3950547411771903
57,5,140,140.0,419.1345797060083,0.15812758669901528,0.42921299715459654,0.2031917002963942,2.993818426471488
57,4,420,420.0,419.1345797060083,0.1584130155558727,0.47993498445115257,0.07587129070708178,0.997939475490496
57,1,620,620.0,419.1345797060083,0.1374339945768517,0.30766490248387607,0.028584719107605124,0.6760235156548521
57,6,242,242.0,419.1345797060083,0.09604681033252462,0.018590895026641206,0.0030925830562969514,1.7319610731653237
57,2,700,700.0,419.1345797060083,0.156272299129442,0.45520535310221255,0.042593645796224384,0.5987636852942976
57,0,620,620.0,419.1345797060083,0.13757670900528043,0.47406981103798046,0.04409090567604864,0.6760235156548521
58,6,242,242.0,448.7866419294991,0.09604681033252462,0.15159967939935468,0.027002612574383387,1.854490255907021
58,0,620,620.0,448.7866419294991,0.13757670900528043,0.37140575562977396,0.03698637582586283,0.7238494224669341
58,2,700,700.0,448.7866419294991,0.156272299129442,0.4513021208530188,0.04521590813840233,0.6411237741849988
58,5,105,105.0,448.7866419294991,0.15812758669901528,0.31076143095199743,0.2100319565798465,4.274158494566659
58,3,280,280.0,448.7866419294991,0.15612958470101326,0.3932948509412482,0.09842045206509904,1.6028094354624969
58,4,700,700.0,448.7866419294991,0.1584130155558727,0.37401571698934855,0.03798591530891946,0.6411237741849988
58,1,434,434.0,448.7866419294991,0.1374339945768517,0.36917071977668436,0.052465233510750324,1.0340706035241916
59,4,70,70.0,496.25174825174827,0.1584130155558727,0.48783890326936036,0.5478621553141257,7.08931068931069
59,6,132,132.0,496.25174825174827,0.09604681033252462,0.07154035286641683,0.02583224453736821,3.759482941301123
59,5,665,665.0,496.25174825174827,0.15812758669901528,0.3158477964619065,0.03727055832731335,0.7462432304537568
59,2,700,700.0,496.25174825174827,0.156272299129442,0.4554064544519995,0.05045279065010372,0.7089310689310689
59,1,620,620.0,496.25174825174827,0.1374339945768517,0.33253893347696706,0.03658028034109375,0.800406045567336
59,0,620,620.0,496.25174825174827,0.13757670900528043,0.38828545389531927,0.04275691848356479,0.800406045567336
59,3,560,560.0,496.25174825174827,0.15612958470101326,0.39660363963315637,0.05487264852159841,0.8861638361638362
60,0,620,620.0,428.41558441558436,0.13757670900528043,0.6277373956245283,0.05967555803886971,0.6909928780896522
60,2,350,350.0,428.41558441558436,0.156272299129442,0.5753806151129278,0.11006125083939682,1.2240445269016695
60,6,286,286.0,428.41558441558436,0.09604681033252462,0.3762051727947937,0.054126125114710925,1.4979565888656796
60,3,700,700.0,428.41558441558436,0.15612958470101326,0.6111739701140032,0.058400595368522504,0.6120222634508348
60,4,140,140.0,428.41558441558436,0.1584130155558727,0.43625903397393795,0.2114815669902958,3.060111317254174
60,5,280,280.0,428.41558441558436,0.15812758669901528,0.4417324457746009,0.10687451875386399,1.530055658627087
60,1,620,620.0,428.41558441558436,0.1374339945768517,0.6229466632296294,0.05915869766457765,0.6909928780896522
61,1,248,248.0,499.3700585129157,0.1374339945768517,0.5086366683555458,0.1407578594754888,2.0135889456165956
61,5,700,700.0,499.3700585129157,0.15812758669901528,0.37053917683769033,0.04179903297192433,0.7133857978755939
61,4,630,630.0,499.3700585129157,0.1584130155558727,0.39171289051238556,0.04918590589717108,0.7926508865284376
61,0,155,155.0,499.3700585129157,0.13757670900528043,0.4061997878289727,0.18004265540055234,3.221742312986553
61,2,700,700.0,499.3700585129157,0.156272299129442,0.4722484551232125,0.05264740949681469,0.7133857978755939
61,6,154,154.0,499.3700585129157,0.09604681033252462,0.041658107821976785,0.012974309828781965,3.242662717616336
61,3,700,700.0,499.3700585129157,0.15612958470101326,0.4772991290778713,0.05316187690947087,0.7133857978755939
62,3,315,315.0,515.2190666476381,0.15612958470101326,0.3627901442475971,0.0926450153302392,1.6356160845956764
62,2,700,700.0,515.2190666476381,0.156272299129442,0.4043713962680789,0.04651106840788697,0.7360272380680545
62,0,372,372.0,515.2190666476381,0.13757670900528043,0.15536421472402323,0.029603625213240878,1.3849974909882745
62,5,700,700.0,515.2190666476381,0.15812758669901528,0.3918884825379893,0.04561041557812101,0.7360272380680545
62,1,620,620.0,515.2190666476381,0.1374339945768517,0.23047348527306202,0.026321787339974957,0.8309984945929647
62,6,44,44.0,515.2190666476381,0.09604681033252462,0.12048278493976,0.13550246456964482,11.709524241991774
62,4,665,665.0,515.2190666476381,0.1584130155558727,0.4044023009649635,0.04963348389938559,0.7747655137558468
63,6,110,110.0,467.54031682603113,0.09604681033252462,0.005905905568324547,0.002410992319960897,4.250366516600283
63,0,620,620.0,467.54031682603113,0.13757670900528043,0.39053768619119056,0.040516809790922974,0.754097285203276
63,4,700,700.0,467.54031682603113,0.1584130155558727,0.36639725204992213,0.03876716975095204,0.6679147383229016
63,3,665,665.0,467.54031682603113,0.15612958470101326,0.4260672715395761,0.046769292592380496,0.7030681456030543
63,5,350,350.0,467.54031682603113,0.15812758669901528,0.4181270405381281,0.08832159836060009,1.3358294766458032
63,1,620,620.0,467.54031682603113,0.1374339945768517,0.3266636991967118,0.033854969175876694,0.754097285203276
63,2,105,105.0,467.54031682603113,0.156272299129442,0.3957045786621423,0.275348582389779,4.452764922152677
64,4,210,210.0,389.458398744113,0.1584130155558727,0.40704275929137246,0.11958388930249596,1.8545638035433953
64,1,620,620.0,389.458398744113,0.1374339945768517,0.38166481899956256,0.032949261384178884,0.6281587076517952
64,5,105,105.0,389.458398744113,0.15812758669901528,0.4181981337249647,0.24527964453815268,3.7091276070867907
64,3,700,700.0,389.458398744113,0.15612958470101326,0.3412998107788197,0.029647241148761678,0.5563691410630186
64,0,620,620.0,389.458398744113,0.13757670900528043,0.42317677151120486,0.03657093986589281,0.6281587076517952
64,2,315,315.0,389.458398744113,0.156272299129442,0.2926803272430789,0.056549146406080004,1.2363758690289302
64,6,110,110.0,389.458398744113,0.09604681033252462,0.18433185444982755,0.06268328205633551,3.540530897673755
65,0,620,620.0,518.2197802197802,0.13757670900528043,0.385111507538495,0.04428470017724802,0.8358383551931938
65,2,700,700.0,518.2197802197802,0.156272299129442,0.47918969984723375,0.05543772780842941,0.7403139717425431
65,1,248,248.0,518.2197802197802,0.1374339945768517,0.3782730272057434,0.10863301912133427,2.0895958879829846
65,6,374,374.0,518.2197802197802,0.09604681033252462,0.09402323204677643,0.012512972966422118,1.3856143856143857
65,3,630,630.0,518.2197802197802,0.15612958470101326,0.4611024384515242,0.059218316902732195,0.8225710797139368
65,4,700,700.0,518.2197802197802,0.1584130155558727,0.29071477904298215,0.034093682905166005,0.7403139717425431
65,5,280,280.0,518.2197802197802,0.15812758669901528,0.32008243078061355,0.09367537360594894,1.8507849293563579
66,1,248,248.0,426.29570429570424,0.1374339945768517,0.19336618311006215,0.045680828277073524,1.7189342915149364
66,5,315,315.0,426.29570429570424,0.15812758669901528,0.34088983382319094,0.07294946230683975,1.3533196961768388
66,3,700,700.0,426.29570429570424,0.15612958470101326,0.3773932813321425,0.03588329248714063,0.6089938632795775
66,4,245,245.0,426.29570429570424,0.1584130155558727,0.34253136674176204,0.09441393111476866,1.7399824665130785
66,2,700,700.0,426.29570429570424,0.156272299129442,0.3840885136515154,0.03655327027373942,0.6089938632795775
66,0,310,310.0,426.29570429570424,0.13757670900528043,0.33256282191242803,0.06291698103909696,1.375147433211949
66,6,440,440.0,426.29570429570424,0.09604681033252462,0.08174868829429707,0.007607150693647954,0.9688538733993278
67,4,700,700.0,458.00299700299695,0.1584130155558727,0.33251765263048005,0.03446480670796328,0.654289995718567
67,6,286,286.0,458.00299700299695,0.09604681033252462,0.09716385104482048,0.014944794686226169,1.6014090804300594
67,1,620,620.0,458.00299700299695,0.1374339945768517,0.25526483599507993,0.025915631303802596,0.7387145112951564
67,3,700,700.0,458.00299700299695,0.15612958470101326,0.39393246252919367,0.04024178674589182,0.654289995718567
67,0,186,186.0,458.00299700299695,0.13757670900528043,0.3328710893996536,0.11276553103157126,2.462381704317188
67,2,35,35.0,458.00299700299695,0.156272299129442,0.3674503635277955,0.7514169001667733,13.085799914371341
67,5,595,595.0,458.00299700299695,0.15812758669901528,0.30394263262175975,0.0369956462305482,0.7697529361394907
68,0,217,217.0,511.95918367346934,0.13757670900528043,0.6379778878974137,0.20707427378208063,2.3592589109376467
68,1,527,527.0,511.95918367346934,0.1374339945768517,0.6097220076977042,0.08140494052423716,0.9714595515625604
68,4,700,700.0,511.95918367346934,0.1584130155558727,0.7322620064214845,0.08483882801633681,0.7313702623906705
68,5,700,700.0,511.95918367346934,0.15812758669901528,0.7351881937212451,0.08502437828178402,0.7313702623906705
68,6,308,308.0,511.95918367346934,0.09604681033252462,0.1896721307472064,0.03028106121477945,1.6622051417969783
68,3,700,700.0,511.95918367346934,0.15612958470101326,0.5129492382164428,0.05857292221043456,0.7313702623906705
68,2,315,315.0,511.95918367346934,0.156272299129442,0.3392333725375777,0.08615993363763408,1.6252672497570455
69,5,210,210.0,385.86013986013984,0.15812758669901528,0.4429434848764059,0.1286964548425716,1.8374292374292374
69,4,105,105.0,385.86013986013984,0.1584130155558727,0.46299666263816097,0.2695313832703025,3.6748584748584747
69,0,403,403.0,385.86013986013984,0.13757670900528043,0.25663245797176604,0.03380503354324306,0.9574693296777663
69,6,440,440.0,385.86013986013984,0.09604681033252462,0.10886230071275706,0.009169331965224597,0.8769548633184996
69,2,700,700.0,385.86013986013984,0.156272299129442,0.43009296650853535,0.03704897689448944,0.5512287712287712
69,3,280,280.0,385.86013986013984,0.15612958470101326,0.3641009762704277,0.07833916423772719,1.378071928071928
69,1,620,620.0,385.86013986013984,0.1374339945768517,0.3595903063666724,0.03075674509095419,0.6223550642905481
70,4,700,700.0,471.32909947195657,0.1584130155558727,0.179136286244588,0.0191073580238206,0.673327284959938
70,3,700,700.0,471.32909947195657,0.15612958470101326,0.4928390826765136,0.051810353874415765,0.673327284959938
70,2,245,245.0,471.32909947195657,0.156272299129442,0.4215666953701306,0.12673788761169366,1.92379224274268
70,1,620,620.0,471.32909947195657,0.1374339945768517,0.3879391451498866,0.04053128176889476,0.7602082249547687
70,6,220,220.0,471.32909947195657,0.09604681033252462,0.17686649085850664,0.03639402413162788,2.1424049975998027
70,0,372,372.0,471.32909947195657,0.13757670900528043,0.40418092361199603,0.07045341388365609,1.2670137082579478
70,5,350,350.0,471.32909947195657,0.15812758669901528,0.2746682737276382,0.058488751379802875,1.346654569919876
71,0,620,620.0,425.5864135864136,0.13757670900528043,0.3147578201670727,0.029724702110605353,0.6864296993329252
71,6,44,44.0,425.5864135864136,0.09604681033252462,0.07206867029357988,0.0669521510263484,9.67241849060031
71,3,700,700.0,425.5864135864136,0.15612958470101326,0.37121791660437564,0.03523739936688295,0.6079805908377337
71,1,124,124.0,425.5864135864136,0.1374339945768517,0.3468635173395146,0.1636133975881245,3.4321484966646256
71,5,210,210.0,425.5864135864136,0.15812758669901528,0.32989644549863956,0.10571916869857784,2.0266019694591124
71,2,420,420.0,425.5864135864136,0.156272299129442,0.2813242628421366,0.04454794306551271,1.0133009847295562
71,4,700,700.0,425.5864135864136,0.1584130155558727,0.3694856185549585,0.03558591322810746,0.6079805908377337
72,6,374,374.0,504.8792635935493,0.09604681033252462,0.054147850925285214,0.007020694942384946,1.349944555062966
72,2,420,420.0,504.8792635935493,0.156272299129442,0.45712997888553014,0.08587365511405466,1.2020934847465459
72,3,700,700.0,504.8792635935493,0.15612958470101326,0.42459331595000094,0.047813204466520445,0.7212560908479275
72,1,341,341.0,504.8792635935493,0.1374339945768517,0.3123877424501569,0.06356547679778232,1.480584350714221
72,4,700,700.0,504.8792635935493,0.1584130155558727,0.4139733115835468,0.047299080547340264,0.7212560908479275
72,0,186,186.0,504.8792635935493,0.13757670900528043,0.3421234482893564,0.12776218971790193,2.7144046429760715
72,5,700,700.0,504.8792635935493,0.15812758669901528,0.35212123398398454,0.04015959752796396,0.7212560908479275
73,4,490,490.0,473.99386327957757,0.1584130155558727,0.36246921710589697,0.05554418899901915,0.9673344148562808
73,3,700,700.0,473.99386327957757,0.15612958470101326,0.42908794620384233,0.045363462724784906,0.6771340903993965
73,2,420,420.0,473.99386327957757,0.156272299129442,0.3470607752028915,0.061208390930902364,1.1285568173323275
73,0,620,620.0,473.99386327957757,0.13757670900528043,0.17340250016119654,0.018238171735961817,0.7645062310960928
73,5,700,700.0,473.99386327957757,0.15812758669901528,0.3442198347259272,0.0368568498687748,0.6771340903993965
73,1,93,93.0,473.99386327957757,0.1374339945768517,0.1443562974644267,0.10111595187656464,5.096708207307286
73,6,132,132.0,473.99386327957757,0.09604681033252462,0.09212755855749123,0.03177395650556873,3.5908626006028603
74,3,700,700.0,411.7185671471386,0.15612958470101326,0.4737140186971118,0.043501462124598565,0.5881693816387694
74,0,620,620.0,411.7185671471386,0.13757670900528043,0.3873695190703858,0.035389882768752566,0.66406220507603
74,6,44,44.0,411.7185671471386,0.09604681033252462,0.0528732976962467,0.04751898121864564,9.357240162434968
74,4,105,105.0,411.7185671471386,0.1584130155558727,0.3316243013608054,0.20599105551327618,3.9211292109251294
74,1,310,310.0,411.7185671471386,0.1374339945768517,0.182645989328668,0.03333827069509873,1.32812441015206
74,2,700,700.0,411.7185671471386,0.156272299129442,0.42605508975591605,0.03916067529055764,0.5881693816387694
74,5,280,280.0,411.7185671471386,0.15812758669901528,0.34084253772546264,0.07925083640373666,1.4704234540969234
75,4,315,315.0,506.89567575281853,0.1584130155558727,0.1339588323154996,0.03414839112854596,1.6091926214375192
75,3,665,665.0,506.89567575281853,0.15612958470101326,0.4177886777238625,0.04972088059817409,0.7622491364704038
75,6,66,66.0,506.89567575281853,0.09604681033252462,0.10734815747642068,0.07918669041588444,7.680237511406341
75,2,420,420.0,506.89567575281853,0.156272299129442,0.44328117897337765,0.08360468017588428,1.2068944660781393
75,0,620,620.0,506.89567575281853,0.13757670900528043,0.3646882645178051,0.04101980593777834,0.8175736705690622
75,5,700,700.0,506.89567575281853,0.15812758669901528,0.295264637984643,0.033809568383132725,0.7241366796468837
75,1,620,620.0,506.89567575281853,0.1374339945768517,0.3895893028190774,0.043775195081545065,0.8175736705690622
76,4,560,560.0,470.0729270729271,0.1584130155558727,0.4583373655881394,0.06094714102277599,0.8394159412016555
76,6,154,154.0,470.0729270729271,0.09604681033252462,0.013528967657877682,0.00396635994850669,3.0524216043696564
76,2,700,700.0,470.0729270729271,0.156272299129442,0.3688033393166045,0.038702947954774754,0.6715327529613244
76,5,315,315.0,470.0729270729271,0.15812758669901528,0.35310740844885813,0.08332381733062626,1.492295006580721
76,0,620,620.0,470.0729270729271,0.13757670900528043,0.35855201606742365,0.03739991673199781,0.7581821404402049
76,1,93,93.0,470.0729270729271,0.1374339945768517,0.31098582087006427,0.21603148393245628,5.0545476029347
76,3,700,700.0,470.0729270729271,0.15612958470101326,0.3677058135814774,0.038552531471105024,0.6715327529613244
77,4,490,490.0,544.9656058227487,0.1584130155558727,0.35410456542905167,0.062387186579090044,1.1121747057607116
77,1,558,558.0,544.9656058227487,0.1374339945768517,0.1446887499913491,0.019420653023337443,0.9766408706500872
77,5,350,350.0,544.9656058227487,0.15812758669901528,0.32165994865997677,0.0791964437765343,1.5570445880649961
77,0,620,620.0,544.9656058227487,0.13757670900528043,0.23827787682115822,0.02881416523249671,0.8789767835850785
77,3,630,630.0,544.9656058227487,0.15612958470101326,0.39495496366091093,0.0533410210928124,0.8650247711472201
77,6,440,440.0,544.9656058227487,0.09604681033252462,0.12706846930388735,0.015116009712373417,1.2385581950517015
77,2,700,700.0,544.9656058227487,0.156272299129442,0.4034527221323124,0.04908465077081116,0.7785222940324981
78,1,31,31.0,439.023976023976,0.1374339945768517,0.3005977971256131,0.5850682193163709,14.162063742708902
78,4,700,700.0,439.023976023976,0.1584130155558727,0.33399095902956694,0.03318300945096448,0.62717710860568
78,3,210,210.0,439.023976023976,0.15612958470101326,0.5282007704377499,0.17240631871523046,2.0905903620189332
78,0,527,527.0,439.023976023976,0.13757670900528043,0.3457825470557906,0.03963014020861168,0.8330625731005237
78,2,420,420.0,439.023976023976,0.156272299129442,0.34827993582989814,0.05689176476794353,1.0452951810094666
78,6,440,440.0,439.023976023976,0.09604681033252462,0.0810501166550826,0.007767337087933084,0.9977817636908545
78,5,700,700.0,439.023976023976,0.15812758669901528,0.49609623022567656,0.049199848834527514,0.62717710860568
79,2,700,700.0,500.5757100042814,0.156272299129442,0.5786493004280109,0.06466498275677982,0.7151081571489735
79,6,242,242.0,500.5757100042814,0.09604681033252462,0.17420921834060665,0.03461054873507499,2.0684946694391795
79,0,527,527.0,500.5757100042814,0.13757670900528043,0.34669429054515255,0.04530548280152589,0.9498590322661886
79,4,700,700.0,500.5757100042814,0.1584130155558727,0.5967712172246367,0.06760369938373857,0.7151081571489735
79,5,490,490.0,500.5757100042814,0.15812758669901528,0.543024270784051,0.08772039446448307,1.0215830816413907
79,3,140,140.0,500.5757100042814,0.15612958470101326,0.5339940994600576,0.2981009767477368,3.575540785744867
79,1,620,620.0,500.5757100042814,0.1374339945768517,0.27516496706127325,0.030532712794363814,0.8073801774262603
80,6,440,440.0,459.8999571856715,0.09604681033252462,0.09806776285023677,0.0098450949170984,1.0452271754219806
80,3,385,385.0,459.8999571856715,0.15612958470101326,0.2983428951160652,0.05564210403749767,1.1945453433394064
80,4,700,700.0,459.8999571856715,0.1584130155558727,0.43619675172737443,0.04539819830430444,0.6569999388366735
80,1,279,279.0,459.8999571856715,0.1374339945768517,0.36924691885198435,0.08365082250603613,1.6483869433178189
80,0,558,558.0,459.8999571856715,0.13757670900528043,0.3868311391844132,0.04386271533700102,0.8241934716589094
80,2,700,700.0,459.8999571856715,0.156272299129442,0.40480706404510824,0.04156190193642458,0.6569999388366735
80,5,140,140.0,459.8999571856715,0.15812758669901528,0.38851079184439996,0.2018115710424629,3.2849996941833677
81,4,315,315.0,392.3676323676324,0.1584130155558727,0.33873302319892146,0.06683916559277145,1.2456115313258171
81,2,700,700.0,392.3676323676324,0.156272299129442,0.3370251025176,0.029521565570756133,0.5605251890966176
81,6,242,242.0,392.3676323676324,0.09604681033252462,0.1206996511516621,0.018796057698815004,1.6213538527588114
81,1,620,620.0,392.3676323676324,0.1374339945768517,0.27732625787386705,0.024120518847308665,0.6328510199477941
81,0,31,31.0,392.3676323676324,0.13757670900528043,0.29933113032089087,0.5212286534185147,12.657020398955883
81,5,70,70.0,392.3676323676324,0.15812758669901528,0.1471598280165512,0.1304343710467456,5.605251890966177
81,3,700,700.0,392.3676323676324,0.15612958470101326,0.4140667601742811,0.03623687239268905,0.5605251890966176
82,4,700,700.0,503.6357927786499,0.1584130155558727,0.495375137503865,0.05646035629891473,0.7194797039694998
82,0,186,186.0,503.6357927786499,0.13757670900528043,0.35244035662968326,0.13129076882819096,2.7077193160142468
82,5,700,700.0,503.6357927786499,0.15812758669901528,0.48560290139697265,0.05524684263909764,0.7194797039694998
82,3,700,700.0,503.6357927786499,0.15612958470101326,0.4913345007056876,0.055192620240159376,0.7194797039694998
82,6,418,418.0,503.6357927786499,0.09604681033252462,0.1301717225834558,0.015063986029540684,1.2048703176522724
82,2,385,385.0,503.6357927786499,0.156272299129442,0.5068326706835,0.1036101879296423,1.3081449163081815
82,1,341,341.0,503.6357927786499,0.1374339945768517,0.3763995604167279,0.07640213336917358,1.4769378087350435
83,2,700,700.0,479.87783644926503,0.156272299129442,0.39788210554148545,0.042625458285835215,0.6855397663560929
83,4,700,700.0,479.87783644926503,0.1584130155558727,0.4447874988679774,0.04830322035647085,0.6855397663560929
83,5,560,560.0,479.87783644926503,0.15812758669901528,0.35615429278714855,0.04826013043665899,0.8569247079451161
83,0,217,217.0,479.87783644926503,0.13757670900528043,0.1587653465472473,0.04830272035276063,2.211418601148687
83,6,66,66.0,479.87783644926503,0.09604681033252462,0.052004406683194275,0.036316990232748605,7.270876309837349
83,3,700,700.0,479.87783644926503,0.15612958470101326,0.35930495176474536,0.03845750092131147,0.6855397663560929
83,1,186,186.0,479.87783644926503,0.1374339945768517,0.2189921481381707,0.07764982141725338,2.579988368006801
84,6,418,418.0,494.4698158983874,0.09604681033252462,0.05087892983411953,0.005780753074979657,1.1829421432975775
84,4,595,595.0,494.4698158983874,0.1584130155558727,0.4044844571178586,0.05324949818483021,0.8310417073922478
84,3,105,105.0,494.4698158983874,0.15612958470101326,0.4571890723494337,0.3361487748989848,4.709236341889404
84,5,700,700.0,494.4698158983874,0.15812758669901528,0.42473754993152824,0.04744277092636151,0.7063854512834106
84,2,700,700.0,494.4698158983874,0.156272299129442,0.4049059085662419,0.0446969471999605,0.7063854512834106
84,0,279,279.0,494.4698158983874,0.13757670900528043,0.18685901981276704,0.04556113824794982,1.7722932469476251
84,1,620,620.0,494.4698158983874,0.1374339945768517,0.17969039863280808,0.01969550579200467,0.7975319611264313
85,0,620,620.0,455.05180533751957,0.13757670900528043,0.36104995742677726,0.03645703680791613,0.7339545247379348
85,2,245,245.0,455.05180533751957,0.156272299129442,0.37561949990389154,0.10902469719703627,1.8573543075000798
85,6,242,242.0,455.05180533751957,0.09604681033252462,0.14924765074416663,0.026954788358510843,1.8803793608988413
85,4,315,315.0,455.05180533751957,0.1584130155558727,0.3888215186009396,0.0889798032954398,1.4446089058333955
85,5,700,700.0,455.05180533751957,0.15812758669901528,0.4061392000564844,0.04174893042346949,0.650074007625028
85,3,700,700.0,455.05180533751957,0.15612958470101326,0.15638000608727365,0.015871911450395428,0.650074007625028
85,1,279,279.0,455.05180533751957,0.1374339945768517,0.3830699124583821,0.08586750627303545,1.6310100549731885
86,3,315,315.0,441.92179249322106,0.15612958470101326,0.3598224985708088,0.07881491002480269,1.402926325375305
86,0,124,124.0,441.92179249322106,0.13757670900528043,0.21084892769250532,0.10338083756403076,3.5638854233324277
86,1,620,620.0,441.92179249322106,0.1374339945768517,0.24167409256513203,0.02367434625344476,0.7127770846664856
86,6,440,440.0,441.92179249322106,0.09604681033252462,0.07996559860912353,0.007713986621938905,1.004367710211866
86,2,560,560.0,441.92179249322106,0.156272299129442,0.35846919993328263,0.04420701996218047,0.789146058023609
86,5,315,315.0,441.92179249322106,0.15812758669901528,0.30723555741449154,0.06815755209928157,1.402926325375305
86,4,700,700.0,441.92179249322106,0.1584130155558727,0.316777282971967,0.031680517651824794,0.6313168464188872
87,4,245,245.0,464.36706150991864,0.1584130155558727,0.35233763346654084,0.1057901460513598,1.895375761264974
87,2,700,700.0,464.36706150991864,0.156272299129442,0.3632784732728629,0.03766040899348898,0.6633815164427409
87,0,558,558.0,464.36706150991864,0.13757670900528043,0.15178801225640862,0.017378392346997125,0.8321990349640119
87,5,700,700.0,464.36706150991864,0.15812758669901528,0.3498286471243314,0.03669664665824065,0.6633815164427409
87,1,620,620.0,464.36706150991864,0.1374339945768517,0.18804484487567172,0.01935643256772375,0.7489791314676107
87,6,396,396.0,464.36706150991864,0.09604681033252462,0.08384451734193676,0.009443301082548913,1.1726440947220167
87,3,35,35.0,464.36706150991864,0.15612958470101326,0.3486149864612902,0.722145351164412,13.267630328854818
88,0,124,124.0,387.5847010132724,0.13757670900528043,0.872751007837039,0.3753014274297305,3.1256830726876808
88,4,210,210.0,387.5847010132724,0.1584130155558727,0.5353667762007263,0.15652712511548303,1.8456414333965354
88,1,620,620.0,387.5847010132724,0.1374339945768517,0.667883732310537,0.05738124561644283,0.6251366145375362
88,5,700,700.0,387.5847010132724,0.15812758669901528,0.561268625356074,0.04914134001513078,0.5536924300189606
88,6,220,220.0,387.5847010132724,0.09604681033252462,0.2311818247680875,0.03911835460969772,1.76174864096942
88,3,700,700.0,387.5847010132724,0.15612958470101326,0.34167006835152297,0.029536615194643533,0.5536924300189606
88,2,70,70.0,387.5847010132724,0.156272299129442,0.36810124845089914,0.31850619073616626,5.5369243001896065
89,4,315,315.0,332.60724989296415,0.1584130155558727,0.42449403338015124,0.0710041297807789,1.0558960314062353
89,0,620,620.0,332.60724989296415,0.13757670900528043,0.3011642048646132,0.02222738082658271,0.5364633062789744
89,5,140,140.0,332.60724989296415,0.15812758669901528,0.43274797833263823,0.16257223122460643,2.37576607066403
89,3,700,700.0,332.60724989296415,0.15612958470101326,0.5017622353637645,0.037223469261699484,0.4751532141328059
89,6,440,440.0,332.60724989296415,0.09604681033252462,0.08994720266807628,0.006530548258297197,0.7559255679385549
89,1,93,93.0,332.60724989296415,0.1374339945768517,0.30809687315723394,0.15143638127653508,3.5764220418598294
89,2,70,70.0,332.60724989296415,0.156272299129442,0.45186389262696885,0.3355237849590846,4.75153214132806
90,5,175,175.0,410.858855430284,0.15812758669901528,0.3915746682038629,0.14537068429778827,2.3477648881730513
90,6,88,88.0,410.858855430284,0.09604681033252462,0.16893453666228375,0.07575501203804909,4.668850629889591
90,2,280,280.0,410.858855430284,0.156272299129442,0.2709117443029968,0.06212186061882576,1.467353055108157
90,0,186,186.0,410.858855430284,0.13757670900528043,0.3924883685915308,0.11927554649743805,2.208918577582172
90,1,620,620.0,410.858855430284,0.1374339945768517,0.4094926148229961,0.03729419229459414,0.6626755732746517
90,3,700,700.0,410.858855430284,0.15612958470101326,0.27021552656737235,0.0247622507104464,0.5869412220432628
90,4,700,700.0,410.858855430284,0.1584130155558727,0.4051524035508935,0.03767071756926767,0.5869412220432628
91,2,630,630.0,460.1926644783788,0.156272299129442,0.3871472297862156,0.04419338828217411,0.7304645467910774
91,4,35,35.0,460.1926644783788,0.1584130155558727,0.33476231894791036,0.697266943306472,13.148361842239394
91,0,620,620.0,460.1926644783788,0.13757670900528043,0.24985210835494534,0.025513846430183732,0.7422462330296432
91,5,700,700.0,460.1926644783788,0.15812758669901528,0.30679375522831664,0.03189303209352729,0.6574180921119697
91,3,700,700.0,460.1926644783788,0.15612958470101326,0.406243427815705,0.04169780597929277,0.6574180921119697
91,1,186,186.0,460.1926644783788,0.1374339945768517,0.2818280168908326,0.09583079296663148,2.4741541100988105
91,6,264,264.0,460.1926644783788,0.09604681033252462,0.029987878331954324,0.005020702078273832,1.7431540321150711
92,1,310,310.0,474.6417867846439,0.1374339945768517,0.6173470547080248,0.1299055860617164,1.5311025380149803
92,5,700,700.0,474.6417867846439,0.15812758669901528,0.48675463621139786,0.05218980448222239,0.6780596954066341
92,4,630,630.0,474.6417867846439,0.1584130155558727,0.35026567860964036,0.04180361760111164,0.7533996615629268
92,0,310,310.0,474.6417867846439,0.13757670900528043,0.5484949871767629,0.11553720458747849,1.5311025380149803
92,6,440,440.0,474.6417867846439,0.09604681033252462,0.2445384492754932,0.025336311758248662,1.0787313336014634
92,3,700,700.0,474.6417867846439,0.15612958470101326,0.5968030960606097,0.06318066638114128,0.6780596954066341
92,2,175,175.0,474.6417867846439,0.156272299129442,0.5577029297437113,0.23638115435593102,2.7122387816265365
93,3,700,700.0,414.12387612387613,0.15612958470101326,0.3876394114387208,0.03580513868786293,0.591605537319823
93,4,700,700.0,414.12387612387613,0.1584130155558727,0.42580562898108926,0.03990565925490943,0.591605537319823
93,1,434,434.0,414.12387612387613,0.1374339945768517,0.3628419348539251,0.04758303995811976,0.9542024795481017
93,5,140,140.0,414.12387612387613,0.15812758669901528,0.44133598966189863,0.20643304649291694,2.9580276865991153
93,6,440,440.0,414.12387612387613,0.09604681033252462,0.0925539469932366,0.008366724806050494,0.941190627554264
93,0,31,31.0,414.12387612387613,0.13757670900528043,0.22088068799416935,0.40594877874578866,13.358834713673424
93,2,420,420.0,414.12387612387613,0.156272299129442,0.30555050576831505,0.047081033585945356,0.9860092288663718
94,1,527,527.0,579.7760810617954,0.1374339945768517,0.3889945342138658,0.05881489795559213,1.1001443663411676
94,2,630,630.0,579.7760810617954,0.156272299129442,0.5883305039696735,0.08461027625139257,0.9202794937488815
94,4,700,700.0,579.7760810617954,0.1584130155558727,0.41514481935565933,0.054469418427987436,0.8282515443739934
94,5,525,525.0,579.7760810617954,0.15812758669901528,0.37232834963093614,0.06501816962093444,1.1043353924986579
94,6,440,440.0,579.7760810617954,0.09604681033252462,0.15026890754242986,0.01901777450783652,1.3176729115040804
94,0,620,620.0,579.7760810617954,0.13757670900528043,0.23741752298887048,0.030544026714287128,0.9351227113899925
94,3,560,560.0,579.7760810617954,0.15612958470101326,0.5860927952258995,0.09473792198779796,1.0353144304674917
95,6,440,440.0,463.82431853860425,0.09604681033252462,0.09922183891612853,0.010045951037426852,1.0541461784968278
95,4,595,595.0,463.82431853860425,0.1584130155558727,0.3236659170958144,0.03996910100909024,0.7795366698127802
95,1,279,279.0,463.82431853860425,0.1374339945768517,0.38923064495617377,0.08893045358177233,1.6624527546186532
95,2,560,560.0,463.82431853860425,0.156272299129442,0.38529280648091496,0.049869887734001,0.828257711676079
95,5,700,700.0,463.82431853860425,0.15812758669901528,0.32494055019010837,0.034046073277191106,0.6626061693408632
95,3,35,35.0,463.82431853860425,0.15612958470101326,0.3908779134576741,0.8087453686492249,13.252123386817264
95,0,620,620.0,463.82431853860425,0.13757670900528043,0.19467187186344156,0.020035950355333662,0.7481037395783939
96,3,630,630.0,473.18724133009846,0.15612958470101326,0.3985684793245447,0.04673913071479739,0.7510908592541246
96,2,350,350.0,473.18724133009846,0.156272299129442,0.4148313527094879,0.08764326662292403,1.3519635466574242
96,4,490,490.0,473.18724133009846,0.1584130155558727,0.7490793203111211,0.11459234718580064,0.9656882476124459
96,1,31,31.0,473.18724133009846,0.1374339945768517,0.45404784889272815,0.9525046936224469,15.264104559035435
96,0,620,620.0,473.18724133009846,0.13757670900528043,0.6936558021993965,0.07283334839313597,0.7632052279517717
96,6,440,440.0,473.18724133009846,0.09604681033252462,0.24123141179181573,0.02491708047741861,1.0754255484774966
96,5,700,700.0,473.18724133009846,0.15812758669901528,0.7519644274797541,0.08037850518938267,0.6759817733287121
97,0,620,620.0,523.2448979591836,0.13757670900528043,0.4573822983071597,0.053105265163833466,0.8439433838051349
97,2,560,560.0,523.2448979591836,0.156272299129442,0.9710372184527314,0.14178649054028536,0.9343658892128279
97,4,700,700.0,523.2448979591836,0.1584130155558727,0.6569301360881551,0.07778878869016144,0.7474927113702623
97,6,110,110.0,523.2448979591836,0.09604681033252462,0.16010494501316672,0.0731475879311414,4.756771799628942
97,5,245,245.0,523.2448979591836,0.15812758669901528,0.60540272380346,0.20445179670262953,2.135693461057892
97,1,589,589.0,523.2448979591836,0.1374339945768517,0.4066723549244817,0.049651060355030835,0.8883614566369841
97,3,700,700.0,523.2448979591836,0.15612958470101326,0.9290182022342062,0.10842174431011967,0.7474927113702623
98,6,176,176.0,464.64806621949475,0.09604681033252462,0.03233391695923516,0.008198846046972639,2.640045830792584
98,0,403,403.0,464.64806621949475,0.13757670900528043,0.35258023815395717,0.05592705759855497,1.1529728690310044
98,2,175,175.0,464.64806621949475,0.156272299129442,0.4943191249588424,0.2051046471329859,2.6551318069685412
98,3,700,700.0,464.64806621949475,0.15612958470101326,0.518491288435931,0.053734444357399755,0.6637829517421353
98,4,700,700.0,464.64806621949475,0.1584130155558727,0.3761311064648191,0.03955088509508931,0.6637829517421353
98,1,248,248.0,464.64806621949475,0.1374339945768517,0.2890463024687839,0.07442760447322552,1.8735809121753821
98,5,700,700.0,464.64806621949475,0.15812758669901528,0.4793637394382293,0.05031516676724432,0.6637829517421353
99,5,455,455.0,469.8631368631369,0.15812758669901528,0.4028822933669325,0.06578786622105857,1.0326662348640372
99,6,132,132.0,469.8631368631369,0.09604681033252462,0.1250972015422117,0.042768890476733344,3.559569218660128
99,0,620,620.0,469.8631368631369,0.13757670900528043,0.2740858689057952,0.02857664539909717,0.7578437691340918
99,4,700,700.0,469.8631368631369,0.1584130155558727,0.5045022204296506,0.05364475634335006,0.6712330526616241
99,3,560,560.0,469.8631368631369,0.15612958470101326,0.30236933644171987,0.039610132768617724,0.8390413158270302
99,2,105,105.0,469.8631368631369,0.156272299129442,0.36625616642696973,0.2561232604427725,4.474887017744161
99,1,620,620.0,469.8631368631369,0.1374339945768517,0.25998953751402804,0.02707881937439605,0.7578437691340918
100,4,420,420.0,499.3570714999287,0.1584130155558727,0.3977603908551846,0.0749159530840195,1.1889454083331634
100,2,700,700.0,499.3570714999287,0.156272299129442,0.25626505345598444,0.02856831014915709,0.7133672449998981
100,6,352,352.0,499.3570714999287,0.09604681033252462,0.11497423259464401,0.015665779417885686,1.4186280440338883
100,5,700,700.0,499.3570714999287,0.15812758669901528,0.4199933971087977,0.04737653234421657,0.7133672449998981
100,3,245,245.0,499.3570714999287,0.15612958470101326,0.3375490802118912,0.10741557397659035,2.0381921285711373
100,0,620,620.0,499.3570714999287,0.13757670900528043,0.39057892023415103,0.04327860281400895,0.8054146314514978
100,1,403,403.0,499.3570714999287,0.1374339945768517,0.37045060011134856,0.06308565702823775,1.2390994330023044
101,6,440,440.0,489.3973169687456,0.09604681033252462,0.10022987951242504,0.010707524150645789,1.112266629474422
101,3,700,700.0,489.3973169687456,0.15612958470101326,0.32783814638427855,0.035785594305506166,0.6991390242410651
101,2,525,525.0,489.3973169687456,0.156272299129442,0.2398090985285495,0.03493413054917856,0.9321853656547535
101,1,434,434.0,489.3973169687456,0.1374339945768517,0.25091359781783523,0.03888572692126556,1.127643587485589
101,4,595,595.0,489.3973169687456,0.1584130155558727,0.3571149000386068,0.046531114038563144,0.8225164991071354
101,0,620,620.0,489.3973169687456,0.13757670900528043,0.30594337684557954,0.03322430208795155,0.7893505112399123
101,5,105,105.0,489.3973169687456,0.15812758669901528,0.3617951945210143,0.266650696269408,4.660926828273768
102,3,420,420.0,478.6275153418011,0.15612958470101326,0.42962536033818705,0.07644049403272331,1.1395893222423836
102,1,465,465.0,478.6275153418011,0.1374339945768517,0.31878662740537034,0.04509609883126201,1.0293064846060238
102,5,35,35.0,478.6275153418011,0.15812758669901528,0.04661474646605732,0.10080001267917967,13.675071866908603
102,6,396,396.0,478.6275153418011,0.09604681033252462,0.13858832753169628,0.016088371137534734,1.208655341772225
102,2,700,700.0,478.6275153418011,0.156272299129442,0.45455048993114383,0.04856951352616572,0.6837535933454302
102,4,700,700.0,478.6275153418011,0.1584130155558727,0.3048569969942173,0.03302072849121383,0.6837535933454302
102,0,620,620.0,478.6275153418011,0.13757670900528043,0.3179681021246287,0.03377026303223417,0.7719798634545179
103,5,700,700.0,424.27258455829883,0.15812758669901528,0.12865427777183938,0.012330446513236042,0.6061036922261411
103,1,186,186.0,424.27258455829883,0.1374339945768517,0.3065872826311761,0.09611260120772716,2.281035400851069
103,0,620,620.0,424.27258455829883,0.13757670900528043,0.3321009875280553,0.03126571491127013,0.6843106202553207
103,3,700,700.0,424.27258455829883,0.15612958470101326,0.2925290712576484,0.027682235976735067,0.6061036922261411
103,2,140,140.0,424.27258455829883,0.156272299129442,0.3810886640870155,0.18047828940608765,3.030518461130706
103,6,110,110.0,424.27258455829883,0.09604681033252462,0.14982086179235743,0.0555018580154066,3.8570234959845346
103,4,385,385.0,424.27258455829883,0.1584130155558727,0.3401082932405102,0.05937345523092046,1.1020067131384386
104,3,630,630.0,484.52790067075784,0.15612958470101326,0.34683223876140945,0.041646921515222465,0.7690919058265998
104,0,620,620.0,484.52790067075784,0.13757670900528043,0.22514634581568813,0.024206774233974365,0.7814966139850933
104,5,700,700.0,484.52790067075784,0.15812758669901528,0.3711474548076999,0.04062327003729636,0.6921827152439398
104,4,175,175.0,484.52790067075784,0.1584130155558727,0.3693978413979624,0.1620190032591077,2.7687308609757593
104,6,242,242.0,484.52790067075784,0.09604681033252462,0.07926707329340302,0.015243306928023472,2.0021814077304043
104,1,217,217.0,484.52790067075784,0.1374339945768517,0.20278684512687276,0.06222902616271803,2.232847468528838
104,2,700,700.0,484.52790067075784,0.156272299129442,0.2115105697569743,0.02287888350542413,0.6921827152439398
105,5,700,700.0,463.07521050378193,0.15812758669901528,0.27932813306095267,0.02921970415108292,0.6615360150054027
105,6,88,88.0,463.07521050378193,0.09604681033252462,0.10794216822812666,0.054556053282304166,5.26221830117934
105,3,315,315.0,463.07521050378193,0.15612958470101326,0.34332027863759434,0.07879989519258575,1.4700800333453394
105,4,700,700.0,463.07521050378193,0.1584130155558727,0.18088032234199697,0.018955518891803812,0.6615360150054027
105,0,620,620.0,463.07521050378193,0.13757670900528043,0.27144177976204287,0.027892115434778902,0.7468955008125515
105,2,140,140.0,463.07521050378193,0.156272299129442,0.4010074783890083,0.20728027238383656,3.307680075027014
105,1,558,558.0,463.07521050378193,0.1374339945768517,0.3944909418790343,0.044993371667305465,0.8298838897917239
106,3,630,630.0,515.4020265448837,0.15612958470101326,0.21415615799597745,0.027354031570253606,0.8180984548331488
106,6,44,44.0,515.4020265448837,0.09604681033252462,0.08746821788173782,0.09840715361194005,11.71368242147463
106,2,700,700.0,515.4020265448837,0.156272299129442,0.14273758511596757,0.016423602620444313,0.7362886093498339
106,4,315,315.0,515.4020265448837,0.1584130155558727,0.36851883648376826,0.09551819799678934,1.6361969096662976
106,1,620,620.0,515.4020265448837,0.1374339945768517,0.31484220708497557,0.03597009213027578,0.8312935912014253
106,0,620,620.0,515.4020265448837,0.13757670900528043,0.32156437432243423,0.03677623590777081,0.8312935912014253
106,5,525,525.0,515.4020265448837,0.15812758669901528,0.3940389305552066,0.06116931161004201,0.9817181457997785
107,2,700,700.0,403.63379477665194,0.156272299129442,0.4210055791051017,0.037936681088378124,0.5766197068237885
107,0,620,620.0,403.63379477665194,0.13757670900528043,0.3590206592865019,0.03215586435477639,0.6510222496397612
107,4,350,350.0,403.63379477665194,0.1584130155558727,0.3208572303582538,0.05861680842946502,1.153239413647577
107,1,124,124.0,403.63379477665194,0.1374339945768517,0.19937458507943384,0.08919280086779573,3.255111248198806
107,6,110,110.0,403.63379477665194,0.09604681033252462,0.018959715518403544,0.0066820481257647115,3.6693981343331994
107,5,105,105.0,403.63379477665194,0.15812758669901528,0.31736110012834906,0.19291213955636577,3.8441313788252565
107,3,700,700.0,403.63379477665194,0.15612958470101326,0.326366839951511,0.029381956531670063,0.5766197068237885
108,4,595,595.0,561.787640930498,0.1584130155558727,0.24555623684888875,0.03672798018470597,0.9441809091268875
108,2,560,560.0,561.787640930498,0.156272299129442,0.3296050955935534,0.05167257121855954,1.003192215947318
108,0,620,620.0,561.787640930498,0.13757670900528043,0.24686683029558848,0.030774297542084945,0.9061090982749967
108,3,700,700.0,561.787640930498,0.15612958470101326,0.42274559028959274,0.05297103165885582,0.8025537727578543
108,6,352,352.0,561.787640930498,0.09604681033252462,0.15202473353983287,0.023303798413276483,1.5959876162798239
108,5,420,420.0,561.787640930498,0.15812758669901528,0.1377407004413558,0.029133510592284778,1.3375896212630904
108,1,620,620.0,561.787640930498,0.1374339945768517,0.24267255203362503,0.030220059715885095,0.9061090982749967
109,3,700,700.0,538.1165976880262,0.15612958470101326,0.3049709793969015,0.036603453838885705,0.7687379966971803
109,0,558,558.0,538.1165976880262,0.13757670900528043,0.2149453581697047,0.028517744644843003,0.9643666625233445
109,1,620,620.0,538.1165976880262,0.1374339945768517,0.18528891075978354,0.02210183315123175,0.86792999627101
109,2,315,315.0,538.1165976880262,0.156272299129442,0.3669858893563337,0.09797092341084741,1.7083066593270673
109,6,132,132.0,538.1165976880262,0.09604681033252462,0.11961145684687552,0.046833669108580334,4.076640891575956
109,4,595,595.0,538.1165976880262,0.1584130155558727,0.3370914095027419,0.0482945327072781,0.9043976431731533
109,5,700,700.0,538.1165976880262,0.15812758669901528,0.33424050417234114,0.04062983590074086,0.7687379966971803
110,1,310,310.0,489.2186385043528,0.1374339945768517,0.28366800505555584,0.0615241786956663,1.5781246403366218
110,4,595,595.0,489.2186385043528,0.1584130155558727,0.3502794825460895,0.04562381417319772,0.8222161991669794
110,2,385,385.0,489.2186385043528,0.156272299129442,0.44118042173250366,0.08760734084244252,1.2706977623489684
110,0,620,620.0,489.2186385043528,0.13757670900528043,0.3035025295722633,0.032947201854636336,0.7890623201683109
110,3,700,700.0,489.2186385043528,0.15612958470101326,0.28668507110731467,0.03128205225433924,0.6988837692919325
110,5,350,350.0,489.2186385043528,0.15812758669901528,0.32570156925965693,0.071988387255728,1.397767538583865
110,6,440,440.0,489.2186385043528,0.09604681033252462,0.05500178120570456,0.005873676439075728,1.1118605420553471
111,6,440,440.0,505.09119451976596,0.09604681033252462,0.0840278705167235,0.00926453070704629,1.1479345329994681
111,5,560,560.0,505.09119451976596,0.15812758669901528,0.3076082790212565,0.04387200000746132,0.9019485616424392
111,1,496,496.0,505.09119451976596,0.1374339945768517,0.23131377194579886,0.03237306214922179,1.0183290212092055
111,2,700,700.0,505.09119451976596,0.156272299129442,0.4465628390502051,0.05035427405153758,0.7215588493139514
111,4,175,175.0,505.09119451976596,0.1584130155558727,0.3167437189376995,0.14482069304076492,2.8862353972558057
111,0,434,434.0,505.09119451976596,0.13757670900528043,0.25151124463031277,0.04027007056340649,1.1638045956676635
111,3,700,700.0,505.09119451976596,0.15612958470101326,0.41433685668994463,0.04667781611851895,0.7215588493139514
112,0,620,620.0,457.8547167118595,0.13757670900528043,0.2941928258289528,0.029889110958890845,0.7384753495352573
112,2,630,630.0,457.8547167118595,0.156272299129442,0.47258195213786747,0.05367181435844129,0.7267535185902532
112,1,620,620.0,457.8547167118595,0.1374339945768517,0.24195603593626486,0.024556509374400046,0.7384753495352573
112,3,140,140.0,457.8547167118595,0.15612958470101326,0.43511379781456233,0.22217117746699594,3.270390833656139
112,6,66,66.0,457.8547167118595,0.09604681033252462,0.10595489163731496,0.0705972388222738,6.937192677452416
112,4,700,700.0,457.8547167118595,0.1584130155558727,0.3165368272606166,0.03279780344256789,0.6540781667312279
112,5,315,315.0,457.8547167118595,0.15812758669901528,0.1784635561352922,0.04101798522520042,1.4535070371805063
113,2,350,350.0,461.1188811188812,0.156272299129442,0.15821867582223018,0.032575013782196266,1.3174825174825175
113,1,620,620.0,461.1188811188812,0.1374339945768517,0.3104034671343937,0.03172794536808744,0.7437401308369052
113,3,105,105.0,461.1188811188812,0.15612958470101326,0.16283884637703563,0.11165208248705097,4.391608391608393
113,6,440,440.0,461.1188811188812,0.09604681033252462,0.0848684977005167,0.00854259250177759,1.0479974570883663
113,5,560,560.0,461.1188811188812,0.15812758669901528,0.34518609696787955,0.044945458650349,0.8234265734265735
113,0,620,620.0,461.1188811188812,0.13757670900528043,0.37815531561121046,0.03869335089034054,0.7437401308369052
113,4,560,560.0,461.1188811188812,0.1584130155558727,0.3726882586950403,0.04861401049708384,0.8234265734265735
114,0,403,403.0,530.9436278007706,0.13757670900528043,0.304735240176051,0.05523456816705112,1.3174779846172968
114,2,280,280.0,530.9436278007706,0.156272299129442,0.1289582064968097,0.038213900436984576,1.8962272421456094
114,1,620,620.0,530.9436278007706,0.1374339945768517,0.48155235677426284,0.05667537543937947,0.8563606900012429
114,6,220,220.0,530.9436278007706,0.09604681033252462,0.15327133382506797,0.035527906370739444,2.413380126367139
114,3,665,665.0,530.9436278007706,0.15612958470101326,0.12952846324140652,0.016146454946015347,0.7984114703770987
114,4,700,700.0,530.9436278007706,0.1584130155558727,0.3638793492552771,0.043721861438698516,0.7584908968582438
114,5,700,700.0,530.9436278007706,0.15812758669901528,0.25345347849728084,0.030398788224447915,0.7584908968582438
115,3,560,560.0,513.1459968602826,0.15612958470101326,0.26631432515767905,0.038100673323657075,0.9163321372505047
115,1,620,620.0,513.1459968602826,0.1374339945768517,0.20949683712287545,0.023829827357317312,0.8276548336456171
115,6,22,22.0,513.1459968602826,0.09604681033252462,0.03295082851484732,0.07381889673186975,23.324818039103754
115,5,700,700.0,513.1459968602826,0.15812758669901528,0.317944383601129,0.036855448946440376,0.7330657098004038
115,0,372,372.0,513.1459968602826,0.13757670900528043,0.30279527529450234,0.057463492261847285,1.3794247227426952
115,2,420,420.0,513.1459968602826,0.156272299129442,0.19365062084928905,0.03697366910700237,1.2217761830006728
115,4,700,700.0,513.1459968602826,0.1584130155558727,0.40027317309736926,0.046482582689204785,0.7330657098004038
116,3,700,700.0,428.13757670900526,0.15612958470101326,0.5568333092929069,0.0531735575560448,0.6116251095842933
116,1,93,93.0,428.13757670900526,0.1374339945768517,0.16325244215678958,0.10328904320363513,4.603629857086078
116,2,35,35.0,428.13757670900526,0.156272299129442,0.3859683766523067,0.7378176280271516,12.232502191685864
116,0,589,589.0,428.13757670900526,0.13757670900528043,0.2776288474715799,0.027763713770992626,0.726888924803065
116,4,700,700.0,428.13757670900526,0.1584130155558727,0.36194475485666006,0.035068602168040246,0.6116251095842933
116,6,440,440.0,428.13757670900526,0.09604681033252462,0.017200072794354322,0.0016074737949290073,0.973039947065921
116,5,420,420.0,428.13757670900526,0.15812758669901528,0.4758046470874056,0.07669558748690117,1.0193751826404887
117,0,558,558.0,521.0665049236478,0.13757670900528043,0.5600223622049212,0.0719464290790848,0.9338109407233832
117,2,700,700.0,521.0665049236478,0.156272299129442,0.3856287627290335,0.04485868490583024,0.7443807213194968
117,6,440,440.0,521.0665049236478,0.09604681033252462,0.21727904764415923,0.02471389949262795,1.184242056644654
117,5,700,700.0,521.0665049236478,0.15812758669901528,0.6335561424562506,0.07457407335183727,0.7443807213194968
117,1,527,527.0,521.0665049236478,0.1374339945768517,0.5945391306099691,0.08078991570497038,0.9887409960600527
117,3,595,595.0,521.0665049236478,0.15612958470101326,0.43141823504988375,0.058987486831574724,0.875742025081761
117,4,105,105.0,521.0665049236478,0.1584130155558727,0.5654387991713747,0.44450876049667676,4.962538142129979
118,4,140,140.0,445.61338661338664,0.1584130155558727,0.1280509230281908,0.06456598306919004,3.18295276152419
118,2,105,105.0,445.61338661338664,0.156272299129442,0.4511899238066118,0.2992335767618282,4.243937015365587
118,3,630,630.0,445.61338661338664,0.15612958470101326,0.5052471680279851,0.055796476171044364,0.7073228358942645
118,6,286,286.0,445.61338661338664,0.09604681033252462,0.09090333191795341,0.013603634173189043,1.5580887643824708
118,5,700,700.0,445.61338661338664,0.15812758669901528,0.2970410435543313,0.02990090229008,0.6365905523048381
118,0,620,620.0,445.61338661338664,0.13757670900528043,0.3928673606168518,0.03884699279346962,0.7187312687312688
118,1,620,620.0,445.61338661338664,0.1374339945768517,0.43155964478545583,0.0426286457573514,0.7187312687312688
119,2,700,700.0,461.2491793920365,0.156272299129442,0.12696411522466244,0.013073761521289856,0.6589273991314808
119,4,525,525.0,461.2491793920365,0.1584130155558727,0.3937559054598971,0.054801726976235164,0.878569865508641
119,5,700,700.0,461.2491793920365,0.15812758669901528,0.3940266910561305,0.04105545324110283,0.6589273991314808
119,6,374,374.0,461.2491793920365,0.09604681033252462,0.15203734347395226,0.018009316215613157,1.2332865759145362
119,3,700,700.0,461.2491793920365,0.15612958470101326,0.20493255161732277,0.021083063581936772,0.6589273991314808
119,1,31,31.0,461.2491793920365,0.1374339945768517,0.31313071818821236,0.6403151189589312,14.879005786839889
119,0,62,62.0,461.2491793920365,0.13757670900528043,0.31361881734904823,0.3209895886301719,7.439502893419944
120,6,440,440.0,492.8639931497074,0.09604681033252462,0.13737019011032034,0.014779163743542873,1.1201454389766077
120,3,595,595.0,492.8639931497074,0.15612958470101326,0.9531408947536661,0.12326859148062,0.8283428456297603
120,4,700,700.0,492.8639931497074,0.1584130155558727,0.6742892664795018,0.07520836703311641,0.7040914187852964
120,5,560,560.0,492.8639931497074,0.15812758669901528,0.6519918568586212,0.09073793236361985,0.8801142734816204
120,0,372,372.0,492.8639931497074,0.13757670900528043,0.43799865865257714,0.07983656598908263,1.3249032073916867
120,1,620,620.0,492.8639931497074,0.1374339945768517,0.5709336764359474,0.06237567121426156,0.794941924435012
120,2,140,140.0,492.8639931497074,0.156272299129442,0.8537943050552432,0.4697148720842598,3.5204570939264817
121,6,418,418.0,567.9768802625945,0.09604681033252462,0.09073680227970822,0.011841883734795383,1.3587963642645802
121,1,620,620.0,567.9768802625945,0.1374339945768517,0.3340905107056623,0.042062712774342995,0.9160917423590234
121,3,630,630.0,567.9768802625945,0.15612958470101326,0.3843186138928208,0.05409619667320972,0.9015506035914198
121,2,700,700.0,567.9768802625945,0.156272299129442,0.297968113390303,0.037781953640230195,0.8113955432322778
121,5,455,455.0,567.9768802625945,0.15812758669901528,0.39172431436754707,0.07732277525589368,1.2483008357419658
121,4,490,490.0,567.9768802625945,0.1584130155558727,0.39016415590294634,0.07164284236656894,1.1591364903318255
121,0,620,620.0,567.9768802625945,0.13757670900528043,0.36128812738720156,0.04553418575535129,0.9160917423590234
122,6,440,440.0,373.83744826601975,0.09604681033252462,0.08138535607341064,0.0066413954729668484,0.849630564240954
122,4,630,630.0,373.83744826601975,0.1584130155558727,0.33808440812931445,0.03178031940877387,0.5933927750254282
122,5,105,105.0,373.83744826601975,0.15812758669901528,0.31537134954646173,0.1775511068418541,3.560356650152569
122,1,620,620.0,373.83744826601975,0.1374339945768517,0.26076062249556825,0.02160863296848037,0.6029636262355157
122,2,105,105.0,373.83744826601975,0.156272299129442,0.2689538769800775,0.14964193496744924,3.560356650152569
122,3,700,700.0,373.83744826601975,0.15612958470101326,0.3296651593420092,0.027487992222876408,0.5340534975228853
122,0,31,31.0,373.83744826601975,0.13757670900528043,0.22328057760396508,0.3704392303051393,12.059272524710314
123,2,560,560.0,543.4061652633081,0.156272299129442,0.39950779644924317,0.06058202629745226,0.9703681522559074
123,3,700,700.0,543.4061652633081,0.15612958470101326,0.5107363253444787,0.06190254056344296,0.7762945218047259
123,1,93,93.0,543.4061652633081,0.1374339945768517,0.2767002801228306,0.22220067879482083,5.843077045842023
123,4,630,630.0,543.4061652633081,0.1584130155558727,0.4400021345351488,0.06012147911619246,0.8625494686719177
123,0,620,620.0,543.4061652633081,0.13757670900528043,0.17410301783086857,0.02099346316406012,0.8764615568763034
123,5,700,700.0,543.4061652633081,0.15812758669901528,0.38257858277226586,0.046962890399064636,0.7762945218047259
123,6,396,396.0,543.4061652633081,0.09604681033252462,0.17325582318278654,0.022834955128783217,1.37223779106896
124,6,440,440.0,395.4260025688597,0.09604681033252462,0.050084893892347083,0.004323169393389121,0.898695460383772
124,1,465,465.0,395.4260025688597,0.1374339945768517,0.16636628924078073,0.019443380311908932,0.8503785001480854
124,3,280,280.0,395.4260025688597,0.15612958470101326,0.34861474853800345,0.07686668539486964,1.4122357234602132
124,4,700,700.0,395.4260025688597,0.1584130155558727,0.3973680176537877,0.035559115968562,0.5648942893840853
124,5,70,70.0,395.4260025688597,0.15812758669901528,0.41664545638985007,0.3721700985097718,5.648942893840853
124,2,245,245.0,395.4260025688597,0.156272299129442,0.2778058427342554,0.07006845108333912,1.6139836839545294
124,0,620,620.0,395.4260025688597,0.13757670900528043,0.20413466634306449,0.01791163433668782,0.637783875111064
125,2,35,35.0,466.21878121878126,0.156272299129442,0.3397566369294236,0.7072479074898549,13.320536606250894
125,5,280,280.0,466.21878121878126,0.15812758669901528,0.12131925588116177,0.031942515495593925,1.6650670757813617
125,4,665,665.0,466.21878121878126,0.1584130155558727,0.3033533355133488,0.033690523187118133,0.7010808740132048
125,6,440,440.0,466.21878121878126,0.09604681033252462,0.18168547287259418,0.018490141662500504,1.0595881391335937
125,0,620,620.0,466.21878121878126,0.13757670900528043,0.4649713355694866,0.0481026687767356,0.7519657761593246
125,3,630,630.0,466.21878121878126,0.15612958470101326,0.3918720836853266,0.04527711495372752,0.740029811458383
125,1,620,620.0,466.21878121878126,0.1374339945768517,0.41803206318116737,0.04320179963894369,0.7519657761593246
126,1,620,620.0,381.17339803054085,0.1374339945768517,0.46770202739344685,0.03951794171694248,0.6147958032750659
126,4,70,70.0,381.17339803054085,0.1584130155558727,0.688353641926747,0.5937819881777551,5.445334257579155
126,0,93,93.0,381.17339803054085,0.13757670900528043,0.5119441375278553,0.28867363817317565,4.098638688500439
126,6,440,440.0,381.17339803054085,0.09604681033252462,0.13618938901644428,0.01133172758472669,0.8663031773421384
126,3,665,665.0,381.17339803054085,0.15612958470101326,0.38630141133668827,0.034571039455878146,0.5731930797451742
126,2,700,700.0,381.17339803054085,0.156272299129442,0.30140840070648994,0.025648495667599094,0.5445334257579155
126,5,105,105.0,381.17339803054085,0.15812758669901528,0.6868299854070566,0.39426676983263953,3.6302228383861035
127,6,440,440.0,418.7947766519195,0.09604681033252462,0.2721609587780872,0.024880399693448824,0.9518063105725443
127,4,700,700.0,418.7947766519195,0.1584130155558727,0.37954494690060336,0.03597139591142106,0.598278252359885
127,5,385,385.0,418.7947766519195,0.15812758669901528,0.36458576068679255,0.0627115987303099,1.0877786406543364
127,0,124,124.0,418.7947766519195,0.13757670900528043,0.5139377030220096,0.23880035428891305,3.377377231063867
127,3,700,700.0,418.7947766519195,0.15612958470101326,0.8503221322591366,0.0794276848463871,0.598278252359885
127,1,93,93.0,418.7947766519195,0.1374339945768517,0.5914631413144554,0.36604979079375116,4.50316964141849
127,2,420,420.0,418.7947766519195,0.156272299129442,0.8425322685582401,0.13128663309140082,0.9971304205998084
128,1,620,620.0,423.18510061367203,0.1374339945768517,0.20828871916280672,0.019538831979151686,0.6825566138930194
128,0,62,62.0,423.18510061367203,0.13757670900528043,0.1328443331978988,0.12474600003668646,6.825566138930194
128,4,210,210.0,423.18510061367203,0.1584130155558727,0.4964605390900015,0.15848445468540123,2.0151671457793907
128,2,420,420.0,423.18510061367203,0.156272299129442,0.5127125602098647,0.08073038744732952,1.0075835728896954
128,3,700,700.0,423.18510061367203,0.15612958470101326,0.5680200851739724,0.05361437231402431,0.6045501437338172
128,6,110,110.0,423.18510061367203,0.09604681033252462,0.10959245428673785,0.04049498880761993,3.8471372783061093
128,5,700,700.0,423.18510061367203,0.15812758669901528,0.48808324677345094,0.04665883303353524,0.6045501437338172
129,6,440,440.0,519.5812758669902,0.09604681033252462,0.08544734493910826,0.009691306634423219,1.1808665360613413
129,4,665,665.0,519.5812758669902,0.1584130155558727,0.2856495784050971,0.03535544398940112,0.7813252268676544
129,3,700,700.0,519.5812758669902,0.15612958470101326,0.4482888505889779,0.051951560130255175,0.7422589655242716
129,2,105,105.0,519.5812758669902,0.156272299129442,0.3746723101914963,0.28973288626021154,4.948393103495144
129,5,560,560.0,519.5812758669902,0.15812758669901528,0.28141160840975243,0.04128717007884555,0.9278237069053396
129,1,527,527.0,519.5812758669902,0.1374339945768517,0.2884546507128844,0.03908540278794728,0.9859227246052944
129,0,620,620.0,519.5812758669902,0.13757670900528043,0.2723543006735467,0.03140081761802198,0.8380343159145003
130,1,620,620.0,459.347509633224,0.1374339945768517,0.36655127816836097,0.03732317529444514,0.740883080053587
130,5,700,700.0,459.347509633224,0.15812758669901528,0.4101102646790928,0.04255509932127931,0.6562107280474628
130,3,35,35.0,459.347509633224,0.15612958470101326,0.19076583098694366,0.3908940996527545,13.124214560949257
130,6,286,286.0,459.347509633224,0.09604681033252462,0.15569617219229395,0.024017965424863987,1.6061101735427412
130,2,700,700.0,459.347509633224,0.156272299129442,0.14459859283681198,0.014828232757055936,0.6562107280474628
130,4,630,630.0,459.347509633224,0.1584130155558727,0.4471752187269692,0.0516498906155154,0.7291230311638476
130,0,155,155.0,459.347509633224,0.13757670900528043,0.3485132985534606,0.14209341073402826,2.963532320214348
131,0,372,372.0,466.94277151420005,0.13757670900528043,0.40443708448536675,0.0698419898457694,1.2552225040704301
131,3,35,35.0,466.94277151420005,0.15612958470101326,0.45192626982661877,0.9413440976105102,13.341222043262858
131,5,665,665.0,466.94277151420005,0.15812758669901528,0.4529937814348261,0.050296978281507546,0.702169581224361
131,4,700,700.0,466.94277151420005,0.1584130155558727,0.43782669399022933,0.04626565496289709,0.667061102163143
131,2,700,700.0,466.94277151420005,0.156272299129442,0.3981210023960304,0.04150139616734515,0.667061102163143
131,6,440,440.0,466.94277151420005,0.09604681033252462,0.10938681033154393,0.011149589695358902,1.061233571623182
131,1,310,310.0,466.94277151420005,0.1374339945768517,0.46745938324368835,0.09676983805263296,1.5062670048845164
132,1,620,620.0,445.11616954474096,0.1374339945768517,0.5554350106287405,0.0548036018130969,0.7179293057173242
132,3,525,525.0,445.11616954474096,0.15612958470101326,0.5510371447342035,0.07294241654840666,0.8478403229423638
132,6,440,440.0,445.11616954474096,0.09604681033252462,0.1977577334857878,0.01921485525143699,1.0116276580562293
132,0,31,31.0,445.11616954474096,0.13757670900528043,0.4548462577683907,0.8985064922450795,14.358586114346483
132,5,105,105.0,445.11616954474096,0.15812758669901528,0.6337192024184144,0.4248039846599057,4.239201614711819
132,2,665,665.0,445.11616954474096,0.156272299129442,0.48823143842272876,0.051069248679491995,0.6693476233755503
132,4,700,700.0,445.11616954474096,0.1584130155558727,0.6877102901235963,0.06927423123955893,0.6358802422067728
133,4,70,70.0,418.0900528043385,0.1584130155558727,0.5567453771749937,0.5267678680447054,5.972715040061979
133,1,279,279.0,418.0900528043385,0.1374339945768517,0.8043878183856816,0.16566291019879606,1.4985306552126827
133,2,700,700.0,418.0900528043385,0.156272299129442,0.9240142503888282,0.08624470989766232,0.5972715040061979
133,6,440,440.0,418.0900528043385,0.09604681033252462,0.016655419261115134,0.0015200423033638274,0.9502046654644056
133,3,560,560.0,418.0900528043385,0.15612958470101326,0.8862158721133193,0.10330147826665254,0.7465893800077473
133,0,620,620.0,418.0900528043385,0.13757670900528043,0.7207218772840953,0.06686375569422172,0.6743387948457072
133,5,280,280.0,418.0900528043385,0.15812758669901528,0.6046232570821825,0.14275926226023192,1.4931787600154947
134,0,248,248.0,472.92079349222206,0.13757670900528043,0.3874252760185463,0.10164115611997637,1.9069386834363793
134,6,110,110.0,472.92079349222206,0.09604681033252462,0.19104254259577644,0.07888760308790801,4.299279940838383
134,4,140,140.0,472.92079349222206,0.1584130155558727,0.3010180114317907,0.1610807776633247,3.378005667801586
134,1,558,558.0,472.92079349222206,0.1374339945768517,0.4091614402627878,0.047658797355912025,0.8475283037495019
134,2,700,700.0,472.92079349222206,0.156272299129442,0.5416059703948766,0.057181535644111124,0.6756011335603173
134,5,700,700.0,472.92079349222206,0.15812758669901528,0.3747756250995537,0.04003772107321575,0.6756011335603173
134,3,700,700.0,472.92079349222206,0.15612958470101326,0.5138737849211583,0.054204087411165086,0.6756011335603173
135,0,93,93.0,440.69972884258596,0.13757670900528043,0.19864128856395175,0.1295013437788336,4.738706761748236
135,4,105,105.0,440.69972884258596,0.1584130155558727,0.3006773050749957,0.19991482200166336,4.197140274691295
135,1,527,527.0,440.69972884258596,0.1374339945768517,0.3538787045454547,0.040670617514310746,0.836242369720277
135,5,700,700.0,440.69972884258596,0.15812758669901528,0.305952668770449,0.030458368172176613,0.6295710412036942
135,6,440,440.0,440.69972884258596,0.09604681033252462,0.023694150549386377,0.0022793666888590953,1.001590292824059
135,3,490,490.0,440.69972884258596,0.15612958470101326,0.37877694430444175,0.05318821846712736,0.8993872017195632
135,2,700,700.0,440.69972884258596,0.156272299129442,0.42635109183185854,0.041946344994889674,0.6295710412036942
136,5,70,70.0,451.6232339089482,0.15812758669901528,0.19536818484755547,0.19931487916104668,6.451760484413545
136,3,525,525.0,451.6232339089482,0.15612958470101326,0.40842893733801894,0.05485531102036326,0.8602347312551394
136,0,217,217.0,451.6232339089482,0.13757670900528043,0.19578513896069233,0.056058462521564024,2.0812130594882405
136,4,700,700.0,451.6232339089482,0.1584130155558727,0.2030719996875642,0.020754828206269785,0.6451760484413546
136,2,700,700.0,451.6232339089482,0.156272299129442,0.43307650064075187,0.04366413457471814,0.6451760484413546
136,1,620,620.0,451.6232339089482,0.1374339945768517,0.24268906027999682,0.024295674271159882,0.7284245708208842
136,6,242,242.0,451.6232339089482,0.09604681033252462,0.18191213889258495,0.0326066016094396,1.8662117103675544
137,6,220,220.0,416.84172969887254,0.09604681033252462,0.049657721836499955,0.009036874408938602,1.8947351349948751
137,2,700,700.0,416.84172969887254,0.156272299129442,0.43171515233142194,0.040174681535682925,0.5954881852841036
137,4,35,35.0,416.84172969887254,0.1584130155558727,0.28823539005319726,0.5438026373248237,11.909763705682073
137,5,490,490.0,416.84172969887254,0.15812758669901528,0.3549345783640779,0.04774534802845733,0.8506974075487195
137,3,210,210.0,416.84172969887254,0.15612958470101326,0.3850861158736374,0.11934245286035289,1.9849606176136787
137,0,620,620.0,416.84172969887254,0.13757670900528043,0.3471746534867307,0.03211237501590644,0.6723253704820524
137,1,620,620.0,416.84172969887254,0.1374339945768517,0.3147442602912325,0.02908248337452955,0.6723253704820524
138,5,210,210.0,471.59911517054377,0.15812758669901528,0.3484845924934058,0.1237499155411032,2.2457100722406844
138,0,620,620.0,471.59911517054377,0.13757670900528043,0.4349657492677575,0.04551780059450619,0.7606437341460384
138,4,245,245.0,471.59911517054377,0.1584130155558727,0.2272833634004294,0.06930513376455422,1.9248943476348725
138,6,330,330.0,471.59911517054377,0.09604681033252462,0.2185656770441611,0.03000018625234322,1.4290882277895265
138,2,700,700.0,471.59911517054377,0.156272299129442,0.5146720227603561,0.05418605134412844,0.6737130216722054
138,3,700,700.0,471.59911517054377,0.15612958470101326,0.5148673136583729,0.05415710833847106,0.6737130216722054
138,1,465,465.0,471.59911517054377,0.1374339945768517,0.4211526603092664,0.058702114702897254,1.014191645528051
139,5,70,70.0,345.9169402026545,0.15812758669901528,0.26182890429502803,0.20459688719612537,4.941670574323635
139,3,420,420.0,345.9169402026545,0.15612958470101326,0.41837432756069665,0.0537988227318798,0.8236117623872725
139,0,155,155.0,345.9169402026545,0.13757670900528043,0.20627468599042542,0.06333313462867525,2.2317221948558355
139,6,440,440.0,345.9169402026545,0.09604681033252462,0.06828540890213085,0.005156203096716568,0.786174864096942
139,2,700,700.0,345.9169402026545,0.156272299129442,0.43733919117970577,0.03377335382040987,0.49416705743236355
139,1,620,620.0,345.9169402026545,0.1374339945768517,0.23950127239230318,0.018364628014779286,0.5579305487139589
139,4,70,70.0,345.9169402026545,0.1584130155558727,0.3074965591282376,0.24071597470019343,4.941670574323635
140,5,595,595.0,507.4170115598687,0.15812758669901528,0.16152217720705583,0.021781503804388883,0.8528017001006196
140,6,352,352.0,507.4170115598687,0.09604681033252462,0.18648536128692433,0.025819632274854575,1.4415256010223543
140,0,620,620.0,507.4170115598687,0.13757670900528043,0.41665555836647106,0.04691324022019058,0.8184145347739817
140,3,700,700.0,507.4170115598687,0.15612958470101326,0.39803708434106055,0.045048021750090865,0.7248814450855267
140,4,595,595.0,507.4170115598687,0.1584130155558727,0.15282055307722353,0.020645275652458436,0.8528017001006196
140,1,620,620.0,507.4170115598687,0.1374339945768517,0.420098700470286,0.04725185269757033,0.8184145347739817
140,2,35,35.0,507.4170115598687,0.156272299129442,0.4173872614252647,0.945623313653058,14.497628901710534
141,0,31,31.0,456.46624803767656,0.13757670900528043,0.4828626841212205,0.9781726987281822,14.724717678634727
141,1,465,465.0,456.46624803767656,0.1374339945768517,0.6188405645266961,0.08348888496755685,0.9816478452423152
141,4,210,210.0,456.46624803767656,0.1584130155558727,0.9695694387718733,0.3338559763775639,2.173648800179412
141,2,700,700.0,456.46624803767656,0.156272299129442,0.43438698842991474,0.04426591443076571,0.6520946400538237
141,3,700,700.0,456.46624803767656,0.15612958470101326,0.5201046264509459,0.05295251012678587,0.6520946400538237
141,6,440,440.0,456.46624803767656,0.09604681033252462,0.39731155940364205,0.03958859978393841,1.0374232909947194
141,5,595,595.0,456.46624803767656,0.15812758669901528,1.0139781669324104,0.12300646889066472,0.7671701647692043
142,2,350,350.0,521.5324675324675,0.156272299129442,0.8982229255627586,0.2091603900366818,1.4900927643784787
142,1,434,434.0,521.5324675324675,0.1374339945768517,0.561943366188424,0.09280648814570058,1.2016877132084505
142,0,620,620.0,521.5324675324675,0.13757670900528043,0.645827826863633,0.07473969663057914,0.8411813992459154
142,4,630,630.0,521.5324675324675,0.1584130155558727,0.682161504313221,0.08945793516826686,0.8278293135435992
142,6,22,22.0,521.5324675324675,0.09604681033252462,0.1845792124671475,0.4202661435034937,23.706021251475796
142,5,700,700.0,521.5324675324675,0.15812758669901528,0.70525722989437,0.08308803727577142,0.7450463821892394
142,3,700,700.0,521.5324675324675,0.15612958470101326,0.9283304290693328,0.107986906672441,0.7450463821892394
143,2,700,700.0,469.12202083630655,0.156272299129442,0.6005852284606779,0.06289909944863287,0.6701743154804379
143,6,330,330.0,469.12202083630655,0.09604681033252462,0.0002507846622997089,3.424173787099816e-05,1.421581881322141
143,5,35,35.0,469.12202083630655,0.15812758669901528,0.41872696980088286,0.8874754584796094,13.403486309608759
143,1,248,248.0,469.12202083630655,0.1374339945768517,0.516161129530654,0.1341879766158702,1.8916210517593006
143,4,700,700.0,469.12202083630655,0.1584130155558727,0.5248798449031832,0.05572351930239629,0.6701743154804379
143,0,496,496.0,469.12202083630655,0.13757670900528043,0.523613783339964,0.06813341064343868,0.9458105258796503
143,3,700,700.0,469.12202083630655,0.15612958470101326,0.6039162255039654,0.06319019301839687,0.6701743154804379
144,2,245,245.0,518.4071642643071,0.156272299129442,0.7435872261790318,0.24587752487207487,2.11594760924207
144,5,525,525.0,518.4071642643071,0.15812758669901528,0.5686654879412638,0.08879248409403355,0.9874422176462992
144,3,525,525.0,518.4071642643071,0.15612958470101326,0.7867410021434772,0.12129102899637373,0.9874422176462992
144,4,700,700.0,518.4071642643071,0.1584130155558727,0.6476001918481049,0.07597501329825827,0.7405816632347244
144,1,558,558.0,518.4071642643071,0.1374339945768517,0.6520392568940273,0.08325392342825826,0.9290450972478621
144,0,620,620.0,518.4071642643071,0.13757670900528043,0.6465395803110618,0.074373691607655,0.836140587523076
144,6,440,440.0,518.4071642643071,0.09604681033252462,0.6189196742368697,0.070038293084447,1.1781981006006979
145,2,700,700.0,471.79563293849014,0.156272299129442,0.3228916996554541,0.034009070260644494,0.6739937613407002
145,1,248,248.0,471.79563293849014,0.1374339945768517,0.26777349068901396,0.07001062996530696,1.9024017457197184
145,5,420,420.0,471.79563293849014,0.15812758669901528,0.3656714365323192,0.06495361204295434,1.1233229355678336
145,4,700,700.0,471.79563293849014,0.1584130155558727,0.4205368112289985,0.04490045636827843,0.6739937613407002
145,6,286,286.0,471.79563293849014,0.09604681033252462,0.06615879004178553,0.010482343427574712,1.649635080204511
145,0,620,620.0,471.79563293849014,0.13757670900528043,0.2572244789134339,0.026928951220699195,0.7609606982878874
145,3,245,245.0,471.79563293849014,0.15612958470101326,0.34007502516671084,0.10224634109280854,1.925696460973429
146,4,245,245.0,350.41458541458536,0.1584130155558727,0.3292306814282636,0.07459457646707551,1.430263613937083
146,5,210,210.0,350.41458541458536,0.15812758669901528,0.3298049258131478,0.08702171952668047,1.6686408829265968
146,0,620,620.0,350.41458541458536,0.13757670900528043,0.24892816881621227,0.019355725121673287,0.5651848151848151
146,1,620,620.0,350.41458541458536,0.1374339945768517,0.22672973551106326,0.01761136979110012,0.5651848151848151
146,6,440,440.0,350.41458541458536,0.09604681033252462,0.08958861209835488,0.006852755761942193,0.7963967850331486
146,2,385,385.0,350.41458541458536,0.156272299129442,0.4120975267064338,0.058614282729691845,0.9101677543235983
146,3,35,35.0,350.41458541458536,0.15612958470101326,0.2844870179688986,0.4446945303692193,10.011845297559582
147,1,620,620.0,495.373198230341,0.1374339945768517,0.4803586881845748,0.05274734881159535,0.7989890294037758
147,2,630,630.0,495.373198230341,0.156272299129442,0.27371476210094503,0.033633508901474554,0.7863066638576841
147,5,700,700.0,495.373198230341,0.15812758669901528,0.42809221810607556,0.04790484528381127,0.7076759974719158
147,6,440,440.0,495.373198230341,0.09604681033252462,0.20370628928604048,0.02202760163331947,1.1258481777962295
147,0,310,310.0,495.373198230341,0.13757670900528043,0.43419078630579316,0.09545448341063877,1.5979780588075516
147,4,595,595.0,495.373198230341,0.1584130155558727,0.46690258916611305,0.06157900731478396,0.8325599970257832
147,3,140,140.0,495.373198230341,0.15612958470101326,0.13985727501642,0.07726356389427591,3.5383799873595785
148,0,620,620.0,524.3269587555302,0.13757670900528043,0.2750755780355892,0.032004234883546055,0.845688643154081
148,5,700,700.0,524.3269587555302,0.15812758669901528,0.379442299154285,0.04494253175937527,0.7490385125079003
148,6,330,330.0,524.3269587555302,0.09604681033252462,0.06892460921033053,0.010518298879362294,1.5888695719864552
148,1,403,403.0,524.3269587555302,0.1374339945768517,0.31419477115669514,0.05618110341669425,1.3010594510062785
148,2,700,700.0,524.3269587555302,0.156272299129442,0.3352112869178812,0.039237812085495566,0.7490385125079003
148,3,525,525.0,524.3269587555302,0.15612958470101326,0.2932275116426531,0.04572279850949874,0.9987180166772004
148,4,315,315.0,524.3269587555302,0.1584130155558727,0.3329409304567292,0.08779093700761405,1.6645300277953339
149,3,560,560.0,541.4669616098188,0.15612958470101326,0.24352054286924582,0.036762475103993116,0.9669052885889621
149,5,700,700.0,541.4669616098188,0.15812758669901528,0.27843866258104477,0.03405736976853463,0.7735242308711697
149,2,665,665.0,541.4669616098188,0.156272299129442,0.2939819605843094,0.037407010447645474,0.8142360324959681
149,1,620,620.0,541.4669616098188,0.1374339945768517,0.2556003291464405,0.030678622222442345,0.8733338090480948
149,0,620,620.0,541.4669616098188,0.13757670900528043,0.21043556686155945,0.025283915704354263,0.8733338090480948
149,4,315,315.0,541.4669616098188,0.1584130155558727,0.273403750972027,0.07444863487896303,1.7189427352692659
149,6,198,198.0,541.4669616098188,0.09604681033252462,0.08463367661270814,0.022229665453710256,2.7346816242920142
150,0,155,155.0,455.9931497074354,0.13757670900528043,0.2909198995091188,0.11774567548884594,2.941891288435067
150,6,22,22.0,455.9931497074354,0.09604681033252462,0.05295837014499969,0.10542732686726966,20.726961350337973
150,4,490,490.0,455.9931497074354,0.1584130155558727,0.22369970413994708,0.03297755925535964,0.9305982647090518
150,1,186,186.0,455.9931497074354,0.1374339945768517,0.2586485707964623,0.08714643523573787,2.451576073695889
150,2,700,700.0,455.9931497074354,0.156272299129442,0.27819937808564954,0.028320338166449452,0.6514187852963363
150,3,700,700.0,455.9931497074354,0.15612958470101326,0.3586176975230655,0.036473479886888996,0.6514187852963363
150,5,700,700.0,455.9931497074354,0.15812758669901528,0.3613394594836026,0.03722059504043085,0.6514187852963363
