round,cid,tau,a_i,a_eff,p_i,raw_update_norm,contribution_norm,amp_vs_fedavg
1,4,700,6910.000000000002,4297.282718287087,0.1584130155558727,4.0340255746976,0.3974160367207013,0.6218933022123134
1,1,620,6110.000000000002,4297.282718287087,0.1374339945768517,3.9821977756363567,0.3849193215904456,0.7033195938276736
1,5,210,2010.0000000221403,4297.282718287087,0.15812758669901528,2.2161566130377897,0.7492141318273057,2.1379516011143047
1,3,700,6910.000000000002,4297.282718287087,0.15612958470101326,4.1378134259684725,0.40176489656384945,0.6218933022123134
1,0,155,1460.0000072749747,4297.282718287087,0.13757670900528043,2.2443243624591207,0.9088068862650274,2.9433443129276244
1,6,308,2990.000000000002,4297.282718287087,0.09604681033252462,1.9900493808006343,0.27470688121792775,1.437218300430463
1,2,315,3060.0000000000014,4297.282718287087,0.156272299129442,2.7492008840027977,0.603338413476237,1.4043407576101585
2,0,620,6110.000000000002,4575.15280938075,0.13757670900528043,4.123730923034527,0.424814791227389,0.7487975138102698
2,3,700,6910.000000000002,4575.15280938075,0.15612958470101326,3.935863686473274,0.40686732155468286,0.6621060505616134
2,6,88,790.008464149783,4575.15280938075,0.09604681033252462,0.6994302779465511,0.38904625144806326,5.791270621770599
2,1,186,1770.0000002775555,4575.15280938075,0.1374339945768517,2.0500793232044208,0.7282779694172065,2.584832095290009
2,5,700,6910.000000000002,4575.15280938075,0.15812758669901528,4.224383040710715,0.4422812109073826,0.6621060505616134
2,2,140,1310.0000353340838,4575.15280938075,0.156272299129442,1.7930921390718026,0.9786308562021615,3.4924829663947055
2,4,665,6560.000000000001,4575.15280938075,0.1584130155558727,3.960533643439327,0.4375687847480381,0.697431830698285
3,3,700,6910.000000000002,4937.992034974814,0.15612958470101326,3.581594118379872,0.3996077573987983,0.7146153451483086
3,2,700,6910.000000000002,4937.992034974814,0.156272299129442,3.681915365724615,0.41117636303313143,0.7146153451483086
3,1,124,1150.0001906837483,4937.992034974814,0.1374339945768517,1.783697165495742,1.0526106615070596,4.293905405388553
3,4,490,4810.000000000001,4937.992034974814,0.1584130155558727,3.532863318341734,0.57454361879745,1.0266095706808342
3,6,154,1450.0000080833054,4937.992034974814,0.09604681033252462,0.3003476304190129,0.09824026766994272,3.4055117292738086
3,0,465,4560.000000000002,4937.992034974814,0.13757670900528043,3.159371350596038,0.47068584124018525,1.082892990126055
3,5,700,6910.000000000002,4937.992034974814,0.15812758669901528,4.497024728800071,0.5081655929231955,0.7146153451483086
4,6,440,4310.000000000002,4063.1900378537457,0.09604681033252462,0.45274342072352397,0.040994440121300234,0.9427355076226784
4,0,496,4870.000000000001,4063.1900378537457,0.13757670900528043,3.1094158408703767,0.35691261391336887,0.8343306032553891
4,4,70,610.0563920873398,4063.1900378537457,0.1584130155558727,1.6339469976040306,1.7239552130371107,6.660351552011986
4,1,620,6110.000000000002,4063.1900378537457,0.1374339945768517,3.8375939488739284,0.3507350069337686,0.66500655284022
4,5,420,4110.000000000002,4063.1900378537457,0.15812758669901528,3.2305818601484018,0.5050259638843468,0.9886107148062637
4,2,210,2010.0000000221403,4063.1900378537457,0.156272299129442,2.00872359492049,0.6345608294373792,2.021487580999497
4,3,700,6910.000000000002,4063.1900378537457,0.15612958470101326,3.8401487254099327,0.3525513131728486,0.5880159244361425
5,3,700,6910.000000000002,4720.3239673398275,0.15612958470101326,3.95368466674533,0.42167804711240175,0.6831149012069213
5,1,620,6110.000000000002,4720.3239673398275,0.1374339945768517,3.9117033710966296,0.4153274924796992,0.7725571141309044
5,5,140,1310.0000353340838,4720.3239673398275,0.15812758669901528,1.7075433400804296,0.9729261523583584,3.6033006412370234
5,4,350,3410.000000000001,4720.3239673398275,0.1584130155558727,2.509943809778708,0.5503922216615342,1.3842592279588932
5,2,630,6210.000000000002,4720.3239673398275,0.156272299129442,3.6337273182017484,0.4316329016099906,0.7601165808920815
5,6,440,4310.000000000002,4720.3239673398275,0.09604681033252462,0.5527960163661954,0.05814901836229866,1.095202776644971
5,0,496,4870.000000000001,4720.3239673398275,0.13757670900528043,3.31003087647222,0.4413872729795342,0.96926570171249
6,4,490,4810.000000000001,4222.743108283081,0.1584130155558727,2.8368036568317363,0.39452063622438405,0.8779091701212225
6,6,440,4310.000000000002,4222.743108283081,0.09604681033252462,0.4425564945472025,0.041645593607700024,0.9797547815041947
6,5,35,262.252839954494,4222.743108283081,0.15812758669901528,0.7451600724007047,1.8972811025274121,16.101801257960865
6,2,630,6210.000000000002,4222.743108283081,0.156272299129442,3.6394081904074125,0.38673709567239123,0.6799908386929274
6,1,93,840.0049979958054,4222.743108283081,0.1374339945768517,1.4750947607073277,1.0191236541463549,5.027045218014485
6,3,700,6910.000000000002,4222.743108283081,0.15612958470101326,3.969156432290039,0.37870412406168025,0.6111060938181012
6,0,620,6110.000000000002,4222.743108283081,0.13757670900528043,3.807793744288684,0.3620526945340364,0.6911199849890474
7,1,434,4250.000000000002,4681.975468337965,0.1374339945768517,2.9176208761629328,0.4417364444458284,1.101641286667756
7,2,105,960.0014115816389,4681.975468337965,0.156272299129442,1.998024090128148,1.5227898874820045,4.8770506083154945
7,3,700,6910.000000000002,4681.975468337965,0.15612958470101326,4.244607259737057,0.44902839328798205,0.6775651907869702
7,6,110,1010.0008335248422,4681.975468337965,0.09604681033252462,0.6312436305037409,0.2810524382415037,4.63561544993795
7,4,700,6910.000000000002,4681.975468337965,0.1584130155558727,3.4925186396197265,0.37486999497686574,0.6775651907869702
7,0,434,4250.000000000002,4681.975468337965,0.13757670900528043,2.9800510953005586,0.45165708853088493,1.101641286667756
7,5,700,6910.000000000002,4681.975468337965,0.15812758669901528,3.8380598722546586,0.4112164453706885,0.6775651907869702
8,4,700,6910.000000000002,4946.846913284857,0.1584130155558727,3.5435001748547523,0.4018590407204348,0.7158968036591686
8,2,700,6910.000000000002,4946.846913284857,0.156272299129442,3.904287887273998,0.4367915805445707,0.7158968036591686
8,6,22,138.8629381196525,4946.846913284857,0.09604681033252462,0.19949539560092744,0.6825868918793877,35.623953952510796
8,1,620,6110.000000000002,4946.846913284857,0.1374339945768517,4.388036228767293,0.4882605485497479,0.8096312460368011
8,0,589,5800.000000000002,4946.846913284857,0.13757670900528043,3.517059283621903,0.412691080398123,0.8529046402215268
8,5,105,960.0014115816389,4946.846913284857,0.15812758669901528,1.6091701243629333,1.311191734766201,5.152957957775018
8,3,630,6210.000000000002,4946.846913284857,0.15612958470101326,3.6501385496608934,0.4539744639876466,0.7965937058429718
9,0,620,6110.000000000002,4578.889315061932,0.13757670900528043,3.721143177207315,0.38365444318386066,0.7494090532016253
9,1,620,6110.000000000002,4578.889315061932,0.1374339945768517,3.7985950427078774,0.3912335604991252,0.7494090532016253
9,3,560,5510.000000000002,4578.889315061932,0.15612958470101326,3.493163692636384,0.45322378009143227,0.8310143947480818
9,6,44,350.8727963568088,4578.889315061932,0.09604681033252462,0.20022703180437895,0.2509667019727726,13.049998069401704
9,4,700,6910.000000000002,4578.889315061932,0.1584130155558727,3.4911190624523107,0.3664693178986782,0.6626467894445631
9,5,455,4460.000000000002,4578.889315061932,0.15812758669901528,2.7453683588864735,0.4456906812473604,1.0266567970990876
9,2,140,1310.0000353340838,4578.889315061932,0.156272299129442,1.7515595982760839,0.9567440256190949,3.495335260730888
10,6,440,4310.000000000002,4573.368060649065,0.09604681033252462,0.2829614405736427,0.02883826237743111,1.0611062785728684
10,3,175,1660.0000008844675,4573.368060649065,0.15612958470101326,1.787938724430467,0.7690700544268286,2.755040998923085
10,2,630,6210.000000000002,4573.368060649065,0.156272299129442,3.587394142072809,0.412862702064333,0.7364521836793984
10,0,248,2390.0000000004047,4573.368060649065,0.13757670900528043,2.0800450230757197,0.5475905003668248,1.9135431216101635
10,5,700,6910.000000000002,4573.368060649065,0.15812758669901528,3.8051233664427095,0.3982304748255205,0.6618477656510946
10,1,310,3010.0000000000014,4573.368060649065,0.1374339945768517,2.4690944255019427,0.5155864882008118,1.5193913822754364
10,4,700,6910.000000000002,4573.368060649065,0.1584130155558727,3.5886321617767845,0.3762512170111804,0.6618477656510946
11,2,490,4810.000000000001,4352.732981307912,0.156272299129442,3.0496668176818233,0.4312720824337467,0.9049340917480065
11,0,620,6110.000000000002,4352.732981307912,0.13757670900528043,3.7293309653318114,0.36550780860327864,0.7123949232909838
11,4,700,6910.000000000002,4352.732981307912,0.1584130155558727,3.957222789282959,0.39488018505616146,0.6299179423021579
11,5,210,2010.0000000221403,4352.732981307912,0.15812758669901528,1.7809940445801393,0.6098683264948899,2.1655387966467496
11,1,341,3320.0000000000014,4352.732981307912,0.1374339945768517,2.6299468149455847,0.47387639725166664,1.3110641509963585
11,6,440,4310.000000000002,4352.732981307912,0.09604681033252462,0.36922969038337755,0.03581494749630944,1.0099148448510233
11,3,315,3060.0000000000014,4352.732981307912,0.15612958470101326,2.2999897960715305,0.5108009701588436,1.4224617585973562
12,2,700,6910.000000000002,5254.671043242473,0.156272299129442,4.1599362552501935,0.4943518494634681,0.7604444346226443
12,1,465,4560.000000000002,5254.671043242473,0.1374339945768517,3.1703465382839937,0.5020900280843721,1.1523401410619454
12,0,434,4250.000000000002,5254.671043242473,0.13757670900528043,2.9341139164002654,0.4990895662474077,1.2363931866452873
12,6,440,4310.000000000002,5254.671043242473,0.09604681033252462,0.3941792100189625,0.046157781242110354,1.2191812165295757
12,3,560,5510.000000000002,5254.671043242473,0.15612958470101326,3.5748279668185217,0.5322728148694764,0.9536608063960929
12,4,700,6910.000000000002,5254.671043242473,0.1584130155558727,3.811511393845967,0.45915103695098747,0.7604444346226443
12,5,385,3760.0000000000014,5254.671043242473,0.15812758669901528,2.499175864392514,0.5522836027052717,1.3975188944793806
13,1,620,6110.000000000002,4188.923256637607,0.1374339945768517,4.489360838987444,0.42299952254701884,0.685584821053618
13,6,330,3210.000000000001,4188.923256637607,0.09604681033252462,0.44566769535040657,0.05585878348432053,1.3049605160864814
13,5,700,6910.000000000002,4188.923256637607,0.15812758669901528,4.0042348438225375,0.38384115715291905,0.6062117592818532
13,0,620,6110.000000000002,4188.923256637607,0.13757670900528043,3.7680637314224352,0.3554056680834803,0.685584821053618
13,2,665,6560.000000000001,4188.923256637607,0.156272299129442,4.259069561285783,0.425006233159557,0.6385553744874399
13,4,35,262.252839954494,4188.923256637607,0.1584130155558727,0.9655951210611234,2.443251240919375,15.972842305023148
13,3,35,262.252839954494,4188.923256637607,0.15612958470101326,1.0112311922899437,2.5218419561858694,15.972842305023148
14,0,279,2700.0000000000164,5032.621664050239,0.13757670900528043,2.929429858659832,0.7512051193191337,1.8639339496482252
14,3,700,6910.000000000002,5032.621664050239,0.15612958470101326,4.490439022008722,0.5106110901578033,0.7283099369103093
14,2,525,5160.000000000001,5032.621664050239,0.156272299129442,3.6150981314207398,0.5509937511373407,0.9753142759787283
14,5,595,5860.000000000002,5032.621664050239,0.15812758669901528,3.7753221583602694,0.5126941083268154,0.8588091576877538
14,6,440,4310.000000000002,5032.621664050239,0.09604681033252462,1.0805894675698233,0.12118829894221456,1.1676616389907741
14,4,385,3760.0000000000014,5032.621664050239,0.1584130155558727,2.496075043657023,0.5292427742159762,1.3384632085239991
14,1,620,6110.000000000002,5032.621664050239,0.1374339945768517,4.174112778487945,0.4725104535985569,0.8236696667839996
15,5,700,6910.000000000002,4484.127301270246,0.15812758669901528,4.322068418844122,0.4435056598217929,0.6489330392576331
15,4,455,4460.000000000002,4484.127301270246,0.1584130155558727,2.9987919995891072,0.47761755331692696,1.0054097088049874
15,1,620,6110.000000000002,4484.127301270246,0.1374339945768517,4.036479997951132,0.40713055529762976,0.7338997219754901
15,0,434,4250.000000000002,4484.127301270246,0.13757670900528043,3.1076060704213444,0.4510865530428761,1.0550887767694692
15,3,315,3060.0000000000014,4484.127301270246,0.15612958470101326,2.5832927678920927,0.5910379120730215,1.4654010788464849
15,2,245,2360.000000000555,4484.127301270246,0.156272299129442,2.191687328011764,0.6507685085377509,1.9000539412157593
15,6,440,4310.000000000002,4484.127301270246,0.09604681033252462,0.6840107692374678,0.06835126386518675,1.040400765955973
16,0,620,6110.000000000002,4150.214955563819,0.13757670900528043,4.274972455393381,0.39949156881727327,0.6792495835619996
16,4,700,6910.000000000002,4150.214955563819,0.1584130155558727,4.49666887512125,0.42783303282367124,0.6006099790975135
16,5,700,6910.000000000002,4150.214955563819,0.15812758669901528,4.301064899076868,0.408485064797748,0.6006099790975135
16,6,220,2110.0000000077202,4150.214955563819,0.09604681033252462,0.5356925498452929,0.10120143925798344,1.966926519217362
16,1,62,530.1310020508638,4150.214955563819,0.1374339945768517,1.4074938743820775,1.5143563103879045,7.828659217265742
16,3,140,1310.0000353340838,4150.214955563819,0.15612958470101326,1.5373214398299435,0.7604123683673254,3.1681029340624463
16,2,420,4110.000000000002,4150.214955563819,0.156272299129442,3.1966225240679043,0.5044314154498007,1.0097846607211234
17,6,440,4310.000000000002,4988.846867421754,0.09604681033252462,0.40402653894351753,0.04491751724639683,1.1575050736477381
17,1,434,4250.000000000002,4988.846867421754,0.1374339945768517,3.2261671102666725,0.5204658902645305,1.1738463217462944
17,4,455,4460.000000000002,4988.846867421754,0.1584130155558727,3.19543579669335,0.5662213906997184,1.118575530812052
17,2,700,6910.000000000002,4988.846867421754,0.156272299129442,4.659218498834994,0.5256748572027177,0.7219749446341176
17,5,700,6910.000000000002,4988.846867421754,0.15812758669901528,4.22036419318105,0.48181431465907415,0.7219749446341176
17,0,589,5800.000000000002,4988.846867421754,0.13757670900528043,3.7805900148687304,0.4473801175471623,0.86014601162444
17,3,210,2010.0000000221403,4988.846867421754,0.15612958470101326,1.996824119981998,0.7738007289573395,2.482013366849155
18,0,434,4250.000000000002,4670.28542899495,0.13757670900528043,3.108820470036067,0.4699969644015858,1.0988906891752819
18,1,620,6110.000000000002,4670.28542899495,0.1374339945768517,3.99217519992599,0.4193783198928637,0.7643675006538377
18,3,175,1660.0000008844675,4670.28542899495,0.15612958470101326,1.7046675566470182,0.7487903445307496,2.813424955726848
18,6,352,3430.000000000001,4670.28542899495,0.09604681033252462,0.46426434487120716,0.060715221238622455,1.3615992504358452
18,5,700,6910.000000000002,4670.28542899495,0.15812758669901528,4.423924902510032,0.4728035898020903,0.6758734340079521
18,4,315,3060.0000000000014,4670.28542899495,0.1584130155558727,2.5393008075375456,0.6139415259352343,1.5262370682990025
18,2,700,6910.000000000002,4670.28542899495,0.156272299129442,4.737683870535115,0.500395570168518,0.6758734340079521
19,5,700,6910.000000000002,4751.6697589527275,0.15812758669901528,4.459070466019475,0.4848642686104008,0.6876511952174712
19,0,620,6110.000000000002,4751.6697589527275,0.13757670900528043,3.7827928696688753,0.40472731649442073,0.777687358257402
19,3,700,6910.000000000002,4751.6697589527275,0.15612958470101326,4.759940350536879,0.5110400265883183,0.6876511952174712
19,6,396,3870.0000000000014,4751.6697589527275,0.09604681033252462,0.4677226747388577,0.05515776444989431,1.2278216431402393
19,2,315,3060.0000000000014,4751.6697589527275,0.156272299129442,2.7297926929040295,0.6624246602536124,1.552833254559714
19,4,175,1660.0000008844675,4751.6697589527275,0.1584130155558727,1.6939446731797079,0.7681185334961314,2.8624516604945676
19,1,465,4560.000000000002,4751.6697589527275,0.1374339945768517,3.20248425488828,0.4586301269763545,1.0420328418755977
20,2,700,6910.000000000002,4797.418519199724,0.156272299129442,4.67434999261862,0.5071457481053486,0.6942718551663853
20,0,465,4560.000000000002,4797.418519199724,0.13757670900528043,3.34065921901717,0.4835260275162467,1.052065464736781
20,1,372,3630.000000000001,4797.418519199724,0.1374339945768517,3.111165253592469,0.5650907933912538,1.3216028978511634
20,6,286,2770.000000000008,4797.418519199724,0.09604681033252462,0.42179646680185773,0.07016390025272429,1.7319200430323862
20,3,700,6910.000000000002,4797.418519199724,0.15612958470101326,4.70117283822797,0.509590100572665,0.6942718551663853
20,5,105,960.0014115816389,4797.418519199724,0.15812758669901528,1.3626486561877726,1.0767807200230548,4.997303609476776
20,4,700,6910.000000000002,4797.418519199724,0.1584130155558727,4.699807937556594,0.5168928581509581,0.6942718551663853
21,6,176,1670.0000007960207,4921.2801484994625,0.09604681033252462,0.4231280968077774,0.11976127979063197,2.9468743390141854
21,2,700,6910.000000000002,4921.2801484994625,0.156272299129442,4.666469899551068,0.519362407694701,0.712196837698909
21,5,385,3760.0000000000014,4921.2801484994625,0.15812758669901528,3.005311691638745,0.6219957356880019,1.3088511033243246
21,3,700,6910.000000000002,4921.2801484994625,0.15612958470101326,4.581567035029133,0.5094473304030721,0.712196837698909
21,1,372,3630.000000000001,4921.2801484994625,0.1374339945768517,2.953680204651219,0.5503374983610538,1.3557245588152786
21,4,700,6910.000000000002,4921.2801484994625,0.1584130155558727,4.607819506555673,0.5198599506485644,0.712196837698909
21,0,310,3010.0000000000014,4921.2801484994625,0.13757670900528043,2.638808137122151,0.5935595867485639,1.6349767935214155
22,2,700,6910.000000000002,4986.093356175588,0.156272299129442,4.62590223165903,0.5216278970158276,0.7215764625435003
22,0,527,5180.000000000002,4986.093356175588,0.13757670900528043,3.362523179212042,0.44528785396723447,0.962566284975982
22,5,35,262.252839954494,4986.093356175588,0.15812758669901528,0.9313160633430774,2.799915613801156,19.01254284621197
22,3,700,6910.000000000002,4986.093356175588,0.15612958470101326,4.621205440756772,0.5206223867051641,0.7215764625435003
22,6,198,1890.0000000783903,4986.093356175588,0.09604681033252462,0.40859546611775,0.10353211629429396,2.638144632787716
22,4,700,6910.000000000002,4986.093356175588,0.1584130155558727,4.552933518632827,0.520432642422377,0.7215764625435003
22,1,589,5800.000000000002,4986.093356175588,0.1374339945768517,3.656591490572814,0.43201917775598153,0.8596712683061356
23,3,560,5510.000000000002,4495.48308834374,0.15612958470101326,4.299301522021527,0.5476560356581056,0.8158771485197347
23,2,700,6910.000000000002,4495.48308834374,0.156272299129442,4.841495118709848,0.49222064010338384,0.6505764237834644
23,6,440,4310.000000000002,4495.48308834374,0.09604681033252462,0.8634128538716876,0.08649690234030125,1.0430355193372942
23,0,372,3630.000000000001,4495.48308834374,0.13757670900528043,3.496193242461923,0.5956759809119153,1.2384250932076415
23,1,620,6110.000000000002,4495.48308834374,0.1374339945768517,4.305244041314482,0.43533852547036295,0.7357582795979932
23,5,315,3060.0000000000014,4495.48308834374,0.15812758669901528,2.6112149961571167,0.6066039247223969,1.4691121203737705
23,4,210,2010.0000000221403,4495.48308834374,0.1584130155558727,2.2102937943772742,0.7831071269733124,2.2365587503951354
24,3,490,4810.000000000001,4708.9581848198595,0.15612958470101326,3.9436073594897767,0.6027797173300303,0.9789933856174342
24,0,620,6110.000000000002,4708.9581848198595,0.13757670900528043,4.162277200907046,0.4413260267476996,0.7706969205924481
24,6,198,1890.0000000783903,4708.9581848198595,0.09604681033252462,0.6128380832836559,0.14665326020693392,2.491512266997116
24,1,372,3630.000000000001,4708.9581848198595,0.1374339945768517,4.411765779484483,0.786547266801266,1.2972336597299885
24,5,175,1660.0000008844675,4708.9581848198595,0.15812758669901528,1.801354122384963,0.8080225598067381,2.836721796572814
24,2,700,6910.000000000002,4708.9581848198595,0.156272299129442,4.649461943678837,0.49514395988115506,0.6814700701620634
24,4,700,6910.000000000002,4708.9581848198595,0.1584130155558727,4.497551417778662,0.4855274461333716,0.6814700701620634
25,3,700,6910.000000000002,5055.980547505755,0.15612958470101326,4.585464480251414,0.5238366557877128,0.7316903831412088
25,0,558,5490.000000000002,5055.980547505755,0.13757670900528043,3.4773253880211556,0.4405784976535896,0.9209436334254559
25,1,279,2700.0000000000164,5055.980547505755,0.1374339945768517,2.7232426903789366,0.7008452696589872,1.872585387965083
25,4,700,6910.000000000002,5055.980547505755,0.1584130155558727,4.502382550439333,0.5218679199159364,0.7316903831412088
25,6,88,790.008464149783,5055.980547505755,0.09604681033252462,0.5093305860166701,0.3130807414773612,6.399906807260685
25,2,385,3760.0000000000014,5055.980547505755,0.156272299129442,3.4761813906558015,0.7304693221815861,1.3446756775281257
25,5,700,6910.000000000002,5055.980547505755,0.15812758669901528,4.1644351670740996,0.48182695826504846,0.7316903831412088
26,1,620,6110.000000000002,4395.571571324119,0.1374339945768517,3.7903625166562125,0.3747564047705205,0.7194061491528834
26,3,315,3060.0000000000014,4395.571571324119,0.15612958470101326,3.0067980297043126,0.6743469396359625,1.4364612978183389
26,4,700,6910.000000000002,4395.571571324119,0.1584130155558727,4.551188942315106,0.4586200479472379,0.6361174488168043
26,5,700,6910.000000000002,4395.571571324119,0.15812758669901528,4.319045915451955,0.4344429684199243,0.6361174488168043
26,0,186,1770.0000002775555,4395.571571324119,0.13757670900528043,1.8762700841588058,0.6410359116987691,2.4833737687202513
26,6,242,2330.000000000761,4395.571571324119,0.09604681033252462,0.3398221683887924,0.06157353510868524,1.8865114040011517
26,2,280,2710.0000000000146,4395.571571324119,0.156272299129442,2.8344557605946363,0.718451986167914,1.6219821296398875
27,1,620,6110.000000000002,4184.529226693547,0.1374339945768517,3.95295524023448,0.37206726486964986,0.6848656672166196
27,2,700,6910.000000000002,4184.529226693547,0.156272299129442,4.5124147072806,0.4270311597025536,0.6055758649339429
27,5,700,6910.000000000002,4184.529226693547,0.15812758669901528,3.857592291593519,0.3693962873850487,0.6055758649339429
27,3,420,4110.000000000002,4184.529226693547,0.15612958470101326,3.4660495144393253,0.5509659381565993,1.018133631798916
27,6,154,1450.0000080833054,4184.529226693547,0.09604681033252462,0.3631545793105324,0.10065910683171843,2.8858822092179857
27,0,62,530.1310020508638,4184.529226693547,0.13757670900528043,1.157431178586763,1.2569080175821596,7.893387126022218
27,4,210,2010.0000000221403,4184.529226693547,0.1584130155558727,2.2286505594048176,0.7349933134394503,2.0818553366405244
28,0,620,6110.000000000002,3579.564198119846,0.13757670900528043,3.4580034300513134,0.2787143192388757,0.5858533875809894
28,3,35,262.252839954494,3579.564198119846,0.15612958470101326,1.4087377197064996,3.0021010303729225,13.64928669119835
28,6,220,2110.0000000077202,3579.564198119846,0.09604681033252462,0.3212237674407871,0.05234055441008433,1.6964759232733406
28,5,700,6910.000000000002,3579.564198119846,0.15812758669901528,4.108828558594811,0.33657183605831126,0.5180266567467214
28,4,700,6910.000000000002,3579.564198119846,0.1584130155558727,4.382274956535413,0.3596189698292573,0.5180266567467214
28,2,105,960.0014115816389,3579.564198119846,0.156272299129442,1.7417706292055295,1.0149186864867428,3.7287072236929086
28,1,124,1150.0001906837483,3579.564198119846,0.1374339945768517,1.5833934119797821,0.6773532932136681,3.11266400398731
29,1,620,6110.000000000002,4643.160752383065,0.1374339945768517,3.710907769737224,0.3875670432818859,0.759928110046328
29,4,700,6910.000000000002,4643.160752383065,0.1584130155558727,4.615995048257196,0.49135102680658693,0.6719480104751178
29,2,385,3760.0000000000014,4643.160752383065,0.156272299129442,3.272756286778714,0.6315700723843031,1.234883178825283
29,6,44,350.8727963568088,4643.160752383065,0.09604681033252462,0.6760242253839851,0.8592295956475058,13.23317396103103
29,5,385,3760.0000000000014,4643.160752383065,0.15812758669901528,3.680497549762129,0.718687432768815,1.234883178825283
29,0,310,3010.0000000000014,4643.160752383065,0.13757670900528043,2.9485299762986608,0.6257454321331544,1.5425783230508516
29,3,700,6910.000000000002,4643.160752383065,0.15612958470101326,4.063046778633591,0.42625815357656266,0.6719480104751178
30,3,700,6910.000000000002,5670.392464678922,0.15612958470101326,4.40232273917242,0.5640299347105865,0.8206067242661245
30,0,589,5800.000000000002,5670.392464678922,0.13757670900528043,3.432162278345997,0.46163407194636874,0.9776538732205035
30,6,220,2110.0000000077202,5670.392464678922,0.09604681033252462,0.18153836638967516,0.04685781498024347,2.68738979367686
30,4,455,4460.000000000002,5670.392464678922,0.1584130155558727,3.7846984674007067,0.7622552173771205,1.2713884449952735
30,2,700,6910.000000000002,5670.392464678922,0.156272299129442,4.300666557123003,0.5515093057918837,0.8206067242661245
30,5,700,6910.000000000002,5670.392464678922,0.15812758669901528,4.340358905806017,0.563207406286102,0.8206067242661245
30,1,527,5180.000000000002,5670.392464678922,0.1374339945768517,3.5933741863243824,0.5406048931288242,1.0946703599766254
31,3,700,6910.000000000002,4007.922525300737,0.15612958470101326,4.323654107168243,0.39154115539980244,0.5800177315920023
31,5,70,610.0563920873398,4007.922525300737,0.15812758669901528,1.6820427962831845,1.7474067949417975,6.569757447483537
31,1,620,6110.000000000002,4007.922525300737,0.1374339945768517,4.0361782504494945,0.36386695386071827,0.6559611334371089
31,6,352,3430.000000000001,4007.922525300737,0.09604681033252462,0.32304474128686045,0.03625524299631371,1.168490532157649
31,2,700,6910.000000000002,4007.922525300737,0.156272299129442,4.322277946487667,0.3917743179058008,0.5800177315920023
31,0,403,3940.000000000001,4007.922525300737,0.13757670900528043,3.2299685852300573,0.4520290134159544,1.0172392196194762
31,4,35,262.252839954494,4007.922525300737,0.1584130155558727,1.7930124394715077,4.340835037202107,15.282665865491447
32,4,525,5160.000000000001,4916.828885403773,0.1584130155558727,3.731112875390407,0.5632025878901785,0.952873815000731
32,5,700,6910.000000000002,4916.828885403773,0.15812758669901528,3.8753787259538517,0.436042519818558,0.7115526606951913
32,2,665,6560.000000000001,4916.828885403773,0.156272299129442,4.96761027417013,0.5818496444273873,0.7495165983847214
32,1,620,6110.000000000002,4916.828885403773,0.1374339945768517,4.718973210073741,0.5218979194421163,0.8047183118500444
32,0,310,3010.0000000000014,4916.828885403773,0.13757670900528043,3.323312324454846,0.7468522148445959,1.6334979685726811
32,3,210,2010.0000000221403,4916.828885403773,0.15612958470101326,3.417118605856597,1.3050714663971281,2.446183525049559
32,6,440,4310.000000000002,4916.828885403773,0.09604681033252462,1.1441734976303712,0.12536683299998125,1.1407955650588795
33,3,175,1660.0000008844675,3851.535612985364,0.15612958470101326,2.6585277448518583,0.9630575297726631,2.3202021752609765
33,5,385,3760.0000000000014,3851.535612985364,0.15812758669901528,3.013126708712398,0.4880576348479726,1.024344577921639
33,1,620,6110.000000000002,3851.535612985364,0.1374339945768517,5.769730563307542,0.49985312327276327,0.630365894105624
33,4,140,1310.0000353340838,3851.535612985364,0.1584130155558727,1.7920312464647246,0.8346397219883659,2.940103442060689
33,2,700,6910.000000000002,3851.535612985364,0.156272299129442,4.548482817063258,0.39619084022641365,0.5573857616476647
33,0,341,3320.0000000000014,3851.535612985364,0.13757670900528043,2.688954849077418,0.42916496454775116,1.1601010882486031
33,6,440,4310.000000000002,3851.535612985364,0.09604681033252462,0.6586840291041903,0.05653491295489553,0.8936277524327987
34,4,700,6910.000000000002,5161.88166306122,0.1584130155558727,4.178222158170718,0.4944386203031582,0.7470161596325932
34,5,665,6560.000000000001,5161.88166306122,0.15812758669901528,3.9254126816182224,0.4884241942996447,0.786872204734942
34,3,700,6910.000000000002,5161.88166306122,0.15612958470101326,4.634493762090401,0.5405271378344213,0.7470161596325932
34,1,93,840.0049979958054,5161.88166306122,0.1374339945768517,1.797656471921392,1.51819321513462,6.1450606548498135
34,2,490,4810.000000000001,5161.88166306122,0.156272299129442,3.948843823324797,0.6622392650858065,1.0731562709066984
34,0,496,4870.000000000001,5161.88166306122,0.13757670900528043,2.161227097656786,0.3151551463556034,1.0599346330721189
34,6,440,4310.000000000002,5161.88166306122,0.09604681033252462,0.49449939559291667,0.05688260612329308,1.197652358018844
35,6,88,790.008464149783,4660.771471867934,0.09604681033252462,0.4918273770635338,0.2786902088526997,5.8996475143895015
35,3,350,3410.000000000001,4660.771471867934,0.15612958470101326,3.545302586335747,0.7565575019017586,1.3667951530404496
35,1,155,1460.0000072749747,4660.771471867934,0.1374339945768517,2.1895830590398777,0.9606397317345372,3.1923092113999765
35,4,700,6910.000000000002,4660.771471867934,0.1584130155558727,3.120688979214484,0.33344262033715794,0.6744965950604824
35,2,700,6910.000000000002,4660.771471867934,0.156272299129442,3.959504674358456,0.4173521194482693,0.6744965950604824
35,0,434,4250.000000000002,4660.771471867934,0.13757670900528043,2.472722296638739,0.3730689804533842,1.0966521110277487
35,5,700,6910.000000000002,4660.771471867934,0.15812758669901528,3.363488494965424,0.35873797394266416,0.6744965950604824
36,2,595,5860.000000000002,5534.673897531043,0.156272299129442,3.9419864510547975,0.5818238908581921,0.9444836002612698
36,1,620,6110.000000000002,5534.673897531043,0.1374339945768517,4.233935395285888,0.5270953970655269,0.9058386084338856
36,6,418,4090.0000000000014,5534.673897531043,0.09604681033252462,0.3256238820378959,0.042322169839265025,1.3532210018413302
36,0,620,6110.000000000002,5534.673897531043,0.13757670900528043,2.73026701893934,0.3402521408753736,0.9058386084338856
36,3,700,6910.000000000002,5534.673897531043,0.15612958470101326,4.206669933090527,0.5260628481293369,0.8009658317700494
36,4,385,3760.0000000000014,5534.673897531043,0.1584130155558727,2.7396809508191877,0.638844328814377,1.471987738705064
36,5,560,5510.000000000002,5534.673897531043,0.15812758669901528,3.189436545463487,0.5065963397550657,1.0044780213304974
37,3,455,4460.000000000002,4991.742543171116,0.15612958470101326,3.752918622991371,0.6558003906817407,1.1192247854643753
37,0,403,3940.000000000001,4991.742543171116,0.13757670900528043,3.2800531664408337,0.5717178550649331,1.2669397317693185
37,5,700,6910.000000000002,4991.742543171116,0.15812758669901528,3.3496321624093466,0.3826298885512436,0.7223940004589168
37,2,700,6910.000000000002,4991.742543171116,0.156272299129442,3.96822218020661,0.4479732817951816,0.7223940004589168
37,4,350,3410.000000000001,4991.742543171116,0.1584130155558727,2.8630840293687734,0.6639307057844548,1.4638541182319986
37,6,440,4310.000000000002,4991.742543171116,0.09604681033252462,0.389373915070047,0.043313642566874824,1.158176924169632
37,1,465,4560.000000000002,4991.742543171116,0.1374339945768517,2.022283207271132,0.3042450214770515,1.0946803822743671
38,5,35,262.252839954494,4282.803788707417,0.15812758669901528,1.1306616727005965,2.9197676461178146,16.330819484931286
38,0,186,1770.0000002775555,4282.803788707417,0.13757670900528043,1.9748003858975556,0.6573899063564798,2.4196631570823874
38,2,700,6910.000000000002,4282.803788707417,0.156272299129442,4.098466462891927,0.3969661892005945,0.619797943372998
38,6,176,1670.0000007960207,4282.803788707417,0.09604681033252462,0.40431405183972885,0.09958948555679051,2.564553165668251
38,3,700,6910.000000000002,4282.803788707417,0.15612958470101326,3.1479087968907615,0.3046193426106888,0.619797943372998
38,1,434,4250.000000000002,4282.803788707417,0.1374339945768517,3.2616267696025267,0.451718295459623,1.0077185385193919
38,4,700,6910.000000000002,4282.803788707417,0.1584130155558727,2.742548920048438,0.26927459113356683,0.619797943372998
39,2,385,3760.0000000000014,4804.322447830563,0.156272299129442,3.5414189107838054,0.7071370732392255,1.2777453318698302
39,3,700,6910.000000000002,4804.322447830563,0.15612958470101326,4.508006099414498,0.4893547407486318,0.6952709765311956
39,0,589,5800.000000000002,4804.322447830563,0.13757670900528043,3.027709454118273,0.34503509215109474,0.8283314565225106
39,6,44,350.8727963568088,4804.322447830563,0.09604681033252462,0.802076560971775,1.0548269611048122,13.6924905484692
39,1,620,6110.000000000002,4804.322447830563,0.1374339945768517,2.8945638035981958,0.31280107308046995,0.7863048196122032
39,4,245,2360.000000000555,4804.322447830563,0.1584130155558727,2.4369210576660723,0.7858731789055995,2.0357298507751835
39,5,700,6910.000000000002,4804.322447830563,0.15812758669901528,2.6997224100134503,0.2968115897105053,0.6952709765311956
40,4,700,6910.000000000002,4928.779241787543,0.1584130155558727,3.8020887055644432,0.42961004335827885,0.7132820899837252
40,2,595,5860.000000000002,4928.779241787543,0.156272299129442,3.8285913137076553,0.5032256413639498,0.8410886078135735
40,6,176,1670.0000007960207,4928.779241787543,0.09604681033252462,0.1603451982944278,0.04545292131876675,2.9513648140348474
40,3,700,6910.000000000002,4928.779241787543,0.15612958470101326,4.285164915083882,0.47721497600859486,0.7132820899837252
40,5,35,262.252839954494,4928.779241787543,0.15812758669901528,1.3375924759170006,3.9751235082329552,18.793997588902307
40,1,620,6110.000000000002,4928.779241787543,0.1374339945768517,3.240683334291558,0.3592765914378894,0.8066741803252931
40,0,589,5800.000000000002,4928.779241787543,0.13757670900528043,2.6349998217688735,0.3080611126901905,0.8497895244461278
41,4,700,6910.000000000002,3485.573638865197,0.1584130155558727,3.172920057011814,0.2535398367382299,0.5044245497634148
41,0,62,530.1310020508638,3485.573638865197,0.13757670900528043,2.255578754351017,2.0402997274826555,6.5749288862204125
41,3,420,4110.000000000002,3485.573638865197,0.15612958470101326,3.812376804756436,0.5047931623724101,0.8480714449793664
41,5,105,960.0014115816389,3485.573638865197,0.15812758669901528,1.458731957830513,0.8375013798408958,3.630800535097737
41,2,700,6910.000000000002,3485.573638865197,0.156272299129442,4.401347821211313,0.34694761565692017,0.5044245497634148
41,6,440,4310.000000000002,3485.573638865197,0.09604681033252462,1.4214483173397596,0.11041066171429009,0.8087177816392566
41,1,31,223.43368382029254,3485.573638865197,0.1374339945768517,2.3082846721840586,4.948905418426297,15.600036571337382
42,4,700,6910.000000000002,5039.494790923452,0.1584130155558727,4.249068032614855,0.49090052805314444,0.7293046007125109
42,1,403,3940.000000000001,5039.494790923452,0.1374339945768517,3.210220806996502,0.5643127382513696,1.2790595916049365
42,2,700,6910.000000000002,5039.494790923452,0.156272299129442,4.5296892947903356,0.516249172331274,0.7293046007125109
42,0,403,3940.000000000001,5039.494790923452,0.13757670900528043,2.6893285712339887,0.47323794632075467,1.2790595916049365
42,3,700,6910.000000000002,5039.494790923452,0.15612958470101326,4.394962469967973,0.5004369039733509,0.7293046007125109
42,5,245,2360.000000000555,5039.494790923452,0.15812758669901528,3.4236047461750947,1.156022429099651,2.135379148695876
42,6,352,3430.000000000001,5039.494790923452,0.09604681033252462,0.46215146520041545,0.06521690153687316,1.4692404638260788
43,0,465,4560.000000000002,4427.853575134524,0.13757670900528043,3.1555234264226324,0.42154576752953715,0.9710205208628339
43,2,700,6910.000000000002,4427.853575134524,0.156272299129442,3.8037991533897513,0.38090334143985805,0.6407892293971814
43,6,440,4310.000000000002,4427.853575134524,0.09604681033252462,0.34488137065629415,0.034030526098656956,1.0273442169685667
43,3,175,1660.0000008844675,4427.853575134524,0.15612958470101326,2.825105243383839,1.1765353979797688,2.6673816703465736
43,4,700,6910.000000000002,4427.853575134524,0.1584130155558727,3.7671741305076902,0.38240341301316566,0.6407892293971814
43,1,310,3010.0000000000014,4427.853575134524,0.1374339945768517,2.8838931241796946,0.5830423297839961,1.47104769938024
43,5,350,3410.000000000001,4427.853575134524,0.15812758669901528,3.377522650476654,0.6934973163935377,1.2984907844969276
44,2,700,6910.000000000002,4823.552162238192,0.156272299129442,3.6291571479097535,0.3958919836552324,0.6980538585004618
44,1,186,1770.0000002775555,4823.552162238192,0.1374339945768517,1.7197381481342158,0.6440954150882,2.725170712701585
44,4,700,6910.000000000002,4823.552162238192,0.1584130155558727,4.195890634649013,0.46398501335415887,0.6980538585004618
44,3,700,6910.000000000002,4823.552162238192,0.15612958470101326,3.829309665176886,0.41734443264789517,0.6980538585004618
44,5,350,3410.000000000001,4823.552162238192,0.15812758669901528,3.0297493153198984,0.6776835430147431,1.4145314258763022
44,0,465,4560.000000000002,4823.552162238192,0.13757670900528043,2.0102133446300035,0.29254265921260175,1.0577965268066207
44,6,176,1670.0000007960207,4823.552162238192,0.09604681033252462,0.26575236506419075,0.07372428901364739,2.8883545867898217
45,6,198,1890.0000000783903,4870.184322211311,0.09604681033252462,0.3031775600382277,0.07503494944864682,2.5768171015922294
45,4,700,6910.000000000002,4870.184322211311,0.1584130155558727,3.4926283602218495,0.38995149383223726,0.7048023621145166
45,2,105,960.0014115816389,4870.184322211311,0.156272299129442,2.1965968100982836,1.7414294188410548,5.073101209494575
45,1,620,6110.000000000002,4870.184322211311,0.1374339945768517,2.0688596006927544,0.2266362506149601,0.7970841771213273
45,0,403,3940.000000000001,4870.184322211311,0.13757670900528043,1.7721771403236395,0.3013708361720218,1.2360873914241903
45,5,700,6910.000000000002,4870.184322211311,0.15812758669901528,3.299214586155796,0.36769316549983755,0.7048023621145166
45,3,630,6210.000000000002,4870.184322211311,0.15612958470101326,3.5511003546712083,0.434812427546392,0.7842486831258147
46,5,70,610.0563920873398,3788.4768519292625,0.15812758669901528,1.786066653288625,1.753880344342202,6.210043696070115
46,6,440,4310.000000000002,3788.4768519292625,0.09604681033252462,0.3019966598743652,0.02549602370161668,0.8789969494035408
46,3,175,1660.0000008844675,3788.4768519292625,0.15612958470101326,2.3087554156781525,0.8226586743872761,2.2822149698257337
46,2,700,6910.000000000002,3788.4768519292625,0.156272299129442,2.957586290463711,0.25339965353874133,0.5482600364586485
46,0,93,840.0049979958054,3788.4768519292625,0.13757670900528043,1.616113597505845,1.0027659269411537,4.5100646555298
46,4,630,6210.000000000002,3788.4768519292625,0.1584130155558727,3.251870680321826,0.31426583183625745,0.6100606846907023
46,1,620,6110.000000000002,3788.4768519292625,0.1374339945768517,3.660459385777534,0.31192715914851826,0.6200453112813848
47,4,350,3410.000000000001,4209.562845766505,0.1584130155558727,3.0586457945957912,0.5981397522365508,1.2344759078494147
47,1,620,6110.000000000002,4209.562845766505,0.1374339945768517,2.0992849246622494,0.1987748086409524,0.6889628225477094
47,2,35,262.252839954494,4209.562845766505,0.156272299129442,1.5019004541379606,3.7673845118300338,16.051543413207447
47,0,341,3320.0000000000014,4209.562845766505,0.13757670900528043,1.9195187647265977,0.33483912035855246,1.26794061619473
47,6,176,1670.0000007960207,4209.562845766505,0.09604681033252462,0.2947659180084689,0.07136425563531285,2.5206963136287297
47,3,700,6910.000000000002,4209.562845766505,0.15612958470101326,3.6756781966184096,0.34960822134677183,0.6091986752194651
47,5,700,6910.000000000002,4209.562845766505,0.15812758669901528,2.1877555962989277,0.21074893885456825,0.6091986752194651
48,4,700,6910.000000000002,5268.359662476808,0.1584130155558727,4.236236580093555,0.5116446483100046,0.7624254214872368
48,5,630,6210.000000000002,5268.359662476808,0.15812758669901528,3.5364571623253838,0.4744165821382677,0.8483670954068931
48,6,418,4090.0000000000014,5268.359662476808,0.09604681033252462,0.5981726540910568,0.07400509316016642,1.2881074969380943
48,2,700,6910.000000000002,5268.359662476808,0.156272299129442,2.8675685332612866,0.3416592445609712,0.7624254214872368
48,3,525,5160.000000000001,5268.359662476808,0.15612958470101326,2.594206978476604,0.413538113305992,1.0209999345885286
48,1,62,530.1310020508638,5268.359662476808,0.1374339945768517,2.357899572645062,3.2204138575471233,9.937844876258211
48,0,620,6110.000000000002,5268.359662476808,0.13757670900528043,3.856423303897641,0.45747126561923074,0.862251990585402
49,5,700,6910.000000000002,4908.2446180520665,0.15812758669901528,3.3509631072252986,0.37637904937843203,0.7103103644069559
49,1,620,6110.000000000002,4908.2446180520665,0.1374339945768517,2.8345141499139648,0.3129376290001011,0.8033133581099943
49,0,620,6110.000000000002,4908.2446180520665,0.13757670900528043,3.1140678050461537,0.3441580796750544,0.8033133581099943
49,3,560,5510.000000000002,4908.2446180520665,0.15612958470101326,3.044722728569534,0.42345528147980255,0.8907884969241497
49,6,330,3210.000000000001,4908.2446180520665,0.09604681033252462,0.3293133066959421,0.048363017868145744,1.5290481676174656
49,2,140,1310.0000353340838,4908.2446180520665,0.156272299129442,2.116422249438113,1.239193742950584,3.746751515774072
49,4,490,4810.000000000001,4908.2446180520665,0.1584130155558727,3.5720392453693424,0.5774151914532117,1.0204250765181009
50,4,245,2360.000000000555,4563.946053946143,0.1584130155558727,2.8552887106192335,0.8747206694342015,1.9338754465868944
50,1,620,6110.000000000002,4563.946053946143,0.1374339945768517,1.8349746103463278,0.18837511102641027,0.7469633476180265
50,0,620,6110.000000000002,4563.946053946143,0.13757670900528043,2.4058365652105014,0.2472352150887565,0.7469633476180265
50,5,315,3060.0000000000014,4563.946053946143,0.15812758669901528,2.893910098523301,0.6825142984322112,1.4914856385444906
50,6,440,4310.000000000002,4563.946053946143,0.09604681033252462,0.4296001275558655,0.04369287080391089,1.0589201981313554
50,3,560,5510.000000000002,4563.946053946143,0.15612958470101326,2.217338990665536,0.2867518324858841,0.8283023691372309
50,2,490,4810.000000000001,4563.946053946143,0.156272299129442,2.6477270298751154,0.3926003086983689,0.9488453334607365
51,4,140,1310.0000353340838,5074.823761162091,0.1584130155558727,1.9386321470587862,1.1896958006813034,3.873911163573274
51,3,700,6910.000000000002,5074.823761162091,0.15612958470101326,1.8735302277480665,0.21482698146245427,0.7344173315719377
51,6,132,1230.0000820831015,5074.823761162091,0.09604681033252462,0.37471472474927425,0.1484907943005929,4.125872701217612
51,1,527,5180.000000000002,5074.823761162091,0.1374339945768517,2.8931605464401953,0.38954524598820744,0.9796957067880481
51,5,700,6910.000000000002,5074.823761162091,0.15812758669901528,2.2231952745765655,0.2581833138802043,0.7344173315719377
51,2,665,6560.000000000001,5074.823761162091,0.156272299129442,2.434725600498823,0.29433990760125256,0.7736011831039772
51,0,620,6110.000000000002,5074.823761162091,0.13757670900528043,1.9077055802802414,0.2179897236786081,0.8305767203211275
52,5,700,6910.000000000002,4901.067503962794,0.15812758669901528,2.992193120548468,0.33559068674391235,0.70927170824353
52,1,186,1770.0000002775555,4901.067503962794,0.1374339945768517,1.6712375061443314,0.635989229633845,2.7689646910701993
52,0,372,3630.000000000001,4901.067503962794,0.13757670900528043,2.0724859874332586,0.38496440793806747,1.3501563371798326
52,3,630,6210.000000000002,4901.067503962794,0.15612958470101326,3.794665828026588,0.46758204380584345,0.7892218202838636
52,4,700,6910.000000000002,4901.067503962794,0.1584130155558727,3.307613631423947,0.3716364229102769,0.70927170824353
52,6,440,4310.000000000002,4901.067503962794,0.09604681033252462,0.3100523277061615,0.033863462093828234,1.1371386320099286
52,2,385,3760.0000000000014,4901.067503962794,0.156272299129442,2.6528467314605635,0.5403771796162815,1.3034753999901043
53,3,70,610.0563920873398,4214.0311925579335,0.15612958470101326,1.6680585454780836,1.7989713955773898,6.907609275495673
53,6,132,1230.0000820831015,4214.0311925579335,0.09604681033252462,0.3971968931626674,0.13070174777129498,3.4260413913315695
53,5,700,6910.000000000002,4214.0311925579335,0.15812758669901528,3.590244441636323,0.34621936858029767,0.609845324538051
53,0,93,840.0049979958054,4214.0311925579335,0.13757670900528043,1.6117787112081772,1.1124133892005774,5.016673951479246
53,4,560,5510.000000000002,4214.0311925579335,0.1584130155558727,2.9319871205716117,0.3552213550596731,0.7647969496475376
53,2,700,6910.000000000002,4214.0311925579335,0.156272299129442,2.745686259179836,0.2616692023620762,0.609845324538051
53,1,620,6110.000000000002,4214.0311925579335,0.1374339945768517,1.8926279768642238,0.17939732414390253,0.6896941395348498
54,2,700,6910.000000000002,5738.93249615181,0.156272299129442,1.7491320655667262,0.22701662988655985,0.8305256868526495
54,3,700,6910.000000000002,5738.93249615181,0.15612958470101326,1.8469380581053334,0.23949177568356791,0.8305256868526495
54,4,525,5160.000000000001,5738.93249615181,0.1584130155558727,2.666059271533084,0.46972327094211214,1.112196220184459
54,5,700,6910.000000000002,5738.93249615181,0.15812758669901528,3.1960744891598627,0.4197373386697063,0.8305256868526495
54,1,589,5800.000000000002,5738.93249615181,0.1374339945768517,1.8337805643462217,0.24937025991966708,0.9894711200261738
54,6,176,1670.0000007960207,5738.93249615181,0.09604681033252462,0.41120754465105724,0.13572462990453943,3.4364865230037696
54,0,527,5180.000000000002,5738.93249615181,0.13757670900528043,1.7070719484615404,0.2601944920461914,1.1079020262841328
55,2,105,960.0014115816389,4102.940137893283,0.156272299129442,1.6308112315095067,1.089203440523956,4.273889692655277
55,0,620,6110.000000000002,4102.940137893283,0.13757670900528043,1.9407276256442485,0.17929305808017199,0.6715122975275419
55,6,176,1670.0000007960207,4102.940137893283,0.09604681033252462,0.24342238983214184,0.05744102458213617,2.456850380800945
55,5,700,6910.000000000002,4102.940137893283,0.15812758669901528,2.984189395160324,0.28018905008397593,0.5937684714751492
55,1,620,6110.000000000002,4102.940137893283,0.1374339945768517,2.2106028453086832,0.20401348033936229,0.6715122975275419
55,3,245,2360.000000000555,4102.940137893283,0.15612958470101326,2.410296528611767,0.6542426577285505,1.738533956734033
55,4,420,4110.000000000002,4102.940137893283,0.1584130155558727,2.9953968939395215,0.4736947758887796,0.998282271993499
56,1,93,840.0049979958054,4639.325117679851,0.1374339945768517,2.1593876808202377,1.639070852424849,5.52297323081287
56,3,700,6910.000000000002,4639.325117679851,0.15612958470101326,1.4234945514390371,0.14921681803713055,0.6713929258581548
56,5,700,6910.000000000002,4639.325117679851,0.15812758669901528,3.598529967565941,0.38204060804813494,0.6713929258581548
56,6,176,1670.0000007960207,4639.325117679851,0.09604681033252462,0.37220493933454335,0.09931238596169445,2.7780389912984877
56,0,62,530.1310020508638,4639.325117679851,0.13757670900528043,1.735395084038942,2.089367741206707,8.751280532042395
56,2,700,6910.000000000002,4639.325117679851,0.156272299129442,2.5745028134531025,0.2701171341982291,0.6713929258581548
56,4,665,6560.000000000001,4639.325117679851,0.1584130155558727,2.054977728535894,0.2302231276871838,0.7072141947682699
57,0,124,1150.0001906837483,4374.023146110908,0.13757670900528043,1.1949118556774991,0.6252647579441283,3.8034977572571296
57,1,620,6110.000000000002,4374.023146110908,0.1374339945768517,2.1102245959444383,0.20761690707669295,0.7158794019821451
57,5,175,1660.0000008844675,4374.023146110908,0.15812758669901528,2.665913492262015,1.1107765027084129,2.6349537010725164
57,4,385,3760.0000000000014,4374.023146110908,0.1584130155558727,3.0674063534580798,0.5652693086280799,1.1633040282209857
57,3,700,6910.000000000002,4374.023146110908,0.15612958470101326,2.6733078461744473,0.2642026729329496,0.632999008120247
57,2,665,6560.000000000001,4374.023146110908,0.156272299129442,2.902345897762068,0.3024185376391967,0.666771821053492
57,6,440,4310.000000000002,4374.023146110908,0.09604681033252462,0.3223747258305463,0.03142300678821244,1.0148545582623911
58,4,140,1310.0000353340838,4301.14885674632,0.1584130155558727,1.862086765045439,0.9685096234755902,3.283319649414678
58,6,374,3650.000000000001,4301.14885674632,0.09604681033252462,0.2951124976177924,0.033401206703716414,1.178396947053786
58,0,279,2700.0000000000164,4301.14885674632,0.13757670900528043,2.115275658923583,0.4635884393240339,1.59301809509122
58,1,620,6110.000000000002,4301.14885674632,0.1374339945768517,3.2295677663537954,0.3124509391219958,0.7039523497129818
58,5,245,2360.000000000555,4301.14885674632,0.15812758669901528,2.486511364074567,0.7165897000123295,1.8225207020107241
58,3,700,6910.000000000002,4301.14885674632,0.15612958470101326,2.975537776652375,0.2891725725471904,0.6224528012657481
58,2,700,6910.000000000002,4301.14885674632,0.156272299129442,3.0780066012780245,0.29940425934801884,0.6224528012657481
59,5,700,6910.000000000002,3339.367300905514,0.15812758669901528,2.4584842400341143,0.1878716347556785,0.4832658901455157
59,1,31,223.43368382029254,3339.367300905514,0.1374339945768517,0.9934921062729791,2.040676365981984,14.945675351221276
59,0,186,1770.0000002775555,3339.367300905514,0.13757670900528043,1.8032766971391265,0.4680564245659263,1.8866481923061382
59,6,440,4310.000000000002,3339.367300905514,0.09604681033252462,0.34971757673144493,0.026024795599310563,0.774795197425873
59,4,700,6910.000000000002,3339.367300905514,0.1584130155558727,2.323288851600238,0.17786078820842777,0.4832658901455157
59,3,175,1660.0000008844675,3339.367300905514,0.15612958470101326,2.244051589545869,0.7048133854334879,2.0116670476664216
59,2,140,1310.0000353340838,3339.367300905514,0.156272299129442,2.3876491579780184,0.9511420807648941,2.5491352754459196
60,2,700,6910.000000000002,3922.922801655969,0.156272299129442,2.326449059997101,0.20639884553047372,0.5677167585609216
60,1,620,6110.000000000002,3922.922801655969,0.1374339945768517,1.9002747232027795,0.16767916891486692,0.6420495583724989
60,0,31,223.43368382029254,3922.922801655969,0.13757670900528043,0.7113586446446051,1.7182828120061358,17.557436884991663
60,4,385,3760.0000000000014,3922.922801655969,0.1584130155558727,3.2834549254782757,0.5426800257819246,1.0433305323553106
60,3,245,2360.000000000555,3922.922801655969,0.15612958470101326,2.0752625784442276,0.5385871881091023,1.6622554244301047
60,6,440,4310.000000000002,3922.922801655969,0.09604681033252462,0.37535973251013693,0.03281429811809298,0.910190905256605
60,5,385,3760.0000000000014,3922.922801655969,0.15812758669901528,2.2357620524428006,0.3688545460444703,1.0433305323553106
61,1,465,4560.000000000002,4264.417888778308,0.1374339945768517,1.5603104722032677,0.20053958265395025,0.93517936157419
61,4,700,6910.000000000002,4264.417888778308,0.1584130155558727,3.0988664778255575,0.3029531234467817,0.6171371763789156
61,0,434,4250.000000000002,4264.417888778308,0.13757670900528043,0.7491360457315978,0.10341330954701755,1.003392444418425
61,2,700,6910.000000000002,4264.417888778308,0.156272299129442,2.500449774187358,0.2411469904502091,0.6171371763789156
61,3,280,2710.0000000000146,4264.417888778308,0.15612958470101326,1.9507230211641409,0.4792601059125038,1.5735859368185554
61,6,440,4310.000000000002,4264.417888778308,0.09604681033252462,0.3919530808465335,0.03724770469734006,0.9894241041248971
61,5,35,262.252839954494,4264.417888778308,0.15812758669901528,1.8338766202970633,4.715386690360071,16.260711950796292
62,2,700,6910.000000000002,4399.746915587122,0.156272299129442,3.416293343519315,0.3399278947324013,0.6367216954539973
62,3,280,2710.0000000000146,4399.746915587122,0.15612958470101326,3.1948967504341717,0.8098422617412181,1.6235228470801102
62,0,403,3940.000000000001,4399.746915587122,0.13757670900528043,2.470755996607874,0.3795825579980244,1.116687034412975
62,6,440,4310.000000000002,4399.746915587122,0.09604681033252462,1.1007086966626554,0.10792095254620312,1.0208229502522321
62,5,700,6910.000000000002,4399.746915587122,0.15812758669901528,2.277500337689467,0.2293061702673103,0.6367216954539973
62,4,525,5160.000000000001,4399.746915587122,0.1584130155558727,2.784812515454691,0.3761532489008724,0.8526641309277367
62,1,31,223.43368382029254,4399.746915587122,0.1374339945768517,1.9350265102235802,5.236729466828444,19.69151132613395
63,3,70,610.0563920873398,3930.888822451918,0.15612958470101326,2.208206297426264,2.22149646981711,6.443484362162286
63,4,700,6910.000000000002,3930.888822451918,0.1584130155558727,3.5420874028108016,0.31919997463030997,0.5688695835675711
63,2,700,6910.000000000002,3930.888822451918,0.156272299129442,2.6347335463837815,0.23422401227350115,0.5688695835675711
63,5,490,4810.000000000001,3930.888822451918,0.15812758669901528,2.8811330106943913,0.3723202313246982,0.817232603420357
63,0,62,530.1310020508638,3930.888822451918,0.13757670900528043,1.0794621447580257,1.1011839974866653,7.414938585453196
63,6,440,4310.000000000002,3930.888822451918,0.09604681033252462,0.5128516357254483,0.044925009995917586,0.9120391699424399
63,1,310,3010.0000000000014,3930.888822451918,0.1374339945768517,1.844964977541047,0.3311361242617938,1.3059431303826963
64,4,700,6910.000000000002,3755.1184326678235,0.1584130155558727,2.659187223195156,0.22892085964657072,0.5434324794020003
64,3,140,1310.0000353340838,3755.1184326678235,0.15612958470101326,1.4673807842382056,0.656720182687597,2.866502543040139
64,0,93,840.0049979958054,3755.1184326678235,0.13757670900528043,1.2559384324190672,0.772422712458809,4.470352487934333
64,6,440,4310.000000000002,3755.1184326678235,0.09604681033252462,0.3514831124421645,0.029412624522508927,0.8712571769530909
64,5,175,1660.0000008844675,3755.1184326678235,0.15812758669901528,2.131940224717172,0.7626024868638099,2.2621195365464173
64,2,700,6910.000000000002,3755.1184326678235,0.156272299129442,2.839836477381279,0.24116869115306244,0.5434324794020003
64,1,434,4250.000000000002,3755.1184326678235,0.1374339945768517,1.6167892133487596,0.19632801761745516,0.8835572782747816
65,6,440,4310.000000000002,4719.210789348882,0.09604681033252462,0.4093203738491798,0.04304655638809926,1.0949444986888353
65,3,175,1660.0000008844675,4719.210789348882,0.15612958470101326,1.8492849623939815,0.8208245372056221,2.8428980643580912
65,4,630,6210.000000000002,4719.210789348882,0.1584130155558727,2.307209049940785,0.27775096962751916,0.7599373251769533
65,1,403,3940.000000000001,4719.210789348882,0.1374339945768517,1.70306813906291,0.2803492174250011,1.1977692358753504
65,5,700,6910.000000000002,4719.210789348882,0.15812758669901528,1.895830324764658,0.2047379909553299,0.682953804536741
65,2,385,3760.0000000000014,4719.210789348882,0.156272299129442,1.872751188895349,0.36731918689057735,1.2551092524864043
65,0,620,6110.000000000002,4719.210789348882,0.13757670900528043,1.137465617511343,0.12086800676865084,0.7723749246070181
66,5,490,4810.000000000001,4690.515199124813,0.15812758669901528,2.297594044765927,0.3542879741446467,0.9751590850571336
66,3,420,4110.000000000002,4690.515199124813,0.15612958470101326,1.8786837603749567,0.3347477075316803,1.1412445739963044
66,6,440,4310.000000000002,4690.515199124813,0.09604681033252462,0.4728193032386786,0.0494221259129621,1.088286589124086
66,0,186,1770.0000002775555,4690.515199124813,0.13757670900528043,2.1529468267406107,0.78492019190764,2.650008586660615
66,2,700,6910.000000000002,4690.515199124813,0.156272299129442,2.7533496725201103,0.2920692744049353,0.6788010418415068
66,4,700,6910.000000000002,4690.515199124813,0.1584130155558727,2.397440633894827,0.25779899700948733,0.6788010418415068
66,1,341,3320.0000000000014,4690.515199124813,0.1374339945768517,2.4463578418282177,0.47500328973644557,1.4128057828689191
67,0,93,840.0049979958054,4826.649752829106,0.13757670900528043,1.4595235759547789,1.1537718698103094,5.745977421973872
67,5,595,5860.000000000002,4826.649752829106,0.15812758669901528,1.883948862254728,0.2453719545170007,0.8236603673769802
67,6,220,2110.0000000077202,4826.649752829106,0.09604681033252462,0.3410920351856314,0.07494071891972483,2.2875117311902584
67,3,700,6910.000000000002,4826.649752829106,0.15612958470101326,2.1262230350001876,0.2318791828733488,0.698502134996976
67,4,700,6910.000000000002,4826.649752829106,0.1584130155558727,2.551112876475053,0.28228530723962786,0.698502134996976
67,1,248,2390.0000000004047,4826.649752829106,0.1374339945768517,2.6190945408229735,0.72693106615008,2.0195187250327566
67,2,700,6910.000000000002,4826.649752829106,0.156272299129442,2.2738425153960304,0.2482047691676707,0.698502134996976
68,4,700,6910.000000000002,5190.736412037987,0.1584130155558727,2.0045767970410937,0.23854179820493193,0.7511919554324147
68,5,140,1310.0000353340838,5190.736412037987,0.15812758669901528,2.139211924892511,1.3403527884074846,3.9623941007865815
68,2,700,6910.000000000002,5190.736412037987,0.156272299129442,2.057137783700857,0.24148842057852218,0.7511919554324147
68,0,527,5180.000000000002,5190.736412037987,0.13757670900528043,2.150885756658606,0.2965251102640801,1.0020726664165995
68,1,620,6110.000000000002,5190.736412037987,0.1374339945768517,1.8970186566796607,0.22148970118886088,0.8495476942779027
68,3,630,6210.000000000002,5190.736412037987,0.15612958470101326,1.7127396096487877,0.22351873023735397,0.8358673771397722
68,6,308,2990.000000000002,5190.736412037987,0.09604681033252462,0.38648386504476967,0.06444245869521828,1.736032244828757
69,2,700,6910.000000000002,3941.6711859604666,0.156272299129442,2.536085606309964,0.22607277026623496,0.5704299834964495
69,5,280,2710.0000000000146,3941.6711859604666,0.15812758669901528,2.094410937302196,0.4817044316454193,1.4544912125315297
69,1,620,6110.000000000002,3941.6711859604666,0.1374339945768517,1.4094171013768213,0.12496053870678187,0.6451180337087504
69,6,440,4310.000000000002,3941.6711859604666,0.09604681033252462,0.3707800189219975,0.03256884756223565,0.9145408784131009
69,3,350,3410.000000000001,3941.6711859604666,0.15612958470101326,2.380132145993055,0.4295485803978655,1.155915303800723
69,4,210,2010.0000000221403,3941.6711859604666,0.1584130155558727,2.236638721257991,0.694817959935357,1.9610304407547507
69,0,248,2390.0000000004047,3941.6711859604666,0.13757670900528043,2.0513414690220015,0.4654417831309255,1.64923480584092
70,0,31,223.43368382029254,4840.264031854256,0.13757670900528043,1.1600463076865355,3.457328523821572,21.663090135269286
70,6,440,4310.000000000002,4840.264031854256,0.09604681033252462,0.37184757573005106,0.04010880138261212,1.1230310978780171
70,2,560,5510.000000000002,4840.264031854256,0.156272299129442,3.1496574319532975,0.4323771916623137,0.8784508224780861
70,4,420,4110.000000000002,4840.264031854256,0.1584130155558727,1.7828584791694693,0.3326097401165917,1.177679813103225
70,5,700,6910.000000000002,4840.264031854256,0.15812758669901528,2.581281488649149,0.28591307414364525,0.7004723635100224
70,3,700,6910.000000000002,4840.264031854256,0.15612958470101326,2.8414785698731437,0.3107567671491535,0.7004723635100224
70,1,527,5180.000000000002,4840.264031854256,0.1374339945768517,1.5272190979454567,0.19612583645835907,0.9344139057633696
71,3,700,6910.000000000002,4154.538381637521,0.15612958470101326,2.848937907084181,0.2674317193821338,0.6012356558086135
71,1,186,1770.0000002775555,4154.538381637521,0.1374339945768517,2.812554620659678,0.9072869079028084,2.3471968254158435
71,5,490,4810.000000000001,4154.538381637521,0.15812758669901528,2.4802564146086623,0.3387520433721354,0.8637293932718336
71,2,700,6910.000000000002,4154.538381637521,0.156272299129442,3.4335610897245163,0.32260530785296215,0.6012356558086135
71,4,70,610.0563920873398,4154.538381637521,0.1584130155558727,2.4600942100561736,2.6539662378853093,6.810089092620685
71,6,66,570.0859504455718,4154.538381637521,0.09604681033252462,0.6857567322053109,0.47999361908829463,7.287564933656736
71,0,620,6110.000000000002,4154.538381637521,0.13757670900528043,2.0868401582135454,0.19521611571569938,0.6799571819374008
72,3,700,6910.000000000002,4580.255264365315,0.15612958470101326,2.196162652455036,0.22728006316690916,0.6628444666230556
72,4,700,6910.000000000002,4580.255264365315,0.1584130155558727,1.6464447619929274,0.17288195348896154,0.6628444666230556
72,5,70,610.0563920873398,4580.255264365315,0.15812758669901528,1.3168091253211318,1.5633282324641158,7.507921109872701
72,1,62,530.1310020508638,4580.255264365315,0.1374339945768517,1.5354275130753774,1.8231817632333365,8.639855519949123
72,0,620,6110.000000000002,4580.255264365315,0.13757670900528043,1.9155836082831894,0.1975579453875287,0.749632612825747
72,6,396,3870.0000000000014,4580.255264365315,0.09604681033252462,0.22241245539640087,0.02528254383679157,1.1835284920840603
72,2,665,6560.000000000001,4580.255264365315,0.156272299129442,2.4185318636957116,0.26388801016702496,0.6982096439581272
73,6,374,3650.000000000001,4351.485376810715,0.09604681033252462,0.4491268158350844,0.051427640194602726,1.1921877744686888
73,5,700,6910.000000000002,4351.485376810715,0.15812758669901528,1.572585755994462,0.15659628741028914,0.6297373917236924
73,3,525,5160.000000000001,4351.485376810715,0.15612958470101326,2.706956123274669,0.35641358378031573,0.8433111195369601
73,4,700,6910.000000000002,4351.485376810715,0.1584130155558727,1.9948285530876626,0.19900130216250644,0.6297373917236924
73,2,70,610.0563920873398,4351.485376810715,0.156272299129442,1.8616692596694036,2.075162332934753,7.132923174400125
73,0,62,530.1310020508638,4351.485376810715,0.13757670900528043,1.0292037819011286,1.1622528390527267,8.208320886680022
73,1,620,6110.000000000002,4351.485376810715,0.1374339945768517,1.60981832867527,0.1575677579993041,0.7121907327022444
74,5,700,6910.000000000002,5305.567289991097,0.15812758669901528,2.9994799979229296,0.3641727056088505,0.7678100274950934
74,2,700,6910.000000000002,5305.567289991097,0.156272299129442,2.759832843272119,0.3311452729764118,0.7678100274950934
74,0,558,5490.000000000002,5305.567289991097,0.13757670900528043,1.1227491842190027,0.14927502313395405,0.9664056994519299
74,1,620,6110.000000000002,5305.567289991097,0.1374339945768517,1.4578124470696054,0.17397483785450324,0.8683416186564804
74,3,175,1660.0000008844675,5305.567289991097,0.15612958470101326,2.1671172767987525,1.0814124313868305,3.19612487178568
74,4,595,5860.000000000002,5305.567289991097,0.1584130155558727,1.9373687496691498,0.2778672496750958,0.9053869095547944
74,6,374,3650.000000000001,5305.567289991097,0.09604681033252462,0.3669433975708587,0.0512296026181446,1.4535800794496152
75,1,620,6110.000000000002,4404.505494509043,0.1374339945768517,1.516371225541963,0.15022964818707668,0.7208683297068809
75,6,440,4310.000000000002,4404.505494509043,0.09604681033252462,0.4316259455122521,0.042365308708370346,1.0219270288884086
75,2,210,2010.0000000221403,4404.505494509043,0.156272299129442,1.8702595059563578,0.6404496183068339,2.19129626590076
75,4,245,2360.000000000555,4404.505494509043,0.1584130155558727,2.2087008741808605,0.6529996033639609,1.8663158875033932
75,0,620,6110.000000000002,4404.505494509043,0.13757670900528043,1.1973417292783561,0.11874599773144005,0.7208683297068809
75,5,560,5510.000000000002,4404.505494509043,0.15812758669901528,1.8064118927702795,0.22833368411766913,0.7993657884771401
75,3,490,4810.000000000001,4404.505494509043,0.15612958470101326,2.7829372833319583,0.3978695505714597,0.9156976080060379
76,3,105,960.0014115816389,4682.691894567224,0.15612958470101326,1.6015109407818207,1.219660127699166,4.877796884540317
76,0,341,3320.0000000000014,4682.691894567224,0.13757670900528043,1.1578705089911532,0.22467896204073426,1.4104493658335007
76,4,700,6910.000000000002,4682.691894567224,0.1584130155558727,1.775697793823148,0.19062394478859113,0.6776688704149382
76,5,700,6910.000000000002,4682.691894567224,0.15812758669901528,2.850013192752524,0.30540212143118367,0.6776688704149382
76,2,700,6910.000000000002,4682.691894567224,0.156272299129442,2.5107174973157758,0.26588717338647316,0.6776688704149382
76,6,110,1010.0008335248422,4682.691894567224,0.09604681033252462,0.3652237667774868,0.16263567984277405,4.636324782252814
76,1,527,5180.000000000002,4682.691894567224,0.1374339945768517,2.0116388799494316,0.24992518044701784,0.9039945742407766
77,1,620,6110.000000000002,4859.13657770801,0.1374339945768517,3.2982570468671075,0.36049277458870094,0.7952760356314253
77,4,630,6210.000000000002,4859.13657770801,0.1584130155558727,1.896078287016578,0.2350253089006834,0.7824696582460562
77,5,455,4460.000000000002,4859.13657770801,0.15812758669901528,1.8367660757036484,0.3164358934865401,1.0894925062125578
77,6,440,4310.000000000002,4859.13657770801,0.09604681033252462,0.2772846879979595,0.030025529205148744,1.1274098788185634
77,0,310,3010.0000000000014,4859.13657770801,0.13757670900528043,2.3644245135031023,0.5251253454564354,1.6143310889395375
77,2,280,2710.0000000000146,4859.13657770801,0.156272299129442,1.4820852978611068,0.4152838250795883,1.7930393275675218
77,3,700,6910.000000000002,4859.13657770801,0.15612958470101326,1.8878858311181685,0.20727264539463303,0.7032035568318392
78,1,620,6110.000000000002,5956.95019266448,0.1374339945768517,3.006617769852145,0.40286092743272106,0.9749509316963139
78,0,434,4250.000000000002,5956.95019266448,0.13757670900528043,1.2627320759540168,0.24349562800711663,1.4016353394504653
78,5,700,6910.000000000002,5956.95019266448,0.15812758669901528,1.6501567207883614,0.22494624966879528,0.8620767283161329
78,4,700,6910.000000000002,5956.95019266448,0.1584130155558727,2.3621639693038725,0.3225869717294339,0.8620767283161329
78,3,665,6560.000000000001,5956.95019266448,0.15612958470101326,1.6434712003297143,0.2330061757773198,0.9080716757110486
78,2,630,6210.000000000002,5956.95019266448,0.156272299129442,1.7511600453082212,0.2625065898069548,0.9592512387543443
78,6,374,3650.000000000001,5956.95019266448,0.09604681033252462,0.27467224517452793,0.04305551899394025,1.6320411486751996
79,2,420,4110.000000000002,4349.446622296672,0.156272299129442,1.740243316035893,0.28779560644891455,1.0582595188069757
79,6,440,4310.000000000002,4349.446622296672,0.09604681033252462,0.3307781573887234,0.03206095876961501,1.0091523485607123
79,0,341,3320.0000000000014,4349.446622296672,0.13757670900528043,2.361249849133403,0.42558153955365535,1.3100742838242982
79,4,700,6910.000000000002,4349.446622296672,0.1584130155558727,1.6318836834856192,0.1627181580540714,0.6294423476550899
79,5,70,610.0563920873398,4349.446622296672,0.15812758669901528,1.5766717631675051,1.7775136980204165,7.129581262831808
79,1,620,6110.000000000002,4349.446622296672,0.1374339945768517,1.6648257601607954,0.16287549626926348,0.7118570576590296
79,3,525,5160.000000000001,4349.446622296672,0.15612958470101326,1.4486078074477473,0.1906427657237279,0.8429160120729983
80,5,700,6910.000000000002,4902.705251411499,0.15812758669901528,1.3259859881981424,0.14876621542901805,0.7095087194517363
80,0,186,1770.0000002775555,4902.705251411499,0.13757670900528043,1.645321398412974,0.626986486319999,2.7698899721145205
80,3,700,6910.000000000002,4902.705251411499,0.15612958470101326,1.819764295254714,0.20158493884746667,0.7095087194517363
80,1,620,6110.000000000002,4902.705251411499,0.1374339945768517,1.8499969482934213,0.20401389895150784,0.8024067514585103
80,4,665,6560.000000000001,4902.705251411499,0.1584130155558727,2.6786044582463355,0.31712566700998057,0.7473636053980943
80,2,350,3410.000000000001,4902.705251411499,0.156272299129442,2.733688160698477,0.614203630252854,1.437743475487243
80,6,88,790.008464149783,4902.705251411499,0.09604681033252462,0.5636497841834746,0.335966776037381,6.205889523839282
81,0,620,6110.000000000002,5328.315969752071,0.13757670900528043,1.237951456699862,0.14852422400880136,0.8720648068333993
81,4,525,5160.000000000001,5328.315969752071,0.1584130155558727,1.8235011492186324,0.29828895430730984,1.0326193739829594
81,6,198,1890.0000000783903,5328.315969752071,0.09604681033252462,0.19765117923137143,0.05351931213532091,2.819214798693689
81,1,620,6110.000000000002,5328.315969752071,0.1374339945768517,1.7772023028200514,0.21300009509702764,0.8720648068333993
81,2,350,3410.000000000001,5328.315969752071,0.156272299129442,1.9861753083553915,0.4849926666375022,1.5625560028598446
81,5,665,6560.000000000001,5328.315969752071,0.15812758669901528,1.5650774624338704,0.20101553017061044,0.812243288071962
81,3,700,6910.000000000002,5328.315969752071,0.15612958470101326,2.1871084712089033,0.2633100590587073,0.7711021663895904
82,1,620,6110.000000000002,4026.5124136898194,0.1374339945768517,1.7624831941705625,0.15962723325816797,0.6590036683616723
82,3,210,2010.0000000221403,4026.5124136898194,0.15612958470101326,2.333792410373119,0.7299286539825064,2.0032400067887894
82,0,186,1770.0000002775555,4026.5124136898194,0.13757670900528043,2.331546132350933,0.7297006031549017,2.2748657700895016
82,4,665,6560.000000000001,4026.5124136898194,0.1584130155558727,1.6678167577264023,0.16216771502468005,0.6137976240380821
82,2,700,6910.000000000002,4026.5124136898194,0.156272299129442,1.7708845423850001,0.16125873319303097,0.5827080193472964
82,5,70,610.0563920873398,4026.5124136898194,0.15812758669901528,1.5025565984323925,1.5681858950996896,6.600229857297122
82,6,440,4310.000000000002,4026.5124136898194,0.09604681033252462,0.20345962268198808,0.018256307983908728,0.9342256180254798
83,6,330,3210.000000000001,4913.325246185898,0.09604681033252462,0.5707629020596479,0.08390911987139453,1.530630917814921
83,0,310,3010.0000000000014,4913.325246185898,0.13757670900528043,1.5727242102289634,0.35318846160859235,1.6323339688325236
83,5,700,6910.000000000002,4913.325246185898,0.15812758669901528,1.5180243394343618,0.17068047563113778,0.7110456217345726
83,2,700,6910.000000000002,4913.325246185898,0.156272299129442,2.91321905336928,0.32370738691193085,0.7110456217345726
83,1,620,6110.000000000002,4913.325246185898,0.1374339945768517,1.769175461820114,0.1955236880589157,0.8041448848094758
83,3,560,5510.000000000002,4913.325246185898,0.15612958470101326,2.0809113150913077,0.2897094698111364,0.8917105709956256
83,4,210,2010.0000000221403,4913.325246185898,0.1584130155558727,1.9512243083493062,0.7555748883055334,2.4444404209610835
84,0,372,3630.000000000001,4768.244612541316,0.13757670900528043,1.323061815399644,0.2390985562213583,1.3135660089645496
84,3,700,6910.000000000002,4768.244612541316,0.15612958470101326,1.9958017666259515,0.21502209383396442,0.6900498715689313
84,6,198,1890.0000000783903,4768.244612541316,0.09604681033252462,0.454119860810334,0.1100398945057922,2.522880747271718
84,4,490,4810.000000000001,4768.244612541316,0.1584130155558727,1.510346174562244,0.2371815001458587,0.9913190462663857
84,1,620,6110.000000000002,4768.244612541316,0.1374339945768517,1.941842729125367,0.20826943525698138,0.780400100252261
84,5,700,6910.000000000002,4768.244612541316,0.15812758669901528,1.2375540874300224,0.1350368539050218,0.6900498715689313
84,2,210,2010.0000000221403,4768.244612541316,0.156272299129442,2.0622682484588957,0.7645213645215346,2.372261001238206
85,0,620,6110.000000000002,4190.019980161533,0.13757670900528043,1.5310846318368871,0.14445048268451416,0.6857643175387121
85,6,440,4310.000000000002,4190.019980161533,0.09604681033252462,0.36821058447813065,0.034380963155198375,0.9721624083901463
85,4,455,4460.000000000002,4190.019980161533,0.1584130155558727,1.47472463506899,0.21947397610892613,0.9394663632649173
85,1,620,6110.000000000002,4190.019980161533,0.1374339945768517,1.753766749372481,0.16528783269006725,0.6857643175387121
85,2,210,2010.0000000221403,4190.019980161533,0.156272299129442,2.1562818731373077,0.7024373085102885,2.084587054783771
85,5,525,5160.000000000001,4190.019980161533,0.15812758669901528,1.8761627879041485,0.2409043005894485,0.8120193760002968
85,3,175,1660.0000008844675,4190.019980161533,0.15612958470101326,1.9386267551779788,0.7639895395769609,2.5241084204391813
86,1,620,6110.000000000002,4342.8102967512,0.1374339945768517,1.8178369317591585,0.17757373956628184,0.7107709159985596
86,0,310,3010.0000000000014,4342.8102967512,0.13757670900528043,1.358715090789844,0.26969797069160417,1.4427941185219928
86,3,700,6910.000000000002,4342.8102967512,0.15612958470101326,1.7706319658281366,0.17374260004731762,0.6284819532201447
86,4,280,2710.0000000000146,4342.8102967512,0.1584130155558727,1.5716585187721066,0.3989795352835478,1.6025130246314307
86,2,70,610.0563920873398,4342.8102967512,0.156272299129442,1.3081091076485964,1.4552139456225817,7.118703046274212
86,6,418,4090.0000000000014,4342.8102967512,0.09604681033252462,0.39726684790877237,0.040514718160029335,1.0618118084966257
86,5,700,6910.000000000002,4342.8102967512,0.15812758669901528,1.5236805854960707,0.15142388632873582,0.6284819532201447
87,1,620,6110.000000000002,3255.798867903483,0.1374339945768517,1.8740010415254982,0.13723988805393958,0.5328639718336304
87,2,700,6910.000000000002,3255.798867903483,0.156272299129442,1.733625808511392,0.12764884390920256,0.4711720503478266
87,6,440,4310.000000000002,3255.798867903483,0.09604681033252462,0.4872549283658364,0.035352447410579566,0.7554057698151929
87,0,31,223.43368382029254,3255.798867903483,0.13757670900528043,1.4385847110993892,2.883960306939495,14.571656395917985
87,4,70,610.0563920873398,3255.798867903483,0.1584130155558727,1.7539393230752527,1.4828356277430306,5.336881819668502
87,3,350,3410.000000000001,3255.798867903483,0.15612958470101326,3.236407342407231,0.4824491783651401,0.9547797266579127
87,5,175,1660.0000008844675,3255.798867903483,0.15812758669901528,2.00825563217159,0.6228394550804632,1.9613246181739488
88,4,665,6560.000000000001,4866.1524191476565,0.1584130155558727,1.73494115673109,0.20387195119047907,0.7417915273090939
88,6,440,4310.000000000002,4866.1524191476565,0.09604681033252462,0.564371410280625,0.0612007000361801,1.1290376842569965
88,0,589,5800.000000000002,4866.1524191476565,0.13757670900528043,1.7390699587890388,0.20073341991740465,0.8389917964047681
88,3,175,1660.0000008844675,4866.1524191476565,0.15612958470101326,2.7405026359953997,1.2542758150668771,2.9314171184065745
88,2,280,2710.0000000000146,4866.1524191476565,0.156272299129442,3.0598939183655487,0.8586274906718296,1.7956281989474652
88,1,620,6110.000000000002,4866.1524191476565,0.1374339945768517,1.772724101911989,0.19403488461389826,0.7964242911861956
88,5,700,6910.000000000002,4866.1524191476565,0.15812758669901528,1.715538023894254,0.19103619166991778,0.7042188739721643
89,5,700,6910.000000000002,4080.4987658046266,0.15812758669901528,1.5805429895552245,0.14758735826391559,0.5905208054710023
89,1,93,840.0049979958054,4080.4987658046266,0.1374339945768517,1.0899633164453695,0.7276749622581239,4.857707722621196
89,0,186,1770.0000002775555,4080.4987658046266,0.13757670900528043,1.0143160549327581,0.32170528864943554,2.3053665339913896
89,4,700,6910.000000000002,4080.4987658046266,0.1584130155558727,1.5936107700250655,0.14907620240187483,0.5905208054710023
89,6,440,4310.000000000002,4080.4987658046266,0.09604681033252462,0.41980509176204667,0.03817390858665712,0.9467514537829756
89,2,595,5860.000000000002,4080.4987658046266,0.156272299129442,2.433829575438238,0.2648425743865156,0.6963308474069326
89,3,140,1310.0000353340838,4080.4987658046266,0.15612958470101326,1.784137938371007,0.8676719867206135,3.114884470032853
90,2,105,960.0014115816389,3950.305080727401,0.156272299129442,1.8385319637444597,1.1822571578375007,4.114895075226111
90,1,62,530.1310020508638,3950.305080727401,0.1374339945768517,1.2159454493885553,1.2452475507812228,7.451563982195454
90,0,527,5180.000000000002,3950.305080727401,0.13757670900528043,1.301779045477604,0.1365787301432874,0.762607158441583
90,4,280,2710.0000000000146,3950.305080727401,0.1584130155558727,1.9162551575550637,0.4424921234903417,1.4576771515599187
90,6,440,4310.000000000002,3950.305080727401,0.09604681033252462,0.38413419600252063,0.033815770246289255,0.9165441022569373
90,3,700,6910.000000000002,3950.305080727401,0.15612958470101326,2.627621620552237,0.23453119754875995,0.5716794617550507
90,5,700,6910.000000000002,3950.305080727401,0.15812758669901528,1.8896929340795392,0.17082501676838877,0.5716794617550507
91,1,620,6110.000000000002,4131.417257535644,0.1374339945768517,3.7936376402509233,0.35253956506869305,0.6761730372398761
91,6,374,3650.000000000001,4131.417257535644,0.09604681033252462,0.3077635689717396,0.03345849108312345,1.1318951390508611
91,2,700,6910.000000000002,4131.417257535644,0.156272299129442,1.6421728684513648,0.15343409856200385,0.5978896175883709
91,4,35,262.252839954494,4131.417257535644,0.1584130155558727,1.5745249593429385,3.929336931465115,15.753565369406585
91,5,700,6910.000000000002,4131.417257535644,0.15812758669901528,1.5532599289831226,0.14684960858144797,0.5978896175883709
91,0,31,223.43368382029254,4131.417257535644,0.13757670900528043,0.8323583917212121,2.117413570597317,18.490574862734388
91,3,455,4460.000000000002,4131.417257535644,0.15612958470101326,1.5762736678874143,0.22797174613072135,0.9263267393577674
92,3,700,6910.000000000002,5524.15727130013,0.15612958470101326,3.670085781206805,0.458088518338729,0.7994438887554455
92,2,700,6910.000000000002,5524.15727130013,0.156272299129442,2.612596196635521,0.3263940843711512,0.7994438887554455
92,4,455,4460.000000000002,5524.15727130013,0.1584130155558727,2.013326382465038,0.39503558736158234,1.2386002850448716
92,0,620,6110.000000000002,5524.15727130013,0.13757670900528043,1.4355151890157696,0.17855726806190222,0.9041173930114775
92,1,372,3630.000000000001,5524.15727130013,0.1374339945768517,3.0380478851501214,0.6354014386103289,1.5218064108264817
92,6,418,4090.0000000000014,5524.15727130013,0.09604681033252462,1.0488530981697266,0.13606309277480863,1.3506496995843833
92,5,595,5860.000000000002,5524.15727130013,0.15812758669901528,2.6942672064346502,0.40162128956880794,0.9426889541467796
93,2,420,4110.000000000002,4025.7332090030313,0.156272299129442,2.3102322200442815,0.35362324615848034,0.9794971311442894
93,5,700,6910.000000000002,4025.7332090030313,0.15812758669901528,2.2746412490796577,0.20954991849182092,0.5825952545590493
93,6,440,4310.000000000002,4025.7332090030313,0.09604681033252462,0.5539716426636389,0.04969791865597184,0.9340448280749488
93,3,455,4460.000000000002,4025.7332090030313,0.15612958470101326,2.3859453393108963,0.3362449929871181,0.9026307643504551
93,1,186,1770.0000002775555,4025.7332090030313,0.1374339945768517,1.4580250240261587,0.45575440111287746,2.2744255414529673
93,4,70,610.0563920873398,4025.7332090030313,0.1584130155558727,1.1610468124792341,1.2137118719687445,6.5989525906429325
93,0,620,6110.000000000002,4025.7332090030313,0.13757670900528043,1.2725885409437903,0.11535507467631412,0.6588761389530328
94,2,280,2710.0000000000146,4658.609961467196,0.156272299129442,2.701083503176307,0.725616370637465,1.7190442662240482
94,0,620,6110.000000000002,4658.609961467196,0.13757670900528043,1.6010578634048571,0.1679450024685367,0.7624566221713902
94,3,700,6910.000000000002,4658.609961467196,0.15612958470101326,2.211463087657287,0.2327786809576096,0.6741837860299847
94,5,525,5160.000000000001,4658.609961467196,0.15812758669901528,2.05670407458198,0.29362031532472677,0.9028313878812393
94,6,440,4310.000000000002,4658.609961467196,0.09604681033252462,0.6026523681179992,0.06256463208667942,1.0808839817789313
94,1,527,5180.000000000002,4658.609961467196,0.1374339945768517,1.9510893514113257,0.24115591550022136,0.8993455524067943
94,4,245,2360.000000000555,4658.609961467196,0.1584130155558727,0.7854047603574531,0.2456002126702825,1.9739872718076696
95,0,403,3940.000000000001,4364.935158034751,0.13757670900528043,1.6297259923591323,0.24839398976147264,1.1078515629529821
95,1,372,3630.000000000001,4364.935158034751,0.1374339945768517,1.8180907944587692,0.30045601927984694,1.2024614760426309
95,5,700,6910.000000000002,4364.935158034751,0.15812758669901528,1.3971450725496208,0.13955612289376765,0.631683814476809
95,6,440,4310.000000000002,4364.935158034751,0.09604681033252462,0.48965553293439423,0.04762929348226361,1.0127459763421691
95,4,35,262.252839954494,4364.935158034751,0.1584130155558727,0.811452318260528,2.1394959233054074,16.643995766803336
95,2,455,4460.000000000002,4364.935158034751,0.156272299129442,1.911085318778666,0.2922839822011891,0.9786850130122756
95,3,700,6910.000000000002,4364.935158034751,0.15612958470101326,1.7550306609848312,0.1730890769124291,0.631683814476809
96,6,440,4310.000000000002,3798.4660665211904,0.09604681033252462,1.2576312878721365,0.106455293331215,0.881314632603524
96,2,700,6910.000000000002,3798.4660665211904,0.156272299129442,2.804363932490799,0.24090542397725764,0.5497056536210115
96,0,124,1150.0001906837483,3798.4660665211904,0.13757670900528043,1.8857483534216475,0.8569174607787206,3.3030134232088786
96,5,210,2010.0000000221403,3798.4660665211904,0.15812758669901528,1.264611579678955,0.37790008593663565,1.8897841126762935
96,1,434,4250.000000000002,3798.4660665211904,0.1374339945768517,2.742876669367976,0.3369145532442945,0.8937567215343973
96,3,105,960.0014115816389,3798.4660665211904,0.15612958470101326,2.2915436474635844,1.415629869637798,3.956729667994001
96,4,700,6910.000000000002,3798.4660665211904,0.1584130155558727,0.47153454224723634,0.041061477973954714,0.5497056536210115
97,4,560,5510.000000000002,4751.54132149078,0.1584130155558727,1.3803903428622444,0.18857133913080498,0.8623486971852593
97,3,490,4810.000000000001,4751.54132149078,0.15612958470101326,2.357637865203968,0.363623327339871,0.9878464285843617
97,1,620,6110.000000000002,4751.54132149078,0.1374339945768517,3.793968302368674,0.40549095202597557,0.7776663373961995
97,0,620,6110.000000000002,4751.54132149078,0.13757670900528043,1.248105917024439,0.13353332363588172,0.7776663373961995
97,6,176,1670.0000007960207,4751.54132149078,0.09604681033252462,0.46526338932447764,0.12714516973052514,2.8452343228897696
97,2,700,6910.000000000002,4751.54132149078,0.156272299129442,2.2122007398036385,0.23771850917611143,0.6876326080305035
97,5,140,1310.0000353340838,4751.54132149078,0.15812758669901528,1.5865946521326175,0.9099904446884146,3.627130681930871
98,4,245,2360.000000000555,4760.475239084943,0.1584130155558727,1.9917298279257907,0.6364431202545522,2.0171505250355186
98,0,186,1770.0000002775555,4760.475239084943,0.13757670900528043,1.9472352623097369,0.7205106193616678,2.6895340329595747
98,5,525,5160.000000000001,4760.475239084943,0.15812758669901528,1.5677057243652435,0.22870349212188174,0.9225727207528956
98,1,558,5490.000000000002,4760.475239084943,0.1374339945768517,1.5847880975980035,0.18886145734028623,0.8671175298879674
98,3,700,6910.000000000002,4760.475239084943,0.15612958470101326,2.0841530792985807,0.2241749502624541,0.6889255049326978
98,2,700,6910.000000000002,4760.475239084943,0.156272299129442,1.7002657199262625,0.18305056079404214,0.6889255049326978
98,6,440,4310.000000000002,4760.475239084943,0.09604681033252462,0.38648185167277865,0.041000116653952146,1.1045186169570629
99,4,210,2010.0000000221403,3645.833396204094,0.1584130155558727,1.3263876396055756,0.38112030624199517,1.813847460778077
99,1,186,1770.0000002775555,3645.833396204094,0.1374339945768517,1.1736380958558594,0.33224000153036326,2.0597928788883544
99,3,35,262.252839954494,3645.833396204094,0.15612958470101326,1.5215494530459908,3.302538549263966,13.901978704355374
99,5,700,6910.000000000002,3645.833396204094,0.15812758669901528,2.013595024577102,0.16799584623838493,0.5276169893204187
99,2,700,6910.000000000002,3645.833396204094,0.156272299129442,2.042372218444571,0.16839751072631526,0.5276169893204187
99,0,341,3320.0000000000014,3645.833396204094,0.13757670900528043,1.2528566741119809,0.1892801373248868,1.0981425892181
99,6,440,4310.000000000002,3645.833396204094,0.09604681033252462,0.3556431411057814,0.028894616367250884,0.8459010200009495
100,6,418,4090.0000000000014,4878.106179534754,0.09604681033252462,1.0102960160871484,0.11573361755270656,1.1926909974412598
100,2,385,3760.0000000000014,4878.106179534754,0.156272299129442,2.582183104060642,0.5235189914753274,1.297368664769881
100,3,700,6910.000000000002,4878.106179534754,0.15612958470101326,0.5563418315505844,0.06131971423044855,0.705948795880572
100,1,341,3320.0000000000014,4878.106179534754,0.1374339945768517,2.3031211503381415,0.4650762036415156,1.4693090902213108
100,4,280,2710.0000000000146,4878.106179534754,0.1584130155558727,2.2439049258143617,0.6398486699511787,1.800039180640121
100,0,620,6110.000000000002,4878.106179534754,0.13757670900528043,2.0707581278181055,0.2274491561962608,0.7983807167814653
100,5,700,6910.000000000002,4878.106179534754,0.15812758669901528,2.6056064920400432,0.2908637990978237,0.705948795880572
101,5,700,6910.000000000002,4825.852745719881,0.15812758669901528,1.8126968174968965,0.20018375605320035,0.698386793881314
101,3,350,3410.000000000001,4825.852745719881,0.15612958470101326,2.3884056930770443,0.5277314651825241,1.415206083788821
101,1,620,6110.000000000002,4825.852745719881,0.1374339945768517,1.687233771328736,0.18314804400884777,0.7898285999541537
101,6,154,1450.0000080833054,4825.852745719881,0.09604681033252462,0.4170348872200802,0.1333095908560288,3.32817428883947
101,0,124,1150.0001906837483,4825.852745719881,0.13757670900528043,1.4695486504635757,0.8484085532106375,4.196392996118204
101,2,700,6910.000000000002,4825.852745719881,0.156272299129442,2.250255667343161,0.24558955056619183,0.698386793881314
101,4,630,6210.000000000002,4825.852745719881,0.1584130155558727,1.7440336276671307,0.21469809032657702,0.7771099429500611
102,4,35,262.252839954494,3795.4450028232154,0.1584130155558727,1.5042726847101051,3.448735865841103,14.47246483005408
102,0,620,6110.000000000002,3795.4450028232154,0.13757670900528043,1.193742261031787,0.10201804059203526,0.6211857615095278
102,2,700,6910.000000000002,3795.4450028232154,0.156272299129442,1.5027005183022264,0.12898496592013306,0.5492684519281062
102,3,455,4460.000000000002,3795.4450028232154,0.15612958470101326,2.2579841353418786,0.3000087591976744,0.8509966374043081
102,1,465,4560.000000000002,3795.4450028232154,0.1374339945768517,2.6399523529390896,0.30198690998615585,0.8323344304436873
102,6,440,4310.000000000002,3795.4450028232154,0.09604681033252462,0.2714761978622375,0.022961493745631476,0.8806136897501656
102,5,70,610.0563920873398,3795.4450028232154,0.15812758669901528,1.5607470571246274,1.5354401347180364,6.221465838325048
103,1,434,4250.000000000002,5199.509063142584,0.1374339945768517,2.429991528308805,0.40857551674321224,1.2234138972100193
103,6,154,1450.0000080833054,5199.509063142584,0.09604681033252462,1.1169661984601376,0.38469568265684617,3.5858682994185624
103,3,280,2710.0000000000146,5199.509063142584,0.15612958470101326,2.6687665271669,0.7994454499367193,1.9186380306799098
103,0,620,6110.000000000002,5199.509063142584,0.13757670900528043,2.392164400292454,0.2800638590442323,0.850983480056069
103,2,665,6560.000000000001,5199.509063142584,0.156272299129442,2.922218869457486,0.36195388514735194,0.7926080888936864
103,5,700,6910.000000000002,5199.509063142584,0.15812758669901528,2.1362961166876997,0.2541870296431621,0.7524615142029787
103,4,700,6910.000000000002,5199.509063142584,0.1584130155558727,0.6707153339188818,0.0799490649483847,0.7524615142029787
104,1,465,4560.000000000002,5077.440390761805,0.1374339945768517,1.9977407347532596,0.30571256267294195,1.1134737699039041
104,3,455,4460.000000000002,5077.440390761805,0.15612958470101326,2.0495879109302253,0.36430214644584774,1.138439549498162
104,6,396,3870.0000000000014,5077.440390761805,0.09604681033252462,0.38434793670763895,0.04843299984021903,1.3120001009720423
104,0,93,840.0049979958054,5077.440390761805,0.13757670900528043,2.2253105788408165,1.850540150660517,6.044535928805462
104,5,700,6910.000000000002,5077.440390761805,0.15812758669901528,1.066484111477089,0.12391640879528144,0.7347960044517806
104,2,700,6910.000000000002,5077.440390761805,0.156272299129442,2.2288957400400897,0.25594022179428466,0.7347960044517806
104,4,700,6910.000000000002,5077.440390761805,0.1584130155558727,0.9270949814915749,0.10791501553353938,0.7347960044517806
105,2,525,5160.000000000001,4433.717716447951,0.156272299129442,2.0702014380241813,0.27797961251539993,0.859247619466657
105,1,620,6110.000000000002,4433.717716447951,0.1374339945768517,1.6030966245920735,0.15987505183905193,0.7256493807607118
105,5,140,1310.0000353340838,4433.717716447951,0.15812758669901528,1.530364750462169,0.8190290927284993,3.38451724951079
105,3,700,6910.000000000002,4433.717716447951,0.15612958470101326,1.9041503530876127,0.1907552212075725,0.6416378750286469
105,0,620,6110.000000000002,4433.717716447951,0.13757670900528043,0.8350858258116797,0.08336866703818047,0.7256493807607118
105,4,245,2360.000000000555,4433.717716447951,0.1584130155558727,1.1894217631354032,0.35398330370177405,1.878693947646995
105,6,308,2990.000000000002,4433.717716447951,0.09604681033252462,0.3273423053628148,0.04662103752998113,1.482848734597976
106,2,700,6910.000000000002,5312.855715712862,0.156272299129442,2.1766176689935586,0.26152555131201777,0.7688647924331201
106,3,455,4460.000000000002,5312.855715712862,0.15612958470101326,1.82186578727517,0.33884005830614405,1.1912232546441388
106,5,700,6910.000000000002,5312.855715712862,0.15812758669901528,1.0582542828159598,0.12866121608742953,0.7688647924331201
106,4,700,6910.000000000002,5312.855715712862,0.1584130155558727,2.1911126750440806,0.2668735586165026,0.7688647924331201
106,0,496,4870.000000000001,5312.855715712862,0.13757670900528043,1.3937198055399398,0.20917965796322607,1.0909354652387804
106,1,279,2700.0000000000164,5312.855715712862,0.1374339945768517,1.4849912839798498,0.40158948389883464,1.9677243391528998
106,6,330,3210.000000000001,5312.855715712862,0.09604681033252462,0.37994074067809946,0.060397894760139265,1.6550952385398319
107,1,620,6110.000000000002,5308.189033960643,0.1374339945768517,1.3355842842173389,0.15946693238747187,0.8687707093225273
107,4,385,3760.0000000000014,5308.189033960643,0.1584130155558727,2.284289094446809,0.5108583110243732,1.4117524026491068
107,6,110,1010.0008335248422,5308.189033960643,0.09604681033252462,0.3786028597648896,0.1911135523448454,5.2556283695681545
107,5,700,6910.000000000002,5308.189033960643,0.15812758669901528,1.3333428806299465,0.16196374953712955,0.7681894405152883
107,3,700,6910.000000000002,5308.189033960643,0.15612958470101326,2.1120474537065124,0.2533128431103428,0.7681894405152883
107,2,525,5160.000000000001,5308.189033960643,0.156272299129442,2.113838434454052,0.3398212011432703,1.0287188050311322
107,0,589,5800.000000000002,5308.189033960643,0.13757670900528043,1.0503515121346003,0.13225069661595193,0.9152050058552831
108,5,455,4460.000000000002,3700.397730693737,0.15812758669901528,1.3802225622702031,0.18107992777571127,0.8296855898416446
108,3,700,6910.000000000002,3700.397730693737,0.15612958470101326,1.7663051770572462,0.14767987120944762,0.5355134197820167
108,6,440,4310.000000000002,3700.397730693737,0.09604681033252462,0.24239700812802362,0.01998855215103152,0.8585609583976184
108,0,310,3010.0000000000014,3700.397730693737,0.13757670900528043,1.5311526421951849,0.258967530195191,1.2293680168417724
108,4,140,1310.0000353340838,3700.397730693737,0.1584130155558727,1.7733087605437967,0.7935098451538248,2.8247310159423313
108,1,620,6110.000000000002,3700.397730693737,0.1374339945768517,1.2143494958010819,0.1010753053854199,0.6056297431577309
108,2,35,262.252839954494,3700.397730693737,0.156272299129442,1.4831817451370002,3.270427901611083,14.110038737181371
109,1,279,2700.0000000000164,4715.112030827062,0.1374339945768517,1.7462797193725426,0.41911792160139494,1.7463377891951974
109,2,315,3060.0000000000014,4715.112030827062,0.156272299129442,1.7892520539553172,0.4308480340824668,1.5408862845840066
109,3,700,6910.000000000002,4715.112030827062,0.15612958470101326,1.9919555574052141,0.21221633882495422,0.6823606412195456
109,4,420,4110.000000000002,4715.112030827062,0.1584130155558727,1.8214206971856641,0.33101778073064464,1.1472292045807932
109,0,620,6110.000000000002,4715.112030827062,0.13757670900528043,1.809527568570497,0.19211484566795164,0.7717040966983733
109,5,700,6910.000000000002,4715.112030827062,0.15812758669901528,2.027405471358631,0.21875713440455347,0.6823606412195456
109,6,220,2110.0000000077202,4715.112030827062,0.09604681033252462,0.515045704900898,0.11054478955895365,2.23465025156863
110,1,620,6110.000000000002,5138.662026269155,0.1374339945768517,1.6967411745259005,0.1961185226415309,0.8410248815497796
110,3,560,5510.000000000002,5138.662026269155,0.15612958470101326,3.5865143742239005,0.5222232896041774,0.932606538342859
110,2,525,5160.000000000001,5138.662026269155,0.156272299129442,1.4655409300414421,0.2280763776654164,0.9958647337730918
110,5,700,6910.000000000002,5138.662026269155,0.15812758669901528,1.7486426426172754,0.20562727262414304,0.7436558648725259
110,6,352,3430.000000000001,5138.662026269155,0.09604681033252462,0.3663562851574357,0.0527160095593556,1.4981521942475666
110,4,700,6910.000000000002,5138.662026269155,0.1584130155558727,1.569719655326633,0.18492045996248846,0.7436558648725259
110,0,93,840.0049979958054,5138.662026269155,0.13757670900528043,1.2961093894821794,1.0908241840231419,6.1174183945686655
111,2,700,6910.000000000002,4672.614769936286,0.156272299129442,1.638239865191022,0.17311767932119665,0.6762105311051064
111,5,455,4460.000000000002,4672.614769936286,0.15812758669901528,1.5827228310433348,0.26220298335136005,1.0476714730798844
111,4,665,6560.000000000001,4672.614769936286,0.1584130155558727,1.5461838568010466,0.17446492736839467,0.7122888368805314
111,0,372,3630.000000000001,4672.614769936286,0.13757670900528043,0.6994331615801492,0.12386382525042304,1.2872216997069656
111,3,70,610.0563920873398,4672.614769936286,0.15612958470101326,1.680636520769189,2.009782205288662,7.659316139527186
111,1,620,6110.000000000002,4672.614769936286,0.1374339945768517,1.902547315771868,0.19996242879672743,0.7647487348504558
111,6,440,4310.000000000002,4672.614769936286,0.09604681033252462,0.39526928799111244,0.041158422921561494,1.0841333572938014
112,2,700,6910.000000000002,4061.7397356001447,0.156272299129442,1.8758824239400382,0.1723144349508488,0.5878060398842465
112,6,66,570.0859504455718,4061.7397356001447,0.09604681033252462,0.3019624493320804,0.20663678668474347,7.124784837138227
112,3,700,6910.000000000002,4061.7397356001447,0.15612958470101326,1.7912938574430406,0.16439404643672775,0.5878060398842465
112,4,700,6910.000000000002,4061.7397356001447,0.1584130155558727,1.8953122668980473,0.1764841383935788,0.5878060398842465
112,0,186,1770.0000002775555,4061.7397356001447,0.13757670900528043,1.3963134347535393,0.4408254487261707,2.2947682118436266
112,5,70,610.0563920873398,4061.7397356001447,0.15812758669901528,1.8574010527750895,1.9554892820563032,6.657974227108236
112,1,310,3010.0000000000014,4061.7397356001447,0.1374339945768517,1.918077395697764,0.3557180418357983,1.3494151945515425
113,2,175,1660.0000008844675,4543.774796770165,0.156272299129442,2.269850500752309,0.9709301020858533,2.7372137315356557
113,1,403,3940.000000000001,4543.774796770165,0.1374339945768517,1.6545848515990422,0.2622429308452365,1.1532423342056255
113,5,315,3060.0000000000014,4543.774796770165,0.15812758669901528,1.0280888957630978,0.2413980086232934,1.4848937244346938
113,3,700,6910.000000000002,4543.774796770165,0.15612958470101326,2.7846498286555605,0.285887090993509,0.6575650935991555
113,4,700,6910.000000000002,4543.774796770165,0.1584130155558727,1.48673085029199,0.154868098317282,0.6575650935991555
113,0,620,6110.000000000002,4543.774796770165,0.13757670900528043,1.334711140180215,0.13655505760289133,0.7436619961980628
113,6,264,2550.0000000000755,4543.774796770165,0.09604681033252462,0.38893400991725063,0.06656339824923765,1.7818724693215806
114,4,700,6910.000000000002,4519.286669466785,0.1584130155558727,1.623602586745619,0.1682141165582051,0.6540212256826026
114,0,620,6110.000000000002,4519.286669466785,0.13757670900528043,1.5785892273109818,0.16063594461406203,0.7396541193889989
114,1,217,2080.00000001059,4519.286669466785,0.1374339945768517,1.4587608565742183,0.4355969462392294,2.1727339756941224
114,5,665,6560.000000000001,4519.286669466785,0.15812758669901528,1.4604906240221933,0.15910083808376715,0.6889156508333513
114,6,440,4310.000000000002,4519.286669466785,0.09604681033252462,0.29805001961825256,0.030016822831566512,1.0485583919876527
114,2,490,4810.000000000001,4519.286669466785,0.156272299129442,1.5970154182936656,0.23448546367372136,0.9395606381427825
114,3,70,610.0563920873398,4519.286669466785,0.15612958470101326,1.5882538545371223,1.8369825511386237,7.407981832636503
115,6,242,2330.000000000761,4805.241160706505,0.09604681033252462,0.35821010298996553,0.07095451645892958,2.062335262105123
115,4,315,3060.0000000000014,4805.241160706505,0.1584130155558727,1.8063412065742739,0.4493496549614323,1.5703402485968965
115,2,700,6910.000000000002,4805.241160706505,0.156272299129442,1.3564251286959497,0.1474059349067286,0.6954039306376996
115,1,93,840.0049979958054,4805.241160706505,0.1374339945768517,1.8033467872361753,1.4177731210199858,5.720491154423465
115,5,630,6210.000000000002,4805.241160706505,0.15812758669901528,1.9602754191615808,0.2398547510131432,0.7737908471347027
115,0,620,6110.000000000002,4805.241160706505,0.13757670900528043,2.966704660911179,0.32099126077879336,0.7864551817850252
115,3,700,6910.000000000002,4805.241160706505,0.15612958470101326,1.081264912416819,0.11739631253744547,0.6954039306376996
116,4,525,5160.000000000001,5364.549735978309,0.1584130155558727,1.5984459706790644,0.26325243499800255,1.0396414217012226
116,1,465,4560.000000000002,5364.549735978309,0.1374339945768517,1.9100196707961705,0.3088164619346098,1.176436345609278
116,0,620,6110.000000000002,5364.549735978309,0.13757670900528043,0.8140733251902679,0.09833327568888074,0.8779950468049603
116,3,700,6910.000000000002,5364.549735978309,0.15612958470101326,1.6706944368367795,0.20250579686256046,0.7763458373340533
116,2,420,4110.000000000002,5364.549735978309,0.156272299129442,2.5827582287275304,0.5268138811674109,1.3052432447635784
116,5,700,6910.000000000002,5364.549735978309,0.15812758669901528,1.5732602515714071,0.19313609311609117,0.7763458373340533
116,6,286,2770.000000000008,5364.549735978309,0.09604681033252462,0.2780358278859927,0.05171746351759131,1.936660554504799
117,0,620,6110.000000000002,4338.074875598273,0.13757670900528043,1.5450167531384869,0.15091553333826385,0.7099958879866238
117,6,374,3650.000000000001,4338.074875598273,0.09604681033252462,0.2905834938744436,0.033170962034799405,1.1885136645474719
117,1,620,6110.000000000002,4338.074875598273,0.1374339945768517,1.2598927829552609,0.12293727750531976,0.7099958879866238
117,5,595,5860.000000000002,4338.074875598273,0.15812758669901528,1.440562314403367,0.16863166181927325,0.7402858149485105
117,2,700,6910.000000000002,4338.074875598273,0.156272299129442,1.9465854446090087,0.19097409897230486,0.627796653487449
117,3,175,1660.0000008844675,4338.074875598273,0.15612958470101326,1.655442256794749,0.675442209207853,2.613298116437889
117,4,35,262.252839954494,4338.074875598273,0.1584130155558727,1.3596133584569798,3.562731782527474,16.54157444529872
118,5,700,6910.000000000002,4189.299642569505,0.15812758669901528,1.4599625842230433,0.13996283995792283,0.6062662290259774
118,4,70,610.0563920873398,4189.299642569505,0.1584130155558727,0.5350733949354857,0.5820705966604033,6.867069498666504
118,0,186,1770.0000002775555,4189.299642569505,0.13757670900528043,2.0548970542080434,0.6691186643542067,2.3668359558828116
118,3,385,3760.0000000000014,4189.299642569505,0.15612958470101326,2.294146994196284,0.3990800569480102,1.1141754368535912
118,1,620,6110.000000000002,4189.299642569505,0.1374339945768517,2.089682113092321,0.1969131000370092,0.6856464226791331
118,6,440,4310.000000000002,4189.299642569505,0.09604681033252462,0.8231921559443169,0.0768507879571064,0.9719952766982605
118,2,595,5860.000000000002,4189.299642569505,0.156272299129442,2.350857217805511,0.26263467410214353,0.7148975499265364
119,2,700,6910.000000000002,3758.886843345303,0.156272299129442,2.126253671063236,0.1807499903446316,0.5439778355058325
119,5,140,1310.0000353340838,3758.886843345303,0.15812758669901528,1.543659154880362,0.7004013918439077,2.8693791923346703
119,3,175,1660.0000008844675,3758.886843345303,0.15612958470101326,1.925078642292704,0.6805888722385663,2.264389663459352
119,6,440,4310.000000000002,3758.886843345303,0.09604681033252462,0.5375723435129922,0.045029989536844145,0.8721315181775642
119,4,595,5860.000000000002,3758.886843345303,0.1584130155558727,0.6979245755582508,0.07091873631565222,0.6414482667824747
119,1,620,6110.000000000002,3758.886843345303,0.1374339945768517,1.8888551058394576,0.15970218418223092,0.6152024293527499
119,0,31,223.43368382029254,3758.886843345303,0.13757670900528043,1.4419073351789464,3.337281751011547,16.82327739969848
120,2,700,6910.000000000002,4737.158555806496,0.156272299129442,2.1643748713729347,0.2318752303967912,0.6855511658185955
120,3,490,4810.000000000001,4737.158555806496,0.15612958470101326,2.275740366792716,0.3499296660151515,0.984856248608419
120,1,620,6110.000000000002,4737.158555806496,0.1374339945768517,0.9983895362259669,0.10638267369335781,0.7753123659257766
120,0,248,2390.0000000004047,4737.158555806496,0.13757670900528043,0.38477940009244227,0.10492446168683978,1.9820747095421314
120,6,176,1670.0000007960207,4737.158555806496,0.09604681033252462,0.4085487860678108,0.11130849760672057,2.8366218883523873
120,5,700,6910.000000000002,4737.158555806496,0.15812758669901528,2.5683931348555036,0.2784255056274839,0.6855511658185955
120,4,315,3060.0000000000014,4737.158555806496,0.1584130155558727,2.5610568626492585,0.6280678703171021,1.5480910313093117
121,2,700,6910.000000000002,5203.948160033527,0.156272299129442,1.733622330352977,0.20402876854746618,0.7531039305403076
121,6,22,138.8629381196525,5203.948160033527,0.09604681033252462,0.1367910635450915,0.492365126075945,37.475428868928994
121,5,700,6910.000000000002,5203.948160033527,0.15812758669901528,1.7198208883286887,0.20480746237688457,0.7531039305403076
121,4,630,6210.000000000002,5203.948160033527,0.1584130155558727,1.6844305121564622,0.22360696266074517,0.8379948727912279
121,3,700,6910.000000000002,5203.948160033527,0.15612958470101326,2.4723541443008443,0.29070386019610095,0.7531039305403076
121,1,465,4560.000000000002,5203.948160033527,0.1374339945768517,2.0358481699737694,0.3193064376014849,1.1412167017617378
121,0,248,2390.0000000004047,5203.948160033527,0.13757670900528043,0.8235336098801366,0.24669554415469713,2.1773841673776757
122,2,700,6910.000000000002,4603.163978885881,0.156272299129442,1.9617179593725103,0.20421938707998993,0.6661597653959305
122,1,372,3630.000000000001,4603.163978885881,0.1374339945768517,1.2054115179880105,0.21007739701467779,1.268089250381785
122,0,620,6110.000000000002,4603.163978885881,0.13757670900528043,1.001291045860425,0.10378162934089509,0.7533819932710114
122,5,350,3410.000000000001,4603.163978885881,0.15812758669901528,1.8371378504345213,0.3921493098156042,1.3499014600838357
122,4,700,6910.000000000002,4603.163978885881,0.1584130155558727,1.5870319333746084,0.16747690461796402,0.6661597653959305
122,6,198,1890.0000000783903,4603.163978885881,0.09604681033252462,0.044183796221917204,0.010335717151240275,2.435536496663999
122,3,245,2360.000000000555,4603.163978885881,0.15612958470101326,1.8621926910652047,0.5670929723470093,1.950493211391864
123,4,700,6910.000000000002,3493.672706304191,0.1584130155558727,1.5634219097648976,0.1252192864936963,0.5055966289875817
123,2,700,6910.000000000002,3493.672706304191,0.156272299129442,1.6712989589239542,0.1320505802811952,0.5055966289875817
123,1,341,3320.0000000000014,3493.672706304191,0.1374339945768517,2.2645059694034386,0.3275003532921767,1.0523110561157196
123,5,140,1310.0000353340838,3493.672706304191,0.15812758669901528,1.650869356884459,0.6961955754763938,2.6669256580693252
123,0,155,1460.0000072749747,3493.672706304191,0.13757670900528043,1.0713982085251177,0.35271602490405685,2.3929264992436377
123,6,440,4310.000000000002,3493.672706304191,0.09604681033252462,0.12716058106919603,0.009900118601705974,0.8105969156158211
123,3,35,262.252839954494,3493.672706304191,0.15612958470101326,1.3867638791667412,2.8843618503154556,13.3217726332741
124,3,700,6910.000000000002,4065.975926386651,0.15612958470101326,0.5192705908846681,0.04770519626473359,0.5884190920964761
124,6,374,3650.000000000001,4065.975926386651,0.09604681033252462,0.6008239441513721,0.06428388524714318,1.1139660072292192
124,1,620,6110.000000000002,4065.975926386651,0.1374339945768517,2.103538266586701,0.19238365847255776,0.6654625084102537
124,4,105,960.0014115816389,4065.975926386651,0.1584130155558727,1.9057057159030688,1.2786145118161871,4.235385362285875
124,5,700,6910.000000000002,4065.975926386651,0.15812758669901528,1.9382608192194195,0.18034604195980009,0.5884190920964761
124,2,70,610.0563920873398,4065.975926386651,0.156272299129442,1.278080567729613,1.331174698555158,6.664918160228929
124,0,341,3320.0000000000014,4065.975926386651,0.13757670900528043,2.397213834402705,0.4039042388937853,1.2246915440923642
125,4,420,4110.000000000002,5354.93791922369,0.1584130155558727,1.9545525664521906,0.4034138782685511,1.3029046032174423
125,1,248,2390.0000000004047,5354.93791922369,0.1374339945768517,2.10536438902261,0.6483029262033733,2.240559798837985
125,3,700,6910.000000000002,5354.93791922369,0.15612958470101326,1.831705322660303,0.22162421222230994,0.7749548363565396
125,6,418,4090.0000000000014,5354.93791922369,0.09604681033252462,0.4833868564209843,0.06078674893323103,1.3092757748713175
125,2,630,6210.000000000002,5354.93791922369,0.156272299129442,2.232980743423369,0.30090528783754183,0.8623088436753121
125,0,620,6110.000000000002,5354.93791922369,0.13757670900528043,1.3386871991061382,0.16141253457956098,0.8764219180398836
125,5,700,6910.000000000002,5354.93791922369,0.15812758669901528,1.4302815198576264,0.1752691833781754,0.7749548363565396
126,3,700,6910.000000000002,3849.318189967599,0.15612958470101326,1.2605973137029625,0.10963957576077112,0.5570648610662225
126,2,35,262.252839954494,3849.318189967599,0.156272299129442,1.3263132422490296,3.0422277221299874,14.677889439197422
126,6,88,790.008464149783,3849.318189967599,0.09604681033252462,0.3958801566566536,0.18526728952434052,4.872502466299881
126,1,620,6110.000000000002,3849.318189967599,0.1374339945768517,1.8822140159405574,0.16296929035332183,0.6300029770814399
126,5,175,1660.0000008844675,3849.318189967599,0.15812758669901528,1.4504077459545075,0.5318307901538073,2.3188663782630345
126,0,341,3320.0000000000014,3849.318189967599,0.13757670900528043,1.3474644330400172,0.21493540262438263,1.1594331897492764
126,4,700,6910.000000000002,3849.318189967599,0.1584130155558727,1.3852125583195447,0.1222399169253154,0.5570648610662225
127,1,310,3010.0000000000014,4603.061594864701,0.1374339945768517,2.3899923514543295,0.5023090137586573,1.52925634380887
127,0,558,5490.000000000002,4603.061594864701,0.13757670900528043,2.3696381731860336,0.27333887064910445,0.8384447349480327
127,6,440,4310.000000000002,4603.061594864701,0.09604681033252462,0.7959181624036464,0.08164336159062806,1.0679957296669835
127,4,70,610.0563920873398,4603.061594864701,0.1584130155558727,2.193776117881541,2.622164720765779,7.545305080920611
127,3,490,4810.000000000001,4603.061594864701,0.15612958470101326,1.6354906940736276,0.24436274318191242,0.9569774625498337
127,2,700,6910.000000000002,4603.061594864701,0.156272299129442,1.0464221183637774,0.10893254531777313,0.6661449486056006
127,5,700,6910.000000000002,4603.061594864701,0.15812758669901528,2.180707455249025,0.2297067674206349,0.6661449486056006
128,3,700,6910.000000000002,4895.832738693464,0.15612958470101326,1.8948483223526835,0.20960815768616997,0.7085141445287211
128,4,210,2010.0000000221403,4895.832738693464,0.1584130155558727,0.9662175166256958,0.37281749374313033,2.4357376809151923
128,2,630,6210.000000000002,4895.832738693464,0.156272299129442,2.040807905126058,0.25143116143240546,0.7883788629136012
128,0,620,6110.000000000002,4895.832738693464,0.13757670900528043,1.6649016527630336,0.18353498588489459,0.8012819539596502
128,6,242,2330.000000000761,4895.832738693464,0.09604681033252462,0.5374897948269177,0.10847354180671355,2.1012157676789123
128,5,700,6910.000000000002,4895.832738693464,0.15812758669901528,1.0194483944819324,0.11421454498004273,0.7085141445287211
128,1,279,2700.0000000000164,4895.832738693464,0.1374339945768517,1.2916571342191738,0.32188758359823855,1.813271384701272
129,5,700,6910.000000000002,3547.276711734166,0.15812758669901528,1.3182621862379404,0.10701051593738879,0.5133540827401107
129,3,70,610.0563920873398,3547.276711734166,0.15612958470101326,1.8902862686891408,1.7160813433268438,5.814670180894218
129,4,490,4810.000000000001,3547.276711734166,0.1584130155558727,1.1501532139837582,0.13436821565986062,0.7374795658490988
129,6,440,4310.000000000002,3547.276711734166,0.09604681033252462,0.4304344128470246,0.03402575180477727,0.8230340398455138
129,0,31,223.43368382029254,3547.276711734166,0.13757670900528043,1.200547301667772,2.6222289885462713,15.876194900797664
129,1,62,530.1310020508638,3547.276711734166,0.1374339945768517,1.1636126093581238,1.0700755810274596,6.691321009356513
129,2,700,6910.000000000002,3547.276711734166,0.156272299129442,1.7338519588035446,0.13909484518353332,0.5133540827401107
130,5,595,5860.000000000002,5281.7982017982595,0.15812758669901528,2.603058793871847,0.3710016222774151,0.9013307511601123
130,3,700,6910.000000000002,5281.7982017982595,0.15612958470101326,1.9579179467054526,0.23365950308228203,0.7643702173369404
130,6,440,4310.000000000002,5281.7982017982595,0.09604681033252462,0.6148682546312848,0.0723718296298789,1.2254752208348625
130,4,700,6910.000000000002,5281.7982017982595,0.1584130155558727,2.562800281157839,0.31031972467086716,0.7643702173369404
130,2,665,6560.000000000001,5281.7982017982595,0.156272299129442,2.107081257385392,0.26511924282054117,0.8051521649082711
130,1,248,2390.0000000004047,5281.7982017982595,0.1374339945768517,3.8230811228054606,1.1611587162848052,2.2099574066097762
130,0,310,3010.0000000000014,5281.7982017982595,0.13757670900528043,0.3257181223306495,0.07863251161167455,1.754750233155567
131,3,700,6910.000000000002,4333.003590117743,0.15612958470101326,1.6057622704133907,0.15720901816271513,0.627062748208067
131,5,175,1660.0000008844675,4333.003590117743,0.15812758669901528,2.22156690830955,0.9169549539757663,2.610243125186186
131,0,372,3630.000000000001,4333.003590117743,0.13757670900528043,0.5928634925752987,0.09736033249216294,1.1936649008588822
131,4,700,6910.000000000002,4333.003590117743,0.1584130155558727,2.206106966586141,0.21914341687061498,0.627062748208067
131,1,62,530.1310020508638,4333.003590117743,0.1374339945768517,0.5776410171336153,0.6488705149835976,8.173458208169478
131,2,700,6910.000000000002,4333.003590117743,0.156272299129442,1.8790999814355982,0.18413777513569624,0.627062748208067
131,6,264,2550.0000000000755,4333.003590117743,0.09604681033252462,0.4730984842320509,0.07721174572385288,1.6992170941637708
132,3,700,6910.000000000002,4345.692570950464,0.15612958470101326,1.572300805531353,0.15438382389385163,0.6288990696020931
132,1,620,6110.000000000002,4345.692570950464,0.1374339945768517,0.5586355162393369,0.054606017291502496,0.711242646636737
132,5,700,6910.000000000002,4345.692570950464,0.15812758669901528,1.7448382148614605,0.17351769087559082,0.6288990696020931
132,2,280,2710.0000000000146,4345.692570950464,0.156272299129442,1.9714859455757494,0.49404373439037524,1.6035765944466571
132,0,279,2700.0000000000164,4345.692570950464,0.13757670900528043,0.5086339263150903,0.11262776771501991,1.6095157670186806
132,4,315,3060.0000000000014,4345.692570950464,0.1584130155558727,1.5093884546251706,0.3395701122069682,1.4201609708988439
132,6,66,570.0859504455718,4345.692570950464,0.09604681033252462,0.4356206795111929,0.318940812570267,7.622872599392998
133,3,35,262.252839954494,3866.1362082899655,0.15612958470101326,1.4399364330429405,3.314251607101604,14.74201846188135
133,6,132,1230.0000820831015,3866.1362082899655,0.09604681033252462,0.12681771690705954,0.03828554972283343,3.14319995958241
133,4,700,6910.000000000002,3866.1362082899655,0.1584130155558727,1.4165295848910355,0.12554968110801573,0.5594987276830629
133,5,700,6910.000000000002,3866.1362082899655,0.15812758669901528,1.724160603222086,0.15254025339189575,0.5594987276830629
133,1,620,6110.000000000002,3866.1362082899655,0.1374339945768517,0.9252587180611367,0.08046245807852721,0.6327555169050678
133,0,434,4250.000000000002,3866.1362082899655,0.13757670900528043,2.9992073222244566,0.37535276957442637,0.9096791078329327
133,2,70,610.0563920873398,3866.1362082899655,0.156272299129442,1.890999734189256,1.8727535895203138,6.337342348076674
134,1,620,6110.000000000002,3821.121995224557,0.1374339945768517,2.8233356550035094,0.24266457186255216,0.6253882152577014
134,0,31,223.43368382029254,3821.121995224557,0.13757670900528043,2.546876994179933,5.992322028487267,17.101817102464643
134,5,700,6910.000000000002,3821.121995224557,0.15812758669901528,2.547223120411796,0.22273449774749224,0.552984369786477
134,3,280,2710.0000000000146,3821.121995224557,0.15612958470101326,0.4437367571542667,0.0976859765137258,1.4100081163190172
134,6,264,2550.0000000000755,3821.121995224557,0.09604681033252462,0.8450878675492324,0.12162855202897178,1.4984792138135075
134,4,700,6910.000000000002,3821.121995224557,0.1584130155558727,2.4814955751450976,0.21737881776680357,0.552984369786477
134,2,70,610.0563920873398,3821.121995224557,0.156272299129442,1.0533158383346752,1.0310068190819754,6.263555377479759
135,3,700,6910.000000000002,3790.533298461263,0.15612958470101326,2.1919493490733917,0.18773186197400446,0.5485576408771725
135,2,490,4810.000000000001,3790.533298461263,0.156272299129442,2.479656927964801,0.3053717372280454,0.7880526608027572
135,0,124,1150.0001906837483,3790.533298461263,0.13757670900528043,0.6665730994738897,0.302270039834208,3.296115365170113
135,1,31,223.43368382029254,3790.533298461263,0.1374339945768517,0.7113213907937322,1.6584856141987385,16.964914303207678
135,6,440,4310.000000000002,3790.533298461263,0.09604681033252462,0.44044390152347795,0.037204596065514656,0.8794740831696661
135,4,700,6910.000000000002,3790.533298461263,0.1584130155558727,2.0786070825410135,0.18062819112820055,0.5485576408771725
135,5,175,1660.0000008844675,3790.533298461263,0.15812758669901528,2.142636301169981,0.7736567683485414,2.283453793037122
136,2,665,6560.000000000001,5415.848437277011,0.156272299129442,2.207168676079994,0.2847607895707143,0.8255866520239344
136,4,700,6910.000000000002,5415.848437277011,0.1584130155558727,1.8695556429820321,0.23212275234101817,0.7837696725437061
136,6,286,2770.000000000008,5415.848437277011,0.09604681033252462,0.2485276084730442,0.04667070061238847,1.9551799412552329
136,1,465,4560.000000000002,5415.848437277011,0.1374339945768517,0.5624208237205398,0.09180307347687064,1.1876860608063615
136,3,700,6910.000000000002,5415.848437277011,0.15612958470101326,2.0337232171410937,0.2488659646721663,0.7837696725437061
136,5,315,3060.0000000000014,5415.848437277011,0.15812758669901528,1.7581520722689414,0.4920499085241151,1.7698851102212445
136,0,620,6110.000000000002,5415.848437277011,0.13757670900528043,1.0058855508088431,0.12266446753256571,0.8863909062646497
137,2,105,960.0014115816389,4480.341308078555,0.156272299129442,1.7227984083701384,1.256480321732463,4.667015333547293
137,5,210,2010.0000000221403,4480.341308078555,0.15812758669901528,1.5592425358604576,0.5495868826879029,2.2290255263826886
137,4,700,6910.000000000002,4480.341308078555,0.1584130155558727,1.632296478704897,0.16765748884226617,0.6483851386510208
137,0,620,6110.000000000002,4480.341308078555,0.13757670900528043,0.8383101353325343,0.08457062155268323,0.7332800831552461
137,1,465,4560.000000000002,4480.341308078555,0.1374339945768517,0.695638651427957,0.09393428431924122,0.9825309886137178
137,3,700,6910.000000000002,4480.341308078555,0.15612958470101326,1.7783960605081477,0.1800307721476082,0.6483851386510208
137,6,396,3870.0000000000014,4480.341308078555,0.09604681033252462,0.23607383765720413,0.02625009872851445,1.1577109323200396
138,4,175,1660.0000008844675,4518.51862538038,0.1584130155558727,1.4811512496606951,0.6386725624276608,2.721999170465579
138,0,620,6110.000000000002,4518.51862538038,0.13757670900528043,3.550321452249341,0.36121639964397123,0.7395284165925334
138,6,198,1890.0000000783903,4518.51862538038,0.09604681033252462,0.2470594227459014,0.05673076522556523,2.390750595340195
138,5,700,6910.000000000002,4518.51862538038,0.15812758669901528,1.431266850106516,0.14799474165417273,0.6539100760318928
138,2,700,6910.000000000002,4518.51862538038,0.156272299129442,1.9593071645553561,0.20021774128070882,0.6539100760318928
138,3,560,5510.000000000002,4518.51862538038,0.15612958470101326,1.4685370749507853,0.18802456721391284,0.8200578267478001
138,1,155,1460.0000072749747,4518.51862538038,0.1374339945768517,1.65157160946958,0.702481347500087,3.094875755387149
139,1,217,2080.00000001059,4952.5874125888695,0.1374339945768517,1.5951381038488899,0.5219889067888861,2.3810516406556026
139,2,700,6910.000000000002,4952.5874125888695,0.156272299129442,1.5736067386321961,0.17625129251760738,0.7167275560910085
139,5,630,6210.000000000002,4952.5874125888695,0.15812758669901528,1.3164681878455156,0.16601929342860258,0.7975181018661623
139,0,465,4560.000000000002,4952.5874125888695,0.13757670900528043,0.9630740004379604,0.14390367395042503,1.086093730830892
139,6,440,4310.000000000002,4952.5874125888695,0.09604681033252462,0.39031824941345294,0.043078114214010546,1.149092207097185
139,3,700,6910.000000000002,4952.5874125888695,0.15612958470101326,1.8131722962394456,0.20289828745957586,0.7167275560910085
139,4,315,3060.0000000000014,4952.5874125888695,0.1584130155558727,1.1915224027954119,0.30549478196087015,1.618492618493094
140,4,700,6910.000000000002,4853.090746360815,0.1584130155558727,1.8551522593911727,0.20640051930883335,0.7023286174183522
140,6,264,2550.0000000000755,4853.090746360815,0.09604681033252462,0.2808151129483179,0.05133122816438618,1.903172841710067
140,3,700,6910.000000000002,4853.090746360815,0.15612958470101326,1.6558955186591364,0.18157602317236668,0.7023286174183522
140,0,465,4560.000000000002,4853.090746360815,0.13757670900528043,1.046076100152354,0.1531657866237649,1.0642742864826344
140,2,35,262.252839954494,4853.090746360815,0.156272299129442,1.5263264346049645,4.413952342678391,18.50538872030107
140,1,620,6110.000000000002,4853.090746360815,0.1374339945768517,0.8001740696409247,0.08734857917524867,0.7942865378659268
140,5,595,5860.000000000002,4853.090746360815,0.15812758669901528,2.1627440240856433,0.2832262874892343,0.8281724823141319
141,5,560,5510.000000000002,5508.209988860874,0.15812758669901528,2.4847306915634437,0.3927768265881909,0.9996751340945321
141,0,620,6110.000000000002,5508.209988860874,0.13757670900528043,2.3693864515418364,0.2938665100982628,0.9015073631523522
141,2,595,5860.000000000002,5508.209988860874,0.156272299129442,0.8127560965848943,0.11938646966002192,0.9399675748909337
141,3,700,6910.000000000002,5508.209988860874,0.15612958470101326,1.261055020040686,0.15694651655008277,0.797136033120242
141,4,595,5860.000000000002,5508.209988860874,0.1584130155558727,2.4189260033839135,0.3601855758895318,0.9399675748909337
141,1,620,6110.000000000002,5508.209988860874,0.1374339945768517,2.5759115972948696,0.31914967186165255,0.9015073631523522
141,6,44,350.8727963568088,5508.209988860874,0.09604681033252462,1.0306436187283483,1.5540044416362062,15.698595177665117
142,3,315,3060.0000000000014,5438.684172969888,0.15612958470101326,1.7289865812297813,0.4797878441980627,1.777347768944407
142,4,595,5860.000000000002,5438.684172969888,0.1584130155558727,2.614778585556094,0.38443418963006304,0.9281031011894004
142,6,418,4090.0000000000014,5438.684172969888,0.09604681033252462,0.08835446744608212,0.01128449145744084,1.3297516315329796
142,5,700,6910.000000000002,5438.684172969888,0.15812758669901528,2.877596597204082,0.35814042663769297,0.7870744099811703
142,0,620,6110.000000000002,5438.684172969888,0.13757670900528043,2.263595949969004,0.27720206055996216,0.8901283425482629
142,2,700,6910.000000000002,5438.684172969888,0.156272299129442,2.0369967803390208,0.25054638257823203,0.7870744099811703
142,1,465,4560.000000000002,5438.684172969888,0.1374339945768517,2.3598990611831985,0.3868268349423321,1.1926938975811154
143,5,315,3060.0000000000014,4347.67375481807,0.15812758669901528,1.8890143506141703,0.4244029766228653,1.4208084166072117
143,2,420,4110.000000000002,4347.67375481807,0.156272299129442,1.393379289298168,0.2303384703726799,1.057828164189311
143,1,620,6110.000000000002,4347.67375481807,0.1374339945768517,2.2862006162681716,0.223575517401628,0.7115668993155595
143,0,217,2080.00000001059,4347.67375481807,0.13757670900528043,1.98441828248301,0.5706525320159386,2.0902277667288143
143,4,700,6910.000000000002,4347.67375481807,0.1584130155558727,1.9898352712041911,0.19832930330737258,0.6291857821733818
143,3,385,3760.0000000000014,4347.67375481807,0.15612958470101326,1.540843484446488,0.27817162877797724,1.1562962113877842
143,6,440,4310.000000000002,4347.67375481807,0.09604681033252462,0.18762098221983767,0.018177913370305623,1.0087410103986236
144,5,455,4460.000000000002,5352.724046232073,0.15812758669901528,1.953812674061346,0.3707921755108285,1.2001623422045002
144,2,700,6910.000000000002,5352.724046232073,0.156272299129442,1.3636681085244673,0.16507735158698447,0.7746344495270726
144,6,44,350.8727963568088,5352.724046232073,0.09604681033252462,0.14160655713218998,0.2074872749982558,15.255454688452943
144,3,700,6910.000000000002,5352.724046232073,0.15612958470101326,1.307433864504192,0.15812543788269506,0.7746344495270726
144,4,525,5160.000000000001,5352.724046232073,0.1584130155558727,2.062469490463044,0.33892495489576635,1.0373496213628046
144,0,589,5800.000000000002,5352.724046232073,0.13757670900528043,1.4147202704171482,0.1796231687176929,0.9228834562469089
144,1,620,6110.000000000002,5352.724046232073,0.1374339945768517,1.4204893276517798,0.17102743757109884,0.8760595820347089
145,2,560,5510.000000000002,4150.539749774632,0.156272299129442,1.5726552387463935,0.18512646411958533,0.7532740017739801
145,1,124,1150.0001906837483,4150.539749774632,0.1374339945768517,1.5532715214598067,0.7704566614111436,3.609164401361422
145,6,88,790.008464149783,4150.539749774632,0.09604681033252462,0.08289784978547746,0.041831076952852535,5.253791494805685
145,3,700,6910.000000000002,4150.539749774632,0.15612958470101326,1.485004432941252,0.13926419870599807,0.600656982601249
145,4,700,6910.000000000002,4150.539749774632,0.1584130155558727,2.0401263608879416,0.19412186669079518,0.600656982601249
145,0,620,6110.000000000002,4150.539749774632,0.13757670900528043,1.6425540859898407,0.15350692160665078,0.6793027413706433
145,5,35,262.252839954494,4150.539749774632,0.15812758669901528,1.4420906323333473,3.60898083820485,15.826481614059286
146,3,245,2360.000000000555,4221.175967028631,0.15612958470101326,2.5416619510782663,0.7097811247200118,1.7886338843337453
146,2,175,1660.0000008844675,4221.175967028631,0.156272299129442,2.3147294305364587,0.9198300717937329,2.54287708721659
146,0,620,6110.000000000002,4221.175967028631,0.13757670900528043,1.9714221065880608,0.1873772173811536,0.6908634970586955
146,4,700,6910.000000000002,4221.175967028631,0.1584130155558727,1.4648223178707291,0.14175266057533606,0.6108793005830144
146,6,242,2330.000000000761,4221.175967028631,0.09604681033252462,0.999814944709198,0.17397230061309704,1.811663505161911
146,1,620,6110.000000000002,4221.175967028631,0.1374339945768517,2.4656239113515017,0.23410637993266842,0.6908634970586955
146,5,385,3760.0000000000014,4221.175967028631,0.15812758669901528,0.47667127890408073,0.08461984778612114,1.1226531827203803
147,4,665,6560.000000000001,5582.079349222207,0.1584130155558727,1.1451474361918335,0.1543634344634703,0.8509267300643608
147,3,630,6210.000000000002,5582.079349222207,0.15612958470101326,1.703430915323444,0.23906397420310355,0.8988855634818367
147,0,434,4250.000000000002,5582.079349222207,0.13757670900528043,1.5413209677669033,0.278512748115273,1.313430435111107
147,5,700,6910.000000000002,5582.079349222207,0.15812758669901528,1.1207045025726359,0.14315836113676048,0.8078262444605219
147,2,420,4110.000000000002,5582.079349222207,0.156272299129442,1.6277993811849165,0.3454912593446165,1.358170157961607
147,6,440,4310.000000000002,5582.079349222207,0.09604681033252462,0.5156496257650656,0.0641440517305652,1.2951460207012078
147,1,620,6110.000000000002,5582.079349222207,0.1374339945768517,1.4130896183472348,0.1774265756974113,0.9135972748317849
148,4,700,6910.000000000002,4087.2552995319606,0.1584130155558727,1.1819769946872,0.11075251658328708,0.5914985961696034
148,3,700,6910.000000000002,4087.2552995319606,0.15612958470101326,1.4401423248205698,0.1329977632049209,0.5914985961696034
148,0,217,2080.00000001059,4087.2552995319606,0.13757670900528043,1.471993409206787,0.39794148156591985,1.9650265863034377
148,6,66,570.0859504455718,4087.2552995319606,0.09604681033252462,0.3551295069075549,0.2445463204226139,7.169542235407511
148,5,140,1310.0000353340838,4087.2552995319606,0.15812758669901528,0.9756668466198821,0.48135961259076343,3.1200421292275804
148,2,700,6910.000000000002,4087.2552995319606,0.156272299129442,1.4471367223567535,0.13376585942839353,0.5914985961696034
148,1,217,2080.00000001059,4087.2552995319606,0.1374339945768517,1.1783628952073784,0.31823039588302243,1.9650265863034377
149,6,440,4310.000000000002,4409.1240876885095,0.09604681033252462,0.21736431192236888,0.02135729462503052,1.0229986282339925
149,3,700,6910.000000000002,4409.1240876885095,0.15612958470101326,1.7436532259625988,0.17370791049862294,0.6380787391734455
149,1,465,4560.000000000002,4409.1240876885095,0.1374339945768517,1.5755980934275668,0.20937609472345986,0.9669131771246727
149,2,245,2360.000000000555,4409.1240876885095,0.156272299129442,1.6313249767684816,0.47628050543029316,1.8682729185116411
149,0,620,6110.000000000002,4409.1240876885095,0.13757670900528043,1.270272804522391,0.12611101699849178,0.7216242369375627
149,5,70,610.0563920873398,4409.1240876885095,0.15812758669901528,0.9988814022290006,1.1415735815013661,7.22740412997307
149,4,630,6210.000000000002,4409.1240876885095,0.1584130155558727,1.3863477230970964,0.1559278734883629,0.7100038788548322
150,5,700,6910.000000000002,4393.39661680562,0.15812758669901528,1.1008139081752246,0.11067356886858935,0.6358026941831576
150,1,620,6110.000000000002,4393.39661680562,0.1374339945768517,1.5420425570184044,0.15238763538343517,0.7190501827832437
150,3,210,2010.0000000221403,4393.39661680562,0.15612958470101326,1.6088172015626665,0.5490302322451476,2.185769461073247
150,2,140,1310.0000353340838,4393.39661680562,0.156272299129442,1.7048087072868718,0.8934839601332005,3.353737784965167
150,6,132,1230.0000820831015,4393.39661680562,0.09604681033252462,0.4447252207854929,0.15257029184082194,3.571866929768866
150,0,620,6110.000000000002,4393.39661680562,0.13757670900528043,1.609318600684458,0.1592011308627662,0.7190501827832437
150,4,630,6210.000000000002,4393.39661680562,0.1584130155558727,1.3420642105522065,0.15040870337427292,0.7074712748479258
