round,cid,tau,a_i,a_eff,p_i,raw_update_norm,contribution_norm,amp_vs_fedavg
1,4,140,1310.0000353340838,4202.774374124306,0.1584130155558727,1.8805598590708286,0.9557466649379343,3.2082246265378838
1,2,245,2360.000000000555,4202.774374124306,0.156272299129442,2.468560809527049,0.6869891913058919,1.7808365992047956
1,3,700,6910.000000000002,4202.774374124306,0.15612958470101326,3.883613790048558,0.3687901111148136,0.6082162625360789
1,0,186,1770.0000002775555,4202.774374124306,0.13757670900528043,2.5802927859345144,0.8429012806789181,2.374448798567946
1,6,396,3870.0000000000014,4202.774374124306,0.09604681033252462,2.0258026717490303,0.21130277316236212,1.0859882103680372
1,1,620,6110.000000000002,4202.774374124306,0.1374339945768517,4.36842159709489,0.4129653185469389,0.6878517797257454
1,5,700,6910.000000000002,4202.774374124306,0.15812758669901528,4.260980187687405,0.4098030495934107,0.6082162625360789
2,5,700,6910.000000000002,4658.564514016041,0.15812758669901528,4.204368710755741,0.4482109941078314,0.6741772089748249
2,3,105,960.0014115816389,4658.564514016041,0.15612958470101326,1.6854325909905807,1.2769586508696615,4.852664233421156
2,1,279,2700.0000000000164,4658.564514016041,0.1374339945768517,2.4936728540400352,0.5913192225923436,1.7253942644503752
2,4,700,6910.000000000002,4658.564514016041,0.1584130155558727,4.091517715980939,0.4369677284995716,0.6741772089748249
2,6,154,1450.0000080833054,4658.564514016041,0.09604681033252462,0.7108359066150528,0.2193493811963409,3.2128030952041193
2,2,630,6210.000000000002,4658.564514016041,0.156272299129442,3.455907267965296,0.40513950791994313,0.7501714193262544
2,0,620,6110.000000000002,4658.564514016041,0.13757670900528043,3.7035700037703916,0.3884868996359823,0.7624491839633454
3,5,560,5510.000000000002,5963.5193378050535,0.15812758669901528,3.732280747990171,0.6387530406733694,1.0823084097649822
3,2,700,6910.000000000002,5963.5193378050535,0.156272299129442,3.426666087778781,0.46214512134842933,0.8630274005506587
3,0,558,5490.000000000002,5963.5193378050535,0.13757670900528043,3.611266622054345,0.5396780537845121,1.086251245501831
3,6,396,3870.0000000000014,5963.5193378050535,0.09604681033252462,0.46437196315638524,0.06872909171420839,1.5409610692002718
3,1,527,5180.000000000002,5963.5193378050535,0.1374339945768517,3.238337065620029,0.5123763699557238,1.1512585594218245
3,3,700,6910.000000000002,5963.5193378050535,0.15612958470101326,3.4751108602008953,0.46825071873571705,0.8630274005506587
3,4,700,6910.000000000002,5963.5193378050535,0.1584130155558727,4.193884774647932,0.5733660050739922,0.8630274005506587
4,6,44,350.8727963568088,4547.000124786772,0.09604681033252462,0.3439473360673421,0.42810486665908104,12.959112738289482
4,3,560,5510.000000000002,4547.000124786772,0.15612958470101326,3.214317549050733,0.4141401640237378,0.8252268829014103
4,5,70,610.0563920873398,4547.000124786772,0.15812758669901528,1.5489933793549984,1.8256275821484955,7.453409526993028
4,1,403,3940.000000000001,4547.000124786772,0.1374339945768517,3.7642530851051257,0.5970376634075504,1.1540609453773532
4,4,700,6910.000000000002,4547.000124786772,0.1584130155558727,3.949420770328253,0.4116908226448973,0.6580318559749306
4,2,700,6910.000000000002,4547.000124786772,0.156272299129442,3.519927764787063,0.3619617435360025,0.6580318559749306
4,0,620,6110.000000000002,4547.000124786772,0.13757670900528043,3.8826570437261534,0.39751882786568776,0.7441898731238578
5,2,595,5860.000000000002,4839.4763311473525,0.156272299129442,3.5209593620943824,0.45440569785863205,0.825849203267466
5,4,35,262.252839954494,4839.4763311473525,0.1584130155558727,0.8381355670694925,2.4500971340094857,18.453475401780572
5,5,700,6910.000000000002,4839.4763311473525,0.15812758669901528,3.9037007970198188,0.4323191654955088,0.7003583691964329
5,3,700,6910.000000000002,4839.4763311473525,0.15612958470101326,3.8741938258289186,0.42363016017845345,0.7003583691964329
5,0,496,4870.000000000001,4839.4763311473525,0.13757670900528043,3.4096267623796064,0.4661451463191459,0.9937323061904213
5,6,440,4310.000000000002,4839.4763311473525,0.09604681033252462,0.4009269951923604,0.04323837321527428,1.1228483366931208
5,1,465,4560.000000000002,4839.4763311473525,0.1374339945768517,2.977212390101436,0.4342476879508597,1.061288669111261
6,2,280,2710.0000000000146,4451.761096050326,0.156272299129442,2.4236707824068353,0.6221830679670377,1.6427162716052777
6,4,700,6910.000000000002,4451.761096050326,0.1584130155558727,3.6834924281350307,0.37592780180282603,0.6442490732344899
6,5,665,6560.000000000001,4451.761096050326,0.15812758669901528,3.5685756596154277,0.3829398495469079,0.6786221183003545
6,6,440,4310.000000000002,4451.761096050326,0.09604681033252462,0.7314059709741773,0.07255979179693958,1.0328912055801216
6,3,210,2010.0000000221403,4451.761096050326,0.15612958470101326,2.281582584820286,0.7889640056977998,2.2148065154235272
6,1,620,6110.000000000002,4451.761096050326,0.1374339945768517,3.5017319785274905,0.35064504926320494,0.7286024707120008
6,0,248,2390.0000000004047,4451.761096050326,0.13757670900528043,2.4619716976215713,0.6309020250172509,1.8626615464642562
7,5,105,960.0014115816389,3948.2571312983387,0.15812758669901528,1.1742290389840881,0.763649402210401,4.112761797707604
7,0,527,5180.000000000002,3948.2571312983387,0.13757670900528043,3.358722463423376,0.35220434064572453,0.7622118014089454
7,4,700,6910.000000000002,3948.2571312983387,0.1584130155558727,3.667504575857063,0.33196240840457036,0.5713830870185728
7,3,700,6910.000000000002,3948.2571312983387,0.15612958470101326,3.677196419805245,0.32804197217962455,0.5713830870185728
7,6,440,4310.000000000002,3948.2571312983387,0.09604681033252462,0.5783298590727295,0.05088464165896571,0.9160689399764123
7,2,280,2710.0000000000146,3948.2571312983387,0.156272299129442,2.08078101939084,0.4737448664059016,1.4569214506635857
7,1,62,530.1310020508638,3948.2571312983387,0.1374339945768517,1.2838080521276636,1.314063919247041,7.4477008815257335
8,2,700,6910.000000000002,5187.508206079636,0.156272299129442,3.905453035419807,0.4581779351167803,0.7507247765672409
8,4,700,6910.000000000002,5187.508206079636,0.1584130155558727,3.633044371725787,0.43205826043773543,0.7507247765672409
8,5,455,4460.000000000002,5187.508206079636,0.15812758669901528,2.7598149558434204,0.5075882319350906,1.16311843185642
8,1,620,6110.000000000002,5187.508206079636,0.1374339945768517,3.389081878395425,0.3954520373993021,0.8490193463305457
8,0,465,4560.000000000002,5187.508206079636,0.13757670900528043,3.136407290361106,0.4908754643954856,1.137611448701674
8,3,350,3410.000000000001,5187.508206079636,0.15612958470101326,2.5824488390511857,0.6133683305186051,1.5212634035424148
8,6,330,3210.000000000001,5187.508206079636,0.09604681033252462,0.5413840872118337,0.08403151578595909,1.6160461701182662
9,6,396,3870.0000000000014,4714.128728414446,0.09604681033252462,0.4521712888377366,0.05290252512767077,1.218121118453345
9,0,310,3010.0000000000014,4714.128728414446,0.13757670900528043,2.2515632906706884,0.48513657493279705,1.566155723725729
9,1,620,6110.000000000002,4714.128728414446,0.1374339945768517,3.3987388870208433,0.36038955667806527,0.7715431634066194
9,2,315,3060.0000000000014,4714.128728414446,0.156272299129442,2.2870217878962076,0.5505950654644258,1.540564943926289
9,5,700,6910.000000000002,4714.128728414446,0.15812758669901528,3.8025290459228898,0.4102074780490366,0.6822183398573727
9,3,280,2710.0000000000146,4714.128728414446,0.15612958470101326,2.2239052430089137,0.6039953984498219,1.7395308960938822
9,4,700,6910.000000000002,4714.128728414446,0.1584130155558727,3.6628977161857184,0.3958576507626626,0.6822183398573727
10,2,700,6910.000000000002,4199.62755497596,0.156272299129442,4.088707335931262,0.3883298333146934,0.6077608617910216
10,4,455,4460.000000000002,4199.62755497596,0.1584130155558727,2.764061897371507,0.4123011474024108,0.9416205280215154
10,6,132,1230.0000820831015,4199.62755497596,0.09604681033252462,0.4158524144072323,0.1363728165484283,3.4143311176561566
10,3,140,1310.0000353340838,4199.62755497596,0.15612958470101326,1.411072962340185,0.706275504644288,3.2058224745810384
10,5,700,6910.000000000002,4199.62755497596,0.15812758669901528,3.959056273530272,0.3804801874652974,0.6077608617910216
10,0,124,1150.0001906837483,4199.62755497596,0.13757670900528043,1.4754923215878937,0.7413012533845686,3.6518494422848873
10,1,620,6110.000000000002,4199.62755497596,0.1374339945768517,3.646683312648873,0.34447823372046665,0.6873367520418918
11,0,620,6110.000000000002,4325.607473505932,0.13757670900528043,3.7433592843509502,0.3645963573984037,0.7079553966458152
11,1,248,2390.0000000004047,4325.607473505932,0.1374339945768517,1.8616663154065491,0.4630684755288301,1.809877603977071
11,4,105,960.0014115816389,4325.607473505932,0.1584130155558727,1.6744968973562495,1.1952271335694316,4.50583449286739
11,5,700,6910.000000000002,4325.607473505932,0.15812758669901528,4.113363798851655,0.40716817369180547,0.6259923984813214
11,6,264,2550.0000000000755,4325.607473505932,0.09604681033252462,0.38561561489364193,0.06282673414908065,1.6963166562767857
11,2,700,6910.000000000002,4325.607473505932,0.156272299129442,4.104958937692994,0.40156872195315874,0.6259923984813214
11,3,385,3760.0000000000014,4325.607473505932,0.15612958470101326,2.412767580113373,0.4333711087981213,1.1504275195494496
12,2,700,6910.000000000002,5241.545225053252,0.156272299129442,4.355038070527626,0.5162442737917782,0.758544895087301
12,3,700,6910.000000000002,5241.545225053252,0.15612958470101326,3.898470900993388,0.46170097466117427,0.758544895087301
12,0,465,4560.000000000002,5241.545225053252,0.13757670900528043,3.059242088498885,0.48378595570620303,1.1494616721608004
12,4,560,5510.000000000002,5241.545225053252,0.1584130155558727,3.2688565275326296,0.49260005871320306,0.9512786252365245
12,5,700,6910.000000000002,5241.545225053252,0.15812758669901528,4.320101764675152,0.5181827005788484,0.758544895087301
12,6,44,350.8727963568088,5241.545225053252,0.09604681033252462,0.43618501015814365,0.6258400077276403,14.93859107767087
12,1,341,3320.0000000000014,5241.545225053252,0.1374339945768517,2.273430187866723,0.49328401896355184,1.5787786822449548
13,4,700,6910.000000000002,4639.556158127589,0.1584130155558727,3.8174073417951644,0.406029655111996,0.6714263615235293
13,0,310,3010.0000000000014,4639.556158127589,0.13757670900528043,2.499114241961195,0.529957406608286,1.541380783431092
13,2,420,4110.000000000002,4639.556158127589,0.156272299129442,2.9394692721714275,0.5185439126687039,1.1288457805663228
13,3,490,4810.000000000001,4639.556158127589,0.15612958470101326,3.0831442354949226,0.46431253277935397,0.9645646898394153
13,5,315,3060.0000000000014,4639.556158127589,0.15812758669901528,2.6892100145747895,0.6447440933972506,1.516194822917512
13,6,440,4310.000000000002,4639.556158127589,0.09604681033252462,0.2658915325948277,0.027490751985171733,1.076463145737259
13,1,620,6110.000000000002,4639.556158127589,0.1374339945768517,3.5729539704249036,0.3728694624088139,0.7593381600863481
14,6,352,3430.000000000001,4322.451285139946,0.09604681033252462,0.3745206925847722,0.04533094282476676,1.2601898790495465
14,3,700,6910.000000000002,4322.451285139946,0.15612958470101326,4.326229155150323,0.4225195263700413,0.6255356418436968
14,1,62,530.1310020508638,4322.451285139946,0.1374339945768517,1.4452958646697334,1.619562955697333,8.153553118791617
14,5,245,2360.000000000555,4322.451285139946,0.15812758669901528,1.982409384385712,0.5741417017764392,1.8315471547198854
14,0,620,6110.000000000002,4322.451285139946,0.13757670900528043,3.7700379465200644,0.3669268859209852,0.7074388355384524
14,4,700,6910.000000000002,4322.451285139946,0.1584130155558727,4.0225026007704905,0.3986017993823188,0.6255356418436968
14,2,350,3410.000000000001,4322.451285139946,0.156272299129442,2.7082327631652268,0.5364678716936099,1.2675810220351744
15,6,440,4310.000000000002,4045.543398775078,0.09604681033252462,0.5432451541545121,0.04897544627189726,0.9386411598086024
15,5,420,4110.000000000002,4045.543398775078,0.15812758669901528,2.916497082977217,0.45394603998422345,0.9843171286557363
15,4,70,610.0563920873398,4045.543398775078,0.1584130155558727,1.3530624655574428,1.421397641548345,6.631425309606281
15,1,403,3940.000000000001,4045.543398775078,0.1374339945768517,2.7796662988988343,0.39225408392891886,1.026787664663725
15,0,620,6110.000000000002,4045.543398775078,0.13757670900528043,4.086161798028683,0.3722169360301034,0.6621183958715346
15,2,700,6910.000000000002,4045.543398775078,0.156272299129442,4.382891538265045,0.4009973866022741,0.5854621416461762
15,3,280,2710.0000000000146,4045.543398775078,0.15612958470101326,2.23248836306627,0.5203337329349143,1.4928204423524194
16,5,210,2010.0000000221403,4145.500214075145,0.15812758669901528,1.7951871867571536,0.5854614003304895,2.062437917427603
16,4,700,6910.000000000002,4145.500214075145,0.1584130155558727,4.255709619618709,0.4044471159289298,0.5999276720803391
16,1,620,6110.000000000002,4145.500214075145,0.1374339945768517,3.980551224980578,0.3711702149837111,0.6784779401104981
16,3,385,3760.0000000000014,4145.500214075145,0.15612958470101326,2.8797060946962776,0.4957040498197996,1.1025266526795594
16,0,310,3010.0000000000014,4145.500214075145,0.13757670900528043,2.6055012426345487,0.4936812662698691,1.3772425960382535
16,2,315,3060.0000000000014,4145.500214075145,0.156272299129442,2.6567242638367636,0.5624501012479097,1.3547386320507004
16,6,440,4310.000000000002,4145.500214075145,0.09604681033252462,0.6254906783688335,0.05778344895895765,0.9618329963051376
17,3,315,3060.0000000000014,4634.071648240524,0.15612958470101326,2.5578040843829046,0.6047749563124426,1.5144024994250072
17,4,140,1310.0000353340838,4634.071648240524,0.1584130155558727,1.4359649710344426,0.8046854413333169,3.5374591780516376
17,1,527,5180.000000000002,4634.071648240524,0.1374339945768517,3.4450706345754734,0.423570089595427,0.8946084263012591
17,5,700,6910.000000000002,4634.071648240524,0.15812758669901528,4.463384852056455,0.47332198253464447,0.6706326553170077
17,6,242,2330.000000000761,4634.071648240524,0.09604681033252462,0.5368332072112502,0.10254845988068322,1.9888719520339102
17,0,620,6110.000000000002,4634.071648240524,0.13757670900528043,3.9018706660829,0.4071358263564696,0.7584405316269268
17,2,700,6910.000000000002,4634.071648240524,0.156272299129442,4.532343423373033,0.47499551416920655,0.6706326553170077
18,4,525,5160.000000000001,4185.576510331129,0.1584130155558727,3.224387162679733,0.4143273746420062,0.8111582384362651
18,0,620,6110.000000000002,4185.576510331129,0.13757670900528043,3.731587561852111,0.3516840142860937,0.6850370720672876
18,2,630,6210.000000000002,4185.576510331129,0.156272299129442,4.3672521445682255,0.45999589207991953,0.6740058792803748
18,5,175,1660.0000008844675,4185.576510331129,0.15812758669901528,1.7285213618426845,0.6891751203800057,2.521431631386147
18,6,440,4310.000000000002,4185.576510331129,0.09604681033252462,0.5374673003316871,0.05013176652447362,0.9711314409120945
18,3,35,262.252839954494,4185.576510331129,0.15612958470101326,1.1297472300450213,2.815150223324705,15.960080779515708
18,1,620,6110.000000000002,4185.576510331129,0.1374339945768517,3.820656556816815,0.3597048094701564,0.6850370720672876
19,4,700,6910.000000000002,4722.371365059938,0.1584130155558727,4.592200696585073,0.49715728865096925,0.6834111961012934
19,3,350,3410.000000000001,4722.371365059938,0.15612958470101326,2.9001143077120863,0.6270556397009508,1.384859637847489
19,0,372,3630.000000000001,4722.371365059938,0.13757670900528043,2.9280026043668315,0.5240465749157676,1.300928750705217
19,2,700,6910.000000000002,4722.371365059938,0.156272299129442,4.699621613261368,0.501911311630794,0.6834111961012934
19,1,62,530.1310020508638,4722.371365059938,0.1374339945768517,1.782660655268131,2.1824272883987836,8.907932844506323
19,6,374,3650.000000000001,4722.371365059938,0.09604681033252462,0.756364119266381,0.09398988916724421,1.2938003739890238
19,5,700,6910.000000000002,4722.371365059938,0.15812758669901528,5.029231954390477,0.5434898009656476,0.6834111961012934
20,6,440,4310.000000000002,4345.468268160343,0.09604681033252462,0.6449484687928096,0.0624550090334428,1.0082292965569237
20,4,700,6910.000000000002,4345.468268160343,0.1584130155558727,4.52099346186742,0.45038433405145234,0.6288666089957079
20,0,496,4870.000000000001,4345.468268160343,0.13757670900528043,3.482422333935695,0.4274978920025772,0.8922932788830271
20,3,455,4460.000000000002,4345.468268160343,0.15612958470101326,3.604091564006487,0.5482551812846478,0.9743202394978343
20,2,700,6910.000000000002,4345.468268160343,0.156272299129442,4.66542646666931,0.4584921306074506,0.6288666089957079
20,5,210,2010.0000000221403,4345.468268160343,0.15812758669901528,2.369591281730969,0.8100682519512437,2.1619245114987446
20,1,62,530.1310020508638,4345.468268160343,0.1374339945768517,0.8960468249742051,1.0094347593713335,8.196970656968697
21,0,620,6110.000000000002,5732.274867989156,0.13757670900528043,3.741224827314678,0.48288589612867655,0.9381791927969155
21,2,560,5510.000000000002,5732.274867989156,0.156272299129442,4.144597900129585,0.6738136622778989,1.040340266422714
21,6,308,2990.000000000002,5732.274867989156,0.09604681033252462,0.49036560639899873,0.09029397393125332,1.9171487852806528
21,4,525,5160.000000000001,5732.274867989156,0.1584130155558727,3.9251194598308907,0.6907502418158419,1.1109059821684408
21,1,558,5490.000000000002,5732.274867989156,0.1374339945768517,3.55887930678213,0.5106955718068122,1.0441302127484797
21,5,700,6910.000000000002,5732.274867989156,0.15812758669901528,5.0156549872265455,0.6579369201606698,0.8295622095498052
21,3,700,6910.000000000002,5732.274867989156,0.15612958470101326,4.749590173522953,0.6151631350893814,0.8295622095498052
22,1,558,5490.000000000002,5156.245183392243,0.1374339945768517,4.911056672962656,0.6339139824438587,0.9392067729311915
22,6,220,2110.0000000077202,5156.245183392243,0.09604681033252462,0.4500704890028666,0.10563664239687087,2.4437180963854868
22,0,620,6110.000000000002,5156.245183392243,0.13757670900528043,4.692798878845149,0.5448402810075021,0.8439026486730347
22,3,700,6910.000000000002,5156.245183392243,0.15612958470101326,4.811594463309633,0.5605698475353367,0.7462004606935227
22,2,210,2010.0000000221403,5156.245183392243,0.156272299129442,2.235737877711598,0.8962731558527038,2.5652961111121626
22,4,560,5510.000000000002,5156.245183392243,0.1584130155558727,4.002626935109114,0.5933595494246584,0.935797673936886
22,5,700,6910.000000000002,5156.245183392243,0.15812758669901528,4.660560077578527,0.5499222179666993,0.7462004606935227
23,2,665,6560.000000000001,5397.847866457441,0.156272299129442,4.6155990994445455,0.5935084170563494,0.8228426625697318
23,1,186,1770.0000002775555,5397.847866457441,0.1374339945768517,2.478849691941361,1.0389430374806758,3.04963156249209
23,0,620,6110.000000000002,5397.847866457441,0.13757670900528043,3.8276605581456646,0.46521934272710486,0.883444822660792
23,6,374,3650.000000000001,5397.847866457441,0.09604681033252462,0.5388709460443759,0.07654123954512158,1.4788624291664219
23,3,490,4810.000000000001,5397.847866457441,0.15612958470101326,3.871144841071364,0.6782662216818084,1.1222136936501954
23,5,700,6910.000000000002,5397.847866457441,0.15812758669901528,4.734000976804128,0.5847612407496195,0.7811646695307438
23,4,700,6910.000000000002,5397.847866457441,0.1584130155558727,4.652086562859887,0.5756801320651338,0.7811646695307438
24,1,279,2700.0000000000164,4196.02352786502,0.1374339945768517,2.409637477650187,0.5146595422831751,1.554082788098146
24,6,440,4310.000000000002,4196.02352786502,0.09604681033252462,0.47855266264368174,0.044747968967883404,0.9735553428921155
24,4,700,6910.000000000002,4196.02352786502,0.1584130155558727,4.464091374789026,0.4294215193006497,0.6072392949153428
24,3,700,6910.000000000002,4196.02352786502,0.15612958470101326,4.8644528313443605,0.46118913611463025,0.6072392949153428
24,5,315,3060.0000000000014,4196.02352786502,0.15812758669901528,2.9612884926068963,0.6421032233897808,1.3712495189101366
24,0,527,5180.000000000002,4196.02352786502,0.13757670900528043,3.851491438899327,0.429222033949849,0.8100431520974939
24,2,35,262.252839954494,4196.02352786502,0.156272299129442,1.2238729421271506,3.0601030364445942,15.99991644930561
25,4,700,6910.000000000002,4439.979489938889,0.1584130155558727,4.695197484452104,0.4779116767193898,0.6425440651141661
25,5,525,5160.000000000001,4439.979489938889,0.15812758669901528,4.204948955923445,0.5721364717662837,0.8604611414610248
25,6,242,2330.000000000761,4439.979489938889,0.09604681033252462,0.9012673467020196,0.16495353472945293,1.9055705965396734
25,0,62,530.1310020508638,4439.979489938889,0.13757670900528043,1.8403414071952136,2.120513665506874,8.375249651053029
25,1,620,6110.000000000002,4439.979489938889,0.1374339945768517,4.728097064907041,0.47219382901004286,0.7266742209392615
25,3,700,6910.000000000002,4439.979489938889,0.15612958470101326,5.4282710143336725,0.544564897467667,0.6425440651141661
25,2,210,2010.0000000221403,4439.979489938889,0.156272299129442,2.292584164308569,0.7913929852572721,2.2089450198457623
26,5,560,5510.000000000002,5114.395604399069,0.15812758669901528,4.210237621153789,0.6179551697376985,0.9282024690379433
26,0,620,6110.000000000002,5114.395604399069,0.13757670900528043,4.26634377047725,0.49130803993357963,0.8370532904090128
26,3,210,2010.0000000221403,5114.395604399069,0.15612958470101326,2.348434909459869,0.9329577845580914,2.5444754250461363
26,4,700,6910.000000000002,5114.395604399069,0.1584130155558727,4.712973115306327,0.5525888205835257,0.7401440816785916
26,6,264,2550.0000000000755,5114.395604399069,0.09604681033252462,0.481111279693419,0.0926792740975037,2.005645335058399
26,2,700,6910.000000000002,5114.395604399069,0.156272299129442,4.219938572127397,0.48809504814214255,0.7401440816785916
26,1,496,4870.000000000001,5114.395604399069,0.1374339945768517,3.3869473227810096,0.488841388164894,1.0501839023406712
27,1,620,6110.000000000002,4799.180289136155,0.1374339945768517,3.1866102907716924,0.34399250402752785,0.7854632224445423
27,6,396,3870.0000000000014,4799.180289136155,0.09604681033252462,0.47302617206238795,0.05634095671963838,1.2400982659266546
27,0,62,530.1310020508638,4799.180289136155,0.13757670900528043,1.224298065402727,1.5248107403996156,9.052819530587826
27,4,350,3410.000000000001,4799.180289136155,0.1584130155558727,3.387216705091249,0.7551731321539105,1.4073842490135349
27,2,700,6910.000000000002,4799.180289136155,0.156272299129442,4.307184885318463,0.4674816128588728,0.6945268146362017
27,3,700,6910.000000000002,4799.180289136155,0.15612958470101326,5.002980015291358,0.5425040571482115,0.6945268146362017
27,5,525,5160.000000000001,4799.180289136155,0.15812758669901528,3.753935977978548,0.5520925262951506,0.9300736994449911
28,1,620,6110.000000000002,3551.2459231975013,0.1374339945768517,3.6124672187298037,0.28856099201991536,0.5812186453678396
28,3,700,6910.000000000002,3551.2459231975013,0.15612958470101326,4.591081396289433,0.3683858140258535,0.5139284982919682
28,5,210,2010.0000000221403,3551.2459231975013,0.15812758669901528,2.5565973893908898,0.7142572786349966,1.7667890164967084
28,2,245,2360.000000000555,3551.2459231975013,0.156272299129442,2.6964904967052403,0.6340881556266088,1.5047652216935028
28,4,245,2360.000000000555,3551.2459231975013,0.1584130155558727,2.630360808858163,0.6270106703153481,1.5047652216935028
28,0,124,1150.0001906837483,3551.2459231975013,0.13757670900528043,1.9441038870711775,0.8259375684644502,3.0880394211813647
28,6,440,4310.000000000002,3551.2459231975013,0.09604681033252462,0.5783239645597996,0.04576754462715481,0.8239549705794663
29,6,374,3650.000000000001,4352.112420669956,0.09604681033252462,0.5043860759195917,0.057763470252590175,1.192359567306837
29,0,620,6110.000000000002,4352.112420669956,0.13757670900528043,3.0022385788658603,0.2942042978246057,0.7122933585384541
29,3,70,610.0563920873398,4352.112420669956,0.15612958470101326,1.4391472430437242,1.602952148029177,7.133951020132707
29,4,700,6910.000000000002,4352.112420669956,0.1584130155558727,4.35966972449876,0.43497721549467466,0.6298281361316866
29,2,140,1310.0000353340838,4352.112420669956,0.156272299129442,2.0496627051118304,1.0641263526836393,3.322223132276523
29,1,620,6110.000000000002,4352.112420669956,0.1374339945768517,4.057383597423495,0.3971907572536855,0.7122933585384541
29,5,595,5860.000000000002,4352.112420669956,0.15812758669901528,4.026136441437301,0.47282302881937804,0.7426813004556236
30,3,665,6560.000000000001,5683.376623376626,0.15612958470101326,4.732263128777027,0.640113057762877,0.8663683877098515
30,0,527,5180.000000000002,5683.376623376626,0.13757670900528043,3.515260060290808,0.530614425978969,1.0971769543198118
30,2,700,6910.000000000002,5683.376623376626,0.156272299129442,4.0102737568018645,0.5154474686861531,0.8224857631514653
30,5,700,6910.000000000002,5683.376623376626,0.15812758669901528,4.262996695599544,0.5544354976831085,0.8224857631514653
30,6,330,3210.000000000001,5683.376623376626,0.09604681033252462,0.5356691855252932,0.09109216311897524,1.7705223125783878
30,4,700,6910.000000000002,5683.376623376626,0.1584130155558727,4.553760290390485,0.5933205849139758,0.8224857631514653
30,1,279,2700.0000000000164,5683.376623376626,0.1374339945768517,2.628431528913568,0.7603849459637267,2.104954304954293
31,0,620,6110.000000000002,4898.63931730738,0.13757670900528043,3.375338063014456,0.37230292386776237,0.8017412957949883
31,5,700,6910.000000000002,4898.63931730738,0.15812758669901528,3.976678068377124,0.44578504365456684,0.7089203064120664
31,1,620,6110.000000000002,4898.63931730738,0.1374339945768517,3.9890450519354843,0.4395389481109145,0.8017412957949883
31,3,350,3410.000000000001,4898.63931730738,0.15612958470101326,3.160424672751844,0.7088457388483136,1.4365511194449792
31,6,88,790.008464149783,4898.63931730738,0.09604681033252462,0.5017989398864897,0.29885216457399577,6.200742826951047
31,4,665,6560.000000000001,4898.63931730738,0.1584130155558727,3.4933355186494763,0.4132404115793829,0.7467437983700274
31,2,315,3060.0000000000014,4898.63931730738,0.156272299129442,2.96354682971839,0.7413918940779318,1.6008625219958752
32,2,700,6910.000000000002,4777.697643687222,0.156272299129442,4.121351697032596,0.4453098412737203,0.6914178934424342
32,6,88,790.008464149783,4777.697643687222,0.09604681033252462,0.3071566838232426,0.17841437153916842,6.047653741063446
32,1,403,3940.000000000001,4777.697643687222,0.1374339945768517,2.680492626684932,0.44671571083360173,1.2126136151490408
32,0,589,5800.000000000002,4777.697643687222,0.13757670900528043,3.6785790797791504,0.41688443605461395,0.8237409730495208
32,3,70,610.0563920873398,4777.697643687222,0.15612958470101326,1.3705012559995504,1.6757657983370895,7.831567221744994
32,4,700,6910.000000000002,4777.697643687222,0.1584130155558727,3.442963003167587,0.3771063382052106,0.6914178934424342
32,5,700,6910.000000000002,4777.697643687222,0.15812758669901528,3.2669921342901396,0.357187577547788,0.6914178934424342
33,6,440,4310.000000000002,5221.088911088915,0.09604681033252462,0.4391306600990115,0.05109289676298165,1.2113895385357105
33,0,279,2700.0000000000164,5221.088911088915,0.13757670900528043,2.5950049216513804,0.6903676413275357,1.9337366337366233
33,4,455,4460.000000000002,5221.088911088915,0.1584130155558727,3.5648403384194243,0.6610848050221322,1.1706477379123124
33,5,525,5160.000000000001,5221.088911088915,0.15812758669901528,4.079152830877956,0.6526630216412244,1.0118389362575415
33,3,700,6910.000000000002,5221.088911088915,0.15612958470101326,4.403095499541504,0.5194291893203153,0.7555845023283522
33,2,700,6910.000000000002,5221.088911088915,0.156272299129442,3.9000971517575107,0.46051148810617965,0.7555845023283522
33,1,558,5490.000000000002,5221.088911088915,0.1374339945768517,4.516754739855704,0.5903498036486868,0.9510180165917874
34,3,700,6910.000000000002,5153.801172123586,0.15612958470101326,3.8134759351601923,0.4440744915303032,0.74584676875884
34,1,93,840.0049979958054,5153.801172123586,0.1374339945768517,1.774218089300063,1.4960529412946924,6.135441080017624
34,4,455,4460.000000000002,5153.801172123586,0.1584130155558727,3.5884066148999687,0.6568788988685724,1.1555608009245704
34,2,700,6910.000000000002,5153.801172123586,0.156272299129442,2.8131673738220457,0.3278892559352856,0.74584676875884
34,5,630,6210.000000000002,5153.801172123586,0.15812758669901528,3.8528774592338957,0.505625419368223,0.8299196734498526
34,6,374,3650.000000000001,5153.801172123586,0.09604681033252462,0.39809666456845233,0.05398912402686309,1.4120003211297494
34,0,620,6110.000000000002,5153.801172123586,0.13757670900528043,2.9582402308742397,0.34329288710840017,0.8435026468287372
35,3,35,262.252839954494,3697.3021482235363,0.15612958470101326,1.1820044161314058,2.6017708696147994,14.098234928037732
35,6,440,4310.000000000002,3697.3021482235363,0.09604681033252462,0.4568002400182779,0.03763716847866589,0.8578427258059246
35,0,620,6110.000000000002,3697.3021482235363,0.13757670900528043,2.579133833860257,0.21471507053073136,0.605123101182248
35,5,560,5510.000000000002,3697.3021482235363,0.15812758669901528,3.087985546624451,0.32765458237643436,0.6710167238155236
35,2,105,960.0014115816389,3697.3021482235363,0.156272299129442,1.7176163940767377,1.0337636326743234,3.851350741382859
35,4,700,6910.000000000002,3697.3021482235363,0.1584130155558727,3.769030448634295,0.31946802950296754,0.5350654338963148
35,1,217,2080.00000001059,3697.3021482235363,0.1374339945768517,2.1264876841116873,0.5194917435408626,1.7775491097138036
36,4,700,6910.000000000002,4376.570200078229,0.1584130155558727,3.884788519863551,0.3897751025757644,0.6333676121676163
36,5,700,6910.000000000002,4376.570200078229,0.15812758669901528,4.220893754170194,0.4227347163276031,0.6333676121676163
36,3,280,2710.0000000000146,4376.570200078229,0.15612958470101326,3.4903775303709956,0.8800801318539143,1.6149705535343932
36,1,310,3010.0000000000014,4376.570200078229,0.1374339945768517,3.081098084516049,0.6156970843102431,1.4540100332485806
36,6,44,350.8727963568088,4376.570200078229,0.09604681033252462,0.7043206810750338,0.8437962450601301,12.473381366469965
36,2,315,3060.0000000000014,4376.570200078229,0.156272299129442,2.8960252567741858,0.6472869022682088,1.4302516993719698
36,0,620,6110.000000000002,4376.570200078229,0.13757670900528043,3.258355704712054,0.3210968892989581,0.716296268425242
37,6,440,4310.000000000002,3370.863549723348,0.09604681033252462,0.13845060127843042,0.010400200111389344,0.7821029117687579
37,0,62,530.1310020508638,3370.863549723348,0.13757670900528043,1.991976474280905,1.7425573964996726,6.358548239365047
37,4,700,6910.000000000002,3370.863549723348,0.1584130155558727,3.927912286267657,0.3035398868454692,0.48782395799180134
37,3,35,262.252839954494,3370.863549723348,0.15612958470101326,1.264361303966217,2.537332447283592,12.8534873075474
37,1,620,6110.000000000002,3370.863549723348,0.1374339945768517,2.82552935738858,0.21423674255305375,0.5516961619841811
37,5,385,3760.0000000000014,3370.863549723348,0.15812758669901528,3.6894451506947803,0.5230244954253992,0.8965062632242944
37,2,210,2010.0000000221403,3370.863549723348,0.156272299129442,2.432196484448866,0.6374201285735225,1.6770465421324467
38,5,700,6910.000000000002,4672.593121168011,0.15812758669901528,4.225331969459176,0.4518022573131234,0.6762073981429826
38,6,440,4310.000000000002,4672.593121168011,0.09604681033252462,0.8774004094082702,0.09136113253948423,1.0841283343777284
38,2,210,2010.0000000221403,4672.593121168011,0.156272299129442,2.312290256586953,0.8400134864363451,2.324673194585344
38,4,525,5160.000000000001,4672.593121168011,0.1584130155558727,3.5733548342842942,0.512596065954197,0.9055413025519399
38,3,700,6910.000000000002,4672.593121168011,0.15612958470101326,3.979977731496799,0.4201900503513361,0.6762073981429826
38,1,403,3940.000000000001,4672.593121168011,0.1374339945768517,2.90297806331007,0.4731508963238309,1.185937340397972
38,0,310,3010.0000000000014,4672.593121168011,0.13757670900528043,3.4573639263783082,0.7383826483615099,1.552356518660468
39,1,620,6110.000000000002,4722.805235618244,0.1374339945768517,2.5961631387934965,0.2757941022837283,0.7729632136854735
39,2,700,6910.000000000002,4722.805235618244,0.156272299129442,3.9687049608588154,0.4238896419211567,0.6834739848941017
39,3,700,6910.000000000002,4722.805235618244,0.15612958470101326,3.424366924688544,0.365415938958976,0.6834739848941017
39,6,374,3650.000000000001,4722.805235618244,0.09604681033252462,0.7597705940797351,0.09442187038570424,1.2939192426351351
39,4,385,3760.0000000000014,4722.805235618244,0.1584130155558727,3.4493196092468508,0.6863355424194947,1.2560652222388944
39,5,455,4460.000000000002,4722.805235618244,0.15812758669901528,3.371503671191087,0.5645422594941827,1.058924940721579
39,0,62,530.1310020508638,4722.805235618244,0.13757670900528043,1.4516938313802454,1.7792492086102902,8.90875126590901
40,5,700,6910.000000000002,4704.170115602196,0.15812758669901528,3.402766384998694,0.3663066036313226,0.6807771513172497
40,1,372,3630.000000000001,4704.170115602196,0.1374339945768517,2.4821011821230385,0.44206898317207577,1.295914632397299
40,2,385,3760.0000000000014,4704.170115602196,0.156272299129442,2.8552641640148257,0.5582432364746472,1.251109073298456
40,6,308,2990.000000000002,4704.170115602196,0.09604681033252462,0.5720925913266465,0.08644922428281236,1.5733010420074225
40,0,620,6110.000000000002,4704.170115602196,0.13757670900528043,2.630074071388532,0.27858306009870576,0.769913275875973
40,3,700,6910.000000000002,4704.170115602196,0.15612958470101326,3.6428114997533347,0.3871924450025753,0.6807771513172497
40,4,210,2010.0000000221403,4704.170115602196,0.1584130155558727,2.4565842287287487,0.910771604215341,2.3403831420648653
41,3,35,262.252839954494,4223.697838387299,0.15612958470101326,1.1950064680414472,3.004886703206003,16.105441752776418
41,1,558,5490.000000000002,4223.697838387299,0.1374339945768517,2.3327779558329453,0.24665394685299225,0.7693438685587064
41,5,35,262.252839954494,4223.697838387299,0.15812758669901528,1.5245242358717215,3.8825281860900547,16.105441752776418
41,4,700,6910.000000000002,4223.697838387299,0.1584130155558727,2.7796361622655525,0.26914951923353136,0.6112442602586539
41,2,700,6910.000000000002,4223.697838387299,0.156272299129442,3.104199862089564,0.29651486534833116,0.6112442602586539
41,6,396,3870.0000000000014,4223.697838387299,0.09604681033252462,0.5721773855556943,0.05997848781507321,1.0913947902809555
41,0,620,6110.000000000002,4223.697838387299,0.13757670900528043,3.5924219062028078,0.34165193405544725,0.6912762419619146
42,4,175,1660.0000008844675,4169.401257013271,0.1584130155558727,2.348645493032341,0.9344884433069661,2.5116875028866055
42,2,525,5160.000000000001,4169.401257013271,0.156272299129442,3.598460385605058,0.4543836743069868,0.8080234994211763
42,6,440,4310.000000000002,4169.401257013271,0.09604681033252462,0.8192632461458814,0.0761207119426659,0.9673784819056309
42,5,700,6910.000000000002,4169.401257013271,0.15812758669901528,2.90314501101538,0.27699505612656966,0.6033865784389681
42,0,620,6110.000000000002,4169.401257013271,0.13757670900528043,4.828233304177008,0.4532790495759968,0.6823897310987348
42,3,35,262.252839954494,4169.401257013271,0.15612958470101326,1.1546388126106948,2.86605717310594,15.898402693129057
42,1,527,5180.000000000002,4169.401257013271,0.1374339945768517,2.954079872710209,0.32678366295082495,0.8049037175701292
43,4,700,6910.000000000002,4935.245652344375,0.1584130155558727,3.33748683107119,0.3776079674679005,0.7142178946952784
43,0,62,530.1310020508638,4935.245652344375,0.13757670900528043,2.0881591830183717,2.674447585567778,9.309483190479133
43,3,700,6910.000000000002,4935.245652344375,0.15612958470101326,3.05321967413434,0.3404661846305781,0.7142178946952784
43,2,525,5160.000000000001,4935.245652344375,0.156272299129442,2.714758868199151,0.4057628993951867,0.9564429558806927
43,5,420,4110.000000000002,4935.245652344375,0.15812758669901528,3.596155081398049,0.6828306512234182,1.200789696434154
43,6,418,4090.0000000000014,4935.245652344375,0.09604681033252462,0.6306503564897262,0.07308984802833669,1.206661528690556
43,1,620,6110.000000000002,4935.245652344375,0.1374339945768517,3.6207989573484065,0.4019445510466361,0.8077325126586536
44,3,665,6560.000000000001,5280.1613473615835,0.15612958470101326,3.193917186274467,0.4013767480899434,0.8049026444148755
44,1,620,6110.000000000002,5280.1613473615835,0.1374339945768517,2.834258661460705,0.3366197828465856,0.8641835265730903
44,4,700,6910.000000000002,5280.1613473615835,0.1584130155558727,3.5314766119861924,0.4274805326852233,0.7641333353634706
44,5,525,5160.000000000001,5280.1613473615835,0.15812758669901528,3.1666451538555473,0.5123945892190676,1.0232870828220122
44,6,110,1010.0008335248422,5280.1613473615835,0.09604681033252462,0.4597449335965499,0.23084759805842114,5.227878207718045
44,0,248,2390.0000000004047,5280.1613473615835,0.13757670900528043,3.0084769479233318,0.9144098532570728,2.209272530276439
44,2,700,6910.000000000002,5280.1613473615835,0.156272299129442,3.0967012352752104,0.3697859918183036,0.7641333353634706
45,3,280,2710.0000000000146,4933.223918938214,0.15612958470101326,2.6445592591979095,0.7516229723793283,1.82037782986649
45,1,527,5180.000000000002,4933.223918938214,0.1374339945768517,3.173272437919232,0.4153388900907327,0.9523598299108519
45,4,350,3410.000000000001,4933.223918938214,0.1584130155558727,2.5679249294784583,0.5885042916612649,1.4466932313601797
45,6,264,2550.0000000000755,4933.223918938214,0.09604681033252462,0.3766841774406826,0.06999241409493319,1.9345976152698308
45,0,620,6110.000000000002,4933.223918938214,0.13757670900528043,2.3476722187415424,0.2607786276048691,0.8074016233941429
45,2,700,6910.000000000002,4933.223918938214,0.156272299129442,2.9845852032867315,0.33298047184766183,0.7139253138839672
45,5,700,6910.000000000002,4933.223918938214,0.15812758669901528,2.7139247600251784,0.30637845889304377,0.7139253138839672
46,5,700,6910.000000000002,4731.357214252544,0.15812758669901528,3.370122336963801,0.36488919218373744,0.6847116084301798
46,6,440,4310.000000000002,4731.357214252544,0.09604681033252462,0.4817964260351936,0.05079897962132597,1.0977626947221675
46,4,700,6910.000000000002,4731.357214252544,0.1584130155558727,2.8123819503855905,0.30505128176581436,0.6847116084301798
46,3,350,3410.000000000001,4731.357214252544,0.15612958470101326,2.5207416479070646,0.5460657032165394,1.3874947842382823
46,0,186,1770.0000002775555,4731.357214252544,0.13757670900528043,1.9252955891579513,0.7080351264266118,2.6730831714749237
46,2,420,4110.000000000002,4731.357214252544,0.156272299129442,2.825408766001409,0.5082848980118,1.1511818039543897
46,1,527,5180.000000000002,4731.357214252544,0.1374339945768517,2.5053756675036727,0.31450170433589014,0.9133894236008768
47,1,93,840.0049979958054,5235.931898540027,0.1374339945768517,1.477288741473122,1.2655277621666594,6.233215172567548
47,6,440,4310.000000000002,5235.931898540027,0.09604681033252462,0.43926041831872326,0.051253288609157455,1.2148333871322563
47,3,595,5860.000000000002,5235.931898540027,0.15612958470101326,2.884921664833572,0.40245340194769336,0.8935037369522227
47,2,525,5160.000000000001,5235.931898540027,0.156272299129442,3.2482804289522536,0.5150860697752704,1.0147154842131834
47,5,700,6910.000000000002,5235.931898540027,0.15812758669901528,3.1976051010963293,0.383131987774953,0.7577325468220008
47,4,700,6910.000000000002,5235.931898540027,0.1584130155558727,3.9178058679952192,0.47027264311749944,0.7577325468220008
47,0,589,5800.000000000002,5235.931898540027,0.13757670900528043,2.4460305655560206,0.30378952284982785,0.902746879058625
48,1,310,3010.0000000000014,5027.188525759955,0.1374339945768517,2.8786080528730507,0.6607472771529251,1.670162300916928
48,6,440,4310.000000000002,5027.188525759955,0.09604681033252462,0.4909467276617293,0.05500032025742496,1.166401050060314
48,3,420,4110.000000000002,5027.188525759955,0.15612958470101326,3.0652001780745657,0.5853658696473829,1.2231602252457305
48,0,341,3320.0000000000014,5027.188525759955,0.13757670900528043,2.3526819779196684,0.4901118809662896,1.5142134113734798
48,4,700,6910.000000000002,5027.188525759955,0.1584130155558727,3.3493549625783534,0.3860105391526785,0.7275236650882712
48,5,595,5860.000000000002,5027.188525759955,0.15812758669901528,2.665540213679149,0.3615933525346614,0.8578820009829272
48,2,700,6910.000000000002,5027.188525759955,0.156272299129442,3.336987672242912,0.3793881210678855,0.7275236650882712
49,5,175,1660.0000008844675,4125.184815328135,0.15812758669901528,2.0935805843387683,0.822683234956867,2.4850510922471014
49,6,440,4310.000000000002,4125.184815328135,0.09604681033252462,0.6242769700201471,0.0573887018322609,0.9571194467118639
49,4,315,3060.0000000000014,4125.184815328135,0.1584130155558727,2.7536517140940884,0.5880602909615303,1.3480996128523313
49,0,620,6110.000000000002,4125.184815328135,0.13757670900528043,2.7926927929652434,0.25940018463868475,0.6751529975987126
49,1,620,6110.000000000002,4125.184815328135,0.1374339945768517,1.8755992907595636,0.17403493271909176,0.6751529975987126
49,2,210,2010.0000000221403,4125.184815328135,0.156272299129442,2.0985620228555972,0.6730559439651371,2.052330753871988
49,3,630,6210.000000000002,4125.184815328135,0.15612958470101326,2.7522436944778783,0.28544595967220643,0.6642809686518735
50,1,620,6110.000000000002,5381.674040245471,0.1374339945768517,2.1177593367573295,0.2563580469006829,0.8807977152611243
50,6,352,3430.000000000001,5381.674040245471,0.09604681033252462,0.5441937012574466,0.08200866215594929,1.569001177914131
50,5,315,3060.0000000000014,5381.674040245471,0.15812758669901528,2.4944582290348416,0.6937130140637248,1.7587170066161661
50,2,630,6210.000000000002,5381.674040245471,0.156272299129442,2.7225224551063545,0.3687051991163012,0.8666141771731835
50,0,434,4250.000000000002,5381.674040245471,0.13757670900528043,1.6442991143876007,0.2864535434783577,1.2662762447636395
50,4,700,6910.000000000002,5381.674040245471,0.1584130155558727,2.794445400561858,0.34476711295086315,0.7788240289790839
50,3,700,6910.000000000002,5381.674040245471,0.15612958470101326,2.353673203637895,0.2862007119464772,0.7788240289790839
51,0,558,5490.000000000002,5428.194662480451,0.13757670900528043,1.5265871140837484,0.20765843554310703,0.9887421971731238
51,1,527,5180.000000000002,5428.194662480451,0.1374339945768517,2.1428127371696326,0.30860577067949,1.0479140275058783
51,4,700,6910.000000000002,5428.194662480451,0.1584130155558727,1.9370329916559792,0.241048950686581,0.785556391097026
51,2,700,6910.000000000002,5428.194662480451,0.156272299129442,2.280803921861098,0.2799930936113282,0.785556391097026
51,5,315,3060.0000000000014,5428.194662480451,0.15812758669901528,1.8363392473919873,0.5151035540801765,1.773919824340016
51,6,242,2330.000000000761,5428.194662480451,0.09604681033252462,0.4732250105609904,0.10588882495004,2.3296972800337676
51,3,700,6910.000000000002,5428.194662480451,0.15612958470101326,3.349125262516938,0.41076550156740765,0.785556391097026
52,5,280,2710.0000000000146,4083.212501783936,0.15812758669901528,2.4294077965622956,0.5788163034558884,1.506720480363068
52,1,620,6110.000000000002,4083.212501783936,0.1374339945768517,1.9141751859584908,0.17580718650214916,0.6682835518467979
52,3,315,3060.0000000000014,4083.212501783936,0.15612958470101326,2.9711264727138285,0.6189946556243169,1.3343831705176257
52,0,310,3010.0000000000014,4083.212501783936,0.13757670900528043,3.6615473852036566,0.6833529318810703,1.3565490039149284
52,4,280,2710.0000000000146,4083.212501783936,0.1584130155558727,2.59207259467077,0.6186866048417151,1.506720480363068
52,2,700,6910.000000000002,4083.212501783936,0.156272299129442,2.3938189142828152,0.22105341615172194,0.5909135313724942
52,6,440,4310.000000000002,4083.212501783936,0.09604681033252462,0.4926571149746401,0.044828315337769056,0.9473810909011449
53,6,440,4310.000000000002,4845.962614336451,0.09604681033252462,0.4956556407363049,0.053526123137424865,1.1243532747880391
53,1,279,2700.0000000000164,4845.962614336451,0.1374339945768517,3.170457700135717,0.782046232298949,1.7948009682727488
53,5,595,5860.000000000002,4845.962614336451,0.15812758669901528,2.9159657127729757,0.3813049992010314,0.8269560775318173
53,0,558,5490.000000000002,4845.962614336451,0.13757670900528043,2.0061726308835626,0.24362448414839752,0.8826890007898816
53,2,700,6910.000000000002,4845.962614336451,0.156272299129442,2.5774120639621185,0.28246709960603156,0.7012970498316136
53,4,700,6910.000000000002,4845.962614336451,0.1584130155558727,3.410596622842641,0.37889880094753553,0.7012970498316136
53,3,140,1310.0000353340838,4845.962614336451,0.15612958470101326,1.9539670277708199,1.1285250078647209,3.6992080027697143
54,2,105,960.0014115816389,4227.20016350534,0.156272299129442,1.756511100885607,1.2086869735947137,4.403327029010162
54,5,700,6910.000000000002,4227.20016350534,0.15812758669901528,2.5664590994749963,0.2482657191479796,0.6117511090456352
54,1,279,2700.0000000000164,4227.20016350534,0.1374339945768517,1.7910649622913641,0.38538477753427347,1.5656296901871536
54,4,455,4460.000000000002,4227.20016350534,0.1584130155558727,2.6595678229355135,0.39931891762698735,0.9478027272433495
54,6,440,4310.000000000002,4227.20016350534,0.09604681033252462,0.5684481931636144,0.053548755208747884,0.9807889010453221
54,0,310,3010.0000000000014,4227.20016350534,0.13757670900528043,1.8813836389784293,0.3635034997351425,1.404385436380511
54,3,700,6910.000000000002,4227.20016350534,0.15612958470101326,2.45470484115207,0.23445486504869256,0.6117511090456352
55,5,630,6210.000000000002,4615.578707007336,0.15812758669901528,2.2638405839212563,0.26606518188248945,0.7432493892121311
55,4,700,6910.000000000002,4615.578707007336,0.1584130155558727,2.596120934087667,0.2747033111534329,0.6679563975408588
55,2,315,3060.0000000000014,4615.578707007336,0.156272299129442,2.5949902817996926,0.6116774527561306,1.50835905457756
55,0,620,6110.000000000002,4615.578707007336,0.13757670900528043,2.35324657648742,0.2445666883573617,0.7554138636673214
55,6,440,4310.000000000002,4615.578707007336,0.09604681033252462,0.49454796605258555,0.050867484074699085,1.070899932020263
55,3,315,3060.0000000000014,4615.578707007336,0.15612958470101326,2.396480827173621,0.5643699713056949,1.50835905457756
55,1,248,2390.0000000004047,4615.578707007336,0.1374339945768517,2.5731723677611487,0.6829537733791877,1.9312044799190602
56,4,700,6910.000000000002,5393.766233766322,0.1584130155558727,2.9147536801575553,0.36041826640499736,0.7805739846260956
56,0,589,5800.000000000002,5393.766233766322,0.13757670900528043,1.816191822355141,0.23236502455537217,0.9299596954769518
56,5,595,5860.000000000002,5393.766233766322,0.15812758669901528,2.793862445312665,0.4066372569069474,0.920437923850908
56,6,308,2990.000000000002,5393.766233766322,0.09604681033252462,0.4797519727197031,0.08312289258609457,1.8039351952395717
56,3,700,6910.000000000002,5393.766233766322,0.15612958470101326,2.84601626656599,0.34684597198651124,0.7805739846260956
56,2,245,2360.000000000555,5393.766233766322,0.156272299129442,2.336822819554999,0.8346183018044973,2.2854941668495994
56,1,620,6110.000000000002,5393.766233766322,0.1374339945768517,3.2578557586979233,0.39525459874409935,0.8827767976704289
57,0,496,4870.000000000001,4196.293157213089,0.13757670900528043,2.0475817337083515,0.2427297578381446,0.8616618392634678
57,6,330,3210.000000000001,4196.293157213089,0.09604681033252462,0.4125786287303361,0.05180246944512917,1.3072564352688747
57,2,105,960.0014115816389,4196.293157213089,0.156272299129442,1.5822754299898256,1.0808316040223778,4.37113227812815
57,3,35,262.252839954494,4196.293157213089,0.15612958470101326,1.0437297821240086,2.6074674842587746,16.00094457677266
57,1,620,6110.000000000002,4196.293157213089,0.1374339945768517,1.970141240975987,0.18595854625957522,0.6867910240937951
57,5,700,6910.000000000002,4196.293157213089,0.15812758669901528,3.1783316101352668,0.3052070938190786,0.6072783150814889
57,4,700,6910.000000000002,4196.293157213089,0.1584130155558727,2.664754794823672,0.2563515142165663,0.6072783150814889
58,1,31,223.43368382029254,4033.779518740834,0.1374339945768517,2.0108283368498396,4.989220257012428,18.05358730953565
58,2,700,6910.000000000002,4033.779518740834,0.156272299129442,2.0216684792967836,0.18442765775657183,0.5837596988047515
58,0,465,4560.000000000002,4033.779518740834,0.13757670900528043,2.2790427557042365,0.27736055844668545,0.8846007716536913
58,5,700,6910.000000000002,4033.779518740834,0.15812758669901528,2.951944984549258,0.2724896501635633,0.5837596988047515
58,3,70,610.0563920873398,4033.779518740834,0.15612958470101326,0.8622316995983181,0.8901257496921577,6.612142043031542
58,4,700,6910.000000000002,4033.779518740834,0.1584130155558727,3.168644322429932,0.29302080909975775,0.5837596988047515
58,6,22,138.8629381196525,4033.779518740834,0.09604681033252462,0.7935941826577835,2.214150966614412,29.04864014374441
59,2,245,2360.000000000555,4536.286663672057,0.156272299129442,3.320870898715144,0.9975219994731656,1.9221553659622843
59,0,620,6110.000000000002,4536.286663672057,0.13757670900528043,2.243716602595342,0.22917761686903146,0.7424364424995181
59,5,700,6910.000000000002,4536.286663672057,0.15812758669901528,4.122149999680037,0.42791142098914914,0.6564814274489228
59,6,440,4310.000000000002,4536.286663672057,0.09604681033252462,0.04040299511746492,0.004084319697958412,1.052502706188412
59,3,665,6560.000000000001,4536.286663672057,0.15612958470101326,3.2927453350229907,0.35550032294895195,0.6915071133646428
59,4,35,262.252839954494,4536.286663672057,0.1584130155558727,3.057716930902077,8.37854160790986,17.297378607832012
59,1,558,5490.000000000002,4536.286663672057,0.1374339945768517,2.0761528345057685,0.23576625070380197,0.8262817238018316
60,1,620,6110.000000000002,4671.649784321905,0.1374339945768517,4.608699791189797,0.48428571251643177,0.7645907993980202
60,2,140,1310.0000353340838,4671.649784321905,0.156272299129442,3.077542352332922,1.7150824800288604,3.5661447773400354
60,0,341,3320.0000000000014,4671.649784321905,0.13757670900528043,3.451758599608139,0.668217009065142,1.4071234290126213
60,6,198,1890.0000000783903,4671.649784321905,0.09604681033252462,0.9418570136607413,0.2236023670275797,2.4717723725545726
60,4,525,5160.000000000001,4671.649784321905,0.1584130155558727,3.2804140795575294,0.47047884997751777,0.9053584853337023
60,5,700,6910.000000000002,4671.649784321905,0.15812758669901528,3.136629772989027,0.33532283860753453,0.6760708805096821
60,3,700,6910.000000000002,4671.649784321905,0.15612958470101326,3.258720599352407,0.34397316380812154,0.6760708805096821
61,4,700,6910.000000000002,4967.311939111539,0.1584130155558727,2.4153852095778214,0.27505570067495383,0.7188584571796726
61,6,22,138.8629381196525,4967.311939111539,0.09604681033252462,0.4065821608945784,1.3969033224139433,35.77132967495913
61,3,420,4110.000000000002,4967.311939111539,0.15612958470101326,3.267486869576679,0.616564715532067,1.208591712679206
61,2,700,6910.000000000002,4967.311939111539,0.156272299129442,2.652479411334891,0.29797334048518415,0.7188584571796726
61,5,595,5860.000000000002,4967.311939111539,0.15812758669901528,3.2483653491012054,0.43540792535486916,0.847664153432003
61,0,279,2700.0000000000164,4967.311939111539,0.13757670900528043,3.1270377820036246,0.7914722902858939,1.839745162633892
61,1,620,6110.000000000002,4967.311939111539,0.1374339945768517,2.002563115440091,0.22374874394439817,0.8129806774323302
62,5,105,960.0014115816389,3587.898986948968,0.15812758669901528,2.2884860637305184,1.3524594438599469,3.7373892826238326
62,4,280,2710.0000000000146,3587.898986948968,0.1584130155558727,2.988049482180648,0.6266853798903731,1.3239479656638187
62,6,440,4310.000000000002,3587.898986948968,0.09604681033252462,0.08318099306959112,0.006650740228175074,0.8324591617050966
62,3,420,4110.000000000002,3587.898986948968,0.15612958470101326,2.5302302198082343,0.3448606389780883,0.8729681233452473
62,2,700,6910.000000000002,3587.898986948968,0.156272299129442,2.7526131995073637,0.22335174501790192,0.5192328490519489
62,1,31,223.43368382029254,3587.898986948968,0.1374339945768517,1.862854520445118,4.111162764449447,16.05800399296424
62,0,620,6110.000000000002,3587.898986948968,0.13757670900528043,2.5137625270434407,0.2030804707879891,0.5872175101389471
63,4,560,5510.000000000002,5558.95104895105,0.1584130155558727,2.061903461213715,0.32953415921621165,1.0088840379221504
63,2,490,4810.000000000001,5558.95104895105,0.156272299129442,2.6292054143817833,0.4748476499687721,1.155707078784002
63,6,440,4310.000000000002,5558.95104895105,0.09604681033252462,0.7006380693878964,0.08679451035542941,1.2897798257427024
63,5,525,5160.000000000001,5558.95104895105,0.15812758669901528,3.2254457768978066,0.5494656358254548,1.0773160947579552
63,3,665,6560.000000000001,5558.95104895105,0.15612958470101326,2.3110785862706007,0.30576581450137075,0.847401074535221
63,0,620,6110.000000000002,5558.95104895105,0.13757670900528043,1.5630959676029594,0.19565105705245867,0.9098119556384695
63,1,620,6110.000000000002,5558.95104895105,0.1374339945768517,1.3770821229216248,0.17218909740186739,0.9098119556384695
64,2,280,2710.0000000000146,5306.414641351243,0.156272299129442,1.984874594689934,0.6073610908599598,1.9580865835244332
64,4,700,6910.000000000002,5306.414641351243,0.1584130155558727,2.014271239819738,0.24503715888167477,0.767932654320006
64,6,44,350.8727963568088,5306.414641351243,0.09604681033252462,0.5439892760597195,0.7901777008610341,15.123471230739288
64,0,620,6110.000000000002,5306.414641351243,0.13757670900528043,1.716837076111148,0.20513226355550412,0.8684803013668152
64,3,665,6560.000000000001,5306.414641351243,0.15612958470101326,1.90820874449133,0.24099522040791202,0.8089046709376894
64,1,589,5800.000000000002,5306.414641351243,0.1374339945768517,2.153555752042131,0.2707842985088619,0.9148990760950415
64,5,700,6910.000000000002,5306.414641351243,0.15812758669901528,2.7180219872975333,0.33005304493217213,0.767932654320006
65,3,245,2360.000000000555,4087.45134352588,0.15612958470101326,1.8153229859802194,0.4908849352527804,1.7319709082732708
65,1,620,6110.000000000002,4087.45134352588,0.1374339945768517,1.953243774402174,0.1795816692306271,0.6689773066327134
65,0,279,2700.0000000000164,4087.45134352588,0.13757670900528043,2.168928773518153,0.4517301090165298,1.513870867972539
65,6,198,1890.0000000783903,4087.45134352588,0.09604681033252462,0.1757460525093746,0.03650558542409966,2.1626726684425117
65,5,105,960.0014115816389,4087.45134352588,0.15812758669901528,2.018970722723889,1.3593096136496112,4.257755555579495
65,4,700,6910.000000000002,4087.45134352588,0.1584130155558727,2.2327116522118833,0.20921751949143838,0.5915269672251634
65,2,700,6910.000000000002,4087.45134352588,0.156272299129442,2.1124369502104305,0.19527214895968642,0.5915269672251634
66,5,700,6910.000000000002,5255.648637077212,0.15812758669901528,3.2572507369136248,0.3917482901397826,0.7605859098519842
66,0,279,2700.0000000000164,5255.648637077212,0.13757670900528043,1.5852706951493973,0.4245324643980016,1.9465365322508075
66,2,490,4810.000000000001,5255.648637077212,0.156272299129442,2.2648852907599926,0.3867314216586289,1.0926504442987963
66,4,490,4810.000000000001,5255.648637077212,0.1584130155558727,1.9059091695410404,0.32989391693881925,1.0926504442987963
66,3,665,6560.000000000001,5255.648637077212,0.15612958470101326,3.2547156460863147,0.4071184082310022,0.8011659507739651
66,1,620,6110.000000000002,5255.648637077212,0.1374339945768517,2.5485696829439006,0.30128381017570166,0.8601716263628822
66,6,440,4310.000000000002,5255.648637077212,0.09604681033252462,0.3494957745854164,0.04093303333021075,1.2194080364448283
67,3,700,6910.000000000002,5078.428714146461,0.15612958470101326,1.74337949578161,0.2000453457889736,0.7349390324379826
67,4,560,5510.000000000002,5078.428714146461,0.1584130155558727,1.7024420359590284,0.24856556139578753,0.9216749027489037
67,5,490,4810.000000000001,5078.428714146461,0.15812758669901528,2.158817943748174,0.3604192232428409,1.0558063854774344
67,2,210,2010.0000000221403,5078.428714146461,0.156272299129442,2.37053022495565,0.9359675714780947,2.5265814497962795
67,6,396,3870.0000000000014,5078.428714146461,0.09604681033252462,0.37071624283254706,0.046724316523125226,1.3122554816915915
67,1,620,6110.000000000002,5078.428714146461,0.1374339945768517,2.0790015920739093,0.23748552384749697,0.8311667289928739
67,0,620,6110.000000000002,5078.428714146461,0.13757670900528043,2.4080496820978214,0.27535851427583835,0.8311667289928739
68,5,630,6210.000000000002,5537.997716607331,0.15812758669901528,1.7982227192516633,0.2535784222905961,0.8917870719174444
68,6,440,4310.000000000002,5537.997716607331,0.09604681033252462,0.3766384438695916,0.046481816915525775,1.2849182637139975
68,0,186,1770.0000002775555,5537.997716607331,0.13757670900528043,1.5343445053606448,0.6604611930985419,3.1288122687790465
68,2,700,6910.000000000002,5537.997716607331,0.156272299129442,2.0857027677432143,0.2612216354244359,0.8014468475553299
68,4,700,6910.000000000002,5537.997716607331,0.1584130155558727,1.7359727416798691,0.22039842560297684,0.8014468475553299
68,3,630,6210.000000000002,5537.997716607331,0.15612958470101326,2.552623905967877,0.35541291803877,0.8917870719174444
68,1,558,5490.000000000002,5537.997716607331,0.1374339945768517,1.421232479757528,0.19703334098224812,1.0087427534803879
69,5,210,2010.0000000221403,4206.873132474007,0.15812758669901528,1.916173845789879,0.6341703142597812,2.092971707675457
69,4,140,1310.0000353340838,4206.873132474007,0.1584130155558727,2.022750632322102,1.0290140738008373,3.211353449621203
69,1,403,3940.000000000001,4206.873132474007,0.1374339945768517,1.9404284939052752,0.2847442784237775,1.067734297582235
69,0,620,6110.000000000002,4206.873132474007,0.13757670900528043,2.8008065044416215,0.2653054842752131,0.6885226076062203
69,2,700,6910.000000000002,4206.873132474007,0.156272299129442,2.4418697199942123,0.23231960409364869,0.6088094258283656
69,6,440,4310.000000000002,4206.873132474007,0.09604681033252462,0.41877224814835784,0.039259339173587295,0.976072652546173
69,3,525,5160.000000000001,4206.873132474007,0.15612958470101326,1.7032820963301532,0.21681109330189202,0.8152854907895362
70,1,465,4560.000000000002,5297.02012273441,0.1374339945768517,1.8452761217939486,0.29459292441347906,1.1616272198978963
70,2,700,6910.000000000002,5297.02012273441,0.156272299129442,2.2859116713132632,0.27383882467140214,0.7665731002509998
70,6,330,3210.000000000001,5297.02012273441,0.09604681033252462,0.40474350137530357,0.06414893069572791,1.6501620320044885
70,5,455,4460.000000000002,5297.02012273441,0.15812758669901528,1.4777860072706417,0.27753384786608587,1.1876726732588359
70,0,620,6110.000000000002,5297.02012273441,0.13757670900528043,1.8020068453501703,0.21492739027081179,0.866942736945075
70,4,700,6910.000000000002,5297.02012273441,0.1584130155558727,1.6523733912663325,0.20065622129013452,0.7665731002509998
70,3,420,4110.000000000002,5297.02012273441,0.15612958470101326,2.697280471377704,0.5427516013114307,1.2888126819305128
71,0,310,3010.0000000000014,4003.4070846695013,0.13757670900528043,2.1597343849367054,0.3951923389332155,1.3300355763021592
71,5,700,6910.000000000002,4003.4070846695013,0.15812758669901528,2.301504496911649,0.21084882090072363,0.5793642669565123
71,6,396,3870.0000000000014,4003.4070846695013,0.09604681033252462,0.4371234651353941,0.0434316026629136,1.0344721149016796
71,2,70,610.0563920873398,4003.4070846695013,0.156272299129442,1.692021233831195,1.7351921808235409,6.56235577004879
71,1,620,6110.000000000002,4003.4070846695013,0.1374339945768517,2.288733564056984,0.20609998080366534,0.6552221087838789
71,3,70,610.0563920873398,4003.4070846695013,0.15612958470101326,1.7393354248773985,1.7820846040352418,6.56235577004879
71,4,700,6910.000000000002,4003.4070846695013,0.1584130155558727,1.6643489087327414,0.15275201325378562,0.5793642669565123
72,2,700,6910.000000000002,4516.857651898906,0.156272299129442,2.479324076226934,0.25326411335492865,0.6536697036033147
72,3,350,3410.000000000001,4516.857651898906,0.15612958470101326,2.752198399196326,0.5691765088056268,1.3245916867738723
72,4,105,960.0014115816389,4516.857651898906,0.1584130155558727,2.409126373803054,1.795622239968193,4.705053135762801
72,1,465,4560.000000000002,4516.857651898906,0.1374339945768517,2.1490309077527048,0.29255558451434527,0.9905389587497596
72,0,620,6110.000000000002,4516.857651898906,0.13757670900528043,2.130225251617823,0.21665346474495473,0.739256571505549
72,6,440,4310.000000000002,4516.857651898906,0.09604681033252462,0.6322884589172374,0.06364398070219324,1.0479948148257316
72,5,560,5510.000000000002,4516.857651898906,0.15812758669901528,2.3965352626762875,0.31065351481045667,0.8197563796549735
73,2,700,6910.000000000002,5423.3908948194685,0.156272299129442,2.19540013964276,0.26927035905932406,0.7848612004080271
73,3,420,4110.000000000002,5423.3908948194685,0.15612958470101326,1.8770295442912257,0.38670999643939247,1.3195598284232277
73,5,700,6910.000000000002,5423.3908948194685,0.15812758669901528,2.8047457611407096,0.34809196894826194,0.7848612004080271
73,6,440,4310.000000000002,5423.3908948194685,0.09604681033252462,0.5578489683106642,0.06742069396887465,1.258327353786419
73,4,630,6210.000000000002,5423.3908948194685,0.1584130155558727,1.562575329142446,0.2161778194641831,0.8733318671206871
73,1,403,3940.000000000001,5423.3908948194685,0.1374339945768517,2.4721538476524847,0.46767520989660066,1.3764951509694079
73,0,496,4870.000000000001,5423.3908948194685,0.13757670900528043,1.6768646619859746,0.2569122871329763,1.1136326272729913
74,4,700,6910.000000000002,4646.450692203125,0.1584130155558727,1.8744098538164173,0.1996635117753611,0.6724241233289615
74,0,620,6110.000000000002,4646.450692203125,0.13757670900528043,1.9073094648509399,0.19954745944742514,0.7604665617353721
74,3,700,6910.000000000002,4646.450692203125,0.15612958470101326,1.5298638309108084,0.16061321189842986,0.6724241233289615
74,2,315,3060.0000000000014,4646.450692203125,0.156272299129442,1.6348586610225455,0.3879378195144218,1.5184479386284715
74,5,350,3410.000000000001,4646.450692203125,0.15812758669901528,1.7380354699997638,0.3744839698558925,1.362595510910007
74,6,396,3870.0000000000014,4646.450692203125,0.09604681033252462,0.44486624268639613,0.051300638019543,1.2006332537992568
74,1,186,1770.0000002775555,4646.450692203125,0.1374339945768517,1.892926043060322,0.6829295146649392,2.6251133850138477
75,0,279,2700.0000000000164,4294.843425618008,0.13757670900528043,2.9702391151493743,0.6500097947824136,1.5906827502288823
75,5,420,4110.000000000002,4294.843425618008,0.15812758669901528,1.5232480077732917,0.2517003245097655,1.0449740694934322
75,1,620,6110.000000000002,4294.843425618008,0.1374339945768517,1.962522641147741,0.18958980105305842,0.7029203642582662
75,4,700,6910.000000000002,4294.843425618008,0.1584130155558727,2.6590580947428992,0.26181105179630376,0.6215402931429822
75,6,66,570.0859504455718,4294.843425618008,0.09604681033252462,0.45346549784182705,0.3281211261328358,7.533677022317799
75,2,700,6910.000000000002,4294.843425618008,0.156272299129442,1.9833381380317217,0.1926407023899975,0.6215402931429822
75,3,140,1310.0000353340838,4294.843425618008,0.15612958470101326,2.2282200579747493,1.1405630872417687,3.278506343339687
76,0,527,5180.000000000002,4374.170491560885,0.13757670900528043,1.9976920189145637,0.23208089877771737,0.8444344578302865
76,3,665,6560.000000000001,4374.170491560885,0.15612958470101326,1.5395224225414224,0.1602740052987965,0.6667942822501348
76,6,440,4310.000000000002,4374.170491560885,0.09604681033252462,0.9610543504743556,0.0936805284793018,1.0148887451417363
76,1,620,6110.000000000002,4374.170491560885,0.1374339945768517,2.1647799101224625,0.2129915699602941,0.7159035174404066
76,2,700,6910.000000000002,4374.170491560885,0.156272299129442,1.571533843780945,0.15546169517316813,0.6330203316296503
76,4,70,610.0563920873398,4374.170491560885,0.1584130155558727,1.6488230168193112,1.872796664405167,7.170108449473716
76,5,140,1310.0000353340838,4374.170491560885,0.15812758669901528,1.8834001839318997,0.9944309911517611,3.3390613538764975
77,6,154,1450.0000080833054,4708.602832109353,0.09604681033252462,0.37308189540639475,0.11636199970090612,3.2473122799036798
77,5,140,1310.0000353340838,4708.602832109353,0.15812758669901528,1.5208123716294741,0.86437865097726,3.594353210004714
77,4,700,6910.000000000002,4708.602832109353,0.1584130155558727,1.4263111164590512,0.15396398400638506,0.681418644299472
77,2,700,6910.000000000002,4708.602832109353,0.156272299129442,2.221208920157661,0.23652955934526929,0.681418644299472
77,0,620,6110.000000000002,4708.602832109353,0.13757670900528043,2.167227715679307,0.2297736968600261,0.7706387613926925
77,1,403,3940.000000000001,4708.602832109353,0.1374339945768517,2.665958353178094,0.43786816182851734,1.1950768609414597
77,3,525,5160.000000000001,4708.602832109353,0.15612958470101326,2.053850398641467,0.29261485439606666,0.9125199287033627
78,4,350,3410.000000000001,4633.439417725135,0.1584130155558727,2.1230769071168902,0.456988948772638,1.3587798878959336
78,5,700,6910.000000000002,4633.439417725135,0.15812758669901528,2.4388352779289226,0.2585922786162506,0.6705411603075447
78,1,310,3010.0000000000014,4633.439417725135,0.1374339945768517,1.8998997480354225,0.4019405738129577,1.5393486437625026
78,2,700,6910.000000000002,4633.439417725135,0.156272299129442,2.108964395094522,0.22099207059008247,0.6705411603075447
78,0,496,4870.000000000001,4633.439417725135,0.13757670900528043,1.9021864788084295,0.24898462762191934,0.9514249317710748
78,6,440,4310.000000000002,4633.439417725135,0.09604681033252462,0.38516776670999797,0.03977032142715355,1.0750439484281051
78,3,280,2710.0000000000146,4633.439417725135,0.15612958470101326,1.953946321633956,0.52159333265653,1.7097562427029926
79,1,620,6110.000000000002,4512.198025810708,0.1374339945768517,1.468491451831467,0.14904332593682937,0.738493948577857
79,6,440,4310.000000000002,4512.198025810708,0.09604681033252462,0.3728234691946524,0.037488414319785425,1.0469136950836904
79,5,630,6210.000000000002,4512.198025810708,0.15812758669901528,2.240068732321988,0.25737451305361836,0.7266019365234632
79,3,490,4810.000000000001,4512.198025810708,0.15612958470101326,1.9261418709744391,0.28210874664748886,0.9380869076529537
79,0,620,6110.000000000002,4512.198025810708,0.13757670900528043,1.6766419689185548,0.17034609816623486,0.738493948577857
79,2,350,3410.000000000001,4512.198025810708,0.156272299129442,1.75222207287189,0.36233052288741685,1.3232252275104712
79,4,105,960.0014115816389,4512.198025810708,0.1584130155558727,1.4699938135863304,1.0945173439651255,4.700199365724567
80,5,700,6910.000000000002,4996.901695965244,0.15812758669901528,1.475698396006833,0.16874387051971437,0.7231406217026399
80,2,420,4110.000000000002,4996.901695965244,0.156272299129442,1.99723167336287,0.3794629950435159,1.2157911669015187
80,6,440,4310.000000000002,4996.901695965244,0.09604681033252462,0.5227982599992582,0.05821576592454791,1.1593739433794064
80,0,465,4560.000000000002,4996.901695965244,0.13757670900528043,2.18443294047325,0.3293211295294333,1.095811775430974
80,1,124,1150.0001906837483,4996.901695965244,0.1374339945768517,2.5678837272616013,1.533459880304868,4.345131189060297
80,3,700,6910.000000000002,4996.901695965244,0.15612958470101326,1.943298685146217,0.21940550477345946,0.7231406217026399
80,4,630,6210.000000000002,4996.901695965244,0.1584130155558727,1.8446176038997026,0.2351291185235395,0.804654057321295
81,0,310,3010.0000000000014,4460.665057123756,0.13757670900528043,1.387123291001921,0.28280891713447265,1.48194852396138
81,1,620,6110.000000000002,4460.665057123756,0.1374339945768517,1.0347289170022524,0.10381955421458965,0.7300597474834296
81,5,700,6910.000000000002,4460.665057123756,0.15812758669901528,1.5561196788565463,0.15884450825596283,0.6455376348948993
81,2,385,3760.0000000000014,4460.665057123756,0.156272299129442,1.6188494544476557,0.30012366006513885,1.186347089660573
81,6,132,1230.0000820831015,4460.665057123756,0.09604681033252462,0.43158788368965617,0.15033034851945348,3.626556714995718
81,3,210,2010.0000000221403,4460.665057123756,0.15612958470101326,2.2735723185359147,0.7877665467476135,2.219236346803294
81,4,700,6910.000000000002,4460.665057123756,0.1584130155558727,1.5902866632898198,0.16262520043981202,0.6455376348948993
82,4,700,6910.000000000002,3984.5041529353966,0.1584130155558727,1.6808663724688688,0.15353955815140294,0.5766286762569314
82,2,245,2360.000000000555,3984.5041529353966,0.156272299129442,1.9871231390387156,0.5242869683513613,1.6883492173451102
82,5,350,3410.000000000001,3984.5041529353966,0.15812758669901528,1.8757801496053843,0.34658477701916207,1.1684762911834004
82,0,620,6110.000000000002,3984.5041529353966,0.13757670900528043,2.5695486305889355,0.23053391805575843,0.6521283392692955
82,6,110,1010.0008335248422,3984.5041529353966,0.09604681033252462,0.368337698978297,0.1395666547425525,3.945050361027641
82,1,620,6110.000000000002,3984.5041529353966,0.1374339945768517,2.792394620497039,0.2502672582832348,0.6521283392692955
82,3,140,1310.0000353340838,3984.5041529353966,0.15612958470101326,2.080570482302388,0.9880310970320504,3.041606141574832
83,0,620,6110.000000000002,3962.7474732770197,0.13757670900528043,1.5265850369226805,0.1362137988709157,0.6485675079013123
83,2,560,5510.000000000002,3962.7474732770197,0.156272299129442,1.8703983144734089,0.21021364513624047,0.7191919189250487
83,6,440,4310.000000000002,3962.7474732770197,0.09604681033252462,0.4421174721649916,0.03904269180654106,0.9194309682777304
83,1,620,6110.000000000002,3962.7474732770197,0.1374339945768517,1.5967595515778554,0.14232751928790371,0.6485675079013123
83,5,385,3760.0000000000014,3962.7474732770197,0.15812758669901528,1.7214695452162367,0.28689008531046883,1.0539222003396325
83,3,105,960.0014115816389,3962.7474732770197,0.15612958470101326,1.758308667512308,1.133195516478819,4.127855881741093
83,4,175,1660.0000008844675,3962.7474732770197,0.1584130155558727,1.7560245393086131,0.6640637160360706,2.387197271786519
84,1,217,2080.00000001059,4967.857882664383,0.1374339945768517,1.7211967774889194,0.5649766800790103,2.3883932128072547
84,5,700,6910.000000000002,4967.857882664383,0.15812758669901528,1.8380343735172746,0.2089548172440162,0.7189374649297224
84,3,700,6910.000000000002,4967.857882664383,0.15612958470101326,2.308265293296821,0.25909679574608224,0.7189374649297224
84,0,124,1150.0001906837483,4967.857882664383,0.13757670900528043,2.9138105551764526,1.731719229698635,4.319875703421124
84,6,308,2990.000000000002,4967.857882664383,0.09604681033252462,0.4317839743212659,0.06890447707839972,1.6614909306569834
84,4,700,6910.000000000002,4967.857882664383,0.1584130155558727,2.5808164310230977,0.29392673623937193,0.7189374649297224
84,2,630,6210.000000000002,4967.857882664383,0.156272299129442,1.8615770335113488,0.2327236808148691,0.79997711476077
85,2,420,4110.000000000002,4101.182552689283,0.156272299129442,1.661380322498965,0.2590707266753191,0.9978546356908226
85,6,440,4310.000000000002,4101.182552689283,0.09604681033252462,0.5837281640331184,0.05334889464934599,0.9515504762620142
85,5,35,262.252839954494,4101.182552689283,0.15812758669901528,1.7711248198039486,4.379713613840596,15.638276990254589
85,4,700,6910.000000000002,4101.182552689283,0.1584130155558727,1.5448462620924013,0.14524700347647962,0.5935141176106051
85,3,210,2010.0000000221403,4101.182552689283,0.15612958470101326,1.9159644765627566,0.6103594891636435,2.0403893296736855
85,1,620,6110.000000000002,4101.182552689283,0.1374339945768517,2.167859868885703,0.199983086245627,0.6712246403746778
85,0,558,5490.000000000002,4101.182552689283,0.13757670900528043,2.314406826867204,0.23785997821690463,0.7470277873750968
86,0,620,6110.000000000002,4263.586419103112,0.13757670900528043,2.362006035607977,0.22675651793771978,0.6978046512443717
86,3,140,1310.0000353340838,4263.586419103112,0.15612958470101326,2.2733092033759497,1.155174191462726,3.254646033666547
86,5,385,3760.0000000000014,4263.586419103112,0.15812758669901528,0.8790295330304477,0.1576152860799245,1.133932558272104
86,4,700,6910.000000000002,4263.586419103112,0.1584130155558727,2.2140157867507684,0.21640565100556294,0.6170168479165139
86,2,280,2710.0000000000146,4263.586419103112,0.156272299129442,2.5937556711315084,0.637700627892359,1.5732791214402544
86,1,620,6110.000000000002,4263.586419103112,0.1374339945768517,2.9010032137612995,0.2782122441860307,0.6978046512443717
86,6,286,2770.000000000008,4263.586419103112,0.09604681033252462,0.9010071705102103,0.13320069629840714,1.5392008733224187
87,0,620,6110.000000000002,5476.196661258754,0.13757670900528043,2.04607898061063,0.2522929623691516,0.8962678659997958
87,2,665,6560.000000000001,5476.196661258754,0.156272299129442,2.5403606545388606,0.33140005498819114,0.8347860764113954
87,4,700,6910.000000000002,5476.196661258754,0.1584130155558727,1.6759620432968794,0.21040498674258615,0.7925031347697181
87,1,279,2700.0000000000164,5476.196661258754,0.1374339945768517,2.2036396382878674,0.6142568627513463,2.028220985651378
87,3,700,6910.000000000002,5476.196661258754,0.15612958470101326,1.1345193687387662,0.1403776952852266,0.7925031347697181
87,5,595,5860.000000000002,5476.196661258754,0.15812758669901528,1.46879514727149,0.21704525309818898,0.9345045497028588
87,6,154,1450.0000080833054,5476.196661258754,0.09604681033252462,0.5817693404974713,0.21103029605313808,3.7766873315383704
88,1,620,6110.000000000002,4870.300819844424,0.1374339945768517,1.8065439669196142,0.19790523477775834,0.7971032438370577
88,4,700,6910.000000000002,4870.300819844424,0.1584130155558727,2.079731527980513,0.2322073040462858,0.7048192213957196
88,3,700,6910.000000000002,4870.300819844424,0.15612958470101326,1.3114878350550316,0.14432022937664468,0.7048192213957196
88,6,66,570.0859504455718,4870.300819844424,0.09604681033252462,0.3646503194749225,0.2992092349980496,8.54309918712759
88,0,341,3320.0000000000014,4870.300819844424,0.13757670900528043,1.4807415489093712,0.2988421705473654,1.4669580782663922
88,2,525,5160.000000000001,4870.300819844424,0.156272299129442,2.0043103909688633,0.29563310503705587,0.9438567480318649
88,5,350,3410.000000000001,4870.300819844424,0.15812758669901528,2.395989155543117,0.5411203897496147,1.4282407096317955
89,5,700,6910.000000000002,4119.348108627876,0.15812758669901528,1.3718604548972466,0.12932069405397256,0.5961429969070731
89,2,700,6910.000000000002,4119.348108627876,0.156272299129442,1.773682709639238,0.1652374105986613,0.5961429969070731
89,0,558,5490.000000000002,4119.348108627876,0.13757670900528043,1.7397697974960646,0.179594425805052,0.7503366318083561
89,1,620,6110.000000000002,4119.348108627876,0.1374339945768517,1.4634492463471611,0.1355998217416809,0.6741977264530074
89,4,35,262.252839954494,4119.348108627876,0.1584130155558727,1.32374977048051,3.2938593692486857,15.707544327614007
89,6,176,1670.0000007960207,4119.348108627876,0.09604681033252462,0.2096867497590537,0.04967821208793367,2.4666755129726656
89,3,105,960.0014115816389,4119.348108627876,0.15612958470101326,1.4907117683766724,0.9987010506759327,4.290981303705682
90,5,700,6910.000000000002,4443.80851818819,0.15812758669901528,2.332761869089389,0.2372222061122368,0.643098193659651
90,1,403,3940.000000000001,4443.80851818819,0.1374339945768517,2.260491688975081,0.3503936277833447,1.1278701822812662
90,2,700,6910.000000000002,4443.80851818819,0.156272299129442,2.63145010778535,0.26445661311108415,0.643098193659651
90,3,175,1660.0000008844675,4443.80851818819,0.15612958470101326,2.1609826225618303,0.9031995819038344,2.676993081819564
90,0,62,530.1310020508638,4443.80851818819,0.13757670900528043,2.065832880798271,2.382386594093522,8.382472447370331
90,6,440,4310.000000000002,4443.80851818819,0.09604681033252462,0.8305892827851755,0.08225216474810501,1.031046059904452
90,4,630,6210.000000000002,4443.80851818819,0.1584130155558727,0.6595346966512681,0.07476395130868028,0.7155891333636374
91,1,279,2700.0000000000164,4924.160131186079,0.1374339945768517,1.9075509010692582,0.478121979064792,1.8237630115503884
91,0,620,6110.000000000002,4924.160131186079,0.13757670900528043,1.8931853582942917,0.2099080096713362,0.8059181884101599
91,6,330,3210.000000000001,4924.160131186079,0.09604681033252462,0.532370164824194,0.07843750855572343,1.5340062713975318
91,2,665,6560.000000000001,4924.160131186079,0.156272299129442,2.495525992835486,0.2927335015220769,0.7506341663393411
91,4,140,1310.0000353340838,4924.160131186079,0.1584130155558727,1.984503560156119,1.181690118253686,3.7589007621135604
91,5,700,6910.000000000002,4924.160131186079,0.15812758669901528,1.9701810169598886,0.2220076262572727,0.7126136224581877
91,3,700,6910.000000000002,4924.160131186079,0.15612958470101326,1.645884266885633,0.18312119697903623,0.7126136224581877
92,1,217,2080.00000001059,4579.469107925081,0.1374339945768517,1.1858058899721338,0.3588058965605011,2.201667840337387
92,3,595,5860.000000000002,4579.469107925081,0.15612958470101326,1.768675729524307,0.21579975063042753,0.7814793699530852
92,2,700,6910.000000000002,4579.469107925081,0.156272299129442,1.759943692389349,0.18227111960250134,0.6627306957923415
92,0,434,4250.000000000002,4579.469107925081,0.13757670900528043,1.432996114678033,0.21243013884074602,1.077522143041195
92,4,140,1310.0000353340838,4579.469107925081,0.1584130155558727,1.55271731876646,0.859858689963449,3.495777850690819
92,6,440,4310.000000000002,4579.469107925081,0.09604681033252462,0.3520158403416675,0.03592386180111414,1.062521834785401
92,5,700,6910.000000000002,4579.469107925081,0.15812758669901528,1.5061364940694362,0.15783708840210445,0.6627306957923415
93,3,700,6910.000000000002,4522.144384673964,0.15612958470101326,1.6656990270723162,0.1701955159375287,0.6544347879412392
93,5,700,6910.000000000002,4522.144384673964,0.15812758669901528,1.4580808377892274,0.15088831980288187,0.6544347879412392
93,4,210,2010.0000000221403,4522.144384673964,0.1584130155558727,1.2817348875150865,0.4568119264395925,2.2498230769274388
93,2,595,5860.000000000002,4522.144384673964,0.156272299129442,1.7929969581462792,0.2162262233863277,0.7716969939716659
93,1,620,6110.000000000002,4522.144384673964,0.1374339945768517,1.8645326383170076,0.18965634379161964,0.7401218305522034
93,6,88,790.008464149783,4522.144384673964,0.09604681033252462,0.3275315163070261,0.18007305090346984,5.724172068891379
93,0,155,1460.0000072749747,4522.144384673964,0.13757670900528043,1.1172663816238169,0.47609455450590904,3.097359152151202
94,0,403,3940.000000000001,5295.511631225991,0.13757670900528043,2.1375335165764167,0.39524788444317965,1.3440384850827385
94,3,490,4810.000000000001,5295.511631225991,0.15612958470101326,1.881544609752264,0.3234167986448171,1.1009379690698524
94,2,490,4810.000000000001,5295.511631225991,0.156272299129442,2.5567706789683537,0.4398824434073697,1.1009379690698524
94,4,700,6910.000000000002,5295.511631225991,0.1584130155558727,1.2569077061118796,0.15258931700041267,0.766354794678146
94,5,700,6910.000000000002,5295.511631225991,0.15812758669901528,1.9815381623956596,0.24012642913105714,0.766354794678146
94,1,620,6110.000000000002,5295.511631225991,0.1374339945768517,1.8190169855593148,0.21666942963660582,0.8666958479911603
94,6,242,2330.000000000761,5295.511631225991,0.09604681033252462,0.27783492826318973,0.06064874165575978,2.2727517730576228
95,3,385,3760.0000000000014,5621.087483944629,0.15612958470101326,1.7133360580393102,0.39990815368406496,1.494970075517188
95,6,374,3650.000000000001,5621.087483944629,0.09604681033252462,0.3193964743682984,0.04724333466847088,1.5400239682040076
95,5,560,5510.000000000002,5621.087483944629,0.15812758669901528,2.093309175650658,0.33768344178668636,1.0201610678665385
95,2,700,6910.000000000002,5621.087483944629,0.156272299129442,1.8898399419326788,0.2402422144830729,0.8134714159109446
95,1,589,5800.000000000002,5621.087483944629,0.1374339945768517,3.8564399622245724,0.513656863020905,0.9691530144732116
95,4,700,6910.000000000002,5621.087483944629,0.1584130155558727,1.5923361484139822,0.2051955380040984,0.8134714159109446
95,0,620,6110.000000000002,5621.087483944629,0.13757670900528043,1.505897781885638,0.19059852888749015,0.9199815849336542
96,4,245,2360.000000000555,4638.718424436256,0.1584130155558727,1.4338895809273993,0.44647030448942315,1.9655586544216803
96,1,620,6110.000000000002,4638.718424436256,0.1374339945768517,1.1752816611544261,0.12262892753179992,0.7592010514625621
96,3,210,2010.0000000221403,4638.718424436256,0.15612958470101326,1.6246914630844456,0.5854071961289388,2.307820111634408
96,0,620,6110.000000000002,4638.718424436256,0.13757670900528043,1.9469952961687755,0.20336050870649539,0.7592010514625621
96,6,396,3870.0000000000014,4638.718424436256,0.09604681033252462,0.3412746244085091,0.039289272766673676,1.1986352517923138
96,2,525,5160.000000000001,4638.718424436256,0.156272299129442,2.171114245538029,0.3050092343787147,0.8989764388442355
96,5,700,6910.000000000002,4638.718424436256,0.15812758669901528,1.8935795405665448,0.20100698953065585,0.6713051265464913
97,1,620,6110.000000000002,3404.139862185121,0.1374339945768517,2.839487014423441,0.21742037549543006,0.5571423669697414
97,5,105,960.0014115816389,3404.139862185121,0.15812758669901528,1.7192828116050294,0.9640298639965735,3.5459738091183333
97,0,620,6110.000000000002,3404.139862185121,0.13757670900528043,2.5304496931636438,0.19395849653365985,0.5571423669697414
97,6,22,138.8629381196525,3404.139862185121,0.09604681033252462,0.30001897606084654,0.706403295123649,24.514387411649846
97,3,70,610.0563920873398,3404.139862185121,0.15612958470101326,1.786820503981444,1.5566950524147312,5.5800412983751855
97,4,700,6910.000000000002,3404.139862185121,0.1584130155558727,1.7279308897300272,0.13484864209849268,0.49263963273301303
97,2,245,2360.000000000555,3404.139862185121,0.156272299129442,1.7450253688943387,0.39334998588335685,1.4424321449933561
98,2,595,5860.000000000002,4848.469552586705,0.156272299129442,2.048070252457345,0.2648097113845396,0.8273838826939767
98,5,700,6910.000000000002,4848.469552586705,0.15812758669901528,1.7678734386116448,0.19614870220224953,0.7016598484206517
98,3,385,3760.0000000000014,4848.469552586705,0.15612958470101326,1.9135602742051303,0.38525135832314344,1.2894865831347615
98,0,620,6110.000000000002,4848.469552586705,0.13757670900528043,1.9572483894384332,0.21367530040714738,0.793530205006007
98,4,700,6910.000000000002,4848.469552586705,0.1584130155558727,1.6816004290319868,0.1869133391428489,0.7016598484206517
98,6,264,2550.0000000000755,4848.469552586705,0.09604681033252462,0.1346167723471964,0.02458366405030228,1.9013606088574748
98,1,62,530.1310020508638,4848.469552586705,0.1374339945768517,1.647455574814112,2.070758020095928,9.145795159743393
99,4,315,3060.0000000000014,4723.428687465387,0.1584130155558727,1.6117473441792132,0.39411572289106256,1.543604146230518
99,1,93,840.0049979958054,4723.428687465387,0.1374339945768517,0.7448670705861709,0.5756366507803964,5.623095932447028
99,3,700,6910.000000000002,4723.428687465387,0.15612958470101326,1.8196031436679367,0.1941964106460429,0.6835642094740066
99,5,700,6910.000000000002,4723.428687465387,0.15812758669901528,1.6553815845142836,0.17893078941765933,0.6835642094740066
99,2,700,6910.000000000002,4723.428687465387,0.156272299129442,1.9359191941380782,0.2067990517387575,0.6835642094740066
99,0,434,4250.000000000002,4723.428687465387,0.13757670900528043,0.7775040049220017,0.11888196749452126,1.111394985285973
99,6,308,2990.000000000002,4723.428687465387,0.09604681033252462,0.35081085646037674,0.05322824488397086,1.5797420359416001
100,6,440,4310.000000000002,5338.471528471529,0.09604681033252462,0.4107003916477168,0.048859354430678244,1.2386244845641594
100,2,560,5510.000000000002,5338.471528471529,0.156272299129442,2.5580757569122703,0.38731180622759664,0.9688696058931993
100,4,350,3410.000000000001,5338.471528471529,0.1584130155558727,1.5938857427245787,0.39528524091998335,1.5655341725722955
100,3,525,5160.000000000001,5338.471528471529,0.15612958470101326,1.94981517067387,0.3149530938391673,1.034587505517738
100,5,665,6560.000000000001,5338.471528471529,0.15812758669901528,1.5288182579908207,0.19673271934251532,0.813791391535294
100,1,620,6110.000000000002,5338.471528471529,0.1374339945768517,0.588512148741787,0.07066841043594187,0.8737269277367475
100,0,620,6110.000000000002,5338.471528471529,0.13757670900528043,1.1485060131753753,0.13805556267807345,0.8737269277367475
101,6,440,4310.000000000002,4167.9420579837115,0.09604681033252462,0.29695429766375936,0.027581441769893973,0.9670399206458723
101,1,186,1770.0000002775555,4167.9420579837115,0.1374339945768517,0.8708586875265166,0.28183197540094806,2.354769523915329
101,3,315,3060.0000000000014,4167.9420579837115,0.15612958470101326,1.6719796919668997,0.3555629076431681,1.3620725679685326
101,0,403,3940.000000000001,4167.9420579837115,0.13757670900528043,1.1268333232264716,0.16399478926459654,1.0578533142090636
101,2,700,6910.000000000002,4167.9420579837115,0.156272299129442,1.789790166737902,0.1687049186796101,0.6031754063652258
101,4,210,2010.0000000221403,4167.9420579837115,0.1584130155558727,1.802763364542764,0.5921819974497315,2.0736030138994037
101,5,700,6910.000000000002,4167.9420579837115,0.15812758669901528,1.6735828852845338,0.1596241120171919,0.6031754063652258
102,5,350,3410.000000000001,5412.282003710577,0.15812758669901528,1.4650246732346062,0.36768729195919725,1.5871794732289077
102,1,527,5180.000000000002,5412.282003710577,0.1374339945768517,0.9057270286041393,0.13005952248502914,1.0448420856584122
102,2,560,5510.000000000002,5412.282003710577,0.156272299129442,1.7984706220270623,0.2760667916234701,0.9822653364266016
102,4,700,6910.000000000002,5412.282003710577,0.1584130155558727,1.4322321287358426,0.17770786242488806,0.7832535461230934
102,3,700,6910.000000000002,5412.282003710577,0.15612958470101326,2.7984092188305345,0.3422148073216659,0.7832535461230934
102,0,527,5180.000000000002,5412.282003710577,0.13757670900528043,1.8042369187285399,0.25935172388176536,1.0448420856584122
102,6,440,4310.000000000002,5412.282003710577,0.09604681033252462,0.37547792270943947,0.045286681757259487,1.2557498848516413
103,6,220,2110.0000000077202,5132.263450973714,0.09604681033252462,0.4082342757894673,0.09537156270339558,2.43235234642414
103,3,175,1660.0000008844675,5132.263450973714,0.15612958470101326,1.7159544775037896,0.828307931779594,3.0917249688187853
103,5,630,6210.000000000002,5132.263450973714,0.15812758669901528,1.3978809971167148,0.18268175932065606,0.82645144138063
103,0,620,6110.000000000002,5132.263450973714,0.13757670900528043,2.842646277498021,0.32850007249387936,0.8399776515505257
103,2,700,6910.000000000002,5132.263450973714,0.156272299129442,1.7633574994875767,0.2046695643400311,0.7427298771307832
103,4,595,5860.000000000002,5132.263450973714,0.1584130155558727,1.6476151014773723,0.2285903806312891,0.8758128755927836
103,1,620,6110.000000000002,5132.263450973714,0.1374339945768517,2.4674823815222178,0.284849827886202,0.8399776515505257
104,1,341,3320.0000000000014,4088.8145159651917,0.1374339945768517,1.2689237557331228,0.21477761906024945,1.2315706373389126
104,4,700,6910.000000000002,4088.8145159651917,0.1584130155558727,1.9231391101946667,0.18026894775851832,0.5917242425419957
104,0,589,5800.000000000002,4088.8145159651917,0.13757670900528043,2.9896255692399674,0.28995535364920666,0.7049680199939984
104,6,440,4310.000000000002,4088.8145159651917,0.09604681033252462,0.387523386597935,0.03531026713331756,0.9486808621728979
104,3,700,6910.000000000002,4088.8145159651917,0.15612958470101326,2.4703563136707185,0.22822549908036435,0.5917242425419957
104,2,70,610.0563920873398,4088.8145159651917,0.156272299129442,1.5302895566339592,1.6028136927569046,6.70235501012472
104,5,105,960.0014115816389,4088.8145159651917,0.15812758669901528,1.7107865985466715,1.1522030502056189,4.259175524782525
105,6,286,2770.000000000008,4388.333121709738,0.09604681033252462,0.4373243761244342,0.06654362424930532,1.5842357840107313
105,4,700,6910.000000000002,4388.333121709738,0.1584130155558727,1.8493246649556865,0.18604823902213105,0.6350699163111052
105,1,248,2390.0000000004047,4388.333121709738,0.1374339945768517,2.014373035343163,0.5083183125175096,1.8361226450665251
105,0,124,1150.0001906837483,4388.333121709738,0.13757670900528043,1.9561133423420556,1.0269294465776846,3.815941212236317
105,5,700,6910.000000000002,4388.333121709738,0.15812758669901528,1.5953485997300085,0.1602082139436383,0.6350699163111052
105,3,245,2360.000000000555,4388.333121709738,0.15612958470101326,1.1817662926945605,0.3430870990873163,1.8594631871647063
105,2,700,6910.000000000002,4388.333121709738,0.156272299129442,1.9430407756305013,0.19283481994173776,0.6350699163111052
106,2,315,3060.0000000000014,4163.3718173555235,0.156272299129442,1.9289809598069292,0.41014149883178225,1.3605790252795822
106,0,620,6110.000000000002,4163.3718173555235,0.13757670900528043,1.9969143890004193,0.1872010802767018,0.6814029160974668
106,3,700,6910.000000000002,4163.3718173555235,0.15612958470101326,1.9428247319157748,0.18276203222045395,0.602514011194721
106,5,490,4810.000000000001,4163.3718173555235,0.15812758669901528,1.8229561535888448,0.2495077199525244,0.8655658663940796
106,1,620,6110.000000000002,4163.3718173555235,0.1374339945768517,0.7029775648183386,0.0658323900387376,0.6814029160974668
106,6,22,138.8629381196525,4163.3718173555235,0.09604681033252462,0.5002008378954109,1.440410271626259,29.981879065299026
106,4,105,960.0014115816389,4163.3718173555235,0.1584130155558727,1.6362182218797499,1.1241012031284208,4.3368392662008795
107,6,440,4310.000000000002,4422.06103795544,0.09604681033252462,0.010989339620452388,0.0010829340388671743,1.0260002408249276
107,1,589,5800.000000000002,4422.06103795544,0.1374339945768517,2.487623498838655,0.26066070141971526,0.7624243168888687
107,2,420,4110.000000000002,4422.06103795544,0.156272299129442,2.7038881375799013,0.45462533402222605,1.0759272598431724
107,4,700,6910.000000000002,4422.06103795544,0.1584130155558727,2.003596178748044,0.20311768660531776,0.6399509461585295
107,5,700,6910.000000000002,4422.06103795544,0.15812758669901528,2.007707716435294,0.20316777131992897,0.6399509461585295
107,3,70,610.0563920873398,4422.06103795544,0.15612958470101326,2.4285096959882932,2.748399096998733,7.248610284739625
107,0,217,2080.00000001059,4422.06103795544,0.13757670900528043,2.7237183839485732,0.7966517536020323,2.125990883621599
108,2,595,5860.000000000002,4583.246758911959,0.156272299129442,1.2702349335534917,0.1552535995399295,0.7821240202921429
108,1,217,2080.00000001059,4583.246758911959,0.1374339945768517,1.7699811606771876,0.5360097857158529,2.2034840186964537
108,5,140,1310.0000353340838,4583.246758911959,0.15812758669901528,2.0173305100492085,1.1160576594480218,3.4986615536564565
108,4,700,6910.000000000002,4583.246758911959,0.1584130155558727,1.6808175608170834,0.1766064784525025,0.6632773891334237
108,0,620,6110.000000000002,4583.246758911959,0.13757670900528043,1.7639873402256954,0.18204234032267713,0.7501222191345266
108,3,700,6910.000000000002,4583.246758911959,0.15612958470101326,0.8257788450931305,0.08551536426348426,0.6632773891334237
108,6,176,1670.0000007960207,4583.246758911959,0.09604681033252462,0.6064370934932204,0.1598547232584982,2.744459135764858
109,3,700,6910.000000000002,4886.611959469901,0.15612958470101326,1.701697866164673,0.18788731706085812,0.7071797336425325
109,1,620,6110.000000000002,4886.611959469901,0.1374339945768517,1.1261646181825216,0.12378348096503655,0.7997728247904909
109,0,248,2390.0000000004047,4886.611959469901,0.13757670900528043,1.6510500851387329,0.46442449435916117,2.0446075144222067
109,5,315,3060.0000000000014,4886.611959469901,0.15812758669901528,1.1264670802473817,0.2844543466321205,1.5969320128986597
109,6,220,2110.0000000077202,4886.611959469901,0.09604681033252462,0.3656553545843745,0.08133552654174063,2.315929838602854
109,2,700,6910.000000000002,4886.611959469901,0.156272299129442,1.5065814848824595,0.16649624133623434,0.7071797336425325
109,4,560,5510.000000000002,4886.611959469901,0.1584130155558727,1.5245937890402785,0.21419102156780495,0.8868624245861887
110,5,700,6910.000000000002,4298.401899050166,0.15812758669901528,2.3169642641667725,0.22790610053959715,0.6220552675904726
110,2,105,960.0014115816389,4298.401899050166,0.156272299129442,1.5470516202683466,1.0824851680785332,4.477495394479041
110,0,341,3320.0000000000014,4298.401899050166,0.13757670900528043,1.399161111594484,0.24921924611985666,1.2946993671837845
110,4,700,6910.000000000002,4298.401899050166,0.1584130155558727,1.412194194712029,0.13915994717086433,0.6220552675904726
110,3,700,6910.000000000002,4298.401899050166,0.15612958470101326,1.6059721439410806,0.15597399091278327,0.6220552675904726
110,6,110,1010.0008335248422,4298.401899050166,0.09604681033252462,0.35036917669634843,0.1432168530544329,4.255839952180041
110,1,248,2390.0000000004047,4298.401899050166,0.1374339945768517,3.0648355560366283,0.7575485399413155,1.7984945184307273
111,4,700,6910.000000000002,5334.231482802914,0.1584130155558727,1.5991912005668316,0.19556226726517906,0.7719582464258918
111,3,455,4460.000000000002,5334.231482802914,0.15612958470101326,1.4740107196429661,0.2752471596007799,1.196016027534285
111,1,527,5180.000000000002,5334.231482802914,0.1374339945768517,1.0489398974662127,0.1484522802162243,1.0297744175295196
111,5,350,3410.000000000001,5334.231482802914,0.15812758669901528,1.917597017562394,0.4743320471614938,1.564290757420209
111,6,396,3870.0000000000014,5334.231482802914,0.09604681033252462,0.3001460749924655,0.03973530111502491,1.378354388321166
111,0,620,6110.000000000002,5334.231482802914,0.13757670900528043,1.010273239825992,0.12134291227867368,0.8730329759088237
111,2,700,6910.000000000002,5334.231482802914,0.156272299129442,1.456321077231736,0.17568429801471386,0.7719582464258918
112,4,70,610.0563920873398,4693.177193551728,0.1584130155558727,1.4249996389280073,1.7366111503276178,7.693021914734436
112,5,630,6210.000000000002,4693.177193551728,0.15812758669901528,1.6292373028090874,0.1947006221864055,0.7557451197345776
112,1,620,6110.000000000002,4693.177193551728,0.1374339945768517,1.0690183831105846,0.11285091493457111,0.7681141069642761
112,0,434,4250.000000000002,4693.177193551728,0.13757670900528043,1.0773759702190744,0.1636779672209996,1.1042769867180533
112,3,455,4460.000000000002,4693.177193551728,0.15612958470101326,1.449647774865823,0.23816601527868403,1.0522818819622703
112,2,700,6910.000000000002,4693.177193551728,0.156272299129442,1.383597211695989,0.14685224290899812,0.6791862798193526
112,6,440,4310.000000000002,4693.177193551728,0.09604681033252462,0.29269280205204473,0.030611504185767312,1.0889042212416997
113,3,175,1660.0000008844675,4247.739403591784,0.15612958470101326,2.131843936098996,0.8517073398569607,2.558879157426831
113,1,620,6110.000000000002,4247.739403591784,0.1374339945768517,1.6918747147110682,0.16165123407406046,0.6952110316844162
113,2,280,2710.0000000000146,4247.739403591784,0.156272299129442,1.9776368368909796,0.4844144827377021,1.5674315142405024
113,4,490,4810.000000000001,4247.739403591784,0.1584130155558727,0.6812124290220521,0.09529853257643812,0.8831059051126369
113,6,440,4310.000000000002,4247.739403591784,0.09604681033252462,0.5413825975179436,0.051246927588351324,0.9855543859841722
113,0,341,3320.0000000000014,4247.739403591784,0.13757670900528043,1.9552795693735818,0.34417043461181485,1.2794395793951152
113,5,700,6910.000000000002,4247.739403591784,0.15812758669901528,2.3423865023016157,0.22769108022944726,0.614723502690562
114,5,700,6910.000000000002,4741.809312353782,0.15812758669901528,2.1283953975139704,0.23095426774720754,0.6862242130758004
114,6,66,570.0859504455718,4741.809312353782,0.09604681033252462,0.4116988306821834,0.3289018583690042,8.317709476347636
114,0,155,1460.0000072749747,4741.809312353782,0.13757670900528043,1.4638743174482978,0.6540936533043917,3.247814581319187
114,3,700,6910.000000000002,4741.809312353782,0.15612958470101326,1.6985793108744414,0.18198561988598594,0.6862242130758004
114,4,700,6910.000000000002,4741.809312353782,0.1584130155558727,1.7206323519153595,0.18704451772104014,0.6862242130758004
114,1,310,3010.0000000000014,4741.809312353782,0.1374339945768517,1.7573185764788688,0.38047161267129426,1.5753519310145447
114,2,525,5160.000000000001,4741.809312353782,0.156272299129442,1.4878430275493277,0.21366505521258033,0.918955293091818
115,1,31,223.43368382029254,3790.533277678585,0.1374339945768517,0.9118979395677455,2.126141046329273,16.964914210192706
115,0,620,6110.000000000002,3790.533277678585,0.13757670900528043,0.8045276075849374,0.06866650948454903,0.6203818785071332
115,4,700,6910.000000000002,3790.533277678585,0.1584130155558727,1.9640815326108538,0.17067607221129688,0.548557637869549
115,2,700,6910.000000000002,3790.533277678585,0.156272299129442,1.914022855660669,0.1640783905950981,0.548557637869549
115,6,242,2330.000000000761,3790.533277678585,0.09604681033252462,0.21772461738416796,0.0340200443511574,1.6268383165997198
115,5,140,1310.0000353340838,3790.533277678585,0.15812758669901528,1.4837615339049637,0.6788921034391917,2.8935367751435983
115,3,210,2010.0000000221403,3790.533277678585,0.15612958470101326,1.4233167865464018,0.4190743038455107,1.8858374515606129
116,2,700,6910.000000000002,4852.861504347404,0.156272299129442,2.004469087551052,0.219989126119607,0.7022954420184374
116,0,279,2700.0000000000164,4852.861504347404,0.13757670900528043,0.7275950074307473,0.1799155744484425,1.7973561127212498
116,1,279,2700.0000000000164,4852.861504347404,0.1374339945768517,0.43665051296511287,0.10786046228949457,1.7973561127212498
116,3,700,6910.000000000002,4852.861504347404,0.15612958470101326,2.032607173221452,0.22287353845656374,0.7022954420184374
116,6,110,1010.0008335248422,4852.861504347404,0.09604681033252462,0.636341679188508,0.29366316919275876,4.804809405365745
116,4,490,4810.000000000001,4852.861504347404,0.1584130155558727,1.9697008599314,0.3148066925900824,1.0089109156647407
116,5,700,6910.000000000002,4852.861504347404,0.15812758669901528,1.7276960955264065,0.1918645964227231,0.7022954420184374
117,2,175,1660.0000008844675,5351.384330093977,0.156272299129442,1.7491251534334071,0.8811725126039293,3.223725498338974
117,1,527,5180.000000000002,5351.384330093977,0.1374339945768517,0.6657569130727876,0.09452490232094111,1.03308577801042
117,6,440,4310.000000000002,5351.384330093977,0.09604681033252462,0.26727054878196066,0.03187299866635523,1.2416204942213398
117,0,558,5490.000000000002,5351.384330093977,0.13757670900528043,0.732414197949132,0.09821899118341383,0.9747512440972632
117,5,665,6560.000000000001,5351.384330093977,0.15812758669901528,2.446146078483087,0.3155384840598179,0.8157598064167647
117,3,700,6910.000000000002,5351.384330093977,0.15612958470101326,2.018239809142576,0.2440316003323754,0.7744405687545551
117,4,700,6910.000000000002,5351.384330093977,0.1584130155558727,1.4452477417385077,0.1773051114948707,0.7744405687545551
118,1,620,6110.000000000002,4322.674688983444,0.1374339945768517,1.1067876773065786,0.10761426099870108,0.7074753991789595
118,2,105,960.0014115816389,4322.674688983444,0.156272299129442,1.6950072175216202,1.1927082821200108,4.5027795134818325
118,4,210,2010.0000000221403,4322.674688983444,0.1584130155558727,1.5528848499617973,0.5290376858177763,2.150584422356134
118,6,242,2330.000000000761,4322.674688983444,0.09604681033252462,0.22670846256498603,0.04039683222031673,1.8552251884043058
118,5,560,5510.000000000002,4322.674688983444,0.15812758669901528,1.78217479796115,0.22108480512652645,0.7845144626104251
118,3,700,6910.000000000002,4322.674688983444,0.15612958470101326,1.6993452677894234,0.16597448765721234,0.6255679723565041
118,0,620,6110.000000000002,4322.674688983444,0.13757670900528043,2.489300425517538,0.24228893035242996,0.7074753991789595
119,3,700,6910.000000000002,4319.770917381602,0.15612958470101326,1.3711532038837502,0.1338301165518856,0.6251477449177425
119,4,700,6910.000000000002,4319.770917381602,0.1584130155558727,1.601319897815739,0.15858117461719357,0.6251477449177425
119,5,210,2010.0000000221403,4319.770917381602,0.15812758669901528,1.5667956375409213,0.5324571403811708,2.1491397598676714
119,6,440,4310.000000000002,4319.770917381602,0.09604681033252462,0.3356277421612412,0.03230905414928235,1.0022670341952669
119,1,248,2390.0000000004047,4319.770917381602,0.1374339945768517,1.503488942284821,0.3734712913272457,1.807435530284883
119,0,93,840.0049979958054,4319.770917381602,0.13757670900528043,1.3876295046020501,0.9817418125636705,5.142553827284695
119,2,630,6210.000000000002,4319.770917381602,0.156272299129442,1.3410022085391664,0.14577418125808458,0.6956152846025122
120,5,700,6910.000000000002,3978.110684580596,0.15812758669901528,2.8082090937572977,0.255644173755887,0.5757034275804045
120,6,440,4310.000000000002,3978.110684580596,0.09604681033252462,0.32060427245526135,0.028421817381675655,0.922995518464175
120,3,455,4460.000000000002,3978.110684580596,0.15612958470101326,1.7270545346128106,0.24051006719463328,0.8919530682916131
120,4,105,960.0014115816389,3978.110684580596,0.1584130155558727,1.7719109230825276,1.1631553901160252,4.14385920331774
120,2,245,2360.000000000555,3978.110684580596,0.156272299129442,2.027004349780737,0.5339511692544536,1.685640120584602
120,1,310,3010.0000000000014,3978.110684580596,0.1374339945768517,0.532416921213985,0.0967066604749945,1.321631456671294
120,0,620,6110.000000000002,3978.110684580596,0.13757670900528043,0.9127261523091093,0.08175626886294698,0.651081945103207
121,0,620,6110.000000000002,3858.1539329085504,0.13757670900528043,1.7370000510137997,0.15089786270458833,0.6314490888557364
121,6,440,4310.000000000002,3858.1539329085504,0.09604681033252462,0.2705264183539178,0.023259207355337087,0.8951633255008233
121,1,620,6110.000000000002,3858.1539329085504,0.1374339945768517,1.1567965087679932,0.10038977475371534,0.6314490888557364
121,4,560,5510.000000000002,3858.1539329085504,0.1584130155558727,1.463284316760126,0.16231084231442244,0.700209425210263
121,2,385,3760.0000000000014,3858.1539329085504,0.156272299129442,1.724344500094971,0.2765016607112511,1.0261047693905716
121,3,35,262.252839954494,3858.1539329085504,0.15612958470101326,1.5802040799425396,3.6295913775021345,14.711581135129045
121,5,175,1660.0000008844675,3858.1539329085504,0.15812758669901528,1.8193754688755797,0.6686539900348446,2.324189114971615
122,4,700,6910.000000000002,4571.611245897135,0.1584130155558727,2.6586315588678753,0.27863794724752855,0.6615935232846792
122,2,245,2360.000000000555,4571.611245897135,0.156272299129442,1.1332927192289273,0.3430689313973196,1.9371234092779914
122,1,620,6110.000000000002,4571.611245897135,0.1374339945768517,2.0019390243987916,0.20586053507196106,0.7482178798522313
122,3,245,2360.000000000555,4571.611245897135,0.15612958470101326,0.3329868778107801,0.10070930833918647,1.9371234092779914
122,5,700,6910.000000000002,4571.611245897135,0.15812758669901528,2.852786297497825,0.2984476253768723,0.6615935232846792
122,0,341,3320.0000000000014,4571.611245897135,0.13757670900528043,2.1828128341616315,0.41351629090056236,1.3769913391256425
122,6,374,3650.000000000001,4571.611245897135,0.09604681033252462,0.5281539170542742,0.0635360014660944,1.2524962317526394
123,4,700,6910.000000000002,5159.6461482749,0.1584130155558727,2.414388979526607,0.28558801146142515,0.7466926408502024
123,5,525,5160.000000000001,5159.6461482749,0.15812758669901528,2.1781505698377774,0.34440207376823345,0.9999314240842828
123,3,700,6910.000000000002,5159.6461482749,0.15612958470101326,0.5552468542607968,0.06473112908310938,0.7466926408502024
123,2,315,3060.0000000000014,5159.6461482749,0.156272299129442,0.8494875485183699,0.22383990415297686,1.6861588719852607
123,6,110,1010.0008335248422,5159.6461482749,0.09604681033252462,0.660557830702276,0.3241096623116103,5.108556326897321
123,0,558,5490.000000000002,5159.6461482749,0.13757670900528043,1.8650406819944467,0.24114640946522653,0.939826256516375
123,1,620,6110.000000000002,5159.6461482749,0.1374339945768517,2.2443310383555723,0.2604712495733736,0.8444592714034204
124,2,700,6910.000000000002,4960.005972791179,0.156272299129442,1.3010949896162332,0.14594699526302488,0.7178011538048015
124,5,700,6910.000000000002,4960.005972791179,0.15812758669901528,2.313881200591451,0.2626351516870808,0.7178011538048015
124,6,88,790.008464149783,4960.005972791179,0.09604681033252462,0.21419645220369762,0.1291652458941227,6.278421305433986
124,1,62,530.1310020508638,4960.005972791179,0.1374339945768517,1.5016674855387238,1.9309318405861842,9.356189231723686
124,3,700,6910.000000000002,4960.005972791179,0.15612958470101326,1.0032985158432677,0.11243966069894948,0.7178011538048015
124,0,589,5800.000000000002,4960.005972791179,0.13757670900528043,1.3570996972680571,0.15966542300985334,0.8551734435846858
124,4,490,4810.000000000001,4960.005972791179,0.1584130155558727,2.182272966418592,0.35648154969306317,1.031186272929559
125,6,440,4310.000000000002,4292.316947589667,0.09604681033252462,0.44104300175072525,0.0421869759091918,0.9958972036170916
125,3,455,4460.000000000002,4292.316947589667,0.15612958470101326,2.152975777629458,0.32350520502455393,0.96240290304701
125,5,595,5860.000000000002,4292.316947589667,0.15812758669901528,1.9190534283710468,0.22227410799223257,0.732477294810523
125,0,620,6110.000000000002,4292.316947589667,0.13757670900528043,0.7805757374508976,0.07544153863287119,0.7025068653992905
125,2,140,1310.0000353340838,4292.316947589667,0.156272299129442,1.9015095562324387,0.9736457886835224,3.276577734209767
125,4,700,6910.000000000002,4292.316947589667,0.1584130155558727,2.114893310603458,0.2081100533410446,0.621174666800241
125,1,93,840.0049979958054,4292.316947589667,0.1374339945768517,0.33232403089513957,0.23338117903932493,5.109870724377643
126,0,124,1150.0001906837483,4226.929688952294,0.13757670900528043,1.6729664237043915,0.8459783573727905,3.6755904244147257
126,1,589,5800.000000000002,4226.929688952294,0.1374339945768517,0.6327866809059647,0.06337945922028926,0.7287809808538436
126,5,35,262.252839954494,4226.929688952294,0.15812758669901528,1.5817548760909257,4.031360616448652,16.117765167712765
126,3,420,4110.000000000002,4226.929688952294,0.15612958470101326,2.5853237278612524,0.4151292535483078,1.0284500459737937
126,6,440,4310.000000000002,4226.929688952294,0.09604681033252462,0.33498317640754266,0.03155394736357053,0.9807261459286061
126,2,700,6910.000000000002,4226.929688952294,0.156272299129442,1.9390205181973983,0.185358020488145,0.6117119665632841
126,4,700,6910.000000000002,4226.929688952294,0.1584130155558727,1.9565337612671714,0.189594259651055,0.6117119665632841
127,0,620,6110.000000000002,4177.540539803854,0.13757670900528043,3.0661956428563863,0.2884192488214708,0.6837218559417108
127,4,525,5160.000000000001,4177.540539803854,0.1584130155558727,1.1089027093869552,0.14221823264526706,0.8096008798069483
127,3,700,6910.000000000002,4177.540539803854,0.15612958470101326,2.7720371573133873,0.2616536983206192,0.6045644775403549
127,1,93,840.0049979958054,4177.540539803854,0.1374339945768517,2.5087110775565087,1.7146821234650775,4.973232956674282
127,6,440,4310.000000000002,4177.540539803854,0.09604681033252462,0.9364236941038655,0.08717636247356712,0.9692669465902208
127,2,70,610.0563920873398,4177.540539803854,0.156272299129442,2.7682445365236235,2.962355288954975,6.84779406295569
127,5,525,5160.000000000001,4177.540539803854,0.15812758669901528,0.4496467609791518,0.05756388324910818,0.8096008798069483
128,4,700,6910.000000000002,4075.2204995554534,0.1584130155558727,2.6150486414087477,0.24431138041598585,0.5897569463900799
128,3,175,1660.0000008844675,4075.2204995554534,0.15612958470101326,1.1074096891194922,0.42445978277549334,2.4549521068579088
128,0,620,6110.000000000002,4075.2204995554534,0.13757670900528043,1.4813300488268535,0.13592728769125548,0.6669755318421362
128,5,140,1310.0000353340838,4075.2204995554534,0.15812758669901528,2.0089192366101565,0.9882115492638345,3.1108552592643
128,2,700,6910.000000000002,4075.2204995554534,0.156272299129442,1.2446385789225927,0.11470921952230927,0.5897569463900799
128,6,374,3650.000000000001,4075.2204995554534,0.09604681033252462,0.43636034559811027,0.0467936014283819,1.1164987670014939
128,1,186,1770.0000002775555,4075.2204995554534,0.1374339945768517,4.495310897397763,1.4224327684187346,2.302384462664641
129,1,589,5800.000000000002,5593.275296132528,0.1374339945768517,0.9594434702217427,0.12716036416799797,0.9643578096780218
129,4,700,6910.000000000002,5593.275296132528,0.1584130155558727,2.7600161920119373,0.35390821140641066,0.8094464972695407
129,3,700,6910.000000000002,5593.275296132528,0.15612958470101326,1.2847732080785312,0.162367769278296,0.8094464972695407
129,2,700,6910.000000000002,5593.275296132528,0.156272299129442,1.8201001929163358,0.23023187238335077,0.8094464972695407
129,6,396,3870.0000000000014,5593.275296132528,0.09604681033252462,0.4390599597691348,0.060948358080933955,1.4452907741944512
129,0,589,5800.000000000002,5593.275296132528,0.13757670900528043,1.1109360721092112,0.14739141453013388,0.9643578096780218
129,5,245,2360.000000000555,5593.275296132528,0.15812758669901528,1.5070885722949583,0.5648077043291423,2.3700319051403445
130,3,490,4810.000000000001,4897.170287572157,0.15612958470101326,1.378341629414081,0.21909991401581275,1.018122720908972
130,6,44,350.8727963568088,4897.170287572157,0.09604681033252462,0.4295981973678513,0.57589181340352,13.957110207518445
130,2,700,6910.000000000002,4897.170287572157,0.156272299129442,1.4492042762576003,0.16050137858690403,0.7087077116602251
130,5,630,6210.000000000002,4897.170287572157,0.15812758669901528,1.8864581722031755,0.23523851478414531,0.7885942492064663
130,4,700,6910.000000000002,4897.170287572157,0.1584130155558727,1.3680291982605248,0.15358662127412354,0.7087077116602251
130,1,93,840.0049979958054,4897.170287572157,0.1374339945768517,1.0010939616818932,0.8021070752892309,5.829929940008061
130,0,620,6110.000000000002,4897.170287572157,0.13757670900528043,1.111636711539922,0.12257779163674593,0.8015008653964247
131,0,217,2080.00000001059,4659.753104040279,0.13757670900528043,0.9681160123119745,0.2983814987248859,2.240265915392574
131,5,700,6910.000000000002,4659.753104040279,0.15812758669901528,2.051114555195742,0.21871693855389251,0.6743492191085786
131,6,308,2990.000000000002,4659.753104040279,0.09604681033252462,0.12198546827276306,0.01825924274782127,1.5584458541940724
131,1,620,6110.000000000002,4659.753104040279,0.1374339945768517,1.0441109915302331,0.10943658526876418,0.7626437158822058
131,3,280,2710.0000000000146,4659.753104040279,0.15612958470101326,1.6099971723120565,0.43221907862131476,1.7194660900517542
131,2,700,6910.000000000002,4659.753104040279,0.156272299129442,1.8343826756765267,0.19331110386088254,0.6743492191085786
131,4,420,4110.000000000002,4659.753104040279,0.1584130155558727,1.748109523776531,0.3139645285329293,1.1337598793285346
132,1,155,1460.0000072749747,4539.67200746988,0.1374339945768517,0.8223953659562859,0.3514361578518843,3.1093643731844742
132,6,440,4310.000000000002,4539.67200746988,0.09604681033252462,0.1766153603715293,0.01786728745212871,1.0532881687865145
132,2,70,610.0563920873398,4539.67200746988,0.156272299129442,1.5898966227532343,1.8488657728210736,7.44139733039622
132,3,700,6910.000000000002,4539.67200746988,0.15612958470101326,1.3981681078784496,0.14341382693084828,0.6569713469565671
132,0,620,6110.000000000002,4539.67200746988,0.13757670900528043,1.8514960445686934,0.1892565726046876,0.7429905085875415
132,4,595,5860.000000000002,4539.67200746988,0.1584130155558727,1.7987964383893726,0.22074950599685428,0.7746880558822318
132,5,630,6210.000000000002,4539.67200746988,0.15812758669901528,1.4383709329279977,0.16626905058854866,0.7310260881594007
133,0,465,4560.000000000002,4378.77730772673,0.13757670900528043,3.435192415379355,0.4538203858383822,0.9602581815190194
133,3,700,6910.000000000002,4378.77730772673,0.15612958470101326,1.0536416427870092,0.10424445008800098,0.6336870199315092
133,2,210,2010.0000000221403,4378.77730772673,0.156272299129442,0.8807978496590468,0.29985759174934956,2.178496172974377
133,5,700,6910.000000000002,4378.77730772673,0.15812758669901528,1.9429600891241494,0.19469120540959323,0.6336870199315092
133,4,70,610.0563920873398,4378.77730772673,0.1584130155558727,1.9965615496631821,2.270159864122783,7.177659909020075
133,6,352,3430.000000000001,4378.77730772673,0.09604681033252462,0.3079624231735229,0.037760645837347256,1.2766114599786382
133,1,620,6110.000000000002,4378.77730772673,0.1374339945768517,2.463690768514724,0.24265654758854094,0.7166574971729507
134,4,700,6910.000000000002,4431.78220577323,0.1584130155558727,0.8806068247159355,0.08946914153088979,0.6413577721813646
134,1,248,2390.0000000004047,4431.78220577323,0.1374339945768517,1.5893843772696388,0.405045319382808,1.854302178147481
134,6,66,570.0859504455718,4431.78220577323,0.09604681033252462,0.37822496620005835,0.2824042386095773,7.773884275361296
134,3,700,6910.000000000002,4431.78220577323,0.15612958470101326,1.753814698781031,0.17561809914426593,0.6413577721813646
134,5,700,6910.000000000002,4431.78220577323,0.15812758669901528,1.0309931030361297,0.1045595643192444,0.6413577721813646
134,2,490,4810.000000000001,4431.78220577323,0.156272299129442,1.8209052609749805,0.2621818873053473,0.9213684419486963
134,0,31,223.43368382029254,4431.78220577323,0.13757670900528043,1.4183299606583044,3.870365295798897,19.834888500239327
135,5,280,2710.0000000000146,5290.67789353504,0.15812758669901528,2.80809952533091,0.8668863603617238,1.9522796655110746
135,6,440,4310.000000000002,5290.67789353504,0.09604681033252462,0.3583341961611684,0.04224791235333561,1.22753547413806
135,1,620,6110.000000000002,5290.67789353504,0.1374339945768517,1.1214187989082385,0.133454159115928,0.865904728892805
135,0,589,5800.000000000002,5290.67789353504,0.13757670900528043,0.48644032305598356,0.061046084393993866,0.9121858437129376
135,3,700,6910.000000000002,5290.67789353504,0.15612958470101326,2.537877996134163,0.3033815872288928,0.7656552667923356
135,4,455,4460.000000000002,5290.67789353504,0.1584130155558727,2.71911413033526,0.5109692450884636,1.1862506487746722
135,2,665,6560.000000000001,5290.67789353504,0.156272299129442,2.9732997655526834,0.3747383848252452,0.8065057764535122
136,1,620,6110.000000000002,4185.976110594377,0.1374339945768517,0.8846570535592109,0.08329609647901226,0.6851024730923692
136,0,620,6110.000000000002,4185.976110594377,0.13757670900528043,0.5606128240183076,0.052840081607489514,0.6851024730923692
136,3,35,262.252839954494,4185.976110594377,0.15612958470101326,1.9710914714639411,4.912115036088662,15.961604500911129
136,6,440,4310.000000000002,4185.976110594377,0.09604681033252462,0.33860954441375757,0.03158650812541163,0.9712241555903424
136,2,560,5510.000000000002,4185.976110594377,0.156272299129442,2.141547810084713,0.254246464712829,0.7597052832294693
136,4,210,2010.0000000221403,4185.976110594377,0.1584130155558727,2.0358263418309988,0.6716333900402136,2.082575179377248
136,5,560,5510.000000000002,4185.976110594377,0.15812758669901528,2.630845495107926,0.3160444244283268,0.7597052832294693
137,4,560,5510.000000000002,5571.335807050094,0.1584130155558727,2.573171288527246,0.41216137983261303,1.0111317254174397
137,1,620,6110.000000000002,5571.335807050094,0.1374339945768517,2.2892105877594915,0.28687852627887717,0.911838920957462
137,0,620,6110.000000000002,5571.335807050094,0.13757670900528043,2.2680205236858813,0.2845181802617577,0.911838920957462
137,3,700,6910.000000000002,5571.335807050094,0.15612958470101326,0.7595537040569709,0.09561476875773398,0.8062714626700569
137,6,396,3870.0000000000014,5571.335807050094,0.09604681033252462,0.839839762483781,0.11612554099398774,1.4396216555684993
137,5,525,5160.000000000001,5571.335807050094,0.15812758669901528,2.4621028721652,0.4203620216081543,1.0797162416763748
137,2,490,4810.000000000001,5571.335807050094,0.156272299129442,0.8392040539020749,0.1519021197526625,1.158281872567587
138,0,434,4250.000000000002,4418.393035675752,0.13757670900528043,1.926298129800057,0.2755141033976248,1.0396218907472352
138,2,385,3760.0000000000014,4418.393035675752,0.156272299129442,0.8082434001125487,0.1484228167788158,1.1751045307648271
138,1,620,6110.000000000002,4418.393035675752,0.1374339945768517,1.7435331717012956,0.17327963303593796,0.7231412497014321
138,5,175,1660.0000008844675,4418.393035675752,0.15812758669901528,2.0178149119962208,0.8492689134844262,2.661682550193723
138,3,700,6910.000000000002,4418.393035675752,0.15612958470101326,0.6474966890164362,0.06464114711714627,0.6394201209371564
138,4,420,4110.000000000002,4418.393035675752,0.1584130155558727,2.532668422005655,0.4313121780682613,1.075034801867579
138,6,440,4310.000000000002,4418.393035675752,0.09604681033252462,0.5304933232209369,0.05223359826202733,1.025149196212471
139,3,35,262.252839954494,3762.6631000390826,0.15612958470101326,0.9740675311949434,2.1819731700590177,14.347463694547516
139,0,310,3010.0000000000014,3762.6631000390826,0.13757670900528043,1.585329638384815,0.2726423611417479,1.2500541860594954
139,4,700,6910.000000000002,3762.6631000390826,0.1584130155558727,1.5967260585279157,0.13773317576853894,0.5445243270678845
139,6,88,790.008464149783,3762.6631000390826,0.09604681033252462,0.35286017666902714,0.1614169674637197,4.762813654266993
139,1,620,6110.000000000002,3762.6631000390826,0.1374339945768517,1.7045657510462349,0.14426535603487334,0.6158204746381475
139,5,700,6910.000000000002,3762.6631000390826,0.15812758669901528,1.700804409503738,0.1464466032863562,0.5445243270678845
139,2,140,1310.0000353340838,3762.6631000390826,0.156272299129442,1.9757539988637007,0.8868269821791885,2.87226183095446
140,0,620,6110.000000000002,4449.641047311265,0.13757670900528043,2.3699613644127666,0.23744878414543302,0.7282554905583082
140,1,93,840.0049979958054,4449.641047311265,0.1374339945768517,1.9649258980605635,1.4304854807642489,5.297160204912833
140,5,315,3060.0000000000014,4449.641047311265,0.15812758669901528,2.5603890888234613,0.5887313491588788,1.4541310612128309
140,3,700,6910.000000000002,4449.641047311265,0.15612958470101326,0.8044106168240656,0.0808741871828314,0.6439422644444665
140,4,700,6910.000000000002,4449.641047311265,0.1584130155558727,2.630911004643546,0.2683761690836385,0.6439422644444665
140,2,455,4460.000000000002,4449.641047311265,0.156272299129442,0.7751514293667764,0.12085334433989085,0.9976773648679962
140,6,154,1450.0000080833054,4449.641047311265,0.09604681033252462,0.6737943878833482,0.1985945423362224,3.0687179465557795
141,6,330,3210.000000000001,5191.0261168784955,0.09604681033252462,0.2343926337372501,0.03640617792015649,1.6171420924855122
141,2,700,6910.000000000002,5191.0261168784955,0.156272299129442,1.4982939494972614,0.1758952833345781,0.7512338808796662
141,1,465,4560.000000000002,5191.0261168784955,0.1374339945768517,1.122457099644181,0.1756112329685812,1.1383829203680906
141,3,175,1660.0000008844675,5191.0261168784955,0.15612958470101326,2.256823425564908,1.1018637898015227,3.127124165128106
141,4,630,6210.000000000002,5191.0261168784955,0.1584130155558727,1.9595240600639696,0.2594795137094944,0.8359140284828492
141,5,700,6910.000000000002,5191.0261168784955,0.15812758669901528,2.292776356372556,0.2723607390391153,0.7512338808796662
141,0,620,6110.000000000002,5191.0261168784955,0.13757670900528043,1.3458165556619746,0.1573050939933551,0.8495951091454164
142,6,440,4310.000000000002,4250.757289086988,0.09604681033252462,0.31400224884997563,0.029744367838449973,0.9862545914354957
142,4,700,6910.000000000002,4250.757289086988,0.1584130155558727,2.0050062309799643,0.19538663289601096,0.6151602444409532
142,2,595,5860.000000000002,4250.757289086988,0.156272299129442,1.3072551581292087,0.14818732484885064,0.725385202915868
142,0,62,530.1310020508638,4250.757289086988,0.13757670900528043,1.2370219282295905,1.3646001679359996,8.018314855465
142,5,700,6910.000000000002,4250.757289086988,0.15812758669901528,1.8757627749923937,0.182462582188203,0.6151602444409532
142,1,341,3320.0000000000014,4250.757289086988,0.1374339945768517,1.3376654607151985,0.23538018920914347,1.280348581050297
142,3,140,1310.0000353340838,4250.757289086988,0.15612958470101326,1.0716157623115692,0.542899320802463,3.2448528049107535
143,2,350,3410.000000000001,4402.307697905072,0.156272299129442,1.7171912689997264,0.3464389299351966,1.2909993248988478
143,6,440,4310.000000000002,4402.307697905072,0.09604681033252462,0.3916673817482939,0.03842407979427229,1.021417099281919
143,0,620,6110.000000000002,4402.307697905072,0.13757670900528043,0.6820102747987777,0.06760440858688468,0.7205086248617137
143,4,140,1310.0000353340838,4402.307697905072,0.1584130155558727,2.059777065433785,1.0965291117896627,3.360540136766004
143,1,620,6110.000000000002,4402.307697905072,0.1374339945768517,0.7751720507719629,0.07675938016906274,0.7205086248617137
143,3,455,4460.000000000002,4402.307697905072,0.15612958470101326,1.2521098350912403,0.1929626109193634,0.9870645062567422
143,5,560,5510.000000000002,4402.307697905072,0.15812758669901528,1.9008632435989241,0.24015261010900077,0.7989669143203395
144,4,700,6910.000000000002,4512.172120196375,0.1584130155558727,1.4171482384341823,0.14659317561763052,0.6529916237621379
144,3,700,6910.000000000002,4512.172120196375,0.15612958470101326,1.416121832877766,0.14437547744182658,0.6529916237621379
144,1,496,4870.000000000001,4512.172120196375,0.1374339945768517,1.1201450224851692,0.1426346758790066,0.9265240493216373
144,0,155,1460.0000072749747,4512.172120196375,0.13757670900528043,0.9723647797702374,0.41343471087299816,3.090528834049901
144,2,700,6910.000000000002,4512.172120196375,0.156272299129442,1.877190010647975,0.191556920467187,0.6529916237621379
144,6,198,1890.0000000783903,4512.172120196375,0.09604681033252462,0.3796278757826321,0.08704922223641931,2.3873926560895375
144,5,140,1310.0000353340838,4512.172120196375,0.15812758669901528,1.513979030608595,0.824597195317504,3.444406105718657
145,4,700,6910.000000000002,4453.978138728124,0.1584130155558727,1.4003654102199348,0.14298888180083713,0.6445699187739685
145,6,440,4310.000000000002,4453.978138728124,0.09604681033252462,0.31864685874901877,0.03162739329391239,1.0334056006329748
145,3,315,3060.0000000000014,4453.978138728124,0.15612958470101326,1.6696432963074588,0.3794333997889484,1.4555484113490593
145,2,700,6910.000000000002,4453.978138728124,0.156272299129442,1.6915501626059248,0.17038718056939184,0.6445699187739685
145,5,525,5160.000000000001,4453.978138728124,0.15812758669901528,1.2659148436433612,0.17278678130561267,0.863174057893047
145,0,93,840.0049979958054,4453.978138728124,0.13757670900528043,1.7562485141289996,1.2811414931551302,5.302323378259667
145,1,341,3320.0000000000014,4453.978138728124,0.1374339945768517,2.846626662569974,0.5248493694778367,1.3415596803397958
146,6,88,790.008464149783,4931.525003053709,0.09604681033252462,0.3617329233483438,0.2168804870575629,6.242369831266401
146,1,620,6110.000000000002,4931.525003053709,0.1374339945768517,0.7974480943517508,0.08845789966273293,0.8071235684212288
146,5,210,2010.0000000221403,4931.525003053709,0.15812758669901528,1.597008670941641,0.6195838642776642,2.4534950263678548
146,2,700,6910.000000000002,4931.525003053709,0.156272299129442,1.8443787985488762,0.2057004846581949,0.7136794505142847
146,4,700,6910.000000000002,4931.525003053709,0.1584130155558727,1.54113867408836,0.17423514946761245,0.7136794505142847
146,3,665,6560.000000000001,4931.525003053709,0.15612958470101326,1.5105879165110927,0.17729994907240573,0.7517568602216019
146,0,372,3630.000000000001,4931.525003053709,0.13757670900528043,0.5577869064553836,0.10425282835387827,1.3585468327971646
147,4,455,4460.000000000002,5504.0373919566255,0.1584130155558727,1.2780045818835246,0.2498444974760818,1.2340891013355657
147,6,154,1450.0000080833054,5504.0373919566255,0.09604681033252462,0.2727752332764975,0.09944919076969862,3.7958878353609
147,5,700,6910.000000000002,5504.0373919566255,0.15812758669901528,1.3755971918158771,0.173261572520261,0.7965321840747647
147,2,560,5510.000000000002,5504.0373919566255,0.156272299129442,3.18289621545792,0.49686025315453003,0.9989178569794235
147,0,620,6110.000000000002,5504.0373919566255,0.13757670900528043,0.8720287374229619,0.10807266947786338,0.900824450402066
147,1,620,6110.000000000002,5504.0373919566255,0.1374339945768517,1.0412476794240622,0.1289105263184347,0.900824450402066
147,3,665,6560.000000000001,5504.0373919566255,0.15612958470101326,1.7476818150120346,0.22894180794426244,0.8390300902372904
148,2,700,6910.000000000002,4339.235093946486,0.156272299129442,1.6342920763876054,0.16037874461952445,0.6279645577346578
148,5,700,6910.000000000002,4339.235093946486,0.15812758669901528,2.0715935216997847,0.20570617084394,0.6279645577346578
148,3,35,262.252839954494,4339.235093946486,0.15612958470101326,1.2188667533347688,3.148722706116347,16.545998490233426
148,4,350,3410.000000000001,4339.235093946486,0.1584130155558727,1.3874224998241693,0.27967805824332664,1.2725029601016085
148,6,88,790.008464149783,4339.235093946486,0.09604681033252462,0.15970111512997362,0.08425046980481374,5.492643801755245
148,0,496,4870.000000000001,4339.235093946486,0.13757670900528043,0.8458512022366403,0.1036867128484886,0.8910133663134466
148,1,620,6110.000000000002,4339.235093946486,0.1374339945768517,0.8812399635553687,0.08601225295942815,0.7101857764233199
149,2,700,6910.000000000002,4806.603115237477,0.156272299129442,2.141099480394996,0.23274430548957803,0.695601029701516
149,5,595,5860.000000000002,4806.603115237477,0.15812758669901528,2.8461464827154175,0.369152266009667,0.8202394394603201
149,3,700,6910.000000000002,4806.603115237477,0.15612958470101326,0.2743361009062545,0.029793970437635285,0.695601029701516
149,4,700,6910.000000000002,4806.603115237477,0.1584130155558727,2.444378126571816,0.26935154208987755,0.695601029701516
149,1,310,3010.0000000000014,4806.603115237477,0.1374339945768517,2.3354150971302525,0.5125426629579752,1.5968781113745765
149,0,124,1150.0001906837483,4806.603115237477,0.13757670900528043,2.5825478016276344,1.4850245606905688,4.179654189778565
149,6,66,570.0859504455718,4806.603115237477,0.09604681033252462,0.995440693044623,0.8061136268491054,8.431365676492637
150,5,385,3760.0000000000014,4373.37376922824,0.15812758669901528,1.7777674316000194,0.32697258403024565,1.163131321603255
150,4,175,1660.0000008844675,4373.37376922824,0.1584130155558727,2.1889645872310215,0.9135621638031614,2.6345625101795513
150,3,700,6910.000000000002,4373.37376922824,0.15612958470101326,1.4996907821921126,0.1481922442184412,0.6329050317262285
150,0,620,6110.000000000002,4373.37376922824,0.13757670900528043,1.1591551988068731,0.11414631333252133,0.7157731209866185
150,2,350,3410.000000000001,4373.37376922824,0.156272299129442,1.8018098247975267,0.3611213532288164,1.282514301826463
150,6,242,2330.000000000761,4373.37376922824,0.09604681033252462,0.17242289851958717,0.031084119008921402,1.8769844503119366
150,1,620,6110.000000000002,4373.37376922824,0.1374339945768517,2.2592827637276667,0.2222491682046801,0.7157731209866185
