{
  "description": "Multi-seed centralised baseline (3 seeds; 42, 123, 456)",
  "n_seeds": 3,
  "seeds": [
    42,
    123,
    456
  ],
  "test": {
    "macro_f1_mean": 0.5615881751469315,
    "macro_f1_sd": 0.0061457565096185406,
    "balanced_accuracy_mean": 0.5557501168083507,
    "balanced_accuracy_sd": 0.009940548250177667,
    "accuracy_mean": 0.7709060681629261,
    "accuracy_sd": 0.007059309641084655,
    "per_seed": {
      "42": {
        "macro_f1": 0.5552430603211466,
        "balanced_accuracy": 0.5446615697381106,
        "accuracy": 0.7670822942643392,
        "per_class_f1": [
          0.4329896907216495,
          0.5478260869565217,
          0.5757575757575758,
          0.32,
          0.415,
          0.8914243651085756,
          0.7037037037037037
        ]
      },
      "123": {
        "macro_f1": 0.5675129973474529,
        "balanced_accuracy": 0.5587258124456033,
        "accuracy": 0.7790523690773067,
        "per_class_f1": [
          0.46153846153846156,
          0.6,
          0.5326633165829145,
          0.34285714285714286,
          0.4728132387706856,
          0.8960521550162984,
          0.6666666666666666
        ]
      },
      "456": {
        "macro_f1": 0.5620084677721948,
        "balanced_accuracy": 0.5638629682413382,
        "accuracy": 0.7665835411471321,
        "per_class_f1": [
          0.42,
          0.5263157894736842,
          0.5688073394495413,
          0.391304347826087,
          0.4777327935222672,
          0.8936490041337843,
          0.65625
        ]
      }
    }
  },
  "federation_tax": {
    "vs_fedavg": {
      "fedavg_mean": 0.4814,
      "tax_macroF1": 0.0801881751469315,
      "pct_of_centralised": 85.72117813450197
    },
    "vs_fedprox": {
      "fedprox_mean": 0.5081,
      "tax_macroF1": 0.053488175146931494,
      "pct_of_centralised": 90.47555174520242
    },
    "fedprox_closes_pct_of_gap": 33.2966799045828
  }
}